FileName,LocationX,LocationY,LocationZ,RotationRoll,RotationPitch,RotationYaw,GazeHitX,GazeHitY,GazeHitZ,GazeConfidence,Frame,Timestamp,RoomX_m,RoomY_m
BiancaGolden_CircleTurns,-200.0000,0.0000,30.0000,0.0000,0.0000,0.0000,0.0000,0.0000,0.0000,0.0000,0,0.016667,0.0000,0.0000
BiancaGolden_CircleTurns,-200.0000,0.0000,30.0000,0.0000,0.0000,0.0000,0.0000,0.0000,0.0000,0.0000,0,0.416667,0.0000,0.0000
BiancaGolden_CircleTurns,-200.0000,0.0000,30.0000,0.0000,0.0000,0.0000,0.0000,0.0000,0.0000,0.0000,1,0.474928,0.0000,0.0000
BiancaGolden_CircleTurns,-200.0000,0.0000,30.0000,0.0000,0.0000,0.0000,0.0000,0.0000,0.0000,0.0000,2,0.487489,0.0000,0.0000
BiancaGolden_CircleTurns,-200.0000,0.0000,30.0000,0.0000,0.0000,0.0000,0.0000,0.0000,0.0000,0.0000,2,0.499728,0.0000,0.0000
BiancaGolden_CircleTurns,-200.0000,0.0000,30.0000,0.0000,0.0000,0.0000,0.0000,0.0000,0.0000,0.0000,3,0.513897,0.0000,0.0000
BiancaGolden_CircleTurns,-200.0000,0.0000,30.0000,0.0000,0.0000,0.0000,0.0000,0.0000,0.0000,0.0000,3,0.527404,0.0000,0.0000
BiancaGolden_CircleTurns,-200.0000,0.0000,30.0000,0.0000,0.0000,0.0000,0.0000,0.0000,0.0000,0.0000,4,0.542359,0.0000,0.0000
BiancaGolden_CircleTurns,-200.0000,0.0000,30.0000,0.0000,0.0000,0.0000,0.0000,0.0000,0.0000,0.0000,4,0.555747,0.0000,0.0000
BiancaGolden_CircleTurns,-200.0000,0.0000,30.0000,0.0000,0.0000,0.0000,0.0000,0.0000,0.0000,0.0000,4,0.571775,0.0000,0.0000
BiancaGolden_CircleTurns,-200.0000,0.0000,30.0000,0.0000,0.0000,0.0000,0.0000,0.0000,0.0000,0.0000,5,0.585086,0.0000,0.0000
BiancaGolden_CircleTurns,-200.0000,0.0000,30.0000,0.0000,0.0000,0.0000,0.0000,0.0000,0.0000,0.0000,5,0.598229,0.0000,0.0000
BiancaGolden_CircleTurns,-200.0000,0.0000,30.0000,0.0000,0.0000,0.0000,0.0000,0.0000,0.0000,0.0000,6,0.624789,0.0000,0.0000
BiancaGolden_CircleTurns,-200.0000,0.0000,30.0000,0.0000,0.0000,0.0000,0.0000,0.0000,0.0000,0.0000,6,0.636212,0.0000,0.0000
BiancaGolden_CircleTurns,-200.0000,0.0000,30.0000,0.0000,0.0000,0.0000,0.0000,0.0000,0.0000,0.0000,7,0.654238,0.0000,0.0000
BiancaGolden_CircleTurns,-200.0000,0.0000,30.0000,0.0000,0.0000,0.0000,0.0000,0.0000,0.0000,0.0000,7,0.664050,0.0000,0.0000
BiancaGolden_CircleTurns,-200.0000,0.0000,30.0000,0.0000,0.0000,0.0000,0.0000,0.0000,0.0000,0.0000,8,0.682841,0.0000,0.0000
BiancaGolden_CircleTurns,-200.0000,0.0000,30.0000,0.0000,0.0000,0.0000,0.0000,0.0000,0.0000,0.0000,8,0.693079,0.0000,0.0000
BiancaGolden_CircleTurns,-200.0000,0.0000,30.0000,0.0000,0.0000,0.0000,0.0000,0.0000,0.0000,0.0000,9,0.709064,0.0000,0.0000
BiancaGolden_CircleTurns,-200.0000,0.0000,30.0000,0.0000,0.0000,0.0000,0.0000,0.0000,0.0000,0.0000,9,0.720124,0.0000,0.0000
BiancaGolden_CircleTurns,-200.0000,0.0000,30.0000,0.0000,0.0000,0.0000,0.0000,0.0000,0.0000,0.0000,9,0.734594,0.0000,0.0000
BiancaGolden_CircleTurns,-200.0000,0.0000,30.0000,0.0000,0.0000,0.0000,0.0000,0.0000,0.0000,0.0000,10,0.748100,0.0000,0.0000
BiancaGolden_CircleTurns,-200.0000,0.0000,30.0000,0.0000,0.0000,0.0000,0.0000,0.0000,0.0000,0.0000,10,0.761559,0.0000,0.0000
BiancaGolden_CircleTurns,-200.0000,0.0000,30.0000,0.0000,0.0000,0.0000,0.0000,0.0000,0.0000,0.0000,11,0.776202,0.0000,0.0000
BiancaGolden_CircleTurns,-200.0000,0.0000,30.0000,0.0000,0.0000,0.0000,0.0000,0.0000,0.0000,0.0000,11,0.789864,0.0000,0.0000
BiancaGolden_CircleTurns,-200.0000,0.0000,30.0000,0.0000,0.0000,0.0000,0.0000,0.0000,0.0000,0.0000,11,0.804487,0.0000,0.0000
BiancaGolden_CircleTurns,-200.0000,0.0000,30.0000,0.0000,0.0000,0.0000,0.0000,0.0000,0.0000,0.0000,12,0.817523,0.0000,0.0000
BiancaGolden_CircleTurns,-200.0000,0.0000,30.0000,0.0000,0.0000,0.0000,0.0000,0.0000,0.0000,0.0000,12,0.830523,0.0000,0.0000
BiancaGolden_CircleTurns,-200.0000,0.0000,30.0000,0.0000,0.0000,0.0000,0.0000,0.0000,0.0000,0.0000,13,0.845171,0.0000,0.0000
BiancaGolden_CircleTurns,-200.0000,0.0000,30.0000,0.0000,0.0000,0.0000,0.0000,0.0000,0.0000,0.0000,13,0.859686,0.0000,0.0000
BiancaGolden_CircleTurns,-200.0000,0.0000,30.0000,0.0000,0.0000,0.0000,0.0000,0.0000,0.0000,0.0000,13,0.873635,0.0000,0.0000
BiancaGolden_CircleTurns,-200.0000,0.0000,30.0000,0.0000,0.0000,0.0000,0.0000,0.0000,0.0000,0.0000,14,0.887198,0.0000,0.0000
BiancaGolden_CircleTurns,-200.0000,0.0000,30.0000,0.0000,0.0000,0.0000,0.0000,0.0000,0.0000,0.0000,14,0.900085,0.0000,0.0000
BiancaGolden_CircleTurns,-200.0000,0.0000,30.0000,0.0000,0.0000,0.0000,0.0000,0.0000,0.0000,0.0000,15,0.915270,0.0000,0.0000
BiancaGolden_CircleTurns,-200.0000,0.0000,30.0000,0.0000,0.0000,0.0000,0.0000,0.0000,0.0000,0.0000,15,0.929273,0.0000,0.0000
BiancaGolden_CircleTurns,-200.0000,0.0000,30.0000,0.0000,0.0000,0.0000,0.0000,0.0000,0.0000,0.0000,16,0.942946,0.0000,0.0000
BiancaGolden_CircleTurns,-200.0000,0.0000,30.0000,0.0000,0.0000,0.0000,0.0000,0.0000,0.0000,0.0000,16,0.956109,0.0000,0.0000
BiancaGolden_CircleTurns,-200.0000,0.0000,30.0000,0.0000,0.0000,0.0000,0.0000,0.0000,0.0000,0.0000,16,0.970707,0.0000,0.0000
BiancaGolden_CircleTurns,-200.0000,0.0000,30.0000,0.0000,0.0000,0.0000,0.0000,0.0000,0.0000,0.0000,17,0.984125,0.0000,0.0000
BiancaGolden_CircleTurns,-200.0000,0.0000,30.0000,0.0000,0.0000,0.0000,0.0000,0.0000,0.0000,0.0000,17,0.997322,0.0000,0.0000
BiancaGolden_CircleTurns,-200.0000,0.0000,30.0000,0.0000,0.0000,0.0000,0.0000,0.0000,0.0000,0.0000,18,1.012405,0.0000,0.0000
BiancaGolden_CircleTurns,-200.0000,0.0000,30.0000,0.0000,0.0000,0.0000,0.0000,0.0000,0.0000,0.0000,18,1.025641,0.0000,0.0000
BiancaGolden_CircleTurns,-200.0000,0.0000,30.0000,0.0000,0.0000,0.0000,0.0000,0.0000,0.0000,0.0000,18,1.039937,0.0000,0.0000
BiancaGolden_CircleTurns,-200.0000,0.0000,30.0000,0.0000,0.0000,0.0000,0.0000,0.0000,0.0000,0.0000,19,1.054850,0.0000,0.0000
BiancaGolden_CircleTurns,-200.0000,0.0000,30.0000,0.0000,0.0000,0.0000,0.0000,0.0000,0.0000,0.0000,19,1.066454,0.0000,0.0000
BiancaGolden_CircleTurns,-200.0000,0.0000,30.0000,0.0000,0.0000,0.0000,0.0000,0.0000,0.0000,0.0000,20,1.081704,0.0000,0.0000
BiancaGolden_CircleTurns,-200.0000,0.0000,30.0000,0.0000,0.0000,0.0000,0.0000,0.0000,0.0000,0.0000,20,1.094968,0.0000,0.0000
BiancaGolden_CircleTurns,-200.0000,0.0000,30.0000,0.0000,0.0000,0.0000,0.0000,0.0000,0.0000,0.0000,21,1.109113,0.0000,0.0000
BiancaGolden_CircleTurns,-200.0000,0.0000,30.0000,0.0000,0.0000,0.0000,0.0000,0.0000,0.0000,0.0000,21,1.122823,0.0000,0.0000
BiancaGolden_CircleTurns,-200.0000,0.0000,30.0000,0.0000,0.0000,0.0000,0.0000,0.0000,0.0000,0.0000,21,1.137511,0.0000,0.0000
BiancaGolden_CircleTurns,-200.0000,0.0000,30.0000,0.0000,0.0000,0.0000,0.9246,-0.1074,-0.3655,0.9980,22,1.151672,0.0000,0.0000
BiancaGolden_CircleTurns,-198.0545,1.8864,205.1202,2.2567,-0.3906,1.2876,0.9245,-0.1073,-0.3659,0.9980,22,1.168700,0.0195,0.0189
BiancaGolden_CircleTurns,-198.0432,1.8986,205.1164,2.2660,-0.4147,1.2898,0.9240,-0.1071,-0.3670,0.9980,23,1.179298,0.0196,0.0190
BiancaGolden_CircleTurns,-198.0204,1.9087,205.1069,2.2916,-0.4897,1.3112,0.9237,-0.1069,-0.3679,0.9980,23,1.207474,0.0198,0.0191
BiancaGolden_CircleTurns,-197.9855,1.9447,205.0957,2.2879,-0.5448,1.3266,0.9237,-0.1067,-0.3679,0.9980,24,1.236179,0.0201,0.0194
BiancaGolden_CircleTurns,-197.9629,1.9741,205.0897,2.3054,-0.5450,1.3454,0.9242,-0.1007,-0.3684,0.9980,25,1.264528,0.0204,0.0197
BiancaGolden_CircleTurns,-197.9392,2.0017,205.0845,2.3406,-0.5553,1.3680,0.9828,0.0459,-0.1790,0.9980,25,1.292810,0.0206,0.0200
BiancaGolden_CircleTurns,-197.9177,2.0215,205.0815,2.3646,-0.5787,1.4018,0.9829,0.0435,-0.1788,0.9980,26,1.320509,0.0208,0.0202
BiancaGolden_CircleTurns,-197.8919,2.0279,205.0755,2.3836,-0.6217,1.4361,0.9827,0.0473,-0.1792,0.9980,26,1.347825,0.0211,0.0203
BiancaGolden_CircleTurns,-197.8651,2.0359,205.0686,2.4169,-0.6390,1.4794,0.9820,0.0408,-0.1842,0.9980,27,1.375458,0.0213,0.0204
BiancaGolden_CircleTurns,-197.8348,2.0452,205.0578,2.4367,-0.6564,1.5272,0.9727,0.0049,-0.2322,0.9980,27,1.402851,0.0217,0.0205
BiancaGolden_CircleTurns,-197.8012,2.0441,205.0502,2.4525,-0.6874,1.5779,0.9726,0.0019,-0.2326,0.9980,28,1.430212,0.0220,0.0204
BiancaGolden_CircleTurns,-197.7579,2.0230,205.0392,2.4696,-0.7027,1.6293,0.9723,0.0026,-0.2338,0.9980,28,1.457929,0.0224,0.0202
BiancaGolden_CircleTurns,-197.7091,1.9957,205.0250,2.4455,-0.7732,1.6646,0.9723,-0.0013,-0.2336,0.9980,29,1.486088,0.0229,0.0200
BiancaGolden_CircleTurns,-197.6556,1.9605,205.0012,2.4357,-0.9009,1.6592,0.9721,-0.0013,-0.2347,0.9980,29,1.514493,0.0234,0.0196
BiancaGolden_CircleTurns,-197.5846,1.8901,204.9886,2.3788,-0.9907,1.6447,0.9710,-0.0004,-0.2393,0.9980,30,1.542355,0.0242,0.0189
BiancaGolden_CircleTurns,-197.5075,1.8384,204.9744,2.3188,-1.0547,1.6301,0.9715,-0.0027,-0.2372,0.9980,30,1.570555,0.0249,0.0184
BiancaGolden_CircleTurns,-197.4326,1.7785,204.9537,2.2677,-1.1037,1.5791,0.9711,-0.0034,-0.2386,0.9980,31,1.598111,0.0257,0.0178
BiancaGolden_CircleTurns,-197.3492,1.7035,204.9477,2.2987,-1.1923,1.5415,0.9581,0.0241,-0.2853,0.9980,31,1.626138,0.0265,0.0170
BiancaGolden_CircleTurns,-197.2521,1.6397,204.9202,2.2136,-1.2621,1.5028,0.9570,0.0253,-0.2890,0.9980,32,1.654361,0.0275,0.0164
BiancaGolden_CircleTurns,-197.1634,1.5715,204.8685,2.2066,-1.4559,1.4652,0.9564,0.0248,-0.2911,0.9980,32,1.685863,0.0284,0.0157
BiancaGolden_CircleTurns,-197.0583,1.5060,204.8306,2.2071,-1.7204,1.4291,0.9549,0.0243,-0.2961,0.9980,33,1.710159,0.0294,0.0151
BiancaGolden_CircleTurns,-196.9315,1.4235,204.7701,2.1562,-2.0176,1.4100,0.9534,0.0235,-0.3009,0.9980,33,1.736863,0.0307,0.0142
BiancaGolden_CircleTurns,-196.7848,1.3089,204.6467,2.0253,-2.5486,1.3203,0.9481,0.0175,-0.3176,0.9980,34,1.764514,0.0322,0.0131
BiancaGolden_CircleTurns,-196.6063,1.1898,204.4531,1.8333,-3.6161,1.1074,0.9250,0.0896,-0.3692,0.9980,34,1.792371,0.0339,0.0119
BiancaGolden_CircleTurns,-196.4260,1.0603,204.2065,1.7523,-5.0703,0.9318,0.9178,0.0536,-0.3935,0.9980,35,1.820320,0.0357,0.0106
BiancaGolden_CircleTurns,-196.2154,0.9030,204.0077,1.6272,-6.3314,0.7212,0.9289,0.0356,-0.3685,0.9980,35,1.848667,0.0378,0.0090
BiancaGolden_CircleTurns,-196.0066,0.7365,203.9223,1.5524,-6.9463,0.4632,0.9421,0.0515,-0.3314,0.9980,36,1.877187,0.0399,0.0074
BiancaGolden_CircleTurns,-195.8584,0.5527,204.0845,1.5918,-6.3240,0.3248,0.9726,0.0512,-0.2266,0.9980,36,1.904385,0.0414,0.0055
BiancaGolden_CircleTurns,-195.7220,0.3667,204.7090,1.5812,-3.2908,0.2019,0.9956,-0.0028,-0.0937,0.9980,37,1.933562,0.0428,0.0037
BiancaGolden_CircleTurns,-195.7139,0.1696,205.5674,1.2415,1.6714,0.0833,0.9999,-0.0139,-0.0013,0.9980,37,1.961088,0.0429,0.0017
BiancaGolden_CircleTurns,-195.7905,-0.0289,206.3838,1.0429,6.8094,0.2615,0.9973,0.0514,0.0517,0.9980,38,1.982571,0.0421,-0.0003
BiancaGolden_CircleTurns,-195.9794,-0.1314,206.3520,0.9589,8.4226,0.5083,0.9974,0.0558,0.0457,0.9980,38,2.017683,0.0402,-0.0013
BiancaGolden_CircleTurns,-196.1822,-0.4405,206.6310,0.7531,11.1547,0.7874,0.9571,-0.0062,-0.2896,0.9980,39,2.045626,0.0382,-0.0044
BiancaGolden_CircleTurns,-196.2663,-0.6824,206.5321,0.6623,10.4869,0.9060,0.9444,-0.0073,-0.3288,0.9980,39,2.073625,0.0373,-0.0068
BiancaGolden_CircleTurns,-196.2657,-0.9877,206.3503,0.6196,8.9049,0.8688,0.9125,-0.0115,-0.4089,0.9980,40,2.101151,0.0373,-0.0099
BiancaGolden_CircleTurns,-196.1707,-1.3123,206.1216,0.6353,6.7280,0.6689,0.8890,-0.0234,-0.4572,0.9980,40,2.128807,0.0383,-0.0131
BiancaGolden_CircleTurns,-195.9775,-1.6860,205.7570,0.9204,4.1291,0.4677,0.8713,-0.0352,-0.4896,0.9980,41,2.156274,0.0402,-0.0169
BiancaGolden_CircleTurns,-195.7146,-2.0900,205.2988,1.0104,1.2819,0.1412,0.8480,-0.0400,-0.5286,0.9980,41,2.184515,0.0429,-0.0209
BiancaGolden_CircleTurns,-195.4319,-2.5488,204.8262,1.0363,-1.7138,-0.3358,0.8499,-0.0276,-0.5261,0.9980,42,2.212342,0.0457,-0.0255
BiancaGolden_CircleTurns,-195.2103,-3.0050,204.2158,1.0530,-4.8318,-0.8832,0.8817,0.0350,-0.4706,0.9980,42,2.240508,0.0479,-0.0301
BiancaGolden_CircleTurns,-195.1016,-3.4900,203.5312,1.0358,-7.8479,-1.4099,0.8681,-0.0082,-0.4964,0.9980,43,2.268386,0.0490,-0.0349
BiancaGolden_CircleTurns,-195.1056,-3.9760,203.3073,0.9370,-9.2717,-2.1361,0.8872,0.0114,-0.4612,0.9980,43,2.296532,0.0489,-0.0398
BiancaGolden_CircleTurns,-194.9058,-4.3772,203.6950,0.6590,-7.9647,-2.9536,0.9473,0.0534,-0.3159,0.9980,44,2.324165,0.0509,-0.0438
BiancaGolden_CircleTurns,-194.8704,-4.6365,203.6604,0.4806,-5.8124,-3.4111,0.9580,0.0801,-0.2755,0.9980,44,2.352323,0.0513,-0.0464
BiancaGolden_CircleTurns,-194.9771,-4.6863,203.5264,0.0162,-4.6304,-3.7879,0.9454,0.0679,-0.3188,0.9980,45,2.380061,0.0502,-0.0469
BiancaGolden_CircleTurns,-195.0381,-4.6058,203.4904,-0.1918,-4.2291,-3.9725,0.9536,0.0601,-0.2951,0.9980,45,2.408077,0.0496,-0.0461
BiancaGolden_CircleTurns,-195.0312,-4.6541,203.4709,-0.2356,-4.4623,-4.1188,0.9508,0.0517,-0.3055,0.9980,46,2.435981,0.0497,-0.0465
BiancaGolden_CircleTurns,-194.9901,-4.0832,203.4944,-0.3965,-5.1116,-4.5991,0.9407,0.0335,-0.3375,0.9980,46,2.463497,0.0501,-0.0408
BiancaGolden_CircleTurns,-194.8253,-3.7395,203.4631,-0.3565,-5.7595,-5.7727,0.9362,0.0013,-0.3515,0.9980,47,2.491609,0.0517,-0.0374
BiancaGolden_CircleTurns,-194.5411,-3.4083,203.4104,0.2476,-6.1044,-7.9443,0.9328,-0.0462,-0.3574,0.9980,47,2.522251,0.0546,-0.0341
BiancaGolden_CircleTurns,-194.2713,-3.0322,203.2197,1.0649,-6.3391,-10.6620,0.9257,-0.0699,-0.3717,0.9980,48,2.547196,0.0573,-0.0303
BiancaGolden_CircleTurns,-193.9945,-2.5698,202.9631,1.6762,-6.7002,-13.7890,0.8983,-0.2157,-0.3827,0.9980,48,2.574209,0.0601,-0.0257
BiancaGolden_CircleTurns,-193.7018,-2.0813,202.6538,2.1355,-7.1142,-17.1295,0.8570,-0.3409,-0.3864,0.9980,49,2.602644,0.0630,-0.0208
BiancaGolden_CircleTurns,-193.3864,-1.5082,202.2992,2.4337,-7.5692,-20.7027,0.8668,-0.4025,-0.2945,0.9980,49,2.630031,0.0661,-0.0151
BiancaGolden_CircleTurns,-193.0335,-0.8036,202.0523,2.6789,-8.0526,-24.1804,0.8455,-0.4292,-0.3176,0.9980,50,2.657904,0.0697,-0.0080
BiancaGolden_CircleTurns,-192.6298,0.0400,201.8586,2.7583,-8.5450,-27.4872,0.8267,-0.4490,-0.3390,0.9980,50,2.686093,0.0737,0.0004
BiancaGolden_CircleTurns,-192.1038,0.9552,201.8630,2.8464,-8.9798,-30.5081,0.7317,-0.5564,-0.3938,0.9980,51,2.714636,0.0790,0.0096
BiancaGolden_CircleTurns,-191.3950,1.8738,202.0286,3.1492,-8.9360,-33.0976,0.6908,-0.5194,-0.5030,0.9980,51,2.742331,0.0861,0.0187
BiancaGolden_CircleTurns,-190.4607,2.9015,202.3634,3.1190,-8.3725,-34.8650,0.6757,-0.5270,-0.5155,0.9980,52,2.769706,0.0954,0.0290
BiancaGolden_CircleTurns,-189.5362,4.0109,202.3125,2.9718,-7.9087,-35.8551,0.6149,-0.6199,-0.4874,0.9980,52,2.797600,0.1046,0.0401
BiancaGolden_CircleTurns,-188.6093,5.1395,201.9616,3.1086,-8.1193,-36.0081,0.6464,-0.6264,-0.4356,0.9980,53,2.825346,0.1139,0.0514
BiancaGolden_CircleTurns,-187.5772,6.3442,201.7234,3.1882,-9.0842,-35.4490,0.6715,-0.5901,-0.4482,0.9980,53,2.853630,0.1242,0.0634
BiancaGolden_CircleTurns,-186.4889,7.6136,201.4389,3.0376,-10.2254,-33.6272,0.8060,-0.3921,-0.4434,0.9980,54,2.881257,0.1351,0.0761
BiancaGolden_CircleTurns,-185.4302,8.9248,201.1418,1.9852,-11.2299,-31.0030,0.8880,-0.1409,-0.4377,0.9980,54,2.909254,0.1457,0.0892
BiancaGolden_CircleTurns,-184.5025,10.1480,200.9167,0.7663,-12.3329,-28.2708,0.9011,-0.0210,-0.4331,0.9980,55,2.936928,0.1550,0.1015
BiancaGolden_CircleTurns,-183.6723,11.2652,200.8495,-0.1824,-13.2741,-25.7755,0.9064,0.0976,-0.4111,0.9980,55,2.965325,0.1633,0.1127
BiancaGolden_CircleTurns,-182.9753,12.2512,200.7997,-0.5932,-13.9367,-23.4695,0.9142,0.0970,-0.3935,0.9980,56,2.993187,0.1702,0.1225
BiancaGolden_CircleTurns,-182.3947,13.1195,200.7697,-0.9718,-14.3779,-21.4505,0.9142,0.0994,-0.3929,0.9980,56,3.021146,0.1761,0.1312
BiancaGolden_CircleTurns,-181.9395,13.8834,200.8170,-1.6880,-14.4942,-19.7835,0.9179,0.0710,-0.3903,0.9980,57,3.048979,0.1806,0.1388
BiancaGolden_CircleTurns,-181.6814,14.5530,200.7932,-2.3564,-14.4324,-18.6559,0.9189,0.0490,-0.3914,0.9980,57,3.077122,0.1832,0.1455
BiancaGolden_CircleTurns,-181.5834,15.0670,200.7685,-2.6239,-14.3894,-17.7514,0.9215,0.0332,-0.3870,0.9980,58,3.104635,0.1842,0.1507
BiancaGolden_CircleTurns,-181.5231,15.4763,200.8330,-3.1000,-14.1701,-17.1670,0.9223,0.0072,-0.3864,0.9980,58,3.132141,0.1848,0.1548
BiancaGolden_CircleTurns,-181.5936,15.7899,200.8609,-3.4471,-13.9378,-16.9430,0.9213,-0.0165,-0.3885,0.9980,59,3.159632,0.1841,0.1579
BiancaGolden_CircleTurns,-181.6976,16.0696,200.8650,-3.6557,-13.9300,-16.6923,0.9236,-0.0204,-0.3829,0.9980,59,3.187737,0.1830,0.1607
BiancaGolden_CircleTurns,-181.8180,16.2425,200.9318,-3.9289,-13.8477,-16.5709,0.9226,-0.0359,-0.3842,0.9980,60,3.216698,0.1818,0.1624
BiancaGolden_CircleTurns,-182.0086,16.3522,200.9593,-3.8843,-13.7364,-16.4432,0.9229,-0.0476,-0.3821,0.9980,60,3.243855,0.1799,0.1635
BiancaGolden_CircleTurns,-182.1851,16.3694,201.0730,-3.7953,-13.5939,-16.3617,0.9243,-0.0502,-0.3784,0.9980,61,3.271213,0.1781,0.1637
BiancaGolden_CircleTurns,-182.3810,16.3274,201.1254,-3.7365,-13.3150,-16.3454,0.9205,-0.0569,-0.3867,0.9980,61,3.299218,0.1762,0.1633
BiancaGolden_CircleTurns,-182.5764,16.2152,201.1799,-3.5810,-13.2287,-16.3258,0.9177,-0.0582,-0.3929,0.9980,62,3.327111,0.1742,0.1622
BiancaGolden_CircleTurns,-182.7602,16.0244,201.2877,-3.1332,-13.2601,-16.1163,0.9182,-0.0535,-0.3925,0.9980,62,3.358027,0.1724,0.1602
BiancaGolden_CircleTurns,-182.9050,15.7649,201.4516,-2.9912,-13.1770,-15.8265,0.9190,-0.0532,-0.3907,0.9980,63,3.383405,0.1709,0.1576
BiancaGolden_CircleTurns,-183.1521,15.4744,201.4107,-3.3170,-12.9288,-15.7555,0.9172,-0.0532,-0.3950,0.9980,63,3.410342,0.1685,0.1547
BiancaGolden_CircleTurns,-183.4197,15.1261,201.3223,-3.3033,-12.8498,-15.6935,0.9145,-0.0611,-0.4000,0.9980,64,3.438386,0.1658,0.1513
BiancaGolden_CircleTurns,-183.6665,14.7876,201.2858,-3.7659,-12.8653,-15.8338,0.9150,-0.0573,-0.3995,0.9980,64,3.466872,0.1633,0.1479
BiancaGolden_CircleTurns,-183.9434,14.4827,201.2131,-4.1818,-12.8778,-15.9873,0.9136,-0.0568,-0.4026,0.9980,65,3.493953,0.1606,0.1448
BiancaGolden_CircleTurns,-184.1748,14.2421,201.1545,-4.5381,-12.9487,-16.0779,0.9139,-0.0611,-0.4012,0.9980,65,3.522256,0.1583,0.1424
BiancaGolden_CircleTurns,-184.3718,13.9980,201.1670,-4.8402,-13.0616,-16.2457,0.9124,-0.0585,-0.4051,0.9980,66,3.549860,0.1563,0.1400
BiancaGolden_CircleTurns,-184.5234,13.7946,201.1934,-4.7940,-13.1439,-16.4171,0.9122,-0.0555,-0.4060,0.9980,66,3.577670,0.1548,0.1379
BiancaGolden_CircleTurns,-184.6463,13.6723,201.1881,-4.7437,-13.1681,-16.3964,0.9122,-0.0542,-0.4062,0.9980,67,3.605356,0.1535,0.1367
BiancaGolden_CircleTurns,-184.7484,13.5746,201.1994,-4.6074,-13.1520,-16.2845,0.9148,-0.0466,-0.4013,0.9980,67,3.633685,0.1525,0.1357
BiancaGolden_CircleTurns,-184.8409,13.5020,201.2149,-4.4052,-13.1026,-16.2643,0.9149,-0.0464,-0.4010,0.9980,68,3.661449,0.1516,0.1350
BiancaGolden_CircleTurns,-184.9167,13.4443,201.2504,-4.1841,-13.0335,-16.2037,0.9145,-0.0510,-0.4013,0.9980,68,3.689591,0.1508,0.1344
BiancaGolden_CircleTurns,-184.9460,13.3839,201.3019,-4.1288,-12.8436,-16.3162,0.9159,-0.0496,-0.3983,0.9980,69,3.717289,0.1505,0.1338
BiancaGolden_CircleTurns,-184.9856,13.3422,201.3273,-3.9467,-12.6533,-16.4436,0.9137,-0.0544,-0.4027,0.9980,69,3.745466,0.1501,0.1334
BiancaGolden_CircleTurns,-185.0144,13.3291,201.3381,-3.7064,-12.5460,-16.4007,0.9143,-0.0533,-0.4015,0.9980,70,3.773410,0.1499,0.1333
BiancaGolden_CircleTurns,-185.0575,13.2992,201.3522,-3.5224,-12.4292,-16.2775,0.9114,-0.0418,-0.4095,0.9980,70,3.801241,0.1494,0.1330
BiancaGolden_CircleTurns,-185.0801,13.2996,201.3572,-3.4458,-12.4239,-16.2057,0.9090,-0.0414,-0.4148,0.9980,71,3.828842,0.1492,0.1330
BiancaGolden_CircleTurns,-185.1045,13.2994,201.3521,-3.2907,-12.4895,-16.1215,0.9092,-0.0402,-0.4143,0.9980,71,3.856813,0.1490,0.1330
BiancaGolden_CircleTurns,-185.1396,13.2844,201.3683,-3.0640,-12.4052,-15.9837,0.9089,-0.0399,-0.4151,0.9980,72,3.870622,0.1486,0.1328
BiancaGolden_CircleTurns,-185.1566,13.2769,201.3838,-2.9458,-12.2969,-15.8620,0.9088,-0.0381,-0.4155,0.9980,72,3.884925,0.1484,0.1328
BiancaGolden_CircleTurns,-185.1834,13.2690,201.3910,-2.8302,-12.1751,-15.6862,0.9090,-0.0357,-0.4152,0.9980,73,3.899039,0.1482,0.1327
BiancaGolden_CircleTurns,-185.2148,13.2535,201.3980,-2.6518,-12.1055,-15.4940,0.9089,-0.0349,-0.4156,0.9980,73,3.914546,0.1479,0.1325
BiancaGolden_CircleTurns,-185.2490,13.2220,201.4114,-2.4518,-12.0433,-15.3174,0.9088,-0.0335,-0.4158,0.9980,74,3.928588,0.1475,0.1322
BiancaGolden_CircleTurns,-185.3334,13.1257,201.4210,-2.3253,-12.0281,-15.2040,0.9090,-0.0321,-0.4156,0.9980,74,3.942150,0.1467,0.1313
BiancaGolden_CircleTurns,-185.4027,13.0550,201.4263,-2.1961,-12.0388,-15.0805,0.9060,-0.0312,-0.4222,0.9980,75,3.956072,0.1460,0.1306
BiancaGolden_CircleTurns,-185.4757,12.9794,201.4465,-2.0636,-12.0487,-14.9705,0.9057,-0.0295,-0.4228,0.9980,75,3.970579,0.1452,0.1298
BiancaGolden_CircleTurns,-185.5702,12.8854,201.4673,-1.9035,-12.0568,-14.8169,0.8765,0.0400,-0.4797,0.9980,76,3.984196,0.1443,0.1289
BiancaGolden_CircleTurns,-185.6831,12.8046,201.4728,-1.8331,-12.0429,-14.6957,0.8761,0.0415,-0.4802,0.9980,76,3.998430,0.1432,0.1280
BiancaGolden_CircleTurns,-185.8132,12.7131,201.4688,-1.7935,-12.0704,-14.5843,0.8841,0.0269,-0.4664,0.9980,77,4.012012,0.1419,0.1271
BiancaGolden_CircleTurns,-185.9689,12.6167,201.4661,-1.7852,-12.1766,-14.4998,0.8831,0.0283,-0.4683,0.9980,77,4.029573,0.1403,0.1262
BiancaGolden_CircleTurns,-186.1288,12.5052,201.4889,-1.7116,-12.2782,-14.4020,0.8967,-0.0021,-0.4426,0.9980,78,4.040526,0.1387,0.1251
BiancaGolden_CircleTurns,-186.2955,12.3915,201.5126,-1.6460,-12.3627,-14.3357,0.9206,-0.0365,-0.3889,0.9980,78,4.054399,0.1370,0.1239
BiancaGolden_CircleTurns,-186.4451,12.2654,201.5528,-1.5129,-12.3474,-14.2219,0.9225,-0.0396,-0.3839,0.9980,78,4.068981,0.1355,0.1227
BiancaGolden_CircleTurns,-186.5873,12.1265,201.6120,-1.4248,-12.2516,-14.0690,0.9239,-0.0378,-0.3807,0.9980,79,4.082128,0.1341,0.1213
BiancaGolden_CircleTurns,-186.7270,11.9831,201.6675,-1.4451,-12.0905,-13.9390,0.9258,-0.0371,-0.3763,0.9980,79,4.095415,0.1327,0.1198
BiancaGolden_CircleTurns,-186.8629,11.8200,201.7072,-1.4944,-11.8212,-13.8816,0.9295,-0.0468,-0.3659,0.9980,80,4.110457,0.1314,0.1182
BiancaGolden_CircleTurns,-187.0361,11.6718,201.7343,-1.5446,-11.5774,-13.8569,0.9299,-0.0537,-0.3638,0.9980,80,4.123363,0.1296,0.1167
BiancaGolden_CircleTurns,-187.2202,11.4995,201.7460,-1.5130,-11.3932,-13.8397,0.9298,-0.0524,-0.3643,0.9980,81,4.137590,0.1278,0.1150
BiancaGolden_CircleTurns,-187.4215,11.3264,201.7645,-1.4181,-11.3090,-13.7404,0.9296,-0.0527,-0.3647,0.9980,81,4.151432,0.1258,0.1133
BiancaGolden_CircleTurns,-187.6147,11.1737,201.8016,-1.4264,-11.3261,-13.6725,0.9296,-0.0509,-0.3650,0.9980,81,4.165545,0.1239,0.1117
BiancaGolden_CircleTurns,-187.8179,11.0027,201.8217,-1.5182,-11.3576,-13.5844,0.9292,-0.0500,-0.3661,0.9980,82,4.179789,0.1218,0.1100
BiancaGolden_CircleTurns,-188.0341,10.8580,201.8487,-1.6914,-11.4527,-13.5657,0.9288,-0.0497,-0.3672,0.9980,82,4.192469,0.1197,0.1086
BiancaGolden_CircleTurns,-188.2445,10.6827,201.8795,-1.7436,-11.5308,-13.5647,0.9287,-0.0504,-0.3674,0.9980,83,4.207343,0.1176,0.1068
BiancaGolden_CircleTurns,-188.4282,10.5063,201.9337,-1.7214,-11.5367,-13.5658,0.9296,-0.0477,-0.3656,0.9980,83,4.221052,0.1157,0.1051
BiancaGolden_CircleTurns,-188.6030,10.3434,202.0018,-1.7748,-11.3964,-13.6033,0.9305,-0.0483,-0.3631,0.9980,83,4.235519,0.1140,0.1034
BiancaGolden_CircleTurns,-188.7797,10.1913,202.0610,-1.8578,-11.2052,-13.6391,0.9318,-0.0483,-0.3597,0.9980,84,4.249343,0.1122,0.1019
BiancaGolden_CircleTurns,-188.9399,10.0355,202.1081,-1.8541,-10.9584,-13.6195,0.9333,-0.0486,-0.3559,0.9980,84,4.262863,0.1106,0.1004
BiancaGolden_CircleTurns,-189.0801,9.8852,202.1576,-1.9293,-10.7284,-13.6335,0.9351,-0.0493,-0.3509,0.9980,85,4.277739,0.1092,0.0989
BiancaGolden_CircleTurns,-189.2034,9.7454,202.2136,-2.0851,-10.4502,-13.7035,0.9352,-0.0516,-0.3503,0.9980,85,4.290740,0.1080,0.0975
BiancaGolden_CircleTurns,-189.3280,9.6127,202.2640,-2.2587,-10.1805,-13.8336,0.9343,-0.0515,-0.3527,0.9980,86,4.305949,0.1067,0.0961
BiancaGolden_CircleTurns,-189.4792,9.5113,202.2700,-2.2245,-10.0079,-13.8685,0.9331,-0.0499,-0.3561,0.9980,86,4.318748,0.1052,0.0951
BiancaGolden_CircleTurns,-189.6052,9.4050,202.2582,-2.0160,-10.0173,-13.7517,0.9326,-0.0473,-0.3579,0.9980,86,4.333128,0.1039,0.0940
BiancaGolden_CircleTurns,-189.7092,9.3175,202.2708,-1.9094,-10.0359,-13.6174,0.9323,-0.0435,-0.3591,0.9980,87,4.346598,0.1029,0.0932
BiancaGolden_CircleTurns,-189.7635,9.2335,202.3218,-1.9915,-10.0293,-13.5256,0.9332,-0.0427,-0.3568,0.9980,87,4.359869,0.1024,0.0923
BiancaGolden_CircleTurns,-189.7970,9.1530,202.3815,-2.1694,-9.9173,-13.4984,0.9303,-0.0380,-0.3648,0.9980,88,4.374817,0.1020,0.0915
BiancaGolden_CircleTurns,-189.8088,9.0869,202.4238,-2.3485,-9.7002,-13.5432,0.9314,-0.0376,-0.3620,0.9980,88,4.388407,0.1019,0.0909
BiancaGolden_CircleTurns,-189.8391,9.0183,202.4375,-2.4047,-9.4863,-13.5573,0.9315,-0.0345,-0.3621,0.9980,88,4.403238,0.1016,0.0902
BiancaGolden_CircleTurns,-189.8977,8.9801,202.4275,-2.2533,-9.4041,-13.4906,0.9309,-0.0320,-0.3640,0.9980,89,4.416975,0.1010,0.0898
BiancaGolden_CircleTurns,-189.9245,8.9478,202.4205,-2.0577,-9.4801,-13.3071,0.9306,-0.0301,-0.3647,0.9980,89,4.430343,0.1008,0.0895
BiancaGolden_CircleTurns,-189.9403,8.9431,202.4582,-2.0742,-9.5229,-13.1990,0.9306,-0.0326,-0.3646,0.9980,90,4.445212,0.1006,0.0894
BiancaGolden_CircleTurns,-189.9030,8.9771,202.4798,-2.2660,-9.4574,-13.1153,0.9312,-0.0308,-0.3632,0.9980,90,4.458385,0.1010,0.0898
BiancaGolden_CircleTurns,-189.8855,8.8959,202.5593,-2.1624,-9.3546,-12.9087,0.9312,-0.0301,-0.3632,0.9980,91,4.472846,0.1011,0.0890
BiancaGolden_CircleTurns,-189.8422,8.9286,202.5909,-2.0041,-9.1043,-12.8884,0.9323,-0.0276,-0.3606,0.9980,91,4.486371,0.1016,0.0893
BiancaGolden_CircleTurns,-189.8121,8.9149,202.5962,-1.9479,-8.8975,-12.7712,0.9341,0.0162,-0.3567,0.9980,92,4.504253,0.1019,0.0891
BiancaGolden_CircleTurns,-189.7795,8.9463,202.5770,-1.8254,-8.7837,-12.5998,0.9340,0.0195,-0.3568,0.9980,92,4.515724,0.1022,0.0895
BiancaGolden_CircleTurns,-189.7457,8.9144,202.6193,-1.6069,-8.7387,-12.3427,0.9380,0.0441,-0.3437,0.9980,92,4.530499,0.1025,0.0891
BiancaGolden_CircleTurns,-189.7025,8.9144,202.6462,-1.4644,-8.6707,-12.1908,0.9382,0.0482,-0.3426,0.9980,93,4.544223,0.1030,0.0891
BiancaGolden_CircleTurns,-189.6641,8.9047,202.6354,-1.3999,-8.5837,-12.0468,0.9366,0.0508,-0.3466,0.9980,93,4.556892,0.1034,0.0890
BiancaGolden_CircleTurns,-189.6359,8.8914,202.6087,-1.2871,-8.5987,-11.8772,0.9354,0.0510,-0.3498,0.9980,94,4.571910,0.1036,0.0889
BiancaGolden_CircleTurns,-189.6228,8.8775,202.5838,-1.1847,-8.6700,-11.6701,0.9336,0.0519,-0.3546,0.9980,94,4.585897,0.1038,0.0888
BiancaGolden_CircleTurns,-189.6045,8.8643,202.5719,-1.0822,-8.7753,-11.4919,0.9327,0.0554,-0.3564,0.9980,94,4.598932,0.1040,0.0886
BiancaGolden_CircleTurns,-189.5931,8.8533,202.5488,-1.0306,-8.8643,-11.2887,0.9304,0.0563,-0.3622,0.9980,95,4.612189,0.1041,0.0885
BiancaGolden_CircleTurns,-189.5850,8.8345,202.5161,-0.9976,-8.9605,-11.0671,0.9289,0.0549,-0.3661,0.9980,95,4.625996,0.1041,0.0883
BiancaGolden_CircleTurns,-189.5774,8.8013,202.4781,-0.9502,-9.0433,-10.8400,0.9283,0.0568,-0.3674,0.9980,96,4.641017,0.1042,0.0880
BiancaGolden_CircleTurns,-189.5645,8.7792,202.4466,-0.8874,-9.0997,-10.6290,0.9275,0.0514,-0.3703,0.9980,96,4.653961,0.1044,0.0878
BiancaGolden_CircleTurns,-189.5491,8.7411,202.4376,-0.8168,-9.1826,-10.3842,0.9270,0.0533,-0.3713,0.9980,96,4.668728,0.1045,0.0874
BiancaGolden_CircleTurns,-189.5183,8.7138,202.4584,-0.7089,-9.2288,-10.1229,0.9264,0.0572,-0.3721,0.9980,97,4.682006,0.1048,0.0871
BiancaGolden_CircleTurns,-189.4717,8.6683,202.4726,-0.6268,-9.2577,-9.8640,0.9267,0.0570,-0.3713,0.9980,97,4.695242,0.1053,0.0867
BiancaGolden_CircleTurns,-189.4008,8.6232,202.4947,-0.4403,-9.1551,-9.5709,0.9296,0.0529,-0.3647,0.9980,98,4.709824,0.1060,0.0862
BiancaGolden_CircleTurns,-189.3096,8.5934,202.4765,-0.2444,-8.9732,-9.3054,0.9322,0.0521,-0.3583,0.9980,98,4.723324,0.1069,0.0859
BiancaGolden_CircleTurns,-189.2228,8.5569,202.4186,-0.0682,-8.7873,-9.0143,0.9318,0.0426,-0.3604,0.9980,99,4.737806,0.1078,0.0856
BiancaGolden_CircleTurns,-189.1148,8.5445,202.3236,0.1285,-8.5857,-8.7711,0.9308,0.0381,-0.3635,0.9980,99,4.750849,0.1089,0.0854
BiancaGolden_CircleTurns,-188.9863,8.5188,202.2264,0.3161,-8.4552,-8.5211,0.9311,0.0411,-0.3624,0.9980,99,4.765535,0.1101,0.0852
BiancaGolden_CircleTurns,-188.8429,8.5204,202.1259,0.4926,-8.3529,-8.2899,0.9303,0.0350,-0.3650,0.9980,100,4.778771,0.1116,0.0852
BiancaGolden_CircleTurns,-188.6798,8.5477,202.0133,0.5533,-8.3336,-8.0985,0.9294,0.0363,-0.3673,0.9980,100,4.792159,0.1132,0.0855
BiancaGolden_CircleTurns,-188.5059,8.5908,201.8681,0.6216,-8.3453,-7.8936,0.9278,0.0382,-0.3712,0.9980,101,4.807392,0.1149,0.0859
BiancaGolden_CircleTurns,-188.2969,8.6370,201.7317,0.7021,-8.4676,-7.6612,0.9269,0.0349,-0.3737,0.9980,101,4.820865,0.1170,0.0864
BiancaGolden_CircleTurns,-188.0551,8.7125,201.6570,0.6763,-8.6219,-7.4774,0.9271,0.0349,-0.3731,0.9980,101,4.835237,0.1194,0.0871
BiancaGolden_CircleTurns,-187.7949,8.8107,201.6039,0.5983,-8.8198,-7.3648,0.9254,0.0372,-0.3771,0.9980,102,4.849001,0.1221,0.0881
BiancaGolden_CircleTurns,-187.4951,8.9183,201.5556,0.5277,-9.0782,-7.2556,0.9246,0.0414,-0.3788,0.9980,102,4.862020,0.1250,0.0892
BiancaGolden_CircleTurns,-187.1656,9.0515,201.5360,0.5232,-9.3122,-7.1358,0.9231,0.0419,-0.3823,0.9980,103,4.877154,0.1283,0.0905
BiancaGolden_CircleTurns,-186.7797,9.1884,201.5597,0.5289,-9.5230,-7.0173,0.9226,0.0444,-0.3831,0.9980,103,4.891285,0.1322,0.0919
BiancaGolden_CircleTurns,-186.3535,9.3640,201.5896,0.5444,-9.5793,-6.9257,0.9243,0.0442,-0.3792,0.9980,104,4.904745,0.1365,0.0936
BiancaGolden_CircleTurns,-185.8728,9.5358,201.6243,0.4966,-9.4926,-6.8674,0.9272,0.0383,-0.3726,0.9980,104,4.918266,0.1413,0.0954
BiancaGolden_CircleTurns,-185.3408,9.7110,201.6655,0.4711,-9.2575,-6.8676,0.9296,0.0368,-0.3668,0.9980,104,4.932918,0.1466,0.0971
BiancaGolden_CircleTurns,-184.7796,9.8846,201.7055,0.4484,-8.9489,-6.9280,0.9320,0.0293,-0.3612,0.9980,105,4.946504,0.1522,0.0988
BiancaGolden_CircleTurns,-184.2028,10.0844,201.6862,0.4595,-8.5606,-7.0720,0.9343,0.0253,-0.3556,0.9980,105,4.959584,0.1580,0.1008
BiancaGolden_CircleTurns,-183.6168,10.3039,201.6092,0.4651,-8.2196,-7.2685,0.9371,0.0214,-0.3484,0.9980,106,4.974592,0.1638,0.1030
BiancaGolden_CircleTurns,-183.0350,10.5521,201.4674,0.5330,-7.9355,-7.4722,0.9378,0.0183,-0.3468,0.9980,106,4.988513,0.1696,0.1055
BiancaGolden_CircleTurns,-182.4713,10.8610,201.2475,0.6463,-7.7287,-7.6327,0.9378,0.0170,-0.3468,0.9980,107,5.006476,0.1753,0.1086
BiancaGolden_CircleTurns,-181.8927,11.1610,201.0041,0.8240,-7.6639,-7.6790,0.9360,0.0180,-0.3515,0.9980,107,5.016230,0.1811,0.1116
BiancaGolden_CircleTurns,-181.2749,11.4828,200.8250,1.0705,-7.9536,-7.6120,0.9274,0.0183,-0.3736,0.9980,107,5.032179,0.1873,0.1148
BiancaGolden_CircleTurns,-180.5635,11.7722,200.9335,1.2485,-8.4124,-7.5999,0.9243,0.0196,-0.3813,0.9980,108,5.045990,0.1944,0.1177
BiancaGolden_CircleTurns,-179.8364,12.0500,201.1833,1.4035,-8.7479,-7.6232,0.9216,0.0097,-0.3881,0.9980,108,5.058432,0.2016,0.1205
BiancaGolden_CircleTurns,-179.0839,12.3439,201.4386,1.4882,-9.0986,-7.7093,0.9199,-0.0122,-0.3919,0.9980,109,5.073274,0.2092,0.1234
BiancaGolden_CircleTurns,-178.3883,12.6547,201.4824,1.3008,-9.0923,-7.9544,0.9104,-0.0864,-0.4045,0.9980,109,5.087533,0.2161,0.1265
BiancaGolden_CircleTurns,-177.7203,12.9589,201.3706,1.0667,-9.2066,-8.2939,0.9101,-0.0917,-0.4042,0.9980,109,5.102163,0.2228,0.1296
BiancaGolden_CircleTurns,-177.0413,13.2362,201.2437,1.0230,-9.1886,-8.6417,0.9042,-0.1391,-0.4037,0.9980,110,5.114536,0.2296,0.1324
BiancaGolden_CircleTurns,-176.3735,13.4840,201.2613,1.2539,-9.2125,-8.8504,0.9044,-0.1435,-0.4018,0.9980,110,5.127274,0.2363,0.1348
BiancaGolden_CircleTurns,-175.7219,13.7517,201.4456,1.6598,-9.1416,-8.9706,0.9034,-0.1457,-0.4032,0.9980,111,5.142901,0.2428,0.1375
BiancaGolden_CircleTurns,-175.1231,14.0310,201.5701,1.9115,-9.2319,-9.0500,0.8982,-0.1418,-0.4160,0.9980,111,5.155734,0.2488,0.1403
BiancaGolden_CircleTurns,-174.5756,14.3221,201.5779,2.0513,-9.4726,-9.0215,0.8958,-0.1414,-0.4213,0.9980,111,5.169774,0.2542,0.1432
BiancaGolden_CircleTurns,-174.0635,14.5860,201.5168,2.0194,-9.7867,-9.0299,0.8945,-0.1412,-0.4242,0.9980,112,5.183338,0.2594,0.1459
BiancaGolden_CircleTurns,-173.5419,14.8219,201.4636,1.8939,-9.9713,-9.0624,0.8931,-0.1418,-0.4270,0.9980,112,5.196426,0.2646,0.1482
BiancaGolden_CircleTurns,-173.0177,15.0087,201.4567,1.7557,-10.0322,-9.1532,0.8940,-0.1474,-0.4232,0.9980,113,5.211848,0.2698,0.1501
BiancaGolden_CircleTurns,-172.5314,15.1059,201.4003,1.2474,-9.7976,-9.4253,0.8975,-0.1452,-0.4165,0.9980,113,5.224838,0.2747,0.1511
BiancaGolden_CircleTurns,-172.0796,15.1523,201.3257,0.6326,-9.5922,-9.8011,0.8988,-0.1530,-0.4109,0.9980,114,5.238836,0.2792,0.1515
BiancaGolden_CircleTurns,-171.6676,15.1496,201.2368,0.1220,-9.4169,-10.1389,0.9000,-0.1540,-0.4077,0.9980,114,5.252701,0.2833,0.1515
BiancaGolden_CircleTurns,-171.2337,15.1351,201.1931,-0.2446,-9.2922,-10.2866,0.9011,-0.1541,-0.4054,0.9980,114,5.266291,0.2877,0.1514
BiancaGolden_CircleTurns,-170.7786,15.1436,201.1500,-0.8927,-9.1585,-10.4611,0.9012,-0.1551,-0.4048,0.9980,115,5.279928,0.2922,0.1514
BiancaGolden_CircleTurns,-170.3334,15.1456,201.0698,-1.6462,-9.0481,-10.7512,0.9012,-0.1511,-0.4062,0.9980,115,5.292971,0.2967,0.1515
BiancaGolden_CircleTurns,-169.9437,15.0839,200.9149,-2.1950,-9.0107,-11.0005,0.9000,-0.1517,-0.4086,0.9980,116,5.307912,0.3006,0.1508
BiancaGolden_CircleTurns,-169.5923,15.0132,200.7513,-2.3257,-9.0805,-11.1415,0.8993,-0.1512,-0.4105,0.9980,116,5.321339,0.3041,0.1501
BiancaGolden_CircleTurns,-169.2667,14.9453,200.5867,-2.1633,-9.2843,-11.1778,0.8967,-0.1515,-0.4160,0.9980,116,5.336071,0.3073,0.1495
BiancaGolden_CircleTurns,-168.9371,14.8674,200.4408,-2.0164,-9.4992,-11.1858,0.8948,-0.1524,-0.4196,0.9980,117,5.349111,0.3106,0.1487
BiancaGolden_CircleTurns,-168.6446,14.7582,200.3389,-1.9214,-9.7656,-11.2413,0.8945,-0.1534,-0.4198,0.9980,117,5.362235,0.3136,0.1476
BiancaGolden_CircleTurns,-168.3887,14.6106,200.2314,-1.9266,-10.0038,-11.3611,0.8908,-0.1550,-0.4271,0.9980,118,5.377056,0.3161,0.1461
BiancaGolden_CircleTurns,-168.1964,14.4258,200.1153,-1.8438,-10.2966,-11.5575,0.8886,-0.1574,-0.4308,0.9980,118,5.390841,0.3180,0.1443
BiancaGolden_CircleTurns,-168.0352,14.2221,199.9857,-1.7353,-10.6637,-11.7809,0.8856,-0.1603,-0.4359,0.9980,119,5.405609,0.3196,0.1422
BiancaGolden_CircleTurns,-167.9400,13.9718,199.8403,-1.6380,-11.1230,-12.0470,0.8821,-0.1605,-0.4429,0.9980,119,5.418462,0.3206,0.1397
BiancaGolden_CircleTurns,-167.8881,13.6955,199.6897,-1.5930,-11.5812,-12.3662,0.8768,-0.1653,-0.4515,0.9980,119,5.432714,0.3211,0.1370
BiancaGolden_CircleTurns,-167.8998,13.3802,199.5601,-1.6126,-12.1335,-12.7424,0.8726,-0.1715,-0.4573,0.9980,120,5.446659,0.3210,0.1338
BiancaGolden_CircleTurns,-167.9247,13.0646,199.4388,-1.6362,-12.6300,-13.2140,0.8705,-0.1745,-0.4602,0.9980,120,5.459391,0.3208,0.1306
BiancaGolden_CircleTurns,-168.0191,12.7026,199.3368,-1.7439,-13.2088,-13.8403,0.8652,-0.1831,-0.4668,0.9980,121,5.474488,0.3198,0.1270
BiancaGolden_CircleTurns,-168.1396,12.3265,199.2403,-1.8825,-13.7116,-14.5655,0.8607,-0.1898,-0.4723,0.9980,121,5.487900,0.3186,0.1233
BiancaGolden_CircleTurns,-168.3086,11.9238,199.1492,-2.0178,-14.1628,-15.3440,0.8561,-0.2020,-0.4758,0.9980,122,5.505497,0.3169,0.1192
BiancaGolden_CircleTurns,-168.5420,11.5279,199.0864,-2.1287,-14.5430,-16.2780,0.8502,-0.2148,-0.4807,0.9980,122,5.516179,0.3146,0.1153
BiancaGolden_CircleTurns,-168.7925,11.1392,199.0284,-2.1871,-14.8733,-17.1991,0.8443,-0.2277,-0.4851,0.9980,122,5.530076,0.3121,0.1114
BiancaGolden_CircleTurns,-169.0740,10.7596,198.9839,-2.2598,-15.1622,-18.1405,0.8217,-0.2865,-0.4927,0.9980,123,5.543669,0.3093,0.1076
BiancaGolden_CircleTurns,-169.3841,10.3756,198.9500,-2.3217,-15.4133,-19.1647,0.7957,-0.3384,-0.5024,0.9980,123,5.557095,0.3062,0.1038
BiancaGolden_CircleTurns,-169.7265,9.9834,198.9062,-2.3400,-15.6559,-20.1696,0.7547,-0.4020,-0.5185,0.9980,124,5.571476,0.3027,0.0998
BiancaGolden_CircleTurns,-170.1364,9.6057,198.8572,-2.2105,-15.7830,-21.1574,0.7038,-0.4641,-0.5378,0.9980,124,5.585220,0.2986,0.0961
BiancaGolden_CircleTurns,-170.5199,9.2606,198.8481,-2.0318,-15.8492,-22.0293,0.6980,-0.4733,-0.5374,0.9980,124,5.599339,0.2948,0.0926
BiancaGolden_CircleTurns,-170.8913,8.9415,198.8674,-2.0336,-15.8201,-22.7744,0.6555,-0.5214,-0.5463,0.9980,125,5.612920,0.2911,0.0894
BiancaGolden_CircleTurns,-171.2815,8.6443,198.8867,-2.1459,-15.6959,-23.4718,0.6188,-0.5698,-0.5407,0.9980,125,5.625804,0.2872,0.0864
BiancaGolden_CircleTurns,-171.6973,8.3505,198.9012,-2.1930,-15.4866,-24.0299,0.6167,-0.5929,-0.5178,0.9980,126,5.640904,0.2830,0.0835
BiancaGolden_CircleTurns,-172.1345,8.0818,198.9376,-2.1865,-15.2038,-24.4359,0.6173,-0.5976,-0.5116,0.9980,126,5.654499,0.2787,0.0808
BiancaGolden_CircleTurns,-172.5480,7.7975,199.0009,-2.1625,-14.9136,-24.7470,0.6272,-0.5924,-0.5056,0.9980,126,5.668817,0.2745,0.0780
BiancaGolden_CircleTurns,-172.9300,7.5212,199.1060,-2.2318,-14.5038,-24.9593,0.6285,-0.5959,-0.4998,0.9980,127,5.682397,0.2707,0.0752
BiancaGolden_CircleTurns,-173.3347,7.2527,199.2102,-2.3354,-14.0857,-25.2081,0.6536,-0.5751,-0.4920,0.9980,127,5.695307,0.2667,0.0725
BiancaGolden_CircleTurns,-173.7754,6.9970,199.2840,-2.3138,-13.6818,-25.2558,0.6655,-0.5642,-0.4886,0.9980,128,5.710368,0.2622,0.0700
BiancaGolden_CircleTurns,-174.2116,6.7891,199.3494,-2.2554,-13.4276,-25.2434,0.6744,-0.5522,-0.4902,0.9980,128,5.724249,0.2579,0.0679
BiancaGolden_CircleTurns,-174.6462,6.5987,199.4217,-2.3278,-13.2788,-25.1099,0.6839,-0.5402,-0.4904,0.9980,129,5.738843,0.2535,0.0660
BiancaGolden_CircleTurns,-175.0545,6.4372,199.5027,-2.5029,-13.1295,-24.9081,0.6855,-0.5322,-0.4969,0.9980,129,5.751703,0.2495,0.0644
BiancaGolden_CircleTurns,-175.4673,6.2636,199.5979,-2.7285,-12.9629,-24.7050,0.6904,-0.5287,-0.4938,0.9980,129,5.765872,0.2453,0.0626
BiancaGolden_CircleTurns,-175.8678,6.1066,199.6820,-2.9981,-12.6942,-24.4444,0.7079,-0.5075,-0.4912,0.9980,130,5.779437,0.2413,0.0611
BiancaGolden_CircleTurns,-176.3042,5.9546,199.7497,-3.2303,-12.4039,-24.2324,0.7751,-0.4451,-0.4483,0.9980,130,5.792500,0.2370,0.0595
BiancaGolden_CircleTurns,-176.7176,5.8192,199.8201,-3.4695,-12.1761,-24.1146,0.8382,-0.3475,-0.4203,0.9980,131,5.808085,0.2328,0.0582
BiancaGolden_CircleTurns,-177.1279,5.6691,199.9136,-3.6631,-11.9555,-24.0153,0.8906,-0.2545,-0.3770,0.9980,131,5.822197,0.2287,0.0567
BiancaGolden_CircleTurns,-177.5246,5.5348,200.0094,-3.8351,-11.7318,-23.9331,0.9238,-0.1890,-0.3329,0.9980,131,5.835462,0.2248,0.0553
BiancaGolden_CircleTurns,-177.8783,5.4176,200.1153,-4.0064,-11.4430,-23.8455,0.9262,-0.1872,-0.3272,0.9980,132,5.849626,0.2212,0.0542
BiancaGolden_CircleTurns,-178.2194,5.3235,200.2173,-4.1337,-11.1150,-23.7062,0.9287,-0.1849,-0.3213,0.9980,132,5.862020,0.2178,0.0532
BiancaGolden_CircleTurns,-178.5497,5.2167,200.3131,-4.2010,-10.7665,-23.5202,0.9504,-0.0901,-0.2978,0.9980,133,5.877014,0.2145,0.0522
BiancaGolden_CircleTurns,-178.8477,5.1015,200.3858,-4.2220,-10.3499,-23.2893,0.9522,-0.0870,-0.2929,0.9980,133,5.890704,0.2115,0.0510
BiancaGolden_CircleTurns,-179.1376,4.9933,200.4550,-4.2900,-9.9432,-23.1639,0.9515,-0.0812,-0.2969,0.9980,134,5.905301,0.2086,0.0499
BiancaGolden_CircleTurns,-179.4306,4.8805,200.5000,-4.2999,-9.6427,-23.0739,0.9508,-0.0792,-0.2995,0.9980,134,5.918761,0.2057,0.0488
BiancaGolden_CircleTurns,-179.7091,4.7964,200.5253,-4.2589,-9.4153,-22.9792,0.9515,-0.0772,-0.2977,0.9980,134,5.932909,0.2029,0.0480
BiancaGolden_CircleTurns,-179.9750,4.7225,200.5422,-4.2176,-9.2886,-22.8373,0.9481,-0.0850,-0.3063,0.9980,135,5.946581,0.2002,0.0472
BiancaGolden_CircleTurns,-180.2174,4.6653,200.5679,-4.2323,-9.2263,-22.6956,0.9463,-0.0831,-0.3125,0.9980,135,5.959918,0.1978,0.0467
BiancaGolden_CircleTurns,-180.4235,4.6046,200.6124,-4.3449,-9.2044,-22.5646,0.9441,-0.0836,-0.3188,0.9980,136,5.975026,0.1958,0.0460
BiancaGolden_CircleTurns,-180.6130,4.5460,200.6623,-4.4429,-9.1300,-22.4511,0.9442,-0.0842,-0.3185,0.9980,136,5.988321,0.1939,0.0455
BiancaGolden_CircleTurns,-180.7543,4.5095,200.7058,-4.4642,-8.9809,-22.3025,0.9438,-0.0815,-0.3202,0.9980,137,6.005763,0.1925,0.0451
BiancaGolden_CircleTurns,-180.8690,4.4745,200.7382,-4.5097,-8.7787,-22.1328,0.9452,-0.0791,-0.3168,0.9980,137,6.017660,0.1913,0.0447
BiancaGolden_CircleTurns,-180.9870,4.4510,200.7713,-4.5908,-8.5898,-21.9722,0.9456,-0.0768,-0.3160,0.9980,137,6.030622,0.1901,0.0445
BiancaGolden_CircleTurns,-181.1076,4.4328,200.7873,-4.6498,-8.4631,-21.8338,0.9441,-0.0829,-0.3192,0.9980,138,6.044264,0.1889,0.0443
BiancaGolden_CircleTurns,-181.2301,4.4324,200.7874,-4.6468,-8.4656,-21.7010,0.9421,-0.0820,-0.3252,0.9980,138,6.056773,0.1877,0.0443
BiancaGolden_CircleTurns,-181.3394,4.4303,200.7894,-4.6226,-8.5070,-21.5769,0.9407,-0.0799,-0.3296,0.9980,139,6.071889,0.1866,0.0443
BiancaGolden_CircleTurns,-181.4281,4.4342,200.8053,-4.6014,-8.6503,-21.4592,0.9366,-0.0799,-0.3411,0.9980,139,6.086206,0.1857,0.0443
BiancaGolden_CircleTurns,-181.5169,4.4417,200.8288,-4.5849,-8.7043,-21.3737,0.9363,-0.0782,-0.3425,0.9980,139,6.099768,0.1848,0.0444
BiancaGolden_CircleTurns,-181.6191,4.4407,200.8456,-4.5856,-8.8076,-21.2895,0.9352,-0.0772,-0.3455,0.9980,140,6.113226,0.1838,0.0444
BiancaGolden_CircleTurns,-181.7224,4.4569,200.8559,-4.5353,-8.8919,-21.1852,0.9345,-0.0764,-0.3476,0.9980,140,6.126663,0.1828,0.0446
BiancaGolden_CircleTurns,-181.8026,4.4557,200.8754,-4.4270,-8.9551,-21.0649,0.9340,-0.0742,-0.3495,0.9980,141,6.142052,0.1820,0.0446
BiancaGolden_CircleTurns,-181.8805,4.4595,200.9115,-4.3448,-8.9404,-20.9271,0.9340,-0.0747,-0.3494,0.9980,141,6.155828,0.1812,0.0446
BiancaGolden_CircleTurns,-181.9668,4.4707,200.9495,-4.3025,-8.9000,-20.7942,0.9353,-0.0759,-0.3456,0.9980,141,6.169819,0.1803,0.0447
BiancaGolden_CircleTurns,-182.0732,4.4781,200.9631,-4.2790,-8.8857,-20.6557,0.9353,-0.0735,-0.3461,0.9980,142,6.183408,0.1793,0.0448
BiancaGolden_CircleTurns,-182.1827,4.4946,200.9711,-4.2619,-8.9131,-20.5089,0.9355,-0.0740,-0.3454,0.9980,142,6.196033,0.1782,0.0449
BiancaGolden_CircleTurns,-182.2889,4.5081,200.9766,-4.2401,-8.9290,-20.3555,0.9368,-0.0696,-0.3429,0.9980,143,6.211011,0.1771,0.0451
BiancaGolden_CircleTurns,-182.3795,4.5067,200.9846,-4.2634,-8.9216,-20.1540,0.9377,-0.0715,-0.3400,0.9980,143,6.225250,0.1762,0.0451
BiancaGolden_CircleTurns,-182.4566,4.5074,201.0085,-4.3396,-8.8495,-20.0000,0.9384,-0.0714,-0.3381,0.9980,144,6.239565,0.1754,0.0451
BiancaGolden_CircleTurns,-182.5533,4.5042,201.0203,-4.4966,-8.7654,-19.8450,0.9400,-0.0732,-0.3331,0.9980,144,6.252510,0.1745,0.0450
BiancaGolden_CircleTurns,-182.6444,4.5000,201.0336,-4.6673,-8.6909,-19.7608,0.9406,-0.0720,-0.3316,0.9980,144,6.266750,0.1736,0.0450
BiancaGolden_CircleTurns,-182.7367,4.4735,201.0412,-4.8396,-8.6344,-19.7248,0.9414,-0.0727,-0.3294,0.9980,145,6.280788,0.1726,0.0447
BiancaGolden_CircleTurns,-182.8041,4.4603,201.0527,-5.0000,-8.5396,-19.7536,0.9419,-0.0771,-0.3268,0.9980,145,6.294369,0.1720,0.0446
BiancaGolden_CircleTurns,-182.8729,4.4326,201.0607,-5.0962,-8.3897,-19.8126,0.9427,-0.0783,-0.3244,0.9980,146,6.309181,0.1713,0.0443
BiancaGolden_CircleTurns,-182.9636,4.4144,201.0529,-5.1341,-8.2476,-19.8622,0.9414,-0.0794,-0.3279,0.9980,146,6.323251,0.1704,0.0441
BiancaGolden_CircleTurns,-183.0466,4.3974,201.0600,-5.1208,-8.1536,-19.8872,0.9417,-0.0799,-0.3268,0.9980,146,6.337217,0.1695,0.0440
BiancaGolden_CircleTurns,-183.1135,4.3920,201.0766,-5.1955,-8.1046,-19.9267,0.9420,-0.0803,-0.3258,0.9980,147,6.350883,0.1689,0.0439
BiancaGolden_CircleTurns,-183.1654,4.3949,201.1034,-5.3614,-8.0153,-19.9802,0.9406,-0.0845,-0.3289,0.9980,147,6.363156,0.1683,0.0439
BiancaGolden_CircleTurns,-183.2146,4.3800,201.1095,-5.4850,-7.9140,-20.0287,0.9405,-0.0855,-0.3289,0.9980,148,6.378804,0.1679,0.0438
BiancaGolden_CircleTurns,-183.2488,4.3777,201.1106,-5.5299,-7.7816,-20.0868,0.9408,-0.0862,-0.3277,0.9980,148,6.392869,0.1675,0.0438
BiancaGolden_CircleTurns,-183.2940,4.3726,201.1068,-5.5503,-7.6999,-20.1308,0.9411,-0.0845,-0.3274,0.9980,149,6.406721,0.1671,0.0437
BiancaGolden_CircleTurns,-183.3325,4.3751,201.1091,-5.5554,-7.6568,-20.1226,0.9418,-0.0788,-0.3269,0.9980,149,6.419474,0.1667,0.0438
BiancaGolden_CircleTurns,-183.3813,4.3863,201.1129,-5.5584,-7.6756,-20.0715,0.9415,-0.0775,-0.3279,0.9980,149,6.433865,0.1662,0.0439
BiancaGolden_CircleTurns,-183.4380,4.4015,201.1044,-5.6480,-7.7484,-20.0252,0.9406,-0.0772,-0.3305,0.9980,150,6.447704,0.1656,0.0440
BiancaGolden_CircleTurns,-183.4873,4.4080,201.1004,-5.6954,-7.8453,-20.0148,0.9381,-0.0752,-0.3380,0.9980,150,6.460775,0.1651,0.0441
BiancaGolden_CircleTurns,-183.5302,4.4043,201.1002,-5.6496,-7.8976,-19.9778,0.9373,-0.0774,-0.3397,0.9980,151,6.475970,0.1647,0.0440
BiancaGolden_CircleTurns,-183.5488,4.4077,201.1184,-5.6156,-7.8533,-19.9523,0.9362,-0.0767,-0.3431,0.9980,151,6.489980,0.1645,0.0441
BiancaGolden_CircleTurns,-183.5736,4.4113,201.1369,-5.6863,-7.7677,-19.9615,0.9366,-0.0773,-0.3418,0.9980,152,6.506941,0.1643,0.0441
BiancaGolden_CircleTurns,-183.6048,4.4215,201.1413,-5.7142,-7.6839,-19.9724,0.9369,-0.0767,-0.3411,0.9980,152,6.518212,0.1640,0.0442
BiancaGolden_CircleTurns,-183.6469,4.4319,201.1301,-5.7294,-7.6418,-19.9341,0.9377,-0.0764,-0.3389,0.9980,152,6.532110,0.1635,0.0443
BiancaGolden_CircleTurns,-183.6864,4.4640,201.1223,-5.7112,-7.6573,-19.8810,0.9377,-0.0750,-0.3392,0.9980,153,6.545583,0.1631,0.0446
BiancaGolden_CircleTurns,-183.7011,4.4890,201.1443,-5.7313,-7.6783,-19.8001,0.9381,-0.0719,-0.3389,0.9980,153,6.557857,0.1630,0.0449
BiancaGolden_CircleTurns,-183.7165,4.5098,201.1801,-5.7844,-7.6458,-19.7199,0.9383,-0.0699,-0.3388,0.9980,154,6.572802,0.1628,0.0451
BiancaGolden_CircleTurns,-183.7231,4.5355,201.2168,-5.8263,-7.5401,-19.6639,0.9388,-0.0697,-0.3375,0.9980,154,6.587248,0.1628,0.0454
BiancaGolden_CircleTurns,-183.7508,4.5515,201.2241,-5.8105,-7.4155,-19.5927,0.9392,-0.0691,-0.3363,0.9980,154,6.601632,0.1625,0.0455
BiancaGolden_CircleTurns,-183.7683,4.5833,201.2251,-5.8354,-7.3464,-19.5565,0.9391,-0.0717,-0.3362,0.9980,155,6.614805,0.1623,0.0458
BiancaGolden_CircleTurns,-183.7764,4.6088,201.2278,-5.8787,-7.3187,-19.5427,0.9388,-0.0717,-0.3368,0.9980,155,6.628294,0.1622,0.0461
BiancaGolden_CircleTurns,-183.7733,4.6313,201.2488,-5.8908,-7.3248,-19.5306,0.9377,-0.0746,-0.3394,0.9980,156,6.643585,0.1623,0.0463
BiancaGolden_CircleTurns,-183.7499,4.6528,201.2844,-5.8444,-7.3029,-19.5205,0.9366,-0.0760,-0.3421,0.9980,156,6.656762,0.1625,0.0465
BiancaGolden_CircleTurns,-183.7148,4.6628,201.3135,-5.7842,-7.2392,-19.4992,0.9358,-0.0780,-0.3439,0.9980,157,6.670851,0.1629,0.0466
BiancaGolden_CircleTurns,-183.6577,4.6753,201.3434,-5.7891,-7.1508,-19.5451,0.9361,-0.0795,-0.3426,0.9980,157,6.684309,0.1634,0.0468
BiancaGolden_CircleTurns,-183.5974,4.6852,201.3645,-5.7388,-7.0552,-19.6173,0.9368,-0.0832,-0.3399,0.9980,157,6.698880,0.1640,0.0469
BiancaGolden_CircleTurns,-183.5293,4.7066,201.3763,-5.6696,-6.9315,-19.7109,0.9361,-0.0830,-0.3418,0.9980,158,6.712715,0.1647,0.0471
BiancaGolden_CircleTurns,-183.4620,4.7325,201.3766,-5.5693,-6.8691,-19.7863,0.9364,-0.0876,-0.3397,0.9980,158,6.726050,0.1654,0.0473
BiancaGolden_CircleTurns,-183.3969,4.7558,201.3875,-5.4739,-6.8574,-19.8590,0.9344,-0.0916,-0.3443,0.9980,159,6.741208,0.1660,0.0476
BiancaGolden_CircleTurns,-183.3163,4.7850,201.4013,-5.3766,-6.9026,-19.9378,0.9312,-0.0919,-0.3526,0.9980,159,6.754604,0.1668,0.0478
BiancaGolden_CircleTurns,-183.2284,4.8177,201.3924,-5.2660,-6.9468,-20.0127,0.9308,-0.0929,-0.3534,0.9980,159,6.768689,0.1677,0.0482
BiancaGolden_CircleTurns,-183.1342,4.8454,201.3848,-5.1297,-6.9629,-20.0444,0.9148,-0.0571,-0.3999,0.9980,160,6.782205,0.1687,0.0485
BiancaGolden_CircleTurns,-183.0375,4.8691,201.3799,-4.9928,-6.9616,-20.0995,0.9109,-0.0218,-0.4120,0.9980,160,6.795362,0.1696,0.0487
BiancaGolden_CircleTurns,-182.9438,4.8943,201.3812,-4.9004,-6.9815,-20.1548,0.9092,-0.0214,-0.4158,0.9980,161,6.810878,0.1706,0.0489
BiancaGolden_CircleTurns,-182.8604,4.9215,201.3569,-4.7261,-7.0197,-20.1702,0.8988,-0.0163,-0.4380,0.9980,161,6.824068,0.1714,0.0492
BiancaGolden_CircleTurns,-182.7852,4.9507,201.3150,-4.5446,-7.1175,-20.1374,0.8974,-0.0162,-0.4409,0.9980,162,6.838752,0.1721,0.0495
BiancaGolden_CircleTurns,-182.7168,4.9886,201.2806,-4.3639,-7.2304,-20.0801,0.8962,-0.0151,-0.4434,0.9980,162,6.852208,0.1728,0.0499
BiancaGolden_CircleTurns,-182.6584,5.0160,201.2558,-4.2773,-7.3841,-19.9928,0.9165,-0.0232,-0.3994,0.9980,162,6.866343,0.1734,0.0502
BiancaGolden_CircleTurns,-182.5937,5.0403,201.2413,-4.2298,-7.4751,-19.9126,0.9161,-0.0223,-0.4004,0.9980,163,6.880414,0.1741,0.0504
BiancaGolden_CircleTurns,-182.5219,5.0621,201.2321,-4.2253,-7.5424,-19.8663,0.9226,-0.0236,-0.3851,0.9980,163,6.893439,0.1748,0.0506
BiancaGolden_CircleTurns,-182.4596,5.0954,201.2079,-4.2276,-7.5701,-19.8042,0.9283,-0.0323,-0.3704,0.9980,164,6.908927,0.1754,0.0510
BiancaGolden_CircleTurns,-182.4022,5.1246,201.1814,-4.2056,-7.6370,-19.7067,0.9291,-0.0327,-0.3684,0.9980,164,6.922113,0.1760,0.0512
BiancaGolden_CircleTurns,-182.3554,5.1678,201.1440,-4.1686,-7.7268,-19.5457,0.9285,-0.0296,-0.3700,0.9980,164,6.936337,0.1764,0.0517
BiancaGolden_CircleTurns,-182.3058,5.2112,201.1270,-4.1837,-7.8381,-19.3594,0.9297,-0.0266,-0.3674,0.9980,165,6.949759,0.1769,0.0521
BiancaGolden_CircleTurns,-182.2540,5.2423,201.1168,-4.2584,-7.9142,-19.1769,0.9295,-0.0238,-0.3680,0.9980,165,6.963676,0.1775,0.0524
BiancaGolden_CircleTurns,-182.1926,5.2872,201.1076,-4.2754,-7.9584,-19.0098,0.9322,-0.0273,-0.3610,0.9980,166,6.977895,0.1781,0.0529
BiancaGolden_CircleTurns,-182.1461,5.3221,201.0864,-4.2250,-7.9597,-18.7752,0.9359,-0.0264,-0.3514,0.9980,166,6.991547,0.1785,0.0532
BiancaGolden_CircleTurns,-182.0976,5.3664,201.0711,-4.2124,-7.9455,-18.5397,0.9361,-0.0286,-0.3506,0.9980,167,7.009157,0.1790,0.0537
BiancaGolden_CircleTurns,-182.0526,5.4023,201.0664,-4.2129,-7.9249,-18.2959,0.9362,-0.0243,-0.3506,0.9980,167,7.019844,0.1795,0.0540
BiancaGolden_CircleTurns,-182.0043,5.4427,201.0449,-4.2344,-7.9199,-18.0313,0.9358,-0.0228,-0.3519,0.9980,167,7.034593,0.1800,0.0544
BiancaGolden_CircleTurns,-181.9428,5.4641,201.0214,-4.1875,-7.9744,-17.7646,0.9362,-0.0277,-0.3504,0.9980,168,7.047752,0.1806,0.0546
BiancaGolden_CircleTurns,-181.8814,5.4952,201.0001,-4.2017,-8.0322,-17.5182,0.9373,-0.0285,-0.3473,0.9980,168,7.060243,0.1812,0.0550
BiancaGolden_CircleTurns,-181.8211,5.5361,200.9687,-4.2667,-8.0731,-17.2797,0.9361,-0.0323,-0.3502,0.9980,169,7.075221,0.1818,0.0554
BiancaGolden_CircleTurns,-181.7728,5.5708,200.9120,-4.2800,-8.1731,-16.9508,0.9366,-0.0262,-0.3494,0.9980,169,7.088687,0.1823,0.0557
BiancaGolden_CircleTurns,-181.7221,5.6137,200.8539,-4.2411,-8.2961,-16.5583,0.9356,-0.0194,-0.3526,0.9980,169,7.103216,0.1828,0.0561
BiancaGolden_CircleTurns,-181.6634,5.6604,200.8082,-4.2464,-8.5032,-16.1661,0.9422,0.0204,-0.3345,0.9980,170,7.116476,0.1834,0.0566
BiancaGolden_CircleTurns,-181.5945,5.7116,200.7639,-4.2989,-8.6808,-15.7930,0.9420,0.0440,-0.3328,0.9980,170,7.129921,0.1841,0.0571
BiancaGolden_CircleTurns,-181.5215,5.7655,200.7240,-4.3711,-8.8478,-15.4407,0.9435,0.0498,-0.3275,0.9980,171,7.145531,0.1848,0.0577
BiancaGolden_CircleTurns,-181.4627,5.8459,200.6500,-4.3294,-8.9638,-15.0392,0.9422,0.0511,-0.3311,0.9980,171,7.158525,0.1854,0.0585
BiancaGolden_CircleTurns,-181.4059,5.9379,200.5667,-4.1108,-9.2035,-14.4487,0.9406,0.0602,-0.3341,0.9980,172,7.172741,0.1859,0.0594
BiancaGolden_CircleTurns,-181.2995,6.0529,200.5095,-3.8477,-9.4526,-13.7184,0.9383,0.0730,-0.3379,0.9980,172,7.186693,0.1870,0.0605
BiancaGolden_CircleTurns,-181.1763,6.1869,200.4905,-3.7799,-9.6771,-12.9447,0.9394,0.0730,-0.3351,0.9980,172,7.200586,0.1882,0.0619
BiancaGolden_CircleTurns,-181.0450,6.3070,200.4558,-3.7183,-9.8420,-12.0918,0.9389,0.0792,-0.3348,0.9980,173,7.214683,0.1896,0.0631
BiancaGolden_CircleTurns,-180.9104,6.4491,200.3839,-3.6733,-9.9846,-11.2022,0.9368,0.0922,-0.3375,0.9980,173,7.227649,0.1909,0.0645
BiancaGolden_CircleTurns,-180.7966,6.5728,200.2923,-3.6787,-10.1934,-10.2677,0.9384,0.0875,-0.3342,0.9980,174,7.242689,0.1920,0.0657
BiancaGolden_CircleTurns,-180.6755,6.6888,200.2081,-3.6980,-10.4556,-9.3798,0.9380,0.0862,-0.3358,0.9980,174,7.256069,0.1932,0.0669
BiancaGolden_CircleTurns,-180.5500,6.7957,200.1479,-3.7728,-10.7119,-8.5438,0.9353,0.0989,-0.3397,0.9980,174,7.270517,0.1945,0.0680
BiancaGolden_CircleTurns,-180.4232,6.8932,200.0832,-3.8298,-10.9684,-7.7807,0.9372,0.0975,-0.3350,0.9980,175,7.284078,0.1958,0.0689
BiancaGolden_CircleTurns,-180.2925,6.9804,200.0036,-3.9607,-11.2095,-7.0504,0.9368,0.0958,-0.3364,0.9980,175,7.297403,0.1971,0.0698
BiancaGolden_CircleTurns,-180.1635,7.0443,199.9178,-4.0890,-11.4680,-6.4145,0.9363,0.0899,-0.3394,0.9980,176,7.312068,0.1984,0.0704
BiancaGolden_CircleTurns,-180.0504,7.0860,199.8298,-4.2327,-11.7250,-5.8270,0.9371,0.0799,-0.3399,0.9980,176,7.326378,0.1995,0.0709
BiancaGolden_CircleTurns,-179.9481,7.1216,199.7324,-4.3461,-12.0210,-5.3616,0.9354,0.0750,-0.3457,0.9980,177,7.340119,0.2005,0.0712
BiancaGolden_CircleTurns,-179.8451,7.1262,199.6238,-4.3932,-12.3129,-4.9315,0.9334,0.0814,-0.3496,0.9980,177,7.353738,0.2015,0.0713
BiancaGolden_CircleTurns,-179.7366,7.1525,199.5442,-4.5548,-12.5826,-4.5672,0.9322,0.0713,-0.3549,0.9980,177,7.368310,0.2026,0.0715
BiancaGolden_CircleTurns,-179.6314,7.1513,199.4697,-4.6744,-12.8297,-4.2985,0.9349,0.0600,-0.3498,0.9980,178,7.382476,0.2037,0.0715
BiancaGolden_CircleTurns,-179.5465,7.1315,199.3990,-4.8601,-13.0756,-4.0496,0.9373,0.0531,-0.3444,0.9980,178,7.394773,0.2045,0.0713
BiancaGolden_CircleTurns,-179.4608,7.1097,199.3157,-4.9964,-13.3212,-3.9277,0.9367,0.0399,-0.3479,0.9980,179,7.409927,0.2054,0.0711
BiancaGolden_CircleTurns,-179.3902,7.0757,199.2178,-5.1459,-13.5578,-3.8382,0.9376,0.0263,-0.3468,0.9980,179,7.423821,0.2061,0.0708
BiancaGolden_CircleTurns,-179.3189,7.0343,199.1358,-5.2383,-13.8002,-3.7882,0.9363,0.0271,-0.3502,0.9980,180,7.437345,0.2068,0.0703
BiancaGolden_CircleTurns,-179.2611,6.9886,199.0397,-5.3329,-14.0086,-3.7420,0.9364,0.0138,-0.3508,0.9980,180,7.450803,0.2074,0.0699
BiancaGolden_CircleTurns,-179.1970,6.9439,198.9771,-5.4510,-14.2443,-3.7046,0.9389,0.0109,-0.3441,0.9980,180,7.465038,0.2080,0.0694
BiancaGolden_CircleTurns,-179.1408,6.8896,198.9167,-5.5806,-14.4560,-3.6946,0.9385,0.0041,-0.3453,0.9980,181,7.478703,0.2086,0.0689
BiancaGolden_CircleTurns,-179.0851,6.8540,198.8707,-5.7050,-14.6186,-3.7290,0.9380,0.0042,-0.3467,0.9980,181,7.495358,0.2091,0.0685
BiancaGolden_CircleTurns,-179.0294,6.8057,198.8186,-5.7399,-14.7513,-3.7197,0.9391,0.0069,-0.3435,0.9980,182,7.508182,0.2097,0.0681
BiancaGolden_CircleTurns,-178.9936,6.7693,198.7654,-5.7466,-14.8497,-3.6543,0.9388,0.0078,-0.3445,0.9980,182,7.521584,0.2101,0.0677
BiancaGolden_CircleTurns,-178.9554,6.7270,198.7254,-5.6855,-14.9011,-3.5923,0.9397,0.0092,-0.3419,0.9980,182,7.535404,0.2104,0.0673
BiancaGolden_CircleTurns,-178.9448,6.7052,198.6721,-5.6768,-14.9217,-3.4850,0.9396,0.0073,-0.3422,0.9980,183,7.548325,0.2106,0.0671
BiancaGolden_CircleTurns,-178.9188,6.6769,198.6390,-5.6949,-14.9873,-3.3252,0.9422,0.0083,-0.3350,0.9980,183,7.562279,0.2108,0.0668
BiancaGolden_CircleTurns,-178.8953,6.6316,198.6131,-5.7306,-15.0353,-3.1269,0.9434,0.0106,-0.3316,0.9980,184,7.576114,0.2110,0.0663
BiancaGolden_CircleTurns,-178.8735,6.5995,198.5967,-5.8484,-15.0505,-2.9649,0.9441,0.0104,-0.3296,0.9980,184,7.590453,0.2113,0.0660
BiancaGolden_CircleTurns,-178.8584,6.5542,198.5765,-6.0030,-15.0817,-2.8280,0.9441,0.0121,-0.3296,0.9980,184,7.603903,0.2114,0.0655
BiancaGolden_CircleTurns,-178.8588,6.5245,198.5421,-6.1463,-15.0880,-2.7372,0.9436,0.0097,-0.3310,0.9980,185,7.617907,0.2114,0.0652
BiancaGolden_CircleTurns,-178.8467,6.4849,198.5204,-6.2323,-15.1486,-2.6051,0.9437,0.0095,-0.3307,0.9980,185,7.630816,0.2115,0.0648
BiancaGolden_CircleTurns,-178.8316,6.4463,198.5042,-6.2882,-15.1757,-2.4698,0.9438,0.0110,-0.3302,0.9980,186,7.645366,0.2117,0.0645
BiancaGolden_CircleTurns,-178.8190,6.4142,198.4973,-6.3733,-15.1739,-2.3489,0.9436,0.0131,-0.3308,0.9980,186,7.659413,0.2118,0.0641
BiancaGolden_CircleTurns,-178.8281,6.3793,198.4727,-6.4773,-15.2146,-2.2311,0.9424,0.0147,-0.3342,0.9980,187,7.674513,0.2117,0.0638
BiancaGolden_CircleTurns,-178.8258,6.3487,198.4463,-6.5965,-15.2815,-2.1267,0.9417,0.0154,-0.3360,0.9980,187,7.687807,0.2117,0.0635
BiancaGolden_CircleTurns,-178.8202,6.3191,198.4403,-6.7444,-15.4005,-2.0932,0.9411,0.0083,-0.3381,0.9980,187,7.701437,0.2118,0.0632
BiancaGolden_CircleTurns,-178.8017,6.2832,198.4377,-6.8055,-15.4712,-2.0457,0.9408,0.0087,-0.3388,0.9980,188,7.715300,0.2120,0.0628
BiancaGolden_CircleTurns,-178.7773,6.2595,198.4351,-6.7799,-15.5107,-2.0275,0.9415,0.0066,-0.3369,0.9980,188,7.728158,0.2122,0.0626
BiancaGolden_CircleTurns,-178.7446,6.2361,198.4400,-6.7051,-15.5078,-1.9665,0.9416,0.0037,-0.3367,0.9980,189,7.743772,0.2126,0.0624
BiancaGolden_CircleTurns,-178.7060,6.2354,198.4491,-6.7261,-15.4742,-1.9292,0.9416,0.0056,-0.3367,0.9980,189,7.758578,0.2129,0.0624
BiancaGolden_CircleTurns,-178.6403,6.2071,198.4440,-6.7868,-15.4711,-1.8121,0.9420,0.0043,-0.3357,0.9980,190,7.772581,0.2136,0.0621
BiancaGolden_CircleTurns,-178.6193,6.2237,198.4185,-6.7893,-15.4962,-1.7454,0.9417,0.0055,-0.3365,0.9980,190,7.786155,0.2138,0.0622
BiancaGolden_CircleTurns,-178.6290,6.2322,198.3915,-6.6756,-15.5396,-1.6633,0.9411,0.0082,-0.3380,0.9980,190,7.799142,0.2137,0.0623
BiancaGolden_CircleTurns,-178.6028,6.2403,198.3697,-6.6240,-15.6297,-1.4946,0.9407,0.0101,-0.3392,0.9980,191,7.812514,0.2140,0.0624
BiancaGolden_CircleTurns,-178.5494,6.2576,198.3630,-6.6396,-15.7032,-1.3816,0.9382,0.0121,-0.3458,0.9980,191,7.825597,0.2145,0.0626
BiancaGolden_CircleTurns,-178.5081,6.2604,198.3565,-6.6168,-15.7913,-1.2380,0.9377,0.0144,-0.3473,0.9980,192,7.841135,0.2149,0.0626
BiancaGolden_CircleTurns,-178.4749,6.2810,198.3323,-6.5752,-15.8715,-1.1056,0.9368,0.0168,-0.3494,0.9980,192,7.854668,0.2153,0.0628
BiancaGolden_CircleTurns,-178.4493,6.2790,198.3103,-6.4918,-16.0076,-0.9419,0.9363,0.0162,-0.3508,0.9980,192,7.868067,0.2155,0.0628
BiancaGolden_CircleTurns,-178.4283,6.2881,198.2983,-6.3699,-16.1590,-0.7529,0.9371,0.0157,-0.3486,0.9980,193,7.881386,0.2157,0.0629
BiancaGolden_CircleTurns,-178.3919,6.2860,198.3085,-6.2102,-16.3001,-0.5115,0.9374,0.0170,-0.3478,0.9980,193,7.894971,0.2161,0.0629
BiancaGolden_CircleTurns,-178.3337,6.2859,198.3259,-6.0250,-16.3341,-0.2440,0.9385,0.0173,-0.3447,0.9980,194,7.910042,0.2167,0.0629
BiancaGolden_CircleTurns,-178.2280,6.2987,198.3605,-5.8770,-16.2111,0.0229,0.9401,0.0181,-0.3404,0.9980,194,7.923358,0.2177,0.0630
BiancaGolden_CircleTurns,-178.1231,6.3240,198.3778,-5.8449,-15.9929,0.2766,0.9415,0.0229,-0.3364,0.9980,195,7.937403,0.2188,0.0632
BiancaGolden_CircleTurns,-178.0283,6.3598,198.3542,-5.7678,-15.7123,0.5738,0.9441,0.0247,-0.3288,0.9980,195,7.951081,0.2197,0.0636
BiancaGolden_CircleTurns,-177.9779,6.4002,198.2770,-5.5874,-15.5351,0.9134,0.9439,0.0309,-0.3288,0.9980,195,7.965458,0.2202,0.0640
BiancaGolden_CircleTurns,-177.9373,6.4438,198.1871,-5.3570,-15.5116,1.3047,0.9432,0.0367,-0.3303,0.9980,196,7.979208,0.2206,0.0644
BiancaGolden_CircleTurns,-177.8818,6.4787,198.1060,-5.1832,-15.6197,1.6817,0.9411,0.0381,-0.3360,0.9980,196,7.995528,0.2212,0.0648
BiancaGolden_CircleTurns,-177.7888,6.5361,198.0747,-5.1761,-15.7507,1.9047,0.9387,0.0347,-0.3429,0.9980,197,8.007110,0.2221,0.0654
BiancaGolden_CircleTurns,-177.6334,6.5685,198.0935,-5.2737,-15.8428,1.9899,0.9388,0.0337,-0.3428,0.9980,197,8.020708,0.2237,0.0657
BiancaGolden_CircleTurns,-177.4463,6.6412,198.1357,-5.4029,-15.8349,1.9212,0.9398,0.0253,-0.3408,0.9980,197,8.035091,0.2255,0.0664
BiancaGolden_CircleTurns,-177.1969,6.7362,198.1942,-5.4632,-15.6879,1.6917,0.9419,0.0154,-0.3355,0.9980,198,8.048354,0.2280,0.0674
BiancaGolden_CircleTurns,-176.9546,6.8703,198.2151,-5.3883,-15.5048,1.4240,0.9430,0.0018,-0.3329,0.9980,198,8.062089,0.2305,0.0687
BiancaGolden_CircleTurns,-176.6947,7.0476,198.2358,-4.9757,-15.3206,1.2568,0.9411,-0.0051,-0.3382,0.9980,199,8.076376,0.2331,0.0705
BiancaGolden_CircleTurns,-176.4013,7.2779,198.2672,-4.2601,-15.1334,1.2961,0.9406,-0.0163,-0.3392,0.9980,199,8.089545,0.2360,0.0728
BiancaGolden_CircleTurns,-176.0717,7.5344,198.3249,-3.6849,-14.8849,1.4871,0.9329,-0.0195,-0.3597,0.9980,200,8.104055,0.2393,0.0753
BiancaGolden_CircleTurns,-175.6863,7.8250,198.4316,-3.3002,-14.5887,1.6623,0.9353,-0.0185,-0.3535,0.9980,200,8.118326,0.2431,0.0783
BiancaGolden_CircleTurns,-175.2622,8.1612,198.5014,-2.8703,-14.2248,1.7729,0.9317,-0.0191,-0.3628,0.9980,200,8.131599,0.2474,0.0816
BiancaGolden_CircleTurns,-174.8147,8.4911,198.5636,-2.1262,-13.9033,1.9442,0.9331,-0.0219,-0.3590,0.9980,201,8.147992,0.2519,0.0849
BiancaGolden_CircleTurns,-174.3294,8.8553,198.6069,-1.1688,-13.5252,2.0523,0.9352,-0.0257,-0.3533,0.9980,201,8.159801,0.2567,0.0886
BiancaGolden_CircleTurns,-173.8113,9.2408,198.6488,-0.1441,-13.1770,2.0093,0.9367,-0.0391,-0.3478,0.9980,202,8.175329,0.2619,0.0924
BiancaGolden_CircleTurns,-173.2358,9.6046,198.6839,1.1217,-12.8257,1.8348,0.9391,-0.0461,-0.3404,0.9980,202,8.189384,0.2676,0.0960
BiancaGolden_CircleTurns,-172.6617,10.0077,198.7261,2.3176,-12.4603,1.5716,0.9376,-0.0558,-0.3431,0.9980,202,8.202365,0.2734,0.1001
BiancaGolden_CircleTurns,-172.0679,10.4503,198.7189,3.3029,-12.0510,1.2391,0.9370,-0.0622,-0.3437,0.9980,203,8.216510,0.2793,0.1045
BiancaGolden_CircleTurns,-171.4879,10.9145,198.6877,4.2420,-11.7021,1.0654,0.9345,-0.0644,-0.3501,0.9980,203,8.228544,0.2851,0.1091
BiancaGolden_CircleTurns,-170.8742,11.3786,198.6467,5.1157,-11.4493,1.0996,0.9315,-0.0661,-0.3577,0.9980,204,8.244126,0.2913,0.1138
BiancaGolden_CircleTurns,-170.2406,11.8506,198.6205,5.9346,-11.2642,1.2202,0.9320,-0.0624,-0.3572,0.9980,204,8.257699,0.2976,0.1185
BiancaGolden_CircleTurns,-169.6168,12.3607,198.6017,6.5344,-11.1486,1.4158,0.9289,-0.0599,-0.3654,0.9980,205,8.271663,0.3038,0.1236
BiancaGolden_CircleTurns,-168.9801,12.8423,198.5889,7.0408,-11.0809,1.7570,0.9297,-0.0549,-0.3641,0.9980,205,8.285057,0.3102,0.1284
BiancaGolden_CircleTurns,-168.3285,13.3478,198.6130,7.2501,-11.0184,2.1015,0.9241,-0.0473,-0.3791,0.9980,205,8.298622,0.3167,0.1335
BiancaGolden_CircleTurns,-167.6482,13.8013,198.6746,7.2297,-10.8910,2.4169,0.9239,-0.0347,-0.3811,0.9980,206,8.312831,0.3235,0.1380
BiancaGolden_CircleTurns,-166.9503,14.1993,198.7943,7.0557,-10.7657,2.7034,0.9158,-0.0199,-0.4010,0.9980,206,8.325675,0.3305,0.1420
BiancaGolden_CircleTurns,-166.2805,14.5721,198.8469,6.9010,-10.6751,2.9173,0.9060,0.0059,-0.4232,0.9980,207,8.340862,0.3372,0.1457
BiancaGolden_CircleTurns,-165.6535,14.9064,198.8423,6.7851,-10.7489,3.0548,0.9042,0.0081,-0.4270,0.9980,207,8.354128,0.3435,0.1491
BiancaGolden_CircleTurns,-165.0305,15.1898,198.8631,6.3952,-11.0244,3.0966,0.8943,0.0070,-0.4473,0.9980,207,8.368673,0.3497,0.1519
BiancaGolden_CircleTurns,-164.4019,15.4286,198.9515,5.9253,-11.3475,3.0363,0.8918,0.0072,-0.4525,0.9980,208,8.381561,0.3560,0.1543
BiancaGolden_CircleTurns,-163.7860,15.6506,199.0742,5.3640,-11.6456,2.9346,0.8887,0.0023,-0.4585,0.9980,208,8.394931,0.3621,0.1565
BiancaGolden_CircleTurns,-163.2152,15.8359,199.1715,4.5766,-11.9288,2.6957,0.8813,-0.0054,-0.4725,0.9980,209,8.410289,0.3678,0.1584
BiancaGolden_CircleTurns,-162.6445,16.0139,199.2457,3.6636,-12.2180,2.4102,0.8761,-0.0106,-0.4819,0.9980,209,8.424297,0.3736,0.1601
BiancaGolden_CircleTurns,-162.0743,16.2020,199.3462,2.8582,-12.4487,2.1174,0.8696,-0.0225,-0.4932,0.9980,210,8.437888,0.3793,0.1620
BiancaGolden_CircleTurns,-161.4919,16.3760,199.4825,2.1389,-12.6478,1.8953,0.8678,-0.0217,-0.4964,0.9980,210,8.451982,0.3851,0.1638
BiancaGolden_CircleTurns,-160.9140,16.5390,199.6799,1.4942,-12.8044,1.7407,0.8348,-0.0326,-0.5496,0.9980,210,8.466177,0.3909,0.1654
BiancaGolden_CircleTurns,-160.3526,16.7075,199.8992,1.0470,-12.9435,1.6666,0.7994,-0.0640,-0.5973,0.9980,211,8.480155,0.3965,0.1671
BiancaGolden_CircleTurns,-159.8092,16.8839,200.1279,0.6144,-13.0048,1.7136,0.7904,-0.0755,-0.6080,0.9980,211,8.496544,0.4019,0.1688
BiancaGolden_CircleTurns,-159.2726,17.0513,200.3537,0.1577,-12.9629,1.7948,0.7731,-0.0878,-0.6282,0.9980,212,8.509132,0.4073,0.1705
BiancaGolden_CircleTurns,-158.7796,17.2047,200.5731,-0.2604,-12.9067,1.8780,0.7539,-0.1211,-0.6457,0.9980,212,8.521896,0.4122,0.1720
BiancaGolden_CircleTurns,-158.2845,17.3435,200.8105,-0.4206,-12.8050,2.1448,0.7562,-0.1162,-0.6439,0.9980,212,8.535746,0.4172,0.1734
BiancaGolden_CircleTurns,-157.7965,17.5191,201.0713,-0.6116,-12.6270,2.3954,0.7486,-0.1430,-0.6474,0.9980,213,8.549747,0.4220,0.1752
BiancaGolden_CircleTurns,-157.3113,17.6765,201.3191,-1.0325,-12.3400,2.6296,0.7476,-0.1696,-0.6422,0.9980,213,8.562272,0.4269,0.1768
BiancaGolden_CircleTurns,-156.8444,17.8148,201.5149,-1.5501,-11.9561,2.7315,0.7503,-0.1682,-0.6393,0.9980,214,8.578113,0.4316,0.1781
BiancaGolden_CircleTurns,-156.3810,17.9158,201.6812,-2.0581,-11.5856,2.8113,0.7455,-0.1689,-0.6448,0.9980,214,8.591262,0.4362,0.1792
BiancaGolden_CircleTurns,-155.9080,18.0160,201.8191,-2.4738,-11.2278,2.8271,0.7485,-0.1654,-0.6421,0.9980,215,8.605170,0.4409,0.1802
BiancaGolden_CircleTurns,-155.4470,18.1101,201.9168,-2.8783,-10.9114,2.8183,0.7441,-0.1714,-0.6457,0.9980,215,8.619475,0.4455,0.1811
BiancaGolden_CircleTurns,-154.9939,18.1922,201.9710,-3.3118,-10.6770,2.7779,0.7453,-0.1698,-0.6447,0.9980,215,8.633726,0.4501,0.1819
BiancaGolden_CircleTurns,-154.5545,18.2578,201.9750,-3.7040,-10.5062,2.7480,0.7383,-0.1700,-0.6528,0.9980,216,8.647104,0.4545,0.1826
BiancaGolden_CircleTurns,-154.1005,18.3137,201.9467,-4.0047,-10.4191,2.7116,0.7473,-0.1730,-0.6416,0.9980,216,8.660298,0.4590,0.1831
BiancaGolden_CircleTurns,-153.6520,18.3403,201.8573,-4.2665,-10.4295,2.6625,0.7422,-0.1749,-0.6470,0.9980,217,8.675314,0.4635,0.1834
BiancaGolden_CircleTurns,-153.1917,18.3549,201.7483,-4.4859,-10.4880,2.6186,0.7397,-0.1783,-0.6489,0.9980,217,8.689349,0.4681,0.1835
BiancaGolden_CircleTurns,-152.7226,18.3424,201.6124,-4.6276,-10.6251,2.5312,0.7368,-0.1789,-0.6521,0.9980,217,8.703615,0.4728,0.1834
BiancaGolden_CircleTurns,-152.2059,18.3090,201.4911,-4.7608,-10.8337,2.4046,0.7213,-0.1931,-0.6651,0.9980,218,8.717690,0.4779,0.1831
BiancaGolden_CircleTurns,-151.6633,18.2736,201.4086,-4.8411,-11.0676,2.2327,0.7178,-0.1953,-0.6683,0.9980,218,8.730963,0.4834,0.1827
BiancaGolden_CircleTurns,-151.1066,18.1947,201.3201,-4.8397,-11.3221,2.0702,0.7176,-0.1987,-0.6675,0.9980,219,8.745008,0.4889,0.1819
BiancaGolden_CircleTurns,-150.5325,18.1100,201.2083,-4.8300,-11.5431,1.9128,0.7187,-0.2017,-0.6654,0.9980,219,8.758468,0.4947,0.1811
BiancaGolden_CircleTurns,-149.9399,17.9780,201.0700,-4.6921,-11.7672,1.7628,0.7165,-0.2055,-0.6667,0.9980,220,8.772901,0.5006,0.1798
BiancaGolden_CircleTurns,-149.3308,17.8423,200.9122,-4.4665,-11.9377,1.6232,0.7576,-0.1547,-0.6341,0.9980,220,8.787312,0.5067,0.1784
BiancaGolden_CircleTurns,-148.7030,17.6935,200.7501,-4.2933,-12.0716,1.4437,0.8030,-0.1327,-0.5810,0.9980,220,8.801421,0.5130,0.1769
BiancaGolden_CircleTurns,-148.0577,17.5334,200.5677,-4.1612,-12.1810,1.2428,0.8590,-0.1134,-0.4992,0.9980,221,8.814297,0.5194,0.1753
BiancaGolden_CircleTurns,-147.4054,17.3415,200.3445,-4.0561,-12.2577,1.0264,0.8691,-0.0931,-0.4858,0.9980,221,8.827450,0.5259,0.1734
BiancaGolden_CircleTurns,-146.7408,17.1233,200.1144,-3.9076,-12.3887,0.8259,0.8672,-0.0969,-0.4884,0.9980,222,8.843514,0.5326,0.1712
BiancaGolden_CircleTurns,-146.0511,16.9013,199.9142,-3.7954,-12.5777,0.6160,0.8646,-0.1005,-0.4923,0.9980,222,8.856873,0.5395,0.1690
BiancaGolden_CircleTurns,-145.3545,16.6714,199.7222,-3.7454,-12.8425,0.3952,0.8622,-0.0970,-0.4972,0.9980,223,8.871016,0.5465,0.1667
BiancaGolden_CircleTurns,-144.6595,16.4127,199.5445,-3.7613,-13.2549,0.2171,0.8610,-0.0913,-0.5003,0.9980,223,8.884914,0.5534,0.1641
BiancaGolden_CircleTurns,-143.9684,16.1501,199.3781,-3.7844,-13.7661,0.0386,0.8577,-0.0796,-0.5079,0.9980,223,8.899410,0.5603,0.1615
BiancaGolden_CircleTurns,-143.2870,15.8793,199.1838,-3.7953,-14.2921,-0.0847,0.8532,-0.0807,-0.5153,0.9980,224,8.912804,0.5671,0.1588
BiancaGolden_CircleTurns,-142.5824,15.5975,198.9736,-3.7751,-14.8562,-0.1484,0.8479,-0.0822,-0.5238,0.9980,224,8.925348,0.5742,0.1560
BiancaGolden_CircleTurns,-141.7983,15.3049,198.8977,-3.6947,-15.4369,-0.2260,0.8445,-0.0825,-0.5291,0.9980,225,8.940751,0.5820,0.1530
BiancaGolden_CircleTurns,-140.9154,14.9662,198.9785,-3.6631,-15.7994,-0.2368,0.8522,-0.0839,-0.5164,0.9980,225,8.954695,0.5908,0.1497
BiancaGolden_CircleTurns,-140.0218,14.6582,199.1444,-3.7045,-15.6317,-0.3697,0.8572,-0.0857,-0.5079,0.9980,225,8.967934,0.5998,0.1466
BiancaGolden_CircleTurns,-139.2038,14.3745,199.1039,-3.9102,-15.4641,-0.5237,0.8562,-0.0810,-0.5103,0.9980,226,8.982394,0.6080,0.1437
BiancaGolden_CircleTurns,-138.3889,14.1108,198.9859,-4.1914,-15.1926,-0.7032,0.8598,-0.0689,-0.5059,0.9980,226,8.999231,0.6161,0.1411
BiancaGolden_CircleTurns,-137.5939,13.8711,199.0222,-4.4390,-14.9817,-0.8826,0.8612,-0.0700,-0.5035,0.9980,227,9.010675,0.6241,0.1387
BiancaGolden_CircleTurns,-136.8036,13.6140,199.0973,-4.4803,-14.8143,-0.9705,0.8669,-0.0686,-0.4938,0.9980,227,9.023393,0.6320,0.1361
BiancaGolden_CircleTurns,-136.0383,13.3788,199.1295,-4.4212,-14.7377,-0.9958,0.8673,-0.0678,-0.4931,0.9980,228,9.037937,0.6396,0.1338
BiancaGolden_CircleTurns,-135.2800,13.1945,199.1863,-4.3616,-14.6962,-0.9250,0.8683,-0.0637,-0.4919,0.9980,228,9.051074,0.6472,0.1319
BiancaGolden_CircleTurns,-134.5039,13.0142,199.3451,-4.4136,-14.7397,-0.8188,0.8612,-0.0578,-0.5051,0.9980,228,9.064872,0.6550,0.1301
BiancaGolden_CircleTurns,-133.7286,12.8577,199.5879,-4.5340,-14.7004,-0.6675,0.8623,-0.0553,-0.5034,0.9980,229,9.079008,0.6627,0.1286
BiancaGolden_CircleTurns,-132.9755,12.7013,199.7867,-4.5160,-14.5947,-0.4976,0.8241,0.0643,-0.5628,0.9980,229,9.092401,0.6702,0.1270
BiancaGolden_CircleTurns,-132.2446,12.5798,199.9167,-4.4236,-14.3885,-0.3597,0.8257,0.0656,-0.5602,0.9980,230,9.107749,0.6776,0.1258
BiancaGolden_CircleTurns,-131.5614,12.5126,200.0371,-4.3107,-14.1792,-0.2114,0.8270,0.0674,-0.5581,0.9980,230,9.121467,0.6844,0.1251
BiancaGolden_CircleTurns,-130.9131,12.4797,200.1550,-4.2183,-14.0241,-0.0497,0.8519,0.1487,-0.5022,0.9980,230,9.135085,0.6909,0.1248
BiancaGolden_CircleTurns,-130.2872,12.4710,200.2482,-4.0380,-13.8845,0.1504,0.8614,0.1512,-0.4849,0.9980,231,9.148887,0.6971,0.1247
BiancaGolden_CircleTurns,-129.6931,12.4834,200.2669,-3.7971,-13.7338,0.4367,0.8673,0.0283,-0.4970,0.9980,231,9.161743,0.7031,0.1248
BiancaGolden_CircleTurns,-129.1092,12.5247,200.2458,-3.5454,-13.6537,0.7635,0.8672,0.0316,-0.4970,0.9980,232,9.176268,0.7089,0.1252
BiancaGolden_CircleTurns,-128.5072,12.5706,200.3120,-3.3199,-13.6553,1.0543,0.8660,0.0123,-0.4999,0.9980,232,9.190804,0.7149,0.1257
BiancaGolden_CircleTurns,-127.9072,12.6373,200.5046,-3.1721,-13.7691,1.3340,0.9000,-0.0085,-0.4358,0.9980,233,9.204460,0.7209,0.1264
BiancaGolden_CircleTurns,-127.3064,12.7221,200.6786,-3.0031,-13.8495,1.5591,0.9011,-0.0142,-0.4333,0.9980,233,9.218786,0.7269,0.1272
BiancaGolden_CircleTurns,-126.7180,12.8241,200.7945,-2.8504,-13.9659,1.7608,0.9006,-0.0116,-0.4345,0.9980,233,9.233083,0.7328,0.1282
BiancaGolden_CircleTurns,-126.1316,12.9670,200.8766,-2.6593,-14.0500,1.9693,0.9000,-0.0115,-0.4358,0.9980,234,9.245581,0.7387,0.1297
BiancaGolden_CircleTurns,-125.5368,13.1320,200.9498,-2.5243,-14.1346,2.1640,0.9000,-0.0094,-0.4357,0.9980,234,9.259441,0.7446,0.1313
BiancaGolden_CircleTurns,-124.8991,13.3304,201.0621,-2.4238,-14.1379,2.3092,0.9008,-0.0076,-0.4342,0.9980,235,9.273641,0.7510,0.1333
BiancaGolden_CircleTurns,-124.2640,13.5463,201.2064,-2.4160,-14.0399,2.4216,0.9037,-0.0192,-0.4277,0.9980,235,9.287513,0.7574,0.1355
BiancaGolden_CircleTurns,-123.6470,13.7828,201.2938,-2.3500,-13.9271,2.5195,0.8960,-0.0199,-0.4435,0.9980,235,9.302287,0.7635,0.1378
BiancaGolden_CircleTurns,-123.0480,14.0326,201.3256,-2.2742,-13.8718,2.6543,0.8953,-0.0182,-0.4451,0.9980,236,9.315644,0.7695,0.1403
BiancaGolden_CircleTurns,-122.4747,14.3155,201.3098,-2.1520,-13.8804,2.7874,0.8934,-0.0195,-0.4488,0.9980,236,9.328927,0.7753,0.1432
BiancaGolden_CircleTurns,-121.8988,14.6058,201.2947,-1.9659,-13.9856,2.9338,0.8920,-0.0175,-0.4517,0.9980,237,9.343106,0.7810,0.1461
BiancaGolden_CircleTurns,-121.3241,14.9072,201.2661,-1.7585,-14.1741,3.1308,0.8905,-0.0158,-0.4547,0.9980,237,9.356857,0.7868,0.1491
BiancaGolden_CircleTurns,-120.7310,15.2315,201.2488,-1.5626,-14.3878,3.2859,0.8890,-0.0203,-0.4574,0.9980,238,9.371796,0.7927,0.1523
BiancaGolden_CircleTurns,-120.1244,15.5633,201.2211,-1.3854,-14.5772,3.3579,0.8882,-0.0202,-0.4590,0.9980,238,9.385244,0.7988,0.1556
BiancaGolden_CircleTurns,-119.5233,15.9023,201.1821,-1.2025,-14.6939,3.4074,0.8857,-0.0235,-0.4636,0.9980,238,9.399472,0.8048,0.1590
BiancaGolden_CircleTurns,-118.9160,16.2567,201.1190,-1.0028,-14.7944,3.3712,0.8824,-0.0333,-0.4694,0.9980,239,9.412112,0.8108,0.1626
BiancaGolden_CircleTurns,-118.3055,16.6293,201.0322,-0.8354,-14.8441,3.2883,0.8838,-0.0367,-0.4664,0.9980,239,9.425326,0.8169,0.1663
BiancaGolden_CircleTurns,-117.6890,17.0114,200.9462,-0.6942,-14.8690,3.1792,0.8838,-0.0393,-0.4663,0.9980,240,9.441428,0.8231,0.1701
BiancaGolden_CircleTurns,-117.0799,17.4131,200.8579,-0.6081,-14.8669,3.0321,0.8821,-0.0471,-0.4687,0.9980,240,9.454329,0.8292,0.1741
BiancaGolden_CircleTurns,-116.4817,17.8313,200.7362,-0.4874,-14.8093,2.8967,0.8823,-0.0487,-0.4682,0.9980,240,9.469913,0.8352,0.1783
BiancaGolden_CircleTurns,-115.9242,18.2836,200.5408,-0.4577,-14.7577,2.7627,0.8819,-0.0502,-0.4688,0.9980,241,9.482416,0.8408,0.1828
BiancaGolden_CircleTurns,-115.3521,18.7506,200.3459,-0.5301,-14.7896,2.6472,0.8798,-0.0531,-0.4723,0.9980,241,9.499593,0.8465,0.1875
BiancaGolden_CircleTurns,-114.8070,19.2403,200.1735,-0.7095,-14.8980,2.4533,0.8721,-0.0585,-0.4858,0.9980,242,9.510302,0.8519,0.1924
BiancaGolden_CircleTurns,-114.2299,19.7260,200.0327,-0.9285,-15.1150,2.2123,0.8581,-0.0876,-0.5060,0.9980,242,9.523383,0.8577,0.1973
BiancaGolden_CircleTurns,-113.6418,20.2310,199.9257,-1.1282,-15.3082,1.8971,0.8540,-0.1016,-0.5102,0.9980,243,9.538406,0.8636,0.2023
BiancaGolden_CircleTurns,-113.0551,20.7545,199.8580,-1.3364,-15.5019,1.4815,0.8523,-0.1089,-0.5116,0.9980,243,9.551019,0.8694,0.2075
BiancaGolden_CircleTurns,-112.4598,21.2952,199.7831,-1.4750,-15.6502,1.0099,0.8494,-0.1240,-0.5130,0.9980,243,9.565646,0.8754,0.2130
BiancaGolden_CircleTurns,-111.8473,21.8363,199.7208,-1.4847,-15.7121,0.4979,0.8501,-0.1334,-0.5095,0.9980,244,9.578693,0.8815,0.2184
BiancaGolden_CircleTurns,-111.2093,22.3968,199.6928,-1.3429,-15.6723,-0.0919,0.8504,-0.1432,-0.5063,0.9980,244,9.591508,0.8879,0.2240
BiancaGolden_CircleTurns,-110.5678,22.9662,199.6441,-1.1404,-15.4878,-0.6894,0.8516,-0.1513,-0.5020,0.9980,245,9.606693,0.8943,0.2297
BiancaGolden_CircleTurns,-109.9141,23.5488,199.5923,-0.9380,-15.2939,-1.3066,0.8518,-0.1608,-0.4986,0.9980,245,9.620915,0.9009,0.2355
BiancaGolden_CircleTurns,-109.1873,24.1327,199.6422,-0.7392,-15.1016,-1.8811,0.8530,-0.1668,-0.4946,0.9980,245,9.635180,0.9081,0.2413
BiancaGolden_CircleTurns,-108.4283,24.7292,199.7776,-0.6479,-14.8329,-2.4643,0.8486,-0.1714,-0.5005,0.9980,246,9.647729,0.9157,0.2473
BiancaGolden_CircleTurns,-107.7149,25.3786,199.8278,-0.8094,-14.4622,-3.1096,0.8490,-0.1804,-0.4966,0.9980,246,9.661121,0.9229,0.2538
BiancaGolden_CircleTurns,-107.0624,26.0200,199.6894,-0.9931,-14.1741,-3.7700,0.8471,-0.1876,-0.4972,0.9980,247,9.676260,0.9294,0.2602
BiancaGolden_CircleTurns,-106.4039,26.6451,199.5605,-1.0745,-14.0486,-4.2918,0.8470,-0.1881,-0.4973,0.9980,247,9.690159,0.9360,0.2665
BiancaGolden_CircleTurns,-105.7518,27.2794,199.5040,-1.1166,-14.0251,-4.8217,0.8447,-0.1957,-0.4982,0.9980,247,9.703777,0.9425,0.2728
BiancaGolden_CircleTurns,-105.1005,27.9129,199.4359,-1.1273,-14.0839,-5.3471,0.8368,-0.1965,-0.5111,0.9980,248,9.717185,0.9490,0.2791
BiancaGolden_CircleTurns,-104.4547,28.5524,199.3704,-1.1554,-14.2193,-5.8239,0.8317,-0.1933,-0.5205,0.9980,248,9.730586,0.9555,0.2855
BiancaGolden_CircleTurns,-103.7903,29.1838,199.3641,-1.1976,-14.3765,-6.3086,0.8224,-0.1957,-0.5342,0.9980,249,9.746056,0.9621,0.2918
BiancaGolden_CircleTurns,-103.1096,29.8033,199.4316,-1.2942,-14.5436,-6.8165,0.8194,-0.2019,-0.5365,0.9980,249,9.759310,0.9689,0.2980
BiancaGolden_CircleTurns,-102.4435,30.3810,199.4927,-1.4033,-14.6910,-7.2971,0.8173,-0.2008,-0.5400,0.9980,250,9.773526,0.9756,0.3038
BiancaGolden_CircleTurns,-101.7792,30.9765,199.5522,-1.4935,-14.8068,-7.7929,0.8148,-0.2076,-0.5412,0.9980,250,9.786709,0.9822,0.3098
BiancaGolden_CircleTurns,-101.1157,31.5528,199.6408,-1.4336,-14.8943,-8.2551,0.8145,-0.2032,-0.5434,0.9980,250,9.801936,0.9888,0.3155
BiancaGolden_CircleTurns,-100.4543,32.1317,199.7651,-1.4348,-14.9691,-8.6264,0.8132,-0.2084,-0.5435,0.9980,251,9.814371,0.9955,0.3213
BiancaGolden_CircleTurns,-99.8076,32.6984,199.8816,-1.3908,-14.9804,-8.9763,0.8138,-0.2025,-0.5447,0.9980,251,9.827704,1.0019,0.3270
BiancaGolden_CircleTurns,-99.1757,33.2213,199.9927,-1.3521,-15.0922,-9.2151,0.8111,-0.2040,-0.5482,0.9980,252,9.842524,1.0082,0.3322
BiancaGolden_CircleTurns,-98.5210,33.7419,200.1227,-1.3079,-15.1437,-9.4317,0.8103,-0.2062,-0.5485,0.9980,252,9.856213,1.0148,0.3374
BiancaGolden_CircleTurns,-97.8839,34.2411,200.2630,-1.3002,-15.1675,-9.5855,0.8102,-0.2089,-0.5476,0.9980,253,9.871135,1.0212,0.3424
BiancaGolden_CircleTurns,-97.2430,34.7337,200.3540,-1.3164,-15.1062,-9.7785,0.8103,-0.2068,-0.5483,0.9980,253,9.883697,1.0276,0.3473
BiancaGolden_CircleTurns,-96.6034,35.1587,200.4389,-1.3294,-15.0838,-9.8922,0.8081,-0.2048,-0.5524,0.9980,253,9.898685,1.0340,0.3516
BiancaGolden_CircleTurns,-95.9404,35.5790,200.5776,-1.3005,-15.0868,-10.0145,0.8067,-0.2062,-0.5538,0.9980,254,9.911365,1.0406,0.3558
BiancaGolden_CircleTurns,-95.2659,35.9718,200.7601,-1.2891,-15.1825,-10.1254,0.8050,-0.2074,-0.5558,0.9980,254,9.924747,1.0473,0.3597
BiancaGolden_CircleTurns,-94.5930,36.3436,200.9228,-1.2871,-15.3086,-10.2366,0.8016,-0.2073,-0.5608,0.9980,255,9.940104,1.0541,0.3634
BiancaGolden_CircleTurns,-93.9412,36.6954,201.0251,-1.2414,-15.4288,-10.3578,0.7991,-0.2086,-0.5639,0.9980,255,9.953365,1.0606,0.3670
BiancaGolden_CircleTurns,-93.3156,37.0042,201.0768,-1.1580,-15.6525,-10.4482,0.7965,-0.2095,-0.5672,0.9980,255,9.968212,1.0668,0.3700
BiancaGolden_CircleTurns,-92.6781,37.2942,201.1474,-1.0404,-15.8909,-10.5317,0.7919,-0.2114,-0.5728,0.9980,256,9.981179,1.0732,0.3729
BiancaGolden_CircleTurns,-92.0390,37.5678,201.2193,-0.9893,-16.1144,-10.6553,0.7894,-0.2146,-0.5752,0.9980,256,9.997974,1.0796,0.3757
BiancaGolden_CircleTurns,-91.4062,37.8251,201.2460,-1.0119,-16.2772,-10.7866,0.7855,-0.2160,-0.5799,0.9980,257,10.010638,1.0859,0.3783
BiancaGolden_CircleTurns,-90.7804,38.0703,201.2413,-1.0479,-16.4330,-10.9534,0.7833,-0.2175,-0.5823,0.9980,257,10.022830,1.0922,0.3807
BiancaGolden_CircleTurns,-90.1560,38.2720,201.2294,-1.0766,-16.5923,-11.0941,0.7813,-0.2191,-0.5844,0.9980,258,10.037751,1.0984,0.3827
BiancaGolden_CircleTurns,-89.5207,38.4575,201.2433,-1.0768,-16.7403,-11.2346,0.7765,-0.2233,-0.5892,0.9980,258,10.050601,1.1048,0.3846
BiancaGolden_CircleTurns,-88.8661,38.6132,201.2549,-1.0325,-16.8283,-11.3354,0.7781,-0.2280,-0.5853,0.9980,258,10.064694,1.1113,0.3861
BiancaGolden_CircleTurns,-88.1974,38.7564,201.2425,-0.9771,-16.8234,-11.4223,0.7794,-0.2264,-0.5843,0.9980,259,10.077491,1.1180,0.3876
BiancaGolden_CircleTurns,-87.5336,38.8833,201.2037,-0.9920,-16.7765,-11.4854,0.7812,-0.2226,-0.5833,0.9980,259,10.090672,1.1247,0.3888
BiancaGolden_CircleTurns,-86.8840,39.0206,201.1361,-1.0618,-16.7060,-11.5469,0.7817,-0.2227,-0.5825,0.9980,260,10.105521,1.1312,0.3902
BiancaGolden_CircleTurns,-86.2441,39.1324,201.0289,-1.1205,-16.6330,-11.5729,0.7798,-0.2214,-0.5856,0.9980,260,10.119491,1.1376,0.3913
BiancaGolden_CircleTurns,-85.5976,39.2088,200.9313,-1.0780,-16.5945,-11.5033,0.7805,-0.2208,-0.5849,0.9980,260,10.134005,1.1440,0.3921
BiancaGolden_CircleTurns,-84.9466,39.2716,200.8305,-1.0327,-16.5486,-11.4318,0.7796,-0.2217,-0.5858,0.9980,261,10.147006,1.1505,0.3927
BiancaGolden_CircleTurns,-84.3135,39.3151,200.6789,-1.0122,-16.4800,-11.3266,0.7825,-0.2207,-0.5822,0.9980,261,10.160439,1.1569,0.3932
BiancaGolden_CircleTurns,-83.7097,39.3597,200.4887,-0.9712,-16.4307,-11.1980,0.7785,-0.2213,-0.5873,0.9980,262,10.175161,1.1629,0.3936
BiancaGolden_CircleTurns,-83.1655,39.3753,200.2460,-0.9561,-16.4348,-11.0017,0.7787,-0.2179,-0.5883,0.9980,262,10.189856,1.1683,0.3938
BiancaGolden_CircleTurns,-82.6475,39.3686,200.0052,-0.9751,-16.5023,-10.7713,0.7780,-0.2139,-0.5907,0.9980,262,10.203411,1.1735,0.3937
BiancaGolden_CircleTurns,-82.1312,39.3485,199.8038,-0.9789,-16.6187,-10.5048,0.7714,-0.2096,-0.6008,0.9980,263,10.217347,1.1787,0.3935
BiancaGolden_CircleTurns,-81.6441,39.3182,199.6379,-0.9969,-16.7318,-10.2102,0.7654,-0.2005,-0.6115,0.9980,263,10.230162,1.1836,0.3932
BiancaGolden_CircleTurns,-81.1713,39.2605,199.4886,-0.9432,-16.8742,-9.8071,0.7489,-0.1657,-0.6416,0.9980,264,10.245504,1.1883,0.3926
BiancaGolden_CircleTurns,-80.7014,39.2017,199.3761,-0.9656,-16.9207,-9.3633,0.7424,-0.0885,-0.6641,0.9980,264,10.259222,1.1930,0.3920
BiancaGolden_CircleTurns,-80.1996,39.1481,199.3420,-1.0886,-16.9418,-8.9225,0.7432,-0.0817,-0.6640,0.9980,265,10.273362,1.1980,0.3915
BiancaGolden_CircleTurns,-79.5846,39.0400,199.5508,-1.3354,-16.9419,-8.5376,0.7355,-0.0116,-0.6774,0.9980,265,10.287034,1.2042,0.3904
BiancaGolden_CircleTurns,-78.9699,38.9260,199.8903,-1.5589,-16.7966,-8.2371,0.7354,0.0080,-0.6776,0.9980,265,10.301370,1.2103,0.3893
BiancaGolden_CircleTurns,-78.3805,38.7903,200.1477,-1.4849,-15.9731,-8.0371,0.7416,0.0090,-0.6708,0.9980,266,10.314468,1.2162,0.3879
BiancaGolden_CircleTurns,-77.9491,38.7008,200.0692,-1.2063,-15.1874,-7.7329,0.7417,-0.0118,-0.6706,0.9980,266,10.327252,1.2205,0.3870
BiancaGolden_CircleTurns,-77.4660,38.6850,200.0154,-1.2603,-14.7208,-7.5041,0.7470,-0.0054,-0.6648,0.9980,267,10.342624,1.2253,0.3868
BiancaGolden_CircleTurns,-76.9468,38.7032,200.2367,-1.8137,-14.3338,-7.3052,0.7476,0.0009,-0.6642,0.9980,267,10.355717,1.2305,0.3870
BiancaGolden_CircleTurns,-76.4472,38.7141,200.6042,-2.3709,-14.0890,-7.1093,0.7378,0.0079,-0.6750,0.9980,267,10.369449,1.2355,0.3871
BiancaGolden_CircleTurns,-76.0141,38.6957,200.8266,-2.6267,-13.9979,-6.9399,0.7376,0.0225,-0.6749,0.9980,268,10.382223,1.2399,0.3870
BiancaGolden_CircleTurns,-75.6279,38.6855,200.9094,-2.6218,-13.9348,-6.8317,0.7369,0.0214,-0.6756,0.9980,268,10.395001,1.2437,0.3869
BiancaGolden_CircleTurns,-75.2829,38.7018,200.8960,-2.3455,-13.8992,-6.7437,0.7324,0.0056,-0.6808,0.9980,269,10.411167,1.2472,0.3870
BiancaGolden_CircleTurns,-74.9231,38.7543,200.9086,-2.0260,-13.7910,-6.6016,0.7296,-0.0023,-0.6839,0.9980,269,10.426169,1.2508,0.3875
BiancaGolden_CircleTurns,-74.5589,38.8020,200.8842,-1.5701,-13.5198,-6.3730,0.7293,-0.0138,-0.6840,0.9980,270,10.441527,1.2544,0.3880
BiancaGolden_CircleTurns,-73.7789,38.8887,200.9165,-0.9819,-12.9457,-5.9039,0.7282,-0.0298,-0.6848,0.9980,270,10.455431,1.2622,0.3889
BiancaGolden_CircleTurns,-73.3523,38.9335,200.9667,-0.5995,-12.4923,-5.6417,0.7297,-0.0312,-0.6831,0.9980,270,10.470266,1.2665,0.3893
BiancaGolden_CircleTurns,-72.9629,38.9590,201.0370,-0.2531,-12.1805,-5.5016,0.7322,-0.0319,-0.6804,0.9980,271,10.484147,1.2704,0.3896
BiancaGolden_CircleTurns,-72.6139,38.9890,201.0544,-0.0157,-11.9566,-5.3646,0.7296,-0.0322,-0.6831,0.9980,271,10.500995,1.2739,0.3899
BiancaGolden_CircleTurns,-72.3016,39.0424,201.0153,0.1454,-11.9123,-5.2950,0.7213,-0.0390,-0.6915,0.9980,272,10.513568,1.2770,0.3904
BiancaGolden_CircleTurns,-72.0562,39.1284,200.8761,0.2117,-12.1560,-5.2907,0.7178,-0.0395,-0.6951,0.9980,272,10.527374,1.2794,0.3913
BiancaGolden_CircleTurns,-71.7939,39.2129,200.8032,0.3092,-12.4414,-5.2861,0.6948,-0.0411,-0.7180,0.9980,273,10.542687,1.2821,0.3921
BiancaGolden_CircleTurns,-71.5210,39.3120,200.8199,0.3633,-12.7593,-5.2004,0.6816,-0.0410,-0.7306,0.9980,273,10.556672,1.2848,0.3931
BiancaGolden_CircleTurns,-71.3327,39.4848,200.8572,0.0831,-13.1123,-5.1575,0.6779,-0.0375,-0.7342,0.9980,274,10.583318,1.2867,0.3948
BiancaGolden_CircleTurns,-70.8734,39.7373,200.8147,-0.0989,-13.4250,-5.0362,0.6733,-0.0352,-0.7385,0.9980,274,10.595939,1.2913,0.3974
BiancaGolden_CircleTurns,-70.7786,39.8834,200.7626,-0.2783,-13.7953,-5.0297,0.6669,-0.0206,-0.7449,0.9980,275,10.611220,1.2922,0.3988
BiancaGolden_CircleTurns,-70.7350,40.0516,200.6941,-0.3096,-14.1654,-4.9916,0.6626,0.0484,-0.7474,0.9980,275,10.626062,1.2927,0.4005
BiancaGolden_CircleTurns,-70.7193,40.2342,200.6420,-0.3072,-14.5655,-4.9973,0.6565,0.1018,-0.7474,0.9980,276,10.641321,1.2928,0.4023
BiancaGolden_CircleTurns,-70.7073,40.4258,200.6124,-0.3533,-14.7916,-5.0249,0.6552,0.1311,-0.7440,0.9980,276,10.656201,1.2929,0.4043
BiancaGolden_CircleTurns,-70.6935,40.6239,200.5981,-0.3526,-14.8255,-5.0381,0.6504,0.1322,-0.7480,0.9980,277,10.670701,1.2931,0.4062
BiancaGolden_CircleTurns,-70.6991,40.8336,200.5292,-0.3682,-14.7303,-5.0679,0.6523,0.1348,-0.7459,0.9980,277,10.684439,1.2930,0.4083
BiancaGolden_CircleTurns,-70.7055,41.0566,200.4398,-0.3547,-14.5824,-5.0936,0.6547,0.1344,-0.7438,0.9980,277,10.698527,1.2929,0.4106
BiancaGolden_CircleTurns,-70.6934,41.2962,200.4042,-0.3715,-14.4017,-5.1209,0.6546,0.1353,-0.7438,0.9980,278,10.711683,1.2931,0.4130
BiancaGolden_CircleTurns,-70.6882,41.5611,200.4003,-0.4477,-14.2705,-5.1392,0.6503,0.1366,-0.7473,0.9980,278,10.724631,1.2931,0.4156
BiancaGolden_CircleTurns,-70.6739,41.8188,200.3825,-0.5473,-14.2778,-5.1311,0.6488,0.1376,-0.7484,0.9980,279,10.739402,1.2933,0.4182
BiancaGolden_CircleTurns,-70.6472,42.0803,200.3418,-0.5806,-14.3929,-5.0783,0.6442,0.1318,-0.7534,0.9980,279,10.753098,1.2935,0.4208
BiancaGolden_CircleTurns,-70.5335,42.3631,200.3301,-0.5210,-14.6542,-4.8706,0.6429,0.1346,-0.7540,0.9980,280,10.780000,1.2947,0.4236
BiancaGolden_CircleTurns,-70.4388,42.8872,200.1807,-0.5575,-14.8687,-4.6574,0.6408,0.1367,-0.7554,0.9980,280,10.792775,1.2956,0.4289
BiancaGolden_CircleTurns,-70.3831,43.1329,199.9825,-0.6103,-15.0333,-4.5295,0.6388,0.1501,-0.7546,0.9980,281,10.807619,1.2962,0.4313
BiancaGolden_CircleTurns,-70.3391,43.3634,199.7751,-0.6060,-15.1948,-4.4214,0.6322,0.1549,-0.7591,0.9980,281,10.821798,1.2966,0.4336
BiancaGolden_CircleTurns,-70.2772,43.5614,199.5963,-0.5141,-15.4295,-4.3315,0.6231,0.1558,-0.7664,0.9980,281,10.836534,1.2972,0.4356
BiancaGolden_CircleTurns,-70.1142,43.6950,199.5632,-0.3037,-15.8122,-4.2501,0.6179,0.1555,-0.7708,0.9980,282,10.850003,1.2989,0.4369
BiancaGolden_CircleTurns,-69.8784,43.8248,199.7029,-0.1065,-16.1752,-4.1368,0.6136,0.1580,-0.7736,0.9980,282,10.863377,1.3012,0.4382
BiancaGolden_CircleTurns,-69.6178,43.9075,199.8735,0.1276,-16.4051,-3.9178,0.6100,0.1718,-0.7735,0.9980,283,10.878402,1.3038,0.4391
BiancaGolden_CircleTurns,-69.3358,43.9932,199.9654,0.2117,-16.5731,-3.7718,0.6065,0.1996,-0.7696,0.9980,283,10.892300,1.3066,0.4399
BiancaGolden_CircleTurns,-69.0675,44.0523,199.9383,0.1679,-16.6539,-3.6797,0.5941,0.2038,-0.7781,0.9980,284,10.906057,1.3093,0.4405
BiancaGolden_CircleTurns,-68.7497,44.0570,199.9373,0.0989,-16.7789,-3.5929,0.5946,0.2069,-0.7769,0.9980,284,10.919334,1.3125,0.4406
BiancaGolden_CircleTurns,-68.3395,44.0267,200.0333,0.0891,-16.8562,-3.5627,0.5956,0.2070,-0.7761,0.9980,284,10.933882,1.3166,0.4403
BiancaGolden_CircleTurns,-67.8701,43.9796,200.1862,0.0529,-16.8299,-3.5856,0.5981,0.1915,-0.7782,0.9980,285,10.947770,1.3213,0.4398
BiancaGolden_CircleTurns,-67.2666,43.8629,200.2520,-0.2658,-16.4527,-3.7681,0.6010,0.1930,-0.7756,0.9980,286,10.973414,1.3273,0.4386
BiancaGolden_CircleTurns,-66.2975,43.7445,200.3083,-0.5401,-16.3011,-3.8803,0.6074,0.1890,-0.7716,0.9980,286,10.986636,1.3370,0.4374
BiancaGolden_CircleTurns,-65.7112,43.6222,200.2554,-0.8239,-16.0800,-4.0598,0.6249,0.1697,-0.7620,0.9980,286,10.999218,1.3429,0.4362
BiancaGolden_CircleTurns,-65.0915,43.5045,200.2241,-1.1240,-15.8829,-4.2952,0.6296,0.1685,-0.7584,0.9980,287,11.018674,1.3491,0.4350
BiancaGolden_CircleTurns,-64.4106,43.3344,200.1227,-1.3896,-15.5935,-4.6248,0.6351,0.1532,-0.7571,0.9980,287,11.029409,1.3559,0.4333
BiancaGolden_CircleTurns,-63.7062,43.1554,199.9555,-1.5225,-15.3043,-4.9641,0.6211,0.1410,-0.7709,0.9980,288,11.043188,1.3629,0.4316
BiancaGolden_CircleTurns,-63.0038,42.9697,199.7698,-1.5383,-15.1123,-5.2336,0.6230,0.1329,-0.7709,0.9980,288,11.057347,1.3700,0.4297
BiancaGolden_CircleTurns,-62.2604,42.7646,199.5423,-1.5065,-15.0107,-5.4337,0.6235,0.1299,-0.7710,0.9980,289,11.071471,1.3774,0.4276
BiancaGolden_CircleTurns,-61.5073,42.5562,199.3062,-1.4138,-14.9934,-5.6252,0.6397,0.1253,-0.7583,0.9980,289,11.084758,1.3849,0.4256
BiancaGolden_CircleTurns,-60.7294,42.3351,199.0377,-1.3189,-15.1126,-5.7672,0.6405,0.1388,-0.7553,0.9980,289,11.098876,1.3927,0.4234
BiancaGolden_CircleTurns,-59.9535,42.1097,198.7465,-1.2276,-15.2773,-5.8780,0.6379,0.1448,-0.7563,0.9980,290,11.112182,1.4005,0.4211
BiancaGolden_CircleTurns,-59.1522,41.8667,198.3951,-1.2152,-15.6527,-5.9136,0.6339,0.1594,-0.7568,0.9980,290,11.125747,1.4085,0.4187
BiancaGolden_CircleTurns,-58.3519,41.6218,198.1269,-1.1951,-16.0969,-5.8115,0.6285,0.1684,-0.7593,0.9980,291,11.141492,1.4165,0.4162
BiancaGolden_CircleTurns,-57.6079,41.3590,197.9631,-1.3338,-16.3309,-5.6485,0.6156,0.1805,-0.7671,0.9980,291,11.154740,1.4239,0.4136
BiancaGolden_CircleTurns,-56.7124,41.0441,198.3672,-2.0583,-16.2949,-5.3173,0.6238,0.1887,-0.7585,0.9980,292,11.180883,1.4329,0.4104
BiancaGolden_CircleTurns,-55.0312,40.5195,198.5753,-2.7189,-15.7309,-5.0962,0.6326,0.1822,-0.7528,0.9980,292,11.193590,1.4497,0.4052
BiancaGolden_CircleTurns,-54.2212,40.2224,198.6400,-2.9251,-14.7885,-4.8226,0.6428,0.1809,-0.7443,0.9980,293,11.206911,1.4578,0.4022
BiancaGolden_CircleTurns,-53.5309,39.9716,198.4970,-2.7454,-13.6433,-4.2798,0.6496,0.1850,-0.7374,0.9980,293,11.219383,1.4647,0.3997
BiancaGolden_CircleTurns,-52.8134,39.7544,198.4811,-2.5850,-12.8055,-3.6720,0.6457,0.1837,-0.7412,0.9980,293,11.234770,1.4719,0.3975
BiancaGolden_CircleTurns,-52.2100,39.5236,198.6277,-2.3363,-12.2232,-2.7059,0.6435,0.1905,-0.7414,0.9980,294,11.248723,1.4779,0.3952
BiancaGolden_CircleTurns,-51.5929,39.2782,198.7529,-2.1399,-11.8511,-1.8139,0.6402,0.1988,-0.7421,0.9980,294,11.262437,1.4841,0.3928
BiancaGolden_CircleTurns,-51.0043,39.0089,198.9273,-1.9827,-11.7975,-0.9090,0.6354,0.2046,-0.7446,0.9980,295,11.277566,1.4900,0.3901
BiancaGolden_CircleTurns,-50.4141,38.7380,199.2019,-1.9275,-11.8387,-0.0838,0.6323,0.2127,-0.7449,0.9980,295,11.291460,1.4959,0.3874
BiancaGolden_CircleTurns,-49.8589,38.4732,199.4825,-1.9603,-11.8815,0.6239,0.6253,0.2214,-0.7483,0.9980,296,11.305882,1.5014,0.3847
BiancaGolden_CircleTurns,-49.3773,38.2658,199.6784,-2.1967,-11.9249,1.2393,0.6223,0.2602,-0.7382,0.9980,296,11.319288,1.5062,0.3827
BiancaGolden_CircleTurns,-48.9624,38.0609,199.7599,-2.6126,-11.9752,1.7493,0.6275,0.2871,-0.7238,0.9980,296,11.333991,1.5104,0.3806
BiancaGolden_CircleTurns,-48.5366,37.8769,199.8360,-3.1236,-11.9769,2.1592,0.6377,0.3005,-0.7093,0.9980,297,11.348390,1.5146,0.3788
BiancaGolden_CircleTurns,-48.0819,37.6856,199.9475,-3.5095,-11.7812,2.5436,0.6394,0.3073,-0.7048,0.9980,297,11.361642,1.5192,0.3769
BiancaGolden_CircleTurns,-47.6200,37.4978,200.1210,-3.7385,-11.4734,2.9304,0.6413,0.3150,-0.6996,0.9980,298,11.376599,1.5238,0.3750
BiancaGolden_CircleTurns,-47.1392,37.3406,200.3499,-3.8111,-11.0917,3.3602,0.6332,0.3380,-0.6963,0.9980,298,11.389378,1.5286,0.3734
BiancaGolden_CircleTurns,-46.6665,37.1802,200.6032,-3.8531,-10.7415,3.8366,0.6333,0.3429,-0.6937,0.9980,298,11.403239,1.5333,0.3718
BiancaGolden_CircleTurns,-46.2384,37.0338,200.8079,-3.6809,-10.4492,4.3895,0.6317,0.3468,-0.6933,0.9980,299,11.416728,1.5376,0.3703
BiancaGolden_CircleTurns,-45.8345,36.8758,200.9614,-3.4045,-10.2899,4.9780,0.6256,0.3291,-0.7074,0.9980,299,11.430521,1.5417,0.3688
BiancaGolden_CircleTurns,-45.4987,36.7577,201.0664,-3.0708,-10.3671,5.6006,0.6213,0.3396,-0.7061,0.9980,300,11.457602,1.5450,0.3676
BiancaGolden_CircleTurns,-44.6655,36.4440,201.3825,-2.9479,-10.2103,6.6626,0.6212,0.3371,-0.7074,0.9980,301,11.470921,1.5533,0.3644
BiancaGolden_CircleTurns,-44.2248,36.2958,201.5772,-2.9681,-10.0863,7.0747,0.6228,0.3506,-0.6994,0.9980,301,11.485356,1.5578,0.3630
BiancaGolden_CircleTurns,-43.7727,36.1770,201.7534,-3.1709,-9.9334,7.3585,0.6258,0.3553,-0.6943,0.9980,301,11.498244,1.5623,0.3618
BiancaGolden_CircleTurns,-43.3028,36.0813,201.9088,-3.4917,-9.7310,7.5120,0.6268,0.3598,-0.6912,0.9980,302,11.514837,1.5670,0.3608
BiancaGolden_CircleTurns,-42.8587,36.0030,201.9843,-3.8809,-9.6183,7.5489,0.6303,0.3302,-0.7027,0.9980,302,11.524557,1.5714,0.3600
BiancaGolden_CircleTurns,-42.8485,36.0539,201.8635,-4.0522,-9.7642,7.2776,0.6281,0.3336,-0.7030,0.9980,303,11.538323,1.5715,0.3605
BiancaGolden_CircleTurns,-42.3889,36.0047,201.9073,-4.3109,-9.8877,7.3721,0.6244,0.3371,-0.7046,0.9980,303,11.550581,1.5761,0.3600
BiancaGolden_CircleTurns,-41.9357,35.9625,201.9330,-4.5227,-10.1073,7.5255,0.6161,0.3469,-0.7072,0.9980,303,11.564180,1.5806,0.3596
BiancaGolden_CircleTurns,-41.5068,35.9627,201.8839,-4.7273,-10.4964,7.6977,0.6096,0.3504,-0.7110,0.9980,304,11.577332,1.5849,0.3596
BiancaGolden_CircleTurns,-41.0803,35.9999,201.7967,-5.0009,-10.9441,7.8392,0.6024,0.3492,-0.7177,0.9980,304,11.589551,1.5892,0.3600
BiancaGolden_CircleTurns,-40.6596,36.0600,201.6900,-5.3316,-11.4616,7.8887,0.5967,0.3508,-0.7217,0.9980,305,11.605072,1.5934,0.3606
BiancaGolden_CircleTurns,-40.2294,36.1526,201.6278,-5.6491,-11.9972,7.8024,0.5863,0.3504,-0.7304,0.9980,305,11.618231,1.5977,0.3615
BiancaGolden_CircleTurns,-39.7678,36.2302,201.5773,-5.6947,-12.4327,7.7753,0.5797,0.3554,-0.7333,0.9980,305,11.632241,1.6023,0.3623
BiancaGolden_CircleTurns,-39.3358,36.3724,201.4908,-5.6077,-12.7308,7.7474,0.5764,0.3541,-0.7365,0.9980,306,11.645658,1.6066,0.3637
BiancaGolden_CircleTurns,-38.9329,36.5575,201.3277,-5.5430,-12.9795,7.7249,0.5718,0.3405,-0.7463,0.9980,306,11.659164,1.6107,0.3656
BiancaGolden_CircleTurns,-38.5488,36.7595,201.1304,-5.5720,-13.3024,7.7422,0.5688,0.3359,-0.7508,0.9980,307,11.675213,1.6145,0.3676
BiancaGolden_CircleTurns,-38.1396,36.9556,200.9929,-5.6109,-13.6274,7.7282,0.5654,0.3345,-0.7539,0.9980,307,11.688107,1.6186,0.3696
BiancaGolden_CircleTurns,-37.7409,37.1591,200.8932,-5.5649,-13.9077,7.6746,0.5720,0.3276,-0.7520,0.9980,307,11.703115,1.6226,0.3716
BiancaGolden_CircleTurns,-37.3325,37.3720,200.7735,-5.4496,-14.1482,7.6475,0.5765,0.3152,-0.7539,0.9980,308,11.716948,1.6267,0.3737
BiancaGolden_CircleTurns,-36.9173,37.6093,200.5997,-5.3159,-14.2995,7.6365,0.5764,0.3120,-0.7553,0.9980,308,11.729178,1.6308,0.3761
BiancaGolden_CircleTurns,-36.4854,37.8766,200.3987,-5.3545,-14.4833,7.5908,0.5758,0.3136,-0.7551,0.9980,309,11.744349,1.6351,0.3788
BiancaGolden_CircleTurns,-36.0314,38.2005,200.2714,-5.6906,-14.7082,7.4413,0.5812,0.3185,-0.7488,0.9980,309,11.757899,1.6397,0.3820
BiancaGolden_CircleTurns,-35.5988,38.5860,200.2031,-6.2940,-14.9938,7.1952,0.5784,0.3214,-0.7498,0.9980,310,11.772220,1.6440,0.3859
BiancaGolden_CircleTurns,-35.1945,38.9947,200.0748,-6.8324,-15.2877,6.9952,0.5677,0.3226,-0.7574,0.9980,310,11.786016,1.6481,0.3899
BiancaGolden_CircleTurns,-34.7986,39.4211,199.8938,-7.1207,-15.5243,6.8574,0.5654,0.3171,-0.7614,0.9980,310,11.800282,1.6520,0.3942
BiancaGolden_CircleTurns,-34.3967,39.8880,199.7825,-7.2287,-15.7169,6.6999,0.5692,0.3159,-0.7591,0.9980,311,11.814317,1.6560,0.3989
BiancaGolden_CircleTurns,-33.9738,40.3587,199.7442,-7.1420,-15.6751,6.6241,0.5698,0.3239,-0.7553,0.9980,311,11.827613,1.6603,0.4036
BiancaGolden_CircleTurns,-33.5620,40.8981,199.7177,-7.0245,-15.5125,6.5715,0.5732,0.3232,-0.7530,0.9980,312,11.842641,1.6644,0.4090
BiancaGolden_CircleTurns,-33.1680,41.4542,199.6203,-6.9613,-15.2685,6.5293,0.5759,0.3231,-0.7509,0.9980,312,11.856314,1.6683,0.4145
BiancaGolden_CircleTurns,-32.8040,42.0333,199.4991,-6.9118,-15.0545,6.5356,0.5744,0.3123,-0.7567,0.9980,313,11.870999,1.6720,0.4203
BiancaGolden_CircleTurns,-32.4440,42.6227,199.4233,-6.9610,-14.9445,6.5320,0.5764,0.3136,-0.7546,0.9980,313,11.885223,1.6756,0.4262
BiancaGolden_CircleTurns,-32.0793,43.2192,199.3820,-7.0701,-14.8700,6.5227,0.5758,0.3152,-0.7544,0.9980,313,11.899787,1.6792,0.4322
BiancaGolden_CircleTurns,-31.7194,43.8534,199.3668,-7.2118,-14.8979,6.5534,0.5922,0.3722,-0.7147,0.9980,314,11.913423,1.6828,0.4385
BiancaGolden_CircleTurns,-31.2719,44.4903,199.5082,-7.2949,-14.9048,6.7407,0.5922,0.3759,-0.7128,0.9980,314,11.926702,1.6873,0.4449
BiancaGolden_CircleTurns,-30.8087,45.1633,199.7420,-7.3937,-14.7808,6.9890,0.5954,0.3824,-0.7066,0.9980,315,11.941000,1.6919,0.4516
BiancaGolden_CircleTurns,-30.3776,45.8526,199.8390,-7.3812,-14.3012,7.2807,0.5967,0.3895,-0.7017,0.9980,315,11.955412,1.6962,0.4585
BiancaGolden_CircleTurns,-30.0058,46.5251,199.8010,-7.2124,-13.8245,7.6090,0.5961,0.3933,-0.7000,0.9980,315,11.969319,1.6999,0.4653
BiancaGolden_CircleTurns,-29.6198,47.2150,199.7758,-6.9897,-13.3581,8.0028,0.5966,0.3966,-0.6977,0.9980,316,11.983030,1.7038,0.4722
BiancaGolden_CircleTurns,-29.2086,47.8782,199.8797,-6.9117,-13.0299,8.3660,0.6002,0.3937,-0.6962,0.9980,316,12.000334,1.7079,0.4788
BiancaGolden_CircleTurns,-28.8052,48.5486,199.9837,-6.9853,-12.7809,8.6169,0.6010,0.3956,-0.6945,0.9980,317,12.012997,1.7119,0.4855
BiancaGolden_CircleTurns,-28.4538,49.2013,199.9748,-7.0094,-12.6389,8.7560,0.6009,0.3867,-0.6996,0.9980,317,12.025414,1.7155,0.4920
BiancaGolden_CircleTurns,-28.1286,49.8654,199.9153,-7.0090,-12.6310,8.8945,0.5971,0.3879,-0.7021,0.9980,318,12.040160,1.7187,0.4987
BiancaGolden_CircleTurns,-27.8402,50.5498,199.8266,-6.9944,-12.7331,8.9908,0.5893,0.4131,-0.6944,0.9980,318,12.054193,1.7216,0.5055
BiancaGolden_CircleTurns,-27.5425,51.2234,199.7816,-6.9985,-12.9797,9.0303,0.5830,0.4261,-0.6918,0.9980,318,12.068598,1.7246,0.5122
BiancaGolden_CircleTurns,-27.2089,51.8739,199.7938,-6.8868,-13.1480,9.0365,0.5810,0.4236,-0.6950,0.9980,319,12.082515,1.7279,0.5187
BiancaGolden_CircleTurns,-26.8550,52.5100,199.8483,-6.7090,-13.2809,8.9440,0.5816,0.4201,-0.6966,0.9980,319,12.095358,1.7314,0.5251
BiancaGolden_CircleTurns,-26.4882,53.1428,199.9144,-6.5767,-13.3632,8.7358,0.5710,0.4113,-0.7105,0.9980,320,12.110929,1.7351,0.5314
BiancaGolden_CircleTurns,-26.1219,53.7736,199.9658,-6.5102,-13.4174,8.3991,0.5731,0.4054,-0.7121,0.9980,320,12.124481,1.7388,0.5377
BiancaGolden_CircleTurns,-25.7823,54.3771,199.9605,-6.4579,-13.5300,7.9322,0.5715,0.3913,-0.7213,0.9980,321,12.139262,1.7422,0.5438
BiancaGolden_CircleTurns,-25.4500,54.9478,199.9226,-6.3116,-13.7082,7.3132,0.5743,0.3759,-0.7272,0.9980,321,12.152524,1.7455,0.5495
BiancaGolden_CircleTurns,-25.1320,55.4679,199.8717,-6.1492,-14.0842,6.3052,0.5807,0.3417,-0.7390,0.9980,321,12.166886,1.7487,0.5547
BiancaGolden_CircleTurns,-24.8238,55.9255,199.8241,-5.8571,-14.5545,4.9569,0.5811,0.3226,-0.7472,0.9980,322,12.181005,1.7518,0.5593
BiancaGolden_CircleTurns,-24.5400,56.3183,199.7752,-5.4651,-15.1494,3.5102,0.6041,0.2578,-0.7541,0.9980,322,12.194240,1.7546,0.5632
BiancaGolden_CircleTurns,-24.2567,56.6913,199.6949,-4.9373,-15.7760,1.9026,0.6566,0.1224,-0.7442,0.9980,323,12.209430,1.7574,0.5669
BiancaGolden_CircleTurns,-23.9987,57.0297,199.5747,-4.1418,-16.5827,0.1081,0.6632,0.0037,-0.7484,0.9980,323,12.222983,1.7600,0.5703
BiancaGolden_CircleTurns,-23.7729,57.3875,199.4057,-3.4336,-17.5154,-1.5416,0.6705,-0.0861,-0.7369,0.9980,324,12.237489,1.7623,0.5739
BiancaGolden_CircleTurns,-23.6049,57.7189,199.2674,-2.8557,-18.7424,-3.1781,0.6995,-0.1171,-0.7050,0.9980,324,12.250275,1.7640,0.5772
BiancaGolden_CircleTurns,-23.4469,58.0456,199.0648,-2.2866,-19.9091,-4.8863,0.6809,-0.1396,-0.7190,0.9980,324,12.264726,1.7655,0.5805
BiancaGolden_CircleTurns,-23.3414,58.3567,198.9632,-1.7935,-21.1728,-6.6155,0.7741,-0.2588,-0.5778,0.9980,325,12.277909,1.7666,0.5836
BiancaGolden_CircleTurns,-23.1872,58.6568,198.8620,-1.3348,-21.9980,-8.2316,0.8265,-0.3280,-0.4575,0.9980,325,12.291951,1.7681,0.5866
BiancaGolden_CircleTurns,-23.0964,58.9801,198.8012,-1.0196,-22.6825,-9.6278,0.8342,-0.3487,-0.4273,0.9980,326,12.305625,1.7690,0.5898
BiancaGolden_CircleTurns,-23.0163,59.2807,198.7002,-0.8573,-23.1190,-10.8543,0.8482,-0.3207,-0.4215,0.9980,326,12.319699,1.7698,0.5928
BiancaGolden_CircleTurns,-22.9707,59.5619,198.6260,-0.7760,-23.4036,-12.0396,0.8500,-0.3127,-0.4240,0.9980,326,12.334227,1.7703,0.5956
BiancaGolden_CircleTurns,-22.9426,59.7998,198.5649,-0.6208,-23.6250,-13.3291,0.8414,-0.3321,-0.4264,0.9980,327,12.346594,1.7706,0.5980
BiancaGolden_CircleTurns,-22.9824,60.0125,198.4855,-0.3803,-23.7470,-14.6524,0.8231,-0.3781,-0.4236,0.9980,327,12.359982,1.7702,0.6001
BiancaGolden_CircleTurns,-23.0644,60.2014,198.3517,-0.0520,-23.6419,-15.9663,0.7503,-0.3822,-0.5395,0.9980,328,12.375363,1.7694,0.6020
BiancaGolden_CircleTurns,-23.2268,60.4010,198.2250,0.2344,-23.7090,-17.1973,0.5806,-0.6261,-0.5204,0.9980,328,12.389871,1.7677,0.6040
BiancaGolden_CircleTurns,-23.4452,60.6273,198.0366,0.3921,-23.7977,-18.3565,0.5323,-0.6206,-0.5758,0.9980,329,12.405114,1.7655,0.6063
BiancaGolden_CircleTurns,-23.7142,60.8250,197.8571,0.5229,-24.1489,-19.5120,0.5037,-0.6390,-0.5813,0.9980,329,12.419453,1.7629,0.6082
BiancaGolden_CircleTurns,-24.2441,61.1806,197.5243,1.0889,-24.7652,-21.9814,0.4891,-0.6510,-0.5805,0.9980,329,12.434353,1.7576,0.6118
BiancaGolden_CircleTurns,-24.5846,61.2732,197.3992,1.4944,-24.9068,-23.2090,0.4823,-0.6566,-0.5798,0.9980,330,12.447998,1.7542,0.6127
BiancaGolden_CircleTurns,-24.9309,61.3558,197.3260,1.8424,-24.9790,-24.5477,0.4903,-0.6490,-0.5817,0.9980,330,12.461432,1.7507,0.6136
BiancaGolden_CircleTurns,-25.3144,61.4501,197.2401,2.1860,-24.9878,-25.8205,0.4972,-0.6390,-0.5869,0.9980,331,12.476061,1.7469,0.6145
BiancaGolden_CircleTurns,-25.7455,61.5353,197.1844,2.5353,-25.1394,-26.9944,0.5004,-0.6389,-0.5843,0.9980,331,12.489796,1.7425,0.6154
BiancaGolden_CircleTurns,-26.2166,61.6216,197.1107,2.7950,-25.3141,-28.1889,0.5047,-0.6327,-0.5874,0.9980,332,12.507826,1.7378,0.6162
BiancaGolden_CircleTurns,-26.6940,61.6618,197.0487,3.0192,-25.4576,-29.5095,0.4881,-0.6468,-0.5860,0.9980,332,12.518215,1.7331,0.6166
BiancaGolden_CircleTurns,-27.2011,61.6562,196.9917,3.2896,-25.4495,-31.0036,0.4523,-0.6879,-0.5676,0.9980,332,12.534409,1.7280,0.6166
BiancaGolden_CircleTurns,-27.6841,61.5929,196.9921,3.7914,-25.2009,-32.7463,0.3397,-0.7553,-0.5604,0.9980,333,12.559995,1.7232,0.6159
BiancaGolden_CircleTurns,-28.5836,61.5892,196.9218,4.6416,-24.8850,-35.6331,0.3089,-0.7741,-0.5525,0.9980,334,12.571012,1.7142,0.6159
BiancaGolden_CircleTurns,-29.0479,61.6174,196.9166,5.0896,-24.8473,-36.9620,0.2948,-0.7832,-0.5475,0.9980,334,12.587860,1.7095,0.6162
BiancaGolden_CircleTurns,-29.3776,61.5981,197.0435,5.4152,-24.9945,-38.1248,0.2805,-0.7903,-0.5448,0.9980,334,12.599138,1.7062,0.6160
BiancaGolden_CircleTurns,-29.8210,61.6307,197.2115,5.7786,-24.9787,-39.1881,0.2927,-0.7832,-0.5485,0.9980,335,12.614145,1.7018,0.6163
BiancaGolden_CircleTurns,-30.3845,61.7538,197.1583,5.8322,-25.2957,-40.2961,0.2983,-0.7747,-0.5575,0.9980,335,12.628011,1.6962,0.6175
BiancaGolden_CircleTurns,-30.9963,61.9281,197.0232,5.6627,-25.8052,-41.5987,0.3107,-0.7598,-0.5711,0.9980,336,12.642408,1.6900,0.6193
BiancaGolden_CircleTurns,-31.5563,62.1167,196.9758,5.3746,-26.6319,-43.0873,0.3094,-0.7481,-0.5870,0.9980,336,12.655856,1.6844,0.6212
BiancaGolden_CircleTurns,-32.0000,62.2354,197.1486,5.2664,-27.4241,-44.4683,0.3144,-0.7382,-0.5969,0.9980,336,12.670336,1.6800,0.6224
BiancaGolden_CircleTurns,-32.3854,62.3074,197.3558,5.5172,-27.8071,-45.6458,0.3139,-0.7386,-0.5966,0.9980,337,12.684295,1.6761,0.6231
BiancaGolden_CircleTurns,-32.7436,62.4051,197.4483,5.8646,-27.7721,-46.6607,0.3048,-0.7465,-0.5914,0.9980,337,12.697617,1.6726,0.6241
BiancaGolden_CircleTurns,-33.0352,62.4763,197.5290,6.2141,-27.3982,-47.4461,0.3324,-0.7486,-0.5737,0.9980,338,12.713112,1.6696,0.6248
BiancaGolden_CircleTurns,-33.2624,62.5511,197.6255,6.4466,-26.7689,-48.0634,0.3820,-0.7392,-0.5547,0.9980,338,12.725674,1.6674,0.6255
BiancaGolden_CircleTurns,-33.4308,62.6165,197.7413,6.5660,-26.0064,-48.4497,0.4089,-0.7421,-0.5311,0.9980,339,12.739774,1.6657,0.6262
BiancaGolden_CircleTurns,-33.6264,62.7042,197.8071,6.6429,-25.4012,-48.8085,0.4151,-0.7413,-0.5274,0.9980,339,12.753478,1.6637,0.6270
BiancaGolden_CircleTurns,-33.8701,62.8255,197.8156,6.7971,-25.0445,-49.1644,0.4105,-0.7448,-0.5261,0.9980,339,12.767473,1.6613,0.6283
BiancaGolden_CircleTurns,-34.1311,62.9679,197.7718,6.9988,-25.0048,-49.4978,0.4202,-0.7306,-0.5381,0.9980,340,12.781315,1.6587,0.6297
BiancaGolden_CircleTurns,-34.3547,63.1184,197.7765,7.2343,-25.2133,-49.8668,0.4084,-0.7253,-0.5541,0.9980,340,12.794828,1.6565,0.6312
BiancaGolden_CircleTurns,-34.5415,63.2825,197.7851,7.3602,-25.5705,-50.1949,0.4124,-0.6928,-0.5916,0.9980,341,12.809121,1.6546,0.6328
BiancaGolden_CircleTurns,-34.6948,63.4375,197.7729,7.3483,-25.9237,-50.5132,0.4376,-0.6674,-0.6026,0.9980,341,12.822649,1.6531,0.6344
BiancaGolden_CircleTurns,-34.7994,63.5548,197.7459,7.2211,-26.2453,-50.7630,0.4873,-0.6934,-0.5308,0.9980,341,12.837173,1.6520,0.6355
BiancaGolden_CircleTurns,-34.8354,63.6141,197.7644,7.0995,-26.1911,-50.8990,0.4978,-0.6949,-0.5189,0.9980,342,12.850695,1.6516,0.6361
BiancaGolden_CircleTurns,-34.7266,63.6264,197.8533,6.9465,-25.5366,-50.9352,0.5442,-0.6622,-0.5151,0.9980,343,12.875665,1.6527,0.6363
BiancaGolden_CircleTurns,-34.7576,63.7284,197.9244,6.7755,-24.8071,-51.3706,0.5456,-0.6669,-0.5076,0.9980,343,12.890458,1.6524,0.6373
BiancaGolden_CircleTurns,-34.7264,63.7674,197.9477,6.4564,-24.2669,-51.5251,0.5013,-0.7084,-0.4969,0.9980,343,12.903492,1.6527,0.6377
BiancaGolden_CircleTurns,-34.7169,63.8144,197.9775,6.1714,-23.8753,-51.7629,0.4806,-0.7026,-0.5247,0.9980,344,12.917100,1.6528,0.6381
BiancaGolden_CircleTurns,-34.6962,63.8778,197.9761,5.9576,-23.6130,-52.0393,0.4797,-0.7020,-0.5264,0.9980,344,12.930291,1.6530,0.6388
BiancaGolden_CircleTurns,-34.6928,63.8974,197.9432,5.9738,-23.7008,-52.0547,0.4368,-0.6977,-0.5678,0.9980,345,12.944518,1.6531,0.6390
BiancaGolden_CircleTurns,-34.6791,63.9677,197.9656,5.8542,-23.7151,-52.2766,0.4346,-0.6994,-0.5675,0.9980,345,12.956596,1.6532,0.6397
BiancaGolden_CircleTurns,-34.6469,64.0455,197.9977,5.7657,-23.6857,-52.4930,0.3400,-0.7330,-0.5892,0.9980,345,12.969432,1.6535,0.6405
BiancaGolden_CircleTurns,-34.6507,64.1424,198.0184,5.6994,-23.7528,-52.7069,0.3368,-0.7328,-0.5913,0.9980,346,12.982044,1.6535,0.6414
BiancaGolden_CircleTurns,-34.6596,64.2300,198.0712,5.7006,-23.9449,-52.8650,0.3655,-0.7212,-0.5884,0.9980,346,12.998487,1.6534,0.6423
BiancaGolden_CircleTurns,-34.6820,64.3330,198.1400,5.6937,-24.1564,-53.0962,0.3616,-0.7218,-0.5901,0.9980,347,13.011036,1.6532,0.6433
BiancaGolden_CircleTurns,-34.7077,64.4387,198.2070,5.7241,-24.2843,-53.3400,0.3890,-0.7079,-0.5896,0.9980,347,13.023552,1.6529,0.6444
BiancaGolden_CircleTurns,-34.7710,64.5113,198.2337,5.9746,-24.2098,-53.6167,0.3836,-0.7145,-0.5851,0.9980,348,13.049216,1.6523,0.6451
BiancaGolden_CircleTurns,-34.7691,64.6240,198.3784,6.0960,-23.8710,-54.1843,0.3822,-0.7209,-0.5782,0.9980,348,13.060749,1.6523,0.6462
BiancaGolden_CircleTurns,-34.7194,64.6530,198.5064,6.1247,-23.3861,-54.5201,0.3846,-0.7160,-0.5827,0.9980,349,13.073759,1.6528,0.6465
BiancaGolden_CircleTurns,-34.6800,64.6952,198.5860,6.1476,-22.7983,-54.8333,0.3994,-0.7124,-0.5770,0.9980,349,13.086275,1.6532,0.6470
BiancaGolden_CircleTurns,-34.6690,64.7538,198.6109,6.1876,-22.2161,-55.0806,0.4039,-0.7115,-0.5750,0.9980,349,13.099129,1.6533,0.6475
BiancaGolden_CircleTurns,-34.6803,64.7413,198.5682,6.2101,-22.0349,-55.0631,0.4029,-0.7175,-0.5682,0.9980,350,13.111248,1.6532,0.6474
BiancaGolden_CircleTurns,-34.6718,64.7592,198.5890,6.1982,-21.5616,-55.3641,0.4039,-0.7179,-0.5670,0.9980,350,13.125875,1.6533,0.6476
BiancaGolden_CircleTurns,-34.6408,64.7467,198.6350,6.1495,-21.1258,-55.7102,0.3991,-0.7188,-0.5693,0.9980,351,13.139737,1.6536,0.6475
BiancaGolden_CircleTurns,-34.5641,64.7227,198.7023,5.9651,-20.6931,-56.1097,0.3968,-0.7246,-0.5635,0.9980,351,13.152026,1.6544,0.6472
BiancaGolden_CircleTurns,-34.4545,64.6915,198.7736,5.7033,-20.2692,-56.5459,0.4010,-0.7182,-0.5687,0.9980,351,13.166436,1.6555,0.6469
BiancaGolden_CircleTurns,-34.3132,64.6688,198.8582,5.3553,-19.8829,-56.9538,0.3984,-0.7228,-0.5647,0.9980,352,13.177937,1.6569,0.6467
BiancaGolden_CircleTurns,-34.0959,64.6184,198.9143,4.6601,-19.5629,-57.4913,0.3957,-0.7281,-0.5597,0.9980,353,13.204025,1.6590,0.6462
BiancaGolden_CircleTurns,-33.7193,64.5486,199.0232,3.9569,-18.8919,-58.4239,0.3891,-0.7278,-0.5647,0.9980,353,13.217631,1.6628,0.6455
BiancaGolden_CircleTurns,-33.4293,64.4847,199.1043,3.5077,-18.6285,-58.9706,0.3946,-0.7046,-0.5898,0.9980,353,13.230690,1.6657,0.6448
BiancaGolden_CircleTurns,-33.0774,64.4222,199.2051,3.0661,-18.4267,-59.4218,0.3955,-0.7047,-0.5891,0.9980,354,13.245873,1.6692,0.6442
BiancaGolden_CircleTurns,-32.6579,64.3679,199.2710,2.6428,-18.2002,-59.8435,0.3937,-0.7087,-0.5855,0.9980,354,13.259660,1.6734,0.6437
BiancaGolden_CircleTurns,-32.1833,64.3458,199.2627,2.1475,-17.9371,-60.2781,0.3903,-0.7072,-0.5895,0.9980,355,13.274627,1.6782,0.6435
BiancaGolden_CircleTurns,-31.6911,64.3252,199.2113,1.6138,-17.7002,-60.7404,0.3852,-0.7042,-0.5964,0.9980,355,13.287506,1.6831,0.6433
BiancaGolden_CircleTurns,-31.1408,64.3050,199.1029,1.1443,-17.4500,-61.1908,0.3831,-0.7078,-0.5935,0.9980,355,13.302023,1.6886,0.6430
BiancaGolden_CircleTurns,-30.5695,64.2984,199.0172,0.6852,-17.2374,-61.6326,0.3754,-0.7078,-0.5985,0.9980,356,13.315425,1.6943,0.6430
BiancaGolden_CircleTurns,-29.9233,64.3060,198.8870,0.3313,-17.0598,-62.1895,0.3719,-0.7111,-0.5966,0.9980,356,13.327822,1.7008,0.6431
BiancaGolden_CircleTurns,-29.2668,64.3267,198.7359,0.0245,-16.8941,-62.7359,0.3688,-0.7115,-0.5982,0.9980,357,13.343831,1.7073,0.6433
BiancaGolden_CircleTurns,-28.5679,64.3525,198.5705,-0.0762,-16.8668,-63.2964,0.3619,-0.7133,-0.6002,0.9980,357,13.356301,1.7143,0.6435
BiancaGolden_CircleTurns,-27.8631,64.3780,198.4194,-0.1322,-16.9592,-63.7865,0.3501,-0.7028,-0.6193,0.9980,357,13.370415,1.7214,0.6438
BiancaGolden_CircleTurns,-27.0750,64.3358,198.4278,-0.0888,-17.2715,-64.2353,0.3288,-0.7096,-0.6232,0.9980,358,13.383448,1.7293,0.6434
BiancaGolden_CircleTurns,-26.2499,64.3254,198.5220,-0.1297,-17.3731,-64.6464,0.2998,-0.7177,-0.6285,0.9980,358,13.396187,1.7375,0.6433
BiancaGolden_CircleTurns,-25.3978,64.3186,198.5464,-0.3446,-17.5321,-64.9963,0.2865,-0.7203,-0.6318,0.9980,359,13.411207,1.7460,0.6432
BiancaGolden_CircleTurns,-24.5468,64.2957,198.5490,-0.5066,-17.6641,-65.3663,0.2788,-0.7200,-0.6355,0.9980,359,13.424176,1.7545,0.6430
BiancaGolden_CircleTurns,-23.6750,64.2399,198.6736,-0.6681,-17.7625,-65.7364,0.2757,-0.7221,-0.6345,0.9980,360,13.438951,1.7632,0.6424
BiancaGolden_CircleTurns,-22.8052,64.1610,198.8232,-0.8691,-17.7177,-66.1442,0.2719,-0.7251,-0.6327,0.9980,360,13.451564,1.7719,0.6416
BiancaGolden_CircleTurns,-21.9332,64.1312,198.8566,-1.0359,-17.5367,-66.5414,0.2681,-0.7257,-0.6336,0.9980,360,13.465926,1.7807,0.6413
BiancaGolden_CircleTurns,-21.1233,64.1980,198.7460,-1.1428,-17.4663,-66.8710,0.2651,-0.7198,-0.6415,0.9980,361,13.479051,1.7888,0.6420
BiancaGolden_CircleTurns,-20.3305,64.2542,198.6869,-1.2745,-17.6665,-67.1257,0.2608,-0.7155,-0.6481,0.9980,361,13.495296,1.7967,0.6425
BiancaGolden_CircleTurns,-19.5600,64.3498,198.7406,-1.4114,-18.1531,-67.3625,0.2525,-0.7119,-0.6553,0.9980,362,13.507154,1.8044,0.6435
BiancaGolden_CircleTurns,-18.7895,64.4449,198.7954,-1.5363,-18.6907,-67.6572,0.2471,-0.7055,-0.6643,0.9980,362,13.520493,1.8121,0.6444
BiancaGolden_CircleTurns,-18.1084,64.5386,198.8304,-1.5555,-19.3776,-67.8637,0.2393,-0.7044,-0.6682,0.9980,362,13.534965,1.8189,0.6454
BiancaGolden_CircleTurns,-17.4224,64.6219,198.8334,-1.3263,-19.8635,-68.0776,0.2329,-0.7022,-0.6728,0.9980,363,13.548365,1.8258,0.6462
BiancaGolden_CircleTurns,-16.7227,64.7073,198.8705,-1.1425,-20.2332,-68.3246,0.2284,-0.7033,-0.6731,0.9980,363,13.561141,1.8328,0.6471
BiancaGolden_CircleTurns,-16.0395,64.7384,198.9596,-1.1103,-20.4145,-68.5763,0.2256,-0.7072,-0.6701,0.9980,364,13.575762,1.8396,0.6474
BiancaGolden_CircleTurns,-15.3558,64.7318,199.1382,-1.1182,-20.3425,-68.8889,0.2216,-0.7111,-0.6672,0.9980,364,13.589451,1.8464,0.6473
BiancaGolden_CircleTurns,-14.7141,64.7394,199.2923,-1.0820,-20.1651,-69.1974,0.2178,-0.7150,-0.6643,0.9980,364,13.603525,1.8529,0.6474
BiancaGolden_CircleTurns,-14.0701,64.7567,199.4047,-0.9700,-19.9501,-69.5257,0.2152,-0.7215,-0.6581,0.9980,365,13.617115,1.8593,0.6476
BiancaGolden_CircleTurns,-13.4869,64.8087,199.4749,-0.8486,-19.7966,-69.8159,0.2165,-0.7267,-0.6519,0.9980,365,13.630654,1.8651,0.6481
BiancaGolden_CircleTurns,-12.9231,64.9165,199.5186,-0.8413,-19.7103,-70.1031,0.2148,-0.7301,-0.6487,0.9980,366,13.645507,1.8708,0.6492
BiancaGolden_CircleTurns,-12.3871,64.9958,199.5593,-0.9585,-19.7175,-70.4402,0.2103,-0.7311,-0.6490,0.9980,366,13.659308,1.8761,0.6500
BiancaGolden_CircleTurns,-11.8872,65.0414,199.5914,-1.1128,-19.7312,-70.7834,0.2116,-0.7288,-0.6512,0.9980,367,13.673832,1.8811,0.6504
BiancaGolden_CircleTurns,-11.4105,65.0462,199.6373,-1.2160,-19.7549,-71.1580,0.2068,-0.7300,-0.6515,0.9980,367,13.687954,1.8859,0.6505
BiancaGolden_CircleTurns,-10.9620,65.0517,199.6627,-1.1839,-19.7730,-71.5178,0.1970,-0.7316,-0.6527,0.9980,367,13.702307,1.8904,0.6505
BiancaGolden_CircleTurns,-10.5461,65.0567,199.6578,-1.0674,-19.7538,-71.8499,0.1906,-0.7271,-0.6595,0.9980,368,13.716984,1.8945,0.6506
BiancaGolden_CircleTurns,-10.1407,65.0988,199.6384,-1.0115,-19.7463,-72.1952,0.1870,-0.7277,-0.6599,0.9980,368,13.731036,1.8986,0.6510
BiancaGolden_CircleTurns,-9.7262,65.1524,199.6171,-1.1139,-19.7665,-72.5176,0.1888,-0.7285,-0.6585,0.9980,369,13.744201,1.9027,0.6515
BiancaGolden_CircleTurns,-9.3567,65.2086,199.5990,-1.1825,-19.8556,-72.8229,0.1868,-0.7278,-0.6598,0.9980,369,13.757432,1.9064,0.6521
BiancaGolden_CircleTurns,-8.9983,65.2541,199.6100,-1.1595,-19.9539,-73.0752,0.1837,-0.7276,-0.6609,0.9980,369,13.770161,1.9100,0.6525
BiancaGolden_CircleTurns,-8.6884,65.3066,199.6111,-1.1337,-20.0425,-73.2854,0.1847,-0.7293,-0.6588,0.9980,370,13.782691,1.9131,0.6531
BiancaGolden_CircleTurns,-8.7402,65.3364,199.5954,-1.1061,-20.0876,-73.2295,0.1879,-0.7274,-0.6600,0.9980,370,13.795065,1.9126,0.6534
BiancaGolden_CircleTurns,-8.4340,65.4243,199.5510,-1.1079,-20.1769,-73.4054,0.1862,-0.7267,-0.6613,0.9980,371,13.809178,1.9157,0.6542
BiancaGolden_CircleTurns,-8.1262,65.5018,199.5165,-1.2912,-20.2728,-73.6109,0.1845,-0.7254,-0.6632,0.9980,371,13.821701,1.9187,0.6550
BiancaGolden_CircleTurns,-7.8603,65.5523,199.5103,-1.4805,-20.3589,-73.8006,0.1831,-0.7252,-0.6638,0.9980,371,13.835073,1.9214,0.6555
BiancaGolden_CircleTurns,-7.6166,65.5857,199.5344,-1.5705,-20.4044,-73.9427,0.1852,-0.7309,-0.6569,0.9980,372,13.847796,1.9238,0.6559
BiancaGolden_CircleTurns,-7.3955,65.6235,199.5453,-1.5523,-20.3497,-74.0472,0.1841,-0.7315,-0.6566,0.9980,372,13.860371,1.9260,0.6562
BiancaGolden_CircleTurns,-7.1766,65.6555,199.5573,-1.5395,-20.3276,-74.1299,0.1836,-0.7332,-0.6547,0.9980,373,13.874538,1.9282,0.6566
BiancaGolden_CircleTurns,-6.9779,65.7327,199.5160,-1.5017,-20.1879,-74.1839,0.1890,-0.7289,-0.6580,0.9980,373,13.887596,1.9302,0.6573
BiancaGolden_CircleTurns,-6.8176,65.7867,199.4955,-1.4652,-20.1827,-74.1799,0.1890,-0.7289,-0.6581,0.9980,373,13.901493,1.9318,0.6579
BiancaGolden_CircleTurns,-6.6628,65.8494,199.4883,-1.4538,-20.1394,-74.1633,0.1888,-0.7254,-0.6619,0.9980,374,13.914976,1.9334,0.6585
BiancaGolden_CircleTurns,-6.5553,65.9118,199.4790,-1.4400,-20.1711,-74.1089,0.1892,-0.7249,-0.6624,0.9980,374,13.927625,1.9344,0.6591
BiancaGolden_CircleTurns,-6.4481,65.9763,199.4835,-1.3689,-20.2116,-74.0336,0.1915,-0.7231,-0.6636,0.9980,375,13.942864,1.9355,0.6598
BiancaGolden_CircleTurns,-6.3596,66.0436,199.4675,-1.2714,-20.2391,-73.9143,0.1935,-0.7221,-0.6642,0.9980,375,13.956600,1.9364,0.6604
BiancaGolden_CircleTurns,-6.3087,66.0843,199.4507,-1.1674,-20.2890,-73.7073,0.1954,-0.7181,-0.6680,0.9980,375,13.970527,1.9369,0.6608
BiancaGolden_CircleTurns,-6.2827,66.1327,199.4635,-1.1211,-20.3416,-73.4740,0.1973,-0.7165,-0.6691,0.9980,376,13.982361,1.9372,0.6613
BiancaGolden_CircleTurns,-6.2524,66.2127,199.4662,-1.1081,-20.4282,-73.2600,0.2015,-0.7204,-0.6636,0.9980,376,13.999616,1.9375,0.6621
BiancaGolden_CircleTurns,-6.2641,66.2917,199.4238,-1.1769,-20.5312,-73.0472,0.2033,-0.7179,-0.6658,0.9980,377,14.009955,1.9374,0.6629
BiancaGolden_CircleTurns,-6.2841,66.3298,199.4259,-1.1552,-20.6785,-72.8574,0.2058,-0.7173,-0.6656,0.9980,377,14.022557,1.9372,0.6633
BiancaGolden_CircleTurns,-6.3599,66.2802,199.5514,-0.9970,-20.6907,-72.5742,0.2074,-0.7160,-0.6666,0.9980,378,14.037700,1.9364,0.6628
BiancaGolden_CircleTurns,-6.4262,66.2183,199.6561,-0.8506,-20.7691,-72.3533,0.2053,-0.7149,-0.6685,0.9980,378,14.050465,1.9357,0.6622
BiancaGolden_CircleTurns,-6.4749,66.0580,199.8664,-0.7207,-20.9045,-72.0992,0.2090,-0.7151,-0.6670,0.9980,378,14.064393,1.9353,0.6606
BiancaGolden_CircleTurns,-6.5390,65.9896,200.0417,-0.5995,-20.7960,-71.7590,0.2125,-0.7132,-0.6679,0.9980,379,14.078461,1.9346,0.6599
BiancaGolden_CircleTurns,-6.6356,66.0266,199.8679,-0.5862,-20.7479,-71.4541,0.2478,-0.6979,-0.6720,0.9980,379,14.091407,1.9336,0.6603
BiancaGolden_CircleTurns,-6.7245,66.0755,199.6036,-0.7145,-20.7457,-71.1641,0.3325,-0.6570,-0.6766,0.9980,380,14.106655,1.9328,0.6608
BiancaGolden_CircleTurns,-6.7779,66.1320,199.4487,-1.2333,-20.8169,-71.0182,0.3373,-0.6538,-0.6773,0.9980,380,14.121779,1.9322,0.6613
BiancaGolden_CircleTurns,-6.7949,66.1703,199.3789,-1.9473,-20.9686,-70.9485,0.4161,-0.5852,-0.6960,0.9980,380,14.135889,1.9321,0.6617
BiancaGolden_CircleTurns,-6.8192,66.2547,199.2456,-2.4837,-21.1006,-70.7705,0.4549,-0.5296,-0.7159,0.9980,381,14.149809,1.9318,0.6625
BiancaGolden_CircleTurns,-6.8542,66.3076,199.1137,-2.7014,-21.2710,-70.3150,0.4975,-0.4756,-0.7255,0.9980,381,14.163690,1.9315,0.6631
BiancaGolden_CircleTurns,-6.7832,66.3905,199.0234,-2.9928,-21.4593,-69.9198,0.5349,-0.4219,-0.7320,0.9980,382,14.179484,1.9322,0.6639
BiancaGolden_CircleTurns,-6.6852,66.4715,198.9461,-3.3639,-21.6107,-69.2090,0.5449,-0.4138,-0.7293,0.9980,382,14.191608,1.9331,0.6647
BiancaGolden_CircleTurns,-6.4798,66.5649,198.8671,-4.0356,-21.7249,-68.5160,0.5753,-0.3871,-0.7205,0.9980,383,14.206186,1.9352,0.6656
BiancaGolden_CircleTurns,-6.2594,66.6491,198.7809,-4.7713,-21.7074,-67.9928,0.5832,-0.3839,-0.7159,0.9980,383,14.220022,1.9374,0.6665
BiancaGolden_CircleTurns,-6.0355,66.7328,198.6614,-5.2468,-21.6132,-67.6945,0.5873,-0.3821,-0.7135,0.9980,383,14.235226,1.9396,0.6673
BiancaGolden_CircleTurns,-5.8197,66.8343,198.5401,-5.5407,-21.5673,-67.4862,0.5849,-0.3749,-0.7192,0.9980,384,14.248795,1.9418,0.6683
BiancaGolden_CircleTurns,-5.5167,66.9576,198.4586,-5.7172,-21.6886,-67.4281,0.5802,-0.3730,-0.7241,0.9980,384,14.262108,1.9448,0.6696
BiancaGolden_CircleTurns,-5.1584,67.0790,198.4279,-5.9918,-21.9253,-67.3179,0.5828,-0.3673,-0.7249,0.9980,385,14.277020,1.9484,0.6708
BiancaGolden_CircleTurns,-4.7481,67.2372,198.4540,-6.4291,-22.2892,-67.2050,0.5818,-0.3655,-0.7266,0.9980,385,14.290850,1.9525,0.6724
BiancaGolden_CircleTurns,-4.3251,67.3980,198.4754,-6.8672,-22.6679,-67.1283,0.5748,-0.3664,-0.7316,0.9980,386,14.305879,1.9567,0.6740
BiancaGolden_CircleTurns,-3.8937,67.5591,198.4886,-7.1550,-22.9365,-67.0584,0.5623,-0.3675,-0.7408,0.9980,386,14.319922,1.9611,0.6756
BiancaGolden_CircleTurns,-3.4070,67.7068,198.4831,-7.1822,-23.1017,-67.0570,0.5531,-0.3678,-0.7475,0.9980,386,14.334196,1.9659,0.6771
BiancaGolden_CircleTurns,-2.8439,67.8369,198.4578,-6.8703,-23.0335,-67.2223,0.5501,-0.3730,-0.7471,0.9980,387,14.348390,1.9716,0.6784
BiancaGolden_CircleTurns,-2.2597,67.9255,198.4524,-6.6289,-22.8551,-67.3932,0.5346,-0.3871,-0.7512,0.9980,387,14.361533,1.9774,0.6793
BiancaGolden_CircleTurns,-1.6252,68.0148,198.4229,-6.2967,-22.5458,-67.6697,0.5221,-0.4001,-0.7532,0.9980,388,14.376272,1.9837,0.6801
BiancaGolden_CircleTurns,-0.9693,68.1168,198.3294,-5.9422,-22.2440,-67.9542,0.5153,-0.4119,-0.7515,0.9980,388,14.390859,1.9903,0.6812
BiancaGolden_CircleTurns,-0.3347,68.1941,198.2578,-5.6059,-22.1692,-68.2378,0.4578,-0.4619,-0.7596,0.9980,389,14.404927,1.9967,0.6819
BiancaGolden_CircleTurns,0.3286,68.2383,198.2194,-5.1781,-22.1727,-68.6277,0.3749,-0.5287,-0.7615,0.9980,389,14.418235,2.0033,0.6824
BiancaGolden_CircleTurns,0.9880,68.2421,198.1867,-4.7603,-22.2719,-69.1041,0.3650,-0.5305,-0.7651,0.9980,389,14.431882,2.0099,0.6824
BiancaGolden_CircleTurns,1.6565,68.1909,198.1748,-4.3257,-22.4966,-69.6801,0.2649,-0.6097,-0.7471,0.9980,390,14.445713,2.0166,0.6819
BiancaGolden_CircleTurns,2.3479,68.0419,198.2756,-3.7943,-22.6970,-70.2176,0.2005,-0.7261,-0.6577,0.9980,390,14.458702,2.0235,0.6804
BiancaGolden_CircleTurns,3.0750,67.9067,198.3996,-3.3187,-22.7513,-70.7233,0.1522,-0.7495,-0.6443,0.9980,391,14.474880,2.0308,0.6791
BiancaGolden_CircleTurns,3.8341,67.8627,198.3119,-2.8926,-22.6415,-71.2003,0.1488,-0.7616,-0.6307,0.9980,391,14.488679,2.0383,0.6786
BiancaGolden_CircleTurns,4.5366,67.8404,198.1248,-2.4382,-22.6546,-71.5141,0.1587,-0.7728,-0.6145,0.9980,392,14.505703,2.0454,0.6784
BiancaGolden_CircleTurns,5.2756,67.8149,197.9083,-1.8829,-22.7127,-71.7936,0.1654,-0.7592,-0.6295,0.9980,392,14.516059,2.0528,0.6781
BiancaGolden_CircleTurns,5.9669,67.7717,197.7380,-1.1910,-22.8318,-71.9725,0.1598,-0.7591,-0.6310,0.9980,392,14.529492,2.0597,0.6777
BiancaGolden_CircleTurns,6.6563,67.6983,197.6439,-0.3949,-23.0175,-72.0817,0.1629,-0.7562,-0.6337,0.9980,393,14.543092,2.0666,0.6770
BiancaGolden_CircleTurns,7.3057,67.5851,197.6175,0.4129,-23.2637,-72.1353,0.1574,-0.7547,-0.6369,0.9980,393,14.556456,2.0731,0.6759
BiancaGolden_CircleTurns,7.9317,67.5096,197.5561,1.1988,-23.5298,-72.1887,0.1535,-0.7513,-0.6418,0.9980,394,14.571134,2.0793,0.6751
BiancaGolden_CircleTurns,8.5188,67.4649,197.4225,1.9126,-23.9464,-72.1576,0.1509,-0.7499,-0.6441,0.9980,394,14.585016,2.0852,0.6746
BiancaGolden_CircleTurns,9.0677,67.4510,197.2389,2.5691,-24.3747,-72.1382,0.1472,-0.7463,-0.6491,0.9980,394,14.599072,2.0907,0.6745
BiancaGolden_CircleTurns,9.5808,67.4310,197.0758,3.0418,-24.8003,-72.1570,0.1504,-0.7372,-0.6587,0.9980,395,14.613128,2.0958,0.6743
BiancaGolden_CircleTurns,10.0525,67.3815,196.9249,3.5190,-25.1453,-72.2369,0.1403,-0.7381,-0.6599,0.9980,395,14.625925,2.1005,0.6738
BiancaGolden_CircleTurns,10.4580,67.3324,196.8114,3.8416,-25.4462,-72.3747,0.1382,-0.7361,-0.6626,0.9980,396,14.642133,2.1046,0.6733
BiancaGolden_CircleTurns,10.8099,67.2915,196.7312,4.0628,-25.6507,-72.6423,0.1304,-0.7372,-0.6630,0.9980,396,14.655604,2.1081,0.6729
BiancaGolden_CircleTurns,11.1375,67.2707,196.6612,4.2826,-25.7793,-72.9148,0.1265,-0.7396,-0.6611,0.9980,396,14.669517,2.1114,0.6727
BiancaGolden_CircleTurns,11.4169,67.2497,196.6126,4.6002,-25.8910,-73.1724,0.1232,-0.7410,-0.6601,0.9980,397,14.683664,2.1142,0.6725
BiancaGolden_CircleTurns,11.6848,67.2520,196.5681,4.8992,-26.0544,-73.3532,0.1200,-0.7404,-0.6614,0.9980,397,14.696348,2.1168,0.6725
BiancaGolden_CircleTurns,11.9441,67.2706,196.5231,5.0877,-26.1642,-73.5411,0.1251,-0.7402,-0.6606,0.9980,398,14.711803,2.1194,0.6727
BiancaGolden_CircleTurns,12.1437,67.3241,196.4766,5.1819,-26.2654,-73.7160,0.1235,-0.7439,-0.6568,0.9980,398,14.725356,2.1214,0.6732
BiancaGolden_CircleTurns,12.3211,67.3938,196.4316,5.3776,-26.2727,-73.8765,0.1206,-0.7492,-0.6513,0.9980,399,14.740020,2.1232,0.6739
BiancaGolden_CircleTurns,12.4650,67.4681,196.4017,5.6396,-26.2725,-74.0380,0.0471,-0.7761,-0.6288,0.9980,399,14.752608,2.1246,0.6747
BiancaGolden_CircleTurns,12.5821,67.5687,196.3766,5.8793,-26.1920,-74.1501,0.0453,-0.7774,-0.6274,0.9980,399,14.767297,2.1258,0.6757
BiancaGolden_CircleTurns,12.6703,67.7062,196.3408,6.0963,-26.1412,-74.2662,0.0146,-0.7999,-0.6000,0.9980,400,14.780876,2.1267,0.6771
BiancaGolden_CircleTurns,12.7127,67.8843,196.2935,6.2994,-26.0638,-74.3034,0.0136,-0.8011,-0.5984,0.9980,400,14.793994,2.1271,0.6788
BiancaGolden_CircleTurns,12.7165,68.0692,196.2620,6.5726,-26.0206,-74.2571,0.0153,-0.8027,-0.5962,0.9980,401,14.809215,2.1272,0.6807
BiancaGolden_CircleTurns,12.6884,68.2968,196.2244,6.8193,-25.9367,-74.1721,0.0136,-0.8035,-0.5952,0.9980,401,14.822758,2.1269,0.6830
BiancaGolden_CircleTurns,12.6313,68.4979,196.2384,6.9320,-25.9263,-74.1037,0.0173,-0.8041,-0.5942,0.9980,402,14.838448,2.1263,0.6850
BiancaGolden_CircleTurns,12.5476,68.7156,196.2579,7.0627,-25.8682,-74.0491,0.0194,-0.8059,-0.5918,0.9980,402,14.850278,2.1255,0.6872
BiancaGolden_CircleTurns,12.4245,68.9302,196.2839,7.2463,-25.7946,-73.9452,0.0218,-0.8069,-0.5902,0.9980,402,14.865121,2.1242,0.6893
BiancaGolden_CircleTurns,12.2482,69.1570,196.3088,7.4390,-25.7264,-73.7510,0.0239,-0.8073,-0.5897,0.9980,403,14.877896,2.1225,0.6916
BiancaGolden_CircleTurns,12.0684,69.3807,196.3621,7.5098,-25.6365,-73.5879,0.0235,-0.8098,-0.5862,0.9980,403,14.892734,2.1207,0.6938
BiancaGolden_CircleTurns,11.8384,69.6207,196.4231,7.4676,-25.4939,-73.4451,0.0200,-0.8115,-0.5840,0.9980,404,14.907104,2.1184,0.6962
BiancaGolden_CircleTurns,11.5810,69.8727,196.4357,7.4458,-25.4322,-73.3555,0.0233,-0.8106,-0.5852,0.9980,404,14.920402,2.1158,0.6987
BiancaGolden_CircleTurns,11.2832,70.0678,196.5430,7.4799,-25.5134,-73.2387,0.0249,-0.8093,-0.5869,0.9980,404,14.934453,2.1128,0.7007
BiancaGolden_CircleTurns,10.9874,70.2179,196.7603,7.5489,-25.6539,-73.0877,0.0254,-0.8062,-0.5910,0.9980,405,14.947913,2.1099,0.7022
BiancaGolden_CircleTurns,10.6634,70.3486,197.0019,7.5758,-25.7337,-72.9490,0.0283,-0.8031,-0.5952,0.9980,405,14.962026,2.1066,0.7035
BiancaGolden_CircleTurns,10.2658,70.5354,197.1395,7.4809,-25.6812,-72.8808,0.0288,-0.8038,-0.5943,0.9980,406,14.977431,2.1027,0.7054
BiancaGolden_CircleTurns,9.8109,70.7913,197.1375,7.2921,-25.5662,-72.9010,0.0232,-0.8048,-0.5931,0.9980,406,14.990319,2.0981,0.7079
BiancaGolden_CircleTurns,9.3414,71.0358,197.1527,7.0364,-25.4871,-72.9877,0.0203,-0.8018,-0.5973,0.9980,407,15.008081,2.0934,0.7104
BiancaGolden_CircleTurns,8.8925,71.2406,197.3076,6.6771,-25.4237,-73.1927,0.0187,-0.8016,-0.5976,0.9980,407,15.018717,2.0889,0.7124
BiancaGolden_CircleTurns,8.4822,71.4007,197.5517,6.3625,-25.3681,-73.3852,0.0192,-0.7998,-0.5999,0.9980,407,15.031817,2.0848,0.7140
BiancaGolden_CircleTurns,8.0667,71.5856,197.7884,6.0094,-25.2738,-73.5668,0.0220,-0.7983,-0.6019,0.9980,408,15.045096,2.0807,0.7159
BiancaGolden_CircleTurns,7.6423,71.8048,197.9526,5.5723,-25.1494,-73.7080,0.0237,-0.7985,-0.6015,0.9980,408,15.057955,2.0764,0.7180
BiancaGolden_CircleTurns,7.1800,72.0630,198.0598,5.1296,-24.9915,-73.8320,0.0261,-0.8000,-0.5995,0.9980,409,15.072877,2.0718,0.7206
BiancaGolden_CircleTurns,6.7231,72.3002,198.1521,4.7380,-24.7206,-73.9138,0.0370,-0.8032,-0.5945,0.9980,409,15.086485,2.0672,0.7230
BiancaGolden_CircleTurns,6.2772,72.4794,198.2974,4.5226,-24.3725,-73.9075,0.0402,-0.8083,-0.5873,0.9980,409,15.101448,2.0628,0.7248
BiancaGolden_CircleTurns,5.8532,72.6272,198.4623,4.3670,-23.9126,-73.8386,0.0428,-0.8119,-0.5822,0.9980,410,15.114552,2.0585,0.7263
BiancaGolden_CircleTurns,5.4288,72.7830,198.6236,4.1527,-23.4973,-73.7882,0.0462,-0.8151,-0.5774,0.9980,410,15.128237,2.0543,0.7278
BiancaGolden_CircleTurns,5.0067,72.9559,198.7501,3.8140,-23.0817,-73.7204,0.0553,-0.8164,-0.5748,0.9980,411,15.143575,2.0501,0.7296
BiancaGolden_CircleTurns,4.5896,73.1252,198.8617,3.4889,-22.7494,-73.7574,0.0583,-0.8174,-0.5731,0.9980,411,15.156327,2.0459,0.7313
BiancaGolden_CircleTurns,4.1840,73.2879,198.9640,3.2048,-22.5014,-73.8386,0.0588,-0.8189,-0.5709,0.9980,412,15.171687,2.0418,0.7329
BiancaGolden_CircleTurns,3.7970,73.4298,199.0458,2.8707,-22.2763,-73.9293,0.0611,-0.8119,-0.5806,0.9980,412,15.184125,2.0380,0.7343
BiancaGolden_CircleTurns,3.4226,73.5610,199.0994,2.5893,-22.1195,-73.9971,0.0630,-0.8118,-0.5805,0.9980,412,15.198682,2.0342,0.7356
BiancaGolden_CircleTurns,3.0641,73.6976,199.1191,2.2953,-21.9684,-74.0709,0.0667,-0.8111,-0.5810,0.9980,413,15.212216,2.0306,0.7370
BiancaGolden_CircleTurns,2.7218,73.8267,199.0935,2.0938,-21.8706,-74.2022,0.0686,-0.8067,-0.5869,0.9980,413,15.225683,2.0272,0.7383
BiancaGolden_CircleTurns,2.3907,73.9295,199.0587,1.8735,-21.8050,-74.3116,0.0734,-0.8053,-0.5883,0.9980,414,15.241046,2.0239,0.7393
BiancaGolden_CircleTurns,2.0806,74.0149,199.0373,1.6873,-21.7209,-74.4770,0.0709,-0.8033,-0.5913,0.9980,414,15.254377,2.0208,0.7401
BiancaGolden_CircleTurns,1.8198,74.0412,199.0111,1.6201,-21.7258,-74.6527,0.0690,-0.8039,-0.5908,0.9980,414,15.268885,2.0182,0.7404
BiancaGolden_CircleTurns,1.5971,74.0041,199.0067,1.6565,-21.6969,-74.7861,0.0668,-0.8027,-0.5926,0.9980,415,15.282282,2.0160,0.7400
BiancaGolden_CircleTurns,1.4229,73.9195,198.9772,1.6729,-21.5955,-74.9201,0.0680,-0.8023,-0.5930,0.9980,415,15.295383,2.0142,0.7392
BiancaGolden_CircleTurns,1.2683,73.8083,198.9385,1.5579,-21.4498,-75.0858,0.0693,-0.8004,-0.5955,0.9980,416,15.311261,2.0127,0.7381
BiancaGolden_CircleTurns,1.1550,73.6168,198.9152,1.4278,-21.3440,-75.2876,0.0705,-0.7973,-0.5994,0.9980,416,15.324087,2.0116,0.7362
BiancaGolden_CircleTurns,1.0760,73.3898,198.9141,1.3313,-21.3274,-75.5039,0.0709,-0.7955,-0.6018,0.9980,417,15.338408,2.0108,0.7339
BiancaGolden_CircleTurns,1.0138,73.1523,198.8763,1.2467,-21.4005,-75.7278,0.0671,-0.7938,-0.6045,0.9980,417,15.352118,2.0101,0.7315
BiancaGolden_CircleTurns,0.9892,72.8784,198.7943,1.2139,-21.5926,-75.9734,0.0668,-0.7895,-0.6101,0.9980,417,15.367669,2.0099,0.7288
BiancaGolden_CircleTurns,0.9892,72.5591,198.6984,1.2966,-21.8694,-76.1901,0.0654,-0.7864,-0.6142,0.9980,418,15.380180,2.0099,0.7256
BiancaGolden_CircleTurns,1.0312,72.1873,198.6286,1.4321,-22.1729,-76.3528,0.0668,-0.7835,-0.6178,0.9980,418,15.392897,2.0103,0.7219
BiancaGolden_CircleTurns,1.1169,71.7542,198.5974,1.6137,-22.4267,-76.5150,0.0697,-0.7797,-0.6223,0.9980,419,15.408913,2.0112,0.7175
BiancaGolden_CircleTurns,1.2137,71.2860,198.5691,1.7835,-22.6147,-76.6575,0.0735,-0.7786,-0.6233,0.9980,419,15.421945,2.0121,0.7129
BiancaGolden_CircleTurns,1.3682,70.7934,198.4693,1.9946,-22.6657,-76.8115,0.0707,-0.7784,-0.6238,0.9980,419,15.436378,2.0137,0.7079
BiancaGolden_CircleTurns,1.5107,70.3048,198.3111,2.1881,-22.7306,-76.9397,0.0692,-0.7782,-0.6242,0.9980,420,15.450630,2.0151,0.7030
BiancaGolden_CircleTurns,1.6946,69.7680,198.1735,2.4667,-22.7946,-77.0477,0.0736,-0.7779,-0.6241,0.9980,420,15.463997,2.0169,0.6977
BiancaGolden_CircleTurns,1.8936,69.1730,198.0942,2.7769,-22.8375,-77.1010,0.0806,-0.7782,-0.6228,0.9980,421,15.478182,2.0189,0.6917
BiancaGolden_CircleTurns,2.1177,68.5499,198.0000,3.0417,-22.7721,-77.1381,0.0833,-0.7792,-0.6212,0.9980,421,15.492392,2.0212,0.6855
BiancaGolden_CircleTurns,2.3768,67.8842,197.8827,3.2194,-22.6198,-77.1838,0.0844,-0.7802,-0.6198,0.9980,422,15.509522,2.0238,0.6788
BiancaGolden_CircleTurns,2.6532,67.2332,197.7301,3.2991,-22.3914,-77.2711,0.0825,-0.7798,-0.6206,0.9980,422,15.520117,2.0265,0.6723
BiancaGolden_CircleTurns,2.9488,66.5824,197.5458,3.3392,-22.1346,-77.3679,0.0818,-0.7819,-0.6181,0.9980,422,15.534057,2.0295,0.6658
BiancaGolden_CircleTurns,3.2394,65.8956,197.4226,3.3354,-21.9463,-77.4546,0.0820,-0.7779,-0.6230,0.9980,423,15.547196,2.0324,0.6590
BiancaGolden_CircleTurns,3.5604,65.1915,197.3522,3.3163,-21.7187,-77.5386,0.0813,-0.7786,-0.6223,0.9980,423,15.560102,2.0356,0.6519
BiancaGolden_CircleTurns,3.8679,64.5012,197.2761,3.2183,-21.4834,-77.6518,0.0808,-0.7790,-0.6218,0.9980,424,15.575365,2.0387,0.6450
BiancaGolden_CircleTurns,4.1743,63.7946,197.2282,3.1100,-21.4312,-77.7843,0.0827,-0.7680,-0.6351,0.9980,424,15.590281,2.0417,0.6379
BiancaGolden_CircleTurns,4.5047,63.0094,197.3331,2.8768,-21.4247,-78.0070,0.0811,-0.7536,-0.6523,0.9980,425,15.604538,2.0450,0.6301
BiancaGolden_CircleTurns,4.8666,62.1920,197.4968,2.6008,-21.3058,-78.2942,0.0800,-0.7582,-0.6471,0.9980,425,15.617871,2.0487,0.6219
BiancaGolden_CircleTurns,5.1948,61.3940,197.6321,2.4447,-20.9245,-78.5114,0.0901,-0.7456,-0.6603,0.9980,425,15.631315,2.0519,0.6139
BiancaGolden_CircleTurns,5.4949,60.7056,197.6190,2.3375,-20.3356,-78.6346,0.0931,-0.7480,-0.6571,0.9980,426,15.645011,2.0549,0.6071
BiancaGolden_CircleTurns,5.7825,60.0752,197.5627,2.2173,-19.6707,-78.6918,0.0935,-0.7447,-0.6608,0.9980,426,15.657843,2.0578,0.6008
BiancaGolden_CircleTurns,6.0612,59.4441,197.5562,2.0357,-19.1014,-78.7755,0.0947,-0.7497,-0.6550,0.9980,427,15.673351,2.0606,0.5944
BiancaGolden_CircleTurns,6.3078,58.7947,197.6853,1.9581,-18.6513,-78.7975,0.1064,-0.7376,-0.6668,0.9980,427,15.686786,2.0631,0.5879
BiancaGolden_CircleTurns,6.5437,58.1449,197.8895,2.0340,-18.3128,-78.7718,0.1071,-0.7397,-0.6643,0.9980,427,15.700613,2.0654,0.5814
BiancaGolden_CircleTurns,6.7923,57.5164,198.0907,1.9641,-18.1161,-78.7913,0.1011,-0.7360,-0.6694,0.9980,428,15.714734,2.0679,0.5752
BiancaGolden_CircleTurns,7.0039,56.9165,198.2783,1.8672,-18.0015,-78.7674,0.1013,-0.7330,-0.6726,0.9980,428,15.728115,2.0700,0.5692
BiancaGolden_CircleTurns,7.1941,56.3569,198.4517,1.8186,-17.8748,-78.7199,0.1039,-0.7229,-0.6831,0.9980,429,15.743032,2.0719,0.5636
BiancaGolden_CircleTurns,7.3615,55.7980,198.6091,1.8195,-17.6543,-78.6487,0.1053,-0.7186,-0.6874,0.9980,429,15.757621,2.0736,0.5580
BiancaGolden_CircleTurns,7.5241,55.2732,198.7229,1.8508,-17.3516,-78.5776,0.1070,-0.7227,-0.6828,0.9980,430,15.770827,2.0752,0.5527
BiancaGolden_CircleTurns,7.6749,54.7359,198.8206,1.8279,-16.9994,-78.5233,0.1148,-0.7180,-0.6865,0.9980,430,15.785153,2.0767,0.5474
BiancaGolden_CircleTurns,7.8065,54.2150,198.8967,1.8180,-16.6985,-78.4877,0.1147,-0.7132,-0.6915,0.9980,430,15.798664,2.0781,0.5422
BiancaGolden_CircleTurns,7.9269,53.6910,198.9859,1.8849,-16.5391,-78.4282,0.1141,-0.7127,-0.6921,0.9980,431,15.812167,2.0793,0.5369
BiancaGolden_CircleTurns,8.0257,53.2004,199.0591,1.9986,-16.5750,-78.3212,0.1101,-0.6969,-0.7086,0.9980,431,15.826321,2.0803,0.5320
BiancaGolden_CircleTurns,8.1173,52.7301,199.1058,2.0584,-16.8715,-78.1923,0.1084,-0.6828,-0.7225,0.9980,432,15.841655,2.0812,0.5273
BiancaGolden_CircleTurns,8.1736,52.2796,199.1327,2.0577,-17.2963,-78.0644,0.1313,-0.6416,-0.7557,0.9980,432,15.854733,2.0817,0.5228
BiancaGolden_CircleTurns,8.2037,51.8436,199.1555,2.0028,-17.7399,-77.9404,0.1317,-0.6359,-0.7604,0.9980,432,15.869762,2.0820,0.5184
BiancaGolden_CircleTurns,8.2129,51.3904,199.2008,1.9371,-18.1384,-77.8572,0.1560,-0.6107,-0.7763,0.9980,0,15.881527,2.0821,0.5139
BiancaGolden_CircleTurns,8.2120,50.8963,199.3138,1.8042,-18.2913,-77.7718,0.1604,-0.6085,-0.7772,0.9980,0,15.895692,2.0821,0.5090
BiancaGolden_CircleTurns,8.1975,50.3993,199.4557,1.5743,-18.2115,-77.6831,0.1663,-0.6065,-0.7775,0.9980,1,15.911242,2.0820,0.5040
BiancaGolden_CircleTurns,8.1499,49.9014,199.5936,1.3316,-17.9371,-77.5583,0.1759,-0.6107,-0.7721,0.9980,1,15.923737,2.0815,0.4990
BiancaGolden_CircleTurns,8.0839,49.4458,199.7104,1.0363,-17.4672,-77.3890,0.1824,-0.6156,-0.7666,0.9980,2,15.939150,2.0808,0.4945
BiancaGolden_CircleTurns,7.9884,49.0074,199.7836,0.7780,-17.0369,-77.1632,0.1949,-0.6305,-0.7513,0.9980,2,15.951780,2.0799,0.4901
BiancaGolden_CircleTurns,7.8843,48.5913,199.8712,0.4563,-16.5677,-76.8645,0.2038,-0.6344,-0.7457,0.9980,2,15.965812,2.0788,0.4859
BiancaGolden_CircleTurns,7.7799,48.1545,200.0014,0.0209,-16.1079,-76.5387,0.2123,-0.6380,-0.7402,0.9980,3,15.980433,2.0778,0.4815
BiancaGolden_CircleTurns,7.6466,47.7225,200.1458,-0.4116,-15.5712,-76.1089,0.2117,-0.6384,-0.7400,0.9980,3,15.995844,2.0765,0.4772
BiancaGolden_CircleTurns,7.5066,47.2814,200.2753,-0.8676,-15.0260,-75.6566,0.2218,-0.6373,-0.7380,0.9980,4,16.008505,2.0751,0.4728
BiancaGolden_CircleTurns,7.3416,46.8563,200.3591,-1.3256,-14.4703,-75.1717,0.2169,-0.6368,-0.7399,0.9980,4,16.021011,2.0734,0.4686
BiancaGolden_CircleTurns,7.1535,46.4333,200.4306,-1.8597,-13.9430,-74.6563,0.2290,-0.6393,-0.7340,0.9980,4,16.035374,2.0715,0.4643
BiancaGolden_CircleTurns,6.9515,46.0144,200.4963,-2.3471,-13.4717,-74.1239,0.2325,-0.6326,-0.7388,0.9980,5,16.049406,2.0695,0.4601
BiancaGolden_CircleTurns,6.7407,45.5803,200.5479,-2.7923,-12.9985,-73.5594,0.2453,-0.6262,-0.7401,0.9980,5,16.062027,2.0674,0.4558
BiancaGolden_CircleTurns,6.5001,45.1469,200.6041,-3.2241,-12.6472,-72.9583,0.2499,-0.6212,-0.7427,0.9980,6,16.077349,2.0650,0.4515
BiancaGolden_CircleTurns,6.2304,44.7168,200.6119,-3.5797,-12.3726,-72.3371,0.2454,-0.6026,-0.7593,0.9980,6,16.090942,2.0623,0.4472
BiancaGolden_CircleTurns,5.9440,44.2861,200.6185,-3.9980,-12.1520,-71.7570,0.2547,-0.6009,-0.7577,0.9980,7,16.106037,2.0594,0.4429
BiancaGolden_CircleTurns,5.6364,43.8484,200.5839,-4.3204,-12.0274,-71.2387,0.2482,-0.5898,-0.7685,0.9980,7,16.118460,2.0564,0.4385
BiancaGolden_CircleTurns,5.3037,43.3927,200.5402,-4.5998,-12.0258,-70.7371,0.2540,-0.5857,-0.7697,0.9980,7,16.132933,2.0530,0.4339
BiancaGolden_CircleTurns,4.9512,42.9192,200.4842,-4.8690,-12.0941,-70.2868,0.2480,-0.5857,-0.7717,0.9980,8,16.146460,2.0495,0.4292
BiancaGolden_CircleTurns,4.5735,42.4422,200.3868,-5.0289,-12.3627,-69.8836,0.2410,-0.5820,-0.7766,0.9980,8,16.159943,2.0457,0.4244
BiancaGolden_CircleTurns,4.1859,41.9510,200.2382,-5.1437,-12.7577,-69.5309,0.2419,-0.5713,-0.7843,0.9980,9,16.175350,2.0419,0.4195
BiancaGolden_CircleTurns,3.7784,41.4573,200.0678,-5.2422,-13.3488,-69.2126,0.2423,-0.5606,-0.7918,0.9980,9,16.189840,2.0378,0.4146
BiancaGolden_CircleTurns,3.3665,40.9600,199.8873,-5.3488,-14.0564,-68.9295,0.2372,-0.5400,-0.8075,0.9980,9,16.203156,2.0337,0.4096
BiancaGolden_CircleTurns,2.9646,40.4687,199.6719,-5.4182,-14.9379,-68.6768,0.2262,-0.5247,-0.8207,0.9980,10,16.216963,2.0296,0.4047
BiancaGolden_CircleTurns,2.5552,39.9961,199.4310,-5.4880,-16.1514,-68.3717,0.2006,-0.5103,-0.8363,0.9980,10,16.230089,2.0256,0.4000
BiancaGolden_CircleTurns,2.1466,39.5636,199.1442,-5.5108,-17.5379,-67.9946,0.1955,-0.4863,-0.8517,0.9980,11,16.245962,2.0215,0.3956
BiancaGolden_CircleTurns,1.7508,39.1621,198.8214,-5.5230,-19.1792,-67.5465,0.1852,-0.4599,-0.8685,0.9980,11,16.258289,2.0175,0.3916
BiancaGolden_CircleTurns,1.3521,38.7787,198.4650,-5.4965,-21.0546,-66.9920,0.1771,-0.4299,-0.8853,0.9980,12,16.272223,2.0135,0.3878
BiancaGolden_CircleTurns,0.9877,38.3833,198.1465,-5.4581,-23.0693,-66.4029,0.1740,-0.4198,-0.8908,0.9980,12,16.285774,2.0099,0.3838
BiancaGolden_CircleTurns,0.5693,37.9720,197.8776,-5.1811,-24.8769,-65.6903,0.1764,-0.4038,-0.8977,0.9980,12,16.299786,2.0057,0.3797
BiancaGolden_CircleTurns,0.1566,37.5406,197.7138,-4.6854,-26.3348,-64.9476,0.2237,-0.3832,-0.8962,0.9980,13,16.312662,2.0016,0.3754
BiancaGolden_CircleTurns,-0.2192,37.1084,197.4847,-4.2522,-27.4518,-64.2837,0.2789,-0.4109,-0.8680,0.9980,13,16.325178,1.9978,0.3711
BiancaGolden_CircleTurns,-0.5666,36.6780,197.1575,-3.9147,-28.4443,-63.6391,0.2761,-0.3958,-0.8758,0.9980,14,16.342363,1.9943,0.3668
BiancaGolden_CircleTurns,-0.8656,36.1576,196.9269,-3.8236,-29.3133,-63.0512,0.2708,-0.3704,-0.8885,0.9980,14,16.356901,1.9913,0.3616
BiancaGolden_CircleTurns,-1.4558,34.9980,196.6220,-3.6130,-30.9919,-62.0297,0.2797,-0.3724,-0.8849,0.9980,15,16.383343,1.9854,0.3500
BiancaGolden_CircleTurns,-1.7397,34.3412,196.4270,-3.3674,-31.8439,-61.4636,0.2875,-0.3609,-0.8872,0.9980,15,16.396427,1.9826,0.3434
BiancaGolden_CircleTurns,-2.2848,33.1767,196.0689,-3.1556,-33.6985,-60.3082,0.2985,-0.3647,-0.8820,0.9980,16,16.409853,1.9772,0.3318
BiancaGolden_CircleTurns,-2.2864,33.3190,196.1336,-3.3913,-33.6608,-60.2923,0.3067,-0.3525,-0.8841,0.9980,16,16.424517,1.9771,0.3332
BiancaGolden_CircleTurns,-2.8557,32.3272,195.8462,-3.5888,-35.1000,-59.2007,0.3399,-0.3922,-0.8548,0.9980,17,16.440403,1.9714,0.3233
BiancaGolden_CircleTurns,-3.0424,31.6043,195.9951,-3.3996,-33.9887,-58.9828,0.3460,-0.3914,-0.8527,0.9980,17,16.467026,1.9696,0.3160
BiancaGolden_CircleTurns,-3.4582,30.3275,195.9707,-3.1291,-33.7185,-58.1311,0.3593,-0.4088,-0.8389,0.9980,18,16.480703,1.9654,0.3033
BiancaGolden_CircleTurns,-3.6411,29.7425,195.9340,-2.9473,-33.0128,-57.6837,0.3637,-0.4400,-0.8210,0.9980,18,16.493275,1.9636,0.2974
BiancaGolden_CircleTurns,-3.8520,29.2794,195.8175,-2.8832,-32.7093,-57.1002,0.3666,-0.4285,-0.8258,0.9980,19,16.512915,1.9615,0.2928
BiancaGolden_CircleTurns,-4.0790,28.9994,195.5903,-2.9901,-33.2052,-56.2875,0.3684,-0.4066,-0.8360,0.9980,19,16.536634,1.9592,0.2900
BiancaGolden_CircleTurns,-4.4833,28.1208,195.3108,-2.8589,-34.0306,-54.8752,0.3852,-0.3829,-0.8397,0.9980,20,16.550070,1.9552,0.2812
BiancaGolden_CircleTurns,-4.6498,27.6968,195.1376,-2.8300,-34.8145,-53.8702,0.3784,-0.3559,-0.8545,0.9980,20,16.562670,1.9535,0.2770
BiancaGolden_CircleTurns,-4.7982,27.3254,194.9230,-2.6451,-35.4769,-52.7874,0.3835,-0.3310,-0.8622,0.9980,21,16.577787,1.9520,0.2733
BiancaGolden_CircleTurns,-4.8077,26.9231,194.7406,-2.5965,-36.3793,-51.4536,0.3839,-0.3030,-0.8723,0.9980,22,16.605478,1.9519,0.2692
BiancaGolden_CircleTurns,-4.9793,26.1217,194.3670,-2.7011,-37.5769,-49.4182,0.3985,-0.2726,-0.8757,0.9980,22,16.619328,1.9502,0.2612
BiancaGolden_CircleTurns,-5.0277,25.7419,194.1457,-2.9656,-38.2711,-48.2312,0.3893,-0.2370,-0.8901,0.9980,22,16.632833,1.9497,0.2574
BiancaGolden_CircleTurns,-5.0489,25.4072,193.9542,-3.2575,-39.1499,-46.9001,0.3888,-0.2161,-0.8956,0.9980,23,16.648907,1.9495,0.2541
BiancaGolden_CircleTurns,-5.0464,25.0671,193.8834,-3.7055,-39.9832,-45.4657,0.3928,-0.1945,-0.8988,0.9980,24,16.673925,1.9495,0.2507
BiancaGolden_CircleTurns,-5.0757,24.3201,193.6623,-4.2727,-41.1468,-43.0237,0.3955,-0.1796,-0.9007,0.9980,24,16.688034,1.9492,0.2432
BiancaGolden_CircleTurns,-5.0687,23.9272,193.6380,-4.6695,-41.4995,-41.6324,0.4226,-0.2005,-0.8839,0.9980,24,16.700844,1.9493,0.2393
BiancaGolden_CircleTurns,-4.9603,23.5261,193.6798,-5.0312,-41.2184,-40.3705,0.4330,-0.1834,-0.8825,0.9980,25,16.728188,1.9504,0.2353
BiancaGolden_CircleTurns,-4.8835,22.7601,193.5976,-5.7814,-41.5908,-37.9732,0.4400,-0.1781,-0.8802,0.9980,26,16.741529,1.9512,0.2276
BiancaGolden_CircleTurns,-4.8287,22.3911,193.5654,-6.0680,-41.6271,-36.9806,0.4488,-0.1771,-0.8759,0.9980,26,16.755201,1.9517,0.2239
BiancaGolden_CircleTurns,-4.8190,22.0516,193.4872,-6.3560,-41.6932,-36.0108,0.4491,-0.1728,-0.8766,0.9980,27,16.771545,1.9518,0.2205
BiancaGolden_CircleTurns,-4.8274,21.7186,193.4057,-6.4060,-41.8744,-35.3186,0.4482,-0.1654,-0.8785,0.9980,27,16.798290,1.9517,0.2172
BiancaGolden_CircleTurns,-4.7641,20.9596,193.3222,-6.6800,-42.2444,-33.4964,0.4460,-0.1643,-0.8798,0.9980,28,16.811468,1.9524,0.2096
BiancaGolden_CircleTurns,-4.7051,20.5190,193.3211,-6.5658,-42.2904,-32.8039,0.4419,-0.1807,-0.8787,0.9980,28,16.824429,1.9529,0.2052
BiancaGolden_CircleTurns,-4.5867,20.0131,193.2844,-6.0782,-41.8502,-32.5817,0.4470,-0.1726,-0.8777,0.9980,29,16.852713,1.9541,0.2001
BiancaGolden_CircleTurns,-4.4471,19.1507,193.1626,-5.9220,-41.7082,-31.3023,0.4534,-0.1786,-0.8732,0.9980,29,16.867037,1.9555,0.1915
BiancaGolden_CircleTurns,-4.3602,18.7162,193.0782,-5.7412,-41.6376,-30.8568,0.4543,-0.1790,-0.8727,0.9980,30,16.880154,1.9564,0.1872
BiancaGolden_CircleTurns,-4.2802,18.3007,192.9931,-5.6659,-41.6249,-30.4089,0.4466,-0.1814,-0.8762,0.9980,30,16.894945,1.9572,0.1830
BiancaGolden_CircleTurns,-4.1870,17.8968,192.8609,-5.5973,-41.7252,-30.0792,0.4326,-0.1677,-0.8858,0.9980,31,16.920906,1.9581,0.1790
BiancaGolden_CircleTurns,-4.1095,17.5043,192.7154,-5.6074,-41.7258,-29.6052,0.4352,-0.1600,-0.8860,0.9980,31,16.934336,1.9589,0.1750
BiancaGolden_CircleTurns,-3.9399,16.7094,192.4619,-5.5432,-41.7404,-28.5580,0.4352,-0.1446,-0.8886,0.9980,32,16.949463,1.9606,0.1671
BiancaGolden_CircleTurns,-3.8574,16.3847,192.3186,-5.5270,-41.9460,-28.0845,0.4291,-0.1355,-0.8930,0.9980,32,16.976122,1.9614,0.1638
BiancaGolden_CircleTurns,-3.7786,16.0336,192.2183,-5.5358,-42.1392,-27.5776,0.4292,-0.1271,-0.8942,0.9980,33,16.988811,1.9622,0.1603
BiancaGolden_CircleTurns,-3.6402,15.3021,191.9928,-5.5227,-42.3828,-26.5757,0.4272,-0.1238,-0.8956,0.9980,33,17.002857,1.9636,0.1530
BiancaGolden_CircleTurns,-3.5750,15.2371,192.0723,-5.3611,-42.2367,-26.7574,0.4285,-0.1187,-0.8957,0.9980,34,17.028109,1.9643,0.1524
BiancaGolden_CircleTurns,-3.3122,14.4212,191.9865,-5.2345,-42.0141,-26.0185,0.4363,-0.1148,-0.8925,0.9980,34,17.046265,1.9669,0.1442
BiancaGolden_CircleTurns,-3.2307,14.0570,191.9227,-5.2173,-41.6689,-25.8297,0.4412,-0.1180,-0.8896,0.9980,35,17.056667,1.9677,0.1406
BiancaGolden_CircleTurns,-3.2945,13.6981,191.8260,-5.2241,-41.1759,-25.7323,0.4366,-0.1156,-0.8922,0.9980,35,17.071335,1.9671,0.1370
BiancaGolden_CircleTurns,-3.3352,13.2402,191.9722,-5.0784,-40.9063,-25.6952,0.4416,-0.1157,-0.8897,0.9980,36,17.097607,1.9666,0.1324
BiancaGolden_CircleTurns,-3.3247,12.3913,192.1252,-4.8194,-40.5505,-25.1801,0.4385,-0.1168,-0.8911,0.9980,36,17.109056,1.9668,0.1239
BiancaGolden_CircleTurns,-3.4189,11.9656,192.2176,-4.7927,-40.4853,-24.9701,0.4363,-0.1042,-0.8937,0.9980,37,17.123272,1.9658,0.1197
BiancaGolden_CircleTurns,-3.5331,11.4858,192.3504,-4.8053,-40.3891,-24.6773,0.4345,-0.0972,-0.8954,0.9980,37,17.138197,1.9647,0.1149
BiancaGolden_CircleTurns,-3.7612,11.0369,192.4514,-5.0673,-40.0562,-24.8076,0.4380,-0.1057,-0.8927,0.9980,38,17.164051,1.9624,0.1104
BiancaGolden_CircleTurns,-4.0689,10.1449,192.5893,-5.1675,-39.6008,-24.6657,0.4392,-0.1060,-0.8921,0.9980,38,17.177450,1.9593,0.1014
BiancaGolden_CircleTurns,-4.2653,9.6288,192.7727,-5.2053,-39.5112,-24.7177,0.4343,-0.1063,-0.8945,0.9980,39,17.189110,1.9573,0.0963
BiancaGolden_CircleTurns,-4.4671,9.0856,193.1044,-5.1526,-39.7357,-24.6264,0.4166,-0.0966,-0.9039,0.9980,39,17.206511,1.9553,0.0909
BiancaGolden_CircleTurns,-4.7924,8.5778,193.3291,-5.4066,-40.2392,-24.3702,0.4126,-0.0870,-0.9068,0.9980,40,17.230991,1.9521,0.0858
BiancaGolden_CircleTurns,-5.3071,7.5492,193.6496,-5.4813,-40.3890,-23.9600,0.4121,-0.0780,-0.9078,0.9980,40,17.243839,1.9469,0.0755
BiancaGolden_CircleTurns,-5.6203,6.8550,193.8505,-5.1136,-40.2971,-23.5241,0.4163,-0.0777,-0.9059,0.9980,41,17.271585,1.9438,0.0686
BiancaGolden_CircleTurns,-6.2630,5.7578,194.0481,-5.0501,-39.9925,-23.2210,0.5631,-0.1696,-0.8088,0.9980,41,17.284801,1.9374,0.0576
BiancaGolden_CircleTurns,-6.7015,5.2013,193.9912,-5.1032,-39.7270,-23.1540,0.5533,-0.2033,-0.8078,0.9980,42,17.301430,1.9330,0.0520
BiancaGolden_CircleTurns,-7.2124,4.6280,193.9605,-5.0928,-39.6431,-23.0500,0.5556,-0.1722,-0.8134,0.9980,42,17.327099,1.9279,0.0463
BiancaGolden_CircleTurns,-8.0534,3.5112,193.9974,-5.0532,-39.6068,-22.6339,0.5587,-0.1678,-0.8122,0.9980,43,17.341940,1.9195,0.0351
BiancaGolden_CircleTurns,-8.5956,2.9726,193.7845,-5.1562,-39.5066,-22.1688,0.5912,-0.0939,-0.8011,0.9980,43,17.369667,1.9140,0.0297
BiancaGolden_CircleTurns,-9.5326,1.8634,193.6221,-5.2157,-39.2836,-21.4692,0.4695,-0.0567,-0.8811,0.9980,44,17.381365,1.9047,0.0186
BiancaGolden_CircleTurns,-10.1607,1.3223,193.3606,-5.2191,-38.9971,-20.5974,0.4178,-0.0300,-0.9080,0.9980,44,17.409109,1.8984,0.0132
BiancaGolden_CircleTurns,-11.8382,-0.3400,192.9132,-5.1466,-38.5750,-18.9601,0.4156,-0.0316,-0.9090,0.9980,45,17.423225,1.8816,-0.0034
BiancaGolden_CircleTurns,-12.8408,-0.9444,192.5726,-4.8898,-38.4671,-17.3913,0.4241,-0.0084,-0.9056,0.9980,45,17.449862,1.8716,-0.0094
BiancaGolden_CircleTurns,-14.3295,-2.0008,192.2714,-5.0095,-38.6437,-15.2852,0.4187,0.0247,-0.9078,0.9980,46,17.474207,1.8567,-0.0200
BiancaGolden_CircleTurns,-15.9971,-3.1472,192.0717,-5.6360,-39.0861,-12.8607,0.4141,0.0465,-0.9091,0.9980,46,17.500576,1.8400,-0.0315
BiancaGolden_CircleTurns,-17.5721,-4.6728,192.0195,-5.5480,-39.3298,-9.9698,0.4109,0.0638,-0.9094,0.9980,47,17.527987,1.8243,-0.0467
BiancaGolden_CircleTurns,-18.5885,-6.5371,192.6773,-5.0609,-39.6574,-6.8360,0.4437,0.0933,-0.8913,0.9980,47,17.557150,1.8141,-0.0654
BiancaGolden_CircleTurns,-20.0766,-7.9764,192.6398,-5.6266,-38.8953,-4.4853,0.4469,0.1180,-0.8868,0.9980,48,17.585951,1.7992,-0.0798
BiancaGolden_CircleTurns,-21.5792,-9.1051,192.8476,-7.2513,-39.0402,-3.7935,0.4597,0.1394,-0.8770,0.9980,48,17.615353,1.7842,-0.0911
BiancaGolden_CircleTurns,-22.7290,-10.1910,193.3257,-7.9905,-39.1945,-3.1414,0.4751,0.1522,-0.8667,0.9980,49,17.645168,1.7727,-0.1019
BiancaGolden_CircleTurns,-23.5419,-10.9864,193.8965,-8.0436,-38.5806,-1.9139,0.5035,0.1536,-0.8503,0.9980,49,17.678938,1.7646,-0.1099
BiancaGolden_CircleTurns,-24.4018,-11.5337,194.2532,-8.3412,-37.5257,-0.5771,0.5188,0.1513,-0.8414,0.9980,50,17.703581,1.7560,-0.1153
BiancaGolden_CircleTurns,-25.5366,-11.9275,194.3690,-8.4590,-36.9299,0.6218,0.5175,0.1604,-0.8405,0.9980,50,17.730518,1.7446,-0.1193
BiancaGolden_CircleTurns,-26.8354,-12.2333,194.4746,-8.2234,-37.2124,2.1512,0.5111,0.1824,-0.8400,0.9980,51,17.758646,1.7316,-0.1223
BiancaGolden_CircleTurns,-28.1277,-12.4627,194.7346,-8.1340,-37.7943,3.9656,0.5139,0.1997,-0.8343,0.9980,51,17.787121,1.7187,-0.1246
BiancaGolden_CircleTurns,-29.2246,-12.6535,195.0762,-8.0601,-37.8575,5.8987,0.5324,0.2010,-0.8223,0.9980,52,17.815550,1.7078,-0.1265
BiancaGolden_CircleTurns,-30.2425,-12.8157,195.2117,-7.6668,-36.7750,7.2717,0.5685,0.2065,-0.7964,0.9980,52,17.844622,1.6976,-0.1282
BiancaGolden_CircleTurns,-31.2532,-12.9585,195.3301,-7.4093,-35.2784,8.3621,0.5830,0.2042,-0.7864,0.9980,53,17.872181,1.6875,-0.1296
BiancaGolden_CircleTurns,-32.4078,-13.0572,195.4085,-7.4082,-34.4312,9.4905,0.5802,0.2143,-0.7858,0.9980,53,17.900826,1.6759,-0.1306
BiancaGolden_CircleTurns,-33.6793,-13.1259,195.4111,-7.2429,-34.2522,10.6908,0.5784,0.2158,-0.7867,0.9980,54,17.928629,1.6632,-0.1313
BiancaGolden_CircleTurns,-34.9142,-13.1874,195.4214,-7.1711,-34.1840,11.6691,0.5850,0.2086,-0.7837,0.9980,54,17.957039,1.6509,-0.1319
BiancaGolden_CircleTurns,-36.0654,-13.2583,195.4961,-6.9033,-33.9423,12.0878,0.6334,0.2264,-0.7399,0.9980,55,17.984879,1.6393,-0.1326
BiancaGolden_CircleTurns,-37.2070,-13.2829,195.5740,-6.5143,-33.3693,12.0350,0.6617,0.2296,-0.7138,0.9980,55,18.012913,1.6279,-0.1328
BiancaGolden_CircleTurns,-38.2976,-13.2363,195.6888,-5.9116,-32.5497,11.7157,0.7013,0.2294,-0.6749,0.9980,56,18.040928,1.6170,-0.1324
BiancaGolden_CircleTurns,-39.3767,-13.1149,195.8001,-5.1206,-31.8753,11.5349,0.7220,0.2285,-0.6531,0.9980,56,18.069286,1.6062,-0.1311
BiancaGolden_CircleTurns,-40.4933,-12.9431,195.7504,-4.2594,-31.2248,11.4714,0.7236,0.2456,-0.6450,0.9980,57,18.097216,1.5951,-0.1294
BiancaGolden_CircleTurns,-41.5185,-12.6842,195.6721,-3.6965,-30.7164,11.3945,0.6561,0.2526,-0.7112,0.9980,57,18.125931,1.5848,-0.1268
BiancaGolden_CircleTurns,-42.4664,-12.4145,195.5434,-3.1861,-30.2577,11.3897,0.5680,0.2458,-0.7855,0.9980,58,18.153427,1.5753,-0.1241
BiancaGolden_CircleTurns,-43.3649,-12.1766,195.3435,-2.6664,-29.6212,11.4008,0.5844,0.2452,-0.7736,0.9980,58,18.181944,1.5664,-0.1218
BiancaGolden_CircleTurns,-44.4162,-12.0644,194.7843,-2.1094,-28.3723,11.4342,0.6928,0.2235,-0.6856,0.9980,59,18.209202,1.5558,-0.1206
BiancaGolden_CircleTurns,-45.2410,-12.0830,194.5564,-1.2992,-27.3440,11.4981,0.6925,0.2170,-0.6880,0.9980,59,18.237434,1.5476,-0.1208
BiancaGolden_CircleTurns,-45.7903,-12.1447,195.1474,-1.0124,-27.3602,11.6658,0.6837,0.2200,-0.6958,0.9980,60,18.265198,1.5421,-0.1214
BiancaGolden_CircleTurns,-46.9033,-12.2842,195.4438,-1.7881,-28.2794,11.7626,0.6623,0.2221,-0.7155,0.9980,60,18.293810,1.5310,-0.1228
BiancaGolden_CircleTurns,-47.9952,-12.5864,195.6516,-2.0840,-29.2632,12.3256,0.6494,0.2307,-0.7247,0.9980,61,18.320980,1.5200,-0.1259
BiancaGolden_CircleTurns,-48.6185,-12.8527,196.5822,-2.2898,-29.2145,13.0499,0.6632,0.2377,-0.7097,0.9980,61,18.349455,1.5138,-0.1285
BiancaGolden_CircleTurns,-49.4555,-13.2550,197.1365,-2.5781,-28.7000,13.6895,0.6769,0.2327,-0.6984,0.9980,62,18.377041,1.5054,-0.1326
BiancaGolden_CircleTurns,-50.2930,-13.7468,197.4375,-2.5395,-28.2438,14.2772,0.6825,0.2364,-0.6916,0.9980,62,18.405426,1.4971,-0.1375
BiancaGolden_CircleTurns,-50.9366,-14.2385,197.7330,-2.7300,-27.5568,14.4575,0.6824,0.2389,-0.6908,0.9980,63,18.433451,1.4906,-0.1424
BiancaGolden_CircleTurns,-51.5058,-14.8386,197.8643,-2.6633,-27.1290,14.6088,0.6859,0.2356,-0.6885,0.9980,63,18.461561,1.4849,-0.1484
BiancaGolden_CircleTurns,-51.8728,-15.5213,197.9702,-2.3213,-26.6390,14.7476,0.6923,0.2318,-0.6834,0.9980,64,18.489351,1.4813,-0.1552
BiancaGolden_CircleTurns,-52.2267,-16.3422,197.8781,-1.8642,-25.8056,14.8895,0.6935,0.2306,-0.6826,0.9980,64,18.520723,1.4777,-0.1634
BiancaGolden_CircleTurns,-52.4819,-17.2735,197.8261,-1.4873,-25.4722,15.1242,0.6925,0.2350,-0.6821,0.9980,65,18.545713,1.4752,-0.1727
BiancaGolden_CircleTurns,-52.6756,-18.3213,197.8327,-1.2997,-25.4740,15.5336,0.6768,0.2356,-0.6975,0.9980,65,18.573050,1.4732,-0.1832
BiancaGolden_CircleTurns,-52.8058,-19.5401,197.8322,-1.3143,-25.7858,16.0228,0.6720,0.2451,-0.6988,0.9980,66,18.601351,1.4719,-0.1954
BiancaGolden_CircleTurns,-52.8276,-20.8858,197.8151,-1.2642,-25.8286,16.5824,0.6716,0.2552,-0.6955,0.9980,66,18.626667,1.4717,-0.2089
BiancaGolden_CircleTurns,-52.6623,-22.4319,197.8804,-1.0932,-25.5345,17.4032,0.6795,0.2778,-0.6791,0.9980,67,18.654694,1.4734,-0.2243
BiancaGolden_CircleTurns,-52.3918,-24.1392,197.9224,-1.2094,-24.9460,18.2415,0.6842,0.2878,-0.6701,0.9980,67,18.683441,1.4761,-0.2414
BiancaGolden_CircleTurns,-52.1312,-26.0593,197.6994,-1.2604,-24.2800,18.8640,0.6779,0.3037,-0.6695,0.9980,68,18.711479,1.4787,-0.2606
BiancaGolden_CircleTurns,-51.8895,-28.1133,197.3361,-1.4052,-23.9060,19.2851,0.6588,0.3112,-0.6850,0.9980,68,18.740124,1.4811,-0.2811
BiancaGolden_CircleTurns,-51.2977,-30.1631,197.5402,-1.5514,-24.6222,19.8678,0.6453,0.3222,-0.6926,0.9980,69,18.768169,1.4870,-0.3016
BiancaGolden_CircleTurns,-50.5632,-32.1089,197.9342,-1.7554,-24.9639,20.5014,0.6417,0.3345,-0.6902,0.9980,69,18.796560,1.4944,-0.3211
BiancaGolden_CircleTurns,-50.4014,-34.0879,197.2338,-2.1563,-24.8272,21.0683,0.6292,0.3587,-0.6896,0.9980,70,18.824602,1.4960,-0.3409
BiancaGolden_CircleTurns,-49.9695,-35.8376,197.3674,-2.4422,-24.9767,21.5970,0.6208,0.3699,-0.6912,0.9980,70,18.852659,1.5003,-0.3584
BiancaGolden_CircleTurns,-49.7401,-37.4121,197.1517,-2.9531,-24.6583,21.9431,0.6128,0.3928,-0.6857,0.9980,71,18.880836,1.5026,-0.3741
BiancaGolden_CircleTurns,-49.4262,-38.7920,197.2143,-3.8031,-25.0139,22.1142,0.6069,0.4074,-0.6825,0.9980,71,18.909214,1.5057,-0.3879
BiancaGolden_CircleTurns,-49.0593,-39.8898,197.5179,-4.3130,-25.0455,22.1947,0.6078,0.4121,-0.6787,0.9980,72,18.937721,1.5094,-0.3989
BiancaGolden_CircleTurns,-48.8318,-40.7865,197.6489,-5.0917,-24.9478,22.1776,0.5999,0.4253,-0.6776,0.9980,72,18.965731,1.5117,-0.4079
BiancaGolden_CircleTurns,-48.5588,-41.4751,197.9640,-5.2384,-24.8952,22.4141,0.5869,0.4367,-0.6818,0.9980,73,18.993904,1.5144,-0.4148
BiancaGolden_CircleTurns,-48.2106,-42.0575,198.2796,-4.7618,-24.8265,23.2422,0.5870,0.4453,-0.6761,0.9980,73,19.021921,1.5179,-0.4206
BiancaGolden_CircleTurns,-47.8582,-42.4893,198.4619,-4.3466,-24.2799,24.0429,0.5873,0.4487,-0.6736,0.9980,74,19.049276,1.5214,-0.4249
BiancaGolden_CircleTurns,-47.4351,-42.9338,198.5747,-4.1023,-23.9870,24.7091,0.5823,0.4520,-0.6758,0.9980,74,19.077696,1.5256,-0.4293
BiancaGolden_CircleTurns,-47.0051,-43.2616,198.5810,-3.6704,-23.7250,25.1520,0.5624,0.4497,-0.6939,0.9980,75,19.106167,1.5299,-0.4326
BiancaGolden_CircleTurns,-46.6612,-43.5157,198.4899,-3.6994,-23.8178,25.5448,0.5504,0.4567,-0.6990,0.9980,75,19.133776,1.5334,-0.4352
BiancaGolden_CircleTurns,-46.2939,-43.7144,198.3929,-3.7114,-24.1293,25.9926,0.5473,0.4596,-0.6995,0.9980,76,19.161102,1.5371,-0.4371
BiancaGolden_CircleTurns,-45.8686,-43.7730,198.3522,-3.7569,-24.1852,26.2690,0.5584,0.4589,-0.6910,0.9980,76,19.189110,1.5413,-0.4377
BiancaGolden_CircleTurns,-45.5009,-43.6530,198.2796,-3.8636,-23.6913,26.4846,0.5592,0.4631,-0.6877,0.9980,77,19.216429,1.5450,-0.4365
BiancaGolden_CircleTurns,-45.3117,-43.3685,198.1581,-4.5052,-23.3224,26.5797,0.5591,0.4730,-0.6809,0.9980,77,19.244701,1.5469,-0.4337
BiancaGolden_CircleTurns,-45.2502,-42.9578,198.1151,-5.1265,-23.4601,26.7805,0.5455,0.4798,-0.6872,0.9980,78,19.272316,1.5475,-0.4296
BiancaGolden_CircleTurns,-45.1822,-42.4166,198.0809,-4.9122,-23.7081,27.3746,0.5400,0.4849,-0.6880,0.9980,78,19.300400,1.5482,-0.4242
BiancaGolden_CircleTurns,-44.8947,-41.7682,198.1382,-4.5216,-23.4748,27.8709,0.5466,0.4769,-0.6883,0.9980,79,19.328529,1.5511,-0.4177
BiancaGolden_CircleTurns,-44.4529,-41.0869,198.2562,-4.1007,-22.8041,28.0162,0.5532,0.4769,-0.6830,0.9980,79,19.360693,1.5555,-0.4109
BiancaGolden_CircleTurns,-44.2420,-40.6212,197.8712,-3.1801,-22.1611,28.2938,0.5433,0.4742,-0.6928,0.9980,80,19.385269,1.5576,-0.4062
BiancaGolden_CircleTurns,-43.9990,-40.2275,197.7219,-2.1514,-22.3492,28.8605,0.5365,0.4707,-0.7005,0.9980,80,19.411366,1.5600,-0.4023
BiancaGolden_CircleTurns,-43.5773,-39.8487,197.9146,-1.8703,-22.6146,29.3107,0.5334,0.4676,-0.7048,0.9980,81,19.438770,1.5642,-0.3985
BiancaGolden_CircleTurns,-43.3866,-39.6750,197.7420,-2.0580,-22.9459,29.5398,0.5287,0.4625,-0.7117,0.9980,81,19.466858,1.5661,-0.3968
BiancaGolden_CircleTurns,-43.0820,-39.6289,197.9331,-1.5282,-23.6537,30.0308,0.5158,0.4420,-0.7339,0.9980,82,19.494883,1.5692,-0.3963
BiancaGolden_CircleTurns,-42.7557,-39.6639,198.1718,-1.0501,-24.0237,30.6135,0.6408,0.4592,-0.6153,0.9980,82,19.523537,1.5724,-0.3966
BiancaGolden_CircleTurns,-42.4633,-39.7959,198.3058,-0.6582,-24.0431,31.2812,0.6416,0.4630,-0.6115,0.9980,83,19.551710,1.5754,-0.3980
BiancaGolden_CircleTurns,-42.1708,-40.0478,198.3993,-0.5625,-23.7932,31.8054,0.5924,0.5198,-0.6155,0.9980,83,19.579927,1.5783,-0.4005
BiancaGolden_CircleTurns,-41.8988,-40.3932,198.4374,-0.5384,-23.3283,32.2821,0.5873,0.5287,-0.6128,0.9980,84,19.606724,1.5810,-0.4039
BiancaGolden_CircleTurns,-41.6634,-40.8419,198.4069,-0.6167,-23.0230,32.9704,0.5461,0.4583,-0.7012,0.9980,84,19.634552,1.5834,-0.4084
BiancaGolden_CircleTurns,-41.4992,-41.4215,198.3316,-0.9002,-23.0357,33.7787,0.4989,0.4823,-0.7201,0.9980,85,19.662626,1.5850,-0.4142
BiancaGolden_CircleTurns,-41.4077,-42.1657,198.1934,-1.2047,-23.2039,34.5671,0.5233,0.4981,-0.6914,0.9980,85,19.691242,1.5859,-0.4217
BiancaGolden_CircleTurns,-41.3726,-43.0511,198.0829,-1.2929,-23.3627,35.4072,0.5310,0.5008,-0.6835,0.9980,86,19.718756,1.5863,-0.4305
BiancaGolden_CircleTurns,-41.3295,-44.0388,198.0718,-1.4628,-23.5328,36.4977,0.5364,0.5235,-0.6619,0.9980,86,19.746794,1.5867,-0.4404
BiancaGolden_CircleTurns,-41.1803,-45.1502,198.1192,-1.4594,-23.4078,37.6988,0.5368,0.5412,-0.6472,0.9980,87,19.774366,1.5882,-0.4515
BiancaGolden_CircleTurns,-40.9004,-46.3721,198.1707,-1.3175,-22.9022,38.9319,0.5399,0.5522,-0.6353,0.9980,87,19.802418,1.5910,-0.4637
BiancaGolden_CircleTurns,-40.4881,-47.7420,198.1876,-0.9385,-22.3770,40.0203,0.5401,0.5547,-0.6329,0.9980,88,19.830755,1.5951,-0.4774
BiancaGolden_CircleTurns,-40.0330,-49.1891,198.1583,-0.5092,-22.0822,41.0922,0.5248,0.5593,-0.6417,0.9980,88,19.859570,1.5997,-0.4919
BiancaGolden_CircleTurns,-39.4816,-50.7371,198.0748,-0.1447,-22.0952,42.1977,0.5187,0.5610,-0.6452,0.9980,89,19.886736,1.6052,-0.5074
BiancaGolden_CircleTurns,-38.6971,-52.2754,198.1826,0.0227,-22.1530,43.2652,0.5080,0.5720,-0.6440,0.9980,89,19.914686,1.6130,-0.5228
BiancaGolden_CircleTurns,-37.9410,-53.8759,198.0941,-0.0181,-22.0728,44.0565,0.5017,0.5802,-0.6416,0.9980,90,19.942465,1.6206,-0.5388
BiancaGolden_CircleTurns,-37.2631,-55.4409,197.8968,-0.1546,-22.0624,44.7549,0.4972,0.5930,-0.6334,0.9980,90,19.970425,1.6274,-0.5544
BiancaGolden_CircleTurns,-36.5914,-56.8626,197.8050,-0.3352,-22.0595,45.4198,0.4923,0.5994,-0.6311,0.9980,91,19.998116,1.6341,-0.5686
BiancaGolden_CircleTurns,-36.0170,-58.1929,197.6759,-0.9973,-21.9436,45.7621,0.4929,0.6068,-0.6235,0.9980,91,20.027052,1.6398,-0.5819
BiancaGolden_CircleTurns,-35.5043,-59.3994,197.6040,-1.4031,-21.9580,45.6229,0.4880,0.6107,-0.6236,0.9980,92,20.054358,1.6450,-0.5940
BiancaGolden_CircleTurns,-35.0316,-60.3526,197.7308,-1.5405,-22.1305,45.3750,0.4863,0.6073,-0.6282,0.9980,92,20.082281,1.6497,-0.6035
BiancaGolden_CircleTurns,-34.7377,-61.1561,197.8813,-2.2553,-22.5195,45.2421,0.4693,0.6091,-0.6393,0.9980,93,20.110044,1.6526,-0.6116
BiancaGolden_CircleTurns,-34.5281,-61.8357,198.1263,-2.5745,-23.0377,45.3239,0.4656,0.6180,-0.6335,0.9980,93,20.138205,1.6547,-0.6184
BiancaGolden_CircleTurns,-34.3403,-62.4392,198.3822,-2.1151,-23.4136,45.5910,0.4573,0.6200,-0.6375,0.9980,94,20.166170,1.6566,-0.6244
BiancaGolden_CircleTurns,-34.1214,-63.0660,198.5702,-1.5545,-23.5603,45.4010,0.4710,0.6071,-0.6400,0.9980,94,20.198120,1.6588,-0.6307
BiancaGolden_CircleTurns,-33.8699,-63.7797,198.6122,-0.7197,-23.6355,44.2935,0.5708,0.4909,-0.6582,0.9980,95,20.222391,1.6613,-0.6378
BiancaGolden_CircleTurns,-33.6222,-64.5102,198.6271,0.3742,-23.8579,42.4267,0.6025,0.4163,-0.6810,0.9980,95,20.249378,1.6638,-0.6451
BiancaGolden_CircleTurns,-33.5800,-65.1615,198.6251,1.8813,-24.1375,40.6696,0.6575,0.3380,-0.6734,0.9980,96,20.277447,1.6642,-0.6516
BiancaGolden_CircleTurns,-33.6505,-65.4972,198.8242,2.9176,-23.6816,39.7005,0.6544,0.3646,-0.6625,0.9980,96,20.305391,1.6635,-0.6550
BiancaGolden_CircleTurns,-33.7282,-65.6382,199.0980,3.1984,-22.0186,39.6030,0.6548,0.4008,-0.6408,0.9980,97,20.333681,1.6627,-0.6564
BiancaGolden_CircleTurns,-33.9214,-65.7279,199.2436,2.8975,-20.3205,39.6729,0.6574,0.4124,-0.6307,0.9980,97,20.362135,1.6608,-0.6573
BiancaGolden_CircleTurns,-34.1789,-65.7184,199.3606,2.3022,-19.2312,39.8743,0.6328,0.4362,-0.6397,0.9980,98,20.389647,1.6582,-0.6572
BiancaGolden_CircleTurns,-34.4612,-65.5317,199.4488,1.3512,-18.5373,40.1986,0.6149,0.4385,-0.6555,0.9980,98,20.417782,1.6554,-0.6553
BiancaGolden_CircleTurns,-34.5636,-65.1042,199.7782,0.5450,-18.2874,40.6603,0.6066,0.4650,-0.6449,0.9980,99,20.445395,1.6544,-0.6510
BiancaGolden_CircleTurns,-34.8498,-64.8164,199.6927,0.2073,-17.5584,41.3495,0.5026,0.6253,-0.5970,0.9980,99,20.473188,1.6515,-0.6482
BiancaGolden_CircleTurns,-35.2573,-64.6577,199.2135,0.3384,-17.3676,42.1496,0.4128,0.6921,-0.5921,0.9980,100,20.500757,1.6474,-0.6466
BiancaGolden_CircleTurns,-35.5174,-64.5058,199.1009,0.8168,-17.7525,43.0207,0.3979,0.6948,-0.5991,0.9980,100,20.528650,1.6448,-0.6451
BiancaGolden_CircleTurns,-35.7375,-64.3577,199.2468,0.6304,-18.2955,43.8403,0.3923,0.6860,-0.6128,0.9980,101,20.556768,1.6426,-0.6436
BiancaGolden_CircleTurns,-35.9565,-64.3829,199.3104,0.4294,-19.1856,44.8168,0.3753,0.6844,-0.6251,0.9980,101,20.584881,1.6404,-0.6438
BiancaGolden_CircleTurns,-36.0585,-64.4364,199.3863,0.5584,-19.8729,46.0916,0.3617,0.6925,-0.6242,0.9980,102,20.612553,1.6394,-0.6444
BiancaGolden_CircleTurns,-35.9824,-64.4491,199.6102,0.3123,-19.8627,47.2515,0.3654,0.6947,-0.6196,0.9980,102,20.640471,1.6402,-0.6445
BiancaGolden_CircleTurns,-35.7859,-64.5301,199.7210,-0.0684,-19.4533,48.1982,0.3707,0.7051,-0.6045,0.9980,103,20.668308,1.6421,-0.6453
BiancaGolden_CircleTurns,-35.4765,-64.6051,199.6874,-0.4207,-19.0986,49.0107,0.3705,0.7086,-0.6006,0.9980,103,20.696508,1.6452,-0.6461
BiancaGolden_CircleTurns,-35.0349,-64.6714,199.6013,-0.8335,-18.7264,49.8574,0.3695,0.7065,-0.6036,0.9980,104,20.724354,1.6497,-0.6467
BiancaGolden_CircleTurns,-34.4452,-64.7497,199.4281,-1.0895,-18.5156,50.8132,0.3662,0.7023,-0.6105,0.9980,104,20.752674,1.6555,-0.6475
BiancaGolden_CircleTurns,-33.6653,-64.8166,199.2359,-1.0951,-18.3743,51.8439,0.3609,0.7061,-0.6093,0.9980,105,20.780312,1.6633,-0.6482
BiancaGolden_CircleTurns,-32.7012,-64.9177,199.0232,-0.9765,-18.2500,52.8977,0.3525,0.7057,-0.6146,0.9980,105,20.808308,1.6730,-0.6492
BiancaGolden_CircleTurns,-31.6729,-65.1482,198.6243,-0.7466,-18.4127,53.9829,0.3379,0.6996,-0.6296,0.9980,106,20.836220,1.6833,-0.6515
BiancaGolden_CircleTurns,-30.4226,-65.4657,198.3694,-0.2099,-18.8973,55.2535,0.3242,0.7009,-0.6354,0.9980,106,20.864401,1.6958,-0.6547
BiancaGolden_CircleTurns,-28.9996,-65.7868,198.2650,0.0577,-19.2610,56.6908,0.3163,0.7058,-0.6339,0.9980,107,20.891697,1.7100,-0.6579
BiancaGolden_CircleTurns,-27.3904,-66.1298,198.1738,0.0485,-19.3901,58.2517,0.3060,0.7129,-0.6310,0.9980,107,20.919905,1.7261,-0.6613
BiancaGolden_CircleTurns,-25.5587,-66.4502,198.2442,0.1841,-19.5283,59.8674,0.2947,0.7240,-0.6236,0.9980,108,20.947256,1.7444,-0.6645
BiancaGolden_CircleTurns,-23.5491,-66.6858,198.3913,0.3368,-19.3420,61.4400,0.2855,0.7262,-0.6253,0.9980,108,20.975439,1.7645,-0.6669
BiancaGolden_CircleTurns,-21.5189,-67.0028,198.3286,0.6515,-19.3740,62.8848,0.2688,0.7242,-0.6350,0.9980,109,21.003254,1.7848,-0.6700
BiancaGolden_CircleTurns,-19.5706,-67.3317,198.2690,0.9036,-19.7446,64.0788,0.2514,0.7207,-0.6460,0.9980,109,21.034092,1.8043,-0.6733
BiancaGolden_CircleTurns,-17.6827,-67.6269,198.3083,1.2155,-20.4052,65.3055,0.2291,0.7175,-0.6578,0.9980,110,21.059498,1.8232,-0.6763
BiancaGolden_CircleTurns,-15.9719,-67.8782,198.4326,1.4331,-20.9802,66.4986,0.2200,0.7175,-0.6610,0.9980,110,21.086113,1.8403,-0.6788
BiancaGolden_CircleTurns,-14.5196,-68.1797,198.4599,1.5243,-21.1915,67.7513,0.2017,0.7255,-0.6579,0.9980,111,21.114096,1.8548,-0.6818
BiancaGolden_CircleTurns,-13.4607,-68.6275,198.2553,1.5826,-21.3218,69.4017,0.1745,0.7361,-0.6540,0.9980,111,21.142029,1.8654,-0.6863
BiancaGolden_CircleTurns,-12.5735,-69.0344,198.2689,1.4922,-21.7451,71.1570,0.0988,0.7526,-0.6511,0.9980,112,21.170044,1.8743,-0.6903
BiancaGolden_CircleTurns,-11.7812,-69.3510,198.7100,0.9989,-22.1986,72.5822,0.0837,0.7562,-0.6490,0.9980,112,21.198267,1.8822,-0.6935
BiancaGolden_CircleTurns,-11.0874,-69.7866,198.7316,0.7767,-22.1795,73.5823,0.0802,0.7647,-0.6394,0.9980,113,21.226065,1.8891,-0.6979
BiancaGolden_CircleTurns,-10.5197,-70.1878,198.6347,0.5756,-22.0445,74.2637,0.0768,0.7635,-0.6412,0.9980,113,21.254227,1.8948,-0.7019
BiancaGolden_CircleTurns,-10.0235,-70.5917,198.7070,0.4540,-22.4019,74.8038,0.0736,0.7562,-0.6502,0.9980,114,21.282242,1.8998,-0.7059
BiancaGolden_CircleTurns,-9.5206,-70.9443,198.9055,0.6422,-22.8677,75.2232,0.0820,0.7545,-0.6511,0.9980,114,21.310034,1.9048,-0.7094
BiancaGolden_CircleTurns,-9.1060,-71.2127,198.9973,0.8257,-22.8391,75.6061,0.0861,0.7552,-0.6498,0.9980,115,21.337629,1.9089,-0.7121
BiancaGolden_CircleTurns,-8.7357,-71.4012,199.1187,0.4332,-22.6282,75.9683,0.0822,0.7564,-0.6489,0.9980,115,21.365774,1.9126,-0.7140
BiancaGolden_CircleTurns,-8.4048,-71.5843,199.2129,0.3861,-22.5621,76.2521,0.0755,0.7531,-0.6535,0.9980,116,21.393381,1.9160,-0.7158
BiancaGolden_CircleTurns,-8.1177,-71.7489,199.2193,0.6927,-22.5615,76.6043,0.0788,0.7544,-0.6516,0.9980,116,21.421280,1.9188,-0.7175
BiancaGolden_CircleTurns,-7.9305,-71.8388,199.2555,0.6425,-22.3776,76.9240,0.0749,0.7566,-0.6496,0.9980,117,21.449001,1.9207,-0.7184
BiancaGolden_CircleTurns,-7.8208,-71.9253,199.1857,0.5483,-22.2373,77.2740,0.0723,0.7485,-0.6592,0.9980,117,21.477175,1.9218,-0.7193
BiancaGolden_CircleTurns,-7.7257,-71.9997,199.1962,0.8366,-22.2716,77.4889,0.0780,0.7465,-0.6608,0.9980,118,21.504911,1.9227,-0.7200
BiancaGolden_CircleTurns,-7.6781,-72.0606,199.1996,1.4256,-22.3502,77.5402,0.0796,0.7456,-0.6617,0.9980,118,21.532839,1.9232,-0.7206
BiancaGolden_CircleTurns,-7.7196,-72.1651,199.1093,1.7291,-22.3851,77.6378,0.0800,0.7416,-0.6660,0.9980,119,21.560661,1.9228,-0.7217
BiancaGolden_CircleTurns,-7.8076,-72.3137,199.0102,1.7882,-22.5031,77.6084,0.0874,0.7377,-0.6694,0.9980,119,21.588745,1.9219,-0.7231
BiancaGolden_CircleTurns,-8.0119,-72.5176,198.9480,1.7064,-22.7968,77.4753,0.0901,0.7314,-0.6760,0.9980,120,21.616327,1.9199,-0.7252
BiancaGolden_CircleTurns,-8.3370,-72.7975,198.7568,1.4512,-23.0071,77.3106,0.0913,0.7315,-0.6757,0.9980,120,21.644426,1.9166,-0.7280
BiancaGolden_CircleTurns,-8.7088,-73.0647,198.5346,1.3575,-23.0117,77.0881,0.0949,0.7312,-0.6755,0.9980,121,21.671425,1.9129,-0.7306
BiancaGolden_CircleTurns,-9.1096,-73.0493,198.5951,1.2382,-23.0579,76.7294,0.0740,0.7406,-0.6679,0.9980,121,21.699057,1.9089,-0.7305
BiancaGolden_CircleTurns,-9.5003,-72.9545,198.7610,1.1931,-23.2294,76.3612,0.0523,0.7422,-0.6681,0.9980,122,21.726170,1.9050,-0.7295
BiancaGolden_CircleTurns,-9.9063,-73.0362,198.4826,1.2387,-23.3746,75.9723,0.0960,0.7302,-0.6765,0.9980,122,21.754780,1.9009,-0.7304
BiancaGolden_CircleTurns,-10.2559,-73.1765,197.9170,1.5884,-23.2765,75.8964,0.1305,0.7231,-0.6783,0.9980,123,21.782511,1.8974,-0.7318
BiancaGolden_CircleTurns,-10.4072,-73.0127,197.8769,2.1448,-23.1496,76.2626,0.1514,0.6985,-0.6994,0.9980,123,21.810583,1.8959,-0.7301
BiancaGolden_CircleTurns,-10.4332,-72.9338,197.9844,2.1705,-22.9745,76.4753,0.1561,0.7311,-0.6642,0.9980,124,21.838221,1.8957,-0.7293
BiancaGolden_CircleTurns,-10.3843,-73.0571,197.8465,2.2955,-23.4973,76.4731,0.1642,0.7285,-0.6650,0.9980,124,21.869663,1.8962,-0.7306
BiancaGolden_CircleTurns,-10.1901,-72.9726,198.1016,2.5626,-24.1926,76.6418,0.1730,0.7304,-0.6607,0.9980,125,21.894400,1.8981,-0.7297
BiancaGolden_CircleTurns,-9.8496,-72.8410,198.3571,2.9436,-24.3124,77.2334,0.1538,0.7348,-0.6606,0.9980,125,21.921339,1.9015,-0.7284
BiancaGolden_CircleTurns,-9.3722,-72.7302,198.5894,3.1766,-24.3769,77.9742,0.1433,0.7374,-0.6601,0.9980,126,21.949440,1.9063,-0.7273
BiancaGolden_CircleTurns,-8.7867,-72.5837,198.6962,2.9090,-24.4731,78.6711,0.1374,0.7348,-0.6643,0.9980,126,21.977024,1.9121,-0.7258
BiancaGolden_CircleTurns,-8.0961,-72.3222,198.6728,2.3753,-24.4926,79.3473,0.1208,0.7377,-0.6643,0.9980,127,22.004620,1.9190,-0.7232
BiancaGolden_CircleTurns,-7.2988,-71.9609,198.5326,2.0449,-24.4858,80.2329,0.1122,0.7336,-0.6702,0.9980,127,22.032770,1.9270,-0.7196
BiancaGolden_CircleTurns,-6.3964,-71.5526,198.2127,1.9641,-24.6852,81.2976,0.1073,0.7265,-0.6788,0.9980,128,22.060886,1.9360,-0.7155
BiancaGolden_CircleTurns,-5.3982,-71.1829,197.8123,1.8261,-25.3414,82.3728,0.0934,0.7203,-0.6873,0.9980,128,22.089128,1.9460,-0.7118
BiancaGolden_CircleTurns,-4.2563,-70.8226,197.2869,1.9192,-26.3385,83.5857,0.0759,0.7141,-0.6959,0.9980,129,22.117054,1.9574,-0.7082
BiancaGolden_CircleTurns,-2.9344,-70.4192,196.8547,2.0601,-27.0299,85.0798,0.0648,0.7107,-0.7005,0.9980,129,22.144791,1.9707,-0.7042
BiancaGolden_CircleTurns,-1.4687,-69.8424,196.5978,1.9280,-27.1099,86.7602,0.0448,0.7193,-0.6933,0.9980,130,22.172552,1.9853,-0.6984
BiancaGolden_CircleTurns,0.1878,-69.2157,196.2889,1.7221,-26.7999,88.5450,0.0285,0.7234,-0.6898,0.9980,130,22.200628,2.0019,-0.6922
BiancaGolden_CircleTurns,2.0603,-68.3902,196.2386,1.4328,-27.0634,90.4140,0.0089,0.7237,-0.6901,0.9980,131,22.228237,2.0206,-0.6839
BiancaGolden_CircleTurns,3.9911,-67.2915,196.3460,0.8082,-27.4346,92.0746,-0.0133,0.7090,-0.7051,0.9980,131,22.256479,2.0399,-0.6729
BiancaGolden_CircleTurns,5.8718,-66.3633,196.1140,-0.0761,-28.0187,93.4126,-0.0446,0.6701,-0.7409,0.9980,132,22.284187,2.0587,-0.6636
BiancaGolden_CircleTurns,7.7120,-65.5899,195.8663,-0.4772,-28.9329,94.4710,-0.1083,0.6995,-0.7064,0.9980,132,22.312206,2.0771,-0.6559
BiancaGolden_CircleTurns,9.4475,-64.8803,195.5850,-0.3271,-30.0732,95.4316,-0.1255,0.6812,-0.7212,0.9980,133,22.339943,2.0945,-0.6488
BiancaGolden_CircleTurns,11.0012,-64.0795,195.5123,-0.4826,-31.3012,96.5230,-0.1380,0.6656,-0.7335,0.9980,133,22.367640,2.1100,-0.6408
BiancaGolden_CircleTurns,12.4844,-63.4103,195.3430,-0.7347,-32.3785,97.6411,-0.1460,0.6513,-0.7447,0.9980,134,22.395462,2.1248,-0.6341
BiancaGolden_CircleTurns,13.8444,-62.9506,195.0917,-1.0214,-33.4342,98.3425,-0.1935,0.5579,-0.8070,0.9980,134,22.423559,2.1384,-0.6295
BiancaGolden_CircleTurns,15.0829,-62.5898,194.9783,-1.3579,-34.5848,98.8787,-0.0555,0.4752,-0.8781,0.9980,135,22.450798,2.1508,-0.6259
BiancaGolden_CircleTurns,16.1741,-62.3146,195.0598,-1.6839,-35.5245,99.4044,-0.0755,0.4993,-0.8631,0.9980,135,22.478895,2.1617,-0.6231
BiancaGolden_CircleTurns,17.0565,-62.0169,195.2997,-2.0164,-35.8434,99.8661,-0.0573,0.5310,-0.8454,0.9980,136,22.506628,2.1706,-0.6202
BiancaGolden_CircleTurns,17.8568,-61.8123,195.3877,-2.0261,-35.6128,100.3516,-0.0652,0.5506,-0.8322,0.9980,136,22.535664,2.1786,-0.6181
BiancaGolden_CircleTurns,18.5385,-61.7371,195.4026,-2.0839,-35.3793,100.8069,-0.0824,0.5583,-0.8256,0.9980,137,22.562994,2.1854,-0.6174
BiancaGolden_CircleTurns,19.1854,-61.7655,195.3726,-2.0332,-35.6848,101.2456,-0.0813,0.5491,-0.8318,0.9980,137,22.591139,2.1919,-0.6177
BiancaGolden_CircleTurns,19.7406,-61.8667,195.2720,-1.9212,-36.1172,101.4100,-0.0791,0.5379,-0.8393,0.9980,138,22.618723,2.1974,-0.6187
BiancaGolden_CircleTurns,20.1293,-62.0916,195.1680,-2.0627,-36.4906,101.3363,-0.0808,0.5405,-0.8375,0.9980,138,22.646683,2.2013,-0.6209
BiancaGolden_CircleTurns,20.4570,-62.3474,195.0819,-1.9343,-36.5531,101.1451,-0.0798,0.5433,-0.8358,0.9980,139,22.674843,2.2046,-0.6235
BiancaGolden_CircleTurns,20.7086,-62.7538,194.8672,-1.5261,-36.3904,100.9591,-0.0802,0.5423,-0.8363,0.9980,139,22.705891,2.2071,-0.6275
BiancaGolden_CircleTurns,20.8586,-63.2935,194.6773,-1.5356,-36.4928,100.7130,-0.0744,0.5171,-0.8527,0.9980,140,22.730442,2.2086,-0.6329
BiancaGolden_CircleTurns,20.9212,-64.0000,194.5059,-1.9293,-37.1226,100.2702,-0.0745,0.4026,-0.9123,0.9980,140,22.757450,2.2092,-0.6400
BiancaGolden_CircleTurns,20.8922,-64.6267,194.5303,-2.0335,-37.9925,99.4951,-0.0632,0.3964,-0.9159,0.9980,141,22.785444,2.2089,-0.6463
BiancaGolden_CircleTurns,20.8255,-65.2211,194.5231,-1.3877,-38.2847,98.7817,-0.0623,0.4028,-0.9132,0.9980,141,22.813490,2.2083,-0.6522
BiancaGolden_CircleTurns,20.6989,-65.7551,194.5743,-1.0510,-38.3804,98.1138,-0.0456,0.4068,-0.9124,0.9980,142,22.841454,2.2070,-0.6576
BiancaGolden_CircleTurns,20.6527,-66.3859,194.4589,-0.7864,-38.3438,97.3663,-0.0396,0.4217,-0.9059,0.9980,142,22.869810,2.2065,-0.6639
BiancaGolden_CircleTurns,20.7197,-67.0871,194.2641,-0.2246,-38.4419,96.7791,-0.0525,0.4168,-0.9075,0.9980,143,22.898312,2.2072,-0.6709
BiancaGolden_CircleTurns,20.8748,-67.7442,194.1847,0.0710,-38.8524,96.3558,-0.0482,0.4054,-0.9129,0.9980,143,22.925850,2.2087,-0.6774
BiancaGolden_CircleTurns,21.1070,-68.4165,194.1512,0.1520,-39.5605,95.9749,-0.0494,0.3993,-0.9155,0.9980,144,22.953463,2.2111,-0.6842
BiancaGolden_CircleTurns,21.4196,-68.9937,194.1928,-0.0033,-40.5280,95.7968,-0.0489,0.3980,-0.9161,0.9980,144,22.981928,2.2142,-0.6899
BiancaGolden_CircleTurns,21.8142,-69.5104,194.2379,0.0469,-41.3666,95.8041,-0.0514,0.3900,-0.9194,0.9980,145,23.009617,2.2181,-0.6951
BiancaGolden_CircleTurns,22.3150,-69.9609,194.2991,0.1648,-41.9897,96.0918,-0.0621,0.3923,-0.9177,0.9980,145,23.037699,2.2231,-0.6996
BiancaGolden_CircleTurns,22.8700,-70.4153,194.4066,0.1170,-42.6150,96.5893,-0.0770,0.4063,-0.9105,0.9980,146,23.065208,2.2287,-0.7042
BiancaGolden_CircleTurns,23.4411,-70.7233,194.5307,-0.6497,-43.0088,96.9745,-0.0996,0.4049,-0.9089,0.9980,146,23.093277,2.2344,-0.7072
BiancaGolden_CircleTurns,24.2960,-70.7016,194.5313,-2.5633,-42.9008,98.3341,-0.0856,0.4185,-0.9042,0.9980,147,23.121502,2.2430,-0.7070
BiancaGolden_CircleTurns,24.6819,-70.8692,194.5503,-1.8401,-42.4651,98.0801,-0.1052,0.4239,-0.8996,0.9980,147,23.149231,2.2468,-0.7087
BiancaGolden_CircleTurns,25.3045,-71.0295,194.4054,-3.0665,-42.2363,99.3663,-0.1146,0.4107,-0.9046,0.9980,148,23.176960,2.2530,-0.7103
BiancaGolden_CircleTurns,26.3551,-71.0049,194.1812,-4.0844,-42.4542,99.9319,-0.1026,0.4095,-0.9065,0.9980,148,23.205103,2.2636,-0.7100
BiancaGolden_CircleTurns,27.1738,-70.7604,193.9683,-4.1791,-42.5899,100.2503,-0.1108,0.4140,-0.9035,0.9980,149,23.232817,2.2717,-0.7076
BiancaGolden_CircleTurns,28.2193,-70.9581,193.5893,-5.5257,-43.3348,102.3528,-0.0977,0.3917,-0.9149,0.9980,149,23.260937,2.2822,-0.7096
BiancaGolden_CircleTurns,29.5098,-71.1580,193.2411,-6.2127,-45.2457,104.5322,-0.1027,0.3940,-0.9133,0.9980,150,23.288589,2.2951,-0.7116
BiancaGolden_CircleTurns,30.7184,-71.0201,193.0584,-5.5836,-45.9717,104.9228,-0.2132,0.5256,-0.8236,0.9980,150,23.316687,2.3072,-0.7102
BiancaGolden_CircleTurns,32.1839,-71.0861,192.8693,-6.1907,-46.5525,105.4075,-0.2490,0.5298,-0.8107,0.9980,151,23.344385,2.3218,-0.7109
BiancaGolden_CircleTurns,33.7826,-70.8049,192.8751,-5.8185,-46.5527,105.4764,-0.2636,0.5922,-0.7614,0.9980,151,23.372519,2.3378,-0.7080
BiancaGolden_CircleTurns,35.5941,-70.6771,192.7893,-4.9791,-46.9818,104.2139,-0.2533,0.6238,-0.7394,0.9980,152,23.400152,2.3559,-0.7068
BiancaGolden_CircleTurns,37.1274,-69.7552,193.2146,-3.0622,-46.7373,103.0165,-0.2605,0.6376,-0.7250,0.9980,152,23.428402,2.3713,-0.6976
BiancaGolden_CircleTurns,38.6306,-69.8104,192.9705,-2.7347,-45.3440,104.6312,-0.1671,0.5662,-0.8071,0.9980,153,23.456264,2.3863,-0.6981
BiancaGolden_CircleTurns,39.9257,-69.5344,193.1909,-2.2717,-44.7529,105.4463,-0.2122,0.4591,-0.8627,0.9980,153,23.484491,2.3993,-0.6953
BiancaGolden_CircleTurns,41.2037,-69.7159,192.9966,-4.0570,-44.8359,107.1674,-0.2242,0.4139,-0.8823,0.9980,154,23.511808,2.4120,-0.6972
BiancaGolden_CircleTurns,42.6295,-69.6982,192.8647,-4.4233,-45.6855,108.2079,-0.2349,0.3720,-0.8980,0.9980,154,23.544180,2.4263,-0.6970
BiancaGolden_CircleTurns,43.9728,-69.7430,192.7994,-5.0387,-46.6109,108.7204,-0.2308,0.3651,-0.9019,0.9980,155,23.568096,2.4397,-0.6974
BiancaGolden_CircleTurns,45.1997,-69.5380,192.9549,-4.3456,-47.3743,109.0550,-0.2223,0.3875,-0.8947,0.9980,155,23.594852,2.4520,-0.6954
BiancaGolden_CircleTurns,46.3068,-69.4017,193.0803,-3.7730,-46.5092,108.6287,-0.2128,0.3989,-0.8920,0.9980,156,23.622871,2.4631,-0.6940
BiancaGolden_CircleTurns,47.2896,-69.2184,193.3906,-2.9097,-45.8200,107.5683,-0.2081,0.4021,-0.8916,0.9980,156,23.650232,2.4729,-0.6922
BiancaGolden_CircleTurns,48.0831,-69.2173,193.6475,-2.1708,-45.6288,106.4936,-0.2115,0.3947,-0.8942,0.9980,157,23.678106,2.4808,-0.6922
BiancaGolden_CircleTurns,48.7200,-69.1707,193.9248,-1.8142,-45.5824,106.1272,-0.2125,0.4072,-0.8883,0.9980,157,23.706223,2.4872,-0.6917
BiancaGolden_CircleTurns,49.2304,-69.0693,194.1198,-1.1870,-45.2919,105.5853,-0.2290,0.3979,-0.8884,0.9980,158,23.734165,2.4923,-0.6907
BiancaGolden_CircleTurns,49.5978,-68.9554,194.2252,-1.1825,-44.9960,105.3438,-0.2286,0.3946,-0.8899,0.9980,158,23.762440,2.4960,-0.6896
BiancaGolden_CircleTurns,49.9262,-68.8848,194.2258,-1.1644,-44.8301,105.2964,-0.2427,0.3884,-0.8889,0.9980,159,23.790863,2.4993,-0.6888
BiancaGolden_CircleTurns,50.0743,-68.8482,194.2236,-1.1850,-44.6979,105.2273,-0.2523,0.3875,-0.8867,0.9980,159,23.818905,2.5007,-0.6885
BiancaGolden_CircleTurns,50.0954,-68.9085,194.1422,-1.6109,-44.5719,105.5828,-0.2491,0.3867,-0.8879,0.9980,160,23.846655,2.5010,-0.6891
BiancaGolden_CircleTurns,50.0562,-68.9023,194.0542,-1.7795,-44.6549,105.4898,-0.2526,0.3854,-0.8875,0.9980,160,23.874805,2.5006,-0.6890
BiancaGolden_CircleTurns,49.8974,-68.8348,194.0116,-1.8337,-44.7229,105.1268,-0.2502,0.3864,-0.8878,0.9980,161,23.902508,2.4990,-0.6883
BiancaGolden_CircleTurns,49.6929,-68.8133,193.9816,-1.9333,-44.7558,104.7515,-0.2408,0.3832,-0.8917,0.9980,161,23.930933,2.4969,-0.6881
BiancaGolden_CircleTurns,49.4787,-68.7665,194.0031,-1.9144,-45.1146,104.0780,-0.2350,0.3805,-0.8944,0.9980,162,23.958744,2.4948,-0.6877
BiancaGolden_CircleTurns,49.2520,-68.6778,193.9727,-1.6246,-45.3959,103.3756,-0.2291,0.3784,-0.8968,0.9980,162,23.986338,2.4925,-0.6868
BiancaGolden_CircleTurns,49.0910,-68.5557,193.9104,-1.3969,-45.2652,102.8409,-0.2190,0.3771,-0.8999,0.9980,163,24.013771,2.4909,-0.6856
BiancaGolden_CircleTurns,49.1176,-68.5408,193.7908,-1.2424,-45.5433,102.4349,-0.2245,0.3675,-0.9025,0.9980,163,24.041407,2.4912,-0.6854
BiancaGolden_CircleTurns,49.3030,-68.4295,193.6313,-1.1965,-45.7822,102.2968,-0.2208,0.3682,-0.9031,0.9980,164,24.069122,2.4930,-0.6843
BiancaGolden_CircleTurns,49.5929,-68.3181,193.5864,-0.5441,-45.6321,102.2952,-0.2300,0.3561,-0.9057,0.9980,164,24.097349,2.4959,-0.6832
BiancaGolden_CircleTurns,49.9271,-68.1719,193.6589,-0.6686,-45.7380,102.9077,-0.2368,0.3470,-0.9075,0.9980,165,24.125145,2.4993,-0.6817
BiancaGolden_CircleTurns,50.3987,-68.0036,193.6954,-0.6444,-45.7876,103.7795,-0.2491,0.3557,-0.9008,0.9980,165,24.153404,2.5040,-0.6800
BiancaGolden_CircleTurns,50.9637,-67.8149,193.7443,-0.7851,-45.5554,104.7476,-0.2582,0.3579,-0.8974,0.9980,166,24.180939,2.5096,-0.6781
BiancaGolden_CircleTurns,51.7159,-67.6095,193.7278,-0.8618,-45.1460,105.7639,-0.2690,0.3655,-0.8911,0.9980,166,24.209166,2.5172,-0.6761
BiancaGolden_CircleTurns,52.5481,-67.4593,193.6853,-1.0481,-44.6587,107.0381,-0.2741,0.3688,-0.8882,0.9980,167,24.236662,2.5255,-0.6746
BiancaGolden_CircleTurns,53.5038,-67.3225,193.5897,-1.2627,-44.1548,108.5477,-0.2887,0.3679,-0.8839,0.9980,167,24.264673,2.5350,-0.6732
BiancaGolden_CircleTurns,54.5584,-67.1724,193.5018,-1.4319,-43.5779,110.3366,-0.3037,0.3657,-0.8798,0.9980,168,24.292759,2.5456,-0.6717
BiancaGolden_CircleTurns,55.7105,-67.0797,193.3834,-1.5267,-43.0177,112.5569,-0.3086,0.3550,-0.8825,0.9980,168,24.320709,2.5571,-0.6708
BiancaGolden_CircleTurns,56.9305,-66.8811,193.4115,-1.5196,-42.4739,115.0612,-0.3226,0.3533,-0.8781,0.9980,169,24.349041,2.5693,-0.6688
BiancaGolden_CircleTurns,58.0762,-66.5334,193.6817,-1.5174,-41.7750,117.9823,-0.3885,0.3548,-0.8504,0.9980,169,24.379803,2.5808,-0.6653
BiancaGolden_CircleTurns,59.0871,-65.9318,194.1153,-1.5728,-40.4382,121.0992,-0.4427,0.4011,-0.8020,0.9980,170,24.404375,2.5909,-0.6593
BiancaGolden_CircleTurns,60.1254,-65.6704,194.1937,-1.4938,-38.4807,123.3410,-0.4653,0.4455,-0.7649,0.9980,170,24.431013,2.6013,-0.6567
BiancaGolden_CircleTurns,61.0618,-65.5779,194.5194,-1.5878,-37.4894,125.4438,-0.5115,0.5223,-0.6824,0.9980,171,24.459349,2.6106,-0.6558
BiancaGolden_CircleTurns,62.1382,-65.9344,194.2801,-1.5916,-36.3794,127.1276,-0.4382,0.5765,-0.6896,0.9980,171,24.487005,2.6214,-0.6593
BiancaGolden_CircleTurns,63.1350,-66.2103,194.3304,-1.3683,-36.2364,128.7356,-0.4158,0.5970,-0.6861,0.9980,172,24.514944,2.6313,-0.6621
BiancaGolden_CircleTurns,64.0170,-66.5244,194.4521,-1.3921,-36.0141,130.5540,-0.4382,0.5970,-0.6720,0.9980,172,24.543341,2.6402,-0.6652
BiancaGolden_CircleTurns,64.8534,-66.8438,194.6585,-1.6662,-35.9585,131.8686,-0.4474,0.4584,-0.7680,0.9980,173,24.571356,2.6485,-0.6684
BiancaGolden_CircleTurns,65.6505,-67.1391,194.9424,-1.3725,-35.9711,132.6301,-0.4383,0.4390,-0.7843,0.9980,173,24.599468,2.6565,-0.6714
BiancaGolden_CircleTurns,66.3134,-67.4480,195.2393,-1.1617,-36.0531,133.2657,-0.4469,0.4768,-0.7569,0.9980,174,24.627100,2.6631,-0.6745
BiancaGolden_CircleTurns,66.8638,-67.6733,195.5649,-1.0205,-35.8309,133.7675,-0.4468,0.5025,-0.7402,0.9980,174,24.655548,2.6686,-0.6767
BiancaGolden_CircleTurns,67.3679,-67.8814,195.7838,-0.7545,-35.2583,134.0274,-0.4497,0.5054,-0.7364,0.9980,175,24.683315,2.6737,-0.6788
BiancaGolden_CircleTurns,67.9124,-68.2228,195.8775,-0.4117,-34.9210,134.2928,-0.4442,0.5064,-0.7391,0.9980,175,24.710905,2.6791,-0.6822
BiancaGolden_CircleTurns,68.4200,-68.5507,195.9370,-0.0649,-34.8068,134.6002,-0.4416,0.5084,-0.7393,0.9980,176,24.738251,2.6842,-0.6855
BiancaGolden_CircleTurns,68.8437,-68.8834,195.9182,0.2944,-34.4931,134.8061,-0.4431,0.5080,-0.7387,0.9980,176,24.766470,2.6884,-0.6888
BiancaGolden_CircleTurns,69.2876,-69.2970,195.8718,0.5181,-34.1618,135.0018,-0.4400,0.4955,-0.7490,0.9980,177,24.794275,2.6929,-0.6930
BiancaGolden_CircleTurns,69.7219,-69.7819,195.7975,0.6248,-34.1222,135.1502,-0.4444,0.4887,-0.7508,0.9980,177,24.822186,2.6972,-0.6978
BiancaGolden_CircleTurns,70.0341,-70.2503,195.7860,0.5085,-34.0240,135.2614,-0.4500,0.4903,-0.7465,0.9980,178,24.849798,2.7003,-0.7025
BiancaGolden_CircleTurns,70.2782,-70.7440,195.7941,0.3700,-33.8016,135.4088,-0.4530,0.4840,-0.7487,0.9980,178,24.878174,2.7028,-0.7074
BiancaGolden_CircleTurns,70.4894,-71.2737,195.7714,0.0656,-33.7080,135.5649,-0.4520,0.4811,-0.7512,0.9980,179,24.905424,2.7049,-0.7127
BiancaGolden_CircleTurns,70.6380,-71.7781,195.7346,-0.3207,-33.5773,135.4355,-0.4516,0.4882,-0.7468,0.9980,179,24.933573,2.7064,-0.7178
BiancaGolden_CircleTurns,70.7161,-72.1927,195.7229,-0.6336,-33.3871,135.0231,-0.4479,0.4905,-0.7476,0.9980,180,24.961321,2.7072,-0.7219
BiancaGolden_CircleTurns,70.6744,-72.5457,195.9909,-1.0123,-33.1021,134.5066,-0.4595,0.4981,-0.7354,0.9980,180,24.989206,2.7067,-0.7255
BiancaGolden_CircleTurns,70.9941,-73.1869,195.8267,-0.8631,-32.2164,134.5324,-0.4674,0.5078,-0.7237,0.9980,181,25.017025,2.7099,-0.7319
BiancaGolden_CircleTurns,71.3675,-73.7045,195.7879,-0.3227,-31.2820,135.0182,-0.4747,0.5087,-0.7182,0.9980,181,25.045015,2.7137,-0.7370
BiancaGolden_CircleTurns,71.5587,-74.0094,196.3576,-0.2464,-30.3612,135.5194,-0.4846,0.5031,-0.7156,0.9980,182,25.072836,2.7156,-0.7401
BiancaGolden_CircleTurns,71.9857,-74.4441,196.6611,-0.3463,-29.3643,136.1423,-0.4970,0.5021,-0.7078,0.9980,182,25.100985,2.7199,-0.7444
BiancaGolden_CircleTurns,72.5346,-74.8778,196.9211,-0.4640,-28.5319,136.7029,-0.4947,0.4898,-0.7179,0.9980,183,25.128424,2.7253,-0.7488
BiancaGolden_CircleTurns,73.1021,-75.2356,197.3569,-0.6247,-27.9407,137.2166,-0.4922,0.4775,-0.7278,0.9980,183,25.156221,2.7310,-0.7524
BiancaGolden_CircleTurns,73.7501,-75.6325,197.7030,-0.8777,-27.6612,137.7683,-0.4901,0.4705,-0.7338,0.9980,184,25.184162,2.7375,-0.7563
BiancaGolden_CircleTurns,74.4407,-75.9906,197.9647,-1.0075,-27.6083,138.4232,-0.4868,0.4726,-0.7346,0.9980,184,25.214960,2.7444,-0.7599
BiancaGolden_CircleTurns,75.1199,-76.2401,198.1347,-0.9960,-27.6623,139.0980,-0.4782,0.4671,-0.7438,0.9980,185,25.240328,2.7512,-0.7624
BiancaGolden_CircleTurns,75.8198,-76.3640,198.1964,-0.9026,-27.5891,139.6921,-0.4810,0.4746,-0.7372,0.9980,185,25.266994,2.7582,-0.7636
BiancaGolden_CircleTurns,76.4983,-76.3435,198.2825,-0.7798,-27.0336,140.1793,-0.4820,0.4780,-0.7343,0.9980,186,25.294842,2.7650,-0.7634
BiancaGolden_CircleTurns,77.1920,-76.2012,198.3952,-0.3756,-26.2248,140.7884,-0.4964,0.4707,-0.7294,0.9980,186,25.322985,2.7719,-0.7620
BiancaGolden_CircleTurns,77.9929,-76.0318,198.3444,-0.2818,-25.6026,141.3971,-0.4997,0.4644,-0.7312,0.9980,187,25.350311,2.7799,-0.7603
BiancaGolden_CircleTurns,78.8366,-75.8106,198.1802,-0.1809,-25.3064,142.0351,-0.4885,0.4731,-0.7332,0.9980,187,25.378405,2.7884,-0.7581
BiancaGolden_CircleTurns,79.6785,-75.4577,198.1059,0.0374,-25.4198,142.8140,-0.4819,0.4542,-0.7493,0.9980,188,25.406666,2.7968,-0.7546
BiancaGolden_CircleTurns,80.5377,-75.0613,197.9622,0.3109,-25.5802,143.7128,-0.4838,0.4433,-0.7546,0.9980,188,25.434782,2.8054,-0.7506
BiancaGolden_CircleTurns,81.3380,-74.5561,197.8869,0.5885,-25.8938,144.6936,-0.4864,0.4369,-0.7567,0.9980,189,25.462379,2.8134,-0.7456
BiancaGolden_CircleTurns,81.9300,-73.8324,198.1626,0.9073,-26.2499,145.7287,-0.5001,0.4266,-0.7536,0.9980,189,25.490440,2.8193,-0.7383
BiancaGolden_CircleTurns,82.6509,-73.2027,197.9160,0.9859,-26.1415,146.6095,-0.5450,0.4028,-0.7353,0.9980,190,25.517086,2.8265,-0.7320
BiancaGolden_CircleTurns,83.3151,-72.4944,197.7227,1.1991,-26.0633,147.4228,-0.5564,0.3953,-0.7309,0.9980,190,25.545086,2.8332,-0.7249
BiancaGolden_CircleTurns,83.9034,-71.7403,197.6628,1.3027,-26.3513,148.1031,-0.5546,0.3886,-0.7358,0.9980,191,25.573055,2.8390,-0.7174
BiancaGolden_CircleTurns,84.4872,-71.0137,197.3671,1.4814,-26.7101,148.6239,-0.5556,0.3851,-0.7369,0.9980,191,25.601965,2.8449,-0.7101
BiancaGolden_CircleTurns,84.9830,-70.2883,197.1243,1.7207,-26.8093,148.9058,-0.5570,0.3848,-0.7360,0.9980,192,25.629065,2.8498,-0.7029
BiancaGolden_CircleTurns,85.3695,-69.6772,196.8753,1.8918,-26.8673,149.2535,-0.5510,0.3743,-0.7459,0.9980,192,25.656807,2.8537,-0.6968
BiancaGolden_CircleTurns,85.7876,-69.2380,196.6315,1.8802,-27.2326,149.7977,-0.5585,0.3731,-0.7408,0.9980,193,25.685015,2.8579,-0.6924
BiancaGolden_CircleTurns,86.2180,-69.0013,196.4737,1.8394,-27.6309,150.1635,-0.5539,0.3798,-0.7409,0.9980,193,25.713480,2.8622,-0.6900
BiancaGolden_CircleTurns,86.7447,-68.8525,196.3919,2.6000,-28.0074,149.8435,-0.5348,0.3963,-0.7462,0.9980,194,25.740568,2.8674,-0.6885
BiancaGolden_CircleTurns,87.3774,-68.8560,196.3275,3.9615,-28.6035,148.9617,-0.4524,0.4581,-0.7652,0.9980,194,25.768394,2.8738,-0.6886
BiancaGolden_CircleTurns,88.0512,-68.9619,196.4084,5.2257,-29.1980,147.8861,-0.3613,0.5724,-0.7360,0.9980,195,25.796337,2.8805,-0.6896
BiancaGolden_CircleTurns,88.7358,-69.1646,196.5664,6.2741,-29.2921,146.8384,-0.3561,0.5929,-0.7223,0.9980,195,25.823895,2.8874,-0.6916
BiancaGolden_CircleTurns,89.3923,-69.4266,196.8370,7.2182,-28.8259,146.0432,-0.3707,0.6080,-0.7021,0.9980,196,25.851730,2.8939,-0.6943
BiancaGolden_CircleTurns,89.9658,-69.7708,197.1667,7.5899,-27.7353,145.7201,-0.3973,0.6023,-0.6924,0.9980,196,25.879992,2.8997,-0.6977
BiancaGolden_CircleTurns,90.5472,-70.2453,197.3625,7.4596,-26.5955,145.6871,-0.4145,0.5799,-0.7014,0.9980,197,25.907749,2.9055,-0.7025
BiancaGolden_CircleTurns,91.1292,-70.8440,197.4727,7.2153,-25.9705,145.8486,-0.4219,0.5739,-0.7019,0.9980,197,25.935638,2.9113,-0.7084
BiancaGolden_CircleTurns,91.6587,-71.5400,197.4768,6.7550,-25.7190,146.2198,-0.4207,0.5493,-0.7220,0.9980,198,25.963377,2.9166,-0.7154
BiancaGolden_CircleTurns,92.1417,-72.3086,197.4110,6.2627,-25.7885,146.5548,-0.4224,0.5294,-0.7357,0.9980,198,25.991179,2.9214,-0.7231
BiancaGolden_CircleTurns,92.5195,-73.1542,197.3503,5.7875,-26.1988,146.7835,-0.4761,0.4893,-0.7307,0.9980,199,26.019125,2.9252,-0.7315
BiancaGolden_CircleTurns,92.8100,-74.0562,197.2412,5.3295,-26.8948,146.9873,-0.5875,0.4306,-0.6851,0.9980,199,26.050621,2.9281,-0.7406
BiancaGolden_CircleTurns,93.0459,-74.9929,197.0578,4.8708,-27.7900,147.2151,-0.6225,0.3946,-0.6758,0.9980,200,26.075541,2.9305,-0.7499
BiancaGolden_CircleTurns,93.1334,-75.8850,197.0166,4.4017,-28.9457,147.4006,-0.6114,0.3964,-0.6849,0.9980,200,26.102083,2.9313,-0.7588
BiancaGolden_CircleTurns,93.1998,-76.7324,196.8504,3.9524,-29.6892,147.3933,-0.6154,0.4093,-0.6736,0.9980,201,26.129881,2.9320,-0.7673
BiancaGolden_CircleTurns,93.3490,-77.6376,196.4270,3.7748,-29.8519,147.4988,-0.6358,0.4226,-0.6458,0.9980,201,26.157536,2.9335,-0.7764
BiancaGolden_CircleTurns,93.5038,-78.4946,196.0662,3.6725,-29.7457,147.9101,-0.6459,0.4252,-0.6340,0.9980,202,26.185087,2.9350,-0.7849
BiancaGolden_CircleTurns,93.6837,-79.2470,195.8688,3.8111,-29.7865,148.4039,-0.6467,0.4238,-0.6341,0.9980,202,26.213140,2.9368,-0.7925
BiancaGolden_CircleTurns,93.8950,-79.9635,195.7025,3.6864,-30.0939,148.6731,-0.6408,0.4317,-0.6349,0.9980,203,26.240900,2.9390,-0.7996
BiancaGolden_CircleTurns,94.2128,-80.6417,195.4685,3.3588,-30.3772,148.7316,-0.6420,0.4290,-0.6355,0.9980,203,26.269224,2.9421,-0.8064
BiancaGolden_CircleTurns,94.6543,-81.2523,195.4024,3.4679,-30.9226,148.9937,-0.6313,0.4335,-0.6430,0.9980,204,26.296770,2.9465,-0.8125
BiancaGolden_CircleTurns,95.1715,-81.7848,195.5697,3.4236,-31.6448,149.2924,-0.6250,0.4391,-0.6454,0.9980,204,26.324715,2.9517,-0.8178
BiancaGolden_CircleTurns,95.7438,-82.1889,195.8740,3.5934,-32.2900,149.5374,-0.6156,0.4642,-0.6369,0.9980,205,26.352516,2.9574,-0.8219
BiancaGolden_CircleTurns,96.3143,-82.5203,196.1044,3.5048,-32.3328,149.6237,-0.6355,0.4573,-0.6220,0.9980,205,26.380980,2.9631,-0.8252
BiancaGolden_CircleTurns,96.7706,-82.7106,196.3380,3.2757,-31.6813,149.7238,-0.6694,0.4206,-0.6123,0.9980,206,26.408453,2.9677,-0.8271
BiancaGolden_CircleTurns,97.2106,-82.7831,196.4886,3.3286,-30.9746,149.9900,-0.6573,0.4116,-0.6312,0.9980,206,26.436348,2.9721,-0.8278
BiancaGolden_CircleTurns,97.7644,-82.8113,196.4764,3.5746,-30.8550,150.2759,-0.6149,0.4570,-0.6427,0.9980,207,26.463985,2.9776,-0.8281
BiancaGolden_CircleTurns,98.3335,-82.7319,196.4230,3.8291,-31.3067,150.5407,-0.6609,0.5083,-0.5521,0.9980,207,26.492247,2.9833,-0.8273
BiancaGolden_CircleTurns,98.8766,-82.5079,196.3333,4.1298,-31.6115,150.8620,-0.6762,0.4960,-0.5447,0.9980,208,26.520180,2.9888,-0.8251
BiancaGolden_CircleTurns,99.4275,-82.1484,196.1247,4.6059,-31.5709,151.2954,-0.6861,0.4823,-0.5446,0.9980,208,26.547636,2.9943,-0.8215
BiancaGolden_CircleTurns,99.9598,-81.6440,195.9120,5.2979,-31.5109,152.1098,-0.6792,0.4765,-0.5583,0.9980,209,26.575409,2.9996,-0.8164
BiancaGolden_CircleTurns,100.5082,-81.0413,195.6025,5.7734,-31.8207,152.9905,-0.6690,0.4695,-0.5762,0.9980,209,26.603794,3.0051,-0.8104
BiancaGolden_CircleTurns,101.0145,-80.1949,195.1815,6.0327,-32.4552,153.7349,-0.6614,0.4638,-0.5895,0.9980,210,26.631325,3.0101,-0.8019
BiancaGolden_CircleTurns,101.4946,-79.1798,194.7992,6.4328,-33.1510,154.2973,-0.6607,0.4537,-0.5980,0.9980,210,26.658922,3.0149,-0.7918
BiancaGolden_CircleTurns,101.9894,-78.1826,194.4979,6.7491,-34.1329,154.9200,-0.6577,0.4479,-0.6057,0.9980,211,26.686811,3.0199,-0.7818
BiancaGolden_CircleTurns,102.3186,-77.1612,194.3662,6.6046,-34.9905,155.6670,-0.6677,0.4433,-0.5981,0.9980,211,26.714886,3.0232,-0.7716
BiancaGolden_CircleTurns,102.6809,-76.1110,194.1326,6.1085,-35.1632,156.3983,-0.6728,0.4485,-0.5884,0.9980,212,26.742334,3.0268,-0.7611
BiancaGolden_CircleTurns,102.9604,-75.1420,193.9901,5.5972,-34.8374,156.8381,-0.6844,0.4468,-0.5762,0.9980,212,26.770470,3.0296,-0.7514
BiancaGolden_CircleTurns,103.1831,-74.2525,193.7993,5.1942,-34.3476,157.2118,-0.6879,0.4427,-0.5752,0.9980,213,26.798061,3.0318,-0.7425
BiancaGolden_CircleTurns,103.4511,-73.5370,193.5696,4.8088,-34.2206,157.6059,-0.6845,0.4422,-0.5796,0.9980,213,26.826385,3.0345,-0.7354
BiancaGolden_CircleTurns,103.7511,-72.9868,193.3798,4.3850,-34.2906,157.8830,-0.6839,0.4424,-0.5802,0.9980,214,26.854172,3.0375,-0.7299
BiancaGolden_CircleTurns,103.9924,-72.4930,193.3103,4.2903,-34.3945,157.8984,-0.6801,0.4463,-0.5817,0.9980,214,26.884987,3.0399,-0.7249
BiancaGolden_CircleTurns,104.2117,-72.1344,193.3244,4.4020,-34.5243,157.8153,-0.6732,0.4426,-0.5924,0.9980,215,26.910961,3.0421,-0.7213
BiancaGolden_CircleTurns,104.4178,-71.8996,193.3512,4.2129,-34.5385,157.7652,-0.6794,0.4327,-0.5926,0.9980,215,26.937159,3.0442,-0.7190
BiancaGolden_CircleTurns,104.5833,-71.8089,193.4167,3.7776,-34.3510,157.6422,-0.6797,0.4338,-0.5914,0.9980,216,26.965336,3.0458,-0.7181
BiancaGolden_CircleTurns,104.7398,-71.7888,193.4896,3.6449,-33.9062,157.5448,-0.6814,0.4372,-0.5869,0.9980,216,26.992853,3.0474,-0.7179
BiancaGolden_CircleTurns,104.8719,-71.8361,193.5387,3.6194,-33.4220,157.3508,-0.6824,0.4403,-0.5834,0.9980,217,27.020561,3.0487,-0.7184
BiancaGolden_CircleTurns,104.9574,-71.9618,193.5204,3.5274,-33.1345,156.9967,-0.6757,0.4439,-0.5886,0.9980,217,27.048731,3.0496,-0.7196
BiancaGolden_CircleTurns,104.9127,-72.1281,193.4117,3.1969,-32.7379,156.3984,-0.6653,0.4489,-0.5966,0.9980,218,27.076506,3.0491,-0.7213
BiancaGolden_CircleTurns,104.7919,-72.3180,193.1764,2.6939,-32.2617,155.5805,-0.6630,0.4608,-0.5900,0.9980,218,27.104801,3.0479,-0.7232
BiancaGolden_CircleTurns,104.7131,-72.5081,192.6523,2.3630,-31.6852,154.6743,-0.6638,0.4601,-0.5897,0.9980,219,27.133106,3.0471,-0.7251
BiancaGolden_CircleTurns,104.7137,-72.7263,191.7197,2.1662,-30.9959,153.9297,-0.6669,0.4596,-0.5865,0.9980,219,27.160711,3.0471,-0.7273
BiancaGolden_CircleTurns,104.6408,-72.8404,190.6589,2.1823,-30.6494,153.5379,-0.6603,0.4573,-0.5957,0.9980,220,27.188255,3.0464,-0.7284
BiancaGolden_CircleTurns,104.4666,-72.8460,189.7192,2.1974,-30.6846,153.3727,-0.6640,0.4487,-0.5982,0.9980,220,27.216555,3.0447,-0.7285
BiancaGolden_CircleTurns,104.4106,-72.8660,188.3732,2.2659,-30.7650,153.3968,-0.6678,0.4362,-0.6031,0.9980,221,27.243851,3.0441,-0.7287
BiancaGolden_CircleTurns,104.2587,-72.8068,187.2315,2.3656,-30.9960,154.1344,-0.6667,0.4226,-0.6140,0.9980,221,27.272005,3.0426,-0.7281
BiancaGolden_CircleTurns,103.9186,-72.5972,186.7278,1.5707,-31.6047,154.8705,-0.6662,0.4114,-0.6221,0.9980,222,27.300135,3.0392,-0.7260
BiancaGolden_CircleTurns,103.7554,-72.2645,186.2502,1.2734,-31.8722,155.1874,-0.6684,0.4092,-0.6211,0.9980,222,27.327854,3.0376,-0.7226
BiancaGolden_CircleTurns,103.6409,-71.9194,185.7557,1.6612,-32.1080,155.8745,-0.6698,0.4022,-0.6242,0.9980,223,27.355520,3.0364,-0.7192
BiancaGolden_CircleTurns,103.3666,-71.4696,185.9544,1.4352,-32.6150,156.7363,-0.6694,0.3977,-0.6275,0.9980,223,27.383686,3.0337,-0.7147
BiancaGolden_CircleTurns,103.1758,-70.7679,186.4308,1.4887,-33.2908,157.8226,-0.6704,0.4019,-0.6237,0.9980,224,27.411343,3.0318,-0.7077
BiancaGolden_CircleTurns,103.2477,-70.0029,186.7385,1.9092,-33.6306,158.0654,-0.6724,0.4161,-0.6122,0.9980,224,27.439478,3.0325,-0.7000
BiancaGolden_CircleTurns,103.2670,-69.2380,187.2594,1.9275,-33.2102,157.9384,-0.6745,0.4174,-0.6090,0.9980,225,27.466997,3.0327,-0.6924
BiancaGolden_CircleTurns,103.4076,-68.6022,187.7581,1.8275,-32.7390,158.1425,-0.6791,0.4125,-0.6072,0.9980,225,27.495182,3.0341,-0.6860
BiancaGolden_CircleTurns,103.5633,-67.9898,188.3013,1.6875,-32.3216,158.5874,-0.6857,0.4104,-0.6012,0.9980,226,27.522976,3.0356,-0.6799
BiancaGolden_CircleTurns,103.8301,-67.4556,188.8176,1.7923,-31.6894,159.3008,-0.6869,0.3980,-0.6080,0.9980,226,27.551304,3.0383,-0.6746
BiancaGolden_CircleTurns,104.2805,-67.0524,189.2753,1.9015,-31.3764,160.2359,-0.6864,0.3819,-0.6189,0.9980,227,27.579363,3.0428,-0.6705
BiancaGolden_CircleTurns,104.7384,-66.7126,189.8266,1.7328,-31.5025,161.2033,-0.6932,0.3665,-0.6206,0.9980,227,27.606028,3.0474,-0.6671
BiancaGolden_CircleTurns,105.0758,-66.4819,190.3783,1.5107,-31.3260,162.3605,-0.7031,0.3345,-0.6276,0.9980,228,27.639578,3.0508,-0.6648
BiancaGolden_CircleTurns,105.8934,-66.2507,191.2640,0.7535,-31.1028,164.7298,-0.7329,0.1814,-0.6557,0.9980,228,27.667236,3.0589,-0.6625
BiancaGolden_CircleTurns,106.3841,-66.4760,191.5940,0.3166,-31.4977,166.7554,-0.7330,0.1115,-0.6710,0.9980,229,27.693144,3.0638,-0.6648
BiancaGolden_CircleTurns,106.3688,-66.7146,191.6169,0.5323,-31.7558,167.8692,-0.7365,-0.0911,-0.6703,0.9980,229,27.723566,3.0637,-0.6671
BiancaGolden_CircleTurns,106.6789,-67.0890,192.1256,0.0792,-31.8193,170.8598,-0.7311,-0.1594,-0.6634,0.9980,230,27.747305,3.0668,-0.6709
BiancaGolden_CircleTurns,107.1140,-67.5450,192.4688,-0.9499,-31.8199,173.6721,-0.7200,-0.1968,-0.6655,0.9980,230,27.771719,3.0711,-0.6755
BiancaGolden_CircleTurns,107.6640,-68.0732,192.7205,-1.5136,-32.1219,176.4641,-0.7081,-0.2140,-0.6729,0.9980,231,27.799242,3.0766,-0.6807
BiancaGolden_CircleTurns,108.1067,-68.8183,193.1458,-2.1210,-32.5419,179.6510,-0.6924,-0.2422,-0.6796,0.9980,231,27.826288,3.0811,-0.6882
BiancaGolden_CircleTurns,108.5567,-69.7223,193.4417,-3.0245,-32.8709,-176.5719,-0.6221,-0.3628,-0.6938,0.9980,232,27.854248,3.0856,-0.6972
BiancaGolden_CircleTurns,109.0114,-70.7599,193.6177,-3.9276,-33.2329,-172.2976,-0.5011,-0.4905,-0.7129,0.9980,232,27.881458,3.0901,-0.7076
BiancaGolden_CircleTurns,109.4514,-72.1236,193.8084,-4.8653,-33.3296,-166.4925,-0.3660,-0.6201,-0.6939,0.9980,233,27.909771,3.0945,-0.7212
BiancaGolden_CircleTurns,109.9376,-73.6983,193.9518,-7.1967,-32.9260,-159.6386,-0.2554,-0.6817,-0.6856,0.9980,233,27.938396,3.0994,-0.7370
BiancaGolden_CircleTurns,110.5898,-75.2806,194.0355,-9.3833,-32.4337,-152.2283,-0.1278,-0.7316,-0.6696,0.9980,234,27.965164,3.1059,-0.7528
BiancaGolden_CircleTurns,111.3392,-76.9828,194.1290,-11.6579,-31.8020,-144.2993,0.0082,-0.7521,-0.6590,0.9980,234,27.993959,3.1134,-0.7698
BiancaGolden_CircleTurns,112.1915,-78.5900,194.1068,-14.1109,-31.0101,-136.6066,0.1163,-0.7502,-0.6509,0.9980,235,28.020998,3.1219,-0.7859
BiancaGolden_CircleTurns,113.1815,-80.0374,194.0635,-16.2509,-30.5023,-129.3100,0.2066,-0.7013,-0.6823,0.9980,235,28.049633,3.1318,-0.8004
BiancaGolden_CircleTurns,114.2154,-81.2911,193.9489,-18.3831,-30.3293,-122.7461,0.2416,-0.6612,-0.7102,0.9980,236,28.077700,3.1422,-0.8129
BiancaGolden_CircleTurns,115.1175,-82.3532,193.8436,-20.1949,-30.2765,-117.3088,0.2575,-0.6411,-0.7230,0.9980,236,28.106060,3.1512,-0.8235
BiancaGolden_CircleTurns,115.8829,-83.1375,193.7961,-21.4278,-30.5832,-113.4347,0.2201,-0.6301,-0.7447,0.9980,237,28.134203,3.1588,-0.8314
BiancaGolden_CircleTurns,116.5662,-83.8151,193.7021,-21.9756,-30.9176,-110.7859,0.1586,-0.6174,-0.7705,0.9980,237,28.162626,3.1657,-0.8382
BiancaGolden_CircleTurns,117.0322,-84.3613,193.6319,-21.3143,-31.0721,-109.2405,0.1352,-0.5974,-0.7904,0.9980,238,28.190731,3.1703,-0.8436
BiancaGolden_CircleTurns,117.4951,-84.7531,193.5482,-20.7383,-31.3567,-108.1679,0.1730,-0.5713,-0.8023,0.9980,238,28.218933,3.1750,-0.8475
BiancaGolden_CircleTurns,117.9121,-84.9733,193.3703,-20.3541,-31.9507,-107.4020,0.2103,-0.5379,-0.8163,0.9980,239,28.246862,3.1791,-0.8497
BiancaGolden_CircleTurns,118.2454,-85.1226,193.1848,-19.7660,-32.2983,-106.8647,0.2120,-0.5338,-0.8186,0.9980,239,28.275473,3.1825,-0.8512
BiancaGolden_CircleTurns,118.5855,-85.0736,193.0093,-19.7889,-32.6546,-106.2502,0.2132,-0.5379,-0.8156,0.9980,240,28.302736,3.1859,-0.8507
BiancaGolden_CircleTurns,118.8078,-84.8174,192.8372,-19.4602,-32.8365,-105.7194,0.2078,-0.5366,-0.8179,0.9980,240,28.330660,3.1881,-0.8482
BiancaGolden_CircleTurns,119.0115,-84.5488,192.6898,-19.0570,-32.7663,-105.0261,0.1915,-0.5411,-0.8189,0.9980,241,28.358801,3.1901,-0.8455
BiancaGolden_CircleTurns,119.0401,-84.0446,192.6046,-19.1064,-32.9569,-105.0003,0.1693,-0.5430,-0.8225,0.9980,241,28.386429,3.1904,-0.8404
BiancaGolden_CircleTurns,118.7479,-83.2646,192.5390,-18.4468,-33.0599,-106.1849,0.1471,-0.5405,-0.8284,0.9980,242,28.414732,3.1875,-0.8326
BiancaGolden_CircleTurns,118.2161,-82.3272,192.4977,-17.3903,-33.2981,-108.6052,0.0995,-0.5388,-0.8365,0.9980,242,28.442059,3.1822,-0.8233
BiancaGolden_CircleTurns,117.4204,-81.2023,192.5147,-16.1780,-33.9087,-113.0927,-0.2134,-0.4686,-0.8572,0.9980,243,28.469570,3.1742,-0.8120
BiancaGolden_CircleTurns,116.2394,-79.9379,192.6440,-13.3532,-34.5795,-119.9498,-0.4055,-0.3656,-0.8378,0.9980,243,28.497679,3.1624,-0.7994
BiancaGolden_CircleTurns,115.1675,-78.6597,192.7714,-10.0705,-35.0762,-127.6181,-0.4655,-0.2950,-0.8344,0.9980,244,28.525829,3.1517,-0.7866
BiancaGolden_CircleTurns,114.2874,-77.3420,192.7936,-7.4077,-35.1606,-135.3830,-0.6238,-0.1678,-0.7634,0.9980,244,28.557087,3.1429,-0.7734
BiancaGolden_CircleTurns,113.6697,-76.0370,192.7497,-4.7822,-35.1026,-143.3040,-0.6983,-0.0101,-0.7157,0.9980,245,28.581903,3.1367,-0.7604
BiancaGolden_CircleTurns,113.3120,-74.6912,192.7296,-2.3026,-35.1393,-150.8856,-0.7798,0.2224,-0.5852,0.9980,245,28.608896,3.1331,-0.7469
BiancaGolden_CircleTurns,113.1064,-73.4877,192.8437,0.2496,-35.4734,-158.0426,-0.7616,0.3508,-0.5449,0.9980,246,28.636620,3.1311,-0.7349
BiancaGolden_CircleTurns,113.1537,-72.4345,192.9864,3.2636,-35.8684,-164.4538,-0.7505,0.3857,-0.5366,0.9980,246,28.663486,3.1315,-0.7243
BiancaGolden_CircleTurns,113.3716,-71.5570,193.0347,6.1779,-36.0859,-169.5227,-0.7447,0.3828,-0.5467,0.9980,247,28.690874,3.1337,-0.7156
BiancaGolden_CircleTurns,113.6854,-70.8915,193.0742,8.1350,-36.1497,-173.6277,-0.7858,0.2589,-0.5617,0.9980,247,28.718674,3.1369,-0.7089
BiancaGolden_CircleTurns,114.0185,-70.4258,193.1638,9.6266,-35.9607,-177.1731,-0.7854,0.2597,-0.5619,0.9980,248,28.746450,3.1402,-0.7043
BiancaGolden_CircleTurns,114.4341,-70.0234,193.1813,10.9485,-35.6460,179.7912,-0.7797,0.2912,-0.5543,0.9980,248,28.774248,3.1443,-0.7002
BiancaGolden_CircleTurns,114.9534,-69.8074,193.1341,11.9030,-35.3722,176.6827,-0.7321,0.3998,-0.5516,0.9980,249,28.801702,3.1495,-0.6981
BiancaGolden_CircleTurns,115.5043,-69.7709,193.1163,12.6518,-35.2407,174.0954,-0.7185,0.4354,-0.5424,0.9980,249,28.829456,3.1550,-0.6977
BiancaGolden_CircleTurns,116.0093,-69.8305,193.0964,13.1021,-34.6081,171.3850,-0.7358,0.4141,-0.5358,0.9980,250,28.857246,3.1601,-0.6983
BiancaGolden_CircleTurns,116.5911,-69.9577,192.9605,13.9862,-33.8210,168.8088,-0.7417,0.3932,-0.5434,0.9980,250,28.885675,3.1659,-0.6996
BiancaGolden_CircleTurns,117.2267,-70.2960,192.8489,15.0183,-33.6630,166.7704,-0.7449,0.3738,-0.5526,0.9980,251,28.913759,3.1723,-0.7030
BiancaGolden_CircleTurns,117.9081,-70.6808,192.6508,15.4847,-33.6142,164.8622,-0.7523,0.3398,-0.5644,0.9980,251,28.942453,3.1791,-0.7068
BiancaGolden_CircleTurns,118.6111,-71.0451,192.5320,16.1944,-33.4768,163.3941,-0.7510,0.3432,-0.5641,0.9980,252,28.969568,3.1861,-0.7105
BiancaGolden_CircleTurns,119.3140,-71.3843,192.4441,16.9232,-33.2774,162.3215,-0.7485,0.3768,-0.5456,0.9980,252,28.997137,3.1931,-0.7138
BiancaGolden_CircleTurns,119.8325,-71.6650,192.2939,16.9570,-32.3036,161.1986,-0.7395,0.4556,-0.4955,0.9980,253,29.024637,3.1983,-0.7166
BiancaGolden_CircleTurns,120.2753,-71.9301,192.0734,16.7862,-30.8136,160.1834,-0.7401,0.4709,-0.4801,0.9980,253,29.053190,3.2028,-0.7193
BiancaGolden_CircleTurns,120.8934,-72.1555,191.7216,16.6508,-29.7567,159.2391,-0.7435,0.4578,-0.4874,0.9980,254,29.080299,3.2089,-0.7216
BiancaGolden_CircleTurns,121.6137,-72.3655,191.2713,16.7767,-29.5661,158.3236,-0.7354,0.4504,-0.5063,0.9980,254,29.108416,3.2161,-0.7237
BiancaGolden_CircleTurns,122.3292,-72.5244,190.8320,17.0342,-29.9961,157.5526,-0.7374,0.4325,-0.5189,0.9980,255,29.136129,3.2233,-0.7252
BiancaGolden_CircleTurns,122.7624,-72.6112,190.5947,17.2974,-30.0933,157.2234,-0.7509,0.4130,-0.5153,0.9980,255,29.164179,3.2276,-0.7261
BiancaGolden_CircleTurns,122.9694,-72.6063,190.4088,16.6906,-29.2474,157.4723,-0.7654,0.4109,-0.4953,0.9980,256,29.191830,3.2297,-0.7261
BiancaGolden_CircleTurns,123.0739,-72.4394,190.1752,15.8242,-27.6398,157.7171,-0.7796,0.4027,-0.4796,0.9980,256,29.219851,3.2307,-0.7244
BiancaGolden_CircleTurns,123.1162,-72.1135,189.9672,15.5688,-26.3280,157.9213,-0.7789,0.3962,-0.4861,0.9980,257,29.248837,3.2312,-0.7211
BiancaGolden_CircleTurns,123.1860,-71.7193,189.5392,15.0089,-25.4368,157.9548,-0.7791,0.3954,-0.4865,0.9980,257,29.275930,3.2319,-0.7172
BiancaGolden_CircleTurns,123.2132,-71.1731,188.9697,14.3815,-24.9914,157.9404,-0.7722,0.3926,-0.4996,0.9980,258,29.303940,3.2321,-0.7117
BiancaGolden_CircleTurns,123.1622,-70.4962,188.4227,14.0125,-24.6093,158.0041,-0.7774,0.3893,-0.4941,0.9980,258,29.331476,3.2316,-0.7050
BiancaGolden_CircleTurns,123.1282,-69.6657,187.7233,13.6731,-24.0743,158.2058,-0.7840,0.3872,-0.4852,0.9980,259,29.359150,3.2313,-0.6967
BiancaGolden_CircleTurns,123.0805,-68.7493,186.9479,12.8814,-23.4547,158.5279,-0.8158,0.4306,-0.3860,0.9980,259,29.390026,3.2308,-0.6875
BiancaGolden_CircleTurns,122.6579,-67.7249,186.6374,11.6787,-22.9783,158.6040,-0.8358,0.4353,-0.3347,0.9980,260,29.415037,3.2266,-0.6772
BiancaGolden_CircleTurns,122.6440,-66.5483,185.6933,10.8708,-21.9499,158.5430,-0.8390,0.4380,-0.3229,0.9980,260,29.441971,3.2264,-0.6655
BiancaGolden_CircleTurns,122.4834,-65.4135,184.5852,10.1312,-21.3511,158.4768,-0.8332,0.4326,-0.3446,0.9980,261,29.469862,3.2248,-0.6541
BiancaGolden_CircleTurns,122.1021,-64.3776,183.8735,9.2045,-20.9075,158.4358,-0.8374,0.4288,-0.3391,0.9980,261,29.497498,3.2210,-0.6438
BiancaGolden_CircleTurns,121.8296,-63.2818,182.7398,8.5194,-20.4375,158.4113,-0.8369,0.4225,-0.3480,0.9980,262,29.525606,3.2183,-0.6328
BiancaGolden_CircleTurns,121.6615,-62.1576,181.4696,8.1830,-20.3597,158.3388,-0.8378,0.4132,-0.3570,0.9980,262,29.553679,3.2166,-0.6216
BiancaGolden_CircleTurns,121.3839,-61.1575,180.1579,7.4850,-20.1338,158.3545,-0.8412,0.4093,-0.3534,0.9980,263,29.581556,3.2138,-0.6116
BiancaGolden_CircleTurns,121.1233,-60.1523,178.6789,6.5570,-19.7657,158.3952,-0.8541,0.3963,-0.3369,0.9980,263,29.609583,3.2112,-0.6015
BiancaGolden_CircleTurns,120.7368,-59.0276,177.0491,6.5649,-18.9590,158.6726,-0.8658,0.3778,-0.3280,0.9980,264,29.637506,3.2074,-0.5903
BiancaGolden_CircleTurns,120.3851,-57.9917,175.2303,7.0761,-17.6039,159.4535,-0.8731,0.3632,-0.3252,0.9980,264,29.665216,3.2039,-0.5799
BiancaGolden_CircleTurns,120.1185,-56.9625,173.2305,6.9572,-17.0923,160.5839,-0.8773,0.3479,-0.3305,0.9980,265,29.692867,3.2012,-0.5696
BiancaGolden_CircleTurns,119.9804,-55.9466,171.2836,5.6545,-16.9755,161.1408,-0.8696,0.3502,-0.3482,0.9980,265,29.721281,3.1998,-0.5595
BiancaGolden_CircleTurns,119.9926,-55.0181,169.4005,4.4581,-17.3980,161.0241,-0.8652,0.3506,-0.3584,0.9980,266,29.749008,3.1999,-0.5502
BiancaGolden_CircleTurns,119.9708,-54.2239,167.5467,3.5385,-17.8656,160.8610,-0.8642,0.3601,-0.3515,0.9980,266,29.776611,3.1997,-0.5422
BiancaGolden_CircleTurns,119.8882,-53.4712,165.6542,2.6447,-17.6929,160.2813,-0.8683,0.3789,-0.3201,0.9980,267,29.804022,3.1989,-0.5347
BiancaGolden_CircleTurns,119.6559,-52.8267,163.9393,2.0522,-16.7563,159.5304,-0.8747,0.3880,-0.2905,0.9980,267,29.832006,3.1966,-0.5283
BiancaGolden_CircleTurns,119.3323,-52.2244,162.1253,1.8726,-15.4114,158.9908,-0.8756,0.3976,-0.2744,0.9980,268,29.859791,3.1933,-0.5222
BiancaGolden_CircleTurns,119.2009,-51.7726,160.2338,1.7106,-14.7017,158.3584,-0.8771,0.3845,-0.2877,0.9980,268,29.888012,3.1920,-0.5177
BiancaGolden_CircleTurns,119.1917,-51.4856,158.0724,1.5422,-15.0330,158.0042,-0.8815,0.3691,-0.2946,0.9980,269,29.915655,3.1919,-0.5149
BiancaGolden_CircleTurns,119.0286,-51.1182,156.1868,1.8499,-15.2889,158.0042,-0.8889,0.3591,-0.2844,0.9980,269,29.943872,3.1903,-0.5112
BiancaGolden_CircleTurns,118.8904,-50.6998,154.4052,2.2247,-15.1268,158.0110,-0.8941,0.3484,-0.2812,0.9980,270,29.971416,3.1889,-0.5070
BiancaGolden_CircleTurns,118.9990,-50.2746,152.6618,2.7456,-15.2959,158.5153,-0.8956,0.3356,-0.2920,0.9980,270,29.999401,3.1900,-0.5027
BiancaGolden_CircleTurns,119.3949,-49.8115,151.1015,3.3811,-16.3205,159.2581,-0.9014,0.3268,-0.2839,0.9980,271,30.026932,3.1939,-0.4981
BiancaGolden_CircleTurns,119.5078,-49.3735,149.9686,1.9468,-16.1904,159.4552,-0.9136,0.3317,-0.2352,0.9980,271,30.055489,3.1951,-0.4937
BiancaGolden_CircleTurns,119.7469,-48.9835,149.1018,0.7426,-15.2297,159.5501,-0.9142,0.3359,-0.2268,0.9980,272,30.082325,3.1975,-0.4898
BiancaGolden_CircleTurns,120.1070,-48.8242,148.3743,-0.4392,-15.0280,159.3288,-0.9216,0.3258,-0.2112,0.9980,272,30.110321,3.2011,-0.4882
BiancaGolden_CircleTurns,120.3615,-48.9554,147.9099,-0.8365,-14.6261,159.6576,-0.9284,0.3171,-0.1936,0.9980,273,30.138432,3.2036,-0.4896
BiancaGolden_CircleTurns,120.4817,-49.3176,147.5353,-1.1772,-13.3617,159.9152,-0.9360,0.2950,-0.1921,0.9980,273,30.166294,3.2048,-0.4932
BiancaGolden_CircleTurns,120.8045,-49.8856,147.1822,-0.8670,-12.6368,159.7699,-0.9293,0.3071,-0.2051,0.9980,274,30.194027,3.2080,-0.4989
BiancaGolden_CircleTurns,121.2588,-50.7005,146.8420,-0.7350,-12.8976,158.9683,-0.9157,0.3381,-0.2172,0.9980,274,30.224552,3.2126,-0.5070
BiancaGolden_CircleTurns,121.6349,-51.3446,146.6827,-0.0365,-12.8692,156.9621,-0.8992,0.3857,-0.2064,0.9980,275,30.250322,3.2163,-0.5134
BiancaGolden_CircleTurns,122.0341,-51.9208,146.5789,1.6767,-12.1529,153.9721,-0.8839,0.4223,-0.2009,0.9980,275,30.277443,3.2203,-0.5192
BiancaGolden_CircleTurns,122.3105,-52.6036,146.4039,3.9499,-11.1918,151.3665,-0.8858,0.4244,-0.1877,0.9980,276,30.304453,3.2231,-0.5260
BiancaGolden_CircleTurns,122.3041,-53.3951,146.2484,5.5354,-10.1991,149.9602,-0.8882,0.4177,-0.1913,0.9980,276,30.332382,3.2230,-0.5340
BiancaGolden_CircleTurns,122.1313,-54.2164,146.0017,5.5981,-9.5551,149.5984,-0.9022,0.3803,-0.2033,0.9980,277,30.360207,3.2213,-0.5422
BiancaGolden_CircleTurns,122.0584,-54.9437,145.7982,5.6048,-10.0058,149.8662,-0.9048,0.3548,-0.2354,0.9980,277,30.387974,3.2206,-0.5494
BiancaGolden_CircleTurns,122.0297,-55.6088,145.5157,6.4843,-11.4094,150.3803,-0.9000,0.3309,-0.2836,0.9980,278,30.415890,3.2203,-0.5561
BiancaGolden_CircleTurns,122.0163,-56.2912,145.2349,6.9345,-13.3512,150.7648,-0.8583,0.2953,-0.4198,0.9980,278,30.443913,3.2202,-0.5629
BiancaGolden_CircleTurns,121.9726,-56.8830,145.1293,7.3225,-14.9087,151.6826,-0.8322,0.2616,-0.4889,0.9980,279,30.472000,3.2197,-0.5688
BiancaGolden_CircleTurns,121.8789,-57.3628,145.1698,7.0102,-15.4661,152.7310,-0.8379,0.2474,-0.4866,0.9980,279,30.500135,3.2188,-0.5736
BiancaGolden_CircleTurns,121.8788,-57.7247,145.1822,6.6310,-15.3777,153.6442,-0.8401,0.2578,-0.4772,0.9980,280,30.527512,3.2188,-0.5772
BiancaGolden_CircleTurns,121.9600,-58.0840,145.0822,6.2941,-15.4311,154.3973,-0.8452,0.2663,-0.4634,0.9980,280,30.556248,3.2196,-0.5808
BiancaGolden_CircleTurns,122.1083,-58.3323,145.0067,5.7600,-15.5693,155.0190,-0.8445,0.2619,-0.4671,0.9980,281,30.584084,3.2211,-0.5833
BiancaGolden_CircleTurns,122.3140,-58.4835,144.9729,4.8977,-15.9077,155.3299,-0.8408,0.2681,-0.4704,0.9980,281,30.611708,3.2231,-0.5848
BiancaGolden_CircleTurns,122.5163,-58.5534,144.9202,3.2927,-16.4954,155.2295,-0.8342,0.2885,-0.4699,0.9980,282,30.639332,3.2252,-0.5855
BiancaGolden_CircleTurns,122.6352,-58.5282,144.9344,2.1370,-17.0546,155.0485,-0.8323,0.2851,-0.4754,0.9980,282,30.667439,3.2264,-0.5853
BiancaGolden_CircleTurns,122.7289,-58.5713,144.8866,1.2409,-17.4993,155.0285,-0.8297,0.2793,-0.4833,0.9980,283,30.695152,3.2273,-0.5857
BiancaGolden_CircleTurns,122.7613,-58.6529,144.8696,0.7080,-18.0609,155.1811,-0.7835,0.2498,-0.5689,0.9980,283,30.723303,3.2276,-0.5865
BiancaGolden_CircleTurns,122.7212,-58.6723,144.8778,0.7050,-18.3086,155.2348,-0.7623,0.2445,-0.5992,0.9980,284,30.751245,3.2272,-0.5867
BiancaGolden_CircleTurns,122.7401,-58.7084,144.8259,1.0815,-18.4033,154.9688,-0.7539,0.2518,-0.6068,0.9980,284,30.778952,3.2274,-0.5871
BiancaGolden_CircleTurns,122.5554,-58.7217,144.6162,1.4661,-18.6172,154.5858,-0.7514,0.2601,-0.6064,0.9980,285,30.806999,3.2256,-0.5872
BiancaGolden_CircleTurns,122.4530,-58.7510,144.3493,2.1303,-19.0669,154.2138,-0.7399,0.2580,-0.6213,0.9980,285,30.834839,3.2245,-0.5875
BiancaGolden_CircleTurns,122.3755,-58.8138,143.9750,2.5229,-20.0630,154.0349,-0.7299,0.2451,-0.6381,0.9980,286,30.862604,3.2238,-0.5881
BiancaGolden_CircleTurns,122.2793,-58.8677,143.5526,2.6998,-21.4723,154.0588,-0.7201,0.2338,-0.6533,0.9980,286,30.890736,3.2228,-0.5887
BiancaGolden_CircleTurns,122.2254,-58.8906,143.1055,2.8400,-23.1473,154.1799,-0.7138,0.2313,-0.6610,0.9980,287,30.918280,3.2223,-0.5889
BiancaGolden_CircleTurns,122.1717,-58.8959,142.7674,2.7760,-24.2176,154.1770,-0.7236,0.2353,-0.6489,0.9980,287,30.946480,3.2217,-0.5890
BiancaGolden_CircleTurns,122.0756,-58.9383,142.5942,2.5061,-24.5216,154.0774,-0.7228,0.2461,-0.6457,0.9980,288,30.974062,3.2208,-0.5894
BiancaGolden_CircleTurns,122.0476,-58.9498,142.4234,2.5512,-24.6175,153.8248,-0.7228,0.2556,-0.6420,0.9980,288,31.001904,3.2205,-0.5895
BiancaGolden_CircleTurns,122.0089,-58.9660,142.2246,3.1181,-24.9590,153.6705,-0.6694,0.2443,-0.7016,0.9980,289,31.029747,3.2201,-0.5897
BiancaGolden_CircleTurns,121.9553,-59.0481,142.0487,3.5062,-25.5296,153.6684,-0.6125,0.2204,-0.7591,0.9980,289,31.060589,3.2196,-0.5905
BiancaGolden_CircleTurns,121.8658,-59.1084,141.9124,3.9752,-25.9424,154.0012,-0.6114,0.2167,-0.7611,0.9980,290,31.085518,3.2187,-0.5911
BiancaGolden_CircleTurns,121.7282,-59.1889,141.7698,4.0711,-26.1007,154.4058,-0.6126,0.2212,-0.7588,0.9980,290,31.112392,3.2173,-0.5919
BiancaGolden_CircleTurns,121.6570,-59.3150,141.6262,4.3214,-26.5489,154.7550,-0.6088,0.2152,-0.7636,0.9980,291,31.140160,3.2166,-0.5931
BiancaGolden_CircleTurns,121.5945,-59.5095,141.5793,4.5386,-27.2607,155.1855,-0.6070,0.2165,-0.7646,0.9980,291,31.168350,3.2159,-0.5951
BiancaGolden_CircleTurns,121.5364,-59.7446,141.6305,4.9138,-27.7987,155.7387,-0.6105,0.2149,-0.7623,0.9980,292,31.195826,3.2154,-0.5974
BiancaGolden_CircleTurns,121.4740,-60.0689,141.7158,5.7397,-27.7007,156.4874,-0.6206,0.2129,-0.7547,0.9980,292,31.224190,3.2147,-0.6007
BiancaGolden_CircleTurns,121.5284,-60.6869,141.6492,5.4068,-27.1940,156.7957,-0.6308,0.2195,-0.7442,0.9980,293,31.251738,3.2153,-0.6069
BiancaGolden_CircleTurns,121.5794,-61.4156,141.6117,5.2131,-26.7456,156.7231,-0.6330,0.2332,-0.7382,0.9980,293,31.279713,3.2158,-0.6142
BiancaGolden_CircleTurns,121.5371,-62.2316,141.5072,5.6500,-26.1311,156.7271,-0.6387,0.2451,-0.7294,0.9980,294,31.307791,3.2154,-0.6223
BiancaGolden_CircleTurns,121.3750,-63.0949,141.3468,5.9736,-25.3901,157.1357,-0.6483,0.2462,-0.7205,0.9980,294,31.335995,3.2137,-0.6309
BiancaGolden_CircleTurns,121.1243,-64.0129,141.1339,6.1704,-24.4955,157.7066,-0.6497,0.2435,-0.7201,0.9980,295,31.364069,3.2112,-0.6401
BiancaGolden_CircleTurns,120.9781,-65.0226,140.9977,6.1437,-23.9527,158.3069,-0.6527,0.2452,-0.7168,0.9980,295,31.391441,3.2098,-0.6502
BiancaGolden_CircleTurns,120.9645,-66.0705,141.1551,6.1583,-23.0488,159.3401,-0.6803,0.2373,-0.6934,0.9980,296,31.418831,3.2096,-0.6607
BiancaGolden_CircleTurns,121.0314,-66.9852,141.9390,5.8414,-20.9998,160.8195,-0.7396,0.2479,-0.6257,0.9980,296,31.447172,3.2103,-0.6699
BiancaGolden_CircleTurns,120.7553,-67.5229,142.6418,5.6979,-16.0479,161.6602,-0.8688,0.2860,-0.4042,0.9980,297,31.474874,3.2076,-0.6752
BiancaGolden_CircleTurns,120.5829,-67.9162,142.9678,6.9646,-11.1680,162.1567,-0.9254,0.3184,-0.2057,0.9980,297,31.502731,3.2058,-0.6792
BiancaGolden_CircleTurns,120.4146,-68.2073,143.0624,7.7491,-8.2367,161.9536,-0.9303,0.3426,-0.1313,0.9980,298,31.530226,3.2041,-0.6821
BiancaGolden_CircleTurns,120.2811,-68.3670,142.9540,8.0708,-7.3447,161.1308,-0.9095,0.3999,-0.1137,0.9980,298,31.558115,3.2028,-0.6837
BiancaGolden_CircleTurns,120.1066,-68.4553,142.6533,8.4255,-8.0880,160.0891,-0.8924,0.4133,-0.1812,0.9980,299,31.586119,3.2011,-0.6846
BiancaGolden_CircleTurns,119.8459,-68.4760,142.3636,9.3771,-9.6641,159.3881,-0.8756,0.4163,-0.2449,0.9980,299,31.614100,3.1985,-0.6848
BiancaGolden_CircleTurns,119.5371,-68.5228,142.1523,10.0265,-10.9001,158.9968,-0.8726,0.4055,-0.2723,0.9980,300,31.641960,3.1954,-0.6852
BiancaGolden_CircleTurns,119.2888,-68.5464,141.9267,9.9701,-11.9574,158.6904,-0.8737,0.4032,-0.2721,0.9980,300,31.670071,3.1929,-0.6855
BiancaGolden_CircleTurns,119.0339,-68.4708,141.6817,10.3418,-12.4750,158.5777,-0.8739,0.4031,-0.2717,0.9980,301,31.697807,3.1903,-0.6847
BiancaGolden_CircleTurns,118.8093,-68.4822,141.4841,10.2662,-12.7442,158.5118,-0.8784,0.3982,-0.2642,0.9980,301,31.725637,3.1881,-0.6848
BiancaGolden_CircleTurns,118.6647,-68.5524,141.2917,9.6364,-13.0673,158.4177,-0.8769,0.4010,-0.2652,0.9980,302,31.753368,3.1866,-0.6855
BiancaGolden_CircleTurns,118.5868,-68.6082,141.0641,9.3662,-13.4902,158.2345,-0.8765,0.3995,-0.2686,0.9980,302,31.781942,3.1859,-0.6861
BiancaGolden_CircleTurns,118.5805,-68.7204,140.9336,9.2201,-14.0172,157.9697,-0.8745,0.4012,-0.2727,0.9980,303,31.809183,3.1858,-0.6872
BiancaGolden_CircleTurns,118.5787,-68.8071,140.9255,9.2560,-14.3293,157.7107,-0.8767,0.4027,-0.2630,0.9980,303,31.837511,3.1858,-0.6881
BiancaGolden_CircleTurns,118.6278,-68.8323,140.9934,9.8147,-14.2290,157.4665,-0.8748,0.4109,-0.2565,0.9980,304,31.864328,3.1863,-0.6883
BiancaGolden_CircleTurns,118.7164,-68.8913,141.0566,10.3112,-14.0411,157.3388,-0.8788,0.4103,-0.2436,0.9980,304,31.895264,3.1872,-0.6889
BiancaGolden_CircleTurns,118.8265,-68.9738,141.1247,10.5074,-13.9516,157.3514,-0.8795,0.4072,-0.2461,0.9980,305,31.919836,3.1883,-0.6897
BiancaGolden_CircleTurns,118.9703,-69.0418,141.2459,10.4485,-13.9464,157.4563,-0.8827,0.3971,-0.2514,0.9980,305,31.947020,3.1897,-0.6904
BiancaGolden_CircleTurns,119.1419,-69.0529,141.3361,10.4776,-13.8714,157.5837,-0.8834,0.3946,-0.2526,0.9980,306,31.975124,3.1914,-0.6905
BiancaGolden_CircleTurns,119.3208,-69.0511,141.4035,10.5673,-13.8840,157.7657,-0.8824,0.3929,-0.2589,0.9980,306,32.003136,3.1932,-0.6905
BiancaGolden_CircleTurns,119.4919,-69.0133,141.4689,10.5576,-13.9874,157.9241,-0.8837,0.3912,-0.2572,0.9980,307,32.030674,3.1949,-0.6901
BiancaGolden_CircleTurns,119.6166,-68.9183,141.5289,10.7149,-13.8904,158.0499,-0.8841,0.3882,-0.2601,0.9980,307,32.059395,3.1962,-0.6892
BiancaGolden_CircleTurns,119.7059,-68.8077,141.5385,11.4731,-13.8564,158.3214,-0.8809,0.3875,-0.2717,0.9980,308,32.086670,3.1971,-0.6881
BiancaGolden_CircleTurns,119.7957,-68.6801,141.4050,12.3710,-14.4991,158.6505,-0.8751,0.3822,-0.2969,0.9980,308,32.114811,3.1980,-0.6868
BiancaGolden_CircleTurns,119.8972,-68.4999,141.2033,12.9234,-15.8389,158.7623,-0.8664,0.3882,-0.3141,0.9980,309,32.142761,3.1990,-0.6850
BiancaGolden_CircleTurns,119.9308,-68.3697,141.0237,12.3999,-16.9699,158.3694,-0.8659,0.3898,-0.3133,0.9980,309,32.171211,3.1993,-0.6837
BiancaGolden_CircleTurns,119.7953,-68.2909,140.9032,11.7289,-17.4446,158.1868,-0.8675,0.3877,-0.3118,0.9980,310,32.198814,3.1980,-0.6829
BiancaGolden_CircleTurns,119.6145,-68.2523,140.7391,11.1846,-17.6314,158.3380,-0.8740,0.3838,-0.2981,0.9980,310,32.226852,3.1961,-0.6825
BiancaGolden_CircleTurns,119.3785,-68.1634,140.6144,10.9976,-17.5280,158.6076,-0.8756,0.3853,-0.2914,0.9980,311,32.254784,3.1938,-0.6816
BiancaGolden_CircleTurns,119.1700,-68.0834,140.4518,11.1796,-17.4037,158.8060,-0.8789,0.3830,-0.2842,0.9980,311,32.283440,3.1917,-0.6808
BiancaGolden_CircleTurns,119.0405,-68.0445,140.1893,11.3385,-17.8063,158.8791,-0.8755,0.3820,-0.2959,0.9980,312,32.310093,3.1904,-0.6804
BiancaGolden_CircleTurns,118.9116,-68.0034,139.9590,11.5864,-18.5181,158.9347,-0.8732,0.3825,-0.3021,0.9980,312,32.337978,3.1891,-0.6800
BiancaGolden_CircleTurns,118.7634,-67.9602,139.7290,11.9324,-19.0205,158.9948,-0.8722,0.3799,-0.3082,0.9980,313,32.365810,3.1876,-0.6796
BiancaGolden_CircleTurns,118.6721,-67.9265,139.4710,12.1514,-19.3966,159.1127,-0.8756,0.3814,-0.2966,0.9980,313,32.394253,3.1867,-0.6793
BiancaGolden_CircleTurns,118.5278,-67.8847,139.2574,12.3117,-19.5191,159.2642,-0.8862,0.3640,-0.2865,0.9980,314,32.421883,3.1853,-0.6788
BiancaGolden_CircleTurns,118.3791,-67.8554,139.0399,12.4207,-19.3918,159.3366,-0.9061,0.3200,-0.2767,0.9980,314,32.449734,3.1838,-0.6786
BiancaGolden_CircleTurns,118.2980,-67.8312,138.7946,12.5443,-19.4380,159.4100,-0.9064,0.3171,-0.2792,0.9980,315,32.477345,3.1830,-0.6783
BiancaGolden_CircleTurns,118.2107,-67.8004,138.6243,12.6997,-19.7006,159.5049,-0.9050,0.3186,-0.2818,0.9980,315,32.505596,3.1821,-0.6780
BiancaGolden_CircleTurns,118.1183,-67.7662,138.5351,12.7672,-19.9437,159.3641,-0.9016,0.3250,-0.2854,0.9980,316,32.533913,3.1812,-0.6777
BiancaGolden_CircleTurns,118.1174,-67.7384,138.4440,13.0106,-20.2127,159.2166,-0.9033,0.3228,-0.2825,0.9980,316,32.561409,3.1812,-0.6774
BiancaGolden_CircleTurns,118.1252,-67.7110,138.4668,13.2723,-20.5524,159.2018,-0.9053,0.3200,-0.2793,0.9980,317,32.589844,3.1813,-0.6771
BiancaGolden_CircleTurns,118.1118,-67.6617,138.5829,13.5205,-20.5757,159.1816,-0.9119,0.3139,-0.2644,0.9980,317,32.616802,3.1811,-0.6766
BiancaGolden_CircleTurns,118.1000,-67.6289,138.5726,13.6269,-20.3751,159.2262,-0.9149,0.3124,-0.2556,0.9980,318,32.644150,3.1810,-0.6763
BiancaGolden_CircleTurns,118.1873,-67.5977,138.7780,13.3585,-19.9696,159.3671,-0.9149,0.3134,-0.2543,0.9980,318,32.672100,3.1819,-0.6760
BiancaGolden_CircleTurns,118.2303,-67.5711,138.9103,13.2018,-19.5996,159.5589,-0.9153,0.3169,-0.2485,0.9980,319,32.700089,3.1823,-0.6757
BiancaGolden_CircleTurns,118.3065,-67.5567,138.9685,12.9159,-19.3268,159.7039,-0.9149,0.3138,-0.2541,0.9980,319,32.731129,3.1831,-0.6756
BiancaGolden_CircleTurns,118.3751,-67.5505,139.0003,12.6838,-19.1688,159.8084,-0.9158,0.3132,-0.2513,0.9980,320,32.756096,3.1838,-0.6755
BiancaGolden_CircleTurns,118.4121,-67.5600,138.9874,12.5394,-19.0070,159.8742,-0.9117,0.3628,-0.1928,0.9980,320,32.782921,3.1841,-0.6756
BiancaGolden_CircleTurns,118.4301,-67.5683,138.9224,12.4637,-18.9752,159.9190,-0.9185,0.3676,-0.1458,0.9980,321,32.810780,3.1843,-0.6757
BiancaGolden_CircleTurns,118.4372,-67.5636,138.9246,12.5313,-19.0644,159.8626,-0.9187,0.3684,-0.1424,0.9980,321,32.839020,3.1844,-0.6756
BiancaGolden_CircleTurns,118.4248,-67.5660,138.8722,12.5812,-19.0681,159.8628,-0.9188,0.3679,-0.1430,0.9980,322,32.853767,3.1842,-0.6757
BiancaGolden_CircleTurns,118.3793,-67.5673,138.8354,12.6663,-19.1035,159.8785,-0.9183,0.3680,-0.1461,0.9980,322,32.867126,3.1838,-0.6757
BiancaGolden_CircleTurns,118.3261,-67.5662,138.8137,12.7512,-19.1220,159.8885,-0.9185,0.3675,-0.1462,0.9980,323,32.881184,3.1833,-0.6757
BiancaGolden_CircleTurns,118.2739,-67.5591,138.7979,12.8580,-19.1295,159.8972,-0.9183,0.3674,-0.1476,0.9980,323,32.896103,3.1827,-0.6756
BiancaGolden_CircleTurns,118.2125,-67.5418,138.7858,12.9700,-19.2134,159.8821,-0.9177,0.3678,-0.1503,0.9980,324,32.910030,3.1821,-0.6754
BiancaGolden_CircleTurns,118.2011,-67.5435,138.7756,13.1089,-19.3633,159.8575,-0.9172,0.3677,-0.1535,0.9980,324,32.924664,3.1820,-0.6754
BiancaGolden_CircleTurns,118.1872,-67.5403,138.7621,13.2783,-19.5218,159.8258,-0.9170,0.3672,-0.1558,0.9980,325,32.938118,3.1819,-0.6754
BiancaGolden_CircleTurns,118.1855,-67.5337,138.7696,13.3995,-19.6569,159.8283,-0.9177,0.3638,-0.1593,0.9980,325,32.952454,3.1819,-0.6753
BiancaGolden_CircleTurns,118.1930,-67.5202,138.7959,13.4863,-19.7382,159.8879,-0.9178,0.3640,-0.1587,0.9980,326,32.966461,3.1819,-0.6752
BiancaGolden_CircleTurns,118.1985,-67.5147,138.8357,13.3947,-19.7678,159.8898,-0.9187,0.3616,-0.1592,0.9980,326,32.980415,3.1820,-0.6751
BiancaGolden_CircleTurns,118.2127,-67.5055,138.8935,13.2497,-19.7557,159.9100,-0.9199,0.3602,-0.1550,0.9980,327,32.994347,3.1821,-0.6751
BiancaGolden_CircleTurns,118.2349,-67.4900,138.9517,13.1918,-19.7316,159.9645,-0.9202,0.3600,-0.1539,0.9980,327,33.008335,3.1823,-0.6749
BiancaGolden_CircleTurns,118.3126,-67.4490,139.0587,13.0772,-19.6610,160.0055,-0.9204,0.3598,-0.1528,0.9980,328,33.022114,3.1831,-0.6745
BiancaGolden_CircleTurns,118.3453,-67.4257,139.1222,12.9092,-19.5931,160.0531,-0.9190,0.3637,-0.1521,0.9980,328,33.036182,3.1835,-0.6743
BiancaGolden_CircleTurns,118.3586,-67.4066,139.1869,12.7731,-19.4359,160.1169,-0.9192,0.3636,-0.1511,0.9980,328,33.049648,3.1836,-0.6741
BiancaGolden_CircleTurns,118.3720,-67.3729,139.2406,12.6705,-19.2678,160.1730,-0.9218,0.3576,-0.1497,0.9980,329,33.063900,3.1837,-0.6737
BiancaGolden_CircleTurns,118.3866,-67.3442,139.2749,12.5422,-19.0643,160.2496,-0.9222,0.3573,-0.1481,0.9980,329,33.077568,3.1839,-0.6734
BiancaGolden_CircleTurns,118.3903,-67.2971,139.2978,12.4354,-18.8867,160.3122,-0.9221,0.3574,-0.1486,0.9980,330,33.092255,3.1839,-0.6730
BiancaGolden_CircleTurns,118.4015,-67.2522,139.3058,12.3504,-18.7480,160.3647,-0.9223,0.3577,-0.1466,0.9980,330,33.105423,3.1840,-0.6725
BiancaGolden_CircleTurns,118.4042,-67.2135,139.3089,12.2645,-18.6305,160.3674,-0.9222,0.3582,-0.1456,0.9980,330,33.119759,3.1840,-0.6721
BiancaGolden_CircleTurns,118.4057,-67.1699,139.3044,12.1727,-18.5719,160.3564,-0.9220,0.3589,-0.1454,0.9980,331,33.133530,3.1841,-0.6717
BiancaGolden_CircleTurns,118.3936,-67.1320,139.2920,12.1258,-18.5581,160.3239,-0.9217,0.3594,-0.1459,0.9980,331,33.146301,3.1839,-0.6713
BiancaGolden_CircleTurns,118.3839,-67.0901,139.2692,12.1401,-18.5868,160.2887,-0.9186,0.3642,-0.1533,0.9980,332,33.161488,3.1838,-0.6709
BiancaGolden_CircleTurns,118.3792,-67.0608,139.2314,12.1540,-18.6424,160.2732,-0.9186,0.3621,-0.1585,0.9980,332,33.175159,3.1838,-0.6706
BiancaGolden_CircleTurns,118.3657,-67.0289,139.1925,12.2168,-18.7309,160.2371,-0.9160,0.3634,-0.1703,0.9980,333,33.189816,3.1837,-0.6703
BiancaGolden_CircleTurns,118.3447,-66.9964,139.1747,12.2363,-18.7675,160.2530,-0.9161,0.3621,-0.1720,0.9980,333,33.202850,3.1834,-0.6700
BiancaGolden_CircleTurns,118.2921,-66.9537,139.1758,12.3806,-18.8745,160.2992,-0.9165,0.3605,-0.1734,0.9980,333,33.220314,3.1829,-0.6695
BiancaGolden_CircleTurns,118.2434,-66.9078,139.1784,12.4975,-18.9086,160.3884,-0.9183,0.3559,-0.1735,0.9980,334,33.230927,3.1824,-0.6691
BiancaGolden_CircleTurns,118.1994,-66.8613,139.1595,12.5742,-18.9174,160.4540,-0.9166,0.3599,-0.1739,0.9980,334,33.243473,3.1820,-0.6686
BiancaGolden_CircleTurns,118.1782,-66.8044,139.1288,12.5973,-18.9338,160.4989,-0.9159,0.3629,-0.1718,0.9980,335,33.258450,3.1818,-0.6680
BiancaGolden_CircleTurns,118.1621,-66.7304,139.1034,12.5136,-18.9675,160.4974,-0.9153,0.3637,-0.1730,0.9980,335,33.271549,3.1816,-0.6673
BiancaGolden_CircleTurns,118.1274,-66.6525,139.1100,12.4788,-19.0354,160.4430,-0.9121,0.3695,-0.1775,0.9980,335,33.285194,3.1813,-0.6665
BiancaGolden_CircleTurns,118.1107,-66.5682,139.1301,12.4986,-19.1140,160.4127,-0.9115,0.3702,-0.1792,0.9980,336,33.298962,3.1811,-0.6657
BiancaGolden_CircleTurns,118.1165,-66.4813,139.1482,12.4922,-19.2090,160.3710,-0.9105,0.3693,-0.1861,0.9980,336,33.311081,3.1812,-0.6648
BiancaGolden_CircleTurns,118.1468,-66.3884,139.1442,12.4252,-19.3231,160.2956,-0.9101,0.3690,-0.1887,0.9980,337,33.325714,3.1815,-0.6639
BiancaGolden_CircleTurns,118.1819,-66.2763,139.1601,12.2525,-19.4391,160.2161,-0.9094,0.3698,-0.1905,0.9980,337,33.338840,3.1818,-0.6628
BiancaGolden_CircleTurns,118.1982,-66.1388,139.2465,12.1210,-19.5490,160.1459,-0.9091,0.3702,-0.1907,0.9980,337,33.353134,3.1820,-0.6614
BiancaGolden_CircleTurns,118.2225,-65.9712,139.3594,11.9572,-19.5546,160.1435,-0.9087,0.3723,-0.1887,0.9980,338,33.366642,3.1822,-0.6597
BiancaGolden_CircleTurns,118.2376,-65.7613,139.4363,11.4311,-19.2758,160.0363,-0.9079,0.3760,-0.1851,0.9980,339,33.392769,3.1824,-0.6576
BiancaGolden_CircleTurns,118.2945,-65.3723,139.5804,10.7156,-19.0228,159.9211,-0.9066,0.3810,-0.1814,0.9980,339,33.407658,3.1829,-0.6537
BiancaGolden_CircleTurns,118.3793,-64.9081,139.7329,9.9794,-18.7921,159.7817,-0.8999,0.3951,-0.1846,0.9980,340,33.421082,3.1838,-0.6491
BiancaGolden_CircleTurns,118.4332,-64.5981,139.7804,9.2877,-18.6196,159.6578,-0.8996,0.3953,-0.1859,0.9980,340,33.435429,3.1843,-0.6460
BiancaGolden_CircleTurns,118.4561,-64.5232,139.7449,8.9672,-18.6754,159.6864,-0.8923,0.4002,-0.2088,0.9980,340,33.448345,3.1846,-0.6452
BiancaGolden_CircleTurns,118.5095,-64.2050,139.7739,8.1613,-18.6804,159.6702,-0.8855,0.4080,-0.2224,0.9980,341,33.462551,3.1851,-0.6420
BiancaGolden_CircleTurns,118.5704,-63.8423,139.8075,7.2885,-18.7393,159.5905,-0.8798,0.4169,-0.2285,0.9980,341,33.475807,3.1857,-0.6384
BiancaGolden_CircleTurns,118.6710,-63.4341,139.8034,6.3678,-18.8816,159.5400,-0.8751,0.4243,-0.2327,0.9980,342,33.490185,3.1867,-0.6343
BiancaGolden_CircleTurns,118.7615,-63.0002,139.7765,5.4904,-19.0944,159.4857,-0.8709,0.4293,-0.2392,0.9980,342,33.503700,3.1876,-0.6300
BiancaGolden_CircleTurns,118.8665,-62.5346,139.7101,4.5339,-19.4272,159.5041,-0.8662,0.4354,-0.2451,0.9980,342,33.518013,3.1887,-0.6253
BiancaGolden_CircleTurns,118.9517,-62.0690,139.6073,3.7284,-19.7588,159.5174,-0.8650,0.4349,-0.2502,0.9980,343,33.531921,3.1895,-0.6207
BiancaGolden_CircleTurns,119.0426,-61.5630,139.4832,3.2491,-20.0104,159.5693,-0.8596,0.4440,-0.2529,0.9980,343,33.544987,3.1904,-0.6156
BiancaGolden_CircleTurns,119.1081,-61.0027,139.3816,2.9905,-20.1870,159.4768,-0.8539,0.4496,-0.2621,0.9980,344,33.560246,3.1911,-0.6100
BiancaGolden_CircleTurns,119.1773,-60.3659,139.3252,2.7701,-20.2926,159.1494,-0.8483,0.4588,-0.2642,0.9980,344,33.573986,3.1918,-0.6037
BiancaGolden_CircleTurns,119.2722,-59.7508,139.2250,2.3256,-20.3667,158.6147,-0.8445,0.4688,-0.2588,0.9980,345,33.588966,3.1927,-0.5975
BiancaGolden_CircleTurns,119.3921,-59.1293,139.0466,1.6878,-20.4976,157.9546,-0.8384,0.4763,-0.2652,0.9980,345,33.602562,3.1939,-0.5913
BiancaGolden_CircleTurns,119.5696,-58.5029,138.8964,1.1136,-20.8138,157.4552,-0.8367,0.4763,-0.2702,0.9980,345,33.617241,3.1957,-0.5850
BiancaGolden_CircleTurns,119.7418,-57.8867,138.7741,0.5431,-21.1832,157.0213,-0.8321,0.4802,-0.2775,0.9980,346,33.630451,3.1974,-0.5789
BiancaGolden_CircleTurns,119.9254,-57.2567,138.6520,-0.2027,-21.6464,156.5942,-0.8266,0.4841,-0.2870,0.9980,346,33.643890,3.1993,-0.5726
BiancaGolden_CircleTurns,120.1205,-56.6287,138.5243,-1.1436,-22.1090,156.0862,-0.8264,0.4809,-0.2928,0.9980,347,33.659184,3.2012,-0.5663
BiancaGolden_CircleTurns,120.3382,-55.9446,138.3987,-2.1535,-22.5039,155.6726,-0.8272,0.4753,-0.2996,0.9980,347,33.672649,3.2034,-0.5594
BiancaGolden_CircleTurns,120.5473,-55.2863,138.2534,-3.1990,-22.8313,155.2171,-0.8305,0.4753,-0.2905,0.9980,347,33.687012,3.2055,-0.5529
BiancaGolden_CircleTurns,120.7486,-54.6087,138.0982,-4.4434,-23.0588,154.7409,-0.8231,0.4837,-0.2976,0.9980,348,33.700748,3.2075,-0.5461
BiancaGolden_CircleTurns,120.9933,-53.9181,137.9300,-5.7345,-23.3713,154.2561,-0.8235,0.4836,-0.2965,0.9980,348,33.717449,3.2099,-0.5392
BiancaGolden_CircleTurns,121.3055,-53.1914,137.7215,-7.1528,-23.8404,153.7443,-0.8144,0.4914,-0.3087,0.9980,349,33.729809,3.2131,-0.5319
BiancaGolden_CircleTurns,121.6771,-52.4675,137.4691,-8.5263,-24.4794,153.2449,-0.7924,0.5072,-0.3389,0.9980,349,33.742031,3.2168,-0.5247
BiancaGolden_CircleTurns,122.0671,-51.7613,137.1763,-10.0877,-25.1794,152.7902,-0.7846,0.5103,-0.3521,0.9980,350,33.756607,3.2207,-0.5176
BiancaGolden_CircleTurns,122.4540,-51.0817,136.8697,-11.9092,-25.8291,152.5777,-0.7785,0.5103,-0.3654,0.9980,350,33.769447,3.2245,-0.5108
BiancaGolden_CircleTurns,122.7599,-50.4139,136.5545,-14.1991,-26.4425,152.6150,-0.7815,0.4997,-0.3735,0.9980,350,33.783390,3.2276,-0.5041
BiancaGolden_CircleTurns,123.0457,-49.7379,136.2917,-16.7909,-26.9314,153.0138,-0.7870,0.4917,-0.3726,0.9980,351,33.797005,3.2305,-0.4974
BiancaGolden_CircleTurns,123.3442,-49.0660,135.9795,-19.2895,-27.2107,153.5793,-0.8078,0.4684,-0.3579,0.9980,351,33.810349,3.2334,-0.4907
BiancaGolden_CircleTurns,123.6307,-48.3900,135.6375,-21.8105,-27.2522,154.3729,-0.8254,0.4547,-0.3346,0.9980,352,33.826149,3.2363,-0.4839
BiancaGolden_CircleTurns,123.9349,-47.7290,135.2936,-24.3170,-27.0269,155.4742,-0.8439,0.4415,-0.3048,0.9980,352,33.839119,3.2393,-0.4773
BiancaGolden_CircleTurns,124.2481,-47.1255,134.9459,-26.8990,-26.7360,156.4931,-0.8626,0.4149,-0.2893,0.9980,352,33.853565,3.2425,-0.4713
BiancaGolden_CircleTurns,124.5547,-46.5998,134.5925,-29.7102,-26.3574,157.5030,-0.8679,0.4078,-0.2837,0.9980,353,33.867310,3.2455,-0.4660
BiancaGolden_CircleTurns,124.8611,-46.1513,134.2467,-32.5413,-25.8687,158.5006,-0.8819,0.3986,-0.2519,0.9980,353,33.881035,3.2486,-0.4615
BiancaGolden_CircleTurns,125.1674,-45.6857,133.9054,-35.1538,-25.2716,159.2802,-0.8987,0.3822,-0.2152,0.9980,354,33.895668,3.2517,-0.4569
BiancaGolden_CircleTurns,125.5000,-45.2072,133.5583,-37.4572,-24.7264,159.8772,-0.9067,0.3792,-0.1847,0.9980,354,33.909241,3.2550,-0.4521
BiancaGolden_CircleTurns,125.7971,-44.7995,133.2313,-39.7568,-24.1719,160.2794,-0.9120,0.3757,-0.1647,0.9980,355,33.924374,3.2580,-0.4480
BiancaGolden_CircleTurns,126.0855,-44.4697,132.9316,-41.7538,-23.5814,160.5815,-0.9128,0.3774,-0.1560,0.9980,355,33.937847,3.2609,-0.4447
BiancaGolden_CircleTurns,126.3744,-44.1317,132.6327,-43.6147,-22.9783,160.9600,-0.9149,0.3782,-0.1412,0.9980,355,33.952465,3.2637,-0.4413
BiancaGolden_CircleTurns,126.6621,-43.8205,132.3219,-45.5139,-22.3896,161.2205,-0.9178,0.3764,-0.1265,0.9980,356,33.965538,3.2666,-0.4382
BiancaGolden_CircleTurns,126.9419,-43.5401,131.9963,-47.7866,-21.9460,161.4019,-0.9187,0.3766,-0.1187,0.9980,356,33.978436,3.2694,-0.4354
BiancaGolden_CircleTurns,127.2167,-43.3159,131.7125,-50.1529,-21.6080,161.5252,-0.9204,0.3745,-0.1125,0.9980,357,33.994045,3.2722,-0.4332
BiancaGolden_CircleTurns,127.5464,-43.1403,131.4228,-52.4843,-21.3775,161.6972,-0.9246,0.3640,-0.1122,0.9980,357,34.007145,3.2755,-0.4314
BiancaGolden_CircleTurns,127.8367,-43.0078,131.1199,-54.5584,-21.2138,161.8611,-0.9256,0.3615,-0.1119,0.9980,358,34.021843,3.2784,-0.4301
BiancaGolden_CircleTurns,128.0363,-42.8041,130.8636,-56.5362,-21.1336,161.9326,-0.9244,0.3662,-0.1071,0.9980,358,34.034599,3.2804,-0.4280
BiancaGolden_CircleTurns,128.2395,-42.5694,130.6146,-57.9504,-20.7975,161.9898,-0.9243,0.3673,-0.1034,0.9980,358,34.048687,3.2824,-0.4257
BiancaGolden_CircleTurns,128.4255,-42.3900,130.4439,-58.9334,-20.3819,161.9866,-0.9356,0.3394,-0.0970,0.9980,359,34.062737,3.2843,-0.4239
BiancaGolden_CircleTurns,128.6769,-42.2585,130.2289,-60.0042,-20.0615,162.1236,-0.9378,0.3324,-0.1001,0.9980,359,34.075455,3.2868,-0.4226
BiancaGolden_CircleTurns,128.8932,-42.1543,130.0265,-60.7171,-19.9534,162.3033,-0.9416,0.3194,-0.1067,0.9980,360,34.090862,3.2889,-0.4215
BiancaGolden_CircleTurns,129.0787,-42.0597,129.8463,-60.8572,-19.8963,162.5061,-0.9454,0.3047,-0.1155,0.9980,360,34.104774,3.2908,-0.4206
BiancaGolden_CircleTurns,129.2753,-41.9486,129.6820,-60.8894,-19.7794,162.7946,-0.9466,0.3009,-0.1160,0.9980,360,34.118797,3.2928,-0.4195
BiancaGolden_CircleTurns,129.5022,-41.9001,129.5450,-61.0145,-19.8077,163.0533,-0.9497,0.2882,-0.1227,0.9980,361,34.132172,3.2950,-0.4190
BiancaGolden_CircleTurns,129.7414,-41.8768,129.4233,-61.3931,-19.9552,163.3592,-0.9518,0.2767,-0.1326,0.9980,361,34.145340,3.2974,-0.4188
BiancaGolden_CircleTurns,129.9630,-41.8380,129.3519,-61.7784,-20.2562,163.5975,-0.9536,0.2690,-0.1355,0.9980,362,34.160568,3.2996,-0.4184
BiancaGolden_CircleTurns,130.1698,-41.7617,129.2754,-62.0332,-20.4243,163.7120,-0.9539,0.2681,-0.1349,0.9980,362,34.174095,3.3017,-0.4176
BiancaGolden_CircleTurns,130.3799,-41.6795,129.2079,-62.2024,-20.4623,163.7544,-0.9532,0.2697,-0.1363,0.9980,363,34.188435,3.3038,-0.4168
BiancaGolden_CircleTurns,130.5940,-41.6263,129.1516,-62.5333,-20.5512,163.7379,-0.9524,0.2713,-0.1393,0.9980,363,34.202812,3.3059,-0.4163
BiancaGolden_CircleTurns,130.8067,-41.5914,129.1557,-62.9671,-20.7245,163.7312,-0.9540,0.2700,-0.1305,0.9980,363,34.220425,3.3081,-0.4159
BiancaGolden_CircleTurns,131.0309,-41.5207,129.1389,-63.1868,-20.7798,163.8223,-0.9549,0.2685,-0.1266,0.9980,364,34.230453,3.3103,-0.4152
BiancaGolden_CircleTurns,131.2510,-41.4551,129.1188,-63.3290,-20.7404,163.9581,-0.9562,0.2661,-0.1222,0.9980,364,34.242550,3.3125,-0.4146
BiancaGolden_CircleTurns,131.4549,-41.4339,129.1218,-63.5611,-20.7226,164.0477,-0.9568,0.2631,-0.1238,0.9980,365,34.257317,3.3145,-0.4143
BiancaGolden_CircleTurns,131.6646,-41.4261,129.1039,-63.9551,-20.7645,164.1581,-0.9564,0.2639,-0.1255,0.9980,365,34.270103,3.3166,-0.4143
BiancaGolden_CircleTurns,131.8611,-41.4209,129.0867,-64.3627,-20.8642,164.2031,-0.9561,0.2641,-0.1271,0.9980,365,34.284569,3.3186,-0.4142
BiancaGolden_CircleTurns,132.0587,-41.3825,129.0792,-64.6826,-20.9519,164.2712,-0.9567,0.2648,-0.1208,0.9980,366,34.297863,3.3206,-0.4138
BiancaGolden_CircleTurns,132.2446,-41.3519,129.0933,-64.7454,-20.9489,164.2242,-0.9555,0.2687,-0.1217,0.9980,366,34.310699,3.3224,-0.4135
BiancaGolden_CircleTurns,132.4296,-41.3293,129.1182,-64.7577,-20.9246,164.1311,-0.9559,0.2698,-0.1162,0.9980,367,34.326019,3.3243,-0.4133
BiancaGolden_CircleTurns,132.5940,-41.3226,129.1260,-64.7167,-20.9155,163.9234,-0.9552,0.2710,-0.1187,0.9980,367,34.339539,3.3259,-0.4132
BiancaGolden_CircleTurns,132.7332,-41.3098,129.1306,-64.5595,-20.9664,163.6107,-0.9537,0.2758,-0.1196,0.9980,368,34.354328,3.3273,-0.4131
BiancaGolden_CircleTurns,132.8532,-41.3004,129.1150,-64.2033,-21.0143,163.2623,-0.9536,0.2781,-0.1157,0.9980,368,34.367546,3.3285,-0.4130
BiancaGolden_CircleTurns,132.9547,-41.3128,129.1083,-63.7111,-21.1268,162.8059,-0.9533,0.2783,-0.1172,0.9980,368,34.382431,3.3295,-0.4131
BiancaGolden_CircleTurns,133.0473,-41.3419,129.0989,-63.2070,-21.3043,162.3958,-0.9531,0.2795,-0.1161,0.9980,369,34.395916,3.3305,-0.4134
BiancaGolden_CircleTurns,133.1217,-41.3836,129.0962,-62.7068,-21.4843,162.0747,-0.9527,0.2796,-0.1192,0.9980,369,34.409164,3.3312,-0.4138
BiancaGolden_CircleTurns,133.1864,-41.4468,129.0914,-62.2727,-21.6744,161.8568,-0.9536,0.2744,-0.1238,0.9980,370,34.425011,3.3319,-0.4145
BiancaGolden_CircleTurns,133.2426,-41.5285,129.0600,-61.9074,-21.8624,161.7149,-0.9530,0.2750,-0.1272,0.9980,370,34.438328,3.3324,-0.4153
BiancaGolden_CircleTurns,133.2663,-41.6282,129.0053,-61.5535,-22.0480,161.5798,-0.9559,0.2656,-0.1253,0.9980,370,34.453064,3.3327,-0.4163
BiancaGolden_CircleTurns,133.2943,-41.7393,128.9530,-61.2356,-22.2253,161.4724,-0.9555,0.2662,-0.1274,0.9980,371,34.466316,3.3329,-0.4174
BiancaGolden_CircleTurns,133.2987,-41.8548,128.9069,-60.9978,-22.3352,161.3683,-0.9565,0.2615,-0.1289,0.9980,371,34.479435,3.3330,-0.4185
BiancaGolden_CircleTurns,133.2940,-41.9796,128.9068,-60.8006,-22.4540,161.2736,-0.9569,0.2595,-0.1302,0.9980,372,34.494774,3.3329,-0.4198
BiancaGolden_CircleTurns,133.2667,-42.1089,128.9444,-60.7706,-22.5263,161.2704,-0.9594,0.2525,-0.1254,0.9980,372,34.508289,3.3327,-0.4211
BiancaGolden_CircleTurns,133.2257,-42.2513,129.0054,-60.6818,-22.5625,161.3864,-0.9612,0.2471,-0.1228,0.9980,373,34.522480,3.3323,-0.4225
BiancaGolden_CircleTurns,133.1703,-42.4142,129.0867,-60.5071,-22.5244,161.6004,-0.9631,0.2399,-0.1221,0.9980,373,34.536007,3.3317,-0.4241
BiancaGolden_CircleTurns,133.1216,-42.6282,129.2250,-60.2225,-22.4671,161.9555,-0.9671,0.2254,-0.1177,0.9980,373,34.550308,3.3312,-0.4263
BiancaGolden_CircleTurns,133.0663,-42.8415,129.3865,-59.8278,-22.4054,162.4006,-0.9692,0.2168,-0.1168,0.9980,374,34.564156,3.3307,-0.4284
BiancaGolden_CircleTurns,132.9754,-43.0869,129.6298,-59.2500,-22.2881,162.7729,-0.9712,0.2084,-0.1154,0.9980,374,34.577343,3.3298,-0.4309
BiancaGolden_CircleTurns,132.8519,-43.3080,129.9069,-58.6242,-22.1589,163.0800,-0.9717,0.2106,-0.1070,0.9980,375,34.592800,3.3285,-0.4331
BiancaGolden_CircleTurns,132.6995,-43.5242,130.2952,-57.8550,-21.9823,163.3384,-0.9738,0.2016,-0.1051,0.9980,375,34.606060,3.3270,-0.4352
BiancaGolden_CircleTurns,132.5523,-43.7817,130.7975,-56.8403,-21.8285,163.5832,-0.9769,0.1865,-0.1043,0.9980,375,34.620419,3.3255,-0.4378
BiancaGolden_CircleTurns,132.4517,-44.1329,131.4221,-55.5101,-21.5943,163.9805,-0.9815,0.1595,-0.1061,0.9980,376,34.633945,3.3245,-0.4413
BiancaGolden_CircleTurns,132.3601,-44.6020,132.2752,-53.8683,-21.3112,164.8400,-0.9858,0.1346,-0.1007,0.9980,376,34.647118,3.3236,-0.4460
BiancaGolden_CircleTurns,132.3005,-45.1902,133.2807,-52.3028,-20.8390,165.8860,-0.9907,0.0982,-0.0946,0.9980,377,34.663025,3.3230,-0.4519
BiancaGolden_CircleTurns,132.2042,-45.8033,134.3707,-49.9899,-19.9774,167.0776,-0.9951,0.0655,-0.0739,0.9980,377,34.676121,3.3220,-0.4580
BiancaGolden_CircleTurns,132.1145,-46.3711,135.4487,-47.0686,-18.6865,168.0185,-0.9975,0.0405,-0.0585,0.9980,378,34.690338,3.3211,-0.4637
BiancaGolden_CircleTurns,132.0116,-46.9759,136.4855,-43.7903,-17.3209,168.6636,-0.9992,0.0231,-0.0331,0.9980,378,34.703690,3.3201,-0.4698
BiancaGolden_CircleTurns,131.9248,-47.6223,137.4877,-40.4009,-15.8890,169.0474,-0.9998,0.0036,-0.0204,0.9980,379,34.721317,3.3192,-0.4762
BiancaGolden_CircleTurns,131.8458,-48.3014,138.4421,-37.2092,-14.6566,169.4643,-0.9998,-0.0134,-0.0128,0.9980,379,34.732117,3.3185,-0.4830
BiancaGolden_CircleTurns,131.7786,-49.1059,139.3359,-33.8879,-13.5709,169.6502,-0.9995,-0.0100,-0.0305,0.9980,379,34.745476,3.3178,-0.4911
BiancaGolden_CircleTurns,131.7364,-49.9415,140.1753,-30.8494,-12.7737,170.0091,-0.9992,-0.0252,-0.0304,0.9980,380,34.759010,3.3174,-0.4994
BiancaGolden_CircleTurns,131.6924,-50.8125,140.9646,-27.9437,-12.2245,170.3404,-0.9986,-0.0405,-0.0345,0.9980,380,34.771378,3.3169,-0.5081
BiancaGolden_CircleTurns,131.6869,-51.7104,141.7025,-25.0391,-11.8957,170.7008,-0.9981,-0.0413,-0.0465,0.9980,380,34.786922,3.3169,-0.5171
BiancaGolden_CircleTurns,131.6625,-52.5979,142.4035,-22.1676,-11.6340,171.0195,-0.9973,-0.0364,-0.0644,0.9980,381,34.800282,3.3166,-0.5260
BiancaGolden_CircleTurns,131.6267,-53.4458,143.0457,-19.3804,-11.5764,171.2303,-0.9969,-0.0233,-0.0752,0.9980,381,34.813328,3.3163,-0.5345
BiancaGolden_CircleTurns,131.5902,-54.2782,143.6273,-16.5748,-11.5952,171.3429,-0.9957,-0.0025,-0.0921,0.9980,382,34.827896,3.3159,-0.5428
BiancaGolden_CircleTurns,131.5514,-55.0761,144.1380,-13.8590,-11.6623,171.3967,-0.9950,-0.0065,-0.0994,0.9980,382,34.841801,3.3155,-0.5508
BiancaGolden_CircleTurns,131.5121,-55.8659,144.5619,-11.3906,-11.7081,171.3545,-0.9940,0.0131,-0.1088,0.9980,383,34.856522,3.3151,-0.5587
BiancaGolden_CircleTurns,131.4631,-56.6063,144.8994,-9.2017,-11.7253,171.1616,-0.9928,0.0394,-0.1133,0.9980,383,34.869701,3.3146,-0.5661
BiancaGolden_CircleTurns,131.4430,-57.2623,145.1088,-8.1117,-11.6840,170.4710,-0.9853,0.1177,-0.1241,0.9980,383,34.884281,3.3144,-0.5726
BiancaGolden_CircleTurns,131.3706,-57.7217,145.3340,-8.2462,-11.5469,169.0257,-0.9761,0.1788,-0.1236,0.9980,384,34.897991,3.3137,-0.5772
BiancaGolden_CircleTurns,131.3040,-58.1650,145.6403,-8.6493,-11.3392,167.2212,-0.9618,0.2442,-0.1239,0.9980,384,34.912468,3.3130,-0.5817
BiancaGolden_CircleTurns,131.2788,-58.4766,145.8910,-8.6282,-11.2302,164.9615,-0.9542,0.2727,-0.1226,0.9980,385,34.926907,3.3128,-0.5848
BiancaGolden_CircleTurns,131.2546,-58.6654,145.9579,-7.0563,-11.1355,163.1459,-0.9370,0.3264,-0.1247,0.9980,385,34.940071,3.3125,-0.5867
BiancaGolden_CircleTurns,131.2150,-59.0001,145.9625,-4.9715,-11.0183,161.6995,-0.9302,0.3412,-0.1355,0.9980,386,34.954762,3.3122,-0.5900
BiancaGolden_CircleTurns,131.1102,-59.3293,145.9340,-2.7215,-11.0044,160.5741,-0.9311,0.3372,-0.1390,0.9980,386,34.968159,3.3111,-0.5933
BiancaGolden_CircleTurns,130.9527,-59.6581,146.0108,-0.8029,-10.9087,159.7603,-0.9320,0.3336,-0.1415,0.9980,386,34.982281,3.3095,-0.5966
BiancaGolden_CircleTurns,130.7536,-59.9803,146.1459,1.0490,-10.8612,159.2529,-0.9337,0.3252,-0.1500,0.9980,387,34.996151,3.3075,-0.5998
BiancaGolden_CircleTurns,130.4933,-60.2997,146.3076,2.7425,-10.8447,158.9710,-0.9395,0.3070,-0.1521,0.9980,387,35.009373,3.3049,-0.6030
BiancaGolden_CircleTurns,130.2882,-60.6236,146.3445,4.1139,-10.7430,158.7394,-0.9376,0.3123,-0.1527,0.9980,388,35.024937,3.3029,-0.6062
BiancaGolden_CircleTurns,130.0860,-60.9122,146.2585,5.3403,-10.6545,158.3431,-0.9393,0.3051,-0.1570,0.9980,388,35.038300,3.3009,-0.6091
BiancaGolden_CircleTurns,129.8684,-61.1450,146.1436,6.4556,-10.7417,157.9750,-0.9387,0.3018,-0.1664,0.9980,388,35.052513,3.2987,-0.6114
BiancaGolden_CircleTurns,129.5971,-61.3844,146.0920,7.7106,-10.8045,157.6098,-0.9377,0.2997,-0.1757,0.9980,389,35.065975,3.2960,-0.6138
BiancaGolden_CircleTurns,129.3226,-61.6506,146.0835,9.1993,-10.8121,157.3079,-0.9396,0.2912,-0.1797,0.9980,389,35.079559,3.2932,-0.6165
BiancaGolden_CircleTurns,129.0037,-61.9486,146.0867,10.8864,-10.7749,157.0800,-0.9381,0.2948,-0.1818,0.9980,390,35.094597,3.2900,-0.6195
BiancaGolden_CircleTurns,128.6695,-62.2337,146.0653,12.5640,-10.7288,156.8381,-0.9387,0.2907,-0.1852,0.9980,390,35.107979,3.2867,-0.6223
BiancaGolden_CircleTurns,128.3354,-62.5289,145.9895,14.3019,-10.6397,156.5773,-0.9432,0.2628,-0.2032,0.9980,391,35.122421,3.2834,-0.6253
BiancaGolden_CircleTurns,128.0053,-62.8025,145.8485,16.2142,-10.5956,156.4477,-0.9436,0.2551,-0.2112,0.9980,391,35.136051,3.2801,-0.6280
BiancaGolden_CircleTurns,127.6880,-63.1032,145.6598,18.1664,-10.6377,156.3712,-0.9429,0.2567,-0.2123,0.9980,391,35.150307,3.2769,-0.6310
BiancaGolden_CircleTurns,127.3496,-63.4289,145.5107,20.1635,-10.6085,156.1574,-0.9423,0.2557,-0.2162,0.9980,392,35.163605,3.2735,-0.6343
BiancaGolden_CircleTurns,127.0105,-63.7234,145.3786,22.2719,-10.5299,155.9347,-0.9409,0.2584,-0.2191,0.9980,392,35.176857,3.2701,-0.6372
BiancaGolden_CircleTurns,126.6651,-64.0593,145.2435,24.3358,-10.3781,155.6247,-0.9381,0.2663,-0.2214,0.9980,393,35.192013,3.2667,-0.6406
BiancaGolden_CircleTurns,126.3364,-64.4025,145.0826,26.3779,-10.1978,155.2301,-0.9370,0.2709,-0.2205,0.9980,393,35.205627,3.2634,-0.6440
BiancaGolden_CircleTurns,125.9854,-64.7335,144.9113,28.3552,-9.9109,154.8528,-0.9375,0.2688,-0.2210,0.9980,394,35.223892,3.2599,-0.6473
BiancaGolden_CircleTurns,125.5804,-65.0953,144.7437,30.1848,-9.4777,154.6998,-0.9394,0.2655,-0.2168,0.9980,394,35.233852,3.2558,-0.6510
BiancaGolden_CircleTurns,125.1551,-65.4975,144.5628,31.7777,-8.9164,154.8611,-0.9435,0.2571,-0.2092,0.9980,394,35.247375,3.2516,-0.6550
BiancaGolden_CircleTurns,124.7395,-65.9285,144.3617,32.7249,-8.3077,155.1342,-0.9472,0.2512,-0.1993,0.9980,395,35.260319,3.2474,-0.6593
BiancaGolden_CircleTurns,124.3719,-66.3430,144.1476,32.7867,-7.6278,155.6064,-0.9492,0.2461,-0.1962,0.9980,395,35.272953,3.2437,-0.6634
BiancaGolden_CircleTurns,124.1059,-66.7690,143.9948,32.8429,-7.4163,155.8988,-0.9519,0.2344,-0.1976,0.9980,396,35.287830,3.2411,-0.6677
BiancaGolden_CircleTurns,123.8761,-67.1706,143.7523,32.8467,-7.5159,156.1637,-0.9512,0.2318,-0.2035,0.9980,396,35.300812,3.2388,-0.6717
BiancaGolden_CircleTurns,123.6738,-67.5657,143.5114,33.1977,-7.8076,156.3123,-0.9466,0.2346,-0.2213,0.9980,396,35.315033,3.2367,-0.6757
BiancaGolden_CircleTurns,123.4725,-67.9120,143.2565,33.7387,-8.2213,156.5570,-0.9437,0.2396,-0.2280,0.9980,397,35.328259,3.2347,-0.6791
BiancaGolden_CircleTurns,123.2482,-68.3206,143.0098,34.3483,-8.6044,156.8239,-0.9430,0.2355,-0.2352,0.9980,397,35.341938,3.2325,-0.6832
BiancaGolden_CircleTurns,123.0356,-68.7764,142.7988,34.5505,-9.0354,157.0913,-0.9413,0.2376,-0.2398,0.9980,398,35.356842,3.2304,-0.6878
BiancaGolden_CircleTurns,122.7872,-69.2393,142.5945,34.6951,-9.2742,157.3666,-0.9408,0.2347,-0.2447,0.9980,398,35.370434,3.2279,-0.6924
BiancaGolden_CircleTurns,122.5684,-69.6744,142.4185,35.0670,-9.5104,157.6907,-0.9397,0.2353,-0.2482,0.9980,398,35.385113,3.2257,-0.6967
BiancaGolden_CircleTurns,122.3698,-70.1182,142.2057,35.6425,-9.7240,157.9944,-0.9383,0.2468,-0.2421,0.9980,399,35.398293,3.2237,-0.7012
BiancaGolden_CircleTurns,122.1621,-70.5763,141.9982,36.2701,-9.8637,158.2344,-0.9378,0.2501,-0.2408,0.9980,399,35.411915,3.2216,-0.7058
BiancaGolden_CircleTurns,121.9361,-71.0198,141.8346,36.9356,-9.9718,158.4641,-0.9379,0.2478,-0.2426,0.9980,400,35.427567,3.2194,-0.7102
BiancaGolden_CircleTurns,121.6897,-71.4801,141.6714,37.5969,-10.0058,158.6475,-0.9378,0.2540,-0.2365,0.9980,400,35.441032,3.2169,-0.7148
BiancaGolden_CircleTurns,121.4445,-71.9146,141.5551,38.1640,-9.9610,158.9071,-0.9377,0.2597,-0.2308,0.9980,401,35.455173,3.2144,-0.7191
BiancaGolden_CircleTurns,121.1918,-72.3756,141.4256,38.7542,-9.8982,159.1371,-0.9381,0.2610,-0.2279,0.9980,401,35.469028,3.2119,-0.7238
BiancaGolden_CircleTurns,120.9462,-72.7900,141.2841,39.2534,-9.8704,159.4502,-0.9369,0.2701,-0.2220,0.9980,401,35.483696,3.2095,-0.7279
BiancaGolden_CircleTurns,120.6981,-73.1677,141.1758,39.7103,-9.8404,159.7723,-0.9361,0.2731,-0.2217,0.9980,402,35.497250,3.2070,-0.7317
BiancaGolden_CircleTurns,120.4467,-73.5272,141.0903,40.0609,-9.7561,160.1161,-0.9381,0.2663,-0.2215,0.9980,402,35.509979,3.2045,-0.7353
BiancaGolden_CircleTurns,120.2077,-73.8297,141.0491,40.6497,-9.7102,160.5659,-0.9397,0.2623,-0.2193,0.9980,403,35.525299,3.2021,-0.7383
BiancaGolden_CircleTurns,120.0183,-73.9920,141.0965,41.6194,-9.7214,161.2661,-0.9406,0.2565,-0.2225,0.9980,403,35.538708,3.2002,-0.7399
BiancaGolden_CircleTurns,119.8830,-74.0509,141.0904,42.0616,-9.7825,161.8524,-0.9386,0.2601,-0.2267,0.9980,403,35.553593,3.1988,-0.7405
BiancaGolden_CircleTurns,119.7480,-73.9403,141.2256,41.7790,-10.0076,162.3364,-0.9357,0.2740,-0.2221,0.9980,404,35.566723,3.1975,-0.7394
BiancaGolden_CircleTurns,119.5433,-73.7917,141.4666,41.2737,-10.0295,162.6338,-0.9340,0.2834,-0.2176,0.9980,404,35.580338,3.1954,-0.7379
BiancaGolden_CircleTurns,119.3019,-73.6154,141.8093,40.4095,-9.8114,162.8435,-0.9362,0.2796,-0.2129,0.9980,405,35.595970,3.1930,-0.7362
BiancaGolden_CircleTurns,119.0929,-73.4075,142.0542,39.4226,-9.5383,163.0450,-0.9356,0.2814,-0.2133,0.9980,405,35.608704,3.1909,-0.7341
BiancaGolden_CircleTurns,118.9428,-73.0810,142.2893,38.3530,-9.4400,163.2567,-0.9348,0.2812,-0.2169,0.9980,406,35.623482,3.1894,-0.7308
BiancaGolden_CircleTurns,118.7663,-72.7574,142.4866,37.4101,-9.3745,163.5462,-0.9338,0.2850,-0.2163,0.9980,406,35.636417,3.1877,-0.7276
BiancaGolden_CircleTurns,118.6786,-72.4722,142.6204,35.9216,-9.4949,163.5414,-0.9257,0.2976,-0.2336,0.9980,406,35.650700,3.1868,-0.7247
BiancaGolden_CircleTurns,118.6230,-72.1720,142.6917,34.1737,-9.8473,163.3702,-0.9228,0.2987,-0.2435,0.9980,407,35.664360,3.1862,-0.7217
BiancaGolden_CircleTurns,118.6188,-71.8390,142.7154,32.4764,-10.3270,163.2042,-0.9195,0.2993,-0.2549,0.9980,407,35.677486,3.1862,-0.7184
BiancaGolden_CircleTurns,118.6361,-71.4978,142.7352,30.7663,-10.9712,162.9998,-0.9174,0.2978,-0.2642,0.9980,408,35.692650,3.1864,-0.7150
BiancaGolden_CircleTurns,118.5941,-71.1937,142.8100,29.1987,-11.4889,162.9320,-0.9285,0.2705,-0.2544,0.9980,408,35.706619,3.1859,-0.7119
BiancaGolden_CircleTurns,118.5525,-70.9594,142.8939,27.5124,-11.9369,163.0521,-0.9356,0.2548,-0.2445,0.9980,409,35.724285,3.1855,-0.7096
BiancaGolden_CircleTurns,118.5038,-70.7285,143.0042,25.8853,-12.3731,163.2800,-0.9378,0.2469,-0.2440,0.9980,409,35.734390,3.1850,-0.7073
BiancaGolden_CircleTurns,118.4419,-70.4854,143.0698,24.3892,-12.6295,163.6051,-0.9400,0.2353,-0.2470,0.9980,409,35.747952,3.1844,-0.7049
BiancaGolden_CircleTurns,118.4013,-70.2386,143.1164,22.9188,-12.8547,164.1998,-0.9464,0.2287,-0.2279,0.9980,410,35.761242,3.1840,-0.7024
BiancaGolden_CircleTurns,118.3848,-69.9938,143.1285,21.4607,-12.9579,164.8951,-0.9487,0.2183,-0.2287,0.9980,410,35.773888,3.1838,-0.6999
BiancaGolden_CircleTurns,118.4042,-69.7959,143.1535,20.0135,-13.0422,165.5184,-0.9540,0.2149,-0.2092,0.9980,411,35.788586,3.1840,-0.6980
BiancaGolden_CircleTurns,118.4245,-69.6103,143.1896,18.6227,-13.1180,165.9847,-0.9579,0.2330,-0.1675,0.9980,411,35.802471,3.1842,-0.6961
BiancaGolden_CircleTurns,118.4644,-69.4179,143.2126,17.5576,-13.1286,166.3832,-0.9590,0.2302,-0.1651,0.9980,411,35.816158,3.1846,-0.6942
BiancaGolden_CircleTurns,118.4980,-69.2396,143.2170,16.6477,-13.1431,166.6907,-0.9598,0.2326,-0.1568,0.9980,412,35.829914,3.1850,-0.6924
BiancaGolden_CircleTurns,118.5349,-69.0731,143.2064,15.9667,-13.0821,166.8047,-0.9604,0.2330,-0.1530,0.9980,412,35.842770,3.1853,-0.6907
BiancaGolden_CircleTurns,118.5562,-68.9286,143.2197,15.4210,-13.0229,166.7873,-0.9598,0.2356,-0.1522,0.9980,413,35.857830,3.1856,-0.6893
BiancaGolden_CircleTurns,118.5791,-68.8060,143.2188,14.9066,-12.9810,166.7005,-0.9594,0.2379,-0.1516,0.9980,413,35.871284,3.1858,-0.6881
BiancaGolden_CircleTurns,118.5857,-68.6861,143.1772,14.5012,-12.9381,166.5801,-0.9594,0.2393,-0.1496,0.9980,413,35.885601,3.1859,-0.6869
BiancaGolden_CircleTurns,118.6075,-68.5896,143.1050,14.1875,-12.9069,166.4928,-0.9589,0.2403,-0.1509,0.9980,414,35.899647,3.1861,-0.6859
BiancaGolden_CircleTurns,118.6357,-68.5051,143.0472,13.9470,-13.0286,166.4396,-0.9589,0.2389,-0.1529,0.9980,414,35.912769,3.1864,-0.6851
BiancaGolden_CircleTurns,118.6391,-68.4591,142.9999,13.7638,-13.1112,166.4086,-0.9587,0.2390,-0.1543,0.9980,415,35.928429,3.1864,-0.6846
BiancaGolden_CircleTurns,118.6410,-68.4007,142.9519,13.5900,-13.1980,166.4049,-0.9587,0.2356,-0.1590,0.9980,415,35.942211,3.1864,-0.6840
BiancaGolden_CircleTurns,118.6517,-68.3282,142.8574,13.5126,-13.2768,166.4863,-0.9586,0.2342,-0.1618,0.9980,416,35.956623,3.1865,-0.6833
BiancaGolden_CircleTurns,118.6671,-68.2351,142.7803,13.4293,-13.4351,166.5689,-0.9582,0.2341,-0.1644,0.9980,416,35.970245,3.1867,-0.6824
BiancaGolden_CircleTurns,118.6954,-68.1493,142.7210,13.2938,-13.6634,166.6343,-0.9572,0.2351,-0.1689,0.9980,416,35.985237,3.1870,-0.6815
BiancaGolden_CircleTurns,118.7185,-68.0526,142.6764,13.1159,-13.9281,166.6771,-0.9564,0.2328,-0.1765,0.9980,417,35.998596,3.1872,-0.6805
BiancaGolden_CircleTurns,118.7429,-67.9116,142.6397,13.0190,-14.2733,166.7268,-0.9556,0.2318,-0.1820,0.9980,417,36.011646,3.1874,-0.6791
BiancaGolden_CircleTurns,118.7735,-67.7667,142.6340,12.9912,-14.5941,166.7726,-0.9529,0.2344,-0.1924,0.9980,418,36.026859,3.1877,-0.6777
BiancaGolden_CircleTurns,118.8111,-67.6076,142.6480,12.9172,-14.9173,166.7751,-0.9515,0.2354,-0.1979,0.9980,418,36.040760,3.1881,-0.6761
BiancaGolden_CircleTurns,118.8573,-67.4554,142.6894,12.7480,-15.2503,166.7072,-0.9499,0.2396,-0.2008,0.9980,419,36.054901,3.1886,-0.6746
BiancaGolden_CircleTurns,118.8771,-67.3287,142.7160,12.3372,-15.4330,166.5452,-0.9502,0.2425,-0.1959,0.9980,419,36.068291,3.1888,-0.6733
BiancaGolden_CircleTurns,118.8904,-67.2077,142.7372,11.7620,-15.5387,166.3350,-0.9506,0.2451,-0.1904,0.9980,419,36.082939,3.1889,-0.6721
BiancaGolden_CircleTurns,118.8676,-67.0917,142.7506,11.1506,-15.4563,166.1555,-0.9501,0.2478,-0.1895,0.9980,420,36.095802,3.1887,-0.6709
BiancaGolden_CircleTurns,118.8512,-66.9736,142.7848,10.6403,-15.3887,166.0144,-0.9506,0.2472,-0.1878,0.9980,420,36.109035,3.1885,-0.6697
BiancaGolden_CircleTurns,118.8170,-66.8321,142.8180,10.3532,-15.3018,166.0013,-0.9511,0.2406,-0.1937,0.9980,421,36.124519,3.1882,-0.6683
BiancaGolden_CircleTurns,118.7920,-66.6586,142.8483,10.3640,-15.2200,166.1460,-0.9524,0.2353,-0.1936,0.9980,421,36.137928,3.1879,-0.6666
BiancaGolden_CircleTurns,118.7629,-66.5184,142.8299,10.3879,-15.1911,166.3276,-0.9554,0.2200,-0.1968,0.9980,421,36.152252,3.1876,-0.6652
BiancaGolden_CircleTurns,118.7631,-66.3736,142.7728,10.3189,-15.2540,166.5389,-0.9545,0.2174,-0.2041,0.9980,422,36.166145,3.1876,-0.6637
BiancaGolden_CircleTurns,118.7552,-66.2312,142.7003,10.0943,-15.4725,166.7253,-0.9543,0.2128,-0.2098,0.9980,422,36.179214,3.1876,-0.6623
BiancaGolden_CircleTurns,118.7661,-66.0708,142.6104,9.9060,-15.8079,167.0017,-0.9539,0.2062,-0.2182,0.9980,423,36.194504,3.1877,-0.6607
BiancaGolden_CircleTurns,118.7685,-65.8713,142.5128,9.7663,-16.2392,167.2641,-0.9527,0.2057,-0.2237,0.9980,423,36.207954,3.1877,-0.6587
BiancaGolden_CircleTurns,118.7440,-65.6615,142.4033,9.5851,-16.5980,167.4819,-0.9522,0.2026,-0.2288,0.9980,424,36.225559,3.1874,-0.6566
BiancaGolden_CircleTurns,118.7290,-65.4350,142.3083,9.2963,-16.9239,167.6578,-0.9513,0.2049,-0.2303,0.9980,424,36.236485,3.1873,-0.6543
BiancaGolden_CircleTurns,118.6924,-65.1988,142.1863,8.9341,-17.2568,167.8387,-0.9511,0.2020,-0.2338,0.9980,424,36.249767,3.1869,-0.6520
BiancaGolden_CircleTurns,118.6581,-64.9474,142.0569,8.5439,-17.6245,168.0505,-0.9497,0.1980,-0.2425,0.9980,425,36.263142,3.1866,-0.6495
BiancaGolden_CircleTurns,118.6403,-64.6916,141.8963,8.1465,-18.0810,168.2778,-0.9476,0.1977,-0.2511,0.9980,425,36.275875,3.1864,-0.6469
BiancaGolden_CircleTurns,118.6309,-64.4071,141.7060,7.6461,-18.6980,168.5400,-0.9451,0.1947,-0.2623,0.9980,426,36.290424,3.1863,-0.6441
BiancaGolden_CircleTurns,118.6436,-64.1312,141.4940,7.0495,-19.4566,168.7329,-0.9425,0.1931,-0.2728,0.9980,426,36.303680,3.1864,-0.6413
BiancaGolden_CircleTurns,118.6555,-63.8514,141.2609,6.5173,-20.2544,168.9479,-0.9409,0.1891,-0.2810,0.9980,426,36.318119,3.1866,-0.6385
BiancaGolden_CircleTurns,118.6618,-63.5352,141.0226,6.0390,-21.1575,169.1989,-0.9432,0.1892,-0.2732,0.9980,427,36.331463,3.1866,-0.6354
BiancaGolden_CircleTurns,118.6290,-63.2108,140.8061,5.6337,-21.9677,169.4457,-0.9386,0.1967,-0.2833,0.9980,427,36.344784,3.1863,-0.6321
BiancaGolden_CircleTurns,118.5653,-62.8591,140.6514,5.2869,-22.6597,169.6883,-0.9368,0.1933,-0.2916,0.9980,428,36.360397,3.1857,-0.6286
BiancaGolden_CircleTurns,118.4950,-62.4923,140.4803,4.9381,-23.1501,169.9102,-0.9321,0.2070,-0.2972,0.9980,428,36.373981,3.1849,-0.6249
BiancaGolden_CircleTurns,118.3942,-62.1400,140.3477,4.5209,-23.5504,169.9923,-0.9315,0.2171,-0.2919,0.9980,429,36.388538,3.1839,-0.6214
BiancaGolden_CircleTurns,118.2951,-61.8056,140.1794,3.9316,-23.8038,169.9978,-0.9298,0.2201,-0.2951,0.9980,429,36.401718,3.1830,-0.6181
BiancaGolden_CircleTurns,118.1943,-61.4515,140.0243,3.1578,-23.9884,169.9547,-0.8899,0.2788,-0.3611,0.9980,429,36.415939,3.1819,-0.6145
BiancaGolden_CircleTurns,118.1136,-61.1341,139.8599,2.3718,-24.1318,169.7376,-0.8862,0.2818,-0.3677,0.9980,430,36.429657,3.1811,-0.6113
BiancaGolden_CircleTurns,118.0441,-60.8080,139.7204,1.7669,-24.4696,169.5480,-0.8451,0.2809,-0.4548,0.9980,430,36.443344,3.1804,-0.6081
BiancaGolden_CircleTurns,117.9663,-60.4791,139.6236,1.3989,-24.6991,169.2797,-0.8422,0.2855,-0.4575,0.9980,431,36.458424,3.1797,-0.6048
BiancaGolden_CircleTurns,117.8616,-60.1457,139.5579,1.2235,-24.8960,168.9974,-0.9098,0.2909,-0.2962,0.9980,431,36.472057,3.1786,-0.6015
BiancaGolden_CircleTurns,117.7277,-59.8337,139.4834,1.3098,-24.9099,168.7431,-0.9083,0.2942,-0.2973,0.9980,431,36.487007,3.1773,-0.5983
BiancaGolden_CircleTurns,117.6134,-59.5861,139.4186,1.3429,-24.9828,168.5228,-0.8983,0.2760,-0.3418,0.9980,432,36.500439,3.1761,-0.5959
BiancaGolden_CircleTurns,117.4917,-59.3529,139.3305,1.2324,-25.0062,168.4171,-0.8948,0.2684,-0.3569,0.9980,432,36.514149,3.1749,-0.5935
BiancaGolden_CircleTurns,117.3648,-59.1182,139.2550,1.1393,-25.0233,168.3965,-0.8949,0.2671,-0.3576,0.9980,432,36.528801,3.1736,-0.5912
BiancaGolden_CircleTurns,117.2141,-58.8660,139.1905,1.0636,-25.0593,168.4809,-0.9118,0.1951,-0.3613,0.9980,0,36.542130,3.1721,-0.5887
BiancaGolden_CircleTurns,117.0433,-58.6165,139.1472,1.0950,-25.1324,168.6269,-0.9085,0.1839,-0.3753,0.9980,0,36.556599,3.1704,-0.5862
BiancaGolden_CircleTurns,116.8532,-58.3785,139.0744,1.1023,-25.1881,168.8146,-0.9091,0.1798,-0.3757,0.9980,1,36.569984,3.1685,-0.5838
BiancaGolden_CircleTurns,116.6787,-58.1718,138.9788,1.0000,-25.2119,169.0796,-0.9124,0.1691,-0.3726,0.9980,1,36.584343,3.1668,-0.5817
BiancaGolden_CircleTurns,116.5065,-57.9865,138.8645,0.7543,-25.3170,169.2432,-0.9122,0.1663,-0.3745,0.9980,2,36.599094,3.1651,-0.5799
BiancaGolden_CircleTurns,116.3379,-57.8364,138.7317,0.4413,-25.4361,169.4307,-0.9122,0.1572,-0.3783,0.9980,2,36.612156,3.1634,-0.5784
BiancaGolden_CircleTurns,116.1935,-57.6908,138.6165,0.1625,-25.6722,169.6737,-0.9109,0.1468,-0.3857,0.9980,3,36.627075,3.1619,-0.5769
BiancaGolden_CircleTurns,116.0466,-57.5618,138.4878,-0.0342,-25.8964,169.9777,-0.9099,0.1417,-0.3898,0.9980,3,36.640526,3.1605,-0.5756
BiancaGolden_CircleTurns,115.9074,-57.4565,138.3533,-0.2239,-26.0764,170.2936,-0.9100,0.1362,-0.3916,0.9980,4,36.654980,3.1591,-0.5746
BiancaGolden_CircleTurns,115.7877,-57.3776,138.1950,-0.5026,-26.2351,170.6257,-0.9089,0.1353,-0.3944,0.9980,4,36.668736,3.1579,-0.5738
BiancaGolden_CircleTurns,115.6547,-57.2973,138.0588,-0.7439,-26.3659,170.9158,-0.9099,0.1276,-0.3947,0.9980,4,36.683182,3.1565,-0.5730
BiancaGolden_CircleTurns,115.5256,-57.2013,137.9261,-0.8259,-26.4347,171.2716,-0.9105,0.1221,-0.3951,0.9980,5,36.696236,3.1553,-0.5720
BiancaGolden_CircleTurns,115.3895,-57.1311,137.7914,-0.8358,-26.4579,171.6186,-0.9129,0.1199,-0.3903,0.9980,5,36.709286,3.1539,-0.5713
BiancaGolden_CircleTurns,115.2632,-57.0680,137.6356,-0.9454,-26.4451,171.9433,-0.9161,0.1155,-0.3839,0.9980,6,36.724873,3.1526,-0.5707
BiancaGolden_CircleTurns,115.1546,-57.0280,137.4523,-1.0777,-26.3735,172.2474,-0.9179,0.1176,-0.3790,0.9980,6,36.741844,3.1515,-0.5703
BiancaGolden_CircleTurns,115.0616,-56.9851,137.2936,-1.2321,-26.3401,172.5139,-0.9175,0.1169,-0.3801,0.9980,6,36.753216,3.1506,-0.5699
BiancaGolden_CircleTurns,115.0127,-56.9510,137.1467,-1.4335,-26.4083,172.7083,-0.9168,0.1153,-0.3824,0.9980,7,36.765739,3.1501,-0.5695
BiancaGolden_CircleTurns,114.9699,-56.9085,137.0216,-1.5627,-26.5514,172.8121,-0.9137,0.1206,-0.3881,0.9980,7,36.779301,3.1497,-0.5691
BiancaGolden_CircleTurns,114.9509,-56.8527,136.9159,-1.6129,-26.7496,172.9019,-0.9125,0.1209,-0.3909,0.9980,8,36.794071,3.1495,-0.5685
BiancaGolden_CircleTurns,114.9454,-56.7975,136.8225,-1.5866,-26.9237,172.8950,-0.9112,0.1240,-0.3928,0.9980,8,36.807487,3.1495,-0.5680
BiancaGolden_CircleTurns,114.9393,-56.7495,136.7478,-1.6683,-27.0410,172.7849,-0.9104,0.1343,-0.3912,0.9980,9,36.822414,3.1494,-0.5675
BiancaGolden_CircleTurns,114.9410,-56.7129,136.7232,-1.8726,-26.9953,172.3835,-0.9065,0.1719,-0.3857,0.9980,9,36.835434,3.1494,-0.5671
BiancaGolden_CircleTurns,114.9433,-56.6155,136.7328,-2.0579,-26.8563,171.6459,-0.9045,0.1900,-0.3817,0.9980,9,36.849945,3.1494,-0.5662
BiancaGolden_CircleTurns,114.9467,-56.4848,136.7601,-1.9329,-26.6168,170.5078,-0.8681,0.3293,-0.3714,0.9980,10,36.863434,3.1495,-0.5648
BiancaGolden_CircleTurns,114.9642,-56.3384,136.7898,-1.4240,-26.3140,169.2633,-0.8290,0.4365,-0.3496,0.9980,10,36.876865,3.1496,-0.5634
BiancaGolden_CircleTurns,115.0051,-56.2011,136.8473,-0.7722,-25.9444,167.8522,-0.7774,0.5355,-0.3300,0.9980,11,36.891880,3.1501,-0.5620
BiancaGolden_CircleTurns,115.0470,-56.0812,136.9094,-0.2941,-25.5490,166.5529,-0.7596,0.5656,-0.3212,0.9980,11,36.905483,3.1505,-0.5608
BiancaGolden_CircleTurns,115.0865,-55.9674,137.0136,0.2682,-25.0252,164.9716,-0.7476,0.5863,-0.3119,0.9980,11,36.919979,3.1509,-0.5597
BiancaGolden_CircleTurns,115.1317,-55.8245,137.1164,0.8633,-24.5057,163.4701,-0.7355,0.6077,-0.2996,0.9980,12,36.933441,3.1513,-0.5582
BiancaGolden_CircleTurns,115.2123,-55.6880,137.2143,1.6526,-23.9376,161.7869,-0.7328,0.6161,-0.2887,0.9980,12,36.947083,3.1521,-0.5569
BiancaGolden_CircleTurns,115.3070,-55.5125,137.3005,2.6991,-23.3945,159.9890,-0.7331,0.6204,-0.2789,0.9980,13,36.962494,3.1531,-0.5551
BiancaGolden_CircleTurns,115.3998,-55.3565,137.4026,3.9302,-22.7929,158.1850,-0.7262,0.6325,-0.2695,0.9980,13,36.975368,3.1540,-0.5536
BiancaGolden_CircleTurns,115.4794,-55.1881,137.5465,5.2670,-22.1048,156.4022,-0.7259,0.6380,-0.2569,0.9980,14,36.989735,3.1548,-0.5519
BiancaGolden_CircleTurns,115.5188,-55.0581,137.7071,6.4623,-21.2820,154.7500,-0.7276,0.6378,-0.2526,0.9980,14,37.003239,3.1552,-0.5506
BiancaGolden_CircleTurns,115.5771,-54.9532,137.8573,7.4585,-20.4450,153.2278,-0.7177,0.6555,-0.2349,0.9980,14,37.017925,3.1558,-0.5495
BiancaGolden_CircleTurns,115.6400,-54.8580,138.0101,8.3095,-19.5675,151.9021,-0.7216,0.6493,-0.2403,0.9980,15,37.031631,3.1564,-0.5486
BiancaGolden_CircleTurns,115.7003,-54.7845,138.1642,9.0628,-18.6930,150.6466,-0.7329,0.6398,-0.2313,0.9980,15,37.044231,3.1570,-0.5478
BiancaGolden_CircleTurns,115.7700,-54.6861,138.3305,9.9201,-17.8792,149.4785,-0.7374,0.6422,-0.2094,0.9980,16,37.059280,3.1577,-0.5469
BiancaGolden_CircleTurns,115.8297,-54.6090,138.4858,10.8098,-17.0070,148.5093,-0.7483,0.6472,-0.1452,0.9980,16,37.073235,3.1583,-0.5461
BiancaGolden_CircleTurns,115.8974,-54.5556,138.6255,11.5625,-16.2287,147.5916,-0.7744,0.6269,-0.0856,0.9980,17,37.087189,3.1590,-0.5456
BiancaGolden_CircleTurns,115.9723,-54.5358,138.7331,12.1375,-15.4661,146.8561,-0.7704,0.6334,-0.0730,0.9980,17,37.100727,3.1597,-0.5454
BiancaGolden_CircleTurns,116.0152,-54.5181,138.8453,12.4794,-14.7699,146.3521,-0.7823,0.6211,-0.0471,0.9980,17,37.115139,3.1602,-0.5452
BiancaGolden_CircleTurns,116.0555,-54.5289,138.9742,12.7178,-14.1288,145.9949,-0.7983,0.6007,-0.0434,0.9980,18,37.128365,3.1606,-0.5453
BiancaGolden_CircleTurns,116.0993,-54.5077,139.0899,12.9798,-13.4995,145.6464,-0.8091,0.5848,-0.0574,0.9980,18,37.142105,3.1610,-0.5451
BiancaGolden_CircleTurns,116.1578,-54.4859,139.1796,13.2212,-13.0024,145.4147,-0.8179,0.5721,-0.0610,0.9980,19,37.156914,3.1616,-0.5449
BiancaGolden_CircleTurns,116.2045,-54.4646,139.2630,13.4914,-12.5273,145.1087,-0.8173,0.5737,-0.0536,0.9980,19,37.170486,3.1620,-0.5446
BiancaGolden_CircleTurns,116.2496,-54.4360,139.3475,13.7545,-12.1490,145.0186,-0.8235,0.5626,-0.0722,0.9980,19,37.185043,3.1625,-0.5444
BiancaGolden_CircleTurns,116.2706,-54.4378,139.4382,13.9949,-11.7759,144.9532,-0.8323,0.5486,-0.0795,0.9980,20,37.198532,3.1627,-0.5444
BiancaGolden_CircleTurns,116.3039,-54.4372,139.5251,14.1544,-11.4370,145.0444,-0.8406,0.5335,-0.0935,0.9980,20,37.211567,3.1630,-0.5444
BiancaGolden_CircleTurns,116.3433,-54.4453,139.6249,14.1784,-11.2133,145.1267,-0.8469,0.5220,-0.1011,0.9980,21,37.226746,3.1634,-0.5445
BiancaGolden_CircleTurns,116.3964,-54.4398,139.6999,14.2308,-10.9913,145.1580,-0.8503,0.5134,-0.1158,0.9980,21,37.243690,3.1640,-0.5444
BiancaGolden_CircleTurns,116.4688,-54.4441,139.7779,14.2551,-10.8514,145.1979,-0.8519,0.5093,-0.1218,0.9980,22,37.255222,3.1647,-0.5444
BiancaGolden_CircleTurns,116.5249,-54.4498,139.8595,14.2516,-10.6479,145.2486,-0.8529,0.5087,-0.1175,0.9980,22,37.267654,3.1652,-0.5445
BiancaGolden_CircleTurns,116.5766,-54.4541,139.9647,14.2284,-10.3995,145.3091,-0.8564,0.5014,-0.1233,0.9980,22,37.282433,3.1658,-0.5445
BiancaGolden_CircleTurns,116.6309,-54.4713,140.0766,14.1392,-10.0610,145.4374,-0.8620,0.4903,-0.1288,0.9980,23,37.295322,3.1663,-0.5447
BiancaGolden_CircleTurns,116.6931,-54.4934,140.1837,14.0434,-9.7624,145.6253,-0.8630,0.4869,-0.1345,0.9980,23,37.308731,3.1669,-0.5449
BiancaGolden_CircleTurns,116.7502,-54.5301,140.2863,13.8305,-9.4628,145.7799,-0.8643,0.4847,-0.1341,0.9980,24,37.323845,3.1675,-0.5453
BiancaGolden_CircleTurns,116.8163,-54.5517,140.3979,13.5481,-9.1925,145.8740,-0.8649,0.4826,-0.1383,0.9980,24,37.337219,3.1682,-0.5455
BiancaGolden_CircleTurns,116.8717,-54.5690,140.5131,13.2703,-8.8790,146.0265,-0.8673,0.4801,-0.1316,0.9980,24,37.351776,3.1687,-0.5457
BiancaGolden_CircleTurns,116.9355,-54.6035,140.6204,13.0144,-8.5164,146.2248,-0.8687,0.4787,-0.1274,0.9980,25,37.364788,3.1694,-0.5460
BiancaGolden_CircleTurns,116.9993,-54.6435,140.7222,12.7622,-8.1545,146.3796,-0.8702,0.4775,-0.1216,0.9980,25,37.378262,3.1700,-0.5464
BiancaGolden_CircleTurns,117.0565,-54.6692,140.8443,12.4905,-7.7072,146.5149,-0.8742,0.4720,-0.1141,0.9980,26,37.393497,3.1706,-0.5467
BiancaGolden_CircleTurns,117.1265,-54.6868,140.9788,12.3403,-7.2322,146.6545,-0.8842,0.4620,-0.0693,0.9980,26,37.406982,3.1713,-0.5469
BiancaGolden_CircleTurns,117.1875,-54.7091,141.1003,12.1946,-6.7425,146.7986,-0.8997,0.4339,-0.0469,0.9980,27,37.421791,3.1719,-0.5471
BiancaGolden_CircleTurns,117.2679,-54.7464,141.1924,11.9967,-6.3956,146.8830,-0.9007,0.4326,-0.0405,0.9980,27,37.434719,3.1727,-0.5475
BiancaGolden_CircleTurns,117.3420,-54.7865,141.2561,11.7402,-6.0588,146.9924,-0.9041,0.4259,-0.0362,0.9980,27,37.449120,3.1734,-0.5479
BiancaGolden_CircleTurns,117.4067,-54.8254,141.3366,11.4545,-5.7703,147.0500,-0.9041,0.4260,-0.0344,0.9980,28,37.462589,3.1741,-0.5483
BiancaGolden_CircleTurns,117.4730,-54.8556,141.4206,11.2296,-5.5026,147.0964,-0.9031,0.4273,-0.0422,0.9980,28,37.475540,3.1747,-0.5486
BiancaGolden_CircleTurns,117.5156,-54.8919,141.4955,11.0190,-5.2489,147.1576,-0.9015,0.4304,-0.0458,0.9980,29,37.490688,3.1752,-0.5489
BiancaGolden_CircleTurns,117.5601,-54.9307,141.5492,10.8449,-5.0252,147.2658,-0.9032,0.4260,-0.0533,0.9980,29,37.504467,3.1756,-0.5493
BiancaGolden_CircleTurns,117.5965,-54.9748,141.5994,10.5874,-4.8185,147.4276,-0.9021,0.4278,-0.0561,0.9980,29,37.518711,3.1760,-0.5497
BiancaGolden_CircleTurns,117.6117,-55.0200,141.6410,10.3850,-4.6428,147.6614,-0.9053,0.4214,-0.0539,0.9980,30,37.532734,3.1761,-0.5502
BiancaGolden_CircleTurns,117.6215,-55.0802,141.6810,10.1587,-4.5136,148.0406,-0.9083,0.4143,-0.0585,0.9980,30,37.546074,3.1762,-0.5508
BiancaGolden_CircleTurns,117.6215,-55.1527,141.6977,9.7232,-4.4416,148.4515,-0.9095,0.4100,-0.0684,0.9980,31,37.561161,3.1762,-0.5515
BiancaGolden_CircleTurns,117.6510,-55.2068,141.7142,9.4009,-4.3950,148.8236,-0.9115,0.4043,-0.0750,0.9980,31,37.574638,3.1765,-0.5521
BiancaGolden_CircleTurns,117.6725,-55.2475,141.7459,9.1908,-4.4026,149.2303,-0.9125,0.3996,-0.0872,0.9980,32,37.589260,3.1767,-0.5525
BiancaGolden_CircleTurns,117.6768,-55.3117,141.7790,8.9469,-4.4183,149.8108,-0.9173,0.3888,-0.0864,0.9980,32,37.602119,3.1768,-0.5531
BiancaGolden_CircleTurns,117.6910,-55.4145,141.7936,8.5920,-4.4116,150.4865,-0.9212,0.3795,-0.0858,0.9980,32,37.616409,3.1769,-0.5541
BiancaGolden_CircleTurns,117.7168,-55.4716,141.7996,8.1529,-4.4276,151.0612,-0.9378,0.3364,-0.0858,0.9980,33,37.630238,3.1772,-0.5547
BiancaGolden_CircleTurns,117.7893,-55.4874,141.8283,7.7423,-4.4208,151.4118,-0.9640,0.2566,-0.0695,0.9980,33,37.643013,3.1779,-0.5549
BiancaGolden_CircleTurns,117.8823,-55.5066,141.8562,7.3875,-4.3693,151.4566,-0.9739,0.2171,-0.0657,0.9980,34,37.657993,3.1788,-0.5551
BiancaGolden_CircleTurns,117.9513,-55.5214,141.8955,6.9276,-4.3518,151.4559,-0.9745,0.2158,-0.0613,0.9980,34,37.671326,3.1795,-0.5552
BiancaGolden_CircleTurns,117.9607,-55.5628,141.9405,6.5356,-4.2014,151.5472,-0.9760,0.2104,-0.0563,0.9980,34,37.685902,3.1796,-0.5556
BiancaGolden_CircleTurns,117.9813,-55.6048,142.0008,6.2925,-4.0262,151.9864,-0.9786,0.1997,-0.0505,0.9980,35,37.699471,3.1798,-0.5560
BiancaGolden_CircleTurns,117.9518,-55.6786,142.0742,6.1180,-3.7290,152.6229,-0.9811,0.1879,-0.0465,0.9980,35,37.712837,3.1795,-0.5568
BiancaGolden_CircleTurns,117.9200,-55.7636,142.1827,5.8481,-3.4521,153.5787,-0.9839,0.1736,-0.0428,0.9980,36,37.728535,3.1792,-0.5576
BiancaGolden_CircleTurns,117.9000,-55.8461,142.2281,5.4485,-3.1780,154.6384,-0.9861,0.1608,-0.0426,0.9980,36,37.745106,3.1790,-0.5585
BiancaGolden_CircleTurns,117.9062,-55.9425,142.2356,4.9304,-3.0457,155.6714,-0.9876,0.1475,-0.0528,0.9980,37,37.756927,3.1791,-0.5594
BiancaGolden_CircleTurns,117.9559,-56.0038,142.2145,4.4992,-3.0240,156.6615,-0.9904,0.1275,-0.0540,0.9980,37,37.768806,3.1796,-0.5600
BiancaGolden_CircleTurns,117.9881,-56.0981,142.2586,4.2613,-3.1934,157.8677,-0.9924,0.1064,-0.0620,0.9980,37,37.783436,3.1799,-0.5610
BiancaGolden_CircleTurns,117.9698,-56.2626,142.3440,3.9037,-3.2227,159.2112,-0.9940,0.0916,-0.0597,0.9980,38,37.797192,3.1797,-0.5626
BiancaGolden_CircleTurns,117.9554,-56.4809,142.4486,3.0326,-3.0972,160.5630,-0.9950,0.0827,-0.0556,0.9980,38,37.809570,3.1796,-0.5648
BiancaGolden_CircleTurns,117.9934,-56.5852,142.5195,2.3133,-2.8726,161.5776,-0.9941,0.0936,-0.0546,0.9980,39,37.824772,3.1799,-0.5659
BiancaGolden_CircleTurns,118.0844,-56.6090,142.5989,1.9719,-2.6301,162.2549,-0.9929,0.1026,-0.0600,0.9980,39,37.838535,3.1808,-0.5661
BiancaGolden_CircleTurns,118.1723,-56.6258,142.6899,1.9536,-2.3849,162.7344,-0.9901,0.1244,-0.0657,0.9980,39,37.853008,3.1817,-0.5663
BiancaGolden_CircleTurns,118.2744,-56.6475,142.7891,2.1684,-2.1099,162.8833,-0.9904,0.1241,-0.0606,0.9980,40,37.866219,3.1827,-0.5665
BiancaGolden_CircleTurns,118.3712,-56.6719,142.9049,2.2782,-1.7922,162.9086,-0.9868,0.1498,-0.0618,0.9980,40,37.880085,3.1837,-0.5667
BiancaGolden_CircleTurns,118.4972,-56.6973,143.0176,2.4776,-1.4449,162.6812,-0.9846,0.1637,-0.0619,0.9980,41,37.894947,3.1850,-0.5670
BiancaGolden_CircleTurns,118.6366,-56.7036,143.1324,2.8928,-1.0090,162.4580,-0.9780,0.2016,-0.0542,0.9980,41,37.908768,3.1864,-0.5670
BiancaGolden_CircleTurns,118.7899,-56.7264,143.2641,3.3828,-0.6170,162.3356,-0.9528,0.3036,-0.0002,0.9980,42,37.923344,3.1879,-0.5673
BiancaGolden_CircleTurns,118.9272,-56.7666,143.4333,3.8410,-0.1052,162.1926,-0.9518,0.3065,0.0107,0.9980,42,37.936451,3.1893,-0.5677
BiancaGolden_CircleTurns,119.0552,-56.7957,143.6198,4.1326,0.5209,162.0131,-0.9210,0.3832,0.0706,0.9980,42,37.950508,3.1906,-0.5680
BiancaGolden_CircleTurns,119.2062,-56.8230,143.7765,4.3763,1.1644,161.8766,-0.9140,0.3968,0.0847,0.9980,43,37.964157,3.1921,-0.5682
BiancaGolden_CircleTurns,119.3891,-56.8344,143.8932,4.6104,1.7734,161.7689,-0.9123,0.3986,0.0941,0.9980,43,37.977642,3.1939,-0.5683
BiancaGolden_CircleTurns,119.5808,-56.8322,143.9720,4.8167,2.3131,161.6393,-0.9110,0.4046,0.0792,0.9980,44,37.993183,3.1958,-0.5683
BiancaGolden_CircleTurns,119.7639,-56.8440,144.0591,4.9072,2.8143,161.3738,-0.9121,0.4039,0.0701,0.9980,44,38.006645,3.1976,-0.5684
BiancaGolden_CircleTurns,119.9291,-56.8259,144.1552,5.0242,3.2749,161.0691,-0.9127,0.4036,0.0633,0.9980,44,38.020218,3.1993,-0.5683
BiancaGolden_CircleTurns,120.0737,-56.7892,144.2515,5.2672,3.7262,160.8042,-0.9106,0.4072,0.0702,0.9980,45,38.033981,3.2007,-0.5679
BiancaGolden_CircleTurns,120.2002,-56.7591,144.3391,5.4741,4.1268,160.5655,-0.9095,0.4107,0.0638,0.9980,45,38.048763,3.2020,-0.5676
BiancaGolden_CircleTurns,120.2977,-56.7290,144.4014,5.6191,4.4010,160.3379,-0.9119,0.4058,0.0614,0.9980,46,38.062717,3.2030,-0.5673
BiancaGolden_CircleTurns,120.3706,-56.6971,144.4151,5.6721,4.5976,160.0972,-0.9102,0.4096,0.0618,0.9980,46,38.075970,3.2037,-0.5670
BiancaGolden_CircleTurns,120.4530,-56.6603,144.3913,5.6943,4.6187,159.8572,-0.9135,0.4055,0.0328,0.9980,47,38.090054,3.2045,-0.5666
BiancaGolden_CircleTurns,120.5182,-56.6298,144.3476,5.6725,4.4295,159.5615,-0.9148,0.4039,-0.0031,0.9980,47,38.103970,3.2052,-0.5663
BiancaGolden_CircleTurns,120.5744,-56.5877,144.2725,5.6533,3.9198,159.2476,-0.9124,0.4092,-0.0144,0.9980,47,38.117596,3.2057,-0.5659
BiancaGolden_CircleTurns,120.5999,-56.5382,144.1827,5.6676,3.2710,158.9162,-0.9170,0.3974,-0.0341,0.9980,48,38.131126,3.2060,-0.5654
BiancaGolden_CircleTurns,120.6478,-56.4992,144.0795,5.7973,2.6041,158.6295,-0.9160,0.3977,-0.0534,0.9980,48,38.144390,3.2065,-0.5650
BiancaGolden_CircleTurns,120.6916,-56.4756,143.9565,6.1031,1.5534,158.4028,-0.9155,0.3956,-0.0733,0.9980,49,38.159279,3.2069,-0.5648
BiancaGolden_CircleTurns,120.7215,-56.4544,143.8284,6.3187,0.4368,158.2036,-0.9170,0.3894,-0.0865,0.9980,49,38.172626,3.2072,-0.5645
BiancaGolden_CircleTurns,120.7695,-56.3988,143.7035,6.4559,-0.5015,157.9411,-0.9136,0.3967,-0.0896,0.9980,50,38.187237,3.2077,-0.5640
BiancaGolden_CircleTurns,120.7887,-56.3324,143.6425,6.5720,-1.1905,157.4309,-0.9089,0.4064,-0.0931,0.9980,50,38.200783,3.2079,-0.5633
BiancaGolden_CircleTurns,120.8093,-56.2080,143.6817,6.8736,-1.4703,156.8534,-0.9036,0.4179,-0.0941,0.9980,50,38.215443,3.2081,-0.5621
BiancaGolden_CircleTurns,120.7851,-56.0911,143.8593,7.3251,-1.4706,156.1675,-0.8721,0.4846,-0.0680,0.9980,51,38.232063,3.2079,-0.5609
BiancaGolden_CircleTurns,120.7789,-55.9717,143.8918,7.7288,-1.1863,155.6463,-0.8483,0.5283,-0.0361,0.9980,51,38.242496,3.2078,-0.5597
BiancaGolden_CircleTurns,120.8188,-55.9083,143.8752,7.9898,-0.7221,155.1270,-0.8395,0.5433,-0.0120,0.9980,52,38.256733,3.2082,-0.5591
BiancaGolden_CircleTurns,120.8598,-55.8515,143.8251,8.1132,-0.4862,154.6367,-0.8350,0.5503,-0.0049,0.9980,52,38.270397,3.2086,-0.5585
BiancaGolden_CircleTurns,120.9418,-55.7763,143.7986,8.2203,-0.4966,154.0999,-0.8288,0.5596,-0.0049,0.9980,52,38.284817,3.2094,-0.5578
BiancaGolden_CircleTurns,121.0232,-55.6738,143.8051,8.3414,-0.5104,153.4595,-0.8294,0.5587,-0.0023,0.9980,53,38.297871,3.2102,-0.5567
BiancaGolden_CircleTurns,121.1151,-55.5443,143.8502,8.6018,-0.4840,152.7274,-0.8255,0.5644,-0.0005,0.9980,53,38.311028,3.2112,-0.5554
BiancaGolden_CircleTurns,121.2083,-55.4410,143.8885,8.8771,-0.3543,151.9486,-0.8232,0.5677,-0.0045,0.9980,54,38.326683,3.2121,-0.5544
BiancaGolden_CircleTurns,121.2946,-55.3195,143.9145,9.1144,-0.2060,151.0870,-0.8170,0.5766,-0.0023,0.9980,54,38.340271,3.2129,-0.5532
BiancaGolden_CircleTurns,121.3825,-55.1940,143.9447,9.3217,-0.0526,150.1821,-0.8182,0.5749,0.0022,0.9980,55,38.354698,3.2138,-0.5519
BiancaGolden_CircleTurns,121.4741,-55.0539,143.9957,9.6080,0.1390,149.2115,-0.8081,0.5890,0.0048,0.9980,55,38.367790,3.2147,-0.5505
BiancaGolden_CircleTurns,121.5702,-54.9230,144.0473,9.9388,0.2816,148.1937,-0.8004,0.5994,0.0091,0.9980,55,38.382050,3.2157,-0.5492
BiancaGolden_CircleTurns,121.6856,-54.7888,144.0795,10.3140,0.4196,147.1856,-0.7964,0.6047,0.0061,0.9980,56,38.395489,3.2169,-0.5479
BiancaGolden_CircleTurns,121.8107,-54.6630,144.0916,10.5919,0.4900,146.0784,-0.7975,0.6033,0.0009,0.9980,56,38.408604,3.2181,-0.5466
BiancaGolden_CircleTurns,121.9337,-54.5241,144.1023,10.8670,0.5961,144.9880,-0.7931,0.6090,-0.0029,0.9980,57,38.424324,3.2193,-0.5452
BiancaGolden_CircleTurns,122.0666,-54.3770,144.1396,11.1483,0.6801,143.8885,-0.7813,0.6242,-0.0005,0.9980,57,38.437553,3.2207,-0.5438
BiancaGolden_CircleTurns,122.1829,-54.2475,144.1883,11.3597,0.8112,142.7905,-0.7842,0.6205,-0.0061,0.9980,57,38.451733,3.2218,-0.5425
BiancaGolden_CircleTurns,122.2934,-54.1136,144.2351,11.5641,0.9932,141.7185,-0.7806,0.6250,-0.0085,0.9980,58,38.465126,3.2229,-0.5411
BiancaGolden_CircleTurns,122.4211,-53.9887,144.2718,11.7468,1.1408,140.7238,-0.7698,0.6383,-0.0069,0.9980,58,38.478207,3.2242,-0.5399
BiancaGolden_CircleTurns,122.5278,-53.8787,144.2813,11.8612,1.3726,139.7754,-0.7407,0.6712,-0.0303,0.9980,59,38.493412,3.2253,-0.5388
BiancaGolden_CircleTurns,122.6385,-53.7890,144.3001,11.9489,1.5295,138.9093,-0.7256,0.6872,-0.0353,0.9980,59,38.507011,3.2264,-0.5379
BiancaGolden_CircleTurns,122.7394,-53.7027,144.3225,12.0421,1.6636,138.1364,-0.7157,0.6970,-0.0454,0.9980,60,38.521049,3.2274,-0.5370
BiancaGolden_CircleTurns,122.8299,-53.6222,144.3349,12.1879,1.7746,137.4981,-0.7097,0.7031,-0.0447,0.9980,60,38.534134,3.2283,-0.5362
BiancaGolden_CircleTurns,122.9112,-53.5560,144.3508,12.1920,1.8149,137.0467,-0.7201,0.6920,-0.0506,0.9980,60,38.548527,3.2291,-0.5356
BiancaGolden_CircleTurns,122.9837,-53.4975,144.3434,12.1439,1.8642,136.5961,-0.7293,0.6820,-0.0552,0.9980,61,38.561951,3.2298,-0.5350
BiancaGolden_CircleTurns,123.0518,-53.4452,144.3321,12.0562,1.8440,136.2500,-0.7349,0.6753,-0.0628,0.9980,61,38.574795,3.2305,-0.5345
BiancaGolden_CircleTurns,123.0978,-53.4113,144.3059,11.9135,1.7766,136.0326,-0.7324,0.6774,-0.0680,0.9980,62,38.589096,3.2310,-0.5341
BiancaGolden_CircleTurns,123.1568,-53.3703,144.2937,11.8239,1.6234,135.8690,-0.7324,0.6772,-0.0710,0.9980,62,38.602146,3.2316,-0.5337
BiancaGolden_CircleTurns,123.1938,-53.3414,144.2765,11.6749,1.4561,135.8306,-0.6787,0.7263,-0.1091,0.9980,62,38.615902,3.2319,-0.5334
BiancaGolden_CircleTurns,123.2126,-53.3127,144.2499,11.5115,1.2938,135.8795,-0.6790,0.7254,-0.1129,0.9980,63,38.629940,3.2321,-0.5331
BiancaGolden_CircleTurns,123.2260,-53.2851,144.2329,11.3438,1.1309,135.9122,-0.6857,0.7161,-0.1307,0.9980,63,38.641529,3.2323,-0.5329
BiancaGolden_CircleTurns,123.2291,-53.2598,144.2159,11.2887,0.9792,136.1056,-0.6887,0.7125,-0.1345,0.9980,64,38.658310,3.2323,-0.5326
BiancaGolden_CircleTurns,123.2374,-53.2311,144.1944,11.2970,0.7792,136.3042,-0.6906,0.7098,-0.1387,0.9980,64,38.672668,3.2324,-0.5323
BiancaGolden_CircleTurns,123.2272,-53.2168,144.1493,11.2536,0.5345,136.4827,-0.6990,0.7000,-0.1462,0.9980,65,38.687943,3.2323,-0.5322
BiancaGolden_CircleTurns,123.2368,-53.1858,144.0552,10.9891,0.0263,136.6630,-0.6996,0.6979,-0.1536,0.9980,65,38.701874,3.2324,-0.5319
BiancaGolden_CircleTurns,123.2304,-53.1585,143.9953,10.6003,-0.3892,136.7167,-0.7014,0.6943,-0.1610,0.9980,65,38.717030,3.2323,-0.5316
BiancaGolden_CircleTurns,123.2467,-53.1067,143.9608,10.4122,-0.7982,136.6619,-0.7019,0.6938,-0.1614,0.9980,66,38.734177,3.2325,-0.5311
BiancaGolden_CircleTurns,123.2700,-53.0365,143.9474,10.4293,-1.2092,136.5384,-0.6993,0.6951,-0.1669,0.9980,66,38.745365,3.2327,-0.5304
BiancaGolden_CircleTurns,123.2719,-52.9728,143.9247,10.4866,-1.5174,136.3992,-0.6988,0.6956,-0.1670,0.9980,67,38.760410,3.2327,-0.5297
BiancaGolden_CircleTurns,123.2791,-52.8959,143.8737,10.5541,-1.8324,136.2195,-0.6956,0.6975,-0.1721,0.9980,67,38.774551,3.2328,-0.5290
BiancaGolden_CircleTurns,123.2665,-52.8328,143.8020,10.5473,-2.1302,136.0135,-0.6928,0.6991,-0.1769,0.9980,68,38.789040,3.2327,-0.5283
BiancaGolden_CircleTurns,123.2552,-52.7583,143.7280,10.5863,-2.4813,135.8211,-0.6902,0.7008,-0.1806,0.9980,68,38.802704,3.2326,-0.5276
BiancaGolden_CircleTurns,123.2334,-52.6858,143.6569,10.6241,-2.9313,135.6563,-0.6874,0.7012,-0.1891,0.9980,68,38.817417,3.2323,-0.5269
BiancaGolden_CircleTurns,123.2070,-52.6115,143.5715,10.6745,-3.4033,135.5167,-0.6861,0.7013,-0.1933,0.9980,69,38.830818,3.2321,-0.5261
BiancaGolden_CircleTurns,123.1973,-52.5397,143.4487,10.7026,-4.0344,135.4089,-0.6838,0.7008,-0.2030,0.9980,69,38.844963,3.2320,-0.5254
BiancaGolden_CircleTurns,123.1579,-52.4729,143.3435,10.6441,-4.5937,135.2460,-0.6834,0.7010,-0.2039,0.9980,70,38.860119,3.2316,-0.5247
BiancaGolden_CircleTurns,123.1276,-52.3843,143.2398,10.5422,-5.2174,135.1021,-0.6798,0.7014,-0.2143,0.9980,70,38.873852,3.2313,-0.5238
BiancaGolden_CircleTurns,123.0481,-52.2956,143.1269,10.5156,-5.8504,134.9309,-0.6791,0.7024,-0.2133,0.9980,71,38.888191,3.2305,-0.5230
BiancaGolden_CircleTurns,122.9681,-52.2021,142.9732,10.5804,-6.5684,134.8513,-0.6839,0.6978,-0.2130,0.9980,71,38.902428,3.2297,-0.5220
BiancaGolden_CircleTurns,122.9746,-52.1482,142.7007,10.5785,-7.6624,134.8210,-0.6754,0.6967,-0.2418,0.9980,72,38.929146,3.2297,-0.5215
BiancaGolden_CircleTurns,122.9277,-51.9956,142.3179,10.3852,-9.3536,134.4928,-0.6695,0.6973,-0.2558,0.9980,72,38.941967,3.2293,-0.5200
BiancaGolden_CircleTurns,122.8981,-51.9223,142.1513,10.3090,-10.1846,134.2154,-0.6647,0.6992,-0.2631,0.9980,73,38.957260,3.2290,-0.5192
BiancaGolden_CircleTurns,122.8504,-51.8294,142.0506,10.3522,-10.8470,133.9938,-0.6664,0.7024,-0.2500,0.9980,73,38.970360,3.2285,-0.5183
BiancaGolden_CircleTurns,122.7913,-51.7406,141.9814,10.5665,-11.3151,133.8703,-0.6672,0.7046,-0.2416,0.9980,73,38.985081,3.2279,-0.5174
BiancaGolden_CircleTurns,122.7338,-51.6766,141.8631,10.7182,-11.6681,133.7740,-0.6709,0.7032,-0.2351,0.9980,74,38.999577,3.2273,-0.5168
BiancaGolden_CircleTurns,122.6870,-51.6263,141.7127,10.6847,-12.0493,133.7218,-0.6788,0.7011,-0.2182,0.9980,74,39.013893,3.2269,-0.5163
BiancaGolden_CircleTurns,122.6562,-51.5678,141.5899,10.5669,-12.3286,133.6490,-0.6771,0.7015,-0.2223,0.9980,75,39.028740,3.2266,-0.5157
BiancaGolden_CircleTurns,122.6219,-51.5069,141.5022,10.5529,-12.5685,133.5630,-0.6765,0.7016,-0.2240,0.9980,75,39.043213,3.2262,-0.5151
BiancaGolden_CircleTurns,122.5728,-51.4611,141.4395,10.6270,-12.7684,133.5060,-0.6814,0.6979,-0.2206,0.9980,76,39.057365,3.2257,-0.5146
BiancaGolden_CircleTurns,122.5229,-51.4262,141.3460,10.6976,-13.0232,133.4995,-0.6862,0.6972,-0.2074,0.9980,76,39.071815,3.2252,-0.5143
BiancaGolden_CircleTurns,122.4826,-51.4024,141.2419,10.6868,-13.3306,133.5174,-0.6892,0.6953,-0.2040,0.9980,76,39.086220,3.2248,-0.5140
BiancaGolden_CircleTurns,122.4509,-51.4049,141.1518,10.6534,-13.6740,133.6294,-0.6916,0.6926,-0.2047,0.9980,77,39.099857,3.2245,-0.5140
BiancaGolden_CircleTurns,122.3863,-51.4088,141.0872,10.6383,-13.9320,133.7427,-0.6929,0.6904,-0.2078,0.9980,77,39.113239,3.2239,-0.5141
BiancaGolden_CircleTurns,122.3185,-51.4050,141.0715,10.5690,-14.1172,133.8886,-0.6997,0.6847,-0.2039,0.9980,78,39.128777,3.2232,-0.5140
BiancaGolden_CircleTurns,122.2440,-51.3903,141.0442,10.5712,-14.2431,134.0444,-0.7054,0.6815,-0.1948,0.9980,78,39.141991,3.2224,-0.5139
BiancaGolden_CircleTurns,122.1797,-51.3952,141.0067,10.5824,-14.3472,134.2964,-0.7102,0.6772,-0.1925,0.9980,79,39.157124,3.2218,-0.5140
BiancaGolden_CircleTurns,122.1141,-51.4141,140.9673,10.5481,-14.5128,134.6140,-0.7159,0.6736,-0.1836,0.9980,79,39.170731,3.2211,-0.5141
BiancaGolden_CircleTurns,122.0173,-51.4593,140.9391,10.3992,-14.6379,135.0722,-0.7219,0.6673,-0.1834,0.9980,79,39.185284,3.2202,-0.5146
BiancaGolden_CircleTurns,121.9089,-51.5121,140.9204,10.1423,-14.7684,135.5736,-0.7281,0.6599,-0.1855,0.9980,80,39.198803,3.2191,-0.5151
BiancaGolden_CircleTurns,121.8077,-51.5730,140.9048,9.8408,-14.8984,136.1539,-0.7568,0.6253,-0.1903,0.9980,80,39.212582,3.2181,-0.5157
BiancaGolden_CircleTurns,121.7078,-51.6329,140.8967,9.5191,-14.9462,136.7767,-0.8130,0.5549,-0.1764,0.9980,81,39.227612,3.2171,-0.5163
BiancaGolden_CircleTurns,121.6351,-51.6956,140.9180,9.2190,-14.8784,137.4469,-0.8391,0.5183,-0.1649,0.9980,81,39.245468,3.2164,-0.5170
BiancaGolden_CircleTurns,121.5411,-51.7555,140.9724,8.8183,-14.5566,138.0404,-0.8453,0.5104,-0.1579,0.9980,82,39.257038,3.2154,-0.5176
BiancaGolden_CircleTurns,121.4582,-51.8043,141.0702,8.4955,-14.1874,138.5659,-0.8500,0.5053,-0.1489,0.9980,82,39.269085,3.2146,-0.5180
BiancaGolden_CircleTurns,121.3946,-51.8487,141.1620,8.1784,-13.7131,139.0051,-0.8525,0.5030,-0.1423,0.9980,82,39.283325,3.2139,-0.5185
BiancaGolden_CircleTurns,121.3286,-51.8939,141.2349,7.9723,-13.2536,139.3539,-0.8474,0.5132,-0.1361,0.9980,83,39.296474,3.2133,-0.5189
BiancaGolden_CircleTurns,121.3011,-51.9411,141.2767,7.8187,-12.8371,139.6812,-0.8449,0.5183,-0.1322,0.9980,83,39.309387,3.2130,-0.5194
BiancaGolden_CircleTurns,121.2559,-52.0218,141.3147,7.7001,-12.4181,139.9039,-0.8458,0.5167,-0.1331,0.9980,84,39.324787,3.2126,-0.5202
BiancaGolden_CircleTurns,121.2174,-52.1066,141.3518,7.5909,-12.0128,140.1391,-0.8486,0.5139,-0.1253,0.9980,84,39.338394,3.2122,-0.5211
BiancaGolden_CircleTurns,121.1421,-52.1881,141.4114,7.4105,-11.6089,140.3974,-0.8444,0.5229,-0.1162,0.9980,84,39.352425,3.2114,-0.5219
BiancaGolden_CircleTurns,121.0770,-52.2585,141.4683,7.2990,-11.1373,140.6777,-0.8437,0.5220,-0.1251,0.9980,85,39.366543,3.2108,-0.5226
BiancaGolden_CircleTurns,121.0086,-52.3515,141.5412,7.1762,-10.7117,140.9281,-0.8388,0.5302,-0.1235,0.9980,85,39.379623,3.2101,-0.5235
BiancaGolden_CircleTurns,120.9573,-52.4344,141.6172,7.1510,-10.1370,141.1942,-0.8401,0.5313,-0.1092,0.9980,86,39.395039,3.2096,-0.5243
BiancaGolden_CircleTurns,120.8864,-52.5375,141.7741,7.1537,-9.1222,141.5351,-0.8502,0.5237,-0.0533,0.9980,87,39.421661,3.2089,-0.5254
BiancaGolden_CircleTurns,120.7340,-52.7146,142.0157,7.0082,-7.6557,142.2231,-0.8545,0.5180,-0.0374,0.9980,87,39.436039,3.2073,-0.5271
BiancaGolden_CircleTurns,120.6664,-52.8250,142.1481,6.9984,-6.7440,142.6370,-0.8607,0.5087,0.0188,0.9980,87,39.449493,3.2067,-0.5283
BiancaGolden_CircleTurns,120.6316,-52.9397,142.2276,6.9445,-5.9384,143.0356,-0.8583,0.5116,0.0405,0.9980,88,39.463188,3.2063,-0.5294
BiancaGolden_CircleTurns,120.6013,-53.0505,142.2908,6.8928,-5.3115,143.4691,-0.8615,0.5054,0.0490,0.9980,88,39.477352,3.2060,-0.5305
BiancaGolden_CircleTurns,120.5694,-53.1762,142.3356,6.9041,-4.8211,143.8667,-0.8641,0.5016,0.0406,0.9980,89,39.491585,3.2057,-0.5318
BiancaGolden_CircleTurns,120.5341,-53.2860,142.4069,6.8797,-4.4360,144.2616,-0.8634,0.5030,0.0377,0.9980,89,39.505245,3.2053,-0.5329
BiancaGolden_CircleTurns,120.5064,-53.3805,142.4860,6.8464,-4.0683,144.5605,-0.8654,0.4992,0.0435,0.9980,89,39.520168,3.2051,-0.5338
BiancaGolden_CircleTurns,120.4869,-53.4487,142.5609,6.8304,-3.7373,144.8090,-0.8652,0.5010,0.0209,0.9980,90,39.533833,3.2049,-0.5345
BiancaGolden_CircleTurns,120.4742,-53.5097,142.6219,6.8829,-3.4386,145.0689,-0.8612,0.5080,0.0191,0.9980,90,39.547028,3.2047,-0.5351
BiancaGolden_CircleTurns,120.4622,-53.5858,142.6670,6.9380,-3.2213,145.2858,-0.8601,0.5102,-0.0027,0.9980,91,39.562492,3.2046,-0.5359
BiancaGolden_CircleTurns,120.4422,-53.6798,142.6970,6.9356,-3.0096,145.5090,-0.8589,0.5120,-0.0111,0.9980,91,39.576149,3.2044,-0.5368
BiancaGolden_CircleTurns,120.4337,-53.7476,142.7280,6.8373,-2.8722,145.7347,-0.8581,0.5132,-0.0169,0.9980,92,39.590916,3.2043,-0.5375
BiancaGolden_CircleTurns,120.4006,-53.8189,142.7621,6.7589,-2.7322,145.9213,-0.8571,0.5150,-0.0134,0.9980,92,39.604603,3.2040,-0.5382
BiancaGolden_CircleTurns,120.3652,-53.8697,142.8084,6.7187,-2.5442,146.1334,-0.8589,0.5119,-0.0116,0.9980,92,39.618164,3.2037,-0.5387
BiancaGolden_CircleTurns,120.3267,-53.9316,142.8444,6.6713,-2.4408,146.3369,-0.8597,0.5103,-0.0223,0.9980,93,39.631481,3.2033,-0.5393
BiancaGolden_CircleTurns,120.2836,-53.9940,142.8511,6.5981,-2.3808,146.5735,-0.8602,0.5089,-0.0340,0.9980,93,39.645168,3.2028,-0.5399
BiancaGolden_CircleTurns,120.2406,-54.0638,142.8304,6.5435,-2.4080,146.8608,-0.8581,0.5109,-0.0516,0.9980,94,39.660015,3.2024,-0.5406
BiancaGolden_CircleTurns,120.1868,-54.1422,142.8044,6.4709,-2.4903,147.1462,-0.8603,0.5063,-0.0601,0.9980,94,39.673935,3.2019,-0.5414
BiancaGolden_CircleTurns,120.1219,-54.2146,142.7811,6.3713,-2.6457,147.4741,-0.8740,0.4803,-0.0731,0.9980,95,39.687748,3.2012,-0.5421
BiancaGolden_CircleTurns,120.0632,-54.2838,142.7411,6.3137,-2.8507,147.8187,-0.8771,0.4740,-0.0781,0.9980,95,39.701687,3.2006,-0.5428
BiancaGolden_CircleTurns,119.9846,-54.3432,142.6897,6.3055,-3.1342,148.2205,-0.8955,0.4190,-0.1501,0.9980,95,39.716728,3.1998,-0.5434
BiancaGolden_CircleTurns,119.9107,-54.4219,142.6313,6.2874,-3.4326,148.6243,-0.8979,0.4096,-0.1615,0.9980,96,39.732658,3.1991,-0.5442
BiancaGolden_CircleTurns,119.8335,-54.5031,142.5644,6.2591,-3.7390,149.0599,-0.8987,0.4023,-0.1749,0.9980,96,39.743526,3.1983,-0.5450
BiancaGolden_CircleTurns,119.7710,-54.5800,142.4927,6.2739,-4.0152,149.5191,-0.8963,0.4064,-0.1772,0.9980,97,39.758392,3.1977,-0.5458
BiancaGolden_CircleTurns,119.6774,-54.6677,142.4298,6.2593,-4.2367,149.9378,-0.8992,0.3990,-0.1798,0.9980,97,39.771603,3.1968,-0.5467
BiancaGolden_CircleTurns,119.5905,-54.7452,142.3913,6.2101,-4.3910,150.3890,-0.8997,0.3982,-0.1789,0.9980,97,39.786026,3.1959,-0.5475
BiancaGolden_CircleTurns,119.5105,-54.8148,142.3509,6.1753,-4.5620,150.8302,-0.8999,0.3980,-0.1783,0.9980,98,39.799404,3.1951,-0.5481
BiancaGolden_CircleTurns,119.4250,-54.8748,142.2956,6.1108,-4.7314,151.2479,-0.9024,0.3918,-0.1794,0.9980,98,39.812843,3.1943,-0.5487
BiancaGolden_CircleTurns,119.3570,-54.9371,142.2277,6.0777,-5.0274,151.6565,-0.8994,0.4008,-0.1744,0.9980,99,39.827545,3.1936,-0.5494
BiancaGolden_CircleTurns,119.2979,-55.0096,142.1119,6.0650,-5.4119,152.0425,-0.8992,0.3988,-0.1798,0.9980,99,39.840992,3.1930,-0.5501
BiancaGolden_CircleTurns,119.2493,-55.0766,141.9845,5.9015,-5.9557,152.4053,-0.8992,0.3959,-0.1864,0.9980,100,39.855682,3.1925,-0.5508
BiancaGolden_CircleTurns,119.1923,-55.1492,141.8825,5.7102,-6.4472,152.7434,-0.8981,0.3978,-0.1876,0.9980,100,39.869179,3.1919,-0.5515
BiancaGolden_CircleTurns,119.1370,-55.2013,141.7965,5.5366,-6.9157,153.0770,-0.8972,0.4007,-0.1858,0.9980,100,39.884132,3.1914,-0.5520
BiancaGolden_CircleTurns,119.0618,-55.2520,141.7443,5.3871,-7.3017,153.4125,-0.8968,0.4024,-0.1837,0.9980,101,39.897480,3.1906,-0.5525
BiancaGolden_CircleTurns,118.9761,-55.3018,141.6906,5.3244,-7.6021,153.7634,-0.8985,0.3956,-0.1905,0.9980,101,39.910904,3.1898,-0.5530
BiancaGolden_CircleTurns,118.9109,-55.3666,141.6156,5.2281,-7.9988,154.1569,-0.8956,0.4001,-0.1947,0.9980,102,39.926022,3.1891,-0.5537
BiancaGolden_CircleTurns,118.8465,-55.4396,141.4981,5.0693,-8.4506,154.5426,-0.8963,0.3930,-0.2052,0.9980,102,39.939976,3.1885,-0.5544
BiancaGolden_CircleTurns,118.8096,-55.5005,141.3619,4.8642,-9.0700,154.9237,-0.8963,0.3893,-0.2122,0.9980,103,39.954281,3.1881,-0.5550
BiancaGolden_CircleTurns,118.7555,-55.5583,141.2398,4.7321,-9.6937,155.2646,-0.8919,0.3988,-0.2133,0.9980,103,39.967686,3.1876,-0.5556
BiancaGolden_CircleTurns,118.6893,-55.6098,141.1285,4.6052,-10.3247,155.5896,-0.8918,0.3923,-0.2256,0.9980,103,39.982716,3.1869,-0.5561
BiancaGolden_CircleTurns,118.6170,-55.6747,141.0077,4.5075,-11.0205,155.9255,-0.8913,0.3849,-0.2396,0.9980,104,39.995796,3.1862,-0.5567
BiancaGolden_CircleTurns,118.5623,-55.7362,140.8433,4.4247,-11.8740,156.3200,-0.8388,0.3692,-0.4001,0.9980,104,40.009094,3.1856,-0.5574
BiancaGolden_CircleTurns,118.5190,-55.7939,140.6541,4.3044,-12.8587,156.6841,-0.8341,0.3612,-0.4170,0.9980,105,40.024616,3.1852,-0.5579
BiancaGolden_CircleTurns,118.4772,-55.8595,140.4564,4.2155,-13.9177,157.0094,-0.7930,0.3454,-0.5019,0.9980,105,40.037518,3.1848,-0.5586
BiancaGolden_CircleTurns,118.4506,-55.9145,140.2774,4.2049,-14.9279,157.2739,-0.7481,0.3149,-0.5841,0.9980,105,40.052032,3.1845,-0.5591
BiancaGolden_CircleTurns,118.3977,-55.9440,140.1502,4.3155,-15.8066,157.5410,-0.7073,0.2968,-0.6416,0.9980,106,40.065857,3.1840,-0.5594
BiancaGolden_CircleTurns,118.3406,-55.9703,140.0445,4.4787,-16.5117,157.7961,-0.6845,0.2900,-0.6688,0.9980,106,40.078541,3.1834,-0.5597
BiancaGolden_CircleTurns,118.2805,-56.0031,139.9584,4.6731,-17.0549,158.1100,-0.6811,0.2855,-0.6742,0.9980,107,40.094757,3.1828,-0.5600
BiancaGolden_CircleTurns,118.2281,-56.0430,139.8521,4.7275,-17.4753,158.3734,-0.6767,0.2911,-0.6763,0.9980,107,40.108284,3.1823,-0.5604
BiancaGolden_CircleTurns,118.1817,-56.0739,139.7691,4.5924,-17.7386,158.6223,-0.6765,0.2870,-0.6782,0.9980,108,40.122620,3.1818,-0.5607
BiancaGolden_CircleTurns,118.1350,-56.0878,139.7298,4.4455,-17.8326,158.8158,-0.6820,0.3000,-0.6670,0.9980,108,40.135605,3.1813,-0.5609
BiancaGolden_CircleTurns,118.1096,-56.0920,139.7088,4.3229,-17.8397,158.9444,-0.6869,0.3045,-0.6599,0.9980,108,40.150139,3.1811,-0.5609
BiancaGolden_CircleTurns,118.0909,-56.1156,139.6742,4.3196,-17.9150,158.9875,-0.6895,0.3141,-0.6526,0.9980,109,40.163219,3.1809,-0.5612
BiancaGolden_CircleTurns,118.1012,-56.1295,139.6140,4.3386,-18.0211,159.0433,-0.6941,0.3194,-0.6451,0.9980,109,40.177067,3.1810,-0.5613
BiancaGolden_CircleTurns,118.1176,-56.1685,139.5324,4.3920,-18.1916,159.0781,-0.6915,0.3274,-0.6439,0.9980,110,40.191650,3.1812,-0.5617
BiancaGolden_CircleTurns,118.1289,-56.1846,139.4614,4.3835,-18.4553,159.1130,-0.6903,0.3282,-0.6448,0.9980,110,40.205402,3.1813,-0.5618
BiancaGolden_CircleTurns,118.1495,-56.2064,139.3857,4.3917,-18.7423,159.1444,-0.6907,0.3358,-0.6404,0.9980,110,40.220135,3.1815,-0.5621
BiancaGolden_CircleTurns,118.1543,-56.2271,139.3382,4.4090,-19.0394,159.1475,-0.6887,0.3348,-0.6432,0.9980,111,40.237045,3.1815,-0.5623
BiancaGolden_CircleTurns,118.1547,-56.2388,139.3108,4.4396,-19.2645,159.1830,-0.6937,0.3358,-0.6372,0.9980,111,40.246376,3.1815,-0.5624
BiancaGolden_CircleTurns,118.1410,-56.2555,139.2897,4.5317,-19.3863,159.2141,-0.6930,0.3361,-0.6379,0.9980,112,40.260860,3.1814,-0.5626
BiancaGolden_CircleTurns,118.1310,-56.2643,139.2694,4.6133,-19.4521,159.2227,-0.6958,0.3368,-0.6344,0.9980,112,40.274467,3.1813,-0.5626
BiancaGolden_CircleTurns,118.1267,-56.2727,139.2412,4.6858,-19.4520,159.2443,-0.6957,0.3374,-0.6341,0.9980,113,40.288570,3.1813,-0.5627
BiancaGolden_CircleTurns,118.1246,-56.2901,139.2103,4.7711,-19.4394,159.2381,-0.7059,0.3434,-0.6196,0.9980,113,40.301960,3.1812,-0.5629
BiancaGolden_CircleTurns,118.1262,-56.2965,139.1941,4.8687,-19.3701,159.2803,-0.7068,0.3455,-0.6173,0.9980,113,40.316601,3.1813,-0.5630
BiancaGolden_CircleTurns,118.1087,-56.3103,139.1833,4.9056,-19.2968,159.3030,-0.7059,0.3497,-0.6160,0.9980,114,40.330948,3.1811,-0.5631
BiancaGolden_CircleTurns,118.1179,-56.3157,139.1712,4.9132,-19.2355,159.3191,-0.7073,0.3534,-0.6123,0.9980,114,40.343445,3.1812,-0.5632
BiancaGolden_CircleTurns,118.1135,-56.3288,139.1328,4.9219,-19.2094,159.3307,-0.7070,0.3535,-0.6125,0.9980,115,40.358471,3.1811,-0.5633
BiancaGolden_CircleTurns,118.1234,-56.3351,139.1194,4.9347,-19.2283,159.3153,-0.7072,0.3524,-0.6129,0.9980,115,40.371910,3.1812,-0.5634
BiancaGolden_CircleTurns,118.1374,-56.3440,139.1028,4.9425,-19.2460,159.3077,-0.7069,0.3525,-0.6132,0.9980,116,40.387379,3.1814,-0.5634
BiancaGolden_CircleTurns,118.1554,-56.3544,139.0935,4.9592,-19.2710,159.2950,-0.7053,0.3494,-0.6169,0.9980,116,40.400429,3.1816,-0.5635
BiancaGolden_CircleTurns,118.1732,-56.3686,139.0882,5.0057,-19.2768,159.3064,-0.7050,0.3493,-0.6172,0.9980,116,40.414742,3.1817,-0.5637
BiancaGolden_CircleTurns,118.1940,-56.3829,139.0847,5.0361,-19.3028,159.3172,-0.7048,0.3489,-0.6177,0.9980,117,40.428173,3.1819,-0.5638
BiancaGolden_CircleTurns,118.2137,-56.3993,139.0771,5.0763,-19.3454,159.3553,-0.7042,0.3500,-0.6177,0.9980,117,40.441071,3.1821,-0.5640
BiancaGolden_CircleTurns,118.2328,-56.4224,139.0715,5.1392,-19.3639,159.3964,-0.6995,0.3482,-0.6241,0.9980,118,40.455727,3.1823,-0.5642
BiancaGolden_CircleTurns,118.2516,-56.4432,139.0662,5.2068,-19.4014,159.4614,-0.6797,0.2967,-0.6708,0.9980,118,40.470039,3.1825,-0.5644
BiancaGolden_CircleTurns,118.2688,-56.4631,139.0653,5.2344,-19.4113,159.5347,-0.6531,0.2701,-0.7075,0.9980,118,40.483910,3.1827,-0.5646
BiancaGolden_CircleTurns,118.2853,-56.4846,139.0648,5.2382,-19.4235,159.5901,-0.6442,0.2663,-0.7171,0.9980,119,40.497353,3.1829,-0.5648
BiancaGolden_CircleTurns,118.2998,-56.5107,139.0672,5.2563,-19.4114,159.6578,-0.6430,0.2651,-0.7185,0.9980,119,40.510891,3.1830,-0.5651
BiancaGolden_CircleTurns,118.3139,-56.5349,139.0660,5.3158,-19.4270,159.7649,-0.6429,0.2641,-0.7190,0.9980,120,40.526173,3.1831,-0.5653
BiancaGolden_CircleTurns,118.3268,-56.5614,139.0568,5.3772,-19.4720,159.8781,-0.6428,0.2585,-0.7211,0.9980,120,40.538879,3.1833,-0.5656
BiancaGolden_CircleTurns,118.3423,-56.5879,139.0425,5.4495,-19.5299,160.0248,-0.6409,0.2536,-0.7246,0.9980,120,40.553429,3.1834,-0.5659
BiancaGolden_CircleTurns,118.3610,-56.6445,139.0132,5.4972,-19.6434,160.2030,-0.6389,0.2536,-0.7263,0.9980,121,40.567966,3.1836,-0.5664
BiancaGolden_CircleTurns,118.3680,-56.6949,138.9990,5.5119,-19.6935,160.3738,-0.6380,0.2533,-0.7271,0.9980,121,40.580521,3.1837,-0.5669
BiancaGolden_CircleTurns,118.3790,-56.7260,138.9907,5.5361,-19.7723,160.5432,-0.6386,0.2515,-0.7273,0.9980,122,40.595692,3.1838,-0.5673
BiancaGolden_CircleTurns,118.3867,-56.7526,138.9782,5.5876,-19.7838,160.7365,-0.6385,0.2497,-0.7279,0.9980,122,40.608665,3.1839,-0.5675
BiancaGolden_CircleTurns,118.3955,-56.7748,138.9759,5.6401,-19.8001,160.9164,-0.6392,0.2481,-0.7279,0.9980,123,40.623039,3.1840,-0.5677
BiancaGolden_CircleTurns,118.4121,-56.8138,138.9522,5.7192,-19.7993,161.1141,-0.6346,0.2493,-0.7315,0.9980,123,40.636570,3.1841,-0.5681
BiancaGolden_CircleTurns,118.4166,-56.8551,138.9361,5.7799,-19.8460,161.3779,-0.6347,0.2482,-0.7318,0.9980,123,40.650822,3.1842,-0.5686
BiancaGolden_CircleTurns,118.4116,-56.9025,138.9190,5.7968,-19.8966,161.6626,-0.6342,0.2538,-0.7303,0.9980,124,40.664497,3.1841,-0.5690
BiancaGolden_CircleTurns,118.3986,-56.9515,138.9110,5.7385,-19.9359,161.9692,-0.6352,0.2499,-0.7308,0.9980,124,40.678005,3.1840,-0.5695
BiancaGolden_CircleTurns,118.3985,-56.9838,138.8946,5.7002,-19.9745,162.2816,-0.6357,0.2469,-0.7314,0.9980,125,40.692631,3.1840,-0.5698
BiancaGolden_CircleTurns,118.4055,-57.0257,138.8742,5.7645,-20.0485,162.5738,-0.6363,0.2418,-0.7325,0.9980,125,40.705647,3.1841,-0.5703
BiancaGolden_CircleTurns,118.4116,-57.0612,138.8473,5.7955,-20.1529,162.8427,-0.6350,0.2382,-0.7349,0.9980,125,40.720200,3.1841,-0.5706
BiancaGolden_CircleTurns,118.4189,-57.0899,138.8133,5.7564,-20.3230,163.0774,-0.6325,0.2368,-0.7374,0.9980,126,40.736885,3.1842,-0.5709
BiancaGolden_CircleTurns,118.4408,-57.1050,138.7781,5.7130,-20.4830,163.2288,-0.6298,0.2365,-0.7398,0.9980,126,40.747158,3.1844,-0.5710
BiancaGolden_CircleTurns,118.4720,-57.0919,138.7528,5.7181,-20.6994,163.3210,-0.6266,0.2372,-0.7424,0.9980,127,40.761959,3.1847,-0.5709
BiancaGolden_CircleTurns,118.4944,-57.0400,138.7499,5.8051,-20.9237,163.2421,-0.6227,0.2403,-0.7446,0.9980,127,40.775166,3.1849,-0.5704
BiancaGolden_CircleTurns,118.4927,-57.0796,138.7359,5.9675,-21.1264,163.0698,-0.6117,0.2278,-0.7576,0.9980,128,40.788998,3.1849,-0.5708
BiancaGolden_CircleTurns,118.5204,-56.9980,138.7446,6.1133,-21.2641,162.7050,-0.6081,0.2081,-0.7661,0.9980,128,40.802662,3.1852,-0.5700
BiancaGolden_CircleTurns,118.5813,-56.7070,138.8328,6.2187,-21.3351,162.0744,-0.6050,0.2152,-0.7666,0.9980,128,40.817226,3.1858,-0.5671
BiancaGolden_CircleTurns,118.6171,-56.5846,138.8438,6.2486,-21.3830,161.4087,-0.6106,0.2216,-0.7603,0.9980,129,40.830406,3.1862,-0.5658
BiancaGolden_CircleTurns,118.6483,-56.4606,138.8565,6.2706,-21.3722,160.6559,-0.6080,0.2294,-0.7601,0.9980,129,40.844299,3.1865,-0.5646
BiancaGolden_CircleTurns,118.6950,-56.3208,138.8706,6.3098,-21.3553,159.9164,-0.6057,0.2363,-0.7598,0.9980,130,40.858891,3.1870,-0.5632
BiancaGolden_CircleTurns,118.7419,-56.2022,138.8951,6.3509,-21.3267,159.1864,-0.6041,0.2405,-0.7597,0.9980,130,40.872356,3.1874,-0.5620
BiancaGolden_CircleTurns,118.7944,-56.0791,138.9146,6.3636,-21.2962,158.5246,-0.6036,0.2417,-0.7598,0.9980,130,40.886883,3.1879,-0.5608
BiancaGolden_CircleTurns,118.8590,-55.9788,138.9257,6.3801,-21.3117,157.8808,-0.6048,0.2349,-0.7609,0.9980,131,40.900330,3.1886,-0.5598
BiancaGolden_CircleTurns,118.9266,-55.8825,138.9259,6.3238,-21.3471,157.2806,-0.6062,0.2387,-0.7586,0.9980,131,40.913754,3.1893,-0.5588
BiancaGolden_CircleTurns,118.9997,-55.7925,138.9364,6.3017,-21.3673,156.7306,-0.6047,0.2455,-0.7576,0.9980,132,40.929722,3.1900,-0.5579
BiancaGolden_CircleTurns,119.0501,-55.6927,138.9548,6.3472,-21.2811,156.1603,-0.6065,0.2476,-0.7555,0.9980,132,40.943150,3.1905,-0.5569
BiancaGolden_CircleTurns,119.1083,-55.5888,138.9954,6.3588,-21.1317,155.5765,-0.6094,0.2430,-0.7547,0.9980,133,40.956882,3.1911,-0.5559
BiancaGolden_CircleTurns,119.1566,-55.5116,139.0254,6.4695,-20.9298,154.9504,-0.6145,0.2334,-0.7536,0.9980,133,40.971107,3.1916,-0.5551
BiancaGolden_CircleTurns,119.2525,-55.4357,139.0375,6.6331,-20.7018,154.4611,-0.6116,0.2362,-0.7551,0.9980,133,40.984928,3.1925,-0.5544
BiancaGolden_CircleTurns,119.3327,-55.3847,139.0520,6.7411,-20.5135,154.0147,-0.6150,0.2352,-0.7526,0.9980,134,40.998211,3.1933,-0.5538
BiancaGolden_CircleTurns,119.4236,-55.3550,139.0827,6.8465,-20.2607,153.5797,-0.6163,0.2418,-0.7495,0.9980,134,41.011501,3.1942,-0.5535
BiancaGolden_CircleTurns,119.5042,-55.3126,139.1461,6.9253,-19.9809,153.1755,-0.6229,0.2462,-0.7426,0.9980,135,41.026546,3.1950,-0.5531
BiancaGolden_CircleTurns,119.5855,-55.2685,139.2408,6.9712,-19.4953,152.7412,-0.6272,0.2545,-0.7361,0.9980,135,41.040241,3.1959,-0.5527
BiancaGolden_CircleTurns,119.6802,-55.2062,139.3437,6.9970,-18.9353,152.2958,-0.6449,0.2537,-0.7209,0.9980,136,41.054344,3.1968,-0.5521
BiancaGolden_CircleTurns,119.7557,-55.1440,139.5081,7.0816,-18.0635,151.8334,-0.6839,0.2822,-0.6728,0.9980,136,41.067829,3.1976,-0.5514
BiancaGolden_CircleTurns,119.8305,-55.0820,139.7085,7.2230,-17.1090,151.4338,-0.7698,0.3633,-0.5248,0.9980,136,41.081924,3.1983,-0.5508
BiancaGolden_CircleTurns,119.8888,-55.0633,139.9220,7.2829,-15.9010,151.0720,-0.7761,0.3732,-0.5082,0.9980,137,41.095913,3.1989,-0.5506
BiancaGolden_CircleTurns,119.9787,-55.0358,140.1251,7.3602,-14.7845,150.7231,-0.8222,0.4091,-0.3958,0.9980,137,41.108997,3.1998,-0.5504
BiancaGolden_CircleTurns,120.0856,-55.0501,140.3081,7.3218,-13.5695,150.4473,-0.8730,0.4406,-0.2091,0.9980,138,41.123924,3.2009,-0.5505
BiancaGolden_CircleTurns,120.2098,-55.0461,140.4930,7.3142,-12.5384,150.1992,-0.8797,0.4668,-0.0904,0.9980,138,41.137665,3.2021,-0.5505
BiancaGolden_CircleTurns,120.3415,-55.0660,140.6626,7.3212,-11.6605,150.0145,-0.8772,0.4799,-0.0158,0.9980,138,41.151749,3.2034,-0.5507
BiancaGolden_CircleTurns,120.4834,-55.0838,140.8223,7.3876,-10.9674,149.9198,-0.8767,0.4810,-0.0046,0.9980,139,41.165295,3.2048,-0.5508
BiancaGolden_CircleTurns,120.6070,-55.1146,140.9576,7.4529,-10.3241,149.8386,-0.8765,0.4814,0.0052,0.9980,139,41.178665,3.2061,-0.5511
BiancaGolden_CircleTurns,120.7140,-55.1639,141.1026,7.4608,-9.7689,149.8628,-0.8757,0.4828,-0.0039,0.9980,140,41.193493,3.2071,-0.5516
BiancaGolden_CircleTurns,120.8131,-55.2008,141.2636,7.4036,-9.2370,149.9117,-0.8836,0.4677,-0.0209,0.9980,140,41.207382,3.2081,-0.5520
BiancaGolden_CircleTurns,120.8894,-55.2422,141.4208,7.3354,-8.5976,150.0195,-0.8851,0.4638,-0.0376,0.9980,141,41.221474,3.2089,-0.5524
BiancaGolden_CircleTurns,120.9641,-55.2679,141.6164,7.2884,-7.9748,150.1979,-0.8865,0.4613,-0.0377,0.9980,141,41.244678,3.2096,-0.5527
BiancaGolden_CircleTurns,121.0232,-55.3050,141.7854,7.2266,-7.2769,150.2907,-0.8872,0.4595,-0.0419,0.9980,141,41.249767,3.2102,-0.5530
BiancaGolden_CircleTurns,121.0868,-55.3335,141.9298,7.1177,-6.6554,150.4037,-0.8882,0.4583,-0.0338,0.9980,142,41.263912,3.2109,-0.5533
BiancaGolden_CircleTurns,121.1730,-55.3519,142.0371,7.0772,-6.1928,150.4941,-0.8868,0.4592,-0.0517,0.9980,142,41.277596,3.2117,-0.5535
BiancaGolden_CircleTurns,121.2528,-55.3703,142.1252,7.0449,-5.8171,150.5867,-0.8866,0.4589,-0.0576,0.9980,143,41.293819,3.2125,-0.5537
BiancaGolden_CircleTurns,121.3831,-55.4111,142.2861,7.0515,-5.1043,150.7282,-0.8879,0.4541,-0.0732,0.9980,143,41.307350,3.2138,-0.5541
BiancaGolden_CircleTurns,121.4125,-55.4431,142.3481,6.9786,-5.0222,150.8232,-0.8897,0.4495,-0.0794,0.9980,144,41.322411,3.2141,-0.5544
BiancaGolden_CircleTurns,121.4249,-55.4500,142.3888,6.9185,-4.9639,150.9117,-0.8887,0.4485,-0.0950,0.9980,144,41.336494,3.2142,-0.5545
BiancaGolden_CircleTurns,121.4322,-55.4537,142.4227,6.8435,-4.9608,151.0318,-0.8916,0.4410,-0.1030,0.9980,144,41.351662,3.2143,-0.5545
BiancaGolden_CircleTurns,121.4304,-55.4561,142.4373,6.8547,-5.0139,151.1597,-0.8922,0.4391,-0.1058,0.9980,145,41.365574,3.2143,-0.5546
BiancaGolden_CircleTurns,121.4318,-55.4703,142.4245,6.8502,-5.1725,151.2730,-0.8885,0.4438,-0.1171,0.9980,145,41.379223,3.2143,-0.5547
BiancaGolden_CircleTurns,121.4368,-55.4879,142.3844,6.7776,-5.3576,151.3861,-0.8883,0.4420,-0.1245,0.9980,146,41.394875,3.2144,-0.5549
BiancaGolden_CircleTurns,121.4358,-55.4851,142.3436,6.6903,-5.5956,151.4837,-0.8874,0.4409,-0.1347,0.9980,146,41.409145,3.2144,-0.5549
BiancaGolden_CircleTurns,121.4291,-55.4784,142.3227,6.5952,-5.7453,151.5662,-0.8873,0.4390,-0.1412,0.9980,147,41.423729,3.2143,-0.5548
BiancaGolden_CircleTurns,121.4543,-55.5003,142.3927,6.5525,-5.7730,151.6334,-0.8881,0.4381,-0.1393,0.9980,147,41.437729,3.2145,-0.5550
BiancaGolden_CircleTurns,121.4180,-55.4941,142.3742,6.4942,-5.6518,151.6958,-0.8893,0.4368,-0.1355,0.9980,147,41.452206,3.2142,-0.5549
BiancaGolden_CircleTurns,121.3908,-55.4858,142.3876,6.3978,-5.3502,151.8050,-0.8879,0.4400,-0.1340,0.9980,148,41.466122,3.2139,-0.5549
BiancaGolden_CircleTurns,121.3681,-55.4829,142.4297,6.2938,-4.9661,151.9101,-0.8876,0.4429,-0.1265,0.9980,148,41.479591,3.2137,-0.5548
BiancaGolden_CircleTurns,121.3203,-55.5040,142.6275,6.1745,-4.4636,152.0137,-0.8882,0.4409,-0.1291,0.9980,149,41.495216,3.2132,-0.5550
BiancaGolden_CircleTurns,121.3459,-55.5415,142.7086,6.1363,-4.1189,152.1490,-0.8895,0.4395,-0.1253,0.9980,149,41.509029,3.2135,-0.5554
BiancaGolden_CircleTurns,121.3957,-55.5872,142.7419,6.0544,-3.9029,152.2502,-0.8898,0.4378,-0.1287,0.9980,150,41.523556,3.2140,-0.5559
BiancaGolden_CircleTurns,121.4547,-55.6514,142.7504,5.8931,-3.8209,152.3338,-0.8893,0.4366,-0.1362,0.9980,150,41.536961,3.2145,-0.5565
BiancaGolden_CircleTurns,121.5014,-55.7064,142.7872,5.7421,-3.7874,152.4390,-0.8885,0.4345,-0.1474,0.9980,150,41.551895,3.2150,-0.5571
BiancaGolden_CircleTurns,121.5240,-55.7756,142.8373,5.5305,-3.7377,152.5218,-0.8873,0.4370,-0.1471,0.9980,151,41.565453,3.2152,-0.5578
BiancaGolden_CircleTurns,121.5151,-55.8219,142.8857,5.3154,-3.6460,152.5949,-0.8879,0.4359,-0.1469,0.9980,151,41.579006,3.2152,-0.5582
BiancaGolden_CircleTurns,121.4862,-55.8461,142.9225,5.2646,-3.5460,152.6712,-0.8888,0.4344,-0.1457,0.9980,152,41.594231,3.2149,-0.5585
BiancaGolden_CircleTurns,121.4486,-55.8672,142.9530,5.3647,-3.4704,152.7810,-0.8882,0.4355,-0.1464,0.9980,152,41.607937,3.2145,-0.5587
BiancaGolden_CircleTurns,121.4417,-55.8841,142.9562,5.5210,-3.4852,152.9000,-0.8868,0.4353,-0.1553,0.9980,153,41.622589,3.2144,-0.5588
BiancaGolden_CircleTurns,121.4293,-55.9175,142.9444,5.6683,-3.5992,153.0064,-0.8862,0.4339,-0.1624,0.9980,153,41.636589,3.2143,-0.5592
BiancaGolden_CircleTurns,121.4418,-55.9341,142.9112,5.7754,-3.8161,153.0933,-0.8825,0.4384,-0.1704,0.9980,153,41.651592,3.2144,-0.5593
BiancaGolden_CircleTurns,121.4535,-55.9261,142.9305,5.8707,-3.9109,153.1443,-0.8818,0.4399,-0.1702,0.9980,154,41.665684,3.2145,-0.5593
BiancaGolden_CircleTurns,121.4489,-55.9058,143.0191,5.9245,-3.7880,153.1694,-0.8829,0.4400,-0.1642,0.9980,154,41.678963,3.2145,-0.5591
BiancaGolden_CircleTurns,121.4839,-55.8748,143.1745,5.8411,-3.4385,153.1844,-0.8828,0.4424,-0.1583,0.9980,155,41.693485,3.2148,-0.5587
BiancaGolden_CircleTurns,121.5902,-55.8260,143.3657,5.7638,-2.9441,153.2078,-0.8826,0.4442,-0.1543,0.9980,155,41.707417,3.2159,-0.5583
BiancaGolden_CircleTurns,121.7343,-55.7733,143.5275,5.5512,-2.5240,153.1639,-0.8821,0.4463,-0.1505,0.9980,156,41.721432,3.2173,-0.5577
BiancaGolden_CircleTurns,121.9102,-55.7153,143.7033,5.2194,-2.0684,153.0263,-0.8805,0.4509,-0.1466,0.9980,156,41.738781,3.2191,-0.5572
BiancaGolden_CircleTurns,122.0865,-55.6476,143.8914,4.8842,-1.7260,152.9072,-0.8799,0.4532,-0.1431,0.9980,156,41.750305,3.2209,-0.5565
BiancaGolden_CircleTurns,122.2512,-55.5649,144.1139,4.5259,-1.2925,152.8393,-0.8809,0.4536,-0.1348,0.9980,157,41.762333,3.2225,-0.5556
BiancaGolden_CircleTurns,122.4022,-55.4720,144.3322,4.1309,-0.8122,152.7954,-0.8804,0.4543,-0.1361,0.9980,157,41.775860,3.2240,-0.5547
BiancaGolden_CircleTurns,122.5072,-55.3612,144.5418,3.5917,-0.2528,152.7183,-0.8801,0.4545,-0.1370,0.9980,158,41.789822,3.2251,-0.5536
BiancaGolden_CircleTurns,122.5964,-55.2031,144.7237,3.0743,0.3298,152.6660,-0.8823,0.4505,-0.1361,0.9980,158,41.803280,3.2260,-0.5520
BiancaGolden_CircleTurns,122.6266,-54.9593,144.7924,2.7842,0.8392,152.7491,-0.8846,0.4500,-0.1225,0.9980,159,41.831844,3.2263,-0.5496
BiancaGolden_CircleTurns,122.7545,-54.5574,144.9951,2.1595,1.6215,152.7420,-0.8874,0.4503,-0.0990,0.9980,159,41.847301,3.2275,-0.5456
BiancaGolden_CircleTurns,122.7678,-54.2789,145.0084,1.8760,1.7913,152.7492,-0.8878,0.4492,-0.1007,0.9980,160,41.861370,3.2277,-0.5428
BiancaGolden_CircleTurns,122.7975,-53.9888,145.0131,1.5926,1.7499,152.7852,-0.8888,0.4497,-0.0885,0.9980,160,41.875126,3.2280,-0.5399
BiancaGolden_CircleTurns,122.7667,-53.6996,144.9564,1.0775,1.4382,152.7583,-0.8891,0.4485,-0.0914,0.9980,161,41.889095,3.2277,-0.5370
BiancaGolden_CircleTurns,122.7312,-53.3961,144.8894,0.5388,1.1200,152.7450,-0.8926,0.4387,-0.1037,0.9980,161,41.902573,3.2273,-0.5340
BiancaGolden_CircleTurns,122.6544,-53.0570,144.8072,-0.0297,0.5526,152.7489,-0.8925,0.4362,-0.1144,0.9980,161,41.917454,3.2265,-0.5306
BiancaGolden_CircleTurns,122.5797,-52.6703,144.7297,-0.4141,0.0459,152.8130,-0.8931,0.4308,-0.1298,0.9980,162,41.930557,3.2258,-0.5267
BiancaGolden_CircleTurns,122.4729,-52.2466,144.6209,-0.6550,-0.4495,152.9256,-0.8934,0.4281,-0.1364,0.9980,162,41.943783,3.2247,-0.5225
BiancaGolden_CircleTurns,122.3153,-51.8059,144.5504,-0.9909,-0.8386,153.0311,-0.8939,0.4252,-0.1421,0.9980,163,41.959217,3.2232,-0.5181
BiancaGolden_CircleTurns,122.1314,-51.3504,144.5095,-1.2846,-1.1794,153.1606,-0.8954,0.4215,-0.1438,0.9980,163,41.972473,3.2213,-0.5135
BiancaGolden_CircleTurns,121.9354,-50.8708,144.4648,-1.6677,-1.4506,153.3482,-0.8985,0.4156,-0.1415,0.9980,164,41.987457,3.2194,-0.5087
BiancaGolden_CircleTurns,121.7489,-50.3335,144.4106,-1.8494,-1.6878,153.6110,-0.9009,0.4117,-0.1375,0.9980,164,42.000542,3.2175,-0.5033
BiancaGolden_CircleTurns,121.5737,-49.8192,144.3163,-2.0526,-2.0232,153.7654,-0.9012,0.4089,-0.1436,0.9980,164,42.015182,3.2157,-0.4982
BiancaGolden_CircleTurns,121.3712,-49.2924,144.1824,-2.5945,-2.3890,153.8605,-0.9010,0.4067,-0.1513,0.9980,165,42.027668,3.2137,-0.4929
BiancaGolden_CircleTurns,121.1920,-48.7715,144.0790,-3.2614,-2.9019,153.9057,-0.8998,0.4061,-0.1595,0.9980,165,42.040817,3.2119,-0.4877
BiancaGolden_CircleTurns,120.9574,-48.2731,144.0429,-4.0068,-3.4789,154.0126,-0.9006,0.4019,-0.1655,0.9980,166,42.055756,3.2096,-0.4827
BiancaGolden_CircleTurns,120.7520,-47.8151,144.0430,-4.5954,-4.0741,154.3105,-0.9025,0.3950,-0.1718,0.9980,166,42.069180,3.2075,-0.4782
BiancaGolden_CircleTurns,120.5503,-47.4194,144.0333,-5.2471,-4.6473,154.6472,-0.9051,0.3893,-0.1710,0.9980,166,42.084785,3.2055,-0.4742
BiancaGolden_CircleTurns,120.3562,-47.0412,144.0177,-6.0464,-5.1860,155.0245,-0.9061,0.3829,-0.1799,0.9980,167,42.097820,3.2036,-0.4704
BiancaGolden_CircleTurns,120.1361,-46.6987,144.0750,-6.9577,-5.7349,155.3177,-0.9099,0.3769,-0.1736,0.9980,167,42.110397,3.2014,-0.4670
BiancaGolden_CircleTurns,119.8797,-46.3092,144.2322,-7.7935,-6.0413,155.5165,-0.9103,0.3741,-0.1770,0.9980,168,42.125572,3.1988,-0.4631
BiancaGolden_CircleTurns,119.5988,-45.9710,144.5902,-8.5329,-6.2683,155.6247,-0.8879,0.4104,-0.2076,0.9980,168,42.140079,3.1960,-0.4597
BiancaGolden_CircleTurns,119.2705,-45.6761,145.0864,-9.0758,-6.3833,155.8170,-0.8751,0.4210,-0.2385,0.9980,169,42.155224,3.1927,-0.4568
BiancaGolden_CircleTurns,118.9547,-45.3994,145.6031,-9.4674,-6.4465,156.1900,-0.8747,0.4165,-0.2479,0.9980,169,42.167488,3.1895,-0.4540
BiancaGolden_CircleTurns,118.6299,-45.2135,146.1826,-9.7215,-6.5055,156.6078,-0.8702,0.4048,-0.2808,0.9980,169,42.181999,3.1863,-0.4521
BiancaGolden_CircleTurns,118.3488,-45.1012,146.7580,-9.8389,-6.8021,157.1659,-0.8739,0.3932,-0.2857,0.9980,170,42.194981,3.1835,-0.4510
BiancaGolden_CircleTurns,118.0125,-45.0374,147.3251,-9.8537,-7.0964,157.8890,-0.8769,0.3833,-0.2902,0.9980,170,42.208706,3.1801,-0.4504
BiancaGolden_CircleTurns,117.6577,-44.9931,148.0078,-9.9357,-7.3611,158.4912,-0.9097,0.3108,-0.2754,0.9980,171,42.223492,3.1766,-0.4499
BiancaGolden_CircleTurns,117.2628,-44.9714,148.8227,-9.9974,-7.5780,159.0606,-0.9346,0.2830,-0.2155,0.9980,171,42.240475,3.1726,-0.4497
BiancaGolden_CircleTurns,116.8687,-45.0349,149.6916,-10.0487,-7.6800,159.5455,-0.9514,0.2598,-0.1652,0.9980,171,42.251282,3.1687,-0.4503
BiancaGolden_CircleTurns,116.5192,-45.2040,150.5339,-10.0487,-7.8161,159.9530,-0.9523,0.2530,-0.1705,0.9980,172,42.263718,3.1652,-0.4520
BiancaGolden_CircleTurns,116.2185,-45.5244,151.3220,-9.9460,-8.1133,160.3288,-0.9508,0.2296,-0.2080,0.9980,172,42.277077,3.1622,-0.4552
BiancaGolden_CircleTurns,115.9518,-45.9866,152.1754,-9.9032,-8.7463,160.7489,-0.9554,0.2320,-0.1830,0.9980,173,42.292549,3.1595,-0.4599
BiancaGolden_CircleTurns,115.6425,-46.5076,153.1047,-10.0487,-9.3931,161.1290,-0.9344,0.2966,-0.1975,0.9980,173,42.305851,3.1564,-0.4651
BiancaGolden_CircleTurns,115.3196,-47.1137,154.0458,-10.3427,-10.1548,161.3366,-0.9309,0.2990,-0.2099,0.9980,174,42.320919,3.1532,-0.4711
BiancaGolden_CircleTurns,115.0050,-47.6884,155.0475,-9.9110,-10.7937,161.6037,-0.9275,0.3001,-0.2229,0.9980,174,42.334122,3.1501,-0.4769
BiancaGolden_CircleTurns,114.6226,-48.3086,156.0303,-9.1610,-11.1474,161.7544,-0.9243,0.3021,-0.2332,0.9980,174,42.348770,3.1462,-0.4831
BiancaGolden_CircleTurns,114.2765,-49.0092,156.9629,-8.1854,-11.4907,161.9676,-0.9253,0.2947,-0.2385,0.9980,175,42.361546,3.1428,-0.4901
BiancaGolden_CircleTurns,113.9651,-49.7219,157.8149,-6.6948,-11.8074,162.4538,-0.9226,0.2986,-0.2442,0.9980,175,42.375393,3.1397,-0.4972
BiancaGolden_CircleTurns,113.6410,-50.4667,158.5872,-5.4667,-12.0926,162.7868,-0.9223,0.2983,-0.2459,0.9980,176,42.390430,3.1364,-0.5047
BiancaGolden_CircleTurns,113.2775,-51.2674,159.3005,-4.9380,-12.4660,162.9048,-0.9165,0.3085,-0.2545,0.9980,176,42.404011,3.1328,-0.5127
BiancaGolden_CircleTurns,112.9382,-51.9734,160.0545,-4.4925,-12.9131,163.2100,-0.9148,0.3084,-0.2610,0.9980,176,42.419121,3.1294,-0.5197
BiancaGolden_CircleTurns,112.6327,-52.6896,160.8224,-3.8655,-13.2362,163.7226,-0.9153,0.3022,-0.2661,0.9980,177,42.433357,3.1263,-0.5269
BiancaGolden_CircleTurns,112.3376,-53.4613,161.5184,-3.5822,-13.5520,164.0945,-0.9101,0.3162,-0.2677,0.9980,177,42.445625,3.1234,-0.5346
BiancaGolden_CircleTurns,112.0608,-54.1027,162.1712,-3.0876,-13.6287,164.1815,-0.9078,0.3260,-0.2639,0.9980,178,42.461140,3.1206,-0.5410
BiancaGolden_CircleTurns,111.7379,-54.7169,162.8852,-2.5796,-13.7588,164.0266,-0.9000,0.3449,-0.2666,0.9980,178,42.473911,3.1174,-0.5472
BiancaGolden_CircleTurns,111.4151,-55.2600,163.6145,-1.6686,-13.9700,164.0089,-0.8931,0.3566,-0.2742,0.9980,179,42.488468,3.1142,-0.5526
BiancaGolden_CircleTurns,111.0727,-55.7097,164.3926,-0.2552,-14.2597,164.2129,-0.8911,0.3620,-0.2738,0.9980,179,42.501701,3.1107,-0.5571
BiancaGolden_CircleTurns,110.6930,-56.0972,165.2135,1.2556,-14.3185,164.4641,-0.8899,0.3636,-0.2754,0.9980,179,42.516956,3.1069,-0.5610
BiancaGolden_CircleTurns,110.3760,-56.4416,166.0077,2.2307,-14.3437,164.5891,-0.8896,0.3632,-0.2771,0.9980,180,42.531387,3.1038,-0.5644
BiancaGolden_CircleTurns,110.1029,-56.7226,166.7389,2.9283,-14.5269,164.6312,-0.8828,0.3741,-0.2840,0.9980,180,42.542980,3.1010,-0.5672
BiancaGolden_CircleTurns,109.8775,-56.8511,167.5112,3.8969,-14.8969,164.6601,-0.8757,0.3927,-0.2809,0.9980,181,42.557907,3.0988,-0.5685
BiancaGolden_CircleTurns,109.6234,-56.9635,168.3573,4.8263,-15.2016,164.6854,-0.8727,0.3936,-0.2888,0.9980,181,42.571339,3.0962,-0.5696
BiancaGolden_CircleTurns,109.3699,-57.0391,169.2468,5.2402,-15.5109,164.6273,-0.8662,0.3967,-0.3039,0.9980,181,42.586205,3.0937,-0.5704
BiancaGolden_CircleTurns,109.1210,-57.0247,170.1814,5.2427,-15.8486,164.7119,-0.8617,0.3977,-0.3150,0.9980,182,42.599995,3.0912,-0.5702
BiancaGolden_CircleTurns,108.8765,-57.0350,171.1714,5.0575,-16.1939,164.6530,-0.8613,0.3950,-0.3195,0.9980,182,42.612453,3.0888,-0.5704
BiancaGolden_CircleTurns,108.6563,-56.9183,172.2049,5.0638,-16.4665,164.8084,-0.8608,0.3930,-0.3232,0.9980,183,42.627052,3.0866,-0.5692
BiancaGolden_CircleTurns,108.4649,-56.7851,173.2154,5.2708,-16.6183,164.8896,-0.8586,0.3966,-0.3249,0.9980,183,42.639786,3.0846,-0.5679
BiancaGolden_CircleTurns,108.2815,-56.6517,174.1756,5.3961,-16.6973,165.0065,-0.8577,0.3971,-0.3265,0.9980,183,42.653538,3.0828,-0.5665
BiancaGolden_CircleTurns,108.1263,-56.5127,175.2021,5.2006,-16.7489,165.1720,-0.8553,0.3953,-0.3349,0.9980,184,42.667156,3.0813,-0.5651
BiancaGolden_CircleTurns,107.9357,-56.3779,176.3334,4.8908,-16.8638,165.2568,-0.8556,0.3897,-0.3408,0.9980,184,42.680126,3.0794,-0.5638
BiancaGolden_CircleTurns,107.8229,-56.2204,177.5304,4.6077,-16.9351,165.3734,-0.8552,0.3869,-0.3448,0.9980,185,42.695690,3.0782,-0.5622
BiancaGolden_CircleTurns,107.7625,-56.0375,178.6670,4.6596,-17.2047,165.5422,-0.8549,0.3826,-0.3503,0.9980,185,42.709278,3.0776,-0.5604
BiancaGolden_CircleTurns,107.7484,-55.8616,179.7416,5.0447,-17.5342,165.8283,-0.8563,0.3746,-0.3556,0.9980,186,42.724373,3.0775,-0.5586
BiancaGolden_CircleTurns,107.7055,-55.7003,180.8428,5.4847,-17.8984,166.2576,-0.8554,0.3703,-0.3621,0.9980,186,42.741924,3.0771,-0.5570
BiancaGolden_CircleTurns,107.7204,-55.5624,181.9893,5.6618,-18.3028,166.7846,-0.8478,0.3661,-0.3837,0.9980,186,42.752773,3.0772,-0.5556
BiancaGolden_CircleTurns,107.8157,-55.4044,183.1562,5.4570,-18.7427,167.1579,-0.8460,0.3625,-0.3910,0.9980,187,42.765110,3.0782,-0.5540
BiancaGolden_CircleTurns,107.9455,-55.2316,184.3446,4.9166,-19.1088,167.3139,-0.8423,0.3619,-0.3994,0.9980,187,42.779076,3.0795,-0.5523
BiancaGolden_CircleTurns,108.0754,-55.0333,185.5602,4.5683,-19.2838,167.3905,-0.8401,0.3594,-0.4063,0.9980,188,42.793816,3.0808,-0.5503
BiancaGolden_CircleTurns,108.2025,-54.8348,186.7660,4.6559,-19.2663,167.5191,-0.8399,0.3579,-0.4080,0.9980,188,42.806648,3.0820,-0.5483
BiancaGolden_CircleTurns,108.3551,-54.7308,187.8904,4.7753,-19.2025,167.6958,-0.8363,0.3620,-0.4118,0.9980,189,42.821236,3.0836,-0.5473
BiancaGolden_CircleTurns,108.4862,-54.6762,188.9827,4.6974,-19.2277,167.9389,-0.8361,0.3584,-0.4153,0.9980,189,42.834808,3.0849,-0.5468
BiancaGolden_CircleTurns,108.6619,-54.6962,190.0420,4.3831,-19.2995,168.1489,-0.8319,0.3546,-0.4270,0.9980,189,42.850025,3.0866,-0.5470
BiancaGolden_CircleTurns,108.8365,-54.7238,191.0204,4.2661,-19.5208,168.3614,-0.8312,0.3508,-0.4313,0.9980,190,42.863060,3.0884,-0.5472
BiancaGolden_CircleTurns,108.9876,-54.7298,191.9581,4.3451,-19.8166,168.6024,-0.8221,0.3484,-0.4503,0.9980,190,42.876713,3.0899,-0.5473
BiancaGolden_CircleTurns,109.0550,-54.7872,192.9164,4.5394,-20.2158,168.7198,-0.8143,0.3430,-0.4682,0.9980,191,42.892883,3.0906,-0.5479
BiancaGolden_CircleTurns,108.9964,-54.8970,193.9604,4.6360,-20.6478,168.7609,-0.8092,0.3425,-0.4774,0.9980,191,42.906467,3.0900,-0.5490
BiancaGolden_CircleTurns,108.8666,-55.0541,195.0299,4.5118,-20.8178,168.7579,-0.8092,0.3407,-0.4786,0.9980,191,42.919746,3.0887,-0.5505
BiancaGolden_CircleTurns,108.7040,-55.2562,195.9531,4.1994,-20.7305,168.6373,-0.8108,0.3420,-0.4750,0.9980,192,42.932747,3.0870,-0.5526
BiancaGolden_CircleTurns,108.5633,-55.4719,196.6289,3.8468,-20.4718,168.5178,-0.8081,0.3462,-0.4767,0.9980,192,42.946720,3.0856,-0.5547
BiancaGolden_CircleTurns,108.3829,-55.7101,197.1614,3.4938,-20.0903,168.4235,-0.8112,0.3444,-0.4726,0.9980,193,42.961769,3.0838,-0.5571
BiancaGolden_CircleTurns,108.1873,-56.0252,197.5731,2.9886,-19.5852,168.2495,-0.8082,0.3430,-0.4787,0.9980,193,42.974998,3.0819,-0.5603
BiancaGolden_CircleTurns,108.0017,-56.3705,197.9356,2.4510,-19.2135,168.1023,-0.8090,0.3416,-0.4783,0.9980,194,42.989403,3.0800,-0.5637
BiancaGolden_CircleTurns,107.8871,-56.7483,198.0362,2.0156,-18.8911,168.0409,-0.8025,0.3405,-0.4900,0.9980,194,43.003086,3.0789,-0.5675
BiancaGolden_CircleTurns,107.8322,-57.1703,198.0095,1.7903,-18.7489,167.9996,-0.8026,0.3398,-0.4903,0.9980,194,43.017120,3.0783,-0.5717
BiancaGolden_CircleTurns,107.8674,-57.5899,197.7521,1.7060,-18.7044,168.0374,-0.8022,0.3397,-0.4910,0.9980,195,43.032215,3.0787,-0.5759
BiancaGolden_CircleTurns,107.9302,-58.0301,197.3700,1.7349,-18.7587,168.0453,-0.7789,0.3740,-0.5034,0.9980,195,43.043983,3.0793,-0.5803
BiancaGolden_CircleTurns,108.0254,-58.5209,196.9773,1.8162,-18.8286,167.9621,-0.7494,0.3708,-0.5486,0.9980,196,43.059246,3.0803,-0.5852
BiancaGolden_CircleTurns,108.1252,-59.0431,196.6625,1.8346,-18.9219,167.8566,-0.7510,0.2805,-0.5977,0.9980,196,43.072613,3.0813,-0.5904
BiancaGolden_CircleTurns,108.2870,-59.6076,196.3394,1.8169,-19.0620,167.7517,-0.7315,0.2785,-0.6224,0.9980,196,43.087063,3.0829,-0.5961
BiancaGolden_CircleTurns,108.4930,-60.1907,196.0297,1.7940,-19.3282,167.6794,-0.7271,0.2787,-0.6274,0.9980,197,43.100460,3.0849,-0.6019
BiancaGolden_CircleTurns,108.7297,-60.8066,195.7436,1.7650,-19.7001,167.5831,-0.6992,0.3571,-0.6193,0.9980,197,43.113888,3.0873,-0.6081
BiancaGolden_CircleTurns,108.8890,-61.3698,195.5439,1.7905,-20.1693,167.4768,-0.6806,0.3567,-0.6400,0.9980,198,43.128765,3.0889,-0.6137
BiancaGolden_CircleTurns,108.4999,-61.8877,196.1105,1.6047,-21.2476,167.2493,-0.6840,0.3564,-0.6365,0.9980,198,43.142372,3.0850,-0.6189
BiancaGolden_CircleTurns,108.1405,-62.4726,196.9732,0.7629,-20.4036,166.8408,-0.6955,0.3658,-0.6184,0.9980,199,43.157497,3.0814,-0.6247
BiancaGolden_CircleTurns,108.0462,-63.0056,197.0121,0.3478,-18.8876,166.0842,-0.7047,0.3709,-0.6048,0.9980,199,43.170792,3.0805,-0.6301
BiancaGolden_CircleTurns,108.3719,-63.4596,196.6290,0.9541,-18.0068,165.9619,-0.7075,0.3617,-0.6071,0.9980,199,43.185097,3.0837,-0.6346
BiancaGolden_CircleTurns,108.4947,-64.0638,196.3223,1.6168,-17.5324,165.6363,-0.7073,0.3658,-0.6050,0.9980,200,43.198299,3.0849,-0.6406
BiancaGolden_CircleTurns,108.4654,-64.5947,196.4803,1.8053,-17.4124,165.4214,-0.7039,0.3658,-0.6088,0.9980,200,43.211212,3.0847,-0.6459
BiancaGolden_CircleTurns,108.4177,-65.1561,197.1997,1.5105,-17.6352,165.1033,-0.7033,0.3656,-0.6097,0.9980,201,43.226017,3.0842,-0.6516
BiancaGolden_CircleTurns,108.3762,-65.7103,197.6705,0.9920,-17.6928,164.8808,-0.6979,0.3639,-0.6168,0.9980,201,43.243320,3.0838,-0.6571
BiancaGolden_CircleTurns,108.6122,-66.2015,197.7789,0.7667,-18.0768,164.7522,-0.6834,0.3604,-0.6349,0.9980,202,43.254536,3.0861,-0.6620
BiancaGolden_CircleTurns,108.9294,-66.6674,197.6486,0.6043,-18.7231,164.5090,-0.6743,0.3633,-0.6429,0.9980,202,43.267151,3.0893,-0.6667
BiancaGolden_CircleTurns,109.1318,-67.1071,197.6882,0.4828,-19.3070,164.0535,-0.6608,0.3665,-0.6550,0.9980,202,43.281071,3.0913,-0.6711
BiancaGolden_CircleTurns,109.1895,-67.4705,198.0220,0.5314,-19.6599,163.5580,-0.6547,0.3753,-0.6562,0.9980,203,43.294163,3.0919,-0.6747
BiancaGolden_CircleTurns,109.1208,-67.8036,198.5576,0.6348,-19.5940,163.0917,-0.6580,0.3833,-0.6481,0.9980,203,43.307411,3.0912,-0.6780
BiancaGolden_CircleTurns,109.0858,-68.1255,198.9494,0.8591,-19.1174,162.7064,-0.6625,0.3859,-0.6420,0.9980,204,43.322487,3.0909,-0.6813
BiancaGolden_CircleTurns,109.1646,-68.4500,199.1715,1.1392,-18.5864,162.4280,-0.6713,0.3936,-0.6280,0.9980,204,43.335770,3.0916,-0.6845
BiancaGolden_CircleTurns,109.2713,-68.7630,199.2818,1.4425,-18.2394,162.1737,-0.6777,0.3910,-0.6228,0.9980,204,43.350456,3.0927,-0.6876
BiancaGolden_CircleTurns,109.3844,-69.0422,199.4055,1.7394,-18.0329,161.9155,-0.6768,0.3966,-0.6202,0.9980,205,43.364021,3.0938,-0.6904
BiancaGolden_CircleTurns,109.4276,-69.2671,199.6062,2.0855,-17.9056,161.6603,-0.6759,0.4015,-0.6180,0.9980,205,43.377125,3.0943,-0.6927
BiancaGolden_CircleTurns,109.4417,-69.4627,199.8337,2.3145,-17.7827,161.3458,-0.6751,0.4054,-0.6164,0.9980,206,43.392418,3.0944,-0.6946
BiancaGolden_CircleTurns,109.4178,-69.6433,200.0265,2.4503,-17.6366,160.9551,-0.6697,0.3961,-0.6282,0.9980,206,43.406666,3.0942,-0.6964
BiancaGolden_CircleTurns,109.3828,-69.8024,200.1418,2.5547,-17.5440,160.5652,-0.6700,0.3949,-0.6286,0.9980,207,43.420704,3.0938,-0.6980
BiancaGolden_CircleTurns,109.3371,-69.9587,200.2149,2.6935,-17.5396,160.2679,-0.6669,0.3985,-0.6297,0.9980,207,43.434364,3.0934,-0.6996
BiancaGolden_CircleTurns,109.2821,-70.1213,200.2801,2.7875,-17.6378,159.9752,-0.6689,0.3955,-0.6294,0.9980,207,43.448784,3.0928,-0.7012
BiancaGolden_CircleTurns,109.1957,-70.2651,200.3411,2.7083,-17.7923,159.7697,-0.6704,0.3907,-0.6308,0.9980,208,43.463074,3.0920,-0.7027
BiancaGolden_CircleTurns,109.0322,-70.3887,200.4328,2.5707,-17.8126,159.5754,-0.6707,0.3897,-0.6311,0.9980,208,43.475418,3.0903,-0.7039
BiancaGolden_CircleTurns,108.8375,-70.4729,200.5274,2.4327,-17.6715,159.4305,-0.6755,0.3860,-0.6282,0.9980,209,43.490643,3.0884,-0.7047
BiancaGolden_CircleTurns,108.5829,-70.5324,200.6097,2.4258,-17.3333,159.3563,-0.6837,0.3796,-0.6233,0.9980,209,43.504539,3.0858,-0.7053
BiancaGolden_CircleTurns,108.3120,-70.5636,200.6627,2.5405,-16.9179,159.3522,-0.6876,0.3806,-0.6183,0.9980,209,43.518974,3.0831,-0.7056
BiancaGolden_CircleTurns,108.0527,-70.5725,200.6703,2.7196,-16.5705,159.4040,-0.6893,0.3813,-0.6161,0.9980,210,43.532352,3.0805,-0.7057
BiancaGolden_CircleTurns,107.7987,-70.5591,200.6236,2.8109,-16.4174,159.4444,-0.6869,0.3697,-0.6257,0.9980,210,43.545517,3.0780,-0.7056
BiancaGolden_CircleTurns,107.5312,-70.5125,200.5672,2.8664,-16.4394,159.4595,-0.6841,0.3693,-0.6289,0.9980,211,43.560539,3.0753,-0.7051
BiancaGolden_CircleTurns,107.2367,-70.4437,200.5408,2.8799,-16.5730,159.4233,-0.6729,0.3644,-0.6438,0.9980,211,43.573925,3.0724,-0.7044
BiancaGolden_CircleTurns,106.9149,-70.3489,200.5355,2.8605,-16.7283,159.3561,-0.6694,0.3682,-0.6453,0.9980,212,43.588139,3.0691,-0.7035
BiancaGolden_CircleTurns,106.5680,-70.2145,200.5400,2.8054,-16.8690,159.3031,-0.6880,0.3950,-0.6088,0.9980,212,43.602051,3.0657,-0.7021
BiancaGolden_CircleTurns,106.2088,-70.0541,200.5295,2.7744,-16.9151,159.2347,-0.6875,0.3951,-0.6093,0.9980,212,43.615402,3.0621,-0.7005
BiancaGolden_CircleTurns,105.8542,-69.8549,200.5144,2.7482,-16.9471,159.1984,-0.7101,0.4048,-0.5761,0.9980,213,43.628742,3.0585,-0.6985
BiancaGolden_CircleTurns,105.4891,-69.6367,200.4962,2.7258,-16.9642,159.1622,-0.7289,0.4212,-0.5397,0.9980,213,43.641754,3.0549,-0.6964
BiancaGolden_CircleTurns,105.1069,-69.3884,200.4778,2.6535,-16.9853,159.1237,-0.7280,0.4233,-0.5392,0.9980,214,43.657028,3.0511,-0.6939
BiancaGolden_CircleTurns,104.6947,-69.1016,200.4413,2.5604,-16.9957,159.0732,-0.7278,0.4235,-0.5394,0.9980,214,43.670471,3.0469,-0.6910
BiancaGolden_CircleTurns,104.2872,-68.7890,200.3876,2.5023,-16.9967,159.0348,-0.7305,0.4339,-0.5274,0.9980,214,43.685230,3.0429,-0.6879
BiancaGolden_CircleTurns,103.8533,-68.4611,200.3377,2.4904,-17.0000,159.0090,-0.7301,0.4339,-0.5280,0.9980,215,43.698879,3.0385,-0.6846
BiancaGolden_CircleTurns,103.4186,-68.1021,200.2935,2.4867,-17.0402,158.9963,-0.7237,0.4294,-0.5402,0.9980,215,43.711952,3.0342,-0.6810
BiancaGolden_CircleTurns,102.9768,-67.7203,200.2320,2.4361,-17.0981,158.9619,-0.7260,0.4196,-0.5448,0.9980,216,43.727112,3.0298,-0.6772
BiancaGolden_CircleTurns,102.5299,-67.2858,200.1514,2.3032,-17.1890,158.9119,-0.7246,0.4198,-0.5466,0.9980,216,43.744110,3.0253,-0.6729
BiancaGolden_CircleTurns,102.0947,-66.8404,200.0642,2.1247,-17.2958,158.8139,-0.7227,0.4200,-0.5489,0.9980,217,43.755692,3.0209,-0.6684
BiancaGolden_CircleTurns,101.6588,-66.3702,199.9838,1.9843,-17.4156,158.6950,-0.7206,0.4203,-0.5515,0.9980,217,43.768169,3.0166,-0.6637
BiancaGolden_CircleTurns,101.2214,-65.8682,199.8922,1.8033,-17.5823,158.5440,-0.7162,0.4159,-0.5604,0.9980,217,43.783260,3.0122,-0.6587
BiancaGolden_CircleTurns,100.7676,-65.3521,199.8064,1.5641,-17.7570,158.3698,-0.7121,0.4149,-0.5664,0.9980,218,43.796383,3.0077,-0.6535
BiancaGolden_CircleTurns,100.3196,-64.8115,199.7139,1.3469,-17.9074,158.2073,-0.7108,0.4136,-0.5689,0.9980,218,43.810070,3.0032,-0.6481
BiancaGolden_CircleTurns,99.8628,-64.2475,199.6113,1.1814,-18.0126,158.0302,-0.7078,0.4148,-0.5718,0.9980,219,43.824673,2.9986,-0.6425
BiancaGolden_CircleTurns,99.3975,-63.6520,199.5039,1.1125,-18.0413,157.8456,-0.7076,0.4149,-0.5720,0.9980,219,43.840496,2.9940,-0.6365
BiancaGolden_CircleTurns,98.9403,-63.0604,199.3913,0.9965,-18.0298,157.6755,-0.7070,0.4170,-0.5712,0.9980,219,43.852859,2.9894,-0.6306
BiancaGolden_CircleTurns,98.4923,-62.4463,199.2648,0.8461,-17.9628,157.4738,-0.7062,0.4192,-0.5706,0.9980,220,43.865566,2.9849,-0.6245
BiancaGolden_CircleTurns,98.0475,-61.8084,199.1323,0.7239,-17.8974,157.2620,-0.7038,0.4169,-0.5752,0.9980,220,43.878841,2.9805,-0.6181
BiancaGolden_CircleTurns,97.6071,-61.1623,199.0080,0.6761,-17.8385,157.0874,-0.7060,0.4136,-0.5749,0.9980,221,43.894222,2.9761,-0.6116
BiancaGolden_CircleTurns,97.1709,-60.4845,198.9033,0.6789,-17.8649,156.9318,-0.7025,0.4120,-0.5803,0.9980,221,43.907806,2.9717,-0.6048
BiancaGolden_CircleTurns,96.7061,-59.8095,198.8438,0.6042,-17.9400,156.7770,-0.7002,0.4122,-0.5829,0.9980,222,43.922848,2.9671,-0.5981
BiancaGolden_CircleTurns,96.2117,-59.1047,198.8932,0.5000,-18.0897,156.6602,-0.6996,0.4130,-0.5831,0.9980,222,43.935581,2.9621,-0.5910
BiancaGolden_CircleTurns,95.8040,-58.4613,198.8564,0.3326,-18.0802,156.5304,-0.6939,0.4120,-0.5905,0.9980,222,43.950024,2.9580,-0.5846
BiancaGolden_CircleTurns,95.4445,-57.8220,198.7015,0.2518,-18.2370,156.3872,-0.6916,0.4080,-0.5960,0.9980,223,43.964230,2.9544,-0.5782
BiancaGolden_CircleTurns,95.0476,-57.1843,198.6713,0.2118,-18.5148,156.2438,-0.6859,0.4029,-0.6060,0.9980,223,43.976952,2.9505,-0.5718
BiancaGolden_CircleTurns,94.6076,-56.5453,198.7898,0.1327,-18.7452,156.0494,-0.6855,0.3993,-0.6088,0.9980,224,43.992023,2.9461,-0.5655
BiancaGolden_CircleTurns,94.2141,-55.9176,198.8689,0.0308,-18.9146,155.8693,-0.6834,0.3982,-0.6119,0.9980,224,44.005817,2.9421,-0.5592
BiancaGolden_CircleTurns,93.8137,-55.3256,198.9222,-0.0747,-19.0606,155.6628,-0.6800,0.3987,-0.6153,0.9980,224,44.019897,2.9381,-0.5533
BiancaGolden_CircleTurns,93.4629,-54.7632,199.0203,-0.2057,-19.3008,155.4672,-0.6798,0.3923,-0.6197,0.9980,225,44.033478,2.9346,-0.5476
BiancaGolden_CircleTurns,93.1130,-54.2356,199.1571,-0.4140,-19.5786,155.2705,-0.6774,0.3886,-0.6245,0.9980,225,44.046497,2.9311,-0.5424
BiancaGolden_CircleTurns,92.7835,-53.7554,199.2900,-0.5132,-19.7772,155.0595,-0.6795,0.3836,-0.6254,0.9980,226,44.061836,2.9278,-0.5376
BiancaGolden_CircleTurns,92.4550,-53.2913,199.3749,-0.6088,-19.8215,154.8614,-0.6826,0.3866,-0.6202,0.9980,226,44.074928,2.9246,-0.5329
BiancaGolden_CircleTurns,92.1367,-52.8685,199.4287,-0.6820,-19.6982,154.6470,-0.6874,0.3853,-0.6157,0.9980,227,44.089413,2.9214,-0.5287
BiancaGolden_CircleTurns,91.7999,-52.4815,199.4625,-0.7714,-19.5133,154.4192,-0.6881,0.3884,-0.6130,0.9980,227,44.102589,2.9180,-0.5248
BiancaGolden_CircleTurns,91.4332,-52.1028,199.5709,-0.9015,-19.3201,154.1839,-0.6869,0.3890,-0.6138,0.9980,227,44.116898,2.9143,-0.5210
BiancaGolden_CircleTurns,91.0689,-51.7312,199.7706,-1.0080,-19.2020,153.9443,-0.6847,0.3901,-0.6156,0.9980,228,44.130398,2.9107,-0.5173
BiancaGolden_CircleTurns,90.7386,-51.3961,199.9103,-1.0196,-19.1358,153.6876,-0.6826,0.3927,-0.6163,0.9980,228,44.143867,2.9074,-0.5140
BiancaGolden_CircleTurns,90.4512,-51.0912,199.9816,-1.0007,-19.1857,153.4587,-0.6786,0.4076,-0.6110,0.9980,229,44.158829,2.9045,-0.5109
BiancaGolden_CircleTurns,90.1619,-50.8217,200.0207,-0.9644,-19.2586,153.2223,-0.6825,0.4138,-0.6025,0.9980,229,44.172222,2.9016,-0.5082
BiancaGolden_CircleTurns,89.8494,-50.5718,200.0993,-0.9630,-19.3759,152.9870,-0.6830,0.4172,-0.5996,0.9980,229,44.186920,2.8985,-0.5057
BiancaGolden_CircleTurns,89.5111,-50.3480,200.1887,-1.0129,-19.4336,152.7383,-0.6811,0.4202,-0.5996,0.9980,230,44.200321,2.8951,-0.5035
BiancaGolden_CircleTurns,89.1753,-50.1393,200.2279,-1.0485,-19.4385,152.4926,-0.6828,0.4177,-0.5995,0.9980,230,44.214005,2.8918,-0.5014
BiancaGolden_CircleTurns,88.8363,-49.9759,200.2186,-0.9571,-19.4397,152.2717,-0.6819,0.4186,-0.5998,0.9980,231,44.228466,2.8884,-0.4998
BiancaGolden_CircleTurns,88.4862,-49.8482,200.2004,-0.8412,-19.4623,152.0604,-0.6827,0.4162,-0.6006,0.9980,231,44.244896,2.8849,-0.4985
BiancaGolden_CircleTurns,88.1129,-49.7498,200.1934,-0.7921,-19.5189,151.8548,-0.6804,0.4179,-0.6020,0.9980,232,44.256702,2.8811,-0.4975
BiancaGolden_CircleTurns,87.7549,-49.6469,200.1796,-0.7829,-19.5956,151.6450,-0.6781,0.4201,-0.6030,0.9980,232,44.269241,2.8775,-0.4965
BiancaGolden_CircleTurns,87.3928,-49.5774,200.1372,-0.8343,-19.6663,151.4086,-0.6768,0.4163,-0.6072,0.9980,232,44.283352,2.8739,-0.4958
BiancaGolden_CircleTurns,87.0280,-49.5032,200.1042,-0.9254,-19.7336,151.1436,-0.6828,0.4081,-0.6060,0.9980,233,44.296410,2.8703,-0.4950
BiancaGolden_CircleTurns,86.6315,-49.4639,200.0839,-1.0736,-19.7862,150.8237,-0.6780,0.4086,-0.6110,0.9980,233,44.309299,2.8663,-0.4946
BiancaGolden_CircleTurns,86.2300,-49.4494,200.0592,-1.2715,-19.8256,150.4673,-0.6730,0.4107,-0.6151,0.9980,234,44.324043,2.8623,-0.4945
BiancaGolden_CircleTurns,85.7957,-49.4893,200.0045,-1.4749,-19.8327,150.0129,-0.6700,0.4150,-0.6155,0.9980,234,44.337246,2.8580,-0.4949
BiancaGolden_CircleTurns,85.3710,-49.5188,199.9502,-1.6160,-19.8590,149.5760,-0.6669,0.4194,-0.6159,0.9980,234,44.351009,2.8537,-0.4952
BiancaGolden_CircleTurns,84.8977,-49.6102,199.8946,-1.7245,-19.8869,149.0822,-0.6642,0.4240,-0.6157,0.9980,235,44.364239,2.8490,-0.4961
BiancaGolden_CircleTurns,84.3943,-49.7380,199.8333,-1.8088,-19.8708,148.5169,-0.6652,0.4190,-0.6180,0.9980,235,44.377739,2.8439,-0.4974
BiancaGolden_CircleTurns,83.8819,-49.8830,199.7596,-1.9041,-19.8345,148.0644,-0.6622,0.4210,-0.6199,0.9980,236,44.392815,2.8388,-0.4988
BiancaGolden_CircleTurns,83.3363,-50.0798,199.6709,-1.9757,-19.7915,147.5532,-0.6592,0.4223,-0.6222,0.9980,236,44.405891,2.8334,-0.5008
BiancaGolden_CircleTurns,82.7989,-50.2926,199.5459,-2.0012,-19.7364,147.1008,-0.6559,0.4232,-0.6251,0.9980,236,44.420410,2.8280,-0.5029
BiancaGolden_CircleTurns,82.2399,-50.5551,199.4208,-2.0969,-19.7722,146.6076,-0.6518,0.4279,-0.6261,0.9980,237,44.433865,2.8224,-0.5056
BiancaGolden_CircleTurns,81.6760,-50.8417,199.2781,-2.1908,-19.8407,146.0978,-0.6471,0.4259,-0.6324,0.9980,237,44.447086,2.8168,-0.5084
BiancaGolden_CircleTurns,81.1065,-51.2090,199.1056,-2.2453,-19.9502,145.6340,-0.6409,0.4285,-0.6369,0.9980,238,44.462200,2.8111,-0.5121
BiancaGolden_CircleTurns,80.5255,-51.6375,198.9183,-2.2086,-20.1202,145.1921,-0.6376,0.4287,-0.6401,0.9980,238,44.475830,2.8053,-0.5164
BiancaGolden_CircleTurns,79.9194,-52.1235,198.7250,-2.0690,-20.3669,144.8036,-0.6353,0.4285,-0.6424,0.9980,239,44.490681,2.7992,-0.5212
BiancaGolden_CircleTurns,79.2489,-52.6314,198.6050,-1.9764,-20.5677,144.4057,-0.6310,0.4304,-0.6455,0.9980,239,44.504299,2.7925,-0.5263
BiancaGolden_CircleTurns,78.5414,-53.1462,198.5682,-1.9046,-20.7956,144.0427,-0.6282,0.4311,-0.6477,0.9980,239,44.518650,2.7854,-0.5315
BiancaGolden_CircleTurns,77.8121,-53.6811,198.5357,-1.7851,-20.8530,143.6644,-0.6254,0.4364,-0.6469,0.9980,240,44.532299,2.7781,-0.5368
BiancaGolden_CircleTurns,77.0493,-54.2210,198.4684,-1.5310,-20.7836,143.3275,-0.6274,0.4374,-0.6443,0.9980,240,44.545830,2.7705,-0.5422
BiancaGolden_CircleTurns,76.2883,-54.7911,198.3549,-1.2334,-20.5952,143.0164,-0.6268,0.4437,-0.6406,0.9980,241,44.561005,2.7629,-0.5479
BiancaGolden_CircleTurns,75.4851,-55.3174,198.2963,-1.0377,-20.5262,142.7018,-0.6264,0.4444,-0.6404,0.9980,241,44.575153,2.7549,-0.5532
BiancaGolden_CircleTurns,74.6137,-55.8055,198.4052,-0.9396,-20.6125,142.3797,-0.6233,0.4485,-0.6406,0.9980,242,44.589165,2.7461,-0.5581
BiancaGolden_CircleTurns,73.6395,-56.2735,198.6650,-1.0281,-20.6336,141.9189,-0.6208,0.4542,-0.6390,0.9980,242,44.602852,2.7364,-0.5627
BiancaGolden_CircleTurns,72.6845,-56.7677,198.7980,-1.1924,-20.5188,141.4011,-0.6194,0.4589,-0.6370,0.9980,242,44.616951,2.7268,-0.5677
BiancaGolden_CircleTurns,71.8183,-57.2888,198.7121,-1.1573,-20.4531,140.9087,-0.6153,0.4658,-0.6359,0.9980,243,44.630089,2.7182,-0.5729
BiancaGolden_CircleTurns,70.9687,-57.8268,198.4951,-0.9500,-20.3668,140.4094,-0.6040,0.4684,-0.6448,0.9980,243,44.642750,2.7097,-0.5783
BiancaGolden_CircleTurns,70.1343,-58.3680,198.3124,-0.6683,-20.4047,139.9710,-0.5967,0.4710,-0.6497,0.9980,244,44.658146,2.7013,-0.5837
BiancaGolden_CircleTurns,69.3179,-58.8779,198.1887,-0.4568,-20.6322,139.5788,-0.5895,0.4731,-0.6547,0.9980,244,44.671127,2.6932,-0.5888
BiancaGolden_CircleTurns,68.4801,-59.3703,198.1470,-0.2059,-20.9572,139.1912,-0.5812,0.4314,-0.6900,0.9980,244,44.685146,2.6848,-0.5937
BiancaGolden_CircleTurns,67.6495,-59.8244,198.1908,-0.0226,-21.3493,138.8700,-0.5752,0.4332,-0.6939,0.9980,245,44.698311,2.6765,-0.5982
BiancaGolden_CircleTurns,66.8426,-60.2809,198.2222,0.1196,-21.6508,138.5275,-0.5648,0.4297,-0.7045,0.9980,245,44.711235,2.6684,-0.6028
BiancaGolden_CircleTurns,66.0571,-60.6990,198.2572,0.1377,-21.8484,138.1939,-0.5599,0.4327,-0.7066,0.9980,246,44.726650,2.6606,-0.6070
BiancaGolden_CircleTurns,65.2999,-61.0751,198.3300,0.3390,-22.0037,137.8595,-0.5587,0.4326,-0.7076,0.9980,246,44.742615,2.6530,-0.6108
BiancaGolden_CircleTurns,64.5283,-61.4227,198.4573,0.6121,-22.1813,137.5404,-0.5543,0.4357,-0.7092,0.9980,246,44.753574,2.6453,-0.6142
BiancaGolden_CircleTurns,63.7722,-61.7224,198.6213,0.8704,-22.3177,137.2679,-0.5532,0.4419,-0.7062,0.9980,247,44.766182,2.6377,-0.6172
BiancaGolden_CircleTurns,63.0545,-62.0290,198.7050,1.1475,-22.3339,137.0148,-0.5501,0.4448,-0.7068,0.9980,247,44.779129,2.6305,-0.6203
BiancaGolden_CircleTurns,62.3808,-62.3571,198.6952,1.3743,-22.3674,136.7890,-0.5493,0.4481,-0.7053,0.9980,248,44.793755,2.6238,-0.6236
BiancaGolden_CircleTurns,61.7545,-62.6611,198.6647,1.6275,-22.4458,136.6289,-0.5492,0.4443,-0.7078,0.9980,248,44.806908,2.6175,-0.6266
BiancaGolden_CircleTurns,61.1472,-62.9285,198.7285,1.8530,-22.6468,136.5841,-0.5413,0.4405,-0.7162,0.9980,249,44.821526,2.6115,-0.6293
BiancaGolden_CircleTurns,60.5198,-63.1801,198.8496,2.0129,-22.9124,136.4745,-0.5375,0.4327,-0.7238,0.9980,249,44.834980,2.6052,-0.6318
BiancaGolden_CircleTurns,59.9836,-63.2981,199.0970,1.8204,-23.4301,136.4221,-0.5307,0.4326,-0.7289,0.9980,250,44.860664,2.5998,-0.6330
BiancaGolden_CircleTurns,58.8351,-63.6985,199.2372,1.8496,-23.9384,136.0545,-0.5271,0.4320,-0.7318,0.9980,250,44.872974,2.5884,-0.6370
BiancaGolden_CircleTurns,58.3085,-63.8206,199.2661,1.7690,-24.1898,135.8546,-0.5232,0.4363,-0.7321,0.9980,251,44.888321,2.5831,-0.6382
BiancaGolden_CircleTurns,57.7744,-63.9307,199.2875,1.6992,-24.2779,135.6604,-0.5150,0.4444,-0.7330,0.9980,251,44.902340,2.5777,-0.6393
BiancaGolden_CircleTurns,57.2561,-64.0238,199.2958,1.6964,-24.3444,135.4811,-0.5101,0.4423,-0.7377,0.9980,251,44.916908,2.5726,-0.6402
BiancaGolden_CircleTurns,56.7687,-64.1069,199.2452,1.6683,-24.4098,135.3171,-0.5078,0.4426,-0.7391,0.9980,252,44.931011,2.5677,-0.6411
BiancaGolden_CircleTurns,56.3056,-64.1717,199.1771,1.6390,-24.5351,135.1422,-0.5041,0.4423,-0.7418,0.9980,252,44.944363,2.5631,-0.6417
BiancaGolden_CircleTurns,55.8549,-64.2209,199.1177,1.6186,-24.7573,134.9311,-0.4954,0.4471,-0.7448,0.9980,253,44.959679,2.5585,-0.6422
BiancaGolden_CircleTurns,55.3993,-64.2508,199.0444,1.6139,-24.9877,134.6868,-0.4848,0.4488,-0.7507,0.9980,253,44.972782,2.5540,-0.6425
BiancaGolden_CircleTurns,54.9759,-64.2401,198.9784,1.6980,-25.3317,134.4312,-0.4726,0.4543,-0.7551,0.9980,253,44.986996,2.5498,-0.6424
BiancaGolden_CircleTurns,54.5330,-64.2278,198.8949,1.7004,-25.7045,134.1532,-0.4660,0.4517,-0.7608,0.9980,254,45.000507,2.5453,-0.6423
BiancaGolden_CircleTurns,54.1088,-64.1890,198.8104,1.6646,-26.2449,133.8505,-0.4576,0.4475,-0.7684,0.9980,254,45.014297,2.5411,-0.6419
BiancaGolden_CircleTurns,53.6750,-64.1123,198.7088,1.8261,-26.6360,133.6745,-0.4531,0.4446,-0.7727,0.9980,255,45.041073,2.5368,-0.6411
BiancaGolden_CircleTurns,52.7730,-63.9826,198.5750,2.1356,-27.0112,133.2852,-0.4542,0.4544,-0.7663,0.9980,255,45.053680,2.5277,-0.6398
BiancaGolden_CircleTurns,52.2786,-63.7761,198.6458,2.6903,-26.6605,133.0809,-0.4474,0.4739,-0.7584,0.9980,256,45.068607,2.5228,-0.6378
BiancaGolden_CircleTurns,51.8354,-63.5696,198.6953,3.2358,-26.2879,132.8566,-0.4327,0.5030,-0.7482,0.9980,256,45.082329,2.5184,-0.6357
BiancaGolden_CircleTurns,51.4178,-63.3741,198.7074,3.7884,-25.8776,132.5698,-0.4291,0.5099,-0.7456,0.9980,257,45.096836,2.5142,-0.6337
BiancaGolden_CircleTurns,51.0298,-63.1939,198.6833,4.2604,-25.6688,132.2095,-0.4079,0.5729,-0.7109,0.9980,257,45.111565,2.5103,-0.6319
BiancaGolden_CircleTurns,50.6996,-62.9985,198.6236,4.4917,-25.7622,131.7211,-0.3623,0.6163,-0.6993,0.9980,258,45.136852,2.5070,-0.6300
BiancaGolden_CircleTurns,49.9153,-62.6279,198.5668,4.7802,-25.9518,131.0059,-0.3561,0.6162,-0.7025,0.9980,258,45.151299,2.4992,-0.6263
BiancaGolden_CircleTurns,49.5168,-62.4046,198.5091,4.7213,-26.1771,130.6184,-0.3441,0.6065,-0.7168,0.9980,259,45.166138,2.4952,-0.6240
BiancaGolden_CircleTurns,49.1412,-62.1829,198.3908,4.5590,-26.4692,130.3052,-0.3430,0.6033,-0.7200,0.9980,259,45.179684,2.4914,-0.6218
BiancaGolden_CircleTurns,48.7686,-61.9465,198.2696,4.5491,-26.6926,130.0787,-0.3383,0.5950,-0.7291,0.9980,260,45.194344,2.4877,-0.6195
BiancaGolden_CircleTurns,48.4078,-61.6686,198.1708,4.3001,-27.0845,130.0205,-0.3310,0.5919,-0.7349,0.9980,260,45.220428,2.4841,-0.6167
BiancaGolden_CircleTurns,47.6815,-61.1625,197.9809,4.1853,-27.5419,129.6141,-0.3567,0.5278,-0.7708,0.9980,261,45.233780,2.4768,-0.6116
BiancaGolden_CircleTurns,47.3433,-60.8757,197.8205,3.9554,-27.8696,129.5431,-0.3638,0.5149,-0.7762,0.9980,261,45.250710,2.4734,-0.6088
BiancaGolden_CircleTurns,46.9812,-60.5802,197.6815,3.7895,-28.1920,129.4376,-0.3624,0.5117,-0.7790,0.9980,262,45.262699,2.4698,-0.6058
BiancaGolden_CircleTurns,46.5800,-60.2108,197.5756,3.5216,-28.4419,129.3863,-0.3678,0.4944,-0.7876,0.9980,263,45.288601,2.4658,-0.6021
BiancaGolden_CircleTurns,45.7965,-59.5772,197.3302,3.1567,-28.8156,129.0929,-0.3788,0.4900,-0.7851,0.9980,263,45.302197,2.4580,-0.5958
BiancaGolden_CircleTurns,45.3735,-59.2306,197.1519,2.8044,-28.9023,129.0161,-0.3821,0.4904,-0.7833,0.9980,263,45.316139,2.4537,-0.5923
BiancaGolden_CircleTurns,44.9497,-58.8556,196.9822,2.4260,-28.9767,128.9807,-0.3792,0.4940,-0.7824,0.9980,264,45.332935,2.4495,-0.5886
BiancaGolden_CircleTurns,44.4992,-58.4016,196.8121,2.0233,-29.0779,128.9136,-0.3735,0.4991,-0.7820,0.9980,265,45.357334,2.4450,-0.5840
BiancaGolden_CircleTurns,43.6814,-57.5906,196.4807,1.5522,-29.4228,128.6715,-0.3709,0.4975,-0.7842,0.9980,265,45.370445,2.4368,-0.5759
BiancaGolden_CircleTurns,43.2613,-57.1379,196.2858,1.4180,-29.6231,128.4888,-0.3550,0.5051,-0.7866,0.9980,265,45.384575,2.4326,-0.5714
BiancaGolden_CircleTurns,42.8449,-56.6706,196.0791,1.2740,-29.8985,128.2933,-0.3463,0.4988,-0.7945,0.9980,266,45.399570,2.4284,-0.5667
BiancaGolden_CircleTurns,42.4047,-56.1344,195.8293,1.1476,-30.1566,127.9934,-0.3441,0.4997,-0.7949,0.9980,267,45.426014,2.4240,-0.5613
BiancaGolden_CircleTurns,41.5096,-55.1433,195.4384,0.7997,-30.5092,127.5763,-0.3421,0.4998,-0.7957,0.9980,267,45.439857,2.4151,-0.5514
BiancaGolden_CircleTurns,41.0142,-54.5779,195.2776,0.6308,-30.5440,127.3273,-0.3412,0.4992,-0.7965,0.9980,267,45.451458,2.4101,-0.5458
BiancaGolden_CircleTurns,40.5069,-53.9654,195.2071,0.2962,-30.5991,127.0850,-0.3340,0.4904,-0.8049,0.9980,268,45.467995,2.4051,-0.5397
BiancaGolden_CircleTurns,39.9965,-53.3292,195.2189,-0.1281,-30.5944,126.7686,-0.3328,0.4816,-0.8108,0.9980,269,45.493340,2.4000,-0.5333
BiancaGolden_CircleTurns,39.0616,-52.1953,194.9941,-0.6227,-30.6604,126.2924,-0.3360,0.4847,-0.8076,0.9980,269,45.507092,2.3906,-0.5220
BiancaGolden_CircleTurns,38.6378,-51.6315,194.8666,-0.8010,-30.6557,126.0506,-0.3332,0.4793,-0.8120,0.9980,269,45.519669,2.3864,-0.5163
BiancaGolden_CircleTurns,38.1241,-51.0182,194.9912,-0.8501,-30.7143,125.9044,-0.3330,0.4825,-0.8101,0.9980,270,45.547451,2.3812,-0.5102
BiancaGolden_CircleTurns,37.1976,-49.9428,195.0082,-1.3413,-30.8952,125.5805,-0.3252,0.4915,-0.8079,0.9980,271,45.560158,2.3720,-0.4994
BiancaGolden_CircleTurns,36.8230,-49.5000,194.9941,-1.4195,-31.0173,125.4995,-0.3223,0.5075,-0.7991,0.9980,271,45.574028,2.3682,-0.4950
BiancaGolden_CircleTurns,36.5711,-49.2184,195.1671,-1.1956,-31.7693,125.4087,-0.3073,0.5047,-0.8068,0.9980,272,45.601730,2.3657,-0.4922
BiancaGolden_CircleTurns,35.8271,-48.3670,195.4003,-1.2543,-32.5125,125.0291,-0.3021,0.5024,-0.8101,0.9980,272,45.616051,2.3583,-0.4837
BiancaGolden_CircleTurns,35.4808,-47.9887,195.5496,-1.2285,-32.8413,124.7588,-0.2977,0.4920,-0.8181,0.9980,273,45.628403,2.3548,-0.4799
BiancaGolden_CircleTurns,35.1465,-47.6325,195.6208,-1.2865,-32.8409,124.5436,-0.2998,0.5000,-0.8125,0.9980,273,45.643654,2.3515,-0.4763
BiancaGolden_CircleTurns,34.8009,-47.3185,195.5714,-1.2409,-32.1644,124.2958,-0.3008,0.5033,-0.8100,0.9980,274,45.669365,2.3480,-0.4732
BiancaGolden_CircleTurns,34.4387,-46.9512,195.6306,-1.3715,-31.9194,124.1575,-0.2972,0.4997,-0.8136,0.9980,274,45.683311,2.3444,-0.4695
BiancaGolden_CircleTurns,34.0910,-46.6207,195.7002,-1.4506,-31.8670,123.9880,-0.2918,0.4928,-0.8198,0.9980,275,45.696220,2.3409,-0.4662
BiancaGolden_CircleTurns,33.8128,-46.4138,195.7140,-1.6046,-32.3870,123.9601,-0.2795,0.4759,-0.8339,0.9980,275,45.723183,2.3381,-0.4641
BiancaGolden_CircleTurns,33.2353,-45.9292,195.6966,-1.7407,-33.2059,123.7502,-0.2776,0.4655,-0.8404,0.9980,276,45.736828,2.3324,-0.4593
BiancaGolden_CircleTurns,32.9699,-45.7436,195.6192,-1.9135,-33.9425,123.6386,-0.2712,0.4551,-0.8481,0.9980,276,45.751423,2.3297,-0.4574
BiancaGolden_CircleTurns,32.6583,-45.5560,195.5482,-2.1269,-34.7067,123.4902,-0.2635,0.4507,-0.8529,0.9980,277,45.768044,2.3266,-0.4556
BiancaGolden_CircleTurns,32.3011,-45.3647,195.4858,-2.4253,-35.3843,123.3043,-0.2554,0.4422,-0.8598,0.9980,277,45.791187,2.3230,-0.4536
BiancaGolden_CircleTurns,31.6478,-44.9543,195.4209,-2.6862,-36.1385,122.8779,-0.2597,0.4406,-0.8593,0.9980,278,45.804684,2.3165,-0.4495
BiancaGolden_CircleTurns,31.3395,-44.7651,195.3890,-2.6824,-36.3079,122.6267,-0.2565,0.4354,-0.8630,0.9980,278,45.818848,2.3134,-0.4477
BiancaGolden_CircleTurns,31.0053,-44.6183,195.4100,-2.5886,-36.4562,122.3199,-0.2537,0.4395,-0.8617,0.9980,279,45.834450,2.3101,-0.4462
BiancaGolden_CircleTurns,30.6503,-44.5312,195.3857,-2.5112,-36.4332,121.8784,-0.2457,0.4382,-0.8646,0.9980,279,45.858475,2.3065,-0.4453
BiancaGolden_CircleTurns,30.0303,-44.2382,195.3003,-2.5872,-36.7679,121.2821,-0.2386,0.4433,-0.8641,0.9980,280,45.871017,2.3003,-0.4424
BiancaGolden_CircleTurns,29.6805,-44.0962,195.2699,-2.5928,-36.8569,120.7148,-0.2416,0.4462,-0.8617,0.9980,280,45.885468,2.2968,-0.4410
BiancaGolden_CircleTurns,29.2588,-43.9836,195.3014,-2.6255,-36.7785,119.7445,-0.2317,0.4494,-0.8628,0.9980,281,45.912441,2.2926,-0.4398
BiancaGolden_CircleTurns,28.5298,-43.7497,195.2639,-2.6249,-36.8983,118.6019,-0.2263,0.4538,-0.8619,0.9980,281,45.925621,2.2853,-0.4375
BiancaGolden_CircleTurns,28.1390,-43.6837,195.2389,-2.5650,-36.8051,117.8692,-0.2167,0.4590,-0.8616,0.9980,282,45.937714,2.2814,-0.4368
BiancaGolden_CircleTurns,27.7256,-43.6169,195.2724,-2.6161,-36.7608,117.1660,-0.1981,0.5052,-0.8399,0.9980,282,45.954643,2.2773,-0.4362
BiancaGolden_CircleTurns,27.2216,-43.6040,195.2903,-2.6038,-36.6423,116.2200,-0.1964,0.5455,-0.8148,0.9980,283,45.979839,2.2722,-0.4360
BiancaGolden_CircleTurns,26.3642,-43.5173,195.2501,-2.5840,-36.5838,114.8122,-0.1907,0.5555,-0.8093,0.9980,283,45.993301,2.2636,-0.4352
BiancaGolden_CircleTurns,25.9024,-43.5094,195.2197,-2.5043,-36.4912,113.9987,-0.1815,0.5623,-0.8067,0.9980,284,46.005444,2.2590,-0.4351
BiancaGolden_CircleTurns,25.3397,-43.5832,195.1932,-2.2229,-36.2589,113.0619,-0.1785,0.5580,-0.8104,0.9980,284,46.033863,2.2534,-0.4358
BiancaGolden_CircleTurns,24.3374,-43.6343,195.1304,-1.9649,-36.1260,111.4657,-0.1742,0.5491,-0.8174,0.9980,285,46.048042,2.2434,-0.4363
BiancaGolden_CircleTurns,23.7918,-43.7167,195.0706,-1.8681,-36.0881,110.5338,-0.1736,0.5414,-0.8227,0.9980,285,46.060268,2.2379,-0.4372
BiancaGolden_CircleTurns,23.7002,-43.8136,195.0256,-1.6449,-36.0801,110.2911,-0.1558,0.5502,-0.8204,0.9980,286,46.086315,2.2370,-0.4381
BiancaGolden_CircleTurns,22.5871,-43.9640,194.9248,-1.2138,-35.9123,108.5615,-0.1457,0.5547,-0.8192,0.9980,286,46.100819,2.2259,-0.4396
BiancaGolden_CircleTurns,21.9699,-44.0787,194.8825,-0.9688,-35.8058,107.6045,-0.0890,0.6166,-0.7822,0.9980,287,46.113533,2.2197,-0.4408
BiancaGolden_CircleTurns,21.2851,-44.2833,194.7866,-0.8738,-35.6573,106.6129,-0.0704,0.6243,-0.7780,0.9980,287,46.140125,2.2129,-0.4428
BiancaGolden_CircleTurns,20.0352,-44.6117,194.6156,-0.6114,-35.4683,104.8776,-0.0666,0.6258,-0.7772,0.9980,288,46.154060,2.2004,-0.4461
BiancaGolden_CircleTurns,19.3418,-44.8628,194.4824,-0.4086,-35.3809,104.0481,-0.0660,0.6271,-0.7762,0.9980,288,46.167389,2.1934,-0.4486
BiancaGolden_CircleTurns,18.5460,-45.2254,194.3200,-0.4131,-35.2607,103.4021,-0.0599,0.6349,-0.7703,0.9980,289,46.194477,2.1855,-0.4523
BiancaGolden_CircleTurns,17.1338,-45.7674,194.0703,-0.2678,-35.0631,101.8259,-0.0560,0.6350,-0.7705,0.9980,289,46.206665,2.1713,-0.4577
BiancaGolden_CircleTurns,16.3586,-46.0264,194.0239,-0.4270,-35.1366,101.0506,-0.0509,0.6388,-0.7677,0.9980,290,46.220554,2.1636,-0.4603
BiancaGolden_CircleTurns,15.5022,-46.1149,194.2543,-0.7643,-35.3899,100.1780,-0.0584,0.6344,-0.7708,0.9980,290,46.236099,2.1550,-0.4611
BiancaGolden_CircleTurns,14.6065,-46.3152,194.4662,-1.3390,-35.4352,99.1370,-0.0409,0.6364,-0.7703,0.9980,291,46.261086,2.1461,-0.4632
BiancaGolden_CircleTurns,13.0908,-46.9658,194.3530,-1.6368,-35.3572,97.4684,-0.0311,0.6378,-0.7696,0.9980,291,46.273670,2.1309,-0.4697
BiancaGolden_CircleTurns,12.3477,-47.3869,194.2583,-1.6021,-35.2938,96.5951,-0.0278,0.6354,-0.7717,0.9980,292,46.290813,2.1235,-0.4739
BiancaGolden_CircleTurns,11.6533,-47.6937,194.3802,-1.2343,-35.4180,96.0235,-0.0218,0.6346,-0.7725,0.9980,292,46.304893,2.1165,-0.4769
BiancaGolden_CircleTurns,10.9989,-47.8290,194.8276,-0.7313,-35.6297,95.7572,-0.0077,0.6342,-0.7731,0.9980,293,46.329292,2.1100,-0.4783
BiancaGolden_CircleTurns,9.6393,-48.3132,195.1850,-0.4847,-35.6952,94.5955,-0.0025,0.6355,-0.7721,0.9980,293,46.342300,2.0964,-0.4831
BiancaGolden_CircleTurns,9.0799,-48.5427,195.3894,-0.3058,-35.6100,94.1897,0.0028,0.6382,-0.7699,0.9980,294,46.354225,2.0908,-0.4854
BiancaGolden_CircleTurns,8.6938,-48.6435,195.6221,0.1201,-35.1078,93.8584,0.0173,0.6442,-0.7647,0.9980,294,46.382328,2.0869,-0.4864
BiancaGolden_CircleTurns,7.6699,-48.9341,196.0155,0.4310,-34.6312,92.8121,0.0256,0.6478,-0.7613,0.9980,295,46.395939,2.0767,-0.4893
BiancaGolden_CircleTurns,7.2885,-49.0382,196.2079,0.5831,-34.3619,92.3589,0.0228,0.6443,-0.7644,0.9980,295,46.408981,2.0729,-0.4904
BiancaGolden_CircleTurns,7.4264,-49.0213,196.1543,0.6517,-34.3171,92.4642,0.0264,0.6432,-0.7652,0.9980,296,46.421692,2.0743,-0.4902
BiancaGolden_CircleTurns,7.2198,-49.2508,196.1423,0.6283,-34.3872,92.1396,0.0339,0.6398,-0.7678,0.9980,296,46.448017,2.0722,-0.4925
BiancaGolden_CircleTurns,6.6173,-49.6285,196.3215,0.6484,-34.3683,91.1285,0.0401,0.6303,-0.7753,0.9980,297,46.461552,2.0662,-0.4963
BiancaGolden_CircleTurns,6.4285,-49.8218,196.4086,0.5597,-34.5044,90.5021,0.0453,0.6185,-0.7845,0.9980,297,46.475178,2.0643,-0.4982
BiancaGolden_CircleTurns,6.2799,-50.0186,196.4703,0.4261,-34.6268,89.8468,0.0527,0.6050,-0.7945,0.9980,298,46.489201,2.0628,-0.5002
BiancaGolden_CircleTurns,6.2799,-50.2828,196.4177,0.1757,-34.7894,89.0252,0.0683,0.6007,-0.7966,0.9980,298,46.514259,2.0628,-0.5028
BiancaGolden_CircleTurns,6.1000,-50.7170,196.4833,-0.1283,-34.8829,87.6542,0.0776,0.6002,-0.7961,0.9980,299,46.528164,2.0610,-0.5072
BiancaGolden_CircleTurns,6.1205,-50.9140,196.5221,-0.2958,-34.8299,86.6773,0.1364,0.5867,-0.7982,0.9980,299,46.541874,2.0612,-0.5091
BiancaGolden_CircleTurns,6.1693,-51.0962,196.5781,-0.4059,-34.6964,85.6857,0.1661,0.5872,-0.7922,0.9980,300,46.556747,2.0617,-0.5110
BiancaGolden_CircleTurns,6.3544,-51.2587,196.6301,-0.1994,-34.2496,84.6370,0.1816,0.5894,-0.7872,0.9980,300,46.582455,2.0635,-0.5126
BiancaGolden_CircleTurns,6.4754,-51.6493,196.6861,-0.1692,-33.8424,82.9991,0.1901,0.5919,-0.7833,0.9980,301,46.594307,2.0648,-0.5165
BiancaGolden_CircleTurns,6.6005,-51.8493,196.6743,-0.2355,-33.5066,82.1981,0.1951,0.5962,-0.7787,0.9980,301,46.608688,2.0660,-0.5185
BiancaGolden_CircleTurns,6.7566,-52.0531,196.6278,-0.2962,-33.1443,81.4292,0.1800,0.5999,-0.7796,0.9980,302,46.623341,2.0676,-0.5205
BiancaGolden_CircleTurns,7.0299,-52.3136,196.5489,-0.0341,-32.8233,80.9031,0.1926,0.6032,-0.7740,0.9980,302,46.650146,2.0703,-0.5231
BiancaGolden_CircleTurns,7.3731,-52.7677,196.4489,0.1240,-32.3068,79.4945,0.2003,0.6050,-0.7706,0.9980,303,46.662941,2.0737,-0.5277
BiancaGolden_CircleTurns,7.5972,-53.0414,196.3735,0.2745,-32.0160,78.9088,0.1916,0.6087,-0.7699,0.9980,303,46.676220,2.0760,-0.5304
BiancaGolden_CircleTurns,7.7948,-53.3355,196.3303,0.4082,-31.7273,78.3694,0.1958,0.6059,-0.7711,0.9980,304,46.689995,2.0779,-0.5334
BiancaGolden_CircleTurns,8.0074,-53.6015,196.3811,0.6267,-31.8606,78.0556,0.1804,0.6106,-0.7711,0.9980,304,46.706470,2.0801,-0.5360
BiancaGolden_CircleTurns,8.0961,-53.7691,196.6614,0.4369,-31.5476,77.6516,0.1833,0.6095,-0.7713,0.9980,305,46.731510,2.0810,-0.5377
BiancaGolden_CircleTurns,8.4235,-54.5514,196.4423,0.3308,-30.9734,76.7556,0.1848,0.6128,-0.7683,0.9980,305,46.745190,2.0842,-0.5455
BiancaGolden_CircleTurns,8.4485,-55.1070,196.1457,-0.1220,-30.6455,76.1190,0.1757,0.6092,-0.7733,0.9980,306,46.757343,2.0845,-0.5511
BiancaGolden_CircleTurns,8.4774,-55.5701,196.1058,-0.9038,-30.6870,75.3678,0.1703,0.5951,-0.7854,0.9980,306,46.771267,2.0848,-0.5557
BiancaGolden_CircleTurns,8.3161,-55.3258,196.7930,-1.8071,-31.2311,74.7701,0.1826,0.5946,-0.7830,0.9980,307,46.801529,2.0832,-0.5533
BiancaGolden_CircleTurns,8.4173,-55.9704,197.1588,-2.3677,-31.0057,73.3454,0.2326,0.6430,-0.7297,0.9980,307,46.812428,2.0842,-0.5597
BiancaGolden_CircleTurns,8.3350,-56.3822,197.2599,-2.3773,-30.7048,72.6881,0.2971,0.6725,-0.6779,0.9980,308,46.824890,2.0834,-0.5638
BiancaGolden_CircleTurns,8.0587,-56.7721,197.3703,-2.4199,-30.0921,72.0363,0.3425,0.7655,-0.5446,0.9980,308,46.850651,2.0806,-0.5677
BiancaGolden_CircleTurns,7.7539,-57.4343,197.7874,-2.9591,-29.2400,70.6620,0.3533,0.7679,-0.5343,0.9980,309,46.864349,2.0775,-0.5743
BiancaGolden_CircleTurns,7.5152,-57.7467,198.0097,-3.1798,-28.5213,70.0059,0.3425,0.7818,-0.5211,0.9980,309,46.877911,2.0752,-0.5775
BiancaGolden_CircleTurns,7.2591,-58.0899,198.1710,-3.1880,-27.8438,69.4067,0.3238,0.7876,-0.5243,0.9980,310,46.891293,2.0726,-0.5809
BiancaGolden_CircleTurns,6.8441,-58.4140,198.2741,-2.8485,-27.0804,68.8396,0.3234,0.7895,-0.5216,0.9980,310,46.917877,2.0684,-0.5841
BiancaGolden_CircleTurns,6.2486,-59.0593,198.5845,-2.8411,-26.0258,67.6122,0.3295,0.7878,-0.5203,0.9980,311,46.930248,2.0625,-0.5906
BiancaGolden_CircleTurns,5.7512,-59.2714,198.6613,-2.6416,-25.3471,67.0537,0.3260,0.7954,-0.5109,0.9980,311,46.958717,2.0575,-0.5927
BiancaGolden_CircleTurns,4.9304,-59.8035,198.8435,-2.6396,-24.1980,65.8649,0.3320,0.7926,-0.5113,0.9980,312,46.972260,2.0493,-0.5980
BiancaGolden_CircleTurns,4.4395,-60.0171,198.8437,-2.6359,-23.5984,65.2966,0.3217,0.7895,-0.5227,0.9980,312,46.987312,2.0444,-0.6002
BiancaGolden_CircleTurns,3.7547,-60.1750,198.7213,-2.6298,-23.1202,64.7103,0.3396,0.7912,-0.5085,0.9980,313,47.013130,2.0375,-0.6018
BiancaGolden_CircleTurns,2.6577,-60.5909,198.6944,-2.7379,-22.1747,63.6639,0.3286,0.7961,-0.5082,0.9980,313,47.026875,2.0266,-0.6059
BiancaGolden_CircleTurns,1.9534,-60.7282,198.6100,-2.7922,-21.7975,63.1725,0.3315,0.7913,-0.5137,0.9980,314,47.038406,2.0195,-0.6073
BiancaGolden_CircleTurns,1.2226,-60.8270,198.5007,-2.8922,-21.5276,62.7993,0.3169,0.7880,-0.5279,0.9980,314,47.054230,2.0122,-0.6083
BiancaGolden_CircleTurns,0.3379,-60.8596,198.4060,-3.2203,-21.4594,62.3884,0.3233,0.7905,-0.5202,0.9980,315,47.079876,2.0034,-0.6086
BiancaGolden_CircleTurns,-1.1954,-61.0408,198.2545,-3.4943,-20.8899,61.4524,0.3302,0.7899,-0.5167,0.9980,315,47.092960,1.9880,-0.6104
BiancaGolden_CircleTurns,-2.0709,-61.0126,198.1777,-3.6021,-20.6844,60.9861,0.3385,0.7899,-0.5114,0.9980,316,47.106216,1.9793,-0.6101
BiancaGolden_CircleTurns,-2.9674,-60.9605,198.1381,-3.7596,-20.3442,60.4644,0.3334,0.7864,-0.5200,0.9980,316,47.118877,1.9703,-0.6096
BiancaGolden_CircleTurns,-3.0434,-60.8265,198.1968,-3.7469,-20.3364,60.3700,0.3282,0.7860,-0.5240,0.9980,317,47.132732,1.9696,-0.6083
BiancaGolden_CircleTurns,-4.0220,-60.5909,198.2195,-3.8026,-19.7234,59.7119,0.3429,0.7845,-0.5167,0.9980,317,47.157490,1.9598,-0.6059
BiancaGolden_CircleTurns,-5.8368,-60.3356,198.1266,-3.9455,-18.7949,58.7123,0.3481,0.7871,-0.5093,0.9980,318,47.171131,1.9416,-0.6034
BiancaGolden_CircleTurns,-6.8331,-60.0704,198.1067,-3.9640,-18.3177,58.3061,0.3351,0.8117,-0.4784,0.9980,318,47.185078,1.9317,-0.6007
BiancaGolden_CircleTurns,-7.8311,-59.6729,198.2173,-4.1445,-18.0840,58.0806,0.3317,0.8383,-0.4326,0.9980,319,47.211159,1.9217,-0.5967
BiancaGolden_CircleTurns,-9.7347,-58.9816,198.4842,-4.6633,-17.5483,57.3616,0.3351,0.8396,-0.4275,0.9980,319,47.223869,1.9027,-0.5898
BiancaGolden_CircleTurns,-10.7348,-58.6169,198.5747,-4.8764,-17.2694,57.0807,0.3354,0.8381,-0.4302,0.9980,320,47.238041,1.8927,-0.5862
BiancaGolden_CircleTurns,-11.7384,-58.3117,198.4611,-4.8163,-17.0141,56.9557,0.3342,0.8332,-0.4405,0.9980,320,47.252548,1.8826,-0.5831
BiancaGolden_CircleTurns,-12.7772,-58.0680,198.2533,-4.5431,-16.9320,56.9405,0.3316,0.8315,-0.4457,0.9980,321,47.266014,1.8722,-0.5807
BiancaGolden_CircleTurns,-13.7405,-57.8654,198.1433,-4.0598,-17.1855,57.1107,0.3261,0.8261,-0.4595,0.9980,321,47.280071,1.8626,-0.5787
BiancaGolden_CircleTurns,-14.6895,-57.6307,198.2241,-3.6052,-17.7059,57.2953,0.3189,0.8168,-0.4809,0.9980,322,47.298214,1.8531,-0.5763
BiancaGolden_CircleTurns,-15.5151,-57.3858,198.4137,-3.5078,-18.5166,57.6297,0.3219,0.8100,-0.4901,0.9980,322,47.320858,1.8448,-0.5739
BiancaGolden_CircleTurns,-17.2913,-56.8920,198.5368,-3.4523,-18.7921,57.6026,0.3223,0.8072,-0.4946,0.9980,323,47.333210,1.8271,-0.5689
BiancaGolden_CircleTurns,-18.0581,-56.6693,198.6781,-3.4302,-18.9145,57.5751,0.3228,0.8058,-0.4965,0.9980,323,47.345490,1.8194,-0.5667
BiancaGolden_CircleTurns,-18.7596,-56.4597,198.8627,-3.2590,-19.0140,57.5349,0.3235,0.8036,-0.4996,0.9980,324,47.359425,1.8124,-0.5646
BiancaGolden_CircleTurns,-19.3855,-56.2929,199.0835,-2.9244,-19.1634,57.4981,0.3352,0.7950,-0.5056,0.9980,324,47.374535,1.8061,-0.5629
BiancaGolden_CircleTurns,-19.9254,-56.2360,199.2155,-2.4764,-19.4685,57.5984,0.3430,0.7875,-0.5120,0.9980,325,47.400837,1.8007,-0.5624
BiancaGolden_CircleTurns,-21.2197,-55.9680,199.4969,-2.1591,-19.8369,57.6713,0.3474,0.7861,-0.5112,0.9980,325,47.414173,1.7878,-0.5597
BiancaGolden_CircleTurns,-21.7430,-55.8890,199.6414,-2.1377,-19.9836,57.6633,0.3512,0.7864,-0.5082,0.9980,326,47.426670,1.7826,-0.5589
BiancaGolden_CircleTurns,-21.4476,-55.9752,199.7171,-2.5989,-19.8452,57.3537,0.3587,0.7811,-0.5110,0.9980,326,47.454678,1.7855,-0.5598
BiancaGolden_CircleTurns,-22.8920,-55.7720,200.1976,-2.6617,-20.1185,56.7833,0.3671,0.7767,-0.5119,0.9980,327,47.467705,1.7711,-0.5577
BiancaGolden_CircleTurns,-23.2566,-55.8176,200.2473,-2.7762,-20.1791,56.2863,0.3847,0.7673,-0.5131,0.9980,327,47.481808,1.7674,-0.5582
BiancaGolden_CircleTurns,-23.1869,-55.9092,200.1468,-2.8626,-20.1906,55.9925,0.3913,0.7611,-0.5173,0.9980,328,47.494957,1.7681,-0.5591
BiancaGolden_CircleTurns,-23.5492,-55.9569,200.1928,-2.9887,-20.3663,55.5011,0.4068,0.7501,-0.5214,0.9980,328,47.507088,1.7645,-0.5596
BiancaGolden_CircleTurns,-23.8866,-56.0137,200.2456,-3.1628,-20.5287,54.9551,0.4519,0.6909,-0.5642,0.9980,329,47.521381,1.7611,-0.5601
BiancaGolden_CircleTurns,-24.1283,-56.0821,200.2814,-3.3121,-20.6059,54.3056,0.4749,0.6607,-0.5813,0.9980,329,47.546482,1.7587,-0.5608
BiancaGolden_CircleTurns,-24.7122,-56.1985,200.3738,-3.4330,-20.7376,53.3245,0.5002,0.6246,-0.5997,0.9980,330,47.560295,1.7529,-0.5620
BiancaGolden_CircleTurns,-24.9211,-56.3136,200.3623,-3.3502,-20.7105,52.7858,0.5237,0.5993,-0.6054,0.9980,330,47.574608,1.7508,-0.5631
BiancaGolden_CircleTurns,-25.0766,-56.4611,200.3429,-3.1011,-20.5895,52.2694,0.5341,0.5849,-0.6104,0.9980,331,47.587925,1.7492,-0.5646
BiancaGolden_CircleTurns,-25.2385,-56.5996,200.3034,-2.8987,-20.5063,51.7936,0.5400,0.5801,-0.6098,0.9980,331,47.601837,1.7476,-0.5660
BiancaGolden_CircleTurns,-25.3768,-56.7477,200.2453,-2.6624,-20.4744,51.3435,0.5491,0.5716,-0.6097,0.9980,332,47.614750,1.7462,-0.5675
BiancaGolden_CircleTurns,-25.4853,-56.9182,200.1698,-2.5283,-20.4840,50.8968,0.5530,0.5653,-0.6121,0.9980,332,47.629078,1.7451,-0.5692
BiancaGolden_CircleTurns,-25.5516,-57.1127,200.0611,-2.3602,-20.5787,50.4339,0.5485,0.5658,-0.6157,0.9980,332,47.643669,1.7445,-0.5711
BiancaGolden_CircleTurns,-25.5480,-57.3137,199.9276,-2.1778,-20.7505,50.0259,0.5526,0.5603,-0.6170,0.9980,333,47.668915,1.7445,-0.5731
BiancaGolden_CircleTurns,-25.6348,-57.6361,199.7642,-1.8687,-20.9082,49.2205,0.5558,0.5559,-0.6181,0.9980,334,47.681004,1.7437,-0.5764
BiancaGolden_CircleTurns,-25.6173,-57.7708,199.7090,-1.7443,-20.9919,48.8804,0.5570,0.5540,-0.6187,0.9980,334,47.693962,1.7438,-0.5777
BiancaGolden_CircleTurns,-25.5091,-57.8995,199.6983,-1.6962,-21.0414,48.6174,0.5555,0.5568,-0.6176,0.9980,334,47.706070,1.7449,-0.5790
BiancaGolden_CircleTurns,-25.4199,-57.8854,199.7416,-1.6583,-20.9600,48.7445,0.5526,0.5609,-0.6165,0.9980,335,47.719028,1.7458,-0.5789
BiancaGolden_CircleTurns,-25.3034,-58.0247,199.7476,-1.4802,-21.0354,48.5304,0.5528,0.5592,-0.6179,0.9980,335,47.733051,1.7470,-0.5802
BiancaGolden_CircleTurns,-25.1093,-58.0770,199.9095,-1.5012,-21.1386,48.3441,0.5472,0.5646,-0.6179,0.9980,336,47.748653,1.7489,-0.5808
BiancaGolden_CircleTurns,-24.9431,-58.1621,200.0223,-1.5377,-21.0155,48.1101,0.5494,0.5667,-0.6141,0.9980,336,47.765617,1.7506,-0.5816
BiancaGolden_CircleTurns,-24.9077,-58.3781,199.8255,-1.7295,-20.7340,47.7838,0.5529,0.5653,-0.6121,0.9980,337,47.788761,1.7509,-0.5838
BiancaGolden_CircleTurns,-24.8731,-58.7340,199.5439,-1.8858,-20.6267,47.1280,0.5532,0.5624,-0.6146,0.9980,337,47.801929,1.7513,-0.5873
BiancaGolden_CircleTurns,-24.9721,-58.9339,199.3394,-2.1090,-20.6713,46.8593,0.5510,0.5635,-0.6156,0.9980,338,47.815609,1.7503,-0.5893
BiancaGolden_CircleTurns,-25.0405,-59.0642,199.3183,-2.5531,-20.9376,46.5910,0.5359,0.5659,-0.6266,0.9980,338,47.827808,1.7496,-0.5906
BiancaGolden_CircleTurns,-25.1354,-59.1330,199.4854,-3.1469,-21.0560,46.4005,0.5393,0.5614,-0.6276,0.9980,339,47.856380,1.7486,-0.5913
BiancaGolden_CircleTurns,-25.2988,-59.3831,199.4779,-3.4551,-21.1348,45.8673,0.5399,0.5601,-0.6283,0.9980,339,47.869884,1.7470,-0.5938
BiancaGolden_CircleTurns,-25.4845,-59.4851,199.4605,-3.5213,-21.1951,45.5326,0.5438,0.5617,-0.6235,0.9980,340,47.883671,1.7452,-0.5949
BiancaGolden_CircleTurns,-25.7234,-59.5907,199.4317,-3.6355,-21.3275,45.2310,0.5419,0.5624,-0.6245,0.9980,340,47.896873,1.7428,-0.5959
BiancaGolden_CircleTurns,-26.0014,-59.6596,199.4210,-3.8128,-21.4794,44.9207,0.5372,0.5685,-0.6231,0.9980,340,47.910480,1.7400,-0.5966
BiancaGolden_CircleTurns,-26.3369,-59.6974,199.4488,-4.0140,-21.6247,44.6379,0.5384,0.5670,-0.6234,0.9980,341,47.923351,1.7366,-0.5970
BiancaGolden_CircleTurns,-26.6742,-59.7340,199.5021,-4.1305,-21.7290,44.4022,0.5399,0.5648,-0.6241,0.9980,341,47.935596,1.7333,-0.5973
BiancaGolden_CircleTurns,-27.0538,-59.7673,199.5555,-4.1457,-21.7802,44.2117,0.5394,0.5679,-0.6217,0.9980,342,47.950756,1.7295,-0.5977
BiancaGolden_CircleTurns,-27.4502,-59.7764,199.6075,-4.0706,-21.7485,44.0004,0.5331,0.5827,-0.6135,0.9980,342,47.964699,1.7255,-0.5978
BiancaGolden_CircleTurns,-27.9031,-59.7432,199.6787,-3.8901,-21.5384,43.7859,0.5373,0.5834,-0.6090,0.9980,343,47.989693,1.7210,-0.5974
BiancaGolden_CircleTurns,-28.7308,-59.7144,199.7257,-3.8201,-21.2898,43.3173,0.5409,0.5844,-0.6048,0.9980,343,48.001736,1.7127,-0.5971
BiancaGolden_CircleTurns,-29.1880,-59.6526,199.7141,-3.7057,-20.9935,43.0607,0.5474,0.5831,-0.6003,0.9980,344,48.014240,1.7081,-0.5965
BiancaGolden_CircleTurns,-29.6427,-59.5466,199.7069,-3.5850,-20.6615,42.7121,0.5497,0.5852,-0.5961,0.9980,344,48.028313,1.7036,-0.5955
BiancaGolden_CircleTurns,-30.1214,-59.4362,199.6647,-3.5439,-20.3314,42.3619,0.5516,0.5879,-0.5918,0.9980,344,48.043327,1.6988,-0.5944
BiancaGolden_CircleTurns,-30.6192,-59.3074,199.5807,-3.5392,-20.0663,41.9597,0.5592,0.5832,-0.5893,0.9980,345,48.056946,1.6938,-0.5931
BiancaGolden_CircleTurns,-31.1433,-59.1390,199.4443,-3.5673,-19.8679,41.5177,0.5577,0.5851,-0.5888,0.9980,345,48.069958,1.6886,-0.5914
BiancaGolden_CircleTurns,-31.6705,-58.9438,199.3095,-3.5459,-19.7364,41.0944,0.5583,0.5798,-0.5934,0.9980,346,48.085518,1.6833,-0.5894
BiancaGolden_CircleTurns,-32.2101,-58.7220,199.1586,-3.5291,-19.6326,40.6793,0.5633,0.5768,-0.5916,0.9980,346,48.099178,1.6779,-0.5872
BiancaGolden_CircleTurns,-32.7833,-58.4646,198.9607,-3.5409,-19.5098,40.2854,0.5639,0.5777,-0.5902,0.9980,347,48.113918,1.6722,-0.5846
BiancaGolden_CircleTurns,-33.3709,-58.1716,198.7317,-3.6240,-19.4401,39.8957,0.5649,0.5750,-0.5918,0.9980,347,48.127857,1.6663,-0.5817
BiancaGolden_CircleTurns,-33.9701,-57.8416,198.5607,-3.7952,-19.4892,39.4453,0.5642,0.5753,-0.5922,0.9980,347,48.142197,1.6603,-0.5784
BiancaGolden_CircleTurns,-34.5546,-57.4698,198.4733,-4.0008,-19.6862,38.9578,0.5649,0.5692,-0.5974,0.9980,348,48.155025,1.6545,-0.5747
BiancaGolden_CircleTurns,-35.1331,-57.0682,198.4558,-4.3017,-19.9490,38.4673,0.5609,0.5705,-0.5999,0.9980,348,48.168304,1.6487,-0.5707
BiancaGolden_CircleTurns,-35.7277,-56.6237,198.4469,-4.5040,-20.2045,37.9472,0.5420,0.5888,-0.5996,0.9980,349,48.183235,1.6427,-0.5662
BiancaGolden_CircleTurns,-36.3460,-56.1588,198.4034,-4.6290,-20.4853,37.4465,0.5444,0.5828,-0.6032,0.9980,349,48.196484,1.6365,-0.5616
BiancaGolden_CircleTurns,-36.9444,-55.6624,198.4211,-4.6506,-20.7517,36.9815,0.4801,0.5388,-0.6923,0.9980,349,48.211472,1.6306,-0.5566
BiancaGolden_CircleTurns,-37.5211,-55.1227,198.6026,-4.7713,-20.9373,36.5197,0.5214,0.5033,-0.6890,0.9980,350,48.225582,1.6248,-0.5512
BiancaGolden_CircleTurns,-38.0723,-54.5624,198.7406,-4.7665,-20.8968,36.0991,0.5179,0.4960,-0.6970,0.9980,350,48.238682,1.6193,-0.5456
BiancaGolden_CircleTurns,-38.6392,-54.0551,198.8399,-4.5351,-20.7534,35.8019,0.4769,0.5480,-0.6872,0.9980,351,48.253971,1.6136,-0.5406
BiancaGolden_CircleTurns,-39.2986,-53.5700,198.7333,-4.1461,-20.3552,35.6958,0.4844,0.5433,-0.6856,0.9980,352,48.282673,1.6070,-0.5357
BiancaGolden_CircleTurns,-40.5195,-52.6021,198.7277,-3.9568,-20.1869,35.1408,0.4975,0.5468,-0.6734,0.9980,352,48.293209,1.5948,-0.5260
BiancaGolden_CircleTurns,-41.1024,-52.1422,198.7418,-3.7723,-20.1344,34.9593,0.5042,0.5525,-0.6637,0.9980,352,48.304852,1.5890,-0.5214
BiancaGolden_CircleTurns,-41.6936,-51.6895,198.7414,-3.6116,-20.0703,34.7668,0.5087,0.5628,-0.6515,0.9980,353,48.317768,1.5831,-0.5169
BiancaGolden_CircleTurns,-41.6534,-51.7431,198.7279,-3.4518,-20.0857,34.9154,0.5178,0.5600,-0.6467,0.9980,353,48.330853,1.5835,-0.5174
BiancaGolden_CircleTurns,-42.1755,-51.3521,198.7747,-3.1953,-20.0277,34.9010,0.5231,0.5569,-0.6452,0.9980,354,48.357628,1.5782,-0.5135
BiancaGolden_CircleTurns,-43.2743,-50.5115,198.8387,-2.9043,-19.8523,34.6125,0.5325,0.5606,-0.6342,0.9980,354,48.369438,1.5673,-0.5051
BiancaGolden_CircleTurns,-43.7889,-50.1550,198.8601,-2.7859,-19.6843,34.5510,0.5439,0.5507,-0.6331,0.9980,355,48.383121,1.5621,-0.5016
BiancaGolden_CircleTurns,-44.3070,-49.8292,198.8603,-2.7019,-19.5067,34.5180,0.5459,0.5504,-0.6318,0.9980,355,48.395969,1.5569,-0.4983
BiancaGolden_CircleTurns,-44.8007,-49.5181,198.8900,-2.6452,-19.4083,34.4484,0.5494,0.5467,-0.6319,0.9980,355,48.409950,1.5520,-0.4952
BiancaGolden_CircleTurns,-45.2703,-49.2535,198.9584,-2.5824,-19.3663,34.3982,0.5527,0.5452,-0.6303,0.9980,356,48.423004,1.5473,-0.4925
BiancaGolden_CircleTurns,-45.7199,-49.0058,199.0323,-2.4767,-19.3510,34.3257,0.5532,0.5430,-0.6318,0.9980,356,48.436100,1.5428,-0.4901
BiancaGolden_CircleTurns,-46.1476,-48.8625,199.0961,-2.3240,-19.4466,34.2202,0.5508,0.5377,-0.6384,0.9980,357,48.451744,1.5385,-0.4886
BiancaGolden_CircleTurns,-46.5688,-48.7343,199.1448,-2.1404,-19.5730,34.0696,0.5491,0.5323,-0.6444,0.9980,357,48.464718,1.5343,-0.4873
BiancaGolden_CircleTurns,-46.9202,-48.7180,199.2426,-1.8241,-19.7277,33.8758,0.5600,0.5183,-0.6464,0.9980,358,48.490387,1.5308,-0.4872
BiancaGolden_CircleTurns,-47.7083,-48.5154,199.4271,-1.5235,-19.7448,33.5289,0.5590,0.5212,-0.6449,0.9980,358,48.503109,1.5229,-0.4852
BiancaGolden_CircleTurns,-48.0614,-48.4877,199.5571,-1.4707,-19.6756,33.2700,0.5652,0.5129,-0.6462,0.9980,359,48.516922,1.5194,-0.4849
BiancaGolden_CircleTurns,-48.4106,-48.5011,199.6746,-1.4614,-19.5863,33.0108,0.5664,0.5132,-0.6449,0.9980,359,48.528061,1.5159,-0.4850
BiancaGolden_CircleTurns,-48.3907,-48.5824,199.6857,-1.5701,-19.5054,32.9271,0.5665,0.5147,-0.6435,0.9980,359,48.541397,1.5161,-0.4858
BiancaGolden_CircleTurns,-48.7600,-48.6102,199.7716,-1.5740,-19.4151,32.6721,0.5698,0.5137,-0.6414,0.9980,360,48.553806,1.5124,-0.4861
BiancaGolden_CircleTurns,-49.0989,-48.7034,199.8368,-1.7085,-19.2765,32.4114,0.5746,0.5071,-0.6425,0.9980,360,48.578896,1.5090,-0.4870
BiancaGolden_CircleTurns,-49.7804,-48.7910,200.0258,-1.7990,-19.0413,32.0092,0.5715,0.5023,-0.6489,0.9980,361,48.594318,1.5022,-0.4879
BiancaGolden_CircleTurns,-50.0736,-48.8735,200.1314,-1.8978,-18.8613,31.8399,0.5750,0.5035,-0.6449,0.9980,361,48.607441,1.4993,-0.4887
BiancaGolden_CircleTurns,-50.3477,-48.9536,200.2428,-2.0128,-18.5762,31.7172,0.5819,0.4871,-0.6512,0.9980,362,48.622383,1.4965,-0.4895
BiancaGolden_CircleTurns,-50.6059,-49.0616,200.3321,-2.1263,-18.2944,31.6318,0.6080,0.4195,-0.6740,0.9980,362,48.634914,1.4939,-0.4906
BiancaGolden_CircleTurns,-50.8970,-49.1757,200.3585,-2.2594,-18.0121,31.4882,0.6040,0.4172,-0.6790,0.9980,363,48.649010,1.4910,-0.4918
BiancaGolden_CircleTurns,-51.1652,-49.3270,200.3631,-2.4263,-17.8264,31.3775,0.6054,0.4176,-0.6775,0.9980,363,48.662022,1.4883,-0.4933
BiancaGolden_CircleTurns,-51.4305,-49.4766,200.3828,-2.5497,-17.7178,31.2790,0.6071,0.4146,-0.6779,0.9980,363,48.676109,1.4857,-0.4948
BiancaGolden_CircleTurns,-51.6759,-49.6525,200.4295,-2.6020,-17.6519,31.1719,0.6085,0.4143,-0.6768,0.9980,364,48.689243,1.4832,-0.4965
BiancaGolden_CircleTurns,-51.9104,-49.8527,200.4663,-2.7016,-17.5794,31.0670,0.6082,0.4131,-0.6779,0.9980,364,48.702148,1.4809,-0.4985
BiancaGolden_CircleTurns,-52.1308,-50.0520,200.4820,-2.8137,-17.4714,30.9222,0.6096,0.4123,-0.6770,0.9980,365,48.716896,1.4787,-0.5005
BiancaGolden_CircleTurns,-52.3204,-50.2776,200.4744,-2.8261,-17.3485,30.8503,0.6085,0.4100,-0.6794,0.9980,365,48.730106,1.4768,-0.5028
BiancaGolden_CircleTurns,-52.4969,-50.4887,200.4990,-2.8383,-17.2172,30.7383,0.6122,0.4073,-0.6777,0.9980,365,48.744411,1.4750,-0.5049
BiancaGolden_CircleTurns,-52.6265,-50.7279,200.5344,-2.8900,-17.0557,30.6354,0.6138,0.4045,-0.6780,0.9980,366,48.761379,1.4737,-0.5073
BiancaGolden_CircleTurns,-52.7654,-50.9714,200.5495,-2.8536,-16.8801,30.5096,0.6162,0.4037,-0.6763,0.9980,366,48.771046,1.4723,-0.5097
BiancaGolden_CircleTurns,-52.8790,-51.2613,200.5452,-2.7699,-16.7432,30.4119,0.6194,0.3991,-0.6761,0.9980,367,48.785961,1.4712,-0.5126
BiancaGolden_CircleTurns,-52.9989,-51.5362,200.5498,-2.7382,-16.6161,30.3160,0.6222,0.3970,-0.6747,0.9980,367,48.798550,1.4700,-0.5154
BiancaGolden_CircleTurns,-53.0928,-51.8306,200.5656,-2.8377,-16.5062,30.1851,0.6268,0.3889,-0.6752,0.9980,367,48.812584,1.4691,-0.5183
BiancaGolden_CircleTurns,-53.1752,-52.1441,200.5912,-2.9930,-16.4198,30.0318,0.6284,0.3881,-0.6741,0.9980,368,48.825722,1.4682,-0.5214
BiancaGolden_CircleTurns,-53.2783,-52.4998,200.5694,-3.0953,-16.3416,29.8581,0.6043,0.3730,-0.7040,0.9980,368,48.839043,1.4672,-0.5250
BiancaGolden_CircleTurns,-53.4109,-52.8624,200.5155,-3.2057,-16.3044,29.7139,0.5906,0.3964,-0.7029,0.9980,369,48.855061,1.4659,-0.5286
BiancaGolden_CircleTurns,-53.5072,-53.2086,200.5380,-3.4072,-16.3673,29.5028,0.5908,0.3959,-0.7029,0.9980,369,48.867535,1.4649,-0.5321
BiancaGolden_CircleTurns,-53.5724,-53.5675,200.6534,-3.6163,-16.3867,29.3170,0.6898,0.4465,-0.5699,0.9980,370,48.882023,1.4643,-0.5357
BiancaGolden_CircleTurns,-53.6197,-53.9293,200.7652,-3.7004,-16.3692,29.1603,0.6922,0.4458,-0.5676,0.9980,370,48.895538,1.4638,-0.5393
BiancaGolden_CircleTurns,-53.6529,-54.2799,200.8980,-3.7890,-16.2622,29.0129,0.6931,0.4424,-0.5691,0.9980,370,48.910328,1.4635,-0.5428
BiancaGolden_CircleTurns,-53.7366,-54.6277,200.9731,-3.9009,-16.0650,28.8403,0.7046,0.3375,-0.6243,0.9980,371,48.923943,1.4626,-0.5463
BiancaGolden_CircleTurns,-53.8297,-54.9788,200.9806,-4.0698,-15.8618,28.6601,0.6867,0.2760,-0.6726,0.9980,371,48.937305,1.4617,-0.5498
BiancaGolden_CircleTurns,-53.9297,-55.3181,201.0162,-4.1491,-15.6961,28.4657,0.6883,0.2752,-0.6712,0.9980,372,48.952972,1.4607,-0.5532
BiancaGolden_CircleTurns,-54.0603,-55.6994,201.0477,-4.1795,-15.5811,28.3226,0.6871,0.2515,-0.6816,0.9980,372,48.966511,1.4594,-0.5570
BiancaGolden_CircleTurns,-54.2430,-56.0676,201.0246,-4.1946,-15.5272,28.1667,0.6869,0.2495,-0.6825,0.9980,373,48.981464,1.4576,-0.5607
BiancaGolden_CircleTurns,-54.4293,-56.4280,200.9827,-4.1889,-15.5999,28.0395,0.6802,0.2655,-0.6833,0.9980,373,48.995342,1.4557,-0.5643
BiancaGolden_CircleTurns,-54.6256,-56.7556,200.9876,-4.2875,-15.6890,27.9025,0.6838,0.2672,-0.6790,0.9980,373,49.008106,1.4537,-0.5676
BiancaGolden_CircleTurns,-54.7995,-57.0688,201.0756,-4.4163,-15.8359,27.7549,0.6886,0.2659,-0.6747,0.9980,374,49.021908,1.4520,-0.5707
BiancaGolden_CircleTurns,-54.9722,-57.3758,201.1426,-4.4523,-15.8149,27.5971,0.6889,0.2607,-0.6764,0.9980,374,49.035286,1.4503,-0.5738
BiancaGolden_CircleTurns,-55.1610,-57.6672,201.1464,-4.2756,-15.6472,27.4353,0.6921,0.2587,-0.6738,0.9980,375,49.051247,1.4484,-0.5767
BiancaGolden_CircleTurns,-55.3709,-57.9601,201.1155,-4.1327,-15.4636,27.2738,0.6961,0.2553,-0.6710,0.9980,375,49.063179,1.4463,-0.5796
BiancaGolden_CircleTurns,-55.6127,-58.2062,201.1063,-4.0203,-15.3001,27.0885,0.6960,0.2548,-0.6713,0.9980,375,49.077713,1.4439,-0.5821
BiancaGolden_CircleTurns,-55.8690,-58.4309,201.1359,-4.0477,-15.1931,26.9214,0.6920,0.2629,-0.6723,0.9980,376,49.091736,1.4413,-0.5843
BiancaGolden_CircleTurns,-56.1411,-58.6239,201.1625,-4.0750,-15.1095,26.7443,0.6936,0.2611,-0.6714,0.9980,376,49.103737,1.4386,-0.5862
BiancaGolden_CircleTurns,-56.4213,-58.8244,201.1680,-4.0116,-15.0427,26.5995,0.6896,0.2689,-0.6724,0.9980,377,49.117706,1.4358,-0.5882
BiancaGolden_CircleTurns,-56.4678,-58.7701,201.1603,-3.9046,-15.0766,26.6199,0.6900,0.2695,-0.6718,0.9980,377,49.130398,1.4353,-0.5877
BiancaGolden_CircleTurns,-56.7657,-58.9383,201.1642,-3.8183,-15.0612,26.4734,0.6875,0.2733,-0.6728,0.9980,377,49.143322,1.4323,-0.5894
BiancaGolden_CircleTurns,-57.0800,-59.0666,201.1936,-3.7414,-15.0568,26.3224,0.6781,0.2853,-0.6774,0.9980,378,49.154964,1.4292,-0.5907
BiancaGolden_CircleTurns,-57.4081,-59.1535,201.2102,-3.6749,-15.0215,26.2215,0.6788,0.2860,-0.6764,0.9980,378,49.166992,1.4259,-0.5915
BiancaGolden_CircleTurns,-57.7458,-59.2215,201.2253,-3.5600,-14.9508,26.1775,0.6777,0.2946,-0.6738,0.9980,379,49.180992,1.4225,-0.5922
BiancaGolden_CircleTurns,-58.0822,-59.2767,201.2442,-3.3345,-14.8141,26.1964,0.6804,0.2945,-0.6711,0.9980,379,49.193878,1.4192,-0.5928
BiancaGolden_CircleTurns,-58.4286,-59.3099,201.2745,-3.2113,-14.6127,26.1757,0.6832,0.2936,-0.6686,0.9980,379,49.207817,1.4157,-0.5931
BiancaGolden_CircleTurns,-58.7831,-59.3402,201.3045,-3.0819,-14.4298,26.0996,0.6860,0.2919,-0.6665,0.9980,380,49.220192,1.4122,-0.5934
BiancaGolden_CircleTurns,-59.1536,-59.3466,201.3166,-2.8961,-14.2702,26.0124,0.6841,0.2972,-0.6661,0.9980,380,49.232380,1.4085,-0.5935
BiancaGolden_CircleTurns,-59.5452,-59.3622,201.3136,-2.5144,-14.1805,26.0070,0.6855,0.2955,-0.6654,0.9980,381,49.247387,1.4045,-0.5936
BiancaGolden_CircleTurns,-59.9690,-59.3368,201.3267,-2.0673,-14.1516,26.1258,0.6852,0.2947,-0.6661,0.9980,381,49.263775,1.4003,-0.5934
BiancaGolden_CircleTurns,-60.4161,-59.3090,201.3509,-1.6804,-14.1540,26.3167,0.6849,0.2955,-0.6660,0.9980,381,49.274517,1.3958,-0.5931
BiancaGolden_CircleTurns,-60.8808,-59.2682,201.3534,-1.1789,-14.1698,26.6916,0.6843,0.2973,-0.6658,0.9980,382,49.287403,1.3912,-0.5927
BiancaGolden_CircleTurns,-61.3711,-59.2490,201.3456,-0.5368,-14.1988,27.2358,0.7155,0.3288,-0.6165,0.9980,382,49.300964,1.3863,-0.5925
BiancaGolden_CircleTurns,-61.8568,-59.2327,201.3484,-0.0279,-14.2374,27.7665,0.7285,0.3449,-0.5918,0.9980,383,49.315716,1.3814,-0.5923
BiancaGolden_CircleTurns,-62.3167,-59.2032,201.3648,0.3519,-14.2732,28.2897,0.7262,0.3519,-0.5907,0.9980,383,49.329044,1.3768,-0.5920
BiancaGolden_CircleTurns,-62.7231,-59.2190,201.3985,0.7660,-14.2053,28.7968,0.7202,0.3508,-0.5985,0.9980,383,49.343922,1.3728,-0.5922
BiancaGolden_CircleTurns,-63.0835,-59.2243,201.4748,1.1596,-14.0365,29.2203,0.7227,0.3549,-0.5931,0.9980,384,49.357662,1.3692,-0.5922
BiancaGolden_CircleTurns,-63.4164,-59.2154,201.5502,1.5024,-13.6740,29.5515,0.7259,0.3577,-0.5875,0.9980,384,49.371769,1.3658,-0.5922
BiancaGolden_CircleTurns,-63.7285,-59.2157,201.6089,1.7195,-13.3072,29.8444,0.7311,0.3606,-0.5792,0.9980,385,49.387253,1.3627,-0.5922
BiancaGolden_CircleTurns,-64.0283,-59.2431,201.6389,1.9737,-12.9002,30.1565,0.7428,0.3598,-0.5646,0.9980,385,49.400852,1.3597,-0.5924
BiancaGolden_CircleTurns,-64.3412,-59.2519,201.6582,2.2214,-12.5784,30.5040,0.7488,0.3619,-0.5553,0.9980,386,49.415188,1.3566,-0.5925
BiancaGolden_CircleTurns,-64.6454,-59.2391,201.6784,2.3550,-12.2943,30.8797,0.7494,0.3654,-0.5521,0.9980,386,49.429256,1.3535,-0.5924
BiancaGolden_CircleTurns,-64.9521,-59.1989,201.7309,2.3349,-12.0963,31.2092,0.7489,0.3701,-0.5497,0.9980,386,49.443306,1.3505,-0.5920
BiancaGolden_CircleTurns,-65.2361,-59.1694,201.7561,2.3089,-11.9283,31.5235,0.7425,0.3710,-0.5577,0.9980,387,49.457142,1.3476,-0.5917
BiancaGolden_CircleTurns,-65.5378,-59.1506,201.7578,2.3551,-11.8468,31.8562,0.7432,0.3591,-0.5646,0.9980,387,49.470211,1.3446,-0.5915
BiancaGolden_CircleTurns,-65.8235,-59.1039,201.7307,2.5227,-11.8847,32.0848,0.7426,0.3555,-0.5676,0.9980,388,49.485714,1.3418,-0.5910
BiancaGolden_CircleTurns,-66.1016,-59.0753,201.7204,2.8237,-11.9508,32.4044,0.7442,0.3367,-0.5768,0.9980,388,49.499290,1.3390,-0.5908
BiancaGolden_CircleTurns,-66.3737,-59.0279,201.7067,3.2133,-12.0403,32.7877,0.7417,0.3366,-0.5801,0.9980,389,49.513996,1.3363,-0.5903
BiancaGolden_CircleTurns,-66.6497,-58.9710,201.6670,3.5960,-12.1523,33.1282,0.7402,0.3386,-0.5809,0.9980,389,49.526909,1.3335,-0.5897
BiancaGolden_CircleTurns,-66.9394,-58.8994,201.6449,3.8088,-12.2431,33.4176,0.7369,0.3404,-0.5841,0.9980,389,49.541397,1.3306,-0.5890
BiancaGolden_CircleTurns,-67.2226,-58.8358,201.5961,3.9342,-12.2488,33.7316,0.7354,0.3421,-0.5849,0.9980,390,49.555218,1.3278,-0.5884
BiancaGolden_CircleTurns,-67.5515,-58.7407,201.5232,4.0013,-12.3078,33.9267,0.7369,0.3386,-0.5851,0.9980,390,49.568195,1.3245,-0.5874
BiancaGolden_CircleTurns,-67.8569,-58.6657,201.4334,4.0947,-12.3442,34.1907,0.7403,0.3345,-0.5832,0.9980,391,49.583637,1.3214,-0.5867
BiancaGolden_CircleTurns,-68.1659,-58.5721,201.3747,4.2994,-12.4014,34.4305,0.7393,0.3367,-0.5831,0.9980,391,49.597206,1.3183,-0.5857
BiancaGolden_CircleTurns,-68.4594,-58.4663,201.3298,4.4952,-12.4340,34.7009,0.7382,0.3376,-0.5841,0.9980,391,49.611126,1.3154,-0.5847
BiancaGolden_CircleTurns,-68.7732,-58.3672,201.2647,4.8949,-12.4719,35.0109,0.7377,0.3394,-0.5837,0.9980,392,49.624622,1.3123,-0.5837
BiancaGolden_CircleTurns,-69.0972,-58.2662,201.1482,5.3510,-12.5341,35.3768,0.7437,0.3286,-0.5822,0.9980,392,49.638046,1.3090,-0.5827
BiancaGolden_CircleTurns,-69.4268,-58.1553,201.0101,5.8940,-12.6490,35.7608,0.7448,0.3305,-0.5796,0.9980,393,49.653561,1.3057,-0.5816
BiancaGolden_CircleTurns,-69.7581,-58.0131,200.9150,6.3130,-12.7695,36.1178,0.7472,0.3280,-0.5780,0.9980,393,49.667034,1.3024,-0.5801
BiancaGolden_CircleTurns,-70.0666,-57.8452,200.8788,6.7547,-12.9437,36.5071,0.7465,0.3296,-0.5780,0.9980,394,49.681980,1.2993,-0.5785
BiancaGolden_CircleTurns,-70.3888,-57.6849,200.7951,7.0665,-13.0224,36.8168,0.7461,0.3306,-0.5779,0.9980,394,49.694870,1.2961,-0.5768
BiancaGolden_CircleTurns,-70.7090,-57.5427,200.6601,7.4558,-13.1146,37.0798,0.7508,0.3215,-0.5770,0.9980,394,49.709614,1.2929,-0.5754
BiancaGolden_CircleTurns,-71.0451,-57.4191,200.5186,7.8401,-13.2907,37.3522,0.7499,0.3184,-0.5799,0.9980,395,49.723316,1.2895,-0.5742
BiancaGolden_CircleTurns,-71.3673,-57.2695,200.4082,8.1473,-13.4736,37.6086,0.7540,0.3090,-0.5796,0.9980,395,49.736343,1.2863,-0.5727
BiancaGolden_CircleTurns,-71.6916,-57.1201,200.3080,8.5286,-13.6528,37.8849,0.7566,0.3053,-0.5783,0.9980,396,49.751701,1.2831,-0.5712
BiancaGolden_CircleTurns,-71.9960,-56.9623,200.1990,8.8920,-13.7090,38.1874,0.7563,0.3076,-0.5774,0.9980,396,49.768234,1.2800,-0.5696
BiancaGolden_CircleTurns,-72.3126,-56.8210,200.0685,9.1905,-13.7451,38.4911,0.7620,0.3018,-0.5729,0.9980,396,49.779709,1.2769,-0.5682
BiancaGolden_CircleTurns,-72.6107,-56.6910,199.9177,9.5405,-13.7361,38.8600,0.7668,0.3027,-0.5661,0.9980,397,49.792709,1.2739,-0.5669
BiancaGolden_CircleTurns,-72.9156,-56.5704,199.8849,10.3773,-13.8071,39.1015,0.7694,0.3098,-0.5586,0.9980,397,49.806042,1.2708,-0.5657
BiancaGolden_CircleTurns,-73.2007,-56.4338,199.6485,10.7833,-13.9010,39.3786,0.7695,0.3115,-0.5576,0.9980,398,49.820217,1.2680,-0.5643
BiancaGolden_CircleTurns,-73.4372,-56.3103,199.5703,11.1126,-13.9972,39.9550,0.7758,0.3033,-0.5532,0.9980,398,49.833969,1.2656,-0.5631
BiancaGolden_CircleTurns,-73.6921,-56.1358,199.4317,11.6132,-14.0974,40.2908,0.7768,0.3088,-0.5488,0.9980,399,49.862850,1.2631,-0.5614
BiancaGolden_CircleTurns,-74.2076,-55.8526,199.1067,12.8613,-14.4444,41.0647,0.7807,0.3033,-0.5464,0.9980,399,49.876465,1.2579,-0.5585
BiancaGolden_CircleTurns,-74.4459,-55.6978,198.9482,13.6462,-14.7638,41.5084,0.7825,0.3040,-0.5433,0.9980,400,49.890835,1.2555,-0.5570
BiancaGolden_CircleTurns,-74.6765,-55.5374,198.7975,14.3103,-15.0607,41.9454,0.7817,0.3063,-0.5432,0.9980,400,49.904091,1.2532,-0.5554
BiancaGolden_CircleTurns,-74.8631,-55.4302,198.6780,14.8125,-15.3859,42.4469,0.7788,0.3083,-0.5463,0.9980,401,49.917938,1.2514,-0.5543
BiancaGolden_CircleTurns,-75.0160,-55.3099,198.5927,14.9759,-15.7003,42.7231,0.7776,0.3088,-0.5478,0.9980,401,49.931431,1.2498,-0.5531
BiancaGolden_CircleTurns,-75.1231,-55.2371,198.5301,15.1527,-15.8901,42.9133,0.7753,0.3036,-0.5539,0.9980,401,49.945827,1.2488,-0.5524
BiancaGolden_CircleTurns,-75.1748,-55.2159,198.4702,15.4649,-16.0210,42.9658,0.7766,0.3010,-0.5535,0.9980,402,49.958801,1.2483,-0.5522
BiancaGolden_CircleTurns,-75.1873,-55.2064,198.4567,15.7944,-16.1252,42.9446,0.7796,0.2883,-0.5559,0.9980,402,49.971844,1.2481,-0.5521
BiancaGolden_CircleTurns,-75.1560,-55.2179,198.4699,16.0407,-16.1819,42.7795,0.7837,0.2833,-0.5528,0.9980,403,49.986771,1.2484,-0.5522
BiancaGolden_CircleTurns,-75.1245,-55.2055,198.4716,16.1802,-16.1790,42.6326,0.7856,0.2787,-0.5524,0.9980,403,50.000076,1.2488,-0.5521
BiancaGolden_CircleTurns,-75.0424,-55.2012,198.4865,16.2876,-16.0851,42.3631,0.7872,0.2784,-0.5504,0.9980,404,50.014164,1.2496,-0.5520
BiancaGolden_CircleTurns,-74.9610,-55.1867,198.4916,16.4693,-16.0139,42.2332,0.7886,0.2767,-0.5491,0.9980,404,50.027176,1.2504,-0.5519
BiancaGolden_CircleTurns,-74.8319,-55.1843,198.5224,16.6487,-15.9909,42.1396,0.7901,0.2754,-0.5476,0.9980,404,50.041054,1.2517,-0.5518
BiancaGolden_CircleTurns,-74.7216,-55.1729,198.5412,16.7384,-15.9179,42.0302,0.7924,0.2732,-0.5455,0.9980,405,50.053902,1.2528,-0.5517
BiancaGolden_CircleTurns,-74.5547,-55.1752,198.5663,16.4357,-15.8185,41.7910,0.7931,0.2713,-0.5453,0.9980,405,50.066639,1.2545,-0.5518
BiancaGolden_CircleTurns,-74.4130,-55.1704,198.5479,16.0640,-15.6585,41.4959,0.7947,0.2694,-0.5440,0.9980,406,50.081047,1.2559,-0.5517
BiancaGolden_CircleTurns,-74.2350,-55.1803,198.5259,15.8379,-15.5887,41.1706,0.7895,0.2743,-0.5491,0.9980,406,50.094620,1.2576,-0.5518
BiancaGolden_CircleTurns,-74.0657,-55.1886,198.5060,15.7511,-15.6120,40.8749,0.7883,0.2718,-0.5520,0.9980,406,50.109158,1.2593,-0.5519
BiancaGolden_CircleTurns,-73.8886,-55.2155,198.5037,15.6276,-15.7409,40.5704,0.7800,0.2697,-0.5647,0.9980,407,50.122864,1.2611,-0.5522
BiancaGolden_CircleTurns,-73.7020,-55.2498,198.5107,15.2221,-16.0618,40.0530,0.7783,0.2671,-0.5682,0.9980,408,50.147064,1.2630,-0.5525
BiancaGolden_CircleTurns,-73.3536,-55.2909,198.5162,14.8484,-16.2932,39.3386,0.7763,0.2636,-0.5726,0.9980,408,50.161545,1.2665,-0.5529
BiancaGolden_CircleTurns,-73.1644,-55.3091,198.5403,14.6661,-16.4793,38.9181,0.7727,0.2623,-0.5781,0.9980,408,50.173740,1.2684,-0.5531
BiancaGolden_CircleTurns,-72.9963,-55.3164,198.5732,14.4263,-16.6596,38.4860,0.7715,0.2576,-0.5818,0.9980,409,50.188004,1.2700,-0.5532
BiancaGolden_CircleTurns,-72.8498,-55.3069,198.6121,14.0245,-16.7739,38.0582,0.7660,0.2567,-0.5894,0.9980,409,50.202141,1.2715,-0.5531
BiancaGolden_CircleTurns,-72.7099,-55.3175,198.6503,13.3553,-16.8405,37.5655,0.7616,0.2569,-0.5950,0.9980,410,50.216686,1.2729,-0.5532
BiancaGolden_CircleTurns,-72.5531,-55.3198,198.6975,12.7589,-16.9079,37.0186,0.7599,0.2569,-0.5971,0.9980,410,50.230549,1.2745,-0.5532
BiancaGolden_CircleTurns,-72.3865,-55.3447,198.7530,12.4227,-16.9714,36.4852,0.7567,0.2585,-0.6005,0.9980,410,50.244984,1.2761,-0.5534
BiancaGolden_CircleTurns,-72.2446,-55.3349,198.7803,12.2573,-17.0237,36.0301,0.7519,0.2608,-0.6055,0.9980,411,50.261433,1.2776,-0.5533
BiancaGolden_CircleTurns,-72.1400,-55.2774,198.8110,11.8983,-17.1202,35.6443,0.7551,0.2636,-0.6002,0.9980,411,50.272697,1.2786,-0.5528
BiancaGolden_CircleTurns,-72.0486,-55.1979,198.8453,11.3328,-17.2130,35.2270,0.7525,0.2625,-0.6041,0.9980,412,50.287914,1.2795,-0.5520
BiancaGolden_CircleTurns,-71.9825,-55.0887,198.8833,10.6966,-17.3093,34.6911,0.7512,0.2590,-0.6071,0.9980,412,50.313080,1.2802,-0.5509
BiancaGolden_CircleTurns,-71.7519,-54.9935,198.9282,10.2607,-17.5194,33.8204,0.7535,0.2560,-0.6056,0.9980,413,50.326759,1.2825,-0.5499
BiancaGolden_CircleTurns,-71.6748,-54.9482,198.9381,10.2473,-17.6899,33.3814,0.7550,0.2480,-0.6070,0.9980,413,50.338634,1.2833,-0.5495
BiancaGolden_CircleTurns,-71.6000,-54.8773,198.9293,10.1387,-17.8608,32.8513,0.7747,0.2117,-0.5959,0.9980,414,50.351582,1.2840,-0.5488
BiancaGolden_CircleTurns,-71.6220,-54.8573,198.9234,10.1217,-17.8733,32.7918,0.7754,0.2042,-0.5976,0.9980,414,50.365341,1.2838,-0.5486
BiancaGolden_CircleTurns,-71.5304,-54.7674,198.9487,9.9809,-17.9577,32.2303,0.7846,0.1779,-0.5940,0.9980,414,50.377594,1.2847,-0.5477
BiancaGolden_CircleTurns,-71.4463,-54.7094,198.9958,9.8682,-17.9981,31.7407,0.7857,0.1708,-0.5946,0.9980,415,50.390259,1.2855,-0.5471
BiancaGolden_CircleTurns,-71.3679,-54.6673,199.0697,9.6070,-17.8635,31.1608,0.7848,0.1671,-0.5969,0.9980,415,50.404743,1.2863,-0.5467
BiancaGolden_CircleTurns,-71.3117,-54.6456,199.1642,9.1403,-17.6779,30.2956,0.7865,0.1519,-0.5986,0.9980,416,50.429848,1.2869,-0.5465
BiancaGolden_CircleTurns,-71.1724,-54.6051,199.3103,8.7127,-17.6730,29.0467,0.7823,0.1581,-0.6025,0.9980,416,50.441643,1.2883,-0.5461
BiancaGolden_CircleTurns,-71.1192,-54.6695,199.3675,8.6861,-17.7136,28.4862,0.7814,0.1503,-0.6057,0.9980,417,50.456406,1.2888,-0.5467
BiancaGolden_CircleTurns,-71.0833,-54.7589,199.4125,8.5020,-17.8990,27.9165,0.7786,0.1516,-0.6090,0.9980,417,50.469608,1.2892,-0.5476
BiancaGolden_CircleTurns,-71.0320,-54.8844,199.4437,8.2892,-18.0466,27.3200,0.7719,0.1524,-0.6172,0.9980,418,50.484135,1.2897,-0.5488
BiancaGolden_CircleTurns,-70.9602,-55.0571,199.5118,8.1030,-18.2597,26.8941,0.7717,0.1475,-0.6187,0.9980,418,50.497353,1.2904,-0.5506
BiancaGolden_CircleTurns,-70.8820,-55.1795,199.6101,7.9384,-18.3292,26.4931,0.7674,0.1525,-0.6227,0.9980,418,50.511665,1.2912,-0.5518
BiancaGolden_CircleTurns,-70.7634,-55.3521,199.7610,7.8688,-18.3274,26.3135,0.7649,0.1590,-0.6243,0.9980,419,50.524986,1.2924,-0.5535
BiancaGolden_CircleTurns,-70.6153,-55.5877,199.9732,8.0796,-18.3434,26.3922,0.7652,0.1615,-0.6232,0.9980,419,50.537746,1.2938,-0.5559
BiancaGolden_CircleTurns,-70.4256,-55.8518,200.1936,8.1024,-18.2705,26.5637,0.7612,0.1827,-0.6222,0.9980,420,50.552532,1.2957,-0.5585
BiancaGolden_CircleTurns,-70.2243,-56.1614,200.3673,7.7458,-17.9284,26.6694,0.7671,0.1941,-0.6115,0.9980,420,50.565521,1.2978,-0.5616
BiancaGolden_CircleTurns,-70.0580,-56.5091,200.4533,7.0202,-17.4140,26.5442,0.7695,0.2002,-0.6065,0.9980,421,50.580933,1.2994,-0.5651
BiancaGolden_CircleTurns,-69.8631,-56.8672,200.5039,6.0472,-16.8185,26.2840,0.7673,0.2138,-0.6046,0.9980,421,50.594498,1.3014,-0.5687
BiancaGolden_CircleTurns,-69.6182,-57.1843,200.6096,5.0825,-15.9269,25.9556,0.7727,0.2197,-0.5956,0.9980,422,50.620403,1.3038,-0.5718
BiancaGolden_CircleTurns,-69.2293,-57.7715,200.8258,3.9555,-15.0640,25.5357,0.7749,0.2250,-0.5907,0.9980,422,50.633373,1.3077,-0.5777
BiancaGolden_CircleTurns,-69.0331,-58.0525,200.9387,3.3834,-14.7429,25.3817,0.7758,0.2291,-0.5879,0.9980,422,50.645912,1.3097,-0.5805
BiancaGolden_CircleTurns,-68.8287,-58.3519,201.0101,2.8768,-14.4631,25.3344,0.7691,0.2315,-0.5957,0.9980,423,50.658169,1.3117,-0.5835
BiancaGolden_CircleTurns,-68.8372,-58.3663,200.9600,2.8975,-14.5981,25.4317,0.7594,0.2399,-0.6048,0.9980,423,50.670067,1.3116,-0.5837
BiancaGolden_CircleTurns,-68.5996,-58.7000,200.9885,2.3768,-14.4685,25.3567,0.7583,0.2410,-0.6058,0.9980,424,50.684868,1.3140,-0.5870
BiancaGolden_CircleTurns,-68.3577,-59.0148,201.0238,1.9100,-14.3702,25.1978,0.7575,0.2386,-0.6076,0.9980,424,50.697479,1.3164,-0.5901
BiancaGolden_CircleTurns,-68.0918,-59.3356,201.0467,1.5038,-14.4562,24.8615,0.7559,0.2360,-0.6107,0.9980,425,50.723625,1.3191,-0.5934
BiancaGolden_CircleTurns,-67.6022,-59.9608,201.1350,0.6245,-14.3077,24.3437,0.7502,0.2338,-0.6185,0.9980,425,50.735435,1.3240,-0.5996
BiancaGolden_CircleTurns,-67.3523,-60.2473,201.1438,0.3151,-14.3026,23.9076,0.7492,0.2286,-0.6216,0.9980,426,50.750088,1.3265,-0.6025
BiancaGolden_CircleTurns,-67.0931,-60.5426,201.1021,0.0590,-14.2761,23.4545,0.7512,0.2240,-0.6210,0.9980,426,50.769424,1.3291,-0.6054
BiancaGolden_CircleTurns,-66.8354,-60.8159,201.0662,-0.2326,-14.2004,22.9746,0.7527,0.1785,-0.6337,0.9980,426,50.778164,1.3316,-0.6082
BiancaGolden_CircleTurns,-66.6121,-61.0172,201.0599,-0.7935,-14.0219,22.3048,0.7529,0.1743,-0.6347,0.9980,427,50.790585,1.3339,-0.6102
BiancaGolden_CircleTurns,-66.4379,-61.1725,201.0733,-1.4248,-13.8126,21.6418,0.7543,0.1723,-0.6336,0.9980,427,50.803352,1.3356,-0.6117
BiancaGolden_CircleTurns,-66.3179,-61.3059,201.0521,-2.0815,-13.6369,21.0920,0.7458,0.1848,-0.6401,0.9980,428,50.818409,1.3368,-0.6131
BiancaGolden_CircleTurns,-66.3497,-61.3960,200.9568,-2.6820,-13.7114,20.6019,0.7415,0.1866,-0.6445,0.9980,428,50.830944,1.3365,-0.6140
BiancaGolden_CircleTurns,-66.3828,-61.4927,200.8126,-3.0691,-14.0094,20.2224,0.7357,0.1867,-0.6511,0.9980,428,50.845901,1.3362,-0.6149
BiancaGolden_CircleTurns,-66.4877,-61.5490,200.6257,-3.2786,-14.4402,19.9329,0.7264,0.1871,-0.6613,0.9980,429,50.859638,1.3351,-0.6155
BiancaGolden_CircleTurns,-66.6600,-61.5983,200.4178,-3.3793,-15.1581,19.7416,0.7188,0.1809,-0.6712,0.9980,429,50.872509,1.3334,-0.6160
BiancaGolden_CircleTurns,-66.8308,-61.5254,200.3288,-3.3898,-15.9209,19.4815,0.7079,0.1803,-0.6829,0.9980,430,50.887585,1.3317,-0.6153
BiancaGolden_CircleTurns,-67.0134,-61.4545,200.3230,-3.6437,-16.7301,19.2613,0.7023,0.1743,-0.6902,0.9980,430,50.899895,1.3299,-0.6145
BiancaGolden_CircleTurns,-67.1881,-61.2919,200.3241,-3.7574,-17.3008,18.8877,0.6951,0.1818,-0.6955,0.9980,431,50.913906,1.3281,-0.6129
BiancaGolden_CircleTurns,-67.4533,-61.0031,200.1583,-4.5862,-17.6583,18.2355,0.6907,0.1785,-0.7007,0.9980,431,50.927921,1.3255,-0.6100
BiancaGolden_CircleTurns,-67.7680,-60.8306,199.9820,-5.0923,-18.0480,17.6903,0.6919,0.1700,-0.7016,0.9980,431,50.942005,1.3223,-0.6083
BiancaGolden_CircleTurns,-68.0807,-60.6075,199.8261,-5.0972,-18.4306,17.0287,0.6910,0.1582,-0.7054,0.9980,432,50.953823,1.3192,-0.6061
BiancaGolden_CircleTurns,-68.4475,-60.3197,199.8425,-4.6333,-18.7563,16.4246,0.7011,0.1548,-0.6961,0.9980,432,50.966568,1.3155,-0.6032
BiancaGolden_CircleTurns,-68.8500,-59.8541,199.8122,-4.5590,-18.8032,15.6628,0.7172,0.1580,-0.6787,0.9980,432,50.982090,1.3115,-0.5985
BiancaGolden_CircleTurns,-69.3323,-59.3436,199.6956,-5.0296,-19.0048,14.9264,0.7167,0.1531,-0.6804,0.9980,0,50.995541,1.3067,-0.5934
BiancaGolden_CircleTurns,-69.7735,-58.8695,199.5671,-5.3315,-19.1202,14.3927,0.7215,0.1551,-0.6748,0.9980,0,51.008472,1.3023,-0.5887
BiancaGolden_CircleTurns,-70.1950,-58.3690,199.4887,-5.3521,-19.1341,13.7246,0.7253,0.1476,-0.6724,0.9980,1,51.022152,1.2981,-0.5837
BiancaGolden_CircleTurns,-70.6296,-57.8053,199.4121,-5.2164,-18.9591,12.9889,0.7289,0.1450,-0.6691,0.9980,1,51.034782,1.2937,-0.5781
BiancaGolden_CircleTurns,-70.6721,-57.6779,199.4106,-4.9957,-18.7110,12.8526,0.7357,0.1429,-0.6621,0.9980,2,51.048267,1.2933,-0.5768
BiancaGolden_CircleTurns,-71.1313,-57.1024,199.3272,-4.9581,-18.6584,12.1295,0.7421,0.1467,-0.6540,0.9980,2,51.061207,1.2887,-0.5710
BiancaGolden_CircleTurns,-71.6075,-56.4775,199.2558,-4.8191,-18.5974,11.3727,0.7459,0.1452,-0.6501,0.9980,2,51.074795,1.2839,-0.5648
BiancaGolden_CircleTurns,-72.0676,-55.8319,199.1722,-4.6145,-18.4661,10.6375,0.7565,0.1369,-0.6395,0.9980,3,51.088043,1.2793,-0.5583
BiancaGolden_CircleTurns,-72.5254,-55.1512,199.0687,-4.4787,-18.3138,9.9442,0.7592,0.1275,-0.6383,0.9980,3,51.100758,1.2747,-0.5515
BiancaGolden_CircleTurns,-72.9796,-54.4486,198.9574,-4.4347,-18.2217,9.2419,0.7597,0.1213,-0.6388,0.9980,4,51.116043,1.2702,-0.5445
BiancaGolden_CircleTurns,-73.4510,-53.7400,198.8729,-4.4584,-18.2329,8.5172,0.7595,0.1148,-0.6403,0.9980,4,51.130600,1.2655,-0.5374
BiancaGolden_CircleTurns,-73.9027,-52.9995,198.8547,-4.6397,-18.4484,7.6757,0.7559,0.1114,-0.6452,0.9980,4,51.143497,1.2610,-0.5300
BiancaGolden_CircleTurns,-74.3522,-52.2867,198.8185,-4.5950,-18.5958,6.9197,0.7589,0.1020,-0.6432,0.9980,5,51.157063,1.2565,-0.5229
BiancaGolden_CircleTurns,-74.7531,-51.5240,198.8273,-4.4789,-18.7063,6.1903,0.7638,0.0977,-0.6381,0.9980,5,51.170647,1.2525,-0.5152
BiancaGolden_CircleTurns,-75.1404,-50.7588,198.8249,-4.3939,-18.6768,5.5011,0.7660,0.0887,-0.6367,0.9980,6,51.185547,1.2486,-0.5076
BiancaGolden_CircleTurns,-75.5319,-49.9905,198.8279,-4.3051,-18.6344,4.8480,0.7699,0.0803,-0.6330,0.9980,6,51.198483,1.2447,-0.4999
BiancaGolden_CircleTurns,-75.8892,-49.2381,198.8255,-4.1434,-18.4294,4.2670,0.7719,0.0854,-0.6300,0.9980,6,51.212593,1.2411,-0.4924
BiancaGolden_CircleTurns,-76.2345,-48.4773,198.8140,-3.9407,-18.2652,3.7202,0.7751,0.0767,-0.6271,0.9980,7,51.225723,1.2377,-0.4848
BiancaGolden_CircleTurns,-76.5319,-47.7103,198.8093,-3.8574,-18.0760,3.0928,0.7816,0.0695,-0.6199,0.9980,7,51.238884,1.2347,-0.4771
BiancaGolden_CircleTurns,-76.8390,-46.9770,198.8375,-3.9031,-17.9846,2.5393,0.7813,0.0642,-0.6208,0.9980,8,51.252686,1.2316,-0.4698
BiancaGolden_CircleTurns,-77.0087,-46.2652,199.0079,-4.1638,-18.0750,1.9325,0.7834,0.0571,-0.6188,0.9980,8,51.265827,1.2299,-0.4627
BiancaGolden_CircleTurns,-77.2682,-45.5567,199.0841,-4.3646,-17.9449,1.2931,0.7847,0.0511,-0.6178,0.9980,9,51.284489,1.2273,-0.4556
BiancaGolden_CircleTurns,-77.5631,-44.8713,199.1254,-4.4505,-17.8747,0.7222,0.7818,0.0932,-0.6165,0.9980,9,51.293785,1.2244,-0.4487
BiancaGolden_CircleTurns,-77.8298,-44.2315,199.0821,-4.4587,-17.9484,0.2989,0.7762,0.1777,-0.6049,0.9980,9,51.306568,1.2217,-0.4423
BiancaGolden_CircleTurns,-78.1373,-43.6126,198.9932,-4.4532,-18.0969,-0.1403,0.7643,0.2380,-0.5994,0.9980,10,51.320141,1.2186,-0.4361
BiancaGolden_CircleTurns,-78.4541,-43.0414,198.9439,-4.2960,-18.3383,-0.3931,0.7503,0.2958,-0.5912,0.9980,10,51.333035,1.2155,-0.4304
BiancaGolden_CircleTurns,-78.6762,-42.4735,199.0043,-4.1473,-18.4490,-0.6074,0.7443,0.3082,-0.5925,0.9980,11,51.348545,1.2132,-0.4247
BiancaGolden_CircleTurns,-78.8974,-41.9413,199.1272,-4.1650,-18.5403,-0.8790,0.7449,0.3057,-0.5931,0.9980,11,51.361286,1.2110,-0.4194
BiancaGolden_CircleTurns,-79.0808,-41.4642,199.3026,-4.2481,-18.6200,-1.1086,0.7448,0.3031,-0.5944,0.9980,11,51.374119,1.2092,-0.4146
BiancaGolden_CircleTurns,-79.2612,-41.0413,199.4598,-4.2139,-18.7094,-1.2882,0.7409,0.3139,-0.5937,0.9980,12,51.386471,1.2074,-0.4104
BiancaGolden_CircleTurns,-79.2046,-41.1237,199.5136,-4.2155,-18.6991,-1.1267,0.7378,0.3239,-0.5922,0.9980,12,51.398560,1.2080,-0.4112
BiancaGolden_CircleTurns,-79.3815,-40.7187,199.6215,-4.2061,-18.7380,-1.2591,0.7430,0.3066,-0.5949,0.9980,12,51.412479,1.2062,-0.4072
BiancaGolden_CircleTurns,-79.5674,-40.3588,199.7051,-4.1275,-18.7764,-1.3299,0.7424,0.3049,-0.5965,0.9980,13,51.425434,1.2043,-0.4036
BiancaGolden_CircleTurns,-79.7746,-40.0475,199.7428,-3.9255,-18.8210,-1.3727,0.7412,0.3034,-0.5988,0.9980,13,51.437855,1.2023,-0.4005
BiancaGolden_CircleTurns,-80.0353,-39.7322,199.7526,-3.7662,-18.9148,-1.4412,0.7403,0.3018,-0.6007,0.9980,14,51.452549,1.1996,-0.3973
BiancaGolden_CircleTurns,-80.3128,-39.4556,199.7429,-3.6843,-19.0665,-1.5121,0.7379,0.3008,-0.6042,0.9980,14,51.465679,1.1969,-0.3946
BiancaGolden_CircleTurns,-80.6037,-39.2079,199.7550,-3.6530,-19.2008,-1.5443,0.7369,0.3003,-0.6056,0.9980,14,51.479046,1.1940,-0.3921
BiancaGolden_CircleTurns,-80.8771,-38.9833,199.7954,-3.6649,-19.3295,-1.5865,0.7403,0.3002,-0.6016,0.9980,15,51.492073,1.1912,-0.3898
BiancaGolden_CircleTurns,-81.1381,-38.7846,199.8426,-3.7829,-19.3846,-1.6434,0.7451,0.2923,-0.5995,0.9980,15,51.504906,1.1886,-0.3878
BiancaGolden_CircleTurns,-81.3949,-38.5999,199.9034,-3.9116,-19.3741,-1.7075,0.7496,0.2856,-0.5970,0.9980,16,51.520042,1.1861,-0.3860
BiancaGolden_CircleTurns,-81.6651,-38.4420,199.9593,-3.9896,-19.2209,-1.7386,0.7512,0.2860,-0.5949,0.9980,16,51.533146,1.1833,-0.3844
BiancaGolden_CircleTurns,-81.9609,-38.2950,199.9905,-3.9182,-19.0265,-1.6792,0.7551,0.2906,-0.5877,0.9980,17,51.547424,1.1804,-0.3829
BiancaGolden_CircleTurns,-82.2924,-38.1703,199.9841,-3.8545,-18.7820,-1.5518,0.7588,0.2898,-0.5832,0.9980,17,51.561028,1.1771,-0.3817
BiancaGolden_CircleTurns,-82.6285,-38.0610,199.9986,-3.8380,-18.6583,-1.3590,0.7598,0.2923,-0.5808,0.9980,17,51.575188,1.1737,-0.3806
BiancaGolden_CircleTurns,-82.9666,-37.9866,200.0429,-3.8303,-18.5551,-1.1169,0.7617,0.2871,-0.5809,0.9980,18,51.588898,1.1703,-0.3799
BiancaGolden_CircleTurns,-83.2999,-37.9273,200.1182,-3.8465,-18.4175,-0.8821,0.7631,0.2893,-0.5779,0.9980,18,51.601955,1.1670,-0.3793
BiancaGolden_CircleTurns,-83.6302,-37.9030,200.1885,-3.8706,-18.2218,-0.6600,0.7648,0.2925,-0.5740,0.9980,19,51.617302,1.1637,-0.3790
BiancaGolden_CircleTurns,-83.9734,-37.8936,200.2418,-3.8257,-17.9095,-0.4028,0.7656,0.2916,-0.5734,0.9980,19,51.630630,1.1603,-0.3789
BiancaGolden_CircleTurns,-84.3390,-37.8997,200.2707,-3.7737,-17.5799,-0.1350,0.7675,0.2858,-0.5739,0.9980,19,51.644943,1.1566,-0.3790
BiancaGolden_CircleTurns,-84.7215,-37.9347,200.3009,-3.7185,-17.3278,0.2038,0.7670,0.2903,-0.5722,0.9980,20,51.658627,1.1528,-0.3793
BiancaGolden_CircleTurns,-85.1240,-37.9778,200.3237,-3.6025,-17.1526,0.5779,0.7651,0.2966,-0.5714,0.9980,20,51.671913,1.1488,-0.3798
BiancaGolden_CircleTurns,-85.5221,-38.0575,200.2893,-3.6252,-17.0938,1.0085,0.7574,0.3756,-0.5340,0.9980,21,51.688145,1.1448,-0.3806
BiancaGolden_CircleTurns,-85.9228,-38.1885,200.2274,-3.6876,-16.9968,1.3527,0.7563,0.3793,-0.5330,0.9980,21,51.701027,1.1408,-0.3819
BiancaGolden_CircleTurns,-86.3353,-38.3418,200.1502,-3.7616,-16.9513,1.6034,0.7557,0.3840,-0.5305,0.9980,22,51.715134,1.1366,-0.3834
BiancaGolden_CircleTurns,-86.7153,-38.5224,200.0771,-3.7682,-16.8952,1.7686,0.7586,0.3857,-0.5252,0.9980,22,51.728172,1.1328,-0.3852
BiancaGolden_CircleTurns,-87.1003,-38.7364,200.0198,-3.6582,-16.9172,1.9440,0.7620,0.3730,-0.5293,0.9980,22,51.742817,1.1290,-0.3874
BiancaGolden_CircleTurns,-87.4610,-38.9553,199.9674,-3.4382,-16.9115,2.1551,0.7567,0.3726,-0.5372,0.9980,23,51.755173,1.1254,-0.3896
BiancaGolden_CircleTurns,-87.8650,-39.1628,199.8975,-3.2062,-16.9083,2.3621,0.7537,0.3753,-0.5395,0.9980,23,51.770943,1.1214,-0.3916
BiancaGolden_CircleTurns,-88.2760,-39.3681,199.7845,-2.9978,-16.9725,2.6392,0.7474,0.3721,-0.5504,0.9980,24,51.783421,1.1172,-0.3937
BiancaGolden_CircleTurns,-88.6660,-39.5829,199.7408,-2.7417,-17.1911,3.0739,0.7430,0.3702,-0.5576,0.9980,24,51.796181,1.1133,-0.3958
BiancaGolden_CircleTurns,-88.9330,-39.8117,199.8495,-2.5073,-17.4481,3.5424,0.7429,0.3686,-0.5588,0.9980,24,51.810856,1.1107,-0.3981
BiancaGolden_CircleTurns,-89.1937,-40.0237,200.0314,-2.3718,-17.4086,3.9850,0.7459,0.3673,-0.5557,0.9980,25,51.824116,1.1081,-0.4002
BiancaGolden_CircleTurns,-89.6171,-40.1904,199.9864,-2.3128,-17.2914,4.3508,0.7500,0.3664,-0.5507,0.9980,25,51.837666,1.1038,-0.4019
BiancaGolden_CircleTurns,-90.1054,-40.3573,199.7232,-2.1819,-17.2005,4.7443,0.7555,0.3651,-0.5440,0.9980,26,51.853569,1.0989,-0.4036
BiancaGolden_CircleTurns,-90.6019,-40.4276,199.4583,-2.3704,-17.1773,5.0167,0.7538,0.3699,-0.5430,0.9980,26,51.867336,1.0940,-0.4043
BiancaGolden_CircleTurns,-91.0325,-40.5039,199.4332,-2.8717,-17.2885,5.1949,0.7563,0.3706,-0.5391,0.9980,27,51.881741,1.0897,-0.4050
BiancaGolden_CircleTurns,-91.4199,-40.5689,199.5523,-3.4739,-17.3398,5.2896,0.7668,0.3674,-0.5264,0.9980,27,51.895767,1.0858,-0.4057
BiancaGolden_CircleTurns,-91.8031,-40.6299,199.7094,-3.8581,-17.3960,5.3427,0.7683,0.3637,-0.5267,0.9980,27,51.909901,1.0820,-0.4063
BiancaGolden_CircleTurns,-92.2025,-40.6570,199.8442,-3.9644,-17.4368,5.4015,0.7711,0.3592,-0.5256,0.9980,28,51.923531,1.0780,-0.4066
BiancaGolden_CircleTurns,-92.6528,-40.6080,199.9004,-4.1513,-17.4488,5.4845,0.7707,0.3617,-0.5246,0.9980,28,51.936611,1.0735,-0.4061
BiancaGolden_CircleTurns,-93.1440,-40.5156,199.9193,-4.4079,-17.4641,5.5806,0.7708,0.3621,-0.5243,0.9980,29,51.952045,1.0686,-0.4052
BiancaGolden_CircleTurns,-93.6501,-40.3974,199.8981,-4.5828,-17.4822,5.7260,0.7723,0.3569,-0.5256,0.9980,29,51.965820,1.0635,-0.4040
BiancaGolden_CircleTurns,-94.1531,-40.2702,199.9161,-4.6218,-17.5183,5.8881,0.7734,0.3573,-0.5235,0.9980,30,51.980080,1.0585,-0.4027
BiancaGolden_CircleTurns,-94.6422,-40.1171,200.0237,-4.5378,-17.5333,6.0288,0.7743,0.3541,-0.5245,0.9980,30,51.993816,1.0536,-0.4012
BiancaGolden_CircleTurns,-95.1294,-39.9376,200.1678,-4.4615,-17.5198,6.1531,0.7770,0.3461,-0.5259,0.9980,30,52.007862,1.0487,-0.3994
BiancaGolden_CircleTurns,-95.6349,-39.7140,200.3246,-4.4744,-17.5009,6.2365,0.7784,0.3469,-0.5232,0.9980,31,52.021397,1.0437,-0.3971
BiancaGolden_CircleTurns,-96.1706,-39.4640,200.4317,-4.4489,-17.4284,6.3405,0.7785,0.3484,-0.5221,0.9980,31,52.034954,1.0383,-0.3946
BiancaGolden_CircleTurns,-96.7076,-39.2048,200.5367,-4.3763,-17.3322,6.4651,0.7820,0.3490,-0.5164,0.9980,32,52.050087,1.0329,-0.3920
BiancaGolden_CircleTurns,-97.2470,-38.9242,200.6431,-4.2532,-17.1507,6.5690,0.7847,0.3476,-0.5133,0.9980,32,52.063515,1.0275,-0.3892
BiancaGolden_CircleTurns,-97.7739,-38.6272,200.7550,-4.1906,-16.9361,6.6022,0.7885,0.3409,-0.5119,0.9980,32,52.077728,1.0223,-0.3863
BiancaGolden_CircleTurns,-98.2888,-38.3249,200.8484,-4.1471,-16.6504,6.6042,0.7966,0.3248,-0.5098,0.9980,33,52.091949,1.0171,-0.3832
BiancaGolden_CircleTurns,-98.8109,-38.0006,200.9052,-4.0789,-16.3038,6.5410,0.7998,0.3237,-0.5055,0.9980,33,52.104759,1.0119,-0.3800
BiancaGolden_CircleTurns,-99.3257,-37.6636,200.9470,-4.0344,-15.9952,6.4570,0.8048,0.3205,-0.4997,0.9980,34,52.120201,1.0067,-0.3766
BiancaGolden_CircleTurns,-99.8335,-37.3020,201.0058,-3.9913,-15.7375,6.3662,0.8072,0.3195,-0.4964,0.9980,34,52.133881,1.0017,-0.3730
BiancaGolden_CircleTurns,-100.3317,-36.9312,201.0398,-3.9807,-15.5071,6.2854,0.8128,0.3106,-0.4929,0.9980,35,52.148411,0.9967,-0.3693
BiancaGolden_CircleTurns,-100.8308,-36.5230,201.0327,-4.0097,-15.2857,6.1623,0.8139,0.3003,-0.4974,0.9980,35,52.161644,0.9917,-0.3652
BiancaGolden_CircleTurns,-101.3318,-36.1052,201.0050,-4.1001,-15.1440,6.0361,0.8175,0.2878,-0.4988,0.9980,35,52.176178,0.9867,-0.3611
BiancaGolden_CircleTurns,-101.8177,-35.6689,200.9795,-4.1102,-15.1230,5.9238,0.8180,0.2854,-0.4994,0.9980,36,52.189121,0.9818,-0.3567
BiancaGolden_CircleTurns,-102.2836,-35.2053,200.9503,-4.0324,-15.1430,5.7801,0.8177,0.2826,-0.5015,0.9980,36,52.202137,0.9772,-0.3521
BiancaGolden_CircleTurns,-102.7570,-34.7084,200.8887,-3.9577,-15.2687,5.6147,0.8174,0.2800,-0.5035,0.9980,37,52.217358,0.9724,-0.3471
BiancaGolden_CircleTurns,-103.2268,-34.2029,200.7930,-3.8887,-15.3931,5.4622,0.8075,0.2795,-0.5194,0.9980,37,52.230721,0.9677,-0.3420
BiancaGolden_CircleTurns,-103.6918,-33.6628,200.6591,-3.9411,-15.6004,5.2671,0.8054,0.2766,-0.5242,0.9980,37,52.245136,0.9631,-0.3366
BiancaGolden_CircleTurns,-104.1403,-33.0878,200.5063,-4.0287,-15.8257,5.0033,0.7981,0.2875,-0.5296,0.9980,38,52.258675,0.9586,-0.3309
BiancaGolden_CircleTurns,-104.5776,-32.5036,200.3703,-4.0675,-16.0465,4.7734,0.7985,0.2836,-0.5311,0.9980,38,52.274921,0.9542,-0.3250
BiancaGolden_CircleTurns,-104.9893,-31.8741,200.2525,-4.0155,-16.1505,4.5192,0.7983,0.2804,-0.5330,0.9980,39,52.287521,0.9501,-0.3187
BiancaGolden_CircleTurns,-105.3821,-31.2395,200.1596,-4.0019,-16.2772,4.2898,0.8070,0.2745,-0.5229,0.9980,39,52.300339,0.9462,-0.3124
BiancaGolden_CircleTurns,-105.7470,-30.5657,200.1009,-4.1344,-16.3304,4.0297,0.8181,0.2688,-0.5084,0.9980,40,52.315319,0.9425,-0.3057
BiancaGolden_CircleTurns,-106.1195,-29.8929,200.0364,-4.2309,-16.3807,3.7659,0.8218,0.2543,-0.5099,0.9980,40,52.328030,0.9388,-0.2989
BiancaGolden_CircleTurns,-106.4964,-29.2155,199.9106,-4.2172,-16.4557,3.5306,0.8394,0.2228,-0.4958,0.9980,40,52.342426,0.9350,-0.2922
BiancaGolden_CircleTurns,-106.8182,-28.5545,199.8718,-4.0732,-16.6211,3.3140,0.8825,0.0924,-0.4611,0.9980,41,52.356010,0.9318,-0.2855
BiancaGolden_CircleTurns,-107.0690,-27.9009,199.9240,-4.0100,-16.7848,3.1090,0.8826,0.0890,-0.4617,0.9980,41,52.369209,0.9293,-0.2790
BiancaGolden_CircleTurns,-107.2626,-27.2555,200.0152,-4.0632,-16.8254,2.8749,0.8839,0.0848,-0.4600,0.9980,42,52.384396,0.9274,-0.2726
BiancaGolden_CircleTurns,-107.5075,-26.6200,199.9922,-4.3062,-16.7304,2.5446,0.8853,0.0803,-0.4581,0.9980,42,52.398129,0.9249,-0.2662
BiancaGolden_CircleTurns,-107.8078,-26.0036,199.8725,-4.4420,-16.6161,2.2187,0.8474,0.1564,-0.5075,0.9980,42,52.412743,0.9219,-0.2600
BiancaGolden_CircleTurns,-108.1392,-25.4137,199.7537,-4.4242,-16.6552,1.8801,0.8457,0.1519,-0.5115,0.9980,43,52.426376,0.9186,-0.2541
BiancaGolden_CircleTurns,-108.5375,-24.8177,199.6366,-4.6454,-16.9611,1.5180,0.8304,0.1704,-0.5305,0.9980,43,52.439247,0.9146,-0.2482
BiancaGolden_CircleTurns,-108.8934,-24.2969,199.6059,-4.5648,-17.5631,1.4195,0.7569,0.1791,-0.6286,0.9980,44,52.454479,0.9111,-0.2430
BiancaGolden_CircleTurns,-109.2843,-23.6924,199.6020,-4.4551,-18.1297,1.2025,0.7520,0.1938,-0.6300,0.9980,44,52.468578,0.9072,-0.2369
BiancaGolden_CircleTurns,-109.5743,-23.1078,199.6987,-4.4613,-18.4127,1.0560,0.7506,0.1949,-0.6314,0.9980,45,52.483036,0.9043,-0.2311
BiancaGolden_CircleTurns,-109.8882,-22.5701,199.8364,-4.5720,-18.5295,1.1184,0.7494,0.2311,-0.6205,0.9980,45,52.497265,0.9011,-0.2257
BiancaGolden_CircleTurns,-110.1863,-22.0391,199.9813,-4.7929,-18.4555,1.0234,0.7957,0.2156,-0.5659,0.9980,45,52.510597,0.8981,-0.2204
BiancaGolden_CircleTurns,-110.6072,-21.5485,199.9924,-5.3171,-18.3323,0.8712,0.7943,0.2163,-0.5677,0.9980,46,52.524082,0.8939,-0.2155
BiancaGolden_CircleTurns,-110.9618,-21.1464,200.0820,-5.4981,-18.4989,0.8555,0.7945,0.2148,-0.5680,0.9980,46,52.537510,0.8904,-0.2115
BiancaGolden_CircleTurns,-111.3176,-20.6757,200.2413,-5.3060,-18.4752,0.8187,0.8068,0.1956,-0.5575,0.9980,47,52.552723,0.8868,-0.2068
BiancaGolden_CircleTurns,-111.6839,-20.2314,200.3840,-5.2419,-18.3836,0.9045,0.8088,0.1874,-0.5574,0.9980,47,52.565594,0.8832,-0.2023
BiancaGolden_CircleTurns,-112.1204,-19.8659,200.4800,-5.1544,-18.2327,1.0985,0.8007,0.1895,-0.5683,0.9980,48,52.580780,0.8788,-0.1987
BiancaGolden_CircleTurns,-112.5771,-19.5242,200.5493,-5.0367,-18.2247,1.1968,0.8004,0.1912,-0.5681,0.9980,48,52.593487,0.8742,-0.1952
BiancaGolden_CircleTurns,-112.9997,-19.2619,200.6711,-4.5175,-18.0833,1.5635,0.8021,0.1876,-0.5670,0.9980,48,52.608410,0.8700,-0.1926
BiancaGolden_CircleTurns,-113.4164,-18.9689,200.8251,-4.1339,-17.8798,1.7383,0.8038,0.1891,-0.5640,0.9980,49,52.621586,0.8658,-0.1897
BiancaGolden_CircleTurns,-113.8554,-18.7338,200.9469,-3.9746,-17.6393,1.8989,0.8133,0.1678,-0.5571,0.9980,49,52.634941,0.8614,-0.1873
BiancaGolden_CircleTurns,-114.3364,-18.5249,201.0237,-3.8823,-17.4098,2.0333,0.8171,0.1597,-0.5539,0.9980,50,52.649822,0.8566,-0.1852
BiancaGolden_CircleTurns,-114.8062,-18.3785,201.0559,-3.7732,-17.2104,2.1276,0.8213,0.1585,-0.5481,0.9980,50,52.664234,0.8519,-0.1838
BiancaGolden_CircleTurns,-115.2674,-18.2580,201.0870,-3.7024,-16.9996,2.1710,0.8235,0.1588,-0.5446,0.9980,50,52.677719,0.8473,-0.1826
BiancaGolden_CircleTurns,-115.7005,-18.1726,201.1400,-3.6949,-16.7628,2.1849,0.8257,0.1569,-0.5419,0.9980,51,52.692165,0.8430,-0.1817
BiancaGolden_CircleTurns,-116.1494,-18.1176,201.1908,-3.7030,-16.5518,2.2180,0.8290,0.1543,-0.5376,0.9980,51,52.704388,0.8385,-0.1812
BiancaGolden_CircleTurns,-116.5855,-18.1177,201.2190,-3.6557,-16.3065,2.2809,0.8283,0.1530,-0.5390,0.9980,52,52.719345,0.8341,-0.1812
BiancaGolden_CircleTurns,-117.0299,-18.1229,201.2216,-3.6819,-16.0969,2.2928,0.8264,0.1503,-0.5426,0.9980,52,52.733639,0.8297,-0.1812
BiancaGolden_CircleTurns,-117.4664,-18.1402,201.2080,-3.7462,-15.9181,2.3679,0.8269,0.1414,-0.5443,0.9980,53,52.747559,0.8253,-0.1814
BiancaGolden_CircleTurns,-117.9086,-18.2108,201.1851,-3.7569,-15.8081,2.5247,0.8270,0.1442,-0.5434,0.9980,53,52.761169,0.8209,-0.1821
BiancaGolden_CircleTurns,-118.3219,-18.3159,201.1486,-3.7585,-15.7535,2.7343,0.8264,0.1479,-0.5433,0.9980,53,52.778919,0.8168,-0.1832
BiancaGolden_CircleTurns,-118.6977,-18.4557,201.1085,-3.8494,-15.7533,2.9578,0.8245,0.1519,-0.5451,0.9980,54,52.789734,0.8130,-0.1846
BiancaGolden_CircleTurns,-119.0603,-18.5888,201.0766,-4.0114,-15.7186,3.1854,0.8211,0.1574,-0.5486,0.9980,54,52.801346,0.8094,-0.1859
BiancaGolden_CircleTurns,-119.4013,-18.7762,201.0244,-4.1198,-15.6577,3.5119,0.8208,0.1612,-0.5480,0.9980,55,52.817158,0.8060,-0.1878
BiancaGolden_CircleTurns,-119.7087,-18.9969,200.9346,-4.1352,-15.5968,3.9589,0.8198,0.1657,-0.5482,0.9980,55,52.829887,0.8029,-0.1900
BiancaGolden_CircleTurns,-120.0349,-19.2158,200.8062,-4.4162,-15.6352,4.3089,0.8167,0.1730,-0.5505,0.9980,55,52.844170,0.7997,-0.1922
BiancaGolden_CircleTurns,-120.3040,-19.5107,200.7468,-4.5580,-15.8124,4.7758,0.8181,0.1651,-0.5509,0.9980,56,52.857597,0.7970,-0.1951
BiancaGolden_CircleTurns,-120.5081,-19.8157,200.7217,-4.5386,-15.9211,5.2114,0.8153,0.1707,-0.5533,0.9980,56,52.871841,0.7949,-0.1982
BiancaGolden_CircleTurns,-120.7219,-20.1174,200.6701,-4.5160,-16.0568,5.6153,0.8136,0.1695,-0.5561,0.9980,57,52.887306,0.7928,-0.2012
BiancaGolden_CircleTurns,-120.9104,-20.4241,200.5600,-4.0636,-16.0758,6.2012,0.8105,0.1767,-0.5584,0.9980,57,52.901173,0.7909,-0.2042
BiancaGolden_CircleTurns,-121.1096,-20.7246,200.4167,-3.3103,-16.1674,7.0005,0.8078,0.1769,-0.5623,0.9980,58,52.914993,0.7889,-0.2072
BiancaGolden_CircleTurns,-121.2187,-20.9960,200.3329,-2.7000,-16.2163,7.8485,0.8048,0.1852,-0.5640,0.9980,58,52.928684,0.7878,-0.2100
BiancaGolden_CircleTurns,-121.3183,-21.2388,200.2909,-2.8904,-16.3523,8.4074,0.8045,0.1803,-0.5659,0.9980,58,52.942928,0.7868,-0.2124
BiancaGolden_CircleTurns,-121.4590,-21.5009,200.1129,-3.6049,-16.4748,8.6553,0.8027,0.1842,-0.5672,0.9980,59,52.956844,0.7854,-0.2150
BiancaGolden_CircleTurns,-121.6956,-21.7741,199.8073,-4.1662,-16.7125,8.7813,0.7997,0.1867,-0.5706,0.9980,59,52.969139,0.7830,-0.2177
BiancaGolden_CircleTurns,-121.9453,-22.0664,199.4943,-4.6737,-17.1968,8.8169,0.7961,0.1710,-0.5805,0.9980,60,52.984726,0.7805,-0.2207
BiancaGolden_CircleTurns,-122.1957,-22.2926,199.4332,-5.2925,-17.8252,8.6281,0.7900,0.1709,-0.5888,0.9980,60,52.999565,0.7780,-0.2229
BiancaGolden_CircleTurns,-122.4445,-22.4687,199.4753,-6.0779,-18.4591,8.3871,0.7839,0.1715,-0.5967,0.9980,60,53.012253,0.7756,-0.2247
BiancaGolden_CircleTurns,-122.7359,-22.5902,199.5313,-6.9889,-19.0829,8.1479,0.7779,0.1638,-0.6066,0.9980,61,53.024929,0.7726,-0.2259
BiancaGolden_CircleTurns,-123.0597,-22.6777,199.5568,-7.6674,-19.4863,8.0099,0.7794,0.1614,-0.6054,0.9980,61,53.038727,0.7694,-0.2268
BiancaGolden_CircleTurns,-123.4154,-22.7031,199.5688,-7.9507,-19.6201,7.8903,0.7890,0.1613,-0.5929,0.9980,62,53.053909,0.7658,-0.2270
BiancaGolden_CircleTurns,-123.7550,-22.7063,199.5726,-8.2532,-19.6309,7.6919,0.7921,0.1580,-0.5896,0.9980,62,53.067379,0.7625,-0.2271
BiancaGolden_CircleTurns,-124.1105,-22.6674,199.6115,-8.4431,-19.4066,7.3976,0.7977,0.1519,-0.5836,0.9980,63,53.081455,0.7589,-0.2267
BiancaGolden_CircleTurns,-124.4451,-22.6239,199.6838,-8.3823,-19.0781,7.0884,0.8085,0.1415,-0.5713,0.9980,63,53.096176,0.7555,-0.2262
BiancaGolden_CircleTurns,-124.7864,-22.5489,199.7666,-8.1913,-18.7501,6.8051,0.8127,0.1370,-0.5664,0.9980,63,53.109421,0.7521,-0.2255
BiancaGolden_CircleTurns,-125.1254,-22.3986,199.8613,-7.9680,-18.3644,6.5161,0.8121,0.1574,-0.5618,0.9980,64,53.123154,0.7487,-0.2240
BiancaGolden_CircleTurns,-125.4853,-22.2411,199.9207,-7.9364,-18.0882,6.2706,0.8003,0.1792,-0.5722,0.9980,64,53.136295,0.7451,-0.2224
BiancaGolden_CircleTurns,-125.8365,-22.0479,199.9729,-7.8657,-17.8754,6.0194,0.7933,0.1841,-0.5804,0.9980,65,53.151382,0.7416,-0.2205
BiancaGolden_CircleTurns,-126.1881,-21.8659,200.0160,-7.6377,-17.7424,5.7907,0.7950,0.1788,-0.5796,0.9980,65,53.165798,0.7381,-0.2187
BiancaGolden_CircleTurns,-126.5303,-21.6415,200.0563,-7.2949,-17.6422,5.5581,0.7967,0.1735,-0.5789,0.9980,65,53.179497,0.7347,-0.2164
BiancaGolden_CircleTurns,-126.8806,-21.3809,200.0806,-6.9975,-17.5571,5.2876,0.7972,0.1728,-0.5785,0.9980,66,53.194710,0.7312,-0.2138
BiancaGolden_CircleTurns,-127.2389,-21.0892,200.1072,-6.8047,-17.5410,5.0420,0.7973,0.1646,-0.5808,0.9980,66,53.207748,0.7276,-0.2109
BiancaGolden_CircleTurns,-127.5891,-20.7727,200.1400,-6.6498,-17.5261,4.7878,0.7982,0.1603,-0.5807,0.9980,67,53.221355,0.7241,-0.2077
BiancaGolden_CircleTurns,-127.9294,-20.4170,200.1658,-6.4511,-17.5048,4.5361,0.8006,0.1552,-0.5787,0.9980,67,53.235428,0.7207,-0.2042
BiancaGolden_CircleTurns,-128.2767,-20.0307,200.1654,-6.2168,-17.4238,4.3151,0.8015,0.1546,-0.5776,0.9980,68,53.249454,0.7172,-0.2003
BiancaGolden_CircleTurns,-128.6405,-19.6136,200.1557,-6.0175,-17.3610,4.0796,0.8028,0.1505,-0.5769,0.9980,68,53.264145,0.7136,-0.1961
BiancaGolden_CircleTurns,-129.0089,-19.1706,200.1397,-5.9120,-17.2956,3.8362,0.7995,0.1535,-0.5807,0.9980,69,53.280602,0.7099,-0.1917
BiancaGolden_CircleTurns,-129.3738,-18.6656,200.1170,-5.7757,-17.2473,3.5600,0.7992,0.1514,-0.5817,0.9980,69,53.291454,0.7063,-0.1867
BiancaGolden_CircleTurns,-129.7380,-18.1575,200.1038,-5.6271,-17.1361,3.2963,0.8006,0.1465,-0.5810,0.9980,69,53.304970,0.7026,-0.1816
BiancaGolden_CircleTurns,-130.1131,-17.5587,200.0575,-5.4772,-17.0035,2.9649,0.7995,0.1561,-0.5801,0.9980,70,53.318935,0.6989,-0.1756
BiancaGolden_CircleTurns,-130.4624,-16.9308,200.0252,-5.3552,-16.9147,2.7068,0.8027,0.1532,-0.5764,0.9980,70,53.331581,0.6954,-0.1693
BiancaGolden_CircleTurns,-130.7529,-16.2888,200.0350,-5.2441,-16.7915,2.4292,0.8056,0.1486,-0.5735,0.9980,70,53.346035,0.6925,-0.1629
BiancaGolden_CircleTurns,-131.0330,-15.6331,200.0469,-5.1263,-16.5894,2.1394,0.8081,0.1434,-0.5713,0.9980,71,53.359863,0.6897,-0.1563
BiancaGolden_CircleTurns,-131.2713,-14.9386,200.0277,-4.9857,-16.3094,1.8320,0.8116,0.1385,-0.5675,0.9980,71,53.373093,0.6873,-0.1494
BiancaGolden_CircleTurns,-131.5231,-14.2109,199.9637,-4.8089,-15.9969,1.5320,0.8107,0.1389,-0.5687,0.9980,72,53.387943,0.6848,-0.1421
BiancaGolden_CircleTurns,-131.7913,-13.4108,199.8263,-4.7024,-15.7177,1.2142,0.8127,0.1367,-0.5664,0.9980,72,53.402443,0.6821,-0.1341
BiancaGolden_CircleTurns,-132.0765,-12.6201,199.6373,-4.6323,-15.5048,0.9622,0.8082,0.1339,-0.5734,0.9980,73,53.417072,0.6792,-0.1262
BiancaGolden_CircleTurns,-132.3206,-11.8328,199.4611,-4.5231,-15.4177,0.7433,0.8085,0.1298,-0.5740,0.9980,73,53.429836,0.6768,-0.1183
BiancaGolden_CircleTurns,-132.5101,-11.0588,199.3846,-4.3599,-15.4376,0.5247,0.8024,0.1276,-0.5829,0.9980,73,53.443932,0.6749,-0.1106
BiancaGolden_CircleTurns,-132.6720,-10.2925,199.3601,-4.2056,-15.4405,0.3641,0.8003,0.1243,-0.5865,0.9980,74,53.458599,0.6733,-0.1029
BiancaGolden_CircleTurns,-132.8351,-9.5129,199.3354,-4.0655,-15.4371,0.2093,0.7985,0.1211,-0.5896,0.9980,74,53.470638,0.6716,-0.0951
BiancaGolden_CircleTurns,-133.0086,-8.7258,199.2298,-3.9368,-15.4030,0.1326,0.7977,0.1199,-0.5911,0.9980,75,53.486164,0.6699,-0.0873
BiancaGolden_CircleTurns,-133.1746,-7.9706,199.1536,-3.7271,-15.4486,0.1408,0.7932,0.1195,-0.5971,0.9980,75,53.500252,0.6683,-0.0797
BiancaGolden_CircleTurns,-133.3294,-7.2434,199.1382,-3.5280,-15.5556,0.1745,0.7908,0.1189,-0.6004,0.9980,76,53.514618,0.6667,-0.0724
BiancaGolden_CircleTurns,-133.5221,-6.5236,199.1235,-3.4413,-15.7734,0.1588,0.7866,0.1237,-0.6050,0.9980,76,53.527802,0.6648,-0.0652
BiancaGolden_CircleTurns,-133.7354,-5.8260,199.0584,-3.4044,-16.0486,0.0976,0.7845,0.1167,-0.6091,0.9980,76,53.542000,0.6626,-0.0583
BiancaGolden_CircleTurns,-133.9781,-5.1560,198.9855,-3.3821,-16.3265,0.0127,0.7815,0.1224,-0.6118,0.9980,77,53.555500,0.6602,-0.0516
BiancaGolden_CircleTurns,-134.2121,-4.5035,198.9869,-3.4807,-16.5954,-0.1514,0.7817,0.1161,-0.6128,0.9980,77,53.568787,0.6579,-0.0450
BiancaGolden_CircleTurns,-134.4651,-3.8547,199.0304,-3.6915,-16.8000,-0.3956,0.7797,0.1144,-0.6156,0.9980,78,53.583588,0.6553,-0.0385
BiancaGolden_CircleTurns,-134.7267,-3.2392,199.1185,-3.9412,-17.0463,-0.6422,0.7775,0.1121,-0.6188,0.9980,78,53.597317,0.6527,-0.0324
BiancaGolden_CircleTurns,-134.9981,-2.6727,199.2309,-4.0366,-17.2708,-0.8543,0.7819,0.1081,-0.6139,0.9980,78,53.611351,0.6500,-0.0267
BiancaGolden_CircleTurns,-135.2520,-2.1446,199.3833,-3.9172,-17.4617,-0.9868,0.7865,0.0989,-0.6096,0.9980,79,53.624733,0.6475,-0.0214
BiancaGolden_CircleTurns,-135.5106,-1.6428,199.5489,-3.7677,-17.4700,-1.1009,0.7898,0.0911,-0.6065,0.9980,79,53.638222,0.6449,-0.0164
BiancaGolden_CircleTurns,-135.7610,-1.1514,199.7316,-3.6675,-17.2966,-1.2303,0.7941,0.0847,-0.6019,0.9980,80,53.653278,0.6424,-0.0115
BiancaGolden_CircleTurns,-136.0179,-0.7156,199.9387,-3.5620,-17.0117,-1.3145,0.7980,0.0801,-0.5973,0.9980,80,53.667358,0.6398,-0.0072
BiancaGolden_CircleTurns,-136.2797,-0.2889,200.1457,-3.3381,-16.7647,-1.4108,0.7995,0.0780,-0.5955,0.9980,81,53.681282,0.6372,-0.0029
BiancaGolden_CircleTurns,-136.5594,0.0682,200.3292,-3.1062,-16.5835,-1.4411,0.8008,0.0736,-0.5943,0.9980,81,53.694687,0.6344,0.0007
BiancaGolden_CircleTurns,-136.8620,0.4183,200.4831,-2.8910,-16.4562,-1.4829,0.8007,0.0715,-0.5948,0.9980,81,53.709076,0.6314,0.0042
BiancaGolden_CircleTurns,-137.1867,0.7209,200.6010,-2.6819,-16.4141,-1.4946,0.8010,0.0710,-0.5944,0.9980,82,53.722763,0.6281,0.0072
BiancaGolden_CircleTurns,-137.5122,1.0248,200.7047,-2.5726,-16.3773,-1.5402,0.7991,0.0753,-0.5965,0.9980,82,53.736069,0.6249,0.0102
BiancaGolden_CircleTurns,-137.8326,1.2775,200.8066,-2.5260,-16.3478,-1.6429,0.8037,0.0787,-0.5898,0.9980,83,53.751774,0.6217,0.0128
BiancaGolden_CircleTurns,-138.1561,1.4883,200.9087,-2.5480,-16.3248,-1.7768,0.8051,0.0762,-0.5882,0.9980,83,53.764732,0.6184,0.0149
BiancaGolden_CircleTurns,-138.4346,1.6820,201.0449,-2.4837,-16.2217,-1.9250,0.8074,0.0752,-0.5852,0.9980,84,53.782093,0.6157,0.0168
BiancaGolden_CircleTurns,-138.7362,1.8571,201.1506,-2.4026,-16.0160,-2.0444,0.8102,0.0732,-0.5816,0.9980,84,53.792629,0.6126,0.0186
BiancaGolden_CircleTurns,-139.0231,2.0285,201.1968,-2.3313,-15.7707,-2.1514,0.8065,0.0641,-0.5877,0.9980,84,53.806122,0.6098,0.0203
BiancaGolden_CircleTurns,-139.3182,2.1511,201.1928,-2.3029,-15.5343,-2.2088,0.8073,0.0632,-0.5867,0.9980,85,53.819767,0.6068,0.0215
BiancaGolden_CircleTurns,-139.5859,2.2511,201.2055,-2.2643,-15.3343,-2.2843,0.8061,0.0672,-0.5879,0.9980,85,53.834869,0.6041,0.0225
BiancaGolden_CircleTurns,-139.8353,2.2962,201.2049,-2.2280,-15.2130,-2.3269,0.8070,0.0667,-0.5868,0.9980,86,53.848339,0.6016,0.0230
BiancaGolden_CircleTurns,-140.0756,2.3350,201.1694,-2.1587,-15.1162,-2.3287,0.8071,0.0664,-0.5867,0.9980,86,53.861828,0.5992,0.0234
BiancaGolden_CircleTurns,-140.2993,2.3512,201.0871,-2.0967,-15.1033,-2.3247,0.8051,0.0673,-0.5894,0.9980,86,53.877441,0.5970,0.0235
BiancaGolden_CircleTurns,-140.5118,2.3360,200.9718,-2.0567,-15.1849,-2.2543,0.8017,0.0673,-0.5939,0.9980,87,53.889713,0.5949,0.0234
BiancaGolden_CircleTurns,-140.7069,2.2948,200.8562,-2.0196,-15.3125,-2.1788,0.7956,0.0713,-0.6015,0.9980,87,53.902790,0.5929,0.0229
BiancaGolden_CircleTurns,-140.9052,2.2155,200.6837,-2.0458,-15.5441,-2.1082,0.7902,0.0770,-0.6080,0.9980,88,53.919186,0.5909,0.0222
BiancaGolden_CircleTurns,-141.0764,2.1220,200.4648,-2.2603,-15.9219,-2.1392,0.7853,0.0769,-0.6143,0.9980,88,53.931374,0.5892,0.0212
BiancaGolden_CircleTurns,-141.2440,2.0040,200.2124,-2.5810,-16.4261,-2.3140,0.7783,0.0759,-0.6233,0.9980,88,53.945728,0.5876,0.0200
BiancaGolden_CircleTurns,-141.3842,1.8422,199.9435,-2.6709,-17.0590,-2.4508,0.7678,0.0607,-0.6379,0.9980,89,53.959553,0.5862,0.0184
BiancaGolden_CircleTurns,-141.5430,1.6254,199.5916,-2.3477,-17.9772,-2.4895,0.7563,0.0591,-0.6516,0.9980,89,53.972694,0.5846,0.0163
BiancaGolden_CircleTurns,-141.6988,1.4039,199.1970,-1.9655,-18.9249,-2.4562,0.7409,0.0583,-0.6691,0.9980,90,53.987766,0.5830,0.0140
BiancaGolden_CircleTurns,-141.8562,1.1327,198.7770,-1.5705,-20.1177,-2.3708,0.7250,0.0538,-0.6866,0.9980,90,54.002159,0.5814,0.0113
BiancaGolden_CircleTurns,-142.0289,0.8302,198.3725,-1.0437,-21.5215,-2.2363,0.7338,0.0225,-0.6790,0.9980,91,54.016579,0.5797,0.0083
BiancaGolden_CircleTurns,-142.2306,0.5020,198.0149,-0.5673,-23.0228,-1.9844,0.7148,0.0253,-0.6989,0.9980,91,54.029778,0.5777,0.0050
BiancaGolden_CircleTurns,-142.4465,0.1924,197.7248,-0.2858,-24.5781,-1.6757,0.8281,0.0269,-0.5599,0.9980,91,54.043896,0.5755,0.0019
BiancaGolden_CircleTurns,-142.5794,-0.1458,197.5346,-0.3226,-25.9185,-1.2664,0.8188,0.0510,-0.5718,0.9980,92,54.057892,0.5742,-0.0015
BiancaGolden_CircleTurns,-142.6621,-0.4706,197.4411,-0.7038,-26.8158,-0.8887,0.8266,0.0906,-0.5554,0.9980,92,54.070927,0.5734,-0.0047
BiancaGolden_CircleTurns,-142.6896,-0.7989,197.3669,-1.3492,-27.2070,-0.5311,0.8399,0.0992,-0.5337,0.9980,93,54.086243,0.5731,-0.0080
BiancaGolden_CircleTurns,-142.7528,-1.1259,197.3115,-2.1122,-27.2319,-0.2578,0.8437,0.1000,-0.5274,0.9980,93,54.099705,0.5725,-0.0113
BiancaGolden_CircleTurns,-142.8834,-1.4507,197.1850,-2.6834,-27.1903,-0.0770,0.8452,0.1009,-0.5248,0.9980,94,54.114132,0.5712,-0.0145
BiancaGolden_CircleTurns,-143.0773,-1.7644,197.0318,-3.1219,-27.0618,-0.0557,0.8775,0.1106,-0.4667,0.9980,94,54.128139,0.5692,-0.0176
BiancaGolden_CircleTurns,-143.3233,-2.0584,196.8449,-3.4132,-27.0401,-0.0977,0.8774,0.0956,-0.4702,0.9980,94,54.141567,0.5668,-0.0206
BiancaGolden_CircleTurns,-143.6065,-2.3064,196.6867,-3.6189,-27.1980,-0.1790,0.8655,0.1111,-0.4885,0.9980,95,54.155376,0.5639,-0.0231
BiancaGolden_CircleTurns,-143.8893,-2.5016,196.6129,-3.8446,-27.5307,-0.1484,0.8641,0.0641,-0.4992,0.9980,95,54.168381,0.5611,-0.0250
BiancaGolden_CircleTurns,-144.1657,-2.6698,196.5881,-4.1805,-27.9430,-0.1196,0.8903,0.0603,-0.4514,0.9980,96,54.184010,0.5583,-0.0267
BiancaGolden_CircleTurns,-144.4923,-2.8204,196.5745,-4.4947,-28.3300,-0.0647,0.8878,0.0597,-0.4563,0.9980,96,54.197365,0.5551,-0.0282
BiancaGolden_CircleTurns,-144.8286,-2.9260,196.5540,-4.7509,-28.6640,-0.1005,0.8909,0.0561,-0.4507,0.9980,96,54.211491,0.5517,-0.0293
BiancaGolden_CircleTurns,-145.1682,-2.9922,196.5837,-4.9951,-28.9647,-0.1684,0.8950,0.0529,-0.4429,0.9980,97,54.225273,0.5483,-0.0299
BiancaGolden_CircleTurns,-145.5008,-3.0473,196.6459,-5.1312,-29.1478,-0.1814,0.8954,0.0508,-0.4423,0.9980,97,54.238728,0.5450,-0.0305
BiancaGolden_CircleTurns,-145.8269,-3.0762,196.7435,-5.1725,-29.2206,-0.1638,0.8969,0.0511,-0.4394,0.9980,98,54.253475,0.5417,-0.0308
BiancaGolden_CircleTurns,-146.1499,-3.0723,196.8666,-5.2098,-29.1182,-0.1337,0.8993,0.0514,-0.4342,0.9980,98,54.267223,0.5385,-0.0307
BiancaGolden_CircleTurns,-146.4667,-3.0423,197.0162,-5.2453,-28.7921,-0.1115,0.9037,0.0561,-0.4246,0.9980,99,54.289772,0.5353,-0.0304
BiancaGolden_CircleTurns,-146.7991,-2.9876,197.1576,-5.2520,-28.3753,-0.1072,0.9073,0.0557,-0.4168,0.9980,99,54.295166,0.5320,-0.0299
BiancaGolden_CircleTurns,-147.1524,-2.9210,197.2721,-5.2038,-27.9477,-0.1278,0.9116,0.0543,-0.4075,0.9980,99,54.311691,0.5285,-0.0292
BiancaGolden_CircleTurns,-147.5253,-2.8431,197.3677,-5.0805,-27.5569,-0.2004,0.9122,0.0563,-0.4058,0.9980,100,54.323818,0.5247,-0.0284
BiancaGolden_CircleTurns,-147.8984,-2.7593,197.4592,-4.9790,-27.2673,-0.3174,0.9128,0.0540,-0.4048,0.9980,100,54.337029,0.5210,-0.0276
BiancaGolden_CircleTurns,-148.2953,-2.6479,197.5298,-4.8824,-27.0432,-0.4810,0.9140,0.0512,-0.4025,0.9980,101,54.351475,0.5170,-0.0265
BiancaGolden_CircleTurns,-148.6852,-2.5130,197.6001,-4.8246,-26.8907,-0.6374,0.9149,0.0491,-0.4006,0.9980,101,54.365009,0.5131,-0.0251
BiancaGolden_CircleTurns,-149.0664,-2.3588,197.6550,-4.7503,-26.7750,-0.7947,0.9160,0.0486,-0.3982,0.9980,101,54.379078,0.5093,-0.0236
BiancaGolden_CircleTurns,-149.4370,-2.1987,197.7079,-4.6641,-26.6240,-0.9117,0.9145,0.0479,-0.4018,0.9980,102,54.392475,0.5056,-0.0220
BiancaGolden_CircleTurns,-149.8082,-2.0251,197.7606,-4.6115,-26.4667,-1.0222,0.9146,0.0496,-0.4013,0.9980,102,54.405563,0.5019,-0.0203
BiancaGolden_CircleTurns,-150.1625,-1.8198,197.8211,-4.6769,-26.2986,-1.1386,0.9150,0.0470,-0.4007,0.9980,103,54.421185,0.4984,-0.0182
BiancaGolden_CircleTurns,-150.4969,-1.6126,197.8757,-4.7834,-26.0821,-1.3145,0.9168,0.0439,-0.3969,0.9980,103,54.434216,0.4950,-0.0161
BiancaGolden_CircleTurns,-150.8407,-1.3893,197.9080,-4.8203,-25.8410,-1.5044,0.9165,0.0412,-0.3980,0.9980,104,54.448353,0.4916,-0.0139
BiancaGolden_CircleTurns,-151.1744,-1.1438,197.9460,-4.8030,-25.6405,-1.7017,0.9178,0.0362,-0.3954,0.9980,104,54.462357,0.4883,-0.0114
BiancaGolden_CircleTurns,-151.5041,-0.8697,197.9856,-4.7368,-25.4668,-1.9052,0.9163,0.0358,-0.3989,0.9980,104,54.476742,0.4850,-0.0087
BiancaGolden_CircleTurns,-151.8185,-0.5440,198.0218,-4.7747,-25.3307,-2.1635,0.9140,0.0270,-0.4049,0.9980,105,54.490353,0.4818,-0.0054
BiancaGolden_CircleTurns,-152.1423,-0.1980,198.0371,-4.8346,-25.2201,-2.4159,0.9149,0.0255,-0.4029,0.9980,105,54.502811,0.4786,-0.0020
BiancaGolden_CircleTurns,-152.4611,0.1779,198.0334,-4.9038,-25.1114,-2.6829,0.9135,0.0219,-0.4063,0.9980,106,54.518906,0.4754,0.0018
BiancaGolden_CircleTurns,-152.7925,0.5703,198.0100,-4.9054,-25.0123,-2.9402,0.9144,0.0178,-0.4045,0.9980,106,54.532204,0.4721,0.0057
BiancaGolden_CircleTurns,-153.1141,1.0013,197.9621,-4.9025,-24.9008,-3.1932,0.9148,0.0158,-0.4037,0.9980,106,54.546284,0.4689,0.0100
BiancaGolden_CircleTurns,-153.4431,1.4508,197.9144,-4.9128,-24.7987,-3.4337,0.9114,0.0153,-0.4113,0.9980,107,54.559708,0.4656,0.0145
BiancaGolden_CircleTurns,-153.7464,1.9319,197.8696,-5.0026,-24.7605,-3.7422,0.9098,0.0125,-0.4149,0.9980,107,54.572411,0.4625,0.0193
BiancaGolden_CircleTurns,-154.0188,2.4561,197.8292,-5.0969,-24.6764,-4.1126,0.9109,0.0089,-0.4126,0.9980,108,54.587597,0.4598,0.0246
BiancaGolden_CircleTurns,-154.2724,3.0304,197.7768,-5.2396,-24.5309,-4.5099,0.9110,0.0064,-0.4125,0.9980,108,54.601402,0.4573,0.0303
BiancaGolden_CircleTurns,-154.5261,3.6701,197.6857,-5.3867,-24.2509,-4.9400,0.9132,0.0007,-0.4074,0.9980,109,54.615814,0.4547,0.0367
BiancaGolden_CircleTurns,-154.7786,4.3427,197.5328,-5.4211,-23.9351,-5.2842,0.9153,-0.0024,-0.4027,0.9980,109,54.629196,0.4522,0.0434
BiancaGolden_CircleTurns,-155.0565,5.0604,197.3464,-5.4065,-23.5658,-5.5593,0.9147,-0.0017,-0.4042,0.9980,109,54.643211,0.4494,0.0506
BiancaGolden_CircleTurns,-155.3275,5.8341,197.1512,-5.2530,-23.2772,-5.7676,0.9162,-0.0033,-0.4008,0.9980,110,54.657253,0.4467,0.0583
BiancaGolden_CircleTurns,-155.6077,6.6323,196.9404,-5.0324,-22.9685,-5.8784,0.9167,-0.0028,-0.3996,0.9980,110,54.670521,0.4439,0.0663
BiancaGolden_CircleTurns,-155.8786,7.4693,196.7586,-4.8499,-22.7553,-5.8958,0.9178,-0.0025,-0.3971,0.9980,111,54.685177,0.4412,0.0747
BiancaGolden_CircleTurns,-156.1630,8.3210,196.5915,-4.7815,-22.5905,-5.8707,0.9175,0.0033,-0.3978,0.9980,111,54.698875,0.4384,0.0832
BiancaGolden_CircleTurns,-156.4734,9.2086,196.4091,-4.7056,-22.4995,-5.8042,0.9157,0.0055,-0.4017,0.9980,112,54.713383,0.4353,0.0921
BiancaGolden_CircleTurns,-156.8139,10.1244,196.2023,-4.7073,-22.3909,-5.7094,0.9157,0.0027,-0.4018,0.9980,112,54.727173,0.4319,0.1012
BiancaGolden_CircleTurns,-157.1401,11.0750,196.0006,-4.7100,-22.2371,-5.6614,0.9164,0.0015,-0.4003,0.9980,112,54.740879,0.4286,0.1107
BiancaGolden_CircleTurns,-157.4492,12.0300,195.8394,-4.6755,-22.0854,-5.6174,0.9170,0.0019,-0.3988,0.9980,113,54.754555,0.4255,0.1203
BiancaGolden_CircleTurns,-157.7428,12.9988,195.7338,-4.6528,-21.9628,-5.5822,0.9168,0.0020,-0.3993,0.9980,113,54.771076,0.4226,0.1300
BiancaGolden_CircleTurns,-158.0045,13.9791,195.6727,-4.6595,-21.9963,-5.5763,0.9140,-0.0018,-0.4057,0.9980,114,54.783215,0.4200,0.1398
BiancaGolden_CircleTurns,-158.1874,14.9791,195.7317,-4.6939,-22.1736,-5.5642,0.9120,-0.0030,-0.4102,0.9980,114,54.796677,0.4181,0.1498
BiancaGolden_CircleTurns,-158.3608,15.9851,195.8366,-4.7565,-22.3644,-5.5520,0.9085,-0.0078,-0.4179,0.9980,114,54.810822,0.4164,0.1599
BiancaGolden_CircleTurns,-158.5444,17.0127,195.9566,-4.7517,-22.6747,-5.5516,0.9050,-0.0158,-0.4252,0.9980,115,54.824455,0.4146,0.1701
BiancaGolden_CircleTurns,-158.7939,18.0078,195.9596,-4.5255,-22.9439,-5.4941,0.9021,-0.0158,-0.4312,0.9980,115,54.837658,0.4121,0.1801
BiancaGolden_CircleTurns,-159.0508,18.9795,195.9481,-4.1272,-23.2519,-5.3753,0.8994,-0.0176,-0.4367,0.9980,116,54.852982,0.4095,0.1898
BiancaGolden_CircleTurns,-159.2656,19.9061,196.0048,-3.5713,-23.5458,-5.2279,0.8979,-0.0171,-0.4399,0.9980,116,54.865891,0.4073,0.1991
BiancaGolden_CircleTurns,-159.4259,20.7831,196.1645,-3.1620,-23.7199,-5.1860,0.8952,-0.0245,-0.4450,0.9980,117,54.880348,0.4057,0.2078
BiancaGolden_CircleTurns,-159.5616,21.6203,196.3375,-2.7150,-23.7595,-5.2190,0.8952,-0.0322,-0.4445,0.9980,117,54.894501,0.4044,0.2162
BiancaGolden_CircleTurns,-159.7116,22.3896,196.4894,-2.0643,-23.6558,-5.2190,0.8955,-0.0343,-0.4437,0.9980,117,54.908775,0.4029,0.2239
BiancaGolden_CircleTurns,-159.8910,23.1528,196.6172,-1.3824,-23.5677,-5.0984,0.8965,-0.0431,-0.4410,0.9980,118,54.922997,0.4011,0.2315
BiancaGolden_CircleTurns,-160.0978,23.8741,196.7220,-0.8061,-23.4952,-4.8741,0.8965,-0.0410,-0.4412,0.9980,118,54.936012,0.3990,0.2387
BiancaGolden_CircleTurns,-160.2967,24.6048,196.8498,-0.4650,-23.4928,-4.7264,0.8943,-0.0486,-0.4448,0.9980,119,54.950081,0.3970,0.2460
BiancaGolden_CircleTurns,-160.4867,25.2306,197.0153,-0.3765,-23.5814,-4.5552,0.8940,-0.0571,-0.4444,0.9980,119,54.964764,0.3951,0.2523
BiancaGolden_CircleTurns,-160.6736,25.8396,197.1711,-0.2178,-23.6457,-4.4605,0.8931,-0.0626,-0.4455,0.9980,119,54.977974,0.3933,0.2584
BiancaGolden_CircleTurns,-160.8563,26.3488,197.3227,-0.0213,-23.7101,-4.4098,0.8933,-0.0672,-0.4444,0.9980,120,54.991570,0.3914,0.2635
BiancaGolden_CircleTurns,-161.0326,26.8353,197.4686,0.2641,-23.7220,-4.3892,0.8931,-0.0810,-0.4425,0.9980,120,55.004791,0.3897,0.2684
BiancaGolden_CircleTurns,-161.2127,27.2666,197.6162,0.4635,-23.6469,-4.4498,0.8934,-0.0861,-0.4409,0.9980,121,55.019871,0.3879,0.2727
BiancaGolden_CircleTurns,-161.4268,27.6669,197.7417,0.5997,-23.5500,-4.5587,0.8936,-0.0888,-0.4400,0.9980,121,55.034325,0.3857,0.2767
BiancaGolden_CircleTurns,-161.6597,28.0002,197.8495,0.6447,-23.4904,-4.7480,0.8934,-0.0956,-0.4389,0.9980,122,55.048126,0.3834,0.2800
BiancaGolden_CircleTurns,-161.8969,28.2949,197.9398,0.6903,-23.4304,-4.9495,0.8936,-0.1130,-0.4344,0.9980,122,55.060894,0.3810,0.2829
BiancaGolden_CircleTurns,-162.1236,28.5857,198.0269,0.7554,-23.3698,-5.1890,0.8926,-0.1223,-0.4341,0.9980,122,55.075573,0.3788,0.2859
BiancaGolden_CircleTurns,-162.3418,28.8221,198.1338,0.6722,-23.3538,-5.4745,0.8917,-0.1272,-0.4344,0.9980,123,55.089462,0.3766,0.2882
BiancaGolden_CircleTurns,-162.5484,29.0316,198.2741,0.5654,-23.2961,-5.7951,0.8905,-0.1319,-0.4354,0.9980,123,55.102455,0.3745,0.2903
BiancaGolden_CircleTurns,-162.7615,29.2146,198.3881,0.5173,-23.2093,-6.1157,0.8906,-0.1381,-0.4333,0.9980,124,55.117180,0.3724,0.2921
BiancaGolden_CircleTurns,-162.9819,29.3720,198.4346,0.4848,-23.0723,-6.5104,0.8905,-0.1433,-0.4318,0.9980,124,55.131615,0.3702,0.2937
BiancaGolden_CircleTurns,-163.1962,29.5167,198.4857,0.4727,-22.9730,-6.8383,0.8884,-0.1475,-0.4347,0.9980,124,55.145405,0.3680,0.2952
BiancaGolden_CircleTurns,-163.4095,29.6382,198.5444,0.4695,-22.8774,-7.1312,0.8877,-0.1465,-0.4366,0.9980,125,55.159088,0.3659,0.2964
BiancaGolden_CircleTurns,-163.6233,29.7283,198.5815,0.5012,-22.8010,-7.4128,0.8871,-0.1501,-0.4365,0.9980,125,55.172024,0.3638,0.2973
BiancaGolden_CircleTurns,-163.8593,29.8113,198.5947,0.4598,-22.7936,-7.6465,0.8821,-0.1471,-0.4475,0.9980,126,55.186905,0.3614,0.2981
BiancaGolden_CircleTurns,-164.0856,29.8715,198.6175,0.4665,-22.8272,-7.8443,0.8813,-0.1495,-0.4482,0.9980,126,55.200367,0.3591,0.2987
BiancaGolden_CircleTurns,-164.3153,29.8997,198.6464,0.4816,-22.8743,-8.0006,0.8785,-0.1512,-0.4532,0.9980,127,55.215233,0.3568,0.2990
BiancaGolden_CircleTurns,-164.5354,29.9124,198.6707,0.5008,-22.8809,-8.1374,0.8778,-0.1525,-0.4542,0.9980,127,55.229649,0.3546,0.2991
BiancaGolden_CircleTurns,-164.7636,29.9052,198.6709,0.4666,-22.8184,-8.3168,0.8791,-0.1464,-0.4536,0.9980,127,55.242947,0.3524,0.2991
BiancaGolden_CircleTurns,-164.9749,29.8716,198.6613,0.4159,-22.6951,-8.4531,0.8819,-0.1403,-0.4501,0.9980,128,55.257862,0.3503,0.2987
BiancaGolden_CircleTurns,-165.1910,29.8130,198.6435,0.4413,-22.5515,-8.5657,0.8811,-0.1405,-0.4516,0.9980,128,55.273251,0.3481,0.2981
BiancaGolden_CircleTurns,-165.4049,29.7306,198.5969,0.4542,-22.3461,-8.6288,0.8824,-0.1417,-0.4487,0.9980,129,55.286293,0.3460,0.2973
BiancaGolden_CircleTurns,-165.6085,29.6091,198.5370,0.4686,-22.1576,-8.6901,0.8837,-0.1423,-0.4460,0.9980,129,55.298306,0.3439,0.2961
BiancaGolden_CircleTurns,-165.8002,29.4592,198.4424,0.5509,-21.9725,-8.7093,0.8787,-0.1742,-0.4445,0.9980,129,55.311970,0.3420,0.2946
BiancaGolden_CircleTurns,-165.9708,29.2746,198.3730,0.6181,-21.9136,-8.7202,0.8716,-0.2007,-0.4472,0.9980,130,55.325459,0.3403,0.2927
BiancaGolden_CircleTurns,-166.1602,29.0611,198.2884,0.6885,-21.9242,-8.6734,0.8709,-0.2010,-0.4486,0.9980,130,55.338120,0.3384,0.2906
BiancaGolden_CircleTurns,-166.3920,28.8392,198.1365,0.7114,-21.9904,-8.6058,0.8654,-0.1974,-0.4605,0.9980,131,55.353565,0.3361,0.2884
BiancaGolden_CircleTurns,-166.6615,28.5947,197.9349,0.6855,-22.1688,-8.5116,0.8629,-0.1952,-0.4661,0.9980,131,55.367203,0.3334,0.2859
BiancaGolden_CircleTurns,-166.8451,28.3182,197.8369,0.6270,-22.4724,-8.4207,0.8589,-0.1973,-0.4727,0.9980,132,55.381535,0.3315,0.2832
BiancaGolden_CircleTurns,-166.9626,28.0192,197.9216,0.4406,-22.9470,-8.3617,0.8565,-0.1925,-0.4789,0.9980,132,55.394833,0.3304,0.2802
BiancaGolden_CircleTurns,-167.0628,27.7240,198.0393,0.2125,-23.2465,-8.3484,0.8574,-0.1937,-0.4768,0.9980,132,55.409000,0.3294,0.2772
BiancaGolden_CircleTurns,-167.2680,27.4628,198.0212,-0.0716,-23.2994,-8.4441,0.8587,-0.1932,-0.4747,0.9980,133,55.422928,0.3273,0.2746
BiancaGolden_CircleTurns,-167.5735,27.2132,197.7954,-0.3034,-23.1763,-8.5680,0.8672,-0.1892,-0.4606,0.9980,133,55.436310,0.3243,0.2721
BiancaGolden_CircleTurns,-167.9130,27.0076,197.5567,-0.4156,-23.0505,-8.6630,0.8671,-0.1915,-0.4599,0.9980,134,55.451046,0.3209,0.2701
BiancaGolden_CircleTurns,-168.2233,26.8635,197.4592,-0.7310,-22.9878,-8.8368,0.8700,-0.1958,-0.4526,0.9980,134,55.464966,0.3178,0.2686
BiancaGolden_CircleTurns,-168.4669,26.7401,197.5148,-1.1938,-22.9704,-9.1201,0.8694,-0.1990,-0.4523,0.9980,134,55.479218,0.3153,0.2674
BiancaGolden_CircleTurns,-168.6768,26.6523,197.6175,-1.7333,-22.9223,-9.4010,0.8692,-0.1982,-0.4529,0.9980,135,55.492828,0.3132,0.2665
BiancaGolden_CircleTurns,-168.9184,26.5699,197.7480,-2.1664,-22.9394,-9.7031,0.8651,-0.2022,-0.4590,0.9980,135,55.506054,0.3108,0.2657
BiancaGolden_CircleTurns,-169.1803,26.5062,197.8443,-2.3175,-22.9568,-10.0296,0.8644,-0.1972,-0.4626,0.9980,136,55.521248,0.3082,0.2651
BiancaGolden_CircleTurns,-169.4510,26.4991,197.9297,-2.3864,-22.9314,-10.3113,0.8640,-0.2012,-0.4615,0.9980,136,55.535126,0.3055,0.2650
BiancaGolden_CircleTurns,-169.7216,26.5700,198.0295,-2.5821,-22.8696,-10.5823,0.8670,-0.1929,-0.4595,0.9980,137,55.549320,0.3028,0.2657
BiancaGolden_CircleTurns,-169.9588,26.6661,198.1272,-2.8295,-22.7171,-10.8764,0.8655,-0.1972,-0.4604,0.9980,137,55.563019,0.3004,0.2667
BiancaGolden_CircleTurns,-170.2112,26.7947,198.2505,-2.9489,-22.5364,-11.1915,0.8678,-0.2027,-0.4537,0.9980,137,55.576912,0.2979,0.2679
BiancaGolden_CircleTurns,-170.4414,26.9343,198.3877,-2.9647,-22.3415,-11.5035,0.8735,-0.2020,-0.4429,0.9980,138,55.590740,0.2956,0.2693
BiancaGolden_CircleTurns,-170.6893,27.0906,198.5167,-2.9135,-22.1835,-11.8551,0.8762,-0.2089,-0.4344,0.9980,138,55.604130,0.2931,0.2709
BiancaGolden_CircleTurns,-170.9175,27.3068,198.6338,-2.6696,-22.0054,-12.2145,0.8757,-0.2147,-0.4324,0.9980,139,55.618610,0.2908,0.2731
BiancaGolden_CircleTurns,-171.1483,27.5710,198.7350,-2.4799,-21.8841,-12.5636,0.8793,-0.2171,-0.4239,0.9980,139,55.632328,0.2885,0.2757
BiancaGolden_CircleTurns,-171.3706,27.8607,198.8381,-2.3315,-21.8728,-12.8805,0.8835,-0.2022,-0.4225,0.9980,140,55.646599,0.2863,0.2786
BiancaGolden_CircleTurns,-171.5776,28.1685,198.9548,-2.1918,-21.8732,-13.1750,0.8933,-0.2088,-0.3979,0.9980,140,55.660404,0.2842,0.2817
BiancaGolden_CircleTurns,-171.7541,28.5080,199.0766,-2.0653,-21.8828,-13.4923,0.8951,-0.2034,-0.3967,0.9980,140,55.674572,0.2825,0.2851
BiancaGolden_CircleTurns,-171.9154,28.8715,199.1964,-1.9750,-21.8322,-13.8288,0.8961,-0.2004,-0.3960,0.9980,141,55.688522,0.2808,0.2887
BiancaGolden_CircleTurns,-172.0433,29.2628,199.2903,-1.8820,-21.7372,-14.1821,0.8960,-0.2058,-0.3935,0.9980,141,55.701439,0.2796,0.2926
BiancaGolden_CircleTurns,-172.1445,29.6646,199.3669,-1.7402,-21.5784,-14.5020,0.8969,-0.2018,-0.3934,0.9980,142,55.716496,0.2786,0.2966
BiancaGolden_CircleTurns,-172.2163,30.0959,199.4237,-1.5763,-21.3820,-14.8017,0.8976,-0.2047,-0.3903,0.9980,142,55.730373,0.2778,0.3010
BiancaGolden_CircleTurns,-172.2709,30.5394,199.4657,-1.4255,-21.1817,-15.0846,0.8966,-0.2063,-0.3919,0.9980,142,55.745312,0.2773,0.3054
BiancaGolden_CircleTurns,-172.3092,30.9811,199.4995,-1.2120,-21.0070,-15.3136,0.8964,-0.2091,-0.3909,0.9980,143,55.758331,0.2769,0.3098
BiancaGolden_CircleTurns,-172.3171,31.4690,199.4961,-1.0572,-20.8447,-15.5239,0.8964,-0.2128,-0.3888,0.9980,143,55.774303,0.2768,0.3147
BiancaGolden_CircleTurns,-172.3254,31.9769,199.4751,-1.0896,-20.7181,-15.7473,0.8982,-0.2079,-0.3873,0.9980,144,55.786766,0.2767,0.3198
BiancaGolden_CircleTurns,-172.3144,32.5042,199.4496,-1.1173,-20.6422,-15.9896,0.8991,-0.2075,-0.3855,0.9980,144,55.799328,0.2769,0.3250
BiancaGolden_CircleTurns,-172.2901,33.0452,199.4225,-1.1576,-20.5429,-16.2129,0.8973,-0.2054,-0.3908,0.9980,145,55.813862,0.2771,0.3305
BiancaGolden_CircleTurns,-172.2536,33.6186,199.3784,-1.2389,-20.4766,-16.4661,0.8962,-0.2092,-0.3912,0.9980,145,55.827084,0.2775,0.3362
BiancaGolden_CircleTurns,-172.1753,34.2229,199.3331,-1.3565,-20.4171,-16.7504,0.8945,-0.2127,-0.3932,0.9980,145,55.841202,0.2782,0.3422
BiancaGolden_CircleTurns,-172.0983,34.8409,199.2783,-1.4488,-20.3319,-17.0714,0.8963,-0.2104,-0.3903,0.9980,146,55.855049,0.2790,0.3484
BiancaGolden_CircleTurns,-172.0167,35.4870,199.2015,-1.5319,-20.2751,-17.3967,0.8951,-0.2164,-0.3899,0.9980,146,55.868221,0.2798,0.3549
BiancaGolden_CircleTurns,-171.8899,36.1621,199.1326,-1.5495,-20.2466,-17.7761,0.8925,-0.2205,-0.3936,0.9980,147,55.883247,0.2811,0.3616
BiancaGolden_CircleTurns,-171.7343,36.8187,199.1124,-1.5783,-20.2226,-18.0907,0.8902,-0.2251,-0.3961,0.9980,147,55.897106,0.2827,0.3682
BiancaGolden_CircleTurns,-171.5244,37.5159,199.1226,-1.5426,-20.1319,-18.4270,0.8910,-0.2238,-0.3950,0.9980,147,55.911087,0.2848,0.3752
BiancaGolden_CircleTurns,-171.3106,38.2339,199.1296,-1.5514,-20.0851,-18.7137,0.8912,-0.2251,-0.3938,0.9980,148,55.924923,0.2869,0.3823
BiancaGolden_CircleTurns,-171.0560,38.9732,199.1561,-1.5836,-20.0212,-18.9092,0.8921,-0.2241,-0.3923,0.9980,148,55.938065,0.2894,0.3897
BiancaGolden_CircleTurns,-170.8212,39.7439,199.1522,-1.5995,-19.9447,-19.1096,0.8926,-0.2256,-0.3905,0.9980,149,55.953178,0.2918,0.3974
BiancaGolden_CircleTurns,-170.5876,40.5106,199.0967,-1.5923,-19.8297,-19.1892,0.8923,-0.2240,-0.3919,0.9980,149,55.966740,0.2941,0.4051
BiancaGolden_CircleTurns,-170.3752,41.2823,199.0074,-1.5489,-19.7100,-19.2261,0.8924,-0.2224,-0.3926,0.9980,150,55.981030,0.2962,0.4128
BiancaGolden_CircleTurns,-170.1758,42.0647,198.9134,-1.6107,-19.6433,-19.2466,0.8923,-0.2200,-0.3943,0.9980,150,55.994537,0.2982,0.4206
BiancaGolden_CircleTurns,-169.9800,42.7956,198.8802,-1.6375,-19.6843,-19.2358,0.8921,-0.2195,-0.3950,0.9980,150,56.008739,0.3002,0.4280
BiancaGolden_CircleTurns,-169.7792,43.5227,198.8662,-1.7118,-19.7335,-19.2203,0.8905,-0.2222,-0.3971,0.9980,151,56.022446,0.3022,0.4352
BiancaGolden_CircleTurns,-169.5859,44.2217,198.8596,-1.8764,-19.8174,-19.2311,0.8903,-0.2219,-0.3976,0.9980,151,56.035938,0.3041,0.4422
BiancaGolden_CircleTurns,-169.3767,44.9036,198.8637,-2.0118,-19.8598,-19.2454,0.8869,-0.2282,-0.4017,0.9980,152,56.051056,0.3062,0.4490
BiancaGolden_CircleTurns,-169.1501,45.5675,198.9158,-2.2160,-19.8285,-19.2461,0.8879,-0.2281,-0.3995,0.9980,152,56.064877,0.3085,0.4557
BiancaGolden_CircleTurns,-168.9412,46.2017,198.9651,-2.3674,-19.7042,-19.2317,0.8882,-0.2255,-0.4004,0.9980,152,56.078602,0.3106,0.4620
BiancaGolden_CircleTurns,-168.7189,46.8124,199.0404,-2.4343,-19.5906,-19.1818,0.8872,-0.2263,-0.4021,0.9980,153,56.092342,0.3128,0.4681
BiancaGolden_CircleTurns,-168.5022,47.3726,199.1611,-2.4672,-19.4073,-19.0952,0.8877,-0.2292,-0.3993,0.9980,153,56.105556,0.3150,0.4737
BiancaGolden_CircleTurns,-168.2926,47.9371,199.2811,-2.5716,-19.2200,-19.0093,0.8899,-0.2272,-0.3956,0.9980,154,56.120659,0.3171,0.4794
BiancaGolden_CircleTurns,-168.1073,48.4685,199.3857,-2.6507,-19.0045,-18.8792,0.8911,-0.2259,-0.3936,0.9980,154,56.134457,0.3189,0.4847
BiancaGolden_CircleTurns,-167.9632,48.9940,199.4548,-2.6657,-18.8335,-18.6851,0.8928,-0.2241,-0.3907,0.9980,155,56.148815,0.3204,0.4899
BiancaGolden_CircleTurns,-167.8467,49.4855,199.5238,-2.6015,-18.7524,-18.4400,0.8913,-0.2211,-0.3959,0.9980,155,56.162163,0.3215,0.4949
BiancaGolden_CircleTurns,-167.7746,49.9471,199.5873,-2.5282,-18.7747,-18.1525,0.8875,-0.2229,-0.4032,0.9980,155,56.176701,0.3223,0.4995
BiancaGolden_CircleTurns,-167.7215,50.3868,199.6543,-2.5640,-18.8664,-17.8692,0.8825,-0.2157,-0.4180,0.9980,156,56.189999,0.3228,0.5039
BiancaGolden_CircleTurns,-167.6974,50.8281,199.7356,-2.5945,-18.9740,-17.5790,0.8832,-0.2108,-0.4190,0.9980,156,56.203091,0.3230,0.5083
BiancaGolden_CircleTurns,-167.6792,51.2432,199.8334,-2.7237,-19.0466,-17.2845,0.8798,-0.1878,-0.4366,0.9980,157,56.218437,0.3232,0.5124
BiancaGolden_CircleTurns,-167.6883,51.6421,199.9261,-2.9501,-19.0410,-17.0526,0.8241,-0.1648,-0.5419,0.9980,157,56.231918,0.3231,0.5164
BiancaGolden_CircleTurns,-167.7024,52.0271,200.0266,-3.2337,-18.9731,-16.8609,0.8266,-0.1615,-0.5390,0.9980,157,56.246269,0.3230,0.5203
BiancaGolden_CircleTurns,-167.7378,52.3797,200.1227,-3.4962,-18.7996,-16.6705,0.7962,-0.1525,-0.5855,0.9980,158,56.260647,0.3226,0.5238
BiancaGolden_CircleTurns,-167.7824,52.7260,200.2285,-3.7549,-18.5368,-16.4684,0.8013,-0.1493,-0.5794,0.9980,158,56.276207,0.3222,0.5273
BiancaGolden_CircleTurns,-167.8370,53.0355,200.3518,-4.0176,-18.1241,-16.2513,0.7984,-0.1494,-0.5832,0.9980,159,56.289112,0.3216,0.5304
BiancaGolden_CircleTurns,-167.9117,53.3205,200.4720,-4.1915,-17.6471,-16.0568,0.7945,-0.1540,-0.5875,0.9980,159,56.301647,0.3209,0.5332
BiancaGolden_CircleTurns,-168.0055,53.5848,200.5671,-4.3312,-17.1561,-15.8460,0.7992,-0.1522,-0.5814,0.9980,160,56.316319,0.3199,0.5358
BiancaGolden_CircleTurns,-168.1205,53.8489,200.6362,-4.4126,-16.7360,-15.6611,0.8007,-0.1554,-0.5785,0.9980,160,56.329651,0.3188,0.5385
BiancaGolden_CircleTurns,-168.2481,54.0841,200.6959,-4.5104,-16.4001,-15.4757,0.7960,-0.1566,-0.5847,0.9980,160,56.343925,0.3175,0.5408
BiancaGolden_CircleTurns,-168.3988,54.3013,200.7095,-4.5455,-16.1616,-15.3400,0.7941,-0.1592,-0.5866,0.9980,161,56.357521,0.3160,0.5430
BiancaGolden_CircleTurns,-168.5463,54.5006,200.7043,-4.5555,-15.9789,-15.1843,0.7953,-0.1576,-0.5854,0.9980,161,56.371590,0.3145,0.5450
BiancaGolden_CircleTurns,-168.7000,54.6548,200.6671,-4.5157,-15.8944,-15.0345,0.7902,-0.1622,-0.5910,0.9980,162,56.385952,0.3130,0.5465
BiancaGolden_CircleTurns,-168.8544,54.7962,200.6243,-4.3879,-15.8913,-14.8942,0.7887,-0.1606,-0.5935,0.9980,162,56.399460,0.3115,0.5480
BiancaGolden_CircleTurns,-169.0025,54.8996,200.5765,-4.2107,-15.9388,-14.7418,0.7789,-0.1560,-0.6074,0.9980,163,56.413956,0.3100,0.5490
BiancaGolden_CircleTurns,-169.1518,54.9856,200.5068,-4.0151,-16.0261,-14.5943,0.7697,-0.1733,-0.6144,0.9980,163,56.427711,0.3085,0.5499
BiancaGolden_CircleTurns,-169.3143,55.0288,200.3764,-3.8031,-16.1827,-14.4362,0.7684,-0.1715,-0.6166,0.9980,163,56.442020,0.3069,0.5503
BiancaGolden_CircleTurns,-169.4713,55.0531,200.2556,-3.6142,-16.3144,-14.2499,0.7678,-0.1704,-0.6176,0.9980,164,56.455288,0.3053,0.5505
BiancaGolden_CircleTurns,-169.5993,55.0303,200.2120,-3.3428,-16.4013,-14.0502,0.7650,-0.1683,-0.6217,0.9980,164,56.468910,0.3040,0.5503
BiancaGolden_CircleTurns,-169.7300,55.0142,200.1899,-3.2736,-16.3721,-13.8276,0.7591,-0.1718,-0.6279,0.9980,165,56.483723,0.3027,0.5501
BiancaGolden_CircleTurns,-169.8639,54.9690,200.1145,-3.3824,-16.2972,-13.6060,0.7613,-0.1688,-0.6260,0.9980,165,56.497414,0.3014,0.5497
BiancaGolden_CircleTurns,-170.0705,54.9227,199.9228,-3.6303,-16.1641,-13.4771,0.7619,-0.1615,-0.6272,0.9980,165,56.511379,0.2993,0.5492
BiancaGolden_CircleTurns,-170.2671,54.8903,199.7485,-3.7994,-16.1486,-13.3956,0.7630,-0.1549,-0.6275,0.9980,166,56.524902,0.2973,0.5489
BiancaGolden_CircleTurns,-170.4549,54.8235,199.6169,-3.9125,-16.1986,-13.3685,0.7614,-0.1540,-0.6297,0.9980,166,56.538177,0.2955,0.5482
BiancaGolden_CircleTurns,-170.5723,54.7351,199.6036,-3.8845,-16.3850,-13.3244,0.7601,-0.1525,-0.6316,0.9980,167,56.553520,0.2943,0.5474
BiancaGolden_CircleTurns,-170.7191,54.6707,199.5970,-3.9276,-16.5255,-13.2652,0.7598,-0.1694,-0.6277,0.9980,167,56.566792,0.2928,0.5467
BiancaGolden_CircleTurns,-170.8980,54.6438,199.5124,-4.1744,-16.6726,-13.2549,0.7582,-0.1714,-0.6291,0.9980,168,56.581356,0.2910,0.5464
BiancaGolden_CircleTurns,-171.1453,54.6564,199.2942,-4.4873,-16.8513,-13.3455,0.7554,-0.1710,-0.6326,0.9980,168,56.594822,0.2885,0.5466
BiancaGolden_CircleTurns,-171.3922,54.7082,199.0599,-4.8208,-17.1128,-13.5296,0.7522,-0.1717,-0.6361,0.9980,168,56.608898,0.2861,0.5471
BiancaGolden_CircleTurns,-171.6162,54.7570,198.9526,-5.1507,-17.4249,-13.7583,0.7498,-0.1695,-0.6396,0.9980,169,56.622284,0.2838,0.5476
BiancaGolden_CircleTurns,-171.8086,54.8177,198.9419,-5.4483,-17.7289,-14.0609,0.7473,-0.1706,-0.6422,0.9980,169,56.635525,0.2819,0.5482
BiancaGolden_CircleTurns,-171.9989,54.8897,198.9436,-5.6572,-17.9278,-14.2807,0.7518,-0.1710,-0.6369,0.9980,170,56.650818,0.2800,0.5489
BiancaGolden_CircleTurns,-172.1804,55.0290,198.9655,-5.8821,-18.0199,-14.5590,0.7509,-0.1744,-0.6369,0.9980,170,56.664265,0.2782,0.5503
BiancaGolden_CircleTurns,-172.3779,55.1907,198.9547,-5.9127,-18.0208,-14.7680,0.7507,-0.1783,-0.6361,0.9980,170,56.678490,0.2762,0.5519
BiancaGolden_CircleTurns,-172.5615,55.3792,198.9423,-5.7500,-17.9545,-14.9687,0.7517,-0.1825,-0.6337,0.9980,171,56.692047,0.2744,0.5538
BiancaGolden_CircleTurns,-172.7080,55.6123,198.9616,-5.5974,-17.7749,-15.1767,0.7620,-0.1872,-0.6199,0.9980,171,56.705612,0.2729,0.5561
BiancaGolden_CircleTurns,-172.8331,55.8548,199.0216,-5.5228,-17.5291,-15.4409,0.7717,-0.1843,-0.6086,0.9980,172,56.720455,0.2717,0.5585
BiancaGolden_CircleTurns,-172.9456,56.1385,199.1064,-5.4750,-17.2706,-15.7032,0.7715,-0.1862,-0.6084,0.9980,172,56.733974,0.2705,0.5614
BiancaGolden_CircleTurns,-173.0584,56.4382,199.1971,-5.3805,-17.0370,-15.9657,0.7725,-0.1905,-0.6058,0.9980,173,56.748432,0.2694,0.5644
BiancaGolden_CircleTurns,-173.1534,56.7757,199.2901,-5.2468,-16.8467,-16.1829,0.7732,-0.1949,-0.6034,0.9980,173,56.761929,0.2685,0.5678
BiancaGolden_CircleTurns,-173.2111,57.1512,199.4136,-5.0854,-16.6674,-16.4001,0.7904,-0.2126,-0.5746,0.9980,173,56.779510,0.2679,0.5715
BiancaGolden_CircleTurns,-173.2678,57.5492,199.5267,-4.9985,-16.5045,-16.5856,0.8166,-0.2281,-0.5303,0.9980,174,56.790668,0.2673,0.5755
BiancaGolden_CircleTurns,-173.2874,57.9593,199.6287,-4.8800,-16.3025,-16.7521,0.8242,-0.2338,-0.5157,0.9980,174,56.802723,0.2671,0.5796
BiancaGolden_CircleTurns,-173.2800,58.3996,199.7054,-4.7630,-16.0411,-16.8698,0.8266,-0.2355,-0.5112,0.9980,175,56.818157,0.2672,0.5840
BiancaGolden_CircleTurns,-173.2439,58.8483,199.7884,-4.5881,-15.7442,-16.9714,0.8288,-0.2357,-0.5074,0.9980,175,56.831352,0.2676,0.5885
BiancaGolden_CircleTurns,-173.1916,59.3163,199.8897,-4.4312,-15.4850,-17.1035,0.8318,-0.2325,-0.5040,0.9980,175,56.845612,0.2681,0.5932
BiancaGolden_CircleTurns,-173.1220,59.8263,199.9654,-4.2817,-15.2111,-17.2329,0.8327,-0.2352,-0.5014,0.9980,176,56.859146,0.2688,0.5983
BiancaGolden_CircleTurns,-173.0440,60.3413,199.9883,-4.1554,-15.0252,-17.3664,0.8330,-0.2382,-0.4994,0.9980,176,56.872623,0.2696,0.6034
BiancaGolden_CircleTurns,-172.9447,60.8896,199.9857,-4.0879,-14.8588,-17.5109,0.8283,-0.2391,-0.5066,0.9980,177,56.887932,0.2706,0.6089
BiancaGolden_CircleTurns,-172.8125,61.4540,199.9509,-4.0127,-14.7770,-17.6863,0.8284,-0.2370,-0.5076,0.9980,177,56.901146,0.2719,0.6145
BiancaGolden_CircleTurns,-172.6647,62.0136,199.9383,-3.9145,-14.6715,-17.8702,0.8280,-0.2411,-0.5062,0.9980,178,56.915306,0.2734,0.6201
BiancaGolden_CircleTurns,-172.4873,62.5893,199.9269,-3.8500,-14.5748,-18.1210,0.8223,-0.2425,-0.5147,0.9980,178,56.928902,0.2751,0.6259
BiancaGolden_CircleTurns,-172.2767,63.1698,199.8972,-3.8809,-14.5946,-18.4550,0.8212,-0.2477,-0.5141,0.9980,178,56.943333,0.2772,0.6317
BiancaGolden_CircleTurns,-172.0235,63.7328,199.8994,-3.8427,-14.5486,-18.7954,0.8190,-0.2525,-0.5153,0.9980,179,56.956730,0.2798,0.6373
BiancaGolden_CircleTurns,-171.7586,64.3243,199.8549,-3.6955,-14.3799,-19.1816,0.8193,-0.2603,-0.5109,0.9980,179,56.970135,0.2824,0.6432
BiancaGolden_CircleTurns,-171.4448,64.9597,199.6984,-3.5093,-14.0841,-19.6000,0.8146,-0.2641,-0.5164,0.9980,180,56.985886,0.2856,0.6496
BiancaGolden_CircleTurns,-171.1070,65.5905,199.5824,-3.4322,-13.8539,-19.9618,0.8153,-0.2647,-0.5150,0.9980,180,56.998844,0.2889,0.6559
BiancaGolden_CircleTurns,-170.7173,66.2682,199.5369,-3.4674,-13.6793,-20.3187,0.8126,-0.2584,-0.5225,0.9980,180,57.012669,0.2928,0.6627
BiancaGolden_CircleTurns,-170.3139,66.9225,199.5218,-3.5448,-13.5974,-20.5665,0.8126,-0.2608,-0.5212,0.9980,181,57.026176,0.2969,0.6692
BiancaGolden_CircleTurns,-169.8946,67.6079,199.4961,-3.6258,-13.5171,-20.7471,0.8147,-0.2576,-0.5194,0.9980,181,57.040131,0.3011,0.6761
BiancaGolden_CircleTurns,-169.4769,68.3087,199.4373,-3.6994,-13.4263,-20.9401,0.8110,-0.2563,-0.5260,0.9980,182,57.054428,0.3052,0.6831
BiancaGolden_CircleTurns,-169.0395,69.0496,199.3510,-3.8723,-13.3834,-21.0303,0.8122,-0.2576,-0.5235,0.9980,182,57.067665,0.3096,0.6905
BiancaGolden_CircleTurns,-168.5656,69.7685,199.3419,-4.0487,-13.4085,-21.1702,0.8123,-0.2507,-0.5266,0.9980,183,57.082077,0.3143,0.6977
BiancaGolden_CircleTurns,-168.0479,70.4553,199.4451,-4.2422,-13.4124,-21.2879,0.8124,-0.2523,-0.5257,0.9980,183,57.095779,0.3195,0.7046
BiancaGolden_CircleTurns,-167.5025,71.1244,199.6038,-4.3649,-13.4266,-21.4336,0.8129,-0.2553,-0.5234,0.9980,183,57.109917,0.3250,0.7112
BiancaGolden_CircleTurns,-167.0048,71.8231,199.6612,-4.4511,-13.2780,-21.6405,0.8109,-0.2596,-0.5245,0.9980,184,57.123466,0.3300,0.7182
BiancaGolden_CircleTurns,-166.5321,72.5358,199.6657,-4.4534,-13.2100,-21.7863,0.8066,-0.2596,-0.5311,0.9980,184,57.136471,0.3347,0.7254
BiancaGolden_CircleTurns,-166.1040,73.2772,199.6144,-4.4572,-13.2568,-21.9392,0.8049,-0.2611,-0.5329,0.9980,185,57.151695,0.3390,0.7328
BiancaGolden_CircleTurns,-165.6877,74.0107,199.5908,-4.5242,-13.4107,-22.0897,0.8024,-0.2651,-0.5347,0.9980,185,57.165516,0.3431,0.7401
BiancaGolden_CircleTurns,-165.3013,74.7357,199.5988,-4.6157,-13.6871,-22.2568,0.7838,-0.3084,-0.5390,0.9980,185,57.179543,0.3470,0.7474
BiancaGolden_CircleTurns,-164.9007,75.4393,199.6383,-4.7199,-13.9469,-22.4329,0.7801,-0.3092,-0.5438,0.9980,186,57.192974,0.3510,0.7544
BiancaGolden_CircleTurns,-164.5245,76.1273,199.6913,-4.7972,-14.2761,-22.6076,0.7760,-0.3273,-0.5392,0.9980,186,57.206165,0.3548,0.7613
BiancaGolden_CircleTurns,-164.1417,76.8084,199.7507,-4.8723,-14.5638,-22.8397,0.7772,-0.3406,-0.5291,0.9980,187,57.221199,0.3586,0.7681
BiancaGolden_CircleTurns,-163.7776,77.4866,199.8020,-4.9658,-14.8239,-23.0611,0.7788,-0.3459,-0.5234,0.9980,187,57.235409,0.3622,0.7749
BiancaGolden_CircleTurns,-163.4480,78.1495,199.8403,-4.9204,-14.9842,-23.2766,0.7767,-0.3506,-0.5233,0.9980,188,57.249222,0.3655,0.7815
BiancaGolden_CircleTurns,-163.1190,78.8125,199.8934,-4.8841,-15.0719,-23.5098,0.7754,-0.3544,-0.5226,0.9980,188,57.263123,0.3688,0.7881
BiancaGolden_CircleTurns,-162.8047,79.4713,199.9542,-4.9330,-15.0273,-23.7987,0.7758,-0.3594,-0.5186,0.9980,189,57.280273,0.3720,0.7947
BiancaGolden_CircleTurns,-162.5175,80.1128,200.0139,-5.0155,-14.9171,-24.1043,0.7762,-0.3654,-0.5138,0.9980,189,57.290897,0.3748,0.8011
BiancaGolden_CircleTurns,-162.2649,80.7171,200.0816,-4.9976,-14.8398,-24.4091,0.7760,-0.3709,-0.5101,0.9980,189,57.304676,0.3774,0.8072
BiancaGolden_CircleTurns,-162.0263,81.2894,200.2201,-4.8411,-14.8444,-24.6651,0.7755,-0.3755,-0.5075,0.9980,190,57.318237,0.3797,0.8129
BiancaGolden_CircleTurns,-161.8011,81.8579,200.3858,-4.6205,-14.9156,-24.8829,0.7733,-0.3788,-0.5085,0.9980,190,57.331024,0.3820,0.8186
BiancaGolden_CircleTurns,-161.5946,82.4096,200.5130,-4.3627,-14.9814,-25.0248,0.7713,-0.3810,-0.5098,0.9980,190,57.346149,0.3841,0.8241
BiancaGolden_CircleTurns,-161.3948,82.9495,200.5970,-4.1609,-15.0097,-25.1693,0.7707,-0.3840,-0.5086,0.9980,191,57.359856,0.3861,0.8295
BiancaGolden_CircleTurns,-161.2187,83.4598,200.6661,-3.9848,-14.9147,-25.2981,0.7686,-0.3872,-0.5092,0.9980,191,57.373184,0.3878,0.8346
BiancaGolden_CircleTurns,-161.0611,83.9412,200.7515,-3.8568,-14.7887,-25.4812,0.7730,-0.3812,-0.5071,0.9980,192,57.388966,0.3894,0.8394
BiancaGolden_CircleTurns,-160.9187,84.4038,200.8407,-3.7474,-14.6827,-25.6775,0.7712,-0.3872,-0.5053,0.9980,192,57.401768,0.3908,0.8440
BiancaGolden_CircleTurns,-160.7796,84.8497,200.8980,-3.6613,-14.5803,-25.9001,0.7740,-0.3884,-0.5000,0.9980,193,57.415894,0.3922,0.8485
BiancaGolden_CircleTurns,-160.6597,85.2723,200.9409,-3.5688,-14.4801,-26.0968,0.7732,-0.3914,-0.4989,0.9980,193,57.429718,0.3934,0.8527
BiancaGolden_CircleTurns,-160.5502,85.6713,200.9898,-3.4824,-14.4103,-26.2719,0.7715,-0.3934,-0.5001,0.9980,193,57.444031,0.3945,0.8567
BiancaGolden_CircleTurns,-160.4663,86.0545,201.0285,-3.3967,-14.3706,-26.3878,0.7714,-0.3943,-0.4995,0.9980,194,57.457798,0.3953,0.8605
BiancaGolden_CircleTurns,-160.3862,86.4218,201.0517,-3.2705,-14.3568,-26.4727,0.7721,-0.3934,-0.4992,0.9980,194,57.470619,0.3961,0.8642
BiancaGolden_CircleTurns,-160.3318,86.7629,201.0447,-3.1057,-14.3267,-26.5022,0.7692,-0.3926,-0.5042,0.9980,195,57.485798,0.3967,0.8676
BiancaGolden_CircleTurns,-160.3026,87.0822,201.0151,-2.9261,-14.2667,-26.5223,0.7661,-0.3964,-0.5059,0.9980,195,57.499744,0.3970,0.8708
BiancaGolden_CircleTurns,-160.3094,87.3775,200.9571,-2.7733,-14.1831,-26.5116,0.7664,-0.3971,-0.5049,0.9980,196,57.513680,0.3969,0.8738
BiancaGolden_CircleTurns,-160.3130,87.6623,200.8897,-2.6413,-14.1182,-26.5010,0.7659,-0.3971,-0.5057,0.9980,196,57.527214,0.3969,0.8766
BiancaGolden_CircleTurns,-160.3450,87.9147,200.8297,-2.4936,-14.1165,-26.4659,0.7658,-0.3953,-0.5073,0.9980,196,57.541325,0.3965,0.8791
BiancaGolden_CircleTurns,-160.3778,88.1455,200.7852,-2.3730,-14.1623,-26.4235,0.7655,-0.3909,-0.5110,0.9980,197,57.555073,0.3962,0.8815
BiancaGolden_CircleTurns,-160.4537,88.3537,200.7553,-2.2626,-14.2652,-26.3559,0.7659,-0.3885,-0.5123,0.9980,197,57.568260,0.3955,0.8835
BiancaGolden_CircleTurns,-160.5434,88.5618,200.6841,-2.2064,-14.3501,-26.2659,0.7653,-0.3857,-0.5153,0.9980,198,57.583473,0.3946,0.8856
BiancaGolden_CircleTurns,-160.6704,88.7558,200.6049,-2.1838,-14.4921,-26.1509,0.7649,-0.3832,-0.5178,0.9980,198,57.597301,0.3933,0.8876
BiancaGolden_CircleTurns,-160.8080,88.9293,200.5666,-2.2034,-14.6471,-26.0257,0.7658,-0.3818,-0.5175,0.9980,198,57.611935,0.3919,0.8893
BiancaGolden_CircleTurns,-160.9407,89.0634,200.6107,-2.2630,-14.7621,-25.9216,0.7646,-0.3817,-0.5194,0.9980,199,57.624931,0.3906,0.8906
BiancaGolden_CircleTurns,-161.0909,89.1760,200.6558,-2.3797,-14.7459,-25.8284,0.7666,-0.3825,-0.5159,0.9980,199,57.637699,0.3891,0.8918
BiancaGolden_CircleTurns,-161.2242,89.2720,200.6948,-2.4819,-14.6412,-25.7620,0.7748,-0.4057,-0.4849,0.9980,200,57.652821,0.3878,0.8927
BiancaGolden_CircleTurns,-161.3477,89.3270,200.7638,-2.5192,-14.3460,-25.6657,0.7948,-0.4175,-0.4405,0.9980,200,57.666653,0.3865,0.8933
BiancaGolden_CircleTurns,-161.4645,89.3904,200.8576,-2.5459,-14.0588,-25.5774,0.8061,-0.4374,-0.3986,0.9980,201,57.680569,0.3854,0.8939
BiancaGolden_CircleTurns,-161.5966,89.4473,200.9101,-2.5813,-13.6905,-25.5176,0.8084,-0.4372,-0.3942,0.9980,201,57.694122,0.3840,0.8945
BiancaGolden_CircleTurns,-161.7828,89.5218,200.8780,-2.6469,-13.4119,-25.4538,0.8110,-0.4390,-0.3869,0.9980,201,57.708252,0.3822,0.8952
BiancaGolden_CircleTurns,-161.9875,89.6217,200.8246,-2.7606,-13.3622,-25.4375,0.8044,-0.4482,-0.3899,0.9980,202,57.721958,0.3801,0.8962
BiancaGolden_CircleTurns,-162.2061,89.7107,200.7792,-2.9100,-13.4829,-25.4496,0.7997,-0.4462,-0.4018,0.9980,202,57.735249,0.3779,0.8971
BiancaGolden_CircleTurns,-162.4215,89.7926,200.7710,-3.0692,-13.7138,-25.5033,0.7983,-0.4393,-0.4119,0.9980,203,57.750423,0.3758,0.8979
BiancaGolden_CircleTurns,-162.6591,89.8613,200.7910,-3.2044,-14.0337,-25.6569,0.7953,-0.4407,-0.4163,0.9980,203,57.764072,0.3734,0.8986
BiancaGolden_CircleTurns,-162.8879,89.9448,200.8027,-3.2959,-14.2653,-25.8105,0.7923,-0.4422,-0.4203,0.9980,204,57.781590,0.3711,0.8994
BiancaGolden_CircleTurns,-163.1207,90.0477,200.8353,-3.4543,-14.5508,-26.0366,0.7912,-0.4473,-0.4169,0.9980,204,57.791965,0.3688,0.9005
BiancaGolden_CircleTurns,-163.3522,90.1585,200.8532,-3.5777,-14.6963,-26.2365,0.7896,-0.4508,-0.4162,0.9980,204,57.805557,0.3665,0.9016
BiancaGolden_CircleTurns,-163.5872,90.2695,200.8574,-3.6493,-14.7874,-26.4786,0.7911,-0.4511,-0.4132,0.9980,205,57.819603,0.3641,0.9027
BiancaGolden_CircleTurns,-163.8077,90.3798,200.8754,-3.6414,-14.8028,-26.6950,0.7894,-0.4548,-0.4123,0.9980,205,57.832321,0.3619,0.9038
BiancaGolden_CircleTurns,-164.0099,90.4918,200.9255,-3.5890,-14.7542,-26.9538,0.7880,-0.4586,-0.4108,0.9980,206,57.847816,0.3599,0.9049
BiancaGolden_CircleTurns,-164.2050,90.6095,200.9986,-3.5687,-14.6580,-27.2052,0.7900,-0.4573,-0.4083,0.9980,206,57.861332,0.3579,0.9061
BiancaGolden_CircleTurns,-164.4131,90.7381,201.0391,-3.5149,-14.5242,-27.4811,0.7905,-0.4591,-0.4055,0.9980,206,57.875393,0.3559,0.9074
BiancaGolden_CircleTurns,-164.6364,90.8774,201.0494,-3.4302,-14.4758,-27.7238,0.7881,-0.4623,-0.4063,0.9980,207,57.889545,0.3536,0.9088
BiancaGolden_CircleTurns,-164.8551,91.0316,201.0742,-3.3441,-14.5305,-27.9579,0.7866,-0.4629,-0.4086,0.9980,207,57.902565,0.3514,0.9103
BiancaGolden_CircleTurns,-165.0812,91.2051,201.1035,-3.2638,-14.6631,-28.1909,0.7847,-0.4642,-0.4108,0.9980,208,57.917408,0.3492,0.9121
BiancaGolden_CircleTurns,-165.2913,91.3959,201.1407,-3.2135,-14.8062,-28.4107,0.7863,-0.4573,-0.4155,0.9980,208,57.931362,0.3471,0.9140
BiancaGolden_CircleTurns,-165.5064,91.5810,201.1868,-3.1954,-14.9096,-28.6244,0.7841,-0.4604,-0.4161,0.9980,208,57.945435,0.3449,0.9158
BiancaGolden_CircleTurns,-165.6947,91.7843,201.2558,-3.1603,-14.9509,-28.8483,0.7889,-0.4576,-0.4102,0.9980,209,57.959240,0.3431,0.9178
BiancaGolden_CircleTurns,-165.8704,91.9931,201.3144,-3.1439,-14.9061,-29.0490,0.7905,-0.4624,-0.4015,0.9980,209,57.972122,0.3413,0.9199
BiancaGolden_CircleTurns,-166.0216,92.2210,201.3766,-3.1166,-14.7499,-29.2374,0.7907,-0.4651,-0.3980,0.9980,210,57.987263,0.3398,0.9222
BiancaGolden_CircleTurns,-166.1680,92.4567,201.4215,-3.1312,-14.5317,-29.4154,0.7916,-0.4667,-0.3945,0.9980,210,58.000435,0.3383,0.9246
BiancaGolden_CircleTurns,-166.3043,92.7071,201.4537,-3.1682,-14.3147,-29.5956,0.7918,-0.4699,-0.3902,0.9980,211,58.015079,0.3370,0.9271
BiancaGolden_CircleTurns,-166.4296,92.9558,201.4978,-3.2484,-14.1146,-29.7888,0.7913,-0.4730,-0.3874,0.9980,211,58.028740,0.3357,0.9296
BiancaGolden_CircleTurns,-166.5191,93.2123,201.5607,-3.3400,-13.9183,-29.9872,0.7949,-0.4693,-0.3845,0.9980,211,58.042610,0.3348,0.9321
BiancaGolden_CircleTurns,-166.5957,93.4685,201.6350,-3.3930,-13.7590,-30.1564,0.7932,-0.4712,-0.3857,0.9980,212,58.056622,0.3340,0.9347
BiancaGolden_CircleTurns,-166.6613,93.7518,201.6890,-3.4433,-13.6243,-30.3341,0.7939,-0.4673,-0.3891,0.9980,212,58.069729,0.3334,0.9375
BiancaGolden_CircleTurns,-166.6939,94.0378,201.7036,-3.4797,-13.5241,-30.4947,0.7924,-0.4694,-0.3896,0.9980,213,58.084873,0.3331,0.9404
BiancaGolden_CircleTurns,-166.7132,94.3254,201.7129,-3.5105,-13.4611,-30.6638,0.7912,-0.4722,-0.3886,0.9980,213,58.098095,0.3329,0.9433
BiancaGolden_CircleTurns,-166.7055,94.6259,201.7200,-3.5285,-13.3956,-30.8590,0.7899,-0.4711,-0.3927,0.9980,213,58.112492,0.3329,0.9463
BiancaGolden_CircleTurns,-166.6854,94.9237,201.7265,-3.5227,-13.3849,-31.0340,0.7880,-0.4735,-0.3936,0.9980,214,58.126392,0.3331,0.9492
BiancaGolden_CircleTurns,-166.6264,95.2316,201.7290,-3.5126,-13.3959,-31.2304,0.7847,-0.4745,-0.3989,0.9980,214,58.139599,0.3337,0.9523
BiancaGolden_CircleTurns,-166.5543,95.5451,201.7234,-3.5192,-13.4258,-31.4174,0.7853,-0.4679,-0.4055,0.9980,215,58.154339,0.3345,0.9555
BiancaGolden_CircleTurns,-166.4462,95.8336,201.7171,-3.4824,-13.4254,-31.6125,0.7865,-0.4677,-0.4033,0.9980,215,58.168163,0.3355,0.9583
BiancaGolden_CircleTurns,-166.3124,96.1224,201.7221,-3.4036,-13.3100,-31.8262,0.7855,-0.4719,-0.4004,0.9980,216,58.182529,0.3369,0.9612
BiancaGolden_CircleTurns,-166.1737,96.4306,201.6705,-3.3486,-13.1208,-32.0707,0.7835,-0.4758,-0.3998,0.9980,216,58.195915,0.3383,0.9643
BiancaGolden_CircleTurns,-166.0381,96.7720,201.5662,-3.3408,-12.9514,-32.3290,0.7844,-0.4758,-0.3979,0.9980,216,58.210159,0.3396,0.9677
BiancaGolden_CircleTurns,-165.9031,97.1331,201.4197,-3.3262,-12.8338,-32.5929,0.7822,-0.4795,-0.3977,0.9980,217,58.224113,0.3410,0.9713
BiancaGolden_CircleTurns,-165.7529,97.5042,201.2642,-3.2874,-12.8198,-32.8489,0.7830,-0.4712,-0.4061,0.9980,217,58.237347,0.3425,0.9750
BiancaGolden_CircleTurns,-165.5969,97.8940,201.1101,-3.2709,-12.8471,-33.0815,0.7805,-0.4708,-0.4113,0.9980,218,58.252388,0.3440,0.9789
BiancaGolden_CircleTurns,-165.4118,98.2840,200.9609,-3.2773,-13.0140,-33.2953,0.7781,-0.4731,-0.4133,0.9980,218,58.265907,0.3459,0.9828
BiancaGolden_CircleTurns,-165.2236,98.6734,200.8408,-3.2459,-13.1364,-33.4906,0.7784,-0.4704,-0.4158,0.9980,219,58.284355,0.3478,0.9867
BiancaGolden_CircleTurns,-165.0177,99.0778,200.7449,-3.2821,-13.3027,-33.6993,0.7768,-0.4713,-0.4177,0.9980,219,58.294102,0.3498,0.9908
BiancaGolden_CircleTurns,-164.8087,99.4816,200.6622,-3.3625,-13.4474,-33.9171,0.7766,-0.4709,-0.4184,0.9980,219,58.309967,0.3519,0.9948
BiancaGolden_CircleTurns,-164.5938,99.8883,200.5969,-3.4371,-13.5547,-34.1545,0.7755,-0.4719,-0.4195,0.9980,220,58.323662,0.3541,0.9989
BiancaGolden_CircleTurns,-164.3522,100.2871,200.5719,-3.4902,-13.6432,-34.3835,0.7749,-0.4711,-0.4214,0.9980,220,58.336205,0.3565,1.0029
BiancaGolden_CircleTurns,-164.0750,100.6851,200.6056,-3.5940,-13.7102,-34.6389,0.7730,-0.4742,-0.4214,0.9980,221,58.350719,0.3593,1.0069
BiancaGolden_CircleTurns,-163.7564,101.0486,200.7145,-3.7868,-13.7258,-34.9332,0.7714,-0.4777,-0.4204,0.9980,221,58.364239,0.3624,1.0105
BiancaGolden_CircleTurns,-163.4460,101.4089,200.8206,-3.9049,-13.6978,-35.2039,0.7733,-0.4802,-0.4140,0.9980,221,58.378410,0.3655,1.0141
BiancaGolden_CircleTurns,-163.1180,101.7739,200.9548,-3.8204,-13.5941,-35.4183,0.7776,-0.4850,-0.4001,0.9980,222,58.391834,0.3688,1.0177
BiancaGolden_CircleTurns,-162.8253,102.1938,200.9949,-3.7101,-13.5016,-35.5984,0.7800,-0.4816,-0.3996,0.9980,222,58.405018,0.3717,1.0219
BiancaGolden_CircleTurns,-162.5126,102.6156,201.0239,-3.6151,-13.4921,-35.7189,0.7792,-0.4806,-0.4024,0.9980,223,58.420223,0.3749,1.0262
BiancaGolden_CircleTurns,-162.2093,103.0259,201.0473,-3.4364,-13.5141,-35.6993,0.7784,-0.4813,-0.4030,0.9980,223,58.433372,0.3779,1.0303
BiancaGolden_CircleTurns,-161.8920,103.4253,201.1046,-3.3023,-13.5420,-35.7407,0.7761,-0.4793,-0.4098,0.9980,224,58.447609,0.3811,1.0343
BiancaGolden_CircleTurns,-161.5888,103.8024,201.1625,-3.1733,-13.6018,-35.7275,0.7775,-0.4755,-0.4116,0.9980,224,58.461262,0.3841,1.0380
BiancaGolden_CircleTurns,-161.2974,104.1983,201.1968,-3.0953,-13.6822,-35.7389,0.7785,-0.4730,-0.4126,0.9980,224,58.475330,0.3870,1.0420
BiancaGolden_CircleTurns,-161.0133,104.6144,201.2534,-3.0468,-13.7533,-35.7433,0.7775,-0.4724,-0.4151,0.9980,225,58.489246,0.3899,1.0461
BiancaGolden_CircleTurns,-160.7386,105.0432,201.3180,-3.0738,-13.8090,-35.7549,0.7768,-0.4734,-0.4152,0.9980,225,58.501835,0.3926,1.0504
BiancaGolden_CircleTurns,-160.4659,105.4612,201.3900,-3.1972,-13.8222,-35.8263,0.7767,-0.4751,-0.4136,0.9980,226,58.516747,0.3953,1.0546
BiancaGolden_CircleTurns,-160.2055,105.8579,201.4868,-3.4279,-13.7693,-35.9637,0.7763,-0.4780,-0.4109,0.9980,226,58.531013,0.3979,1.0586
BiancaGolden_CircleTurns,-159.9444,106.2856,201.6000,-3.6537,-13.6174,-36.1717,0.7771,-0.4820,-0.4047,0.9980,226,58.544987,0.4006,1.0629
BiancaGolden_CircleTurns,-159.6896,106.6892,201.7324,-3.8450,-13.3851,-36.3695,0.7764,-0.4862,-0.4011,0.9980,227,58.558376,0.4031,1.0669
BiancaGolden_CircleTurns,-159.4178,107.1064,201.8828,-3.9576,-13.0107,-36.5513,0.7760,-0.4915,-0.3953,0.9980,227,58.571625,0.4058,1.0711
BiancaGolden_CircleTurns,-159.1396,107.5125,202.0353,-4.0763,-12.5805,-36.7559,0.7765,-0.4957,-0.3890,0.9980,228,58.586430,0.4086,1.0751
BiancaGolden_CircleTurns,-158.8547,107.9260,202.1844,-4.0871,-12.0984,-36.9526,0.7770,-0.4997,-0.3828,0.9980,228,58.599998,0.4115,1.0793
BiancaGolden_CircleTurns,-158.5816,108.3340,202.3120,-4.0296,-11.6881,-37.1269,0.7767,-0.5029,-0.3793,0.9980,229,58.614902,0.4142,1.0833
BiancaGolden_CircleTurns,-158.3131,108.7514,202.4103,-3.9302,-11.3877,-37.2850,0.7783,-0.5030,-0.3758,0.9980,229,58.628147,0.4169,1.0875
BiancaGolden_CircleTurns,-158.0475,109.1634,202.4777,-3.7598,-11.1697,-37.4887,0.7748,-0.5022,-0.3840,0.9980,229,58.642567,0.4195,1.0916
BiancaGolden_CircleTurns,-157.7671,109.5690,202.5430,-3.5551,-11.0341,-37.7001,0.7733,-0.4994,-0.3907,0.9980,230,58.655766,0.4223,1.0957
BiancaGolden_CircleTurns,-157.4687,109.9564,202.6085,-3.2848,-10.9610,-37.9256,0.7676,-0.5066,-0.3927,0.9980,230,58.668789,0.4253,1.0996
BiancaGolden_CircleTurns,-157.1817,110.3478,202.6704,-3.0918,-10.8975,-38.1344,0.7614,-0.5094,-0.4011,0.9980,231,58.683929,0.4282,1.1035
BiancaGolden_CircleTurns,-156.8731,110.7289,202.6733,-2.8321,-10.9311,-38.3426,0.7590,-0.5121,-0.4020,0.9980,231,58.697533,0.4313,1.1073
BiancaGolden_CircleTurns,-156.5740,111.1165,202.6785,-2.5749,-10.9672,-38.5085,0.7554,-0.5122,-0.4087,0.9980,231,58.711720,0.4343,1.1112
BiancaGolden_CircleTurns,-156.2559,111.5196,202.6646,-2.3717,-11.0404,-38.6198,0.7556,-0.5082,-0.4132,0.9980,232,58.725353,0.4374,1.1152
BiancaGolden_CircleTurns,-155.9307,111.8993,202.6690,-2.1917,-11.1131,-38.7170,0.7538,-0.5085,-0.4163,0.9980,232,58.738518,0.4407,1.1190
BiancaGolden_CircleTurns,-155.5883,112.2765,202.6718,-2.0338,-11.1435,-38.7789,0.7554,-0.5048,-0.4178,0.9980,233,58.753757,0.4441,1.1228
BiancaGolden_CircleTurns,-155.2448,112.6475,202.6368,-1.9105,-11.1418,-38.7815,0.7551,-0.5047,-0.4183,0.9980,233,58.767204,0.4476,1.1265
BiancaGolden_CircleTurns,-154.9134,113.0322,202.5709,-1.8182,-11.1645,-38.7644,0.7547,-0.5040,-0.4200,0.9980,234,58.784481,0.4509,1.1303
BiancaGolden_CircleTurns,-154.5860,113.3971,202.5026,-1.7406,-11.2467,-38.7457,0.7546,-0.5020,-0.4227,0.9980,234,58.795429,0.4541,1.1340
BiancaGolden_CircleTurns,-154.2569,113.7504,202.4327,-1.8059,-11.4272,-38.6513,0.7522,-0.5023,-0.4265,0.9980,234,58.808918,0.4574,1.1375
BiancaGolden_CircleTurns,-153.9279,114.0816,202.3861,-1.8248,-11.5707,-38.5937,0.7514,-0.5003,-0.4301,0.9980,235,58.822819,0.4607,1.1408
BiancaGolden_CircleTurns,-153.6198,114.3851,202.3297,-1.8140,-11.6426,-38.5267,0.7520,-0.4985,-0.4313,0.9980,235,58.835777,0.4638,1.1439
BiancaGolden_CircleTurns,-153.3092,114.6779,202.2810,-1.7663,-11.7164,-38.4747,0.7518,-0.4982,-0.4319,0.9980,236,58.850502,0.4669,1.1468
BiancaGolden_CircleTurns,-153.0176,114.9436,202.2111,-1.7138,-11.7509,-38.4576,0.7532,-0.4986,-0.4290,0.9980,236,58.864464,0.4698,1.1494
BiancaGolden_CircleTurns,-152.7379,115.2124,202.1224,-1.6937,-11.8178,-38.4693,0.7518,-0.4988,-0.4312,0.9980,236,58.878265,0.4726,1.1521
BiancaGolden_CircleTurns,-152.4779,115.4631,202.0095,-1.7592,-11.9584,-38.5510,0.7470,-0.4977,-0.4407,0.9980,237,58.891983,0.4752,1.1546
BiancaGolden_CircleTurns,-152.2511,115.6891,201.9176,-1.8068,-12.2265,-38.7090,0.7365,-0.5093,-0.4452,0.9980,237,58.905327,0.4775,1.1569
BiancaGolden_CircleTurns,-152.0154,115.8937,201.8357,-1.8148,-12.4603,-38.8883,0.7628,-0.5177,-0.3875,0.9980,238,58.920525,0.4798,1.1589
BiancaGolden_CircleTurns,-151.8059,116.1039,201.7580,-1.8658,-12.6919,-39.1251,0.7083,-0.6075,-0.3594,0.9980,238,58.934063,0.4819,1.1610
BiancaGolden_CircleTurns,-151.6013,116.2908,201.6804,-1.8497,-12.8392,-39.2588,0.7062,-0.6090,-0.3611,0.9980,239,58.947895,0.4840,1.1629
BiancaGolden_CircleTurns,-151.4235,116.4570,201.6034,-1.8293,-12.9450,-39.4099,0.6745,-0.6433,-0.3622,0.9980,239,58.961658,0.4858,1.1646
BiancaGolden_CircleTurns,-151.2778,116.6014,201.5691,-1.7419,-13.0213,-39.5380,0.6734,-0.6437,-0.3636,0.9980,239,58.975945,0.4872,1.1660
BiancaGolden_CircleTurns,-151.1117,116.7684,201.5599,-1.7654,-13.1091,-39.6099,0.6619,-0.6547,-0.3650,0.9980,240,58.989639,0.4889,1.1677
BiancaGolden_CircleTurns,-150.9847,116.9330,201.5389,-1.8723,-13.1831,-39.6259,0.6855,-0.6468,-0.3342,0.9980,240,59.002579,0.4902,1.1693
BiancaGolden_CircleTurns,-150.9083,117.0781,201.4900,-1.9220,-13.3114,-39.5949,0.6676,-0.6707,-0.3234,0.9980,241,59.017601,0.4909,1.1708
BiancaGolden_CircleTurns,-150.8319,117.2344,201.4790,-1.9382,-13.5081,-39.6134,0.6671,-0.6699,-0.3259,0.9980,241,59.031696,0.4917,1.1723
BiancaGolden_CircleTurns,-150.7607,117.3465,201.5225,-1.9601,-13.6601,-39.5972,0.6898,-0.6513,-0.3162,0.9980,241,59.045860,0.4924,1.1735
BiancaGolden_CircleTurns,-150.6991,117.4811,201.5947,-2.0064,-13.7332,-39.6005,0.8093,-0.5114,-0.2889,0.9980,242,59.058929,0.4930,1.1748
BiancaGolden_CircleTurns,-150.6595,117.5797,201.6609,-2.0725,-13.7185,-39.5448,0.8103,-0.5111,-0.2867,0.9980,242,59.072426,0.4934,1.1758
BiancaGolden_CircleTurns,-150.6269,117.6886,201.7377,-2.1771,-13.6245,-39.5121,0.7650,-0.5356,-0.3576,0.9980,243,59.087181,0.4937,1.1769
BiancaGolden_CircleTurns,-150.6110,117.7918,201.7957,-2.3760,-13.4682,-39.4966,0.7666,-0.5348,-0.3554,0.9980,243,59.101189,0.4939,1.1779
BiancaGolden_CircleTurns,-150.6157,117.8953,201.8455,-2.5285,-13.3442,-39.4174,0.7470,-0.5618,-0.3556,0.9980,244,59.115028,0.4938,1.1790
BiancaGolden_CircleTurns,-150.6413,118.0057,201.8608,-2.7429,-13.2421,-39.3864,0.7612,-0.5755,-0.2989,0.9980,244,59.130047,0.4936,1.1801
BiancaGolden_CircleTurns,-150.7085,118.0998,201.8551,-2.9860,-13.2791,-39.3193,0.7642,-0.5710,-0.3000,0.9980,244,59.143135,0.4929,1.1810
BiancaGolden_CircleTurns,-150.7719,118.1766,201.8768,-3.1065,-13.3657,-39.2754,0.7599,-0.5653,-0.3208,0.9980,245,59.156734,0.4923,1.1818
BiancaGolden_CircleTurns,-150.8473,118.2587,201.8987,-3.1744,-13.4741,-39.2447,0.7592,-0.5638,-0.3251,0.9980,245,59.169708,0.4915,1.1826
BiancaGolden_CircleTurns,-150.9169,118.3461,201.9052,-3.2756,-13.5051,-39.2266,0.7622,-0.5586,-0.3271,0.9980,246,59.184834,0.4908,1.1835
BiancaGolden_CircleTurns,-151.0230,118.4422,201.8957,-3.4718,-13.5691,-39.2147,0.7630,-0.5574,-0.3273,0.9980,246,59.198181,0.4898,1.1844
BiancaGolden_CircleTurns,-151.1206,118.5035,201.9361,-3.4831,-13.5810,-39.1341,0.7620,-0.5556,-0.3327,0.9980,246,59.212864,0.4888,1.1850
BiancaGolden_CircleTurns,-151.2638,118.6072,201.8859,-3.5735,-13.5390,-39.1188,0.7608,-0.5553,-0.3359,0.9980,247,59.225948,0.4874,1.1861
BiancaGolden_CircleTurns,-151.4125,118.6356,201.8652,-3.6325,-13.6269,-39.0082,0.7595,-0.5552,-0.3391,0.9980,247,59.239452,0.4859,1.1864
BiancaGolden_CircleTurns,-151.5575,118.7350,201.8135,-3.6667,-13.6880,-39.0094,0.7606,-0.5515,-0.3426,0.9980,248,59.254299,0.4844,1.1873
BiancaGolden_CircleTurns,-151.7334,118.7501,201.7696,-3.6098,-13.7773,-38.8535,0.7611,-0.5499,-0.3439,0.9980,248,59.268192,0.4827,1.1875
BiancaGolden_CircleTurns,-151.9294,118.7928,201.7325,-3.6008,-13.8439,-38.7468,0.7620,-0.5482,-0.3448,0.9980,249,59.285854,0.4807,1.1879
BiancaGolden_CircleTurns,-152.0990,118.7851,201.7267,-3.5131,-13.9001,-38.5683,0.7615,-0.5495,-0.3437,0.9980,249,59.295940,0.4790,1.1879
BiancaGolden_CircleTurns,-152.2767,118.7720,201.7599,-3.4168,-13.9063,-38.3889,0.7632,-0.5490,-0.3406,0.9980,249,59.309711,0.4772,1.1877
BiancaGolden_CircleTurns,-152.4542,118.7662,201.7226,-3.4069,-13.7823,-38.1862,0.7615,-0.5503,-0.3426,0.9980,250,59.323910,0.4755,1.1877
BiancaGolden_CircleTurns,-152.6590,118.7286,201.7111,-3.7197,-13.8926,-38.0181,0.7631,-0.5474,-0.3437,0.9980,250,59.336628,0.4734,1.1873
BiancaGolden_CircleTurns,-152.8920,118.6556,201.7142,-3.8955,-13.9682,-37.8375,0.7654,-0.5462,-0.3404,0.9980,251,59.351467,0.4711,1.1866
BiancaGolden_CircleTurns,-153.1329,118.5919,201.6769,-4.0941,-14.0309,-37.6918,0.7670,-0.5436,-0.3408,0.9980,251,59.364975,0.4687,1.1859
BiancaGolden_CircleTurns,-153.3819,118.5163,201.6225,-4.3547,-14.0670,-37.5404,0.7674,-0.5402,-0.3453,0.9980,251,59.379314,0.4662,1.1852
BiancaGolden_CircleTurns,-153.6311,118.4482,201.6085,-4.6115,-14.1218,-37.4030,0.7672,-0.5413,-0.3442,0.9980,252,59.392956,0.4637,1.1845
BiancaGolden_CircleTurns,-153.8519,118.2930,201.7757,-4.8483,-14.2788,-37.3032,0.7676,-0.5413,-0.3432,0.9980,252,59.406246,0.4615,1.1829
BiancaGolden_CircleTurns,-154.0797,118.1724,201.9943,-4.9854,-14.2861,-37.2446,0.7687,-0.5444,-0.3358,0.9980,253,59.421436,0.4592,1.1817
BiancaGolden_CircleTurns,-154.3250,118.0859,202.1266,-5.1027,-14.2115,-37.2501,0.7690,-0.5458,-0.3329,0.9980,253,59.435345,0.4567,1.1809
BiancaGolden_CircleTurns,-154.6094,118.0880,202.0678,-5.2292,-14.0394,-37.3215,0.7669,-0.5497,-0.3311,0.9980,254,59.449379,0.4539,1.1809
BiancaGolden_CircleTurns,-154.8913,118.1476,201.9578,-5.4646,-13.9346,-37.4344,0.7660,-0.5524,-0.3289,0.9980,254,59.462837,0.4511,1.1815
BiancaGolden_CircleTurns,-155.1643,118.2026,201.8560,-5.7751,-13.7996,-37.5669,0.7645,-0.5553,-0.3275,0.9980,254,59.477028,0.4484,1.1820
BiancaGolden_CircleTurns,-155.4095,118.2569,201.8151,-6.1039,-13.6928,-37.7429,0.7636,-0.5574,-0.3260,0.9980,255,59.490807,0.4459,1.1826
BiancaGolden_CircleTurns,-155.6484,118.2991,201.8257,-6.2412,-13.5467,-37.8840,0.7636,-0.5572,-0.3263,0.9980,255,59.503757,0.4435,1.1830
BiancaGolden_CircleTurns,-155.8714,118.3266,201.8685,-6.2097,-13.3951,-37.8867,0.7639,-0.5559,-0.3276,0.9980,256,59.519039,0.4413,1.1833
BiancaGolden_CircleTurns,-156.0836,118.4305,201.8744,-6.1842,-13.2577,-37.8353,0.7652,-0.5542,-0.3276,0.9980,256,59.532425,0.4392,1.1843
BiancaGolden_CircleTurns,-156.2894,118.5629,201.8142,-6.3192,-13.2370,-37.7460,0.7648,-0.5528,-0.3310,0.9980,257,59.546906,0.4371,1.1856
BiancaGolden_CircleTurns,-156.4960,118.7095,201.7463,-6.4897,-13.3622,-37.5826,0.7645,-0.5495,-0.3372,0.9980,257,59.560371,0.4350,1.1871
BiancaGolden_CircleTurns,-156.6943,118.8715,201.7062,-6.6056,-13.5395,-37.4813,0.7653,-0.5459,-0.3410,0.9980,257,59.574959,0.4331,1.1887
BiancaGolden_CircleTurns,-156.8882,119.0274,201.6772,-6.7074,-13.7701,-37.3892,0.7666,-0.5420,-0.3443,0.9980,258,59.588482,0.4311,1.1903
BiancaGolden_CircleTurns,-157.0473,119.2148,201.6435,-6.8526,-13.9990,-37.4018,0.7655,-0.5420,-0.3467,0.9980,258,59.601357,0.4295,1.1921
BiancaGolden_CircleTurns,-157.1866,119.3706,201.6536,-6.9795,-14.1560,-37.4471,0.7654,-0.5397,-0.3506,0.9980,259,59.616863,0.4281,1.1937
BiancaGolden_CircleTurns,-157.3057,119.5322,201.6850,-7.0228,-14.2141,-37.5098,0.7631,-0.5418,-0.3523,0.9980,259,59.630291,0.4269,1.1953
BiancaGolden_CircleTurns,-157.4040,119.6914,201.7057,-7.0357,-14.1692,-37.5881,0.7602,-0.5439,-0.3552,0.9980,259,59.644413,0.4260,1.1969
BiancaGolden_CircleTurns,-157.4887,119.8627,201.7163,-7.0772,-14.1389,-37.6922,0.7565,-0.5507,-0.3529,0.9980,260,59.658596,0.4251,1.1986
BiancaGolden_CircleTurns,-157.5569,120.0601,201.7098,-7.0925,-14.1430,-37.7897,0.7553,-0.5508,-0.3551,0.9980,260,59.672054,0.4244,1.2006
BiancaGolden_CircleTurns,-157.6250,120.2632,201.6985,-7.1327,-14.2687,-37.8338,0.7546,-0.5520,-0.3548,0.9980,261,59.686653,0.4238,1.2026
BiancaGolden_CircleTurns,-157.6843,120.5097,201.6554,-7.2677,-14.5011,-37.8745,0.7534,-0.5526,-0.3565,0.9980,261,59.699558,0.4232,1.2051
BiancaGolden_CircleTurns,-157.7472,120.7323,201.6067,-7.4479,-14.8035,-37.9369,0.7522,-0.5495,-0.3636,0.9980,262,59.714348,0.4225,1.2073
BiancaGolden_CircleTurns,-157.8150,120.9220,201.5576,-7.6659,-15.1025,-38.0167,0.7476,-0.5529,-0.3681,0.9980,262,59.727264,0.4218,1.2092
BiancaGolden_CircleTurns,-157.9082,121.0840,201.4783,-8.3155,-15.5250,-38.4160,0.7379,-0.5605,-0.3758,0.9980,262,59.741562,0.4209,1.2108
BiancaGolden_CircleTurns,-158.0155,121.2213,201.3884,-9.2932,-16.0041,-39.0717,0.7266,-0.5714,-0.3816,0.9980,263,59.755138,0.4198,1.2122
BiancaGolden_CircleTurns,-158.1531,121.3164,201.1993,-10.3894,-16.6999,-40.1008,0.7108,-0.5801,-0.3978,0.9980,263,59.771420,0.4185,1.2132
BiancaGolden_CircleTurns,-158.3346,121.4339,200.9259,-11.2972,-17.7387,-41.2560,0.6966,-0.5862,-0.4137,0.9980,264,59.784378,0.4167,1.2143
BiancaGolden_CircleTurns,-158.4869,121.5481,200.6528,-11.8671,-18.7176,-42.2226,0.6827,-0.5913,-0.4294,0.9980,264,59.796638,0.4151,1.2155
BiancaGolden_CircleTurns,-158.5772,121.7278,200.4193,-12.1934,-19.8598,-43.1391,0.6728,-0.5932,-0.4420,0.9980,264,59.811474,0.4142,1.2173
BiancaGolden_CircleTurns,-158.5540,121.9485,200.2393,-12.6582,-20.7844,-43.8614,0.6821,-0.5833,-0.4411,0.9980,265,59.824394,0.4145,1.2195
BiancaGolden_CircleTurns,-158.4950,122.2623,200.0785,-13.1886,-21.7415,-44.2820,0.6842,-0.5845,-0.4362,0.9980,265,59.837414,0.4151,1.2226
BiancaGolden_CircleTurns,-158.3916,122.6565,199.8647,-13.6198,-22.6124,-44.3051,0.6950,-0.5655,-0.4441,0.9980,266,59.852657,0.4161,1.2266
BiancaGolden_CircleTurns,-158.2561,123.0381,199.7355,-14.0504,-23.5445,-44.2428,0.6906,-0.5623,-0.4549,0.9980,266,59.866161,0.4174,1.2304
BiancaGolden_CircleTurns,-158.0640,123.3556,199.6673,-14.2561,-24.2554,-44.3000,0.7017,-0.5548,-0.4469,0.9980,267,59.880520,0.4194,1.2336
BiancaGolden_CircleTurns,-157.8469,123.6476,199.6504,-14.3761,-24.8118,-44.4617,0.7004,-0.5627,-0.4392,0.9980,267,59.894463,0.4215,1.2365
BiancaGolden_CircleTurns,-157.5796,123.9112,199.6875,-14.2357,-25.1495,-44.6967,0.6963,-0.5663,-0.4409,0.9980,267,59.908566,0.4242,1.2391
BiancaGolden_CircleTurns,-157.2523,124.1528,199.7898,-13.9890,-25.3231,-45.0285,0.6374,-0.6280,-0.4465,0.9980,268,59.922306,0.4275,1.2415
BiancaGolden_CircleTurns,-156.8299,124.3499,199.9448,-13.6894,-25.0008,-45.2989,0.6377,-0.6330,-0.4390,0.9980,268,59.935497,0.4317,1.2435
BiancaGolden_CircleTurns,-156.3355,124.5674,200.1473,-13.6052,-24.4302,-45.5352,0.6173,-0.6518,-0.4405,0.9980,269,59.950443,0.4366,1.2457
BiancaGolden_CircleTurns,-156.0027,124.7855,200.1373,-14.6895,-23.6741,-45.1810,0.6560,-0.6378,-0.4036,0.9980,269,59.964924,0.4400,1.2479
BiancaGolden_CircleTurns,-155.4636,124.5786,200.6123,-14.8098,-24.2046,-44.4280,0.6746,-0.6422,-0.3641,0.9980,269,59.978413,0.4454,1.2458
BiancaGolden_CircleTurns,-154.8672,125.6197,200.3182,-12.9990,-23.3436,-46.6398,0.6788,-0.6409,-0.3584,0.9980,270,59.992603,0.4513,1.2562
BiancaGolden_CircleTurns,-154.4536,125.5520,200.3447,-12.8861,-22.9861,-46.3968,0.6853,-0.6292,-0.3667,0.9980,270,60.005154,0.4555,1.2555
BiancaGolden_CircleTurns,-154.0552,125.7994,200.3887,-12.3840,-22.4455,-46.0993,0.6761,-0.6354,-0.3729,0.9980,271,60.020309,0.4594,1.2580
BiancaGolden_CircleTurns,-153.4231,126.0134,200.3907,-12.6975,-22.2561,-46.4935,0.6754,-0.6378,-0.3702,0.9980,271,60.034386,0.4658,1.2601
BiancaGolden_CircleTurns,-152.9367,126.2798,200.3769,-13.1370,-22.1090,-46.6230,0.6763,-0.6129,-0.4086,0.9980,272,60.048527,0.4706,1.2628
BiancaGolden_CircleTurns,-152.3487,126.5196,200.3465,-13.2009,-21.9636,-46.6968,0.6945,-0.5669,-0.4431,0.9980,272,60.062737,0.4765,1.2652
BiancaGolden_CircleTurns,-151.8224,126.7050,200.3874,-13.1912,-22.1040,-46.5138,0.7045,-0.5579,-0.4386,0.9980,272,60.075966,0.4818,1.2670
BiancaGolden_CircleTurns,-151.3193,126.9152,200.3545,-12.8215,-21.9524,-46.3308,0.6896,-0.5478,-0.4736,0.9980,273,60.089352,0.4868,1.2692
BiancaGolden_CircleTurns,-150.6429,127.2510,200.3414,-13.1472,-22.5663,-47.0469,0.6879,-0.5486,-0.4752,0.9980,273,60.102783,0.4936,1.2725
BiancaGolden_CircleTurns,-150.1216,127.3467,200.2750,-13.0538,-22.6378,-47.1238,0.6836,-0.5509,-0.4788,0.9980,274,60.118122,0.4988,1.2735
BiancaGolden_CircleTurns,-149.5507,127.5582,200.2799,-12.4254,-22.8068,-47.3890,0.7002,-0.5341,-0.4737,0.9980,274,60.131577,0.5045,1.2756
BiancaGolden_CircleTurns,-148.9100,127.8477,200.1953,-12.2131,-22.9366,-47.6952,0.7127,-0.5714,-0.4069,0.9980,274,60.145443,0.5109,1.2785
BiancaGolden_CircleTurns,-148.3171,128.1101,200.1291,-12.0886,-23.3826,-47.6742,0.7119,-0.5926,-0.3768,0.9980,275,60.159580,0.5168,1.2811
BiancaGolden_CircleTurns,-147.6759,128.4761,200.0141,-11.9876,-24.0089,-47.3697,0.7107,-0.5864,-0.3887,0.9980,275,60.172466,0.5232,1.2848
BiancaGolden_CircleTurns,-147.1163,128.6928,199.9753,-11.9508,-24.6286,-46.9181,0.7072,-0.5845,-0.3977,0.9980,276,60.187645,0.5288,1.2869
BiancaGolden_CircleTurns,-146.4775,128.8786,199.9787,-11.9604,-25.1540,-46.5780,0.7085,-0.5813,-0.4001,0.9980,276,60.200829,0.5352,1.2888
BiancaGolden_CircleTurns,-145.8880,129.0278,200.0042,-11.5738,-25.2619,-46.3919,0.7082,-0.5860,-0.3938,0.9980,277,60.215858,0.5411,1.2903
BiancaGolden_CircleTurns,-145.2307,129.1831,199.9691,-11.2422,-25.2571,-46.2348,0.7086,-0.5880,-0.3900,0.9980,277,60.228832,0.5477,1.2918
BiancaGolden_CircleTurns,-144.6241,129.4098,199.9721,-10.7692,-25.3367,-45.8363,0.7109,-0.5849,-0.3904,0.9980,277,60.243038,0.5538,1.2941
BiancaGolden_CircleTurns,-144.0306,129.6080,199.9193,-10.3574,-25.2582,-45.2928,0.7131,-0.5838,-0.3883,0.9980,278,60.256813,0.5597,1.2961
BiancaGolden_CircleTurns,-143.4156,129.8409,199.9250,-10.2269,-25.2743,-45.0524,0.7150,-0.5797,-0.3908,0.9980,278,60.273079,0.5658,1.2984
BiancaGolden_CircleTurns,-142.8810,130.0012,199.8893,-9.9654,-25.2066,-44.8223,0.7189,-0.5755,-0.3898,0.9980,279,60.285709,0.5712,1.3000
BiancaGolden_CircleTurns,-142.3541,130.1793,199.8336,-9.6144,-25.1056,-44.4768,0.7092,-0.5843,-0.3945,0.9980,279,60.298340,0.5765,1.3018
BiancaGolden_CircleTurns,-141.8320,130.3574,199.8219,-9.4073,-25.1277,-44.1198,0.7103,-0.5832,-0.3941,0.9980,279,60.312546,0.5817,1.3036
BiancaGolden_CircleTurns,-141.3131,130.4982,199.8122,-9.1700,-25.0380,-43.8049,0.7135,-0.5808,-0.3919,0.9980,280,60.325661,0.5869,1.3050
BiancaGolden_CircleTurns,-140.8340,130.6116,199.8098,-8.9392,-24.8634,-43.5729,0.7293,-0.5353,-0.4261,0.9980,280,60.338890,0.5917,1.3061
BiancaGolden_CircleTurns,-140.3721,130.7351,199.8105,-8.5932,-24.7170,-43.3816,0.7386,-0.4625,-0.4904,0.9980,281,60.354374,0.5963,1.3074
BiancaGolden_CircleTurns,-139.9350,130.8706,199.7912,-8.1863,-24.5839,-43.1726,0.7393,-0.4633,-0.4887,0.9980,281,60.367867,0.6007,1.3087
BiancaGolden_CircleTurns,-139.4636,131.0360,199.7586,-7.9720,-24.3215,-43.0980,0.7365,-0.4261,-0.5254,0.9980,282,60.382545,0.6054,1.3104
BiancaGolden_CircleTurns,-139.1085,131.1102,199.8032,-7.5395,-24.3581,-42.9088,0.7214,-0.4049,-0.5618,0.9980,282,60.396244,0.6089,1.3111
BiancaGolden_CircleTurns,-138.7014,131.2664,199.7620,-7.1616,-24.2049,-42.8937,0.7169,-0.3790,-0.5851,0.9980,282,60.409889,0.6130,1.3127
BiancaGolden_CircleTurns,-138.3736,131.3981,199.7302,-6.9477,-24.0975,-42.7626,0.7154,-0.3621,-0.5976,0.9980,283,60.423878,0.6163,1.3140
BiancaGolden_CircleTurns,-138.0806,131.5830,199.7016,-6.8231,-24.1227,-42.7086,0.7153,-0.3608,-0.5984,0.9980,283,60.436703,0.6192,1.3158
BiancaGolden_CircleTurns,-137.8207,131.7521,199.6928,-6.7165,-24.1540,-42.6070,0.7154,-0.3403,-0.6102,0.9980,284,60.451637,0.6218,1.3175
BiancaGolden_CircleTurns,-137.5772,131.9277,199.7053,-6.7095,-24.2096,-42.4050,0.7136,-0.3369,-0.6142,0.9980,284,60.465237,0.6242,1.3193
BiancaGolden_CircleTurns,-137.3481,132.1056,199.7405,-6.7908,-24.3020,-42.2074,0.7097,-0.3262,-0.6244,0.9980,284,60.479271,0.6265,1.3211
BiancaGolden_CircleTurns,-137.1545,132.2632,199.7658,-6.8490,-24.3522,-41.9327,0.7112,-0.3225,-0.6247,0.9980,285,60.493320,0.6285,1.3226
BiancaGolden_CircleTurns,-137.0008,132.4346,199.7971,-6.9159,-24.3682,-41.6454,0.7112,-0.3215,-0.6251,0.9980,285,60.505848,0.6300,1.3243
BiancaGolden_CircleTurns,-136.8653,132.5819,199.8401,-6.9576,-24.3570,-41.3652,0.7121,-0.3227,-0.6235,0.9980,286,60.521240,0.6313,1.3258
BiancaGolden_CircleTurns,-136.7301,132.7252,199.8923,-7.0014,-24.2207,-41.1400,0.7150,-0.3205,-0.6214,0.9980,286,60.535423,0.6327,1.3273
BiancaGolden_CircleTurns,-136.6226,132.8533,199.9664,-6.9661,-24.0450,-40.8571,0.7156,-0.3250,-0.6183,0.9980,287,60.549225,0.6338,1.3285
BiancaGolden_CircleTurns,-136.5605,132.9960,200.0108,-6.9432,-23.7770,-40.4956,0.7153,-0.3262,-0.6180,0.9980,287,60.562958,0.6344,1.3300
BiancaGolden_CircleTurns,-136.4923,133.1532,200.0391,-6.9141,-23.5200,-40.2261,0.7169,-0.3275,-0.6155,0.9980,287,60.577278,0.6351,1.3315
BiancaGolden_CircleTurns,-136.4556,133.2938,200.0807,-6.8924,-23.2720,-39.9058,0.7192,-0.3214,-0.6160,0.9980,288,60.590931,0.6354,1.3329
BiancaGolden_CircleTurns,-136.4193,133.4505,200.0935,-6.8889,-22.9721,-39.4022,0.7217,-0.3168,-0.6155,0.9980,288,60.604111,0.6358,1.3345
BiancaGolden_CircleTurns,-136.4333,133.5693,200.1649,-6.8029,-22.8525,-38.8799,0.7256,-0.3151,-0.6117,0.9980,289,60.619156,0.6357,1.3357
BiancaGolden_CircleTurns,-136.4414,133.6731,200.1743,-6.5932,-22.5203,-38.5217,0.7269,-0.3125,-0.6116,0.9980,289,60.632557,0.6356,1.3367
BiancaGolden_CircleTurns,-136.4557,133.7625,200.1977,-6.6330,-22.2751,-38.2227,0.7238,-0.3164,-0.6132,0.9980,290,60.646744,0.6354,1.3376
BiancaGolden_CircleTurns,-136.4673,133.8368,200.2227,-6.6053,-21.9220,-37.9014,0.7229,-0.3187,-0.6130,0.9980,290,60.660873,0.6353,1.3384
BiancaGolden_CircleTurns,-136.5055,133.9073,200.2404,-6.7130,-21.6482,-37.6151,0.7166,-0.3256,-0.6169,0.9980,290,60.675190,0.6349,1.3391
BiancaGolden_CircleTurns,-136.5555,133.9721,200.2403,-6.8031,-21.4589,-37.3343,0.7159,-0.3294,-0.6156,0.9980,291,60.688679,0.6344,1.3397
BiancaGolden_CircleTurns,-136.6309,134.0205,200.2004,-6.7380,-21.2560,-37.0789,0.7177,-0.3261,-0.6153,0.9980,291,60.702225,0.6337,1.3402
BiancaGolden_CircleTurns,-136.7223,134.0487,200.1761,-6.6347,-21.2109,-36.7655,0.7189,-0.3214,-0.6164,0.9980,292,60.716511,0.6328,1.3405
BiancaGolden_CircleTurns,-136.7670,134.0905,200.1919,-6.6581,-21.2166,-36.4444,0.7479,-0.2735,-0.6049,0.9980,292,60.730495,0.6323,1.3409
BiancaGolden_CircleTurns,-136.8547,134.1318,200.2194,-6.8177,-21.2998,-36.0515,0.7823,-0.1999,-0.5899,0.9980,292,60.744579,0.6315,1.3413
BiancaGolden_CircleTurns,-136.9573,134.1686,200.2285,-6.9316,-21.3578,-35.6429,0.8043,-0.1575,-0.5729,0.9980,293,60.758587,0.6304,1.3417
BiancaGolden_CircleTurns,-137.0860,134.2052,200.2292,-7.0908,-21.4074,-35.2657,0.8152,-0.1339,-0.5635,0.9980,293,60.774521,0.6291,1.3421
BiancaGolden_CircleTurns,-137.2231,134.2181,200.2381,-7.1993,-21.4505,-34.9337,0.8156,-0.1292,-0.5640,0.9980,294,60.787327,0.6278,1.3422
BiancaGolden_CircleTurns,-137.3599,134.2033,200.2654,-7.3673,-21.5620,-34.6752,0.8153,-0.1299,-0.5642,0.9980,294,60.799648,0.6264,1.3420
BiancaGolden_CircleTurns,-137.4835,134.1707,200.3090,-7.4925,-21.6354,-34.4513,0.8163,-0.1270,-0.5634,0.9980,295,60.814365,0.6252,1.3417
BiancaGolden_CircleTurns,-137.6231,134.1452,200.3322,-7.6568,-21.6454,-34.2806,0.8151,-0.1360,-0.5632,0.9980,295,60.828098,0.6238,1.3415
BiancaGolden_CircleTurns,-137.7560,134.1157,200.4097,-7.9504,-21.6749,-34.3065,0.8161,-0.1407,-0.5605,0.9980,295,60.841873,0.6224,1.3412
BiancaGolden_CircleTurns,-137.9000,134.0669,200.4441,-8.2013,-21.5388,-34.4779,0.8104,-0.1710,-0.5604,0.9980,296,60.855427,0.6210,1.3407
BiancaGolden_CircleTurns,-138.1108,134.0527,200.4217,-8.3941,-21.4823,-34.6576,0.7970,-0.3064,-0.5206,0.9980,296,60.868645,0.6189,1.3405
BiancaGolden_CircleTurns,-138.2870,134.0298,200.3596,-8.2911,-21.4904,-34.8914,0.7555,-0.4202,-0.5027,0.9980,297,60.884098,0.6171,1.3403
BiancaGolden_CircleTurns,-138.5086,134.0534,200.2493,-8.2466,-21.4856,-35.0397,0.7028,-0.5081,-0.4978,0.9980,297,60.898262,0.6149,1.3405
BiancaGolden_CircleTurns,-138.6973,134.1085,200.1840,-8.2217,-21.5836,-35.3099,0.6584,-0.5796,-0.4802,0.9980,297,60.911835,0.6130,1.3411
BiancaGolden_CircleTurns,-138.9096,134.1572,200.1066,-8.0893,-21.6405,-35.5330,0.6551,-0.5826,-0.4811,0.9980,298,60.925644,0.6109,1.3416
BiancaGolden_CircleTurns,-139.0897,134.2355,200.0320,-7.9745,-21.7107,-35.8063,0.6450,-0.5922,-0.4830,0.9980,298,60.938732,0.6091,1.3424
BiancaGolden_CircleTurns,-139.2774,134.3123,199.9192,-8.0027,-21.7699,-36.0383,0.6419,-0.5962,-0.4822,0.9980,299,60.953590,0.6072,1.3431
BiancaGolden_CircleTurns,-139.4736,134.4563,199.8032,-8.0252,-21.8842,-36.3456,0.6388,-0.5985,-0.4834,0.9980,299,60.967182,0.6053,1.3446
BiancaGolden_CircleTurns,-139.6598,134.5569,199.6857,-8.0166,-21.9651,-36.5883,0.6366,-0.6010,-0.4833,0.9980,300,60.981705,0.6034,1.3456
BiancaGolden_CircleTurns,-139.8277,134.7292,199.5641,-8.1534,-22.0745,-36.8426,0.6331,-0.6016,-0.4872,0.9980,300,60.995461,0.6017,1.3473
BiancaGolden_CircleTurns,-139.9552,134.9082,199.4707,-8.4946,-22.3065,-37.0643,0.6291,-0.6021,-0.4917,0.9980,300,61.009350,0.6004,1.3491
BiancaGolden_CircleTurns,-140.0825,135.0925,199.4385,-8.7221,-22.5834,-37.2811,0.6277,-0.6022,-0.4932,0.9980,301,61.023430,0.5992,1.3509
BiancaGolden_CircleTurns,-140.2317,135.2502,199.3829,-8.7038,-22.7067,-37.4950,0.6236,-0.6041,-0.4962,0.9980,301,61.036285,0.5977,1.3525
BiancaGolden_CircleTurns,-140.3655,135.4796,199.3259,-8.6126,-22.9170,-37.7859,0.6243,-0.6023,-0.4975,0.9980,302,61.050957,0.5963,1.3548
BiancaGolden_CircleTurns,-140.4687,135.7444,199.2975,-8.5274,-23.0869,-38.0108,0.6218,-0.6034,-0.4993,0.9980,302,61.065006,0.5953,1.3574
BiancaGolden_CircleTurns,-140.5502,136.0208,199.3135,-8.5067,-23.2124,-38.1656,0.6257,-0.5998,-0.4988,0.9980,302,61.079205,0.5945,1.3602
BiancaGolden_CircleTurns,-140.6141,136.2805,199.3389,-8.4944,-23.2348,-38.3911,0.6283,-0.6034,-0.4910,0.9980,303,61.092617,0.5939,1.3628
BiancaGolden_CircleTurns,-140.6518,136.5026,199.3974,-8.3555,-23.1291,-38.5945,0.6264,-0.6074,-0.4886,0.9980,303,61.106327,0.5935,1.3650
BiancaGolden_CircleTurns,-140.6811,136.7238,199.4586,-8.1877,-22.9809,-38.8569,0.6255,-0.6125,-0.4834,0.9980,304,61.121059,0.5932,1.3672
BiancaGolden_CircleTurns,-140.7079,136.9311,199.5366,-8.0612,-22.7948,-39.1590,0.6335,-0.6121,-0.4733,0.9980,304,61.134647,0.5929,1.3693
BiancaGolden_CircleTurns,-140.7047,137.1422,199.6246,-8.0461,-22.6979,-39.4919,0.6321,-0.6170,-0.4688,0.9980,305,61.149078,0.5930,1.3714
BiancaGolden_CircleTurns,-140.7031,137.3460,199.7246,-8.0927,-22.6184,-39.8994,0.6284,-0.6223,-0.4668,0.9980,305,61.162479,0.5930,1.3735
BiancaGolden_CircleTurns,-140.6963,137.5450,199.8176,-8.0898,-22.4875,-40.3179,0.6308,-0.6240,-0.4613,0.9980,305,61.178143,0.5930,1.3754
BiancaGolden_CircleTurns,-140.6583,137.7348,199.9172,-8.0128,-22.1927,-40.8446,0.6265,-0.6321,-0.4560,0.9980,306,61.191292,0.5934,1.3773
BiancaGolden_CircleTurns,-140.6114,137.9241,200.0175,-7.8991,-21.8555,-41.4094,0.6274,-0.6343,-0.4516,0.9980,306,61.204746,0.5939,1.3792
BiancaGolden_CircleTurns,-140.5631,138.1158,200.1134,-7.8076,-21.4982,-41.9711,0.6225,-0.6423,-0.4472,0.9980,307,61.218781,0.5944,1.3812
BiancaGolden_CircleTurns,-140.5044,138.3251,200.1947,-7.6791,-21.2025,-42.5936,0.6228,-0.6396,-0.4506,0.9980,307,61.232185,0.5950,1.3833
BiancaGolden_CircleTurns,-140.4227,138.5116,200.2977,-7.5812,-20.9468,-43.1927,0.6176,-0.6478,-0.4461,0.9980,307,61.246479,0.5958,1.3851
BiancaGolden_CircleTurns,-140.3444,138.7118,200.3917,-7.5232,-20.6609,-43.7946,0.6024,-0.6643,-0.4425,0.9980,308,61.260841,0.5966,1.3871
BiancaGolden_CircleTurns,-140.2764,138.9558,200.4117,-7.3154,-20.4056,-44.4749,0.5957,-0.6742,-0.4367,0.9980,308,61.276554,0.5972,1.3896
BiancaGolden_CircleTurns,-140.2136,139.1566,200.3834,-6.8847,-20.0570,-45.1744,0.5878,-0.6846,-0.4312,0.9980,309,61.288387,0.5979,1.3916
BiancaGolden_CircleTurns,-140.1047,139.3620,200.4334,-6.5206,-19.7264,-45.9558,0.5417,-0.7326,-0.4121,0.9980,309,61.301266,0.5990,1.3936
BiancaGolden_CircleTurns,-139.9793,139.5637,200.5213,-6.3696,-19.4858,-46.6707,0.5275,-0.7565,-0.3866,0.9980,310,61.316219,0.6002,1.3956
BiancaGolden_CircleTurns,-139.8346,139.7774,200.6416,-6.3111,-19.3544,-47.3763,0.5205,-0.7573,-0.3944,0.9980,310,61.328876,0.6017,1.3978
BiancaGolden_CircleTurns,-139.6774,139.9846,200.7781,-6.3281,-19.3010,-47.9966,0.5121,-0.7627,-0.3950,0.9980,310,61.343235,0.6032,1.3998
BiancaGolden_CircleTurns,-139.4985,140.2000,200.9436,-6.4848,-19.3568,-48.6311,0.5156,-0.7615,-0.3929,0.9980,311,61.356861,0.6050,1.4020
BiancaGolden_CircleTurns,-139.3053,140.4164,201.0704,-6.6642,-19.2548,-49.2801,0.5073,-0.7689,-0.3892,0.9980,311,61.369976,0.6069,1.4042
BiancaGolden_CircleTurns,-139.1055,140.6180,201.1725,-6.7158,-19.0223,-49.9792,0.5085,-0.7705,-0.3845,0.9980,312,61.385220,0.6089,1.4062
BiancaGolden_CircleTurns,-138.8913,140.7929,201.2738,-6.7133,-18.5898,-50.6763,0.5207,-0.7661,-0.3768,0.9980,312,61.398724,0.6111,1.4079
BiancaGolden_CircleTurns,-138.6708,140.9711,201.3706,-6.6267,-18.0399,-51.3838,0.5137,-0.7752,-0.3677,0.9980,312,61.413147,0.6133,1.4097
BiancaGolden_CircleTurns,-138.4721,141.1440,201.4426,-6.4399,-17.4922,-52.0601,0.5176,-0.7725,-0.3678,0.9980,313,61.426498,0.6153,1.4114
BiancaGolden_CircleTurns,-138.2952,141.3128,201.4948,-6.2130,-16.9911,-52.7241,0.5100,-0.7804,-0.3617,0.9980,313,61.439590,0.6170,1.4131
BiancaGolden_CircleTurns,-138.1088,141.4752,201.5861,-6.0995,-16.6231,-53.3847,0.5058,-0.7851,-0.3575,0.9980,314,61.454926,0.6189,1.4148
BiancaGolden_CircleTurns,-137.9098,141.6360,201.6747,-6.1458,-16.2424,-54.1159,0.5121,-0.7719,-0.3767,0.9980,314,61.469299,0.6209,1.4164
BiancaGolden_CircleTurns,-137.6987,141.7752,201.7669,-6.1944,-15.9990,-54.8676,0.5155,-0.7716,-0.3727,0.9980,315,61.482899,0.6230,1.4178
BiancaGolden_CircleTurns,-137.5124,141.8842,201.8667,-6.1023,-15.6895,-55.5915,0.5060,-0.7811,-0.3659,0.9980,315,61.496540,0.6249,1.4188
BiancaGolden_CircleTurns,-137.3363,141.9776,201.9090,-6.0699,-15.2676,-56.4013,0.4953,-0.7905,-0.3603,0.9980,315,61.510548,0.6266,1.4198
BiancaGolden_CircleTurns,-137.1916,142.0594,201.9644,-5.9842,-14.8988,-57.2225,0.5064,-0.7764,-0.3752,0.9980,316,61.524139,0.6281,1.4206
BiancaGolden_CircleTurns,-137.0371,142.1417,201.9804,-5.8785,-14.6084,-58.1570,0.4932,-0.7850,-0.3748,0.9980,316,61.537163,0.6296,1.4214
BiancaGolden_CircleTurns,-136.9494,142.2031,201.9686,-5.5846,-14.3347,-59.1210,0.4621,-0.8052,-0.3716,0.9980,317,61.552349,0.6305,1.4220
BiancaGolden_CircleTurns,-136.8850,142.2395,201.9254,-5.1522,-14.0144,-60.0919,0.4483,-0.8147,-0.3679,0.9980,317,61.566277,0.6311,1.4224
BiancaGolden_CircleTurns,-136.8228,142.2582,201.8922,-4.7043,-13.7896,-61.0516,0.3944,-0.8486,-0.3525,0.9980,318,61.580864,0.6318,1.4226
BiancaGolden_CircleTurns,-136.7815,142.2514,201.8751,-4.2226,-13.5800,-61.9877,0.3807,-0.8563,-0.3490,0.9980,318,61.593788,0.6322,1.4225
BiancaGolden_CircleTurns,-136.7736,142.2159,201.8766,-3.6924,-13.3925,-62.8811,0.3731,-0.8583,-0.3522,0.9980,318,61.608429,0.6323,1.4222
BiancaGolden_CircleTurns,-136.7974,142.1482,201.8938,-3.2019,-13.2900,-63.7404,0.3730,-0.8566,-0.3564,0.9980,319,61.621647,0.6320,1.4215
BiancaGolden_CircleTurns,-136.8433,142.0681,201.9066,-2.8416,-13.2672,-64.6228,0.3627,-0.8577,-0.3644,0.9980,319,61.634777,0.6316,1.4207
BiancaGolden_CircleTurns,-136.9110,141.9552,201.9133,-2.5823,-13.3006,-65.5393,0.3671,-0.8535,-0.3698,0.9980,320,61.649960,0.6309,1.4196
BiancaGolden_CircleTurns,-136.9937,141.8292,201.9227,-2.3103,-13.3180,-66.4444,0.3683,-0.8521,-0.3719,0.9980,320,61.664223,0.6301,1.4183
BiancaGolden_CircleTurns,-137.1222,141.6443,201.9799,-2.0636,-13.4465,-67.2995,0.3550,-0.8574,-0.3727,0.9980,320,61.677776,0.6288,1.4164
BiancaGolden_CircleTurns,-137.2746,141.4451,202.0264,-1.8780,-13.5176,-68.1493,0.3422,-0.8628,-0.3722,0.9980,321,61.691463,0.6273,1.4145
BiancaGolden_CircleTurns,-137.4085,141.2542,202.0485,-1.7422,-13.5289,-68.9762,0.3298,-0.8674,-0.3726,0.9980,321,61.705067,0.6259,1.4125
BiancaGolden_CircleTurns,-137.5813,141.0201,202.0780,-1.5708,-13.5241,-69.7732,0.2494,-0.9034,-0.3488,0.9980,322,61.720081,0.6242,1.4102
BiancaGolden_CircleTurns,-137.7400,140.7440,202.1055,-1.3887,-13.5077,-70.3283,0.1985,-0.9204,-0.3367,0.9980,322,61.734241,0.6226,1.4074
BiancaGolden_CircleTurns,-137.9002,140.4876,202.1135,-1.2157,-13.4116,-70.6449,0.2023,-0.9214,-0.3318,0.9980,323,61.747360,0.6210,1.4049
BiancaGolden_CircleTurns,-138.0569,140.1642,202.1585,-1.0093,-13.3549,-70.8727,0.2016,-0.9219,-0.3307,0.9980,323,61.761406,0.6194,1.4016
BiancaGolden_CircleTurns,-138.2215,139.8585,202.1923,-1.0317,-13.2866,-70.9749,0.2034,-0.9219,-0.3298,0.9980,323,61.778900,0.6178,1.3986
BiancaGolden_CircleTurns,-138.4333,139.5516,202.2139,-1.0456,-13.2318,-70.8240,0.2469,-0.9117,-0.3284,0.9980,324,61.788841,0.6157,1.3955
BiancaGolden_CircleTurns,-138.5863,139.2072,202.1837,-0.9289,-13.1433,-70.2843,0.2625,-0.9079,-0.3269,0.9980,324,61.801456,0.6141,1.3921
BiancaGolden_CircleTurns,-138.7002,138.9012,202.1652,-0.8032,-13.0570,-69.4391,0.2918,-0.8985,-0.3280,0.9980,325,61.817333,0.6130,1.3890
BiancaGolden_CircleTurns,-138.8187,138.5723,202.1564,-0.8719,-13.0775,-68.1064,0.3697,-0.8711,-0.3234,0.9980,325,61.830330,0.6118,1.3857
BiancaGolden_CircleTurns,-138.9362,138.2333,202.1066,-1.2251,-13.0035,-66.7245,0.3907,-0.8607,-0.3265,0.9980,325,61.844589,0.6106,1.3823
BiancaGolden_CircleTurns,-139.0847,137.9130,202.0630,-1.8331,-13.1912,-65.3675,0.5257,-0.7831,-0.3324,0.9980,326,61.858063,0.6092,1.3791
BiancaGolden_CircleTurns,-139.2310,137.5769,201.9698,-2.2993,-13.3461,-64.0513,0.5448,-0.7692,-0.3339,0.9980,326,61.871223,0.6077,1.3758
BiancaGolden_CircleTurns,-139.4266,137.2179,201.8887,-2.8297,-13.5135,-62.6849,0.6340,-0.7002,-0.3282,0.9980,327,61.886127,0.6057,1.3722
BiancaGolden_CircleTurns,-139.6384,136.8259,201.8317,-3.4524,-13.5796,-61.4688,0.6938,-0.6457,-0.3190,0.9980,327,61.899986,0.6036,1.3683
BiancaGolden_CircleTurns,-139.8745,136.3927,201.7980,-3.9431,-13.5972,-60.2888,0.7078,-0.6331,-0.3134,0.9980,328,61.915173,0.6013,1.3639
BiancaGolden_CircleTurns,-140.1279,135.9208,201.7840,-4.4402,-13.5848,-59.1237,0.7214,-0.6188,-0.3109,0.9980,328,61.927837,0.5987,1.3592
BiancaGolden_CircleTurns,-140.3780,135.4636,201.7264,-4.8663,-13.5557,-57.9620,0.7236,-0.6160,-0.3114,0.9980,328,61.942223,0.5962,1.3546
BiancaGolden_CircleTurns,-140.6614,134.9873,201.6720,-5.3087,-13.5767,-56.8329,0.7229,-0.6113,-0.3221,0.9980,329,61.956165,0.5934,1.3499
BiancaGolden_CircleTurns,-140.9903,134.4795,201.6103,-5.7483,-13.4874,-55.7729,0.7343,-0.5998,-0.3179,0.9980,329,61.968784,0.5901,1.3448
BiancaGolden_CircleTurns,-141.3314,133.9343,201.5824,-6.1880,-13.3469,-54.8265,0.7287,-0.6074,-0.3163,0.9980,330,61.983891,0.5867,1.3393
BiancaGolden_CircleTurns,-141.6866,133.3701,201.5704,-6.5673,-13.1235,-54.0915,0.7212,-0.6245,-0.2998,0.9980,330,61.997734,0.5831,1.3337
BiancaGolden_CircleTurns,-142.1181,132.7802,201.5367,-6.7738,-12.7010,-53.5325,0.7153,-0.6338,-0.2943,0.9980,330,62.012104,0.5788,1.3278
BiancaGolden_CircleTurns,-142.5887,132.1552,201.4969,-6.9077,-12.3139,-53.1720,0.7041,-0.6486,-0.2889,0.9980,331,62.025585,0.5741,1.3216
BiancaGolden_CircleTurns,-143.1340,131.5031,201.5039,-6.9693,-11.8921,-53.0333,0.7055,-0.6498,-0.2830,0.9980,331,62.038742,0.5687,1.3150
BiancaGolden_CircleTurns,-143.7650,130.7941,201.5849,-6.9606,-11.5330,-53.0100,0.6789,-0.6746,-0.2898,0.9980,332,62.053860,0.5624,1.3079
BiancaGolden_CircleTurns,-144.4309,130.0621,201.6135,-6.8691,-11.0248,-53.5391,0.6574,-0.6920,-0.2984,0.9980,332,62.068130,0.5557,1.3006
BiancaGolden_CircleTurns,-145.1688,129.3566,201.5703,-6.8801,-10.6434,-54.3080,0.6487,-0.7018,-0.2944,0.9980,333,62.081795,0.5483,1.2936
BiancaGolden_CircleTurns,-145.9342,128.6572,201.4933,-6.8798,-10.4035,-55.0800,0.6199,-0.7260,-0.2976,0.9980,333,62.095654,0.5407,1.2866
BiancaGolden_CircleTurns,-146.7482,127.9423,201.4007,-6.7301,-10.3781,-56.1327,0.6072,-0.7358,-0.2998,0.9980,333,62.110245,0.5325,1.2794
BiancaGolden_CircleTurns,-147.5764,127.2111,201.4057,-6.9193,-10.4800,-57.0518,0.5921,-0.7437,-0.3105,0.9980,334,62.123848,0.5242,1.2721
BiancaGolden_CircleTurns,-148.4778,126.5183,201.5097,-7.0236,-10.6311,-58.2312,0.5751,-0.7569,-0.3105,0.9980,334,62.136108,0.5152,1.2652
BiancaGolden_CircleTurns,-149.3706,125.7836,201.4876,-7.2025,-10.6507,-59.5556,0.5572,-0.7648,-0.3235,0.9980,335,62.151096,0.5063,1.2578
BiancaGolden_CircleTurns,-150.3028,125.1244,201.4332,-6.9528,-10.6768,-60.9176,0.4591,-0.8330,-0.3088,0.9980,335,62.165321,0.4970,1.2512
BiancaGolden_CircleTurns,-151.1614,124.4888,201.4269,-6.3762,-10.6131,-62.2305,0.3809,-0.8888,-0.2549,0.9980,335,62.179768,0.4884,1.2449
BiancaGolden_CircleTurns,-152.0223,123.8913,201.4854,-5.7258,-10.6021,-63.2093,0.3679,-0.8945,-0.2539,0.9980,336,62.193439,0.4798,1.2389
BiancaGolden_CircleTurns,-152.8275,123.3535,201.5222,-5.1853,-10.5791,-64.0121,0.3553,-0.8998,-0.2531,0.9980,336,62.206680,0.4717,1.2335
BiancaGolden_CircleTurns,-153.6576,122.8027,201.5070,-4.7732,-10.5520,-64.7905,0.3639,-0.8964,-0.2529,0.9980,337,62.220882,0.4634,1.2280
BiancaGolden_CircleTurns,-154.4521,122.3298,201.4559,-4.4190,-10.6536,-65.5818,0.3637,-0.8943,-0.2608,0.9980,337,62.235256,0.4555,1.2233
BiancaGolden_CircleTurns,-155.2194,121.9003,201.3395,-4.1182,-10.6318,-66.3296,0.3656,-0.8887,-0.2766,0.9980,338,62.248356,0.4478,1.2190
BiancaGolden_CircleTurns,-155.9544,121.4548,201.3164,-3.7776,-10.6774,-66.9773,0.3900,-0.8785,-0.2758,0.9980,338,62.262886,0.4405,1.2145
BiancaGolden_CircleTurns,-156.6073,121.0321,201.3608,-3.6523,-10.7674,-67.5728,0.3821,-0.8814,-0.2778,0.9980,339,62.280724,0.4339,1.2103
BiancaGolden_CircleTurns,-157.2522,120.6000,201.4299,-3.6418,-10.8858,-68.0719,0.3996,-0.8720,-0.2826,0.9980,339,62.290550,0.4275,1.2060
BiancaGolden_CircleTurns,-157.8256,120.1781,201.5489,-3.7819,-10.9397,-68.3995,0.3948,-0.8737,-0.2841,0.9980,339,62.307041,0.4217,1.2018
BiancaGolden_CircleTurns,-158.3928,119.7747,201.6448,-3.8146,-11.0301,-68.7089,0.4346,-0.8557,-0.2808,0.9980,340,62.320557,0.4161,1.1977
BiancaGolden_CircleTurns,-158.9047,119.3671,201.6837,-3.9436,-11.0095,-68.8584,0.4351,-0.8548,-0.2831,0.9980,340,62.331703,0.4110,1.1937
BiancaGolden_CircleTurns,-159.3799,118.9753,201.7724,-4.0506,-11.1809,-68.8760,0.3603,-0.8956,-0.2611,0.9980,341,62.346725,0.4062,1.1898
BiancaGolden_CircleTurns,-159.8192,118.5158,201.9135,-4.2219,-11.1549,-68.9365,0.3601,-0.8959,-0.2603,0.9980,341,62.360802,0.4018,1.1852
BiancaGolden_CircleTurns,-160.2531,118.0782,202.0830,-4.5513,-11.1109,-68.9756,0.3100,-0.9140,-0.2618,0.9980,341,62.374115,0.3975,1.1808
BiancaGolden_CircleTurns,-160.6207,117.6481,202.2383,-4.8458,-11.0215,-68.9418,0.3153,-0.9130,-0.2588,0.9980,342,62.387287,0.3938,1.1765
BiancaGolden_CircleTurns,-160.9914,117.2050,202.3746,-4.9077,-10.8422,-68.6365,0.3039,-0.9214,-0.2422,0.9980,342,62.401031,0.3901,1.1721
BiancaGolden_CircleTurns,-161.3480,116.7569,202.4783,-5.0288,-10.6164,-68.3092,0.3116,-0.9205,-0.2357,0.9980,343,62.415516,0.3865,1.1676
BiancaGolden_CircleTurns,-161.6661,116.2537,202.6146,-5.1916,-10.2841,-67.9275,0.3168,-0.9193,-0.2334,0.9980,343,62.428562,0.3833,1.1625
BiancaGolden_CircleTurns,-161.9683,115.7953,202.7371,-5.4342,-9.7273,-67.6571,0.3252,-0.9181,-0.2264,0.9980,343,62.443558,0.3803,1.1580
BiancaGolden_CircleTurns,-162.3285,115.2208,202.9794,-5.2388,-9.3590,-67.2370,0.3280,-0.9208,-0.2111,0.9980,344,62.456871,0.3767,1.1522
BiancaGolden_CircleTurns,-162.6362,114.7303,203.0124,-5.4467,-8.3298,-67.1413,0.3179,-0.9264,-0.2017,0.9980,344,62.469494,0.3736,1.1473
BiancaGolden_CircleTurns,-162.9927,114.1811,203.1469,-5.6622,-7.9786,-67.1566,0.3173,-0.9278,-0.1963,0.9980,345,62.484581,0.3701,1.1418
BiancaGolden_CircleTurns,-163.3142,113.6617,203.1934,-5.6887,-7.6542,-67.1944,0.3167,-0.9289,-0.1919,0.9980,345,62.498516,0.3669,1.1366
BiancaGolden_CircleTurns,-163.6198,113.1208,203.2113,-5.8035,-7.3881,-67.2557,0.2465,-0.9507,-0.1880,0.9980,346,62.513382,0.3638,1.1312
BiancaGolden_CircleTurns,-163.9083,112.5496,203.2436,-5.8010,-7.1764,-67.4773,0.2401,-0.9529,-0.1855,0.9980,346,62.525738,0.3609,1.1255
BiancaGolden_CircleTurns,-164.2012,111.9495,203.2940,-5.8800,-7.0170,-67.8785,0.1778,-0.9693,-0.1701,0.9980,346,62.540352,0.3580,1.1195
BiancaGolden_CircleTurns,-164.4954,111.3183,203.3516,-5.9901,-6.8320,-68.4444,0.1034,-0.9865,-0.1273,0.9980,347,62.553719,0.3550,1.1132
BiancaGolden_CircleTurns,-164.8042,110.6534,203.3547,-6.0135,-6.6442,-69.2104,0.0621,-0.9915,-0.1141,0.9980,347,62.567299,0.3520,1.1065
BiancaGolden_CircleTurns,-165.0612,109.9912,203.3280,-5.8616,-6.5535,-70.0367,0.0500,-0.9925,-0.1118,0.9980,348,62.582481,0.3494,1.0999
BiancaGolden_CircleTurns,-165.3108,109.3391,203.2723,-5.6723,-6.4677,-70.7403,0.0492,-0.9927,-0.1098,0.9980,348,62.595215,0.3469,1.0934
BiancaGolden_CircleTurns,-165.5252,108.6723,203.2364,-5.5834,-6.3875,-71.6064,0.0307,-0.9938,-0.1066,0.9980,348,62.609943,0.3447,1.0867
BiancaGolden_CircleTurns,-165.7496,107.9425,203.1958,-5.4286,-6.2522,-72.6108,0.0122,-0.9943,-0.1055,0.9980,349,62.623146,0.3425,1.0794
BiancaGolden_CircleTurns,-165.9748,107.1959,203.1607,-5.2609,-6.1629,-73.6887,0.0137,-0.9927,-0.1202,0.9980,349,62.636093,0.3403,1.0720
BiancaGolden_CircleTurns,-166.1611,106.4533,203.1200,-5.1958,-6.1757,-74.8477,0.0075,-0.9909,-0.1342,0.9980,350,62.651329,0.3384,1.0645
BiancaGolden_CircleTurns,-166.3375,105.6990,203.0213,-5.0714,-6.1502,-76.0136,0.0070,-0.9898,-0.1422,0.9980,350,62.664913,0.3366,1.0570
BiancaGolden_CircleTurns,-166.5087,104.9398,202.9043,-4.9769,-6.1341,-77.2108,0.0006,-0.9896,-0.1436,0.9980,350,62.678532,0.3349,1.0494
BiancaGolden_CircleTurns,-166.6387,104.1481,202.7676,-4.9663,-6.0751,-78.5846,-0.0241,-0.9894,-0.1432,0.9980,351,62.692070,0.3336,1.0415
BiancaGolden_CircleTurns,-166.7662,103.3517,202.6202,-4.9175,-6.0577,-79.9769,-0.0340,-0.9891,-0.1430,0.9980,351,62.704964,0.3323,1.0335
BiancaGolden_CircleTurns,-166.9059,102.5447,202.4805,-4.8556,-6.1224,-81.4920,-0.0443,-0.9883,-0.1459,0.9980,352,62.720272,0.3309,1.0254
BiancaGolden_CircleTurns,-167.0802,101.7076,202.3866,-4.9737,-6.2958,-83.4854,-0.0798,-0.9855,-0.1495,0.9980,352,62.733753,0.3292,1.0171
BiancaGolden_CircleTurns,-167.2870,100.8930,202.2754,-5.0243,-6.3761,-85.4979,-0.1218,-0.9810,-0.1507,0.9980,353,62.748661,0.3271,1.0089
BiancaGolden_CircleTurns,-167.5061,100.1056,202.1138,-4.9118,-6.3851,-88.0083,-0.2642,-0.9520,-0.1543,0.9980,353,62.762833,0.3249,1.0011
BiancaGolden_CircleTurns,-167.7958,99.2615,202.0114,-4.4347,-6.2994,-90.3414,-0.3057,-0.9408,-0.1463,0.9980,353,62.779289,0.3220,0.9926
BiancaGolden_CircleTurns,-168.0253,98.4254,201.8825,-3.6460,-6.0345,-92.8144,-0.3430,-0.9287,-0.1412,0.9980,354,62.790504,0.3197,0.9843
BiancaGolden_CircleTurns,-168.1729,97.6488,201.7695,-2.7575,-5.9653,-95.0534,-0.3538,-0.9276,-0.1199,0.9980,354,62.802746,0.3183,0.9765
BiancaGolden_CircleTurns,-168.2044,96.8384,201.6795,-1.7653,-5.8466,-96.9993,-0.3513,-0.9291,-0.1151,0.9980,355,62.818428,0.3180,0.9684
BiancaGolden_CircleTurns,-168.1861,96.0311,201.6473,-0.8492,-5.7513,-98.6303,-0.3284,-0.9352,-0.1328,0.9980,355,62.831993,0.3181,0.9603
BiancaGolden_CircleTurns,-168.0482,95.1483,201.7456,-0.4009,-5.7505,-99.8775,-0.2989,-0.9453,-0.1303,0.9980,356,62.846630,0.3195,0.9515
BiancaGolden_CircleTurns,-167.8942,94.3351,201.7801,-0.3302,-5.5648,-101.1570,-0.3159,-0.9403,-0.1270,0.9980,356,62.860538,0.3211,0.9434
BiancaGolden_CircleTurns,-167.7365,93.5242,201.6645,-0.0751,-5.4222,-102.1921,-0.2976,-0.9444,-0.1397,0.9980,356,62.874783,0.3226,0.9352
BiancaGolden_CircleTurns,-167.5558,92.6869,201.5150,0.3577,-5.2982,-103.2724,-0.2731,-0.9519,-0.1387,0.9980,357,62.888264,0.3244,0.9269
BiancaGolden_CircleTurns,-167.4246,91.8225,201.5021,0.8973,-5.0661,-104.0135,-0.2589,-0.9541,-0.1506,0.9980,357,62.901871,0.3258,0.9182
BiancaGolden_CircleTurns,-167.1354,90.9679,201.6021,0.8943,-5.0458,-104.7606,-0.2398,-0.9589,-0.1520,0.9980,358,62.916946,0.3286,0.9097
BiancaGolden_CircleTurns,-166.9093,90.1170,201.6405,0.9099,-5.0133,-105.4385,-0.2473,-0.9566,-0.1541,0.9980,358,62.930847,0.3309,0.9012
BiancaGolden_CircleTurns,-166.7042,89.2802,201.6709,1.1398,-5.1279,-105.8801,-0.2557,-0.9536,-0.1587,0.9980,358,62.945244,0.3330,0.8928
BiancaGolden_CircleTurns,-166.4920,88.4452,201.7437,1.2538,-5.3634,-106.3856,-0.3333,-0.9254,-0.1806,0.9980,359,62.958923,0.3351,0.8845
BiancaGolden_CircleTurns,-166.2593,87.6262,201.8714,1.2980,-5.6821,-106.8420,-0.3513,-0.9167,-0.1902,0.9980,359,62.972118,0.3374,0.8763
BiancaGolden_CircleTurns,-166.0346,86.8237,202.0273,1.2491,-6.0307,-107.1763,-0.3542,-0.9126,-0.2043,0.9980,360,62.986988,0.3397,0.8682
BiancaGolden_CircleTurns,-165.8328,86.0276,202.2275,1.0569,-6.4423,-107.4915,-0.3387,-0.9168,-0.2117,0.9980,360,63.000778,0.3417,0.8603
BiancaGolden_CircleTurns,-165.6509,85.2556,202.4744,0.7795,-6.8555,-107.8004,-0.3392,-0.9132,-0.2259,0.9980,361,63.015282,0.3435,0.8526
BiancaGolden_CircleTurns,-165.4992,84.4884,202.6688,0.6117,-7.0970,-108.0996,-0.3442,-0.9112,-0.2264,0.9980,361,63.029274,0.3450,0.8449
BiancaGolden_CircleTurns,-165.3675,83.7389,202.8352,0.5225,-7.1211,-108.4238,-0.3416,-0.9128,-0.2240,0.9980,361,63.043350,0.3463,0.8374
BiancaGolden_CircleTurns,-165.2444,82.9779,203.0065,0.5982,-7.1111,-108.7919,-0.3467,-0.9125,-0.2169,0.9980,362,63.057018,0.3476,0.8298
BiancaGolden_CircleTurns,-165.1584,82.1980,203.1757,0.6880,-6.7605,-109.1094,-0.3447,-0.9169,-0.2014,0.9980,362,63.070244,0.3484,0.8220
BiancaGolden_CircleTurns,-165.0630,81.4091,203.4098,0.5547,-6.3990,-109.4248,-0.3463,-0.9175,-0.1959,0.9980,363,63.085526,0.3494,0.8141
BiancaGolden_CircleTurns,-165.0037,80.6511,203.6505,0.3925,-6.1853,-109.6578,-0.3492,-0.9169,-0.1931,0.9980,363,63.098804,0.3500,0.8065
BiancaGolden_CircleTurns,-164.9676,79.9022,203.8374,0.3291,-6.0099,-109.8264,-0.3504,-0.9167,-0.1919,0.9980,364,63.113338,0.3503,0.7990
BiancaGolden_CircleTurns,-164.9522,79.1848,203.9709,0.4169,-5.9443,-109.9442,-0.3456,-0.9173,-0.1977,0.9980,364,63.127201,0.3505,0.7918
BiancaGolden_CircleTurns,-164.9386,78.4573,204.0515,0.5148,-5.9398,-110.0124,-0.3322,-0.9212,-0.2028,0.9980,364,63.141068,0.3506,0.7846
BiancaGolden_CircleTurns,-164.9461,77.7235,204.1368,0.5848,-5.9803,-110.0650,-0.3276,-0.9220,-0.2063,0.9980,365,63.154671,0.3505,0.7772
BiancaGolden_CircleTurns,-164.9624,76.9972,204.1943,0.5137,-6.0389,-110.0790,-0.3207,-0.9206,-0.2227,0.9980,365,63.167809,0.3504,0.7700
BiancaGolden_CircleTurns,-164.9939,76.2610,204.2008,0.4084,-6.0765,-110.0600,-0.3172,-0.9217,-0.2234,0.9980,366,63.182964,0.3501,0.7626
BiancaGolden_CircleTurns,-165.0391,75.5400,204.1628,0.3046,-6.1191,-109.9780,-0.3143,-0.9225,-0.2243,0.9980,366,63.197021,0.3496,0.7554
BiancaGolden_CircleTurns,-165.1058,74.8060,204.1108,0.2345,-6.1641,-109.8332,-0.3068,-0.9265,-0.2178,0.9980,366,63.211060,0.3489,0.7481
BiancaGolden_CircleTurns,-165.1970,74.0770,204.0426,0.1357,-6.2571,-109.5734,-0.3020,-0.9282,-0.2176,0.9980,367,63.225094,0.3480,0.7408
BiancaGolden_CircleTurns,-165.2759,73.3237,203.9762,-0.0713,-6.3851,-109.2830,-0.2956,-0.9293,-0.2214,0.9980,367,63.238075,0.3472,0.7332
BiancaGolden_CircleTurns,-165.3774,72.5735,203.8948,-0.4316,-6.5814,-108.9163,-0.2896,-0.9288,-0.2311,0.9980,368,63.252937,0.3462,0.7257
BiancaGolden_CircleTurns,-165.4674,71.8213,203.7550,-0.9690,-6.8464,-108.4233,-0.2751,-0.9315,-0.2378,0.9980,368,63.266846,0.3453,0.7182
BiancaGolden_CircleTurns,-165.5577,71.0432,203.5534,-1.8356,-7.2618,-107.6626,-0.2576,-0.9342,-0.2470,0.9980,369,63.283974,0.3444,0.7104
BiancaGolden_CircleTurns,-165.6029,70.2635,203.3511,-2.5856,-7.7878,-106.7169,-0.2335,-0.9379,-0.2566,0.9980,369,63.295265,0.3440,0.7026
BiancaGolden_CircleTurns,-165.6233,69.4334,203.1415,-3.6070,-8.2496,-105.2838,-0.2137,-0.9395,-0.2677,0.9980,369,63.308788,0.3438,0.6943
BiancaGolden_CircleTurns,-165.6216,68.5918,203.0199,-4.7433,-8.8861,-103.6541,-0.1882,-0.9433,-0.2734,0.9980,370,63.322693,0.3438,0.6859
BiancaGolden_CircleTurns,-165.7536,67.7954,202.9707,-6.3784,-9.6785,-101.9457,-0.1751,-0.9457,-0.2737,0.9980,370,63.335438,0.3425,0.6780
BiancaGolden_CircleTurns,-165.9260,66.9522,202.6778,-7.2709,-9.6842,-100.5698,-0.1695,-0.9452,-0.2790,0.9980,371,63.350178,0.3407,0.6695
BiancaGolden_CircleTurns,-166.1687,66.1313,202.4688,-8.1054,-9.7810,-99.0527,-0.1432,-0.9490,-0.2807,0.9980,371,63.363884,0.3383,0.6613
BiancaGolden_CircleTurns,-166.3637,65.2740,202.2438,-8.8576,-9.9238,-97.6177,-0.1277,-0.9541,-0.2707,0.9980,371,63.378201,0.3364,0.6527
BiancaGolden_CircleTurns,-166.5926,64.3846,201.9850,-9.5056,-9.8893,-95.9234,-0.0991,-0.9585,-0.2673,0.9980,372,63.391445,0.3341,0.6438
BiancaGolden_CircleTurns,-166.8178,63.4793,201.7160,-10.0737,-9.8654,-94.2360,-0.0207,-0.9659,-0.2582,0.9980,372,63.404911,0.3318,0.6348
BiancaGolden_CircleTurns,-166.9937,62.5438,201.4667,-10.6649,-9.8402,-92.5762,0.0658,-0.9682,-0.2413,0.9980,373,63.420479,0.3301,0.6254
BiancaGolden_CircleTurns,-167.2381,61.5491,201.2851,-11.3182,-9.8231,-90.8077,0.0950,-0.9659,-0.2407,0.9980,373,63.433605,0.3276,0.6155
BiancaGolden_CircleTurns,-167.4766,60.5465,201.1505,-12.0829,-9.8270,-89.1230,0.1578,-0.9601,-0.2307,0.9980,374,63.447674,0.3252,0.6055
BiancaGolden_CircleTurns,-167.7205,59.5417,201.0239,-12.9011,-9.9105,-87.4895,0.2271,-0.9493,-0.2175,0.9980,374,63.461388,0.3228,0.5954
BiancaGolden_CircleTurns,-167.9977,58.5362,200.8573,-13.6926,-10.3235,-85.9065,0.2585,-0.9400,-0.2229,0.9980,374,63.475739,0.3200,0.5854
BiancaGolden_CircleTurns,-168.2967,57.5220,200.6165,-14.1203,-10.7930,-84.5318,0.2801,-0.9309,-0.2343,0.9980,375,63.489330,0.3170,0.5752
BiancaGolden_CircleTurns,-168.6854,56.4923,200.3875,-14.0841,-11.3164,-83.2716,0.2779,-0.9285,-0.2462,0.9980,375,63.502457,0.3131,0.5649
BiancaGolden_CircleTurns,-169.0620,55.4371,200.1741,-13.8502,-11.6429,-82.1233,0.2717,-0.9281,-0.2547,0.9980,376,63.517555,0.3094,0.5544
BiancaGolden_CircleTurns,-169.4330,54.3590,200.0406,-13.6218,-11.9190,-81.0694,0.2896,-0.9216,-0.2585,0.9980,376,63.531906,0.3057,0.5436
BiancaGolden_CircleTurns,-169.8184,53.2433,200.0092,-13.5258,-12.1311,-79.9375,0.2825,-0.9244,-0.2562,0.9980,377,63.547268,0.3018,0.5324
BiancaGolden_CircleTurns,-170.1823,52.1291,200.0468,-13.6283,-12.2151,-78.7990,0.2892,-0.9211,-0.2608,0.9980,377,63.560711,0.2982,0.5213
BiancaGolden_CircleTurns,-170.5257,51.1115,199.9231,-13.6097,-12.2259,-77.6311,0.3093,-0.9133,-0.2652,0.9980,377,63.574020,0.2947,0.5111
BiancaGolden_CircleTurns,-170.9108,50.1071,199.7645,-13.2630,-12.4358,-76.3225,0.3391,-0.9005,-0.2721,0.9980,378,63.587738,0.2909,0.5011
BiancaGolden_CircleTurns,-171.2154,49.1344,199.6809,-12.9499,-12.7224,-75.0647,0.3614,-0.8898,-0.2787,0.9980,378,63.600063,0.2878,0.4913
BiancaGolden_CircleTurns,-171.5089,48.1864,199.7188,-12.8127,-13.0610,-73.6451,0.4200,-0.8531,-0.3095,0.9980,379,63.615177,0.2849,0.4819
BiancaGolden_CircleTurns,-171.7851,47.2391,199.8712,-12.8226,-13.4592,-71.8924,0.4797,-0.8212,-0.3091,0.9980,379,63.629341,0.2821,0.4724
BiancaGolden_CircleTurns,-172.0369,46.2992,200.0133,-12.8675,-13.7421,-70.1250,0.5305,-0.7855,-0.3187,0.9980,379,63.642330,0.2796,0.4630
BiancaGolden_CircleTurns,-172.3115,45.3296,200.2158,-12.9727,-13.9392,-68.2993,0.5899,-0.7413,-0.3201,0.9980,380,63.656494,0.2769,0.4533
BiancaGolden_CircleTurns,-172.5980,44.3344,200.5293,-13.1924,-13.8953,-66.4337,0.6433,-0.6897,-0.3324,0.9980,380,63.668945,0.2740,0.4433
BiancaGolden_CircleTurns,-172.8404,43.3709,200.8269,-13.5059,-13.9435,-64.8231,0.6612,-0.6736,-0.3304,0.9980,381,63.683716,0.2716,0.4337
BiancaGolden_CircleTurns,-173.0811,42.4506,201.0976,-13.9172,-14.0637,-63.3476,0.6770,-0.6582,-0.3293,0.9980,381,63.696720,0.2692,0.4245
BiancaGolden_CircleTurns,-173.3321,41.5721,201.2749,-14.0891,-13.9304,-62.0749,0.6768,-0.6590,-0.3282,0.9980,381,63.710934,0.2667,0.4157
BiancaGolden_CircleTurns,-173.5684,40.6710,201.4954,-14.1154,-13.8880,-60.9596,0.6747,-0.6609,-0.3287,0.9980,382,63.724201,0.2643,0.4067
BiancaGolden_CircleTurns,-173.7726,39.7584,201.6944,-13.9122,-13.7259,-60.0038,0.6617,-0.6754,-0.3256,0.9980,382,63.736660,0.2623,0.3976
BiancaGolden_CircleTurns,-173.9879,38.8615,201.8271,-13.3235,-13.4468,-59.2264,0.6514,-0.6833,-0.3297,0.9980,383,63.751808,0.2601,0.3886
BiancaGolden_CircleTurns,-174.2072,38.0116,201.8694,-12.5944,-13.1359,-58.4169,0.6374,-0.6931,-0.3365,0.9980,383,63.765255,0.2579,0.3801
BiancaGolden_CircleTurns,-174.4317,37.1728,201.9277,-11.8729,-13.0020,-57.7151,0.6445,-0.6865,-0.3366,0.9980,384,63.783035,0.2557,0.3717
BiancaGolden_CircleTurns,-174.5834,36.3214,202.0271,-11.3878,-12.9190,-57.0609,0.6385,-0.6897,-0.3415,0.9980,384,63.793137,0.2542,0.3632
BiancaGolden_CircleTurns,-174.7037,35.4965,202.1439,-11.1363,-12.9432,-56.3649,0.6365,-0.6873,-0.3499,0.9980,384,63.806484,0.2530,0.3550
BiancaGolden_CircleTurns,-174.7776,34.7042,202.2526,-11.1111,-13.1235,-55.7409,0.6358,-0.6852,-0.3554,0.9980,385,63.819534,0.2522,0.3470
BiancaGolden_CircleTurns,-174.8463,33.9279,202.2957,-11.0101,-13.3360,-55.1685,0.6303,-0.6895,-0.3568,0.9980,385,63.832264,0.2515,0.3393
BiancaGolden_CircleTurns,-174.8985,33.1716,202.3053,-10.8676,-13.6239,-54.6208,0.6280,-0.6886,-0.3624,0.9980,386,63.847317,0.2510,0.3317
BiancaGolden_CircleTurns,-174.9315,32.4248,202.2945,-10.6356,-13.9622,-54.1785,0.6312,-0.6827,-0.3680,0.9980,386,63.861790,0.2507,0.3242
BiancaGolden_CircleTurns,-174.9461,31.6947,202.2439,-10.2947,-14.2653,-53.7542,0.6219,-0.6867,-0.3763,0.9980,386,63.875401,0.2505,0.3169
BiancaGolden_CircleTurns,-174.9503,30.9693,202.1809,-9.9760,-14.5671,-53.3615,0.6153,-0.6862,-0.3879,0.9980,387,63.889561,0.2505,0.3097
BiancaGolden_CircleTurns,-174.9409,30.2415,202.1032,-9.6089,-14.8531,-52.9678,0.6169,-0.6814,-0.3939,0.9980,387,63.901756,0.2506,0.3024
BiancaGolden_CircleTurns,-174.9062,29.5149,202.0492,-9.2778,-15.1867,-52.5846,0.6155,-0.6802,-0.3981,0.9980,388,63.916904,0.2509,0.2951
BiancaGolden_CircleTurns,-174.8700,28.7844,201.9748,-8.9956,-15.4672,-52.1586,0.6183,-0.6741,-0.4040,0.9980,388,63.930679,0.2513,0.2878
BiancaGolden_CircleTurns,-174.7968,28.0815,201.9031,-8.8221,-15.7990,-51.7825,0.6141,-0.6730,-0.4122,0.9980,388,63.945011,0.2520,0.2808
BiancaGolden_CircleTurns,-174.7131,27.3752,201.7997,-8.7040,-16.2202,-51.3863,0.6169,-0.6660,-0.4194,0.9980,389,63.959385,0.2529,0.2738
BiancaGolden_CircleTurns,-174.6174,26.6628,201.6964,-8.5774,-16.6639,-50.9521,0.6582,-0.6282,-0.4149,0.9980,389,63.972153,0.2538,0.2666
BiancaGolden_CircleTurns,-174.4955,25.9311,201.5905,-8.4269,-17.0598,-50.5604,0.6767,-0.6094,-0.4132,0.9980,390,63.987442,0.2550,0.2593
BiancaGolden_CircleTurns,-174.3523,25.1942,201.4995,-8.3330,-17.3975,-50.2441,0.6808,-0.6024,-0.4168,0.9980,390,64.001427,0.2565,0.2519
BiancaGolden_CircleTurns,-174.1781,24.4682,201.4045,-8.2908,-17.6440,-49.9949,0.6832,-0.6046,-0.4096,0.9980,391,64.014877,0.2582,0.2447
BiancaGolden_CircleTurns,-173.9949,23.7358,201.2714,-8.2790,-17.8544,-49.8593,0.6831,-0.6032,-0.4118,0.9980,391,64.028526,0.2601,0.2374
BiancaGolden_CircleTurns,-173.8162,22.9724,201.0968,-8.2921,-17.9964,-49.8079,0.6814,-0.6039,-0.4135,0.9980,391,64.043541,0.2618,0.2297
BiancaGolden_CircleTurns,-173.5987,22.2261,200.9226,-8.1789,-18.1046,-49.8820,0.6739,-0.6116,-0.4145,0.9980,392,64.057518,0.2640,0.2223
BiancaGolden_CircleTurns,-173.3538,21.5213,200.7097,-8.1006,-18.1228,-49.9863,0.6731,-0.6178,-0.4065,0.9980,392,64.070297,0.2665,0.2152
BiancaGolden_CircleTurns,-173.0776,20.8344,200.4839,-8.1175,-18.1105,-50.1134,0.6709,-0.6221,-0.4036,0.9980,393,64.085091,0.2692,0.2083
BiancaGolden_CircleTurns,-172.7840,20.1408,200.2826,-8.1350,-18.1978,-50.3104,0.6673,-0.6248,-0.4054,0.9980,393,64.098976,0.2722,0.2014
BiancaGolden_CircleTurns,-172.4861,19.4635,200.0624,-8.0692,-18.3000,-50.5609,0.6618,-0.6283,-0.4091,0.9980,394,64.113457,0.2751,0.1946
BiancaGolden_CircleTurns,-172.1816,18.8456,199.7982,-7.8886,-18.5368,-50.8893,0.6587,-0.6338,-0.4055,0.9980,394,64.126564,0.2782,0.1885
BiancaGolden_CircleTurns,-171.8444,18.2766,199.5038,-7.6330,-18.7846,-51.2127,0.6547,-0.6342,-0.4113,0.9980,394,64.141190,0.2816,0.1828
BiancaGolden_CircleTurns,-171.4791,17.7322,199.2275,-7.3290,-19.1624,-51.5655,0.6517,-0.6328,-0.4181,0.9980,395,64.154129,0.2852,0.1773
BiancaGolden_CircleTurns,-171.0852,17.1818,198.9911,-6.9262,-19.4483,-51.9022,0.6462,-0.6356,-0.4223,0.9980,395,64.167427,0.2891,0.1718
BiancaGolden_CircleTurns,-170.6641,16.6254,198.7866,-6.5378,-19.6979,-52.2955,0.6466,-0.6389,-0.4167,0.9980,396,64.182129,0.2934,0.1663
BiancaGolden_CircleTurns,-170.1961,16.0882,198.5740,-6.1469,-19.8202,-52.8362,0.6395,-0.6447,-0.4189,0.9980,396,64.196472,0.2980,0.1609
BiancaGolden_CircleTurns,-169.7304,15.5774,198.3363,-5.6544,-19.8988,-53.3599,0.6401,-0.6446,-0.4181,0.9980,396,64.209595,0.3027,0.1558
BiancaGolden_CircleTurns,-169.2268,15.0602,198.2134,-5.0435,-20.0684,-53.8914,0.6327,-0.6485,-0.4231,0.9980,397,64.223389,0.3077,0.1506
BiancaGolden_CircleTurns,-168.6536,14.4840,198.2451,-4.3582,-20.0661,-54.3728,0.5647,-0.7059,-0.4275,0.9980,397,64.237251,0.3135,0.1448
BiancaGolden_CircleTurns,-167.9907,13.9381,198.4394,-3.7433,-19.8281,-54.6750,0.5408,-0.7300,-0.4178,0.9980,398,64.252335,0.3201,0.1394
BiancaGolden_CircleTurns,-167.2243,13.4782,198.6836,-3.3261,-19.4408,-54.5783,0.5593,-0.7300,-0.3928,0.9980,398,64.265816,0.3278,0.1348
BiancaGolden_CircleTurns,-166.5216,12.9898,198.8963,-2.6129,-17.7001,-53.4985,0.5799,-0.7323,-0.3571,0.9980,399,64.283524,0.3348,0.1299
BiancaGolden_CircleTurns,-165.7741,12.5676,199.2518,-2.2800,-15.9500,-52.4380,0.5850,-0.7397,-0.3326,0.9980,399,64.293983,0.3423,0.1257
BiancaGolden_CircleTurns,-164.9911,12.2337,199.4921,-2.1453,-14.4480,-51.8428,0.6470,-0.6999,-0.3024,0.9980,399,64.307564,0.3501,0.1223
BiancaGolden_CircleTurns,-164.3917,11.8529,200.0061,-1.2077,-12.9605,-50.5663,0.6696,-0.7005,-0.2468,0.9980,400,64.320442,0.3561,0.1185
BiancaGolden_CircleTurns,-163.7461,11.5284,200.4839,-0.1929,-11.2149,-49.6091,0.7050,-0.6731,-0.2237,0.9980,400,64.333939,0.3625,0.1153
BiancaGolden_CircleTurns,-163.1570,11.3498,200.9422,0.5292,-9.8151,-48.7493,0.7157,-0.6654,-0.2123,0.9980,401,64.348564,0.3684,0.1135
BiancaGolden_CircleTurns,-162.5423,11.1981,201.4571,0.5912,-9.1404,-47.9738,0.7314,-0.6506,-0.2045,0.9980,401,64.362907,0.3746,0.1120
BiancaGolden_CircleTurns,-162.0174,11.0072,201.8466,0.6860,-8.3883,-47.0859,0.7711,-0.5836,-0.2547,0.9980,401,64.377220,0.3798,0.1101
BiancaGolden_CircleTurns,-161.5222,10.8896,202.1854,0.5477,-7.8149,-46.5109,0.8076,-0.5320,-0.2545,0.9980,402,64.389381,0.3848,0.1089
BiancaGolden_CircleTurns,-161.0599,10.6966,202.5197,0.8437,-7.3356,-46.0713,0.8441,-0.4724,-0.2535,0.9980,402,64.403046,0.3894,0.1070
BiancaGolden_CircleTurns,-160.5853,10.5427,202.7087,0.8009,-6.8640,-45.7465,0.9385,-0.2390,-0.2490,0.9980,403,64.417664,0.3941,0.1054
BiancaGolden_CircleTurns,-160.1942,10.2917,202.8856,1.1367,-6.4305,-45.3031,0.9400,-0.2329,-0.2493,0.9980,403,64.431252,0.3981,0.1029
BiancaGolden_CircleTurns,-159.7939,10.0897,203.0575,1.5405,-5.9079,-44.8012,0.9442,-0.2183,-0.2465,0.9980,403,64.446365,0.4021,0.1009
BiancaGolden_CircleTurns,-159.4350,9.7900,203.3140,2.1890,-5.6673,-44.1661,0.9456,-0.2161,-0.2431,0.9980,404,64.458771,0.4056,0.0979
BiancaGolden_CircleTurns,-159.1078,9.5376,203.4998,2.5250,-5.3879,-43.6431,0.9394,-0.2435,-0.2412,0.9980,404,64.472160,0.4089,0.0954
BiancaGolden_CircleTurns,-158.7763,9.2754,203.6686,2.6690,-5.1286,-43.2327,0.9387,-0.2472,-0.2402,0.9980,405,64.487907,0.4122,0.0928
BiancaGolden_CircleTurns,-158.5021,9.0017,203.8376,2.6262,-5.0160,-42.7868,0.9366,-0.2460,-0.2496,0.9980,405,64.500618,0.4150,0.0900
BiancaGolden_CircleTurns,-158.2269,8.6851,204.0029,2.5969,-4.9727,-42.3854,0.9313,-0.2498,-0.2652,0.9980,406,64.515533,0.4177,0.0869
BiancaGolden_CircleTurns,-157.9815,8.3956,204.1507,2.4434,-5.0673,-42.0314,0.9336,-0.2430,-0.2634,0.9980,406,64.528259,0.4202,0.0840
BiancaGolden_CircleTurns,-157.7434,8.0929,204.1764,2.2196,-5.0617,-41.6415,0.9343,-0.2375,-0.2659,0.9980,406,64.542686,0.4226,0.0809
BiancaGolden_CircleTurns,-157.5515,7.7854,204.1901,2.1088,-5.1473,-41.0851,0.9295,-0.2385,-0.2814,0.9980,407,64.556213,0.4245,0.0779
BiancaGolden_CircleTurns,-157.3423,7.4534,204.1645,1.9646,-5.1834,-40.3989,0.9298,-0.2313,-0.2864,0.9980,407,64.569748,0.4266,0.0745
BiancaGolden_CircleTurns,-157.1635,7.1514,204.1436,1.7356,-5.2460,-39.7656,0.9319,-0.2203,-0.2881,0.9980,408,64.584740,0.4284,0.0715
BiancaGolden_CircleTurns,-157.0015,6.7822,204.1059,1.4743,-5.3397,-38.9296,0.9321,-0.2170,-0.2901,0.9980,408,64.598648,0.4300,0.0678
BiancaGolden_CircleTurns,-156.8595,6.4467,204.0656,1.2377,-5.4452,-38.1657,0.9349,-0.2034,-0.2907,0.9980,408,64.612305,0.4314,0.0645
BiancaGolden_CircleTurns,-156.7014,6.0606,204.0062,1.0717,-5.5689,-37.3943,0.9355,-0.1957,-0.2943,0.9980,409,64.626266,0.4330,0.0606
BiancaGolden_CircleTurns,-156.5680,5.6711,203.9487,0.9806,-5.8024,-36.5350,0.9375,-0.1804,-0.2974,0.9980,409,64.638817,0.4343,0.0567
BiancaGolden_CircleTurns,-156.4368,5.2956,203.8695,0.8160,-6.0395,-35.7079,0.9292,-0.1948,-0.3140,0.9980,410,64.654892,0.4356,0.0530
BiancaGolden_CircleTurns,-156.3381,4.9047,203.7977,0.6371,-6.4099,-34.8299,0.9305,-0.1804,-0.3189,0.9980,410,64.667763,0.4366,0.0490
BiancaGolden_CircleTurns,-156.2527,4.5165,203.7346,0.4237,-6.8216,-34.0559,0.9290,-0.1710,-0.3282,0.9980,411,64.682800,0.4375,0.0452
BiancaGolden_CircleTurns,-156.1848,4.1001,203.6115,0.1303,-7.1471,-33.1572,0.9287,-0.1622,-0.3336,0.9980,411,64.696457,0.4382,0.0410
BiancaGolden_CircleTurns,-156.1166,3.6798,203.4785,-0.1120,-7.5379,-32.2634,0.9256,-0.1647,-0.3409,0.9980,411,64.709991,0.4388,0.0368
BiancaGolden_CircleTurns,-156.0660,3.1964,203.3501,-0.2066,-8.0020,-31.1653,0.9260,-0.1568,-0.3435,0.9980,412,64.723320,0.4393,0.0320
BiancaGolden_CircleTurns,-156.0347,2.7565,203.1944,-0.4061,-8.4656,-30.1605,0.9224,-0.1624,-0.3504,0.9980,412,64.736794,0.4397,0.0276
BiancaGolden_CircleTurns,-156.0477,2.2716,203.0614,-0.6415,-8.9822,-29.2975,0.9211,-0.1731,-0.3488,0.9980,413,64.752190,0.4395,0.0227
BiancaGolden_CircleTurns,-156.0377,1.7691,202.6962,-1.3873,-9.2860,-28.5770,0.9171,-0.1680,-0.3616,0.9980,413,64.765678,0.4396,0.0177
BiancaGolden_CircleTurns,-156.0528,1.0031,202.8125,-0.7795,-10.4865,-27.4060,0.9176,-0.1530,-0.3668,0.9980,414,64.783020,0.4395,0.0100
BiancaGolden_CircleTurns,-156.0843,0.4767,202.5584,-0.8344,-10.8375,-26.5388,0.9145,-0.1555,-0.3734,0.9980,414,64.794044,0.4392,0.0048
BiancaGolden_CircleTurns,-156.0814,-0.1421,202.3651,-0.8176,-11.3671,-25.6521,0.9163,-0.1423,-0.3743,0.9980,414,64.807304,0.4392,-0.0014
BiancaGolden_CircleTurns,-156.1095,-0.7807,202.1934,-0.7702,-12.0320,-24.4827,0.9125,-0.1399,-0.3844,0.9980,415,64.820786,0.4389,-0.0078
BiancaGolden_CircleTurns,-156.1593,-1.3979,201.9630,-0.5123,-12.7909,-23.4800,0.9096,-0.1422,-0.3903,0.9980,415,64.834373,0.4384,-0.0140
BiancaGolden_CircleTurns,-156.2565,-1.9747,201.6919,-0.5403,-13.5235,-22.5346,0.9073,-0.1462,-0.3942,0.9980,416,64.849113,0.4374,-0.0197
BiancaGolden_CircleTurns,-156.3728,-2.5608,201.4707,-0.6400,-14.3972,-21.5121,0.9051,-0.1303,-0.4047,0.9980,416,64.862831,0.4363,-0.0256
BiancaGolden_CircleTurns,-156.4874,-3.1558,201.2081,-0.7612,-15.1153,-20.5536,0.9048,-0.1272,-0.4063,0.9980,416,64.877373,0.4351,-0.0316
BiancaGolden_CircleTurns,-156.6655,-3.8522,201.0039,-1.0708,-15.7709,-19.5858,0.9022,-0.1340,-0.4101,0.9980,417,64.891090,0.4333,-0.0385
BiancaGolden_CircleTurns,-156.7593,-4.5285,200.9190,-1.2506,-16.3617,-18.9646,0.9072,-0.1314,-0.3996,0.9980,417,64.903748,0.4324,-0.0453
BiancaGolden_CircleTurns,-156.9004,-5.3311,200.8063,-1.2898,-16.6592,-17.6901,0.9107,-0.1207,-0.3951,0.9980,418,64.919212,0.4310,-0.0533
BiancaGolden_CircleTurns,-157.0432,-5.9931,200.6834,-0.9414,-17.1631,-16.7085,0.9104,-0.1034,-0.4007,0.9980,418,64.933235,0.4296,-0.0599
BiancaGolden_CircleTurns,-157.1820,-6.7309,200.4727,-0.5304,-17.4751,-15.6280,0.9109,-0.0821,-0.4043,0.9980,419,64.947502,0.4282,-0.0673
BiancaGolden_CircleTurns,-157.4364,-7.4775,200.2564,-0.6081,-17.6961,-14.3047,0.9036,-0.0699,-0.4226,0.9980,419,64.961319,0.4256,-0.0748
BiancaGolden_CircleTurns,-157.6590,-8.4455,200.3388,-1.2437,-18.3977,-14.0042,0.9029,-0.0335,-0.4286,0.9980,419,64.975548,0.4234,-0.0845
BiancaGolden_CircleTurns,-157.8344,-9.3612,200.2904,-0.9606,-18.2681,-13.2478,0.8987,-0.0183,-0.4382,0.9980,420,64.989281,0.4217,-0.0936
BiancaGolden_CircleTurns,-157.9400,-10.3654,200.4901,-0.5961,-18.5632,-12.2848,0.9004,-0.0197,-0.4347,0.9980,420,65.002464,0.4206,-0.1037
BiancaGolden_CircleTurns,-157.9727,-11.3099,200.6873,-0.6672,-18.5508,-11.5901,0.9022,-0.0296,-0.4303,0.9980,421,65.017441,0.4203,-0.1131
BiancaGolden_CircleTurns,-158.0188,-12.3505,200.8823,-0.8728,-18.3109,-10.9292,0.9050,-0.0211,-0.4250,0.9980,421,65.031464,0.4198,-0.1235
BiancaGolden_CircleTurns,-158.1209,-13.3819,200.9093,-1.1683,-18.0155,-10.4032,0.9138,-0.0288,-0.4052,0.9980,421,65.046242,0.4188,-0.1338
BiancaGolden_CircleTurns,-158.2380,-14.4082,200.8568,-1.4629,-17.7071,-9.9727,0.9170,-0.0331,-0.3975,0.9980,422,65.058937,0.4176,-0.1441
BiancaGolden_CircleTurns,-158.3581,-15.3761,200.8462,-1.7089,-17.4945,-9.6875,0.9191,-0.0360,-0.3924,0.9980,422,65.071983,0.4164,-0.1538
BiancaGolden_CircleTurns,-158.4604,-16.3372,200.8799,-1.9832,-17.2870,-9.3490,0.9228,-0.0327,-0.3838,0.9980,423,65.087189,0.4154,-0.1634
BiancaGolden_CircleTurns,-158.5569,-17.2737,200.9412,-2.3121,-17.1964,-8.9950,0.9242,-0.0269,-0.3810,0.9980,423,65.100288,0.4144,-0.1727
BiancaGolden_CircleTurns,-158.6253,-18.2122,200.9854,-2.5194,-17.0482,-8.6438,0.9230,-0.0224,-0.3842,0.9980,424,65.115143,0.4137,-0.1821
BiancaGolden_CircleTurns,-158.7014,-19.0341,200.9955,-2.8895,-17.0452,-8.3481,0.9232,-0.0218,-0.3836,0.9980,424,65.129425,0.4130,-0.1903
BiancaGolden_CircleTurns,-158.7669,-19.8570,200.9963,-3.2412,-17.0074,-7.9221,0.9217,-0.0142,-0.3877,0.9980,424,65.142754,0.4123,-0.1986
BiancaGolden_CircleTurns,-158.8104,-20.6445,201.0163,-3.4807,-16.9014,-7.4416,0.9233,-0.0064,-0.3841,0.9980,425,65.155884,0.4119,-0.2064
BiancaGolden_CircleTurns,-158.8186,-21.3691,201.0671,-3.7261,-16.6874,-7.0292,0.9242,-0.0014,-0.3820,0.9980,425,65.169556,0.4118,-0.2137
BiancaGolden_CircleTurns,-158.8293,-22.0523,201.1176,-4.0268,-16.4046,-6.6195,0.9265,0.0037,-0.3764,0.9980,426,65.183815,0.4117,-0.2205
BiancaGolden_CircleTurns,-158.8603,-22.6302,201.1101,-4.4547,-16.0730,-6.3537,0.9257,0.0087,-0.3782,0.9980,426,65.198135,0.4114,-0.2263
BiancaGolden_CircleTurns,-158.9202,-23.1735,201.0877,-4.8499,-15.8529,-6.1094,0.9269,0.0160,-0.3749,0.9980,426,65.212181,0.4108,-0.2317
BiancaGolden_CircleTurns,-158.9962,-23.6488,201.0734,-5.1920,-15.7047,-5.8460,0.9279,0.0208,-0.3721,0.9980,427,65.226051,0.4100,-0.2365
BiancaGolden_CircleTurns,-159.0670,-24.0292,201.0793,-5.4194,-15.5574,-5.5652,0.9290,0.0286,-0.3691,0.9980,427,65.238586,0.4093,-0.2403
BiancaGolden_CircleTurns,-159.1539,-24.3902,201.0868,-5.6478,-15.4064,-5.1954,0.9184,0.0388,-0.3938,0.9980,428,65.253891,0.4085,-0.2439
BiancaGolden_CircleTurns,-159.2648,-24.6685,201.0976,-5.8242,-15.3151,-4.8049,0.9185,0.0453,-0.3928,0.9980,428,65.267670,0.4074,-0.2467
BiancaGolden_CircleTurns,-159.3859,-24.9445,201.1428,-5.9379,-15.2437,-4.4091,0.9179,0.0188,-0.3963,0.9980,429,65.284714,0.4061,-0.2494
BiancaGolden_CircleTurns,-159.5325,-25.1497,201.2338,-5.9422,-15.2098,-4.0146,0.9138,-0.0466,-0.4035,0.9980,429,65.296509,0.4047,-0.2515
BiancaGolden_CircleTurns,-159.7187,-25.2902,201.3285,-5.9104,-15.1525,-3.6045,0.9077,-0.0381,-0.4179,0.9980,429,65.309113,0.4028,-0.2529
BiancaGolden_CircleTurns,-159.9395,-25.4007,201.3554,-5.8662,-15.0777,-3.1900,0.8649,0.0388,-0.5004,0.9980,430,65.322876,0.4006,-0.2540
BiancaGolden_CircleTurns,-160.1865,-25.4840,201.3862,-5.8344,-15.0456,-2.8032,0.8650,0.0427,-0.4999,0.9980,430,65.336617,0.3981,-0.2548
BiancaGolden_CircleTurns,-160.4788,-25.5319,201.4281,-5.7211,-15.0049,-2.5080,0.9041,0.0220,-0.4268,0.9980,431,65.351097,0.3952,-0.2553
BiancaGolden_CircleTurns,-160.8042,-25.5632,201.4887,-5.4736,-14.9493,-2.2804,0.9044,0.0247,-0.4260,0.9980,431,65.365135,0.3920,-0.2556
BiancaGolden_CircleTurns,-161.1321,-25.5881,201.5460,-5.1330,-14.8782,-2.0419,0.9084,0.0038,-0.4180,0.9980,431,65.379013,0.3887,-0.2559
BiancaGolden_CircleTurns,-161.4924,-25.5720,201.6012,-4.5905,-14.7805,-1.8321,0.9132,-0.0003,-0.4076,0.9980,432,65.392441,0.3851,-0.2557
BiancaGolden_CircleTurns,-161.8591,-25.5364,201.6540,-4.1102,-14.6570,-1.5867,0.9139,-0.0109,-0.4059,0.9980,432,65.405502,0.3814,-0.2554
BiancaGolden_CircleTurns,-162.2622,-25.4895,201.7036,-3.7422,-14.4912,-1.4202,0.9106,-0.0331,-0.4119,0.9980,432,65.421303,0.3774,-0.2549
BiancaGolden_CircleTurns,-162.6863,-25.4499,201.7290,-3.4132,-14.3474,-1.4247,0.9096,-0.0411,-0.4134,0.9980,0,65.434624,0.3731,-0.2545
BiancaGolden_CircleTurns,-163.1350,-25.4162,201.7153,-3.0918,-14.1423,-1.6466,0.9104,-0.0472,-0.4111,0.9980,0,65.448471,0.3686,-0.2542
BiancaGolden_CircleTurns,-163.5651,-25.3868,201.7027,-2.6716,-14.0030,-1.9517,0.9108,-0.0567,-0.4088,0.9980,1,65.461937,0.3643,-0.2539
BiancaGolden_CircleTurns,-164.0068,-25.3331,201.6947,-2.2528,-13.8651,-2.3027,0.9108,-0.0713,-0.4067,0.9980,1,65.476189,0.3599,-0.2533
BiancaGolden_CircleTurns,-164.4673,-25.2546,201.7122,-1.7609,-13.7405,-2.6994,0.9097,-0.0787,-0.4077,0.9980,2,65.491043,0.3553,-0.2525
BiancaGolden_CircleTurns,-164.9491,-25.1279,201.7646,-1.2695,-13.4806,-3.0648,0.9099,-0.0824,-0.4065,0.9980,2,65.504272,0.3505,-0.2513
BiancaGolden_CircleTurns,-165.4425,-25.0051,201.8270,-0.7979,-13.2216,-3.2020,0.9083,-0.0837,-0.4098,0.9980,3,65.518379,0.3456,-0.2501
BiancaGolden_CircleTurns,-165.9168,-24.8098,201.9046,-0.4154,-12.9090,-3.2433,0.9114,-0.0831,-0.4030,0.9980,3,65.532524,0.3408,-0.2481
BiancaGolden_CircleTurns,-166.4145,-24.6052,201.9279,-0.1147,-12.5103,-3.1727,0.9143,-0.0778,-0.3974,0.9980,4,65.547035,0.3359,-0.2461
BiancaGolden_CircleTurns,-166.9098,-24.3807,201.9181,0.1268,-12.1444,-2.9541,0.9172,-0.0623,-0.3936,0.9980,4,65.560402,0.3309,-0.2438
BiancaGolden_CircleTurns,-167.3844,-24.1468,201.9677,0.3408,-11.8971,-2.6510,0.9164,-0.0541,-0.3966,0.9980,4,65.574829,0.3262,-0.2415
BiancaGolden_CircleTurns,-167.8138,-23.8633,202.0895,0.5273,-11.6917,-2.1398,0.9178,-0.0394,-0.3950,0.9980,5,65.588852,0.3219,-0.2386
BiancaGolden_CircleTurns,-168.2508,-23.5434,202.1994,0.6819,-11.4303,-1.3795,0.9203,-0.0235,-0.3906,0.9980,5,65.601036,0.3175,-0.2354
BiancaGolden_CircleTurns,-168.6860,-23.2034,202.2439,0.7091,-11.1552,-0.4575,0.9212,-0.0022,-0.3890,0.9980,6,65.616058,0.3131,-0.2320
BiancaGolden_CircleTurns,-169.1028,-22.8214,202.2827,0.7452,-10.8080,0.9525,0.9244,0.0221,-0.3809,0.9980,6,65.629654,0.3090,-0.2282
BiancaGolden_CircleTurns,-169.5040,-22.3933,202.3390,0.8610,-10.3042,2.4767,0.9320,0.1403,-0.3343,0.9980,6,65.644806,0.3050,-0.2239
BiancaGolden_CircleTurns,-169.9172,-21.9445,202.3816,0.5553,-9.7620,4.2551,0.9273,0.2585,-0.2708,0.9980,7,65.657715,0.3008,-0.2194
BiancaGolden_CircleTurns,-170.3395,-21.5192,202.4044,-0.0273,-9.2682,5.8367,0.9220,0.2835,-0.2637,0.9980,7,65.671112,0.2966,-0.2152
BiancaGolden_CircleTurns,-170.8267,-21.1658,202.4175,-0.6590,-8.9498,7.2948,0.9174,0.2983,-0.2636,0.9980,8,65.686066,0.2917,-0.2117
BiancaGolden_CircleTurns,-171.3004,-20.8685,202.3955,-0.9806,-8.7730,8.6807,0.9108,0.3201,-0.2607,0.9980,8,65.699684,0.2870,-0.2087
BiancaGolden_CircleTurns,-171.7778,-20.5712,202.4110,-1.1348,-8.6218,10.0215,0.9073,0.3174,-0.2757,0.9980,9,65.713631,0.2822,-0.2057
BiancaGolden_CircleTurns,-172.2408,-20.2606,202.4602,-1.2767,-8.3448,11.3726,0.9058,0.3235,-0.2737,0.9980,9,65.727219,0.2776,-0.2026
BiancaGolden_CircleTurns,-172.6913,-19.9763,202.5166,-1.5483,-8.0317,12.6896,0.9077,0.3172,-0.2749,0.9980,9,65.741791,0.2731,-0.1998
BiancaGolden_CircleTurns,-173.1170,-19.7168,202.5955,-1.9109,-7.6271,13.9196,0.9060,0.3204,-0.2765,0.9980,10,65.755196,0.2688,-0.1972
BiancaGolden_CircleTurns,-173.5125,-19.5088,202.7276,-2.1789,-7.1145,15.0552,0.9023,0.3388,-0.2667,0.9980,10,65.768723,0.2649,-0.1951
BiancaGolden_CircleTurns,-173.8757,-19.3490,202.9249,-2.2842,-6.4648,16.1013,0.9140,0.3136,-0.2574,0.9980,11,65.784088,0.2612,-0.1935
BiancaGolden_CircleTurns,-174.2536,-19.2072,203.1073,-2.2733,-5.7299,17.2020,0.9113,0.3308,-0.2451,0.9980,11,65.804436,0.2575,-0.1921
BiancaGolden_CircleTurns,-174.6414,-19.0956,203.3250,-2.2278,-5.0584,18.2128,0.9058,0.3735,-0.2002,0.9980,11,65.812157,0.2536,-0.1910
BiancaGolden_CircleTurns,-175.0626,-19.0294,203.5141,-2.1479,-4.3977,19.2200,0.8711,0.4691,-0.1453,0.9980,12,65.827225,0.2494,-0.1903
BiancaGolden_CircleTurns,-175.4911,-19.0031,203.7012,-2.0470,-3.7654,20.2839,0.8471,0.5264,-0.0723,0.9980,12,65.839386,0.2451,-0.1900
BiancaGolden_CircleTurns,-175.9315,-18.9810,203.9338,-1.9357,-3.1107,21.3878,0.8092,0.5870,-0.0263,0.9980,13,65.855003,0.2407,-0.1898
BiancaGolden_CircleTurns,-176.3549,-19.0136,204.2100,-1.8121,-2.3996,22.5837,0.7979,0.6027,-0.0141,0.9980,13,65.867500,0.2365,-0.1901
BiancaGolden_CircleTurns,-176.7899,-19.0547,204.4708,-1.7942,-1.6817,23.6976,0.7572,0.6514,0.0490,0.9980,14,65.881310,0.2321,-0.1905
BiancaGolden_CircleTurns,-177.2147,-19.1720,204.7004,-1.8558,-0.9006,24.7492,0.7213,0.6892,0.0691,0.9980,14,65.894753,0.2279,-0.1917
BiancaGolden_CircleTurns,-177.6316,-19.3566,204.8801,-1.9256,-0.0746,25.6900,0.6883,0.7174,0.1078,0.9980,14,65.908951,0.2237,-0.1936
BiancaGolden_CircleTurns,-178.0354,-19.5790,205.0578,-1.9540,0.8544,26.5351,0.6768,0.7258,0.1231,0.9980,15,65.923439,0.2196,-0.1958
BiancaGolden_CircleTurns,-178.4256,-19.8313,205.2430,-1.8467,1.8057,27.3291,0.6746,0.7275,0.1247,0.9980,15,65.936043,0.2157,-0.1983
BiancaGolden_CircleTurns,-178.8048,-20.1269,205.4211,-1.6420,2.8318,28.1173,0.6630,0.7353,0.1403,0.9980,16,65.950500,0.2120,-0.2013
BiancaGolden_CircleTurns,-179.1858,-20.4435,205.5642,-1.5524,3.8161,28.8667,0.6678,0.7317,0.1368,0.9980,16,65.964493,0.2081,-0.2044
BiancaGolden_CircleTurns,-179.5783,-20.7837,205.6801,-1.6545,4.7234,29.5814,0.6811,0.7209,0.1283,0.9980,16,65.977898,0.2042,-0.2078
BiancaGolden_CircleTurns,-179.9527,-21.1608,205.7709,-1.7924,5.5222,30.2291,0.6896,0.7147,0.1169,0.9980,17,65.991936,0.2005,-0.2116
BiancaGolden_CircleTurns,-180.3082,-21.5950,205.8300,-1.8854,6.2254,30.8643,0.6955,0.7096,0.1126,0.9980,17,66.005066,0.1969,-0.2159
BiancaGolden_CircleTurns,-180.6656,-22.0249,205.8577,-1.9728,6.9109,31.5509,0.6827,0.7199,0.1250,0.9980,18,66.019508,0.1933,-0.2202
BiancaGolden_CircleTurns,-180.9851,-22.5444,205.9144,-1.7284,7.7216,32.4665,0.6714,0.7285,0.1362,0.9980,18,66.033333,0.1901,-0.2254
BiancaGolden_CircleTurns,-181.3881,-22.9909,206.0761,-1.6583,8.4083,33.2607,0.6548,0.7403,0.1525,0.9980,19,66.047859,0.1861,-0.2299
BiancaGolden_CircleTurns,-181.7339,-23.5063,206.1695,-1.7896,9.2235,34.1237,0.5794,0.7908,0.1973,0.9980,19,66.060547,0.1827,-0.2351
BiancaGolden_CircleTurns,-182.0949,-24.0953,206.2221,-1.9375,10.0037,35.1603,0.5237,0.8156,0.2459,0.9980,19,66.074844,0.1791,-0.2410
BiancaGolden_CircleTurns,-182.4539,-24.7090,206.2142,-2.1628,10.7956,36.1401,0.4713,0.8323,0.2917,0.9980,20,66.088455,0.1755,-0.2471
BiancaGolden_CircleTurns,-182.8092,-25.3610,206.2686,-2.0893,11.6537,37.3132,0.4491,0.8398,0.3050,0.9980,20,66.102371,0.1719,-0.2536
BiancaGolden_CircleTurns,-183.1895,-26.0501,206.3626,-2.1101,12.5137,38.5950,0.3816,0.8561,0.3485,0.9980,21,66.116638,0.1681,-0.2605
BiancaGolden_CircleTurns,-183.5309,-26.7358,206.4736,-2.1794,13.3820,39.9182,0.3259,0.8607,0.3911,0.9980,21,66.130188,0.1647,-0.2674
BiancaGolden_CircleTurns,-183.8736,-27.4596,206.5572,-2.3860,14.3343,41.2600,0.2929,0.8679,0.4012,0.9980,21,66.144646,0.1613,-0.2746
BiancaGolden_CircleTurns,-184.1957,-28.2265,206.6055,-2.6770,15.0163,42.5840,0.2698,0.8708,0.4110,0.9980,22,66.158348,0.1580,-0.2823
BiancaGolden_CircleTurns,-184.4610,-29.0541,206.6969,-2.8365,15.6263,43.9199,0.2785,0.8692,0.4086,0.9980,22,66.172409,0.1554,-0.2905
BiancaGolden_CircleTurns,-184.7438,-29.9185,206.7476,-2.9170,16.0258,45.1766,0.2871,0.8713,0.3980,0.9980,23,66.186607,0.1526,-0.2992
BiancaGolden_CircleTurns,-184.9331,-30.7701,206.8070,-2.9623,16.3966,46.4072,0.2674,0.8755,0.4026,0.9980,23,66.200256,0.1507,-0.3077
BiancaGolden_CircleTurns,-185.1459,-31.6226,206.9097,-3.0123,16.6908,47.6133,0.2768,0.8833,0.3783,0.9980,24,66.214638,0.1485,-0.3162
BiancaGolden_CircleTurns,-185.3077,-32.5185,207.0470,-2.9107,16.9940,48.9536,0.2876,0.8848,0.3666,0.9980,24,66.228119,0.1469,-0.3252
BiancaGolden_CircleTurns,-185.4854,-33.3963,207.0806,-2.8546,17.4230,50.1708,0.2983,0.8864,0.3539,0.9980,24,66.243149,0.1451,-0.3340
BiancaGolden_CircleTurns,-185.6138,-34.2813,207.0846,-2.9394,17.7752,51.2662,0.2808,0.8897,0.3600,0.9980,25,66.256462,0.1439,-0.3428
BiancaGolden_CircleTurns,-185.7207,-35.1780,207.0706,-3.1254,18.0956,52.2961,0.2648,0.8924,0.3654,0.9980,25,66.269699,0.1428,-0.3518
BiancaGolden_CircleTurns,-185.8304,-36.0685,207.0561,-3.2973,18.3953,53.2521,0.1997,0.9042,0.3774,0.9980,26,66.285042,0.1417,-0.3607
BiancaGolden_CircleTurns,-185.9297,-36.9386,207.0266,-3.4692,18.6877,54.2517,0.1470,0.9099,0.3878,0.9980,26,66.301628,0.1407,-0.3694
BiancaGolden_CircleTurns,-186.0022,-37.8158,207.0100,-3.5606,18.9875,55.3379,0.1139,0.9083,0.4026,0.9980,27,66.313438,0.1400,-0.3782
BiancaGolden_CircleTurns,-186.0700,-38.6370,207.0134,-3.8230,19.2758,56.2686,0.0969,0.9080,0.4075,0.9980,27,66.327484,0.1393,-0.3864
BiancaGolden_CircleTurns,-186.0969,-39.4813,207.0491,-3.7979,19.6054,57.2636,0.0999,0.9153,0.3903,0.9980,27,66.341431,0.1390,-0.3948
BiancaGolden_CircleTurns,-186.1236,-40.3007,207.0449,-3.7486,19.9657,58.1126,0.1019,0.9181,0.3830,0.9980,28,66.354126,0.1388,-0.4030
BiancaGolden_CircleTurns,-186.1290,-41.0752,206.9850,-3.7353,20.2039,58.8420,0.0894,0.9188,0.3846,0.9980,28,66.367302,0.1387,-0.4108
BiancaGolden_CircleTurns,-186.1263,-41.7991,206.9096,-3.5734,20.3812,59.5879,0.1063,0.9188,0.3802,0.9980,29,66.382866,0.1387,-0.4180
BiancaGolden_CircleTurns,-186.1469,-42.4883,206.8107,-3.6860,20.3373,60.1860,0.1165,0.9243,0.3634,0.9980,29,66.396469,0.1385,-0.4249
BiancaGolden_CircleTurns,-186.1594,-43.1377,206.7302,-3.7939,20.3285,60.8148,0.1210,0.9252,0.3596,0.9980,29,66.410820,0.1384,-0.4314
BiancaGolden_CircleTurns,-186.1930,-43.7502,206.7182,-4.0280,20.1667,61.3766,0.1321,0.9256,0.3546,0.9980,30,66.424789,0.1381,-0.4375
BiancaGolden_CircleTurns,-186.1978,-44.3492,206.8304,-3.9012,20.1496,62.0390,0.1297,0.9280,0.3492,0.9980,30,66.437935,0.1380,-0.4435
BiancaGolden_CircleTurns,-186.2568,-44.9071,206.9486,-4.0052,20.2643,62.4982,0.1219,0.9281,0.3518,0.9980,31,66.452858,0.1374,-0.4491
BiancaGolden_CircleTurns,-186.3130,-45.4199,207.0313,-4.2091,20.3748,62.9318,0.1363,0.9262,0.3515,0.9980,31,66.466652,0.1369,-0.4542
BiancaGolden_CircleTurns,-186.3821,-45.8997,207.1260,-4.4080,20.4355,63.3356,0.1411,0.9266,0.3485,0.9980,32,66.480614,0.1362,-0.4590
BiancaGolden_CircleTurns,-186.4466,-46.3528,207.2316,-4.5701,20.4351,63.6484,0.1621,0.9241,0.3462,0.9980,32,66.494766,0.1355,-0.4635
BiancaGolden_CircleTurns,-186.4846,-46.7675,207.3312,-4.6777,20.3719,63.8292,0.1621,0.9250,0.3437,0.9980,32,66.508774,0.1352,-0.4677
BiancaGolden_CircleTurns,-186.5097,-47.1626,207.4221,-4.6760,20.2139,63.8581,0.1779,0.9235,0.3397,0.9980,33,66.522865,0.1349,-0.4716
BiancaGolden_CircleTurns,-186.5613,-47.5534,207.4968,-4.6774,20.0434,63.8137,0.1844,0.9238,0.3355,0.9980,33,66.535736,0.1344,-0.4755
BiancaGolden_CircleTurns,-186.5893,-47.8998,207.5271,-4.7994,19.7436,63.4571,0.2101,0.9218,0.3259,0.9980,34,66.550743,0.1341,-0.4790
BiancaGolden_CircleTurns,-186.5986,-48.2075,207.5296,-4.8802,19.3877,62.9907,0.2205,0.9221,0.3181,0.9980,34,66.564301,0.1340,-0.4821
BiancaGolden_CircleTurns,-186.6000,-48.5051,207.5100,-4.9374,18.9168,62.4215,0.2367,0.9217,0.3074,0.9980,34,66.578957,0.1340,-0.4851
BiancaGolden_CircleTurns,-186.6095,-48.7946,207.4370,-4.9960,18.2839,61.6567,0.2664,0.9179,0.2940,0.9980,35,66.592369,0.1339,-0.4879
BiancaGolden_CircleTurns,-186.6188,-49.0724,207.3334,-5.0917,17.5162,60.7049,0.2847,0.9165,0.2808,0.9980,35,66.605911,0.1338,-0.4907
BiancaGolden_CircleTurns,-186.6268,-49.3290,207.2103,-5.2063,16.6810,59.6842,0.3841,0.8911,0.2417,0.9980,36,66.620720,0.1337,-0.4933
BiancaGolden_CircleTurns,-186.6551,-49.5757,207.0762,-5.2608,15.8067,58.6521,0.4026,0.8873,0.2252,0.9980,36,66.634430,0.1334,-0.4958
BiancaGolden_CircleTurns,-186.7026,-49.8025,206.9267,-5.1907,14.8724,57.6154,0.5213,0.8420,0.1388,0.9980,37,66.648277,0.1330,-0.4980
BiancaGolden_CircleTurns,-186.7922,-50.0031,206.7681,-5.0730,13.9185,56.6359,0.5355,0.8356,0.1228,0.9980,37,66.661911,0.1321,-0.5000
BiancaGolden_CircleTurns,-186.9100,-50.1947,206.6311,-5.0150,12.9918,55.7539,0.5567,0.8237,0.1074,0.9980,37,66.676163,0.1309,-0.5019
BiancaGolden_CircleTurns,-187.0289,-50.3654,206.5001,-5.0216,12.1491,54.8690,0.5702,0.8145,0.1068,0.9980,38,66.689674,0.1297,-0.5037
BiancaGolden_CircleTurns,-187.1581,-50.5227,206.3903,-4.9853,11.3895,54.0050,0.5835,0.8066,0.0949,0.9980,38,66.702682,0.1284,-0.5052
BiancaGolden_CircleTurns,-187.2929,-50.6718,206.2955,-4.9904,10.7046,53.1159,0.5786,0.8092,0.1021,0.9980,39,66.717834,0.1271,-0.5067
BiancaGolden_CircleTurns,-187.4559,-50.7835,206.1956,-4.9575,10.1288,52.1206,0.5763,0.8099,0.1088,0.9980,39,66.731377,0.1254,-0.5078
BiancaGolden_CircleTurns,-187.6388,-50.8942,206.1015,-4.8643,9.5762,51.2105,0.5753,0.8086,0.1231,0.9980,39,66.745407,0.1236,-0.5089
BiancaGolden_CircleTurns,-187.8504,-50.9735,206.0260,-4.7628,8.9849,50.3071,0.5881,0.8008,0.1133,0.9980,40,66.758881,0.1215,-0.5097
BiancaGolden_CircleTurns,-188.0839,-51.0558,206.0164,-4.8248,8.3965,49.4543,0.6016,0.7917,0.1068,0.9980,40,66.771843,0.1192,-0.5106
BiancaGolden_CircleTurns,-188.3241,-51.1122,206.0048,-4.9515,7.8533,48.5266,0.6157,0.7818,0.0985,0.9980,41,66.787346,0.1168,-0.5111
BiancaGolden_CircleTurns,-188.5611,-51.1305,205.9798,-5.1657,7.3575,47.5338,0.7057,0.7075,0.0375,0.9980,41,66.804001,0.1144,-0.5113
BiancaGolden_CircleTurns,-188.7735,-51.1599,205.9450,-5.2272,6.8320,46.5485,0.7196,0.6939,0.0283,0.9980,42,66.815536,0.1123,-0.5116
BiancaGolden_CircleTurns,-188.9962,-51.1679,205.8848,-5.2875,6.3408,45.4238,0.7715,0.6362,-0.0086,0.9980,42,66.828186,0.1100,-0.5117
BiancaGolden_CircleTurns,-189.1915,-51.1635,205.8044,-5.3286,5.8199,44.2221,0.8258,0.5619,-0.0475,0.9980,42,66.842743,0.1081,-0.5116
BiancaGolden_CircleTurns,-189.3821,-51.1491,205.7415,-5.3243,5.3031,43.0203,0.8732,0.4775,-0.0971,0.9980,43,66.855537,0.1062,-0.5115
BiancaGolden_CircleTurns,-189.5561,-51.1118,205.7109,-5.3078,4.7825,41.7193,0.8837,0.4561,-0.1046,0.9980,43,66.868385,0.1044,-0.5111
BiancaGolden_CircleTurns,-189.7408,-51.0643,205.6902,-5.2614,4.3317,40.3758,0.9147,0.3748,-0.1514,0.9980,44,66.883316,0.1026,-0.5106
BiancaGolden_CircleTurns,-189.9555,-50.9987,205.6497,-5.1511,3.8505,39.0219,0.9360,0.2935,-0.1945,0.9980,44,66.896927,0.1004,-0.5100
BiancaGolden_CircleTurns,-190.1412,-50.8891,205.6480,-4.9111,3.3050,37.7205,0.9499,0.2321,-0.2094,0.9980,44,66.910843,0.0986,-0.5089
BiancaGolden_CircleTurns,-190.3571,-50.7618,205.6736,-4.7036,2.8279,36.4694,0.9530,0.1750,-0.2472,0.9980,45,66.924263,0.0964,-0.5076
BiancaGolden_CircleTurns,-190.5577,-50.5831,205.6519,-4.5253,2.3632,35.2343,0.9552,0.1533,-0.2530,0.9980,45,66.937889,0.0944,-0.5058
BiancaGolden_CircleTurns,-190.7366,-50.3938,205.5470,-4.3675,2.0201,34.0209,0.9582,0.1315,-0.2541,0.9980,46,66.952751,0.0926,-0.5039
BiancaGolden_CircleTurns,-190.9164,-50.2052,205.3764,-4.0777,1.7656,32.8221,0.9576,0.1279,-0.2583,0.9980,46,66.966118,0.0908,-0.5021
BiancaGolden_CircleTurns,-191.0926,-50.0159,205.0960,-3.6856,1.5906,31.6996,0.9591,0.1309,-0.2512,0.9980,47,66.980492,0.0891,-0.5002
BiancaGolden_CircleTurns,-191.2662,-49.8266,204.7430,-3.1388,1.4062,30.6640,0.9609,0.1353,-0.2415,0.9980,47,66.993942,0.0873,-0.4983
BiancaGolden_CircleTurns,-191.4255,-49.6507,204.3669,-2.4009,1.0761,29.7127,0.9598,0.1404,-0.2430,0.9980,47,67.008087,0.0857,-0.4965
BiancaGolden_CircleTurns,-191.5818,-49.5357,204.0745,-1.5140,0.5343,28.9569,0.9567,0.1517,-0.2485,0.9980,48,67.021812,0.0842,-0.4954
BiancaGolden_CircleTurns,-191.7321,-49.4583,203.8982,-0.8259,-0.1176,28.0997,0.9565,0.1332,-0.2594,0.9980,48,67.035248,0.0827,-0.4946
BiancaGolden_CircleTurns,-191.9062,-49.4320,203.7611,-0.2106,-0.9715,27.2387,0.9472,0.1699,-0.2718,0.9980,49,67.049911,0.0809,-0.4943
BiancaGolden_CircleTurns,-192.0700,-49.4414,203.6390,0.3629,-1.8865,26.3288,0.9440,0.1720,-0.2815,0.9980,49,67.063919,0.0793,-0.4944
BiancaGolden_CircleTurns,-192.2350,-49.4827,203.5095,0.8040,-2.7742,25.4638,0.9442,0.1555,-0.2904,0.9980,49,67.077888,0.0776,-0.4948
BiancaGolden_CircleTurns,-192.3761,-49.5183,203.4082,1.2400,-3.4435,24.6456,0.9460,0.1502,-0.2873,0.9980,50,67.091812,0.0762,-0.4952
BiancaGolden_CircleTurns,-192.5213,-49.5751,203.3800,1.5171,-3.9731,23.8821,0.9464,0.1387,-0.2916,0.9980,50,67.104698,0.0748,-0.4958
BiancaGolden_CircleTurns,-192.6716,-49.6537,203.4234,1.5977,-4.2602,23.2385,0.9437,0.1520,-0.2939,0.9980,51,67.120094,0.0733,-0.4965
BiancaGolden_CircleTurns,-192.8155,-49.7469,203.5313,1.5338,-4.4307,22.6479,0.9445,0.1429,-0.2958,0.9980,51,67.134087,0.0718,-0.4975
BiancaGolden_CircleTurns,-192.9613,-49.8786,203.6469,1.5504,-4.5743,22.1184,0.9450,0.1685,-0.2804,0.9980,52,67.148521,0.0704,-0.4988
BiancaGolden_CircleTurns,-193.1001,-50.0550,203.7392,1.7205,-4.6216,21.6838,0.9476,0.1745,-0.2676,0.9980,52,67.162720,0.0690,-0.5005
BiancaGolden_CircleTurns,-193.2447,-50.2644,203.7891,2.0053,-4.6952,21.2746,0.9488,0.1674,-0.2678,0.9980,52,67.176559,0.0676,-0.5026
BiancaGolden_CircleTurns,-193.3944,-50.4813,203.8149,2.2235,-4.7496,20.8916,0.9479,0.1752,-0.2660,0.9980,53,67.189026,0.0661,-0.5048
BiancaGolden_CircleTurns,-193.5271,-50.7223,203.8160,2.3226,-4.8023,20.5161,0.9492,0.1680,-0.2661,0.9980,53,67.202095,0.0647,-0.5072
BiancaGolden_CircleTurns,-193.6379,-50.9744,203.7997,2.2482,-4.7927,20.0828,0.9510,0.1748,-0.2550,0.9980,54,67.217484,0.0636,-0.5097
BiancaGolden_CircleTurns,-193.7145,-51.2505,203.7918,2.0744,-4.7610,19.5857,0.9488,0.1879,-0.2539,0.9980,54,67.230598,0.0629,-0.5125
BiancaGolden_CircleTurns,-193.7661,-51.5594,203.7975,1.8902,-4.7334,19.0405,0.9491,0.1857,-0.2543,0.9980,54,67.244881,0.0623,-0.5156
BiancaGolden_CircleTurns,-193.8255,-51.8927,203.7938,1.7536,-4.7246,18.4699,0.9482,0.1840,-0.2591,0.9980,55,67.259102,0.0617,-0.5189
BiancaGolden_CircleTurns,-193.8862,-52.2576,203.7678,1.6623,-4.8120,17.8773,0.9491,0.1740,-0.2624,0.9980,55,67.271629,0.0611,-0.5226
BiancaGolden_CircleTurns,-193.9574,-52.6416,203.7160,1.6156,-4.9768,17.2896,0.9477,0.1757,-0.2664,0.9980,56,67.287239,0.0604,-0.5264
BiancaGolden_CircleTurns,-194.0367,-53.0499,203.6412,1.5906,-5.1796,16.6726,0.9439,0.1811,-0.2763,0.9980,56,67.305008,0.0596,-0.5305
BiancaGolden_CircleTurns,-194.1112,-53.4792,203.5919,1.5878,-5.3798,16.0943,0.9434,0.1742,-0.2821,0.9980,57,67.315186,0.0589,-0.5348
BiancaGolden_CircleTurns,-194.1701,-53.9197,203.5778,1.6231,-5.4957,15.5288,0.9412,0.1845,-0.2830,0.9980,57,67.327484,0.0583,-0.5392
BiancaGolden_CircleTurns,-194.2200,-54.3801,203.5916,1.6248,-5.5123,15.0188,0.9441,0.1807,-0.2756,0.9980,57,67.342155,0.0578,-0.5438
BiancaGolden_CircleTurns,-194.2403,-54.8542,203.6321,1.5790,-5.3345,14.5203,0.9450,0.1866,-0.2688,0.9980,58,67.355362,0.0576,-0.5485
BiancaGolden_CircleTurns,-194.2533,-55.3587,203.6638,1.5401,-5.1358,14.0625,0.9475,0.1791,-0.2648,0.9980,58,67.368271,0.0575,-0.5536
BiancaGolden_CircleTurns,-194.2645,-55.8688,203.6743,1.5551,-4.8977,13.5952,0.9495,0.1832,-0.2548,0.9980,59,67.383789,0.0574,-0.5587
BiancaGolden_CircleTurns,-194.2507,-56.4108,203.6824,1.5351,-4.6520,13.1195,0.9496,0.1866,-0.2518,0.9980,59,67.397453,0.0575,-0.5641
BiancaGolden_CircleTurns,-194.2236,-56.9969,203.6742,1.4437,-4.4817,12.6284,0.9519,0.1767,-0.2502,0.9980,59,67.411552,0.0578,-0.5700
BiancaGolden_CircleTurns,-194.1561,-57.6215,203.6685,1.2352,-4.3511,11.9871,0.9562,0.1469,-0.2531,0.9980,60,67.426163,0.0584,-0.5762
BiancaGolden_CircleTurns,-194.0542,-58.2846,203.6735,1.0166,-4.2812,11.2062,0.9584,0.1323,-0.2531,0.9980,60,67.438133,0.0595,-0.5828
BiancaGolden_CircleTurns,-193.9163,-58.9828,203.6728,0.8017,-4.2683,10.2962,0.9412,-0.0567,-0.3331,0.9980,61,67.453796,0.0608,-0.5898
BiancaGolden_CircleTurns,-193.7650,-59.7225,203.6282,0.6806,-4.3370,9.3303,0.9389,-0.0728,-0.3363,0.9980,61,67.467590,0.0623,-0.5972
BiancaGolden_CircleTurns,-193.5856,-60.4738,203.5874,0.5667,-4.5075,8.3264,0.9259,-0.1346,-0.3529,0.9980,62,67.481735,0.0641,-0.6047
BiancaGolden_CircleTurns,-193.3700,-61.2446,203.5759,0.5555,-4.7837,7.2203,0.9041,-0.2097,-0.3724,0.9980,62,67.494873,0.0663,-0.6124
BiancaGolden_CircleTurns,-193.1463,-62.0235,203.5579,0.5783,-5.0453,6.1573,0.8864,-0.2550,-0.3863,0.9980,62,67.508842,0.0685,-0.6202
BiancaGolden_CircleTurns,-192.9376,-62.8350,203.5071,0.6870,-5.4078,5.0461,0.8790,-0.2723,-0.3915,0.9980,63,67.523338,0.0706,-0.6284
BiancaGolden_CircleTurns,-192.7496,-63.6730,203.4133,1.0399,-5.9004,4.0070,0.8717,-0.2893,-0.3957,0.9980,63,67.535591,0.0725,-0.6367
BiancaGolden_CircleTurns,-192.5578,-64.4941,203.3065,1.3752,-6.3117,3.0235,0.8684,-0.2963,-0.3976,0.9980,64,67.551201,0.0744,-0.6449
BiancaGolden_CircleTurns,-192.3550,-65.3451,203.2232,1.6680,-6.6572,2.0205,0.8717,-0.2941,-0.3921,0.9980,64,67.564507,0.0765,-0.6535
BiancaGolden_CircleTurns,-192.1197,-66.1875,203.1909,1.8984,-6.8296,1.0178,0.8775,-0.2822,-0.3877,0.9980,64,67.578979,0.0788,-0.6619
BiancaGolden_CircleTurns,-191.8534,-67.0535,203.2240,2.1963,-6.7736,0.0820,0.8817,-0.2718,-0.3855,0.9980,65,67.592072,0.0815,-0.6705
BiancaGolden_CircleTurns,-191.5744,-67.9144,203.3174,2.4525,-6.6261,-0.7623,0.8799,-0.2853,-0.3800,0.9980,65,67.605743,0.0843,-0.6791
BiancaGolden_CircleTurns,-191.2905,-68.7522,203.4307,2.7050,-6.3394,-1.5579,0.8867,-0.2776,-0.3697,0.9980,66,67.620369,0.0871,-0.6875
BiancaGolden_CircleTurns,-191.0064,-69.6014,203.4875,2.8962,-5.8689,-2.1619,0.8963,-0.2558,-0.3622,0.9980,66,67.633972,0.0899,-0.6960
BiancaGolden_CircleTurns,-190.7226,-70.4251,203.5203,3.1870,-5.3796,-2.6555,0.9026,-0.2485,-0.3514,0.9980,67,67.648033,0.0928,-0.7043
BiancaGolden_CircleTurns,-190.4626,-71.2558,203.4948,3.2618,-4.7183,-3.0823,0.9134,-0.2263,-0.3383,0.9980,67,67.661377,0.0954,-0.7126
BiancaGolden_CircleTurns,-190.2316,-72.1174,203.3899,3.2483,-4.2532,-3.5960,0.9136,-0.2364,-0.3307,0.9980,67,67.675575,0.0977,-0.7212
BiancaGolden_CircleTurns,-189.9807,-73.0018,203.2896,3.1144,-3.7599,-4.2551,0.8929,-0.2795,-0.3529,0.9980,68,67.689499,0.1002,-0.7300
BiancaGolden_CircleTurns,-189.8217,-73.8743,203.2555,3.2317,-3.5038,-4.8796,0.8918,-0.2890,-0.3480,0.9980,68,67.702194,0.1018,-0.7387
BiancaGolden_CircleTurns,-189.6542,-74.7285,203.2099,3.6705,-3.2983,-5.3350,0.8387,-0.3758,-0.3943,0.9980,69,67.717247,0.1035,-0.7473
BiancaGolden_CircleTurns,-189.5382,-75.5137,203.1482,3.9745,-3.1384,-5.6957,0.8162,-0.4090,-0.4080,0.9980,69,67.731583,0.1046,-0.7551
BiancaGolden_CircleTurns,-189.4018,-76.2694,203.0514,4.1276,-2.9694,-5.9230,0.8069,-0.4115,-0.4237,0.9980,69,67.745674,0.1060,-0.7627
BiancaGolden_CircleTurns,-189.2738,-76.9914,202.9794,4.1610,-2.8158,-6.1333,0.8079,-0.4039,-0.4291,0.9980,70,67.758972,0.1073,-0.7699
BiancaGolden_CircleTurns,-189.1392,-77.6846,202.9773,4.0609,-2.7579,-6.2785,0.8079,-0.4043,-0.4288,0.9980,70,67.771935,0.1086,-0.7768
BiancaGolden_CircleTurns,-188.9977,-78.3759,203.0292,3.9870,-2.7150,-6.3400,0.8141,-0.3833,-0.4362,0.9980,71,67.787735,0.1100,-0.7838
BiancaGolden_CircleTurns,-188.8524,-79.0257,203.0874,3.9586,-2.7007,-6.3922,0.8160,-0.3764,-0.4387,0.9980,71,67.804268,0.1115,-0.7903
BiancaGolden_CircleTurns,-188.7006,-79.6472,203.1139,3.9272,-2.6762,-6.3946,0.8181,-0.3528,-0.4541,0.9980,72,67.815033,0.1130,-0.7965
BiancaGolden_CircleTurns,-188.5331,-80.2079,203.1330,3.8252,-2.7640,-6.2895,0.8184,-0.3470,-0.4580,0.9980,72,67.827934,0.1147,-0.8021
BiancaGolden_CircleTurns,-188.3476,-80.7167,203.1592,3.6732,-2.9403,-6.0739,0.8188,-0.3286,-0.4708,0.9980,72,67.843071,0.1165,-0.8072
BiancaGolden_CircleTurns,-188.1532,-81.2072,203.2141,3.5714,-3.1613,-5.8044,0.8194,-0.3198,-0.4756,0.9980,73,67.855652,0.1185,-0.8121
BiancaGolden_CircleTurns,-187.9354,-81.6555,203.3054,3.4488,-3.4418,-5.3547,0.8201,-0.3120,-0.4798,0.9980,73,67.869026,0.1206,-0.8166
BiancaGolden_CircleTurns,-187.6820,-82.0784,203.4225,3.2998,-3.6807,-4.8952,0.8914,-0.1154,-0.4383,0.9980,74,67.884232,0.1232,-0.8208
BiancaGolden_CircleTurns,-187.3996,-82.4953,203.5450,3.1232,-3.8976,-4.3794,0.8910,-0.1059,-0.4415,0.9980,74,67.898567,0.1260,-0.8250
BiancaGolden_CircleTurns,-187.0638,-82.8855,203.6530,2.9251,-4.1067,-3.8138,0.9221,0.0974,-0.3745,0.9980,74,67.912292,0.1294,-0.8289
BiancaGolden_CircleTurns,-186.7114,-83.2620,203.7419,2.7635,-4.2784,-3.2816,0.9200,0.1074,-0.3770,0.9980,75,67.925797,0.1329,-0.8326
BiancaGolden_CircleTurns,-186.3603,-83.6344,203.7838,2.5876,-4.4635,-2.7243,0.9180,0.1162,-0.3791,0.9980,75,67.938820,0.1364,-0.8363
BiancaGolden_CircleTurns,-185.9722,-83.9932,203.7654,2.4416,-4.6168,-2.2269,0.9117,0.2166,-0.3491,0.9980,76,67.954048,0.1403,-0.8399
BiancaGolden_CircleTurns,-185.5757,-84.3472,203.7351,2.3338,-4.8160,-1.7602,0.9063,0.2579,-0.3348,0.9980,76,67.967697,0.1442,-0.8435
BiancaGolden_CircleTurns,-185.1478,-84.6834,203.6889,2.2570,-5.0340,-1.3478,0.9027,0.2639,-0.3399,0.9980,77,67.982368,0.1485,-0.8468
BiancaGolden_CircleTurns,-184.7038,-85.0114,203.6355,2.2977,-5.3489,-0.9627,0.8988,0.2703,-0.3451,0.9980,77,67.996445,0.1530,-0.8501
BiancaGolden_CircleTurns,-184.2452,-85.2993,203.6007,2.3188,-5.7421,-0.5261,0.9031,0.2589,-0.3426,0.9980,77,68.010574,0.1575,-0.8530
BiancaGolden_CircleTurns,-183.7853,-85.5425,203.5576,2.2325,-6.2422,-0.0968,0.8976,0.2680,-0.3501,0.9980,78,68.023560,0.1621,-0.8554
BiancaGolden_CircleTurns,-183.3288,-85.7458,203.4587,1.9321,-6.8055,0.4008,0.8998,0.2616,-0.3491,0.9980,78,68.036728,0.1667,-0.8575
BiancaGolden_CircleTurns,-182.8795,-85.9221,203.2988,1.5147,-7.4051,0.8746,0.8944,0.2819,-0.3474,0.9980,79,68.051865,0.1712,-0.8592
BiancaGolden_CircleTurns,-182.4088,-86.0691,203.0674,0.9583,-8.0724,1.3944,0.8683,0.3381,-0.3630,0.9980,79,68.066238,0.1759,-0.8607
BiancaGolden_CircleTurns,-181.9401,-86.1818,202.8287,0.3688,-8.7237,1.8749,0.8624,0.3465,-0.3692,0.9980,80,68.080254,0.1806,-0.8618
BiancaGolden_CircleTurns,-181.4471,-86.2884,202.6164,-0.2386,-9.3417,2.2778,0.8410,0.3933,-0.3716,0.9980,80,68.093834,0.1855,-0.8629
BiancaGolden_CircleTurns,-180.9282,-86.3673,202.4580,-0.6404,-9.8302,2.6186,0.8372,0.3984,-0.3748,0.9980,80,68.107635,0.1907,-0.8637
BiancaGolden_CircleTurns,-180.4018,-86.4244,202.3059,-0.8826,-10.1433,2.9086,0.8336,0.4057,-0.3748,0.9980,81,68.121033,0.1960,-0.8642
BiancaGolden_CircleTurns,-179.8663,-86.4266,202.1424,-1.0459,-10.3562,3.2010,0.8396,0.4061,-0.3607,0.9980,81,68.134132,0.2013,-0.8643
BiancaGolden_CircleTurns,-179.3328,-86.3950,201.9490,-1.1823,-10.5319,3.4835,0.8384,0.4077,-0.3617,0.9980,82,68.149109,0.2067,-0.8639
BiancaGolden_CircleTurns,-178.8214,-86.2999,201.7465,-1.3187,-10.7932,3.7723,0.8346,0.4120,-0.3655,0.9980,82,68.163094,0.2118,-0.8630
BiancaGolden_CircleTurns,-178.2921,-86.1976,201.5397,-1.4366,-11.0849,4.0799,0.8381,0.4070,-0.3633,0.9980,82,68.177193,0.2171,-0.8620
BiancaGolden_CircleTurns,-177.7376,-86.0853,201.3539,-1.5041,-11.4618,4.3751,0.8428,0.4052,-0.3541,0.9980,83,68.191299,0.2226,-0.8609
BiancaGolden_CircleTurns,-177.1294,-85.9634,201.1987,-1.5363,-11.7660,4.6266,0.8491,0.3942,-0.3515,0.9980,83,68.204498,0.2287,-0.8596
BiancaGolden_CircleTurns,-176.5041,-85.8549,201.0756,-1.5177,-12.0050,4.8151,0.8469,0.3963,-0.3547,0.9980,84,68.219345,0.2350,-0.8585
BiancaGolden_CircleTurns,-175.8654,-85.7539,200.9429,-1.4560,-12.1894,4.9715,0.8506,0.3915,-0.3509,0.9980,84,68.233101,0.2413,-0.8575
BiancaGolden_CircleTurns,-175.2270,-85.6685,200.8046,-1.4244,-12.3726,5.0485,0.8559,0.3823,-0.3482,0.9980,85,68.247269,0.2477,-0.8567
BiancaGolden_CircleTurns,-174.5798,-85.6160,200.6932,-1.3783,-12.5902,5.0301,0.8544,0.3810,-0.3533,0.9980,85,68.261009,0.2542,-0.8562
BiancaGolden_CircleTurns,-173.9495,-85.5635,200.6226,-1.1722,-12.8515,4.9864,0.8602,0.3710,-0.3498,0.9980,85,68.275841,0.2605,-0.8556
BiancaGolden_CircleTurns,-173.3296,-85.5161,200.5785,-0.8332,-13.1996,4.9421,0.8580,0.3690,-0.3572,0.9980,86,68.292068,0.2667,-0.8552
BiancaGolden_CircleTurns,-172.7277,-85.4632,200.5976,-0.2751,-13.4940,4.9252,0.8586,0.3643,-0.3606,0.9980,86,68.302284,0.2727,-0.8546
BiancaGolden_CircleTurns,-172.2499,-85.3715,200.5824,0.4400,-13.6182,4.9616,0.8575,0.3599,-0.3677,0.9980,87,68.317108,0.2775,-0.8537
BiancaGolden_CircleTurns,-171.8966,-85.2271,200.5006,1.5059,-13.7411,5.1548,0.8523,0.3628,-0.3769,0.9980,87,68.330864,0.2810,-0.8523
BiancaGolden_CircleTurns,-171.5424,-85.0967,200.5414,3.1773,-13.8216,5.6581,0.8625,0.3423,-0.3728,0.9980,87,68.344727,0.2846,-0.8510
BiancaGolden_CircleTurns,-171.0819,-84.9883,200.7154,4.4181,-13.6292,5.9743,0.8812,0.3004,-0.3650,0.9980,88,68.358162,0.2892,-0.8499
BiancaGolden_CircleTurns,-170.6135,-84.9200,201.0255,5.2246,-13.1027,6.0498,0.8868,0.2847,-0.3642,0.9980,88,68.371529,0.2939,-0.8492
BiancaGolden_CircleTurns,-170.1792,-84.9372,201.3461,5.7637,-12.3336,5.7416,0.8951,0.2743,-0.3516,0.9980,89,68.387016,0.2982,-0.8494
BiancaGolden_CircleTurns,-169.7661,-85.0322,201.5614,6.2799,-11.5213,5.2012,0.9108,0.2350,-0.3393,0.9980,89,68.400093,0.3023,-0.8503
BiancaGolden_CircleTurns,-169.3939,-85.1903,201.7352,6.8419,-10.7049,4.5658,0.9206,0.2234,-0.3204,0.9980,90,68.414825,0.3061,-0.8519
BiancaGolden_CircleTurns,-169.0374,-85.3768,201.8841,7.4717,-9.9294,4.0111,0.9265,0.2116,-0.3112,0.9980,90,68.428223,0.3096,-0.8538
BiancaGolden_CircleTurns,-168.6718,-85.6174,202.0800,7.8908,-9.3007,3.5668,0.9304,0.2022,-0.3057,0.9980,90,68.442192,0.3133,-0.8562
BiancaGolden_CircleTurns,-168.2751,-85.9078,202.3346,8.1380,-8.7615,3.2829,0.9306,0.1982,-0.3077,0.9980,91,68.456261,0.3172,-0.8591
BiancaGolden_CircleTurns,-167.8841,-86.1668,202.6104,8.3213,-8.2922,3.1075,0.9269,0.2082,-0.3121,0.9980,91,68.469345,0.3212,-0.8617
BiancaGolden_CircleTurns,-167.5260,-86.4817,202.8411,8.2926,-7.9211,3.0792,0.9206,0.2133,-0.3271,0.9980,92,68.484261,0.3247,-0.8648
BiancaGolden_CircleTurns,-167.2096,-86.8397,202.9557,8.0654,-7.7349,3.0767,0.9163,0.2203,-0.3345,0.9980,92,68.497772,0.3279,-0.8684
BiancaGolden_CircleTurns,-166.8914,-87.2302,203.0243,7.8262,-7.7045,3.0388,0.9144,0.2230,-0.3380,0.9980,92,68.512268,0.3311,-0.8723
BiancaGolden_CircleTurns,-166.5938,-87.6592,203.0535,7.5139,-7.8211,2.9991,0.9134,0.2227,-0.3406,0.9980,93,68.525780,0.3341,-0.8766
BiancaGolden_CircleTurns,-166.2732,-88.0640,203.0887,7.2083,-8.0031,2.9015,0.9034,0.2329,-0.3602,0.9980,93,68.538528,0.3373,-0.8806
BiancaGolden_CircleTurns,-165.9727,-88.4692,203.0645,6.8158,-8.3807,2.8508,0.8963,0.2486,-0.3672,0.9980,94,68.553787,0.3403,-0.8847
BiancaGolden_CircleTurns,-165.6655,-88.8472,203.0215,6.6090,-8.7369,2.9576,0.8723,0.3209,-0.3689,0.9980,94,68.567398,0.3433,-0.8885
BiancaGolden_CircleTurns,-165.3496,-89.1714,202.9907,6.6299,-9.1600,3.2846,0.8668,0.3287,-0.3751,0.9980,95,68.581833,0.3465,-0.8917
BiancaGolden_CircleTurns,-165.0061,-89.4566,202.9697,6.8087,-9.5085,3.8490,0.8276,0.4369,-0.3525,0.9980,95,68.595558,0.3499,-0.8946
BiancaGolden_CircleTurns,-164.6440,-89.7345,202.9602,7.0718,-9.7727,4.5855,0.8193,0.4487,-0.3569,0.9980,95,68.609413,0.3536,-0.8973
BiancaGolden_CircleTurns,-164.2647,-90.0160,202.9057,7.3773,-9.9342,5.4915,0.8043,0.4731,-0.3596,0.9980,96,68.623901,0.3574,-0.9002
BiancaGolden_CircleTurns,-163.8753,-90.3113,202.8255,7.7273,-10.0740,6.3139,0.7971,0.4846,-0.3603,0.9980,96,68.636024,0.3612,-0.9031
BiancaGolden_CircleTurns,-163.4692,-90.6598,202.7227,8.0702,-10.1953,7.1404,0.7920,0.4945,-0.3580,0.9980,97,68.651131,0.3653,-0.9066
BiancaGolden_CircleTurns,-163.0505,-91.0476,202.6343,8.1902,-10.2541,7.8769,0.7945,0.4912,-0.3572,0.9980,97,68.665092,0.3695,-0.9105
BiancaGolden_CircleTurns,-162.6278,-91.4859,202.5259,8.1959,-10.2588,8.5201,0.7972,0.4861,-0.3579,0.9980,97,68.679230,0.3737,-0.9149
BiancaGolden_CircleTurns,-162.2263,-91.9514,202.3889,8.1542,-10.2828,9.1451,0.7920,0.4940,-0.3586,0.9980,98,68.693222,0.3777,-0.9195
BiancaGolden_CircleTurns,-161.8242,-92.5004,202.2123,8.0837,-10.3585,9.7055,0.7881,0.4982,-0.3615,0.9980,98,68.706360,0.3818,-0.9250
BiancaGolden_CircleTurns,-161.4542,-93.0770,201.9879,8.1056,-10.5551,10.3190,0.7901,0.4938,-0.3632,0.9980,99,68.721626,0.3855,-0.9308
BiancaGolden_CircleTurns,-161.0872,-93.6526,201.7306,8.1686,-10.8153,10.9495,0.7884,0.4944,-0.3659,0.9980,99,68.734665,0.3891,-0.9365
BiancaGolden_CircleTurns,-160.7499,-94.2930,201.4487,8.0807,-11.1727,11.6363,0.7881,0.4917,-0.3704,0.9980,100,68.749542,0.3925,-0.9429
BiancaGolden_CircleTurns,-160.4365,-94.9561,201.1822,7.9207,-11.5829,12.2449,0.7807,0.4996,-0.3754,0.9980,100,68.763489,0.3956,-0.9496
BiancaGolden_CircleTurns,-160.1318,-95.6594,200.9481,7.6470,-12.0110,12.8018,0.7795,0.5005,-0.3767,0.9980,100,68.776726,0.3987,-0.9566
BiancaGolden_CircleTurns,-159.8482,-96.4347,200.7460,7.3646,-12.5323,13.2958,0.7768,0.5003,-0.3824,0.9980,101,68.793892,0.4015,-0.9643
BiancaGolden_CircleTurns,-159.5927,-97.2426,200.5442,6.9609,-13.0560,13.6764,0.7829,0.4972,-0.3739,0.9980,101,68.804367,0.4041,-0.9724
BiancaGolden_CircleTurns,-159.3648,-98.1016,200.2810,6.4898,-13.5578,14.0079,0.7826,0.4991,-0.3721,0.9980,102,68.818092,0.4064,-0.9810
BiancaGolden_CircleTurns,-159.1436,-98.9900,199.9966,6.1073,-14.0004,14.3457,0.7794,0.5044,-0.3717,0.9980,102,68.832886,0.4086,-0.9899
BiancaGolden_CircleTurns,-158.9404,-99.9376,199.7763,5.7303,-14.4205,14.7741,0.7789,0.5059,-0.3706,0.9980,103,68.846710,0.4106,-0.9994
BiancaGolden_CircleTurns,-158.7360,-100.9003,199.5911,5.4169,-14.6749,15.2563,0.7735,0.5128,-0.3723,0.9980,103,68.860138,0.4126,-1.0090
BiancaGolden_CircleTurns,-158.5196,-101.9078,199.4545,5.0549,-14.9002,15.7243,0.7777,0.5097,-0.3681,0.9980,103,68.873901,0.4148,-1.0191
BiancaGolden_CircleTurns,-158.2986,-102.9821,199.3359,4.6513,-15.0085,16.2013,0.7791,0.5128,-0.3606,0.9980,104,68.888260,0.4170,-1.0298
BiancaGolden_CircleTurns,-158.0703,-104.1090,199.1874,4.1534,-15.0366,16.4758,0.7846,0.5020,-0.3638,0.9980,104,68.900948,0.4193,-1.0411
BiancaGolden_CircleTurns,-157.7576,-105.2848,199.1181,3.7640,-15.3457,16.6736,0.8026,0.4507,-0.3909,0.9980,105,68.916344,0.4224,-1.0528
BiancaGolden_CircleTurns,-157.3023,-106.4919,199.2852,3.8570,-15.5377,17.0239,0.8005,0.4565,-0.3884,0.9980,105,68.930542,0.4270,-1.0649
BiancaGolden_CircleTurns,-156.9322,-107.6342,199.4045,4.3030,-15.2879,17.4843,0.7891,0.4588,-0.4083,0.9980,105,68.944473,0.4307,-1.0763
BiancaGolden_CircleTurns,-156.6103,-108.7824,199.1079,4.4624,-14.9698,18.0514,0.7600,0.5004,-0.4148,0.9980,106,68.958176,0.4339,-1.0878
BiancaGolden_CircleTurns,-156.0978,-109.9289,198.9610,4.5708,-14.7085,18.9006,0.7557,0.5124,-0.4079,0.9980,106,68.970711,0.4390,-1.0993
BiancaGolden_CircleTurns,-155.6209,-110.9649,199.0790,4.4533,-14.3435,19.6757,0.7528,0.5228,-0.3999,0.9980,107,68.986618,0.4438,-1.1096
BiancaGolden_CircleTurns,-155.1345,-111.9821,199.1790,3.9489,-13.8768,20.4575,0.7487,0.5342,-0.3925,0.9980,107,68.999847,0.4487,-1.1198
BiancaGolden_CircleTurns,-154.6902,-113.0757,199.0048,3.4800,-13.4904,21.1608,0.7464,0.5377,-0.3921,0.9980,108,69.013931,0.4531,-1.1308
BiancaGolden_CircleTurns,-154.2946,-114.1529,198.8101,3.1579,-13.3644,21.7332,0.7413,0.5438,-0.3933,0.9980,108,69.026947,0.4571,-1.1415
BiancaGolden_CircleTurns,-153.9414,-115.1799,198.6363,2.8410,-13.4785,22.1909,0.7363,0.5456,-0.4002,0.9980,108,69.041229,0.4606,-1.1518
BiancaGolden_CircleTurns,-153.6173,-116.1312,198.5497,2.4325,-13.9311,22.6197,0.7250,0.5488,-0.4162,0.9980,109,69.055000,0.4638,-1.1613
BiancaGolden_CircleTurns,-153.2698,-117.0244,198.6274,2.0724,-14.4912,23.1405,0.7206,0.5483,-0.4244,0.9980,109,69.067902,0.4673,-1.1702
BiancaGolden_CircleTurns,-152.9454,-117.8784,198.7388,1.7917,-15.0500,23.7807,0.7137,0.5553,-0.4269,0.9980,110,69.083199,0.4705,-1.1788
BiancaGolden_CircleTurns,-152.7122,-118.6686,198.7338,1.3734,-15.4363,24.3876,0.7048,0.5632,-0.4313,0.9980,110,69.097275,0.4729,-1.1867
BiancaGolden_CircleTurns,-152.5556,-119.4533,198.6910,0.9512,-15.8253,25.0146,0.7026,0.5630,-0.4351,0.9980,110,69.111252,0.4744,-1.1945
BiancaGolden_CircleTurns,-152.4597,-120.1724,198.6995,0.5805,-16.1172,25.6846,0.6960,0.5689,-0.4381,0.9980,111,69.125191,0.4754,-1.2017
BiancaGolden_CircleTurns,-152.3762,-120.8137,198.8600,0.0970,-16.3176,26.3727,0.6900,0.5775,-0.4363,0.9980,111,69.137756,0.4762,-1.2081
BiancaGolden_CircleTurns,-152.3700,-121.3849,199.1181,-0.4839,-16.3192,27.0858,0.6840,0.5874,-0.4325,0.9980,112,69.153030,0.4763,-1.2138
BiancaGolden_CircleTurns,-152.4067,-121.9368,199.3482,-1.0830,-16.2059,27.7259,0.6974,0.5790,-0.4225,0.9980,112,69.167244,0.4759,-1.2194
BiancaGolden_CircleTurns,-152.4710,-122.5038,199.5607,-1.4587,-16.1077,28.3527,0.6920,0.5879,-0.4189,0.9980,113,69.181503,0.4753,-1.2250
BiancaGolden_CircleTurns,-152.5985,-123.0305,199.7854,-1.6910,-15.9198,28.9837,0.6862,0.5971,-0.4154,0.9980,113,69.195053,0.4740,-1.2303
BiancaGolden_CircleTurns,-152.7410,-123.5448,200.0561,-1.7544,-15.7102,29.6661,0.6889,0.5977,-0.4100,0.9980,113,69.209007,0.4726,-1.2354
BiancaGolden_CircleTurns,-152.8977,-124.0238,200.3276,-1.8370,-15.4001,30.3400,0.6997,0.5929,-0.3985,0.9980,114,69.222702,0.4710,-1.2402
BiancaGolden_CircleTurns,-153.1231,-124.4572,200.6232,-1.9185,-14.9557,30.9443,0.6959,0.6020,-0.3916,0.9980,114,69.236023,0.4688,-1.2446
BiancaGolden_CircleTurns,-153.3557,-124.9219,200.8580,-1.9809,-14.5289,31.5491,0.7010,0.5960,-0.3916,0.9980,115,69.250626,0.4664,-1.2492
BiancaGolden_CircleTurns,-153.6288,-125.3793,201.0545,-1.9489,-14.0931,32.1406,0.6967,0.6043,-0.3866,0.9980,115,69.264404,0.4637,-1.2538
BiancaGolden_CircleTurns,-153.9036,-125.8373,201.2322,-1.6833,-13.7240,32.7689,0.6976,0.6060,-0.3823,0.9980,115,69.278732,0.4610,-1.2584
BiancaGolden_CircleTurns,-154.1804,-126.2656,201.4399,-1.5012,-13.3956,33.3890,0.6991,0.6007,-0.3879,0.9980,116,69.295868,0.4582,-1.2627
BiancaGolden_CircleTurns,-154.4765,-126.6783,201.6210,-1.3300,-13.0944,33.9673,0.6942,0.6087,-0.3841,0.9980,116,69.305855,0.4552,-1.2668
BiancaGolden_CircleTurns,-154.7918,-127.0905,201.7469,-1.1754,-12.8088,34.5797,0.6736,0.6344,-0.3792,0.9980,117,69.320290,0.4521,-1.2709
BiancaGolden_CircleTurns,-155.0980,-127.4938,201.8245,-1.0658,-12.5816,35.2028,0.6749,0.6516,-0.3464,0.9980,117,69.334503,0.4490,-1.2749
BiancaGolden_CircleTurns,-155.4141,-127.8733,201.9023,-1.0245,-12.4324,35.7588,0.6695,0.6586,-0.3437,0.9980,118,69.348045,0.4459,-1.2787
BiancaGolden_CircleTurns,-155.7387,-128.2343,201.9846,-1.0260,-12.2673,36.3053,0.6637,0.6654,-0.3417,0.9980,118,69.361465,0.4426,-1.2823
BiancaGolden_CircleTurns,-156.0809,-128.5866,202.0634,-1.1656,-12.1655,36.8327,0.6658,0.6611,-0.3459,0.9980,118,69.376266,0.4392,-1.2859
BiancaGolden_CircleTurns,-156.4428,-128.9266,202.1287,-1.2914,-12.0332,37.2709,0.6649,0.6586,-0.3523,0.9980,119,69.389679,0.4356,-1.2893
BiancaGolden_CircleTurns,-156.8360,-129.2596,202.1803,-1.5124,-11.9888,37.5783,0.6673,0.6560,-0.3528,0.9980,119,69.403290,0.4316,-1.2926
BiancaGolden_CircleTurns,-157.2416,-129.6131,202.2244,-1.6608,-12.0115,37.8983,0.6711,0.6491,-0.3582,0.9980,120,69.418068,0.4276,-1.2961
BiancaGolden_CircleTurns,-157.6810,-129.9411,202.2349,-1.6780,-12.0971,38.1100,0.6799,0.6382,-0.3611,0.9980,120,69.431274,0.4232,-1.2994
BiancaGolden_CircleTurns,-158.1290,-130.2756,202.2441,-1.5834,-12.2455,38.3099,0.6781,0.6395,-0.3622,0.9980,120,69.445518,0.4187,-1.3028
BiancaGolden_CircleTurns,-158.5819,-130.6144,202.2496,-1.3937,-12.2973,38.4764,0.6752,0.6382,-0.3700,0.9980,121,69.460487,0.4142,-1.3061
BiancaGolden_CircleTurns,-159.0360,-130.9443,202.2726,-1.1295,-12.2403,38.6075,0.6858,0.6277,-0.3683,0.9980,121,69.473488,0.4096,-1.3094
BiancaGolden_CircleTurns,-159.5044,-131.2727,202.3080,-0.8397,-12.0664,38.7007,0.6934,0.6224,-0.3631,0.9980,122,69.488358,0.4050,-1.3127
BiancaGolden_CircleTurns,-159.9600,-131.5928,202.3477,-0.5706,-11.7834,38.8036,0.7027,0.6142,-0.3590,0.9980,122,69.502106,0.4004,-1.3159
BiancaGolden_CircleTurns,-160.4405,-131.9117,202.3520,-0.3568,-11.3423,38.8290,0.7048,0.6116,-0.3596,0.9980,123,69.516281,0.3956,-1.3191
BiancaGolden_CircleTurns,-160.9281,-132.2299,202.2959,-0.2196,-10.8779,38.8852,0.7055,0.6139,-0.3541,0.9980,123,69.529160,0.3907,-1.3223
BiancaGolden_CircleTurns,-161.4214,-132.5627,202.2189,-0.0855,-10.5367,38.9956,0.7061,0.6114,-0.3572,0.9980,123,69.543213,0.3858,-1.3256
BiancaGolden_CircleTurns,-161.9184,-132.8914,202.1303,0.1188,-10.2652,39.1117,0.7135,0.6033,-0.3563,0.9980,124,69.556786,0.3808,-1.3289
BiancaGolden_CircleTurns,-162.4342,-133.2449,202.0194,0.2862,-10.2006,39.2298,0.7152,0.6016,-0.3557,0.9980,124,69.569984,0.3757,-1.3324
BiancaGolden_CircleTurns,-162.9484,-133.5801,201.8974,0.3819,-10.1626,39.3422,0.7137,0.5999,-0.3616,0.9980,125,69.584801,0.3705,-1.3358
BiancaGolden_CircleTurns,-163.4870,-133.9095,201.7542,0.3723,-10.2785,39.4437,0.7127,0.6007,-0.3623,0.9980,125,69.598175,0.3651,-1.3391
BiancaGolden_CircleTurns,-164.0262,-134.2469,201.6060,0.4082,-10.3204,39.5280,0.7100,0.5997,-0.3692,0.9980,125,69.612244,0.3597,-1.3425
BiancaGolden_CircleTurns,-164.5483,-134.5834,201.4550,0.4088,-10.3635,39.6227,0.7100,0.5981,-0.3716,0.9980,126,69.626106,0.3545,-1.3458
BiancaGolden_CircleTurns,-165.0474,-134.9038,201.3659,0.3513,-10.3366,39.6378,0.7084,0.5988,-0.3735,0.9980,126,69.638718,0.3495,-1.3490
BiancaGolden_CircleTurns,-165.5699,-135.2348,201.2495,0.3110,-10.2067,39.6219,0.7147,0.5915,-0.3732,0.9980,127,69.653954,0.3443,-1.3523
BiancaGolden_CircleTurns,-166.0388,-135.5748,201.1310,0.2704,-10.1192,39.5093,0.7176,0.5891,-0.3715,0.9980,127,69.667458,0.3396,-1.3557
BiancaGolden_CircleTurns,-166.5434,-135.9346,201.0033,0.3011,-9.9993,39.3583,0.7194,0.5845,-0.3753,0.9980,128,69.681969,0.3346,-1.3593
BiancaGolden_CircleTurns,-167.0080,-136.3057,200.8830,0.3473,-9.9771,39.0707,0.7228,0.5801,-0.3756,0.9980,128,69.695000,0.3299,-1.3631
BiancaGolden_CircleTurns,-167.4215,-136.6638,200.8170,0.4569,-9.9927,38.7514,0.7268,0.5729,-0.3788,0.9980,128,69.709251,0.3258,-1.3666
BiancaGolden_CircleTurns,-167.8374,-137.0217,200.7816,0.4799,-9.9265,38.3800,0.7408,0.5570,-0.3756,0.9980,129,69.722847,0.3216,-1.3702
BiancaGolden_CircleTurns,-168.2333,-137.4466,200.7189,0.3435,-9.6914,37.7081,0.7590,0.5162,-0.3969,0.9980,129,69.735779,0.3177,-1.3745
BiancaGolden_CircleTurns,-168.5852,-137.9351,200.6273,0.1706,-9.6173,36.6898,0.8193,0.4071,-0.4037,0.9980,130,69.751083,0.3141,-1.3794
BiancaGolden_CircleTurns,-168.8554,-138.4543,200.5493,0.2269,-9.5092,35.3419,0.8303,0.3876,-0.4005,0.9980,130,69.764549,0.3114,-1.3845
BiancaGolden_CircleTurns,-169.0706,-138.9403,200.5214,0.4100,-9.3347,33.9810,0.8595,0.2759,-0.4302,0.9980,130,69.778763,0.3093,-1.3894
BiancaGolden_CircleTurns,-169.2057,-139.4256,200.5902,0.6343,-9.0125,32.4282,0.8828,0.1805,-0.4337,0.9980,131,69.796265,0.3079,-1.3943
BiancaGolden_CircleTurns,-169.2474,-139.8911,200.8074,1.0000,-8.7405,30.7392,0.9026,0.0844,-0.4221,0.9980,131,69.806030,0.3075,-1.3989
BiancaGolden_CircleTurns,-169.2765,-140.3708,201.1274,1.4143,-8.2360,28.9647,0.9081,0.0565,-0.4149,0.9980,132,69.820404,0.3072,-1.4037
BiancaGolden_CircleTurns,-169.3672,-140.9360,201.2657,1.8111,-7.9126,27.2320,0.9009,-0.0591,-0.4299,0.9980,132,69.834259,0.3063,-1.4094
BiancaGolden_CircleTurns,-169.4392,-141.5613,201.2463,2.2941,-7.7626,25.4492,0.8924,-0.1230,-0.4341,0.9980,133,69.848610,0.3056,-1.4156
BiancaGolden_CircleTurns,-169.4959,-142.2327,201.2950,2.8871,-7.8158,23.6065,0.8880,-0.1560,-0.4326,0.9980,133,69.861832,0.3050,-1.4223
BiancaGolden_CircleTurns,-169.5520,-142.8881,201.4797,3.5073,-8.0849,21.7234,0.8784,-0.1932,-0.4372,0.9980,133,69.875900,0.3045,-1.4289
BiancaGolden_CircleTurns,-169.5833,-143.5314,201.7212,4.0955,-8.2736,19.8340,0.8574,-0.2493,-0.4503,0.9980,134,69.889458,0.3042,-1.4353
BiancaGolden_CircleTurns,-169.6283,-144.1960,201.9219,4.4653,-8.4412,17.9489,0.8367,-0.3031,-0.4561,0.9980,134,69.902657,0.3037,-1.4420
BiancaGolden_CircleTurns,-169.6679,-144.8914,202.0271,4.7306,-8.5131,16.0656,0.8204,-0.3489,-0.4530,0.9980,135,69.918076,0.3033,-1.4489
BiancaGolden_CircleTurns,-169.6995,-145.6344,202.0701,5.0283,-8.5450,14.1206,0.8077,-0.3789,-0.4516,0.9980,135,69.931435,0.3030,-1.4563
BiancaGolden_CircleTurns,-169.7228,-146.3613,202.1600,5.3555,-8.5830,12.2268,0.7956,-0.4060,-0.4497,0.9980,135,69.945610,0.3028,-1.4636
BiancaGolden_CircleTurns,-169.7362,-147.0839,202.3258,5.5397,-8.5670,10.3602,0.7780,-0.4279,-0.4601,0.9980,136,69.959328,0.3026,-1.4708
BiancaGolden_CircleTurns,-169.7687,-147.8177,202.5485,5.5490,-8.6351,8.5024,0.7723,-0.4182,-0.4781,0.9980,136,69.972458,0.3023,-1.4782
BiancaGolden_CircleTurns,-169.7964,-148.5654,202.6932,5.4597,-8.6836,6.6342,0.7623,-0.4335,-0.4806,0.9980,137,69.987808,0.3020,-1.4857
BiancaGolden_CircleTurns,-169.8067,-149.3545,202.7386,5.3819,-8.7501,4.8276,0.7543,-0.4443,-0.4834,0.9980,137,70.001160,0.3019,-1.4935
BiancaGolden_CircleTurns,-169.7944,-150.1355,202.7791,5.3974,-8.7665,3.0876,0.7538,-0.4401,-0.4879,0.9980,138,70.015640,0.3021,-1.5014
BiancaGolden_CircleTurns,-169.7640,-150.9158,202.8358,5.3525,-8.7325,1.3880,0.7405,-0.4610,-0.4890,0.9980,138,70.029259,0.3024,-1.5092
BiancaGolden_CircleTurns,-169.7132,-151.7069,202.8938,5.0898,-8.6508,-0.3464,0.7362,-0.4587,-0.4976,0.9980,138,70.043694,0.3029,-1.5171
BiancaGolden_CircleTurns,-169.6492,-152.5083,202.9425,4.7346,-8.5440,-2.1580,0.7400,-0.4472,-0.5025,0.9980,139,70.056976,0.3035,-1.5251
BiancaGolden_CircleTurns,-169.5603,-153.3619,202.9794,4.5000,-8.5098,-3.9863,0.7424,-0.4483,-0.4978,0.9980,139,70.069862,0.3044,-1.5336
BiancaGolden_CircleTurns,-169.4690,-154.2211,202.9774,4.4126,-8.4833,-5.8307,0.7507,-0.4453,-0.4880,0.9980,140,70.084892,0.3053,-1.5422
BiancaGolden_CircleTurns,-169.3875,-155.0841,202.9738,4.3749,-8.5083,-7.6611,0.7345,-0.4702,-0.4893,0.9980,140,70.098564,0.3061,-1.5508
BiancaGolden_CircleTurns,-169.3135,-155.9469,203.0035,4.3118,-8.5765,-9.6256,0.7178,-0.4943,-0.4903,0.9980,141,70.113632,0.3069,-1.5595
BiancaGolden_CircleTurns,-169.2184,-156.8386,203.0595,4.3064,-8.6433,-11.5349,0.6282,-0.5631,-0.5368,0.9980,141,70.126465,0.3078,-1.5684
BiancaGolden_CircleTurns,-169.1151,-157.7133,203.1042,4.4064,-8.7136,-13.3760,0.5941,-0.6030,-0.5323,0.9980,141,70.141037,0.3088,-1.5771
BiancaGolden_CircleTurns,-168.9964,-158.5620,203.1258,4.3910,-8.6565,-15.0759,0.5476,-0.6511,-0.5255,0.9980,142,70.154724,0.3100,-1.5856
BiancaGolden_CircleTurns,-168.8767,-159.4416,203.1384,4.3181,-8.5548,-16.6769,0.5103,-0.6757,-0.5319,0.9980,142,70.167770,0.3112,-1.5944
BiancaGolden_CircleTurns,-168.7415,-160.3210,203.1853,4.3251,-8.3820,-18.1629,0.4947,-0.6876,-0.5314,0.9980,143,70.182907,0.3126,-1.6032
BiancaGolden_CircleTurns,-168.5797,-161.2208,203.2400,4.3698,-8.1503,-19.5198,0.4810,-0.7000,-0.5279,0.9980,143,70.196533,0.3142,-1.6122
BiancaGolden_CircleTurns,-168.4261,-162.1248,203.2776,4.4515,-7.9764,-20.8561,0.4895,-0.6948,-0.5269,0.9980,143,70.210968,0.3157,-1.6212
BiancaGolden_CircleTurns,-168.2526,-163.0352,203.2956,4.6103,-7.7655,-21.9819,0.4791,-0.7039,-0.5244,0.9980,144,70.224785,0.3175,-1.6304
BiancaGolden_CircleTurns,-168.0745,-163.9409,203.2764,4.7075,-7.6049,-22.9382,0.4841,-0.6909,-0.5370,0.9980,144,70.238121,0.3193,-1.6394
BiancaGolden_CircleTurns,-167.8882,-164.8613,203.2562,4.7747,-7.4664,-23.8882,0.4927,-0.6828,-0.5395,0.9980,145,70.253418,0.3211,-1.6486
BiancaGolden_CircleTurns,-167.7157,-165.7920,203.2047,4.7806,-7.3408,-24.7266,0.4848,-0.6900,-0.5375,0.9980,145,70.266739,0.3228,-1.6579
BiancaGolden_CircleTurns,-167.5171,-166.7296,203.1172,4.7870,-7.2023,-25.4442,0.4949,-0.6917,-0.5260,0.9980,146,70.281044,0.3248,-1.6673
BiancaGolden_CircleTurns,-167.2863,-167.6750,203.0510,4.7873,-7.0784,-26.1995,0.5104,-0.6792,-0.5275,0.9980,146,70.300362,0.3271,-1.6767
BiancaGolden_CircleTurns,-167.0270,-168.6373,202.9772,4.6425,-6.9387,-26.8162,0.5175,-0.6615,-0.5427,0.9980,146,70.309509,0.3297,-1.6864
BiancaGolden_CircleTurns,-166.7548,-169.6241,202.8638,4.5016,-6.7813,-27.3325,0.5315,-0.6458,-0.5481,0.9980,147,70.322098,0.3325,-1.6962
BiancaGolden_CircleTurns,-166.4987,-170.6280,202.6995,4.3167,-6.6900,-27.7403,0.5298,-0.6451,-0.5506,0.9980,147,70.335854,0.3350,-1.7063
BiancaGolden_CircleTurns,-166.2061,-171.6368,202.5179,4.0726,-6.6840,-28.1225,0.5412,-0.6324,-0.5542,0.9980,148,70.350616,0.3379,-1.7164
BiancaGolden_CircleTurns,-165.9087,-172.6386,202.3402,3.7611,-6.6640,-28.6081,0.5349,-0.6332,-0.5594,0.9980,148,70.364250,0.3409,-1.7264
BiancaGolden_CircleTurns,-165.4982,-173.6956,202.3266,3.5887,-7.0305,-28.9465,0.5452,-0.6181,-0.5664,0.9980,148,70.378563,0.3450,-1.7370
BiancaGolden_CircleTurns,-165.0016,-174.7253,202.5407,3.1992,-7.1243,-29.3865,0.5444,-0.6214,-0.5634,0.9980,149,70.392296,0.3500,-1.7473
BiancaGolden_CircleTurns,-164.6374,-175.7014,202.6864,2.8718,-6.7659,-29.8246,0.4821,-0.6619,-0.5741,0.9980,149,70.405533,0.3536,-1.7570
BiancaGolden_CircleTurns,-164.4330,-176.7428,202.2382,3.1558,-6.5237,-30.0046,0.4683,-0.6599,-0.5875,0.9980,150,70.420639,0.3557,-1.7674
BiancaGolden_CircleTurns,-164.2625,-177.6567,201.5968,3.5179,-6.5454,-30.1351,0.4661,-0.6610,-0.5880,0.9980,150,70.434875,0.3574,-1.7766
BiancaGolden_CircleTurns,-163.9736,-178.5054,201.1681,3.8256,-6.7241,-30.0860,0.4658,-0.6541,-0.5960,0.9980,151,70.448708,0.3603,-1.7851
BiancaGolden_CircleTurns,-163.6896,-179.2949,201.0863,3.7055,-7.2073,-30.0381,0.4631,-0.6447,-0.6082,0.9980,151,70.462502,0.3631,-1.7929
BiancaGolden_CircleTurns,-163.3575,-180.0862,201.1901,3.2496,-7.8572,-30.0076,0.4607,-0.6373,-0.6178,0.9980,151,70.476906,0.3664,-1.8009
BiancaGolden_CircleTurns,-162.9873,-180.8741,201.3971,2.6216,-8.4405,-30.0788,0.4611,-0.6276,-0.6273,0.9980,152,70.490654,0.3701,-1.8087
BiancaGolden_CircleTurns,-162.7404,-181.6834,201.4240,2.6896,-9.0210,-30.0257,0.4675,-0.6172,-0.6329,0.9980,152,70.503670,0.3726,-1.8168
BiancaGolden_CircleTurns,-162.4818,-182.4425,201.2782,2.9066,-9.6493,-29.9263,0.4713,-0.6168,-0.6304,0.9980,153,70.518723,0.3752,-1.8244
BiancaGolden_CircleTurns,-162.2285,-183.0899,201.1588,2.9015,-10.4688,-29.7727,0.4674,-0.6060,-0.6437,0.9980,153,70.532372,0.3777,-1.8309
BiancaGolden_CircleTurns,-161.9251,-183.6762,201.1464,2.4553,-11.3537,-29.4848,0.4655,-0.5935,-0.6566,0.9980,154,70.546875,0.3807,-1.8368
BiancaGolden_CircleTurns,-161.5895,-184.2702,201.2168,1.9264,-12.1417,-29.1619,0.4766,-0.5718,-0.6677,0.9980,154,70.560410,0.3841,-1.8427
BiancaGolden_CircleTurns,-161.2266,-184.8368,201.3732,1.3357,-12.8248,-28.6142,0.4764,-0.5602,-0.6776,0.9980,154,70.574631,0.3877,-1.8484
BiancaGolden_CircleTurns,-160.8932,-185.3836,201.4657,1.0361,-13.3821,-28.0161,0.4828,-0.5528,-0.6793,0.9980,155,70.588470,0.3911,-1.8538
BiancaGolden_CircleTurns,-160.5719,-185.9112,201.4890,1.0065,-13.9253,-27.3571,0.4838,-0.5437,-0.6858,0.9980,155,70.601753,0.3943,-1.8591
BiancaGolden_CircleTurns,-160.2277,-186.3992,201.5227,1.0524,-14.4840,-26.5398,0.4844,-0.5377,-0.6901,0.9980,156,70.616982,0.3977,-1.8640
BiancaGolden_CircleTurns,-159.8573,-186.8387,201.5878,1.1334,-14.9934,-25.6170,0.4949,-0.5311,-0.6878,0.9980,156,70.630684,0.4014,-1.8684
BiancaGolden_CircleTurns,-159.4734,-187.2455,201.6429,1.0648,-15.4840,-24.6320,0.5045,-0.5203,-0.6890,0.9980,156,70.644829,0.4053,-1.8725
BiancaGolden_CircleTurns,-159.0882,-187.6013,201.6927,0.8453,-15.9563,-23.5863,0.5242,-0.5022,-0.6878,0.9980,157,70.658020,0.4091,-1.8760
BiancaGolden_CircleTurns,-158.6903,-187.9503,201.7142,0.6185,-16.3677,-22.4593,0.6073,-0.4745,-0.6372,0.9980,157,70.671089,0.4131,-1.8795
BiancaGolden_CircleTurns,-158.2675,-188.2594,201.7379,0.2733,-16.6615,-21.2357,0.6165,-0.4583,-0.6402,0.9980,158,70.686333,0.4173,-1.8826
BiancaGolden_CircleTurns,-157.8196,-188.5200,201.7500,0.0121,-16.8228,-19.9463,0.6904,-0.3610,-0.6269,0.9980,158,70.700081,0.4218,-1.8852
BiancaGolden_CircleTurns,-157.3819,-188.7529,201.7473,-0.2490,-16.9822,-18.5752,0.7460,-0.2395,-0.6215,0.9980,159,70.714729,0.4262,-1.8875
BiancaGolden_CircleTurns,-156.8917,-188.9297,201.7332,-0.4864,-17.0702,-17.0836,0.8202,-0.1446,-0.5535,0.9980,159,70.727875,0.4311,-1.8893
BiancaGolden_CircleTurns,-156.3866,-189.0716,201.7044,-0.8756,-17.1001,-15.4101,0.8577,-0.0394,-0.5126,0.9980,159,70.741898,0.4361,-1.8907
BiancaGolden_CircleTurns,-155.8616,-189.1808,201.6686,-1.3137,-17.1221,-13.7203,0.8643,0.0603,-0.4993,0.9980,160,70.755867,0.4414,-1.8918
BiancaGolden_CircleTurns,-155.3131,-189.2587,201.6207,-1.7057,-17.1540,-11.9768,0.8623,0.0915,-0.4981,0.9980,160,70.768646,0.4469,-1.8926
BiancaGolden_CircleTurns,-154.7360,-189.3032,201.5600,-2.0827,-17.1729,-9.9982,0.8596,0.1831,-0.4770,0.9980,161,70.783791,0.4526,-1.8930
BiancaGolden_CircleTurns,-154.1474,-189.3233,201.4855,-2.5310,-17.2122,-8.1025,0.8532,0.2804,-0.4399,0.9980,161,70.801430,0.4585,-1.8932
BiancaGolden_CircleTurns,-153.5486,-189.3207,201.4057,-3.1629,-17.2601,-6.1993,0.8355,0.3522,-0.4218,0.9980,161,70.812454,0.4645,-1.8932
BiancaGolden_CircleTurns,-152.9616,-189.3152,201.2856,-3.7824,-17.3144,-4.4626,0.8349,0.3744,-0.4035,0.9980,162,70.824867,0.4704,-1.8932
BiancaGolden_CircleTurns,-152.3685,-189.3266,201.0770,-4.3986,-17.4156,-3.0207,0.8361,0.3668,-0.4080,0.9980,162,70.837921,0.4763,-1.8933
BiancaGolden_CircleTurns,-151.7501,-189.3884,200.8826,-4.7292,-17.5186,-1.7688,0.8342,0.3541,-0.4228,0.9980,163,70.852692,0.4825,-1.8939
BiancaGolden_CircleTurns,-151.0622,-189.5246,200.7666,-4.6182,-17.8563,-0.8714,0.8272,0.3643,-0.4279,0.9980,163,70.865807,0.4894,-1.8952
BiancaGolden_CircleTurns,-150.3411,-189.6560,200.6632,-4.4043,-18.0594,-0.0393,0.8342,0.3330,-0.4397,0.9980,164,70.880188,0.4966,-1.8966
BiancaGolden_CircleTurns,-149.6050,-189.7918,200.5057,-4.0398,-18.3017,0.5317,0.8385,0.3131,-0.4458,0.9980,164,70.893646,0.5039,-1.8979
BiancaGolden_CircleTurns,-148.8684,-189.8758,200.2751,-3.9822,-18.5077,1.0323,0.8435,0.2881,-0.4533,0.9980,164,70.907722,0.5113,-1.8988
BiancaGolden_CircleTurns,-148.1292,-189.9467,200.0592,-4.1850,-18.7351,1.5323,0.8500,0.2702,-0.4523,0.9980,165,70.921913,0.5187,-1.8995
BiancaGolden_CircleTurns,-147.3587,-190.0231,199.8546,-4.6519,-18.9835,1.8660,0.8469,0.2763,-0.4544,0.9980,165,70.934624,0.5264,-1.9002
BiancaGolden_CircleTurns,-146.5737,-190.1231,199.6806,-5.1229,-19.2644,2.2508,0.8447,0.2779,-0.4574,0.9980,166,70.949547,0.5343,-1.9012
BiancaGolden_CircleTurns,-145.7983,-190.2265,199.4818,-5.5782,-19.5626,2.4283,0.8457,0.2654,-0.4630,0.9980,166,70.963104,0.5420,-1.9023
BiancaGolden_CircleTurns,-145.0279,-190.3409,199.2518,-5.9387,-19.9202,2.6001,0.8507,0.2543,-0.4600,0.9980,166,70.977547,0.5497,-1.9034
BiancaGolden_CircleTurns,-144.2335,-190.4461,199.0180,-6.1369,-20.3187,2.8182,0.8535,0.2453,-0.4597,0.9980,167,70.990730,0.5577,-1.9045
BiancaGolden_CircleTurns,-143.4030,-190.5153,198.7937,-6.2656,-20.6972,3.0255,0.8535,0.2344,-0.4654,0.9980,167,71.003922,0.5660,-1.9052
BiancaGolden_CircleTurns,-142.5201,-190.5849,198.5896,-6.2227,-21.0330,3.2190,0.8565,0.2302,-0.4620,0.9980,168,71.019150,0.5748,-1.9058
BiancaGolden_CircleTurns,-141.6157,-190.6711,198.4139,-6.1681,-21.2861,3.4690,0.8542,0.2330,-0.4649,0.9980,168,71.032677,0.5838,-1.9067
BiancaGolden_CircleTurns,-140.6835,-190.7442,198.2325,-6.0974,-21.4648,3.6624,0.8569,0.2256,-0.4634,0.9980,169,71.047409,0.5932,-1.9074
BiancaGolden_CircleTurns,-139.7201,-190.8108,198.0051,-5.9847,-21.5805,3.7902,0.8566,0.2212,-0.4662,0.9980,169,71.060898,0.6028,-1.9081
BiancaGolden_CircleTurns,-138.7539,-190.8767,197.7659,-5.8921,-21.7078,3.8934,0.8563,0.2151,-0.4696,0.9980,169,71.074982,0.6125,-1.9088
BiancaGolden_CircleTurns,-137.7552,-190.9467,197.5008,-5.6406,-21.8236,3.8814,0.8588,0.2100,-0.4673,0.9980,170,71.087952,0.6224,-1.9095
BiancaGolden_CircleTurns,-136.7130,-191.0257,197.2506,-5.2255,-21.9030,3.8706,0.8577,0.2097,-0.4694,0.9980,170,71.101357,0.6329,-1.9103
BiancaGolden_CircleTurns,-135.6330,-191.0941,197.0265,-4.8506,-21.9852,3.9064,0.8581,0.2091,-0.4690,0.9980,171,71.116692,0.6437,-1.9109
BiancaGolden_CircleTurns,-134.5107,-191.1242,196.8000,-4.4417,-22.0113,3.9283,0.8581,0.2139,-0.4668,0.9980,171,71.130211,0.6549,-1.9112
BiancaGolden_CircleTurns,-133.3779,-191.1361,196.5516,-4.0563,-22.0197,4.0569,0.8564,0.2159,-0.4690,0.9980,171,71.144272,0.6662,-1.9114
BiancaGolden_CircleTurns,-132.1992,-191.1564,196.3513,-3.6956,-22.1781,4.2255,0.8533,0.2185,-0.4735,0.9980,172,71.157944,0.6780,-1.9116
BiancaGolden_CircleTurns,-130.8902,-191.1951,196.3411,-3.4275,-22.3569,4.4589,0.8552,0.2247,-0.4670,0.9980,172,71.171082,0.6911,-1.9120
BiancaGolden_CircleTurns,-129.6369,-191.1388,196.3313,-3.2595,-22.1893,4.7536,0.8566,0.2285,-0.4626,0.9980,173,71.186417,0.7036,-1.9114
BiancaGolden_CircleTurns,-128.5543,-191.0291,195.9804,-3.2137,-21.9144,5.0042,0.8547,0.2360,-0.4623,0.9980,173,71.199509,0.7145,-1.9103
BiancaGolden_CircleTurns,-127.5034,-190.9643,195.6516,-3.1104,-21.8799,5.5169,0.8505,0.2463,-0.4647,0.9980,174,71.213814,0.7250,-1.9096
BiancaGolden_CircleTurns,-126.3201,-190.9029,195.7391,-2.7957,-22.1089,6.2217,0.8456,0.2578,-0.4675,0.9980,174,71.227859,0.7368,-1.9090
BiancaGolden_CircleTurns,-125.1119,-190.8063,195.9588,-2.5762,-22.2083,6.8572,0.8405,0.2691,-0.4702,0.9980,174,71.242134,0.7489,-1.9081
BiancaGolden_CircleTurns,-123.9517,-190.6826,196.2378,-2.5399,-22.4345,7.7285,0.8303,0.2847,-0.4792,0.9980,175,71.255356,0.7605,-1.9068
BiancaGolden_CircleTurns,-122.8914,-190.5160,196.3324,-2.6785,-22.5563,8.5632,0.8253,0.2975,-0.4800,0.9980,175,71.268837,0.7711,-1.9052
BiancaGolden_CircleTurns,-121.9343,-190.3709,196.3658,-2.7308,-22.6541,9.4130,0.8199,0.3068,-0.4835,0.9980,176,71.284309,0.7807,-1.9037
BiancaGolden_CircleTurns,-121.0762,-190.2511,196.4258,-2.7545,-22.8234,10.3644,0.8164,0.3150,-0.4841,0.9980,176,71.300095,0.7892,-1.9025
BiancaGolden_CircleTurns,-120.2441,-190.1403,196.5593,-2.7224,-23.0426,11.3645,0.8140,0.3184,-0.4858,0.9980,176,71.312019,0.7976,-1.9014
BiancaGolden_CircleTurns,-119.4516,-190.0114,196.7047,-2.6081,-23.1218,12.3811,0.8136,0.3200,-0.4854,0.9980,177,71.324883,0.8055,-1.9001
BiancaGolden_CircleTurns,-118.6847,-189.8705,196.8421,-2.5831,-23.1659,13.4328,0.8113,0.3262,-0.4851,0.9980,177,71.337700,0.8132,-1.8987
BiancaGolden_CircleTurns,-117.9508,-189.7243,197.0156,-2.6534,-23.1963,14.4308,0.8073,0.3369,-0.4845,0.9980,178,71.352249,0.8205,-1.8972
BiancaGolden_CircleTurns,-117.2312,-189.5604,197.2465,-2.7514,-23.1456,15.4303,0.8024,0.3517,-0.4822,0.9980,178,71.366554,0.8277,-1.8956
BiancaGolden_CircleTurns,-116.5645,-189.3963,197.4554,-2.7633,-22.9933,16.4558,0.8010,0.3534,-0.4832,0.9980,179,71.380737,0.8344,-1.8940
BiancaGolden_CircleTurns,-115.9182,-189.2327,197.6628,-2.7349,-22.9181,17.5397,0.7946,0.3709,-0.4808,0.9980,179,71.394608,0.8408,-1.8923
BiancaGolden_CircleTurns,-115.3306,-189.0778,197.8875,-2.8032,-22.7775,18.7690,0.7669,0.4459,-0.4616,0.9980,179,71.407852,0.8467,-1.8908
BiancaGolden_CircleTurns,-114.7664,-188.9137,198.0928,-2.8497,-22.6647,19.9087,0.7206,0.5340,-0.4422,0.9980,180,71.421364,0.8523,-1.8891
BiancaGolden_CircleTurns,-114.2183,-188.7619,198.3021,-2.8992,-22.4830,21.1010,0.6653,0.6130,-0.4262,0.9980,180,71.434502,0.8578,-1.8876
BiancaGolden_CircleTurns,-113.7246,-188.6162,198.4859,-2.8250,-22.1936,22.3617,0.6537,0.6283,-0.4218,0.9980,181,71.449463,0.8628,-1.8862
BiancaGolden_CircleTurns,-113.2644,-188.4581,198.6020,-2.7772,-21.8831,23.6210,0.6041,0.6900,-0.3988,0.9980,181,71.463699,0.8674,-1.8846
BiancaGolden_CircleTurns,-112.8256,-188.3237,198.6831,-2.8546,-21.6005,24.8571,0.5369,0.7530,-0.3805,0.9980,181,71.477295,0.8717,-1.8832
BiancaGolden_CircleTurns,-112.4128,-188.1901,198.7715,-2.9908,-21.3969,26.0109,0.5059,0.7739,-0.3809,0.9980,182,71.491104,0.8759,-1.8819
BiancaGolden_CircleTurns,-112.0174,-188.0723,198.8551,-3.1752,-21.2790,27.0811,0.4889,0.7815,-0.3876,0.9980,182,71.504128,0.8798,-1.8807
BiancaGolden_CircleTurns,-111.6369,-187.9693,198.9451,-3.2898,-21.2467,28.1020,0.4876,0.7809,-0.3904,0.9980,183,71.518776,0.8836,-1.8797
BiancaGolden_CircleTurns,-111.2867,-187.8849,198.9934,-3.2983,-21.2244,29.0690,0.4743,0.7891,-0.3903,0.9980,183,71.532394,0.8871,-1.8788
BiancaGolden_CircleTurns,-110.9360,-187.7968,199.0515,-3.2824,-21.2119,30.0453,0.4807,0.7858,-0.3892,0.9980,184,71.547363,0.8906,-1.8780
BiancaGolden_CircleTurns,-110.5982,-187.7034,199.1113,-3.2205,-21.1417,31.0411,0.4829,0.7830,-0.3921,0.9980,184,71.560692,0.8940,-1.8770
BiancaGolden_CircleTurns,-110.2441,-187.6272,199.1740,-3.1362,-21.0270,32.0719,0.4814,0.7809,-0.3981,0.9980,184,71.574066,0.8976,-1.8763
BiancaGolden_CircleTurns,-109.9237,-187.5882,199.2061,-3.0008,-20.8769,33.0967,0.4862,0.7717,-0.4100,0.9980,185,71.588058,0.9008,-1.8759
BiancaGolden_CircleTurns,-109.6510,-187.5804,199.1841,-2.8463,-20.7721,34.0914,0.4912,0.7663,-0.4142,0.9980,185,71.600906,0.9035,-1.8758
BiancaGolden_CircleTurns,-109.3952,-187.6062,199.1405,-2.6704,-20.7146,35.0827,0.4780,0.7747,-0.4139,0.9980,186,71.616386,0.9060,-1.8761
BiancaGolden_CircleTurns,-109.1506,-187.6326,199.0973,-2.5514,-20.6586,36.0811,0.4752,0.7770,-0.4128,0.9980,186,71.630096,0.9085,-1.8763
BiancaGolden_CircleTurns,-108.9405,-187.7171,199.0391,-2.4758,-20.6424,37.0794,0.4759,0.7748,-0.4162,0.9980,186,71.646484,0.9106,-1.8772
BiancaGolden_CircleTurns,-108.7512,-187.8133,199.0017,-2.4906,-20.6810,38.1154,0.4713,0.7761,-0.4191,0.9980,187,71.659447,0.9125,-1.8781
BiancaGolden_CircleTurns,-108.5949,-187.9494,198.9379,-2.5942,-20.7833,39.1323,0.4785,0.7683,-0.4251,0.9980,187,71.672096,0.9141,-1.8795
BiancaGolden_CircleTurns,-108.4546,-188.1222,198.8578,-2.6849,-20.9514,40.1279,0.4771,0.7665,-0.4299,0.9980,188,71.686455,0.9155,-1.8812
BiancaGolden_CircleTurns,-108.3283,-188.4018,198.7943,-2.8825,-21.2784,41.0464,0.4645,0.7710,-0.4356,0.9980,188,71.700233,0.9167,-1.8840
BiancaGolden_CircleTurns,-108.1988,-188.7028,198.7411,-3.0274,-21.6545,41.8643,0.4738,0.7638,-0.4382,0.9980,189,71.714455,0.9180,-1.8870
BiancaGolden_CircleTurns,-108.0889,-189.0539,198.6573,-3.1301,-22.0498,42.5624,0.4839,0.7534,-0.4453,0.9980,189,71.727768,0.9191,-1.8905
BiancaGolden_CircleTurns,-107.9740,-189.4952,198.5351,-3.2853,-22.4972,43.0951,0.4894,0.7460,-0.4516,0.9980,189,71.741768,0.9203,-1.8950
BiancaGolden_CircleTurns,-107.8271,-189.9850,198.4388,-3.4884,-22.9977,43.2866,0.4964,0.7356,-0.4611,0.9980,190,71.755089,0.9217,-1.8999
BiancaGolden_CircleTurns,-107.6188,-190.6091,198.3700,-3.5528,-23.5761,43.0571,0.5003,0.7245,-0.4741,0.9980,190,71.768402,0.9238,-1.9061
BiancaGolden_CircleTurns,-107.3615,-191.3127,198.2941,-3.3643,-24.4046,42.3596,0.5439,0.6701,-0.5051,0.9980,191,71.783203,0.9264,-1.9131
BiancaGolden_CircleTurns,-107.0382,-192.0650,198.2564,-2.8980,-25.3419,41.3940,0.6025,0.5782,-0.5502,0.9980,191,71.800003,0.9296,-1.9206
BiancaGolden_CircleTurns,-106.7117,-192.8645,198.2339,-2.3247,-26.4707,40.1607,0.6512,0.4731,-0.5934,0.9980,191,71.810989,0.9329,-1.9286
BiancaGolden_CircleTurns,-106.3411,-193.6933,198.1436,-1.6507,-27.6538,38.6434,0.6766,0.3593,-0.6427,0.9980,192,71.823921,0.9366,-1.9369
BiancaGolden_CircleTurns,-105.9282,-194.5767,198.0238,-0.6263,-28.9299,36.6899,0.7024,0.2427,-0.6692,0.9980,192,71.838058,0.9407,-1.9458
BiancaGolden_CircleTurns,-105.4870,-195.4734,197.8987,0.5552,-30.0091,34.6480,0.7076,0.2066,-0.6757,0.9980,193,71.852478,0.9451,-1.9547
BiancaGolden_CircleTurns,-104.9929,-196.3749,197.7603,1.9557,-30.8833,32.2829,0.6662,0.0754,-0.7420,0.9980,193,71.866158,0.9501,-1.9637
BiancaGolden_CircleTurns,-104.5075,-197.2880,197.6671,3.3630,-31.4506,29.8689,0.6565,-0.0343,-0.7536,0.9980,194,71.880257,0.9549,-1.9729
BiancaGolden_CircleTurns,-104.0470,-198.1350,197.6990,4.7072,-31.7795,27.5397,0.6568,-0.1000,-0.7474,0.9980,194,71.894302,0.9595,-1.9814
BiancaGolden_CircleTurns,-103.5803,-198.9349,197.7477,5.8194,-31.8859,25.5526,0.6524,-0.1692,-0.7387,0.9980,194,71.907845,0.9642,-1.9893
BiancaGolden_CircleTurns,-103.1367,-199.5975,197.9191,6.3490,-31.5701,23.8756,0.6557,-0.2045,-0.7268,0.9980,195,71.921265,0.9686,-1.9960
BiancaGolden_CircleTurns,-102.6926,-200.2245,198.0355,6.5839,-31.1871,22.5849,0.6583,-0.2090,-0.7232,0.9980,195,71.934433,0.9731,-2.0022
BiancaGolden_CircleTurns,-102.3006,-200.8397,198.0915,6.4073,-30.6627,21.7683,0.6526,-0.2304,-0.7218,0.9980,196,71.949928,0.9770,-2.0084
BiancaGolden_CircleTurns,-101.9220,-201.4764,198.0583,6.2114,-30.2086,21.0383,0.6344,-0.2474,-0.7323,0.9980,196,71.964020,0.9808,-2.0148
BiancaGolden_CircleTurns,-101.5461,-202.1336,198.0248,6.1672,-29.9084,20.1992,0.6133,-0.2508,-0.7490,0.9980,196,71.977562,0.9845,-2.0213
BiancaGolden_CircleTurns,-101.1741,-202.7623,197.9646,6.1590,-29.6958,19.5224,0.5929,-0.2678,-0.7595,0.9980,197,71.991508,0.9883,-2.0276
BiancaGolden_CircleTurns,-100.7997,-203.3731,197.9094,6.2473,-29.6246,18.8036,0.5673,-0.2887,-0.7713,0.9980,197,72.004517,0.9920,-2.0337
BiancaGolden_CircleTurns,-100.4295,-203.9341,197.8425,6.3673,-29.6370,18.0950,0.5633,-0.3015,-0.7693,0.9980,198,72.019173,0.9957,-2.0393
BiancaGolden_CircleTurns,-100.0679,-204.4616,197.7558,6.5858,-29.7629,17.4816,0.5585,-0.3093,-0.7697,0.9980,198,72.033012,0.9993,-2.0446
BiancaGolden_CircleTurns,-99.7264,-204.9614,197.6699,6.8426,-30.0414,16.9628,0.5486,-0.3332,-0.7668,0.9980,199,72.047020,1.0027,-2.0496
BiancaGolden_CircleTurns,-99.3860,-205.4259,197.5950,7.1147,-30.4936,16.6145,0.5398,-0.3406,-0.7698,0.9980,199,72.061417,1.0061,-2.0543
BiancaGolden_CircleTurns,-99.0379,-205.8715,197.5173,7.4319,-30.9857,16.2648,0.5282,-0.3407,-0.7777,0.9980,199,72.075127,1.0096,-2.0587
BiancaGolden_CircleTurns,-98.6848,-206.3087,197.4330,7.7678,-31.4777,15.8451,0.4984,-0.3387,-0.7980,0.9980,200,72.088737,1.0132,-2.0631
BiancaGolden_CircleTurns,-98.3375,-206.7223,197.3125,8.0862,-31.9599,15.4469,0.4804,-0.3440,-0.8068,0.9980,200,72.102211,1.0166,-2.0672
BiancaGolden_CircleTurns,-98.0336,-207.0859,197.1489,8.3281,-32.4714,15.1372,0.4716,-0.3496,-0.8096,0.9980,201,72.117401,1.0197,-2.0709
BiancaGolden_CircleTurns,-97.7378,-207.4387,196.9870,8.4632,-33.0162,14.8065,0.4539,-0.3523,-0.8185,0.9980,201,72.130867,1.0226,-2.0744
BiancaGolden_CircleTurns,-97.4413,-207.8179,196.7971,8.5794,-33.5719,14.4150,0.4444,-0.3584,-0.8210,0.9980,201,72.144875,1.0256,-2.0782
BiancaGolden_CircleTurns,-97.1302,-208.1987,196.6225,8.6427,-34.0570,13.9022,0.4344,-0.3496,-0.8301,0.9980,202,72.159172,1.0287,-2.0820
BiancaGolden_CircleTurns,-96.7926,-208.5629,196.4579,8.8060,-34.5165,13.2384,0.4242,-0.3393,-0.8396,0.9980,202,72.172104,1.0321,-2.0856
BiancaGolden_CircleTurns,-96.4542,-208.9337,196.2812,9.0621,-34.9557,12.5632,0.4199,-0.3427,-0.8404,0.9980,203,72.186874,1.0355,-2.0893
BiancaGolden_CircleTurns,-96.1230,-209.2914,196.0569,9.4172,-35.3738,11.7939,0.4100,-0.3529,-0.8410,0.9980,203,72.200310,1.0388,-2.0929
BiancaGolden_CircleTurns,-95.8494,-209.6375,195.7882,9.7870,-35.8577,10.9574,0.3941,-0.3506,-0.8495,0.9980,204,72.214607,1.0415,-2.0964
BiancaGolden_CircleTurns,-95.6080,-209.9513,195.5296,10.0079,-36.4936,10.1067,0.3915,-0.3438,-0.8535,0.9980,204,72.228172,1.0439,-2.0995
BiancaGolden_CircleTurns,-95.4239,-210.2538,195.2673,10.2747,-37.3012,9.2413,0.3721,-0.3517,-0.8590,0.9980,204,72.242607,1.0458,-2.1025
BiancaGolden_CircleTurns,-95.2420,-210.5333,194.9992,10.5092,-38.4098,8.3689,0.3602,-0.3578,-0.8615,0.9980,205,72.256317,1.0476,-2.1053
BiancaGolden_CircleTurns,-95.0650,-210.8283,194.7159,10.8135,-39.3885,7.4821,0.3408,-0.3677,-0.8652,0.9980,205,72.269722,1.0494,-2.1083
BiancaGolden_CircleTurns,-94.8849,-211.0979,194.4593,11.1134,-40.3905,6.5324,0.3419,-0.3706,-0.8636,0.9980,206,72.284592,1.0512,-2.1110
BiancaGolden_CircleTurns,-94.7105,-211.3277,194.2173,11.4787,-41.2191,5.5416,0.3255,-0.3821,-0.8649,0.9980,206,72.301537,1.0529,-2.1133
BiancaGolden_CircleTurns,-94.5941,-211.5289,193.9934,11.8402,-42.0367,4.5846,0.2947,-0.4108,-0.8628,0.9980,207,72.313515,1.0541,-2.1153
BiancaGolden_CircleTurns,-94.4949,-211.7045,193.7633,12.1965,-42.8313,3.7198,0.2656,-0.4214,-0.8671,0.9980,207,72.325943,1.0551,-2.1170
BiancaGolden_CircleTurns,-94.4115,-211.8961,193.5470,12.4626,-43.6644,2.9610,0.2393,-0.4405,-0.8653,0.9980,207,72.340317,1.0559,-2.1190
BiancaGolden_CircleTurns,-94.3057,-212.0436,193.3467,12.7550,-44.3740,2.1866,0.2281,-0.4488,-0.8640,0.9980,208,72.354057,1.0569,-2.1204
BiancaGolden_CircleTurns,-94.1703,-212.1533,193.1751,13.0166,-44.7954,1.5570,0.2198,-0.4521,-0.8645,0.9980,208,72.367134,1.0583,-2.1215
BiancaGolden_CircleTurns,-94.0438,-212.2358,192.9994,13.2087,-45.1601,0.9631,0.2169,-0.4627,-0.8596,0.9980,209,72.382317,1.0596,-2.1224
BiancaGolden_CircleTurns,-93.9545,-212.2778,192.8334,13.3115,-45.4148,0.5125,0.2071,-0.4643,-0.8611,0.9980,209,72.396156,1.0605,-2.1228
BiancaGolden_CircleTurns,-93.9523,-212.2836,192.6939,13.2022,-45.7544,0.3526,0.1984,-0.4553,-0.8680,0.9980,209,72.410057,1.0605,-2.1228
BiancaGolden_CircleTurns,-93.9784,-212.2893,192.5522,13.1632,-46.1490,0.1376,0.1882,-0.4537,-0.8710,0.9980,210,72.424690,1.0602,-2.1229
BiancaGolden_CircleTurns,-93.9963,-212.3219,192.4164,13.1326,-46.5790,-0.0913,0.1831,-0.4552,-0.8714,0.9980,210,72.437759,1.0600,-2.1232
BiancaGolden_CircleTurns,-94.0069,-212.3179,192.3129,13.2202,-46.8226,-0.3237,0.1861,-0.4362,-0.8804,0.9980,211,72.452515,1.0599,-2.1232
BiancaGolden_CircleTurns,-93.9998,-212.2888,192.2052,13.3246,-46.9666,-0.5577,0.1968,-0.4344,-0.8789,0.9980,211,72.465851,1.0600,-2.1229
BiancaGolden_CircleTurns,-94.0327,-212.2393,192.0924,13.3021,-47.1047,-0.6308,0.1933,-0.4410,-0.8764,0.9980,212,72.480354,1.0597,-2.1224
BiancaGolden_CircleTurns,-94.1279,-212.1556,191.9890,13.2392,-47.2630,-0.7504,0.1794,-0.4504,-0.8746,0.9980,212,72.493721,1.0587,-2.1216
BiancaGolden_CircleTurns,-94.2417,-212.1073,191.8806,13.1445,-47.4860,-0.8976,0.1743,-0.4600,-0.8706,0.9980,212,72.507896,1.0576,-2.1211
BiancaGolden_CircleTurns,-94.3864,-212.0867,191.7781,13.1132,-47.7135,-1.1341,0.1758,-0.4645,-0.8680,0.9980,213,72.521484,1.0561,-2.1209
BiancaGolden_CircleTurns,-94.5406,-212.0630,191.6877,13.2326,-47.9217,-1.4867,0.1694,-0.4671,-0.8678,0.9980,213,72.534729,1.0546,-2.1206
BiancaGolden_CircleTurns,-94.6896,-211.9995,191.6415,13.4242,-48.2028,-1.8905,0.1619,-0.4701,-0.8677,0.9980,214,72.549492,1.0531,-2.1200
BiancaGolden_CircleTurns,-94.8944,-211.9066,191.6269,13.6351,-48.5286,-2.2800,0.1483,-0.4668,-0.8719,0.9980,214,72.563217,1.0511,-2.1191
BiancaGolden_CircleTurns,-95.1665,-211.8363,191.6039,13.8061,-48.9654,-2.5216,0.1379,-0.4615,-0.8764,0.9980,214,72.577316,1.0483,-2.1184
BiancaGolden_CircleTurns,-95.4732,-211.7526,191.5872,13.7883,-49.3693,-2.8097,0.1322,-0.4610,-0.8775,0.9980,215,72.591095,1.0453,-2.1175
BiancaGolden_CircleTurns,-95.7403,-211.6755,191.6299,13.7327,-49.6062,-3.2149,0.1522,-0.4725,-0.8681,0.9980,215,72.604309,1.0426,-2.1168
BiancaGolden_CircleTurns,-95.9456,-211.6061,191.6979,13.9620,-49.6594,-3.5429,0.1566,-0.4762,-0.8653,0.9980,216,72.619270,1.0405,-2.1161
BiancaGolden_CircleTurns,-96.1648,-211.5334,191.7831,14.3899,-49.4953,-3.6081,0.1659,-0.4808,-0.8610,0.9980,216,72.633095,1.0384,-2.1153
BiancaGolden_CircleTurns,-96.4559,-211.4610,191.8181,14.6709,-49.2081,-3.4121,0.1715,-0.4844,-0.8579,0.9980,217,72.647171,1.0354,-2.1146
BiancaGolden_CircleTurns,-96.7963,-211.3928,191.8250,14.6180,-48.9087,-3.1469,0.1749,-0.4806,-0.8593,0.9980,217,72.660706,1.0320,-2.1139
BiancaGolden_CircleTurns,-97.1640,-211.3430,191.8329,14.1975,-48.6628,-2.8830,0.1709,-0.4909,-0.8543,0.9980,217,72.676506,1.0284,-2.1134
BiancaGolden_CircleTurns,-97.5488,-211.3251,191.8490,13.7893,-48.5601,-2.6229,0.1712,-0.4886,-0.8555,0.9980,218,72.689919,1.0245,-2.1133
BiancaGolden_CircleTurns,-97.9511,-211.3065,191.8706,13.5757,-48.5678,-2.4213,0.1800,-0.4871,-0.8546,0.9980,218,72.703079,1.0205,-2.1131
BiancaGolden_CircleTurns,-98.3958,-211.3103,191.8898,13.2829,-48.7428,-2.1544,0.1770,-0.4846,-0.8566,0.9980,219,72.718292,1.0160,-2.1131
BiancaGolden_CircleTurns,-98.8374,-211.3225,191.9164,12.9864,-48.9357,-2.0332,0.1774,-0.4854,-0.8561,0.9980,219,72.731483,1.0116,-2.1132
BiancaGolden_CircleTurns,-99.2762,-211.3585,191.9494,12.6156,-49.1137,-2.0320,0.1777,-0.4829,-0.8575,0.9980,219,72.745895,1.0072,-2.1136
BiancaGolden_CircleTurns,-99.6937,-211.4027,191.9817,12.3971,-49.1247,-1.9271,0.1894,-0.4751,-0.8593,0.9980,220,72.759148,1.0031,-2.1140
BiancaGolden_CircleTurns,-100.0811,-211.4614,192.0370,12.1694,-48.9900,-1.7787,0.1922,-0.4727,-0.8600,0.9980,220,72.772377,0.9992,-2.1146
BiancaGolden_CircleTurns,-100.4573,-211.5123,192.0861,11.8904,-48.7707,-1.6432,0.1951,-0.4701,-0.8608,0.9980,221,72.787140,0.9954,-2.1151
BiancaGolden_CircleTurns,-100.8492,-211.5755,192.1337,11.5629,-48.5018,-1.5373,0.1960,-0.4721,-0.8595,0.9980,221,72.803711,0.9915,-2.1158
BiancaGolden_CircleTurns,-101.2636,-211.6700,192.1881,11.2031,-48.2978,-1.5780,0.1963,-0.4733,-0.8587,0.9980,222,72.815346,0.9874,-2.1167
BiancaGolden_CircleTurns,-101.6523,-211.7931,192.2445,10.9840,-48.1322,-1.8212,0.2102,-0.4864,-0.8480,0.9980,222,72.828087,0.9835,-2.1179
BiancaGolden_CircleTurns,-102.0468,-211.9486,192.2977,10.9700,-47.9831,-2.1331,0.2103,-0.5169,-0.8298,0.9980,222,72.842964,0.9795,-2.1195
BiancaGolden_CircleTurns,-102.4101,-212.0968,192.3196,11.0468,-47.8260,-2.4208,0.2107,-0.5181,-0.8289,0.9980,223,72.856010,0.9759,-2.1210
BiancaGolden_CircleTurns,-102.7926,-212.2437,192.3327,11.0651,-47.6689,-2.6379,0.2115,-0.5183,-0.8286,0.9980,223,72.868912,0.9721,-2.1224
BiancaGolden_CircleTurns,-103.1584,-212.3980,192.3307,11.0636,-47.5503,-2.7367,0.2167,-0.5089,-0.8331,0.9980,224,72.884140,0.9684,-2.1240
BiancaGolden_CircleTurns,-103.4811,-212.5684,192.3441,10.9388,-47.4289,-2.7908,0.2203,-0.5070,-0.8333,0.9980,224,72.897675,0.9652,-2.1257
BiancaGolden_CircleTurns,-103.7664,-212.7396,192.3536,10.8579,-47.2655,-2.6113,0.2275,-0.5014,-0.8348,0.9980,224,72.911934,0.9623,-2.1274
BiancaGolden_CircleTurns,-104.0449,-212.9130,192.3604,10.8147,-47.0283,-2.1547,0.2374,-0.4957,-0.8355,0.9980,225,72.925659,0.9596,-2.1291
BiancaGolden_CircleTurns,-104.2981,-213.0369,192.3557,10.4713,-46.7625,-1.2888,0.2471,-0.4855,-0.8386,0.9980,225,72.939201,0.9570,-2.1304
BiancaGolden_CircleTurns,-104.5022,-213.1249,192.3551,9.7372,-46.4936,-0.0884,0.2573,-0.4879,-0.8341,0.9980,226,72.954369,0.9550,-2.1312
BiancaGolden_CircleTurns,-104.6851,-213.2315,192.3474,8.6062,-46.2665,1.6208,0.2663,-0.4700,-0.8416,0.9980,226,72.967453,0.9531,-2.1323
BiancaGolden_CircleTurns,-104.8322,-213.3207,192.3449,7.1433,-46.0820,3.5171,0.2667,-0.4575,-0.8482,0.9980,227,72.981987,0.9517,-2.1332
BiancaGolden_CircleTurns,-104.9612,-213.4355,192.3296,5.6189,-45.8794,5.1339,0.2631,-0.4428,-0.8572,0.9980,227,72.995789,0.9504,-2.1344
BiancaGolden_CircleTurns,-105.0884,-213.6400,192.3086,4.2114,-45.7449,6.8591,0.2695,-0.4271,-0.8631,0.9980,227,73.009605,0.9491,-2.1364
BiancaGolden_CircleTurns,-105.1881,-213.8320,192.2851,3.0850,-45.6090,8.4606,0.2757,-0.4144,-0.8674,0.9980,228,73.023087,0.9481,-2.1383
BiancaGolden_CircleTurns,-105.2593,-214.0088,192.2764,1.9935,-45.5890,10.0295,0.2807,-0.3995,-0.8727,0.9980,228,73.036194,0.9474,-2.1401
BiancaGolden_CircleTurns,-105.3094,-214.1613,192.2357,0.9623,-45.4843,11.5501,0.2890,-0.3968,-0.8712,0.9980,229,73.051346,0.9469,-2.1416
BiancaGolden_CircleTurns,-105.3696,-214.3185,192.1951,0.0300,-45.4262,13.2108,0.2996,-0.3915,-0.8700,0.9980,229,73.064857,0.9463,-2.1432
BiancaGolden_CircleTurns,-105.4215,-214.4534,192.1686,-0.8283,-45.2399,15.3040,0.3326,-0.3816,-0.8624,0.9980,230,73.080414,0.9458,-2.1445
BiancaGolden_CircleTurns,-105.4653,-214.5208,192.1846,-1.7240,-44.9501,17.7002,0.3485,-0.3544,-0.8677,0.9980,230,73.093842,0.9453,-2.1452
BiancaGolden_CircleTurns,-105.5198,-214.4842,192.2626,-2.9147,-44.5115,20.7187,0.3651,-0.3187,-0.8747,0.9980,230,73.108070,0.9448,-2.1448
BiancaGolden_CircleTurns,-105.5951,-214.3910,192.3669,-4.6022,-43.8098,24.2337,0.3787,-0.2797,-0.8822,0.9980,231,73.121277,0.9440,-2.1439
BiancaGolden_CircleTurns,-105.6674,-214.2686,192.4948,-6.5298,-42.9552,27.7056,0.3628,-0.1833,-0.9137,0.9980,231,73.134407,0.9433,-2.1427
BiancaGolden_CircleTurns,-105.7445,-214.1176,192.6785,-8.7740,-41.7914,31.4688,0.3887,-0.0678,-0.9189,0.9980,232,73.149055,0.9426,-2.1412
BiancaGolden_CircleTurns,-105.8328,-213.9580,192.9398,-11.1162,-40.2575,35.4987,0.3974,-0.0110,-0.9176,0.9980,232,73.162407,0.9417,-2.1396
BiancaGolden_CircleTurns,-105.9242,-213.7873,193.2864,-13.2892,-38.4254,39.4320,0.3866,0.4669,-0.7953,0.9980,232,73.176804,0.9408,-2.1379
BiancaGolden_CircleTurns,-106.0380,-213.6310,193.6232,-15.1439,-36.4396,42.9509,0.3745,0.5156,-0.7707,0.9980,233,73.190193,0.9396,-2.1363
BiancaGolden_CircleTurns,-106.1822,-213.5174,193.9548,-16.8161,-34.2833,46.2146,0.3866,0.5728,-0.7227,0.9980,233,73.203102,0.9382,-2.1352
BiancaGolden_CircleTurns,-106.3206,-213.4416,194.2643,-18.1771,-32.1449,49.1267,0.3800,0.6166,-0.6895,0.9980,234,73.218109,0.9368,-2.1344
BiancaGolden_CircleTurns,-106.4661,-213.4109,194.5810,-19.1404,-30.0758,51.7477,0.3349,0.7312,-0.5943,0.9980,234,73.231361,0.9353,-2.1341
BiancaGolden_CircleTurns,-106.6168,-213.3955,194.9009,-19.7922,-28.2035,54.0584,0.3174,0.7573,-0.5707,0.9980,234,73.245689,0.9338,-2.1340
BiancaGolden_CircleTurns,-106.7713,-213.4198,195.1969,-19.9302,-26.5684,56.0737,0.3152,0.7883,-0.5285,0.9980,235,73.259010,0.9323,-2.1342
BiancaGolden_CircleTurns,-106.9108,-213.4373,195.4816,-19.7771,-25.1307,57.8387,0.2484,0.8198,-0.5159,0.9980,235,73.272179,0.9309,-2.1344
BiancaGolden_CircleTurns,-107.0316,-213.4743,195.7342,-19.3925,-23.8442,59.4022,0.2338,0.8327,-0.5020,0.9980,236,73.287506,0.9297,-2.1347
BiancaGolden_CircleTurns,-107.1702,-213.5060,195.9279,-18.7924,-22.8480,60.6855,0.2206,0.8685,-0.4438,0.9980,236,73.304115,0.9283,-2.1351
BiancaGolden_CircleTurns,-107.3566,-213.5648,196.0997,-18.1907,-21.8832,61.9953,0.1827,0.8946,-0.4078,0.9980,237,73.315460,0.9264,-2.1356
BiancaGolden_CircleTurns,-107.5496,-213.6568,196.2336,-17.3926,-21.1429,63.3055,0.2131,0.9260,-0.3115,0.9980,237,73.328232,0.9245,-2.1366
BiancaGolden_CircleTurns,-107.7483,-213.7515,196.3941,-16.6591,-20.4474,64.6683,0.1918,0.9337,-0.3023,0.9980,237,73.342705,0.9225,-2.1375
BiancaGolden_CircleTurns,-107.9477,-213.8310,196.5758,-16.0712,-19.7617,66.0365,0.2231,0.9240,-0.3105,0.9980,238,73.356270,0.9205,-2.1383
BiancaGolden_CircleTurns,-108.1293,-213.9333,196.7534,-15.6315,-19.0841,67.3642,0.2062,0.9316,-0.2993,0.9980,238,73.368874,0.9187,-2.1393
BiancaGolden_CircleTurns,-108.3361,-214.0397,196.9114,-15.4822,-18.3822,68.4917,0.2299,0.9250,-0.3026,0.9980,239,73.383980,0.9166,-2.1404
BiancaGolden_CircleTurns,-108.5453,-214.1968,197.0185,-15.5323,-17.8181,69.5314,0.2545,0.9071,-0.3353,0.9980,239,73.397491,0.9145,-2.1420
BiancaGolden_CircleTurns,-108.7117,-214.3462,197.1525,-15.6037,-17.3027,70.4699,0.2671,0.8968,-0.3528,0.9980,239,73.411766,0.9129,-2.1435
BiancaGolden_CircleTurns,-108.8446,-214.5029,197.3208,-15.5972,-16.7160,71.2897,0.2799,0.8891,-0.3621,0.9980,240,73.425484,0.9116,-2.1450
BiancaGolden_CircleTurns,-108.9947,-214.6999,197.4923,-15.5355,-16.1364,72.0038,0.2895,0.8796,-0.3775,0.9980,240,73.438789,0.9101,-2.1470
BiancaGolden_CircleTurns,-109.1186,-214.8670,197.6297,-15.4257,-15.5805,72.7981,0.2807,0.8866,-0.3675,0.9980,241,73.454918,0.9088,-2.1487
BiancaGolden_CircleTurns,-109.2471,-215.0507,197.8203,-15.6148,-14.9578,73.4194,0.2877,0.8861,-0.3633,0.9980,241,73.467094,0.9075,-2.1505
BiancaGolden_CircleTurns,-109.3922,-215.2212,197.9958,-15.9267,-14.3694,73.8553,0.3020,0.8801,-0.3663,0.9980,242,73.481407,0.9061,-2.1522
BiancaGolden_CircleTurns,-109.5242,-215.4516,198.1175,-16.1663,-13.8231,74.2667,0.3109,0.8728,-0.3763,0.9980,242,73.494850,0.9048,-2.1545
BiancaGolden_CircleTurns,-109.6059,-215.6691,198.2174,-16.2076,-13.2673,74.5327,0.3411,0.8512,-0.3989,0.9980,242,73.509201,0.9039,-2.1567
BiancaGolden_CircleTurns,-109.7001,-215.8788,198.3814,-16.1017,-12.7273,74.7419,0.3405,0.8561,-0.3887,0.9980,243,73.522743,0.9030,-2.1588
BiancaGolden_CircleTurns,-109.7649,-216.0741,198.5549,-16.1269,-12.0833,74.8489,0.3423,0.8597,-0.3791,0.9980,243,73.535873,0.9024,-2.1607
BiancaGolden_CircleTurns,-109.8500,-216.2664,198.7313,-16.3859,-11.4604,74.7457,0.3527,0.8554,-0.3794,0.9980,244,73.551102,0.9015,-2.1627
BiancaGolden_CircleTurns,-109.9243,-216.4857,198.8422,-16.5931,-10.7280,74.5649,0.3721,0.8478,-0.3779,0.9980,244,73.564919,0.9008,-2.1649
BiancaGolden_CircleTurns,-109.9910,-216.6980,198.9756,-16.5179,-10.0009,74.2460,0.3882,0.8390,-0.3813,0.9980,244,73.578934,0.9001,-2.1670
BiancaGolden_CircleTurns,-110.0502,-216.9168,199.1537,-16.3491,-9.2703,73.9982,0.3958,0.8419,-0.3668,0.9980,245,73.592728,0.8995,-2.1692
BiancaGolden_CircleTurns,-110.1030,-217.1370,199.3435,-16.0128,-8.4147,73.6717,0.4025,0.8444,-0.3534,0.9980,245,73.605797,0.8990,-2.1714
BiancaGolden_CircleTurns,-110.1705,-217.3612,199.4998,-15.7346,-7.6256,73.3876,0.4530,0.8687,-0.2005,0.9980,246,73.621506,0.8983,-2.1736
BiancaGolden_CircleTurns,-110.2723,-217.5766,199.6242,-15.6055,-6.8781,73.0889,0.4592,0.8676,-0.1907,0.9980,246,73.634018,0.8973,-2.1758
BiancaGolden_CircleTurns,-110.3918,-217.8128,199.7034,-15.6349,-6.2860,72.7100,0.4656,0.8669,-0.1778,0.9980,247,73.648453,0.8961,-2.1781
BiancaGolden_CircleTurns,-110.4928,-218.0590,199.7738,-15.6543,-5.7676,72.4034,0.4751,0.8630,-0.1717,0.9980,247,73.662262,0.8951,-2.1806
BiancaGolden_CircleTurns,-110.5970,-218.3083,199.8382,-15.5049,-5.3651,72.0706,0.4741,0.8637,-0.1712,0.9980,247,73.676849,0.8940,-2.1831
BiancaGolden_CircleTurns,-110.7103,-218.5572,199.8586,-15.2503,-4.9896,71.7876,0.4691,0.8613,-0.1953,0.9980,248,73.690659,0.8929,-2.1856
BiancaGolden_CircleTurns,-110.8401,-218.8000,199.8797,-15.0366,-4.8109,71.5738,0.4728,0.8600,-0.1923,0.9980,248,73.703011,0.8916,-2.1880
BiancaGolden_CircleTurns,-110.9775,-219.0425,199.8989,-14.9080,-4.6533,71.3597,0.4674,0.8626,-0.1937,0.9980,249,73.718529,0.8902,-2.1904
BiancaGolden_CircleTurns,-111.1234,-219.2792,199.9521,-14.8313,-4.6007,71.1296,0.4644,0.8604,-0.2097,0.9980,249,73.731377,0.8888,-2.1928
BiancaGolden_CircleTurns,-111.2189,-219.5190,200.0293,-14.7924,-4.4133,70.8397,0.4663,0.8568,-0.2202,0.9980,249,73.745728,0.8878,-2.1952
BiancaGolden_CircleTurns,-111.3079,-219.7425,200.1334,-14.6880,-4.1916,70.4318,0.4742,0.8542,-0.2133,0.9980,250,73.758904,0.8869,-2.1974
BiancaGolden_CircleTurns,-111.4124,-219.9828,200.2144,-14.5949,-3.8206,69.9812,0.4808,0.8521,-0.2067,0.9980,250,73.772285,0.8859,-2.1998
BiancaGolden_CircleTurns,-111.5343,-220.2314,200.2636,-14.3808,-3.4398,69.5736,0.4711,0.8547,-0.2179,0.9980,251,73.787430,0.8847,-2.2023
BiancaGolden_CircleTurns,-111.6717,-220.4685,200.3256,-14.2730,-3.0855,69.1507,0.4798,0.8512,-0.2128,0.9980,251,73.804077,0.8833,-2.2047
BiancaGolden_CircleTurns,-111.7826,-220.7007,200.4195,-14.3645,-2.7676,68.5885,0.4712,0.8517,-0.2292,0.9980,252,73.815590,0.8822,-2.2070
BiancaGolden_CircleTurns,-111.8786,-220.9450,200.5250,-14.3952,-2.4691,68.0089,0.4778,0.8487,-0.2268,0.9980,252,73.829536,0.8812,-2.2094
BiancaGolden_CircleTurns,-111.9836,-221.1897,200.6198,-14.3040,-2.1581,67.4477,0.4865,0.8451,-0.2217,0.9980,252,73.843575,0.8802,-2.2119
BiancaGolden_CircleTurns,-112.0957,-221.4339,200.6831,-14.1856,-1.8714,66.9173,0.4820,0.8474,-0.2226,0.9980,253,73.857094,0.8790,-2.2143
BiancaGolden_CircleTurns,-112.2323,-221.6748,200.7408,-14.1602,-1.6323,66.3403,0.4913,0.8430,-0.2193,0.9980,253,73.869873,0.8777,-2.2167
BiancaGolden_CircleTurns,-112.3512,-221.9240,200.7998,-14.1307,-1.4400,65.7411,0.4963,0.8392,-0.2221,0.9980,254,73.884514,0.8765,-2.2192
BiancaGolden_CircleTurns,-112.4691,-222.1603,200.8922,-13.9960,-1.2382,65.1041,0.4859,0.8427,-0.2318,0.9980,254,73.899086,0.8753,-2.2216
BiancaGolden_CircleTurns,-112.5750,-222.3811,200.9936,-13.6468,-0.9403,64.4844,0.4859,0.8427,-0.2318,0.9980,255,73.913605,0.8743,-2.2238
BiancaGolden_CircleTurns,-112.7012,-222.6043,201.0842,-13.3977,-0.6468,63.9212,0.4912,0.8386,-0.2354,0.9980,255,73.926605,0.8730,-2.2260
BiancaGolden_CircleTurns,-112.8437,-222.7912,201.1570,-13.2933,-0.3384,63.3302,0.5002,0.8344,-0.2315,0.9980,255,73.941055,0.8716,-2.2279
BiancaGolden_CircleTurns,-112.9591,-222.9922,201.2324,-13.2759,-0.1098,62.7475,0.4840,0.8406,-0.2431,0.9980,256,73.954178,0.8704,-2.2299
BiancaGolden_CircleTurns,-113.0687,-223.1834,201.3238,-13.2714,0.0612,62.1192,0.4935,0.8359,-0.2402,0.9980,256,73.967300,0.8693,-2.2318
BiancaGolden_CircleTurns,-113.1527,-223.3786,201.4201,-13.1194,0.2297,61.5323,0.4867,0.8394,-0.2420,0.9980,257,73.983482,0.8685,-2.2338
BiancaGolden_CircleTurns,-113.2883,-223.5698,201.4762,-12.8156,0.3504,61.0272,0.4830,0.8409,-0.2440,0.9980,257,73.997589,0.8671,-2.2357
BiancaGolden_CircleTurns,-113.4066,-223.7327,201.5193,-12.4349,0.5112,60.6145,0.4774,0.8405,-0.2563,0.9980,257,74.011108,0.8659,-2.2373
BiancaGolden_CircleTurns,-113.5347,-223.8910,201.5744,-12.1020,0.6459,60.2590,0.4839,0.8374,-0.2541,0.9980,258,74.024437,0.8647,-2.2389
BiancaGolden_CircleTurns,-113.6571,-224.0255,201.6567,-11.8760,0.7776,59.8949,0.4904,0.8345,-0.2514,0.9980,258,74.037155,0.8634,-2.2403
BiancaGolden_CircleTurns,-113.7557,-224.1596,201.7288,-11.6615,0.9341,59.5374,0.4717,0.8420,-0.2620,0.9980,259,74.052094,0.8624,-2.2416
BiancaGolden_CircleTurns,-113.8433,-224.2935,201.7848,-11.4045,1.1007,59.2170,0.4773,0.8392,-0.2607,0.9980,259,74.066582,0.8616,-2.2429
BiancaGolden_CircleTurns,-113.9256,-224.4250,201.8312,-11.1313,1.2545,58.9140,0.4686,0.8430,-0.2641,0.9980,260,74.080025,0.8607,-2.2442
BiancaGolden_CircleTurns,-114.0204,-224.5385,201.8802,-10.8610,1.3614,58.6968,0.4728,0.8414,-0.2618,0.9980,260,74.094131,0.8598,-2.2454
BiancaGolden_CircleTurns,-114.1079,-224.6430,201.9341,-10.6548,1.5074,58.4919,0.4690,0.8437,-0.2611,0.9980,260,74.107529,0.8589,-2.2464
BiancaGolden_CircleTurns,-114.2025,-224.7099,201.9812,-10.6404,1.6521,58.3130,0.4646,0.8471,-0.2581,0.9980,261,74.121666,0.8580,-2.2471
BiancaGolden_CircleTurns,-114.2992,-224.7589,202.0195,-10.6403,1.8738,58.1010,0.4680,0.8462,-0.2547,0.9980,261,74.135117,0.8570,-2.2476
BiancaGolden_CircleTurns,-114.3894,-224.8122,202.0453,-10.6118,2.0750,57.9137,0.4705,0.8458,-0.2516,0.9980,262,74.149025,0.8561,-2.2481
