FileName,LocationX,LocationY,LocationZ,RotationRoll,RotationPitch,RotationYaw,GazeHitX,GazeHitY,GazeHitZ,GazeConfidence,Frame,Timestamp,RoomX_m,RoomY_m
BiancaGolden_CircleTurns,-200.0000,0.0000,30.0000,0.0000,0.0000,0.0000,0.0000,0.0000,0.0000,0.0000,0,0.016667,0.0000,0.0000
BiancaGolden_CircleTurns,-200.0000,0.0000,30.0000,0.0000,0.0000,0.0000,0.0000,0.0000,0.0000,0.0000,0,0.416667,0.0000,0.0000
BiancaGolden_CircleTurns,-200.0000,0.0000,30.0000,0.0000,0.0000,0.0000,0.0000,0.0000,0.0000,0.0000,1,0.502828,0.0000,0.0000
BiancaGolden_CircleTurns,-200.0000,0.0000,30.0000,0.0000,0.0000,0.0000,0.0000,0.0000,0.0000,0.0000,2,0.529380,0.0000,0.0000
BiancaGolden_CircleTurns,-200.0000,0.0000,30.0000,0.0000,0.0000,0.0000,0.0000,0.0000,0.0000,0.0000,2,0.546901,0.0000,0.0000
BiancaGolden_CircleTurns,-200.0000,0.0000,30.0000,0.0000,0.0000,0.0000,0.0000,0.0000,0.0000,0.0000,3,0.557998,0.0000,0.0000
BiancaGolden_CircleTurns,-200.0000,0.0000,30.0000,0.0000,0.0000,0.0000,0.0000,0.0000,0.0000,0.0000,3,0.575133,0.0000,0.0000
BiancaGolden_CircleTurns,-200.0000,0.0000,30.0000,0.0000,0.0000,0.0000,0.0000,0.0000,0.0000,0.0000,4,0.595137,0.0000,0.0000
BiancaGolden_CircleTurns,-200.0000,0.0000,30.0000,0.0000,0.0000,0.0000,0.0000,0.0000,0.0000,0.0000,4,0.630367,0.0000,0.0000
BiancaGolden_CircleTurns,-200.0000,0.0000,30.0000,0.0000,0.0000,0.0000,0.0000,0.0000,0.0000,0.0000,5,0.641330,0.0000,0.0000
BiancaGolden_CircleTurns,-200.0000,0.0000,30.0000,0.0000,0.0000,0.0000,0.0000,0.0000,0.0000,0.0000,5,0.655532,0.0000,0.0000
BiancaGolden_CircleTurns,-200.0000,0.0000,30.0000,0.0000,0.0000,0.0000,0.0000,0.0000,0.0000,0.0000,6,0.669712,0.0000,0.0000
BiancaGolden_CircleTurns,-200.0000,0.0000,30.0000,0.0000,0.0000,0.0000,0.0000,0.0000,0.0000,0.0000,6,0.684153,0.0000,0.0000
BiancaGolden_CircleTurns,-200.0000,0.0000,30.0000,0.0000,0.0000,0.0000,0.0000,0.0000,0.0000,0.0000,7,0.698860,0.0000,0.0000
BiancaGolden_CircleTurns,-200.0000,0.0000,30.0000,0.0000,0.0000,0.0000,0.0000,0.0000,0.0000,0.0000,7,0.714387,0.0000,0.0000
BiancaGolden_CircleTurns,-200.0000,0.0000,30.0000,0.0000,0.0000,0.0000,0.0000,0.0000,0.0000,0.0000,8,0.724892,0.0000,0.0000
BiancaGolden_CircleTurns,-200.0000,0.0000,30.0000,0.0000,0.0000,0.0000,0.0000,0.0000,0.0000,0.0000,8,0.738361,0.0000,0.0000
BiancaGolden_CircleTurns,-200.0000,0.0000,30.0000,0.0000,0.0000,0.0000,0.0000,0.0000,0.0000,0.0000,9,0.751729,0.0000,0.0000
BiancaGolden_CircleTurns,-200.0000,0.0000,30.0000,0.0000,0.0000,0.0000,0.0000,0.0000,0.0000,0.0000,9,0.767101,0.0000,0.0000
BiancaGolden_CircleTurns,-200.0000,0.0000,30.0000,0.0000,0.0000,0.0000,0.0000,0.0000,0.0000,0.0000,10,0.779791,0.0000,0.0000
BiancaGolden_CircleTurns,-200.0000,0.0000,30.0000,0.0000,0.0000,0.0000,0.0000,0.0000,0.0000,0.0000,10,0.796481,0.0000,0.0000
BiancaGolden_CircleTurns,-200.0000,0.0000,30.0000,0.0000,0.0000,0.0000,0.0000,0.0000,0.0000,0.0000,11,0.808076,0.0000,0.0000
BiancaGolden_CircleTurns,-200.0000,0.0000,30.0000,0.0000,0.0000,0.0000,0.0000,0.0000,0.0000,0.0000,11,0.822102,0.0000,0.0000
BiancaGolden_CircleTurns,-200.0000,0.0000,30.0000,0.0000,0.0000,0.0000,0.0000,0.0000,0.0000,0.0000,11,0.836655,0.0000,0.0000
BiancaGolden_CircleTurns,-200.0000,0.0000,30.0000,0.0000,0.0000,0.0000,0.0000,0.0000,0.0000,0.0000,12,0.850563,0.0000,0.0000
BiancaGolden_CircleTurns,-200.0000,0.0000,30.0000,0.0000,0.0000,0.0000,0.0000,0.0000,0.0000,0.0000,12,0.863792,0.0000,0.0000
BiancaGolden_CircleTurns,-200.0000,0.0000,30.0000,0.0000,0.0000,0.0000,0.0000,0.0000,0.0000,0.0000,13,0.878298,0.0000,0.0000
BiancaGolden_CircleTurns,-200.0000,0.0000,30.0000,0.0000,0.0000,0.0000,0.0000,0.0000,0.0000,0.0000,13,0.891858,0.0000,0.0000
BiancaGolden_CircleTurns,-200.0000,0.0000,30.0000,0.0000,0.0000,0.0000,0.0000,0.0000,0.0000,0.0000,13,0.906037,0.0000,0.0000
BiancaGolden_CircleTurns,-200.0000,0.0000,30.0000,0.0000,0.0000,0.0000,0.0000,0.0000,0.0000,0.0000,14,0.918872,0.0000,0.0000
BiancaGolden_CircleTurns,-200.0000,0.0000,30.0000,0.0000,0.0000,0.0000,0.0000,0.0000,0.0000,0.0000,14,0.931883,0.0000,0.0000
BiancaGolden_CircleTurns,-200.0000,0.0000,30.0000,0.0000,0.0000,0.0000,0.0000,0.0000,0.0000,0.0000,15,0.947200,0.0000,0.0000
BiancaGolden_CircleTurns,-200.0000,0.0000,30.0000,0.0000,0.0000,0.0000,0.0000,0.0000,0.0000,0.0000,15,0.960635,0.0000,0.0000
BiancaGolden_CircleTurns,-200.0000,0.0000,30.0000,0.0000,0.0000,0.0000,0.0000,0.0000,0.0000,0.0000,16,0.975415,0.0000,0.0000
BiancaGolden_CircleTurns,-200.0000,0.0000,30.0000,0.0000,0.0000,0.0000,0.0000,0.0000,0.0000,0.0000,16,0.988465,0.0000,0.0000
BiancaGolden_CircleTurns,-200.0000,0.0000,30.0000,0.0000,0.0000,0.0000,0.0000,0.0000,0.0000,0.0000,16,1.003237,0.0000,0.0000
BiancaGolden_CircleTurns,-200.0000,0.0000,30.0000,0.0000,0.0000,0.0000,0.0000,0.0000,0.0000,0.0000,17,1.016479,0.0000,0.0000
BiancaGolden_CircleTurns,-200.0000,0.0000,30.0000,0.0000,0.0000,0.0000,0.0000,0.0000,0.0000,0.0000,17,1.028974,0.0000,0.0000
BiancaGolden_CircleTurns,-200.0000,0.0000,30.0000,0.0000,0.0000,0.0000,0.0000,0.0000,0.0000,0.0000,18,1.044242,0.0000,0.0000
BiancaGolden_CircleTurns,-200.0000,0.0000,30.0000,0.0000,0.0000,0.0000,0.0000,0.0000,0.0000,0.0000,18,1.057742,0.0000,0.0000
BiancaGolden_CircleTurns,-200.0000,0.0000,30.0000,0.0000,0.0000,0.0000,0.0000,0.0000,0.0000,0.0000,18,1.072465,0.0000,0.0000
BiancaGolden_CircleTurns,-200.0000,0.0000,30.0000,0.0000,0.0000,0.0000,0.0000,0.0000,0.0000,0.0000,19,1.086175,0.0000,0.0000
BiancaGolden_CircleTurns,-200.0000,0.0000,30.0000,0.0000,0.0000,0.0000,0.0000,0.0000,0.0000,0.0000,19,1.098955,0.0000,0.0000
BiancaGolden_CircleTurns,-200.0000,0.0000,30.0000,0.0000,0.0000,0.0000,0.0000,0.0000,0.0000,0.0000,20,1.113830,0.0000,0.0000
BiancaGolden_CircleTurns,-200.0000,0.0000,30.0000,0.0000,0.0000,0.0000,0.0000,0.0000,0.0000,0.0000,20,1.127698,0.0000,0.0000
BiancaGolden_CircleTurns,-200.0000,0.0000,30.0000,0.0000,0.0000,0.0000,0.9698,0.0019,-0.2437,0.9980,21,1.141867,0.0000,0.0000
BiancaGolden_CircleTurns,-212.6780,-8.5977,210.4246,2.6867,-10.0508,-2.3761,0.9699,0.0034,-0.2436,0.9980,21,1.160076,-0.1268,-0.0860
BiancaGolden_CircleTurns,-212.5723,-8.5347,210.4569,2.3793,-10.0704,-2.3115,0.9698,0.0221,-0.2429,0.9980,21,1.171163,-0.1257,-0.0853
BiancaGolden_CircleTurns,-212.3464,-8.4167,210.5121,1.9809,-9.9333,-2.1021,0.9692,0.0326,-0.2443,0.9980,22,1.185682,-0.1235,-0.0842
BiancaGolden_CircleTurns,-212.3061,-8.3637,210.4699,2.0557,-9.9917,-1.7640,0.9673,0.0442,-0.2497,0.9980,23,1.212560,-0.1231,-0.0836
BiancaGolden_CircleTurns,-212.1308,-8.2231,210.4535,1.9650,-10.2825,-1.0949,0.9675,0.0467,-0.2484,0.9980,23,1.241728,-0.1213,-0.0822
BiancaGolden_CircleTurns,-211.9497,-8.1504,210.4419,1.6996,-10.2274,-0.6864,0.9671,0.0478,-0.2497,0.9980,24,1.269635,-0.1195,-0.0815
BiancaGolden_CircleTurns,-211.7920,-8.1064,210.3932,1.4580,-10.2107,-0.2614,0.9585,0.0985,-0.2674,0.9980,24,1.296102,-0.1179,-0.0811
BiancaGolden_CircleTurns,-211.7073,-8.0992,210.3512,1.3365,-10.4676,0.1208,0.9445,0.1461,-0.2941,0.9980,25,1.323966,-0.1171,-0.0810
BiancaGolden_CircleTurns,-211.6445,-8.0927,210.3349,1.2536,-10.7094,0.4143,0.9441,0.1427,-0.2971,0.9980,25,1.353109,-0.1164,-0.0809
BiancaGolden_CircleTurns,-211.5935,-8.0937,210.2950,1.2837,-10.8930,0.7405,0.9448,0.1409,-0.2956,0.9980,26,1.380182,-0.1159,-0.0809
BiancaGolden_CircleTurns,-211.5708,-8.1069,210.2506,1.2463,-11.0277,1.0439,0.9449,0.1375,-0.2970,0.9980,26,1.407610,-0.1157,-0.0811
BiancaGolden_CircleTurns,-211.5702,-8.1335,210.2512,1.2324,-11.1105,1.3549,0.9432,0.1438,-0.2996,0.9980,27,1.435326,-0.1157,-0.0813
BiancaGolden_CircleTurns,-211.5300,-8.1337,210.2381,1.1860,-11.0580,1.7155,0.9428,0.1506,-0.2973,0.9980,27,1.464038,-0.1153,-0.0813
BiancaGolden_CircleTurns,-211.5104,-8.1081,210.2463,1.0947,-10.8928,2.3670,0.9395,0.1723,-0.2962,0.9980,28,1.492040,-0.1151,-0.0811
BiancaGolden_CircleTurns,-211.4969,-8.0047,210.2193,1.1880,-10.8119,3.7375,0.9315,0.2053,-0.3003,0.9980,28,1.519548,-0.1150,-0.0800
BiancaGolden_CircleTurns,-211.5596,-7.4962,210.1745,0.9271,-10.9293,6.5532,0.9176,0.2604,-0.3004,0.9980,29,1.547733,-0.1156,-0.0750
BiancaGolden_CircleTurns,-211.6240,-6.9786,210.1290,-0.4505,-11.0660,10.1791,0.9011,0.3013,-0.3118,0.9980,29,1.575412,-0.1162,-0.0698
BiancaGolden_CircleTurns,-211.7479,-6.7489,210.0439,-1.8361,-11.3563,13.0762,0.8984,0.3055,-0.3154,0.9980,30,1.603302,-0.1175,-0.0675
BiancaGolden_CircleTurns,-211.7801,-6.7077,210.0722,-2.3560,-11.5391,14.7824,0.9166,0.2400,-0.3199,0.9980,30,1.631250,-0.1178,-0.0671
BiancaGolden_CircleTurns,-211.7853,-6.7538,210.1014,-2.7014,-11.8255,15.1749,0.9266,0.1979,-0.3198,0.9980,31,1.659011,-0.1179,-0.0675
BiancaGolden_CircleTurns,-211.7039,-6.8785,210.1396,-2.8316,-11.7163,15.0886,0.9303,0.0971,-0.3538,0.9980,31,1.687884,-0.1170,-0.0688
BiancaGolden_CircleTurns,-211.6601,-6.8865,210.1512,-2.6107,-11.3693,14.2266,0.9345,0.0502,-0.3524,0.9980,32,1.715354,-0.1166,-0.0689
BiancaGolden_CircleTurns,-211.4142,-7.3315,210.0898,-2.2385,-11.2531,12.7577,0.9333,0.0291,-0.3579,0.9980,32,1.746507,-0.1141,-0.0733
BiancaGolden_CircleTurns,-211.3213,-7.5348,209.9996,-1.9768,-11.6351,11.5358,0.9286,0.0124,-0.3709,0.9980,33,1.771289,-0.1132,-0.0753
BiancaGolden_CircleTurns,-211.2102,-7.6865,209.9058,-1.7605,-12.2847,10.5028,0.9239,0.0171,-0.3822,0.9980,33,1.797925,-0.1121,-0.0769
BiancaGolden_CircleTurns,-211.0854,-7.7985,209.7897,-1.4283,-13.0131,9.7017,0.9208,0.0138,-0.3897,0.9980,34,1.825759,-0.1109,-0.0780
BiancaGolden_CircleTurns,-210.9186,-7.8898,209.7415,-1.0493,-13.5282,9.1932,0.9236,0.0220,-0.3828,0.9980,34,1.854921,-0.1092,-0.0789
BiancaGolden_CircleTurns,-210.6969,-7.9748,209.7302,-0.7120,-13.6677,8.7706,0.9256,0.0339,-0.3769,0.9980,35,1.882833,-0.1070,-0.0797
BiancaGolden_CircleTurns,-210.4221,-8.0409,209.7585,-0.5384,-13.3897,8.3167,0.9303,0.0319,-0.3654,0.9980,35,1.910762,-0.1042,-0.0804
BiancaGolden_CircleTurns,-210.1807,-8.1084,209.8071,-0.4943,-12.5659,7.8781,0.9342,0.0305,-0.3554,0.9980,36,1.938406,-0.1018,-0.0811
BiancaGolden_CircleTurns,-209.9733,-8.2022,209.9054,-0.3075,-11.8183,7.4855,0.9458,0.0228,-0.3238,0.9980,36,1.966191,-0.0997,-0.0820
BiancaGolden_CircleTurns,-209.7469,-8.2852,209.9783,-0.3089,-11.0695,7.2233,0.9493,0.0000,-0.3145,0.9980,37,1.993963,-0.0975,-0.0829
BiancaGolden_CircleTurns,-209.6011,-8.3737,209.9709,-0.3835,-10.5973,7.0297,0.9592,-0.0078,-0.2826,0.9980,37,2.022173,-0.0960,-0.0837
BiancaGolden_CircleTurns,-209.5608,-8.4844,209.8870,-0.4063,-10.9134,7.0398,0.9509,0.0065,-0.3094,0.9980,38,2.050265,-0.0956,-0.0848
BiancaGolden_CircleTurns,-209.5911,-8.5842,209.8029,-0.7001,-11.7732,7.0398,0.9320,0.0102,-0.3624,0.9980,38,2.078492,-0.0959,-0.0858
BiancaGolden_CircleTurns,-209.6707,-8.6673,209.6652,-1.0673,-12.9426,7.0697,0.8894,0.0280,-0.4563,0.9980,39,2.106098,-0.0967,-0.0867
BiancaGolden_CircleTurns,-209.7163,-8.7732,209.5502,-1.3225,-14.0394,7.1460,0.8782,0.0529,-0.4754,0.9980,39,2.134154,-0.0972,-0.0877
BiancaGolden_CircleTurns,-209.7574,-8.8543,209.3394,-1.5667,-15.1997,7.2769,0.8653,0.0560,-0.4981,0.9980,40,2.161729,-0.0976,-0.0885
BiancaGolden_CircleTurns,-209.7500,-8.9565,209.0718,-1.6455,-16.5530,7.5075,0.8662,0.0493,-0.4972,0.9980,40,2.189995,-0.0975,-0.0896
BiancaGolden_CircleTurns,-209.5179,-9.0923,209.0900,-1.4765,-16.4535,7.5367,0.8922,0.0407,-0.4498,0.9980,41,2.217873,-0.0952,-0.0909
BiancaGolden_CircleTurns,-209.3333,-9.3041,209.3963,-1.1296,-14.4093,7.1715,0.9186,0.0226,-0.3945,0.9980,41,2.245613,-0.0933,-0.0930
BiancaGolden_CircleTurns,-209.4023,-9.5376,209.7635,-1.1818,-12.0568,6.6048,0.9257,0.0183,-0.3778,0.9980,42,2.273366,-0.0940,-0.0954
BiancaGolden_CircleTurns,-209.5647,-9.8175,209.9848,-1.0905,-10.6512,6.3464,0.9141,0.0205,-0.4051,0.9980,42,2.301189,-0.0956,-0.0982
BiancaGolden_CircleTurns,-209.7081,-10.0994,209.9898,-0.8490,-10.6026,6.1710,0.8988,0.0374,-0.4368,0.9980,43,2.329115,-0.0971,-0.1010
BiancaGolden_CircleTurns,-209.7702,-10.4306,209.8553,-0.4490,-11.5110,6.0141,0.8767,0.0338,-0.4798,0.9980,43,2.357423,-0.0977,-0.1043
BiancaGolden_CircleTurns,-209.7212,-10.7223,209.7398,-0.3811,-12.6187,5.8278,0.8576,0.0333,-0.5132,0.9980,44,2.385290,-0.0972,-0.1072
BiancaGolden_CircleTurns,-209.7541,-11.0062,209.5868,-0.6741,-14.1185,5.8190,0.8513,0.0429,-0.5230,0.9980,44,2.412850,-0.0975,-0.1101
BiancaGolden_CircleTurns,-209.7075,-11.2937,209.5087,-1.1665,-14.7402,5.9052,0.8656,0.0488,-0.4983,0.9980,45,2.440590,-0.0971,-0.1129
BiancaGolden_CircleTurns,-209.5418,-11.6206,209.6765,-1.3894,-14.0776,5.9693,0.8868,0.0534,-0.4590,0.9980,45,2.468863,-0.0954,-0.1162
BiancaGolden_CircleTurns,-209.4952,-12.0072,209.6723,-1.0268,-13.1036,6.0949,0.8886,0.0519,-0.4558,0.9980,46,2.496619,-0.0950,-0.1201
BiancaGolden_CircleTurns,-209.5636,-12.3672,209.5413,-0.8745,-13.2984,6.2751,0.8856,0.0568,-0.4609,0.9980,46,2.524676,-0.0956,-0.1237
BiancaGolden_CircleTurns,-209.5704,-12.7197,209.6181,-0.9909,-13.2808,6.2619,0.8880,0.0580,-0.4561,0.9980,47,2.552222,-0.0957,-0.1272
BiancaGolden_CircleTurns,-209.6069,-13.1643,209.6498,-1.0029,-12.9716,6.1888,0.8852,0.0502,-0.4625,0.9980,47,2.583795,-0.0961,-0.1316
BiancaGolden_CircleTurns,-209.6534,-13.5768,209.6314,-1.0050,-13.0114,5.8827,0.8860,0.0509,-0.4609,0.9980,48,2.608266,-0.0965,-0.1358
BiancaGolden_CircleTurns,-209.6088,-13.9751,209.7755,-1.1132,-12.7131,5.8878,0.8854,0.0531,-0.4618,0.9980,48,2.635038,-0.0961,-0.1398
BiancaGolden_CircleTurns,-209.6068,-14.4107,209.6998,-1.1999,-12.4122,5.8263,0.8788,0.0590,-0.4735,0.9980,49,2.662982,-0.0961,-0.1441
BiancaGolden_CircleTurns,-209.6146,-14.7985,209.6231,-1.3759,-12.8782,5.8694,0.8465,0.0689,-0.5279,0.9980,49,2.691285,-0.0961,-0.1480
BiancaGolden_CircleTurns,-209.5343,-15.1604,209.6340,-1.4564,-12.6003,6.0434,0.8322,0.0870,-0.5476,0.9980,50,2.718765,-0.0953,-0.1516
BiancaGolden_CircleTurns,-209.4287,-15.5443,209.6681,-1.6643,-11.8883,6.0491,0.8397,0.0803,-0.5370,0.9980,50,2.747365,-0.0943,-0.1554
BiancaGolden_CircleTurns,-209.3963,-15.9452,209.6210,-1.3505,-11.1417,5.8384,0.8410,0.0800,-0.5350,0.9980,51,2.774855,-0.0940,-0.1595
BiancaGolden_CircleTurns,-209.3883,-16.3675,209.6010,-1.3957,-11.1655,5.6317,0.8348,0.0813,-0.5445,0.9980,51,2.802711,-0.0939,-0.1637
BiancaGolden_CircleTurns,-209.2294,-16.7270,209.6041,-1.5510,-10.7289,5.3789,0.8320,0.0764,-0.5495,0.9980,52,2.830757,-0.0923,-0.1673
BiancaGolden_CircleTurns,-209.1009,-17.1040,209.3690,-1.5909,-10.7678,5.0463,0.8249,0.0706,-0.5608,0.9980,52,2.858840,-0.0910,-0.1710
BiancaGolden_CircleTurns,-208.8817,-17.3686,209.1827,-1.7569,-11.8139,4.7548,0.8386,0.0631,-0.5411,0.9980,53,2.886622,-0.0888,-0.1737
BiancaGolden_CircleTurns,-208.6736,-17.5693,208.9226,-2.1201,-13.5659,4.6128,0.8293,0.0646,-0.5551,0.9980,53,2.914335,-0.0867,-0.1757
BiancaGolden_CircleTurns,-208.5650,-17.7126,208.6378,-2.4117,-15.8481,4.7143,0.8473,0.2138,-0.4862,0.9980,54,2.942076,-0.0856,-0.1771
BiancaGolden_CircleTurns,-208.2928,-17.7402,208.6399,-2.6496,-16.8368,4.8479,0.8661,0.0652,-0.4956,0.9980,54,2.970062,-0.0829,-0.1774
BiancaGolden_CircleTurns,-207.9213,-17.7127,208.9244,-2.4733,-15.5579,4.8038,0.9379,0.0419,-0.3443,0.9980,55,2.998534,-0.0792,-0.1771
BiancaGolden_CircleTurns,-207.8357,-17.5554,209.0402,-2.5107,-13.4775,4.5524,0.9611,0.0280,-0.2749,0.9980,55,3.025953,-0.0784,-0.1756
BiancaGolden_CircleTurns,-207.8940,-17.3043,209.1757,-2.2468,-12.1682,4.2921,0.9554,0.0270,-0.2942,0.9980,56,3.053334,-0.0789,-0.1730
BiancaGolden_CircleTurns,-207.9385,-17.0552,209.1070,-2.0968,-12.0424,4.6316,0.9181,0.0899,-0.3860,0.9980,56,3.081539,-0.0794,-0.1706
BiancaGolden_CircleTurns,-208.0171,-16.7614,209.0079,-2.0476,-13.1757,4.8729,0.9005,0.1603,-0.4043,0.9980,57,3.109396,-0.0802,-0.1676
BiancaGolden_CircleTurns,-208.0680,-16.4488,208.8124,-1.9864,-14.6184,4.8381,0.9131,0.1734,-0.3690,0.9980,57,3.137375,-0.0807,-0.1645
BiancaGolden_CircleTurns,-208.1070,-16.1243,208.7541,-1.3096,-15.8530,4.7183,0.9064,0.1734,-0.3851,0.9980,58,3.165200,-0.0811,-0.1612
BiancaGolden_CircleTurns,-208.1962,-15.7259,208.8181,-0.6891,-16.1839,4.5933,0.8982,0.1028,-0.4274,0.9980,58,3.193046,-0.0820,-0.1573
BiancaGolden_CircleTurns,-208.3140,-15.2474,208.9609,-1.0536,-15.5475,4.5507,0.9458,0.0476,-0.3212,0.9980,59,3.220994,-0.0831,-0.1525
BiancaGolden_CircleTurns,-208.4209,-14.9866,209.1392,-0.5192,-14.8166,4.6807,0.9604,0.0478,-0.2745,0.9980,59,3.248853,-0.0842,-0.1499
BiancaGolden_CircleTurns,-208.6402,-14.5800,209.1391,0.0683,-14.2659,4.6576,0.9548,0.0533,-0.2923,0.9980,60,3.276632,-0.0864,-0.1458
BiancaGolden_CircleTurns,-208.8004,-14.1957,209.1926,0.2688,-14.1221,4.7671,0.9411,0.0583,-0.3332,0.9980,60,3.304697,-0.0880,-0.1420
BiancaGolden_CircleTurns,-209.0229,-13.6710,209.0255,-1.0643,-14.5313,4.7435,0.9326,0.0645,-0.3551,0.9980,61,3.332419,-0.0902,-0.1367
BiancaGolden_CircleTurns,-209.0480,-13.4416,209.1985,-0.4770,-14.7174,5.2026,0.9261,0.0618,-0.3721,0.9980,61,3.360371,-0.0905,-0.1344
BiancaGolden_CircleTurns,-209.2510,-13.0297,208.9847,-0.6699,-14.9181,5.0385,0.9215,0.0646,-0.3830,0.9980,62,3.388103,-0.0925,-0.1303
BiancaGolden_CircleTurns,-209.3740,-12.6818,208.9714,-1.1553,-15.6326,5.1982,0.9198,0.0621,-0.3875,0.9980,62,3.418813,-0.0937,-0.1268
BiancaGolden_CircleTurns,-209.4478,-12.3846,208.9510,-1.6198,-15.8983,5.0295,0.9242,0.0562,-0.3778,0.9980,63,3.444124,-0.0945,-0.1238
BiancaGolden_CircleTurns,-209.4976,-12.0533,208.8847,-1.9874,-15.8274,4.6409,0.9262,0.0458,-0.3743,0.9980,63,3.471053,-0.0950,-0.1205
BiancaGolden_CircleTurns,-209.5950,-11.7283,208.8315,-2.1871,-16.2250,4.4908,0.9255,0.0435,-0.3762,0.9980,64,3.498861,-0.0959,-0.1173
BiancaGolden_CircleTurns,-209.6377,-11.3111,208.7851,-2.8445,-16.3544,4.2998,0.9238,0.0384,-0.3810,0.9980,64,3.526628,-0.0964,-0.1131
BiancaGolden_CircleTurns,-209.6835,-10.9185,208.7400,-3.3919,-16.6751,4.1063,0.9241,0.0382,-0.3802,0.9980,65,3.554271,-0.0968,-0.1092
BiancaGolden_CircleTurns,-209.6415,-10.4694,208.6305,-3.4646,-17.0654,3.7951,0.9215,0.0335,-0.3870,0.9980,65,3.582544,-0.0964,-0.1047
BiancaGolden_CircleTurns,-209.5160,-9.9434,208.4659,-3.4724,-17.6372,3.5227,0.9200,0.0268,-0.3909,0.9980,66,3.610578,-0.0952,-0.0994
BiancaGolden_CircleTurns,-209.0523,-9.4972,208.1676,-2.4064,-17.9191,2.8383,0.9129,-0.0129,-0.4081,0.9980,66,3.638633,-0.0905,-0.0950
BiancaGolden_CircleTurns,-208.5415,-9.1116,207.5260,-1.1173,-19.1383,0.4969,0.8804,-0.0471,-0.4719,0.9980,67,3.666208,-0.0854,-0.0911
BiancaGolden_CircleTurns,-208.1776,-8.6777,206.5939,0.2980,-23.2109,-1.5251,0.8471,-0.0652,-0.5274,0.9980,67,3.694711,-0.0818,-0.0868
BiancaGolden_CircleTurns,-208.1103,-8.1238,205.7770,3.1617,-27.8917,-3.1572,0.8262,-0.0734,-0.5586,0.9980,68,3.722502,-0.0811,-0.0812
BiancaGolden_CircleTurns,-207.8593,-7.4697,205.8199,4.5776,-29.9804,-4.6083,0.8669,-0.0858,-0.4910,0.9980,68,3.750329,-0.0786,-0.0747
BiancaGolden_CircleTurns,-207.1810,-6.7013,206.3779,4.5005,-27.5634,-5.4066,0.9168,-0.0469,-0.3965,0.9980,69,3.777871,-0.0718,-0.0670
BiancaGolden_CircleTurns,-206.9198,-5.9788,206.4548,5.1609,-25.1802,-5.8078,0.9247,0.0058,-0.3806,0.9980,69,3.805981,-0.0692,-0.0598
BiancaGolden_CircleTurns,-206.7576,-5.1324,206.5185,5.2979,-23.7078,-5.8589,0.9127,0.0226,-0.4079,0.9980,70,3.833634,-0.0676,-0.0513
BiancaGolden_CircleTurns,-206.5870,-4.2759,206.4567,5.3498,-23.1372,-5.8635,0.9019,0.0207,-0.4315,0.9980,70,3.861568,-0.0659,-0.0428
BiancaGolden_CircleTurns,-206.4460,-3.4691,206.3772,5.6656,-23.3751,-5.8856,0.8801,0.0163,-0.4745,0.9980,71,3.889436,-0.0645,-0.0347
BiancaGolden_CircleTurns,-206.3049,-2.6670,206.3093,5.8644,-24.2471,-6.0371,0.8691,0.0264,-0.4940,0.9980,71,3.917665,-0.0630,-0.0267
BiancaGolden_CircleTurns,-206.1011,-1.8982,206.2824,5.9247,-24.7933,-6.1783,0.8720,0.0270,-0.4889,0.9980,72,3.945457,-0.0610,-0.0190
BiancaGolden_CircleTurns,-205.8411,-1.1945,206.3882,6.0630,-24.2344,-6.1064,0.8738,0.0233,-0.4858,0.9980,72,3.973063,-0.0584,-0.0119
BiancaGolden_CircleTurns,-205.6333,-0.5337,206.5070,5.9976,-23.3287,-6.0940,0.8785,0.0189,-0.4773,0.9980,73,4.000730,-0.0563,-0.0053
BiancaGolden_CircleTurns,-205.4792,0.0660,206.5939,5.8692,-22.5737,-6.2026,0.8811,0.0140,-0.4728,0.9980,73,4.029027,-0.0548,0.0007
BiancaGolden_CircleTurns,-205.3916,0.5585,206.6019,5.8390,-22.2534,-6.4382,0.8786,0.0172,-0.4773,0.9980,74,4.056635,-0.0539,0.0056
BiancaGolden_CircleTurns,-205.3550,0.9959,206.5372,5.6805,-22.3875,-6.7298,0.8679,0.0119,-0.4966,0.9980,74,4.084826,-0.0535,0.0100
BiancaGolden_CircleTurns,-205.3319,1.2936,206.4866,5.5842,-22.9491,-7.0912,0.8656,0.0049,-0.5007,0.9980,75,4.112830,-0.0533,0.0129
BiancaGolden_CircleTurns,-205.2069,1.5170,206.5567,5.4487,-23.2693,-7.6795,0.8661,0.0028,-0.4999,0.9980,75,4.140580,-0.0521,0.0152
BiancaGolden_CircleTurns,-205.0183,1.6111,206.6828,5.5275,-23.1653,-8.0757,0.8692,0.0027,-0.4945,0.9980,76,4.168024,-0.0502,0.0161
BiancaGolden_CircleTurns,-204.7645,1.6421,206.7997,5.7898,-22.7444,-8.1800,0.8684,0.0043,-0.4958,0.9980,76,4.196202,-0.0476,0.0164
BiancaGolden_CircleTurns,-204.4780,1.5788,206.9109,5.7778,-22.6017,-8.0607,0.8662,0.0170,-0.4994,0.9980,77,4.223964,-0.0448,0.0158
BiancaGolden_CircleTurns,-204.1081,1.4277,207.0357,5.4288,-22.6850,-7.9054,0.8658,0.0197,-0.5001,0.9980,77,4.254891,-0.0411,0.0143
BiancaGolden_CircleTurns,-203.6575,1.1531,207.0862,4.9206,-22.8207,-7.8570,0.8653,0.0289,-0.5005,0.9980,78,4.280000,-0.0366,0.0115
BiancaGolden_CircleTurns,-203.1277,0.7651,207.0538,4.3887,-22.8999,-7.7693,0.8580,0.0301,-0.5127,0.9980,78,4.307105,-0.0313,0.0077
BiancaGolden_CircleTurns,-202.5720,0.2684,206.8670,4.0428,-23.3411,-7.5185,0.8542,0.0364,-0.5186,0.9980,79,4.334996,-0.0257,0.0027
BiancaGolden_CircleTurns,-201.8748,-0.3148,206.7256,3.6395,-23.8069,-7.1952,0.8952,0.0355,-0.4443,0.9980,79,4.362556,-0.0187,-0.0031
BiancaGolden_CircleTurns,-201.0285,-1.0114,206.5952,3.2324,-23.6841,-6.8464,0.8994,0.0410,-0.4353,0.9980,80,4.390773,-0.0103,-0.0101
BiancaGolden_CircleTurns,-200.1616,-1.8310,206.4061,2.8293,-23.4594,-6.4383,0.9036,0.0389,-0.4267,0.9980,80,4.418532,-0.0016,-0.0183
BiancaGolden_CircleTurns,-199.1971,-2.7762,206.2242,2.3421,-23.0785,-6.2337,0.9084,0.0410,-0.4160,0.9980,81,4.446535,0.0080,-0.0278
BiancaGolden_CircleTurns,-198.1138,-3.8380,206.0691,2.1165,-22.3989,-5.9699,0.9081,0.0452,-0.4162,0.9980,81,4.474675,0.0189,-0.0384
BiancaGolden_CircleTurns,-197.1799,-5.0024,205.7174,1.8078,-21.9747,-5.7036,0.9078,0.0473,-0.4168,0.9980,82,4.502501,0.0282,-0.0500
BiancaGolden_CircleTurns,-196.2049,-6.2640,205.5451,1.6725,-22.0024,-5.3089,0.9073,0.0553,-0.4168,0.9980,82,4.530761,0.0380,-0.0626
BiancaGolden_CircleTurns,-195.2042,-7.6053,205.4487,1.5967,-21.7658,-4.7504,0.9033,0.0597,-0.4247,0.9980,83,4.558302,0.0480,-0.0761
BiancaGolden_CircleTurns,-194.1410,-9.0458,205.6037,1.3704,-22.0478,-4.2107,0.9013,0.0604,-0.4289,0.9980,83,4.586033,0.0586,-0.0905
BiancaGolden_CircleTurns,-193.1992,-10.5528,205.6893,1.2926,-21.8168,-3.7302,0.9008,0.0694,-0.4287,0.9980,84,4.614137,0.0680,-0.1055
BiancaGolden_CircleTurns,-192.2366,-12.0785,205.8156,1.1161,-21.7738,-3.4622,0.9031,0.0790,-0.4221,0.9980,84,4.641994,0.0776,-0.1208
BiancaGolden_CircleTurns,-191.3088,-13.5329,205.9710,0.8235,-21.1076,-2.9966,0.8986,0.0860,-0.4303,0.9980,85,4.669564,0.0869,-0.1353
BiancaGolden_CircleTurns,-190.4970,-14.8833,206.1481,0.6134,-21.2339,-2.4348,0.8973,0.0979,-0.4303,0.9980,85,4.697649,0.0950,-0.1488
BiancaGolden_CircleTurns,-189.5866,-16.1005,206.4926,0.5733,-21.2519,-1.9127,0.8904,0.1061,-0.4426,0.9980,86,4.725547,0.1041,-0.1610
BiancaGolden_CircleTurns,-188.6938,-17.2030,206.6667,0.3135,-21.1546,-1.3937,0.8893,0.1154,-0.4426,0.9980,86,4.753623,0.1131,-0.1720
BiancaGolden_CircleTurns,-187.7419,-18.2321,206.6998,0.4630,-20.9135,-0.6829,0.8842,0.1254,-0.4499,0.9980,87,4.781019,0.1226,-0.1823
BiancaGolden_CircleTurns,-186.6858,-19.1396,206.8085,0.8403,-20.8650,0.1023,0.8776,0.1334,-0.4605,0.9980,87,4.809246,0.1331,-0.1914
BiancaGolden_CircleTurns,-185.5435,-19.9541,207.0837,0.9206,-21.2610,0.9611,0.8724,0.1404,-0.4681,0.9980,88,4.836753,0.1446,-0.1995
BiancaGolden_CircleTurns,-184.3503,-20.6946,207.2292,0.7260,-21.5651,1.7444,0.8706,0.1481,-0.4692,0.9980,88,4.864790,0.1565,-0.2069
BiancaGolden_CircleTurns,-183.0121,-21.3587,207.3595,0.5041,-21.5146,2.3085,0.8680,0.1439,-0.4753,0.9980,89,4.893188,0.1699,-0.2136
BiancaGolden_CircleTurns,-181.6987,-21.9486,207.3654,0.4152,-21.6840,2.8659,0.8652,0.1472,-0.4794,0.9980,89,4.920985,0.1830,-0.2195
BiancaGolden_CircleTurns,-180.3688,-22.4762,207.3237,0.3014,-21.8399,3.3652,0.8649,0.1466,-0.4801,0.9980,90,4.948318,0.1963,-0.2248
BiancaGolden_CircleTurns,-178.9985,-22.9196,207.3066,0.0831,-21.9032,3.7102,0.8660,0.1475,-0.4778,0.9980,90,4.976192,0.2100,-0.2292
BiancaGolden_CircleTurns,-177.6005,-23.2634,207.2615,-0.1683,-21.7806,4.0165,0.8692,0.1529,-0.4702,0.9980,91,5.003842,0.2240,-0.2326
BiancaGolden_CircleTurns,-176.1726,-23.5229,207.1574,-0.3957,-21.3031,4.3629,0.8746,0.1540,-0.4597,0.9980,91,5.031943,0.2383,-0.2352
BiancaGolden_CircleTurns,-174.8198,-23.6603,206.9030,-0.6354,-20.6263,4.7549,0.8717,0.1528,-0.4657,0.9980,92,5.059900,0.2518,-0.2366
BiancaGolden_CircleTurns,-173.6372,-23.6512,206.4367,-1.0092,-20.1383,5.1511,0.8715,0.1544,-0.4655,0.9980,92,5.090903,0.2636,-0.2365
BiancaGolden_CircleTurns,-172.5566,-23.5478,206.0442,-1.5150,-20.0997,5.4680,0.8686,0.1505,-0.4721,0.9980,93,5.117002,0.2744,-0.2355
BiancaGolden_CircleTurns,-171.4919,-23.3693,205.7548,-1.6983,-20.4265,5.5182,0.8658,0.1493,-0.4776,0.9980,93,5.143382,0.2851,-0.2337
BiancaGolden_CircleTurns,-170.3642,-23.0671,205.5673,-1.9713,-20.5546,5.5136,0.8708,0.1385,-0.4717,0.9980,94,5.171081,0.2964,-0.2307
BiancaGolden_CircleTurns,-168.9101,-22.6872,205.9750,-2.2741,-20.1418,5.2439,0.8853,0.1286,-0.4468,0.9980,94,5.199091,0.3109,-0.2269
BiancaGolden_CircleTurns,-167.4267,-22.2284,206.3289,-2.5320,-18.4827,4.8888,0.8832,0.1221,-0.4529,0.9980,95,5.226910,0.3257,-0.2223
BiancaGolden_CircleTurns,-166.3078,-21.8302,206.1850,-2.5274,-18.1449,4.8150,0.8727,0.1250,-0.4719,0.9980,95,5.255074,0.3369,-0.2183
BiancaGolden_CircleTurns,-165.1756,-21.5254,206.3704,-1.7007,-18.3622,5.1712,0.8910,0.1211,-0.4376,0.9980,96,5.283071,0.3482,-0.2153
BiancaGolden_CircleTurns,-164.0226,-21.2084,206.7591,-0.9208,-18.2695,5.1414,0.9040,0.1264,-0.4084,0.9980,96,5.311508,0.3598,-0.2121
BiancaGolden_CircleTurns,-163.0335,-20.8679,207.0327,-1.2095,-18.3517,4.9393,0.9063,0.1189,-0.4055,0.9980,97,5.339136,0.3697,-0.2087
BiancaGolden_CircleTurns,-162.0737,-20.6529,207.1525,-1.1347,-18.2048,4.5099,0.9096,0.1046,-0.4022,0.9980,97,5.366893,0.3793,-0.2065
BiancaGolden_CircleTurns,-161.0731,-20.4673,207.3321,-0.5960,-17.9273,3.7040,0.9031,0.0931,-0.4192,0.9980,98,5.394263,0.3893,-0.2047
BiancaGolden_CircleTurns,-160.1501,-20.3069,207.5607,-0.1060,-18.0506,3.0177,0.8983,0.0839,-0.4313,0.9980,98,5.422288,0.3985,-0.2031
BiancaGolden_CircleTurns,-159.3670,-20.1832,207.6486,0.4287,-18.6404,2.4291,0.8916,0.0822,-0.4454,0.9980,99,5.449947,0.4063,-0.2018
BiancaGolden_CircleTurns,-158.5133,-20.1571,207.9008,1.0341,-19.1629,1.8800,0.8914,0.0876,-0.4447,0.9980,99,5.478351,0.4149,-0.2016
BiancaGolden_CircleTurns,-157.7378,-20.1867,208.0407,1.4773,-19.2493,1.2919,0.8946,0.0763,-0.4403,0.9980,100,5.506031,0.4226,-0.2019
BiancaGolden_CircleTurns,-157.0041,-20.2353,208.0794,1.6443,-19.1444,0.5438,0.8999,0.0727,-0.4299,0.9980,100,5.534125,0.4300,-0.2024
BiancaGolden_CircleTurns,-156.1743,-20.3667,208.3223,1.9649,-18.5595,-0.0104,0.9001,0.0875,-0.4267,0.9980,101,5.561577,0.4383,-0.2037
BiancaGolden_CircleTurns,-155.5187,-20.5212,208.3160,2.1893,-17.8545,-0.5037,0.9030,0.0902,-0.4201,0.9980,101,5.589457,0.4448,-0.2052
BiancaGolden_CircleTurns,-154.8703,-20.6030,208.1854,1.8786,-17.8839,-0.8867,0.9000,0.1020,-0.4238,0.9980,102,5.617226,0.4513,-0.2060
BiancaGolden_CircleTurns,-154.1542,-20.8645,208.2926,2.4883,-17.7384,-1.1176,0.8994,0.1099,-0.4230,0.9980,102,5.645257,0.4585,-0.2086
BiancaGolden_CircleTurns,-153.5353,-20.9995,208.2528,2.9397,-17.1215,-1.4771,0.9015,0.1117,-0.4182,0.9980,103,5.673054,0.4646,-0.2100
BiancaGolden_CircleTurns,-153.0081,-21.2131,208.2276,3.2251,-16.7800,-1.6426,0.8965,0.1228,-0.4256,0.9980,103,5.701161,0.4699,-0.2121
BiancaGolden_CircleTurns,-152.5506,-21.4699,208.1400,3.5276,-16.4463,-1.1126,0.8872,0.1390,-0.4400,0.9980,104,5.728964,0.4745,-0.2147
BiancaGolden_CircleTurns,-152.1489,-21.7992,208.0329,3.5604,-16.7974,-0.3958,0.8858,0.1483,-0.4398,0.9980,104,5.757071,0.4785,-0.2180
BiancaGolden_CircleTurns,-151.7067,-22.1415,207.9363,3.5525,-16.7895,0.2947,0.8835,0.1593,-0.4405,0.9980,105,5.784944,0.4829,-0.2214
BiancaGolden_CircleTurns,-151.3115,-22.6017,207.7503,3.3581,-16.6500,1.1492,0.8812,0.1733,-0.4399,0.9980,105,5.812820,0.4869,-0.2260
BiancaGolden_CircleTurns,-150.7333,-23.1579,207.6705,2.9953,-16.4145,2.0173,0.8818,0.1757,-0.4377,0.9980,106,5.840447,0.4927,-0.2316
BiancaGolden_CircleTurns,-150.1785,-23.7986,207.6565,2.7115,-16.2061,2.7831,0.8850,0.1743,-0.4318,0.9980,106,5.868386,0.4982,-0.2380
BiancaGolden_CircleTurns,-149.5175,-24.4827,207.8435,2.3587,-15.6326,3.3147,0.8859,0.1744,-0.4298,0.9980,107,5.895907,0.5048,-0.2448
BiancaGolden_CircleTurns,-148.8907,-25.1087,207.8636,1.7180,-14.8572,3.7211,0.8865,0.1808,-0.4259,0.9980,107,5.927081,0.5111,-0.2511
BiancaGolden_CircleTurns,-148.1902,-25.7769,207.8744,1.3256,-14.5893,4.2308,0.8790,0.1748,-0.4437,0.9980,108,5.952150,0.5181,-0.2578
BiancaGolden_CircleTurns,-147.4009,-26.4380,208.1802,1.1633,-14.5747,4.7963,0.8767,0.1772,-0.4472,0.9980,108,5.979436,0.5260,-0.2644
BiancaGolden_CircleTurns,-146.6300,-27.1297,208.2174,0.7819,-14.3528,5.1938,0.8800,0.1779,-0.4403,0.9980,109,6.007164,0.5337,-0.2713
BiancaGolden_CircleTurns,-145.9356,-27.7464,208.2728,0.3058,-13.9494,5.3485,0.8974,0.1740,-0.4054,0.9980,109,6.035538,0.5406,-0.2775
BiancaGolden_CircleTurns,-145.4089,-28.3534,208.1988,-0.1496,-14.5255,5.6509,0.9025,0.1718,-0.3950,0.9980,110,6.062948,0.5459,-0.2835
BiancaGolden_CircleTurns,-144.9564,-28.9501,208.1298,-0.4033,-15.4382,5.8178,0.8973,0.1706,-0.4072,0.9980,110,6.090647,0.5504,-0.2895
BiancaGolden_CircleTurns,-144.5732,-29.4527,208.0355,-0.8917,-16.1398,6.0477,0.8920,0.1714,-0.4183,0.9980,111,6.118636,0.5543,-0.2945
BiancaGolden_CircleTurns,-144.2686,-29.9002,208.0273,-1.2346,-16.5692,6.1658,0.8850,0.1848,-0.4273,0.9980,111,6.146827,0.5573,-0.2990
BiancaGolden_CircleTurns,-143.9812,-30.2472,208.1089,-1.3083,-16.5528,6.2094,0.8857,0.1955,-0.4211,0.9980,112,6.174328,0.5602,-0.3025
BiancaGolden_CircleTurns,-143.5767,-30.5286,208.2381,-1.3841,-16.1263,6.4366,0.8900,0.2024,-0.4086,0.9980,112,6.202638,0.5642,-0.3053
BiancaGolden_CircleTurns,-142.9508,-30.7281,208.4367,-1.7626,-15.0694,6.7579,0.8883,0.2190,-0.4037,0.9980,113,6.230247,0.5705,-0.3073
BiancaGolden_CircleTurns,-142.3804,-31.0197,208.4056,-1.6855,-14.2339,7.3850,0.8779,0.2149,-0.4279,0.9980,113,6.258355,0.5762,-0.3102
BiancaGolden_CircleTurns,-142.0107,-31.3356,208.1238,-1.6450,-14.7945,7.8513,0.8594,0.2177,-0.4627,0.9980,114,6.286270,0.5799,-0.3134
BiancaGolden_CircleTurns,-141.7126,-31.6198,207.9215,-2.0771,-16.4519,8.2334,0.8462,0.2107,-0.4895,0.9980,114,6.314007,0.5829,-0.3162
BiancaGolden_CircleTurns,-141.4053,-31.9348,207.8012,-2.6701,-17.7723,8.2663,0.8443,0.1909,-0.5007,0.9980,115,6.341708,0.5859,-0.3193
BiancaGolden_CircleTurns,-141.1318,-32.2339,207.7038,-3.1077,-18.5541,7.9713,0.8511,0.1853,-0.4912,0.9980,115,6.369646,0.5887,-0.3223
BiancaGolden_CircleTurns,-140.8876,-32.5009,207.6243,-3.4442,-18.7792,7.5848,0.8626,0.1811,-0.4723,0.9980,116,6.397384,0.5911,-0.3250
BiancaGolden_CircleTurns,-140.6324,-32.7194,207.5960,-3.6516,-18.6756,7.1805,0.8673,0.1776,-0.4650,0.9980,116,6.425511,0.5937,-0.3272
BiancaGolden_CircleTurns,-140.3908,-32.9144,207.4641,-3.8421,-18.7255,6.8972,0.8648,0.1839,-0.4672,0.9980,117,6.453230,0.5961,-0.3291
BiancaGolden_CircleTurns,-140.0726,-33.1321,207.2926,-3.8973,-19.0489,6.7473,0.8606,0.1837,-0.4750,0.9980,117,6.481073,0.5993,-0.3313
BiancaGolden_CircleTurns,-139.7328,-33.3903,207.0106,-4.1458,-19.7031,6.5404,0.8555,0.1787,-0.4860,0.9980,118,6.508829,0.6027,-0.3339
BiancaGolden_CircleTurns,-139.2694,-33.7001,206.7036,-4.3346,-20.4857,6.2212,0.8540,0.1782,-0.4888,0.9980,118,6.536829,0.6073,-0.3370
BiancaGolden_CircleTurns,-138.7557,-34.0467,206.3973,-4.2901,-21.0907,5.9032,0.8555,0.1744,-0.4875,0.9980,119,6.564935,0.6124,-0.3405
BiancaGolden_CircleTurns,-138.1820,-34.4883,206.1755,-4.4465,-21.5852,5.5122,0.8530,0.1736,-0.4923,0.9980,119,6.592471,0.6182,-0.3449
BiancaGolden_CircleTurns,-137.5632,-35.0625,205.9520,-4.4311,-22.1930,5.0837,0.8480,0.1777,-0.4993,0.9980,120,6.620197,0.6244,-0.3506
BiancaGolden_CircleTurns,-136.9612,-35.7649,205.6805,-4.3405,-22.9730,5.0853,0.8443,0.1800,-0.5047,0.9980,120,6.648323,0.6304,-0.3576
BiancaGolden_CircleTurns,-136.3677,-36.5400,205.3996,-4.2415,-24.1461,4.9397,0.8359,0.1786,-0.5190,0.9980,121,6.676433,0.6363,-0.3654
BiancaGolden_CircleTurns,-135.7147,-37.4456,205.2268,-4.2284,-25.2075,4.7157,0.8372,0.1814,-0.5159,0.9980,121,6.703739,0.6429,-0.3745
BiancaGolden_CircleTurns,-135.0274,-38.4900,205.0922,-4.1897,-25.7410,4.5927,0.8420,0.1893,-0.5052,0.9980,122,6.731254,0.6497,-0.3849
BiancaGolden_CircleTurns,-134.2865,-39.4947,204.9897,-4.4548,-26.1273,4.5141,0.8451,0.1955,-0.4976,0.9980,122,6.762411,0.6571,-0.3949
BiancaGolden_CircleTurns,-133.6029,-40.5546,204.9833,-4.9169,-26.1810,4.9028,0.8496,0.2098,-0.4839,0.9980,123,6.787442,0.6640,-0.4055
BiancaGolden_CircleTurns,-132.9108,-41.6648,204.9929,-5.0077,-26.0886,5.2462,0.8483,0.1540,-0.5066,0.9980,123,6.814406,0.6709,-0.4166
BiancaGolden_CircleTurns,-132.2879,-42.7704,205.0216,-5.0684,-25.9693,5.5609,0.8481,0.1187,-0.5164,0.9980,124,6.842221,0.6771,-0.4277
BiancaGolden_CircleTurns,-131.6201,-43.7677,205.2428,-5.3359,-25.8588,5.6743,0.8446,0.1107,-0.5238,0.9980,124,6.870122,0.6838,-0.4377
BiancaGolden_CircleTurns,-130.9698,-44.7794,205.4497,-5.9873,-25.5055,5.4569,0.8447,0.1109,-0.5236,0.9980,125,6.898083,0.6903,-0.4478
BiancaGolden_CircleTurns,-130.3526,-45.6752,205.6200,-6.1575,-25.0217,5.1536,0.8456,0.1109,-0.5222,0.9980,125,6.926225,0.6965,-0.4568
BiancaGolden_CircleTurns,-129.7116,-46.5472,205.7436,-5.9470,-24.5364,5.0686,0.8487,0.1102,-0.5172,0.9980,126,6.954143,0.7029,-0.4655
BiancaGolden_CircleTurns,-129.0657,-47.3282,205.8451,-5.7381,-23.7837,4.9748,0.8417,0.1171,-0.5271,0.9980,126,6.982352,0.7093,-0.4733
BiancaGolden_CircleTurns,-128.4221,-47.9977,206.0241,-5.9136,-23.2837,4.8654,0.8378,0.1268,-0.5310,0.9980,127,7.009648,0.7158,-0.4800
BiancaGolden_CircleTurns,-127.7222,-48.5855,206.2257,-6.3956,-23.4101,5.2119,0.8341,0.1304,-0.5360,0.9980,127,7.037630,0.7228,-0.4859
BiancaGolden_CircleTurns,-127.0064,-49.1869,206.3002,-6.6353,-23.1951,5.4450,0.8272,0.1332,-0.5459,0.9980,128,7.065888,0.7299,-0.4919
BiancaGolden_CircleTurns,-126.3064,-49.6307,206.3065,-6.6357,-23.3402,5.3586,0.8205,0.1381,-0.5548,0.9980,128,7.093208,0.7369,-0.4963
BiancaGolden_CircleTurns,-125.6222,-50.0377,206.2389,-6.4272,-23.7183,5.7403,0.8075,0.1436,-0.5722,0.9980,129,7.120678,0.7438,-0.5004
BiancaGolden_CircleTurns,-124.9293,-50.3324,206.2164,-6.3454,-24.3555,6.1503,0.7958,0.2122,-0.5672,0.9980,129,7.148869,0.7507,-0.5033
BiancaGolden_CircleTurns,-124.2090,-50.5987,206.1224,-6.5975,-24.7412,6.9035,0.7890,0.2555,-0.5587,0.9980,130,7.176351,0.7579,-0.5060
BiancaGolden_CircleTurns,-123.3528,-50.8400,206.0094,-6.5501,-24.9373,6.9907,0.8009,0.2561,-0.5413,0.9980,130,7.204366,0.7665,-0.5084
BiancaGolden_CircleTurns,-122.4584,-50.9733,205.8907,-6.7224,-24.7701,6.7776,0.7998,0.2480,-0.5467,0.9980,131,7.231945,0.7754,-0.5097
BiancaGolden_CircleTurns,-121.6358,-51.0537,205.6726,-6.6178,-24.9358,6.6185,0.7947,0.2463,-0.5548,0.9980,131,7.260276,0.7836,-0.5105
BiancaGolden_CircleTurns,-120.8359,-51.0924,205.4088,-6.3944,-25.4675,6.5824,0.7874,0.2426,-0.5667,0.9980,132,7.287611,0.7916,-0.5109
BiancaGolden_CircleTurns,-120.0850,-51.0667,205.1895,-5.9477,-26.0503,6.3730,0.7811,0.2537,-0.5705,0.9980,132,7.315204,0.7991,-0.5107
BiancaGolden_CircleTurns,-119.3241,-50.9379,205.1868,-5.5887,-26.5023,6.3428,0.7863,0.2535,-0.5635,0.9980,133,7.342871,0.8068,-0.5094
BiancaGolden_CircleTurns,-118.5102,-50.7388,205.1146,-5.2974,-26.2137,6.3748,0.7957,0.2463,-0.5534,0.9980,133,7.370903,0.8149,-0.5074
BiancaGolden_CircleTurns,-117.7328,-50.5501,205.0225,-4.8734,-26.0538,6.2393,0.7951,0.2462,-0.5542,0.9980,134,7.398594,0.8227,-0.5055
BiancaGolden_CircleTurns,-116.8765,-50.3420,205.0252,-4.2799,-26.0630,6.0084,0.7976,0.2382,-0.5542,0.9980,134,7.426687,0.8312,-0.5034
BiancaGolden_CircleTurns,-115.9550,-50.0760,205.1486,-3.7262,-25.8094,5.5318,0.7928,0.2434,-0.5588,0.9980,135,7.454360,0.8405,-0.5008
BiancaGolden_CircleTurns,-115.1377,-49.7796,205.1603,-2.9831,-25.7465,5.2489,0.7847,0.2444,-0.5696,0.9980,135,7.482279,0.8486,-0.4978
BiancaGolden_CircleTurns,-114.2238,-49.4178,205.1831,-2.2376,-25.5519,5.0804,0.7857,0.2441,-0.5685,0.9980,136,7.509931,0.8578,-0.4942
BiancaGolden_CircleTurns,-113.3224,-49.0958,205.1682,-1.5562,-25.3608,4.9947,0.7840,0.2366,-0.5739,0.9980,136,7.538150,0.8668,-0.4910
BiancaGolden_CircleTurns,-112.4223,-48.7965,205.1199,-0.9999,-25.5347,4.8307,0.7796,0.2396,-0.5787,0.9980,137,7.565913,0.8758,-0.4880
BiancaGolden_CircleTurns,-111.4238,-48.4943,205.2415,-0.8990,-25.5041,4.8789,0.7722,0.2469,-0.5854,0.9980,137,7.597670,0.8858,-0.4849
BiancaGolden_CircleTurns,-110.4658,-48.3129,205.3879,-0.6338,-25.3985,4.8103,0.7957,0.2132,-0.5669,0.9980,138,7.622040,0.8953,-0.4831
BiancaGolden_CircleTurns,-109.5367,-48.1501,205.6170,-0.7114,-24.9703,4.5546,0.8892,0.1218,-0.4410,0.9980,138,7.649204,0.9046,-0.4815
BiancaGolden_CircleTurns,-108.5355,-47.9795,205.8573,-0.8233,-23.2022,4.3480,0.9058,0.0859,-0.4149,0.9980,139,7.676598,0.9146,-0.4798
BiancaGolden_CircleTurns,-107.7003,-47.8910,206.0876,-0.2676,-21.4403,4.1641,0.8689,0.0640,-0.4908,0.9980,139,7.704917,0.9230,-0.4789
BiancaGolden_CircleTurns,-107.0083,-47.9141,206.2342,0.0194,-20.1593,3.9576,0.8847,0.0595,-0.4624,0.9980,140,7.733290,0.9299,-0.4791
BiancaGolden_CircleTurns,-106.4253,-47.8927,206.4846,0.0119,-19.7737,3.5953,0.8493,0.0299,-0.5271,0.9980,140,7.760411,0.9357,-0.4789
BiancaGolden_CircleTurns,-106.1473,-47.8388,206.5255,-0.1651,-20.1631,3.3665,0.7843,0.0254,-0.6199,0.9980,141,7.787957,0.9385,-0.4784
BiancaGolden_CircleTurns,-105.7472,-47.8176,206.7018,-0.7487,-20.5297,3.0276,0.7490,-0.0446,-0.6611,0.9980,141,7.815825,0.9425,-0.4782
BiancaGolden_CircleTurns,-105.2179,-47.8622,207.1091,-1.3766,-20.0279,3.0466,0.7545,-0.0636,-0.6532,0.9980,142,7.843421,0.9478,-0.4786
BiancaGolden_CircleTurns,-104.8549,-48.0349,207.3986,-1.3969,-19.4840,2.9378,0.7653,-0.0645,-0.6404,0.9980,142,7.871461,0.9515,-0.4803
BiancaGolden_CircleTurns,-104.5832,-48.1593,207.4977,-1.3887,-19.0968,2.8496,0.7648,-0.0636,-0.6412,0.9980,143,7.899243,0.9542,-0.4816
BiancaGolden_CircleTurns,-104.3027,-48.2659,207.6245,-1.6079,-18.8570,3.1572,0.7537,-0.0569,-0.6548,0.9980,143,7.927627,0.9570,-0.4827
BiancaGolden_CircleTurns,-104.0605,-48.3755,207.6386,-2.0143,-19.0093,3.4437,0.7647,0.0168,-0.6442,0.9980,144,7.955287,0.9594,-0.4838
BiancaGolden_CircleTurns,-103.7446,-48.5900,207.5959,-1.8093,-19.1322,4.0052,0.7598,0.1724,-0.6268,0.9980,144,7.983779,0.9626,-0.4859
BiancaGolden_CircleTurns,-103.4049,-48.8608,207.5520,-1.3562,-19.3210,4.5361,0.7517,0.1954,-0.6299,0.9980,145,8.011065,0.9660,-0.4886
BiancaGolden_CircleTurns,-103.0983,-49.1078,207.5107,-1.0092,-19.6204,4.9290,0.7461,0.2051,-0.6335,0.9980,145,8.039222,0.9690,-0.4911
BiancaGolden_CircleTurns,-102.7834,-49.5145,207.5124,-0.7571,-19.4575,5.3360,0.7547,0.2108,-0.6213,0.9980,146,8.066401,0.9722,-0.4951
BiancaGolden_CircleTurns,-102.4951,-50.0304,207.4693,-0.4382,-19.3248,5.9875,0.7427,0.2146,-0.6343,0.9980,146,8.093865,0.9750,-0.5003
BiancaGolden_CircleTurns,-102.2215,-50.5980,207.4801,-0.1209,-19.6261,6.6575,0.7367,0.2251,-0.6376,0.9980,147,8.121659,0.9778,-0.5060
BiancaGolden_CircleTurns,-101.8856,-51.2636,207.5078,-0.3215,-19.7914,7.5820,0.7321,0.2260,-0.6426,0.9980,147,8.149714,0.9811,-0.5126
BiancaGolden_CircleTurns,-101.4579,-51.9972,207.5173,-0.6129,-19.6172,8.4200,0.7274,0.2379,-0.6437,0.9980,148,8.177637,0.9854,-0.5200
BiancaGolden_CircleTurns,-100.9357,-52.8541,207.5892,-0.8711,-19.4939,9.2761,0.7323,0.2191,-0.6447,0.9980,148,8.205659,0.9906,-0.5285
BiancaGolden_CircleTurns,-100.4522,-53.7792,207.6282,-1.0636,-19.4236,9.9964,0.7598,0.2030,-0.6176,0.9980,149,8.233229,0.9955,-0.5378
BiancaGolden_CircleTurns,-99.8271,-54.7392,207.8078,-1.3413,-18.9305,10.5998,0.7984,0.1562,-0.5816,0.9980,149,8.261271,1.0017,-0.5474
BiancaGolden_CircleTurns,-99.1520,-55.7930,207.9844,-1.5929,-18.0409,11.0604,0.8316,0.0866,-0.5486,0.9980,150,8.287860,1.0085,-0.5579
BiancaGolden_CircleTurns,-98.3862,-56.8164,208.1315,-1.5835,-16.8350,11.5679,0.8366,0.0141,-0.5476,0.9980,150,8.316302,1.0161,-0.5682
BiancaGolden_CircleTurns,-97.7115,-57.7002,208.3480,-2.1552,-15.5180,12.0552,0.8180,-0.0123,-0.5751,0.9980,151,8.344286,1.0229,-0.5770
BiancaGolden_CircleTurns,-97.1719,-58.5876,208.3908,-2.2665,-15.4003,12.4683,0.7908,-0.0048,-0.6121,0.9980,151,8.372190,1.0283,-0.5859
BiancaGolden_CircleTurns,-96.7143,-59.4383,208.3681,-1.5979,-15.5687,13.5206,0.7123,-0.0305,-0.7012,0.9980,152,8.399631,1.0329,-0.5944
BiancaGolden_CircleTurns,-96.2918,-60.1792,208.3180,-0.9869,-15.8305,14.2739,0.7002,-0.0192,-0.7137,0.9980,152,8.430760,1.0371,-0.6018
BiancaGolden_CircleTurns,-95.9256,-60.9460,208.3474,-0.8899,-15.9681,14.6494,0.6748,-0.0224,-0.7376,0.9980,153,8.455883,1.0407,-0.6095
BiancaGolden_CircleTurns,-95.5245,-61.6853,208.3031,-0.7983,-15.6077,15.1388,0.6741,-0.0197,-0.7383,0.9980,153,8.482837,1.0448,-0.6169
BiancaGolden_CircleTurns,-95.1653,-62.3616,208.3504,-0.7780,-15.1551,15.6299,0.6867,-0.0108,-0.7269,0.9980,154,8.510669,1.0483,-0.6236
BiancaGolden_CircleTurns,-94.7122,-63.1133,208.4504,-0.7783,-14.1745,16.2776,0.6924,-0.0057,-0.7215,0.9980,154,8.538514,1.0529,-0.6311
BiancaGolden_CircleTurns,-94.4778,-63.7431,208.5175,-0.8442,-13.4661,16.7452,0.6881,0.0014,-0.7256,0.9980,155,8.566490,1.0552,-0.6374
BiancaGolden_CircleTurns,-94.2196,-64.2691,208.5936,-0.9839,-12.8554,17.2444,0.6872,0.0190,-0.7262,0.9980,155,8.595174,1.0578,-0.6427
BiancaGolden_CircleTurns,-93.9108,-64.7528,208.7772,-1.1795,-12.3511,17.5662,0.6911,0.0010,-0.7228,0.9980,156,8.623091,1.0609,-0.6475
BiancaGolden_CircleTurns,-93.6056,-65.2076,208.8980,-1.4998,-11.8179,17.7593,0.6817,-0.1230,-0.7212,0.9980,156,8.650612,1.0639,-0.6521
BiancaGolden_CircleTurns,-93.2533,-65.5081,208.9100,-1.8653,-11.5592,18.0700,0.6762,-0.1256,-0.7260,0.9980,157,8.678476,1.0675,-0.6551
BiancaGolden_CircleTurns,-92.7318,-65.7874,209.0430,-2.1052,-11.8535,18.6005,0.6609,-0.1303,-0.7391,0.9980,157,8.706380,1.0727,-0.6579
BiancaGolden_CircleTurns,-92.1949,-66.0119,209.0450,-2.3903,-12.4109,18.9507,0.6582,-0.1512,-0.7375,0.9980,158,8.734015,1.0781,-0.6601
BiancaGolden_CircleTurns,-91.5588,-66.1138,208.9721,-2.6505,-13.0750,19.3863,0.6659,-0.1572,-0.7293,0.9980,158,8.762229,1.0844,-0.6611
BiancaGolden_CircleTurns,-90.8813,-66.1195,208.9293,-2.8704,-13.8047,19.8766,0.6656,-0.1584,-0.7293,0.9980,159,8.789547,1.0912,-0.6612
BiancaGolden_CircleTurns,-90.1706,-66.0439,208.7041,-3.0092,-14.7053,20.3458,0.6668,-0.1694,-0.7257,0.9980,159,8.817966,1.0983,-0.6604
BiancaGolden_CircleTurns,-89.4032,-65.8936,208.4541,-2.7271,-15.5119,20.7272,0.6612,-0.1714,-0.7303,0.9980,160,8.846227,1.1060,-0.6589
BiancaGolden_CircleTurns,-88.6101,-65.6632,208.2029,-2.6307,-16.1609,20.8969,0.6818,-0.1788,-0.7094,0.9980,160,8.873915,1.1139,-0.6566
BiancaGolden_CircleTurns,-87.7720,-65.3674,207.9554,-2.6586,-16.5657,21.0188,0.7463,-0.1721,-0.6430,0.9980,161,8.901202,1.1223,-0.6537
BiancaGolden_CircleTurns,-86.9441,-65.0058,207.7794,-2.5326,-16.5882,20.9481,0.7705,-0.0972,-0.6300,0.9980,161,8.929206,1.1306,-0.6501
BiancaGolden_CircleTurns,-86.1573,-64.6645,207.4894,-2.3500,-16.6557,20.9655,0.7394,-0.0385,-0.6721,0.9980,162,8.957239,1.1384,-0.6466
BiancaGolden_CircleTurns,-85.4050,-64.3533,207.3497,-1.7910,-17.1921,20.9195,0.7190,-0.1226,-0.6841,0.9980,162,8.985420,1.1460,-0.6435
BiancaGolden_CircleTurns,-84.4920,-63.9240,207.5535,-1.7997,-17.4239,20.4090,0.7393,-0.1713,-0.6513,0.9980,163,9.012825,1.1551,-0.6392
BiancaGolden_CircleTurns,-83.7474,-63.5798,207.5344,-2.0171,-17.1528,19.9428,0.7657,-0.1794,-0.6176,0.9980,163,9.040902,1.1625,-0.6358
BiancaGolden_CircleTurns,-83.1987,-63.3729,207.3606,-1.4646,-17.0721,19.3512,0.7669,-0.1649,-0.6202,0.9980,164,9.068727,1.1680,-0.6337
BiancaGolden_CircleTurns,-82.3767,-63.0952,207.6475,-1.2796,-17.0040,19.2953,0.7740,-0.1640,-0.6116,0.9980,164,9.097549,1.1762,-0.6310
BiancaGolden_CircleTurns,-81.6947,-62.9875,208.0083,-0.9793,-16.4815,19.2987,0.7574,-0.1541,-0.6345,0.9980,165,9.124054,1.1831,-0.6299
BiancaGolden_CircleTurns,-81.1976,-62.9286,207.9434,-0.6427,-16.5468,19.0888,0.7620,-0.1560,-0.6285,0.9980,165,9.152122,1.1880,-0.6293
BiancaGolden_CircleTurns,-80.5628,-62.8691,208.1302,-0.3560,-16.7632,19.2350,0.7660,-0.1503,-0.6251,0.9980,166,9.180031,1.1944,-0.6287
BiancaGolden_CircleTurns,-79.8429,-62.8099,208.4182,-0.0608,-16.8614,19.8020,0.7844,-0.0471,-0.6185,0.9980,166,9.207869,1.2016,-0.6281
BiancaGolden_CircleTurns,-79.1022,-62.7636,208.5386,0.4206,-17.0284,20.8945,0.8035,0.1921,-0.5635,0.9980,167,9.235413,1.2090,-0.6276
BiancaGolden_CircleTurns,-78.2593,-62.6934,208.7016,1.0705,-16.8543,22.6675,0.7769,0.3041,-0.5513,0.9980,167,9.267402,1.2174,-0.6269
BiancaGolden_CircleTurns,-77.4063,-62.5680,208.7682,1.3031,-16.3805,25.2604,0.7096,0.5620,-0.4250,0.9980,168,9.291689,1.2259,-0.6257
BiancaGolden_CircleTurns,-76.5171,-62.4601,208.8446,1.3665,-15.5708,28.4425,0.6270,0.6613,-0.4118,0.9980,168,9.318475,1.2348,-0.6246
BiancaGolden_CircleTurns,-75.5760,-62.5138,208.8313,1.3371,-14.5721,31.8384,0.6116,0.6828,-0.3996,0.9980,169,9.346292,1.2442,-0.6251
BiancaGolden_CircleTurns,-74.5325,-62.9958,208.6716,0.3328,-13.6736,34.0468,0.6218,0.6664,-0.4115,0.9980,169,9.374432,1.2547,-0.6300
BiancaGolden_CircleTurns,-73.3216,-63.8770,208.4512,-1.5930,-13.3619,34.2630,0.6331,0.6089,-0.4779,0.9980,170,9.402340,1.2668,-0.6388
BiancaGolden_CircleTurns,-71.9241,-64.9240,208.0973,-2.5531,-13.4501,33.4614,0.6466,0.5901,-0.4834,0.9980,170,9.429919,1.2808,-0.6492
BiancaGolden_CircleTurns,-70.4275,-65.9411,207.7454,-2.2080,-13.6380,32.8917,0.6486,0.5599,-0.5156,0.9980,171,9.457719,1.2957,-0.6594
BiancaGolden_CircleTurns,-68.8847,-66.9193,207.4025,-1.5830,-13.9257,32.7855,0.6369,0.5641,-0.5254,0.9980,171,9.485748,1.3112,-0.6692
BiancaGolden_CircleTurns,-67.2262,-67.9153,207.1783,-1.1414,-14.3027,33.1651,0.6175,0.5802,-0.5311,0.9980,172,9.513648,1.3277,-0.6792
BiancaGolden_CircleTurns,-65.5521,-68.9710,206.8354,-1.1143,-14.7204,34.2389,0.5946,0.6040,-0.5307,0.9980,172,9.542144,1.3445,-0.6897
BiancaGolden_CircleTurns,-63.7558,-70.1478,206.4400,-0.8849,-15.0098,35.6667,0.5819,0.6229,-0.5228,0.9980,173,9.569460,1.3624,-0.7015
BiancaGolden_CircleTurns,-61.7391,-71.3371,206.3251,-0.5883,-15.2701,37.0408,0.5624,0.6336,-0.5312,0.9980,173,9.597529,1.3826,-0.7134
BiancaGolden_CircleTurns,-59.5271,-72.5245,206.4969,-0.5964,-15.8299,38.4248,0.5427,0.6416,-0.5421,0.9980,174,9.624784,1.4047,-0.7252
BiancaGolden_CircleTurns,-57.4567,-73.7176,206.3619,-0.6197,-16.0820,39.6052,0.5318,0.6449,-0.5490,0.9980,174,9.652472,1.4254,-0.7372
BiancaGolden_CircleTurns,-55.6063,-74.9357,205.9287,-0.2214,-16.6545,40.6633,0.5167,0.6482,-0.5594,0.9980,175,9.680117,1.4439,-0.7494
BiancaGolden_CircleTurns,-53.8162,-76.0292,205.9294,0.4640,-17.7449,41.7424,0.4886,0.6581,-0.5728,0.9980,175,9.708292,1.4618,-0.7603
BiancaGolden_CircleTurns,-52.1541,-76.9044,206.2826,0.7632,-18.8509,43.2166,0.4707,0.6742,-0.5692,0.9980,176,9.735857,1.4785,-0.7690
BiancaGolden_CircleTurns,-50.5434,-77.7570,206.3665,1.0562,-19.5562,44.8876,0.4572,0.6846,-0.5677,0.9980,176,9.764267,1.4946,-0.7776
BiancaGolden_CircleTurns,-49.0515,-78.4447,206.6969,0.7679,-19.6779,46.0835,0.4514,0.6988,-0.5549,0.9980,177,9.791721,1.5095,-0.7844
BiancaGolden_CircleTurns,-47.7178,-79.0834,206.9603,0.6951,-19.9618,47.2463,0.4377,0.7053,-0.5576,0.9980,177,9.819994,1.5228,-0.7908
BiancaGolden_CircleTurns,-46.5128,-79.6187,207.2516,0.7367,-20.4784,48.5283,0.4208,0.7110,-0.5634,0.9980,178,9.847156,1.5349,-0.7962
BiancaGolden_CircleTurns,-45.3292,-80.0225,207.4969,0.9141,-20.7247,49.7778,0.4086,0.7178,-0.5638,0.9980,178,9.875246,1.5467,-0.8002
BiancaGolden_CircleTurns,-44.1817,-80.3322,207.6464,1.1133,-20.7489,50.9560,0.4009,0.7233,-0.5623,0.9980,179,9.902762,1.5582,-0.8033
BiancaGolden_CircleTurns,-43.0759,-80.5392,207.6666,1.5227,-20.7547,52.1531,0.3873,0.7294,-0.5638,0.9980,179,9.930840,1.5692,-0.8054
BiancaGolden_CircleTurns,-42.0332,-80.6689,207.6466,1.4905,-20.8689,53.3136,0.3823,0.7266,-0.5709,0.9980,180,9.958671,1.5797,-0.8067
BiancaGolden_CircleTurns,-41.0303,-80.7257,207.5401,1.5236,-21.2076,54.4502,0.3647,0.7275,-0.5811,0.9980,180,9.986939,1.5897,-0.8073
BiancaGolden_CircleTurns,-40.0142,-80.6545,207.4695,1.7781,-21.3088,55.6047,0.3584,0.7328,-0.5784,0.9980,181,10.014544,1.5999,-0.8065
BiancaGolden_CircleTurns,-39.0196,-80.4136,207.5099,1.7114,-21.1083,56.6591,0.3557,0.7366,-0.5752,0.9980,181,10.042349,1.6098,-0.8041
BiancaGolden_CircleTurns,-38.0922,-80.1672,207.3452,1.4882,-21.0419,57.5553,0.3496,0.7357,-0.5801,0.9980,182,10.069713,1.6191,-0.8017
BiancaGolden_CircleTurns,-37.2476,-79.8900,207.0191,1.4305,-21.2541,58.2437,0.3455,0.7283,-0.5918,0.9980,182,10.100965,1.6275,-0.7989
BiancaGolden_CircleTurns,-36.4498,-79.4882,206.7506,1.4116,-21.5631,58.8323,0.3339,0.7245,-0.6029,0.9980,183,10.126534,1.6355,-0.7949
BiancaGolden_CircleTurns,-35.7208,-79.0812,206.3067,1.4723,-21.7698,59.4485,0.3384,0.7201,-0.6058,0.9980,183,10.152424,1.6428,-0.7908
BiancaGolden_CircleTurns,-35.1305,-78.6734,205.7394,1.5368,-21.8552,59.9127,0.3336,0.7205,-0.6080,0.9980,184,10.179800,1.6487,-0.7867
BiancaGolden_CircleTurns,-34.6064,-78.2223,205.2566,1.5174,-22.0346,60.2221,0.3306,0.7233,-0.6063,0.9980,184,10.207766,1.6539,-0.7822
BiancaGolden_CircleTurns,-34.0915,-77.6550,204.9278,1.5772,-22.1941,60.6008,0.3275,0.7241,-0.6070,0.9980,185,10.235692,1.6591,-0.7766
BiancaGolden_CircleTurns,-33.5429,-76.9136,204.9533,1.4065,-22.1389,61.0415,0.3210,0.7314,-0.6017,0.9980,185,10.264025,1.6646,-0.7691
BiancaGolden_CircleTurns,-33.0370,-76.3237,204.8070,1.7208,-21.6753,61.8822,0.3258,0.7261,-0.6054,0.9980,186,10.291857,1.6696,-0.7632
BiancaGolden_CircleTurns,-32.5585,-75.7498,204.6886,1.7472,-21.4878,62.4377,0.3217,0.7256,-0.6082,0.9980,186,10.319596,1.6744,-0.7575
BiancaGolden_CircleTurns,-32.0467,-75.1563,204.9829,1.3966,-21.4318,62.7737,0.3195,0.7196,-0.6165,0.9980,187,10.347074,1.6795,-0.7516
BiancaGolden_CircleTurns,-31.6302,-74.7288,205.1115,1.3654,-21.9080,63.1048,0.3143,0.7056,-0.6351,0.9980,187,10.375052,1.6837,-0.7473
BiancaGolden_CircleTurns,-31.2781,-74.3599,205.1322,1.4478,-22.6158,63.3558,0.3147,0.7072,-0.6332,0.9980,188,10.402651,1.6872,-0.7436
BiancaGolden_CircleTurns,-30.9342,-73.8900,205.2475,1.3884,-22.3580,63.3851,0.3155,0.7106,-0.6289,0.9980,188,10.430761,1.6907,-0.7389
BiancaGolden_CircleTurns,-30.6306,-73.5301,205.3724,1.3239,-22.0761,63.4187,0.3195,0.7018,-0.6368,0.9980,189,10.458568,1.6937,-0.7353
BiancaGolden_CircleTurns,-30.3290,-73.2107,205.5727,1.6628,-22.3749,63.6808,0.3111,0.6970,-0.6461,0.9980,189,10.486948,1.6967,-0.7321
BiancaGolden_CircleTurns,-29.9902,-72.9042,205.6818,2.0707,-22.7554,64.0949,0.3055,0.7012,-0.6442,0.9980,190,10.514786,1.7001,-0.7290
BiancaGolden_CircleTurns,-29.5828,-72.4799,205.8777,2.1635,-22.6138,64.4182,0.2981,0.6988,-0.6503,0.9980,190,10.542726,1.7042,-0.7248
BiancaGolden_CircleTurns,-29.2161,-72.2195,205.9471,2.0801,-22.9397,64.8072,0.2990,0.6909,-0.6582,0.9980,191,10.570303,1.7078,-0.7222
BiancaGolden_CircleTurns,-28.7840,-71.9065,206.0246,2.1601,-23.3068,65.3188,0.2919,0.6931,-0.6591,0.9980,191,10.598427,1.7122,-0.7191
BiancaGolden_CircleTurns,-28.3210,-71.5878,206.0830,2.4126,-23.3261,65.9850,0.2820,0.6935,-0.6629,0.9980,192,10.626946,1.7168,-0.7159
BiancaGolden_CircleTurns,-27.8113,-71.3217,206.0735,2.6670,-23.3704,66.7636,0.2740,0.6920,-0.6678,0.9980,192,10.654715,1.7219,-0.7132
BiancaGolden_CircleTurns,-27.2644,-71.0938,205.9576,2.8883,-23.5971,67.4960,0.2635,0.6926,-0.6715,0.9980,193,10.681704,1.7274,-0.7109
BiancaGolden_CircleTurns,-26.6009,-70.8382,205.8533,3.0274,-23.7622,68.3281,0.2558,0.6964,-0.6705,0.9980,193,10.709526,1.7340,-0.7084
BiancaGolden_CircleTurns,-25.9044,-70.6519,205.7378,3.2286,-23.8452,69.3040,0.2503,0.6954,-0.6736,0.9980,194,10.737283,1.7410,-0.7065
BiancaGolden_CircleTurns,-25.0991,-70.5740,205.5393,3.3787,-24.0910,70.3260,0.2456,0.6945,-0.6763,0.9980,194,10.765307,1.7490,-0.7057
BiancaGolden_CircleTurns,-24.2344,-70.5201,205.3814,3.3865,-24.3102,71.2545,0.2349,0.6897,-0.6849,0.9980,195,10.793072,1.7577,-0.7052
BiancaGolden_CircleTurns,-23.3161,-70.6037,205.2081,3.2635,-24.9809,72.4007,0.2250,0.6930,-0.6849,0.9980,195,10.820989,1.7668,-0.7060
BiancaGolden_CircleTurns,-22.2858,-70.6485,205.0487,3.1852,-25.1791,73.5956,0.2172,0.7000,-0.6803,0.9980,196,10.848820,1.7771,-0.7065
BiancaGolden_CircleTurns,-21.1366,-70.6828,204.9604,3.2607,-24.9179,74.8079,0.2070,0.7037,-0.6796,0.9980,196,10.876956,1.7886,-0.7068
BiancaGolden_CircleTurns,-19.9138,-70.8516,204.8048,3.3048,-24.7971,76.0605,0.1975,0.7025,-0.6838,0.9980,197,10.904523,1.8009,-0.7085
BiancaGolden_CircleTurns,-18.6221,-71.0364,204.6269,3.1423,-24.8186,77.2721,0.1881,0.7084,-0.6803,0.9980,197,10.935195,1.8138,-0.7104
BiancaGolden_CircleTurns,-17.2265,-71.1697,204.5172,3.0080,-24.5704,78.5663,0.1691,0.7141,-0.6793,0.9980,198,10.960189,1.8277,-0.7117
BiancaGolden_CircleTurns,-15.7639,-71.3739,204.3677,3.0494,-24.2809,79.8767,0.1524,0.7132,-0.6842,0.9980,198,10.987159,1.8424,-0.7137
BiancaGolden_CircleTurns,-14.2431,-71.6121,204.1915,3.2055,-24.1344,81.2681,0.1358,0.7145,-0.6863,0.9980,199,11.014677,1.8576,-0.7161
BiancaGolden_CircleTurns,-12.6810,-71.7760,204.2430,3.2684,-24.2964,82.5940,0.1265,0.7152,-0.6874,0.9980,199,11.042435,1.8732,-0.7178
BiancaGolden_CircleTurns,-11.0643,-71.8163,204.5049,3.2584,-24.3169,83.7914,0.1231,0.7091,-0.6943,0.9980,200,11.070380,1.8894,-0.7182
BiancaGolden_CircleTurns,-9.5127,-72.1034,204.3649,3.3498,-24.5624,84.7887,0.1151,0.7112,-0.6935,0.9980,200,11.098542,1.9049,-0.7210
BiancaGolden_CircleTurns,-7.9670,-72.2716,204.4447,3.7845,-24.5433,85.7253,0.0998,0.7101,-0.6970,0.9980,201,11.126287,1.9203,-0.7227
BiancaGolden_CircleTurns,-6.5527,-72.5473,204.5665,4.2329,-24.9146,86.6861,0.0838,0.7055,-0.7038,0.9980,201,11.154284,1.9345,-0.7255
BiancaGolden_CircleTurns,-5.2929,-72.7570,204.8054,4.1004,-25.4495,87.6547,0.0683,0.7279,-0.6823,0.9980,202,11.181961,1.9471,-0.7276
BiancaGolden_CircleTurns,-4.1126,-73.0309,204.9452,3.9156,-25.6289,88.6943,0.1276,0.7241,-0.6778,0.9980,202,11.210468,1.9589,-0.7303
BiancaGolden_CircleTurns,-3.0519,-73.2860,205.1746,3.8623,-25.7620,89.6223,0.0985,0.7519,-0.6519,0.9980,203,11.238316,1.9695,-0.7329
BiancaGolden_CircleTurns,-2.1089,-73.5186,205.4730,3.8836,-25.8321,90.5966,0.0781,0.7577,-0.6479,0.9980,203,11.266806,1.9789,-0.7352
BiancaGolden_CircleTurns,-1.2433,-73.6933,205.8002,3.9083,-25.5629,91.7020,0.0334,0.7627,-0.6459,0.9980,204,11.293770,1.9876,-0.7369
BiancaGolden_CircleTurns,-0.5093,-73.8115,206.1444,3.7917,-24.9363,92.6481,0.0221,0.7507,-0.6603,0.9980,204,11.321339,1.9949,-0.7381
BiancaGolden_CircleTurns,0.1472,-73.9509,206.3728,3.3100,-24.4391,93.3542,0.0010,0.7511,-0.6602,0.9980,205,11.349167,2.0015,-0.7395
BiancaGolden_CircleTurns,0.7333,-74.0712,206.5307,3.1260,-24.1988,94.0140,-0.0074,0.7486,-0.6630,0.9980,205,11.377267,2.0073,-0.7407
BiancaGolden_CircleTurns,1.1870,-74.1540,206.6090,2.9756,-24.0540,94.6378,-0.0136,0.7346,-0.6784,0.9980,206,11.405074,2.0119,-0.7415
BiancaGolden_CircleTurns,1.5018,-74.1794,206.6714,2.5271,-23.7877,95.1315,-0.0225,0.7270,-0.6862,0.9980,206,11.433276,2.0150,-0.7418
BiancaGolden_CircleTurns,1.7494,-74.1844,206.6474,2.1432,-23.5120,95.4821,-0.0210,0.7229,-0.6906,0.9980,207,11.460829,2.0175,-0.7418
BiancaGolden_CircleTurns,1.8996,-74.2153,206.5074,2.0726,-23.4023,95.8928,-0.0256,0.7180,-0.6956,0.9980,207,11.489215,2.0190,-0.7422
BiancaGolden_CircleTurns,1.9164,-74.2277,206.4399,1.8628,-23.1784,96.2261,-0.0300,0.7144,-0.6991,0.9980,208,11.514871,2.0192,-0.7423
BiancaGolden_CircleTurns,1.8628,-74.2714,206.3258,1.5408,-22.9881,96.5531,-0.0305,0.7149,-0.6986,0.9980,208,11.542633,2.0186,-0.7427
BiancaGolden_CircleTurns,1.6963,-74.2570,206.3956,0.9866,-22.9033,96.8409,-0.0405,0.7114,-0.7016,0.9980,209,11.570386,2.0170,-0.7426
BiancaGolden_CircleTurns,1.5358,-74.1284,206.5598,0.5818,-22.4064,97.2250,-0.0458,0.7129,-0.6998,0.9980,209,11.598769,2.0154,-0.7413
BiancaGolden_CircleTurns,1.4462,-74.2709,206.3219,0.5620,-21.9875,97.6221,-0.0352,0.7148,-0.6984,0.9980,210,11.626713,2.0145,-0.7427
BiancaGolden_CircleTurns,1.4513,-74.4980,205.6240,0.8607,-21.8959,98.0283,-0.0344,0.7072,-0.7062,0.9980,210,11.654991,2.0145,-0.7450
BiancaGolden_CircleTurns,1.4834,-74.2622,205.7452,0.9036,-21.9946,98.3123,-0.0375,0.7019,-0.7113,0.9980,211,11.683835,2.0148,-0.7426
BiancaGolden_CircleTurns,1.5801,-74.2069,205.7513,0.3642,-22.3171,98.6652,-0.0353,0.6742,-0.7377,0.9980,211,11.711127,2.0158,-0.7421
BiancaGolden_CircleTurns,1.8548,-74.2295,205.4275,0.2782,-23.4565,98.9619,-0.0375,0.6764,-0.7355,0.9980,212,11.739447,2.0185,-0.7423
BiancaGolden_CircleTurns,2.1475,-73.9105,205.5358,0.3077,-23.6441,99.1366,-0.0349,0.6857,-0.7270,0.9980,212,11.770082,2.0215,-0.7391
BiancaGolden_CircleTurns,2.5713,-73.5648,205.6564,0.5427,-23.3648,99.4649,-0.0376,0.6787,-0.7335,0.9980,213,11.794413,2.0257,-0.7356
BiancaGolden_CircleTurns,3.0865,-73.2900,205.6591,0.3914,-23.7269,99.7612,-0.0358,0.6797,-0.7326,0.9980,213,11.820851,2.0309,-0.7329
BiancaGolden_CircleTurns,3.6427,-72.8322,205.7651,-0.0927,-23.8383,100.0600,-0.0466,0.6886,-0.7236,0.9980,214,11.848796,2.0364,-0.7283
BiancaGolden_CircleTurns,4.3226,-72.2779,205.7868,-0.6087,-23.3165,100.5346,-0.0677,0.6914,-0.7193,0.9980,214,11.877208,2.0432,-0.7228
BiancaGolden_CircleTurns,5.0825,-71.7024,205.6594,-1.1779,-22.9624,101.0203,-0.0793,0.6874,-0.7219,0.9980,215,11.905614,2.0508,-0.7170
BiancaGolden_CircleTurns,5.9997,-71.0635,205.3777,-1.5983,-22.7670,101.6634,-0.0845,0.6808,-0.7276,0.9980,215,11.933573,2.0600,-0.7106
BiancaGolden_CircleTurns,7.0813,-70.4126,205.1106,-1.7979,-23.2674,102.3813,-0.0781,0.6784,-0.7306,0.9980,216,11.961192,2.0708,-0.7041
BiancaGolden_CircleTurns,8.2606,-69.6463,204.8922,-1.7839,-23.7074,102.8931,-0.0842,0.6792,-0.7291,0.9980,216,11.989430,2.0826,-0.6965
BiancaGolden_CircleTurns,9.4684,-68.6676,204.8357,-1.9501,-23.4184,103.2749,-0.0870,0.6885,-0.7200,0.9980,217,12.017430,2.0947,-0.6867
BiancaGolden_CircleTurns,10.6472,-67.3237,205.2728,-2.5283,-22.5803,103.5686,-0.0455,0.7163,-0.6963,0.9980,217,12.045630,2.1065,-0.6732
BiancaGolden_CircleTurns,11.8994,-66.2149,205.3295,-3.1852,-21.7572,103.7391,-0.0459,0.7178,-0.6948,0.9980,218,12.073271,2.1190,-0.6621
BiancaGolden_CircleTurns,13.0574,-65.1499,205.2279,-3.5345,-21.5963,103.8735,-0.0477,0.7067,-0.7059,0.9980,218,12.101402,2.1306,-0.6515
BiancaGolden_CircleTurns,14.1492,-64.1499,205.2681,-3.5577,-21.6596,104.3371,-0.0628,0.6906,-0.7205,0.9980,219,12.129030,2.1415,-0.6415
BiancaGolden_CircleTurns,15.1933,-63.1643,205.3596,-3.3417,-21.9808,105.1869,-0.0719,0.6806,-0.7291,0.9980,219,12.157364,2.1519,-0.6316
BiancaGolden_CircleTurns,16.1676,-62.2168,205.4196,-3.1198,-22.1363,106.1246,-0.0849,0.6808,-0.7276,0.9980,220,12.184567,2.1617,-0.6222
BiancaGolden_CircleTurns,17.0975,-61.2403,205.5339,-3.1112,-21.8671,107.0277,-0.0919,0.6731,-0.7338,0.9980,220,12.212699,2.1710,-0.6124
BiancaGolden_CircleTurns,18.0203,-60.3475,205.5824,-2.9605,-21.5121,107.9405,-0.0960,0.6715,-0.7348,0.9980,221,12.240426,2.1802,-0.6035
BiancaGolden_CircleTurns,18.9178,-59.5313,205.6412,-2.6897,-21.5886,108.6242,-0.1038,0.6580,-0.7458,0.9980,221,12.268676,2.1892,-0.5953
BiancaGolden_CircleTurns,19.6127,-58.7447,205.8599,-2.9803,-21.9396,109.3917,-0.1036,0.6484,-0.7543,0.9980,222,12.296277,2.1961,-0.5874
BiancaGolden_CircleTurns,20.2166,-57.9689,206.0484,-3.0853,-21.8604,110.2614,-0.1108,0.6485,-0.7531,0.9980,222,12.324189,2.2022,-0.5797
BiancaGolden_CircleTurns,20.7523,-57.2557,206.1276,-2.7749,-21.7375,111.0820,-0.1338,0.6384,-0.7580,0.9980,223,12.351561,2.2075,-0.5726
BiancaGolden_CircleTurns,21.1264,-56.5765,206.1920,-2.6466,-21.5727,111.7659,-0.1395,0.6297,-0.7642,0.9980,223,12.379602,2.2113,-0.5658
BiancaGolden_CircleTurns,21.4518,-56.0759,206.0282,-2.6172,-21.7461,112.5330,-0.1361,0.6118,-0.7792,0.9980,224,12.407080,2.2145,-0.5608
BiancaGolden_CircleTurns,21.6403,-55.5850,206.0647,-2.8565,-22.5498,113.1691,-0.1366,0.6096,-0.7808,0.9980,224,12.435291,2.2164,-0.5558
BiancaGolden_CircleTurns,21.7366,-55.1036,206.1428,-2.8068,-22.8183,113.7873,-0.1351,0.5989,-0.7893,0.9980,225,12.463864,2.2174,-0.5510
BiancaGolden_CircleTurns,21.7686,-54.8069,206.0594,-2.4697,-23.1759,114.3109,-0.1377,0.5952,-0.7917,0.9980,225,12.491071,2.2177,-0.5481
BiancaGolden_CircleTurns,21.6998,-54.5589,206.0878,-2.4188,-23.4827,114.7777,-0.1360,0.5939,-0.7930,0.9980,226,12.518530,2.2170,-0.5456
BiancaGolden_CircleTurns,21.5904,-54.4535,206.0653,-2.3182,-23.7743,115.1586,-0.1290,0.5850,-0.8007,0.9980,226,12.546411,2.2159,-0.5445
BiancaGolden_CircleTurns,21.4451,-54.5157,205.8452,-1.8359,-24.4069,115.6841,-0.1333,0.5810,-0.8029,0.9980,227,12.574164,2.2145,-0.5452
BiancaGolden_CircleTurns,21.2233,-54.5652,205.6791,-1.8889,-24.8538,115.8277,-0.1350,0.5860,-0.7990,0.9980,227,12.604744,2.2122,-0.5457
BiancaGolden_CircleTurns,20.9251,-54.6295,205.5889,-2.0001,-25.0592,115.7709,-0.1309,0.5844,-0.8009,0.9980,228,12.629817,2.2093,-0.5463
BiancaGolden_CircleTurns,20.5681,-54.6444,205.7210,-1.8832,-25.0525,115.7406,-0.1212,0.5919,-0.7969,0.9980,228,12.656724,2.2057,-0.5464
BiancaGolden_CircleTurns,20.2739,-54.8169,205.6722,-1.5858,-25.2532,115.7610,-0.1203,0.5917,-0.7972,0.9980,229,12.684629,2.2027,-0.5482
BiancaGolden_CircleTurns,19.9159,-54.8671,205.8024,-1.4372,-25.6653,115.8233,-0.1219,0.5992,-0.7913,0.9980,229,12.712644,2.1992,-0.5487
BiancaGolden_CircleTurns,19.7195,-54.9453,205.6575,-1.2728,-25.4972,116.0600,-0.1141,0.5956,-0.7951,0.9980,230,12.740138,2.1972,-0.5495
BiancaGolden_CircleTurns,19.8009,-55.1522,205.3377,-0.7514,-26.0299,116.2286,-0.1068,0.5806,-0.8072,0.9980,230,12.768240,2.1980,-0.5515
BiancaGolden_CircleTurns,19.9209,-55.2875,205.3181,-0.5016,-27.2750,116.4127,-0.0993,0.5829,-0.8064,0.9980,231,12.796043,2.1992,-0.5529
BiancaGolden_CircleTurns,20.0850,-55.2831,205.3252,-0.3891,-27.7344,116.4084,-0.1005,0.5971,-0.7959,0.9980,231,12.823875,2.2009,-0.5528
BiancaGolden_CircleTurns,20.3217,-55.1900,205.4184,-0.0121,-27.8219,116.3911,-0.1021,0.6063,-0.7887,0.9980,232,12.851438,2.2032,-0.5519
BiancaGolden_CircleTurns,20.6443,-55.0098,205.5050,0.4638,-27.4776,116.3630,-0.1050,0.6161,-0.7806,0.9980,232,12.879812,2.2064,-0.5501
BiancaGolden_CircleTurns,21.0392,-54.8527,205.5129,0.7499,-27.2526,116.3917,-0.1055,0.6092,-0.7860,0.9980,233,12.906963,2.2104,-0.5485
BiancaGolden_CircleTurns,21.5155,-54.7152,205.4654,0.9387,-27.7429,116.7057,-0.1162,0.5933,-0.7966,0.9980,233,12.934698,2.2152,-0.5472
BiancaGolden_CircleTurns,22.0302,-54.5540,205.4286,0.8463,-28.4822,117.3626,-0.1225,0.5886,-0.7991,0.9980,234,12.962553,2.2203,-0.5455
BiancaGolden_CircleTurns,22.5932,-54.2993,205.3235,0.7479,-28.8168,118.1554,-0.1392,0.5877,-0.7970,0.9980,234,12.990427,2.2259,-0.5430
BiancaGolden_CircleTurns,23.1854,-53.9312,205.2379,0.4635,-28.8104,119.1288,-0.1579,0.5875,-0.7937,0.9980,235,13.018466,2.2319,-0.5393
BiancaGolden_CircleTurns,23.8729,-53.4666,205.0255,0.1367,-28.8733,120.0224,-0.1678,0.5842,-0.7941,0.9980,235,13.046892,2.2387,-0.5347
BiancaGolden_CircleTurns,24.6425,-52.9169,204.7069,0.1164,-28.9714,120.8651,-0.1700,0.5780,-0.7982,0.9980,236,13.075018,2.2464,-0.5292
BiancaGolden_CircleTurns,25.5249,-52.3976,204.4622,0.4006,-29.7328,121.5756,-0.1709,0.5791,-0.7971,0.9980,236,13.102973,2.2552,-0.5240
BiancaGolden_CircleTurns,26.3849,-51.5958,204.3985,0.4599,-29.8574,122.0727,-0.1690,0.5908,-0.7889,0.9980,237,13.130561,2.2638,-0.5160
BiancaGolden_CircleTurns,27.2576,-50.5378,204.4453,0.4381,-29.1204,122.2183,-0.1563,0.6088,-0.7778,0.9980,237,13.158401,2.2726,-0.5054
BiancaGolden_CircleTurns,28.2740,-49.4827,204.3998,0.7486,-28.5437,121.9611,-0.1092,0.6798,-0.7252,0.9980,238,13.186156,2.2827,-0.4948
BiancaGolden_CircleTurns,29.2297,-48.1881,204.6998,1.3262,-28.2952,121.2317,-0.0375,0.7343,-0.6778,0.9980,238,13.214408,2.2923,-0.4819
BiancaGolden_CircleTurns,30.2712,-47.0878,204.6516,1.8097,-28.2485,120.2654,0.0033,0.7417,-0.6707,0.9980,239,13.241782,2.3027,-0.4709
BiancaGolden_CircleTurns,31.3041,-46.0005,204.5920,2.3634,-28.5660,119.5252,0.0060,0.7405,-0.6720,0.9980,239,13.269731,2.3130,-0.4600
BiancaGolden_CircleTurns,32.1380,-44.7657,204.7552,3.1791,-28.1768,119.2283,-0.0201,0.7434,-0.6686,0.9980,240,13.297010,2.3214,-0.4477
BiancaGolden_CircleTurns,32.9404,-43.6397,204.7596,3.5006,-27.5137,119.2361,-0.0311,0.7369,-0.6753,0.9980,240,13.325385,2.3294,-0.4364
BiancaGolden_CircleTurns,33.7633,-42.5805,204.6410,3.9482,-27.3635,119.4234,-0.0465,0.7288,-0.6832,0.9980,241,13.352841,2.3376,-0.4258
BiancaGolden_CircleTurns,34.4793,-41.5016,204.5558,4.3970,-27.1973,119.8484,-0.0618,0.7196,-0.6916,0.9980,241,13.380787,2.3448,-0.4150
BiancaGolden_CircleTurns,35.1628,-40.5020,204.4178,4.5436,-27.1298,120.3829,-0.0691,0.7115,-0.6993,0.9980,242,13.408303,2.3516,-0.4050
BiancaGolden_CircleTurns,35.8497,-39.5669,204.2469,4.5289,-27.3404,120.7299,-0.0663,0.6969,-0.7141,0.9980,242,13.439404,2.3585,-0.3957
BiancaGolden_CircleTurns,36.4517,-38.7094,204.1578,4.3299,-27.5243,121.0759,-0.0754,0.6884,-0.7214,0.9980,243,13.464608,2.3645,-0.3871
BiancaGolden_CircleTurns,37.0406,-37.8737,204.1567,3.7354,-27.5065,121.0768,-0.0689,0.6790,-0.7309,0.9980,243,13.491549,2.3704,-0.3787
BiancaGolden_CircleTurns,37.5825,-37.1660,204.1874,3.2788,-27.6534,120.4527,-0.0690,0.6756,-0.7340,0.9980,244,13.519809,2.3758,-0.3717
BiancaGolden_CircleTurns,38.0853,-36.6054,204.2374,3.1487,-27.8380,119.8771,-0.0574,0.6735,-0.7370,0.9980,244,13.548423,2.3809,-0.3661
BiancaGolden_CircleTurns,38.5184,-36.0847,204.3942,2.8522,-27.7011,118.8272,-0.0067,0.6922,-0.7217,0.9980,245,13.575321,2.3852,-0.3608
BiancaGolden_CircleTurns,38.9972,-35.6780,204.6150,3.3102,-27.3700,117.4898,0.0855,0.7327,-0.6752,0.9980,245,13.603441,2.3900,-0.3568
BiancaGolden_CircleTurns,39.2439,-35.4485,205.0375,3.4553,-26.4405,116.7474,0.0861,0.7523,-0.6531,0.9980,246,13.631217,2.3924,-0.3545
BiancaGolden_CircleTurns,39.4631,-35.3540,205.4046,3.0896,-25.0764,116.3783,0.0785,0.7640,-0.6405,0.9980,246,13.659552,2.3946,-0.3535
BiancaGolden_CircleTurns,39.5937,-35.3293,205.8289,2.8921,-23.3748,116.3371,0.0510,0.7741,-0.6310,0.9980,247,13.687056,2.3959,-0.3533
BiancaGolden_CircleTurns,39.6298,-35.5303,206.0554,2.5994,-21.8996,116.5361,0.0260,0.7638,-0.6449,0.9980,247,13.715466,2.3963,-0.3553
BiancaGolden_CircleTurns,39.6030,-35.7913,206.1804,2.3698,-21.0262,116.8919,0.0363,0.7470,-0.6638,0.9980,248,13.743419,2.3960,-0.3579
BiancaGolden_CircleTurns,39.4685,-36.1771,206.1974,1.8891,-20.7145,117.1751,0.0353,0.7379,-0.6740,0.9980,248,13.771438,2.3947,-0.3618
BiancaGolden_CircleTurns,39.2710,-36.6403,206.0332,1.6446,-20.8025,117.4835,0.0289,0.7224,-0.6909,0.9980,249,13.798980,2.3927,-0.3664
BiancaGolden_CircleTurns,38.9129,-37.1457,205.8998,1.4483,-21.1375,117.8881,0.0297,0.7179,-0.6955,0.9980,249,13.826786,2.3891,-0.3715
BiancaGolden_CircleTurns,38.4989,-37.6324,205.9135,1.5674,-21.5431,118.1329,-0.0559,0.7240,-0.6876,0.9980,250,13.854440,2.3850,-0.3763
BiancaGolden_CircleTurns,37.9568,-38.1485,205.9980,1.8749,-21.5093,118.1466,-0.2408,0.6868,-0.6858,0.9980,250,13.882969,2.3796,-0.3815
BiancaGolden_CircleTurns,37.3755,-38.7822,205.9408,2.3761,-21.5462,118.7519,-0.3132,0.6461,-0.6960,0.9980,251,13.910158,2.3738,-0.3878
BiancaGolden_CircleTurns,36.8305,-39.4698,205.8910,2.6917,-22.0803,120.1775,-0.4420,0.5491,-0.7093,0.9980,251,13.938426,2.3683,-0.3947
BiancaGolden_CircleTurns,36.3871,-40.1667,205.7040,3.0436,-22.5624,121.9393,-0.4576,0.5310,-0.7131,0.9980,252,13.966252,2.3639,-0.4017
BiancaGolden_CircleTurns,36.0104,-40.7057,205.5866,3.2387,-22.8492,123.4490,-0.4695,0.5215,-0.7124,0.9980,252,13.994457,2.3601,-0.4071
BiancaGolden_CircleTurns,35.6193,-41.0889,205.6423,3.0546,-22.9421,124.7620,-0.4681,0.5166,-0.7169,0.9980,253,14.021463,2.3562,-0.4109
BiancaGolden_CircleTurns,35.3671,-41.4887,205.5188,2.8065,-23.0776,125.7614,-0.4552,0.5308,-0.7149,0.9980,253,14.050324,2.3537,-0.4149
BiancaGolden_CircleTurns,35.1661,-41.7775,205.4928,2.7746,-23.2723,126.3256,-0.4536,0.5277,-0.7182,0.9980,254,14.077087,2.3517,-0.4178
BiancaGolden_CircleTurns,34.9502,-42.0026,205.5121,2.7941,-23.5898,127.0294,-0.4495,0.5254,-0.7225,0.9980,254,14.105326,2.3495,-0.4200
BiancaGolden_CircleTurns,34.7481,-42.2388,205.4393,2.8940,-24.0696,128.0733,-0.4600,0.5194,-0.7202,0.9980,255,14.132918,2.3475,-0.4224
BiancaGolden_CircleTurns,34.5281,-42.3339,205.4629,2.8812,-24.2956,129.1510,-0.4627,0.5172,-0.7200,0.9980,255,14.160891,2.3453,-0.4233
BiancaGolden_CircleTurns,34.3538,-42.3294,205.4469,3.0539,-24.2899,130.1978,-0.4538,0.5164,-0.7262,0.9980,256,14.188547,2.3435,-0.4233
BiancaGolden_CircleTurns,34.2954,-42.2996,205.2652,3.5888,-24.4722,131.3646,-0.4526,0.5126,-0.7297,0.9980,256,14.216970,2.3430,-0.4230
BiancaGolden_CircleTurns,34.2834,-42.1556,205.1117,4.0812,-25.0926,132.4196,-0.4568,0.5040,-0.7330,0.9980,257,14.244491,2.3428,-0.4216
BiancaGolden_CircleTurns,34.2931,-41.8793,204.9214,4.4216,-25.5943,133.3882,-0.4558,0.5029,-0.7344,0.9980,257,14.275363,2.3429,-0.4188
BiancaGolden_CircleTurns,34.3696,-41.4909,204.6381,4.8987,-26.0103,134.3354,-0.4491,0.5000,-0.7405,0.9980,258,14.300702,2.3437,-0.4149
BiancaGolden_CircleTurns,34.5377,-41.0957,204.2556,5.2897,-26.3935,135.3097,-0.4539,0.5002,-0.7374,0.9980,258,14.327475,2.3454,-0.4110
BiancaGolden_CircleTurns,34.6887,-40.6360,203.9043,5.3970,-26.7804,136.1900,-0.4534,0.4914,-0.7436,0.9980,259,14.354954,2.3469,-0.4064
BiancaGolden_CircleTurns,34.7536,-40.0847,203.8090,5.0486,-27.3845,136.9053,-0.4472,0.4909,-0.7477,0.9980,259,14.382894,2.3475,-0.4008
BiancaGolden_CircleTurns,34.8125,-39.4883,203.8651,4.5032,-28.2484,137.2294,-0.4397,0.4849,-0.7560,0.9980,260,14.411016,2.3481,-0.3949
BiancaGolden_CircleTurns,35.0219,-38.8429,203.7758,4.5084,-29.1120,137.1564,-0.4236,0.4943,-0.7591,0.9980,260,14.439416,2.3502,-0.3884
BiancaGolden_CircleTurns,35.2939,-38.2828,203.6225,4.8365,-30.1546,136.7774,-0.4201,0.4929,-0.7619,0.9980,261,14.467258,2.3529,-0.3828
BiancaGolden_CircleTurns,35.4403,-37.6929,203.5745,4.9035,-31.0146,136.3708,-0.4217,0.4937,-0.7605,0.9980,261,14.494683,2.3544,-0.3769
BiancaGolden_CircleTurns,35.5063,-37.0510,203.5415,4.8533,-31.3204,135.9478,-0.4054,0.5084,-0.7597,0.9980,262,14.522094,2.3551,-0.3705
BiancaGolden_CircleTurns,35.6892,-36.4494,203.4591,5.3644,-31.5467,135.2971,-0.3601,0.5660,-0.7416,0.9980,262,14.550370,2.3569,-0.3645
BiancaGolden_CircleTurns,35.7727,-35.9091,203.4017,5.8974,-31.8811,134.6521,-0.3470,0.5785,-0.7382,0.9980,263,14.577822,2.3577,-0.3591
BiancaGolden_CircleTurns,35.8092,-35.3328,203.3211,6.1722,-31.9938,134.1094,-0.3501,0.5767,-0.7381,0.9980,263,14.606185,2.3581,-0.3533
BiancaGolden_CircleTurns,35.8267,-34.7933,203.1552,6.5758,-32.1399,133.5643,-0.3294,0.5346,-0.7782,0.9980,264,14.639095,2.3583,-0.3479
BiancaGolden_CircleTurns,35.4548,-33.3314,203.3603,4.8696,-35.5261,133.2795,-0.3778,0.5607,-0.7368,0.9980,264,14.666505,2.3545,-0.3333
BiancaGolden_CircleTurns,35.4212,-33.2240,202.7587,8.3480,-32.4786,134.8262,-0.3807,0.5597,-0.7361,0.9980,265,14.699420,2.3542,-0.3322
BiancaGolden_CircleTurns,34.9838,-33.0917,202.7444,9.0207,-32.6261,134.8025,-0.4017,0.5405,-0.7392,0.9980,265,14.732409,2.3498,-0.3309
BiancaGolden_CircleTurns,34.4082,-33.0083,202.7471,7.0821,-32.2292,136.4030,-0.3862,0.5052,-0.7717,0.9980,266,14.764440,2.3441,-0.3301
BiancaGolden_CircleTurns,34.4995,-32.8043,202.4870,7.3227,-34.4068,137.1092,-0.3612,0.4857,-0.7960,0.9980,266,14.795772,2.3450,-0.3280
BiancaGolden_CircleTurns,34.3761,-32.4966,202.2212,8.0471,-36.5479,136.9790,-0.3559,0.4871,-0.7976,0.9980,267,14.824670,2.3438,-0.3250
BiancaGolden_CircleTurns,34.0375,-32.0714,202.1816,7.8086,-37.8244,137.0410,-0.3521,0.4942,-0.7948,0.9980,267,14.854092,2.3404,-0.3207
BiancaGolden_CircleTurns,33.8817,-31.5654,201.9323,8.1093,-38.1043,137.5949,-0.3556,0.4975,-0.7912,0.9980,268,14.881513,2.3388,-0.3157
BiancaGolden_CircleTurns,33.9000,-31.1568,201.6498,8.8184,-39.0821,137.6854,-0.3430,0.4942,-0.7988,0.9980,268,14.909599,2.3390,-0.3116
BiancaGolden_CircleTurns,33.7890,-30.5639,201.4051,9.3556,-40.5064,137.2737,-0.3353,0.4908,-0.8042,0.9980,269,14.937334,2.3379,-0.3056
BiancaGolden_CircleTurns,33.7058,-29.8967,201.2442,10.1966,-41.4354,137.2745,-0.3400,0.4825,-0.8072,0.9980,269,14.964574,2.3371,-0.2990
BiancaGolden_CircleTurns,33.5770,-28.9978,201.0902,10.4908,-42.5025,138.3290,-0.3552,0.4843,-0.7996,0.9980,270,14.992150,2.3358,-0.2900
BiancaGolden_CircleTurns,33.4219,-28.6281,200.7413,11.0710,-42.8856,138.0695,-0.3477,0.4937,-0.7971,0.9980,270,15.019764,2.3342,-0.2863
BiancaGolden_CircleTurns,33.3669,-27.9295,200.4502,11.9566,-43.6543,137.6061,-0.3235,0.4844,-0.8129,0.9980,271,15.047164,2.3337,-0.2793
BiancaGolden_CircleTurns,33.2392,-27.1325,200.2202,12.5217,-44.5170,137.6780,-0.3155,0.4798,-0.8187,0.9980,271,15.076004,2.3324,-0.2713
BiancaGolden_CircleTurns,33.0704,-26.3502,200.0625,12.8189,-44.8900,137.6573,-0.3168,0.4809,-0.8175,0.9980,272,15.102370,2.3307,-0.2635
BiancaGolden_CircleTurns,32.9037,-25.5339,199.9272,13.4316,-44.8488,137.7337,-0.3349,0.4663,-0.8188,0.9980,272,15.133179,2.3290,-0.2553
BiancaGolden_CircleTurns,32.6996,-24.8028,199.9119,13.4840,-44.8664,138.2824,-0.3279,0.4460,-0.8328,0.9980,273,15.157982,2.3270,-0.2480
BiancaGolden_CircleTurns,32.7271,-24.1336,199.8135,13.6635,-45.1168,138.5305,-0.3260,0.4340,-0.8398,0.9980,273,15.185376,2.3273,-0.2413
BiancaGolden_CircleTurns,32.6972,-23.4571,199.8112,14.2453,-45.7776,138.8112,-0.3271,0.4337,-0.8396,0.9980,274,15.212647,2.3270,-0.2346
BiancaGolden_CircleTurns,32.6698,-22.8207,199.8180,14.8705,-46.2581,138.8118,-0.3221,0.4228,-0.8470,0.9980,274,15.240274,2.3267,-0.2282
BiancaGolden_CircleTurns,32.5707,-22.2765,199.8458,15.1510,-46.5124,138.7857,-0.3221,0.4174,-0.8497,0.9980,275,15.267947,2.3257,-0.2228
BiancaGolden_CircleTurns,32.4832,-21.8396,199.8399,15.2044,-46.4482,138.7268,-0.3314,0.3985,-0.8552,0.9980,275,15.296311,2.3248,-0.2184
BiancaGolden_CircleTurns,32.5180,-21.5133,199.7407,15.4631,-46.4150,138.8630,-0.2993,0.3091,-0.9027,0.9980,276,15.324270,2.3252,-0.2151
BiancaGolden_CircleTurns,32.4881,-21.2143,199.7010,15.8163,-46.9179,139.1580,-0.2970,0.3006,-0.9063,0.9980,276,15.352631,2.3249,-0.2121
BiancaGolden_CircleTurns,32.3711,-20.9451,199.7627,16.0888,-47.1044,139.4438,-0.3016,0.2958,-0.9064,0.9980,277,15.380519,2.3237,-0.2095
BiancaGolden_CircleTurns,32.2071,-20.7768,199.9027,16.0901,-47.0360,139.4927,-0.3088,0.2904,-0.9057,0.9980,277,15.408529,2.3221,-0.2078
BiancaGolden_CircleTurns,32.1669,-20.7050,199.9511,15.6952,-47.0017,139.8351,-0.3174,0.2869,-0.9038,0.9980,278,15.436781,2.3217,-0.2071
BiancaGolden_CircleTurns,32.0838,-20.5799,199.9782,15.5383,-46.6711,140.2918,-0.3281,0.2854,-0.9005,0.9980,278,15.465179,2.3208,-0.2058
BiancaGolden_CircleTurns,32.0070,-20.5271,199.9972,15.4462,-45.9420,140.5182,-0.3269,0.2846,-0.9012,0.9980,279,15.492933,2.3201,-0.2053
BiancaGolden_CircleTurns,31.9225,-20.5588,200.0208,15.0861,-45.2843,140.8412,-0.3433,0.2896,-0.8935,0.9980,279,15.520666,2.3192,-0.2056
BiancaGolden_CircleTurns,31.7267,-20.5974,200.0642,14.3864,-44.2894,141.5771,-0.3539,0.3276,-0.8761,0.9980,280,15.548032,2.3173,-0.2060
BiancaGolden_CircleTurns,31.6575,-20.5836,200.0267,13.5534,-42.3210,142.4696,-0.3016,0.4048,-0.8632,0.9980,280,15.576097,2.3166,-0.2058
BiancaGolden_CircleTurns,31.3528,-20.5981,200.1980,13.4144,-40.7933,143.0893,-0.2577,0.4501,-0.8550,0.9980,281,15.603697,2.3135,-0.2060
BiancaGolden_CircleTurns,31.4542,-20.9714,200.4110,13.4891,-40.4309,143.1487,-0.2114,0.4373,-0.8741,0.9980,281,15.631706,2.3145,-0.2097
BiancaGolden_CircleTurns,31.4718,-21.2879,200.6932,12.9811,-40.3980,142.7001,-0.1910,0.4245,-0.8851,0.9980,282,15.659563,2.3147,-0.2129
BiancaGolden_CircleTurns,31.2725,-21.5092,200.8527,12.2259,-39.1113,142.9674,-0.1946,0.4203,-0.8863,0.9980,282,15.687656,2.3127,-0.2151
BiancaGolden_CircleTurns,31.2668,-21.6117,201.0412,11.9096,-37.1985,143.4601,-0.1255,0.5563,-0.8215,0.9980,283,15.715755,2.3127,-0.2161
BiancaGolden_CircleTurns,31.2678,-21.7778,201.5287,12.1953,-36.3375,143.4285,-0.1222,0.5737,-0.8099,0.9980,283,15.743092,2.3127,-0.2178
BiancaGolden_CircleTurns,31.2466,-21.9829,201.7454,12.3212,-34.9976,143.5844,-0.1764,0.5395,-0.8233,0.9980,284,15.770736,2.3125,-0.2198
BiancaGolden_CircleTurns,31.3007,-22.0873,202.0423,12.0423,-33.6709,143.3552,-0.3793,0.5078,-0.7735,0.9980,284,15.798405,2.3130,-0.2209
BiancaGolden_CircleTurns,31.5183,-22.3616,202.2037,11.5891,-32.8353,142.8670,-0.5074,0.4975,-0.7036,0.9980,285,15.826422,2.3152,-0.2236
BiancaGolden_CircleTurns,31.9683,-22.7457,202.0266,12.1578,-33.3250,142.2956,-0.5246,0.4758,-0.7060,0.9980,285,15.854708,2.3197,-0.2275
BiancaGolden_CircleTurns,32.1700,-23.1584,202.0143,13.3473,-34.3605,142.2526,-0.5090,0.4828,-0.7126,0.9980,286,15.882648,2.3217,-0.2316
BiancaGolden_CircleTurns,32.4146,-23.5086,201.9956,13.2510,-35.0689,142.0268,-0.4443,0.5043,-0.7405,0.9980,286,15.911081,2.3241,-0.2351
BiancaGolden_CircleTurns,32.7152,-23.7596,201.8349,13.1913,-35.7428,141.1859,-0.4022,0.4883,-0.7745,0.9980,287,15.938430,2.3272,-0.2376
BiancaGolden_CircleTurns,32.9796,-23.9994,201.6392,12.8728,-36.4431,140.7943,-0.1826,0.4264,-0.8859,0.9980,287,15.969868,2.3298,-0.2400
BiancaGolden_CircleTurns,33.3033,-24.2082,201.4870,12.4052,-37.2751,140.7774,-0.0919,0.4168,-0.9043,0.9980,288,15.994787,2.3330,-0.2421
BiancaGolden_CircleTurns,33.6252,-24.2321,201.2686,12.5849,-38.4696,140.7691,-0.0711,0.3988,-0.9143,0.9980,288,16.021835,2.3363,-0.2423
BiancaGolden_CircleTurns,34.0124,-24.3473,201.1504,12.3618,-40.1036,140.5666,-0.2843,0.4088,-0.8672,0.9980,289,16.049570,2.3401,-0.2435
BiancaGolden_CircleTurns,34.4258,-24.3376,200.9070,12.1446,-41.6235,140.6284,-0.4264,0.3752,-0.8230,0.9980,289,16.077871,2.3443,-0.2434
BiancaGolden_CircleTurns,34.6208,-24.1436,200.8902,11.5095,-43.0053,140.4948,-0.4370,0.3916,-0.8097,0.9980,290,16.105734,2.3462,-0.2414
BiancaGolden_CircleTurns,34.6749,-23.7556,200.9528,10.6244,-43.5380,140.8376,-0.4980,0.3830,-0.7780,0.9980,290,16.133930,2.3467,-0.2376
BiancaGolden_CircleTurns,34.8196,-23.2439,200.9473,10.2447,-43.9472,141.6603,-0.5279,0.3294,-0.7828,0.9980,291,16.162067,2.3482,-0.2324
BiancaGolden_CircleTurns,34.9787,-22.7743,200.9126,9.9797,-44.8070,142.2761,-0.5746,0.2805,-0.7689,0.9980,291,16.191368,2.3498,-0.2277
BiancaGolden_CircleTurns,34.9447,-22.1895,200.8847,9.2924,-46.1474,143.2751,-0.5702,0.2384,-0.7861,0.9980,292,16.218845,2.3494,-0.2219
BiancaGolden_CircleTurns,34.9710,-21.3039,200.9699,8.8954,-46.4660,143.8965,-0.5229,0.2927,-0.8006,0.9980,292,16.246254,2.3497,-0.2130
BiancaGolden_CircleTurns,34.8671,-20.3262,200.9285,10.2256,-46.1492,143.8110,-0.5645,0.3423,-0.7511,0.9980,293,16.273827,2.3487,-0.2033
BiancaGolden_CircleTurns,34.7247,-19.1629,200.8033,11.1280,-45.8264,144.1358,-0.5992,0.3725,-0.7087,0.9980,293,16.301765,2.3472,-0.1916
BiancaGolden_CircleTurns,34.5143,-17.9953,200.6848,11.6546,-45.4963,144.4994,-0.5976,0.3483,-0.7222,0.9980,294,16.329487,2.3451,-0.1800
BiancaGolden_CircleTurns,34.3016,-16.7171,200.4728,11.5534,-45.2619,145.3589,-0.5934,0.3330,-0.7328,0.9980,294,16.357861,2.3430,-0.1672
BiancaGolden_CircleTurns,33.9288,-15.2803,200.2734,11.9120,-45.0174,146.2582,-0.5979,0.3186,-0.7355,0.9980,295,16.385578,2.3393,-0.1528
BiancaGolden_CircleTurns,33.4808,-13.8438,199.9814,11.5634,-44.5185,147.2681,-0.6095,0.3043,-0.7321,0.9980,295,16.413443,2.3348,-0.1384
BiancaGolden_CircleTurns,32.9691,-12.2265,199.5450,11.0490,-43.8648,148.5056,-0.6220,0.2917,-0.7267,0.9980,296,16.441118,2.3297,-0.1223
BiancaGolden_CircleTurns,32.3751,-10.5649,199.2116,10.6754,-43.2041,150.0692,-0.6132,0.2896,-0.7349,0.9980,296,16.469139,2.3238,-0.1056
BiancaGolden_CircleTurns,31.7958,-8.8868,198.7774,10.2342,-42.5776,151.2043,-0.5943,0.2798,-0.7540,0.9980,297,16.496536,2.3180,-0.0889
BiancaGolden_CircleTurns,31.2553,-7.2376,198.3603,9.8745,-42.4987,152.1049,-0.5851,0.2508,-0.7712,0.9980,297,16.524675,2.3126,-0.0724
BiancaGolden_CircleTurns,30.3963,-5.5475,198.4941,9.0248,-43.6496,153.1539,-0.5731,0.2199,-0.7894,0.9980,298,16.551874,2.3040,-0.0555
BiancaGolden_CircleTurns,29.3368,-3.7291,198.6107,8.0201,-44.6776,155.2622,-0.5566,0.2148,-0.8025,0.9980,298,16.580690,2.2934,-0.0373
BiancaGolden_CircleTurns,28.7149,-2.2429,198.2149,7.4162,-45.3948,156.3917,-0.5624,0.2016,-0.8019,0.9980,299,16.607574,2.2871,-0.0224
BiancaGolden_CircleTurns,27.8443,-0.6401,198.1139,7.4380,-45.3475,157.9499,-0.5658,0.1944,-0.8013,0.9980,299,16.635471,2.2784,-0.0064
BiancaGolden_CircleTurns,26.9968,0.8892,198.0728,7.6279,-45.3933,159.2323,-0.5587,0.1763,-0.8104,0.9980,300,16.663265,2.2700,0.0089
BiancaGolden_CircleTurns,26.4454,2.1923,197.9080,7.8208,-45.8102,160.3179,-0.5313,0.0647,-0.8447,0.9980,300,16.691082,2.2645,0.0219
BiancaGolden_CircleTurns,25.8219,3.3244,197.8719,7.4019,-46.6894,161.2338,-0.5181,0.0431,-0.8542,0.9980,301,16.718708,2.2582,0.0332
BiancaGolden_CircleTurns,25.1064,4.2407,197.9419,7.0629,-47.1325,162.4268,-0.5192,0.0266,-0.8542,0.9980,301,16.747671,2.2511,0.0424
BiancaGolden_CircleTurns,24.5314,4.9412,197.9269,6.6718,-47.1881,164.1591,-0.5108,0.0112,-0.8596,0.9980,302,16.774666,2.2453,0.0494
BiancaGolden_CircleTurns,24.0678,5.4251,197.8449,6.4456,-47.5562,166.2860,-0.4387,-0.1114,-0.8917,0.9980,302,16.805807,2.2407,0.0543
BiancaGolden_CircleTurns,23.6966,5.7790,197.7922,6.0679,-48.5945,168.5681,-0.3929,-0.1822,-0.9013,0.9980,303,16.829653,2.2370,0.0578
BiancaGolden_CircleTurns,23.4874,5.9267,197.7264,5.3447,-49.7847,170.8591,-0.3780,-0.2023,-0.9034,0.9980,303,16.856079,2.2349,0.0593
BiancaGolden_CircleTurns,23.3101,6.0914,197.7550,4.3247,-50.5655,172.9185,-0.3701,-0.2069,-0.9057,0.9980,304,16.884462,2.2331,0.0609
BiancaGolden_CircleTurns,23.2596,6.2130,197.8182,3.9783,-51.1452,174.6891,-0.3703,-0.2170,-0.9032,0.9980,304,16.911505,2.2326,0.0621
BiancaGolden_CircleTurns,23.1876,6.1978,197.8503,3.4721,-51.4345,176.3171,-0.3716,-0.2104,-0.9042,0.9980,305,16.939037,2.2319,0.0620
BiancaGolden_CircleTurns,23.2726,6.0622,197.6859,2.9474,-51.3982,177.8077,-0.3678,-0.2120,-0.9054,0.9980,305,16.967213,2.2327,0.0606
BiancaGolden_CircleTurns,23.6126,5.7790,197.3984,2.7958,-51.5081,179.4428,-0.3703,-0.2276,-0.9006,0.9980,306,16.995050,2.2361,0.0578
BiancaGolden_CircleTurns,23.9994,5.3893,197.0895,2.2826,-51.5981,-178.6084,-0.3388,-0.2393,-0.9099,0.9980,306,17.023426,2.2400,0.0539
BiancaGolden_CircleTurns,24.4861,5.0860,196.7400,1.6582,-51.5919,-177.2733,-0.2883,-0.2492,-0.9246,0.9980,307,17.051147,2.2449,0.0509
BiancaGolden_CircleTurns,25.0179,4.7669,196.6103,1.1911,-52.1705,-176.3113,-0.2898,-0.2396,-0.9266,0.9980,307,17.080118,2.2502,0.0477
BiancaGolden_CircleTurns,25.5507,4.5197,196.6109,0.9362,-53.0392,-175.9718,-0.2945,-0.2284,-0.9280,0.9980,308,17.107037,2.2555,0.0452
BiancaGolden_CircleTurns,25.8858,4.2838,196.8147,1.0828,-53.3111,-176.1789,-0.3098,-0.2142,-0.9263,0.9980,308,17.135271,2.2589,0.0428
BiancaGolden_CircleTurns,26.5270,4.2079,196.7863,1.8497,-53.0217,-176.3384,-0.3219,-0.1956,-0.9263,0.9980,309,17.163054,2.2653,0.0421
BiancaGolden_CircleTurns,27.0209,4.2556,196.9194,2.8527,-52.4559,-177.3261,-0.3308,-0.1714,-0.9280,0.9980,309,17.190964,2.2702,0.0426
BiancaGolden_CircleTurns,27.5558,4.4003,197.1048,4.0453,-52.4563,-179.5800,-0.3456,0.0045,-0.9384,0.9980,310,17.218891,2.2756,0.0440
BiancaGolden_CircleTurns,28.0609,4.5240,197.3411,5.0920,-52.7147,178.5285,-0.3479,0.0900,-0.9332,0.9980,310,17.246988,2.2806,0.0452
BiancaGolden_CircleTurns,28.5068,4.6334,197.5136,5.8832,-52.5802,177.0292,-0.3360,0.1950,-0.9215,0.9980,311,17.274788,2.2851,0.0463
BiancaGolden_CircleTurns,28.7573,4.7796,197.8020,6.6503,-51.8310,175.6904,-0.3006,0.2451,-0.9217,0.9980,311,17.303190,2.2876,0.0478
BiancaGolden_CircleTurns,29.0434,4.9533,198.0416,7.3291,-51.0425,174.4193,-0.2971,0.2508,-0.9213,0.9980,312,17.331688,2.2904,0.0495
BiancaGolden_CircleTurns,29.3626,5.0964,198.2119,7.5275,-50.4415,173.6599,-0.3021,0.2326,-0.9245,0.9980,312,17.359106,2.2936,0.0510
BiancaGolden_CircleTurns,29.6220,5.2361,198.3144,7.0954,-49.7432,173.0421,-0.3026,0.2158,-0.9284,0.9980,313,17.386734,2.2962,0.0524
BiancaGolden_CircleTurns,29.8643,5.4185,198.3920,6.8068,-49.1336,172.4616,-0.3041,0.2180,-0.9274,0.9980,313,17.415062,2.2986,0.0542
BiancaGolden_CircleTurns,30.1541,5.6109,198.3547,6.9238,-48.9465,171.9961,-0.2971,0.2042,-0.9328,0.9980,314,17.442156,2.3015,0.0561
BiancaGolden_CircleTurns,30.4710,5.8136,198.2450,7.0356,-48.8401,171.5665,-0.2916,0.1897,-0.9376,0.9980,314,17.470238,2.3047,0.0581
BiancaGolden_CircleTurns,30.7176,5.9955,198.1393,6.9606,-48.6098,171.3814,-0.2930,0.1898,-0.9371,0.9980,315,17.497808,2.3072,0.0600
BiancaGolden_CircleTurns,30.9801,6.1693,198.0158,6.5579,-48.5412,171.7168,-0.2967,0.1762,-0.9386,0.9980,315,17.526134,2.3098,0.0617
BiancaGolden_CircleTurns,31.2012,6.3435,197.9091,5.7524,-48.4929,172.4469,-0.3070,0.1531,-0.9393,0.9980,316,17.553862,2.3120,0.0634
BiancaGolden_CircleTurns,31.2371,6.5118,197.7958,4.8716,-47.9337,173.4249,-0.3262,0.1405,-0.9348,0.9980,316,17.582600,2.3124,0.0651
BiancaGolden_CircleTurns,31.2633,6.6408,197.6135,3.7543,-47.0135,174.5974,-0.3797,-0.0261,-0.9248,0.9980,317,17.609848,2.3126,0.0664
BiancaGolden_CircleTurns,31.1657,6.8043,197.4896,2.9401,-45.9642,175.9248,-0.4160,-0.1673,-0.8939,0.9980,317,17.643305,2.3117,0.0680
BiancaGolden_CircleTurns,31.0397,6.9908,197.2735,2.2018,-45.0270,176.9229,-0.4262,-0.1767,-0.8872,0.9980,318,17.665400,2.3104,0.0699
BiancaGolden_CircleTurns,30.7919,7.2198,197.0493,1.9485,-44.1838,177.9310,-0.4361,-0.1798,-0.8817,0.9980,318,17.691536,2.3079,0.0722
BiancaGolden_CircleTurns,30.4470,7.4143,196.7760,1.7729,-43.3121,178.9304,-0.4268,-0.1760,-0.8871,0.9980,319,17.719416,2.3045,0.0741
BiancaGolden_CircleTurns,30.0488,7.6173,196.3850,1.6540,-42.1372,-179.8913,-0.4281,-0.1821,-0.8852,0.9980,319,17.747799,2.3005,0.0762
BiancaGolden_CircleTurns,29.6007,7.7823,196.0365,1.3756,-41.4345,-178.7286,-0.4199,-0.1943,-0.8865,0.9980,320,17.775284,2.2960,0.0778
BiancaGolden_CircleTurns,29.1950,7.9319,195.6314,1.0353,-40.7406,-177.0899,-0.4246,-0.1987,-0.8833,0.9980,320,17.803347,2.2919,0.0793
BiancaGolden_CircleTurns,28.5825,8.0516,195.5343,0.4920,-39.7492,-175.5750,-0.4265,-0.2075,-0.8804,0.9980,321,17.831181,2.2858,0.0805
BiancaGolden_CircleTurns,27.8595,8.1323,195.6727,0.1016,-39.0196,-174.2736,-0.4202,-0.1973,-0.8857,0.9980,321,17.859541,2.2786,0.0813
BiancaGolden_CircleTurns,27.3767,8.2968,195.5048,0.4259,-38.5578,-173.2145,-0.4035,-0.1887,-0.8953,0.9980,322,17.886747,2.2738,0.0830
BiancaGolden_CircleTurns,26.7311,8.4113,195.4111,0.5935,-37.8952,-172.6524,-0.4080,-0.1901,-0.8930,0.9980,322,17.915739,2.2673,0.0841
BiancaGolden_CircleTurns,26.0366,8.4676,195.5040,0.7594,-37.0248,-172.2303,-0.4097,-0.1852,-0.8933,0.9980,323,17.942493,2.2604,0.0847
BiancaGolden_CircleTurns,25.6243,8.5048,195.4404,1.0252,-36.7841,-171.3848,-0.3953,-0.1811,-0.9005,0.9980,323,17.969860,2.2562,0.0850
BiancaGolden_CircleTurns,25.0013,8.5104,195.6001,1.1734,-36.8081,-170.3756,-0.4216,-0.2135,-0.8813,0.9980,324,17.997898,2.2500,0.0851
BiancaGolden_CircleTurns,24.2062,8.5206,195.8100,1.4235,-35.9499,-169.2303,-0.4518,-0.3159,-0.8343,0.9980,324,18.026295,2.2421,0.0852
BiancaGolden_CircleTurns,23.5379,8.5080,195.9298,1.6997,-35.5145,-167.7375,-0.4581,-0.3496,-0.8173,0.9980,325,18.054155,2.2354,0.0851
BiancaGolden_CircleTurns,22.9225,8.5621,196.0069,1.7837,-35.8246,-166.3496,-0.4423,-0.3560,-0.8232,0.9980,325,18.081907,2.2292,0.0856
BiancaGolden_CircleTurns,22.1639,8.6664,196.0958,2.0178,-36.2231,-165.3912,-0.4316,-0.3602,-0.8270,0.9980,326,18.109016,2.2216,0.0867
BiancaGolden_CircleTurns,21.3046,8.7085,196.1748,2.3047,-36.3172,-164.1391,-0.4147,-0.3502,-0.8399,0.9980,326,18.137547,2.2130,0.0871
BiancaGolden_CircleTurns,20.5527,8.7882,196.0874,2.3669,-36.4650,-162.6159,-0.4015,-0.3594,-0.8424,0.9980,327,18.164961,2.2055,0.0879
BiancaGolden_CircleTurns,19.7491,8.9216,195.9468,2.2930,-36.7789,-161.1943,-0.3924,-0.3731,-0.8407,0.9980,327,18.193233,2.1975,0.0892
BiancaGolden_CircleTurns,18.9324,9.1085,195.8044,2.1666,-37.2144,-159.7906,-0.3793,-0.3754,-0.8457,0.9980,328,18.220875,2.1893,0.0911
BiancaGolden_CircleTurns,18.0885,9.3435,195.6441,1.8912,-37.5985,-158.5616,-0.3690,-0.3734,-0.8511,0.9980,328,18.248995,2.1809,0.0934
BiancaGolden_CircleTurns,17.2119,9.6111,195.4362,1.9866,-37.7515,-157.4535,-0.3713,-0.3644,-0.8540,0.9980,329,18.276821,2.1721,0.0961
BiancaGolden_CircleTurns,16.2619,9.9357,195.3319,2.4102,-37.8947,-156.1554,-0.3983,-0.3637,-0.8421,0.9980,329,18.304817,2.1626,0.0994
BiancaGolden_CircleTurns,15.2709,10.2446,195.3335,2.5297,-37.8818,-154.6821,-0.3894,-0.3802,-0.8389,0.9980,330,18.332594,2.1527,0.1024
BiancaGolden_CircleTurns,14.2804,10.5781,195.2642,2.4953,-37.7187,-153.1495,-0.3869,-0.3932,-0.8341,0.9980,330,18.361046,2.1428,0.1058
BiancaGolden_CircleTurns,13.1970,10.9278,195.2905,2.8162,-37.3177,-151.5815,-0.3804,-0.3963,-0.8356,0.9980,331,18.388395,2.1320,0.1093
BiancaGolden_CircleTurns,12.1118,11.2408,195.4725,3.1250,-37.1944,-149.7106,-0.3603,-0.4037,-0.8409,0.9980,331,18.416843,2.1211,0.1124
BiancaGolden_CircleTurns,11.1402,11.6267,195.6095,3.1866,-37.5357,-147.7076,-0.3383,-0.4075,-0.8482,0.9980,332,18.444082,2.1114,0.1163
BiancaGolden_CircleTurns,10.1210,11.8936,195.9372,3.0692,-38.1409,-145.9696,-0.3126,-0.4033,-0.8600,0.9980,332,18.476164,2.1012,0.1189
BiancaGolden_CircleTurns,9.0473,12.1062,196.3660,3.0137,-38.7705,-144.3905,-0.3015,-0.4081,-0.8617,0.9980,333,18.500357,2.0905,0.1211
BiancaGolden_CircleTurns,7.9642,12.2191,196.7821,3.3062,-38.8097,-142.9298,-0.3026,-0.4105,-0.8602,0.9980,333,18.527111,2.0796,0.1222
BiancaGolden_CircleTurns,6.9434,12.1878,197.2004,3.4542,-38.5003,-141.8290,-0.2883,-0.4060,-0.8672,0.9980,334,18.554386,2.0694,0.1219
BiancaGolden_CircleTurns,6.1341,12.1637,197.5040,3.5183,-38.6668,-140.7847,-0.2764,-0.3971,-0.8752,0.9980,334,18.582588,2.0613,0.1216
BiancaGolden_CircleTurns,5.5852,12.2014,197.7927,3.5904,-39.5623,-139.6676,-0.2579,-0.3864,-0.8856,0.9980,335,18.610195,2.0559,0.1220
BiancaGolden_CircleTurns,5.1543,12.1375,198.1877,3.3065,-40.6792,-138.5982,-0.2487,-0.3821,-0.8900,0.9980,335,18.638514,2.0515,0.1214
BiancaGolden_CircleTurns,4.7668,11.9529,198.6081,2.8712,-41.4187,-137.7771,-0.2431,-0.3813,-0.8919,0.9980,336,18.667122,2.0477,0.1195
BiancaGolden_CircleTurns,4.4294,11.6350,199.0277,2.8191,-41.7069,-137.2849,-0.2461,-0.3821,-0.8907,0.9980,336,18.695219,2.0443,0.1163
BiancaGolden_CircleTurns,4.2157,11.2972,199.2361,2.9193,-41.6117,-136.8883,-0.2590,-0.3837,-0.8864,0.9980,337,18.722715,2.0422,0.1130
BiancaGolden_CircleTurns,4.1404,10.9510,199.2327,3.1507,-41.4449,-136.6824,-0.2652,-0.3824,-0.8851,0.9980,337,18.751041,2.0414,0.1095
BiancaGolden_CircleTurns,4.1977,10.6489,199.0054,3.6133,-41.3586,-136.5535,-0.2752,-0.3819,-0.8823,0.9980,338,18.778967,2.0420,0.1065
BiancaGolden_CircleTurns,4.3661,10.3046,198.6007,3.8595,-40.9109,-136.4886,-0.2829,-0.3859,-0.8781,0.9980,338,18.807177,2.0437,0.1030
BiancaGolden_CircleTurns,4.5987,10.0309,198.2436,3.8531,-40.7026,-136.3133,-0.2708,-0.3773,-0.8856,0.9980,339,18.834906,2.0460,0.1003
BiancaGolden_CircleTurns,4.8479,9.6700,198.1763,3.5336,-41.5040,-136.2700,-0.2549,-0.3621,-0.8966,0.9980,339,18.863161,2.0485,0.0967
BiancaGolden_CircleTurns,5.1770,9.4215,198.0165,2.9961,-42.5442,-136.3790,-0.2496,-0.3546,-0.9011,0.9980,340,18.890774,2.0518,0.0942
BiancaGolden_CircleTurns,5.4320,9.2969,197.8463,3.5835,-43.0440,-136.0818,-0.2517,-0.3524,-0.9014,0.9980,340,18.919172,2.0543,0.0930
BiancaGolden_CircleTurns,5.5186,9.0052,198.0388,4.1034,-43.0379,-135.7274,-0.2514,-0.3678,-0.8953,0.9980,341,18.946653,2.0552,0.0901
BiancaGolden_CircleTurns,5.7216,8.8683,198.1563,3.8939,-42.8077,-135.3500,-0.2405,-0.3606,-0.9012,0.9980,341,18.974424,2.0572,0.0887
BiancaGolden_CircleTurns,5.8662,8.8202,198.3707,3.9495,-43.1568,-134.9271,-0.2379,-0.3564,-0.9035,0.9980,342,19.002319,2.0587,0.0882
BiancaGolden_CircleTurns,5.9517,8.7443,198.6520,4.0682,-43.4327,-134.4842,-0.2543,-0.3637,-0.8961,0.9980,342,19.030216,2.0595,0.0874
BiancaGolden_CircleTurns,5.9205,8.6765,198.9459,4.1436,-43.2734,-133.9858,-0.2708,-0.3611,-0.8923,0.9980,343,19.057627,2.0592,0.0868
BiancaGolden_CircleTurns,5.8914,8.6720,199.1309,4.1983,-43.1083,-133.5251,-0.2672,-0.3596,-0.8940,0.9980,343,19.086889,2.0589,0.0867
BiancaGolden_CircleTurns,5.8396,8.7525,199.2924,4.4227,-43.3092,-133.1356,-0.2569,-0.3585,-0.8975,0.9980,344,19.113676,2.0584,0.0875
BiancaGolden_CircleTurns,5.7425,8.8577,199.3822,4.7920,-43.5981,-132.6997,-0.2347,-0.3685,-0.8995,0.9980,344,19.141529,2.0574,0.0886
BiancaGolden_CircleTurns,5.5707,8.9470,199.3722,4.8450,-43.4354,-132.3679,-0.2358,-0.3763,-0.8960,0.9980,345,19.168657,2.0557,0.0895
BiancaGolden_CircleTurns,5.3527,9.0700,199.2792,4.8163,-42.9910,-131.8011,-0.2396,-0.3790,-0.8939,0.9980,345,19.196463,2.0535,0.0907
BiancaGolden_CircleTurns,5.1247,9.2510,199.0726,4.7879,-42.8512,-131.0297,-0.2213,-0.3889,-0.8943,0.9980,346,19.224470,2.0512,0.0925
BiancaGolden_CircleTurns,4.9016,9.4934,198.7538,4.8120,-43.0716,-130.0033,-0.1795,-0.3864,-0.9047,0.9980,346,19.253284,2.0490,0.0949
BiancaGolden_CircleTurns,4.6744,9.7996,198.2621,4.7466,-43.4185,-128.6560,-0.1219,-0.3843,-0.9151,0.9980,347,19.280645,2.0467,0.0980
BiancaGolden_CircleTurns,4.3115,10.0410,197.7908,4.5337,-43.4698,-127.1153,-0.0844,-0.3928,-0.9157,0.9980,347,19.311382,2.0431,0.1004
BiancaGolden_CircleTurns,3.8677,10.3453,197.2835,4.2841,-43.4139,-125.5536,-0.0730,-0.3935,-0.9164,0.9980,348,19.336340,2.0387,0.1035
BiancaGolden_CircleTurns,3.3971,10.7143,196.7746,4.0335,-43.5545,-123.9643,-0.0682,-0.3922,-0.9173,0.9980,348,19.363499,2.0340,0.1071
BiancaGolden_CircleTurns,2.8114,11.0587,196.4129,3.7497,-43.5021,-122.2970,-0.0619,-0.3956,-0.9164,0.9980,349,19.391390,2.0281,0.1106
BiancaGolden_CircleTurns,2.0349,11.2898,196.3250,3.7765,-43.3631,-120.5127,-0.0532,-0.3917,-0.9185,0.9980,349,19.419464,2.0203,0.1129
BiancaGolden_CircleTurns,1.0457,11.3285,196.5745,3.6937,-43.6677,-118.6822,-0.0581,-0.3833,-0.9218,0.9980,350,19.447205,2.0105,0.1133
BiancaGolden_CircleTurns,0.0804,11.3836,196.7430,3.0980,-43.9368,-117.1574,-0.0516,-0.3887,-0.9199,0.9980,350,19.475552,2.0008,0.1138
BiancaGolden_CircleTurns,-0.8929,11.5476,196.6445,2.6903,-43.7637,-115.8601,-0.0494,-0.3873,-0.9206,0.9980,351,19.503696,1.9911,0.1155
BiancaGolden_CircleTurns,-2.0410,11.4275,197.0123,2.6516,-43.9638,-114.4720,-0.0324,-0.3832,-0.9231,0.9980,351,19.531788,1.9796,0.1143
BiancaGolden_CircleTurns,-3.0581,11.6145,197.1118,2.4292,-44.4595,-112.9543,-0.0203,-0.3797,-0.9249,0.9980,352,19.559198,1.9694,0.1161
BiancaGolden_CircleTurns,-4.2232,11.6282,197.3802,2.2458,-44.7853,-111.5784,-0.0331,-0.3866,-0.9216,0.9980,352,19.587238,1.9578,0.1163
BiancaGolden_CircleTurns,-5.4727,11.5716,197.5752,2.4224,-44.4080,-110.2407,-0.0400,-0.3908,-0.9196,0.9980,353,19.615408,1.9453,0.1157
BiancaGolden_CircleTurns,-6.7973,11.5142,197.6825,2.6777,-43.7048,-108.8158,-0.0407,-0.3992,-0.9160,0.9980,353,19.643559,1.9320,0.1151
BiancaGolden_CircleTurns,-8.0902,11.4990,197.7623,2.8142,-43.3763,-107.1079,-0.0260,-0.3983,-0.9169,0.9980,354,19.671659,1.9191,0.1150
BiancaGolden_CircleTurns,-9.3224,11.5275,197.7513,2.8069,-43.3812,-105.3163,-0.0050,-0.3876,-0.9218,0.9980,354,19.698669,1.9068,0.1153
BiancaGolden_CircleTurns,-10.5991,11.4684,197.8341,2.7512,-43.5034,-103.3449,0.0115,-0.3764,-0.9264,0.9980,355,19.726223,1.8940,0.1147
BiancaGolden_CircleTurns,-11.8004,11.3845,198.0162,2.7294,-43.7404,-101.2247,0.0316,-0.3708,-0.9282,0.9980,355,19.754618,1.8820,0.1138
BiancaGolden_CircleTurns,-12.9362,11.2435,198.2029,2.9321,-43.7981,-98.9954,0.1097,-0.3688,-0.9230,0.9980,356,19.782001,1.8706,0.1124
BiancaGolden_CircleTurns,-13.9503,11.0540,198.4309,2.8530,-43.6516,-97.1464,0.1440,-0.3758,-0.9155,0.9980,356,19.810003,1.8605,0.1105
BiancaGolden_CircleTurns,-14.8451,10.8758,198.6952,2.7993,-43.4320,-95.3817,0.1594,-0.3729,-0.9141,0.9980,357,19.837917,1.8515,0.1088
BiancaGolden_CircleTurns,-15.5231,10.7974,198.9799,2.1754,-43.3818,-93.6905,0.1702,-0.3631,-0.9161,0.9980,357,19.866419,1.8448,0.1080
BiancaGolden_CircleTurns,-16.0685,10.7586,199.2850,1.6249,-43.8114,-92.0452,0.1759,-0.3568,-0.9175,0.9980,358,19.894831,1.8393,0.1076
BiancaGolden_CircleTurns,-16.5084,10.7265,199.5386,1.5246,-44.0574,-90.4970,0.1848,-0.3571,-0.9156,0.9980,358,19.922880,1.8349,0.1073
BiancaGolden_CircleTurns,-16.8054,10.5907,199.8899,1.2922,-44.0638,-89.3374,0.2006,-0.3699,-0.9072,0.9980,359,19.950438,1.8319,0.1059
BiancaGolden_CircleTurns,-16.9475,10.4396,200.2221,1.0884,-43.9588,-88.2705,0.2087,-0.3830,-0.8999,0.9980,359,19.978662,1.8305,0.1044
BiancaGolden_CircleTurns,-16.9991,10.3483,200.4469,1.0434,-43.7358,-87.0560,0.2078,-0.3881,-0.8979,0.9980,360,20.006445,1.8300,0.1035
BiancaGolden_CircleTurns,-16.9865,10.3098,200.5717,1.0913,-43.4148,-85.9344,0.2093,-0.3931,-0.8953,0.9980,360,20.034683,1.8301,0.1031
BiancaGolden_CircleTurns,-16.9012,10.2218,200.6553,1.2267,-43.0581,-85.0449,0.2093,-0.4073,-0.8890,0.9980,361,20.062525,1.8310,0.1022
BiancaGolden_CircleTurns,-16.6837,10.0596,200.6250,1.4983,-42.3010,-84.5351,0.2107,-0.4156,-0.8848,0.9980,361,20.090563,1.8332,0.1006
BiancaGolden_CircleTurns,-16.4287,10.0399,200.4790,1.6026,-41.7214,-84.4036,0.2079,-0.4140,-0.8862,0.9980,362,20.118687,1.8357,0.1004
BiancaGolden_CircleTurns,-16.1158,10.1380,200.0729,2.0419,-41.3573,-84.7060,0.1784,-0.4388,-0.8807,0.9980,362,20.149641,1.8388,0.1014
BiancaGolden_CircleTurns,-15.7014,10.1121,199.8441,2.9716,-41.1743,-84.9192,0.1322,-0.5061,-0.8523,0.9980,363,20.174994,1.8430,0.1011
BiancaGolden_CircleTurns,-15.1986,9.9416,199.7627,3.2614,-40.4603,-85.3050,0.0618,-0.6805,-0.7301,0.9980,363,20.201603,1.8480,0.0994
BiancaGolden_CircleTurns,-14.6890,9.7630,199.8009,3.7005,-40.1350,-85.6038,0.1033,-0.6812,-0.7248,0.9980,364,20.229769,1.8531,0.0976
BiancaGolden_CircleTurns,-14.1383,9.8216,199.7254,4.4719,-39.6023,-85.6201,0.1542,-0.6530,-0.7415,0.9980,364,20.257341,1.8586,0.0982
BiancaGolden_CircleTurns,-13.7490,10.0677,199.8132,5.6016,-39.6364,-85.1463,0.2718,-0.5469,-0.7918,0.9980,365,20.285803,1.8625,0.1007
BiancaGolden_CircleTurns,-13.3589,10.2136,200.2175,6.0518,-40.2811,-84.8092,0.2845,-0.4435,-0.8499,0.9980,365,20.313547,1.8664,0.1021
BiancaGolden_CircleTurns,-13.1121,10.3262,200.4822,5.9694,-40.2152,-84.5561,0.2909,-0.4529,-0.8428,0.9980,366,20.340902,1.8689,0.1033
BiancaGolden_CircleTurns,-12.8331,10.3160,200.8005,5.7065,-39.4943,-84.3474,0.3190,-0.4898,-0.8114,0.9980,366,20.370005,1.8717,0.1032
BiancaGolden_CircleTurns,-12.6650,10.4866,200.9175,5.4578,-38.8538,-83.6014,0.3282,-0.4846,-0.8108,0.9980,367,20.396662,1.8734,0.1049
BiancaGolden_CircleTurns,-12.5573,10.5643,201.1295,5.3566,-38.9519,-82.6657,0.3375,-0.4708,-0.8151,0.9980,367,20.424944,1.8744,0.1056
BiancaGolden_CircleTurns,-12.5033,10.5496,201.3683,5.0510,-39.3935,-81.3751,0.3468,-0.4590,-0.8180,0.9980,368,20.452785,1.8750,0.1055
BiancaGolden_CircleTurns,-12.5515,10.4587,201.5389,4.5466,-39.6850,-79.8599,0.3584,-0.4600,-0.8123,0.9980,368,20.480473,1.8745,0.1046
BiancaGolden_CircleTurns,-12.5933,10.2939,201.7051,4.0324,-39.2777,-78.3569,0.3787,-0.4561,-0.8053,0.9980,369,20.508331,1.8741,0.1029
BiancaGolden_CircleTurns,-12.6938,10.2053,201.8125,3.3035,-39.2168,-76.4423,0.3906,-0.4443,-0.8063,0.9980,369,20.536852,1.8731,0.1021
BiancaGolden_CircleTurns,-12.8417,10.2219,201.6826,2.4184,-39.6410,-74.5414,0.3845,-0.4193,-0.8224,0.9980,370,20.564316,1.8716,0.1022
BiancaGolden_CircleTurns,-13.1214,10.2878,201.5162,1.9409,-40.7016,-72.5895,0.3860,-0.3944,-0.8339,0.9980,370,20.592657,1.8688,0.1029
BiancaGolden_CircleTurns,-13.4661,10.3814,201.2161,1.2838,-42.0452,-70.8196,0.3686,-0.3792,-0.8488,0.9980,371,20.620340,1.8653,0.1038
BiancaGolden_CircleTurns,-13.9300,10.4306,200.8589,0.5445,-43.2546,-69.3269,0.3631,-0.3864,-0.8478,0.9980,371,20.648355,1.8607,0.1043
BiancaGolden_CircleTurns,-14.6056,10.5084,200.5207,0.3525,-44.4476,-68.5197,0.3663,-0.4050,-0.8377,0.9980,372,20.676256,1.8539,0.1051
BiancaGolden_CircleTurns,-15.4236,10.5369,200.0907,0.6164,-44.4802,-68.3296,0.3543,-0.4182,-0.8364,0.9980,372,20.704771,1.8458,0.1054
BiancaGolden_CircleTurns,-15.8590,10.2228,200.0868,3.8361,-43.7452,-68.2067,0.3704,-0.4770,-0.7970,0.9980,373,20.732439,1.8414,0.1022
BiancaGolden_CircleTurns,-16.9217,9.8101,199.7648,6.0459,-40.3683,-66.1266,0.2416,-0.6015,-0.7615,0.9980,373,20.760668,1.8308,0.0981
BiancaGolden_CircleTurns,-17.8853,9.5178,199.5295,5.5643,-39.3981,-69.4334,0.1884,-0.5647,-0.8035,0.9980,374,20.788448,1.8211,0.0952
BiancaGolden_CircleTurns,-18.9068,9.4113,199.6899,5.7014,-38.3759,-69.8043,0.2088,-0.5383,-0.8165,0.9980,374,20.816685,1.8109,0.0941
BiancaGolden_CircleTurns,-20.5215,8.9853,199.7707,8.8029,-39.2946,-70.4305,0.1949,-0.5205,-0.8313,0.9980,375,20.844103,1.7948,0.0899
BiancaGolden_CircleTurns,-21.7388,8.5812,199.8092,9.6281,-40.9456,-70.8281,0.2654,-0.4323,-0.8618,0.9980,375,20.871861,1.7826,0.0858
BiancaGolden_CircleTurns,-23.1137,8.2060,199.7091,9.9198,-41.6681,-70.1922,0.3094,-0.3719,-0.8752,0.9980,376,20.899397,1.7689,0.0821
BiancaGolden_CircleTurns,-24.4754,7.8332,199.7153,11.1937,-43.2256,-69.1730,0.4569,-0.3344,-0.8243,0.9980,376,20.927626,1.7552,0.0783
BiancaGolden_CircleTurns,-25.6166,7.3396,199.7971,10.6330,-44.0833,-66.7866,0.5040,-0.3340,-0.7965,0.9980,377,20.955500,1.7438,0.0734
BiancaGolden_CircleTurns,-26.7432,6.5386,200.0701,9.9681,-43.9576,-64.5490,0.5541,-0.3537,-0.7536,0.9980,377,20.985950,1.7326,0.0654
BiancaGolden_CircleTurns,-27.6515,5.8194,200.4532,8.5213,-43.6886,-61.8266,0.5952,-0.3375,-0.7293,0.9980,378,21.011152,1.7235,0.0582
BiancaGolden_CircleTurns,-28.7872,5.2757,200.3924,7.0552,-42.7267,-58.3929,0.6321,-0.3071,-0.7115,0.9980,378,21.038361,1.7121,0.0528
BiancaGolden_CircleTurns,-29.5082,4.8250,200.6461,6.0595,-43.4284,-56.6121,0.6316,-0.2783,-0.7236,0.9980,379,21.066145,1.7049,0.0482
BiancaGolden_CircleTurns,-30.1684,4.2382,200.8733,5.1524,-43.4292,-54.2979,0.6304,-0.2707,-0.7275,0.9980,379,21.094336,1.6983,0.0424
BiancaGolden_CircleTurns,-30.8731,3.9151,201.0329,5.3042,-43.3072,-53.2063,0.6128,-0.2791,-0.7393,0.9980,380,21.121962,1.6913,0.0392
BiancaGolden_CircleTurns,-31.5174,3.6829,201.1720,4.9503,-43.5358,-53.0356,0.6012,-0.2867,-0.7459,0.9980,380,21.150124,1.6848,0.0368
BiancaGolden_CircleTurns,-32.0147,3.5039,201.3913,5.1460,-43.7537,-52.2670,0.5953,-0.2814,-0.7526,0.9980,381,21.178144,1.6799,0.0350
BiancaGolden_CircleTurns,-32.4624,3.1706,201.5191,5.7502,-43.6400,-50.6316,0.5881,-0.2684,-0.7630,0.9980,381,21.206593,1.6754,0.0317
BiancaGolden_CircleTurns,-32.9049,3.0542,201.6077,6.0830,-43.4251,-49.6946,0.5907,-0.2663,-0.7617,0.9980,382,21.234072,1.6710,0.0305
BiancaGolden_CircleTurns,-33.3280,2.9964,201.6402,5.9718,-43.5689,-48.6043,0.5920,-0.2579,-0.7636,0.9980,382,21.262497,1.6667,0.0300
BiancaGolden_CircleTurns,-33.6346,2.9725,201.6864,5.4622,-43.7235,-46.9481,0.5962,-0.2508,-0.7626,0.9980,383,21.290155,1.6637,0.0297
BiancaGolden_CircleTurns,-33.9511,2.9995,201.7048,4.6738,-43.6435,-45.3056,0.5975,-0.2561,-0.7599,0.9980,383,21.317883,1.6605,0.0300
BiancaGolden_CircleTurns,-34.2752,3.0259,201.7579,4.0357,-43.5017,-44.0829,0.6020,-0.2567,-0.7561,0.9980,384,21.345711,1.6572,0.0303
BiancaGolden_CircleTurns,-34.5570,3.1142,201.7930,3.4199,-43.3413,-43.3608,0.6035,-0.2707,-0.7501,0.9980,384,21.373791,1.6544,0.0311
BiancaGolden_CircleTurns,-34.6804,3.0354,201.8484,3.2852,-42.6785,-43.0480,0.5981,-0.2950,-0.7452,0.9980,385,21.401464,1.6532,0.0304
BiancaGolden_CircleTurns,-34.8328,3.0327,201.7308,3.4560,-41.7791,-42.8436,0.5957,-0.2930,-0.7479,0.9980,385,21.429605,1.6517,0.0303
BiancaGolden_CircleTurns,-34.9361,3.1891,201.4715,3.5840,-41.2539,-42.6839,0.5913,-0.2953,-0.7504,0.9980,386,21.457333,1.6506,0.0319
BiancaGolden_CircleTurns,-35.0959,3.3882,201.1812,3.5985,-41.2018,-42.6290,0.5813,-0.2997,-0.7565,0.9980,386,21.485376,1.6490,0.0339
BiancaGolden_CircleTurns,-35.1552,3.5030,200.9641,3.9928,-41.1979,-42.8028,0.5687,-0.2997,-0.7660,0.9980,387,21.513081,1.6484,0.0350
BiancaGolden_CircleTurns,-35.0901,3.6908,200.8397,4.3560,-40.9483,-42.6221,0.5686,-0.2955,-0.7677,0.9980,387,21.541122,1.6491,0.0369
BiancaGolden_CircleTurns,-34.9855,3.9300,200.8259,4.0064,-40.7291,-42.2656,0.5659,-0.2989,-0.7684,0.9980,388,21.568735,1.6501,0.0393
BiancaGolden_CircleTurns,-34.8339,4.1005,200.8126,3.8288,-40.6634,-41.9904,0.5663,-0.2907,-0.7712,0.9980,388,21.596813,1.6517,0.0410
BiancaGolden_CircleTurns,-34.8445,4.3698,200.6822,4.3358,-40.7815,-41.3867,0.5596,-0.2872,-0.7774,0.9980,389,21.624643,1.6516,0.0437
BiancaGolden_CircleTurns,-34.9408,4.5483,200.6573,4.3071,-41.1117,-40.8183,0.5521,-0.2862,-0.7831,0.9980,389,21.652760,1.6506,0.0455
BiancaGolden_CircleTurns,-35.0495,4.6287,200.7149,4.1598,-41.2224,-40.5120,0.5534,-0.2838,-0.7830,0.9980,390,21.680159,1.6495,0.0463
BiancaGolden_CircleTurns,-35.1166,4.8284,200.8963,3.7975,-41.2764,-40.3693,0.5607,-0.2882,-0.7762,0.9980,390,21.708330,1.6488,0.0483
BiancaGolden_CircleTurns,-35.3528,4.8398,201.1345,3.3879,-41.3268,-39.7128,0.5645,-0.2873,-0.7739,0.9980,391,21.735710,1.6465,0.0484
BiancaGolden_CircleTurns,-35.7384,4.8940,201.2773,4.1089,-41.0799,-39.2120,0.5591,-0.2835,-0.7792,0.9980,391,21.763905,1.6426,0.0489
BiancaGolden_CircleTurns,-36.1171,4.8872,201.5471,4.4823,-41.1757,-38.5249,0.5495,-0.2839,-0.7858,0.9980,392,21.791718,1.6388,0.0489
BiancaGolden_CircleTurns,-36.6347,4.8102,201.7762,4.5179,-41.4487,-38.0380,0.5434,-0.2947,-0.7861,0.9980,392,21.822775,1.6337,0.0481
BiancaGolden_CircleTurns,-37.1678,4.5126,202.0314,5.0123,-41.3830,-37.8455,0.5476,-0.2958,-0.7827,0.9980,393,21.847853,1.6283,0.0451
BiancaGolden_CircleTurns,-37.7748,4.2156,202.1538,5.4806,-40.9619,-37.5351,0.5536,-0.2966,-0.7781,0.9980,393,21.874792,1.6223,0.0422
BiancaGolden_CircleTurns,-38.4708,3.8783,202.2363,5.6483,-40.5161,-36.7652,0.5639,-0.2837,-0.7755,0.9980,394,21.902248,1.6153,0.0388
BiancaGolden_CircleTurns,-39.2708,3.4590,202.2233,5.6896,-40.0480,-35.8563,0.5650,-0.2824,-0.7752,0.9980,394,21.930529,1.6073,0.0346
BiancaGolden_CircleTurns,-40.1461,2.9521,202.0934,5.9286,-39.7055,-35.0404,0.5649,-0.2678,-0.7805,0.9980,395,21.958237,1.5985,0.0295
BiancaGolden_CircleTurns,-41.0582,2.3967,201.8388,5.9025,-39.3455,-34.0409,0.5720,-0.2581,-0.7786,0.9980,395,21.986404,1.5894,0.0240
BiancaGolden_CircleTurns,-42.1141,1.7455,201.4561,6.1247,-38.8090,-32.7930,0.5883,-0.2583,-0.7663,0.9980,396,22.014271,1.5789,0.0175
BiancaGolden_CircleTurns,-43.3275,1.0247,201.0279,6.4335,-37.6359,-31.6183,0.6065,-0.2581,-0.7520,0.9980,396,22.043518,1.5667,0.0102
BiancaGolden_CircleTurns,-44.4324,0.0958,200.7914,6.7271,-35.9709,-30.4360,0.6133,-0.2610,-0.7455,0.9980,397,22.069984,1.5557,0.0010
BiancaGolden_CircleTurns,-45.7149,-0.9435,200.5458,7.1091,-35.1621,-29.4642,0.6065,-0.2531,-0.7537,0.9980,397,22.097794,1.5429,-0.0094
BiancaGolden_CircleTurns,-46.8136,-2.0787,200.5584,7.6438,-35.3966,-28.9199,0.5875,-0.2359,-0.7741,0.9980,398,22.125540,1.5319,-0.0208
BiancaGolden_CircleTurns,-47.5157,-3.2951,200.9255,7.0541,-35.4334,-28.3617,0.5922,-0.2361,-0.7704,0.9980,398,22.153400,1.5248,-0.0330
BiancaGolden_CircleTurns,-48.6968,-4.3956,200.5905,7.0202,-35.0259,-27.9785,0.6072,-0.2330,-0.7596,0.9980,399,22.180958,1.5130,-0.0440
BiancaGolden_CircleTurns,-49.6238,-5.4898,200.5464,7.4077,-34.0046,-27.3155,0.6081,-0.2195,-0.7629,0.9980,399,22.209148,1.5038,-0.0549
BiancaGolden_CircleTurns,-50.5207,-6.5309,200.6800,8.0043,-34.1760,-26.5021,0.5973,-0.2067,-0.7749,0.9980,400,22.237835,1.4948,-0.0653
BiancaGolden_CircleTurns,-51.3926,-7.5299,200.7346,8.1501,-34.4458,-25.6436,0.6000,-0.1830,-0.7788,0.9980,400,22.265341,1.4861,-0.0753
BiancaGolden_CircleTurns,-52.1079,-8.4689,200.8997,8.1264,-34.3279,-24.7214,0.6098,-0.1666,-0.7749,0.9980,401,22.292883,1.4789,-0.0847
BiancaGolden_CircleTurns,-52.7835,-9.3232,201.1864,7.9814,-34.4246,-23.8441,0.6115,-0.1516,-0.7766,0.9980,401,22.320459,1.4722,-0.0932
BiancaGolden_CircleTurns,-53.4379,-10.0749,201.5055,7.5987,-34.5417,-22.6544,0.6181,-0.1390,-0.7737,0.9980,402,22.348408,1.4656,-0.1007
BiancaGolden_CircleTurns,-53.9532,-10.7901,201.8744,6.9461,-34.3104,-21.3634,0.6220,-0.1229,-0.7733,0.9980,402,22.376360,1.4605,-0.1079
BiancaGolden_CircleTurns,-54.3449,-11.4462,202.2965,6.1881,-34.0563,-20.1540,0.6990,-0.1444,-0.7004,0.9980,403,22.403959,1.4566,-0.1145
BiancaGolden_CircleTurns,-54.7517,-12.0255,202.6755,5.3333,-34.0431,-18.9593,0.7044,-0.1319,-0.6975,0.9980,403,22.432795,1.4525,-0.1203
BiancaGolden_CircleTurns,-55.1628,-12.5037,203.0033,4.7107,-34.0218,-17.8561,0.7079,-0.1271,-0.6948,0.9980,404,22.459978,1.4484,-0.1250
BiancaGolden_CircleTurns,-55.5664,-12.8799,203.3017,3.9374,-33.9960,-16.2678,0.7100,-0.1112,-0.6954,0.9980,404,22.487938,1.4443,-0.1288
BiancaGolden_CircleTurns,-55.9152,-13.2356,203.6220,3.1152,-33.7880,-14.5952,0.7162,-0.0985,-0.6909,0.9980,405,22.515369,1.4408,-0.1324
BiancaGolden_CircleTurns,-56.3337,-13.5792,203.8601,2.2086,-33.5025,-13.3907,0.7178,-0.0987,-0.6892,0.9980,405,22.543203,1.4367,-0.1358
BiancaGolden_CircleTurns,-56.8002,-13.8926,204.0525,1.2491,-33.5549,-12.4404,0.7181,-0.1026,-0.6883,0.9980,406,22.570780,1.4320,-0.1389
BiancaGolden_CircleTurns,-57.2491,-14.0951,204.2141,0.3434,-33.5025,-11.6422,0.7116,-0.0910,-0.6967,0.9980,406,22.598892,1.4275,-0.1410
BiancaGolden_CircleTurns,-57.6741,-14.2550,204.3322,-0.3060,-33.2664,-10.9812,0.7100,-0.0963,-0.6976,0.9980,407,22.626780,1.4233,-0.1426
BiancaGolden_CircleTurns,-58.0229,-14.4374,204.4205,-0.7563,-32.8767,-10.5495,0.7048,-0.1180,-0.6996,0.9980,407,22.657803,1.4198,-0.1444
BiancaGolden_CircleTurns,-58.4437,-14.4499,204.4172,-0.9775,-32.4531,-10.4864,0.7011,-0.1178,-0.7032,0.9980,408,22.681719,1.4156,-0.1445
BiancaGolden_CircleTurns,-58.9076,-14.4668,204.3749,-1.0507,-32.3818,-10.2246,0.7198,-0.1823,-0.6698,0.9980,408,22.708256,1.4109,-0.1447
BiancaGolden_CircleTurns,-59.3230,-14.4207,204.3393,-1.0149,-32.2812,-9.9001,0.7263,-0.1984,-0.6581,0.9980,409,22.736311,1.4068,-0.1442
BiancaGolden_CircleTurns,-59.8284,-14.3519,204.2875,-0.9668,-32.1754,-9.8523,0.7265,-0.1990,-0.6578,0.9980,409,22.764336,1.4017,-0.1435
BiancaGolden_CircleTurns,-60.3663,-14.2323,204.2471,-0.9962,-32.1494,-9.8148,0.7255,-0.2066,-0.6565,0.9980,410,22.792305,1.3963,-0.1423
BiancaGolden_CircleTurns,-60.9669,-14.0302,204.1344,-0.9704,-32.0243,-9.9050,0.7185,-0.2077,-0.6638,0.9980,410,22.820688,1.3903,-0.1403
BiancaGolden_CircleTurns,-61.5713,-13.7626,203.9479,-1.0236,-31.8167,-9.9993,0.7173,-0.2140,-0.6631,0.9980,411,22.848650,1.3843,-0.1376
BiancaGolden_CircleTurns,-62.1588,-13.3918,203.7351,-1.2365,-31.5645,-10.0315,0.7174,-0.2235,-0.6599,0.9980,411,22.876743,1.3784,-0.1339
BiancaGolden_CircleTurns,-62.6563,-12.9513,203.6134,-1.5443,-31.3867,-10.1513,0.7182,-0.2266,-0.6579,0.9980,412,22.904434,1.3734,-0.1295
BiancaGolden_CircleTurns,-63.0360,-12.4499,203.6268,-1.7250,-31.2175,-10.4080,0.7193,-0.2200,-0.6589,0.9980,412,22.932644,1.3696,-0.1245
BiancaGolden_CircleTurns,-63.4880,-11.8740,203.6524,-1.2962,-31.1235,-10.4702,0.7243,-0.2203,-0.6533,0.9980,413,22.960455,1.3651,-0.1187
BiancaGolden_CircleTurns,-63.9780,-11.2956,203.5456,-0.6216,-30.7706,-10.3912,0.7263,-0.2217,-0.6506,0.9980,413,22.988775,1.3602,-0.1130
BiancaGolden_CircleTurns,-64.4211,-10.8042,203.5301,0.0868,-29.9742,-10.2445,0.7288,-0.2223,-0.6476,0.9980,414,23.016237,1.3558,-0.1080
BiancaGolden_CircleTurns,-64.8931,-10.2986,203.5913,0.1588,-29.5101,-10.2370,0.7264,-0.2192,-0.6514,0.9980,414,23.044485,1.3511,-0.1030
BiancaGolden_CircleTurns,-65.4880,-9.8479,203.6378,0.2537,-29.5556,-10.1531,0.7049,-0.2271,-0.6719,0.9980,415,23.072079,1.3451,-0.0985
BiancaGolden_CircleTurns,-66.1082,-9.4246,203.7408,0.5436,-29.8061,-9.8652,0.7072,-0.2233,-0.6709,0.9980,415,23.100069,1.3389,-0.0942
BiancaGolden_CircleTurns,-66.6816,-9.0265,203.9379,0.5326,-29.7212,-9.5482,0.7181,-0.2184,-0.6607,0.9980,416,23.128031,1.3332,-0.0903
BiancaGolden_CircleTurns,-67.2422,-8.7896,204.2659,0.6823,-29.4172,-8.9805,0.7142,-0.2155,-0.6660,0.9980,416,23.155975,1.3276,-0.0879
BiancaGolden_CircleTurns,-67.8579,-8.6374,204.6715,0.9517,-29.3071,-8.3898,0.7197,-0.2103,-0.6617,0.9980,417,23.183609,1.3214,-0.0864
BiancaGolden_CircleTurns,-68.4830,-8.5541,204.9730,1.1546,-28.8486,-7.8625,0.7208,-0.2046,-0.6622,0.9980,417,23.211891,1.3152,-0.0855
BiancaGolden_CircleTurns,-69.1124,-8.5861,205.2928,1.3489,-28.4964,-7.4570,0.7241,-0.2070,-0.6579,0.9980,418,23.239565,1.3089,-0.0859
BiancaGolden_CircleTurns,-69.7625,-8.6888,205.5831,1.4147,-28.1191,-7.0651,0.7240,-0.2016,-0.6597,0.9980,418,23.267748,1.3024,-0.0869
BiancaGolden_CircleTurns,-70.5429,-8.8064,205.7639,1.4306,-27.9290,-6.4883,0.7218,-0.1981,-0.6631,0.9980,419,23.295639,1.2946,-0.0881
BiancaGolden_CircleTurns,-71.2997,-9.0046,205.8344,1.4359,-27.7809,-5.8671,0.7288,-0.1956,-0.6561,0.9980,419,23.323593,1.2870,-0.0900
BiancaGolden_CircleTurns,-71.9867,-9.3211,205.9421,1.6585,-27.2993,-5.3181,0.7426,-0.2442,-0.6236,0.9980,420,23.351332,1.2801,-0.0932
BiancaGolden_CircleTurns,-72.6584,-9.6724,205.9709,1.7770,-26.4440,-4.6301,0.7477,-0.2330,-0.6218,0.9980,420,23.379230,1.2734,-0.0967
BiancaGolden_CircleTurns,-73.4618,-10.1073,205.7904,1.8156,-25.8702,-3.7186,0.7522,-0.2208,-0.6209,0.9980,421,23.406681,1.2654,-0.1011
BiancaGolden_CircleTurns,-74.2678,-10.6231,205.5387,1.9014,-25.8052,-2.7567,0.7460,-0.2135,-0.6308,0.9980,421,23.434788,1.2573,-0.1062
BiancaGolden_CircleTurns,-75.0677,-11.2409,205.2801,2.1600,-25.7453,-1.6566,0.7409,-0.2019,-0.6405,0.9980,422,23.462357,1.2493,-0.1124
BiancaGolden_CircleTurns,-75.9008,-11.9174,204.9524,2.4486,-25.4842,-0.4128,0.7430,-0.1977,-0.6394,0.9980,422,23.493977,1.2410,-0.1192
BiancaGolden_CircleTurns,-76.8059,-12.7266,204.6110,2.7256,-25.4466,1.0188,0.7483,-0.1858,-0.6368,0.9980,423,23.518837,1.2319,-0.1273
BiancaGolden_CircleTurns,-77.6131,-13.6227,204.3504,2.7313,-25.2966,2.3601,0.7520,-0.1701,-0.6368,0.9980,423,23.545826,1.2239,-0.1362
BiancaGolden_CircleTurns,-78.3918,-14.5082,204.2342,2.4440,-25.0897,3.6061,0.7634,-0.1551,-0.6270,0.9980,424,23.573248,1.2161,-0.1451
BiancaGolden_CircleTurns,-78.9912,-15.5134,204.3593,2.4302,-24.8932,4.8995,0.7740,-0.1492,-0.6154,0.9980,424,23.601236,1.2101,-0.1551
BiancaGolden_CircleTurns,-79.6906,-16.5245,204.3866,2.5809,-24.7329,6.0608,0.7715,-0.1559,-0.6169,0.9980,425,23.629097,1.2031,-0.1652
BiancaGolden_CircleTurns,-80.4997,-17.5400,204.2878,2.5658,-24.9187,7.0094,0.7708,-0.1429,-0.6209,0.9980,425,23.657303,1.1950,-0.1754
BiancaGolden_CircleTurns,-81.1443,-18.5453,204.5565,2.2658,-24.9849,7.9082,0.7733,-0.1336,-0.6198,0.9980,426,23.685257,1.1886,-0.1855
BiancaGolden_CircleTurns,-81.8680,-19.4605,204.7897,1.8151,-24.8507,9.1273,0.7799,-0.1202,-0.6143,0.9980,426,23.713697,1.1813,-0.1946
BiancaGolden_CircleTurns,-82.6613,-20.3386,205.0375,1.0835,-24.6997,10.5535,0.7909,-0.0991,-0.6038,0.9980,427,23.741514,1.1734,-0.2034
BiancaGolden_CircleTurns,-83.3844,-21.2411,205.4018,0.6567,-24.2598,11.8443,0.7990,-0.1012,-0.5928,0.9980,427,23.769562,1.1662,-0.2124
BiancaGolden_CircleTurns,-84.0757,-22.0964,205.8059,0.2658,-23.5232,12.6784,0.8039,-0.1002,-0.5862,0.9980,428,23.797253,1.1592,-0.2210
BiancaGolden_CircleTurns,-84.7696,-22.8630,206.1871,-0.3211,-22.6873,12.8640,0.8000,-0.1002,-0.5915,0.9980,428,23.825344,1.1523,-0.2286
BiancaGolden_CircleTurns,-85.4580,-23.5159,206.5503,-0.8768,-22.1842,13.0661,0.7932,-0.1000,-0.6007,0.9980,429,23.853067,1.1454,-0.2352
BiancaGolden_CircleTurns,-86.1437,-24.1090,206.7905,-1.1138,-21.8786,13.1239,0.7963,-0.1068,-0.5954,0.9980,429,23.880812,1.1386,-0.2411
BiancaGolden_CircleTurns,-86.8944,-24.6326,206.9046,-0.9355,-21.5394,12.9077,0.7976,-0.1098,-0.5931,0.9980,430,23.908413,1.1311,-0.2463
BiancaGolden_CircleTurns,-87.6183,-25.0295,207.0653,-0.8115,-21.4118,12.7145,0.7890,-0.1103,-0.6044,0.9980,430,23.936907,1.1238,-0.2503
BiancaGolden_CircleTurns,-88.2278,-25.3117,207.3001,-0.8111,-21.0174,12.4616,0.7947,-0.1049,-0.5978,0.9980,431,23.964275,1.1177,-0.2531
BiancaGolden_CircleTurns,-88.8654,-25.5644,207.3817,-0.6488,-20.4865,12.0568,0.7993,-0.1098,-0.5909,0.9980,431,23.992500,1.1113,-0.2556
BiancaGolden_CircleTurns,-89.5118,-25.6943,207.4271,-0.4047,-20.0600,11.4456,0.8012,-0.1126,-0.5877,0.9980,432,24.020458,1.1049,-0.2569
BiancaGolden_CircleTurns,-90.1536,-25.6953,207.4191,-0.2821,-19.8814,10.8384,0.8032,-0.1021,-0.5869,0.9980,432,24.048733,1.0985,-0.2570
BiancaGolden_CircleTurns,-90.8086,-25.6022,207.3529,-0.1646,-19.7141,10.2801,0.8062,-0.1049,-0.5822,0.9980,0,24.076300,1.0919,-0.2560
BiancaGolden_CircleTurns,-91.4151,-25.3921,207.2358,-0.1487,-19.3907,9.7670,0.8095,-0.0980,-0.5789,0.9980,0,24.104120,1.0858,-0.2539
BiancaGolden_CircleTurns,-92.0790,-25.0693,206.9300,-0.2355,-18.8979,9.2239,0.8020,-0.1019,-0.5886,0.9980,0,24.131239,1.0792,-0.2507
BiancaGolden_CircleTurns,-92.8215,-24.6641,206.4789,-0.3293,-18.7072,8.6681,0.7971,-0.1031,-0.5950,0.9980,1,24.159401,1.0718,-0.2466
BiancaGolden_CircleTurns,-93.4909,-24.2032,206.0725,-0.4123,-18.7857,8.0002,0.7955,-0.1117,-0.5956,0.9980,1,24.187841,1.0651,-0.2420
BiancaGolden_CircleTurns,-94.1433,-23.7689,205.7260,-0.1611,-18.6459,7.1011,0.7939,-0.1228,-0.5955,0.9980,2,24.215731,1.0586,-0.2377
BiancaGolden_CircleTurns,-94.8768,-23.3675,205.4772,0.5600,-18.9277,6.2942,0.7953,-0.1300,-0.5921,0.9980,2,24.243763,1.0512,-0.2337
BiancaGolden_CircleTurns,-95.4609,-22.9288,205.7103,0.8708,-18.7188,5.6322,0.7957,-0.1280,-0.5919,0.9980,3,24.272230,1.0454,-0.2293
BiancaGolden_CircleTurns,-96.2953,-22.6064,205.7225,1.1536,-18.3095,5.1442,0.8024,-0.1241,-0.5837,0.9980,3,24.300594,1.0370,-0.2261
BiancaGolden_CircleTurns,-97.1566,-22.4127,205.9605,1.8045,-18.1565,4.8437,0.8071,-0.1267,-0.5767,0.9980,4,24.327589,1.0284,-0.2241
BiancaGolden_CircleTurns,-98.0050,-22.2510,206.4242,2.1357,-17.8798,4.7417,0.8131,-0.1486,-0.5629,0.9980,4,24.359568,1.0200,-0.2225
BiancaGolden_CircleTurns,-98.9295,-22.1882,206.8166,2.0281,-17.6262,4.5601,0.8240,-0.1547,-0.5450,0.9980,5,24.383459,1.0107,-0.2219
BiancaGolden_CircleTurns,-99.8116,-22.1965,207.2084,1.9751,-17.3626,4.4283,0.8306,-0.1450,-0.5377,0.9980,5,24.410173,1.0019,-0.2220
BiancaGolden_CircleTurns,-100.7117,-22.1989,207.5257,2.0033,-17.0607,4.5567,0.8303,0.0700,-0.5529,0.9980,6,24.437958,0.9929,-0.2220
BiancaGolden_CircleTurns,-101.6413,-22.1789,207.7653,1.8283,-17.1914,5.0555,0.7917,0.2339,-0.5643,0.9980,6,24.466646,0.9836,-0.2218
BiancaGolden_CircleTurns,-102.4955,-22.1847,207.9834,1.6005,-17.2518,5.7855,0.7900,0.2429,-0.5629,0.9980,7,24.493782,0.9750,-0.2218
BiancaGolden_CircleTurns,-103.3350,-22.2747,208.1552,1.5183,-16.9849,6.3976,0.7927,0.2472,-0.5573,0.9980,7,24.521791,0.9666,-0.2227
BiancaGolden_CircleTurns,-104.1711,-22.3934,208.2731,1.6204,-16.5609,6.8834,0.7972,0.2381,-0.5548,0.9980,8,24.549772,0.9583,-0.2239
BiancaGolden_CircleTurns,-104.9933,-22.5408,208.3306,1.6079,-16.2123,7.4528,0.7982,0.2435,-0.5510,0.9980,8,24.578033,0.9501,-0.2254
BiancaGolden_CircleTurns,-105.7969,-22.7722,208.3119,1.7063,-15.9245,7.9667,0.7993,0.2439,-0.5492,0.9980,9,24.605917,0.9420,-0.2277
BiancaGolden_CircleTurns,-106.5688,-23.0528,208.2846,1.9856,-15.4880,8.4558,0.8021,0.2429,-0.5455,0.9980,9,24.634029,0.9343,-0.2305
BiancaGolden_CircleTurns,-107.3693,-23.3979,208.2021,2.0472,-15.4223,9.0700,0.7941,0.2515,-0.5533,0.9980,10,24.662138,0.9263,-0.2340
BiancaGolden_CircleTurns,-108.1559,-23.8151,208.1221,1.9978,-15.5570,9.7456,0.7927,0.2566,-0.5530,0.9980,10,24.689821,0.9184,-0.2382
BiancaGolden_CircleTurns,-108.9188,-24.2969,208.0958,1.9364,-15.5774,10.4892,0.7927,0.2631,-0.5499,0.9980,11,24.717594,0.9108,-0.2430
BiancaGolden_CircleTurns,-109.6615,-24.8882,208.0452,2.0164,-15.3535,11.2811,0.7978,0.2634,-0.5423,0.9980,11,24.745468,0.9034,-0.2489
BiancaGolden_CircleTurns,-110.3847,-25.5428,207.9493,2.1337,-14.8785,12.0350,0.7982,0.2714,-0.5378,0.9980,12,24.773281,0.8962,-0.2554
BiancaGolden_CircleTurns,-111.1016,-26.2667,207.7509,2.0772,-14.5223,12.7100,0.7985,0.2725,-0.5368,0.9980,12,24.801332,0.8890,-0.2627
BiancaGolden_CircleTurns,-111.8349,-27.0740,207.4527,1.9979,-14.4099,13.3550,0.7985,0.2672,-0.5395,0.9980,13,24.829334,0.8817,-0.2707
BiancaGolden_CircleTurns,-112.5160,-27.8442,207.2247,1.9474,-14.5226,14.0543,0.7966,0.2689,-0.5414,0.9980,13,24.857483,0.8748,-0.2784
BiancaGolden_CircleTurns,-113.1660,-28.6075,206.9789,1.8705,-14.6580,14.8769,0.8430,0.2056,-0.4971,0.9980,14,24.885122,0.8683,-0.2861
BiancaGolden_CircleTurns,-113.8737,-29.4221,206.5303,2.0953,-14.6676,15.6402,0.8783,0.2282,-0.4201,0.9980,14,24.912876,0.8613,-0.2942
BiancaGolden_CircleTurns,-114.6531,-30.1818,206.2354,2.1152,-15.0629,16.1991,0.8148,0.2860,-0.5043,0.9980,15,24.940472,0.8535,-0.3018
BiancaGolden_CircleTurns,-115.3796,-30.8728,206.3062,1.9768,-15.6069,16.7079,0.8361,0.2612,-0.4824,0.9980,15,24.968620,0.8462,-0.3087
BiancaGolden_CircleTurns,-116.1187,-31.4956,206.4459,1.8672,-15.9096,17.1207,0.8487,0.2719,-0.4535,0.9980,16,24.995981,0.8388,-0.3150
BiancaGolden_CircleTurns,-116.8484,-32.0453,206.6031,2.0713,-15.8572,17.5204,0.8477,0.2881,-0.4454,0.9980,16,25.024069,0.8315,-0.3205
BiancaGolden_CircleTurns,-117.5936,-32.5121,206.8724,2.0961,-15.7546,17.9414,0.8410,0.2931,-0.4548,0.9980,17,25.052101,0.8241,-0.3251
BiancaGolden_CircleTurns,-118.4683,-32.9615,207.0950,1.9970,-16.0895,18.3542,0.8403,0.2964,-0.4539,0.9980,17,25.080160,0.8153,-0.3296
BiancaGolden_CircleTurns,-119.4068,-33.3177,207.3806,1.7511,-16.2576,18.5127,0.8473,0.2972,-0.4401,0.9980,18,25.107914,0.8059,-0.3332
BiancaGolden_CircleTurns,-120.3417,-33.5541,207.7223,1.4961,-16.0068,18.8005,0.8573,0.2872,-0.4273,0.9980,18,25.136093,0.7966,-0.3355
BiancaGolden_CircleTurns,-121.2863,-33.6803,207.9424,1.2638,-15.4612,19.2859,0.8583,0.2959,-0.4192,0.9980,19,25.163509,0.7871,-0.3368
BiancaGolden_CircleTurns,-122.2299,-33.7543,208.0340,1.0138,-14.9490,19.7377,0.8588,0.2923,-0.4208,0.9980,19,25.194521,0.7777,-0.3375
BiancaGolden_CircleTurns,-123.2070,-33.7647,208.0624,0.8236,-14.7575,20.0730,0.8605,0.2812,-0.4248,0.9980,20,25.219322,0.7679,-0.3376
BiancaGolden_CircleTurns,-124.2019,-33.6962,208.0383,0.7565,-14.9561,20.4250,0.8556,0.2826,-0.4337,0.9980,20,25.246349,0.7580,-0.3370
BiancaGolden_CircleTurns,-125.1614,-33.5468,207.9673,0.6849,-15.1090,20.6298,0.8553,0.2742,-0.4397,0.9980,21,25.274246,0.7484,-0.3355
BiancaGolden_CircleTurns,-126.1978,-33.3129,207.9204,0.5067,-15.1551,20.6171,0.8562,0.2740,-0.4381,0.9980,21,25.302794,0.7380,-0.3331
BiancaGolden_CircleTurns,-127.3114,-33.0196,207.8487,0.4212,-15.3322,20.5549,0.8610,0.2611,-0.4364,0.9980,22,25.330151,0.7269,-0.3302
BiancaGolden_CircleTurns,-128.3638,-32.6516,207.9099,0.4154,-15.3167,20.5436,0.8654,0.2626,-0.4267,0.9980,22,25.358551,0.7164,-0.3265
BiancaGolden_CircleTurns,-129.4050,-32.1953,207.8939,0.1722,-15.1325,20.4864,0.8658,0.2615,-0.4265,0.9980,23,25.385921,0.7060,-0.3220
BiancaGolden_CircleTurns,-130.3457,-31.6246,207.9068,-0.3103,-15.0045,20.4367,0.8699,0.2591,-0.4198,0.9980,23,25.414261,0.6965,-0.3162
BiancaGolden_CircleTurns,-131.1219,-30.9890,207.8969,-0.2858,-14.3654,20.4600,0.8762,0.2633,-0.4038,0.9980,24,25.442062,0.6888,-0.3099
BiancaGolden_CircleTurns,-131.9345,-30.3975,207.6448,-0.3620,-13.8523,20.5564,0.8834,0.2527,-0.3947,0.9980,24,25.470095,0.6807,-0.3040
BiancaGolden_CircleTurns,-132.8783,-29.8835,207.0264,0.0963,-13.2251,20.4828,0.8822,0.2489,-0.3997,0.9980,25,25.497936,0.6712,-0.2988
BiancaGolden_CircleTurns,-133.8199,-29.4691,206.3720,0.4557,-13.2090,20.5494,0.8781,0.2375,-0.4155,0.9980,25,25.525827,0.6618,-0.2947
BiancaGolden_CircleTurns,-134.5901,-29.1198,206.4603,0.7707,-13.7125,20.6663,0.8750,0.2321,-0.4248,0.9980,26,25.553553,0.6541,-0.2912
BiancaGolden_CircleTurns,-135.4119,-28.9109,206.4024,0.5580,-13.9930,20.5703,0.8748,0.2295,-0.4266,0.9980,26,25.581715,0.6459,-0.2891
BiancaGolden_CircleTurns,-136.1836,-28.8451,206.3123,0.9409,-14.2279,20.4982,0.8785,0.2221,-0.4230,0.9980,27,25.609619,0.6382,-0.2885
BiancaGolden_CircleTurns,-136.8645,-28.8367,206.7389,1.4741,-14.2786,20.4451,0.8770,0.2220,-0.4261,0.9980,27,25.637535,0.6314,-0.2884
BiancaGolden_CircleTurns,-137.6983,-28.9684,207.1114,1.4719,-14.8423,20.4633,0.8761,0.2192,-0.4295,0.9980,28,25.665308,0.6230,-0.2897
BiancaGolden_CircleTurns,-138.5515,-29.1923,207.5683,1.3592,-15.3344,20.2541,0.8816,0.2209,-0.4171,0.9980,28,25.693157,0.6145,-0.2919
BiancaGolden_CircleTurns,-139.3205,-29.3813,208.0513,1.0129,-14.6777,20.0025,0.8883,0.2237,-0.4010,0.9980,29,25.720827,0.6068,-0.2938
BiancaGolden_CircleTurns,-140.0853,-29.6228,208.3968,0.8866,-13.8749,19.9858,0.8884,0.2267,-0.3991,0.9980,29,25.748856,0.5991,-0.2962
BiancaGolden_CircleTurns,-140.8189,-29.8784,208.5536,0.8741,-13.5037,20.0104,0.8881,0.2278,-0.3992,0.9980,30,25.775911,0.5918,-0.2988
BiancaGolden_CircleTurns,-141.4225,-30.1184,208.5877,1.0946,-13.3107,20.1754,0.8892,0.2284,-0.3964,0.9980,30,25.803902,0.5858,-0.3012
BiancaGolden_CircleTurns,-141.9266,-30.3824,208.5669,1.3658,-12.9212,20.3301,0.8893,0.2282,-0.3963,0.9980,31,25.831436,0.5807,-0.3038
BiancaGolden_CircleTurns,-142.4262,-30.6940,208.4746,1.5728,-12.8169,20.3668,0.8826,0.2305,-0.4097,0.9980,31,25.859831,0.5757,-0.3069
BiancaGolden_CircleTurns,-142.8661,-31.0559,208.3481,1.7553,-12.8291,20.7082,0.8797,0.2360,-0.4127,0.9980,32,25.887707,0.5713,-0.3106
BiancaGolden_CircleTurns,-143.2716,-31.5151,208.1770,1.7649,-12.7819,21.0993,0.8779,0.2374,-0.4160,0.9980,32,25.915098,0.5673,-0.3152
BiancaGolden_CircleTurns,-143.6562,-32.0775,207.9518,1.7155,-12.9422,21.4803,0.8738,0.2411,-0.4223,0.9980,33,25.943190,0.5634,-0.3208
BiancaGolden_CircleTurns,-144.0656,-32.7034,207.7750,1.4716,-13.3240,21.8795,0.8671,0.2461,-0.4330,0.9980,33,25.971590,0.5593,-0.3270
BiancaGolden_CircleTurns,-144.4672,-33.4562,207.5089,1.2388,-13.9606,22.2798,0.8672,0.2475,-0.4320,0.9980,34,25.999086,0.5553,-0.3346
BiancaGolden_CircleTurns,-144.7596,-34.2641,207.4686,1.1334,-14.3939,22.6267,0.8696,0.2497,-0.4259,0.9980,34,26.029675,0.5524,-0.3426
BiancaGolden_CircleTurns,-144.9959,-35.1857,207.4648,1.1184,-14.6002,23.0267,0.8825,0.2453,-0.4012,0.9980,35,26.055294,0.5500,-0.3519
BiancaGolden_CircleTurns,-145.2212,-36.1341,207.2837,0.6436,-14.7882,23.2847,0.8846,0.2475,-0.3954,0.9980,35,26.082129,0.5478,-0.3613
BiancaGolden_CircleTurns,-145.3406,-37.1244,206.9755,0.0419,-14.8270,23.4888,0.8867,0.2528,-0.3871,0.9980,36,26.110054,0.5466,-0.3712
BiancaGolden_CircleTurns,-145.3818,-38.0442,206.7000,-0.6598,-14.4862,23.6310,0.8859,0.2552,-0.3875,0.9980,36,26.138174,0.5462,-0.3804
BiancaGolden_CircleTurns,-145.5284,-38.8386,206.3119,-1.7566,-14.5171,23.7841,0.8811,0.2583,-0.3961,0.9980,37,26.166088,0.5447,-0.3884
BiancaGolden_CircleTurns,-145.7875,-39.5456,205.9262,-2.9010,-15.1042,23.9880,0.8749,0.2609,-0.4081,0.9980,37,26.194202,0.5421,-0.3955
BiancaGolden_CircleTurns,-146.0759,-40.2013,205.6895,-3.4407,-15.8186,24.2169,0.8714,0.2642,-0.4134,0.9980,38,26.222082,0.5392,-0.4020
BiancaGolden_CircleTurns,-146.4937,-40.8172,205.4883,-3.6735,-16.5286,24.4735,0.8693,0.2677,-0.4155,0.9980,38,26.250322,0.5351,-0.4082
BiancaGolden_CircleTurns,-146.9966,-41.4094,205.3488,-3.9402,-17.3477,24.7342,0.8690,0.2647,-0.4181,0.9980,39,26.278099,0.5300,-0.4141
BiancaGolden_CircleTurns,-147.5535,-41.9481,205.4448,-4.3533,-18.1249,24.8657,0.8799,0.2667,-0.3933,0.9980,39,26.304653,0.5245,-0.4195
BiancaGolden_CircleTurns,-148.2877,-42.4151,205.5238,-4.8368,-18.6645,24.9871,0.8855,0.2632,-0.3829,0.9980,40,26.332527,0.5171,-0.4242
BiancaGolden_CircleTurns,-149.0545,-42.8389,205.8272,-5.1919,-18.7466,25.0254,0.8741,0.2592,-0.4109,0.9980,40,26.360538,0.5095,-0.4284
BiancaGolden_CircleTurns,-149.8040,-43.2316,206.1580,-5.0250,-18.2075,24.8807,0.9021,0.2491,-0.3524,0.9980,41,26.388430,0.5020,-0.4323
BiancaGolden_CircleTurns,-150.5577,-43.5133,206.4367,-4.7602,-17.2971,24.7040,0.9102,0.2540,-0.3270,0.9980,41,26.416805,0.4944,-0.4351
BiancaGolden_CircleTurns,-151.3685,-43.8004,206.6930,-4.6221,-16.5387,24.5527,0.9089,0.2559,-0.3292,0.9980,42,26.444906,0.4863,-0.4380
BiancaGolden_CircleTurns,-152.1436,-44.0046,206.8527,-4.3829,-16.0131,24.1960,0.8937,0.2782,-0.3520,0.9980,42,26.473057,0.4786,-0.4400
BiancaGolden_CircleTurns,-152.9683,-44.0834,206.8791,-4.4464,-15.5849,23.9696,0.8901,0.2755,-0.3631,0.9980,43,26.500374,0.4703,-0.4408
BiancaGolden_CircleTurns,-153.8655,-44.1110,206.8858,-4.5933,-15.6099,23.9101,0.8791,0.2695,-0.3931,0.9980,43,26.528263,0.4613,-0.4411
BiancaGolden_CircleTurns,-154.7668,-44.0640,206.8288,-4.5355,-15.9377,23.7467,0.8776,0.2676,-0.3978,0.9980,44,26.556086,0.4523,-0.4406
BiancaGolden_CircleTurns,-155.6635,-43.9403,206.8036,-4.3582,-16.0747,23.4521,0.8777,0.2602,-0.4023,0.9980,44,26.584089,0.4434,-0.4394
BiancaGolden_CircleTurns,-156.6378,-43.7308,206.6843,-4.1211,-15.9545,23.0236,0.8834,0.2496,-0.3967,0.9980,45,26.611773,0.4336,-0.4373
BiancaGolden_CircleTurns,-157.6365,-43.4436,206.5878,-3.9639,-15.6586,22.4916,0.8874,0.2453,-0.3904,0.9980,45,26.639938,0.4236,-0.4344
BiancaGolden_CircleTurns,-158.7007,-43.0713,206.4375,-3.7368,-15.2953,21.9154,0.8873,0.2419,-0.3926,0.9980,46,26.668074,0.4130,-0.4307
BiancaGolden_CircleTurns,-159.8464,-42.6197,206.2075,-3.6422,-15.4735,21.4983,0.8869,0.2385,-0.3956,0.9980,46,26.695601,0.4015,-0.4262
BiancaGolden_CircleTurns,-161.0060,-42.0818,206.0715,-3.6624,-15.7090,21.2550,0.8839,0.2504,-0.3950,0.9980,47,26.723480,0.3899,-0.4208
BiancaGolden_CircleTurns,-162.1804,-41.5596,205.8653,-3.4756,-15.6166,21.0950,0.8869,0.2482,-0.3897,0.9980,47,26.751528,0.3782,-0.4156
BiancaGolden_CircleTurns,-163.3889,-41.0917,205.4027,-2.7821,-15.3321,20.9829,0.8894,0.2467,-0.3849,0.9980,48,26.779110,0.3661,-0.4109
BiancaGolden_CircleTurns,-164.6111,-40.6832,204.9068,-2.1699,-15.3856,20.8536,0.8865,0.2426,-0.3940,0.9980,48,26.807018,0.3539,-0.4068
BiancaGolden_CircleTurns,-165.6586,-40.3439,204.8035,-1.5865,-15.8667,20.7048,0.8823,0.2449,-0.4019,0.9980,49,26.835106,0.3434,-0.4034
BiancaGolden_CircleTurns,-166.5834,-40.1003,204.9429,-1.0733,-16.5173,20.7417,0.8828,0.2420,-0.4026,0.9980,49,26.865915,0.3342,-0.4010
BiancaGolden_CircleTurns,-167.4488,-39.9378,204.9686,-0.7631,-16.8066,20.6859,0.8902,0.2458,-0.3835,0.9980,50,26.891047,0.3255,-0.3994
BiancaGolden_CircleTurns,-168.0979,-39.8233,205.2792,-0.4632,-16.4713,20.6034,0.8967,0.2344,-0.3754,0.9980,50,26.918362,0.3190,-0.3982
BiancaGolden_CircleTurns,-168.6561,-39.7633,205.8244,-0.3596,-15.9915,20.6396,0.8941,0.2352,-0.3811,0.9980,51,26.946022,0.3134,-0.3976
BiancaGolden_CircleTurns,-169.2510,-39.7846,206.2931,-0.5344,-16.2923,20.7191,0.8922,0.2336,-0.3866,0.9980,51,26.973818,0.3075,-0.3978
BiancaGolden_CircleTurns,-169.7208,-39.8239,206.7591,-0.6327,-16.3519,20.7308,0.8940,0.2349,-0.3814,0.9980,52,27.001545,0.3028,-0.3982
BiancaGolden_CircleTurns,-170.0886,-39.8975,207.1252,-0.4760,-15.9597,20.7655,0.8916,0.2367,-0.3861,0.9980,52,27.030373,0.2991,-0.3990
BiancaGolden_CircleTurns,-170.4318,-40.0018,207.3391,-0.1818,-15.5147,20.9551,0.8922,0.2414,-0.3817,0.9980,53,27.057766,0.2957,-0.4000
BiancaGolden_CircleTurns,-170.7477,-40.1574,207.3898,0.1619,-15.2809,21.3085,0.8908,0.2477,-0.3810,0.9980,53,27.085613,0.2925,-0.4016
BiancaGolden_CircleTurns,-170.9565,-40.3749,207.3544,0.5803,-15.1617,21.7633,0.8830,0.2550,-0.3941,0.9980,54,27.113205,0.2904,-0.4037
BiancaGolden_CircleTurns,-171.0873,-40.6267,207.1836,0.8381,-14.9987,22.4074,0.8799,0.2667,-0.3933,0.9980,54,27.141359,0.2891,-0.4063
BiancaGolden_CircleTurns,-171.1238,-40.9777,206.8526,0.9086,-14.8858,23.1718,0.8801,0.2675,-0.3922,0.9980,55,27.169220,0.2888,-0.4098
BiancaGolden_CircleTurns,-171.0711,-41.4252,206.4091,1.0986,-14.7632,23.9566,0.8748,0.2665,-0.4046,0.9980,55,27.197405,0.2893,-0.4143
BiancaGolden_CircleTurns,-171.0726,-42.0867,205.7269,1.4407,-15.2441,24.9545,0.8644,0.2736,-0.4219,0.9980,56,27.225086,0.2893,-0.4209
BiancaGolden_CircleTurns,-170.9102,-42.8125,205.2063,1.6016,-15.9640,25.8183,0.8648,0.2676,-0.4249,0.9980,56,27.252829,0.2909,-0.4281
BiancaGolden_CircleTurns,-170.6773,-43.6009,204.8676,0.9788,-16.3567,26.2822,0.8633,0.2717,-0.4252,0.9980,57,27.280670,0.2932,-0.4360
BiancaGolden_CircleTurns,-170.1456,-44.2924,205.0135,0.3982,-16.4437,26.4575,0.8711,0.2681,-0.4115,0.9980,57,27.307405,0.2985,-0.4429
BiancaGolden_CircleTurns,-170.0185,-45.0368,204.8293,0.0274,-16.0229,26.5257,0.8740,0.2615,-0.4094,0.9980,58,27.334932,0.2998,-0.4504
BiancaGolden_CircleTurns,-170.1193,-45.6848,204.4786,-0.8578,-16.6779,26.6401,0.8741,0.2594,-0.4107,0.9980,58,27.363373,0.2988,-0.4568
BiancaGolden_CircleTurns,-170.1459,-46.1914,204.7506,-1.8942,-17.0994,26.7226,0.8598,0.3050,-0.4095,0.9980,59,27.391659,0.2985,-0.4619
BiancaGolden_CircleTurns,-170.3147,-46.7153,204.8095,-2.1663,-17.1791,26.6069,0.8245,0.3188,-0.4676,0.9980,59,27.419193,0.2969,-0.4672
BiancaGolden_CircleTurns,-170.6582,-47.1163,204.8565,-2.0786,-17.2262,26.6853,0.8216,0.3225,-0.4700,0.9980,60,27.446808,0.2934,-0.4712
BiancaGolden_CircleTurns,-171.0606,-47.3757,205.0230,-2.1769,-17.2110,26.9788,0.8771,0.1941,-0.4393,0.9980,60,27.474548,0.2894,-0.4738
BiancaGolden_CircleTurns,-171.5032,-47.6083,205.1974,-2.1693,-16.9363,27.2778,0.9216,0.2285,-0.3139,0.9980,61,27.503063,0.2850,-0.4761
BiancaGolden_CircleTurns,-172.1081,-47.7572,205.2969,-2.1758,-16.3473,27.4885,0.9239,0.2481,-0.2913,0.9980,61,27.530731,0.2789,-0.4776
BiancaGolden_CircleTurns,-172.7504,-47.8385,205.4440,-2.4767,-15.7488,27.5268,0.9158,0.2494,-0.3147,0.9980,62,27.558100,0.2725,-0.4784
BiancaGolden_CircleTurns,-173.4849,-47.8677,205.4926,-2.6911,-15.1322,27.2477,0.9149,0.2478,-0.3188,0.9980,62,27.586321,0.2652,-0.4787
BiancaGolden_CircleTurns,-174.3532,-47.7829,205.5028,-2.6776,-15.1998,26.9733,0.9093,0.2453,-0.3362,0.9980,63,27.614084,0.2565,-0.4778
BiancaGolden_CircleTurns,-175.1990,-47.5742,205.5411,-2.5966,-15.2607,26.6918,0.9096,0.2386,-0.3401,0.9980,63,27.642378,0.2480,-0.4757
BiancaGolden_CircleTurns,-176.1187,-47.2179,205.5094,-2.4807,-14.9102,26.1222,0.9118,0.2292,-0.3409,0.9980,64,27.669989,0.2388,-0.4722
BiancaGolden_CircleTurns,-177.1567,-46.7458,205.3721,-2.3552,-14.8377,25.5043,0.9080,0.2231,-0.3547,0.9980,64,27.700787,0.2284,-0.4675
BiancaGolden_CircleTurns,-178.2408,-46.1265,205.3859,-2.2124,-14.8344,25.1162,0.9030,0.2345,-0.3601,0.9980,65,27.726246,0.2176,-0.4613
BiancaGolden_CircleTurns,-179.3940,-45.3959,205.3972,-2.2374,-14.5481,24.9098,0.9021,0.2340,-0.3625,0.9980,65,27.753378,0.2061,-0.4540
BiancaGolden_CircleTurns,-180.5982,-44.5618,205.5335,-2.4006,-14.6686,24.6578,0.9021,0.2415,-0.3576,0.9980,66,27.781229,0.1940,-0.4456
BiancaGolden_CircleTurns,-181.8041,-43.6223,205.6414,-2.2044,-14.7469,24.7147,0.8997,0.2465,-0.3603,0.9980,66,27.809076,0.1820,-0.4362
BiancaGolden_CircleTurns,-182.9885,-42.6778,205.7205,-1.8349,-14.4641,24.8033,0.9033,0.2382,-0.3569,0.9980,67,27.836998,0.1701,-0.4268
BiancaGolden_CircleTurns,-184.1350,-41.7191,205.6948,-2.1448,-14.1234,24.1931,0.9108,0.2182,-0.3504,0.9980,67,27.865301,0.1586,-0.4172
BiancaGolden_CircleTurns,-185.2114,-40.8221,205.4552,-1.5376,-14.0678,23.2487,0.9127,0.2059,-0.3529,0.9980,68,27.892900,0.1479,-0.4082
BiancaGolden_CircleTurns,-186.2056,-39.9644,205.1278,-0.1141,-14.5420,22.5077,0.9126,0.1943,-0.3597,0.9980,68,27.920868,0.1379,-0.3996
BiancaGolden_CircleTurns,-187.2125,-39.2491,204.7019,1.3013,-15.2035,22.0037,0.9089,0.1928,-0.3697,0.9980,69,27.948561,0.1279,-0.3925
BiancaGolden_CircleTurns,-188.0667,-38.6268,204.3485,2.4159,-16.1501,21.7513,0.9080,0.1960,-0.3702,0.9980,69,27.976793,0.1193,-0.3863
BiancaGolden_CircleTurns,-188.7677,-38.0716,204.1564,2.5682,-16.5746,21.5262,0.9098,0.2039,-0.3616,0.9980,70,28.004509,0.1123,-0.3807
BiancaGolden_CircleTurns,-189.2442,-37.6353,204.0512,2.6951,-16.6214,21.6175,0.9099,0.2109,-0.3571,0.9980,70,28.032923,0.1076,-0.3764
BiancaGolden_CircleTurns,-189.5499,-37.2158,204.0187,2.4720,-16.2677,21.8189,0.9107,0.2143,-0.3532,0.9980,71,28.060631,0.1045,-0.3722
BiancaGolden_CircleTurns,-189.8133,-36.9179,203.8646,2.1584,-16.3247,21.9591,0.9061,0.2141,-0.3649,0.9980,71,28.088362,0.1019,-0.3692
BiancaGolden_CircleTurns,-189.9737,-36.7353,203.7681,1.9492,-17.0221,22.0366,0.9026,0.2112,-0.3751,0.9980,72,28.115801,0.1003,-0.3674
BiancaGolden_CircleTurns,-189.9572,-36.6322,203.7453,1.9790,-17.8812,22.0935,0.9000,0.2143,-0.3796,0.9980,72,28.144051,0.1004,-0.3663
BiancaGolden_CircleTurns,-189.7732,-36.6314,203.6876,2.1150,-18.4372,22.2947,0.8972,0.2164,-0.3849,0.9980,73,28.171654,0.1023,-0.3663
BiancaGolden_CircleTurns,-189.4892,-36.7637,203.6014,2.0594,-18.9053,22.4769,0.9007,0.2124,-0.3791,0.9980,73,28.199913,0.1051,-0.3676
BiancaGolden_CircleTurns,-189.0912,-37.0203,203.4541,2.0435,-19.4003,22.5925,0.8998,0.2058,-0.3848,0.9980,74,28.227406,0.1091,-0.3702
BiancaGolden_CircleTurns,-188.5611,-37.3917,203.3367,1.9372,-20.0251,22.7511,0.8966,0.2098,-0.3899,0.9980,74,28.255608,0.1144,-0.3739
BiancaGolden_CircleTurns,-187.8288,-37.8382,203.2490,1.5066,-20.5750,22.9266,0.8967,0.2173,-0.3855,0.9980,75,28.283257,0.1217,-0.3784
BiancaGolden_CircleTurns,-186.8872,-38.3876,203.1053,0.9445,-20.5263,23.3262,0.8987,0.2279,-0.3748,0.9980,75,28.311249,0.1311,-0.3839
BiancaGolden_CircleTurns,-185.7745,-39.0037,203.0905,0.2002,-20.4773,23.8543,0.8932,0.2344,-0.3837,0.9980,76,28.338442,0.1423,-0.3900
BiancaGolden_CircleTurns,-184.5893,-39.7867,202.9866,-0.4274,-20.8613,24.3474,0.8471,0.2314,-0.4784,0.9980,76,28.366646,0.1541,-0.3979
BiancaGolden_CircleTurns,-183.3586,-40.6153,202.6846,-1.1673,-21.1862,24.7506,0.8334,0.2344,-0.5005,0.9980,77,28.394434,0.1664,-0.4062
BiancaGolden_CircleTurns,-182.1343,-41.4100,202.4717,-2.5479,-21.8250,24.8731,0.8195,0.2302,-0.5249,0.9980,77,28.423464,0.1787,-0.4141
BiancaGolden_CircleTurns,-181.0004,-42.2038,202.2256,-3.8670,-22.7664,24.6478,0.8189,0.2211,-0.5297,0.9980,78,28.450157,0.1900,-0.4220
BiancaGolden_CircleTurns,-179.8821,-42.9312,201.9293,-4.4933,-23.2286,23.8653,0.8302,0.2147,-0.5145,0.9980,78,28.478609,0.2012,-0.4293
BiancaGolden_CircleTurns,-178.9449,-43.5334,201.5928,-5.0323,-23.0234,23.1109,0.8372,0.2156,-0.5026,0.9980,79,28.505802,0.2106,-0.4353
BiancaGolden_CircleTurns,-178.3016,-44.0494,201.2873,-5.3075,-22.9220,22.8593,0.8280,0.2309,-0.5110,0.9980,79,28.537445,0.2170,-0.4405
BiancaGolden_CircleTurns,-177.9015,-44.5904,200.9507,-5.3501,-23.6002,22.9706,0.8236,0.2366,-0.5154,0.9980,80,28.561831,0.2210,-0.4459
BiancaGolden_CircleTurns,-177.7856,-45.1249,200.4454,-5.0196,-24.2978,22.9419,0.8256,0.2352,-0.5129,0.9980,80,28.588648,0.2221,-0.4512
BiancaGolden_CircleTurns,-177.5893,-45.4971,200.1977,-5.1734,-24.4402,22.6515,0.8342,0.2342,-0.4992,0.9980,81,28.616915,0.2241,-0.4550
BiancaGolden_CircleTurns,-177.4940,-45.7570,199.9731,-5.6539,-23.5138,22.2887,0.8526,0.2464,-0.4607,0.9980,81,28.644749,0.2251,-0.4576
BiancaGolden_CircleTurns,-177.5523,-45.9488,199.4645,-5.8834,-22.6066,22.1348,0.8880,0.2495,-0.3863,0.9980,82,28.672338,0.2245,-0.4595
BiancaGolden_CircleTurns,-177.7462,-46.0485,198.8280,-6.2591,-21.6684,22.0340,0.9212,0.2403,-0.3059,0.9980,82,28.700521,0.2225,-0.4605
BiancaGolden_CircleTurns,-178.0510,-46.1290,198.0729,-6.7866,-20.9032,21.7443,0.9240,0.2351,-0.3017,0.9980,83,28.728348,0.2195,-0.4613
BiancaGolden_CircleTurns,-178.2879,-46.2067,197.3045,-7.1671,-20.0628,20.8899,0.9297,0.2308,-0.2872,0.9980,83,28.756689,0.2171,-0.4621
BiancaGolden_CircleTurns,-178.6235,-46.1150,196.4671,-7.4897,-18.7799,20.2978,0.9282,0.2382,-0.2859,0.9980,84,28.784273,0.2138,-0.4612
BiancaGolden_CircleTurns,-179.1781,-45.9936,195.2967,-7.5075,-17.6511,20.2441,0.9220,0.2456,-0.2995,0.9980,84,28.812218,0.2082,-0.4599
BiancaGolden_CircleTurns,-179.6748,-45.7806,194.2117,-7.6471,-17.5156,20.0956,0.9096,0.2590,-0.3249,0.9980,85,28.839834,0.2033,-0.4578
BiancaGolden_CircleTurns,-180.1590,-45.5334,193.1728,-7.5303,-17.6045,19.9917,0.9030,0.2573,-0.3440,0.9980,85,28.868393,0.1984,-0.4553
BiancaGolden_CircleTurns,-180.7651,-45.1692,192.0693,-7.4788,-18.0831,20.0443,0.9016,0.2612,-0.3448,0.9980,86,28.895836,0.1923,-0.4517
BiancaGolden_CircleTurns,-181.3656,-44.7580,191.0395,-7.8097,-18.1156,20.2332,0.9010,0.2676,-0.3416,0.9980,86,28.923819,0.1863,-0.4476
BiancaGolden_CircleTurns,-182.0074,-44.3959,189.9494,-8.0407,-17.9065,20.3428,0.9016,0.2685,-0.3392,0.9980,87,28.951462,0.1799,-0.4440
BiancaGolden_CircleTurns,-182.6613,-44.0279,188.7948,-8.0847,-17.6677,20.3666,0.9030,0.2674,-0.3364,0.9980,87,28.979542,0.1734,-0.4403
BiancaGolden_CircleTurns,-183.2987,-43.5920,187.6798,-8.3484,-17.2212,20.3721,0.9064,0.2735,-0.3218,0.9980,88,29.007130,0.1670,-0.4359
BiancaGolden_CircleTurns,-183.8363,-43.1495,186.4425,-8.1704,-16.5831,20.6921,0.9120,0.2761,-0.3032,0.9980,88,29.036270,0.1616,-0.4315
BiancaGolden_CircleTurns,-184.3846,-42.6838,184.9145,-7.9568,-15.5776,20.9497,0.9177,0.2772,-0.2845,0.9980,89,29.063005,0.1562,-0.4268
BiancaGolden_CircleTurns,-184.8972,-42.2466,183.4102,-7.8686,-14.1805,20.8670,0.9252,0.2745,-0.2622,0.9980,89,29.090698,0.1510,-0.4225
BiancaGolden_CircleTurns,-185.5558,-41.8865,181.6709,-7.5285,-13.3888,20.8466,0.9475,0.2636,-0.1812,0.9980,90,29.118494,0.1444,-0.4189
BiancaGolden_CircleTurns,-186.1744,-41.5290,179.8414,-6.9794,-12.8733,20.9788,0.9502,0.2577,-0.1755,0.9980,90,29.146280,0.1383,-0.4153
BiancaGolden_CircleTurns,-186.7447,-41.2155,178.0632,-6.7759,-12.5652,21.1833,0.9460,0.2652,-0.1866,0.9980,91,29.174116,0.1326,-0.4122
BiancaGolden_CircleTurns,-187.3705,-41.0544,176.2765,-6.2583,-12.7808,21.7204,0.9428,0.2721,-0.1929,0.9980,91,29.202282,0.1263,-0.4105
BiancaGolden_CircleTurns,-188.0036,-40.9898,174.4413,-5.6814,-13.1767,22.1658,0.9486,0.2624,-0.1767,0.9980,92,29.230051,0.1200,-0.4099
BiancaGolden_CircleTurns,-188.4484,-40.9565,172.7027,-5.6096,-12.2426,22.0285,0.9583,0.2486,-0.1409,0.9980,92,29.258093,0.1155,-0.4096
BiancaGolden_CircleTurns,-188.8689,-40.9360,170.7362,-5.1589,-10.2592,21.7585,0.9611,0.2468,-0.1239,0.9980,93,29.285997,0.1113,-0.4094
BiancaGolden_CircleTurns,-189.2660,-40.8550,168.6823,-4.9938,-9.0784,21.7886,0.9600,0.2486,-0.1289,0.9980,93,29.314180,0.1073,-0.4085
BiancaGolden_CircleTurns,-189.5719,-40.8328,166.9696,-4.8182,-9.0191,22.0494,0.9576,0.2450,-0.1514,0.9980,94,29.341738,0.1043,-0.4083
BiancaGolden_CircleTurns,-190.1182,-40.9036,165.0268,-4.7104,-9.9065,21.9611,0.9539,0.2477,-0.1697,0.9980,94,29.372599,0.0988,-0.4090
BiancaGolden_CircleTurns,-190.6063,-40.9353,163.3259,-3.7867,-10.4685,22.0155,0.9569,0.2496,-0.1487,0.9980,95,29.397747,0.0939,-0.4094
BiancaGolden_CircleTurns,-191.0100,-40.8526,161.9080,-3.1394,-9.8464,21.9934,0.9623,0.2397,-0.1284,0.9980,95,29.425169,0.0899,-0.4085
BiancaGolden_CircleTurns,-191.4552,-40.6081,160.5517,-3.0913,-8.7375,21.7716,0.9663,0.2337,-0.1074,0.9980,96,29.452732,0.0854,-0.4061
BiancaGolden_CircleTurns,-192.0256,-40.2250,159.2037,-3.2162,-8.4494,21.4174,0.9686,0.2255,-0.1050,0.9980,96,29.480530,0.0797,-0.4022
BiancaGolden_CircleTurns,-192.5341,-39.6648,157.9701,-3.1545,-8.3664,20.7869,0.9708,0.2165,-0.1031,0.9980,97,29.508450,0.0747,-0.3966
BiancaGolden_CircleTurns,-193.0725,-38.8280,156.8719,-2.8267,-8.1194,20.3432,0.9692,0.2184,-0.1136,0.9980,97,29.537130,0.0693,-0.3883
BiancaGolden_CircleTurns,-193.6495,-37.8167,155.6915,-2.4906,-8.2286,20.1320,0.9664,0.2220,-0.1298,0.9980,98,29.564150,0.0635,-0.3782
BiancaGolden_CircleTurns,-194.5121,-36.7725,154.4049,-2.1019,-9.1892,19.8340,0.9692,0.2052,-0.1362,0.9980,98,29.592003,0.0549,-0.3677
BiancaGolden_CircleTurns,-194.3074,-35.5841,155.4737,-2.2659,-10.6822,18.9562,0.9772,0.1777,-0.1165,0.9980,99,29.619944,0.0569,-0.3558
BiancaGolden_CircleTurns,-195.0999,-34.4754,154.5960,-2.4341,-9.3256,17.1129,0.9813,0.1662,-0.0967,0.9980,99,29.647873,0.0490,-0.3448
BiancaGolden_CircleTurns,-195.0960,-33.2504,155.6186,-0.3704,-9.0172,16.3619,0.9828,0.1724,-0.0664,0.9980,100,29.675707,0.0490,-0.3325
BiancaGolden_CircleTurns,-195.2923,-32.0988,155.8356,0.5919,-7.5875,15.9671,0.9764,0.2028,-0.0742,0.9980,100,29.704130,0.0471,-0.3210
BiancaGolden_CircleTurns,-195.6648,-31.1991,155.3567,2.8073,-7.7569,16.4381,0.9728,0.2019,-0.1138,0.9980,101,29.731495,0.0434,-0.3120
BiancaGolden_CircleTurns,-196.0819,-30.2312,155.3322,3.5521,-8.4718,16.4175,0.9703,0.2012,-0.1341,0.9980,101,29.759415,0.0392,-0.3023
BiancaGolden_CircleTurns,-196.4869,-29.2922,155.1553,3.9249,-9.2929,16.2239,0.9555,0.1961,-0.2206,0.9980,102,29.786940,0.0351,-0.2929
BiancaGolden_CircleTurns,-196.9358,-28.3735,155.0695,4.5967,-10.0688,16.2318,0.9521,0.2001,-0.2313,0.9980,102,29.815159,0.0306,-0.2837
BiancaGolden_CircleTurns,-197.4543,-27.4964,154.8096,5.0994,-10.6219,16.3051,0.9518,0.2005,-0.2321,0.9980,103,29.843018,0.0255,-0.2750
BiancaGolden_CircleTurns,-197.9297,-26.7220,154.6143,5.6152,-10.7493,16.3345,0.9566,0.1976,-0.2140,0.9980,103,29.871243,0.0207,-0.2672
BiancaGolden_CircleTurns,-198.3225,-26.0321,154.7392,6.2275,-10.3516,16.3278,0.9598,0.2000,-0.1968,0.9980,104,29.898712,0.0168,-0.2603
BiancaGolden_CircleTurns,-198.6159,-25.4071,154.8434,6.4150,-9.5028,16.6126,0.9617,0.1982,-0.1895,0.9980,104,29.926958,0.0138,-0.2541
BiancaGolden_CircleTurns,-198.8275,-24.9033,155.0368,6.0523,-9.1964,16.7238,0.9637,0.1919,-0.1858,0.9980,105,29.954420,0.0117,-0.2490
BiancaGolden_CircleTurns,-198.9495,-24.4413,155.2653,6.2613,-8.8124,16.8658,0.9627,0.1881,-0.1944,0.9980,105,29.982647,0.0105,-0.2444
BiancaGolden_CircleTurns,-199.1404,-24.0633,155.2269,6.0737,-8.9523,16.8454,0.9626,0.1790,-0.2034,0.9980,106,30.010468,0.0086,-0.2406
BiancaGolden_CircleTurns,-199.2951,-23.7889,155.2543,5.9342,-9.4519,16.8273,0.9617,0.1762,-0.2099,0.9980,106,30.038483,0.0070,-0.2379
BiancaGolden_CircleTurns,-199.4227,-23.5430,155.2528,6.0233,-9.8371,16.6050,0.9609,0.1730,-0.2160,0.9980,107,30.065742,0.0058,-0.2354
BiancaGolden_CircleTurns,-199.5667,-23.2347,155.2022,6.1080,-10.0803,16.4901,0.9621,0.1739,-0.2100,0.9980,107,30.093542,0.0043,-0.2323
BiancaGolden_CircleTurns,-199.6662,-22.9091,155.1737,6.1939,-9.7750,16.6147,0.9624,0.1784,-0.2051,0.9980,108,30.121397,0.0033,-0.2291
BiancaGolden_CircleTurns,-199.7373,-22.6250,155.1290,6.6286,-9.4420,16.9074,0.9613,0.1854,-0.2040,0.9980,108,30.149481,0.0026,-0.2263
BiancaGolden_CircleTurns,-199.7710,-22.3529,155.0421,7.0557,-9.1505,17.1867,0.9629,0.1830,-0.1981,0.9980,109,30.177174,0.0023,-0.2235
BiancaGolden_CircleTurns,-199.7138,-22.1290,154.9192,7.4776,-8.8875,17.3466,0.9697,0.1642,-0.1806,0.9980,109,30.208298,0.0029,-0.2213
BiancaGolden_CircleTurns,-199.6036,-21.9089,154.8320,7.7631,-8.6464,17.4242,0.9766,0.0966,-0.1922,0.9980,110,30.233309,0.0040,-0.2191
BiancaGolden_CircleTurns,-199.4576,-21.6942,154.7284,7.9055,-8.5384,17.3848,0.9767,0.0951,-0.1926,0.9980,110,30.260504,0.0054,-0.2169
BiancaGolden_CircleTurns,-199.2976,-21.5060,154.5479,8.2938,-8.6457,17.3245,0.9877,0.1084,-0.1125,0.9980,111,30.288242,0.0070,-0.2151
BiancaGolden_CircleTurns,-199.1562,-21.3098,154.3775,8.4326,-9.0954,17.1034,0.9873,0.1059,-0.1184,0.9980,111,30.316570,0.0084,-0.2131
BiancaGolden_CircleTurns,-198.9835,-21.0895,154.2909,8.5128,-9.4416,16.8890,0.9871,0.1092,-0.1174,0.9980,112,30.343700,0.0102,-0.2109
BiancaGolden_CircleTurns,-198.8527,-20.8942,154.2145,8.5383,-9.5410,16.7042,0.9861,0.1030,-0.1301,0.9980,112,30.371904,0.0115,-0.2089
BiancaGolden_CircleTurns,-198.6813,-20.6461,154.2519,8.4831,-9.4737,16.4947,0.9852,0.1054,-0.1350,0.9980,113,30.399614,0.0132,-0.2065
BiancaGolden_CircleTurns,-198.5218,-20.4256,154.2690,8.6709,-9.1441,16.3804,0.9863,0.1009,-0.1302,0.9980,113,30.427822,0.0148,-0.2043
BiancaGolden_CircleTurns,-198.3926,-20.1655,154.2420,8.7887,-8.9551,16.2942,0.9857,0.1023,-0.1338,0.9980,114,30.455448,0.0161,-0.2017
BiancaGolden_CircleTurns,-198.2785,-19.9101,154.1853,8.7944,-9.1125,16.2088,0.9853,0.1000,-0.1384,0.9980,114,30.483612,0.0172,-0.1991
BiancaGolden_CircleTurns,-198.1528,-19.6794,154.0577,9.0465,-9.3433,15.9958,0.9841,0.1028,-0.1451,0.9980,115,30.511381,0.0185,-0.1968
BiancaGolden_CircleTurns,-197.9706,-19.3860,153.9541,9.2114,-9.4557,15.8660,0.9828,0.0976,-0.1565,0.9980,115,30.539467,0.0203,-0.1939
BiancaGolden_CircleTurns,-197.8024,-19.1082,153.8429,9.3610,-9.6380,15.6786,0.9832,0.0995,-0.1530,0.9980,116,30.567055,0.0220,-0.1911
BiancaGolden_CircleTurns,-197.5970,-18.8272,153.6970,9.5208,-9.7068,15.5199,0.9832,0.1003,-0.1525,0.9980,116,30.594963,0.0240,-0.1883
BiancaGolden_CircleTurns,-197.3791,-18.5310,153.5173,9.6415,-9.7328,15.3182,0.9841,0.0932,-0.1510,0.9980,117,30.622595,0.0262,-0.1853
BiancaGolden_CircleTurns,-197.0965,-18.2025,153.3101,9.8969,-9.7197,15.0594,0.9846,0.0911,-0.1491,0.9980,117,30.650494,0.0290,-0.1820
BiancaGolden_CircleTurns,-196.7986,-17.8788,153.1002,10.3728,-9.8908,14.8104,0.9825,0.0859,-0.1652,0.9980,118,30.678257,0.0320,-0.1788
BiancaGolden_CircleTurns,-196.4841,-17.6058,152.8993,11.0418,-10.3938,14.5117,0.9804,0.0838,-0.1785,0.9980,118,30.706314,0.0352,-0.1761
BiancaGolden_CircleTurns,-196.1431,-17.3563,152.7210,11.7766,-11.0409,14.1774,0.9824,0.0835,-0.1670,0.9980,119,30.734211,0.0386,-0.1736
BiancaGolden_CircleTurns,-195.8531,-17.1486,152.5053,12.3734,-11.8098,13.9810,0.9806,0.0806,-0.1786,0.9980,119,30.762014,0.0415,-0.1715
BiancaGolden_CircleTurns,-195.5788,-16.9717,152.3750,12.7166,-12.5349,13.7867,0.9301,0.1693,-0.3260,0.9980,120,30.789843,0.0442,-0.1697
BiancaGolden_CircleTurns,-195.3455,-16.8426,152.3720,12.9010,-13.1552,13.5694,0.9231,0.1978,-0.3297,0.9980,120,30.817638,0.0465,-0.1684
BiancaGolden_CircleTurns,-195.1713,-16.7592,152.2876,12.8804,-13.4358,13.2873,0.9236,0.1959,-0.3294,0.9980,121,30.845348,0.0483,-0.1676
BiancaGolden_CircleTurns,-194.9827,-16.6837,152.2488,12.7772,-13.4168,13.1550,0.8925,0.2830,-0.3513,0.9980,121,30.873398,0.0502,-0.1668
BiancaGolden_CircleTurns,-194.8281,-16.6336,152.3030,12.6609,-13.3901,13.1853,0.8757,0.2742,-0.3975,0.9980,122,30.900970,0.0517,-0.1663
BiancaGolden_CircleTurns,-194.7029,-16.6308,152.3175,12.2943,-13.5997,13.3526,0.9017,0.1981,-0.3843,0.9980,122,30.927385,0.0530,-0.1663
BiancaGolden_CircleTurns,-194.5368,-16.6764,152.3701,11.9628,-13.7524,13.4187,0.9568,0.0811,-0.2792,0.9980,123,30.954885,0.0546,-0.1668
BiancaGolden_CircleTurns,-194.3777,-16.7792,152.4537,11.7551,-13.8800,13.6043,0.9763,0.0790,-0.2013,0.9980,123,30.983032,0.0562,-0.1678
BiancaGolden_CircleTurns,-194.2428,-16.9540,152.4732,11.2221,-14.1174,13.7666,0.9747,0.0824,-0.2077,0.9980,124,31.011011,0.0576,-0.1695
BiancaGolden_CircleTurns,-194.0639,-17.2157,152.5152,10.7204,-14.2449,14.0350,0.9705,0.0891,-0.2240,0.9980,124,31.042696,0.0594,-0.1722
BiancaGolden_CircleTurns,-193.7711,-17.5905,152.6249,10.0403,-14.1406,14.5132,0.9690,0.0926,-0.2292,0.9980,125,31.067472,0.0623,-0.1759
BiancaGolden_CircleTurns,-193.4746,-18.1439,152.7966,9.6164,-14.1585,14.9034,0.9677,0.0901,-0.2355,0.9980,125,31.094477,0.0653,-0.1814
BiancaGolden_CircleTurns,-193.2799,-18.8409,152.9108,9.2509,-14.5375,15.0853,0.9633,0.0727,-0.2584,0.9980,126,31.123552,0.0672,-0.1884
BiancaGolden_CircleTurns,-193.1545,-19.7367,153.0429,8.3620,-15.2891,14.8844,0.9612,0.0653,-0.2679,0.9980,126,31.150229,0.0685,-0.1974
BiancaGolden_CircleTurns,-192.9757,-20.7108,153.2605,7.5030,-15.6448,14.6646,0.9624,0.0654,-0.2636,0.9980,127,31.177586,0.0702,-0.2071
BiancaGolden_CircleTurns,-192.8187,-21.7263,153.4255,6.3061,-15.3820,14.6176,0.9634,0.0785,-0.2562,0.9980,127,31.206869,0.0718,-0.2173
BiancaGolden_CircleTurns,-192.7318,-22.9234,153.5299,5.2310,-15.0931,14.6481,0.9656,0.0802,-0.2472,0.9980,128,31.234495,0.0727,-0.2292
BiancaGolden_CircleTurns,-192.6209,-24.3027,153.6470,4.5275,-14.6424,14.6011,0.9692,0.0776,-0.2338,0.9980,128,31.261900,0.0738,-0.2430
BiancaGolden_CircleTurns,-192.5325,-25.8925,153.8439,3.7082,-13.6811,14.4018,0.9712,0.0830,-0.2234,0.9980,129,31.289228,0.0747,-0.2589
BiancaGolden_CircleTurns,-192.4570,-27.6194,153.9695,2.5657,-12.3867,14.1953,0.9684,0.0879,-0.2332,0.9980,129,31.317327,0.0754,-0.2762
BiancaGolden_CircleTurns,-192.4686,-29.4009,153.9773,0.7128,-11.9010,14.0623,0.9657,0.0914,-0.2430,0.9980,130,31.345282,0.0753,-0.2940
BiancaGolden_CircleTurns,-192.4858,-31.0944,154.0227,-2.0496,-11.7625,13.7170,0.9613,0.1224,-0.2470,0.9980,130,31.374159,0.0751,-0.3109
BiancaGolden_CircleTurns,-192.4654,-32.6182,153.8266,-3.2614,-11.3084,14.0823,0.9547,0.1622,-0.2496,0.9980,131,31.401188,0.0753,-0.3262
BiancaGolden_CircleTurns,-192.3938,-34.0836,153.7533,-3.4594,-10.6108,15.0006,0.9536,0.1727,-0.2467,0.9980,131,31.429083,0.0761,-0.3408
BiancaGolden_CircleTurns,-192.2729,-35.5412,153.5938,-3.7880,-10.0365,15.5660,0.9497,0.1818,-0.2550,0.9980,132,31.457014,0.0773,-0.3554
BiancaGolden_CircleTurns,-192.1386,-36.9877,153.3227,-3.9278,-10.0063,16.0450,0.9436,0.1951,-0.2676,0.9980,132,31.485096,0.0786,-0.3699
BiancaGolden_CircleTurns,-191.9747,-38.4236,153.0876,-3.7997,-10.6877,16.6147,0.9366,0.2008,-0.2871,0.9980,133,31.512987,0.0803,-0.3842
BiancaGolden_CircleTurns,-191.6579,-39.8071,152.9539,-3.7796,-11.4285,17.0293,0.9373,0.2017,-0.2842,0.9980,133,31.541048,0.0834,-0.3981
BiancaGolden_CircleTurns,-191.0224,-41.0986,153.0629,-3.6847,-11.4647,17.3454,0.9394,0.2066,-0.2735,0.9980,134,31.568434,0.0898,-0.4110
BiancaGolden_CircleTurns,-190.2849,-41.9241,153.4196,-4.8615,-10.9240,17.5107,0.9357,0.2162,-0.2788,0.9980,134,31.596556,0.0972,-0.4192
BiancaGolden_CircleTurns,-189.5092,-42.5810,153.6211,-5.0798,-11.1198,18.1022,0.9335,0.2184,-0.2843,0.9980,135,31.623995,0.1049,-0.4258
BiancaGolden_CircleTurns,-188.6043,-42.8409,154.1041,-5.2731,-11.7034,18.3555,0.9276,0.2189,-0.3027,0.9980,135,31.652084,0.1140,-0.4284
BiancaGolden_CircleTurns,-187.5280,-42.8266,154.7738,-5.2348,-12.4753,18.4782,0.9239,0.2189,-0.3138,0.9980,136,31.679874,0.1247,-0.4283
BiancaGolden_CircleTurns,-186.5159,-42.5956,155.3378,-4.6174,-13.2032,18.6785,0.9278,0.2111,-0.3075,0.9980,136,31.707808,0.1348,-0.4260
BiancaGolden_CircleTurns,-185.3872,-42.2432,156.0459,-3.9791,-13.4386,18.6795,0.9333,0.2018,-0.2970,0.9980,137,31.735426,0.1461,-0.4224
BiancaGolden_CircleTurns,-184.2173,-41.7494,156.7173,-3.3794,-13.2386,18.3255,0.9321,0.2013,-0.3010,0.9980,137,31.763353,0.1578,-0.4175
BiancaGolden_CircleTurns,-183.2287,-41.0420,157.3269,-2.8491,-13.5357,18.3606,0.9239,0.2049,-0.3231,0.9980,138,31.791515,0.1677,-0.4104
BiancaGolden_CircleTurns,-182.4003,-40.2788,157.7655,-2.6720,-14.5991,18.5604,0.9129,0.2105,-0.3498,0.9980,138,31.819304,0.1760,-0.4028
BiancaGolden_CircleTurns,-181.6783,-39.5075,158.2015,-1.6198,-16.3467,18.8785,0.9015,0.2083,-0.3794,0.9980,139,31.847033,0.1832,-0.3951
BiancaGolden_CircleTurns,-181.1461,-38.5226,158.8199,-1.5481,-18.2973,19.3011,0.8913,0.1950,-0.4093,0.9980,139,31.878059,0.1885,-0.3852
BiancaGolden_CircleTurns,-180.7698,-37.5708,159.3226,-1.7534,-20.1967,18.7361,0.8889,0.1867,-0.4183,0.9980,140,31.903646,0.1923,-0.3757
BiancaGolden_CircleTurns,-180.6113,-36.5455,159.8422,0.0070,-21.9692,18.4506,0.8592,0.1794,-0.4792,0.9980,140,31.930485,0.1939,-0.3655
BiancaGolden_CircleTurns,-180.6013,-35.3757,160.4444,0.9376,-23.7518,18.4434,0.7904,0.1630,-0.5905,0.9980,141,31.957815,0.1940,-0.3538
BiancaGolden_CircleTurns,-180.7382,-34.3768,160.9346,2.1457,-25.5580,18.1300,0.7384,0.1395,-0.6598,0.9980,141,31.985550,0.1926,-0.3438
BiancaGolden_CircleTurns,-180.9870,-33.2868,161.5019,3.3326,-27.4646,17.7897,0.7185,0.1380,-0.6817,0.9980,142,32.013592,0.1901,-0.3329
BiancaGolden_CircleTurns,-181.3269,-32.3187,162.4054,3.5994,-29.2148,18.0658,0.7158,0.1525,-0.6815,0.9980,142,32.041927,0.1867,-0.3232
BiancaGolden_CircleTurns,-181.6159,-31.5692,163.2476,3.7906,-29.9964,18.9153,0.7404,0.1753,-0.6489,0.9980,143,32.069893,0.1838,-0.3157
BiancaGolden_CircleTurns,-182.0016,-30.9149,163.8575,2.3178,-29.9881,19.8433,0.7449,0.1927,-0.6388,0.9980,143,32.097652,0.1800,-0.3091
BiancaGolden_CircleTurns,-182.1358,-30.6032,164.4201,2.1789,-29.8308,20.8981,0.7609,0.1972,-0.6182,0.9980,144,32.125515,0.1786,-0.3060
BiancaGolden_CircleTurns,-181.8684,-30.4610,165.0187,3.8111,-29.7433,21.9933,0.7538,0.1839,-0.6309,0.9980,144,32.153709,0.1813,-0.3046
BiancaGolden_CircleTurns,-181.8798,-30.9520,165.4503,5.1657,-31.2940,23.3651,0.7360,0.1756,-0.6538,0.9980,145,32.181141,0.1812,-0.3095
BiancaGolden_CircleTurns,-181.4091,-31.4829,166.3987,4.8759,-33.0815,23.9900,0.7416,0.1716,-0.6485,0.9980,145,32.208897,0.1859,-0.3148
BiancaGolden_CircleTurns,-180.5058,-31.8487,167.3406,4.7840,-33.0346,24.6261,0.7507,0.1950,-0.6312,0.9980,146,32.237389,0.1949,-0.3185
BiancaGolden_CircleTurns,-180.0430,-32.0477,167.6794,5.5219,-32.8214,27.1350,0.7336,0.2212,-0.6425,0.9980,146,32.264786,0.1996,-0.3205
BiancaGolden_CircleTurns,-179.3054,-32.5966,168.7458,4.4586,-33.5752,29.6533,0.7548,0.2238,-0.6166,0.9980,147,32.292320,0.2069,-0.3260
BiancaGolden_CircleTurns,-177.9013,-33.3625,170.4476,4.4695,-32.7186,29.9081,0.7087,0.2799,-0.6476,0.9980,147,32.320168,0.2210,-0.3336
BiancaGolden_CircleTurns,-176.9827,-34.3748,171.4327,4.1748,-31.8266,29.7939,0.7182,0.2742,-0.6395,0.9980,148,32.347897,0.2302,-0.3437
BiancaGolden_CircleTurns,-175.7050,-35.2691,172.6922,2.8040,-31.0489,28.7855,0.8376,0.1341,-0.5295,0.9980,148,32.376030,0.2430,-0.3527
BiancaGolden_CircleTurns,-174.5288,-36.0333,173.9004,3.0138,-30.8044,28.6542,0.8541,0.1757,-0.4895,0.9980,149,32.403774,0.2547,-0.3603
BiancaGolden_CircleTurns,-173.6264,-36.5057,174.4962,2.7831,-30.8506,28.9746,0.8477,0.1894,-0.4955,0.9980,149,32.431599,0.2637,-0.3651
BiancaGolden_CircleTurns,-172.9125,-36.6419,174.9623,1.4113,-30.8058,29.4699,0.8329,0.1978,-0.5169,0.9980,150,32.459438,0.2709,-0.3664
BiancaGolden_CircleTurns,-172.4273,-36.5879,175.1532,-0.0860,-31.0288,29.5255,0.8119,0.1949,-0.5503,0.9980,150,32.487629,0.2757,-0.3659
BiancaGolden_CircleTurns,-172.1240,-36.3460,175.2729,-0.2260,-31.3693,29.4719,0.8064,0.1923,-0.5592,0.9980,151,32.515446,0.2788,-0.3635
BiancaGolden_CircleTurns,-172.0474,-35.9108,175.4010,-0.5348,-31.8043,29.4496,0.8055,0.1916,-0.5608,0.9980,151,32.543484,0.2795,-0.3591
BiancaGolden_CircleTurns,-171.9983,-35.3257,175.5180,-0.9896,-31.2608,29.2094,0.8203,0.2020,-0.5351,0.9980,152,32.571133,0.2800,-0.3533
BiancaGolden_CircleTurns,-172.1481,-34.6867,175.4446,-0.8069,-30.0907,29.0684,0.8300,0.2153,-0.5145,0.9980,152,32.599899,0.2785,-0.3469
BiancaGolden_CircleTurns,-172.6334,-34.0775,175.2569,-0.3458,-29.3899,29.4566,0.8273,0.2251,-0.5146,0.9980,153,32.626614,0.2737,-0.3408
BiancaGolden_CircleTurns,-173.1573,-33.4253,175.0648,-0.5594,-28.9968,29.8824,0.8098,0.2176,-0.5449,0.9980,153,32.654396,0.2684,-0.3343
BiancaGolden_CircleTurns,-173.9243,-32.8995,174.9834,-0.5095,-29.3944,30.4721,0.7998,0.2129,-0.5612,0.9980,154,32.681950,0.2608,-0.3290
BiancaGolden_CircleTurns,-174.8405,-32.4445,175.0835,-0.3320,-30.0544,30.9856,0.7919,0.2118,-0.5728,0.9980,154,32.713139,0.2516,-0.3244
BiancaGolden_CircleTurns,-175.4400,-31.7213,175.5456,-0.5798,-30.8695,31.4052,0.8067,0.2178,-0.5494,0.9980,155,32.738239,0.2456,-0.3172
BiancaGolden_CircleTurns,-176.2499,-31.1086,176.2496,-0.4264,-30.1366,31.8845,0.8116,0.2479,-0.5291,0.9980,155,32.765976,0.2375,-0.3111
BiancaGolden_CircleTurns,-176.9605,-30.4721,177.2341,0.4156,-29.3628,33.5487,0.7728,0.3837,-0.5055,0.9980,156,32.793407,0.2304,-0.3047
BiancaGolden_CircleTurns,-177.6289,-29.8355,178.3538,-0.1221,-28.2916,34.5689,0.7615,0.4316,-0.4835,0.9980,156,32.821159,0.2237,-0.2984
BiancaGolden_CircleTurns,-178.1327,-29.3442,179.6968,-0.1419,-27.5909,34.6692,0.7673,0.4168,-0.4874,0.9980,157,32.848858,0.2187,-0.2934
BiancaGolden_CircleTurns,-178.8519,-28.9798,181.0245,0.2107,-27.4915,34.3081,0.7789,0.3738,-0.5036,0.9980,157,32.877262,0.2115,-0.2898
BiancaGolden_CircleTurns,-179.5115,-28.5818,182.3830,0.6656,-27.4832,33.5954,0.7843,0.3493,-0.5127,0.9980,158,32.905174,0.2049,-0.2858
BiancaGolden_CircleTurns,-180.1740,-28.1622,183.7416,1.2206,-27.1300,32.6611,0.7911,0.3331,-0.5131,0.9980,158,32.933388,0.1983,-0.2816
BiancaGolden_CircleTurns,-180.8723,-27.8235,184.8897,1.9510,-26.8078,31.7048,0.8684,0.2181,-0.4453,0.9980,159,32.961197,0.1913,-0.2782
BiancaGolden_CircleTurns,-181.5615,-27.4243,185.9043,2.6426,-26.6290,30.4924,0.8821,0.1888,-0.4316,0.9980,159,32.988953,0.1844,-0.2742
BiancaGolden_CircleTurns,-182.2684,-27.0017,186.7261,3.5062,-26.4426,29.6840,0.8860,0.1864,-0.4245,0.9980,160,33.016590,0.1773,-0.2700
BiancaGolden_CircleTurns,-182.9412,-26.4985,187.3398,4.0220,-26.1145,29.3963,0.8829,0.1860,-0.4311,0.9980,160,33.044647,0.1706,-0.2650
BiancaGolden_CircleTurns,-183.5454,-25.9895,187.8227,4.3200,-25.5514,29.0852,0.8855,0.1889,-0.4244,0.9980,161,33.072609,0.1645,-0.2599
BiancaGolden_CircleTurns,-184.0455,-25.5394,188.1023,4.9754,-25.0603,28.7428,0.8899,0.1816,-0.4185,0.9980,161,33.101299,0.1595,-0.2554
BiancaGolden_CircleTurns,-184.5010,-25.1159,188.3728,5.3742,-24.7798,28.1913,0.8848,0.1832,-0.4284,0.9980,162,33.128223,0.1550,-0.2512
BiancaGolden_CircleTurns,-184.8806,-24.6739,188.7103,5.6714,-24.8507,27.5135,0.8713,0.1747,-0.4586,0.9980,162,33.156563,0.1512,-0.2467
BiancaGolden_CircleTurns,-185.3170,-24.3553,189.1005,6.3208,-25.2992,26.9407,0.8694,0.1750,-0.4621,0.9980,163,33.183926,0.1468,-0.2436
BiancaGolden_CircleTurns,-185.7257,-24.0373,189.5795,6.8554,-25.4999,26.5017,0.8664,0.1845,-0.4640,0.9980,163,33.211987,0.1427,-0.2404
BiancaGolden_CircleTurns,-186.0657,-23.7082,190.2300,7.0971,-25.2281,26.3365,0.8722,0.1895,-0.4510,0.9980,164,33.239582,0.1393,-0.2371
BiancaGolden_CircleTurns,-186.3421,-23.4061,191.1177,7.1775,-24.7678,26.4152,0.8750,0.1930,-0.4440,0.9980,164,33.267723,0.1366,-0.2341
BiancaGolden_CircleTurns,-186.6788,-23.2182,192.0139,7.1989,-24.2714,26.3513,0.8814,0.1958,-0.4298,0.9980,165,33.295578,0.1332,-0.2322
BiancaGolden_CircleTurns,-186.9715,-23.0711,192.9913,7.3210,-23.5554,26.3221,0.9074,0.1400,-0.3962,0.9980,165,33.323524,0.1303,-0.2307
BiancaGolden_CircleTurns,-187.2845,-22.9241,194.1152,6.9709,-22.8388,26.1640,0.9230,0.1354,-0.3601,0.9980,166,33.351059,0.1272,-0.2292
BiancaGolden_CircleTurns,-187.5782,-22.8714,195.1640,6.9195,-22.2029,25.6307,0.9275,0.1267,-0.3516,0.9980,166,33.379280,0.1242,-0.2287
BiancaGolden_CircleTurns,-187.8993,-22.7864,196.0605,7.0603,-21.7020,25.0004,0.9183,0.1229,-0.3764,0.9980,167,33.406963,0.1210,-0.2279
BiancaGolden_CircleTurns,-188.2783,-22.6634,196.9044,7.1665,-21.7257,24.6008,0.9143,0.1248,-0.3852,0.9980,167,33.435219,0.1172,-0.2266
BiancaGolden_CircleTurns,-188.6884,-22.4599,197.5398,7.1604,-22.0822,24.5072,0.9128,0.1277,-0.3880,0.9980,168,33.462978,0.1131,-0.2246
BiancaGolden_CircleTurns,-189.0277,-22.1331,198.0689,7.0552,-22.0985,24.6369,0.9150,0.1293,-0.3822,0.9980,168,33.490662,0.1097,-0.2213
BiancaGolden_CircleTurns,-189.4225,-21.8331,198.4428,6.9929,-21.7350,24.4960,0.9174,0.1129,-0.3816,0.9980,169,33.518234,0.1058,-0.2183
BiancaGolden_CircleTurns,-189.8706,-21.4536,198.5606,6.9393,-21.2870,24.0868,0.8766,0.0782,-0.4749,0.9980,169,33.549797,0.1013,-0.2145
BiancaGolden_CircleTurns,-190.2918,-21.0167,198.5076,6.8005,-20.6855,23.7215,0.8023,0.3449,-0.4873,0.9980,170,33.574497,0.0971,-0.2102
BiancaGolden_CircleTurns,-190.6867,-20.5641,198.4618,7.2026,-20.2633,22.9446,0.8086,0.3339,-0.4844,0.9980,170,33.601280,0.0931,-0.2056
BiancaGolden_CircleTurns,-191.1746,-20.0242,198.1079,7.5519,-20.0716,22.1822,0.9035,0.0682,-0.4230,0.9980,171,33.629063,0.0883,-0.2002
BiancaGolden_CircleTurns,-191.6173,-19.3581,197.7459,7.3551,-19.3856,21.8270,0.9335,0.0806,-0.3493,0.9980,171,33.656876,0.0838,-0.1936
BiancaGolden_CircleTurns,-192.1005,-18.7090,197.4438,7.2007,-19.3655,21.3869,0.9402,0.0801,-0.3311,0.9980,172,33.684841,0.0790,-0.1871
BiancaGolden_CircleTurns,-192.6332,-18.0859,197.0970,7.7542,-19.7087,20.9321,0.9339,0.0921,-0.3454,0.9980,172,33.712841,0.0737,-0.1809
BiancaGolden_CircleTurns,-193.2931,-17.4864,196.6244,7.9125,-20.4543,20.5678,0.9267,0.0948,-0.3635,0.9980,173,33.740711,0.0671,-0.1749
BiancaGolden_CircleTurns,-193.8822,-16.7587,196.5857,7.1534,-21.0554,20.1320,0.9225,0.0984,-0.3732,0.9980,173,33.768902,0.0612,-0.1676
BiancaGolden_CircleTurns,-194.4954,-16.1788,196.5470,6.6963,-21.3057,19.8852,0.9254,0.0976,-0.3662,0.9980,174,33.796547,0.0550,-0.1618
BiancaGolden_CircleTurns,-195.0749,-15.6480,196.4842,6.6037,-21.2900,19.5245,0.9310,0.0949,-0.3524,0.9980,174,33.824795,0.0493,-0.1565
BiancaGolden_CircleTurns,-195.5457,-15.0312,196.5904,6.5359,-21.0938,19.3364,0.9283,0.0959,-0.3592,0.9980,175,33.852379,0.0445,-0.1503
BiancaGolden_CircleTurns,-196.0030,-14.4866,196.7203,6.6305,-21.5455,19.4569,0.9251,0.1013,-0.3660,0.9980,175,33.880409,0.0400,-0.1449
BiancaGolden_CircleTurns,-196.4087,-13.9810,196.8466,6.7637,-22.2134,19.8392,0.9191,0.1090,-0.3787,0.9980,176,33.908165,0.0359,-0.1398
BiancaGolden_CircleTurns,-196.7501,-13.4835,197.0004,6.3309,-22.8421,20.4703,0.9155,0.1171,-0.3848,0.9980,176,33.936123,0.0325,-0.1348
BiancaGolden_CircleTurns,-196.9401,-13.1163,197.3266,5.1249,-23.2167,21.0927,0.9142,0.1147,-0.3887,0.9980,177,33.963768,0.0306,-0.1312
BiancaGolden_CircleTurns,-196.9154,-12.8596,197.6225,4.1102,-23.3920,21.0902,0.9102,0.1077,-0.4000,0.9980,177,33.991859,0.0308,-0.1286
BiancaGolden_CircleTurns,-196.9993,-12.8231,197.8026,3.8833,-24.5189,21.1587,0.8875,0.1033,-0.4490,0.9980,178,34.019615,0.0300,-0.1282
BiancaGolden_CircleTurns,-196.9992,-12.7282,198.0751,3.2278,-25.4966,21.4723,0.8671,0.1122,-0.4853,0.9980,178,34.047253,0.0300,-0.1273
BiancaGolden_CircleTurns,-196.8356,-12.6541,198.5859,2.1640,-25.5217,21.8647,0.8514,0.1337,-0.5072,0.9980,179,34.074955,0.0316,-0.1265
BiancaGolden_CircleTurns,-196.6805,-12.8583,199.0061,1.6786,-25.1709,22.0331,0.8548,0.1358,-0.5009,0.9980,179,34.102612,0.0332,-0.1286
BiancaGolden_CircleTurns,-196.4442,-13.1186,199.5081,1.9197,-24.7901,22.1080,0.8662,0.1316,-0.4821,0.9980,180,34.130337,0.0356,-0.1312
BiancaGolden_CircleTurns,-196.1985,-13.5116,199.9260,1.9646,-24.2784,22.3729,0.8630,0.1340,-0.4872,0.9980,180,34.158401,0.0380,-0.1351
BiancaGolden_CircleTurns,-195.9329,-14.0578,200.2702,1.8966,-23.9290,22.6440,0.8635,0.1354,-0.4859,0.9980,181,34.185909,0.0407,-0.1406
BiancaGolden_CircleTurns,-195.6503,-14.7737,200.5380,1.7727,-23.8093,22.6966,0.8545,0.1232,-0.5047,0.9980,181,34.214359,0.0435,-0.1477
BiancaGolden_CircleTurns,-195.3922,-15.5377,200.7107,1.4717,-24.0549,22.6680,0.8514,0.1217,-0.5101,0.9980,182,34.242172,0.0461,-0.1554
BiancaGolden_CircleTurns,-194.9482,-16.2419,201.0687,0.7497,-24.2935,22.5453,0.8486,0.1238,-0.5143,0.9980,182,34.269707,0.0505,-0.1624
BiancaGolden_CircleTurns,-194.7024,-17.1320,201.0231,0.2634,-24.4112,22.4100,0.8400,0.1186,-0.5294,0.9980,183,34.297131,0.0530,-0.1713
BiancaGolden_CircleTurns,-194.3952,-17.9709,201.2613,-0.1974,-24.8549,22.1013,0.8410,0.1174,-0.5281,0.9980,183,34.325165,0.0560,-0.1797
BiancaGolden_CircleTurns,-194.0958,-18.7870,201.5720,-0.7811,-25.1612,21.8238,0.8430,0.1217,-0.5239,0.9980,184,34.352684,0.0590,-0.1879
BiancaGolden_CircleTurns,-193.7826,-19.5780,201.8390,-1.0561,-24.9658,21.6284,0.8489,0.1282,-0.5128,0.9980,184,34.384315,0.0622,-0.1958
BiancaGolden_CircleTurns,-193.4923,-20.3839,201.9982,-0.7757,-24.2658,21.7832,0.8525,0.1428,-0.5029,0.9980,185,34.408932,0.0651,-0.2038
BiancaGolden_CircleTurns,-193.2480,-21.2255,202.1440,-0.6814,-23.9595,22.0208,0.8446,0.1492,-0.5142,0.9980,185,34.436337,0.0675,-0.2123
BiancaGolden_CircleTurns,-192.8969,-22.0450,202.4009,-0.8572,-23.7447,21.7985,0.8397,0.1456,-0.5232,0.9980,186,34.463905,0.0710,-0.2205
BiancaGolden_CircleTurns,-192.6480,-22.8154,202.5208,-0.9676,-23.8268,21.6007,0.8370,0.1520,-0.5257,0.9980,186,34.491871,0.0735,-0.2282
BiancaGolden_CircleTurns,-192.5406,-23.4776,202.5248,-1.3047,-24.2004,21.6660,0.8312,0.1590,-0.5327,0.9980,187,34.519432,0.0746,-0.2348
BiancaGolden_CircleTurns,-192.4519,-24.0995,202.5198,-1.3309,-24.5423,21.9617,0.8288,0.1597,-0.5363,0.9980,187,34.547653,0.0755,-0.2410
BiancaGolden_CircleTurns,-192.2891,-24.6470,202.6991,-1.3661,-24.7837,22.1158,0.8271,0.1697,-0.5359,0.9980,188,34.575829,0.0771,-0.2465
BiancaGolden_CircleTurns,-192.2498,-25.0792,202.7306,-1.6402,-24.7081,22.0806,0.8296,0.1709,-0.5316,0.9980,188,34.603947,0.0775,-0.2508
BiancaGolden_CircleTurns,-192.1704,-25.3697,202.8455,-1.9840,-24.2547,21.9481,0.8354,0.1739,-0.5213,0.9980,189,34.631294,0.0783,-0.2537
BiancaGolden_CircleTurns,-192.1378,-25.5859,202.9021,-2.2148,-23.5230,21.7557,0.8381,0.1727,-0.5174,0.9980,189,34.659218,0.0786,-0.2559
BiancaGolden_CircleTurns,-192.1916,-25.7725,202.9030,-1.9174,-23.1508,21.6108,0.8357,0.1698,-0.5222,0.9980,190,34.686977,0.0781,-0.2577
BiancaGolden_CircleTurns,-192.3605,-25.9169,202.8657,-1.6720,-23.2240,21.4993,0.8314,0.1665,-0.5302,0.9980,190,34.715176,0.0764,-0.2592
BiancaGolden_CircleTurns,-192.5915,-26.0287,202.8197,-1.6656,-23.3436,21.3754,0.8319,0.1639,-0.5302,0.9980,191,34.743202,0.0741,-0.2603
BiancaGolden_CircleTurns,-192.8628,-26.0957,202.7974,-1.7839,-23.3315,21.1755,0.8298,0.1663,-0.5327,0.9980,191,34.771027,0.0714,-0.2610
BiancaGolden_CircleTurns,-193.2445,-26.1239,202.7416,-2.0063,-23.0488,20.8173,0.8568,0.1225,-0.5009,0.9980,192,34.798645,0.0676,-0.2612
BiancaGolden_CircleTurns,-193.5229,-26.0706,202.9429,-2.0744,-22.7505,20.3185,0.8960,0.1009,-0.4324,0.9980,192,34.827103,0.0648,-0.2607
BiancaGolden_CircleTurns,-193.6653,-25.9139,203.2812,-2.1647,-22.1339,19.8339,0.9057,0.0999,-0.4120,0.9980,193,34.854240,0.0633,-0.2591
BiancaGolden_CircleTurns,-193.8092,-25.6914,203.5301,-2.0133,-21.3587,19.5994,0.9079,0.1071,-0.4053,0.9980,193,34.882339,0.0619,-0.2569
BiancaGolden_CircleTurns,-193.9183,-25.4338,203.7003,-1.7328,-20.8371,19.4632,0.9075,0.1105,-0.4053,0.9980,194,34.909954,0.0608,-0.2543
BiancaGolden_CircleTurns,-194.0131,-25.2015,203.7790,-1.3709,-20.6489,19.3668,0.8981,0.1201,-0.4231,0.9980,194,34.938126,0.0599,-0.2520
BiancaGolden_CircleTurns,-194.1185,-24.9786,203.8010,-1.0656,-20.8540,19.3758,0.8872,0.1171,-0.4462,0.9980,195,34.966000,0.0588,-0.2498
BiancaGolden_CircleTurns,-194.2074,-24.7269,203.8112,-0.8112,-21.0913,19.4622,0.8854,0.1176,-0.4496,0.9980,195,34.994133,0.0579,-0.2473
BiancaGolden_CircleTurns,-194.2929,-24.4124,203.7347,-0.8474,-21.1680,19.6502,0.8833,0.1214,-0.4529,0.9980,196,35.021336,0.0571,-0.2441
BiancaGolden_CircleTurns,-194.3837,-24.0987,203.6711,-0.9517,-21.3342,19.8168,0.8804,0.1220,-0.4582,0.9980,196,35.049301,0.0562,-0.2410
BiancaGolden_CircleTurns,-194.4776,-23.8084,203.6595,-1.1155,-21.5921,19.9217,0.8802,0.1240,-0.4580,0.9980,197,35.077072,0.0552,-0.2381
BiancaGolden_CircleTurns,-194.5619,-23.4762,203.6950,-1.1691,-21.5693,20.0469,0.8627,0.2271,-0.4519,0.9980,197,35.104588,0.0544,-0.2348
BiancaGolden_CircleTurns,-194.6887,-23.0680,203.7147,-1.0954,-21.2943,20.5948,0.8535,0.2775,-0.4411,0.9980,198,35.132183,0.0531,-0.2307
BiancaGolden_CircleTurns,-194.8097,-22.6825,203.8117,-1.1279,-21.2196,21.4367,0.8371,0.2853,-0.4668,0.9980,198,35.160255,0.0519,-0.2268
BiancaGolden_CircleTurns,-194.8911,-22.3601,203.9008,-1.1530,-21.1030,22.1045,0.8297,0.2600,-0.4939,0.9980,199,35.188007,0.0511,-0.2236
BiancaGolden_CircleTurns,-194.9704,-22.1013,203.9703,-1.4435,-21.0032,22.4336,0.8185,0.2737,-0.5052,0.9980,199,35.219303,0.0503,-0.2210
BiancaGolden_CircleTurns,-195.0427,-21.9474,204.0371,-1.5679,-21.0421,22.3527,0.8169,0.2680,-0.5107,0.9980,200,35.244358,0.0496,-0.2195
BiancaGolden_CircleTurns,-195.1399,-21.8300,204.0526,-1.4404,-21.2337,22.0577,0.8674,0.0458,-0.4955,0.9980,200,35.271561,0.0486,-0.2183
BiancaGolden_CircleTurns,-195.1678,-21.6756,204.1510,-1.3990,-21.2051,21.6297,0.8887,0.0577,-0.4548,0.9980,201,35.299377,0.0483,-0.2168
BiancaGolden_CircleTurns,-195.1773,-21.5372,204.2565,-1.3945,-20.9619,21.1762,0.8938,0.0586,-0.4447,0.9980,201,35.326984,0.0482,-0.2154
BiancaGolden_CircleTurns,-195.1796,-21.4130,204.2943,-1.4252,-20.5413,20.8338,0.8942,0.0701,-0.4422,0.9980,202,35.357567,0.0482,-0.2141
BiancaGolden_CircleTurns,-195.2335,-21.3192,204.2756,-1.4872,-20.2715,20.3969,0.8871,0.0794,-0.4548,0.9980,202,35.383213,0.0477,-0.2132
BiancaGolden_CircleTurns,-195.2631,-21.2107,204.3008,-1.4460,-20.4215,20.0590,0.8827,0.0783,-0.4635,0.9980,203,35.410091,0.0474,-0.2121
BiancaGolden_CircleTurns,-195.2686,-21.0752,204.2939,-1.2815,-20.6283,19.7587,0.8841,0.0731,-0.4616,0.9980,203,35.437946,0.0473,-0.2108
BiancaGolden_CircleTurns,-195.2566,-20.9524,204.2449,-1.0077,-20.5691,19.4364,0.8823,0.0776,-0.4642,0.9980,204,35.465813,0.0474,-0.2095
BiancaGolden_CircleTurns,-195.2056,-20.8663,204.3074,-0.7008,-20.5536,19.1585,0.8819,0.0802,-0.4646,0.9980,204,35.494061,0.0479,-0.2087
BiancaGolden_CircleTurns,-195.2117,-20.8016,204.2909,-0.6174,-20.5651,18.9002,0.8829,0.0831,-0.4621,0.9980,205,35.521732,0.0479,-0.2080
BiancaGolden_CircleTurns,-195.1898,-20.7103,204.3078,-0.7028,-20.2097,18.6324,0.8804,0.0827,-0.4669,0.9980,205,35.550125,0.0481,-0.2071
BiancaGolden_CircleTurns,-195.1860,-20.6735,204.2990,-0.6489,-19.9715,18.3861,0.8813,0.0783,-0.4660,0.9980,206,35.577995,0.0481,-0.2067
BiancaGolden_CircleTurns,-195.1649,-20.5915,204.2752,-0.7590,-19.8335,17.9822,0.8771,0.0741,-0.4745,0.9980,206,35.606102,0.0484,-0.2059
BiancaGolden_CircleTurns,-195.1390,-20.4672,204.2752,-0.8944,-19.6727,17.5834,0.8847,0.0774,-0.4597,0.9980,207,35.633553,0.0486,-0.2047
BiancaGolden_CircleTurns,-195.0253,-20.2970,204.3089,-0.6125,-18.8980,17.1330,0.8844,0.0717,-0.4612,0.9980,207,35.661564,0.0497,-0.2030
BiancaGolden_CircleTurns,-195.0079,-19.9813,204.2685,-0.4930,-18.4108,16.6468,0.8790,0.0757,-0.4707,0.9980,208,35.689358,0.0499,-0.1998
BiancaGolden_CircleTurns,-195.0576,-19.5555,204.0718,-0.5253,-18.3788,16.3767,0.8779,0.0726,-0.4734,0.9980,208,35.717644,0.0494,-0.1956
BiancaGolden_CircleTurns,-195.0286,-19.0610,203.9752,-0.5737,-18.5246,15.8740,0.8755,0.0642,-0.4789,0.9980,209,35.745342,0.0497,-0.1906
BiancaGolden_CircleTurns,-195.0860,-18.4760,203.9002,-0.3396,-18.8195,15.1614,0.8725,0.0619,-0.4846,0.9980,209,35.773609,0.0491,-0.1848
BiancaGolden_CircleTurns,-195.2341,-17.7089,203.7706,-0.2503,-19.1284,14.8074,0.8718,0.0590,-0.4862,0.9980,210,35.801231,0.0477,-0.1771
BiancaGolden_CircleTurns,-195.3400,-16.8531,203.7648,-0.3618,-18.9226,14.3879,0.8717,0.0619,-0.4862,0.9980,210,35.829109,0.0466,-0.1685
BiancaGolden_CircleTurns,-195.5877,-15.9115,203.5278,-0.4230,-18.8605,13.6290,0.8690,0.0532,-0.4919,0.9980,211,35.856171,0.0441,-0.1591
BiancaGolden_CircleTurns,-195.9112,-14.9318,203.4485,-0.0778,-19.6476,12.9047,0.8677,0.0449,-0.4951,0.9980,211,35.884377,0.0409,-0.1493
BiancaGolden_CircleTurns,-196.1086,-13.8328,203.5163,0.2290,-19.7415,12.0941,0.8757,0.0514,-0.4801,0.9980,212,35.911976,0.0389,-0.1383
BiancaGolden_CircleTurns,-196.2326,-12.6694,203.7166,0.3517,-19.4602,11.3926,0.8833,0.0457,-0.4666,0.9980,212,35.940315,0.0377,-0.1267
BiancaGolden_CircleTurns,-196.3674,-11.4009,203.8095,0.0745,-18.8161,10.6538,0.8860,0.0464,-0.4614,0.9980,213,35.968285,0.0363,-0.1140
BiancaGolden_CircleTurns,-196.5468,-10.1572,203.8029,-0.1317,-18.0322,10.0546,0.8854,0.0431,-0.4628,0.9980,213,35.996685,0.0345,-0.1016
BiancaGolden_CircleTurns,-196.7691,-9.0469,203.9724,0.0085,-17.9963,9.4756,0.8769,0.0319,-0.4796,0.9980,214,36.024082,0.0323,-0.0905
BiancaGolden_CircleTurns,-197.0519,-7.9904,204.0788,0.2864,-18.5525,8.8861,0.8686,0.0362,-0.4941,0.9980,214,36.055172,0.0295,-0.0799
BiancaGolden_CircleTurns,-197.2580,-6.9321,204.1610,0.4347,-18.8775,8.4257,0.8696,0.0313,-0.4928,0.9980,215,36.080173,0.0274,-0.0693
BiancaGolden_CircleTurns,-197.4050,-5.9644,204.2523,0.5509,-18.3368,7.9999,0.8772,0.0254,-0.4794,0.9980,215,36.106934,0.0260,-0.0596
BiancaGolden_CircleTurns,-197.5147,-5.1427,204.3427,0.7256,-17.9987,7.5514,0.8763,0.0233,-0.4812,0.9980,216,36.134418,0.0249,-0.0514
BiancaGolden_CircleTurns,-197.6186,-4.4356,204.4216,1.1018,-18.1054,7.2811,0.8693,0.0262,-0.4936,0.9980,216,36.162361,0.0238,-0.0444
BiancaGolden_CircleTurns,-197.6970,-3.8817,204.5196,1.3711,-18.6736,7.3326,0.8631,0.0259,-0.5044,0.9980,217,36.190346,0.0230,-0.0388
BiancaGolden_CircleTurns,-197.7294,-3.4034,204.6886,1.3082,-19.2200,7.2277,0.8598,0.0248,-0.5100,0.9980,217,36.218540,0.0227,-0.0340
BiancaGolden_CircleTurns,-197.6778,-3.0187,204.8511,0.9247,-19.3502,6.9452,0.8644,0.0234,-0.5022,0.9980,218,36.246410,0.0232,-0.0302
BiancaGolden_CircleTurns,-197.6003,-2.6302,205.0314,0.5057,-19.1475,6.6903,0.8656,0.0284,-0.4999,0.9980,218,36.274887,0.0240,-0.0263
BiancaGolden_CircleTurns,-197.5922,-2.3505,205.1452,0.1735,-19.2645,6.8323,0.8635,0.0328,-0.5033,0.9980,219,36.302525,0.0241,-0.0235
BiancaGolden_CircleTurns,-197.5413,-2.1309,205.2827,-0.0688,-19.5643,7.0514,0.8649,0.0354,-0.5006,0.9980,219,36.330421,0.0246,-0.0213
BiancaGolden_CircleTurns,-197.4600,-1.9419,205.2902,-0.3467,-19.3723,7.0175,0.8653,0.0333,-0.5002,0.9980,220,36.358097,0.0254,-0.0194
BiancaGolden_CircleTurns,-197.4055,-1.7946,205.1854,-0.5479,-19.3343,7.0147,0.8675,0.0324,-0.4963,0.9980,220,36.386238,0.0259,-0.0179
BiancaGolden_CircleTurns,-197.3051,-1.7338,204.9465,-0.4233,-19.3265,7.2059,0.8673,0.0341,-0.4967,0.9980,221,36.413960,0.0269,-0.0173
BiancaGolden_CircleTurns,-197.1930,-1.7817,204.6543,-0.2399,-19.2143,7.4627,0.8683,0.0375,-0.4946,0.9980,221,36.442657,0.0281,-0.0178
BiancaGolden_CircleTurns,-197.0659,-1.8587,204.3709,-0.3087,-19.0100,7.6360,0.8637,0.0412,-0.5024,0.9980,222,36.469921,0.0293,-0.0186
BiancaGolden_CircleTurns,-196.8896,-1.9795,204.1406,-0.3551,-19.1668,7.8334,0.8662,0.0432,-0.4979,0.9980,222,36.497917,0.0311,-0.0198
BiancaGolden_CircleTurns,-196.5812,-2.0901,204.1536,-0.4482,-19.1065,8.1368,0.8626,0.0466,-0.5037,0.9980,223,36.525578,0.0342,-0.0209
BiancaGolden_CircleTurns,-196.5027,-2.3141,203.7597,-0.4189,-19.4284,8.4263,0.8582,0.0528,-0.5105,0.9980,223,36.553349,0.0350,-0.0231
BiancaGolden_CircleTurns,-196.3528,-2.5115,203.7710,-0.4718,-19.8995,8.5646,0.8581,0.0441,-0.5116,0.9980,224,36.581116,0.0365,-0.0251
BiancaGolden_CircleTurns,-196.2582,-2.6474,203.7528,-0.6983,-20.2991,8.7593,0.8551,0.0485,-0.5161,0.9980,224,36.609066,0.0374,-0.0265
BiancaGolden_CircleTurns,-196.2325,-2.8084,203.6426,-0.5719,-20.6577,9.1181,0.8563,0.0521,-0.5138,0.9980,225,36.636875,0.0377,-0.0281
BiancaGolden_CircleTurns,-196.2654,-2.9181,203.6151,-0.5719,-20.7769,9.3918,0.8626,0.0563,-0.5027,0.9980,225,36.664875,0.0373,-0.0292
BiancaGolden_CircleTurns,-196.2324,-2.9515,203.5553,-0.9737,-20.0345,9.4902,0.8673,0.0547,-0.4948,0.9980,226,36.692501,0.0377,-0.0295
BiancaGolden_CircleTurns,-196.2965,-2.9568,203.4678,-1.0727,-19.6347,9.5138,0.8618,0.0551,-0.5042,0.9980,226,36.721176,0.0370,-0.0296
BiancaGolden_CircleTurns,-196.3927,-2.8362,203.4087,-0.9053,-20.0467,9.7846,0.8580,0.0544,-0.5108,0.9980,227,36.749207,0.0361,-0.0284
BiancaGolden_CircleTurns,-196.4668,-2.6054,203.2955,-0.8182,-20.4027,10.0341,0.8599,0.0537,-0.5076,0.9980,227,36.776489,0.0353,-0.0261
BiancaGolden_CircleTurns,-196.4821,-2.3316,203.1871,-0.9540,-20.3295,10.0417,0.8701,0.0491,-0.4904,0.9980,228,36.790344,0.0352,-0.0233
BiancaGolden_CircleTurns,-196.3512,-2.0571,203.1937,-1.1030,-19.2820,9.5938,0.8760,0.0403,-0.4806,0.9980,228,36.818085,0.0365,-0.0206
BiancaGolden_CircleTurns,-196.3954,-1.6206,202.9827,-0.8314,-18.5651,9.2559,0.8747,0.0350,-0.4834,0.9980,229,36.845295,0.0360,-0.0162
BiancaGolden_CircleTurns,-196.5600,-1.0984,202.6015,-0.3776,-18.8086,9.0819,0.8659,0.0315,-0.4992,0.9980,229,36.876526,0.0344,-0.0110
BiancaGolden_CircleTurns,-196.7326,-0.4559,202.1946,-0.2436,-19.4067,8.8195,0.8607,0.0328,-0.5080,0.9980,230,36.901146,0.0327,-0.0046
BiancaGolden_CircleTurns,-196.8605,0.3135,201.8701,-0.4299,-19.6953,8.4421,0.8661,0.0281,-0.4991,0.9980,230,36.928398,0.0314,0.0031
BiancaGolden_CircleTurns,-196.9488,1.2395,201.5431,-0.5890,-19.0834,8.0465,0.8727,0.0186,-0.4878,0.9980,231,36.956196,0.0305,0.0124
BiancaGolden_CircleTurns,-197.3149,3.1886,200.8016,-0.6660,-18.2512,7.3711,0.8666,0.0104,-0.4988,0.9980,231,36.985542,0.0269,0.0319
BiancaGolden_CircleTurns,-197.1492,4.3814,201.0517,-0.7104,-18.5904,6.9207,0.8709,0.0070,-0.4915,0.9980,232,37.012775,0.0285,0.0438
BiancaGolden_CircleTurns,-197.1629,5.7498,200.8370,-1.1626,-17.6961,6.4138,0.8517,-0.0162,-0.5238,0.9980,232,37.039505,0.0284,0.0575
BiancaGolden_CircleTurns,-197.4222,5.7284,200.2087,-0.9634,-18.3500,6.5474,0.8192,-0.0312,-0.5727,0.9980,233,37.065838,0.0258,0.0573
BiancaGolden_CircleTurns,-197.5689,6.9570,200.0346,-0.7576,-19.5831,6.2584,0.8094,-0.0226,-0.5869,0.9980,233,37.092907,0.0243,0.0696
BiancaGolden_CircleTurns,-197.7779,8.2784,199.8062,-0.8658,-20.8898,6.1207,0.8013,-0.0268,-0.5976,0.9980,234,37.119728,0.0222,0.0828
BiancaGolden_CircleTurns,-198.0091,9.5744,199.5760,-1.0495,-21.7871,5.7975,0.8163,-0.0374,-0.5765,0.9980,234,37.147209,0.0199,0.0957
BiancaGolden_CircleTurns,-198.1464,10.9589,199.5438,-1.5790,-21.5883,5.1402,0.8213,-0.0435,-0.5688,0.9980,235,37.174904,0.0185,0.1096
BiancaGolden_CircleTurns,-198.3060,12.2182,199.5219,-1.7477,-21.0907,4.6781,0.8440,-0.0537,-0.5336,0.9980,235,37.202724,0.0169,0.1222
BiancaGolden_CircleTurns,-198.4759,13.3511,199.3735,-1.1625,-20.6631,4.2012,0.8430,-0.0602,-0.5346,0.9980,236,37.230053,0.0152,0.1335
BiancaGolden_CircleTurns,-198.6369,14.4261,199.2588,-0.5971,-20.8041,3.9364,0.8432,-0.0632,-0.5339,0.9980,236,37.258087,0.0136,0.1443
BiancaGolden_CircleTurns,-198.7771,15.4606,199.2081,-0.4308,-21.0710,3.8031,0.8739,-0.0479,-0.4838,0.9980,237,37.285877,0.0122,0.1546
BiancaGolden_CircleTurns,-198.8505,16.4115,199.2179,-0.4626,-21.2502,3.5433,0.9013,-0.0408,-0.4313,0.9980,237,37.313286,0.0115,0.1641
BiancaGolden_CircleTurns,-198.7752,17.2829,199.3852,-0.5245,-20.8606,3.2520,0.9083,-0.0439,-0.4159,0.9980,238,37.341499,0.0122,0.1728
BiancaGolden_CircleTurns,-198.8291,18.0428,199.4165,-0.3814,-20.4572,2.8762,0.9060,-0.0581,-0.4194,0.9980,238,37.369087,0.0117,0.1804
BiancaGolden_CircleTurns,-198.9454,18.8134,199.4828,-0.5599,-20.6662,2.2706,0.8946,-0.0667,-0.4420,0.9980,239,37.397038,0.0105,0.1881
BiancaGolden_CircleTurns,-199.0460,19.5224,199.6832,-0.7288,-21.3458,1.7526,0.8885,-0.0726,-0.4531,0.9980,239,37.425373,0.0095,0.1952
BiancaGolden_CircleTurns,-199.1508,20.1910,199.8825,-0.6275,-21.9647,1.1501,0.8845,-0.0771,-0.4601,0.9980,240,37.453003,0.0085,0.2019
BiancaGolden_CircleTurns,-199.2877,20.8429,200.1054,-0.1692,-22.4509,0.6838,0.8829,-0.0830,-0.4622,0.9980,240,37.481476,0.0071,0.2084
BiancaGolden_CircleTurns,-199.4009,21.4474,200.4277,0.5755,-22.6756,0.2519,0.8862,-0.0886,-0.4548,0.9980,241,37.509125,0.0060,0.2145
BiancaGolden_CircleTurns,-199.4153,21.9615,200.8467,1.2749,-22.2534,-0.1180,0.8918,-0.0923,-0.4430,0.9980,241,37.537083,0.0058,0.2196
BiancaGolden_CircleTurns,-199.4189,22.3337,201.2402,1.8025,-21.7185,-0.5555,0.8892,-0.1000,-0.4465,0.9980,242,37.564541,0.0058,0.2233
BiancaGolden_CircleTurns,-199.4840,22.6426,201.4622,2.3436,-21.6292,-1.0617,0.8860,-0.1066,-0.4512,0.9980,242,37.592552,0.0052,0.2264
BiancaGolden_CircleTurns,-199.5383,22.9179,201.7112,2.6286,-21.8740,-1.5354,0.8839,-0.1042,-0.4559,0.9980,243,37.620605,0.0046,0.2292
BiancaGolden_CircleTurns,-199.5245,22.9738,201.9864,2.9871,-22.0576,-2.0042,0.8823,-0.1057,-0.4586,0.9980,243,37.648621,0.0048,0.2297
BiancaGolden_CircleTurns,-199.5001,23.0013,202.2380,3.5662,-22.0216,-2.3029,0.8832,-0.1048,-0.4572,0.9980,244,37.676044,0.0050,0.2300
BiancaGolden_CircleTurns,-199.4943,22.9483,202.3724,3.6043,-21.9167,-2.4115,0.8853,-0.1001,-0.4540,0.9980,244,37.707100,0.0051,0.2295
BiancaGolden_CircleTurns,-199.5269,22.7540,202.4753,3.2970,-22.0224,-2.5484,0.8827,-0.0965,-0.4599,0.9980,245,37.732216,0.0047,0.2275
BiancaGolden_CircleTurns,-199.5231,22.4778,202.6233,3.0618,-22.1443,-2.7569,0.8847,-0.1003,-0.4553,0.9980,245,37.758984,0.0048,0.2248
BiancaGolden_CircleTurns,-199.6293,22.1576,202.6578,2.3992,-22.0522,-2.8557,0.8809,-0.0979,-0.4631,0.9980,246,37.786831,0.0037,0.2216
BiancaGolden_CircleTurns,-199.7045,21.7703,202.6992,1.4924,-22.2400,-2.9724,0.8815,-0.0947,-0.4625,0.9980,246,37.815033,0.0030,0.2177
BiancaGolden_CircleTurns,-199.8428,21.3850,202.7093,0.5909,-22.1941,-3.1699,0.8815,-0.0911,-0.4633,0.9980,247,37.842892,0.0016,0.2139
BiancaGolden_CircleTurns,-199.9968,21.0074,202.8499,-0.3889,-22.1967,-3.2141,0.8819,-0.0882,-0.4632,0.9980,247,37.871346,0.0000,0.2101
BiancaGolden_CircleTurns,-200.2537,20.6481,202.9355,-1.3425,-22.1406,-3.2208,0.8832,-0.0847,-0.4612,0.9980,248,37.899036,-0.0025,0.2065
BiancaGolden_CircleTurns,-200.5711,20.2741,202.9933,-2.0587,-21.9883,-3.1495,0.8852,-0.0807,-0.4582,0.9980,248,37.927143,-0.0057,0.2027
BiancaGolden_CircleTurns,-200.9172,19.8124,203.1688,-2.1460,-21.7752,-2.8898,0.8868,-0.0810,-0.4549,0.9980,249,37.955872,-0.0092,0.1981
BiancaGolden_CircleTurns,-201.3608,19.2854,203.3207,-2.3555,-21.6347,-2.7254,0.8877,-0.0718,-0.4547,0.9980,249,37.983315,-0.0136,0.1929
BiancaGolden_CircleTurns,-201.9147,18.6297,203.2580,-2.7715,-21.5360,-2.7909,0.8889,-0.0852,-0.4501,0.9980,250,38.010586,-0.0191,0.1863
BiancaGolden_CircleTurns,-202.3372,17.8948,203.3461,-3.2480,-21.1952,-3.0891,0.8876,-0.0889,-0.4520,0.9980,250,38.038685,-0.0234,0.1789
BiancaGolden_CircleTurns,-202.7543,17.1555,203.4113,-4.2211,-20.8211,-3.5200,0.8848,-0.0858,-0.4580,0.9980,251,38.067589,-0.0275,0.1716
BiancaGolden_CircleTurns,-203.2306,16.4129,203.3301,-5.3160,-20.9597,-3.8181,0.8864,-0.0833,-0.4553,0.9980,251,38.094830,-0.0323,0.1641
BiancaGolden_CircleTurns,-203.5999,15.7261,203.2140,-5.9842,-20.9139,-3.9019,0.8907,-0.0778,-0.4480,0.9980,252,38.122028,-0.0360,0.1573
BiancaGolden_CircleTurns,-203.9486,15.1120,203.1292,-7.0142,-20.7087,-3.9389,0.8914,-0.0713,-0.4476,0.9980,252,38.150047,-0.0395,0.1511
BiancaGolden_CircleTurns,-204.3338,14.5991,202.9511,-7.7125,-20.6769,-3.8682,0.8944,-0.0679,-0.4421,0.9980,253,38.177849,-0.0433,0.1460
BiancaGolden_CircleTurns,-204.5876,14.1698,202.7279,-7.8160,-20.3527,-3.9001,0.9002,-0.0701,-0.4297,0.9980,253,38.206223,-0.0459,0.1417
BiancaGolden_CircleTurns,-204.7892,13.9351,202.5346,-7.6700,-19.8290,-3.9768,0.8925,-0.0695,-0.4457,0.9980,254,38.233944,-0.0479,0.1394
BiancaGolden_CircleTurns,-205.1524,13.9364,202.2530,-8.3085,-20.2994,-4.0254,0.8872,-0.0660,-0.4566,0.9980,254,38.262020,-0.0515,0.1394
BiancaGolden_CircleTurns,-205.4076,14.0672,202.1608,-8.9006,-20.9617,-4.0196,0.8913,-0.0518,-0.4504,0.9980,255,38.289619,-0.0541,0.1407
BiancaGolden_CircleTurns,-205.5211,14.3612,202.1930,-8.9211,-20.9924,-4.0035,0.8949,-0.0503,-0.4434,0.9980,255,38.317547,-0.0552,0.1436
BiancaGolden_CircleTurns,-205.4835,14.7153,202.3159,-8.2827,-20.3202,-3.9654,0.8995,-0.0605,-0.4327,0.9980,256,38.345226,-0.0548,0.1472
BiancaGolden_CircleTurns,-205.4644,15.2257,202.3014,-7.9279,-19.6046,-4.2626,0.9003,-0.0664,-0.4301,0.9980,256,38.374237,-0.0546,0.1523
BiancaGolden_CircleTurns,-205.3880,15.8745,202.3095,-7.5477,-19.4878,-4.6369,0.8962,-0.0679,-0.4383,0.9980,257,38.401047,-0.0539,0.1587
BiancaGolden_CircleTurns,-205.2787,16.6832,202.1604,-7.3393,-19.5680,-4.9418,0.8959,-0.0774,-0.4374,0.9980,257,38.429066,-0.0528,0.1668
BiancaGolden_CircleTurns,-204.9987,17.5664,201.9475,-7.1593,-19.4728,-5.2597,0.8951,-0.0842,-0.4378,0.9980,258,38.456776,-0.0500,0.1757
BiancaGolden_CircleTurns,-204.6433,18.5780,201.6853,-6.9554,-19.2374,-5.5233,0.8961,-0.0863,-0.4355,0.9980,258,38.484829,-0.0464,0.1858
BiancaGolden_CircleTurns,-204.2920,19.7313,201.1835,-6.7772,-19.0924,-5.6333,0.8969,-0.0895,-0.4330,0.9980,259,38.512524,-0.0429,0.1973
BiancaGolden_CircleTurns,-203.9323,20.9834,200.5447,-6.4138,-18.5660,-5.8293,0.8896,-0.0891,-0.4479,0.9980,259,38.543613,-0.0393,0.2098
BiancaGolden_CircleTurns,-203.5085,22.2834,200.1076,-6.3237,-18.5190,-6.0047,0.8926,-0.0945,-0.4409,0.9980,260,38.568920,-0.0351,0.2228
BiancaGolden_CircleTurns,-202.0653,23.3037,201.0793,-6.2248,-18.0525,-6.3322,0.9013,-0.0985,-0.4219,0.9980,260,38.595882,-0.0207,0.2330
BiancaGolden_CircleTurns,-201.7216,24.8859,200.2188,-6.4919,-16.7748,-6.5715,0.8907,-0.0919,-0.4452,0.9980,261,38.623577,-0.0172,0.2489
BiancaGolden_CircleTurns,-201.3412,26.3897,199.4718,-5.5779,-17.2604,-6.1728,0.8718,-0.0861,-0.4822,0.9980,261,38.651711,-0.0134,0.2639
BiancaGolden_CircleTurns,-200.6453,27.8057,200.0813,-5.1197,-18.9307,-5.7179,0.8641,-0.0815,-0.4967,0.9980,262,38.679108,-0.0065,0.2781
BiancaGolden_CircleTurns,-200.1724,29.4178,200.2300,-5.3005,-19.8797,-5.5023,0.8615,-0.0996,-0.4979,0.9980,262,38.707489,-0.0017,0.2942
BiancaGolden_CircleTurns,-199.7870,31.1180,200.1065,-5.1421,-20.4973,-5.5680,0.8676,-0.1151,-0.4837,0.9980,263,38.735344,0.0021,0.3112
BiancaGolden_CircleTurns,-199.2036,32.8863,200.5933,-4.9665,-19.8750,-5.8791,0.8735,-0.1204,-0.4717,0.9980,263,38.763577,0.0080,0.3289
BiancaGolden_CircleTurns,-198.8467,34.6796,200.8106,-4.3192,-19.1177,-5.7975,0.8734,-0.1319,-0.4689,0.9980,264,38.790970,0.0115,0.3468
BiancaGolden_CircleTurns,-198.6422,36.4175,200.9063,-3.2324,-19.1805,-5.6757,0.8723,-0.1432,-0.4675,0.9980,264,38.818760,0.0136,0.3642
BiancaGolden_CircleTurns,-198.3739,38.0862,201.1067,-2.4424,-19.1261,-5.9394,0.8724,-0.1542,-0.4638,0.9980,265,38.846355,0.0163,0.3809
BiancaGolden_CircleTurns,-198.0333,39.6674,201.3780,-2.1434,-18.9031,-6.5259,0.8703,-0.1673,-0.4632,0.9980,265,38.875263,0.0197,0.3967
BiancaGolden_CircleTurns,-197.7883,41.1432,201.6625,-1.6304,-18.7380,-6.9287,0.8686,-0.1767,-0.4629,0.9980,266,38.903576,0.0221,0.4114
BiancaGolden_CircleTurns,-197.6096,42.5095,201.9010,-1.3033,-18.8086,-7.2303,0.8618,-0.1799,-0.4742,0.9980,266,38.930576,0.0239,0.4251
BiancaGolden_CircleTurns,-197.3817,43.7081,202.2803,-1.0416,-18.7821,-7.4683,0.8607,-0.1761,-0.4777,0.9980,267,38.958126,0.0262,0.4371
BiancaGolden_CircleTurns,-197.2158,44.7342,202.6282,-1.0018,-18.8118,-7.4213,0.8557,-0.1649,-0.4905,0.9980,267,38.986286,0.0278,0.4473
BiancaGolden_CircleTurns,-197.0432,45.7451,203.0731,-1.9833,-19.0835,-6.7542,0.8531,-0.1574,-0.4975,0.9980,268,39.013958,0.0296,0.4575
BiancaGolden_CircleTurns,-196.9191,46.6081,203.3832,-2.8354,-19.3879,-6.3855,0.8488,-0.1622,-0.5032,0.9980,268,39.042133,0.0308,0.4661
BiancaGolden_CircleTurns,-196.6281,47.1984,204.0501,-1.9115,-19.4455,-6.5556,0.8520,-0.1685,-0.4957,0.9980,269,39.069962,0.0337,0.4720
BiancaGolden_CircleTurns,-196.5530,47.8028,204.3482,-0.7663,-19.2712,-6.7848,0.8523,-0.1698,-0.4947,0.9980,269,39.097965,0.0345,0.4780
BiancaGolden_CircleTurns,-196.6940,48.3086,204.3869,-0.2041,-19.7103,-6.7365,0.8454,-0.1867,-0.5004,0.9980,270,39.125866,0.0331,0.4831
BiancaGolden_CircleTurns,-196.7983,48.6480,204.6492,0.2548,-20.1738,-6.6750,0.8443,-0.1846,-0.5030,0.9980,270,39.154034,0.0320,0.4865
BiancaGolden_CircleTurns,-196.9136,48.9137,204.7314,0.3789,-20.1131,-6.5499,0.8480,-0.1803,-0.4984,0.9980,271,39.181530,0.0309,0.4891
BiancaGolden_CircleTurns,-197.0272,49.0831,204.6666,0.3496,-19.8294,-6.2442,0.8518,-0.1773,-0.4929,0.9980,271,39.210022,0.0297,0.4908
BiancaGolden_CircleTurns,-197.0949,49.0709,204.6279,0.5908,-19.3211,-5.7359,0.8555,-0.1721,-0.4883,0.9980,272,39.237801,0.0291,0.4907
BiancaGolden_CircleTurns,-197.2067,48.8958,204.4832,0.7702,-19.0126,-5.0990,0.8564,-0.1648,-0.4894,0.9980,272,39.266327,0.0279,0.4890
BiancaGolden_CircleTurns,-197.2296,48.5014,204.4327,0.5248,-19.1356,-4.6732,0.8511,-0.1716,-0.4962,0.9980,273,39.292892,0.0277,0.4850
BiancaGolden_CircleTurns,-197.3217,47.9811,204.2537,-0.1475,-19.4619,-4.6000,0.8446,-0.1712,-0.5073,0.9980,273,39.320667,0.0268,0.4798
BiancaGolden_CircleTurns,-197.3986,47.3502,204.0314,-0.6929,-19.7505,-4.6383,0.8463,-0.1718,-0.5043,0.9980,274,39.348038,0.0260,0.4735
BiancaGolden_CircleTurns,-197.3004,46.6448,204.2000,-1.0790,-19.4667,-4.7568,0.8500,-0.1679,-0.4992,0.9980,274,39.379356,0.0270,0.4664
BiancaGolden_CircleTurns,-197.2232,45.8598,204.2895,-1.3329,-19.0797,-4.6959,0.8501,-0.1709,-0.4982,0.9980,275,39.404655,0.0278,0.4586
BiancaGolden_CircleTurns,-197.3035,44.9878,204.2553,-1.3131,-19.1268,-4.5139,0.8444,-0.1679,-0.5088,0.9980,275,39.431637,0.0270,0.4499
BiancaGolden_CircleTurns,-197.4418,44.1161,204.4411,-1.5666,-19.6937,-4.3012,0.8364,-0.1639,-0.5230,0.9980,276,39.459511,0.0256,0.4412
BiancaGolden_CircleTurns,-197.7321,43.2384,204.5757,-2.0288,-20.4184,-3.9888,0.8302,-0.1600,-0.5341,0.9980,276,39.487560,0.0227,0.4324
BiancaGolden_CircleTurns,-198.0968,42.3910,204.7702,-2.1751,-20.8920,-3.6440,0.8329,-0.1521,-0.5321,0.9980,277,39.515331,0.0190,0.4239
BiancaGolden_CircleTurns,-198.4524,41.6173,204.8394,-2.4003,-21.2315,-3.4691,0.8333,-0.1529,-0.5313,0.9980,277,39.543873,0.0155,0.4162
BiancaGolden_CircleTurns,-198.7784,40.9967,204.8626,-2.9993,-21.8739,-3.6047,0.8237,-0.1616,-0.5435,0.9980,278,39.571426,0.0122,0.4100
BiancaGolden_CircleTurns,-199.0127,40.4768,204.7819,-3.8038,-22.6327,-3.8772,0.8241,-0.1600,-0.5434,0.9980,278,39.599739,0.0099,0.4048
BiancaGolden_CircleTurns,-199.1704,40.1126,204.6294,-4.5523,-23.0004,-4.4367,0.8251,-0.1691,-0.5391,0.9980,279,39.627357,0.0083,0.4011
BiancaGolden_CircleTurns,-199.2338,39.9215,204.6513,-4.8201,-23.4211,-4.9079,0.8286,-0.1687,-0.5338,0.9980,279,39.655407,0.0077,0.3992
BiancaGolden_CircleTurns,-199.0855,39.8913,204.7445,-4.8645,-23.4630,-5.2588,0.8306,-0.1734,-0.5292,0.9980,280,39.682945,0.0091,0.3989
BiancaGolden_CircleTurns,-198.8540,40.0142,204.6843,-5.3229,-23.3615,-5.6514,0.8303,-0.1744,-0.5293,0.9980,280,39.710899,0.0115,0.4001
BiancaGolden_CircleTurns,-198.6298,40.2800,204.5177,-5.7230,-23.6374,-6.2590,0.8247,-0.1830,-0.5352,0.9980,281,39.738865,0.0137,0.4028
BiancaGolden_CircleTurns,-198.2994,40.6338,204.2460,-5.5073,-23.9820,-6.9168,0.8245,-0.1928,-0.5320,0.9980,281,39.767200,0.0170,0.4063
BiancaGolden_CircleTurns,-197.8969,41.1199,203.6542,-5.3582,-23.7844,-7.7355,0.8255,-0.2063,-0.5253,0.9980,282,39.794430,0.0210,0.4112
BiancaGolden_CircleTurns,-197.4477,41.7243,202.7493,-5.2785,-23.2897,-8.6905,0.8307,-0.2090,-0.5160,0.9980,282,39.822453,0.0255,0.4172
BiancaGolden_CircleTurns,-196.8420,42.3953,201.9150,-5.1079,-22.6971,-9.6580,0.8314,-0.2162,-0.5119,0.9980,283,39.850128,0.0316,0.4240
BiancaGolden_CircleTurns,-196.3642,43.1244,200.8846,-4.7460,-22.4293,-10.4036,0.8277,-0.2148,-0.5185,0.9980,283,39.878971,0.0364,0.4312
BiancaGolden_CircleTurns,-195.5278,43.7822,200.6849,-4.7251,-23.4231,-11.0697,0.8432,-0.2208,-0.4902,0.9980,284,39.905933,0.0447,0.4378
BiancaGolden_CircleTurns,-194.5476,44.5815,200.5011,-5.2310,-22.0354,-11.4285,0.8605,-0.1800,-0.4767,0.9980,284,39.933674,0.0545,0.4458
BiancaGolden_CircleTurns,-194.1844,45.4272,199.4529,-4.1001,-21.3597,-11.3284,0.8691,-0.1624,-0.4672,0.9980,285,39.961430,0.0582,0.4543
BiancaGolden_CircleTurns,-193.5423,46.0696,199.9470,-3.3633,-21.0639,-10.7034,0.8189,-0.0151,-0.5738,0.9980,285,39.989620,0.0646,0.4607
BiancaGolden_CircleTurns,-193.1724,46.4597,200.0405,-3.3649,-22.0067,-9.7073,0.8275,-0.1465,-0.5420,0.9980,286,40.017315,0.0683,0.4646
BiancaGolden_CircleTurns,-192.7041,47.0049,200.0603,-3.2876,-22.6693,-10.4989,0.8201,-0.2359,-0.5213,0.9980,286,40.045979,0.0730,0.4700
BiancaGolden_CircleTurns,-192.0374,47.5460,200.4954,-4.3400,-22.0935,-11.3211,0.8634,-0.2617,-0.4312,0.9980,287,40.073223,0.0796,0.4755
BiancaGolden_CircleTurns,-191.5778,48.1264,200.8008,-4.5832,-21.2246,-11.7472,0.8726,-0.2642,-0.4107,0.9980,287,40.101097,0.0842,0.4813
BiancaGolden_CircleTurns,-191.1528,48.8424,200.9387,-3.9876,-20.9144,-12.0835,0.8626,-0.2574,-0.4355,0.9980,288,40.128979,0.0885,0.4884
BiancaGolden_CircleTurns,-190.6376,49.6501,201.1312,-3.5977,-20.9273,-12.3288,0.8568,-0.2611,-0.4447,0.9980,288,40.156780,0.0936,0.4965
BiancaGolden_CircleTurns,-190.1032,50.4472,201.2320,-3.3715,-20.7518,-12.8862,0.8433,-0.2764,-0.4610,0.9980,289,40.184231,0.0990,0.5045
BiancaGolden_CircleTurns,-189.5450,51.2130,201.4270,-2.6115,-20.6931,-13.7100,0.8399,-0.2908,-0.4583,0.9980,289,40.215385,0.1046,0.5121
BiancaGolden_CircleTurns,-188.9463,52.1286,201.5560,-2.1708,-20.5500,-14.8076,0.8365,-0.2888,-0.4656,0.9980,290,40.240452,0.1105,0.5213
BiancaGolden_CircleTurns,-188.3331,53.1320,201.5256,-1.8119,-20.2127,-15.6799,0.8398,-0.2897,-0.4591,0.9980,290,40.267525,0.1167,0.5313
BiancaGolden_CircleTurns,-187.6755,54.1487,201.6761,-1.7811,-19.7630,-16.3542,0.8377,-0.2957,-0.4591,0.9980,291,40.295143,0.1232,0.5415
BiancaGolden_CircleTurns,-187.0882,55.1190,201.8067,-1.9225,-19.5502,-16.7967,0.8305,-0.2963,-0.4717,0.9980,291,40.322987,0.1291,0.5512
BiancaGolden_CircleTurns,-186.5121,56.1435,201.9956,-2.1759,-19.7173,-17.1749,0.8274,-0.2896,-0.4812,0.9980,292,40.351223,0.1349,0.5614
BiancaGolden_CircleTurns,-185.8858,57.0329,202.4907,-2.3136,-19.9127,-17.6104,0.8177,-0.2982,-0.4923,0.9980,292,40.379284,0.1411,0.5703
BiancaGolden_CircleTurns,-185.2467,57.8631,203.0249,-2.7048,-20.0117,-18.4227,0.8205,-0.3071,-0.4821,0.9980,293,40.406937,0.1475,0.5786
BiancaGolden_CircleTurns,-184.6282,58.5226,203.5553,-2.8508,-19.8307,-18.9137,0.8178,-0.3081,-0.4861,0.9980,293,40.435150,0.1537,0.5852
BiancaGolden_CircleTurns,-184.0478,59.1157,204.0296,-2.7407,-19.5968,-19.3975,0.8135,-0.3065,-0.4943,0.9980,294,40.462708,0.1595,0.5912
BiancaGolden_CircleTurns,-183.5465,59.6154,204.4390,-2.6516,-19.4389,-19.6439,0.8134,-0.3103,-0.4920,0.9980,294,40.491024,0.1645,0.5962
BiancaGolden_CircleTurns,-183.0589,59.9838,204.8412,-2.6493,-19.2902,-19.8791,0.8152,-0.3150,-0.4861,0.9980,295,40.518616,0.1694,0.5998
BiancaGolden_CircleTurns,-182.5901,60.2299,205.1791,-2.8006,-19.0113,-20.5784,0.8120,-0.3173,-0.4898,0.9980,295,40.546772,0.1741,0.6023
BiancaGolden_CircleTurns,-182.1522,60.3741,205.4572,-2.9520,-18.9316,-21.2631,0.8080,-0.3192,-0.4952,0.9980,296,40.574711,0.1785,0.6037
BiancaGolden_CircleTurns,-181.7964,60.4490,205.6534,-2.9720,-19.2557,-21.7205,0.7980,-0.3139,-0.5144,0.9980,296,40.602741,0.1820,0.6045
BiancaGolden_CircleTurns,-181.4501,60.4523,205.8011,-2.9805,-19.8048,-22.0596,0.7936,-0.3125,-0.5220,0.9980,297,40.630646,0.1855,0.6045
BiancaGolden_CircleTurns,-181.1213,60.3540,205.9172,-2.8642,-20.3373,-22.5256,0.7914,-0.3167,-0.5229,0.9980,297,40.658199,0.1888,0.6035
BiancaGolden_CircleTurns,-180.7781,60.1761,206.0298,-2.8526,-20.4584,-23.0656,0.8015,-0.3539,-0.4820,0.9980,298,40.685749,0.1922,0.6018
BiancaGolden_CircleTurns,-180.4074,59.8234,206.1548,-2.7010,-19.9849,-23.6744,0.8210,-0.3738,-0.4315,0.9980,298,40.713680,0.1959,0.5982
BiancaGolden_CircleTurns,-180.1604,59.4452,206.0052,-2.4224,-19.3109,-24.1146,0.8208,-0.3768,-0.4294,0.9980,299,40.741405,0.1984,0.5945
BiancaGolden_CircleTurns,-180.0857,59.0406,205.6731,-2.0461,-19.2413,-24.3116,0.8201,-0.3694,-0.4371,0.9980,299,40.769478,0.1991,0.5904
BiancaGolden_CircleTurns,-180.0594,58.6410,205.2712,-1.9227,-19.3208,-24.4839,0.8245,-0.3505,-0.4442,0.9980,300,40.797203,0.1994,0.5864
BiancaGolden_CircleTurns,-180.1451,58.2579,204.7617,-1.8019,-19.6891,-24.2786,0.8258,-0.3412,-0.4491,0.9980,300,40.825130,0.1985,0.5826
BiancaGolden_CircleTurns,-180.2538,57.9118,204.4054,-1.8502,-20.1754,-23.7671,0.8222,-0.3282,-0.4651,0.9980,301,40.852982,0.1975,0.5791
BiancaGolden_CircleTurns,-180.3408,57.4836,204.2595,-2.5295,-21.3748,-23.1797,0.8170,-0.3275,-0.4746,0.9980,301,40.880932,0.1966,0.5748
BiancaGolden_CircleTurns,-180.5883,57.1363,204.0213,-2.7382,-22.5606,-23.0887,0.8132,-0.3230,-0.4841,0.9980,302,40.908577,0.1941,0.5714
BiancaGolden_CircleTurns,-180.7871,56.8487,204.1878,-3.4218,-23.5491,-22.7858,0.8124,-0.3252,-0.4841,0.9980,302,40.936516,0.1921,0.5685
BiancaGolden_CircleTurns,-181.0513,56.5468,204.4421,-4.2164,-23.8459,-22.7611,0.8194,-0.3320,-0.4674,0.9980,303,40.964508,0.1895,0.5655
BiancaGolden_CircleTurns,-181.4707,56.2145,204.7614,-4.2403,-23.9886,-22.6616,0.8272,-0.3342,-0.4517,0.9980,303,40.992378,0.1853,0.5621
BiancaGolden_CircleTurns,-181.8547,55.8088,205.2325,-3.9048,-23.7065,-22.4780,0.8335,-0.3411,-0.4346,0.9980,304,41.019875,0.1815,0.5581
BiancaGolden_CircleTurns,-182.1581,55.4896,205.7531,-4.2334,-22.5668,-22.7942,0.8420,-0.3541,-0.4071,0.9980,304,41.051186,0.1784,0.5549
BiancaGolden_CircleTurns,-182.5064,55.2136,206.1922,-4.8036,-21.2630,-23.1218,0.8483,-0.3538,-0.3941,0.9980,305,41.076225,0.1749,0.5521
BiancaGolden_CircleTurns,-182.8840,55.0366,206.6027,-5.1560,-20.4480,-23.1696,0.8464,-0.3473,-0.4038,0.9980,305,41.103447,0.1712,0.5504
BiancaGolden_CircleTurns,-183.2585,54.8947,206.8826,-5.1844,-19.8368,-23.0610,0.8478,-0.3344,-0.4116,0.9980,306,41.131069,0.1674,0.5489
BiancaGolden_CircleTurns,-183.6437,54.7696,207.0791,-5.1131,-19.5699,-22.9640,0.8415,-0.3315,-0.4265,0.9980,306,41.159084,0.1636,0.5477
BiancaGolden_CircleTurns,-183.9372,54.5230,207.2219,-4.9037,-19.2027,-23.0315,0.8420,-0.3370,-0.4212,0.9980,307,41.186512,0.1606,0.5452
BiancaGolden_CircleTurns,-184.1510,54.2941,207.2962,-4.8456,-18.7625,-23.3467,0.8392,-0.3310,-0.4315,0.9980,307,41.214737,0.1585,0.5429
BiancaGolden_CircleTurns,-184.3506,54.0068,207.3057,-4.8351,-18.6762,-23.5105,0.8351,-0.3304,-0.4399,0.9980,308,41.242687,0.1565,0.5401
BiancaGolden_CircleTurns,-184.5362,53.7880,207.2095,-4.6545,-18.8735,-23.5258,0.8294,-0.3220,-0.4565,0.9980,308,41.270813,0.1546,0.5379
BiancaGolden_CircleTurns,-184.6599,53.6232,207.0772,-4.7399,-19.3652,-23.4506,0.8286,-0.3102,-0.4661,0.9980,309,41.298889,0.1534,0.5362
BiancaGolden_CircleTurns,-184.7460,53.4746,207.0034,-4.7709,-19.7280,-23.3595,0.8301,-0.3026,-0.4684,0.9980,309,41.326256,0.1525,0.5347
BiancaGolden_CircleTurns,-184.7657,53.4210,206.9159,-5.0892,-20.0474,-23.0667,0.8332,-0.3083,-0.4590,0.9980,310,41.353638,0.1523,0.5342
BiancaGolden_CircleTurns,-184.7020,53.3794,206.9889,-5.4022,-19.8367,-22.9322,0.8373,-0.3048,-0.4539,0.9980,310,41.382191,0.1530,0.5338
BiancaGolden_CircleTurns,-184.5893,53.4503,206.9938,-5.6633,-19.7161,-22.8749,0.8387,-0.3032,-0.4523,0.9980,311,41.410072,0.1541,0.5345
BiancaGolden_CircleTurns,-184.3767,53.6145,207.0756,-6.1647,-19.8380,-22.6321,0.8418,-0.3032,-0.4467,0.9980,311,41.438072,0.1562,0.5361
BiancaGolden_CircleTurns,-184.0764,53.7851,207.1541,-6.4141,-19.8688,-22.5419,0.8662,-0.2511,-0.4320,0.9980,312,41.465878,0.1592,0.5379
BiancaGolden_CircleTurns,-183.6766,54.0058,207.1970,-6.4387,-19.3924,-22.7360,0.8743,-0.2228,-0.4312,0.9980,312,41.493927,0.1632,0.5401
BiancaGolden_CircleTurns,-183.1996,54.2620,207.2907,-6.3366,-18.7777,-23.0341,0.8533,-0.2905,-0.4330,0.9980,313,41.521446,0.1680,0.5426
BiancaGolden_CircleTurns,-182.7903,54.6747,207.1220,-6.0636,-18.3382,-23.4419,0.8922,-0.3561,-0.2777,0.9980,313,41.550171,0.1721,0.5467
BiancaGolden_CircleTurns,-182.3636,55.2228,206.8164,-5.4838,-18.4920,-23.8688,0.8925,-0.3490,-0.2856,0.9980,314,41.576965,0.1764,0.5522
BiancaGolden_CircleTurns,-181.8057,55.8982,206.5848,-5.0570,-18.5129,-24.2780,0.8882,-0.3561,-0.2903,0.9980,314,41.604786,0.1819,0.5590
BiancaGolden_CircleTurns,-181.2182,56.7134,206.1697,-4.8573,-18.4006,-24.7755,0.8812,-0.3619,-0.3042,0.9980,315,41.632626,0.1878,0.5671
BiancaGolden_CircleTurns,-180.4794,57.6461,205.7691,-4.8164,-18.1009,-25.3708,0.8813,-0.3687,-0.2955,0.9980,315,41.660503,0.1952,0.5765
BiancaGolden_CircleTurns,-179.6420,58.6548,205.3738,-4.6441,-17.4932,-25.9571,0.8757,-0.3686,-0.3118,0.9980,316,41.689491,0.2036,0.5865
BiancaGolden_CircleTurns,-178.6833,59.7817,205.2008,-4.3681,-17.0950,-26.3746,0.8735,-0.3680,-0.3187,0.9980,316,41.716717,0.2132,0.5978
BiancaGolden_CircleTurns,-177.6893,61.0078,205.0391,-3.8903,-17.3026,-26.4910,0.8695,-0.3632,-0.3347,0.9980,317,41.744137,0.2231,0.6101
BiancaGolden_CircleTurns,-176.5518,62.1508,205.1029,-3.5258,-18.0357,-26.5233,0.8665,-0.3664,-0.3391,0.9980,317,41.771881,0.2345,0.6215
BiancaGolden_CircleTurns,-175.3186,63.2518,205.2305,-3.5423,-18.1433,-26.8928,0.8656,-0.3766,-0.3299,0.9980,318,41.799244,0.2468,0.6325
BiancaGolden_CircleTurns,-174.0854,64.3340,205.3404,-3.4755,-17.5711,-27.3689,0.8572,-0.3919,-0.3342,0.9980,318,41.827236,0.2591,0.6433
BiancaGolden_CircleTurns,-173.1245,65.5078,205.3193,-3.0224,-17.6634,-27.5823,0.8521,-0.3929,-0.3457,0.9980,319,41.855053,0.2688,0.6551
BiancaGolden_CircleTurns,-172.1479,66.7153,205.5459,-2.4516,-18.1085,-27.6990,0.8522,-0.3944,-0.3439,0.9980,319,41.886723,0.2785,0.6672
BiancaGolden_CircleTurns,-171.1283,67.9068,205.8946,-2.1990,-17.9976,-28.0356,0.8504,-0.4009,-0.3406,0.9980,320,41.911549,0.2887,0.6791
BiancaGolden_CircleTurns,-170.2111,69.0960,206.0844,-2.2250,-17.6007,-28.5078,0.8478,-0.4109,-0.3354,0.9980,320,41.938332,0.2979,0.6910
BiancaGolden_CircleTurns,-169.3958,70.2054,206.2039,-1.8936,-17.2653,-29.0338,0.8482,-0.4208,-0.3216,0.9980,321,41.966110,0.3060,0.7021
BiancaGolden_CircleTurns,-168.5754,71.2141,206.4227,-1.6045,-16.8358,-29.5230,0.8600,-0.4344,-0.2677,0.9980,321,41.994030,0.3142,0.7121
BiancaGolden_CircleTurns,-167.8649,72.1377,206.6056,-1.4357,-16.3339,-29.9092,0.8611,-0.4349,-0.2633,0.9980,322,42.021835,0.3214,0.7214
BiancaGolden_CircleTurns,-167.2278,72.9855,206.7333,-1.3242,-16.1829,-30.3158,0.8570,-0.4391,-0.2696,0.9980,322,42.050343,0.3277,0.7299
BiancaGolden_CircleTurns,-166.5681,73.6868,206.9308,-1.2678,-15.7733,-30.7648,0.8558,-0.4435,-0.2664,0.9980,323,42.077950,0.3343,0.7369
BiancaGolden_CircleTurns,-166.0635,74.3231,207.0719,-1.3384,-15.3631,-31.0277,0.8505,-0.4436,-0.2826,0.9980,323,42.105656,0.3394,0.7432
BiancaGolden_CircleTurns,-165.6567,74.8972,207.1920,-1.4256,-15.4229,-31.2964,0.8442,-0.4486,-0.2935,0.9980,324,42.133396,0.3434,0.7490
BiancaGolden_CircleTurns,-165.2894,75.3716,207.3527,-1.5631,-15.7626,-31.5583,0.8422,-0.4469,-0.3016,0.9980,324,42.161671,0.3471,0.7537
BiancaGolden_CircleTurns,-164.9460,75.7215,207.6107,-1.6465,-15.9296,-31.7022,0.8415,-0.4487,-0.3010,0.9980,325,42.189171,0.3505,0.7572
BiancaGolden_CircleTurns,-164.6357,75.9416,207.8543,-1.6740,-15.8961,-31.8676,0.8405,-0.4534,-0.2967,0.9980,325,42.217319,0.3536,0.7594
BiancaGolden_CircleTurns,-164.4162,76.0696,208.0096,-1.7215,-15.7093,-32.1406,0.8413,-0.4542,-0.2931,0.9980,326,42.245182,0.3558,0.7607
BiancaGolden_CircleTurns,-164.2580,76.0913,208.1086,-1.7764,-15.4890,-32.4580,0.8364,-0.4585,-0.3005,0.9980,326,42.273472,0.3574,0.7609
BiancaGolden_CircleTurns,-164.0784,76.0076,208.2361,-1.9275,-15.0945,-32.8100,0.8365,-0.4680,-0.2849,0.9980,327,42.300774,0.3592,0.7601
BiancaGolden_CircleTurns,-163.9006,75.8398,208.2766,-2.3948,-14.2544,-33.1228,0.8410,-0.4648,-0.2769,0.9980,327,42.328659,0.3610,0.7584
BiancaGolden_CircleTurns,-163.8346,75.6129,208.1635,-2.7587,-13.7642,-33.1513,0.8441,-0.4578,-0.2792,0.9980,328,42.356136,0.3617,0.7561
BiancaGolden_CircleTurns,-163.8213,75.3467,207.9943,-2.7885,-13.5230,-33.0999,0.8400,-0.4595,-0.2886,0.9980,328,42.384350,0.3618,0.7535
BiancaGolden_CircleTurns,-163.8261,75.0326,207.9243,-3.0182,-13.2401,-33.0497,0.8085,-0.5162,-0.2824,0.9980,329,42.411819,0.3617,0.7503
BiancaGolden_CircleTurns,-163.8149,74.6181,208.0970,-3.4408,-13.5082,-33.0315,0.7687,-0.5728,-0.2848,0.9980,329,42.439892,0.3619,0.7462
BiancaGolden_CircleTurns,-163.7818,74.1746,208.4300,-4.2402,-13.9212,-33.0024,0.7356,-0.6039,-0.3069,0.9980,330,42.467995,0.3622,0.7417
BiancaGolden_CircleTurns,-163.8774,73.7246,208.4843,-4.5211,-14.2820,-32.8760,0.7355,-0.5738,-0.3603,0.9980,330,42.495766,0.3612,0.7372
BiancaGolden_CircleTurns,-163.9176,73.2695,208.6952,-4.8999,-14.1653,-32.6896,0.7492,-0.5986,-0.2834,0.9980,331,42.523319,0.3608,0.7327
BiancaGolden_CircleTurns,-163.9934,72.7900,208.9819,-5.3428,-13.6191,-32.2825,0.7608,-0.6001,-0.2469,0.9980,331,42.551365,0.3601,0.7279
BiancaGolden_CircleTurns,-164.1248,72.3407,209.1396,-5.7688,-13.0524,-31.8479,0.7811,-0.5859,-0.2159,0.9980,332,42.579067,0.3588,0.7234
BiancaGolden_CircleTurns,-164.2046,71.9277,209.2379,-6.2510,-12.1993,-31.5892,0.7877,-0.5735,-0.2249,0.9980,332,42.606998,0.3580,0.7193
BiancaGolden_CircleTurns,-164.2160,71.5137,209.3735,-6.8979,-11.1219,-31.4682,0.7888,-0.5729,-0.2226,0.9980,333,42.634769,0.3578,0.7151
BiancaGolden_CircleTurns,-164.2688,71.2116,209.3616,-7.3915,-10.4241,-31.5795,0.7836,-0.5685,-0.2506,0.9980,333,42.662971,0.3573,0.7121
BiancaGolden_CircleTurns,-164.3070,70.9948,209.2764,-7.4535,-10.2174,-31.7561,0.7761,-0.5726,-0.2640,0.9980,334,42.690422,0.3569,0.7099
BiancaGolden_CircleTurns,-164.2409,70.9006,209.0998,-7.1961,-10.1543,-31.8848,0.7738,-0.5727,-0.2707,0.9980,334,42.721260,0.3576,0.7090
BiancaGolden_CircleTurns,-164.0672,70.7762,209.1733,-6.9233,-9.9618,-31.9378,0.7903,-0.5434,-0.2830,0.9980,335,42.746189,0.3593,0.7078
BiancaGolden_CircleTurns,-163.8345,70.7778,209.2741,-7.0922,-9.9618,-32.0324,0.8308,-0.4723,-0.2943,0.9980,335,42.773430,0.3617,0.7078
BiancaGolden_CircleTurns,-163.5445,70.9220,209.2057,-7.2418,-10.3903,-32.0911,0.8290,-0.4724,-0.2992,0.9980,336,42.801315,0.3646,0.7092
BiancaGolden_CircleTurns,-163.0704,71.1003,209.2565,-7.3087,-10.4573,-32.1891,0.8309,-0.4696,-0.2984,0.9980,336,42.829128,0.3693,0.7110
BiancaGolden_CircleTurns,-162.6598,71.2239,209.0612,-6.7143,-10.3133,-32.3045,0.8289,-0.4676,-0.3070,0.9980,337,42.857025,0.3734,0.7122
BiancaGolden_CircleTurns,-161.9991,71.7237,208.9422,-6.8468,-10.7590,-32.5597,0.8266,-0.4678,-0.3129,0.9980,337,42.885647,0.3800,0.7172
BiancaGolden_CircleTurns,-161.3810,72.2478,208.9127,-6.0143,-10.7629,-32.5704,0.8213,-0.4658,-0.3294,0.9980,338,42.913219,0.3862,0.7225
BiancaGolden_CircleTurns,-160.8713,73.0377,208.6451,-5.9188,-11.2928,-32.6703,0.8188,-0.4603,-0.3429,0.9980,338,42.941059,0.3913,0.7304
BiancaGolden_CircleTurns,-160.2695,73.8292,208.6147,-5.8294,-12.1538,-32.6368,0.8439,-0.4230,-0.3301,0.9980,339,42.968792,0.3973,0.7383
BiancaGolden_CircleTurns,-159.4856,74.5545,208.8522,-5.6572,-11.9228,-33.0113,0.8461,-0.4241,-0.3228,0.9980,339,42.996925,0.4051,0.7455
BiancaGolden_CircleTurns,-158.6636,75.3625,208.7475,-4.9317,-11.4983,-33.2475,0.8425,-0.4294,-0.3253,0.9980,340,43.024261,0.4134,0.7536
BiancaGolden_CircleTurns,-157.8785,76.2928,208.6911,-4.4780,-11.5750,-33.6957,0.8363,-0.4352,-0.3334,0.9980,340,43.052429,0.4212,0.7629
BiancaGolden_CircleTurns,-157.1204,77.1946,208.8386,-4.0069,-12.1997,-34.1162,0.8311,-0.4395,-0.3408,0.9980,341,43.080395,0.4288,0.7719
BiancaGolden_CircleTurns,-156.3950,78.0605,208.7287,-3.2441,-12.5983,-34.3873,0.8275,-0.4470,-0.3397,0.9980,341,43.108372,0.4361,0.7806
BiancaGolden_CircleTurns,-155.6586,78.8579,208.7301,-2.9666,-12.5326,-34.8929,0.8307,-0.4458,-0.3334,0.9980,342,43.135838,0.4434,0.7886
BiancaGolden_CircleTurns,-154.9481,79.7151,208.6945,-2.9584,-12.3823,-35.3705,0.8299,-0.4465,-0.3345,0.9980,342,43.163788,0.4505,0.7972
BiancaGolden_CircleTurns,-154.3300,80.5938,208.7517,-2.7291,-12.4265,-35.4822,0.8303,-0.4520,-0.3262,0.9980,343,43.191727,0.4567,0.8059
BiancaGolden_CircleTurns,-153.6937,81.4987,208.8421,-2.7719,-12.4248,-35.6753,0.8312,-0.4588,-0.3142,0.9980,343,43.219620,0.4631,0.8150
BiancaGolden_CircleTurns,-153.0262,82.3303,208.9434,-2.7916,-11.9428,-35.9655,0.8321,-0.4641,-0.3036,0.9980,344,43.247177,0.4697,0.8233
BiancaGolden_CircleTurns,-152.3861,83.1013,209.1372,-2.5981,-11.1069,-36.2752,0.8339,-0.4672,-0.2938,0.9980,344,43.275845,0.4761,0.8310
BiancaGolden_CircleTurns,-151.8505,83.9138,209.2831,-2.4007,-10.6997,-36.3992,0.8332,-0.4686,-0.2935,0.9980,345,43.303112,0.4815,0.8391
BiancaGolden_CircleTurns,-151.3580,84.6922,209.4166,-2.3075,-10.4967,-36.6738,0.8301,-0.4729,-0.2955,0.9980,345,43.330986,0.4864,0.8469
BiancaGolden_CircleTurns,-150.8961,85.3716,209.5461,-1.9942,-9.9357,-37.2379,0.8259,-0.4859,-0.2860,0.9980,346,43.358871,0.4910,0.8537
BiancaGolden_CircleTurns,-150.4756,86.0135,209.6761,-1.6977,-9.1764,-38.0090,0.8163,-0.4923,-0.3022,0.9980,346,43.386837,0.4952,0.8601
BiancaGolden_CircleTurns,-150.2330,86.6926,209.8329,-1.4216,-9.1936,-38.8151,0.8083,-0.4994,-0.3119,0.9980,347,43.414577,0.4977,0.8669
BiancaGolden_CircleTurns,-149.9945,87.2918,209.9624,-1.3794,-9.1116,-39.7036,0.8053,-0.5115,-0.2998,0.9980,347,43.442669,0.5001,0.8729
BiancaGolden_CircleTurns,-149.7474,87.7941,210.2738,-1.3286,-8.3139,-40.6792,0.8047,-0.5213,-0.2841,0.9980,348,43.470264,0.5025,0.8779
BiancaGolden_CircleTurns,-149.6445,88.2906,210.6272,-1.1230,-7.0435,-41.5801,0.8062,-0.5264,-0.2703,0.9980,348,43.498299,0.5036,0.8829
BiancaGolden_CircleTurns,-149.5774,88.6716,211.0172,-0.8492,-5.4059,-42.3279,0.7982,-0.5452,-0.2563,0.9980,349,43.526257,0.5042,0.8867
BiancaGolden_CircleTurns,-149.6705,89.0642,211.3829,-0.4402,-4.4935,-43.2807,0.7093,-0.6746,-0.2045,0.9980,349,43.557167,0.5033,0.8906
BiancaGolden_CircleTurns,-149.8292,89.4233,211.7425,-0.0451,-3.5378,-44.1060,0.6737,-0.7199,-0.1668,0.9980,350,43.582565,0.5017,0.8942
BiancaGolden_CircleTurns,-149.9904,89.7490,212.1709,-0.0135,-1.8701,-44.7446,0.6766,-0.7304,-0.0933,0.9980,350,43.609020,0.5001,0.8975
BiancaGolden_CircleTurns,-150.2315,90.0584,212.6167,0.0708,1.0195,-45.3498,0.7574,-0.6513,-0.0464,0.9980,351,43.636810,0.4977,0.9006
BiancaGolden_CircleTurns,-150.5732,90.4884,212.8976,0.3217,3.7856,-45.5691,0.7042,-0.7048,-0.0858,0.9980,351,43.664574,0.4943,0.9049
BiancaGolden_CircleTurns,-150.8989,90.9317,213.0127,0.7159,4.9249,-45.3216,0.7121,-0.6968,-0.0855,0.9980,352,43.692669,0.4910,0.9093
BiancaGolden_CircleTurns,-151.1291,91.2118,213.1630,1.2556,4.9389,-44.5805,0.8019,-0.5612,-0.2052,0.9980,352,43.720325,0.4887,0.9121
BiancaGolden_CircleTurns,-151.2408,91.3024,213.7702,1.5409,4.9637,-43.7129,0.8203,-0.4676,-0.3292,0.9980,353,43.747936,0.4876,0.9130
BiancaGolden_CircleTurns,-151.3519,91.2904,213.9538,1.5366,4.6208,-42.9127,0.8214,-0.4544,-0.3447,0.9980,353,43.776146,0.4865,0.9129
BiancaGolden_CircleTurns,-151.3553,91.1836,213.7863,2.1835,4.0672,-41.9246,0.8155,-0.4469,-0.3677,0.9980,354,43.804005,0.4864,0.9118
BiancaGolden_CircleTurns,-151.2049,91.0066,213.6164,1.9677,3.8947,-41.0751,0.8126,-0.4522,-0.3678,0.9980,354,43.832268,0.4880,0.9101
BiancaGolden_CircleTurns,-151.0312,90.8531,213.6116,1.4029,3.7475,-40.3399,0.8157,-0.4412,-0.3741,0.9980,355,43.859673,0.4897,0.9085
BiancaGolden_CircleTurns,-150.8424,90.7151,213.5065,0.9655,3.2995,-39.6121,0.8029,-0.4451,-0.3966,0.9980,355,43.887646,0.4916,0.9072
BiancaGolden_CircleTurns,-150.6987,90.5367,213.5742,0.6999,2.7217,-39.0215,0.7951,-0.4407,-0.4166,0.9980,356,43.915123,0.4930,0.9054
BiancaGolden_CircleTurns,-150.6430,90.4430,213.6044,0.5739,2.0027,-38.4634,0.7970,-0.4397,-0.4140,0.9980,356,43.942932,0.4936,0.9044
BiancaGolden_CircleTurns,-150.5998,90.3337,213.5663,0.7355,1.9049,-37.9651,0.7942,-0.4463,-0.4124,0.9980,357,43.970959,0.4940,0.9033
BiancaGolden_CircleTurns,-150.6479,90.3324,213.4517,0.9133,1.9168,-37.5882,0.7802,-0.4683,-0.4146,0.9980,357,43.999020,0.4935,0.9033
BiancaGolden_CircleTurns,-150.7927,90.2788,213.4084,1.0579,1.4677,-37.4208,0.7846,-0.4776,-0.3953,0.9980,358,44.026821,0.4921,0.9028
BiancaGolden_CircleTurns,-150.9761,90.2012,213.6697,1.1430,1.1194,-37.4816,0.6941,-0.6439,-0.3218,0.9980,358,44.054665,0.4902,0.9020
BiancaGolden_CircleTurns,-151.1352,90.0559,213.6820,1.4352,1.2441,-37.8117,0.7271,-0.6751,-0.1247,0.9980,359,44.082649,0.4886,0.9006
BiancaGolden_CircleTurns,-151.3311,89.7960,213.9929,2.2681,1.7948,-38.2567,0.7294,-0.6747,-0.1130,0.9980,359,44.110413,0.4867,0.8980
BiancaGolden_CircleTurns,-151.4328,89.7046,214.0924,1.3627,2.5912,-39.8382,0.6663,-0.7383,-0.1047,0.9980,360,44.138271,0.4857,0.8970
BiancaGolden_CircleTurns,-151.6516,89.4489,214.1259,1.1239,3.6770,-41.0631,0.3386,-0.9261,-0.1662,0.9980,360,44.166237,0.4835,0.8945
BiancaGolden_CircleTurns,-151.8457,89.2988,213.9752,1.6531,4.3606,-42.1742,0.2790,-0.9443,-0.1745,0.9980,361,44.194893,0.4815,0.8930
BiancaGolden_CircleTurns,-152.0503,89.2391,213.9603,2.0653,3.4360,-42.7932,0.2826,-0.9459,-0.1594,0.9980,361,44.222054,0.4795,0.8924
BiancaGolden_CircleTurns,-152.1705,89.0286,214.0145,2.4253,2.9962,-43.0486,0.2999,-0.9425,-0.1475,0.9980,362,44.249393,0.4783,0.8903
BiancaGolden_CircleTurns,-152.1996,88.6874,214.2105,1.9958,3.9257,-43.6496,0.3041,-0.9448,-0.1218,0.9980,362,44.277657,0.4780,0.8869
BiancaGolden_CircleTurns,-152.1412,88.3300,214.3793,1.7049,5.3583,-44.0228,0.3025,-0.9455,-0.1208,0.9980,363,44.305454,0.4786,0.8833
BiancaGolden_CircleTurns,-152.1039,88.1683,214.2484,0.6913,5.6893,-44.5263,0.2938,-0.9421,-0.1617,0.9980,363,44.333698,0.4790,0.8817
BiancaGolden_CircleTurns,-152.1919,88.0681,213.9130,0.2352,4.4683,-45.0727,0.2160,-0.9544,-0.2059,0.9980,364,44.361008,0.4781,0.8807
BiancaGolden_CircleTurns,-152.3564,87.9531,213.6316,0.5942,2.6362,-45.8713,0.0947,-0.9665,-0.2385,0.9980,364,44.391914,0.4764,0.8795
BiancaGolden_CircleTurns,-152.4336,87.7699,213.6299,1.4667,1.3513,-46.5671,0.0671,-0.9693,-0.2365,0.9980,365,44.417065,0.4757,0.8777
BiancaGolden_CircleTurns,-152.3749,87.5308,213.7071,1.5090,1.1077,-47.1501,0.0666,-0.9750,-0.2119,0.9980,365,44.444164,0.4763,0.8753
BiancaGolden_CircleTurns,-152.2972,87.2029,213.8480,1.5835,2.1707,-47.8579,0.0581,-0.9813,-0.1836,0.9980,366,44.472237,0.4770,0.8720
BiancaGolden_CircleTurns,-152.2986,86.8875,213.8156,1.4550,3.1415,-49.3049,0.0212,-0.9825,-0.1849,0.9980,366,44.499958,0.4770,0.8689
BiancaGolden_CircleTurns,-152.3964,86.5824,213.6102,1.7674,2.9942,-51.4339,-0.0073,-0.9790,-0.2036,0.9980,367,44.527485,0.4760,0.8658
BiancaGolden_CircleTurns,-152.5402,86.3392,213.3450,2.6257,2.0707,-53.8311,-0.0157,-0.9761,-0.2170,0.9980,367,44.555885,0.4746,0.8634
BiancaGolden_CircleTurns,-152.5125,86.2108,213.2184,4.2547,0.7951,-55.1411,0.0229,-0.9744,-0.2237,0.9980,368,44.584160,0.4749,0.8621
BiancaGolden_CircleTurns,-152.3434,86.1152,213.2396,4.6753,0.4301,-55.2871,0.0500,-0.9726,-0.2269,0.9980,368,44.611992,0.4766,0.8612
BiancaGolden_CircleTurns,-152.1813,85.9604,213.2407,4.2354,0.7470,-55.0738,0.0853,-0.9676,-0.2376,0.9980,369,44.639610,0.4782,0.8596
BiancaGolden_CircleTurns,-152.0878,85.8795,213.1573,4.0906,0.9738,-54.5323,0.1403,-0.9563,-0.2566,0.9980,369,44.667645,0.4791,0.8588
BiancaGolden_CircleTurns,-152.0410,85.8522,213.0424,3.8089,0.7561,-53.8482,0.2289,-0.9367,-0.2648,0.9980,370,44.695248,0.4796,0.8585
BiancaGolden_CircleTurns,-152.0412,85.7747,212.8364,3.5629,0.7663,-53.3894,0.2524,-0.9283,-0.2731,0.9980,370,44.723465,0.4796,0.8577
BiancaGolden_CircleTurns,-152.0282,85.7034,212.5941,3.5629,1.1106,-53.1397,0.2568,-0.9292,-0.2657,0.9980,371,44.751251,0.4797,0.8570
BiancaGolden_CircleTurns,-151.9961,85.7067,212.2697,3.7106,1.3006,-52.7805,0.2652,-0.9270,-0.2653,0.9980,371,44.779385,0.4800,0.8571
BiancaGolden_CircleTurns,-151.9469,85.7964,211.9797,3.5390,1.3571,-52.0527,0.2730,-0.9201,-0.2807,0.9980,372,44.807472,0.4805,0.8580
BiancaGolden_CircleTurns,-151.9136,85.8609,211.8296,3.3205,1.2187,-51.3952,0.2766,-0.9151,-0.2933,0.9980,372,44.835365,0.4809,0.8586
BiancaGolden_CircleTurns,-151.8804,85.9480,211.7382,3.1268,0.8032,-50.7778,0.2775,-0.9120,-0.3021,0.9980,373,44.862465,0.4812,0.8595
BiancaGolden_CircleTurns,-151.7772,86.0378,211.8403,2.7401,0.3570,-50.3700,0.2718,-0.9128,-0.3049,0.9980,373,44.890701,0.4822,0.8604
BiancaGolden_CircleTurns,-151.6638,86.1458,211.8961,2.4575,-0.0869,-50.0403,0.2646,-0.9159,-0.3019,0.9980,374,44.918358,0.4834,0.8615
BiancaGolden_CircleTurns,-151.4493,86.2757,212.0109,1.8705,-0.0681,-50.0510,0.2827,-0.9132,-0.2936,0.9980,374,44.946560,0.4855,0.8628
BiancaGolden_CircleTurns,-151.1703,86.4263,212.1120,1.5626,0.4983,-49.9814,0.4889,-0.8306,-0.2668,0.9980,375,44.974365,0.4883,0.8643
BiancaGolden_CircleTurns,-150.8665,86.6765,212.0934,1.5041,1.0233,-49.6796,0.6697,-0.7050,-0.2333,0.9980,375,45.003269,0.4913,0.8668
BiancaGolden_CircleTurns,-150.5419,86.9495,212.0606,1.4778,1.3266,-49.2561,0.7236,-0.6519,-0.2267,0.9980,376,45.030331,0.4946,0.8695
BiancaGolden_CircleTurns,-150.1815,87.3397,211.9227,1.1073,1.4638,-49.1298,0.7219,-0.6476,-0.2439,0.9980,376,45.058002,0.4982,0.8734
BiancaGolden_CircleTurns,-149.8508,87.7574,211.8623,1.0586,1.1470,-49.0949,0.7143,-0.6536,-0.2499,0.9980,377,45.085648,0.5015,0.8776
BiancaGolden_CircleTurns,-149.4833,88.1387,211.7790,1.6413,1.1293,-48.9043,0.7189,-0.6480,-0.2516,0.9980,377,45.113750,0.5052,0.8814
BiancaGolden_CircleTurns,-148.9540,88.5797,212.6703,0.8280,0.9158,-48.4483,0.7192,-0.6479,-0.2510,0.9980,378,45.141388,0.5105,0.8858
BiancaGolden_CircleTurns,-148.7905,88.7829,212.8261,1.0361,0.9067,-48.0094,0.7114,-0.6574,-0.2484,0.9980,378,45.169506,0.5121,0.8878
BiancaGolden_CircleTurns,-148.6664,88.8784,212.7407,1.6936,0.9466,-48.5546,0.7012,-0.6705,-0.2425,0.9980,379,45.197136,0.5133,0.8888
BiancaGolden_CircleTurns,-148.4873,89.0614,212.8864,1.4204,1.3915,-49.1598,0.6756,-0.6941,-0.2485,0.9980,379,45.228760,0.5151,0.8906
BiancaGolden_CircleTurns,-148.4573,89.2544,212.7960,0.5702,1.5851,-49.9505,0.4839,-0.8355,-0.2603,0.9980,380,45.253254,0.5154,0.8925
BiancaGolden_CircleTurns,-148.4990,89.4575,212.5715,0.3622,1.2058,-51.2044,0.3839,-0.8833,-0.2692,0.9980,380,45.280560,0.5150,0.8946
BiancaGolden_CircleTurns,-148.4577,89.6909,212.3481,0.5921,0.6703,-51.9381,0.2135,-0.9433,-0.2543,0.9980,381,45.308197,0.5154,0.8969
BiancaGolden_CircleTurns,-148.3087,89.8613,212.4061,0.2875,0.7567,-52.3094,0.1168,-0.9689,-0.2180,0.9980,381,45.336021,0.5169,0.8986
BiancaGolden_CircleTurns,-148.2175,89.8549,212.5672,0.2750,1.5900,-52.5390,0.0965,-0.9733,-0.2085,0.9980,382,45.363796,0.5178,0.8985
BiancaGolden_CircleTurns,-148.1574,89.8686,212.6387,-0.1846,2.2145,-53.0563,0.0855,-0.9759,-0.2010,0.9980,382,45.391987,0.5184,0.8987
BiancaGolden_CircleTurns,-148.0450,89.8545,212.7846,-0.8812,2.8384,-53.9124,0.0857,-0.9726,-0.2161,0.9980,383,45.419872,0.5196,0.8985
BiancaGolden_CircleTurns,-147.9631,89.9026,212.8070,-1.4549,3.5561,-54.7540,0.0836,-0.9730,-0.2150,0.9980,383,45.447857,0.5204,0.8990
BiancaGolden_CircleTurns,-147.9066,90.0547,212.7960,-1.5419,3.7414,-55.4594,0.0750,-0.9701,-0.2308,0.9980,384,45.475437,0.5209,0.9005
BiancaGolden_CircleTurns,-147.8759,90.2013,212.6854,-1.4203,3.1990,-56.0323,0.0572,-0.9705,-0.2341,0.9980,384,45.503590,0.5212,0.9020
BiancaGolden_CircleTurns,-147.9296,90.3933,212.4702,-0.5765,2.4307,-56.7677,-0.0389,-0.9596,-0.2786,0.9980,385,45.531151,0.5207,0.9039
BiancaGolden_CircleTurns,-147.9173,90.5779,212.3538,-0.3014,1.1538,-57.1010,-0.0302,-0.9513,-0.3067,0.9980,385,45.559181,0.5208,0.9058
BiancaGolden_CircleTurns,-147.8139,90.6975,212.4293,-0.4664,0.4131,-57.4417,-0.0342,-0.9522,-0.3036,0.9980,386,45.587292,0.5219,0.9070
BiancaGolden_CircleTurns,-147.6889,90.7786,212.5491,-0.6702,0.7725,-57.8067,-0.0152,-0.9639,-0.2660,0.9980,386,45.615494,0.5231,0.9078
BiancaGolden_CircleTurns,-147.5333,90.8341,212.6450,-0.6959,1.7076,-57.5607,0.0006,-0.9699,-0.2435,0.9980,387,45.642849,0.5247,0.9083
BiancaGolden_CircleTurns,-147.4149,91.0526,212.5625,-0.4644,2.2767,-57.0641,0.0239,-0.9659,-0.2577,0.9980,387,45.670570,0.5259,0.9105
BiancaGolden_CircleTurns,-147.3526,91.1983,212.4872,0.0418,1.6368,-56.3492,0.0445,-0.9607,-0.2741,0.9980,388,45.698063,0.5265,0.9120
BiancaGolden_CircleTurns,-147.1534,91.3499,212.4382,0.7874,1.1743,-55.2313,0.2682,-0.9203,-0.2847,0.9980,388,45.726616,0.5285,0.9135
BiancaGolden_CircleTurns,-146.9327,91.4984,212.3354,0.8664,0.6701,-53.6022,0.4086,-0.8772,-0.2523,0.9980,389,45.754105,0.5307,0.9150
BiancaGolden_CircleTurns,-146.7480,91.5510,212.2126,0.9879,0.1360,-51.9219,0.5860,-0.7507,-0.3050,0.9980,389,45.782162,0.5325,0.9155
BiancaGolden_CircleTurns,-146.6276,91.6209,212.1089,0.6470,-0.7670,-50.4614,0.7305,-0.5802,-0.3601,0.9980,390,45.809986,0.5337,0.9162
BiancaGolden_CircleTurns,-146.4464,91.6210,212.0619,0.1919,-1.1563,-49.2747,0.7623,-0.5410,-0.3552,0.9980,390,45.838146,0.5355,0.9162
BiancaGolden_CircleTurns,-146.2648,91.5587,212.1491,-0.0490,-0.3451,-48.3824,0.7586,-0.5392,-0.3658,0.9980,391,45.867058,0.5374,0.9156
BiancaGolden_CircleTurns,-146.1517,91.5086,212.1656,0.2914,0.1928,-47.6922,0.7473,-0.5529,-0.3686,0.9980,391,45.894291,0.5385,0.9151
BiancaGolden_CircleTurns,-146.0806,91.4602,212.0237,1.0765,-0.1494,-46.8361,0.7463,-0.5475,-0.3786,0.9980,392,45.922081,0.5392,0.9146
BiancaGolden_CircleTurns,-146.0256,91.3375,211.9693,1.5374,-0.6771,-46.0898,0.7527,-0.5350,-0.3837,0.9980,392,45.949486,0.5397,0.9134
BiancaGolden_CircleTurns,-145.9025,91.1732,211.9221,1.3317,-0.9856,-45.4074,0.7453,-0.5346,-0.3983,0.9980,393,45.976799,0.5410,0.9117
BiancaGolden_CircleTurns,-145.7865,91.0164,211.8084,1.2536,-1.5545,-44.6474,0.7389,-0.5417,-0.4008,0.9980,393,46.005028,0.5421,0.9102
BiancaGolden_CircleTurns,-145.6906,90.8176,211.7006,1.5604,-2.1757,-43.8022,0.7353,-0.5446,-0.4034,0.9980,394,46.032906,0.5431,0.9082
BiancaGolden_CircleTurns,-145.5722,90.5282,211.5926,2.0104,-2.7368,-42.8378,0.7334,-0.5460,-0.4050,0.9980,394,46.064133,0.5443,0.9053
BiancaGolden_CircleTurns,-145.4205,90.1694,211.4966,2.1605,-3.0795,-41.9471,0.7389,-0.5399,-0.4031,0.9980,395,46.088894,0.5458,0.9017
BiancaGolden_CircleTurns,-145.1937,89.7530,211.2914,1.9923,-3.0033,-41.0334,0.7450,-0.5307,-0.4042,0.9980,395,46.115971,0.5481,0.8975
BiancaGolden_CircleTurns,-144.9528,89.3736,211.0505,1.6819,-3.3146,-40.1127,0.7529,-0.5374,-0.3798,0.9980,396,46.143848,0.5505,0.8937
BiancaGolden_CircleTurns,-144.7008,88.9857,210.7719,1.6003,-4.0993,-39.1484,0.7572,-0.5197,-0.3957,0.9980,396,46.171906,0.5530,0.8899
BiancaGolden_CircleTurns,-144.3967,88.5716,210.4932,1.6713,-5.0804,-38.0987,0.7686,-0.5453,-0.3345,0.9980,397,46.199604,0.5560,0.8857
BiancaGolden_CircleTurns,-144.0414,88.2438,210.1452,1.8455,-6.1174,-36.8460,0.7857,-0.5443,-0.2940,0.9980,397,46.227825,0.5596,0.8824
BiancaGolden_CircleTurns,-143.6421,87.9201,209.7904,1.8389,-7.0144,-35.4920,0.7930,-0.5267,-0.3061,0.9980,398,46.255745,0.5636,0.8792
BiancaGolden_CircleTurns,-143.2723,87.6393,209.4406,1.8830,-7.7397,-34.3518,0.7332,-0.5587,-0.3877,0.9980,398,46.283749,0.5673,0.8764
BiancaGolden_CircleTurns,-142.8401,87.4986,209.1087,1.8525,-8.6066,-33.4754,0.7024,-0.5320,-0.4728,0.9980,399,46.311733,0.5716,0.8750
BiancaGolden_CircleTurns,-142.3319,87.3995,208.9821,1.7188,-8.9709,-32.8331,0.7080,-0.5338,-0.4623,0.9980,399,46.339542,0.5767,0.8740
BiancaGolden_CircleTurns,-141.6948,87.3302,209.1474,1.7212,-8.2235,-32.5402,0.7216,-0.5433,-0.4291,0.9980,400,46.367065,0.5831,0.8733
BiancaGolden_CircleTurns,-141.0644,87.3814,209.3162,1.8335,-6.6885,-32.4101,0.7197,-0.5646,-0.4040,0.9980,400,46.395233,0.5894,0.8738
BiancaGolden_CircleTurns,-140.5055,87.5152,209.3490,2.4320,-5.9212,-32.2052,0.7236,-0.5715,-0.3870,0.9980,401,46.423038,0.5949,0.8752
BiancaGolden_CircleTurns,-139.8606,87.7837,209.4574,3.0267,-5.1570,-31.9063,0.7257,-0.5607,-0.3988,0.9980,401,46.451107,0.6014,0.8778
BiancaGolden_CircleTurns,-139.2830,88.2391,209.3117,3.0930,-4.9300,-31.4470,0.7094,-0.5456,-0.4462,0.9980,402,46.478588,0.6072,0.8824
BiancaGolden_CircleTurns,-138.6936,88.6956,209.0715,3.4730,-5.2387,-30.8956,0.7026,-0.5337,-0.4706,0.9980,402,46.506546,0.6131,0.8870
BiancaGolden_CircleTurns,-138.0568,89.1757,208.9921,3.0523,-5.9495,-30.5854,0.7020,-0.5262,-0.4799,0.9980,403,46.534641,0.6194,0.8918
BiancaGolden_CircleTurns,-137.2104,89.5804,209.3391,2.3664,-6.3402,-30.6196,0.6875,-0.5492,-0.4752,0.9980,403,46.562256,0.6279,0.8958
BiancaGolden_CircleTurns,-136.3542,90.0238,209.3917,2.1032,-6.4962,-30.7447,0.6840,-0.5515,-0.4774,0.9980,404,46.590038,0.6365,0.9002
BiancaGolden_CircleTurns,-135.3593,90.4599,209.4768,2.0839,-6.6552,-30.8754,0.6739,-0.5479,-0.4956,0.9980,404,46.617970,0.6464,0.9046
BiancaGolden_CircleTurns,-134.3814,90.9107,209.1636,2.0072,-7.6456,-30.9891,0.6485,-0.5524,-0.5237,0.9980,405,46.645447,0.6562,0.9091
BiancaGolden_CircleTurns,-133.4066,91.2694,208.5369,2.1281,-10.4569,-31.2737,0.6040,-0.5465,-0.5801,0.9980,405,46.673611,0.6659,0.9127
BiancaGolden_CircleTurns,-132.3056,91.5148,207.7623,2.2174,-14.4426,-32.1558,0.5567,-0.5578,-0.6155,0.9980,406,46.701363,0.6769,0.9151
BiancaGolden_CircleTurns,-131.1124,91.6858,206.9737,3.0190,-17.9933,-33.2689,0.5525,-0.5787,-0.5999,0.9980,406,46.729397,0.6889,0.9169
BiancaGolden_CircleTurns,-129.7492,91.7731,206.2566,3.8633,-20.4948,-34.2780,0.5534,-0.5957,-0.5821,0.9980,407,46.756985,0.7025,0.9177
BiancaGolden_CircleTurns,-128.2489,91.8056,205.5093,4.2640,-21.2911,-35.0047,0.5713,-0.6060,-0.5535,0.9980,407,46.785172,0.7175,0.9181
BiancaGolden_CircleTurns,-126.8477,91.8886,204.6534,4.0812,-21.5409,-34.8851,0.5923,-0.6098,-0.5266,0.9980,408,46.813175,0.7315,0.9189
BiancaGolden_CircleTurns,-125.4532,91.8784,203.7655,4.6959,-21.9550,-35.1051,0.5891,-0.6144,-0.5248,0.9980,408,46.841152,0.7455,0.9188
BiancaGolden_CircleTurns,-124.1541,91.6522,203.0705,5.7214,-22.5894,-35.3471,0.5812,-0.6213,-0.5256,0.9980,409,46.868912,0.7585,0.9165
BiancaGolden_CircleTurns,-122.8326,91.4755,202.3078,6.5288,-23.3657,-35.4224,0.5870,-0.6028,-0.5404,0.9980,409,46.899525,0.7717,0.9148
BiancaGolden_CircleTurns,-121.7041,91.2888,201.3625,6.5752,-24.8800,-35.5472,0.5802,-0.5857,-0.5659,0.9980,410,46.924515,0.7830,0.9129
BiancaGolden_CircleTurns,-120.6095,90.9884,200.8359,6.7164,-26.4844,-35.8166,0.5650,-0.5899,-0.5769,0.9980,410,46.951527,0.7939,0.9099
BiancaGolden_CircleTurns,-119.5969,90.6505,200.2893,7.0661,-28.1645,-36.0419,0.5611,-0.5883,-0.5823,0.9980,411,46.979160,0.8040,0.9065
BiancaGolden_CircleTurns,-118.7778,90.3400,199.7646,7.3012,-29.5887,-36.2190,0.5598,-0.5831,-0.5887,0.9980,411,47.007156,0.8122,0.9034
BiancaGolden_CircleTurns,-118.1424,90.0439,199.3526,7.4324,-30.6989,-36.1406,0.5727,-0.5828,-0.5764,0.9980,412,47.035233,0.8186,0.9004
BiancaGolden_CircleTurns,-117.7653,89.8271,199.0667,7.3734,-31.9805,-36.1133,0.5712,-0.5904,-0.5702,0.9980,412,47.063446,0.8223,0.8983
BiancaGolden_CircleTurns,-117.5754,89.6273,198.9474,7.1857,-33.2045,-36.2376,0.5675,-0.5890,-0.5753,0.9980,413,47.090698,0.8242,0.8963
BiancaGolden_CircleTurns,-117.5184,89.4216,199.0446,6.8712,-33.7006,-36.3425,0.5851,-0.5812,-0.5656,0.9980,413,47.118519,0.8248,0.8942
BiancaGolden_CircleTurns,-117.4782,89.1610,199.2750,6.7526,-33.2755,-36.2663,0.5894,-0.5977,-0.5435,0.9980,414,47.146240,0.8252,0.8916
BiancaGolden_CircleTurns,-117.5747,88.9535,199.4682,6.5554,-32.6857,-36.3007,0.5863,-0.6003,-0.5439,0.9980,414,47.174267,0.8243,0.8895
BiancaGolden_CircleTurns,-117.8895,88.7412,199.6133,6.4703,-32.7104,-36.5006,0.5818,-0.6037,-0.5450,0.9980,415,47.202610,0.8211,0.8874
BiancaGolden_CircleTurns,-118.0898,88.4624,199.7426,6.5222,-32.9178,-36.8829,0.5828,-0.5984,-0.5498,0.9980,415,47.230209,0.8191,0.8846
BiancaGolden_CircleTurns,-118.2284,88.0973,199.7630,6.5635,-33.0960,-37.2262,0.5773,-0.5994,-0.5544,0.9980,416,47.257942,0.8177,0.8810
BiancaGolden_CircleTurns,-118.2204,87.7027,199.7568,6.5043,-33.4091,-37.5117,0.5751,-0.5981,-0.5581,0.9980,416,47.285870,0.8178,0.8770
BiancaGolden_CircleTurns,-118.0880,87.2302,199.4534,6.2443,-33.6620,-37.6369,0.5716,-0.5911,-0.5691,0.9980,417,47.313622,0.8191,0.8723
BiancaGolden_CircleTurns,-117.7393,86.6261,199.0139,6.2405,-33.7688,-37.7752,0.5755,-0.5879,-0.5684,0.9980,417,47.341759,0.8226,0.8663
BiancaGolden_CircleTurns,-117.1772,85.9419,198.2838,6.0941,-33.6799,-37.8854,0.5709,-0.5850,-0.5761,0.9980,418,47.369423,0.8282,0.8594
BiancaGolden_CircleTurns,-116.6069,85.3035,197.3534,5.8439,-34.1954,-38.1055,0.5712,-0.5784,-0.5823,0.9980,418,47.397507,0.8339,0.8530
BiancaGolden_CircleTurns,-115.8750,84.5692,196.3418,5.8864,-34.6134,-38.1921,0.5557,-0.5756,-0.5999,0.9980,419,47.425205,0.8413,0.8457
BiancaGolden_CircleTurns,-115.2906,84.0260,195.1436,5.8175,-35.8856,-38.7254,0.5423,-0.5608,-0.6256,0.9980,419,47.453335,0.8471,0.8403
BiancaGolden_CircleTurns,-114.7310,83.5079,194.0500,5.9814,-37.7049,-39.0206,0.5400,-0.5575,-0.6305,0.9980,420,47.481178,0.8527,0.8351
BiancaGolden_CircleTurns,-114.1220,83.0149,193.0585,6.2888,-39.3139,-39.3696,0.5336,-0.5516,-0.6411,0.9980,420,47.509014,0.8588,0.8301
BiancaGolden_CircleTurns,-113.7004,82.5607,191.9983,7.1755,-40.8786,-39.4441,0.5307,-0.5535,-0.6419,0.9980,421,47.537132,0.8630,0.8256
BiancaGolden_CircleTurns,-113.3531,82.1722,191.0824,7.9209,-42.7652,-39.7473,0.5227,-0.5502,-0.6512,0.9980,421,47.564762,0.8665,0.8217
BiancaGolden_CircleTurns,-113.2681,81.9287,190.3018,8.4256,-44.6300,-40.1845,0.5151,-0.5563,-0.6521,0.9980,422,47.591980,0.8673,0.8193
BiancaGolden_CircleTurns,-113.0867,81.7199,189.8349,8.9435,-45.8953,-40.9313,0.5281,-0.5701,-0.6294,0.9980,422,47.619865,0.8691,0.8172
BiancaGolden_CircleTurns,-112.8495,81.5674,189.6319,9.1869,-46.3498,-41.1467,0.5463,-0.5726,-0.6114,0.9980,423,47.647682,0.8715,0.8157
BiancaGolden_CircleTurns,-112.6238,81.4782,189.4942,9.1518,-45.8261,-40.9827,0.5580,-0.5749,-0.5984,0.9980,423,47.675797,0.8738,0.8148
BiancaGolden_CircleTurns,-112.4706,81.5994,189.4938,9.0130,-45.1317,-40.8849,0.5695,-0.5677,-0.5944,0.9980,424,47.703693,0.8753,0.8160
BiancaGolden_CircleTurns,-112.3611,81.8286,189.6789,8.8238,-45.0956,-40.5131,0.5678,-0.5679,-0.5959,0.9980,424,47.735004,0.8764,0.8183
BiancaGolden_CircleTurns,-112.2027,82.0812,190.0359,8.5195,-44.8913,-40.3662,0.5737,-0.5742,-0.5841,0.9980,425,47.759926,0.8780,0.8208
BiancaGolden_CircleTurns,-112.0737,82.4298,190.4883,8.4233,-43.9192,-40.3532,0.5753,-0.5802,-0.5765,0.9980,425,47.787045,0.8793,0.8243
BiancaGolden_CircleTurns,-112.1086,82.9042,191.1663,8.7768,-43.4656,-40.2614,0.5731,-0.5732,-0.5856,0.9980,426,47.814686,0.8789,0.8290
BiancaGolden_CircleTurns,-112.2514,83.4710,191.8576,9.2857,-43.3395,-40.2139,0.5776,-0.5829,-0.5715,0.9980,426,47.842667,0.8775,0.8347
BiancaGolden_CircleTurns,-112.0569,83.9112,192.7656,8.9529,-41.8771,-40.3865,0.5910,-0.5959,-0.5437,0.9980,427,47.870461,0.8794,0.8391
BiancaGolden_CircleTurns,-111.9333,84.3377,193.6968,8.6338,-39.3180,-40.2353,0.5988,-0.6028,-0.5273,0.9980,427,47.898670,0.8807,0.8434
BiancaGolden_CircleTurns,-111.8806,84.9515,194.5682,7.7858,-37.0694,-40.1128,0.6034,-0.6083,-0.5157,0.9980,428,47.926598,0.8812,0.8495
BiancaGolden_CircleTurns,-111.7772,85.5648,195.4166,7.1377,-35.2746,-39.8697,0.6123,-0.6163,-0.4953,0.9980,428,47.954712,0.8822,0.8556
BiancaGolden_CircleTurns,-111.5500,86.1992,196.2946,6.1033,-33.2648,-39.3720,0.5962,-0.5990,-0.5345,0.9980,429,47.982529,0.8845,0.8620
BiancaGolden_CircleTurns,-111.3885,86.9094,197.0617,5.0066,-31.7544,-39.0996,0.6144,-0.5958,-0.5173,0.9980,429,48.010197,0.8861,0.8691
BiancaGolden_CircleTurns,-111.1700,87.6336,197.6915,4.2185,-30.7394,-39.0257,0.6462,-0.6598,-0.3834,0.9980,430,48.037796,0.8883,0.8763
BiancaGolden_CircleTurns,-110.8392,88.2972,198.2794,3.6687,-29.6675,-38.9477,0.6549,-0.6503,-0.3850,0.9980,430,48.066135,0.8916,0.8830
BiancaGolden_CircleTurns,-110.5453,89.0087,198.8323,3.4096,-28.4538,-39.0377,0.6395,-0.6450,-0.4183,0.9980,431,48.093933,0.8945,0.8901
BiancaGolden_CircleTurns,-110.3138,89.8638,199.1601,3.0489,-28.0352,-39.2060,0.6178,-0.6257,-0.4762,0.9980,431,48.122162,0.8969,0.8986
BiancaGolden_CircleTurns,-110.1680,90.7180,199.4626,3.1509,-28.4561,-38.9587,0.6125,-0.6135,-0.4984,0.9980,432,48.149414,0.8983,0.9072
BiancaGolden_CircleTurns,-109.9762,91.4808,199.7263,3.0038,-28.6572,-38.6595,0.6200,-0.6064,-0.4979,0.9980,432,48.177280,0.9002,0.9148
BiancaGolden_CircleTurns,-109.7910,92.1444,199.9533,2.9835,-28.3835,-38.5079,0.6124,-0.6174,-0.4937,0.9980,0,48.205196,0.9021,0.9214
BiancaGolden_CircleTurns,-109.4516,92.7432,200.0820,2.6168,-27.7701,-38.6012,0.6115,-0.6277,-0.4817,0.9980,0,48.233425,0.9055,0.9274
BiancaGolden_CircleTurns,-109.0051,93.2885,200.1683,2.1355,-26.8679,-38.7439,0.6138,-0.6305,-0.4752,0.9980,0,48.260468,0.9099,0.9329
BiancaGolden_CircleTurns,-108.5430,93.8013,200.1821,2.0270,-26.2018,-38.6697,0.6140,-0.6243,-0.4829,0.9980,1,48.288597,0.9146,0.9380
BiancaGolden_CircleTurns,-108.0866,94.2549,200.1062,2.2347,-26.0274,-38.2551,0.6172,-0.6176,-0.4874,0.9980,1,48.316868,0.9191,0.9425
BiancaGolden_CircleTurns,-107.5137,94.6590,199.9811,2.2391,-25.6571,-37.9090,0.6218,-0.6167,-0.4826,0.9980,2,48.344837,0.9249,0.9466
BiancaGolden_CircleTurns,-106.9561,94.9210,199.8147,2.5712,-25.3269,-37.6488,0.6120,-0.6253,-0.4842,0.9980,2,48.372810,0.9304,0.9492
BiancaGolden_CircleTurns,-106.4584,95.1398,199.6267,2.9899,-24.9860,-37.5347,0.6093,-0.6231,-0.4905,0.9980,3,48.400482,0.9354,0.9514
BiancaGolden_CircleTurns,-105.9855,95.3199,199.3073,3.4141,-24.7370,-37.1819,0.6147,-0.6180,-0.4900,0.9980,3,48.428493,0.9401,0.9532
BiancaGolden_CircleTurns,-105.5238,95.4268,198.9831,3.8415,-24.4326,-36.5572,0.6177,-0.6207,-0.4829,0.9980,4,48.456207,0.9448,0.9543
BiancaGolden_CircleTurns,-105.0525,95.4225,198.7237,3.9417,-23.6617,-35.9425,0.6212,-0.6149,-0.4859,0.9980,4,48.484303,0.9495,0.9542
BiancaGolden_CircleTurns,-104.6542,95.4020,198.3948,3.8762,-23.1399,-35.3877,0.6226,-0.6099,-0.4904,0.9980,5,48.511868,0.9535,0.9540
BiancaGolden_CircleTurns,-104.3145,95.3787,197.9852,3.6062,-23.1822,-34.9065,0.6173,-0.6062,-0.5015,0.9980,5,48.539913,0.9569,0.9538
BiancaGolden_CircleTurns,-104.0222,95.3879,197.6315,3.2187,-23.3053,-34.3369,0.6667,-0.4936,-0.5585,0.9980,6,48.567822,0.9598,0.9539
BiancaGolden_CircleTurns,-103.8957,95.4646,197.5069,2.9307,-24.1275,-33.5483,0.6689,-0.4559,-0.5871,0.9980,6,48.599056,0.9610,0.9546
BiancaGolden_CircleTurns,-103.9084,95.6880,197.5049,2.6545,-25.7576,-32.7990,0.6645,-0.4409,-0.6033,0.9980,7,48.623249,0.9609,0.9569
BiancaGolden_CircleTurns,-103.7490,95.8130,197.7351,2.2692,-26.9558,-32.1071,0.6618,-0.4419,-0.6056,0.9980,7,48.650623,0.9625,0.9581
BiancaGolden_CircleTurns,-103.3591,95.6871,198.2177,1.9071,-27.3189,-31.3500,0.6617,-0.4495,-0.6001,0.9980,8,48.678432,0.9664,0.9569
BiancaGolden_CircleTurns,-103.0325,95.5880,198.4561,1.9331,-27.6430,-30.8006,0.6770,-0.4699,-0.5665,0.9980,8,48.706749,0.9697,0.9559
BiancaGolden_CircleTurns,-102.6565,95.5206,198.8207,1.6673,-26.4542,-30.4442,0.6854,-0.4795,-0.5480,0.9980,9,48.734837,0.9734,0.9552
BiancaGolden_CircleTurns,-102.2951,95.5370,199.1918,1.3494,-25.5801,-30.0848,0.6856,-0.4772,-0.5497,0.9980,9,48.762653,0.9770,0.9554
BiancaGolden_CircleTurns,-102.0541,95.6416,199.3413,1.3225,-25.7165,-29.5993,0.6791,-0.4705,-0.5634,0.9980,10,48.789841,0.9795,0.9564
BiancaGolden_CircleTurns,-101.7624,95.7411,199.3885,1.6659,-26.1586,-29.0963,0.6694,-0.4703,-0.5751,0.9980,10,48.817810,0.9824,0.9574
BiancaGolden_CircleTurns,-101.4161,95.8125,199.3898,2.4217,-26.4373,-28.7687,0.6724,-0.4732,-0.5691,0.9980,11,48.845676,0.9858,0.9581
BiancaGolden_CircleTurns,-101.0114,95.8290,199.4395,3.1930,-26.0832,-28.4933,0.6741,-0.4748,-0.5658,0.9980,11,48.873749,0.9899,0.9583
BiancaGolden_CircleTurns,-100.6659,95.8966,199.3732,3.6781,-25.6509,-28.1768,0.6716,-0.4751,-0.5685,0.9980,12,48.901604,0.9933,0.9590
BiancaGolden_CircleTurns,-100.3537,95.9243,199.2861,3.9616,-26.0284,-27.8228,0.6629,-0.4636,-0.5879,0.9980,12,48.929634,0.9965,0.9592
BiancaGolden_CircleTurns,-100.0936,96.0014,199.2079,3.5131,-27.0801,-27.3958,0.6488,-0.4579,-0.6077,0.9980,13,48.957058,0.9991,0.9600
BiancaGolden_CircleTurns,-99.8351,96.0266,199.1127,3.3997,-28.1764,-26.9007,0.6408,-0.4564,-0.6173,0.9980,13,48.985237,1.0016,0.9603
BiancaGolden_CircleTurns,-99.5331,95.9880,199.1349,3.1536,-28.9849,-26.6405,0.6394,-0.4605,-0.6158,0.9980,14,49.013218,1.0047,0.9599
BiancaGolden_CircleTurns,-99.1688,95.9273,199.3108,3.1532,-28.9268,-26.5127,0.6590,-0.4385,-0.6111,0.9980,14,49.041294,1.0083,0.9593
BiancaGolden_CircleTurns,-98.9502,95.9646,199.3696,3.2916,-28.3150,-26.2650,0.6665,-0.4131,-0.6206,0.9980,15,49.068748,1.0105,0.9596
BiancaGolden_CircleTurns,-98.8246,96.0242,199.4815,3.3500,-28.4179,-26.0146,0.6667,-0.4115,-0.6214,0.9980,15,49.096691,1.0118,0.9602
BiancaGolden_CircleTurns,-98.7299,96.0659,199.6451,3.4822,-28.5200,-25.8701,0.6629,-0.4139,-0.6239,0.9980,16,49.124260,1.0127,0.9607
BiancaGolden_CircleTurns,-98.5965,96.1037,199.8751,3.3999,-28.1231,-25.6115,0.6693,-0.4117,-0.6185,0.9980,16,49.152294,1.0140,0.9610
BiancaGolden_CircleTurns,-98.4855,96.1597,200.1192,3.1005,-27.6934,-25.3388,0.6704,-0.4140,-0.6158,0.9980,17,49.179768,1.0151,0.9616
BiancaGolden_CircleTurns,-98.3733,96.1043,200.4099,3.0987,-27.4260,-25.1046,0.6737,-0.4184,-0.6092,0.9980,17,49.207924,1.0163,0.9610
BiancaGolden_CircleTurns,-98.1892,96.0368,200.6419,2.9731,-26.7584,-25.1487,0.6688,-0.4203,-0.6133,0.9980,18,49.235863,1.0181,0.9604
BiancaGolden_CircleTurns,-98.0583,95.9142,200.8329,2.8357,-26.1935,-25.2133,0.6639,-0.4238,-0.6161,0.9980,18,49.263657,1.0194,0.9591
BiancaGolden_CircleTurns,-97.9985,95.7408,200.9779,2.9201,-26.2244,-25.2231,0.6536,-0.4224,-0.6280,0.9980,19,49.291451,1.0200,0.9574
BiancaGolden_CircleTurns,-97.9179,95.5226,201.0944,3.1566,-26.3616,-25.3504,0.6472,-0.4181,-0.6375,0.9980,19,49.319321,1.0208,0.9552
BiancaGolden_CircleTurns,-97.7866,95.2178,201.2381,3.0602,-26.3942,-25.3049,0.6499,-0.4152,-0.6366,0.9980,20,49.347050,1.0221,0.9522
BiancaGolden_CircleTurns,-97.6859,94.8247,201.3181,3.0106,-26.2705,-25.3055,0.6453,-0.4126,-0.6429,0.9980,20,49.375660,1.0231,0.9482
BiancaGolden_CircleTurns,-97.7229,94.4020,201.3326,3.0117,-26.3977,-25.2506,0.6417,-0.4061,-0.6507,0.9980,21,49.402748,1.0228,0.9440
BiancaGolden_CircleTurns,-97.6647,93.8701,201.4278,2.7134,-26.4667,-25.0850,0.6484,-0.4046,-0.6449,0.9980,21,49.433838,1.0234,0.9387
BiancaGolden_CircleTurns,-97.6555,93.2359,201.4668,2.5438,-26.0053,-24.8252,0.6441,-0.4028,-0.6503,0.9980,22,49.459084,1.0234,0.9324
BiancaGolden_CircleTurns,-97.7148,92.6150,201.4908,2.0795,-25.8299,-24.8289,0.6438,-0.4016,-0.6513,0.9980,22,49.485641,1.0229,0.9262
BiancaGolden_CircleTurns,-97.7897,91.9730,201.5264,1.4274,-25.9733,-24.9822,0.6407,-0.4037,-0.6531,0.9980,23,49.513489,1.0221,0.9197
BiancaGolden_CircleTurns,-97.9204,91.3150,201.5743,0.9235,-26.1268,-25.2283,0.6378,-0.4051,-0.6551,0.9980,23,49.541142,1.0208,0.9132
BiancaGolden_CircleTurns,-98.0828,90.7151,201.5894,0.5278,-26.2805,-25.5513,0.6332,-0.4029,-0.6609,0.9980,24,49.569019,1.0192,0.9072
BiancaGolden_CircleTurns,-98.2552,90.1280,201.6489,0.0821,-26.3768,-25.8508,0.6296,-0.4012,-0.6654,0.9980,24,49.597179,1.0174,0.9013
BiancaGolden_CircleTurns,-98.4694,89.5803,201.6870,-0.1952,-26.4807,-26.0148,0.6376,-0.3984,-0.6594,0.9980,25,49.626213,1.0153,0.8958
BiancaGolden_CircleTurns,-98.7461,89.0854,201.7511,-0.6310,-26.7447,-26.1813,0.6547,-0.4605,-0.5995,0.9980,25,49.653175,1.0125,0.8909
BiancaGolden_CircleTurns,-98.9913,88.5499,201.8638,-0.9692,-26.8940,-26.5348,0.6904,-0.4403,-0.5740,0.9980,26,49.680676,1.0101,0.8855
BiancaGolden_CircleTurns,-99.2828,88.1342,201.9966,-1.3280,-27.0151,-26.7435,0.7199,-0.3253,-0.6131,0.9980,26,49.708481,1.0072,0.8813
BiancaGolden_CircleTurns,-99.6296,87.8305,202.1406,-1.6826,-27.1286,-26.6770,0.7047,-0.4747,-0.5274,0.9980,27,49.736404,1.0037,0.8783
BiancaGolden_CircleTurns,-99.9892,87.3981,202.2770,-2.1713,-27.6956,-26.3076,0.7508,-0.5037,-0.4274,0.9980,27,49.764523,1.0001,0.8740
BiancaGolden_CircleTurns,-100.2055,86.9447,202.4842,-2.2917,-27.5532,-26.3957,0.7636,-0.4904,-0.4199,0.9980,28,49.792080,0.9979,0.8694
BiancaGolden_CircleTurns,-100.3868,86.6061,202.5996,-2.7970,-27.1163,-26.5777,0.7662,-0.4952,-0.4096,0.9980,28,49.820480,0.9961,0.8661
BiancaGolden_CircleTurns,-100.4837,86.2663,202.6881,-2.7855,-26.4020,-26.6516,0.7579,-0.4898,-0.4309,0.9980,29,49.847897,0.9952,0.8627
BiancaGolden_CircleTurns,-100.6176,86.0630,202.6717,-3.0967,-26.2245,-26.6824,0.7590,-0.4793,-0.4407,0.9980,29,49.876160,0.9938,0.8606
BiancaGolden_CircleTurns,-100.6936,85.9190,202.6564,-3.1749,-26.4581,-26.2265,0.7539,-0.4512,-0.4775,0.9980,30,49.903755,0.9931,0.8592
BiancaGolden_CircleTurns,-100.8035,85.8700,202.5910,-3.6289,-27.0948,-25.5477,0.7516,-0.4386,-0.4927,0.9980,30,49.931606,0.9920,0.8587
BiancaGolden_CircleTurns,-100.9608,85.8014,202.4457,-3.7178,-27.8888,-24.8937,0.7481,-0.4311,-0.5045,0.9980,31,49.959229,0.9904,0.8580
BiancaGolden_CircleTurns,-101.0838,85.7000,202.4709,-3.8557,-28.5767,-24.6823,0.7443,-0.4401,-0.5023,0.9980,31,49.987312,0.9892,0.8570
BiancaGolden_CircleTurns,-101.1285,85.5932,202.5300,-3.9809,-28.4893,-24.6943,0.7523,-0.4515,-0.4798,0.9980,32,50.015106,0.9887,0.8559
BiancaGolden_CircleTurns,-101.1503,85.5128,202.5600,-4.2683,-27.8078,-24.8368,0.7538,-0.4608,-0.4685,0.9980,32,50.043026,0.9885,0.8551
BiancaGolden_CircleTurns,-101.2282,85.4949,202.5162,-4.3170,-27.2425,-25.0398,0.7471,-0.4740,-0.4660,0.9980,33,50.070919,0.9877,0.8549
BiancaGolden_CircleTurns,-101.3680,85.4472,202.4554,-4.3380,-27.3129,-25.2311,0.7422,-0.4740,-0.4738,0.9980,33,50.099133,0.9863,0.8545
BiancaGolden_CircleTurns,-101.4407,85.4714,202.3476,-3.9692,-27.8283,-25.3689,0.7376,-0.4673,-0.4874,0.9980,34,50.126678,0.9856,0.8547
BiancaGolden_CircleTurns,-101.5160,85.4503,202.2425,-3.6193,-28.3146,-25.5490,0.7334,-0.4720,-0.4892,0.9980,34,50.154404,0.9848,0.8545
BiancaGolden_CircleTurns,-101.4868,85.5329,202.1585,-3.2533,-28.4725,-26.1989,0.7349,-0.4735,-0.4856,0.9980,35,50.181915,0.9851,0.8553
BiancaGolden_CircleTurns,-101.5446,85.5437,202.1294,-3.2851,-28.4874,-26.2249,0.7393,-0.4712,-0.4810,0.9980,35,50.209709,0.9846,0.8554
BiancaGolden_CircleTurns,-101.5516,85.5591,202.1115,-2.9211,-28.6998,-26.2398,0.7361,-0.4709,-0.4862,0.9980,36,50.237835,0.9845,0.8556
BiancaGolden_CircleTurns,-101.5830,85.6405,202.0243,-2.4968,-29.0123,-26.3991,0.7328,-0.4714,-0.4908,0.9980,36,50.254837,0.9842,0.8564
BiancaGolden_CircleTurns,-101.6246,85.7192,201.9983,-2.3644,-29.3285,-26.5291,0.7331,-0.4717,-0.4900,0.9980,37,50.266998,0.9838,0.8572
BiancaGolden_CircleTurns,-101.5776,85.6260,201.9930,-1.8144,-29.3262,-26.5401,0.7344,-0.4698,-0.4899,0.9980,37,50.280720,0.9842,0.8563
BiancaGolden_CircleTurns,-101.6060,85.6477,201.9175,-1.3726,-29.3510,-26.8186,0.7280,-0.4777,-0.4918,0.9980,38,50.294296,0.9839,0.8565
BiancaGolden_CircleTurns,-101.5580,85.6737,201.8695,-1.1507,-29.5012,-27.3505,0.7250,-0.4827,-0.4913,0.9980,38,50.308289,0.9844,0.8567
BiancaGolden_CircleTurns,-101.4849,85.6715,201.8302,-0.9380,-29.5757,-27.7358,0.7240,-0.4859,-0.4897,0.9980,39,50.322239,0.9852,0.8567
BiancaGolden_CircleTurns,-101.4441,85.6257,201.7575,-0.6713,-29.6349,-27.9524,0.7230,-0.4839,-0.4931,0.9980,39,50.337940,0.9856,0.8563
BiancaGolden_CircleTurns,-101.4278,85.5763,201.6304,-0.2356,-29.7704,-28.2202,0.7183,-0.4874,-0.4965,0.9980,40,50.350517,0.9857,0.8558
BiancaGolden_CircleTurns,-101.3766,85.5451,201.5244,0.0654,-30.0203,-28.5714,0.7139,-0.4899,-0.5004,0.9980,40,50.364910,0.9862,0.8555
BiancaGolden_CircleTurns,-101.3213,85.4123,201.4685,0.5194,-30.3171,-28.8624,0.7107,-0.4922,-0.5025,0.9980,41,50.378483,0.9868,0.8541
BiancaGolden_CircleTurns,-101.2394,85.2609,201.4663,1.0887,-30.5166,-29.2364,0.7105,-0.4923,-0.5029,0.9980,41,50.392624,0.9876,0.8526
BiancaGolden_CircleTurns,-101.1159,85.1232,201.4312,1.4929,-30.6487,-29.7329,0.7093,-0.4939,-0.5030,0.9980,42,50.406475,0.9888,0.8512
BiancaGolden_CircleTurns,-101.0249,85.0151,201.3608,1.4842,-30.8900,-29.9366,0.7066,-0.4937,-0.5069,0.9980,42,50.420647,0.9898,0.8502
BiancaGolden_CircleTurns,-100.9309,84.7934,201.3183,1.5621,-31.1609,-30.0128,0.7035,-0.4948,-0.5102,0.9980,42,50.434547,0.9907,0.8479
BiancaGolden_CircleTurns,-100.7772,84.5797,201.3303,1.8288,-31.3868,-30.3409,0.7030,-0.4969,-0.5089,0.9980,43,50.448879,0.9922,0.8458
BiancaGolden_CircleTurns,-100.5893,84.2611,201.3367,1.9969,-31.3140,-30.4772,0.7078,-0.4898,-0.5090,0.9980,43,50.462273,0.9941,0.8426
BiancaGolden_CircleTurns,-100.4335,83.9725,201.3255,2.1710,-31.1720,-30.5549,0.7151,-0.4858,-0.5026,0.9980,44,50.476791,0.9957,0.8397
BiancaGolden_CircleTurns,-100.2361,83.6553,201.3888,2.1963,-31.0574,-30.5193,0.7166,-0.4859,-0.5003,0.9980,44,50.490314,0.9976,0.8366
BiancaGolden_CircleTurns,-100.0802,83.2828,201.4164,2.1894,-30.8889,-30.4432,0.7220,-0.4804,-0.4979,0.9980,45,50.504837,0.9992,0.8328
BiancaGolden_CircleTurns,-99.9221,82.9356,201.4195,2.1115,-30.7125,-30.4642,0.7231,-0.4817,-0.4950,0.9980,45,50.518242,1.0008,0.8294
BiancaGolden_CircleTurns,-99.7432,82.5312,201.3837,1.9755,-30.5247,-30.4981,0.7209,-0.4760,-0.5037,0.9980,45,50.532524,1.0026,0.8253
BiancaGolden_CircleTurns,-99.5384,82.1496,201.3192,1.6434,-30.4983,-30.5731,0.7183,-0.4726,-0.5106,0.9980,46,50.546192,1.0046,0.8215
BiancaGolden_CircleTurns,-99.4203,81.7715,201.2729,1.3065,-30.9410,-30.4628,0.7129,-0.4736,-0.5172,0.9980,46,50.559563,1.0058,0.8177
BiancaGolden_CircleTurns,-99.1851,81.4311,201.1839,0.8118,-31.3498,-30.4354,0.7103,-0.4694,-0.5245,0.9980,47,50.574860,1.0081,0.8143
BiancaGolden_CircleTurns,-98.9411,81.0140,201.1588,0.1658,-31.7948,-30.2817,0.7139,-0.4591,-0.5287,0.9980,47,50.588181,1.0106,0.8101
BiancaGolden_CircleTurns,-98.7174,80.5066,201.1540,-0.2352,-31.9641,-29.9681,0.7157,-0.4570,-0.5281,0.9980,47,50.602715,1.0128,0.8051
BiancaGolden_CircleTurns,-98.4129,80.0845,201.1354,-0.1935,-31.9078,-29.7993,0.7181,-0.4536,-0.5278,0.9980,48,50.617065,1.0159,0.8008
BiancaGolden_CircleTurns,-98.1706,79.6968,201.1147,-0.3725,-31.8803,-29.5234,0.7266,-0.4486,-0.5203,0.9980,48,50.629681,1.0183,0.7970
BiancaGolden_CircleTurns,-97.9526,79.3036,201.0877,-0.5351,-31.9330,-29.0601,0.7225,-0.4556,-0.5201,0.9980,49,50.644707,1.0205,0.7930
BiancaGolden_CircleTurns,-97.7093,78.9024,201.1070,-0.8131,-31.9026,-28.7538,0.7221,-0.4491,-0.5261,0.9980,49,50.658020,1.0229,0.7890
BiancaGolden_CircleTurns,-97.4819,78.4840,201.1008,-1.1900,-31.9521,-28.3886,0.7244,-0.4453,-0.5262,0.9980,50,50.672688,1.0252,0.7848
BiancaGolden_CircleTurns,-97.2767,78.1142,201.0399,-1.3993,-31.9491,-28.0472,0.7258,-0.4418,-0.5273,0.9980,50,50.686806,1.0272,0.7811
BiancaGolden_CircleTurns,-97.0714,77.7745,201.0032,-1.6728,-32.0108,-27.7932,0.7270,-0.4388,-0.5281,0.9980,50,50.703461,1.0293,0.7777
BiancaGolden_CircleTurns,-96.8307,77.4449,200.9643,-2.0467,-32.0750,-27.5743,0.7271,-0.4371,-0.5295,0.9980,51,50.714882,1.0317,0.7744
BiancaGolden_CircleTurns,-96.5713,77.1312,200.9538,-2.4641,-32.1499,-27.4057,0.7233,-0.4429,-0.5298,0.9980,51,50.728741,1.0343,0.7713
BiancaGolden_CircleTurns,-96.3195,76.8387,200.9451,-2.8353,-32.1766,-27.2167,0.7226,-0.4421,-0.5314,0.9980,52,50.743771,1.0368,0.7684
BiancaGolden_CircleTurns,-96.1093,76.5509,200.9053,-3.0973,-32.2689,-27.0621,0.7209,-0.4400,-0.5355,0.9980,52,50.757099,1.0389,0.7655
BiancaGolden_CircleTurns,-95.9053,76.2940,200.8441,-3.2344,-32.2715,-26.9313,0.7214,-0.4396,-0.5351,0.9980,52,50.770821,1.0409,0.7629
BiancaGolden_CircleTurns,-95.7122,76.0523,200.8147,-3.2291,-32.2588,-26.8829,0.7167,-0.4433,-0.5384,0.9980,53,50.784657,1.0429,0.7605
BiancaGolden_CircleTurns,-95.5255,75.8389,200.7855,-3.1402,-32.2558,-26.8890,0.7111,-0.4486,-0.5414,0.9980,53,50.797264,1.0447,0.7584
BiancaGolden_CircleTurns,-95.3214,75.6219,200.8141,-2.9853,-32.2923,-26.8739,0.7091,-0.4489,-0.5438,0.9980,54,50.812603,1.0468,0.7562
BiancaGolden_CircleTurns,-95.0829,75.4390,200.8456,-2.8079,-32.3701,-26.9397,0.7086,-0.4453,-0.5473,0.9980,54,50.826157,1.0492,0.7544
BiancaGolden_CircleTurns,-94.8084,75.3454,200.8469,-2.7248,-32.5026,-27.0119,0.7062,-0.4440,-0.5515,0.9980,55,50.840836,1.0519,0.7535
BiancaGolden_CircleTurns,-94.5863,75.2336,200.8231,-2.7934,-32.7870,-27.0080,0.7036,-0.4435,-0.5552,0.9980,55,50.853485,1.0541,0.7523
BiancaGolden_CircleTurns,-94.3186,75.1045,200.8163,-2.7679,-33.0438,-27.0589,0.7013,-0.4457,-0.5564,0.9980,55,50.867214,1.0568,0.7510
BiancaGolden_CircleTurns,-94.0278,74.9790,200.8303,-2.6075,-33.1649,-27.1167,0.7017,-0.4462,-0.5555,0.9980,56,50.880516,1.0597,0.7498
BiancaGolden_CircleTurns,-93.7466,74.8839,200.8341,-2.3027,-33.1012,-27.1308,0.6948,-0.4594,-0.5534,0.9980,56,50.894398,1.0625,0.7488
BiancaGolden_CircleTurns,-93.5007,74.7950,200.8318,-1.9572,-32.9876,-27.2986,0.6916,-0.4671,-0.5509,0.9980,57,50.908672,1.0650,0.7479
BiancaGolden_CircleTurns,-93.2717,74.7651,200.8292,-1.4331,-32.8628,-27.8672,0.6902,-0.4880,-0.5343,0.9980,57,50.922764,1.0673,0.7477
BiancaGolden_CircleTurns,-93.0308,74.7404,200.8359,-0.8933,-32.8256,-28.4312,0.6867,-0.4942,-0.5332,0.9980,57,50.936413,1.0697,0.7474
BiancaGolden_CircleTurns,-92.7745,74.7304,200.8854,-0.2355,-32.8136,-28.9206,0.6853,-0.5004,-0.5291,0.9980,58,50.950508,1.0723,0.7473
BiancaGolden_CircleTurns,-92.5183,74.7143,200.8831,0.4496,-32.6087,-29.3028,0.6853,-0.5077,-0.5221,0.9980,58,50.962963,1.0748,0.7471
BiancaGolden_CircleTurns,-92.2989,74.7369,200.8630,1.2336,-32.2126,-29.7412,0.6807,-0.5154,-0.5206,0.9980,59,50.977703,1.0770,0.7474
BiancaGolden_CircleTurns,-92.0644,74.7549,200.8715,2.0451,-31.7626,-30.3419,0.6846,-0.5154,-0.5154,0.9980,59,50.991615,1.0794,0.7475
BiancaGolden_CircleTurns,-91.8443,74.7579,200.8848,2.7360,-31.3621,-30.7795,0.6855,-0.4965,-0.5325,0.9980,60,51.006084,1.0816,0.7476
BiancaGolden_CircleTurns,-91.8771,74.4500,201.0041,4.2073,-31.5216,-30.6206,0.6781,-0.5129,-0.5264,0.9980,60,51.019150,1.0812,0.7445
BiancaGolden_CircleTurns,-91.3340,74.9134,200.8493,4.9797,-30.9107,-32.3561,0.6799,-0.5137,-0.5233,0.9980,60,51.033230,1.0867,0.7491
BiancaGolden_CircleTurns,-91.2498,74.8732,200.9061,5.1531,-30.6880,-32.3097,0.6710,-0.5124,-0.5359,0.9980,61,51.046600,1.0875,0.7487
BiancaGolden_CircleTurns,-91.0335,75.0387,200.7800,5.2425,-30.6768,-32.5967,0.6670,-0.5187,-0.5348,0.9980,61,51.059727,1.0897,0.7504
BiancaGolden_CircleTurns,-90.7398,75.2872,200.7651,5.2004,-30.6012,-33.1068,0.6742,-0.5053,-0.5386,0.9980,62,51.076153,1.0926,0.7529
BiancaGolden_CircleTurns,-90.6545,75.4455,200.7205,5.1278,-30.7343,-33.1931,0.6832,-0.4873,-0.5439,0.9980,62,51.088387,1.0935,0.7545
BiancaGolden_CircleTurns,-90.6424,75.7443,200.4193,5.4139,-30.6583,-32.9687,0.6782,-0.4891,-0.5485,0.9980,62,51.102684,1.0936,0.7574
BiancaGolden_CircleTurns,-90.3210,76.0012,200.4565,5.2273,-30.9689,-33.2704,0.6760,-0.4889,-0.5513,0.9980,63,51.116352,1.0968,0.7600
BiancaGolden_CircleTurns,-90.0908,76.2165,200.5401,5.2267,-31.1598,-33.3427,0.6797,-0.4860,-0.5494,0.9980,63,51.129635,1.0991,0.7622
BiancaGolden_CircleTurns,-89.7262,76.4345,200.5791,4.9939,-30.8277,-33.3170,0.6866,-0.4826,-0.5438,0.9980,64,51.144199,1.1027,0.7643
BiancaGolden_CircleTurns,-89.4440,76.6944,200.6095,4.8715,-30.3963,-33.4096,0.6881,-0.4838,-0.5408,0.9980,64,51.157837,1.1056,0.7669
BiancaGolden_CircleTurns,-89.0959,76.8841,200.7332,4.7323,-30.0050,-33.4162,0.6925,-0.4843,-0.5346,0.9980,65,51.171955,1.1090,0.7688
BiancaGolden_CircleTurns,-88.6753,77.0962,200.9301,4.6482,-29.5662,-33.5330,0.6938,-0.4869,-0.5306,0.9980,65,51.185368,1.1132,0.7710
BiancaGolden_CircleTurns,-88.3061,77.3444,201.0690,4.6008,-29.2934,-33.6358,0.6890,-0.4862,-0.5375,0.9980,65,51.203144,1.1169,0.7734
BiancaGolden_CircleTurns,-88.0028,77.6050,201.0959,4.6325,-29.1132,-33.6434,0.6890,-0.4849,-0.5388,0.9980,66,51.213432,1.1200,0.7760
BiancaGolden_CircleTurns,-87.7266,77.8481,201.1539,4.7778,-29.1943,-33.5585,0.6885,-0.4842,-0.5400,0.9980,66,51.225941,1.1227,0.7785
BiancaGolden_CircleTurns,-87.4077,78.0804,201.2441,4.9559,-29.2593,-33.5381,0.6898,-0.4822,-0.5401,0.9980,67,51.241337,1.1259,0.7808
BiancaGolden_CircleTurns,-87.0536,78.2773,201.3841,5.1772,-29.2897,-33.4971,0.7217,-0.4666,-0.5113,0.9980,67,51.254349,1.1295,0.7828
BiancaGolden_CircleTurns,-86.7251,78.4902,201.4921,5.4508,-29.1938,-33.4796,0.7232,-0.4669,-0.5089,0.9980,67,51.268955,1.1327,0.7849
BiancaGolden_CircleTurns,-86.3880,78.7142,201.6070,5.8435,-29.0276,-33.4296,0.7243,-0.4684,-0.5060,0.9980,68,51.282341,1.1361,0.7871
BiancaGolden_CircleTurns,-86.1052,78.9959,201.6706,5.9279,-28.8317,-33.4695,0.7246,-0.4678,-0.5061,0.9980,68,51.296463,1.1389,0.7900
BiancaGolden_CircleTurns,-85.7899,79.2304,201.7796,5.8026,-28.8375,-33.5246,0.7205,-0.4698,-0.5101,0.9980,69,51.310127,1.1421,0.7923
BiancaGolden_CircleTurns,-85.4518,79.4696,201.9181,5.7108,-28.6843,-33.6483,0.7170,-0.4758,-0.5094,0.9980,69,51.323818,1.1455,0.7947
BiancaGolden_CircleTurns,-85.1593,79.7737,201.9918,5.3641,-28.5645,-33.8865,0.7121,-0.4784,-0.5139,0.9980,70,51.338539,1.1484,0.7977
BiancaGolden_CircleTurns,-84.8394,79.9877,202.0823,5.0878,-28.5463,-33.9811,0.7106,-0.4824,-0.5123,0.9980,70,51.352657,1.1516,0.7999
BiancaGolden_CircleTurns,-84.4930,80.2446,202.1998,5.0828,-28.3393,-34.0819,0.7119,-0.4849,-0.5080,0.9980,70,51.365768,1.1551,0.8024
BiancaGolden_CircleTurns,-84.1265,80.4630,202.3342,5.1572,-28.0563,-34.1715,0.7141,-0.4856,-0.5043,0.9980,71,51.380360,1.1587,0.8046
BiancaGolden_CircleTurns,-83.7617,80.7244,202.4362,5.0863,-27.5417,-34.2679,0.7115,-0.4889,-0.5047,0.9980,71,51.392464,1.1624,0.8072
BiancaGolden_CircleTurns,-83.3995,81.0198,202.5267,4.7904,-27.2098,-34.4101,0.7041,-0.4966,-0.5076,0.9980,72,51.408108,1.1660,0.8102
BiancaGolden_CircleTurns,-83.0834,81.2951,202.6057,4.5014,-27.0733,-34.4635,0.7039,-0.4981,-0.5064,0.9980,72,51.422173,1.1692,0.8130
BiancaGolden_CircleTurns,-82.7311,81.5465,202.7039,4.4041,-26.9883,-34.5631,0.7054,-0.5031,-0.4994,0.9980,72,51.435730,1.1727,0.8155
BiancaGolden_CircleTurns,-82.3836,81.7713,202.8228,4.4334,-26.8384,-34.6295,0.7049,-0.5062,-0.4969,0.9980,73,51.450474,1.1762,0.8177
BiancaGolden_CircleTurns,-82.0243,82.0623,202.9018,4.3408,-26.6717,-34.8274,0.7018,-0.5104,-0.4969,0.9980,73,51.462166,1.1798,0.8206
BiancaGolden_CircleTurns,-81.6509,82.2993,203.0150,4.0555,-26.6784,-35.0557,0.7036,-0.4119,-0.5790,0.9980,74,51.477173,1.1835,0.8230
BiancaGolden_CircleTurns,-81.2557,82.4869,203.1510,4.0528,-26.4006,-35.1387,0.7046,-0.4166,-0.5744,0.9980,74,51.490654,1.1874,0.8249
BiancaGolden_CircleTurns,-80.8836,82.7147,203.2438,4.0403,-26.0823,-35.3735,0.6944,-0.4468,-0.5641,0.9980,75,51.505070,1.1912,0.8271
BiancaGolden_CircleTurns,-80.5606,83.0114,203.2572,3.7076,-25.9634,-35.7140,0.6918,-0.4486,-0.5658,0.9980,75,51.518459,1.1944,0.8301
BiancaGolden_CircleTurns,-80.2463,83.2116,203.3404,3.6258,-26.0864,-35.9348,0.6898,-0.4521,-0.5654,0.9980,75,51.532921,1.1975,0.8321
BiancaGolden_CircleTurns,-79.8977,83.4141,203.4526,3.7449,-26.0568,-36.1932,0.6831,-0.5303,-0.5021,0.9980,76,51.546711,1.2010,0.8341
BiancaGolden_CircleTurns,-79.5795,83.6520,203.5358,3.7778,-26.0917,-36.5268,0.6809,-0.5331,-0.5021,0.9980,76,51.559467,1.2042,0.8365
BiancaGolden_CircleTurns,-79.2867,83.8903,203.5621,3.6587,-26.0888,-36.7734,0.6805,-0.5361,-0.4995,0.9980,77,51.575150,1.2071,0.8389
BiancaGolden_CircleTurns,-79.0161,84.1110,203.5834,3.6469,-26.1663,-36.9643,0.6765,-0.5371,-0.5038,0.9980,77,51.588371,1.2098,0.8411
BiancaGolden_CircleTurns,-78.7407,84.2805,203.6352,3.7617,-26.2035,-37.1534,0.6830,-0.5254,-0.5074,0.9980,77,51.603504,1.2126,0.8428
BiancaGolden_CircleTurns,-78.4727,84.4620,203.7032,3.8903,-26.1595,-37.4105,0.6802,-0.5287,-0.5077,0.9980,78,51.617104,1.2153,0.8446
BiancaGolden_CircleTurns,-78.2229,84.6368,203.7625,3.8719,-26.1824,-37.7072,0.6771,-0.5322,-0.5082,0.9980,78,51.629681,1.2178,0.8464
BiancaGolden_CircleTurns,-78.0029,84.8170,203.7860,3.7452,-26.2108,-38.0250,0.6749,-0.5407,-0.5021,0.9980,79,51.644543,1.2200,0.8482
BiancaGolden_CircleTurns,-77.7926,84.9522,203.8298,3.6613,-26.2481,-38.2823,0.6725,-0.5439,-0.5020,0.9980,79,51.657761,1.2221,0.8495
BiancaGolden_CircleTurns,-77.5729,85.0940,203.8739,3.6090,-26.2383,-38.5479,0.6647,-0.5459,-0.5101,0.9980,80,51.671844,1.2243,0.8509
BiancaGolden_CircleTurns,-77.3802,85.2097,203.9120,3.5499,-26.2201,-38.8425,0.6620,-0.5492,-0.5101,0.9980,80,51.685616,1.2262,0.8521
BiancaGolden_CircleTurns,-77.2116,85.3388,203.9277,3.4941,-26.2167,-39.1460,0.6544,-0.5485,-0.5204,0.9980,80,51.703804,1.2279,0.8534
BiancaGolden_CircleTurns,-77.0338,85.4443,203.9450,3.4064,-26.2180,-39.3920,0.6531,-0.5483,-0.5223,0.9980,81,51.714123,1.2297,0.8544
BiancaGolden_CircleTurns,-76.8877,85.5646,203.9618,3.3261,-26.2107,-39.6731,0.6508,-0.5502,-0.5232,0.9980,81,51.727089,1.2311,0.8556
BiancaGolden_CircleTurns,-76.7179,85.6450,203.9882,3.2372,-26.1981,-39.8854,0.6501,-0.5534,-0.5207,0.9980,82,51.742474,1.2328,0.8564
BiancaGolden_CircleTurns,-76.5656,85.7216,204.0049,3.2360,-26.1110,-40.0674,0.6504,-0.5543,-0.5194,0.9980,82,51.755127,1.2343,0.8572
BiancaGolden_CircleTurns,-76.3992,85.7384,204.0100,3.3207,-25.9223,-40.1963,0.6501,-0.5575,-0.5163,0.9980,82,51.769039,1.2360,0.8574
BiancaGolden_CircleTurns,-76.2658,85.8066,203.9967,3.3008,-25.7164,-40.3760,0.6479,-0.5580,-0.5185,0.9980,83,51.782516,1.2373,0.8581
BiancaGolden_CircleTurns,-76.1463,85.8663,203.9878,3.1897,-25.6449,-40.5039,0.6473,-0.5566,-0.5208,0.9980,83,51.795677,1.2385,0.8587
BiancaGolden_CircleTurns,-76.0339,85.9082,203.9737,3.0378,-25.6386,-40.6049,0.6482,-0.5551,-0.5213,0.9980,84,51.810993,1.2397,0.8591
BiancaGolden_CircleTurns,-75.9124,85.9255,203.9512,2.8380,-25.6601,-40.6631,0.6513,-0.5509,-0.5219,0.9980,84,51.824745,1.2409,0.8593
BiancaGolden_CircleTurns,-75.7997,85.9134,203.9141,2.7002,-25.5864,-40.7055,0.6558,-0.5457,-0.5217,0.9980,85,51.839024,1.2420,0.8591
BiancaGolden_CircleTurns,-75.6948,85.8996,203.8755,2.6666,-25.4343,-40.7167,0.6575,-0.5466,-0.5186,0.9980,85,51.852455,1.2431,0.8590
BiancaGolden_CircleTurns,-75.6055,85.8653,203.8081,2.6866,-25.1879,-40.6804,0.6597,-0.5476,-0.5148,0.9980,85,51.866882,1.2439,0.8587
BiancaGolden_CircleTurns,-75.5195,85.8415,203.7370,2.6163,-24.9304,-40.6456,0.6617,-0.5477,-0.5121,0.9980,86,51.881138,1.2448,0.8584
BiancaGolden_CircleTurns,-75.4572,85.8012,203.6525,2.4909,-24.7507,-40.5796,0.6594,-0.5427,-0.5203,0.9980,86,51.893993,1.2454,0.8580
BiancaGolden_CircleTurns,-75.4569,85.7741,203.5438,2.3509,-24.7948,-40.4747,0.6600,-0.5393,-0.5230,0.9980,87,51.909271,1.2454,0.8577
BiancaGolden_CircleTurns,-75.4729,85.7309,203.4480,2.2785,-24.9807,-40.3733,0.6589,-0.5361,-0.5277,0.9980,87,51.923340,1.2453,0.8573
BiancaGolden_CircleTurns,-75.5372,85.6729,203.3758,2.2682,-25.2956,-40.2552,0.6625,-0.5287,-0.5306,0.9980,87,51.936481,1.2446,0.8567
BiancaGolden_CircleTurns,-75.5908,85.5990,203.3340,2.2273,-25.6329,-40.1623,0.6621,-0.5246,-0.5353,0.9980,88,51.950150,1.2441,0.8560
BiancaGolden_CircleTurns,-75.6732,85.5060,203.3231,2.1332,-26.0097,-40.0825,0.6610,-0.5219,-0.5392,0.9980,88,51.963226,1.2433,0.8551
BiancaGolden_CircleTurns,-75.7835,85.4277,203.3065,1.9825,-26.2803,-40.0135,0.6603,-0.5191,-0.5427,0.9980,89,51.978355,1.2422,0.8543
BiancaGolden_CircleTurns,-75.9255,85.3178,203.2896,1.8700,-26.5246,-39.9095,0.6584,-0.5246,-0.5397,0.9980,89,51.991955,1.2407,0.8532
BiancaGolden_CircleTurns,-76.0831,85.2036,203.2821,1.7768,-26.6512,-39.7860,0.6612,-0.5195,-0.5413,0.9980,90,52.006374,1.2392,0.8520
BiancaGolden_CircleTurns,-76.2587,85.0396,203.3476,1.7090,-26.7159,-39.6300,0.6629,-0.5185,-0.5402,0.9980,90,52.019733,1.2374,0.8504
BiancaGolden_CircleTurns,-76.4404,84.8870,203.3966,1.6468,-26.6402,-39.5145,0.6647,-0.5181,-0.5382,0.9980,90,52.034473,1.2356,0.8489
BiancaGolden_CircleTurns,-76.6724,84.7119,203.4522,1.5616,-26.5079,-39.4255,0.6622,-0.5205,-0.5390,0.9980,91,52.047653,1.2333,0.8471
BiancaGolden_CircleTurns,-76.9320,84.5539,203.4745,1.4867,-26.3592,-39.3462,0.6635,-0.5201,-0.5378,0.9980,91,52.061058,1.2307,0.8455
BiancaGolden_CircleTurns,-77.1893,84.3912,203.5159,1.3436,-26.2746,-39.2901,0.6650,-0.5194,-0.5367,0.9980,92,52.077446,1.2281,0.8439
BiancaGolden_CircleTurns,-77.4492,84.2207,203.5774,1.1164,-26.2271,-39.2192,0.6666,-0.5225,-0.5317,0.9980,92,52.089581,1.2255,0.8422
BiancaGolden_CircleTurns,-77.7086,84.0427,203.6366,0.8471,-26.1640,-39.1198,0.6705,-0.5184,-0.5308,0.9980,93,52.105747,1.2229,0.8404
BiancaGolden_CircleTurns,-78.0045,83.8507,203.6662,0.6598,-26.1083,-38.9786,0.6704,-0.5196,-0.5297,0.9980,93,52.117443,1.2200,0.8385
BiancaGolden_CircleTurns,-78.2749,83.6497,203.7280,0.5554,-26.0293,-38.8423,0.6726,-0.5177,-0.5288,0.9980,93,52.131634,1.2173,0.8365
BiancaGolden_CircleTurns,-78.5403,83.4225,203.8448,0.4420,-25.9735,-38.6622,0.6767,-0.5145,-0.5267,0.9980,94,52.145454,1.2146,0.8342
BiancaGolden_CircleTurns,-78.7983,83.2112,203.9645,0.2991,-25.9224,-38.4886,0.6792,-0.5123,-0.5256,0.9980,94,52.158390,1.2120,0.8321
BiancaGolden_CircleTurns,-79.0821,82.9877,204.0570,0.1959,-25.8493,-38.2743,0.6781,-0.5075,-0.5316,0.9980,95,52.173630,1.2092,0.8299
BiancaGolden_CircleTurns,-79.3974,82.8040,204.0836,0.0689,-25.7746,-38.0793,0.6771,-0.5080,-0.5324,0.9980,95,52.186878,1.2060,0.8280
BiancaGolden_CircleTurns,-79.7193,82.6039,204.0965,-0.0339,-25.7231,-37.8775,0.6793,-0.5062,-0.5314,0.9980,95,52.204350,1.2028,0.8260
BiancaGolden_CircleTurns,-80.0549,82.4222,204.1124,-0.2090,-25.6559,-37.7129,0.6775,-0.5094,-0.5306,0.9980,96,52.215176,1.1995,0.8242
BiancaGolden_CircleTurns,-80.3837,82.2399,204.1331,-0.4402,-25.6044,-37.5753,0.6788,-0.5051,-0.5330,0.9980,96,52.227924,1.1962,0.8224
BiancaGolden_CircleTurns,-80.7443,82.0815,204.1300,-0.7657,-25.5955,-37.4516,0.6786,-0.5052,-0.5332,0.9980,97,52.243874,1.1926,0.8208
BiancaGolden_CircleTurns,-81.0965,81.9248,204.1458,-1.0249,-25.6343,-37.3512,0.6795,-0.5032,-0.5339,0.9980,97,52.257656,1.1890,0.8192
BiancaGolden_CircleTurns,-81.4525,81.7533,204.1876,-1.2648,-25.6825,-37.2354,0.6795,-0.5025,-0.5346,0.9980,97,52.270855,1.1855,0.8175
BiancaGolden_CircleTurns,-81.7861,81.5804,204.2550,-1.4446,-25.7055,-37.1658,0.6804,-0.5013,-0.5345,0.9980,98,52.285175,1.1821,0.8158
BiancaGolden_CircleTurns,-82.1391,81.4160,204.3068,-1.5682,-25.7017,-37.0781,0.6786,-0.4979,-0.5400,0.9980,98,52.297272,1.1786,0.8142
BiancaGolden_CircleTurns,-82.5114,81.2691,204.3293,-1.5997,-25.6857,-36.9777,0.6805,-0.4958,-0.5396,0.9980,99,52.312637,1.1749,0.8127
BiancaGolden_CircleTurns,-82.8858,81.1370,204.3594,-1.6468,-25.6619,-36.8931,0.6807,-0.4965,-0.5386,0.9980,99,52.326801,1.1711,0.8114
BiancaGolden_CircleTurns,-83.2436,81.0075,204.4195,-1.7327,-25.5945,-36.8402,0.6832,-0.4949,-0.5370,0.9980,100,52.340572,1.1676,0.8101
BiancaGolden_CircleTurns,-83.6155,80.8657,204.5083,-1.7902,-25.5001,-36.8012,0.6845,-0.4954,-0.5348,0.9980,100,52.354000,1.1638,0.8087
BiancaGolden_CircleTurns,-83.9925,80.7280,204.5956,-1.7828,-25.3549,-36.7783,0.6854,-0.4966,-0.5325,0.9980,100,52.368679,1.1601,0.8073
BiancaGolden_CircleTurns,-84.3664,80.5985,204.6783,-1.8065,-25.2046,-36.7899,0.6861,-0.4971,-0.5312,0.9980,101,52.382938,1.1563,0.8060
BiancaGolden_CircleTurns,-84.7365,80.4892,204.7646,-1.8426,-25.0313,-36.8533,0.6865,-0.4989,-0.5290,0.9980,101,52.395737,1.1526,0.8049
BiancaGolden_CircleTurns,-85.1021,80.3910,204.8466,-1.8989,-24.8796,-36.9395,0.6819,-0.4992,-0.5346,0.9980,102,52.411129,1.1490,0.8039
BiancaGolden_CircleTurns,-85.4824,80.2912,204.9338,-1.9810,-24.7691,-36.9927,0.6775,-0.5051,-0.5347,0.9980,102,52.423923,1.1452,0.8029
BiancaGolden_CircleTurns,-85.8507,80.2029,205.0219,-2.0500,-24.6651,-37.0801,0.6751,-0.5078,-0.5352,0.9980,103,52.438644,1.1415,0.8020
BiancaGolden_CircleTurns,-86.2360,80.1124,205.1229,-2.0445,-24.5528,-37.1324,0.6746,-0.5087,-0.5350,0.9980,103,52.452545,1.1376,0.8011
BiancaGolden_CircleTurns,-86.5923,80.0053,205.2353,-1.9499,-24.3570,-37.2059,0.6755,-0.5069,-0.5356,0.9980,103,52.466217,1.1341,0.8001
BiancaGolden_CircleTurns,-86.9428,79.9032,205.3454,-1.8923,-24.0666,-37.2767,0.6772,-0.5097,-0.5306,0.9980,104,52.479660,1.1306,0.7990
BiancaGolden_CircleTurns,-87.2893,79.8084,205.4452,-1.8981,-23.7278,-37.3582,0.6783,-0.5074,-0.5315,0.9980,104,52.493526,1.1271,0.7981
BiancaGolden_CircleTurns,-87.6441,79.7232,205.5207,-1.9919,-23.3791,-37.4067,0.6798,-0.5094,-0.5276,0.9980,105,52.508476,1.1236,0.7972
BiancaGolden_CircleTurns,-87.9926,79.6353,205.5972,-2.0200,-23.1187,-37.4582,0.6811,-0.5107,-0.5247,0.9980,105,52.521439,1.1201,0.7964
BiancaGolden_CircleTurns,-88.3543,79.5555,205.6568,-2.0675,-22.8952,-37.4780,0.6850,-0.5032,-0.5268,0.9980,105,52.535992,1.1165,0.7956
BiancaGolden_CircleTurns,-88.7129,79.4803,205.6849,-2.0639,-22.6956,-37.4637,0.6852,-0.5030,-0.5268,0.9980,106,52.549133,1.1129,0.7948
BiancaGolden_CircleTurns,-89.0682,79.3930,205.7233,-2.0428,-22.4919,-37.4490,0.6834,-0.5001,-0.5319,0.9980,106,52.562199,1.1093,0.7939
BiancaGolden_CircleTurns,-89.4068,79.3085,205.7900,-2.0687,-22.3215,-37.4233,0.6859,-0.4938,-0.5346,0.9980,107,52.577312,1.1059,0.7931
BiancaGolden_CircleTurns,-89.7434,79.2264,205.8409,-2.1301,-22.1226,-37.3913,0.6877,-0.4897,-0.5360,0.9980,107,52.591442,1.1026,0.7923
BiancaGolden_CircleTurns,-90.0947,79.1574,205.8747,-2.2077,-21.9695,-37.3584,0.6892,-0.4905,-0.5333,0.9980,108,52.605225,1.0991,0.7916
BiancaGolden_CircleTurns,-90.4368,79.0877,205.9034,-2.2568,-21.7942,-37.3443,0.6932,-0.4858,-0.5324,0.9980,108,52.619190,1.0956,0.7909
BiancaGolden_CircleTurns,-90.7832,79.0133,205.9417,-2.2903,-21.6063,-37.3507,0.6920,-0.4878,-0.5321,0.9980,108,52.633244,1.0922,0.7901
BiancaGolden_CircleTurns,-91.1043,78.9387,205.9763,-2.3536,-21.3353,-37.3775,0.6899,-0.4858,-0.5367,0.9980,109,52.647087,1.0890,0.7894
BiancaGolden_CircleTurns,-91.4253,78.8531,206.0031,-2.4331,-21.0599,-37.4082,0.6885,-0.4912,-0.5336,0.9980,109,52.660530,1.0857,0.7885
BiancaGolden_CircleTurns,-91.7392,78.7786,206.0154,-2.4799,-20.7755,-37.4314,0.6904,-0.4925,-0.5299,0.9980,110,52.675308,1.0826,0.7878
BiancaGolden_CircleTurns,-92.0577,78.7048,205.9928,-2.5546,-20.5187,-37.4523,0.6905,-0.4923,-0.5300,0.9980,110,52.688786,1.0794,0.7870
BiancaGolden_CircleTurns,-92.3594,78.6484,205.9475,-2.6831,-20.3306,-37.4630,0.6914,-0.4926,-0.5284,0.9980,111,52.706718,1.0764,0.7865
BiancaGolden_CircleTurns,-92.6538,78.5875,205.9148,-2.8319,-20.2289,-37.4783,0.6925,-0.4892,-0.5303,0.9980,111,52.716980,1.0735,0.7859
BiancaGolden_CircleTurns,-92.9430,78.5404,205.8742,-2.9530,-20.1168,-37.5200,0.6899,-0.4954,-0.5278,0.9980,111,52.730968,1.0706,0.7854
BiancaGolden_CircleTurns,-93.2101,78.4856,205.8450,-3.0658,-20.0119,-37.5706,0.6734,-0.5291,-0.5163,0.9980,112,52.744358,1.0679,0.7849
BiancaGolden_CircleTurns,-93.4703,78.4302,205.8294,-3.1603,-19.8864,-37.6292,0.6738,-0.5306,-0.5143,0.9980,112,52.757324,1.0653,0.7843
BiancaGolden_CircleTurns,-93.7112,78.3833,205.8325,-3.2309,-19.7482,-37.7019,0.6777,-0.5392,-0.4999,0.9980,113,52.772602,1.0629,0.7838
BiancaGolden_CircleTurns,-93.9332,78.3647,205.8514,-3.3707,-19.6899,-37.7967,0.6781,-0.5408,-0.4977,0.9980,113,52.785988,1.0607,0.7836
BiancaGolden_CircleTurns,-94.1347,78.3499,205.8901,-3.5223,-19.6768,-37.8804,0.6799,-0.5376,-0.4987,0.9980,113,52.800537,1.0587,0.7835
BiancaGolden_CircleTurns,-94.3370,78.3360,205.9196,-3.6831,-19.6221,-38.0024,0.6762,-0.5360,-0.5054,0.9980,114,52.814152,1.0566,0.7834
BiancaGolden_CircleTurns,-94.5157,78.3152,205.9636,-3.7955,-19.5490,-38.1265,0.6796,-0.5340,-0.5030,0.9980,114,52.827106,1.0548,0.7832
BiancaGolden_CircleTurns,-94.6683,78.2735,206.0448,-3.8176,-19.4070,-38.2527,0.6783,-0.5359,-0.5028,0.9980,115,52.842087,1.0533,0.7827
BiancaGolden_CircleTurns,-94.7867,78.2293,206.1676,-3.8029,-19.1640,-38.4219,0.6786,-0.5395,-0.4984,0.9980,115,52.855656,1.0521,0.7823
BiancaGolden_CircleTurns,-94.9053,78.1971,206.2866,-3.7505,-18.8747,-38.5868,0.6810,-0.5432,-0.4911,0.9980,115,52.869843,1.0509,0.7820
BiancaGolden_CircleTurns,-95.0008,78.1664,206.3790,-3.6242,-18.5469,-38.7444,0.6814,-0.5444,-0.4891,0.9980,116,52.883923,1.0500,0.7817
BiancaGolden_CircleTurns,-95.0883,78.1254,206.4772,-3.4481,-18.2563,-38.8680,0.6818,-0.5482,-0.4843,0.9980,116,52.896591,1.0491,0.7813
BiancaGolden_CircleTurns,-95.1406,78.0989,206.5658,-3.3441,-17.9465,-39.0005,0.6862,-0.5471,-0.4794,0.9980,117,52.911758,1.0486,0.7810
BiancaGolden_CircleTurns,-95.1967,78.0619,206.6195,-3.2657,-17.6333,-39.1053,0.6869,-0.5495,-0.4756,0.9980,117,52.925251,1.0480,0.7806
BiancaGolden_CircleTurns,-95.2513,78.0303,206.6411,-3.1866,-17.3828,-39.1797,0.6853,-0.5484,-0.4792,0.9980,118,52.939548,1.0475,0.7803
BiancaGolden_CircleTurns,-95.2931,77.9885,206.6746,-3.1082,-17.2068,-39.2739,0.6815,-0.5457,-0.4876,0.9980,118,52.953037,1.0471,0.7799
BiancaGolden_CircleTurns,-95.3189,77.9354,206.6929,-3.0739,-17.1000,-39.3602,0.6814,-0.5449,-0.4886,0.9980,118,52.967304,1.0468,0.7794
BiancaGolden_CircleTurns,-95.3426,77.8970,206.7056,-3.0756,-17.0037,-39.4437,0.6785,-0.5456,-0.4919,0.9980,119,52.980972,1.0466,0.7790
BiancaGolden_CircleTurns,-95.3567,77.8647,206.6888,-3.1399,-17.0470,-39.5165,0.6772,-0.5463,-0.4929,0.9980,119,52.994408,1.0464,0.7786
BiancaGolden_CircleTurns,-95.3668,77.8454,206.6762,-3.2538,-17.1058,-39.5831,0.6762,-0.5463,-0.4942,0.9980,120,53.009277,1.0463,0.7785
BiancaGolden_CircleTurns,-95.3709,77.8268,206.6719,-3.3298,-17.1901,-39.6410,0.6735,-0.5464,-0.4978,0.9980,120,53.022831,1.0463,0.7783
BiancaGolden_CircleTurns,-95.3636,77.8018,206.6862,-3.3728,-17.2932,-39.6698,0.6730,-0.5467,-0.4982,0.9980,120,53.037170,1.0464,0.7780
BiancaGolden_CircleTurns,-95.3371,77.7837,206.7090,-3.4242,-17.3171,-39.7206,0.6716,-0.5458,-0.5011,0.9980,121,53.050591,1.0466,0.7778
BiancaGolden_CircleTurns,-95.3747,77.7553,206.7259,-3.5230,-17.3334,-39.7621,0.6705,-0.5470,-0.5011,0.9980,121,53.064426,1.0463,0.7776
BiancaGolden_CircleTurns,-95.3439,77.7456,206.7416,-3.5923,-17.3320,-39.8456,0.6812,-0.5604,-0.4711,0.9980,122,53.079109,1.0466,0.7775
BiancaGolden_CircleTurns,-95.3093,77.7413,206.7647,-3.6591,-17.3327,-39.9468,0.6823,-0.5633,-0.4660,0.9980,122,53.092316,1.0469,0.7774
BiancaGolden_CircleTurns,-95.2787,77.7442,206.7867,-3.7008,-17.3457,-40.0607,0.6809,-0.5644,-0.4667,0.9980,123,53.107456,1.0472,0.7774
BiancaGolden_CircleTurns,-95.2438,77.7631,206.8173,-3.7774,-17.3932,-40.1838,0.6820,-0.5650,-0.4644,0.9980,123,53.119946,1.0476,0.7776
BiancaGolden_CircleTurns,-95.1908,77.8455,206.8764,-3.8544,-17.4313,-40.3118,0.6810,-0.5642,-0.4668,0.9980,123,53.134987,1.0481,0.7785
BiancaGolden_CircleTurns,-95.1654,77.8996,206.8808,-3.8733,-17.4517,-40.4645,0.6839,-0.5632,-0.4637,0.9980,124,53.147949,1.0483,0.7790
BiancaGolden_CircleTurns,-95.1434,77.9618,206.8916,-3.8502,-17.4520,-40.6027,0.6813,-0.5641,-0.4665,0.9980,124,53.162113,1.0486,0.7796
BiancaGolden_CircleTurns,-95.1223,78.0332,206.9099,-3.7901,-17.4564,-40.7688,0.6796,-0.5658,-0.4669,0.9980,125,53.176361,1.0488,0.7803
BiancaGolden_CircleTurns,-95.1033,78.1354,206.9423,-3.7366,-17.4742,-40.9018,0.6785,-0.5668,-0.4673,0.9980,125,53.190357,1.0490,0.7814
BiancaGolden_CircleTurns,-95.0636,78.2403,206.9840,-3.7441,-17.4953,-41.0162,0.6793,-0.5668,-0.4662,0.9980,126,53.209450,1.0494,0.7824
BiancaGolden_CircleTurns,-95.0319,78.3355,207.0263,-3.7495,-17.4371,-41.1290,0.6786,-0.5702,-0.4631,0.9980,126,53.217216,1.0497,0.7834
BiancaGolden_CircleTurns,-94.9945,78.4331,207.0619,-3.7276,-17.2337,-41.2570,0.6811,-0.5708,-0.4586,0.9980,126,53.232880,1.0501,0.7843
BiancaGolden_CircleTurns,-94.9544,78.5475,207.1045,-3.7397,-17.0489,-41.3998,0.6802,-0.5712,-0.4595,0.9980,127,53.245853,1.0505,0.7855
BiancaGolden_CircleTurns,-94.9003,78.6691,207.1473,-3.7475,-16.8621,-41.5373,0.6807,-0.5729,-0.4566,0.9980,127,53.258961,1.0510,0.7867
BiancaGolden_CircleTurns,-94.8503,78.7964,207.1886,-3.7332,-16.6937,-41.6527,0.6804,-0.5747,-0.4547,0.9980,128,53.274632,1.0515,0.7880
BiancaGolden_CircleTurns,-94.7897,78.9236,207.2545,-3.6993,-16.5697,-41.7551,0.6801,-0.5765,-0.4529,0.9980,128,53.287376,1.0521,0.7892
BiancaGolden_CircleTurns,-94.7218,79.0534,207.3189,-3.6972,-16.4519,-41.8616,0.6796,-0.5784,-0.4512,0.9980,128,53.303173,1.0528,0.7905
BiancaGolden_CircleTurns,-94.6333,79.1832,207.3920,-3.7369,-16.3468,-41.9826,0.6777,-0.5798,-0.4523,0.9980,129,53.314480,1.0537,0.7918
BiancaGolden_CircleTurns,-94.5338,79.3051,207.4570,-3.8065,-16.2241,-42.1288,0.6746,-0.5795,-0.4572,0.9980,129,53.327229,1.0547,0.7931
BiancaGolden_CircleTurns,-94.4317,79.4329,207.5211,-3.8331,-16.0960,-42.2888,0.6736,-0.5818,-0.4558,0.9980,130,53.342464,1.0557,0.7943
BiancaGolden_CircleTurns,-94.3288,79.5354,207.5791,-3.7551,-15.9989,-42.4284,0.6737,-0.5831,-0.4540,0.9980,130,53.355911,1.0567,0.7954
BiancaGolden_CircleTurns,-94.2168,79.6662,207.6335,-3.6875,-15.8807,-42.5804,0.6724,-0.5859,-0.4523,0.9980,130,53.371010,1.0578,0.7967
BiancaGolden_CircleTurns,-94.0899,79.8060,207.6838,-3.5715,-15.7665,-42.7601,0.6703,-0.5870,-0.4540,0.9980,131,53.384472,1.0591,0.7981
BiancaGolden_CircleTurns,-93.9759,79.9486,207.7384,-3.4719,-15.6557,-42.8734,0.6680,-0.5902,-0.4532,0.9980,131,53.397030,1.0602,0.7995
BiancaGolden_CircleTurns,-93.8577,80.0896,207.8007,-3.2907,-15.5885,-42.9719,0.6653,-0.5909,-0.4564,0.9980,132,53.412148,1.0614,0.8009
BiancaGolden_CircleTurns,-93.7366,80.2357,207.8440,-3.1478,-15.5617,-43.0737,0.6638,-0.5929,-0.4558,0.9980,132,53.426243,1.0626,0.8024
BiancaGolden_CircleTurns,-93.6091,80.3812,207.8757,-3.0476,-15.5257,-43.2138,0.6599,-0.5922,-0.4624,0.9980,133,53.439426,1.0639,0.8038
BiancaGolden_CircleTurns,-93.5044,80.5164,207.8988,-2.9150,-15.4752,-43.3494,0.6575,-0.5933,-0.4645,0.9980,133,53.453869,1.0650,0.8052
BiancaGolden_CircleTurns,-93.3991,80.6633,207.9158,-2.7145,-15.4330,-43.5200,0.6577,-0.5928,-0.4649,0.9980,133,53.467098,1.0660,0.8066
BiancaGolden_CircleTurns,-93.3100,80.7981,207.9505,-2.5647,-15.4291,-43.6947,0.6564,-0.5943,-0.4647,0.9980,134,53.480923,1.0669,0.8080
BiancaGolden_CircleTurns,-93.2098,80.9302,207.9982,-2.4389,-15.4210,-43.8820,0.6546,-0.5949,-0.4664,0.9980,134,53.494106,1.0679,0.8093
BiancaGolden_CircleTurns,-93.1218,81.0600,208.0445,-2.3300,-15.4035,-44.0479,0.6522,-0.5952,-0.4695,0.9980,135,53.508984,1.0688,0.8106
BiancaGolden_CircleTurns,-93.0267,81.2019,208.0843,-2.2323,-15.3585,-44.2142,0.6504,-0.5976,-0.4690,0.9980,135,53.523468,1.0697,0.8120
