FileName,LocationX,LocationY,LocationZ,RotationRoll,RotationPitch,RotationYaw,GazeHitX,GazeHitY,GazeHitZ,GazeConfidence,Frame,Timestamp,RoomX_m,RoomY_m
BiancaGolden_CircleTurns,-200.0000,0.0000,30.0000,0.0000,0.0000,0.0000,0.0000,0.0000,0.0000,0.0000,0,0.016667,0.0000,0.0000
BiancaGolden_CircleTurns,-200.0000,0.0000,30.0000,0.0000,0.0000,0.0000,0.0000,0.0000,0.0000,0.0000,0,0.416667,0.0000,0.0000
BiancaGolden_CircleTurns,-200.0000,0.0000,30.0000,0.0000,0.0000,0.0000,0.0000,0.0000,0.0000,0.0000,1,0.468207,0.0000,0.0000
BiancaGolden_CircleTurns,-200.0000,0.0000,30.0000,0.0000,0.0000,0.0000,0.0000,0.0000,0.0000,0.0000,2,0.487939,0.0000,0.0000
BiancaGolden_CircleTurns,-200.0000,0.0000,30.0000,0.0000,0.0000,0.0000,0.0000,0.0000,0.0000,0.0000,2,0.500905,0.0000,0.0000
BiancaGolden_CircleTurns,-200.0000,0.0000,30.0000,0.0000,0.0000,0.0000,0.0000,0.0000,0.0000,0.0000,3,0.513928,0.0000,0.0000
BiancaGolden_CircleTurns,-200.0000,0.0000,30.0000,0.0000,0.0000,0.0000,0.0000,0.0000,0.0000,0.0000,3,0.528242,0.0000,0.0000
BiancaGolden_CircleTurns,-200.0000,0.0000,30.0000,0.0000,0.0000,0.0000,0.0000,0.0000,0.0000,0.0000,4,0.542318,0.0000,0.0000
BiancaGolden_CircleTurns,-200.0000,0.0000,30.0000,0.0000,0.0000,0.0000,0.0000,0.0000,0.0000,0.0000,4,0.557801,0.0000,0.0000
BiancaGolden_CircleTurns,-200.0000,0.0000,30.0000,0.0000,0.0000,0.0000,0.0000,0.0000,0.0000,0.0000,5,0.570506,0.0000,0.0000
BiancaGolden_CircleTurns,-200.0000,0.0000,30.0000,0.0000,0.0000,0.0000,0.0000,0.0000,0.0000,0.0000,5,0.583719,0.0000,0.0000
BiancaGolden_CircleTurns,-200.0000,0.0000,30.0000,0.0000,0.0000,0.0000,0.0000,0.0000,0.0000,0.0000,5,0.596378,0.0000,0.0000
BiancaGolden_CircleTurns,-200.0000,0.0000,30.0000,0.0000,0.0000,0.0000,0.0000,0.0000,0.0000,0.0000,6,0.611756,0.0000,0.0000
BiancaGolden_CircleTurns,-200.0000,0.0000,30.0000,0.0000,0.0000,0.0000,0.0000,0.0000,0.0000,0.0000,6,0.624887,0.0000,0.0000
BiancaGolden_CircleTurns,-200.0000,0.0000,30.0000,0.0000,0.0000,0.0000,0.0000,0.0000,0.0000,0.0000,7,0.639971,0.0000,0.0000
BiancaGolden_CircleTurns,-200.0000,0.0000,30.0000,0.0000,0.0000,0.0000,0.0000,0.0000,0.0000,0.0000,7,0.653241,0.0000,0.0000
BiancaGolden_CircleTurns,-200.0000,0.0000,30.0000,0.0000,0.0000,0.0000,0.0000,0.0000,0.0000,0.0000,7,0.668205,0.0000,0.0000
BiancaGolden_CircleTurns,-200.0000,0.0000,30.0000,0.0000,0.0000,0.0000,0.0000,0.0000,0.0000,0.0000,8,0.681851,0.0000,0.0000
BiancaGolden_CircleTurns,-200.0000,0.0000,30.0000,0.0000,0.0000,0.0000,0.0000,0.0000,0.0000,0.0000,8,0.693345,0.0000,0.0000
BiancaGolden_CircleTurns,-200.0000,0.0000,30.0000,0.0000,0.0000,0.0000,0.0000,0.0000,0.0000,0.0000,9,0.709464,0.0000,0.0000
BiancaGolden_CircleTurns,-200.0000,0.0000,30.0000,0.0000,0.0000,0.0000,0.0000,0.0000,0.0000,0.0000,9,0.722772,0.0000,0.0000
BiancaGolden_CircleTurns,-200.0000,0.0000,30.0000,0.0000,0.0000,0.0000,0.0000,0.0000,0.0000,0.0000,10,0.736023,0.0000,0.0000
BiancaGolden_CircleTurns,-200.0000,0.0000,30.0000,0.0000,0.0000,0.0000,0.0000,0.0000,0.0000,0.0000,10,0.750853,0.0000,0.0000
BiancaGolden_CircleTurns,-200.0000,0.0000,30.0000,0.0000,0.0000,0.0000,0.0000,0.0000,0.0000,0.0000,10,0.766053,0.0000,0.0000
BiancaGolden_CircleTurns,-200.0000,0.0000,30.0000,0.0000,0.0000,0.0000,0.0000,0.0000,0.0000,0.0000,11,0.780034,0.0000,0.0000
BiancaGolden_CircleTurns,-200.0000,0.0000,30.0000,0.0000,0.0000,0.0000,0.0000,0.0000,0.0000,0.0000,11,0.790715,0.0000,0.0000
BiancaGolden_CircleTurns,-200.0000,0.0000,30.0000,0.0000,0.0000,0.0000,0.0000,0.0000,0.0000,0.0000,12,0.805749,0.0000,0.0000
BiancaGolden_CircleTurns,-200.0000,0.0000,30.0000,0.0000,0.0000,0.0000,0.0000,0.0000,0.0000,0.0000,12,0.820311,0.0000,0.0000
BiancaGolden_CircleTurns,-200.0000,0.0000,30.0000,0.0000,0.0000,0.0000,0.0000,0.0000,0.0000,0.0000,12,0.834408,0.0000,0.0000
BiancaGolden_CircleTurns,-200.0000,0.0000,30.0000,0.0000,0.0000,0.0000,0.0000,0.0000,0.0000,0.0000,13,0.848081,0.0000,0.0000
BiancaGolden_CircleTurns,-200.0000,0.0000,30.0000,0.0000,0.0000,0.0000,0.0000,0.0000,0.0000,0.0000,13,0.860441,0.0000,0.0000
BiancaGolden_CircleTurns,-200.0000,0.0000,30.0000,0.0000,0.0000,0.0000,0.0000,0.0000,0.0000,0.0000,14,0.875985,0.0000,0.0000
BiancaGolden_CircleTurns,-200.0000,0.0000,30.0000,0.0000,0.0000,0.0000,0.0000,0.0000,0.0000,0.0000,15,0.903287,0.0000,0.0000
BiancaGolden_CircleTurns,-200.0000,0.0000,30.0000,0.0000,0.0000,0.0000,0.0000,0.0000,0.0000,0.0000,15,0.917908,0.0000,0.0000
BiancaGolden_CircleTurns,-200.0000,0.0000,30.0000,0.0000,0.0000,0.0000,0.0000,0.0000,0.0000,0.0000,15,0.930848,0.0000,0.0000
BiancaGolden_CircleTurns,-200.0000,0.0000,30.0000,0.0000,0.0000,0.0000,0.0000,0.0000,0.0000,0.0000,16,0.945118,0.0000,0.0000
BiancaGolden_CircleTurns,-200.0000,0.0000,30.0000,0.0000,0.0000,0.0000,0.0000,0.0000,0.0000,0.0000,16,0.958101,0.0000,0.0000
BiancaGolden_CircleTurns,-200.0000,0.0000,30.0000,0.0000,0.0000,0.0000,0.0000,0.0000,0.0000,0.0000,17,0.972588,0.0000,0.0000
BiancaGolden_CircleTurns,-200.0000,0.0000,30.0000,0.0000,0.0000,0.0000,0.0000,0.0000,0.0000,0.0000,17,0.986521,0.0000,0.0000
BiancaGolden_CircleTurns,-200.0000,0.0000,30.0000,0.0000,0.0000,0.0000,0.0000,0.0000,0.0000,0.0000,17,1.001502,0.0000,0.0000
BiancaGolden_CircleTurns,-200.0000,0.0000,30.0000,0.0000,0.0000,0.0000,0.0000,0.0000,0.0000,0.0000,18,1.014235,0.0000,0.0000
BiancaGolden_CircleTurns,-200.0000,0.0000,30.0000,0.0000,0.0000,0.0000,0.0000,0.0000,0.0000,0.0000,18,1.027822,0.0000,0.0000
BiancaGolden_CircleTurns,-200.0000,0.0000,30.0000,0.0000,0.0000,0.0000,0.0000,0.0000,0.0000,0.0000,19,1.042563,0.0000,0.0000
BiancaGolden_CircleTurns,-200.0000,0.0000,30.0000,0.0000,0.0000,0.0000,0.0000,0.0000,0.0000,0.0000,19,1.055948,0.0000,0.0000
BiancaGolden_CircleTurns,-200.0000,0.0000,30.0000,0.0000,0.0000,0.0000,0.0000,0.0000,0.0000,0.0000,20,1.070932,0.0000,0.0000
BiancaGolden_CircleTurns,-200.0000,0.0000,30.0000,0.0000,0.0000,0.0000,0.0000,0.0000,0.0000,0.0000,20,1.083734,0.0000,0.0000
BiancaGolden_CircleTurns,-200.0000,0.0000,30.0000,0.0000,0.0000,0.0000,0.0000,0.0000,0.0000,0.0000,20,1.098504,0.0000,0.0000
BiancaGolden_CircleTurns,-200.0000,0.0000,30.0000,0.0000,0.0000,0.0000,0.0000,0.0000,0.0000,0.0000,21,1.112555,0.0000,0.0000
BiancaGolden_CircleTurns,-200.0000,0.0000,30.0000,0.0000,0.0000,0.0000,0.0000,0.0000,0.0000,0.0000,21,1.125302,0.0000,0.0000
BiancaGolden_CircleTurns,-200.0000,0.0000,30.0000,0.0000,0.0000,0.0000,0.9606,0.1307,-0.2453,0.9980,22,1.141621,0.0000,0.0000
BiancaGolden_CircleTurns,-327.3457,4.4518,201.6419,-2.6711,-10.2003,6.0291,0.9607,0.1310,-0.2448,0.9980,22,1.158933,-1.2735,0.0445
BiancaGolden_CircleTurns,-327.3251,4.4268,201.6226,-2.7530,-10.1733,6.0226,0.9612,0.1302,-0.2434,0.9980,23,1.168605,-1.2733,0.0443
BiancaGolden_CircleTurns,-327.2975,4.3985,201.5996,-2.8350,-10.1023,5.9703,0.9615,0.1295,-0.2425,0.9980,23,1.182401,-1.2730,0.0440
BiancaGolden_CircleTurns,-327.2853,4.3768,201.5588,-2.8869,-10.0449,5.9216,0.9614,0.1288,-0.2430,0.9980,23,1.196947,-1.2729,0.0438
BiancaGolden_CircleTurns,-327.2804,4.3517,201.5056,-2.9419,-10.0635,5.8755,0.9613,0.1280,-0.2440,0.9980,24,1.212177,-1.2728,0.0435
BiancaGolden_CircleTurns,-327.2713,4.3335,201.4640,-2.9929,-10.1361,5.8229,0.9612,0.1272,-0.2447,0.9980,24,1.225673,-1.2727,0.0433
BiancaGolden_CircleTurns,-327.2488,4.3149,201.4333,-2.9654,-10.1744,5.7780,0.9592,0.1231,-0.2545,0.9980,25,1.241594,-1.2725,0.0431
BiancaGolden_CircleTurns,-327.2235,4.3021,201.3978,-2.9567,-10.2201,5.7279,0.9438,0.0789,-0.3209,0.9980,25,1.263539,-1.2722,0.0430
BiancaGolden_CircleTurns,-327.1717,4.2777,201.3420,-2.9688,-10.3011,5.6554,0.9429,0.0756,-0.3244,0.9980,26,1.270052,-1.2717,0.0428
BiancaGolden_CircleTurns,-327.1616,4.2738,201.3040,-2.9873,-10.3923,5.5880,0.9422,0.0747,-0.3265,0.9980,26,1.282945,-1.2716,0.0427
BiancaGolden_CircleTurns,-327.1406,4.2715,201.2689,-2.9823,-10.5190,5.5388,0.9424,0.0707,-0.3270,0.9980,26,1.298131,-1.2714,0.0427
BiancaGolden_CircleTurns,-327.1151,4.2523,201.2405,-2.8931,-10.6533,5.5328,0.9419,0.0702,-0.3284,0.9980,27,1.312023,-1.2712,0.0425
BiancaGolden_CircleTurns,-327.0830,4.2483,201.2363,-2.8432,-10.7467,5.5098,0.9440,0.0716,-0.3220,0.9980,27,1.325284,-1.2708,0.0425
BiancaGolden_CircleTurns,-327.0524,4.2356,201.2348,-2.7992,-10.7984,5.4604,0.9439,0.0711,-0.3224,0.9980,28,1.340110,-1.2705,0.0424
BiancaGolden_CircleTurns,-327.0263,4.2241,201.2246,-2.7865,-10.8091,5.4282,0.9435,0.0744,-0.3229,0.9980,28,1.354124,-1.2703,0.0422
BiancaGolden_CircleTurns,-327.0082,4.1948,201.2135,-2.7462,-10.8643,5.4044,0.9445,0.0730,-0.3203,0.9980,28,1.367617,-1.2701,0.0419
BiancaGolden_CircleTurns,-326.9995,4.1695,201.2018,-2.6886,-10.9235,5.3984,0.9441,0.0733,-0.3215,0.9980,29,1.383372,-1.2700,0.0417
BiancaGolden_CircleTurns,-326.9786,4.1444,201.1871,-2.6295,-10.9868,5.4200,0.9458,0.0732,-0.3163,0.9980,29,1.393706,-1.2698,0.0414
BiancaGolden_CircleTurns,-326.9542,4.1242,201.1848,-2.6327,-11.0495,5.4297,0.9461,0.0729,-0.3157,0.9980,30,1.408537,-1.2695,0.0412
BiancaGolden_CircleTurns,-326.9146,4.1004,201.1778,-2.7300,-11.0357,5.3990,0.9460,0.0727,-0.3158,0.9980,30,1.422668,-1.2691,0.0410
BiancaGolden_CircleTurns,-326.8868,4.0691,201.1724,-2.8262,-11.0400,5.3697,0.9454,0.0747,-0.3173,0.9980,31,1.436902,-1.2689,0.0407
BiancaGolden_CircleTurns,-326.8535,4.0323,201.1872,-2.8855,-11.0558,5.3505,0.9455,0.0748,-0.3169,0.9980,31,1.451873,-1.2685,0.0403
BiancaGolden_CircleTurns,-326.8146,4.0053,201.2026,-2.9579,-11.0307,5.3447,0.9442,0.0717,-0.3216,0.9980,32,1.470634,-1.2681,0.0401
BiancaGolden_CircleTurns,-326.7790,3.9726,201.2180,-3.0261,-11.0208,5.3595,0.9448,0.0714,-0.3199,0.9980,32,1.479385,-1.2678,0.0397
BiancaGolden_CircleTurns,-326.7536,3.9505,201.2230,-3.1112,-11.0167,5.3354,0.9434,0.0724,-0.3236,0.9980,32,1.494379,-1.2675,0.0395
BiancaGolden_CircleTurns,-326.7225,3.9285,201.2247,-3.2512,-11.0451,5.3068,0.9437,0.0733,-0.3225,0.9980,33,1.506736,-1.2672,0.0393
BiancaGolden_CircleTurns,-326.6976,3.9037,201.2351,-3.3344,-11.0918,5.2752,0.9436,0.0722,-0.3233,0.9980,33,1.519121,-1.2670,0.0390
BiancaGolden_CircleTurns,-326.6559,3.8897,201.2672,-3.3989,-11.1355,5.2005,0.9434,0.0711,-0.3240,0.9980,33,1.534003,-1.2666,0.0389
BiancaGolden_CircleTurns,-326.6098,3.8767,201.3068,-3.4142,-11.1810,5.1319,0.9436,0.0683,-0.3241,0.9980,34,1.547777,-1.2661,0.0388
BiancaGolden_CircleTurns,-326.5694,3.8823,201.3220,-3.4039,-11.2075,5.0881,0.9432,0.0681,-0.3253,0.9980,34,1.560688,-1.2657,0.0388
BiancaGolden_CircleTurns,-326.5291,3.8714,201.3339,-3.3232,-11.2829,5.0913,0.9431,0.0656,-0.3260,0.9980,35,1.576321,-1.2653,0.0387
BiancaGolden_CircleTurns,-326.4760,3.8868,201.3559,-3.2407,-11.3180,5.0690,0.9423,0.0720,-0.3270,0.9980,35,1.588464,-1.2648,0.0389
BiancaGolden_CircleTurns,-326.4170,3.9014,201.3917,-3.2286,-11.3852,5.0472,0.9426,0.0723,-0.3259,0.9980,36,1.602860,-1.2642,0.0390
BiancaGolden_CircleTurns,-326.3457,3.9143,201.4221,-3.1382,-11.4653,5.0334,0.9419,0.0725,-0.3281,0.9980,36,1.617262,-1.2635,0.0391
BiancaGolden_CircleTurns,-326.2626,3.9085,201.4410,-2.9768,-11.5956,5.0717,0.9402,0.0733,-0.3327,0.9980,36,1.631302,-1.2626,0.0391
BiancaGolden_CircleTurns,-326.1614,3.9149,201.4569,-2.7865,-11.7452,5.1251,0.9390,0.0742,-0.3359,0.9980,37,1.646324,-1.2616,0.0391
BiancaGolden_CircleTurns,-326.0488,3.9167,201.4670,-2.6908,-11.9565,5.1880,0.9369,0.0703,-0.3424,0.9980,37,1.657339,-1.2605,0.0392
BiancaGolden_CircleTurns,-325.9446,3.9331,201.4590,-2.7091,-12.2163,5.2393,0.9344,0.0697,-0.3492,0.9980,38,1.672793,-1.2594,0.0393
BiancaGolden_CircleTurns,-325.8300,3.9490,201.4621,-2.8334,-12.5246,5.2428,0.9335,0.0675,-0.3521,0.9980,38,1.685789,-1.2583,0.0395
BiancaGolden_CircleTurns,-325.7165,3.9882,201.4954,-3.0962,-12.8295,5.1762,0.9338,0.0672,-0.3515,0.9980,38,1.701030,-1.2572,0.0399
BiancaGolden_CircleTurns,-325.5779,4.0039,201.5477,-3.2217,-13.0105,5.1494,0.9337,0.0661,-0.3518,0.9980,39,1.713068,-1.2558,0.0400
BiancaGolden_CircleTurns,-325.4262,4.0329,201.6260,-3.2498,-13.0272,5.0794,0.9341,0.0650,-0.3510,0.9980,39,1.726721,-1.2543,0.0403
BiancaGolden_CircleTurns,-325.2598,4.0697,201.7091,-3.2411,-12.9829,5.0066,0.9349,0.0664,-0.3487,0.9980,40,1.741294,-1.2526,0.0407
BiancaGolden_CircleTurns,-325.1201,4.1163,201.7611,-3.1730,-12.8726,4.9357,0.9387,0.0665,-0.3384,0.9980,40,1.755645,-1.2512,0.0412
BiancaGolden_CircleTurns,-324.9846,4.1799,201.8193,-3.0782,-12.7648,4.8789,0.9392,0.0648,-0.3371,0.9980,41,1.771018,-1.2498,0.0418
BiancaGolden_CircleTurns,-324.8322,4.2552,201.8760,-3.0495,-12.6904,4.7784,0.9397,0.0628,-0.3362,0.9980,41,1.783332,-1.2483,0.0426
BiancaGolden_CircleTurns,-324.6622,4.3322,201.9419,-2.9963,-12.6333,4.6615,0.9398,0.0614,-0.3363,0.9980,41,1.797006,-1.2466,0.0433
BiancaGolden_CircleTurns,-324.4827,4.4082,202.0167,-2.8826,-12.6402,4.5911,0.9398,0.0398,-0.3395,0.9980,42,1.810650,-1.2448,0.0441
BiancaGolden_CircleTurns,-324.3112,4.5109,202.0775,-2.7299,-12.6353,4.5006,0.9146,0.0052,-0.4043,0.9980,42,1.823819,-1.2431,0.0451
BiancaGolden_CircleTurns,-324.1485,4.6286,202.1330,-2.6294,-12.7088,4.4423,0.9110,0.0018,-0.4125,0.9980,43,1.839792,-1.2415,0.0463
BiancaGolden_CircleTurns,-324.0040,4.7670,202.1998,-2.5986,-12.7662,4.3802,0.9107,0.0011,-0.4131,0.9980,43,1.853108,-1.2400,0.0477
BiancaGolden_CircleTurns,-323.8510,4.9131,202.2944,-2.4860,-12.8176,4.3683,0.9110,0.0008,-0.4125,0.9980,43,1.867197,-1.2385,0.0491
BiancaGolden_CircleTurns,-323.7090,5.0751,202.3932,-2.3626,-12.7851,4.3790,0.9118,0.0008,-0.4107,0.9980,44,1.880899,-1.2371,0.0508
BiancaGolden_CircleTurns,-323.5481,5.2633,202.4958,-2.2545,-12.6551,4.3963,0.9110,0.0078,-0.4123,0.9980,44,1.894063,-1.2355,0.0526
BiancaGolden_CircleTurns,-323.4139,5.4547,202.5812,-2.1907,-12.4988,4.4181,0.9122,0.0129,-0.4095,0.9980,45,1.909835,-1.2341,0.0545
BiancaGolden_CircleTurns,-323.2825,5.6545,202.6723,-2.0679,-12.3291,4.4763,0.9138,0.0099,-0.4061,0.9980,45,1.923367,-1.2328,0.0565
BiancaGolden_CircleTurns,-323.1610,5.8508,202.7557,-1.9435,-12.2078,4.5775,0.9149,0.0131,-0.4034,0.9980,46,1.938382,-1.2316,0.0585
BiancaGolden_CircleTurns,-323.0158,6.0632,202.8423,-1.7926,-12.0499,4.6491,0.9161,0.0139,-0.4008,0.9980,46,1.951113,-1.2302,0.0606
BiancaGolden_CircleTurns,-322.8849,6.2781,202.9170,-1.7009,-11.8897,4.7142,0.9154,0.0117,-0.4024,0.9980,47,1.970706,-1.2288,0.0628
BiancaGolden_CircleTurns,-322.7581,6.5043,202.9744,-1.5869,-11.6962,4.7552,0.9148,0.0104,-0.4039,0.9980,47,1.979009,-1.2276,0.0650
BiancaGolden_CircleTurns,-322.6252,6.7293,203.0423,-1.5396,-11.5324,4.7775,0.9138,0.0076,-0.4060,0.9980,47,1.994109,-1.2263,0.0673
BiancaGolden_CircleTurns,-322.4897,6.9739,203.1163,-1.5402,-11.3672,4.7320,0.9146,0.0037,-0.4044,0.9980,48,2.006077,-1.2249,0.0697
BiancaGolden_CircleTurns,-322.3554,7.2048,203.1677,-1.4520,-11.2608,4.7216,0.9149,-0.0018,-0.4037,0.9980,48,2.018788,-1.2236,0.0720
BiancaGolden_CircleTurns,-322.2175,7.4372,203.1920,-1.3548,-11.1974,4.6748,0.9152,-0.0029,-0.4030,0.9980,48,2.034211,-1.2222,0.0744
BiancaGolden_CircleTurns,-322.0753,7.6673,203.1925,-1.2158,-11.1662,4.6323,0.9109,-0.0046,-0.4125,0.9980,49,2.047423,-1.2208,0.0767
BiancaGolden_CircleTurns,-321.9315,7.9005,203.2024,-1.1863,-11.1643,4.5430,0.9110,-0.0066,-0.4124,0.9980,49,2.060498,-1.2193,0.0790
BiancaGolden_CircleTurns,-321.7572,8.1380,203.2091,-1.1410,-11.1808,4.4013,0.9112,-0.0087,-0.4119,0.9980,50,2.075842,-1.2176,0.0814
BiancaGolden_CircleTurns,-321.5899,8.3779,203.1965,-1.0217,-11.1565,4.2950,0.9077,-0.0125,-0.4193,0.9980,50,2.090223,-1.2159,0.0838
BiancaGolden_CircleTurns,-321.3941,8.6183,203.1715,-0.8923,-11.1327,4.1681,0.9081,-0.0150,-0.4186,0.9980,51,2.103917,-1.2139,0.0862
BiancaGolden_CircleTurns,-321.2166,8.8645,203.1118,-0.7883,-11.0607,4.0344,0.9083,-0.0174,-0.4180,0.9980,51,2.117595,-1.2122,0.0886
BiancaGolden_CircleTurns,-321.0553,9.1242,203.0743,-0.8479,-11.0191,3.8683,0.9081,-0.0185,-0.4184,0.9980,51,2.132405,-1.2106,0.0912
BiancaGolden_CircleTurns,-320.9042,9.3671,203.0050,-0.8909,-10.9828,3.7485,0.9033,-0.0189,-0.4286,0.9980,52,2.145854,-1.2090,0.0937
BiancaGolden_CircleTurns,-320.7395,9.6270,202.9189,-1.0199,-10.9804,3.5471,0.9033,-0.0186,-0.4285,0.9980,52,2.159069,-1.2074,0.0963
BiancaGolden_CircleTurns,-320.5788,9.8555,202.8093,-1.1224,-10.9691,3.3233,0.9042,-0.0210,-0.4267,0.9980,53,2.174473,-1.2058,0.0986
BiancaGolden_CircleTurns,-320.4146,10.0701,202.7203,-1.0604,-10.9589,3.1622,0.9040,-0.0237,-0.4268,0.9980,53,2.188788,-1.2041,0.1007
BiancaGolden_CircleTurns,-320.2464,10.2820,202.6290,-1.0247,-10.9652,2.9852,0.9035,-0.0265,-0.4277,0.9980,54,2.202130,-1.2025,0.1028
BiancaGolden_CircleTurns,-320.0379,10.4671,202.5851,-0.9506,-11.0321,2.8256,0.9030,-0.0296,-0.4287,0.9980,54,2.215983,-1.2004,0.1047
BiancaGolden_CircleTurns,-319.8089,10.6564,202.6038,-0.9124,-11.1120,2.6457,0.9076,-0.0292,-0.4188,0.9980,54,2.229945,-1.1981,0.1066
BiancaGolden_CircleTurns,-319.5881,10.8226,202.6423,-0.9624,-11.2011,2.4567,0.9333,-0.0321,-0.3577,0.9980,55,2.243656,-1.1959,0.1082
BiancaGolden_CircleTurns,-319.3665,10.9181,202.6620,-0.8577,-11.2918,2.2677,0.9329,-0.0367,-0.3581,0.9980,55,2.256899,-1.1937,0.1092
BiancaGolden_CircleTurns,-319.1334,11.0210,202.6710,-0.7318,-11.3263,2.0399,0.9264,-0.0414,-0.3743,0.9980,56,2.272060,-1.1913,0.1102
BiancaGolden_CircleTurns,-318.8697,11.1216,202.7019,-0.6322,-11.2707,1.7708,0.9267,-0.0452,-0.3731,0.9980,56,2.285898,-1.1887,0.1112
BiancaGolden_CircleTurns,-318.5616,11.1893,202.7832,-0.5767,-11.1909,1.5389,0.9258,-0.0186,-0.3777,0.9980,56,2.299911,-1.1856,0.1119
BiancaGolden_CircleTurns,-318.2343,11.2322,202.8810,-0.4986,-11.0662,1.3407,0.9186,0.0218,-0.3947,0.9980,57,2.313413,-1.1823,0.1123
BiancaGolden_CircleTurns,-317.8920,11.2681,202.9824,-0.4661,-10.9831,1.1437,0.9193,0.0186,-0.3932,0.9980,57,2.326762,-1.1789,0.1127
BiancaGolden_CircleTurns,-317.5248,11.2942,203.0823,-0.5834,-10.8803,0.9286,0.9646,-0.0386,-0.2611,0.9980,58,2.342271,-1.1752,0.1129
BiancaGolden_CircleTurns,-317.1563,11.3004,203.1454,-0.7198,-10.8751,0.6940,0.9751,-0.0513,-0.2160,0.9980,58,2.356031,-1.1716,0.1130
BiancaGolden_CircleTurns,-316.7868,11.2864,203.1961,-0.7642,-10.9086,0.4967,0.9746,-0.0548,-0.2169,0.9980,59,2.370687,-1.1679,0.1129
BiancaGolden_CircleTurns,-316.4012,11.2411,203.2353,-0.7518,-10.9805,0.2913,0.9742,-0.0581,-0.2179,0.9980,59,2.384979,-1.1640,0.1124
BiancaGolden_CircleTurns,-316.0068,11.1914,203.2682,-0.7742,-11.0352,0.0959,0.9692,-0.0607,-0.2385,0.9980,59,2.398460,-1.1601,0.1119
BiancaGolden_CircleTurns,-315.5809,11.1318,203.2919,-0.7704,-11.0388,-0.0905,0.9627,-0.0469,-0.2666,0.9980,60,2.411283,-1.1558,0.1113
BiancaGolden_CircleTurns,-315.1426,11.0635,203.2674,-0.7606,-11.0016,-0.2919,0.9617,-0.0481,-0.2700,0.9980,60,2.424452,-1.1514,0.1106
BiancaGolden_CircleTurns,-314.6738,10.9735,203.2544,-0.7210,-10.9550,-0.4752,0.9616,-0.0446,-0.2708,0.9980,61,2.440506,-1.1467,0.1097
BiancaGolden_CircleTurns,-314.1991,10.8703,203.2169,-0.7311,-10.8932,-0.6686,0.9613,-0.0480,-0.2712,0.9980,61,2.453692,-1.1420,0.1087
BiancaGolden_CircleTurns,-313.7106,10.7535,203.1581,-0.8093,-10.9174,-0.8784,0.9585,-0.0494,-0.2808,0.9980,62,2.471244,-1.1371,0.1075
BiancaGolden_CircleTurns,-313.2172,10.6316,203.0745,-0.9057,-11.0111,-1.1018,0.9578,-0.0437,-0.2841,0.9980,62,2.480788,-1.1322,0.1063
BiancaGolden_CircleTurns,-312.6763,10.5051,203.0043,-0.9561,-11.0862,-1.3342,0.9575,-0.0467,-0.2848,0.9980,62,2.494239,-1.1268,0.1051
BiancaGolden_CircleTurns,-312.1201,10.3446,202.9309,-0.9437,-11.1241,-1.5128,0.9590,-0.0459,-0.2798,0.9980,63,2.508585,-1.1212,0.1034
BiancaGolden_CircleTurns,-311.5469,10.1676,202.8550,-0.8622,-11.1445,-1.6356,0.9594,-0.0372,-0.2796,0.9980,63,2.521783,-1.1155,0.1017
BiancaGolden_CircleTurns,-310.9526,9.9592,202.7581,-0.6937,-11.1370,-1.7129,0.9591,-0.0349,-0.2809,0.9980,64,2.536395,-1.1095,0.0996
BiancaGolden_CircleTurns,-310.3184,9.7722,202.6522,-0.6923,-11.1259,-1.8016,0.9589,-0.0360,-0.2814,0.9980,64,2.550654,-1.1032,0.0977
BiancaGolden_CircleTurns,-309.6613,9.5660,202.5491,-0.7545,-11.1570,-1.8725,0.9589,-0.0322,-0.2821,0.9980,64,2.564019,-1.0966,0.0957
BiancaGolden_CircleTurns,-308.9933,9.3488,202.4277,-0.8816,-11.2004,-1.9369,0.9584,-0.0316,-0.2836,0.9980,65,2.577651,-1.0899,0.0935
BiancaGolden_CircleTurns,-308.3039,9.1024,202.3128,-0.9788,-11.2701,-1.9736,0.9580,-0.0302,-0.2853,0.9980,65,2.590736,-1.0830,0.0910
BiancaGolden_CircleTurns,-307.5652,8.8444,202.1975,-1.0069,-11.3205,-1.9646,0.9575,-0.0286,-0.2871,0.9980,66,2.605743,-1.0757,0.0884
BiancaGolden_CircleTurns,-306.7801,8.5576,202.0800,-1.0092,-11.3414,-1.8946,0.9568,-0.0214,-0.2901,0.9980,66,2.619640,-1.0678,0.0856
BiancaGolden_CircleTurns,-305.9864,8.2554,201.9426,-1.0427,-11.3442,-1.7962,0.9569,-0.0200,-0.2898,0.9980,66,2.634264,-1.0599,0.0826
BiancaGolden_CircleTurns,-305.1858,7.9390,201.8116,-1.0535,-11.3262,-1.7116,0.9567,-0.0176,-0.2905,0.9980,67,2.648453,-1.0519,0.0794
BiancaGolden_CircleTurns,-304.3619,7.5870,201.6733,-1.0976,-11.2951,-1.5860,0.9563,-0.0107,-0.2923,0.9980,67,2.661102,-1.0436,0.0759
BiancaGolden_CircleTurns,-303.4884,7.2289,201.5242,-1.1073,-11.2397,-1.4565,0.9567,-0.0084,-0.2911,0.9980,68,2.676002,-1.0349,0.0723
BiancaGolden_CircleTurns,-302.6222,6.8466,201.3540,-1.1206,-11.2020,-1.3176,0.9565,-0.0058,-0.2915,0.9980,68,2.689507,-1.0262,0.0685
BiancaGolden_CircleTurns,-301.7532,6.4340,201.1547,-1.1335,-11.2286,-1.1640,0.9575,-0.0075,-0.2885,0.9980,69,2.703623,-1.0175,0.0643
BiancaGolden_CircleTurns,-300.8958,6.0020,201.0799,-1.1815,-11.4221,-1.0088,0.9571,-0.0047,-0.2898,0.9980,69,2.717412,-1.0090,0.0600
BiancaGolden_CircleTurns,-300.0134,5.5660,201.0632,-1.2756,-11.4952,-0.8575,0.9569,0.0019,-0.2904,0.9980,69,2.732271,-1.0001,0.0557
BiancaGolden_CircleTurns,-299.1034,5.0943,201.0491,-1.3439,-11.5424,-0.6548,0.9565,0.0030,-0.2918,0.9980,70,2.745563,-0.9910,0.0509
BiancaGolden_CircleTurns,-298.2530,4.6381,200.8377,-1.1527,-11.4474,-0.4107,0.9556,0.0095,-0.2946,0.9980,70,2.759038,-0.9825,0.0464
BiancaGolden_CircleTurns,-297.4107,4.2253,200.6752,-0.6992,-11.5394,-0.0137,0.9535,0.0193,-0.3007,0.9980,71,2.773826,-0.9741,0.0423
BiancaGolden_CircleTurns,-296.5474,3.9148,200.6862,-0.0264,-11.6431,0.6800,0.9517,0.0328,-0.3054,0.9980,71,2.787512,-0.9655,0.0391
BiancaGolden_CircleTurns,-295.7137,3.6585,200.7416,0.3386,-11.8228,1.5962,0.9498,0.0472,-0.3092,0.9980,72,2.801583,-0.9571,0.0366
BiancaGolden_CircleTurns,-294.8590,3.3859,200.7234,0.5411,-12.0367,2.4246,0.9469,0.0588,-0.3162,0.9980,72,2.815396,-0.9486,0.0339
BiancaGolden_CircleTurns,-294.0401,3.0725,200.6955,0.6060,-12.3583,3.1425,0.9447,0.0655,-0.3215,0.9980,72,2.829787,-0.9404,0.0307
BiancaGolden_CircleTurns,-293.2219,2.6916,200.7843,0.6779,-12.6781,3.5788,0.9476,0.0700,-0.3116,0.9980,73,2.844289,-0.9322,0.0269
BiancaGolden_CircleTurns,-292.4139,2.3260,200.9824,0.8434,-12.9304,3.8477,0.9477,0.0580,-0.3139,0.9980,73,2.856327,-0.9241,0.0233
BiancaGolden_CircleTurns,-291.6281,1.9581,201.2259,0.9736,-13.1438,3.9681,0.9476,0.0460,-0.3162,0.9980,74,2.871569,-0.9163,0.0196
BiancaGolden_CircleTurns,-290.8288,1.6107,201.4716,1.2409,-13.3055,4.0130,0.9472,0.0460,-0.3173,0.9980,74,2.885058,-0.9083,0.0161
BiancaGolden_CircleTurns,-290.0487,1.3135,201.6287,1.4082,-13.3761,4.0292,0.9493,0.0398,-0.3120,0.9980,74,2.899704,-0.9005,0.0131
BiancaGolden_CircleTurns,-289.2901,1.0044,201.7335,1.5431,-13.3046,4.0904,0.9496,0.0344,-0.3115,0.9980,75,2.912778,-0.8929,0.0100
BiancaGolden_CircleTurns,-288.5155,0.7099,201.8448,1.7367,-13.2319,4.0944,0.9510,0.0262,-0.3080,0.9980,75,2.925900,-0.8852,0.0071
BiancaGolden_CircleTurns,-287.7361,0.4294,202.0153,1.9633,-13.0501,4.0631,0.9513,0.0250,-0.3071,0.9980,76,2.941380,-0.8774,0.0043
BiancaGolden_CircleTurns,-286.8627,0.1388,202.2869,2.2018,-12.8865,4.0177,0.9521,0.0232,-0.3048,0.9980,76,2.954905,-0.8686,0.0014
BiancaGolden_CircleTurns,-286.0085,-0.1041,202.5357,2.3833,-12.7517,3.9388,0.9522,0.0217,-0.3048,0.9980,77,2.974088,-0.8601,-0.0010
BiancaGolden_CircleTurns,-285.2553,-0.3119,202.7103,2.4686,-12.7565,3.8596,0.9509,0.0228,-0.3086,0.9980,77,2.983103,-0.8526,-0.0031
BiancaGolden_CircleTurns,-284.4894,-0.4913,202.8735,2.4778,-12.8510,3.7592,0.9517,0.0198,-0.3064,0.9980,77,2.996114,-0.8449,-0.0049
BiancaGolden_CircleTurns,-283.7240,-0.6321,203.0407,2.4218,-12.8918,3.6607,0.9504,0.0179,-0.3106,0.9980,78,3.009753,-0.8372,-0.0063
BiancaGolden_CircleTurns,-282.9024,-0.7484,203.1941,2.2950,-12.9696,3.5391,0.9485,0.0155,-0.3164,0.9980,78,3.022507,-0.8290,-0.0075
BiancaGolden_CircleTurns,-282.0741,-0.8346,203.3186,2.3123,-12.9344,3.4630,0.9483,0.0150,-0.3170,0.9980,79,3.038307,-0.8207,-0.0083
BiancaGolden_CircleTurns,-281.2959,-0.9145,203.3666,2.3824,-12.8687,3.4390,0.9489,0.0148,-0.3152,0.9980,79,3.051600,-0.8130,-0.0091
BiancaGolden_CircleTurns,-280.5212,-0.9391,203.3450,2.4851,-12.7686,3.4368,0.9488,0.0155,-0.3155,0.9980,79,3.065479,-0.8052,-0.0094
BiancaGolden_CircleTurns,-279.7102,-0.9528,203.2993,2.5683,-12.6513,3.4755,0.9496,0.0174,-0.3130,0.9980,80,3.079108,-0.7971,-0.0095
BiancaGolden_CircleTurns,-278.8677,-0.9479,203.2752,2.6101,-12.5035,3.5095,0.9523,0.0213,-0.3045,0.9980,80,3.092392,-0.7887,-0.0095
BiancaGolden_CircleTurns,-278.0211,-0.9321,203.2590,2.6378,-12.3575,3.5070,0.9530,0.0179,-0.3025,0.9980,81,3.107059,-0.7802,-0.0093
BiancaGolden_CircleTurns,-277.2042,-0.8948,203.2091,2.6702,-12.2531,3.5210,0.9511,0.0155,-0.3084,0.9980,81,3.120933,-0.7720,-0.0089
BiancaGolden_CircleTurns,-276.3986,-0.8331,203.1306,2.7534,-12.2180,3.5143,0.9509,0.0151,-0.3092,0.9980,82,3.135283,-0.7640,-0.0083
BiancaGolden_CircleTurns,-275.5645,-0.7293,203.0383,2.7286,-12.2717,3.5064,0.9505,0.0153,-0.3104,0.9980,82,3.148993,-0.7556,-0.0073
BiancaGolden_CircleTurns,-274.7218,-0.5903,202.9438,2.6675,-12.2965,3.5139,0.9502,0.0287,-0.3102,0.9980,82,3.163463,-0.7472,-0.0059
BiancaGolden_CircleTurns,-273.8780,-0.4375,202.8456,2.5844,-12.2939,3.5053,0.9501,0.0281,-0.3108,0.9980,83,3.176959,-0.7388,-0.0044
BiancaGolden_CircleTurns,-273.0412,-0.2675,202.7317,2.5702,-12.2320,3.4855,0.9500,0.0235,-0.3114,0.9980,83,3.190193,-0.7304,-0.0027
BiancaGolden_CircleTurns,-272.1784,-0.0531,202.5953,2.5175,-12.0861,3.4336,0.9491,0.0227,-0.3141,0.9980,84,3.205192,-0.7218,-0.0005
BiancaGolden_CircleTurns,-271.3095,0.2056,202.3774,2.4043,-11.8519,3.3891,0.9501,0.0227,-0.3112,0.9980,84,3.218965,-0.7131,0.0021
BiancaGolden_CircleTurns,-270.4634,0.4710,202.1152,2.3293,-11.6762,3.3786,0.9493,0.0235,-0.3135,0.9980,84,3.233027,-0.7046,0.0047
BiancaGolden_CircleTurns,-269.6609,0.7777,201.8623,2.1756,-11.6164,3.3501,0.9485,0.0237,-0.3159,0.9980,85,3.247009,-0.6966,0.0078
BiancaGolden_CircleTurns,-268.8728,1.1279,201.6164,2.0085,-11.6851,3.2743,0.9467,0.0266,-0.3211,0.9980,85,3.259958,-0.6887,0.0113
BiancaGolden_CircleTurns,-268.0763,1.4928,201.4091,1.8614,-11.8710,3.2249,0.9450,0.0280,-0.3259,0.9980,86,3.275225,-0.6808,0.0149
BiancaGolden_CircleTurns,-267.2670,1.9098,201.2559,1.7466,-12.1627,3.1721,0.9427,0.0271,-0.3325,0.9980,86,3.288995,-0.6727,0.0191
BiancaGolden_CircleTurns,-266.4635,2.3445,201.1058,1.6608,-12.5174,3.1221,0.9412,0.0259,-0.3370,0.9980,87,3.303730,-0.6646,0.0234
BiancaGolden_CircleTurns,-265.6896,2.8009,200.9247,1.7250,-12.7912,3.0643,0.9409,0.0223,-0.3381,0.9980,87,3.316587,-0.6569,0.0280
BiancaGolden_CircleTurns,-264.9207,3.2665,200.7438,1.7687,-12.9476,2.9944,0.9412,0.0172,-0.3375,0.9980,87,3.330862,-0.6492,0.0327
BiancaGolden_CircleTurns,-264.1268,3.7876,200.6009,1.7441,-12.9207,2.8567,0.9433,0.0127,-0.3318,0.9980,88,3.344510,-0.6413,0.0379
BiancaGolden_CircleTurns,-263.2804,4.3041,200.5237,1.7792,-12.7699,2.7320,0.9440,0.0104,-0.3297,0.9980,88,3.357758,-0.6328,0.0430
BiancaGolden_CircleTurns,-262.3777,4.8349,200.5870,1.8017,-12.6401,2.5918,0.9452,0.0082,-0.3264,0.9980,89,3.373018,-0.6238,0.0483
BiancaGolden_CircleTurns,-261.4956,5.3536,200.7190,1.8130,-12.2673,2.4186,0.9478,0.0057,-0.3189,0.9980,89,3.386690,-0.6150,0.0535
BiancaGolden_CircleTurns,-260.7689,5.8145,200.4605,1.8980,-11.8146,2.2764,0.9476,0.0073,-0.3195,0.9980,90,3.402869,-0.6077,0.0581
BiancaGolden_CircleTurns,-259.9293,6.2433,200.3519,2.1181,-11.8498,2.1682,0.9468,0.0070,-0.3218,0.9980,90,3.415685,-0.5993,0.0624
BiancaGolden_CircleTurns,-259.0283,6.7025,200.5150,2.2482,-11.9915,2.0720,0.9460,0.0049,-0.3240,0.9980,90,3.429681,-0.5903,0.0670
BiancaGolden_CircleTurns,-258.1255,7.2168,200.7145,1.9563,-12.1432,1.8633,0.9444,0.0047,-0.3288,0.9980,91,3.443113,-0.5813,0.0722
BiancaGolden_CircleTurns,-257.3240,7.6506,200.7374,1.6686,-12.4218,1.8143,0.9398,0.0038,-0.3418,0.9980,91,3.460661,-0.5732,0.0765
BiancaGolden_CircleTurns,-256.5761,8.0828,200.7062,1.4692,-13.2114,1.7464,0.9346,0.0027,-0.3557,0.9980,92,3.471366,-0.5658,0.0808
BiancaGolden_CircleTurns,-255.8069,8.5007,200.7567,1.3595,-14.0549,1.6726,0.9254,0.0037,-0.3790,0.9980,92,3.484102,-0.5581,0.0850
BiancaGolden_CircleTurns,-255.0157,8.9101,200.9294,1.3338,-14.9506,1.5887,0.9212,0.0030,-0.3890,0.9980,92,3.498574,-0.5502,0.0891
BiancaGolden_CircleTurns,-254.2052,9.2633,201.1181,1.4391,-15.5759,1.5437,0.9219,0.0035,-0.3874,0.9980,93,3.511518,-0.5421,0.0926
BiancaGolden_CircleTurns,-253.4295,9.6066,201.2447,1.6039,-16.0352,1.4672,0.9210,0.0026,-0.3896,0.9980,93,3.524620,-0.5343,0.0961
BiancaGolden_CircleTurns,-252.6468,9.9007,201.3025,1.8173,-16.2070,1.3755,0.9213,0.0000,-0.3889,0.9980,94,3.539868,-0.5265,0.0990
BiancaGolden_CircleTurns,-251.8263,10.1928,201.3909,1.9378,-16.3000,1.2804,0.9234,-0.0017,-0.3839,0.9980,94,3.553304,-0.5183,0.1019
BiancaGolden_CircleTurns,-251.0052,10.4621,201.4869,1.9127,-15.9879,1.1705,0.9312,-0.0036,-0.3644,0.9980,94,3.567716,-0.5101,0.1046
BiancaGolden_CircleTurns,-250.1822,10.7385,201.6365,1.8191,-15.7356,1.0027,0.9356,-0.0121,-0.3530,0.9980,95,3.580762,-0.5018,0.1074
BiancaGolden_CircleTurns,-249.3860,10.9830,201.7576,1.6780,-15.5671,0.8246,0.9352,-0.0155,-0.3539,0.9980,95,3.594009,-0.4939,0.1098
BiancaGolden_CircleTurns,-248.6043,11.2061,201.8489,1.6577,-15.6109,0.6721,0.9340,-0.0171,-0.3568,0.9980,96,3.609432,-0.4860,0.1121
BiancaGolden_CircleTurns,-247.8003,11.4372,201.8915,1.6595,-15.8414,0.5183,0.9316,-0.0158,-0.3631,0.9980,96,3.623108,-0.4780,0.1144
BiancaGolden_CircleTurns,-246.9935,11.6551,201.9386,1.6629,-16.1711,0.3819,0.9294,-0.0171,-0.3687,0.9980,97,3.637387,-0.4699,0.1166
BiancaGolden_CircleTurns,-246.2194,11.8350,201.9689,1.6863,-16.5325,0.3106,0.9268,-0.0165,-0.3753,0.9980,97,3.650939,-0.4622,0.1183
BiancaGolden_CircleTurns,-245.4661,11.9869,201.9441,1.7380,-16.9407,0.2418,0.9236,-0.0141,-0.3832,0.9980,97,3.666039,-0.4547,0.1199
BiancaGolden_CircleTurns,-244.7042,12.1336,201.9091,1.7586,-17.3233,0.2087,0.9211,-0.0156,-0.3890,0.9980,98,3.679345,-0.4470,0.1213
BiancaGolden_CircleTurns,-243.9336,12.2712,201.8840,1.7417,-17.6885,0.1136,0.9216,-0.0170,-0.3879,0.9980,98,3.693082,-0.4393,0.1227
BiancaGolden_CircleTurns,-243.1655,12.3973,201.8765,1.6422,-18.0329,0.0048,0.9227,-0.0145,-0.3853,0.9980,99,3.707699,-0.4317,0.1240
BiancaGolden_CircleTurns,-242.4211,12.5022,201.8597,1.5270,-18.3490,-0.1281,0.9205,-0.0161,-0.3904,0.9980,99,3.721039,-0.4242,0.1250
BiancaGolden_CircleTurns,-241.6975,12.5837,201.8211,1.4814,-18.6661,-0.2301,0.9183,-0.0178,-0.3954,0.9980,100,3.736115,-0.4170,0.1258
BiancaGolden_CircleTurns,-240.9604,12.6658,201.7885,1.4127,-18.9782,-0.3403,0.9165,-0.0191,-0.3996,0.9980,100,3.749188,-0.4096,0.1267
BiancaGolden_CircleTurns,-240.2034,12.7498,201.7689,1.3143,-19.2038,-0.4292,0.9156,-0.0229,-0.4015,0.9980,100,3.762432,-0.4020,0.1275
BiancaGolden_CircleTurns,-239.4242,12.8315,201.7425,1.2283,-19.3545,-0.4867,0.9174,-0.0188,-0.3976,0.9980,101,3.776276,-0.3942,0.1283
BiancaGolden_CircleTurns,-238.6411,12.8865,201.7190,1.2143,-19.4532,-0.4879,0.9186,-0.0213,-0.3946,0.9980,101,3.789246,-0.3864,0.1289
BiancaGolden_CircleTurns,-237.8453,12.9426,201.6840,1.2397,-19.4593,-0.4804,0.9188,-0.0208,-0.3942,0.9980,102,3.804081,-0.3785,0.1294
BiancaGolden_CircleTurns,-237.0409,12.9992,201.6183,1.2437,-19.4519,-0.4557,0.9194,-0.0151,-0.3931,0.9980,102,3.817592,-0.3704,0.1300
BiancaGolden_CircleTurns,-236.2174,13.0574,201.5067,1.2382,-19.4379,-0.3825,0.9224,-0.0126,-0.3861,0.9980,102,3.831929,-0.3622,0.1306
BiancaGolden_CircleTurns,-235.3914,13.0911,201.3540,1.2578,-19.4618,-0.2812,0.9216,-0.0106,-0.3879,0.9980,103,3.845499,-0.3539,0.1309
BiancaGolden_CircleTurns,-234.5584,13.1190,201.1949,1.3179,-19.5761,-0.1612,0.9216,-0.0069,-0.3880,0.9980,103,3.859079,-0.3456,0.1312
BiancaGolden_CircleTurns,-233.6953,13.1281,201.0116,1.4096,-19.7235,-0.0298,0.9174,-0.0044,-0.3980,0.9980,104,3.874187,-0.3370,0.1313
BiancaGolden_CircleTurns,-232.8161,13.1254,200.7857,1.5775,-19.9710,0.1326,0.9153,-0.0024,-0.4028,0.9980,104,3.889320,-0.3282,0.1313
BiancaGolden_CircleTurns,-231.9422,13.0838,200.5664,1.7986,-20.2742,0.2714,0.9129,-0.0011,-0.4082,0.9980,105,3.902736,-0.3194,0.1308
BiancaGolden_CircleTurns,-231.0575,12.9957,200.4463,2.0814,-20.6115,0.3747,0.9110,-0.0046,-0.4123,0.9980,105,3.915302,-0.3106,0.1300
BiancaGolden_CircleTurns,-230.2335,12.9856,200.2528,1.9583,-20.8641,0.3530,0.9076,-0.0108,-0.4196,0.9980,105,3.930109,-0.3023,0.1299
BiancaGolden_CircleTurns,-229.3954,12.8315,200.1329,1.8642,-21.3463,0.5013,0.9073,-0.0109,-0.4204,0.9980,106,3.943943,-0.2940,0.1283
BiancaGolden_CircleTurns,-228.5142,12.7084,200.0103,2.0448,-21.5701,0.5035,0.9094,-0.0106,-0.4158,0.9980,106,3.959874,-0.2851,0.1271
BiancaGolden_CircleTurns,-227.6219,12.5569,199.9412,2.2034,-21.6737,0.5156,0.9096,-0.0097,-0.4153,0.9980,107,3.972765,-0.2762,0.1256
BiancaGolden_CircleTurns,-226.7563,12.4242,199.8506,2.1189,-21.6420,0.5641,0.9103,-0.0093,-0.4138,0.9980,107,3.985838,-0.2676,0.1242
BiancaGolden_CircleTurns,-225.8817,12.2386,199.7749,2.1540,-21.6384,0.6773,0.9143,-0.0107,-0.4049,0.9980,107,4.000144,-0.2588,0.1224
BiancaGolden_CircleTurns,-225.0290,12.0747,199.6366,2.0326,-21.5778,0.7820,0.9158,-0.0070,-0.4016,0.9980,108,4.013752,-0.2503,0.1207
BiancaGolden_CircleTurns,-224.0894,11.8326,199.6477,2.1335,-21.5482,1.0256,0.9173,-0.0054,-0.3981,0.9980,108,4.026464,-0.2409,0.1183
BiancaGolden_CircleTurns,-223.1433,11.6512,199.7233,2.1293,-21.4472,1.1306,0.9197,-0.0035,-0.3927,0.9980,109,4.040857,-0.2314,0.1165
BiancaGolden_CircleTurns,-222.1958,11.4591,199.8212,2.0012,-21.2584,1.2353,0.9214,-0.0006,-0.3886,0.9980,109,4.054647,-0.2220,0.1146
BiancaGolden_CircleTurns,-221.3851,11.2342,199.6819,1.9545,-21.0049,1.4110,0.9205,-0.0017,-0.3908,0.9980,110,4.069630,-0.2139,0.1123
BiancaGolden_CircleTurns,-220.5759,11.0285,199.5195,1.9800,-20.9918,1.5249,0.9206,-0.0002,-0.3905,0.9980,110,4.082571,-0.2058,0.1103
BiancaGolden_CircleTurns,-219.7772,10.8360,199.4997,2.0617,-21.0072,1.7125,0.9208,0.0006,-0.3901,0.9980,110,4.096817,-0.1978,0.1084
BiancaGolden_CircleTurns,-218.9149,10.7095,199.5807,1.9171,-20.9468,1.8058,0.9199,0.0017,-0.3922,0.9980,111,4.110603,-0.1891,0.1071
BiancaGolden_CircleTurns,-218.2131,10.5370,199.5115,1.8758,-20.7152,1.9548,0.9203,0.0056,-0.3912,0.9980,111,4.124258,-0.1821,0.1054
BiancaGolden_CircleTurns,-217.5453,10.3783,199.3777,2.0443,-20.5006,2.1481,0.9199,0.0082,-0.3920,0.9980,112,4.139458,-0.1755,0.1038
BiancaGolden_CircleTurns,-216.7779,10.2507,199.5009,2.2073,-20.5571,2.3198,0.9204,0.0094,-0.3910,0.9980,112,4.152691,-0.1678,0.1025
BiancaGolden_CircleTurns,-215.9485,10.1801,199.7563,2.1311,-20.4633,2.4471,0.9168,0.0071,-0.3992,0.9980,112,4.167442,-0.1595,0.1018
BiancaGolden_CircleTurns,-215.2149,10.1403,200.0160,1.9344,-20.4966,2.5660,0.9159,0.0045,-0.4014,0.9980,113,4.180646,-0.1521,0.1014
BiancaGolden_CircleTurns,-214.5264,10.0648,200.0830,1.8605,-20.4166,2.7254,0.9167,0.0063,-0.3995,0.9980,113,4.194186,-0.1453,0.1006
BiancaGolden_CircleTurns,-213.9050,10.0432,200.0587,1.9259,-20.2437,2.8489,0.9177,0.0088,-0.3971,0.9980,114,4.209057,-0.1391,0.1004
BiancaGolden_CircleTurns,-213.2584,10.0478,200.0435,2.0026,-19.9710,3.0007,0.9191,0.0121,-0.3937,0.9980,114,4.222656,-0.1326,0.1005
BiancaGolden_CircleTurns,-212.6066,10.1185,200.1554,1.9739,-19.7600,3.1973,0.9171,0.0148,-0.3984,0.9980,115,4.237246,-0.1261,0.1012
BiancaGolden_CircleTurns,-211.9335,10.1721,200.3514,1.9185,-19.6018,3.4339,0.9154,0.0158,-0.4023,0.9980,115,4.250596,-0.1193,0.1017
BiancaGolden_CircleTurns,-211.3542,10.2203,200.4850,1.9747,-19.5023,3.7197,0.9140,0.0181,-0.4052,0.9980,115,4.264976,-0.1135,0.1022
BiancaGolden_CircleTurns,-210.7908,10.2479,200.5447,2.1946,-19.4503,3.9133,0.9138,0.0199,-0.4056,0.9980,116,4.278968,-0.1079,0.1025
BiancaGolden_CircleTurns,-210.2536,10.2949,200.6290,2.4158,-19.3883,4.0637,0.9113,0.0175,-0.4113,0.9980,116,4.291618,-0.1025,0.1029
BiancaGolden_CircleTurns,-209.7250,10.3736,200.7490,2.5695,-19.2903,4.1616,0.9119,0.0187,-0.4099,0.9980,117,4.306437,-0.0973,0.1037
BiancaGolden_CircleTurns,-209.2423,10.4760,200.8812,2.7033,-19.2061,4.2486,0.9135,0.0079,-0.4068,0.9980,117,4.320374,-0.0924,0.1048
BiancaGolden_CircleTurns,-208.7903,10.5870,200.9648,2.8924,-19.0745,4.3624,0.9115,0.0079,-0.4113,0.9980,117,4.334274,-0.0879,0.1059
BiancaGolden_CircleTurns,-208.3724,10.6864,201.0027,3.1251,-18.9286,4.4924,0.9114,0.0056,-0.4114,0.9980,118,4.347505,-0.0837,0.1069
BiancaGolden_CircleTurns,-207.9529,10.8199,201.0630,3.2964,-18.7083,4.5564,0.9097,0.0040,-0.4153,0.9980,118,4.361425,-0.0795,0.1082
BiancaGolden_CircleTurns,-207.5262,10.9761,201.1572,3.3268,-18.4682,4.5606,0.9100,-0.0027,-0.4146,0.9980,119,4.376071,-0.0753,0.1098
BiancaGolden_CircleTurns,-207.1144,11.1604,201.2764,3.3132,-18.2111,4.5273,0.9117,-0.0031,-0.4109,0.9980,119,4.389875,-0.0711,0.1116
BiancaGolden_CircleTurns,-206.7160,11.3381,201.3795,3.3537,-17.9870,4.5017,0.9112,-0.0040,-0.4119,0.9980,120,4.404367,-0.0672,0.1134
BiancaGolden_CircleTurns,-206.3558,11.5371,201.4225,3.3673,-17.7683,4.4604,0.9096,-0.0062,-0.4153,0.9980,120,4.417425,-0.0636,0.1154
BiancaGolden_CircleTurns,-205.9906,11.7619,201.4478,3.3612,-17.5564,4.3689,0.9103,-0.0118,-0.4138,0.9980,120,4.431744,-0.0599,0.1176
BiancaGolden_CircleTurns,-205.6317,11.9917,201.5380,3.4147,-17.3409,4.2448,0.9104,-0.0177,-0.4134,0.9980,121,4.444914,-0.0563,0.1199
BiancaGolden_CircleTurns,-205.3352,12.3460,201.4364,3.3339,-17.0507,4.0099,0.9075,-0.0178,-0.4196,0.9980,121,4.461399,-0.0534,0.1235
BiancaGolden_CircleTurns,-204.9996,12.4738,201.5029,3.4480,-16.9445,4.1268,0.9094,-0.0265,-0.4151,0.9980,122,4.474373,-0.0500,0.1247
BiancaGolden_CircleTurns,-204.7185,12.8503,201.4434,3.7167,-16.6719,3.6333,0.9098,-0.0304,-0.4138,0.9980,122,4.487605,-0.0472,0.1285
BiancaGolden_CircleTurns,-204.4955,13.2148,201.3206,3.5982,-16.5806,3.3926,0.9051,-0.0329,-0.4238,0.9980,122,4.501090,-0.0450,0.1321
BiancaGolden_CircleTurns,-204.2826,13.5943,201.2393,3.4123,-16.6225,3.2262,0.9005,-0.0340,-0.4336,0.9980,123,4.513906,-0.0428,0.1359
BiancaGolden_CircleTurns,-204.0352,14.0056,201.2021,3.1247,-16.6998,2.9434,0.8952,-0.0392,-0.4439,0.9980,123,4.527527,-0.0404,0.1401
BiancaGolden_CircleTurns,-203.7517,14.4601,201.2896,2.7394,-16.9735,2.5736,0.8985,-0.0450,-0.4367,0.9980,124,4.542011,-0.0375,0.1446
BiancaGolden_CircleTurns,-203.4745,14.9019,201.3223,2.9019,-16.8821,2.2541,0.8974,-0.0429,-0.4391,0.9980,124,4.556102,-0.0347,0.1490
BiancaGolden_CircleTurns,-203.1354,15.3663,201.4472,2.8354,-17.0264,2.3770,0.9182,-0.0914,-0.3855,0.9980,125,4.570039,-0.0314,0.1537
BiancaGolden_CircleTurns,-202.8199,15.8870,201.5745,3.1314,-16.7045,2.2499,0.9260,-0.0990,-0.3642,0.9980,125,4.584091,-0.0282,0.1589
BiancaGolden_CircleTurns,-202.5017,16.3887,201.6065,3.3958,-16.3024,2.0543,0.9392,-0.1067,-0.3265,0.9980,125,4.598162,-0.0250,0.1639
BiancaGolden_CircleTurns,-202.1803,16.9819,201.6906,3.4708,-15.7624,1.9198,0.9412,-0.1103,-0.3194,0.9980,126,4.611440,-0.0218,0.1698
BiancaGolden_CircleTurns,-201.9329,17.6032,201.7951,3.2999,-15.4435,1.7421,0.9437,-0.1139,-0.3105,0.9980,126,4.624563,-0.0193,0.1760
BiancaGolden_CircleTurns,-201.6881,18.1307,201.9082,3.6019,-15.1747,1.5459,0.9447,-0.1198,-0.3054,0.9980,127,4.639692,-0.0169,0.1813
BiancaGolden_CircleTurns,-201.5102,18.7476,201.8704,3.8495,-14.8992,1.1942,0.9418,-0.1266,-0.3113,0.9980,127,4.653898,-0.0151,0.1875
BiancaGolden_CircleTurns,-201.3808,19.3964,201.8668,3.6496,-15.1645,0.7890,0.9413,-0.1230,-0.3144,0.9980,128,4.668577,-0.0138,0.1940
BiancaGolden_CircleTurns,-201.1624,19.9402,201.9808,4.1533,-15.3423,0.5665,0.9396,-0.1231,-0.3195,0.9980,128,4.680846,-0.0116,0.1994
BiancaGolden_CircleTurns,-200.9808,20.5757,202.0249,4.7170,-15.2530,0.2373,0.9381,-0.1300,-0.3211,0.9980,128,4.695696,-0.0098,0.2058
BiancaGolden_CircleTurns,-200.8276,21.2596,202.0181,4.7515,-15.2092,-0.1837,0.9376,-0.1278,-0.3233,0.9980,129,4.709153,-0.0083,0.2126
BiancaGolden_CircleTurns,-200.6685,21.8827,202.0249,4.8718,-15.1608,-0.4306,0.9375,-0.1322,-0.3218,0.9980,129,4.722678,-0.0067,0.2188
BiancaGolden_CircleTurns,-200.5236,22.4962,202.0345,5.0626,-15.0898,-0.6994,0.9370,-0.1314,-0.3236,0.9980,130,4.737622,-0.0052,0.2250
BiancaGolden_CircleTurns,-200.3834,23.1304,202.0477,5.2955,-14.9775,-0.8931,0.9354,-0.1335,-0.3274,0.9980,130,4.750682,-0.0038,0.2313
BiancaGolden_CircleTurns,-200.2275,23.7929,202.0915,5.3422,-14.8369,-1.0695,0.9355,-0.1313,-0.3279,0.9980,130,4.765267,-0.0023,0.2379
BiancaGolden_CircleTurns,-200.0532,24.4551,202.1337,5.2832,-14.6253,-1.2919,0.9354,-0.1316,-0.3283,0.9980,131,4.778759,-0.0005,0.2446
BiancaGolden_CircleTurns,-199.8814,25.1047,202.1814,5.2610,-14.3940,-1.4138,0.9355,-0.1335,-0.3271,0.9980,131,4.792365,0.0012,0.2510
BiancaGolden_CircleTurns,-199.7338,25.7556,202.1974,5.3308,-14.1907,-1.5176,0.9361,-0.1346,-0.3250,0.9980,132,4.806704,0.0027,0.2576
BiancaGolden_CircleTurns,-199.6269,26.3999,202.1836,5.4259,-14.0772,-1.5717,0.9364,-0.1319,-0.3253,0.9980,132,4.820975,0.0037,0.2640
BiancaGolden_CircleTurns,-199.5406,27.0337,202.1508,5.5130,-14.0847,-1.5534,0.9348,-0.1311,-0.3301,0.9980,133,4.835061,0.0046,0.2703
BiancaGolden_CircleTurns,-199.4328,27.6517,202.1483,5.4593,-14.1127,-1.5622,0.9344,-0.1271,-0.3329,0.9980,133,4.848618,0.0057,0.2765
BiancaGolden_CircleTurns,-199.3051,28.2560,202.1701,5.3735,-14.1673,-1.5900,0.9342,-0.1250,-0.3340,0.9980,133,4.863043,0.0069,0.2826
BiancaGolden_CircleTurns,-199.1874,28.8552,202.2080,5.3015,-14.1591,-1.6316,0.9339,-0.1236,-0.3354,0.9980,134,4.876029,0.0081,0.2886
BiancaGolden_CircleTurns,-199.0735,29.4470,202.2387,5.2055,-14.1170,-1.6974,0.9338,-0.1248,-0.3354,0.9980,134,4.889597,0.0093,0.2945
BiancaGolden_CircleTurns,-198.9855,30.0222,202.2361,5.0535,-14.0972,-1.7839,0.9331,-0.1286,-0.3357,0.9980,135,4.904325,0.0101,0.3002
BiancaGolden_CircleTurns,-198.8939,30.5804,202.2199,4.8794,-14.1284,-1.8874,0.9326,-0.1275,-0.3376,0.9980,135,4.919707,0.0111,0.3058
BiancaGolden_CircleTurns,-198.8089,31.1304,202.1834,4.6860,-14.1919,-1.9894,0.9261,-0.1377,-0.3513,0.9980,135,4.932625,0.0119,0.3113
BiancaGolden_CircleTurns,-198.7136,31.6834,202.1676,4.5067,-14.2737,-2.0780,0.9239,-0.1318,-0.3593,0.9980,136,4.945090,0.0129,0.3168
BiancaGolden_CircleTurns,-198.6104,32.2132,202.1760,4.3730,-14.3351,-2.1351,0.9223,-0.1436,-0.3587,0.9980,136,4.963519,0.0139,0.3221
BiancaGolden_CircleTurns,-198.5095,32.7360,202.1856,4.2983,-14.3575,-2.1998,0.9220,-0.1443,-0.3593,0.9980,137,4.974133,0.0149,0.3274
BiancaGolden_CircleTurns,-198.4000,33.1921,202.1858,4.3469,-14.4022,-2.2325,0.9219,-0.1444,-0.3596,0.9980,137,4.987877,0.0160,0.3319
BiancaGolden_CircleTurns,-198.3107,33.6292,202.1863,4.3948,-14.4832,-2.2496,0.9214,-0.1454,-0.3604,0.9980,137,5.001349,0.0169,0.3363
BiancaGolden_CircleTurns,-198.2256,34.0454,202.1876,4.4605,-14.5419,-2.2873,0.9202,-0.1516,-0.3608,0.9980,138,5.015205,0.0177,0.3405
BiancaGolden_CircleTurns,-198.1431,34.4405,202.1811,4.4972,-14.6009,-2.3355,0.9201,-0.1553,-0.3595,0.9980,138,5.027748,0.0186,0.3444
BiancaGolden_CircleTurns,-198.0376,34.7927,202.1787,4.5300,-14.6275,-2.3654,0.9200,-0.1556,-0.3596,0.9980,139,5.042921,0.0196,0.3479
BiancaGolden_CircleTurns,-197.8987,35.1193,202.1846,4.5370,-14.6333,-2.3878,0.9202,-0.1557,-0.3590,0.9980,139,5.057062,0.0210,0.3512
BiancaGolden_CircleTurns,-197.7473,35.4281,202.2019,4.5083,-14.5919,-2.3924,0.9207,-0.1528,-0.3590,0.9980,140,5.070871,0.0225,0.3543
BiancaGolden_CircleTurns,-197.5878,35.7256,202.2175,4.4750,-14.5635,-2.4188,0.9230,-0.1516,-0.3538,0.9980,140,5.085105,0.0241,0.3573
BiancaGolden_CircleTurns,-197.4108,36.0032,202.2478,4.4459,-14.4985,-2.3949,0.9324,-0.1479,-0.3298,0.9980,140,5.099893,0.0259,0.3600
BiancaGolden_CircleTurns,-197.2066,36.2494,202.2913,4.3846,-14.4729,-2.3667,0.9371,-0.1048,-0.3330,0.9980,141,5.113220,0.0279,0.3625
BiancaGolden_CircleTurns,-196.9729,36.4803,202.3434,4.2776,-14.3864,-2.3355,0.9383,-0.0941,-0.3328,0.9980,141,5.125956,0.0303,0.3648
BiancaGolden_CircleTurns,-196.7345,36.7068,202.3872,4.0759,-14.3078,-2.3323,0.9387,-0.0945,-0.3315,0.9980,142,5.140812,0.0327,0.3671
BiancaGolden_CircleTurns,-196.4868,36.9264,202.4087,3.7487,-14.2099,-2.3855,0.9345,-0.1158,-0.3365,0.9980,142,5.154449,0.0351,0.3693
BiancaGolden_CircleTurns,-196.1844,37.1305,202.4792,3.4261,-14.1666,-2.4408,0.9350,-0.1154,-0.3352,0.9980,143,5.169456,0.0382,0.3713
BiancaGolden_CircleTurns,-195.8806,37.3044,202.5344,3.2857,-14.0785,-2.4333,0.9355,-0.1149,-0.3341,0.9980,143,5.182911,0.0412,0.3730
BiancaGolden_CircleTurns,-195.5476,37.4581,202.5550,3.2974,-13.9539,-2.3933,0.9278,-0.1134,-0.3554,0.9980,143,5.196905,0.0445,0.3746
BiancaGolden_CircleTurns,-195.2123,37.6010,202.5453,3.3184,-13.8343,-2.3498,0.9276,-0.1117,-0.3566,0.9980,144,5.209734,0.0479,0.3760
BiancaGolden_CircleTurns,-194.8549,37.7493,202.5566,3.2767,-13.7258,-2.3094,0.9284,-0.1106,-0.3547,0.9980,144,5.223258,0.0515,0.3775
BiancaGolden_CircleTurns,-194.4640,37.8632,202.5672,3.2109,-13.6039,-2.2481,0.9223,-0.1077,-0.3712,0.9980,145,5.238373,0.0554,0.3786
BiancaGolden_CircleTurns,-194.0638,37.9531,202.5514,3.1727,-13.5272,-2.1904,0.9204,-0.1077,-0.3759,0.9980,145,5.251906,0.0594,0.3795
BiancaGolden_CircleTurns,-193.6467,38.0268,202.5383,3.1544,-13.5236,-2.1826,0.9182,-0.1081,-0.3810,0.9980,145,5.266663,0.0635,0.3803
BiancaGolden_CircleTurns,-193.2283,38.0803,202.5147,3.1298,-13.5943,-2.1809,0.9162,-0.1030,-0.3872,0.9980,146,5.279962,0.0677,0.3808
BiancaGolden_CircleTurns,-192.7986,38.0995,202.4622,3.1873,-13.7362,-2.2458,0.9148,-0.1043,-0.3902,0.9980,146,5.292870,0.0720,0.3810
BiancaGolden_CircleTurns,-192.3771,38.1100,202.3802,3.2031,-13.9276,-2.3249,0.9133,-0.1059,-0.3932,0.9980,147,5.308292,0.0762,0.3811
BiancaGolden_CircleTurns,-191.9235,38.1078,202.3205,3.1786,-14.1130,-2.4377,0.9104,-0.1151,-0.3975,0.9980,147,5.322068,0.0808,0.3811
BiancaGolden_CircleTurns,-191.4521,38.1115,202.2589,3.0500,-14.2202,-2.5681,0.9084,-0.1174,-0.4013,0.9980,148,5.336238,0.0855,0.3811
BiancaGolden_CircleTurns,-190.9746,38.1293,202.1720,2.8694,-14.2513,-2.7331,0.9089,-0.1199,-0.3993,0.9980,148,5.349061,0.0903,0.3813
BiancaGolden_CircleTurns,-190.4985,38.1242,202.0578,2.6906,-14.3133,-2.8794,0.9081,-0.1214,-0.4008,0.9980,148,5.363991,0.0950,0.3812
BiancaGolden_CircleTurns,-190.0302,38.0892,201.9038,2.5174,-14.3894,-3.0020,0.9053,-0.1213,-0.4070,0.9980,149,5.377901,0.0997,0.3809
BiancaGolden_CircleTurns,-189.5264,38.0414,201.7777,2.3443,-14.5021,-3.0941,0.9051,-0.1192,-0.4081,0.9980,149,5.390945,0.1047,0.3804
BiancaGolden_CircleTurns,-189.0275,37.9914,201.6501,2.1234,-14.5437,-3.1546,0.9051,-0.1178,-0.4085,0.9980,150,5.405365,0.1097,0.3799
BiancaGolden_CircleTurns,-188.4933,37.9150,201.5405,1.9685,-14.5523,-3.1659,0.9056,-0.1168,-0.4076,0.9980,150,5.419312,0.1151,0.3792
BiancaGolden_CircleTurns,-187.9652,37.8261,201.4152,1.8262,-14.4996,-3.1430,0.9068,-0.1131,-0.4061,0.9980,150,5.434202,0.1203,0.3783
BiancaGolden_CircleTurns,-187.4278,37.7109,201.2717,1.7449,-14.4537,-3.0707,0.9106,-0.1117,-0.3980,0.9980,151,5.447005,0.1257,0.3771
BiancaGolden_CircleTurns,-186.8943,37.5757,201.1428,1.7166,-14.5076,-2.9719,0.9099,-0.1098,-0.4001,0.9980,151,5.463663,0.1311,0.3758
BiancaGolden_CircleTurns,-186.3829,37.4414,201.0191,1.6851,-14.6357,-2.8616,0.9083,-0.1139,-0.4026,0.9980,152,5.476491,0.1362,0.3744
BiancaGolden_CircleTurns,-185.8391,37.2384,200.9633,1.6937,-14.9591,-2.7325,0.9042,-0.1138,-0.4116,0.9980,152,5.489707,0.1416,0.3724
BiancaGolden_CircleTurns,-185.2757,37.0639,200.9993,1.5813,-15.3532,-2.7355,0.9020,-0.1177,-0.4154,0.9980,153,5.503160,0.1472,0.3706
BiancaGolden_CircleTurns,-184.6896,36.8220,201.0896,1.3315,-15.5979,-3.0463,0.8997,-0.1245,-0.4183,0.9980,153,5.516267,0.1531,0.3682
BiancaGolden_CircleTurns,-184.1708,36.6180,200.9957,0.8014,-15.8566,-3.5770,0.8905,-0.1362,-0.4341,0.9980,153,5.530746,0.1583,0.3662
BiancaGolden_CircleTurns,-183.7683,36.4265,200.8129,-0.5971,-16.7649,-4.4796,0.8801,-0.1486,-0.4509,0.9980,154,5.544324,0.1623,0.3643
BiancaGolden_CircleTurns,-183.3709,36.0174,200.5561,-1.2565,-17.7939,-5.4420,0.8816,-0.1494,-0.4478,0.9980,154,5.557711,0.1663,0.3602
BiancaGolden_CircleTurns,-182.6496,35.4919,200.6880,0.8800,-17.7484,-5.1134,0.8765,-0.1600,-0.4540,0.9980,155,5.572543,0.1735,0.3549
BiancaGolden_CircleTurns,-182.1098,35.7743,200.6104,-0.1611,-17.7077,-5.9838,0.8796,-0.1490,-0.4519,0.9980,155,5.586591,0.1789,0.3577
BiancaGolden_CircleTurns,-181.6955,35.5898,200.5824,-0.0633,-17.9508,-5.6183,0.8959,-0.1377,-0.4223,0.9980,155,5.601116,0.1830,0.3559
BiancaGolden_CircleTurns,-181.0680,35.3953,200.7340,0.5731,-17.5243,-5.0898,0.8994,-0.1358,-0.4154,0.9980,156,5.614943,0.1893,0.3540
BiancaGolden_CircleTurns,-180.5961,35.2345,200.8907,1.7844,-17.1639,-4.7776,0.9015,-0.1406,-0.4093,0.9980,156,5.627589,0.1940,0.3523
BiancaGolden_CircleTurns,-180.1530,35.2952,200.8678,1.6000,-16.7747,-5.1083,0.9020,-0.1379,-0.4091,0.9980,157,5.642580,0.1985,0.3530
BiancaGolden_CircleTurns,-179.8173,35.3451,200.7813,0.8345,-16.7148,-5.0430,0.9032,-0.1206,-0.4119,0.9980,157,5.656719,0.2018,0.3535
BiancaGolden_CircleTurns,-179.4457,35.4436,200.7309,-0.1137,-17.0011,-4.9619,0.9017,-0.1096,-0.4183,0.9980,158,5.670638,0.2055,0.3544
BiancaGolden_CircleTurns,-179.0059,35.4262,200.9012,-0.5911,-17.3799,-4.7223,0.9023,-0.1022,-0.4189,0.9980,158,5.684769,0.2099,0.3543
BiancaGolden_CircleTurns,-178.5087,35.4007,201.1998,0.0408,-17.2937,-4.3799,0.9029,-0.1008,-0.4178,0.9980,158,5.698991,0.2149,0.3540
BiancaGolden_CircleTurns,-178.1329,35.5325,201.2041,0.1798,-17.1720,-4.3014,0.9016,-0.0982,-0.4213,0.9980,159,5.712252,0.2187,0.3553
BiancaGolden_CircleTurns,-177.8370,35.7191,201.0955,-0.2985,-17.3771,-4.2107,0.8976,-0.0937,-0.4307,0.9980,159,5.725183,0.2216,0.3572
BiancaGolden_CircleTurns,-177.4735,35.8370,201.1343,-0.6156,-17.7435,-3.9629,0.8959,-0.0989,-0.4332,0.9980,160,5.740395,0.2253,0.3584
BiancaGolden_CircleTurns,-177.0477,35.9288,201.2983,-0.5614,-17.8668,-3.7678,0.8969,-0.0971,-0.4315,0.9980,160,5.754026,0.2295,0.3593
BiancaGolden_CircleTurns,-176.6235,36.0209,201.4759,-0.3208,-17.7671,-3.6157,0.8997,-0.1057,-0.4236,0.9980,161,5.768480,0.2338,0.3602
BiancaGolden_CircleTurns,-176.2533,36.2372,201.4808,0.0552,-17.2899,-3.5876,0.9030,-0.1048,-0.4166,0.9980,161,5.781659,0.2375,0.3624
BiancaGolden_CircleTurns,-175.9252,36.4742,201.4638,-0.0281,-17.0259,-3.5299,0.9052,-0.1044,-0.4119,0.9980,161,5.796359,0.2407,0.3647
BiancaGolden_CircleTurns,-175.5776,36.7219,201.4867,-0.1881,-16.7221,-3.5226,0.9052,-0.1084,-0.4110,0.9980,162,5.809784,0.2442,0.3672
BiancaGolden_CircleTurns,-175.2043,36.9673,201.5615,-0.1629,-16.4881,-3.5723,0.9054,-0.1094,-0.4101,0.9980,162,5.823436,0.2480,0.3697
BiancaGolden_CircleTurns,-174.8571,37.2299,201.5709,-0.0871,-16.2010,-3.6492,0.9052,-0.1129,-0.4098,0.9980,163,5.838218,0.2514,0.3723
BiancaGolden_CircleTurns,-174.5114,37.5501,201.5420,-0.0866,-16.0250,-3.7559,0.9055,-0.1153,-0.4083,0.9980,163,5.852559,0.2549,0.3755
BiancaGolden_CircleTurns,-174.1860,37.8936,201.4904,-0.0760,-15.9206,-3.8993,0.9040,-0.1179,-0.4110,0.9980,163,5.866377,0.2581,0.3789
BiancaGolden_CircleTurns,-173.8395,38.2655,201.4684,0.0326,-15.8140,-4.0747,0.9048,-0.1217,-0.4081,0.9980,164,5.879218,0.2616,0.3827
BiancaGolden_CircleTurns,-173.5057,38.6570,201.4284,0.1856,-15.6407,-4.2605,0.9053,-0.1253,-0.4058,0.9980,164,5.893430,0.2649,0.3866
BiancaGolden_CircleTurns,-173.1700,39.0877,201.3665,0.3488,-15.5016,-4.4691,0.8998,-0.1306,-0.4164,0.9980,165,5.908814,0.2683,0.3909
BiancaGolden_CircleTurns,-172.8736,39.5774,201.2606,0.4301,-15.3971,-4.7103,0.8983,-0.1315,-0.4192,0.9980,165,5.922131,0.2713,0.3958
BiancaGolden_CircleTurns,-172.5773,40.0786,201.1650,0.5300,-15.3598,-4.9018,0.8985,-0.1308,-0.4190,0.9980,166,5.936416,0.2742,0.4008
BiancaGolden_CircleTurns,-172.3098,40.6053,201.0426,0.6072,-15.3385,-5.0413,0.8981,-0.1332,-0.4192,0.9980,166,5.949934,0.2769,0.4061
BiancaGolden_CircleTurns,-172.0662,41.1713,200.9012,0.6919,-15.3682,-5.1942,0.8943,-0.1377,-0.4257,0.9980,166,5.967366,0.2793,0.4117
BiancaGolden_CircleTurns,-171.8139,41.7637,200.7780,0.8689,-15.4145,-5.2986,0.8946,-0.1400,-0.4244,0.9980,167,5.977667,0.2819,0.4176
BiancaGolden_CircleTurns,-171.5798,42.3904,200.6781,0.9292,-15.4068,-5.4309,0.8920,-0.1419,-0.4293,0.9980,167,5.990416,0.2842,0.4239
BiancaGolden_CircleTurns,-171.3264,43.0376,200.6247,0.9084,-15.4217,-5.5693,0.8940,-0.1347,-0.4273,0.9980,168,6.006244,0.2867,0.4304
BiancaGolden_CircleTurns,-171.0233,43.6891,200.6912,1.0061,-15.3248,-5.7177,0.8940,-0.1369,-0.4266,0.9980,168,6.018902,0.2898,0.4369
BiancaGolden_CircleTurns,-170.7320,44.4103,200.7064,0.9631,-15.0128,-5.9083,0.8962,-0.1392,-0.4213,0.9980,168,6.033146,0.2927,0.4441
BiancaGolden_CircleTurns,-170.5069,45.1978,200.5826,0.5515,-14.8118,-6.1219,0.8958,-0.1403,-0.4218,0.9980,169,6.046294,0.2949,0.4520
BiancaGolden_CircleTurns,-170.2653,45.9574,200.5107,0.2278,-14.8319,-6.2561,0.8964,-0.1430,-0.4194,0.9980,169,6.059100,0.2973,0.4596
BiancaGolden_CircleTurns,-169.9252,46.6954,200.6068,0.3705,-14.6868,-6.3954,0.8975,-0.1514,-0.4142,0.9980,170,6.074545,0.3007,0.4670
BiancaGolden_CircleTurns,-169.6018,47.5096,200.6686,0.4014,-14.3652,-6.6406,0.8986,-0.1552,-0.4104,0.9980,170,6.088454,0.3040,0.4751
BiancaGolden_CircleTurns,-169.2792,48.3579,200.6972,0.2751,-14.1187,-6.8961,0.8978,-0.1567,-0.4116,0.9980,171,6.102292,0.3072,0.4836
BiancaGolden_CircleTurns,-168.9761,49.1746,200.7353,0.2677,-13.9787,-7.0914,0.8928,-0.1600,-0.4211,0.9980,171,6.115654,0.3102,0.4917
BiancaGolden_CircleTurns,-168.6857,49.9906,200.7821,0.3304,-13.9217,-7.2721,0.8925,-0.1636,-0.4203,0.9980,171,6.129747,0.3131,0.4999
BiancaGolden_CircleTurns,-168.4115,50.8227,200.7570,0.3658,-13.8739,-7.4985,0.8911,-0.1693,-0.4210,0.9980,172,6.143354,0.3159,0.5082
BiancaGolden_CircleTurns,-168.1462,51.6503,200.6883,0.3424,-13.8849,-7.7363,0.8899,-0.1732,-0.4219,0.9980,172,6.156568,0.3185,0.5165
BiancaGolden_CircleTurns,-167.8930,52.4514,200.6082,0.2504,-13.9368,-8.0154,0.8819,-0.1850,-0.4336,0.9980,173,6.171725,0.3211,0.5245
BiancaGolden_CircleTurns,-167.6579,53.2341,200.5768,0.1336,-13.9853,-8.3291,0.8779,-0.1918,-0.4387,0.9980,173,6.186398,0.3234,0.5323
BiancaGolden_CircleTurns,-167.3991,54.0040,200.6072,0.0470,-14.0324,-8.6443,0.8763,-0.1978,-0.4394,0.9980,173,6.200728,0.3260,0.5400
BiancaGolden_CircleTurns,-167.1357,54.7266,200.6866,0.0627,-14.0760,-8.9365,0.8748,-0.2025,-0.4401,0.9980,174,6.213229,0.3286,0.5473
BiancaGolden_CircleTurns,-166.8761,55.4497,200.7711,0.0813,-14.1274,-9.2444,0.8733,-0.2056,-0.4416,0.9980,174,6.226614,0.3312,0.5545
BiancaGolden_CircleTurns,-166.6279,56.1336,200.8459,0.1876,-14.2296,-9.4291,0.8709,-0.2115,-0.4436,0.9980,175,6.241990,0.3337,0.5613
BiancaGolden_CircleTurns,-166.3869,56.8042,200.9232,0.3052,-14.3255,-9.6132,0.8694,-0.2111,-0.4467,0.9980,175,6.255600,0.3361,0.5680
BiancaGolden_CircleTurns,-166.1655,57.4146,200.9795,0.4448,-14.4738,-9.7340,0.8629,-0.2173,-0.4563,0.9980,176,6.269937,0.3383,0.5741
BiancaGolden_CircleTurns,-165.9290,57.9995,201.0435,0.5673,-14.5706,-9.8962,0.8613,-0.2208,-0.4576,0.9980,176,6.282899,0.3407,0.5800
BiancaGolden_CircleTurns,-165.6839,58.5436,201.1363,0.6536,-14.6567,-10.0776,0.8603,-0.2243,-0.4577,0.9980,176,6.297553,0.3432,0.5854
BiancaGolden_CircleTurns,-165.3937,59.0274,201.2899,0.6831,-14.6698,-10.3051,0.8587,-0.2352,-0.4553,0.9980,177,6.313355,0.3461,0.5903
BiancaGolden_CircleTurns,-165.1194,59.5144,201.4168,0.6501,-14.7154,-10.5568,0.8598,-0.2381,-0.4518,0.9980,177,6.325181,0.3488,0.5951
BiancaGolden_CircleTurns,-164.8372,59.9448,201.5228,0.5848,-14.7864,-10.7452,0.8584,-0.2404,-0.4532,0.9980,178,6.340750,0.3516,0.5994
BiancaGolden_CircleTurns,-164.5078,60.3599,201.6590,0.4471,-14.8651,-10.9352,0.8585,-0.2409,-0.4527,0.9980,178,6.353899,0.3549,0.6036
BiancaGolden_CircleTurns,-164.1545,60.7533,201.8081,0.3390,-14.8537,-11.0917,0.8588,-0.2433,-0.4508,0.9980,179,6.368258,0.3585,0.6075
BiancaGolden_CircleTurns,-163.7822,61.0983,201.9566,0.3860,-14.7356,-11.2295,0.8576,-0.2428,-0.4534,0.9980,179,6.381541,0.3622,0.6110
BiancaGolden_CircleTurns,-163.3912,61.3996,202.0472,0.4681,-14.5173,-11.3253,0.8615,-0.2461,-0.4442,0.9980,179,6.395079,0.3661,0.6140
BiancaGolden_CircleTurns,-162.9860,61.7088,202.1219,0.4355,-14.3005,-11.4932,0.8602,-0.2563,-0.4408,0.9980,180,6.408859,0.3701,0.6171
BiancaGolden_CircleTurns,-162.5565,62.0168,202.1635,0.2261,-14.1184,-11.7545,0.8600,-0.2589,-0.4398,0.9980,180,6.421556,0.3744,0.6202
BiancaGolden_CircleTurns,-162.1644,62.3143,202.1977,0.0257,-14.0357,-11.9696,0.8593,-0.2814,-0.4271,0.9980,181,6.436762,0.3784,0.6231
BiancaGolden_CircleTurns,-161.7502,62.5321,202.1810,-0.0168,-14.0800,-12.1745,0.8625,-0.2882,-0.4159,0.9980,181,6.450582,0.3825,0.6253
BiancaGolden_CircleTurns,-161.3439,62.7684,202.1386,0.0016,-14.0823,-12.4091,0.8595,-0.2921,-0.4195,0.9980,181,6.468058,0.3866,0.6277
BiancaGolden_CircleTurns,-160.9549,62.9927,202.0811,-0.0172,-14.3083,-12.6995,0.8582,-0.2907,-0.4231,0.9980,182,6.477714,0.3905,0.6299
BiancaGolden_CircleTurns,-160.5639,63.2117,202.0275,-0.1104,-14.5161,-12.9288,0.8545,-0.2930,-0.4289,0.9980,182,6.489644,0.3944,0.6321
BiancaGolden_CircleTurns,-160.1805,63.3888,201.9976,-0.1339,-14.7973,-13.1413,0.8486,-0.2946,-0.4394,0.9980,183,6.505447,0.3982,0.6339
BiancaGolden_CircleTurns,-159.7608,63.5731,201.9419,-0.1592,-15.0669,-13.3408,0.8480,-0.2905,-0.4432,0.9980,183,6.518586,0.4024,0.6357
BiancaGolden_CircleTurns,-159.3341,63.6940,201.8600,-0.1407,-15.3099,-13.5146,0.8492,-0.2934,-0.4391,0.9980,183,6.532995,0.4067,0.6369
BiancaGolden_CircleTurns,-158.9187,63.8126,201.7868,-0.0457,-15.4788,-13.6627,0.8476,-0.2949,-0.4410,0.9980,184,6.546916,0.4108,0.6381
BiancaGolden_CircleTurns,-158.4847,63.9089,201.7058,-0.0525,-15.6010,-13.7854,0.8466,-0.2964,-0.4420,0.9980,184,6.560059,0.4152,0.6391
BiancaGolden_CircleTurns,-158.0574,63.9733,201.6160,-0.1337,-15.6647,-13.9211,0.8478,-0.2980,-0.4386,0.9980,185,6.574535,0.4194,0.6397
BiancaGolden_CircleTurns,-157.6170,64.0134,201.5212,-0.1480,-15.6219,-13.9653,0.8489,-0.3002,-0.4350,0.9980,185,6.588409,0.4238,0.6401
BiancaGolden_CircleTurns,-157.2042,64.0537,201.3966,-0.1739,-15.5694,-14.0331,0.8494,-0.2995,-0.4347,0.9980,186,6.602676,0.4280,0.6405
BiancaGolden_CircleTurns,-156.7810,64.0554,201.2753,-0.2151,-15.5446,-13.9902,0.8517,-0.2977,-0.4313,0.9980,186,6.615473,0.4322,0.6406
BiancaGolden_CircleTurns,-156.3640,64.0342,201.1859,-0.2208,-15.5966,-13.9417,0.8517,-0.2968,-0.4319,0.9980,186,6.630157,0.4364,0.6403
BiancaGolden_CircleTurns,-155.9429,63.9833,201.1184,-0.1996,-15.6430,-13.8829,0.8521,-0.2952,-0.4323,0.9980,187,6.644063,0.4406,0.6398
BiancaGolden_CircleTurns,-155.5389,63.9191,201.0044,-0.2161,-15.6608,-13.8663,0.8505,-0.2956,-0.4350,0.9980,187,6.657751,0.4446,0.6392
BiancaGolden_CircleTurns,-155.1526,63.8528,200.8456,-0.1635,-15.7219,-13.8215,0.8511,-0.2928,-0.4357,0.9980,188,6.672187,0.4485,0.6385
BiancaGolden_CircleTurns,-154.7246,63.7740,200.7571,-0.1206,-15.7721,-13.7889,0.8531,-0.2961,-0.4295,0.9980,188,6.686017,0.4528,0.6377
BiancaGolden_CircleTurns,-154.2856,63.6534,200.7614,-0.1980,-15.8524,-13.7923,0.8533,-0.2955,-0.4296,0.9980,188,6.699912,0.4571,0.6365
BiancaGolden_CircleTurns,-153.8341,63.5065,200.7618,-0.2019,-15.8583,-13.7526,0.8521,-0.2983,-0.4301,0.9980,189,6.714150,0.4617,0.6351
BiancaGolden_CircleTurns,-153.4064,63.3351,200.7561,-0.1267,-15.9241,-13.7060,0.8519,-0.2969,-0.4314,0.9980,189,6.727343,0.4659,0.6334
BiancaGolden_CircleTurns,-152.9392,63.1412,200.8138,0.0536,-16.0033,-13.5912,0.8481,-0.2945,-0.4405,0.9980,190,6.741936,0.4706,0.6314
BiancaGolden_CircleTurns,-152.4929,62.9540,200.9358,0.1602,-16.1225,-13.4882,0.8465,-0.2999,-0.4399,0.9980,190,6.754625,0.4751,0.6295
BiancaGolden_CircleTurns,-152.0687,62.7135,201.0543,0.4309,-16.1355,-13.3519,0.8451,-0.3045,-0.4394,0.9980,191,6.769545,0.4793,0.6271
BiancaGolden_CircleTurns,-151.7027,62.6054,201.0186,0.4526,-16.1092,-13.4406,0.8464,-0.3025,-0.4383,0.9980,191,6.783138,0.4830,0.6261
BiancaGolden_CircleTurns,-151.3099,62.3907,200.9958,0.5518,-16.0497,-13.2737,0.8465,-0.3035,-0.4374,0.9980,191,6.797338,0.4869,0.6239
BiancaGolden_CircleTurns,-150.9721,62.2640,200.9957,0.5667,-15.8648,-13.2304,0.8478,-0.3027,-0.4354,0.9980,192,6.810551,0.4903,0.6226
BiancaGolden_CircleTurns,-150.6603,62.1310,201.0214,0.4581,-15.7115,-13.1849,0.8519,-0.2997,-0.4294,0.9980,192,6.824105,0.4934,0.6213
BiancaGolden_CircleTurns,-150.3710,61.9999,201.0512,0.4014,-15.5817,-13.1181,0.8540,-0.2960,-0.4280,0.9980,193,6.838973,0.4963,0.6200
BiancaGolden_CircleTurns,-150.0860,61.8503,201.0729,0.5733,-15.4977,-13.0215,0.8527,-0.2946,-0.4314,0.9980,193,6.852333,0.4991,0.6185
BiancaGolden_CircleTurns,-149.8244,61.7333,201.0783,0.7934,-15.4200,-12.9111,0.8534,-0.2936,-0.4307,0.9980,193,6.867215,0.5018,0.6173
BiancaGolden_CircleTurns,-149.5434,61.6469,201.1138,0.9131,-15.3876,-12.8150,0.8517,-0.2947,-0.4333,0.9980,194,6.880753,0.5046,0.6165
BiancaGolden_CircleTurns,-149.2488,61.5675,201.2173,0.9499,-15.2665,-12.7198,0.8543,-0.2944,-0.4283,0.9980,194,6.892734,0.5075,0.6157
BiancaGolden_CircleTurns,-148.9199,61.5027,201.3390,1.0546,-14.9456,-12.6505,0.8559,-0.2992,-0.4218,0.9980,195,6.907926,0.5108,0.6150
BiancaGolden_CircleTurns,-148.6444,61.5238,201.3221,0.8744,-14.5351,-12.6116,0.8568,-0.2999,-0.4194,0.9980,195,6.922295,0.5136,0.6152
BiancaGolden_CircleTurns,-148.3011,61.5318,201.4458,0.6298,-14.3613,-12.4472,0.8564,-0.2998,-0.4204,0.9980,196,6.936871,0.5170,0.6153
BiancaGolden_CircleTurns,-147.9526,61.5197,201.5986,0.6900,-13.8684,-12.2935,0.8596,-0.2992,-0.4143,0.9980,196,6.950886,0.5205,0.6152
BiancaGolden_CircleTurns,-147.6159,61.5740,201.7043,0.6599,-13.4789,-12.2202,0.8576,-0.3018,-0.4165,0.9980,197,6.968834,0.5238,0.6157
BiancaGolden_CircleTurns,-147.3263,61.6300,201.7371,0.5225,-13.2131,-12.1872,0.8581,-0.3019,-0.4154,0.9980,197,6.977917,0.5267,0.6163
BiancaGolden_CircleTurns,-147.0311,61.7236,201.7755,0.4312,-13.1633,-12.2130,0.8484,-0.2994,-0.4366,0.9980,197,6.991693,0.5297,0.6172
BiancaGolden_CircleTurns,-146.7679,61.8239,201.8089,0.4417,-13.1957,-12.1751,0.8451,-0.2926,-0.4474,0.9980,198,7.005225,0.5323,0.6182
BiancaGolden_CircleTurns,-146.5349,61.9510,201.8035,0.4578,-13.3732,-12.1445,0.8506,-0.2617,-0.4561,0.9980,198,7.018010,0.5347,0.6195
BiancaGolden_CircleTurns,-146.3405,62.0794,201.7829,0.5287,-13.5679,-12.0413,0.8496,-0.2612,-0.4582,0.9980,198,7.033562,0.5366,0.6208
BiancaGolden_CircleTurns,-146.1621,62.2430,201.7543,0.5846,-13.6904,-11.9930,0.8433,-0.2587,-0.4711,0.9980,199,7.045963,0.5384,0.6224
BiancaGolden_CircleTurns,-146.0182,62.4198,201.7104,0.7079,-13.6505,-11.9999,0.8436,-0.2592,-0.4704,0.9980,199,7.058868,0.5398,0.6242
BiancaGolden_CircleTurns,-145.8765,62.6195,201.6594,0.7628,-13.6059,-12.0093,0.8390,-0.2583,-0.4789,0.9980,200,7.074821,0.5412,0.6262
BiancaGolden_CircleTurns,-145.8006,62.8127,201.5804,0.8428,-13.5237,-11.9806,0.8355,-0.2638,-0.4821,0.9980,200,7.088374,0.5420,0.6281
BiancaGolden_CircleTurns,-145.7471,63.0293,201.5196,0.8843,-13.4985,-11.9446,0.8332,-0.2640,-0.4858,0.9980,201,7.102635,0.5425,0.6303
BiancaGolden_CircleTurns,-145.7335,63.2656,201.4412,0.8548,-13.5943,-11.9203,0.8319,-0.2634,-0.4884,0.9980,201,7.115528,0.5427,0.6327
BiancaGolden_CircleTurns,-145.7668,63.5176,201.3027,0.8073,-13.7587,-11.9103,0.8296,-0.2624,-0.4929,0.9980,201,7.130501,0.5423,0.6352
BiancaGolden_CircleTurns,-145.7778,63.7779,201.2015,0.6671,-14.0434,-11.9227,0.8264,-0.2628,-0.4980,0.9980,202,7.144056,0.5422,0.6378
BiancaGolden_CircleTurns,-145.6247,64.0334,201.4761,0.3513,-14.4573,-11.9431,0.8276,-0.2618,-0.4966,0.9980,202,7.156664,0.5438,0.6403
BiancaGolden_CircleTurns,-145.6324,64.3453,201.6122,0.0551,-14.3372,-11.9923,0.8289,-0.2562,-0.4973,0.9980,203,7.172227,0.5437,0.6435
BiancaGolden_CircleTurns,-145.6077,64.6481,201.5147,-0.3097,-14.2992,-12.0225,0.8255,-0.2491,-0.5064,0.9980,203,7.185742,0.5439,0.6465
BiancaGolden_CircleTurns,-145.6287,64.9437,201.4395,-0.5253,-14.1988,-12.0151,0.8246,-0.2479,-0.5085,0.9980,203,7.199567,0.5437,0.6494
BiancaGolden_CircleTurns,-145.6106,65.2405,201.5137,-0.6250,-14.0953,-11.9741,0.8264,-0.2474,-0.5059,0.9980,204,7.213022,0.5439,0.6524
BiancaGolden_CircleTurns,-145.5878,65.5556,201.6645,-0.8520,-13.9001,-11.9952,0.8277,-0.2461,-0.5043,0.9980,204,7.226835,0.5441,0.6556
BiancaGolden_CircleTurns,-145.5879,65.8859,201.7665,-1.1120,-13.7730,-11.9777,0.8160,-0.2461,-0.5230,0.9980,205,7.241657,0.5441,0.6589
BiancaGolden_CircleTurns,-145.6130,66.2408,201.7846,-1.2836,-13.7066,-11.7864,0.8017,-0.2289,-0.5522,0.9980,205,7.255696,0.5439,0.6624
BiancaGolden_CircleTurns,-145.6560,66.6146,201.7720,-1.4664,-13.7203,-11.5146,0.8025,-0.2233,-0.5534,0.9980,206,7.269532,0.5434,0.6661
BiancaGolden_CircleTurns,-145.6945,66.9827,201.7770,-1.7059,-13.7849,-11.2242,0.7735,-0.1972,-0.6023,0.9980,206,7.283769,0.5431,0.6698
BiancaGolden_CircleTurns,-145.7099,67.3377,201.8311,-1.9129,-13.7949,-10.8762,0.7760,-0.1915,-0.6009,0.9980,206,7.297401,0.5429,0.6734
BiancaGolden_CircleTurns,-145.7140,67.6779,201.8817,-2.0347,-13.6910,-10.4987,0.7789,-0.1863,-0.5988,0.9980,207,7.310748,0.5429,0.6768
BiancaGolden_CircleTurns,-145.7133,68.0181,201.9274,-2.1781,-13.5333,-10.1639,0.7518,-0.1658,-0.6383,0.9980,207,7.324891,0.5429,0.6802
BiancaGolden_CircleTurns,-145.7216,68.3314,201.9431,-2.2925,-13.3730,-9.8535,0.7339,-0.1546,-0.6614,0.9980,208,7.340830,0.5428,0.6833
BiancaGolden_CircleTurns,-145.7525,68.6304,201.9501,-2.3687,-13.2567,-9.5891,0.7310,-0.1420,-0.6675,0.9980,208,7.353806,0.5425,0.6863
BiancaGolden_CircleTurns,-145.8112,68.9097,201.9329,-2.3812,-13.2463,-9.3365,0.7167,-0.1345,-0.6843,0.9980,208,7.367169,0.5419,0.6891
BiancaGolden_CircleTurns,-145.8637,69.2141,201.9165,-2.3529,-13.2943,-9.0988,0.7174,-0.1309,-0.6842,0.9980,209,7.381574,0.5414,0.6921
BiancaGolden_CircleTurns,-145.9014,69.5384,201.9694,-2.3997,-13.2875,-8.8449,0.7207,-0.1259,-0.6817,0.9980,209,7.394676,0.5410,0.6954
BiancaGolden_CircleTurns,-145.9289,69.8761,202.0528,-2.4800,-13.0757,-8.4701,0.7161,-0.1262,-0.6864,0.9980,210,7.409318,0.5407,0.6988
BiancaGolden_CircleTurns,-145.9939,70.2007,202.1033,-2.6155,-12.8639,-8.0671,0.7188,-0.1203,-0.6848,0.9980,210,7.423143,0.5401,0.7020
BiancaGolden_CircleTurns,-146.0846,70.5189,202.1090,-2.7545,-12.7278,-7.6712,0.7126,-0.1265,-0.6901,0.9980,211,7.437132,0.5392,0.7052
BiancaGolden_CircleTurns,-146.2063,70.8391,202.1113,-2.8998,-12.7032,-7.2937,0.7128,-0.1210,-0.6908,0.9980,211,7.450448,0.5379,0.7084
BiancaGolden_CircleTurns,-146.3255,71.1613,202.1495,-3.0058,-12.7583,-6.9353,0.6839,-0.1099,-0.7212,0.9980,212,7.469897,0.5367,0.7116
BiancaGolden_CircleTurns,-146.4549,71.4760,202.2051,-3.1765,-12.8003,-6.5994,0.6807,-0.1138,-0.7237,0.9980,212,7.478157,0.5355,0.7148
BiancaGolden_CircleTurns,-146.6010,71.7623,202.2643,-3.3417,-12.7639,-6.4459,0.6773,-0.1123,-0.7271,0.9980,212,7.492056,0.5340,0.7176
BiancaGolden_CircleTurns,-146.7670,72.0072,202.3420,-3.3323,-12.6833,-6.3413,0.6769,-0.1183,-0.7265,0.9980,213,7.505627,0.5323,0.7201
BiancaGolden_CircleTurns,-146.9043,72.2859,202.4278,-2.9981,-12.5071,-6.2268,0.6756,-0.1244,-0.7267,0.9980,213,7.519019,0.5310,0.7229
BiancaGolden_CircleTurns,-147.0460,72.6165,202.5310,-2.5777,-12.1723,-5.9418,0.6827,-0.1222,-0.7204,0.9980,213,7.533654,0.5295,0.7262
BiancaGolden_CircleTurns,-147.1832,72.9897,202.6701,-2.3753,-11.6677,-5.5316,0.6860,-0.1287,-0.7161,0.9980,214,7.546875,0.5282,0.7299
BiancaGolden_CircleTurns,-147.3315,73.3487,202.8129,-2.4460,-11.1193,-5.1307,0.6946,-0.1243,-0.7086,0.9980,214,7.560479,0.5267,0.7335
BiancaGolden_CircleTurns,-147.5004,73.6852,202.9435,-2.6144,-10.4839,-4.8493,0.6964,-0.1253,-0.7066,0.9980,215,7.575876,0.5250,0.7369
BiancaGolden_CircleTurns,-147.7018,73.9638,203.0768,-2.7889,-9.7534,-4.6846,0.7045,-0.1251,-0.6986,0.9980,215,7.589528,0.5230,0.7396
BiancaGolden_CircleTurns,-147.8920,74.2846,203.2218,-2.6424,-9.0765,-4.4893,0.7170,-0.1164,-0.6873,0.9980,216,7.604102,0.5211,0.7428
BiancaGolden_CircleTurns,-148.0847,74.6152,203.4123,-2.3778,-8.2191,-4.2122,0.7288,-0.1141,-0.6752,0.9980,216,7.616808,0.5192,0.7462
BiancaGolden_CircleTurns,-148.2940,74.9797,203.6265,-2.3353,-7.2407,-3.9084,0.7323,-0.1280,-0.6689,0.9980,216,7.631667,0.5171,0.7498
BiancaGolden_CircleTurns,-148.4862,75.3431,203.8070,-2.3733,-6.2480,-3.6616,0.7410,-0.1275,-0.6593,0.9980,217,7.645954,0.5151,0.7534
BiancaGolden_CircleTurns,-148.6965,75.7062,203.9416,-2.2703,-5.3792,-3.3510,0.7367,-0.1305,-0.6635,0.9980,217,7.657929,0.5130,0.7571
BiancaGolden_CircleTurns,-148.9031,76.0808,204.0602,-1.9662,-4.6205,-2.9673,0.7444,-0.1282,-0.6553,0.9980,218,7.673252,0.5110,0.7608
BiancaGolden_CircleTurns,-149.1277,76.4593,204.1835,-1.6880,-3.9778,-2.5368,0.7457,-0.1224,-0.6549,0.9980,218,7.686992,0.5087,0.7646
BiancaGolden_CircleTurns,-149.3390,76.8572,204.3016,-1.5436,-3.3727,-2.1932,0.7485,-0.1191,-0.6524,0.9980,219,7.702164,0.5066,0.7686
BiancaGolden_CircleTurns,-149.5579,77.2237,204.3719,-1.4654,-2.8924,-1.8999,0.7538,-0.1180,-0.6464,0.9980,219,7.714810,0.5044,0.7722
BiancaGolden_CircleTurns,-149.7543,77.5829,204.4245,-1.2729,-2.4644,-1.6452,0.7572,-0.1182,-0.6424,0.9980,219,7.729730,0.5025,0.7758
BiancaGolden_CircleTurns,-149.9371,77.9125,204.4901,-0.9146,-2.2067,-1.3639,0.7584,-0.1234,-0.6400,0.9980,220,7.742743,0.5006,0.7791
BiancaGolden_CircleTurns,-150.1293,78.2664,204.5792,-0.4991,-2.0445,-1.1499,0.7503,-0.1319,-0.6478,0.9980,220,7.755760,0.4987,0.7827
BiancaGolden_CircleTurns,-150.2995,78.6014,204.6360,-0.0881,-1.9064,-0.9084,0.7475,-0.1324,-0.6510,0.9980,221,7.770755,0.4970,0.7860
BiancaGolden_CircleTurns,-150.4557,78.9416,204.6388,0.0551,-1.9075,-0.8312,0.7464,-0.1340,-0.6519,0.9980,221,7.785134,0.4954,0.7894
BiancaGolden_CircleTurns,-150.5913,79.2560,204.6119,0.2356,-2.0085,-0.8022,0.7421,-0.1303,-0.6575,0.9980,221,7.798848,0.4941,0.7926
BiancaGolden_CircleTurns,-150.7431,79.5278,204.5391,0.4889,-2.3431,-0.8185,0.7350,-0.1349,-0.6645,0.9980,222,7.813273,0.4926,0.7953
BiancaGolden_CircleTurns,-150.8802,79.7937,204.4556,0.7506,-2.8590,-0.9442,0.7282,-0.1558,-0.6674,0.9980,222,7.825727,0.4912,0.7979
BiancaGolden_CircleTurns,-151.0025,80.0352,204.3532,0.9962,-3.6989,-1.1631,0.7155,-0.1838,-0.6740,0.9980,223,7.840600,0.4900,0.8004
BiancaGolden_CircleTurns,-151.0828,80.3138,204.2728,1.1796,-4.4051,-1.3505,0.7032,-0.2109,-0.6790,0.9980,223,7.854211,0.4892,0.8031
BiancaGolden_CircleTurns,-151.1191,80.5712,204.1856,1.3206,-5.1246,-1.5679,0.6917,-0.2166,-0.6889,0.9980,223,7.868083,0.4888,0.8057
BiancaGolden_CircleTurns,-151.1583,80.8283,204.1324,1.4460,-5.7010,-1.8003,0.6852,-0.2199,-0.6943,0.9980,224,7.882477,0.4884,0.8083
BiancaGolden_CircleTurns,-151.2038,81.0455,204.0781,1.5124,-6.1666,-2.0356,0.6882,-0.2234,-0.6903,0.9980,224,7.895782,0.4880,0.8105
BiancaGolden_CircleTurns,-151.2144,81.2538,204.0259,1.4766,-6.5602,-2.3588,0.6868,-0.2268,-0.6905,0.9980,225,7.910955,0.4879,0.8125
BiancaGolden_CircleTurns,-151.1875,81.4554,203.9911,1.5044,-6.8102,-2.6764,0.6919,-0.2206,-0.6875,0.9980,225,7.924054,0.4881,0.8146
BiancaGolden_CircleTurns,-151.1544,81.6636,203.9656,1.6302,-6.9569,-2.9145,0.6940,-0.2250,-0.6839,0.9980,226,7.938908,0.4885,0.8166
BiancaGolden_CircleTurns,-151.0879,81.8928,203.9476,1.8428,-6.9172,-3.1251,0.6938,-0.2281,-0.6831,0.9980,226,7.951540,0.4891,0.8189
BiancaGolden_CircleTurns,-151.0362,82.1165,203.9183,1.9548,-6.8769,-3.2782,0.6980,-0.2201,-0.6815,0.9980,227,7.969100,0.4896,0.8212
BiancaGolden_CircleTurns,-150.9898,82.3531,203.8636,2.0415,-6.7809,-3.4035,0.6972,-0.2226,-0.6814,0.9980,227,7.979677,0.4901,0.8235
BiancaGolden_CircleTurns,-150.9480,82.5602,203.7986,2.1924,-6.8167,-3.4825,0.6903,-0.2070,-0.6933,0.9980,227,7.994563,0.4905,0.8256
BiancaGolden_CircleTurns,-150.8758,82.7755,203.7356,2.3946,-6.9622,-3.5336,0.6881,-0.1965,-0.6985,0.9980,228,8.007532,0.4912,0.8278
BiancaGolden_CircleTurns,-150.8005,82.9940,203.6946,2.5680,-7.1685,-3.6113,0.6869,-0.1930,-0.7007,0.9980,228,8.021223,0.4920,0.8299
BiancaGolden_CircleTurns,-150.6910,83.2398,203.6650,2.7176,-7.3623,-3.6331,0.6871,-0.1867,-0.7022,0.9980,229,8.035992,0.4931,0.8324
BiancaGolden_CircleTurns,-150.5392,83.4975,203.6472,2.9823,-7.4619,-3.5497,0.6865,-0.1879,-0.7024,0.9980,229,8.049413,0.4946,0.8350
BiancaGolden_CircleTurns,-150.3764,83.7721,203.6073,3.3053,-7.5478,-3.3681,0.6902,-0.1853,-0.6995,0.9980,229,8.063101,0.4962,0.8377
BiancaGolden_CircleTurns,-150.1894,84.0836,203.5374,3.6314,-7.5788,-3.1005,0.6923,-0.1823,-0.6982,0.9980,230,8.077766,0.4981,0.8408
BiancaGolden_CircleTurns,-149.9854,84.4387,203.4175,3.9574,-7.6373,-2.6348,0.7336,-0.1536,-0.6621,0.9980,230,8.089755,0.5001,0.8444
BiancaGolden_CircleTurns,-149.7505,84.8267,203.2950,4.1499,-7.7376,-2.0720,0.7719,-0.0954,-0.6285,0.9980,231,8.104768,0.5025,0.8483
BiancaGolden_CircleTurns,-149.4806,85.2185,203.1978,4.2576,-7.8241,-1.4320,0.7721,-0.0888,-0.6292,0.9980,231,8.119383,0.5052,0.8522
BiancaGolden_CircleTurns,-149.1632,85.5944,203.1213,4.4930,-7.9056,-0.7215,0.8059,-0.0167,-0.5918,0.9980,231,8.133633,0.5084,0.8559
BiancaGolden_CircleTurns,-148.8320,85.9876,203.0112,4.7892,-7.8792,-0.0793,0.8385,0.0397,-0.5435,0.9980,232,8.147102,0.5117,0.8599
BiancaGolden_CircleTurns,-148.4989,86.4020,202.8614,4.7894,-7.8596,0.4640,0.8462,0.1151,-0.5203,0.9980,232,8.159951,0.5150,0.8640
BiancaGolden_CircleTurns,-148.1514,86.7834,202.7431,4.6535,-7.9229,0.9472,0.8746,0.1308,-0.4668,0.9980,233,8.174999,0.5185,0.8678
BiancaGolden_CircleTurns,-147.7580,87.1583,202.6371,4.6895,-7.9286,1.3333,0.8753,0.1414,-0.4624,0.9980,233,8.188009,0.5224,0.8716
BiancaGolden_CircleTurns,-147.3595,87.5168,202.5196,4.9467,-7.9259,1.6959,0.8772,0.1453,-0.4576,0.9980,234,8.202918,0.5264,0.8752
BiancaGolden_CircleTurns,-146.9557,87.8809,202.3627,5.1953,-7.9207,2.0080,0.8758,0.1488,-0.4592,0.9980,234,8.215749,0.5304,0.8788
BiancaGolden_CircleTurns,-146.5588,88.2492,202.2224,5.3488,-8.0148,2.3012,0.8775,0.1514,-0.4552,0.9980,234,8.229887,0.5344,0.8825
BiancaGolden_CircleTurns,-146.1275,88.6493,202.0824,5.2965,-8.0967,2.4445,0.8808,0.1400,-0.4522,0.9980,235,8.243635,0.5387,0.8865
BiancaGolden_CircleTurns,-145.6606,89.0499,201.9093,5.1675,-8.0732,2.5414,0.8820,0.1362,-0.4512,0.9980,235,8.257391,0.5434,0.8905
BiancaGolden_CircleTurns,-145.1669,89.4202,201.7326,5.1199,-7.9316,2.6023,0.8770,0.1299,-0.4626,0.9980,236,8.272778,0.5483,0.8942
BiancaGolden_CircleTurns,-144.6718,89.7810,201.5498,5.2140,-7.6837,2.5572,0.8714,0.1181,-0.4760,0.9980,236,8.285425,0.5533,0.8978
BiancaGolden_CircleTurns,-144.2510,90.0939,201.3242,5.4136,-7.5400,2.4682,0.8704,0.1141,-0.4789,0.9980,236,8.300226,0.5575,0.9009
BiancaGolden_CircleTurns,-143.8458,90.3732,201.1314,5.7925,-7.7134,2.3036,0.8675,0.1044,-0.4863,0.9980,237,8.314178,0.5615,0.9037
BiancaGolden_CircleTurns,-143.4779,90.6610,200.9583,6.0241,-8.0500,2.0033,0.8637,0.0907,-0.4958,0.9980,237,8.327291,0.5652,0.9066
BiancaGolden_CircleTurns,-143.1170,90.9431,200.7806,6.0265,-8.5729,1.5916,0.8582,0.0714,-0.5084,0.9980,238,8.341675,0.5688,0.9094
BiancaGolden_CircleTurns,-142.7767,91.1913,200.5405,6.1120,-9.0067,1.2471,0.8592,0.0041,-0.5115,0.9980,238,8.354709,0.5722,0.9119
BiancaGolden_CircleTurns,-142.4505,91.4301,200.2597,6.4391,-9.4433,0.9911,0.8590,-0.0729,-0.5068,0.9980,239,8.368866,0.5755,0.9143
BiancaGolden_CircleTurns,-142.1029,91.6421,200.0174,6.7610,-9.7769,0.7906,0.8569,-0.0789,-0.5095,0.9980,239,8.382897,0.5790,0.9164
BiancaGolden_CircleTurns,-141.7493,91.8835,199.8380,6.9758,-9.9732,0.4803,0.8677,-0.1391,-0.4772,0.9980,239,8.396662,0.5825,0.9188
BiancaGolden_CircleTurns,-141.4049,92.0830,199.7160,7.1993,-10.0382,0.1318,0.8620,-0.2234,-0.4551,0.9980,240,8.409801,0.5860,0.9208
BiancaGolden_CircleTurns,-141.1155,92.2586,199.6064,7.3060,-10.1446,-0.3891,0.8369,-0.3239,-0.4413,0.9980,240,8.423817,0.5888,0.9226
BiancaGolden_CircleTurns,-140.8525,92.4186,199.4176,7.4070,-10.2904,-0.8968,0.8108,-0.3857,-0.4403,0.9980,241,8.438653,0.5915,0.9242
BiancaGolden_CircleTurns,-140.6294,92.5740,199.1722,7.7081,-10.5310,-1.3307,0.8061,-0.3919,-0.4434,0.9980,241,8.452358,0.5937,0.9257
BiancaGolden_CircleTurns,-140.4152,92.7427,198.9637,8.0233,-10.8889,-1.6595,0.7871,-0.4093,-0.4615,0.9980,242,8.470239,0.5958,0.9274
BiancaGolden_CircleTurns,-140.2244,92.8989,198.7825,8.3031,-11.2288,-1.9642,0.7811,-0.4151,-0.4664,0.9980,242,8.479816,0.5978,0.9290
BiancaGolden_CircleTurns,-140.0591,93.0291,198.6844,8.4067,-11.6283,-2.3583,0.7792,-0.4197,-0.4655,0.9980,242,8.493747,0.5994,0.9303
BiancaGolden_CircleTurns,-139.8966,93.1224,198.6095,8.5970,-11.9280,-2.7990,0.7811,-0.4143,-0.4672,0.9980,243,8.507332,0.6010,0.9312
BiancaGolden_CircleTurns,-139.7577,93.1776,198.5834,8.9473,-12.2201,-3.2640,0.7818,-0.4093,-0.4704,0.9980,243,8.520569,0.6024,0.9318
BiancaGolden_CircleTurns,-139.6420,93.2441,198.5150,9.2856,-12.4370,-3.6730,0.7840,-0.4144,-0.4622,0.9980,244,8.536051,0.6036,0.9324
BiancaGolden_CircleTurns,-139.5748,93.3061,198.4113,9.5246,-12.7103,-4.1107,0.7789,-0.4204,-0.4654,0.9980,244,8.548907,0.6043,0.9331
BiancaGolden_CircleTurns,-139.5212,93.3379,198.3526,9.6280,-12.9883,-4.5252,0.7787,-0.4242,-0.4623,0.9980,244,8.564168,0.6048,0.9334
BiancaGolden_CircleTurns,-139.4506,93.3591,198.3496,9.8581,-13.1672,-4.9640,0.7781,-0.4281,-0.4596,0.9980,245,8.577312,0.6055,0.9336
BiancaGolden_CircleTurns,-139.3665,93.3835,198.3906,10.1083,-13.2714,-5.3734,0.7773,-0.4301,-0.4591,0.9980,245,8.591584,0.6063,0.9338
BiancaGolden_CircleTurns,-139.2852,93.4105,198.4427,10.2584,-13.2630,-5.7553,0.7746,-0.4356,-0.4586,0.9980,246,8.606084,0.6071,0.9341
BiancaGolden_CircleTurns,-139.2501,93.4297,198.4600,10.2991,-13.2460,-6.1423,0.7844,-0.4257,-0.4512,0.9980,246,8.619008,0.6075,0.9343
BiancaGolden_CircleTurns,-139.2338,93.4381,198.4835,10.3523,-13.3321,-6.5784,0.7805,-0.4310,-0.4529,0.9980,246,8.634122,0.6077,0.9344
BiancaGolden_CircleTurns,-139.2390,93.4315,198.5174,10.3772,-13.4586,-6.9701,0.7823,-0.4219,-0.4583,0.9980,247,8.646295,0.6076,0.9343
BiancaGolden_CircleTurns,-139.2454,93.4343,198.5700,10.3908,-13.5486,-7.3171,0.7836,-0.4131,-0.4640,0.9980,247,8.660712,0.6075,0.9343
BiancaGolden_CircleTurns,-139.2479,93.4472,198.6145,10.3291,-13.6099,-7.6120,0.7830,-0.4114,-0.4666,0.9980,248,8.675056,0.6075,0.9345
BiancaGolden_CircleTurns,-139.2484,93.4601,198.6521,10.1875,-13.6378,-7.8669,0.7834,-0.4073,-0.4695,0.9980,248,8.689276,0.6075,0.9346
BiancaGolden_CircleTurns,-139.2460,93.4562,198.6568,9.9913,-13.6480,-8.1136,0.7871,-0.4035,-0.4665,0.9980,249,8.702921,0.6075,0.9346
BiancaGolden_CircleTurns,-139.2432,93.4541,198.6668,9.8220,-13.7455,-8.3978,0.7824,-0.4081,-0.4704,0.9980,249,8.716484,0.6076,0.9345
BiancaGolden_CircleTurns,-139.2273,93.4215,198.7172,9.7186,-13.9781,-8.7898,0.7835,-0.3988,-0.4766,0.9980,249,8.730973,0.6077,0.9342
BiancaGolden_CircleTurns,-139.2073,93.4011,198.7506,9.6429,-14.2120,-9.2652,0.7803,-0.4023,-0.4789,0.9980,250,8.744718,0.6079,0.9340
BiancaGolden_CircleTurns,-139.1589,93.3726,198.7542,9.6540,-14.4701,-9.8444,0.7756,-0.4087,-0.4809,0.9980,250,8.757575,0.6084,0.9337
BiancaGolden_CircleTurns,-139.0776,93.3491,198.7517,9.7413,-14.7377,-10.3760,0.7749,-0.4052,-0.4851,0.9980,251,8.772764,0.6092,0.9335
BiancaGolden_CircleTurns,-138.9437,93.3236,198.7610,9.8645,-14.9030,-10.8487,0.7706,-0.4118,-0.4864,0.9980,251,8.786829,0.6106,0.9332
BiancaGolden_CircleTurns,-138.7770,93.2931,198.7917,9.9879,-15.0276,-11.3151,0.7689,-0.4145,-0.4867,0.9980,251,8.801539,0.6122,0.9329
BiancaGolden_CircleTurns,-138.6015,93.2524,198.8247,10.0735,-15.0976,-11.7954,0.7744,-0.4125,-0.4797,0.9980,252,8.814413,0.6140,0.9325
BiancaGolden_CircleTurns,-138.3958,93.1728,198.8553,10.2133,-15.1559,-12.3154,0.7776,-0.4068,-0.4794,0.9980,252,8.827795,0.6160,0.9317
BiancaGolden_CircleTurns,-138.1732,93.1090,198.9266,10.2825,-15.2720,-12.8285,0.7792,-0.4052,-0.4782,0.9980,253,8.843682,0.6183,0.9311
BiancaGolden_CircleTurns,-137.9064,93.0299,199.0099,10.3411,-15.3156,-13.3301,0.7788,-0.4096,-0.4751,0.9980,253,8.855948,0.6209,0.9303
BiancaGolden_CircleTurns,-137.6541,92.9294,199.0721,10.2769,-15.3870,-13.8523,0.7748,-0.4197,-0.4729,0.9980,254,8.870465,0.6235,0.9293
BiancaGolden_CircleTurns,-137.4004,92.7847,199.1304,10.3914,-15.5086,-14.4239,0.7689,-0.4280,-0.4750,0.9980,254,8.883983,0.6260,0.9278
BiancaGolden_CircleTurns,-137.1390,92.6188,199.1899,10.5006,-15.6778,-15.0343,0.7412,-0.4954,-0.4529,0.9980,254,8.898662,0.6286,0.9262
BiancaGolden_CircleTurns,-136.8547,92.4634,199.1842,10.6170,-15.7541,-15.6650,0.7206,-0.5475,-0.4255,0.9980,255,8.912877,0.6315,0.9246
BiancaGolden_CircleTurns,-136.5631,92.2932,199.1479,10.6181,-15.8084,-16.2580,0.7115,-0.5750,-0.4038,0.9980,255,8.925939,0.6344,0.9229
BiancaGolden_CircleTurns,-136.2428,92.1017,199.1248,10.5862,-15.7585,-16.7955,0.7071,-0.5824,-0.4012,0.9980,256,8.940870,0.6376,0.9210
BiancaGolden_CircleTurns,-135.9433,91.8799,199.1188,10.7360,-15.7206,-17.3386,0.7021,-0.5892,-0.3999,0.9980,256,8.954863,0.6406,0.9188
BiancaGolden_CircleTurns,-135.6485,91.6667,199.0976,10.8602,-15.6723,-17.8580,0.7069,-0.5799,-0.4050,0.9980,257,8.972661,0.6435,0.9167
BiancaGolden_CircleTurns,-135.3725,91.4388,199.0477,10.9483,-15.7204,-18.3782,0.7128,-0.5724,-0.4054,0.9980,257,8.982749,0.6463,0.9144
BiancaGolden_CircleTurns,-135.0782,91.2134,198.9662,11.0164,-15.7530,-18.9072,0.7134,-0.5707,-0.4067,0.9980,257,8.996427,0.6492,0.9121
BiancaGolden_CircleTurns,-134.7692,90.9532,198.8891,11.0973,-15.7786,-19.4259,0.7117,-0.5725,-0.4071,0.9980,258,9.009109,0.6523,0.9095
BiancaGolden_CircleTurns,-134.4584,90.6928,198.8056,11.1775,-15.7317,-19.9679,0.7172,-0.5665,-0.4057,0.9980,258,9.021937,0.6554,0.9069
BiancaGolden_CircleTurns,-134.1623,90.4086,198.7350,11.3072,-15.7190,-20.4273,0.7160,-0.5662,-0.4084,0.9980,259,9.038343,0.6584,0.9041
BiancaGolden_CircleTurns,-133.8735,90.1475,198.6513,11.3774,-15.7829,-20.8833,0.7107,-0.5716,-0.4100,0.9980,259,9.051548,0.6613,0.9015
BiancaGolden_CircleTurns,-133.5818,89.8949,198.5501,11.2925,-15.8734,-21.3434,0.7138,-0.5637,-0.4156,0.9980,259,9.064281,0.6642,0.8989
BiancaGolden_CircleTurns,-133.2712,89.6058,198.4827,11.1966,-15.9574,-21.7675,0.7182,-0.5564,-0.4180,0.9980,260,9.078186,0.6673,0.8961
BiancaGolden_CircleTurns,-132.9642,89.3240,198.4478,11.1794,-16.0506,-22.1686,0.7236,-0.5490,-0.4184,0.9980,260,9.090845,0.6704,0.8932
BiancaGolden_CircleTurns,-132.6592,89.0298,198.4093,11.2410,-16.1218,-22.6179,0.7226,-0.5486,-0.4206,0.9980,261,9.108242,0.6734,0.8903
BiancaGolden_CircleTurns,-132.3508,88.7216,198.3703,11.3098,-16.1622,-23.0299,0.7173,-0.5552,-0.4210,0.9980,261,9.119598,0.6765,0.8872
BiancaGolden_CircleTurns,-131.9885,88.4284,198.3913,11.3011,-16.1815,-23.5633,0.7114,-0.5600,-0.4246,0.9980,261,9.133947,0.6801,0.8843
BiancaGolden_CircleTurns,-131.5725,88.1345,198.4998,11.2858,-16.1318,-24.0741,0.7150,-0.5554,-0.4246,0.9980,262,9.147237,0.6843,0.8813
BiancaGolden_CircleTurns,-131.1023,87.8595,198.6299,11.2569,-15.8999,-24.5815,0.7159,-0.5592,-0.4181,0.9980,262,9.160101,0.6890,0.8786
BiancaGolden_CircleTurns,-130.6582,87.5796,198.6742,11.2185,-15.7163,-24.9923,0.7217,-0.5564,-0.4118,0.9980,263,9.176932,0.6934,0.8758
BiancaGolden_CircleTurns,-130.2230,87.3315,198.6099,11.2156,-15.4716,-25.4159,0.7262,-0.5499,-0.4125,0.9980,263,9.189151,0.6978,0.8733
BiancaGolden_CircleTurns,-129.8189,87.0736,198.5077,11.2243,-15.3042,-25.7502,0.7273,-0.5462,-0.4156,0.9980,264,9.204182,0.7018,0.8707
BiancaGolden_CircleTurns,-129.3708,86.8302,198.4242,11.2477,-15.1610,-26.1146,0.7246,-0.5513,-0.4135,0.9980,264,9.218182,0.7063,0.8683
BiancaGolden_CircleTurns,-128.9499,86.5817,198.3431,11.2720,-15.0308,-26.4799,0.7202,-0.5500,-0.4229,0.9980,264,9.231279,0.7105,0.8658
BiancaGolden_CircleTurns,-128.5532,86.3590,198.2220,11.4258,-15.0057,-26.8352,0.7246,-0.5378,-0.4309,0.9980,265,9.245631,0.7145,0.8636
BiancaGolden_CircleTurns,-128.1945,86.1632,198.1034,11.7570,-15.2364,-27.1512,0.7237,-0.5323,-0.4392,0.9980,265,9.258027,0.7181,0.8616
BiancaGolden_CircleTurns,-127.8801,85.9876,197.9834,12.1491,-15.5949,-27.4271,0.7218,-0.5226,-0.4538,0.9980,266,9.273801,0.7212,0.8599
BiancaGolden_CircleTurns,-127.5703,85.8194,197.8942,12.5982,-16.0492,-27.6895,0.7207,-0.5188,-0.4598,0.9980,266,9.287224,0.7243,0.8582
BiancaGolden_CircleTurns,-127.2438,85.6718,197.8452,12.8688,-16.3370,-27.8553,0.7192,-0.5200,-0.4607,0.9980,266,9.301063,0.7276,0.8567
BiancaGolden_CircleTurns,-126.9110,85.5225,197.8192,12.9917,-16.4332,-27.9511,0.7235,-0.5135,-0.4613,0.9980,267,9.315466,0.7309,0.8552
BiancaGolden_CircleTurns,-126.5976,85.3832,197.7717,13.0866,-16.3443,-27.9181,0.7292,-0.5054,-0.4614,0.9980,267,9.327929,0.7340,0.8538
BiancaGolden_CircleTurns,-126.2867,85.2581,197.7391,13.1334,-16.2157,-27.8184,0.7366,-0.5037,-0.4513,0.9980,268,9.343264,0.7371,0.8526
BiancaGolden_CircleTurns,-125.9718,85.1468,197.7363,13.0656,-16.0033,-27.6514,0.7448,-0.4921,-0.4508,0.9980,268,9.357933,0.7403,0.8515
BiancaGolden_CircleTurns,-125.6682,85.0528,197.7317,12.9852,-15.8173,-27.5196,0.7477,-0.4882,-0.4501,0.9980,269,9.370996,0.7433,0.8505
BiancaGolden_CircleTurns,-125.4262,84.9462,197.6766,12.9768,-15.6961,-27.3514,0.7485,-0.4865,-0.4506,0.9980,269,9.384896,0.7457,0.8495
BiancaGolden_CircleTurns,-125.1902,84.8589,197.6425,13.0012,-15.7280,-27.2264,0.7471,-0.4851,-0.4545,0.9980,269,9.399620,0.7481,0.8486
BiancaGolden_CircleTurns,-124.9544,84.7630,197.6635,13.0697,-15.8672,-27.1404,0.7443,-0.4830,-0.4612,0.9980,270,9.412265,0.7505,0.8476
BiancaGolden_CircleTurns,-124.6964,84.6766,197.7244,13.1961,-16.0238,-27.0607,0.7435,-0.4836,-0.4619,0.9980,270,9.426396,0.7530,0.8468
BiancaGolden_CircleTurns,-124.4605,84.5859,197.7748,13.2925,-16.1888,-26.9559,0.7436,-0.4799,-0.4656,0.9980,271,9.441568,0.7554,0.8459
BiancaGolden_CircleTurns,-124.2326,84.5066,197.7987,13.3345,-16.3212,-26.8682,0.7435,-0.4778,-0.4679,0.9980,271,9.454030,0.7577,0.8451
BiancaGolden_CircleTurns,-124.0025,84.4176,197.8693,13.2589,-16.4656,-26.7655,0.7506,-0.4632,-0.4713,0.9980,272,9.473171,0.7600,0.8442
BiancaGolden_CircleTurns,-123.7700,84.3198,197.9483,13.2250,-16.5291,-26.6666,0.7716,-0.4181,-0.4795,0.9980,272,9.482625,0.7623,0.8432
BiancaGolden_CircleTurns,-123.5402,84.2097,198.0173,13.2387,-16.5505,-26.5885,0.7829,-0.4014,-0.4753,0.9980,272,9.496430,0.7646,0.8421
BiancaGolden_CircleTurns,-123.3286,84.1006,198.0701,13.2429,-16.5598,-26.4770,0.7849,-0.3973,-0.4754,0.9980,273,9.509040,0.7667,0.8410
BiancaGolden_CircleTurns,-123.1407,83.9782,198.1069,13.2620,-16.5380,-26.3425,0.7860,-0.3953,-0.4754,0.9980,273,9.522034,0.7686,0.8398
BiancaGolden_CircleTurns,-122.9474,83.8648,198.1192,13.1595,-16.5113,-26.2340,0.7874,-0.3921,-0.4756,0.9980,274,9.537680,0.7705,0.8386
BiancaGolden_CircleTurns,-122.7433,83.7421,198.1390,12.9399,-16.4832,-26.1371,0.7885,-0.3907,-0.4750,0.9980,274,9.550773,0.7726,0.8374
BiancaGolden_CircleTurns,-122.5393,83.6086,198.1501,12.6945,-16.4415,-26.0848,0.7900,-0.3884,-0.4744,0.9980,274,9.565959,0.7746,0.8361
BiancaGolden_CircleTurns,-122.3418,83.4729,198.1348,12.5069,-16.3811,-26.0409,0.7904,-0.3879,-0.4741,0.9980,275,9.578807,0.7766,0.8347
BiancaGolden_CircleTurns,-122.1488,83.3481,198.1110,12.3428,-16.3638,-26.0374,0.7901,-0.3875,-0.4749,0.9980,275,9.591364,0.7785,0.8335
BiancaGolden_CircleTurns,-121.9473,83.2491,198.0980,12.1765,-16.4102,-26.0617,0.7882,-0.3904,-0.4757,0.9980,276,9.606855,0.7805,0.8325
BiancaGolden_CircleTurns,-121.7410,83.1727,198.0814,11.9018,-16.5024,-26.1534,0.7867,-0.3911,-0.4777,0.9980,276,9.621741,0.7826,0.8317
BiancaGolden_CircleTurns,-121.5567,83.1102,198.0375,11.6158,-16.6313,-26.3023,0.7840,-0.3933,-0.4802,0.9980,277,9.635447,0.7844,0.8311
BiancaGolden_CircleTurns,-121.3529,83.0393,197.9936,11.4086,-16.7816,-26.4319,0.7836,-0.3949,-0.4797,0.9980,277,9.649792,0.7865,0.8304
BiancaGolden_CircleTurns,-121.1236,82.9959,197.9510,11.2304,-16.8604,-26.6024,0.7821,-0.3981,-0.4795,0.9980,277,9.664249,0.7888,0.8300
BiancaGolden_CircleTurns,-120.8858,82.9660,197.9201,11.1333,-16.8718,-26.7403,0.7809,-0.3995,-0.4801,0.9980,278,9.676939,0.7911,0.8297
BiancaGolden_CircleTurns,-120.6597,82.9347,197.8894,11.0887,-16.9096,-26.8565,0.7771,-0.4007,-0.4854,0.9980,278,9.691524,0.7934,0.8293
BiancaGolden_CircleTurns,-120.4504,82.9277,197.8392,11.0854,-16.9351,-27.0085,0.7747,-0.4018,-0.4884,0.9980,279,9.705050,0.7955,0.8293
BiancaGolden_CircleTurns,-120.2556,82.9284,197.7502,11.0653,-17.0149,-27.2672,0.7725,-0.4050,-0.4892,0.9980,279,9.718662,0.7974,0.8293
BiancaGolden_CircleTurns,-120.0600,82.9437,197.6592,11.0626,-17.0671,-27.5221,0.7708,-0.4069,-0.4903,0.9980,279,9.732376,0.7994,0.8294
BiancaGolden_CircleTurns,-119.8448,82.9617,197.5943,11.0949,-17.1296,-27.7808,0.7696,-0.4104,-0.4891,0.9980,280,9.746643,0.8016,0.8296
BiancaGolden_CircleTurns,-119.5819,83.0044,197.5739,11.1062,-17.0544,-28.0431,0.7676,-0.4149,-0.4884,0.9980,280,9.759596,0.8042,0.8300
BiancaGolden_CircleTurns,-119.3099,83.0549,197.5288,11.1760,-16.9095,-28.2344,0.7674,-0.4170,-0.4870,0.9980,281,9.774190,0.8069,0.8305
BiancaGolden_CircleTurns,-119.0527,83.1297,197.4473,11.2131,-16.7697,-28.3546,0.7671,-0.4187,-0.4861,0.9980,281,9.787555,0.8095,0.8313
BiancaGolden_CircleTurns,-118.7740,83.2205,197.3669,11.1869,-16.6927,-28.4613,0.7666,-0.4196,-0.4861,0.9980,282,9.802590,0.8123,0.8322
BiancaGolden_CircleTurns,-118.4726,83.3144,197.3205,11.0711,-16.6894,-28.5441,0.7676,-0.4168,-0.4870,0.9980,282,9.816911,0.8153,0.8331
BiancaGolden_CircleTurns,-118.1629,83.4078,197.3042,10.9719,-16.6963,-28.6569,0.7666,-0.4168,-0.4885,0.9980,282,9.829760,0.8184,0.8341
BiancaGolden_CircleTurns,-117.8612,83.4847,197.3118,10.9664,-16.7843,-28.7569,0.7655,-0.4152,-0.4915,0.9980,283,9.844305,0.8214,0.8348
BiancaGolden_CircleTurns,-117.5141,83.5805,197.3554,10.9084,-16.8584,-28.8814,0.7611,-0.4166,-0.4972,0.9980,283,9.856953,0.8249,0.8358
BiancaGolden_CircleTurns,-117.2028,83.6801,197.3728,10.7826,-16.8805,-29.0562,0.7587,-0.4206,-0.4974,0.9980,284,9.872717,0.8280,0.8368
BiancaGolden_CircleTurns,-116.9410,83.7717,197.2970,10.7481,-16.9651,-29.1955,0.7564,-0.4223,-0.4996,0.9980,284,9.885265,0.8306,0.8377
BiancaGolden_CircleTurns,-116.6493,83.8642,197.2681,10.7216,-17.0984,-29.3614,0.7538,-0.4239,-0.5022,0.9980,284,9.901245,0.8335,0.8386
BiancaGolden_CircleTurns,-116.3038,83.9696,197.3397,10.6346,-17.1599,-29.5467,0.7547,-0.4169,-0.5067,0.9980,285,9.913484,0.8370,0.8397
BiancaGolden_CircleTurns,-115.9389,84.0601,197.4458,10.6397,-17.1238,-29.6560,0.7545,-0.4186,-0.5055,0.9980,285,9.926007,0.8406,0.8406
BiancaGolden_CircleTurns,-115.6047,84.1502,197.4902,10.7418,-17.0430,-29.7361,0.7530,-0.4207,-0.5060,0.9980,286,9.941745,0.8440,0.8415
BiancaGolden_CircleTurns,-115.2604,84.2352,197.5399,10.8649,-16.9820,-29.7923,0.7528,-0.4224,-0.5048,0.9980,286,9.955421,0.8474,0.8424
BiancaGolden_CircleTurns,-114.9126,84.3365,197.5787,10.9312,-16.8895,-29.8732,0.7564,-0.4258,-0.4966,0.9980,287,9.973864,0.8509,0.8434
BiancaGolden_CircleTurns,-114.5468,84.4347,197.6109,10.9122,-16.7815,-29.9743,0.7547,-0.4255,-0.4994,0.9980,287,9.983502,0.8545,0.8443
BiancaGolden_CircleTurns,-114.2117,84.5236,197.6268,10.9066,-16.6918,-30.0292,0.7542,-0.4267,-0.4990,0.9980,287,9.996337,0.8579,0.8452
BiancaGolden_CircleTurns,-113.8765,84.6127,197.6452,10.8842,-16.6707,-30.0891,0.7534,-0.4274,-0.4997,0.9980,288,10.010065,0.8612,0.8461
BiancaGolden_CircleTurns,-113.5326,84.6956,197.7015,10.8194,-16.7160,-30.1922,0.7502,-0.4277,-0.5043,0.9980,288,10.022780,0.8647,0.8470
BiancaGolden_CircleTurns,-113.1982,84.7973,197.7565,10.6873,-16.8022,-30.3050,0.7474,-0.4279,-0.5082,0.9980,289,10.038241,0.8680,0.8480
BiancaGolden_CircleTurns,-112.8591,84.8930,197.8025,10.5369,-16.9675,-30.4371,0.7447,-0.4283,-0.5118,0.9980,289,10.051919,0.8714,0.8489
BiancaGolden_CircleTurns,-112.5224,84.9893,197.8605,10.3679,-17.1871,-30.5870,0.7426,-0.4251,-0.5175,0.9980,289,10.067668,0.8748,0.8499
BiancaGolden_CircleTurns,-112.1562,85.0844,197.9413,10.2047,-17.3949,-30.7742,0.7388,-0.4261,-0.5222,0.9980,290,10.082708,0.8784,0.8508
BiancaGolden_CircleTurns,-111.7727,85.1913,198.0353,9.9574,-17.5054,-30.9913,0.7365,-0.4274,-0.5243,0.9980,290,10.092337,0.8823,0.8519
BiancaGolden_CircleTurns,-111.3893,85.3119,198.1135,9.7024,-17.5305,-31.1942,0.7350,-0.4295,-0.5247,0.9980,291,10.108284,0.8861,0.8531
BiancaGolden_CircleTurns,-110.9993,85.4328,198.1935,9.4748,-17.5591,-31.4278,0.7344,-0.4316,-0.5238,0.9980,291,10.121854,0.8900,0.8543
BiancaGolden_CircleTurns,-110.5861,85.5615,198.2869,9.3063,-17.5015,-31.6153,0.7504,-0.4421,-0.4913,0.9980,292,10.135877,0.8941,0.8556
BiancaGolden_CircleTurns,-110.1551,85.6998,198.4062,9.1643,-17.4343,-31.8038,0.7304,-0.4880,-0.4779,0.9980,292,10.149626,0.8984,0.8570
BiancaGolden_CircleTurns,-109.7235,85.8499,198.5104,8.9468,-17.3362,-31.9685,0.7517,-0.4998,-0.4303,0.9980,292,10.164722,0.9028,0.8585
BiancaGolden_CircleTurns,-109.2873,86.0122,198.5633,8.7780,-17.1767,-32.1476,0.7567,-0.4994,-0.4218,0.9980,293,10.178263,0.9071,0.8601
BiancaGolden_CircleTurns,-108.8648,86.1900,198.6092,8.5806,-17.0980,-32.3304,0.7537,-0.5056,-0.4198,0.9980,293,10.190073,0.9114,0.8619
BiancaGolden_CircleTurns,-108.4324,86.3574,198.6397,8.4253,-17.0076,-32.5328,0.7574,-0.5022,-0.4173,0.9980,294,10.206542,0.9157,0.8636
BiancaGolden_CircleTurns,-108.0051,86.5448,198.6693,8.3301,-17.0072,-32.7346,0.7549,-0.5055,-0.4177,0.9980,294,10.219755,0.9199,0.8654
BiancaGolden_CircleTurns,-107.5387,86.7366,198.7211,8.1966,-17.0316,-33.0154,0.7534,-0.5082,-0.4173,0.9980,294,10.233429,0.9246,0.8674
BiancaGolden_CircleTurns,-107.0792,86.9289,198.7560,8.0732,-17.0087,-33.2286,0.7530,-0.5087,-0.4173,0.9980,295,10.248100,0.9292,0.8693
BiancaGolden_CircleTurns,-106.6161,87.1305,198.7739,7.9097,-16.9896,-33.4284,0.7496,-0.5105,-0.4213,0.9980,295,10.260218,0.9338,0.8713
BiancaGolden_CircleTurns,-106.1548,87.3319,198.7759,7.8068,-16.9776,-33.6169,0.7443,-0.5187,-0.4207,0.9980,296,10.275625,0.9385,0.8733
BiancaGolden_CircleTurns,-105.7112,87.5519,198.7871,7.6771,-16.9987,-33.7873,0.7370,-0.5186,-0.4334,0.9980,296,10.289147,0.9429,0.8755
BiancaGolden_CircleTurns,-105.2767,87.7665,198.7990,7.5120,-17.0918,-33.9574,0.7349,-0.5197,-0.4358,0.9980,297,10.303514,0.9472,0.8777
BiancaGolden_CircleTurns,-104.8471,87.9772,198.8306,7.3799,-17.2393,-34.1116,0.7249,-0.5135,-0.4591,0.9980,297,10.317109,0.9515,0.8798
BiancaGolden_CircleTurns,-104.4460,88.1779,198.8387,7.2638,-17.3679,-34.2778,0.7286,-0.4924,-0.4761,0.9980,297,10.332166,0.9555,0.8818
BiancaGolden_CircleTurns,-104.0788,88.3716,198.8199,7.1745,-17.5184,-34.4202,0.7568,-0.4536,-0.4706,0.9980,298,10.344770,0.9592,0.8837
BiancaGolden_CircleTurns,-103.6898,88.5562,198.8509,7.0858,-17.6531,-34.5894,0.7863,-0.4652,-0.4066,0.9980,298,10.359177,0.9631,0.8856
BiancaGolden_CircleTurns,-103.2899,88.7169,198.9248,7.0127,-17.7356,-34.7099,0.7617,-0.5132,-0.3956,0.9980,299,10.373246,0.9671,0.8872
BiancaGolden_CircleTurns,-102.8906,88.8646,199.0003,6.9128,-17.7375,-34.8286,0.7605,-0.5146,-0.3959,0.9980,299,10.387358,0.9711,0.8886
BiancaGolden_CircleTurns,-102.4961,88.9710,199.1260,6.7892,-17.7500,-34.9419,0.7551,-0.5198,-0.3996,0.9980,299,10.401500,0.9750,0.8897
BiancaGolden_CircleTurns,-102.1210,89.0641,199.2636,6.6932,-17.7407,-35.0856,0.7565,-0.5173,-0.4001,0.9980,300,10.414522,0.9788,0.8906
BiancaGolden_CircleTurns,-101.8173,89.1352,199.3192,6.7067,-17.7424,-35.1990,0.7538,-0.5123,-0.4114,0.9980,300,10.429387,0.9818,0.8914
BiancaGolden_CircleTurns,-101.5221,89.2074,199.3300,6.7143,-17.7924,-35.3100,0.7503,-0.5102,-0.4204,0.9980,301,10.443653,0.9848,0.8921
BiancaGolden_CircleTurns,-101.2101,89.2526,199.3724,6.6588,-17.8771,-35.4016,0.7494,-0.5095,-0.4228,0.9980,301,10.458144,0.9879,0.8925
BiancaGolden_CircleTurns,-100.8805,89.2790,199.5035,6.5326,-17.9624,-35.4746,0.7486,-0.5102,-0.4234,0.9980,302,10.476894,0.9912,0.8928
BiancaGolden_CircleTurns,-100.5556,89.2804,199.6506,6.3852,-18.0036,-35.5567,0.7473,-0.5102,-0.4258,0.9980,302,10.485467,0.9944,0.8928
BiancaGolden_CircleTurns,-100.2518,89.2647,199.7575,6.2024,-17.9925,-35.6106,0.7465,-0.5135,-0.4231,0.9980,302,10.500696,0.9975,0.8926
BiancaGolden_CircleTurns,-99.9527,89.2415,199.8484,5.9691,-17.9816,-35.7000,0.7424,-0.5124,-0.4315,0.9980,303,10.513188,1.0005,0.8924
BiancaGolden_CircleTurns,-99.6654,89.2152,199.9067,5.6807,-17.9470,-35.7782,0.7423,-0.5132,-0.4309,0.9980,303,10.526142,1.0033,0.8922
BiancaGolden_CircleTurns,-99.3969,89.1673,199.9358,5.4126,-17.9088,-35.8549,0.7398,-0.5111,-0.4375,0.9980,304,10.540800,1.0060,0.8917
BiancaGolden_CircleTurns,-99.1540,89.1147,199.9582,5.2034,-17.8968,-35.9010,0.7395,-0.5117,-0.4374,0.9980,304,10.555377,1.0085,0.8911
BiancaGolden_CircleTurns,-98.9080,89.0582,199.9736,4.9637,-17.8956,-35.9723,0.7351,-0.5121,-0.4443,0.9980,305,10.568968,1.0109,0.8906
BiancaGolden_CircleTurns,-98.6948,88.9923,199.9508,4.7260,-17.9029,-36.0145,0.7372,-0.5131,-0.4396,0.9980,305,10.581605,1.0131,0.8899
BiancaGolden_CircleTurns,-98.4772,88.9210,199.9042,4.5885,-17.9466,-36.0379,0.7363,-0.5072,-0.4479,0.9980,305,10.596272,1.0152,0.8892
BiancaGolden_CircleTurns,-98.2772,88.8398,199.8667,4.4851,-18.0077,-36.0559,0.7384,-0.5072,-0.4443,0.9980,306,10.609607,1.0172,0.8884
BiancaGolden_CircleTurns,-98.0994,88.7666,199.7934,4.3996,-18.0341,-36.0498,0.7392,-0.5059,-0.4446,0.9980,306,10.622219,1.0190,0.8877
BiancaGolden_CircleTurns,-97.9630,88.6816,199.6750,4.3187,-18.0501,-36.0227,0.7399,-0.5044,-0.4450,0.9980,307,10.636933,1.0204,0.8868
BiancaGolden_CircleTurns,-97.8420,88.5886,199.5620,4.3255,-18.0788,-35.9149,0.7410,-0.5031,-0.4448,0.9980,307,10.650718,1.0216,0.8859
BiancaGolden_CircleTurns,-97.6948,88.4720,199.5030,4.3016,-18.0818,-35.8174,0.7393,-0.5060,-0.4444,0.9980,307,10.664709,1.0231,0.8847
BiancaGolden_CircleTurns,-97.5895,88.3657,199.4268,4.2541,-18.0640,-35.7584,0.7385,-0.5043,-0.4475,0.9980,308,10.678362,1.0241,0.8837
BiancaGolden_CircleTurns,-97.4919,88.2329,199.3975,4.2588,-18.1705,-35.6769,0.7374,-0.5022,-0.4517,0.9980,308,10.691592,1.0251,0.8823
BiancaGolden_CircleTurns,-97.4260,88.1134,199.3554,4.2456,-18.3188,-35.5929,0.7370,-0.5000,-0.4548,0.9980,309,10.707115,1.0257,0.8811
BiancaGolden_CircleTurns,-97.3269,87.9572,199.3978,4.2590,-18.4967,-35.5282,0.7370,-0.4982,-0.4568,0.9980,309,10.719944,1.0267,0.8796
BiancaGolden_CircleTurns,-97.2538,87.7772,199.4790,4.2877,-18.6229,-35.4281,0.7363,-0.4962,-0.4600,0.9980,310,10.734983,1.0275,0.8778
BiancaGolden_CircleTurns,-97.1653,87.5843,199.5952,4.3137,-18.6525,-35.3545,0.7364,-0.4949,-0.4613,0.9980,310,10.747909,1.0283,0.8758
BiancaGolden_CircleTurns,-97.1202,87.3922,199.6787,4.3314,-18.6757,-35.2712,0.7365,-0.4933,-0.4629,0.9980,310,10.762238,1.0288,0.8739
BiancaGolden_CircleTurns,-97.0873,87.2296,199.7100,4.3193,-18.6354,-35.1944,0.7373,-0.4919,-0.4630,0.9980,311,10.775877,1.0291,0.8723
BiancaGolden_CircleTurns,-97.1084,87.0943,199.6641,4.1875,-18.6142,-35.1184,0.7384,-0.4905,-0.4627,0.9980,311,10.789112,1.0289,0.8709
BiancaGolden_CircleTurns,-97.1218,86.9766,199.5899,3.9299,-18.6006,-35.0500,0.7394,-0.4889,-0.4630,0.9980,312,10.804583,1.0288,0.8698
BiancaGolden_CircleTurns,-97.1284,86.8692,199.5716,3.7058,-18.6249,-34.9657,0.7399,-0.4871,-0.4640,0.9980,312,10.819818,1.0287,0.8687
BiancaGolden_CircleTurns,-97.1217,86.7641,199.5939,3.5093,-18.7094,-34.8899,0.7410,-0.4854,-0.4640,0.9980,312,10.832000,1.0288,0.8676
BiancaGolden_CircleTurns,-97.1001,86.6613,199.6226,3.4280,-18.7445,-34.7972,0.7420,-0.4832,-0.4648,0.9980,313,10.844911,1.0290,0.8666
BiancaGolden_CircleTurns,-97.1055,86.5705,199.6180,3.4389,-18.8036,-34.6279,0.7390,-0.4823,-0.4704,0.9980,313,10.857693,1.0289,0.8657
BiancaGolden_CircleTurns,-97.0780,86.5062,199.5955,3.4652,-18.8153,-34.5247,0.7384,-0.4842,-0.4695,0.9980,314,10.873172,1.0292,0.8651
BiancaGolden_CircleTurns,-97.0598,86.4482,199.5670,3.4167,-18.7595,-34.4277,0.7400,-0.4838,-0.4673,0.9980,314,10.886819,1.0294,0.8645
BiancaGolden_CircleTurns,-97.0125,86.3897,199.5421,3.3878,-18.6326,-34.3411,0.7418,-0.4804,-0.4679,0.9980,314,10.901208,1.0299,0.8639
BiancaGolden_CircleTurns,-96.9483,86.3231,199.5491,3.4225,-18.4411,-34.3015,0.7436,-0.4803,-0.4652,0.9980,315,10.914276,1.0305,0.8632
BiancaGolden_CircleTurns,-96.8759,86.2773,199.5557,3.4129,-18.2738,-34.2804,0.7447,-0.4810,-0.4626,0.9980,315,10.927439,1.0312,0.8628
BiancaGolden_CircleTurns,-96.7837,86.2443,199.6061,3.4263,-18.1912,-34.2942,0.7426,-0.4849,-0.4620,0.9980,316,10.942896,1.0322,0.8624
BiancaGolden_CircleTurns,-96.6867,86.2360,199.6522,3.4042,-18.1614,-34.3339,0.7416,-0.4858,-0.4626,0.9980,316,10.957443,1.0331,0.8624
BiancaGolden_CircleTurns,-96.6007,86.2445,199.6658,3.3636,-18.1812,-34.4246,0.7399,-0.4869,-0.4642,0.9980,317,10.975669,1.0340,0.8624
BiancaGolden_CircleTurns,-96.5259,86.2525,199.6694,3.3501,-18.2713,-34.5404,0.7350,-0.4891,-0.4696,0.9980,317,10.985537,1.0347,0.8625
BiancaGolden_CircleTurns,-96.4114,86.2853,199.7161,3.3123,-18.3237,-34.7143,0.7329,-0.4908,-0.4712,0.9980,317,10.998288,1.0359,0.8629
BiancaGolden_CircleTurns,-96.3011,86.2988,199.7748,3.3162,-18.3444,-34.8752,0.7306,-0.4963,-0.4690,0.9980,318,11.011254,1.0370,0.8630
BiancaGolden_CircleTurns,-96.1961,86.3286,199.8036,3.3668,-18.2947,-35.0151,0.7055,-0.5369,-0.4625,0.9980,318,11.024135,1.0380,0.8633
BiancaGolden_CircleTurns,-96.1055,86.3806,199.8331,3.4537,-18.2856,-35.1771,0.6914,-0.5812,-0.4291,0.9980,319,11.039889,1.0389,0.8638
BiancaGolden_CircleTurns,-95.9798,86.4749,199.8577,3.5143,-18.2916,-35.3289,0.6900,-0.5827,-0.4294,0.9980,319,11.052999,1.0402,0.8647
BiancaGolden_CircleTurns,-95.8627,86.5527,199.9050,3.5436,-18.3149,-35.4432,0.6765,-0.6020,-0.4242,0.9980,319,11.067638,1.0414,0.8655
BiancaGolden_CircleTurns,-95.7300,86.6600,199.9122,3.5326,-18.2338,-35.5578,0.6710,-0.6101,-0.4213,0.9980,320,11.081067,1.0427,0.8666
BiancaGolden_CircleTurns,-95.5804,86.7618,199.9157,3.4974,-18.1029,-35.7048,0.6682,-0.6133,-0.4211,0.9980,320,11.093619,1.0442,0.8676
BiancaGolden_CircleTurns,-95.4096,86.8818,199.9230,3.3311,-17.9322,-35.9160,0.6659,-0.6179,-0.4180,0.9980,321,11.109179,1.0459,0.8688
BiancaGolden_CircleTurns,-95.2039,86.9983,199.9736,3.0978,-17.7131,-36.2142,0.6644,-0.6214,-0.4152,0.9980,321,11.123164,1.0480,0.8700
BiancaGolden_CircleTurns,-95.0124,87.1062,199.9817,3.0080,-17.5102,-36.5148,0.6614,-0.6260,-0.4131,0.9980,322,11.136925,1.0499,0.8711
BiancaGolden_CircleTurns,-94.8306,87.2460,199.9509,3.0117,-17.3747,-36.8512,0.6606,-0.6274,-0.4124,0.9980,322,11.151402,1.0517,0.8725
BiancaGolden_CircleTurns,-94.6198,87.3915,199.9277,2.9799,-17.3112,-37.2282,0.6543,-0.6310,-0.4167,0.9980,322,11.166912,1.0538,0.8739
BiancaGolden_CircleTurns,-94.3720,87.5550,199.9544,2.9184,-17.2722,-37.6531,0.6520,-0.6346,-0.4149,0.9980,323,11.178531,1.0563,0.8755
BiancaGolden_CircleTurns,-94.1091,87.7170,199.9724,2.8842,-17.2323,-38.0919,0.6479,-0.6378,-0.4165,0.9980,323,11.191370,1.0589,0.8772
BiancaGolden_CircleTurns,-93.8524,87.9025,199.9472,2.8977,-17.2282,-38.5260,0.6419,-0.6425,-0.4185,0.9980,324,11.207087,1.0615,0.8790
BiancaGolden_CircleTurns,-93.5437,88.1085,199.9475,2.9147,-17.2532,-38.9902,0.6377,-0.6470,-0.4181,0.9980,324,11.220858,1.0646,0.8811
BiancaGolden_CircleTurns,-93.2072,88.3152,199.9896,2.8207,-17.2194,-39.3934,0.6394,-0.6429,-0.4218,0.9980,324,11.234592,1.0679,0.8832
BiancaGolden_CircleTurns,-92.8316,88.5093,200.0757,2.7650,-17.2017,-39.7770,0.6368,-0.6459,-0.4211,0.9980,325,11.248075,1.0717,0.8851
BiancaGolden_CircleTurns,-92.4186,88.7043,200.1984,2.6982,-17.1350,-40.1782,0.6334,-0.6491,-0.4212,0.9980,325,11.261097,1.0758,0.8870
BiancaGolden_CircleTurns,-91.9848,88.9040,200.3644,2.4704,-16.9991,-40.5313,0.6289,-0.6519,-0.4238,0.9980,326,11.277249,1.0802,0.8890
BiancaGolden_CircleTurns,-91.6026,89.1337,200.3870,2.3701,-16.8719,-40.8565,0.6258,-0.6555,-0.4227,0.9980,326,11.290389,1.0840,0.8913
BiancaGolden_CircleTurns,-91.2181,89.3836,200.3607,2.2991,-16.8040,-41.1649,0.6321,-0.6488,-0.4236,0.9980,327,11.305016,1.0878,0.8938
BiancaGolden_CircleTurns,-90.7984,89.6362,200.3380,2.2594,-16.7320,-41.4486,0.6339,-0.6452,-0.4265,0.9980,327,11.319755,1.0920,0.8964
BiancaGolden_CircleTurns,-90.3590,89.8988,200.3225,2.2141,-16.6541,-41.6655,0.6279,-0.6441,-0.4368,0.9980,327,11.332203,1.0964,0.8990
BiancaGolden_CircleTurns,-89.9162,90.1814,200.2826,2.0844,-16.5759,-41.9229,0.6262,-0.6418,-0.4426,0.9980,328,11.345409,1.1008,0.9018
BiancaGolden_CircleTurns,-89.4658,90.4500,200.2651,1.9810,-16.5623,-42.1695,0.6237,-0.6440,-0.4429,0.9980,328,11.358244,1.1053,0.9045
BiancaGolden_CircleTurns,-89.0083,90.7261,200.2504,1.9227,-16.5801,-42.3927,0.6223,-0.6427,-0.4469,0.9980,329,11.373653,1.1099,0.9073
BiancaGolden_CircleTurns,-88.5544,91.0016,200.2195,1.8508,-16.6421,-42.6032,0.6196,-0.6445,-0.4480,0.9980,329,11.387299,1.1145,0.9100
BiancaGolden_CircleTurns,-88.0931,91.3004,200.1779,1.6672,-16.7047,-42.8418,0.6171,-0.6448,-0.4511,0.9980,330,11.401894,1.1191,0.9130
BiancaGolden_CircleTurns,-87.6423,91.5769,200.1299,1.4475,-16.8309,-43.0545,0.6140,-0.6472,-0.4519,0.9980,330,11.415057,1.1236,0.9158
BiancaGolden_CircleTurns,-87.1855,91.8651,200.0696,1.2571,-16.9155,-43.2901,0.6127,-0.6457,-0.4556,0.9980,330,11.429749,1.1281,0.9187
BiancaGolden_CircleTurns,-86.7280,92.1332,200.0063,1.0168,-17.0360,-43.5507,0.6109,-0.6462,-0.4575,0.9980,331,11.442428,1.1327,0.9213
BiancaGolden_CircleTurns,-86.2758,92.4209,199.9838,0.7473,-17.1430,-43.7814,0.6075,-0.6474,-0.4602,0.9980,331,11.460240,1.1372,0.9242
BiancaGolden_CircleTurns,-85.8055,92.6978,199.9489,0.5335,-17.3073,-44.0293,0.6056,-0.6475,-0.4626,0.9980,332,11.471694,1.1419,0.9270
BiancaGolden_CircleTurns,-85.3418,92.9622,199.9357,0.2980,-17.4494,-44.2536,0.6037,-0.6481,-0.4642,0.9980,332,11.483980,1.1466,0.9296
BiancaGolden_CircleTurns,-84.8811,93.2178,199.9385,0.0973,-17.6078,-44.4481,0.6044,-0.6460,-0.4662,0.9980,332,11.499465,1.1512,0.9322
BiancaGolden_CircleTurns,-84.4100,93.4838,199.9281,-0.0538,-17.7241,-44.6769,0.6042,-0.6439,-0.4694,0.9980,333,11.511602,1.1559,0.9348
BiancaGolden_CircleTurns,-84.0035,93.7540,199.9239,-0.1917,-17.8986,-44.8563,0.6034,-0.6469,-0.4664,0.9980,333,11.524704,1.1600,0.9375
BiancaGolden_CircleTurns,-83.5809,94.0174,199.8697,-0.3046,-18.1048,-45.0581,0.5876,-0.6599,-0.4683,0.9980,334,11.539800,1.1642,0.9402
BiancaGolden_CircleTurns,-83.1962,94.2701,199.8346,-0.3697,-18.2403,-45.2838,0.5848,-0.6611,-0.4700,0.9980,334,11.553144,1.1680,0.9427
BiancaGolden_CircleTurns,-82.8030,94.5080,199.8087,-0.4997,-18.3661,-45.4881,0.5507,-0.6587,-0.5127,0.9980,334,11.568160,1.1720,0.9451
BiancaGolden_CircleTurns,-82.4525,94.7222,199.8282,-0.4322,-18.3986,-45.7222,0.5478,-0.6602,-0.5138,0.9980,335,11.582525,1.1755,0.9472
BiancaGolden_CircleTurns,-82.1162,94.9256,199.8469,-0.3702,-18.4740,-45.9146,0.5684,-0.6181,-0.5431,0.9980,335,11.594698,1.1788,0.9493
BiancaGolden_CircleTurns,-81.7900,95.1331,199.8885,-0.3305,-18.5058,-46.1085,0.5646,-0.6174,-0.5478,0.9980,336,11.609866,1.1821,0.9513
BiancaGolden_CircleTurns,-81.4781,95.3312,199.9118,-0.3188,-18.5310,-46.2615,0.5608,-0.6205,-0.5482,0.9980,336,11.623959,1.1852,0.9533
BiancaGolden_CircleTurns,-81.1817,95.5145,199.9189,-0.2686,-18.5600,-46.4328,0.5585,-0.6229,-0.5477,0.9980,337,11.638868,1.1882,0.9551
BiancaGolden_CircleTurns,-80.9170,95.6698,199.9249,-0.1478,-18.5347,-46.6235,0.5679,-0.6620,-0.4892,0.9980,337,11.652260,1.1908,0.9567
BiancaGolden_CircleTurns,-80.6286,95.8379,199.9426,-0.1625,-18.5293,-46.8462,0.5676,-0.6635,-0.4874,0.9980,337,11.666169,1.1937,0.9584
BiancaGolden_CircleTurns,-80.3675,95.9832,199.9731,-0.2000,-18.5706,-47.0217,0.5648,-0.6652,-0.4883,0.9980,338,11.680388,1.1963,0.9598
BiancaGolden_CircleTurns,-80.1372,96.1193,200.0063,-0.2443,-18.6324,-47.1513,0.5570,-0.6709,-0.4895,0.9980,338,11.693324,1.1986,0.9612
BiancaGolden_CircleTurns,-79.8978,96.2402,200.0531,-0.3198,-18.7103,-47.3098,0.5549,-0.6720,-0.4904,0.9980,339,11.708462,1.2010,0.9624
BiancaGolden_CircleTurns,-79.6862,96.3507,200.0682,-0.3822,-18.7338,-47.4708,0.5529,-0.6734,-0.4907,0.9980,339,11.721509,1.2031,0.9635
BiancaGolden_CircleTurns,-79.4755,96.4444,200.0763,-0.4046,-18.7491,-47.6330,0.5510,-0.6729,-0.4936,0.9980,340,11.737003,1.2052,0.9644
BiancaGolden_CircleTurns,-79.2765,96.5230,200.0631,-0.3914,-18.7252,-47.7569,0.5507,-0.6692,-0.4990,0.9980,340,11.749247,1.2072,0.9652
BiancaGolden_CircleTurns,-79.0657,96.6050,200.0470,-0.4662,-18.6960,-47.8494,0.5592,-0.6605,-0.5011,0.9980,340,11.764574,1.2093,0.9661
BiancaGolden_CircleTurns,-78.8913,96.6944,200.0044,-0.6149,-18.7260,-47.9815,0.5577,-0.6606,-0.5025,0.9980,341,11.776886,1.2111,0.9669
BiancaGolden_CircleTurns,-78.7406,96.7866,199.9359,-0.7016,-18.7947,-48.0855,0.5537,-0.6606,-0.5070,0.9980,341,11.790200,1.2126,0.9679
BiancaGolden_CircleTurns,-78.6136,96.8670,199.8834,-0.7484,-18.9588,-48.1815,0.5515,-0.6600,-0.5102,0.9980,342,11.806410,1.2139,0.9687
BiancaGolden_CircleTurns,-78.4866,96.9538,199.8225,-0.8102,-19.1546,-48.2847,0.5469,-0.6567,-0.5193,0.9980,342,11.819461,1.2151,0.9695
BiancaGolden_CircleTurns,-78.3661,97.0229,199.7687,-0.8709,-19.3514,-48.3876,0.5537,-0.6514,-0.5187,0.9980,342,11.834345,1.2163,0.9702
BiancaGolden_CircleTurns,-78.2811,97.1093,199.7015,-0.9357,-19.5348,-48.4464,0.5610,-0.6424,-0.5221,0.9980,343,11.846667,1.2172,0.9711
BiancaGolden_CircleTurns,-78.2141,97.1907,199.6259,-0.9651,-19.7674,-48.5250,0.5595,-0.6408,-0.5257,0.9980,343,11.859547,1.2179,0.9719
BiancaGolden_CircleTurns,-78.1395,97.2648,199.6135,-0.9441,-20.0116,-48.5838,0.5943,-0.6104,-0.5236,0.9980,344,11.875100,1.2186,0.9726
BiancaGolden_CircleTurns,-78.0666,97.3465,199.5827,-1.0076,-20.1106,-48.5853,0.5942,-0.6105,-0.5237,0.9980,344,11.888344,1.2193,0.9735
BiancaGolden_CircleTurns,-78.0339,97.4162,199.5225,-1.0430,-20.1453,-48.6037,0.6229,-0.6448,-0.4429,0.9980,345,11.903194,1.2197,0.9742
BiancaGolden_CircleTurns,-78.0204,97.5010,199.4703,-0.9635,-20.1786,-48.5856,0.6073,-0.6593,-0.4432,0.9980,345,11.916582,1.2198,0.9750
BiancaGolden_CircleTurns,-78.0311,97.5532,199.4294,-0.8392,-20.1430,-48.5092,0.6061,-0.6552,-0.4509,0.9980,345,11.930748,1.2197,0.9755
BiancaGolden_CircleTurns,-78.0711,97.6445,199.3768,-0.8172,-20.1514,-48.3979,0.6069,-0.6537,-0.4521,0.9980,346,11.943981,1.2193,0.9764
BiancaGolden_CircleTurns,-78.1430,97.7149,199.3129,-0.8157,-20.2267,-48.2958,0.5942,-0.6614,-0.4577,0.9980,346,11.961015,1.2186,0.9771
BiancaGolden_CircleTurns,-78.2199,97.7822,199.2793,-0.8430,-20.2875,-48.2117,0.5950,-0.6599,-0.4588,0.9980,347,11.972736,1.2178,0.9778
BiancaGolden_CircleTurns,-78.2906,97.8280,199.2746,-0.9032,-20.3612,-48.1186,0.5950,-0.6574,-0.4625,0.9980,347,11.985955,1.2171,0.9783
BiancaGolden_CircleTurns,-78.3661,97.8486,199.2920,-0.9446,-20.3820,-48.0237,0.5811,-0.6706,-0.4611,0.9980,347,12.001149,1.2163,0.9785
BiancaGolden_CircleTurns,-78.4811,97.8850,199.2604,-0.8898,-20.2659,-47.9035,0.5957,-0.6856,-0.4185,0.9980,348,12.013819,1.2152,0.9789
BiancaGolden_CircleTurns,-78.6166,97.9229,199.1715,-0.8453,-20.2602,-47.8031,0.5937,-0.6975,-0.4013,0.9980,348,12.026449,1.2138,0.9792
BiancaGolden_CircleTurns,-78.7124,97.9407,199.1560,-0.8727,-20.2589,-47.7035,0.5942,-0.6961,-0.4030,0.9980,349,12.043126,1.2129,0.9794
BiancaGolden_CircleTurns,-78.8066,97.9227,199.2528,-0.8732,-20.3648,-47.6147,0.5945,-0.6946,-0.4051,0.9980,349,12.056023,1.2119,0.9792
BiancaGolden_CircleTurns,-78.9096,97.9379,199.3333,-0.9104,-20.4814,-47.5381,0.5893,-0.6848,-0.4287,0.9980,350,12.071171,1.2109,0.9794
BiancaGolden_CircleTurns,-79.0464,98.0003,199.3477,-1.0130,-20.6881,-47.5206,0.5884,-0.6825,-0.4335,0.9980,350,12.083481,1.2095,0.9800
BiancaGolden_CircleTurns,-79.2208,98.1512,199.2356,-1.2357,-20.9197,-47.5815,0.5878,-0.6808,-0.4370,0.9980,350,12.098505,1.2078,0.9815
BiancaGolden_CircleTurns,-79.3820,98.2795,199.1469,-1.4381,-21.1386,-47.5818,0.5844,-0.6771,-0.4473,0.9980,351,12.112337,1.2062,0.9828
BiancaGolden_CircleTurns,-79.5274,98.4188,199.1422,-1.6793,-21.3717,-47.6194,0.5820,-0.6783,-0.4485,0.9980,351,12.125573,1.2047,0.9842
BiancaGolden_CircleTurns,-79.6345,98.5320,199.1887,-1.8324,-21.4526,-47.6911,0.5812,-0.6793,-0.4481,0.9980,352,12.140212,1.2037,0.9853
BiancaGolden_CircleTurns,-79.7607,98.6609,199.2415,-1.9598,-21.4160,-47.7994,0.5805,-0.6815,-0.4456,0.9980,352,12.153418,1.2024,0.9866
BiancaGolden_CircleTurns,-79.8804,98.8157,199.2119,-2.0316,-21.2797,-47.9271,0.5819,-0.6818,-0.4434,0.9980,353,12.169149,1.2012,0.9882
BiancaGolden_CircleTurns,-80.0102,98.9883,199.1827,-2.0364,-21.1434,-48.0715,0.5806,-0.6843,-0.4411,0.9980,353,12.182260,1.1999,0.9899
BiancaGolden_CircleTurns,-80.0760,99.1674,199.2067,-2.1163,-20.9985,-48.2975,0.5794,-0.6869,-0.4387,0.9980,353,12.196492,1.1992,0.9917
BiancaGolden_CircleTurns,-80.0867,99.3402,199.3143,-2.2836,-20.8742,-48.6001,0.5769,-0.6901,-0.4370,0.9980,354,12.211230,1.1991,0.9934
BiancaGolden_CircleTurns,-80.0790,99.4950,199.4404,-2.4409,-20.7638,-48.8717,0.5749,-0.6932,-0.4347,0.9980,354,12.223025,1.1992,0.9949
BiancaGolden_CircleTurns,-80.0489,99.6522,199.5507,-2.4702,-20.5433,-49.1002,0.5725,-0.6973,-0.4313,0.9980,355,12.238493,1.1995,0.9965
BiancaGolden_CircleTurns,-79.9963,99.8574,199.5676,-2.4832,-20.3283,-49.4012,0.5691,-0.6984,-0.4339,0.9980,355,12.251292,1.2000,0.9986
BiancaGolden_CircleTurns,-79.9129,100.0558,199.5979,-2.5211,-20.1813,-49.6966,0.5662,-0.7002,-0.4349,0.9980,355,12.265684,1.2009,1.0006
BiancaGolden_CircleTurns,-79.7918,100.2569,199.6504,-2.5826,-20.0807,-50.0307,0.5614,-0.7036,-0.4355,0.9980,356,12.280051,1.2021,1.0026
BiancaGolden_CircleTurns,-79.6334,100.4527,199.6939,-2.6328,-19.9718,-50.3746,0.5581,-0.7071,-0.4341,0.9980,356,12.293634,1.2037,1.0045
BiancaGolden_CircleTurns,-79.4614,100.6384,199.7377,-2.6574,-19.8807,-50.6827,0.5544,-0.7110,-0.4325,0.9980,357,12.307871,1.2054,1.0064
BiancaGolden_CircleTurns,-79.2246,100.8147,199.7833,-2.5162,-19.7834,-51.0091,0.5559,-0.7074,-0.4367,0.9980,357,12.321283,1.2078,1.0081
BiancaGolden_CircleTurns,-78.9742,100.9795,199.8100,-2.3350,-19.6594,-51.3042,0.5524,-0.7114,-0.4344,0.9980,358,12.336691,1.2103,1.0098
BiancaGolden_CircleTurns,-78.6836,101.1531,199.8018,-2.1148,-19.5191,-51.6099,0.5488,-0.7144,-0.4341,0.9980,358,12.350469,1.2132,1.0115
BiancaGolden_CircleTurns,-78.3601,101.3166,199.7812,-1.9215,-19.3732,-51.8963,0.5440,-0.7139,-0.4410,0.9980,358,12.364336,1.2164,1.0132
BiancaGolden_CircleTurns,-78.0285,101.4802,199.7345,-1.6657,-19.3256,-52.1742,0.5398,-0.7174,-0.4404,0.9980,359,12.377148,1.2197,1.0148
BiancaGolden_CircleTurns,-77.6621,101.6309,199.6775,-1.4970,-19.2810,-52.4966,0.5358,-0.7208,-0.4398,0.9980,359,12.390255,1.2234,1.0163
BiancaGolden_CircleTurns,-77.2820,101.7858,199.6102,-1.3124,-19.2581,-52.8703,0.5311,-0.7247,-0.4391,0.9980,360,12.406278,1.2272,1.0179
BiancaGolden_CircleTurns,-76.8709,101.9463,199.5051,-1.1676,-19.2138,-53.2394,0.5275,-0.7249,-0.4431,0.9980,360,12.419128,1.2313,1.0195
BiancaGolden_CircleTurns,-76.4493,102.1115,199.3928,-1.0171,-19.1971,-53.6063,0.5265,-0.7238,-0.4459,0.9980,360,12.434017,1.2355,1.0211
BiancaGolden_CircleTurns,-75.9928,102.2880,199.2970,-0.9338,-19.1804,-53.9583,0.5285,-0.7249,-0.4419,0.9980,361,12.447124,1.2401,1.0229
BiancaGolden_CircleTurns,-75.5304,102.4721,199.2004,-0.8841,-19.1936,-54.3044,0.5243,-0.7275,-0.4426,0.9980,361,12.463203,1.2447,1.0247
BiancaGolden_CircleTurns,-75.0469,102.6533,199.1236,-0.8572,-19.2421,-54.6197,0.5201,-0.7298,-0.4437,0.9980,362,12.475341,1.2495,1.0265
BiancaGolden_CircleTurns,-74.5239,102.8245,199.0995,-0.9077,-19.3091,-54.9324,0.5180,-0.7304,-0.4453,0.9980,362,12.488258,1.2548,1.0282
BiancaGolden_CircleTurns,-73.9677,102.9594,199.1619,-1.0366,-19.4058,-55.2545,0.5140,-0.7334,-0.4450,0.9980,363,12.502955,1.2603,1.0296
BiancaGolden_CircleTurns,-73.3947,103.1140,199.2297,-1.2067,-19.3904,-55.5962,0.5157,-0.7297,-0.4489,0.9980,363,12.517323,1.2661,1.0311
BiancaGolden_CircleTurns,-72.8215,103.2840,199.2808,-1.3537,-19.4945,-55.9292,0.5136,-0.7260,-0.4574,0.9980,363,12.531655,1.2718,1.0328
BiancaGolden_CircleTurns,-72.2435,103.4542,199.3806,-1.4322,-19.6785,-56.2265,0.5105,-0.7267,-0.4596,0.9980,364,12.544265,1.2776,1.0345
BiancaGolden_CircleTurns,-71.6642,103.5994,199.5053,-1.4632,-19.8210,-56.4234,0.5057,-0.7271,-0.4643,0.9980,364,12.558670,1.2834,1.0360
BiancaGolden_CircleTurns,-71.0517,103.7841,199.5663,-1.5065,-19.8603,-56.7477,0.5071,-0.7266,-0.4635,0.9980,365,12.573118,1.2895,1.0378
BiancaGolden_CircleTurns,-70.4674,103.9607,199.5699,-1.6200,-19.7950,-56.9731,0.5062,-0.7290,-0.4607,0.9980,365,12.586075,1.2953,1.0396
BiancaGolden_CircleTurns,-69.8789,104.1538,199.5442,-1.6361,-19.6440,-57.1857,0.5051,-0.7317,-0.4577,0.9980,365,12.600975,1.3012,1.0415
BiancaGolden_CircleTurns,-69.2961,104.2997,199.5511,-1.6255,-19.4251,-57.3382,0.5068,-0.7337,-0.4526,0.9980,366,12.615009,1.3070,1.0430
BiancaGolden_CircleTurns,-68.6975,104.4611,199.5589,-1.6134,-19.1600,-57.5130,0.5056,-0.7363,-0.4496,0.9980,366,12.626987,1.3130,1.0446
BiancaGolden_CircleTurns,-68.1196,104.6140,199.5695,-1.6856,-18.9745,-57.6811,0.5036,-0.7386,-0.4482,0.9980,367,12.642562,1.3188,1.0461
BiancaGolden_CircleTurns,-67.5475,104.7670,199.5678,-1.8304,-18.8886,-57.8928,0.5031,-0.7402,-0.4461,0.9980,367,12.657040,1.3245,1.0477
BiancaGolden_CircleTurns,-66.9740,104.9162,199.5563,-1.9757,-18.8622,-58.1207,0.4994,-0.7381,-0.4537,0.9980,368,12.671113,1.3303,1.0492
BiancaGolden_CircleTurns,-66.4059,105.0602,199.5449,-2.1446,-18.9205,-58.3248,0.4964,-0.7396,-0.4546,0.9980,368,12.683858,1.3359,1.0506
BiancaGolden_CircleTurns,-65.8280,105.2134,199.5108,-2.3599,-18.9863,-58.5719,0.5087,-0.7027,-0.4974,0.9980,368,12.698553,1.3417,1.0521
BiancaGolden_CircleTurns,-65.2761,105.3587,199.4731,-2.5534,-19.0922,-58.7798,0.5064,-0.7029,-0.4995,0.9980,369,12.712050,1.3472,1.0536
BiancaGolden_CircleTurns,-64.7235,105.4900,199.4681,-2.7166,-19.2443,-58.9543,0.5037,-0.7037,-0.5011,0.9980,369,12.724802,1.3528,1.0549
BiancaGolden_CircleTurns,-64.1695,105.6059,199.5188,-2.8454,-19.3623,-59.1648,0.4994,-0.7015,-0.5084,0.9980,370,12.740884,1.3583,1.0561
BiancaGolden_CircleTurns,-63.6109,105.7116,199.6047,-2.9465,-19.4683,-59.3305,0.4976,-0.7008,-0.5111,0.9980,370,12.753830,1.3639,1.0571
BiancaGolden_CircleTurns,-63.0890,105.8013,199.6699,-2.9285,-19.4963,-59.4210,0.4956,-0.7011,-0.5127,0.9980,371,12.768424,1.3691,1.0580
BiancaGolden_CircleTurns,-62.5816,105.9231,199.7217,-3.0000,-19.5965,-59.5438,0.4937,-0.7014,-0.5141,0.9980,371,12.781715,1.3742,1.0592
BiancaGolden_CircleTurns,-62.1357,105.9982,199.7790,-2.9663,-19.6910,-59.6510,0.4939,-0.7008,-0.5147,0.9980,371,12.796825,1.3786,1.0600
BiancaGolden_CircleTurns,-61.7000,106.0691,199.8420,-2.8414,-19.7380,-59.7502,0.4927,-0.7021,-0.5142,0.9980,372,12.809857,1.3830,1.0607
BiancaGolden_CircleTurns,-61.2781,106.1239,199.8845,-2.7030,-19.7049,-59.8435,0.4862,-0.7029,-0.5193,0.9980,372,12.822515,1.3872,1.0612
BiancaGolden_CircleTurns,-60.9001,106.1796,199.8778,-2.5771,-19.6018,-59.9554,0.4850,-0.7045,-0.5182,0.9980,373,12.838482,1.3910,1.0618
BiancaGolden_CircleTurns,-60.5512,106.2229,199.8781,-2.4640,-19.5220,-60.0528,0.4831,-0.7079,-0.5152,0.9980,373,12.851566,1.3945,1.0622
BiancaGolden_CircleTurns,-60.2204,106.2562,199.8831,-2.3594,-19.4732,-60.1906,0.4797,-0.7103,-0.5150,0.9980,373,12.865856,1.3978,1.0626
BiancaGolden_CircleTurns,-59.9090,106.2683,199.8985,-2.2474,-19.4460,-60.3147,0.4781,-0.7111,-0.5155,0.9980,374,12.879658,1.4009,1.0627
BiancaGolden_CircleTurns,-59.6344,106.2634,199.9345,-2.1052,-19.4686,-60.4037,0.4781,-0.7090,-0.5184,0.9980,374,12.892249,1.4037,1.0626
BiancaGolden_CircleTurns,-59.3852,106.2740,199.9493,-1.9700,-19.5011,-60.4377,0.4757,-0.7079,-0.5220,0.9980,375,12.907496,1.4061,1.0627
BiancaGolden_CircleTurns,-59.1715,106.2794,199.9542,-1.9571,-19.6136,-60.4247,0.4770,-0.7058,-0.5237,0.9980,375,12.921819,1.4083,1.0628
BiancaGolden_CircleTurns,-58.9656,106.2929,199.9763,-2.0530,-19.7436,-60.4453,0.4774,-0.7022,-0.5283,0.9980,376,12.935898,1.4103,1.0629
BiancaGolden_CircleTurns,-58.7808,106.2851,200.0355,-2.2640,-19.9030,-60.4718,0.4770,-0.6994,-0.5322,0.9980,376,12.949334,1.4122,1.0629
BiancaGolden_CircleTurns,-58.6743,106.2767,200.0699,-2.5992,-20.0311,-60.4751,0.4778,-0.6987,-0.5325,0.9980,376,12.966758,1.4133,1.0628
BiancaGolden_CircleTurns,-58.5728,106.2760,200.0489,-2.8060,-20.0645,-60.4549,0.4789,-0.6979,-0.5325,0.9980,377,12.977103,1.4143,1.0628
BiancaGolden_CircleTurns,-58.4904,106.2940,200.0186,-3.0341,-20.0850,-60.4208,0.4795,-0.6978,-0.5321,0.9980,377,12.990294,1.4151,1.0629
BiancaGolden_CircleTurns,-58.4155,106.2961,200.0075,-3.2382,-20.0703,-60.3695,0.4817,-0.7009,-0.5260,0.9980,378,13.005370,1.4158,1.0630
BiancaGolden_CircleTurns,-58.3743,106.2998,200.0068,-3.3900,-20.0453,-60.3215,0.4832,-0.6994,-0.5266,0.9980,378,13.018870,1.4163,1.0630
BiancaGolden_CircleTurns,-58.3618,106.2989,200.0077,-3.4678,-20.0263,-60.2624,0.4798,-0.7016,-0.5269,0.9980,378,13.032684,1.4164,1.0630
BiancaGolden_CircleTurns,-58.3654,106.2813,200.0253,-3.4894,-20.0155,-60.1880,0.4812,-0.7014,-0.5258,0.9980,379,13.045949,1.4163,1.0628
BiancaGolden_CircleTurns,-58.3767,106.2697,200.0306,-3.5140,-19.9445,-60.1064,0.4845,-0.6984,-0.5268,0.9980,379,13.059357,1.4162,1.0627
BiancaGolden_CircleTurns,-58.4265,106.2521,200.0003,-3.4871,-19.8204,-60.0140,0.4839,-0.6995,-0.5259,0.9980,380,13.075274,1.4157,1.0625
BiancaGolden_CircleTurns,-58.4852,106.2471,199.9455,-3.4457,-19.7408,-59.9180,0.4846,-0.6969,-0.5287,0.9980,380,13.087923,1.4151,1.0625
BiancaGolden_CircleTurns,-58.4051,106.2336,199.9650,-3.3350,-19.7146,-59.7815,0.4823,-0.7000,-0.5266,0.9980,381,13.102262,1.4159,1.0623
BiancaGolden_CircleTurns,-58.5013,106.1680,199.9829,-3.2372,-19.5756,-59.6333,0.4817,-0.6979,-0.5300,0.9980,381,13.115890,1.4150,1.0617
BiancaGolden_CircleTurns,-58.7139,106.0413,200.0531,-3.1473,-19.4923,-59.5045,0.4832,-0.6967,-0.5302,0.9980,381,13.130622,1.4129,1.0604
BiancaGolden_CircleTurns,-58.8283,105.9755,200.0640,-3.0465,-19.5005,-59.3479,0.4854,-0.6966,-0.5283,0.9980,382,13.142476,1.4117,1.0598
BiancaGolden_CircleTurns,-58.9442,105.9336,200.1409,-3.0014,-19.6507,-59.1853,0.4844,-0.6936,-0.5332,0.9980,382,13.155487,1.4106,1.0593
BiancaGolden_CircleTurns,-59.0174,105.8466,200.2940,-3.1294,-19.8369,-59.0638,0.4847,-0.6927,-0.5341,0.9980,383,13.171479,1.4098,1.0585
BiancaGolden_CircleTurns,-59.0877,105.7992,200.4227,-3.3876,-19.9027,-58.9327,0.4852,-0.6914,-0.5353,0.9980,383,13.184430,1.4091,1.0580
BiancaGolden_CircleTurns,-59.1715,105.8563,200.3416,-3.6027,-19.8688,-58.8796,0.4864,-0.6874,-0.5394,0.9980,383,13.199268,1.4083,1.0586
BiancaGolden_CircleTurns,-59.2939,105.9432,200.1820,-3.7231,-19.9128,-58.7088,0.4885,-0.6867,-0.5383,0.9980,384,13.212978,1.4071,1.0594
BiancaGolden_CircleTurns,-59.3605,106.0279,200.0712,-4.0240,-19.8581,-58.6456,0.4915,-0.6843,-0.5387,0.9980,384,13.227139,1.4064,1.0603
BiancaGolden_CircleTurns,-59.4011,106.0585,200.0288,-4.2735,-19.8838,-58.5569,0.4945,-0.6833,-0.5373,0.9980,385,13.241094,1.4060,1.0606
BiancaGolden_CircleTurns,-59.4497,106.1250,199.9848,-4.3059,-19.6867,-58.3698,0.4948,-0.6811,-0.5397,0.9980,385,13.256457,1.4055,1.0613
BiancaGolden_CircleTurns,-59.4758,106.2067,199.9502,-4.3611,-19.6101,-58.2518,0.4965,-0.6806,-0.5388,0.9980,386,13.268895,1.4052,1.0621
BiancaGolden_CircleTurns,-59.4740,106.2933,199.9413,-4.4817,-19.5550,-58.1679,0.4948,-0.6811,-0.5397,0.9980,386,13.282060,1.4053,1.0629
BiancaGolden_CircleTurns,-59.4427,106.3705,199.9858,-4.7590,-19.5434,-58.1282,0.4962,-0.6810,-0.5386,0.9980,386,13.296633,1.4056,1.0637
BiancaGolden_CircleTurns,-59.3981,106.4614,199.9790,-5.0230,-19.4875,-58.1138,0.4955,-0.6839,-0.5354,0.9980,387,13.310431,1.4060,1.0646
BiancaGolden_CircleTurns,-59.3305,106.5581,199.9470,-5.1052,-19.4228,-58.1275,0.4914,-0.6906,-0.5307,0.9980,387,13.323599,1.4067,1.0656
BiancaGolden_CircleTurns,-59.2243,106.6770,199.9177,-5.2074,-19.3491,-58.1964,0.4889,-0.6930,-0.5297,0.9980,388,13.339250,1.4078,1.0668
BiancaGolden_CircleTurns,-59.0831,106.7621,199.9290,-5.3507,-19.2729,-58.2769,0.4893,-0.6948,-0.5271,0.9980,388,13.353385,1.4092,1.0676
BiancaGolden_CircleTurns,-58.9134,106.8463,199.9454,-5.4881,-19.1987,-58.3637,0.4880,-0.6952,-0.5279,0.9980,388,13.367481,1.4109,1.0685
BiancaGolden_CircleTurns,-58.7166,106.9700,199.9510,-5.6032,-19.1094,-58.4799,0.4873,-0.6959,-0.5275,0.9980,389,13.380075,1.4128,1.0697
BiancaGolden_CircleTurns,-58.5139,107.1042,199.9435,-5.6501,-19.0894,-58.5569,0.4790,-0.6981,-0.5322,0.9980,389,13.392721,1.4149,1.0710
BiancaGolden_CircleTurns,-58.2669,107.2651,199.9473,-5.6807,-19.2126,-58.6833,0.4750,-0.6953,-0.5394,0.9980,390,13.408452,1.4173,1.0727
BiancaGolden_CircleTurns,-58.0163,107.4136,199.9499,-5.6309,-19.3633,-58.8030,0.4732,-0.6946,-0.5419,0.9980,390,13.421831,1.4198,1.0741
BiancaGolden_CircleTurns,-57.7357,107.5638,199.9743,-5.4399,-19.5409,-58.8495,0.4709,-0.6952,-0.5430,0.9980,391,13.435853,1.4226,1.0756
BiancaGolden_CircleTurns,-57.4187,107.7079,199.9830,-5.1627,-19.6104,-58.9305,0.4687,-0.7053,-0.5319,0.9980,391,13.450265,1.4258,1.0771
BiancaGolden_CircleTurns,-57.0542,107.8601,199.9405,-4.9499,-19.5574,-59.0742,0.4667,-0.7082,-0.5298,0.9980,391,13.467299,1.4295,1.0786
BiancaGolden_CircleTurns,-56.6529,107.9802,199.9125,-4.8147,-19.4090,-59.2558,0.4746,-0.7233,-0.5017,0.9980,392,13.479313,1.4335,1.0798
BiancaGolden_CircleTurns,-56.2489,108.0465,199.9600,-4.6598,-19.1487,-59.4638,0.4681,-0.7318,-0.4953,0.9980,392,13.490218,1.4375,1.0805
BiancaGolden_CircleTurns,-55.7997,108.1105,200.0288,-4.4269,-18.8635,-59.7377,0.4694,-0.7349,-0.4895,0.9980,393,13.506061,1.4420,1.0811
BiancaGolden_CircleTurns,-55.3342,108.2280,200.0097,-4.1524,-18.5438,-59.9141,0.4670,-0.7384,-0.4865,0.9980,393,13.519029,1.4467,1.0823
BiancaGolden_CircleTurns,-54.8281,108.3852,199.9375,-4.0958,-18.3677,-60.1569,0.4646,-0.7407,-0.4853,0.9980,393,13.533299,1.4517,1.0839
BiancaGolden_CircleTurns,-54.3298,108.5292,199.8546,-4.1248,-18.2683,-60.3685,0.4619,-0.7430,-0.4843,0.9980,394,13.546864,1.4567,1.0853
BiancaGolden_CircleTurns,-53.8058,108.6597,199.8115,-4.1388,-18.2068,-60.6011,0.4569,-0.7446,-0.4865,0.9980,394,13.560085,1.4619,1.0866
BiancaGolden_CircleTurns,-53.2393,108.7711,199.8278,-4.1963,-18.2559,-60.9170,0.4493,-0.7438,-0.4949,0.9980,395,13.576118,1.4676,1.0877
BiancaGolden_CircleTurns,-52.6513,108.8996,199.8197,-4.1862,-18.2961,-61.2499,0.4418,-0.7404,-0.5066,0.9980,395,13.589516,1.4735,1.0890
BiancaGolden_CircleTurns,-52.0220,109.0471,199.7922,-4.1308,-18.3870,-61.5914,0.4381,-0.7416,-0.5080,0.9980,396,13.603525,1.4798,1.0905
BiancaGolden_CircleTurns,-51.3523,109.1302,199.8319,-4.1573,-18.4704,-61.8877,0.4361,-0.7419,-0.5093,0.9980,396,13.617193,1.4865,1.0913
BiancaGolden_CircleTurns,-50.6629,109.1884,199.9088,-4.1334,-18.4934,-62.1885,0.4310,-0.7449,-0.5092,0.9980,396,13.631146,1.4934,1.0919
BiancaGolden_CircleTurns,-49.9203,109.2220,200.0021,-4.1037,-18.4795,-62.5660,0.4262,-0.7491,-0.5072,0.9980,397,13.645498,1.5008,1.0922
BiancaGolden_CircleTurns,-49.1739,109.2363,200.1498,-3.9871,-18.4214,-62.9416,0.4204,-0.7531,-0.5061,0.9980,397,13.658661,1.5083,1.0924
BiancaGolden_CircleTurns,-48.4175,109.3060,200.1931,-3.8029,-18.1969,-63.3353,0.4169,-0.7617,-0.4960,0.9980,398,13.673019,1.5158,1.0931
BiancaGolden_CircleTurns,-47.7227,109.3762,200.1444,-3.5514,-18.0114,-63.5772,0.4103,-0.7668,-0.4936,0.9980,398,13.686787,1.5228,1.0938
BiancaGolden_CircleTurns,-46.9836,109.5142,200.0404,-3.4622,-17.9009,-63.9767,0.3964,-0.7845,-0.4769,0.9980,399,13.701728,1.5302,1.0951
BiancaGolden_CircleTurns,-46.2850,109.5978,199.9636,-3.3574,-17.8161,-64.2780,0.3924,-0.7876,-0.4750,0.9980,399,13.714876,1.5372,1.0960
BiancaGolden_CircleTurns,-45.5787,109.6593,199.9378,-3.1620,-17.7065,-64.5789,0.3681,-0.7988,-0.4759,0.9980,399,13.728913,1.5442,1.0966
BiancaGolden_CircleTurns,-44.8642,109.7342,199.9132,-3.1046,-17.6990,-64.9716,0.3559,-0.8042,-0.4759,0.9980,400,13.742497,1.5514,1.0973
BiancaGolden_CircleTurns,-44.1706,109.8001,199.8774,-3.0458,-17.6785,-65.2800,0.3452,-0.8206,-0.4555,0.9980,400,13.756557,1.5583,1.0980
BiancaGolden_CircleTurns,-43.5101,109.8521,199.8539,-2.9584,-17.6770,-65.5250,0.3438,-0.8308,-0.4378,0.9980,401,13.771054,1.5649,1.0985
BiancaGolden_CircleTurns,-42.8080,109.9609,199.8111,-3.1314,-17.7669,-65.8266,0.3404,-0.8332,-0.4358,0.9980,401,13.785077,1.5719,1.0996
BiancaGolden_CircleTurns,-42.1452,110.0541,199.7858,-3.1867,-17.8966,-66.0935,0.3367,-0.8339,-0.4374,0.9980,401,13.799670,1.5785,1.1005
BiancaGolden_CircleTurns,-41.5084,110.1224,199.7916,-3.2498,-18.0272,-66.3245,0.3313,-0.8388,-0.4321,0.9980,402,13.812043,1.5849,1.1012
BiancaGolden_CircleTurns,-40.9088,110.1661,199.8225,-3.2523,-18.1001,-66.5612,0.3284,-0.8394,-0.4331,0.9980,402,13.825791,1.5909,1.1017
BiancaGolden_CircleTurns,-40.3139,110.2294,199.8721,-3.2883,-18.1620,-66.7925,0.3179,-0.8407,-0.4385,0.9980,403,13.840748,1.5969,1.1023
BiancaGolden_CircleTurns,-39.7205,110.3004,199.9315,-3.3430,-18.2110,-67.0033,0.3172,-0.8381,-0.4439,0.9980,403,13.853154,1.6028,1.1030
BiancaGolden_CircleTurns,-39.1789,110.3754,200.0098,-3.3947,-18.2601,-67.1469,0.3134,-0.8336,-0.4549,0.9980,403,13.867557,1.6082,1.1038
BiancaGolden_CircleTurns,-38.6554,110.4268,200.0719,-3.3919,-18.2343,-67.3076,0.3113,-0.8351,-0.4536,0.9980,404,13.881057,1.6134,1.1043
BiancaGolden_CircleTurns,-38.1931,110.4864,200.1228,-3.3010,-18.1531,-67.4552,0.3152,-0.8330,-0.4547,0.9980,404,13.895021,1.6181,1.1049
BiancaGolden_CircleTurns,-37.7529,110.5466,200.1625,-3.2083,-18.0747,-67.6034,0.3236,-0.8291,-0.4560,0.9980,405,13.909454,1.6225,1.1055
BiancaGolden_CircleTurns,-37.3284,110.5654,200.2586,-3.0408,-18.0007,-67.7507,0.3210,-0.8307,-0.4549,0.9980,405,13.924060,1.6267,1.1057
BiancaGolden_CircleTurns,-36.9264,110.5833,200.3503,-2.8897,-17.9366,-67.9155,0.3137,-0.8316,-0.4583,0.9980,406,13.937800,1.6307,1.1058
BiancaGolden_CircleTurns,-36.5656,110.5683,200.4432,-2.7276,-17.8716,-68.1127,0.3104,-0.8337,-0.4568,0.9980,406,13.951370,1.6343,1.1057
BiancaGolden_CircleTurns,-36.2249,110.5695,200.5082,-2.5750,-17.7778,-68.3322,0.3068,-0.8358,-0.4553,0.9980,407,13.968933,1.6378,1.1057
BiancaGolden_CircleTurns,-35.9140,110.5545,200.5729,-2.4768,-17.6835,-68.5784,0.3062,-0.8362,-0.4551,0.9980,407,13.979616,1.6409,1.1055
BiancaGolden_CircleTurns,-35.6308,110.5363,200.6299,-2.4366,-17.5848,-68.8394,0.3009,-0.8334,-0.4636,0.9980,407,13.993302,1.6437,1.1054
BiancaGolden_CircleTurns,-35.3887,110.5057,200.6777,-2.3588,-17.4704,-69.1013,0.2964,-0.8356,-0.4624,0.9980,408,14.006378,1.6461,1.1051
BiancaGolden_CircleTurns,-35.1880,110.4789,200.7084,-2.3314,-17.3976,-69.4179,0.2880,-0.8373,-0.4648,0.9980,408,14.018890,1.6481,1.1048
BiancaGolden_CircleTurns,-34.9975,110.4650,200.7158,-2.2985,-17.3628,-69.7400,0.2853,-0.8372,-0.4666,0.9980,408,14.034839,1.6500,1.1047
BiancaGolden_CircleTurns,-34.8387,110.4411,200.7228,-2.2860,-17.3898,-70.0019,0.2818,-0.8378,-0.4676,0.9980,409,14.047999,1.6516,1.1044
BiancaGolden_CircleTurns,-34.7120,110.4321,200.7246,-2.3196,-17.4545,-70.2398,0.2780,-0.8384,-0.4688,0.9980,409,14.062355,1.6529,1.1043
BiancaGolden_CircleTurns,-34.5838,110.4340,200.7263,-2.2924,-17.4994,-70.4806,0.2810,-0.8330,-0.4765,0.9980,410,14.077774,1.6542,1.1043
BiancaGolden_CircleTurns,-34.4927,110.4478,200.7301,-2.2857,-17.5479,-70.6532,0.2803,-0.8324,-0.4781,0.9980,410,14.090292,1.6551,1.1045
BiancaGolden_CircleTurns,-34.4135,110.4542,200.7219,-2.3341,-17.5436,-70.7851,0.2789,-0.8326,-0.4785,0.9980,411,14.104763,1.6559,1.1045
BiancaGolden_CircleTurns,-34.3614,110.4593,200.6999,-2.5002,-17.5679,-70.9128,0.2776,-0.8327,-0.4791,0.9980,411,14.118015,1.6564,1.1046
BiancaGolden_CircleTurns,-34.3530,110.4469,200.6751,-2.6241,-17.6037,-71.0274,0.2750,-0.8335,-0.4792,0.9980,411,14.131987,1.6565,1.1045
BiancaGolden_CircleTurns,-34.3567,110.4751,200.6345,-2.6104,-17.6220,-71.2003,0.2794,-0.8317,-0.4798,0.9980,412,14.145198,1.6564,1.1048
BiancaGolden_CircleTurns,-34.3729,110.4958,200.5851,-2.6352,-17.6766,-71.2923,0.2806,-0.8281,-0.4853,0.9980,412,14.159271,1.6563,1.1050
BiancaGolden_CircleTurns,-34.3961,110.5180,200.5820,-2.7139,-17.7299,-71.3598,0.2878,-0.8261,-0.4845,0.9980,413,14.173503,1.6560,1.1052
BiancaGolden_CircleTurns,-34.4733,110.4962,200.5835,-2.7015,-17.6964,-71.3032,0.2873,-0.8273,-0.4827,0.9980,413,14.187256,1.6553,1.1050
BiancaGolden_CircleTurns,-34.3912,110.5017,200.5564,-2.5207,-17.5789,-71.3171,0.2868,-0.8296,-0.4791,0.9980,414,14.201570,1.6561,1.1050
BiancaGolden_CircleTurns,-34.4952,110.5065,200.5312,-2.4408,-17.5427,-71.3702,0.2872,-0.8297,-0.4786,0.9980,414,14.214911,1.6550,1.1051
BiancaGolden_CircleTurns,-34.7989,110.4872,200.5249,-2.4051,-17.5101,-71.3404,0.2869,-0.8252,-0.4865,0.9980,414,14.229298,1.6520,1.1049
BiancaGolden_CircleTurns,-34.9617,110.4912,200.4958,-2.3913,-17.5330,-71.2913,0.2871,-0.8237,-0.4889,0.9980,415,14.244292,1.6504,1.1049
BiancaGolden_CircleTurns,-35.1293,110.4676,200.5177,-2.3691,-17.6282,-71.2455,0.2879,-0.8211,-0.4929,0.9980,415,14.256542,1.6487,1.1047
BiancaGolden_CircleTurns,-35.3292,110.3496,200.6596,-2.3382,-17.7558,-71.1539,0.2870,-0.8212,-0.4932,0.9980,416,14.271996,1.6467,1.1035
BiancaGolden_CircleTurns,-35.5269,110.3346,200.7069,-2.3506,-17.7179,-71.2115,0.2869,-0.8198,-0.4955,0.9980,416,14.284415,1.6447,1.1033
BiancaGolden_CircleTurns,-35.7855,110.4238,200.5580,-2.4316,-17.8647,-71.1952,0.2809,-0.8193,-0.4998,0.9980,416,14.299069,1.6421,1.1042
BiancaGolden_CircleTurns,-35.9685,110.5164,200.4288,-2.6726,-18.1316,-71.2219,0.2798,-0.8112,-0.5136,0.9980,417,14.312380,1.6403,1.1052
BiancaGolden_CircleTurns,-36.1694,110.6049,200.3730,-3.0329,-18.4007,-71.2422,0.2876,-0.8137,-0.5052,0.9980,417,14.326172,1.6383,1.1060
BiancaGolden_CircleTurns,-36.3247,110.7179,200.3253,-3.3533,-18.6175,-71.2462,0.2932,-0.8074,-0.5119,0.9980,418,14.340915,1.6368,1.1072
BiancaGolden_CircleTurns,-36.4874,110.8896,200.1857,-3.6879,-18.7438,-71.2685,0.2944,-0.8075,-0.5111,0.9980,418,14.354395,1.6351,1.1089
BiancaGolden_CircleTurns,-36.6090,111.0594,200.0200,-4.1087,-18.9348,-71.2600,0.2961,-0.8056,-0.5131,0.9980,419,14.368876,1.6339,1.1106
BiancaGolden_CircleTurns,-36.7433,111.2011,199.9510,-4.3239,-19.0751,-71.2097,0.2967,-0.8047,-0.5142,0.9980,419,14.382961,1.6326,1.1120
BiancaGolden_CircleTurns,-36.8545,111.3330,199.8772,-4.4639,-19.1530,-71.1870,0.3000,-0.8087,-0.5059,0.9980,419,14.397233,1.6315,1.1133
BiancaGolden_CircleTurns,-36.9069,111.3975,199.8881,-4.5933,-19.1898,-71.2487,0.2989,-0.8112,-0.5026,0.9980,420,14.410109,1.6309,1.1140
BiancaGolden_CircleTurns,-36.8944,111.4359,199.9710,-4.8596,-19.1784,-71.4601,0.2980,-0.8128,-0.5005,0.9980,420,14.423449,1.6311,1.1144
BiancaGolden_CircleTurns,-36.9020,111.4320,200.0609,-4.9715,-19.0395,-71.5742,0.2958,-0.8161,-0.4965,0.9980,421,14.437818,1.6310,1.1143
BiancaGolden_CircleTurns,-36.8508,111.4442,200.0895,-4.9849,-18.7758,-71.8057,0.2929,-0.8188,-0.4938,0.9980,421,14.451871,1.6315,1.1144
BiancaGolden_CircleTurns,-36.7826,111.4649,200.0717,-5.0266,-18.6029,-72.0556,0.2916,-0.8222,-0.4888,0.9980,422,14.469162,1.6322,1.1146
BiancaGolden_CircleTurns,-36.6254,111.4743,200.0774,-5.1594,-18.5243,-72.4206,0.2908,-0.8226,-0.4887,0.9980,422,14.479825,1.6337,1.1147
BiancaGolden_CircleTurns,-36.4702,111.4535,200.1201,-5.2907,-18.5343,-72.6911,0.2865,-0.8238,-0.4893,0.9980,422,14.493276,1.6353,1.1145
BiancaGolden_CircleTurns,-36.2857,111.4199,200.1672,-5.3036,-18.5737,-72.9901,0.2847,-0.8236,-0.4905,0.9980,423,14.507883,1.6371,1.1142
BiancaGolden_CircleTurns,-36.0815,111.4017,200.1837,-5.2107,-18.6674,-73.2558,0.2808,-0.8232,-0.4935,0.9980,423,14.520420,1.6392,1.1140
BiancaGolden_CircleTurns,-35.8279,111.4026,200.1827,-5.0691,-18.8148,-73.4320,0.2783,-0.8213,-0.4981,0.9980,424,14.535715,1.6417,1.1140
BiancaGolden_CircleTurns,-35.5488,111.4004,200.1864,-4.8842,-19.0033,-73.5606,0.2756,-0.8207,-0.5004,0.9980,424,14.548992,1.6445,1.1140
BiancaGolden_CircleTurns,-35.2417,111.3867,200.2007,-4.6398,-19.1411,-73.6877,0.2774,-0.8172,-0.5052,0.9980,424,14.563119,1.6476,1.1139
BiancaGolden_CircleTurns,-34.8992,111.3956,200.1981,-4.3794,-19.2534,-73.7829,0.2772,-0.8167,-0.5062,0.9980,425,14.577331,1.6510,1.1140
BiancaGolden_CircleTurns,-34.5314,111.3862,200.1916,-4.1276,-19.3164,-73.8361,0.2818,-0.8137,-0.5083,0.9980,425,14.590225,1.6547,1.1139
BiancaGolden_CircleTurns,-34.1209,111.3479,200.2262,-3.9356,-19.3276,-73.9545,0.2846,-0.8186,-0.4989,0.9980,426,14.605792,1.6588,1.1135
BiancaGolden_CircleTurns,-33.6925,111.2785,200.2550,-3.7973,-19.1705,-74.0554,0.2844,-0.8322,-0.4759,0.9980,426,14.619769,1.6631,1.1128
BiancaGolden_CircleTurns,-33.2319,111.2037,200.2260,-3.6389,-18.8857,-74.1823,0.2825,-0.8353,-0.4717,0.9980,426,14.633608,1.6677,1.1120
BiancaGolden_CircleTurns,-32.7406,111.1350,200.1729,-3.5407,-18.6059,-74.3387,0.2712,-0.8475,-0.4562,0.9980,427,14.647810,1.6726,1.1113
BiancaGolden_CircleTurns,-32.1953,111.0386,200.1582,-3.5699,-18.3950,-74.5270,0.2658,-0.8511,-0.4527,0.9980,427,14.661184,1.6780,1.1104
BiancaGolden_CircleTurns,-31.6328,110.8847,200.2198,-3.6991,-18.1607,-74.7298,0.2413,-0.8457,-0.4760,0.9980,428,14.676174,1.6837,1.1088
BiancaGolden_CircleTurns,-31.0460,110.7320,200.2873,-3.7288,-17.9818,-74.8948,0.2388,-0.8481,-0.4730,0.9980,428,14.688782,1.6895,1.1073
BiancaGolden_CircleTurns,-30.4395,110.5833,200.2705,-3.6607,-17.7911,-75.0746,0.2605,-0.8553,-0.4479,0.9980,429,14.703115,1.6956,1.1058
BiancaGolden_CircleTurns,-29.7902,110.4400,200.2687,-3.6663,-17.6985,-75.3188,0.2576,-0.8572,-0.4459,0.9980,429,14.717556,1.7021,1.1044
BiancaGolden_CircleTurns,-29.1094,110.2311,200.3457,-3.6052,-17.5745,-75.5203,0.2560,-0.8602,-0.4411,0.9980,429,14.731490,1.7089,1.1023
BiancaGolden_CircleTurns,-28.4279,110.0245,200.4296,-3.5555,-17.4039,-75.7048,0.2532,-0.8610,-0.4411,0.9980,430,14.744812,1.7157,1.1002
BiancaGolden_CircleTurns,-27.7618,109.8313,200.4705,-3.3950,-17.2474,-75.8245,0.2545,-0.8589,-0.4444,0.9980,430,14.757972,1.7224,1.0983
BiancaGolden_CircleTurns,-27.0781,109.6816,200.4343,-3.2486,-17.2115,-75.9472,0.2516,-0.8494,-0.4640,0.9980,431,14.772771,1.7292,1.0968
BiancaGolden_CircleTurns,-26.4088,109.5323,200.4029,-3.0828,-17.2479,-76.0204,0.2495,-0.8446,-0.4737,0.9980,431,14.786861,1.7359,1.0953
BiancaGolden_CircleTurns,-25.7554,109.3500,200.4130,-2.8857,-17.2892,-76.0738,0.2474,-0.8452,-0.4737,0.9980,431,14.801072,1.7424,1.0935
BiancaGolden_CircleTurns,-25.1056,109.1178,200.4650,-2.7820,-17.2849,-76.1912,0.2462,-0.8446,-0.4754,0.9980,432,14.814820,1.7489,1.0912
BiancaGolden_CircleTurns,-24.4759,108.8881,200.5009,-2.7327,-17.2296,-76.3366,0.2474,-0.8373,-0.4875,0.9980,432,14.827588,1.7552,1.0889
BiancaGolden_CircleTurns,-23.8643,108.6844,200.5125,-2.7068,-17.1947,-76.5126,0.2442,-0.8372,-0.4894,0.9980,432,14.842474,1.7614,1.0868
BiancaGolden_CircleTurns,-23.2841,108.5072,200.4796,-2.6354,-17.2660,-76.7032,0.2331,-0.8336,-0.5007,0.9980,0,14.856503,1.7672,1.0851
BiancaGolden_CircleTurns,-22.7080,108.3338,200.4341,-2.5671,-17.3813,-76.8558,0.2296,-0.8271,-0.5130,0.9980,0,14.870722,1.7729,1.0833
BiancaGolden_CircleTurns,-22.1716,108.1415,200.4196,-2.5274,-17.4956,-77.0169,0.2273,-0.8267,-0.5146,0.9980,1,14.884996,1.7783,1.0814
BiancaGolden_CircleTurns,-21.6597,107.9513,200.4320,-2.5276,-17.6034,-77.1608,0.2240,-0.8254,-0.5183,0.9980,1,14.898236,1.7834,1.0795
BiancaGolden_CircleTurns,-21.1837,107.7604,200.4798,-2.5025,-17.6977,-77.3567,0.2209,-0.8210,-0.5264,0.9980,2,14.913090,1.7882,1.0776
BiancaGolden_CircleTurns,-20.7291,107.5795,200.5015,-2.5104,-17.8176,-77.5508,0.2174,-0.8213,-0.5275,0.9980,2,14.926586,1.7927,1.0758
BiancaGolden_CircleTurns,-20.2874,107.4049,200.5130,-2.4850,-17.8872,-77.7330,0.2138,-0.8251,-0.5230,0.9980,3,14.940446,1.7971,1.0740
BiancaGolden_CircleTurns,-19.8955,107.2434,200.5113,-2.4743,-17.9463,-77.9268,0.2116,-0.8256,-0.5230,0.9980,3,14.953598,1.8010,1.0724
BiancaGolden_CircleTurns,-19.5235,107.0951,200.4962,-2.4655,-17.9476,-78.0806,0.2092,-0.8261,-0.5232,0.9980,4,14.968978,1.8048,1.0710
BiancaGolden_CircleTurns,-19.1827,106.9494,200.4818,-2.4735,-17.9813,-78.2412,0.2090,-0.8259,-0.5237,0.9980,4,14.984362,1.8082,1.0695
BiancaGolden_CircleTurns,-18.8549,106.8131,200.4625,-2.5013,-18.0293,-78.4007,0.2072,-0.8276,-0.5217,0.9980,4,14.995511,1.8115,1.0681
BiancaGolden_CircleTurns,-18.5601,106.6650,200.4556,-2.5630,-18.0983,-78.5861,0.2051,-0.8273,-0.5230,0.9980,5,15.008756,1.8144,1.0666
BiancaGolden_CircleTurns,-18.2879,106.5194,200.4644,-2.6412,-18.1925,-78.8119,0.2012,-0.8259,-0.5267,0.9980,5,15.022485,1.8171,1.0652
BiancaGolden_CircleTurns,-18.0510,106.3644,200.5087,-2.7311,-18.3049,-79.0152,0.2020,-0.8248,-0.5281,0.9980,6,15.037066,1.8195,1.0636
BiancaGolden_CircleTurns,-17.8405,106.2514,200.4998,-2.8568,-18.4232,-79.2162,0.1989,-0.8243,-0.5300,0.9980,6,15.050494,1.8216,1.0625
BiancaGolden_CircleTurns,-17.6168,106.1344,200.4589,-2.9373,-18.5551,-79.4342,0.1962,-0.8236,-0.5322,0.9980,6,15.065558,1.8238,1.0613
BiancaGolden_CircleTurns,-17.4619,106.0496,200.3889,-2.9377,-18.6755,-79.5546,0.1952,-0.8222,-0.5347,0.9980,7,15.078314,1.8254,1.0605
BiancaGolden_CircleTurns,-17.3161,105.9778,200.3678,-2.9099,-18.8695,-79.6696,0.1952,-0.8203,-0.5376,0.9980,7,15.092159,1.8268,1.0598
BiancaGolden_CircleTurns,-17.1699,105.9262,200.3376,-3.0100,-19.0794,-79.8239,0.1948,-0.8179,-0.5413,0.9980,8,15.106787,1.8283,1.0593
BiancaGolden_CircleTurns,-17.0367,105.8803,200.3144,-3.1816,-19.3521,-79.9623,0.1930,-0.8170,-0.5434,0.9980,8,15.120036,1.8296,1.0588
BiancaGolden_CircleTurns,-16.9205,105.8526,200.2652,-3.3145,-19.5036,-80.1094,0.1924,-0.8141,-0.5479,0.9980,8,15.134338,1.8308,1.0585
BiancaGolden_CircleTurns,-16.8157,105.8588,200.2035,-3.4115,-19.6945,-80.2568,0.1915,-0.8130,-0.5499,0.9980,9,15.147796,1.8318,1.0586
BiancaGolden_CircleTurns,-16.7169,105.8849,200.1247,-3.5497,-19.8385,-80.3442,0.1992,-0.8171,-0.5410,0.9980,9,15.162019,1.8328,1.0588
BiancaGolden_CircleTurns,-16.6103,105.9056,200.0559,-3.6332,-19.9892,-80.4385,0.2007,-0.8162,-0.5417,0.9980,10,15.176776,1.8339,1.0591
BiancaGolden_CircleTurns,-16.5240,105.9522,200.0037,-3.6755,-20.0469,-80.3779,0.2083,-0.8114,-0.5461,0.9980,10,15.189993,1.8348,1.0595
BiancaGolden_CircleTurns,-16.4580,106.0055,199.9481,-3.6807,-20.1103,-80.3100,0.2565,-0.7966,-0.5474,0.9980,11,15.205128,1.8354,1.0601
BiancaGolden_CircleTurns,-16.4029,106.0717,199.8971,-3.6210,-20.1442,-80.1718,0.2580,-0.7955,-0.5482,0.9980,11,15.217799,1.8360,1.0607
BiancaGolden_CircleTurns,-16.3564,106.1365,199.8435,-3.5941,-20.1973,-80.0476,0.2647,-0.7899,-0.5532,0.9980,11,15.231519,1.8364,1.0614
BiancaGolden_CircleTurns,-16.3150,106.2349,199.7678,-3.5383,-20.2281,-79.9113,0.2751,-0.7823,-0.5589,0.9980,12,15.244839,1.8369,1.0623
BiancaGolden_CircleTurns,-16.3068,106.3451,199.6872,-3.4391,-20.3282,-79.6680,0.2715,-0.7813,-0.5620,0.9980,12,15.259460,1.8369,1.0635
BiancaGolden_CircleTurns,-16.3051,106.4634,199.6105,-3.3848,-20.4972,-79.4764,0.2741,-0.7779,-0.5655,0.9980,13,15.274045,1.8369,1.0646
BiancaGolden_CircleTurns,-16.3235,106.5947,199.5163,-3.2976,-20.7267,-79.2353,0.2767,-0.7738,-0.5698,0.9980,13,15.287350,1.8368,1.0659
BiancaGolden_CircleTurns,-16.3561,106.7500,199.3995,-3.2815,-21.0281,-78.9913,0.2793,-0.7694,-0.5744,0.9980,13,15.301516,1.8364,1.0675
BiancaGolden_CircleTurns,-16.3659,106.8919,199.3376,-3.2818,-21.4861,-78.7442,0.2826,-0.7635,-0.5807,0.9980,14,15.315104,1.8363,1.0689
BiancaGolden_CircleTurns,-16.4144,106.9996,199.3334,-3.3084,-21.9658,-78.4332,0.2810,-0.7626,-0.5826,0.9980,14,15.327627,1.8359,1.0700
BiancaGolden_CircleTurns,-16.4403,107.1049,199.3558,-3.4262,-22.5090,-78.1697,0.2838,-0.7570,-0.5886,0.9980,15,15.343003,1.8356,1.0710
BiancaGolden_CircleTurns,-16.4760,107.2488,199.2984,-3.5663,-23.0952,-77.9164,0.2871,-0.7488,-0.5974,0.9980,15,15.357400,1.8352,1.0725
BiancaGolden_CircleTurns,-16.4896,107.4649,199.1658,-3.8250,-23.7635,-77.6348,0.2981,-0.7276,-0.6178,0.9980,16,15.372255,1.8351,1.0746
BiancaGolden_CircleTurns,-16.4660,107.7326,198.9584,-4.2463,-24.6154,-77.3700,0.3008,-0.7169,-0.6290,0.9980,16,15.384911,1.8353,1.0773
BiancaGolden_CircleTurns,-16.4427,108.0108,198.7543,-4.7265,-25.5211,-77.1440,0.3045,-0.6660,-0.6810,0.9980,16,15.399949,1.8356,1.0801
BiancaGolden_CircleTurns,-16.4295,108.2785,198.5916,-5.1647,-26.6866,-76.8639,0.3027,-0.6294,-0.7157,0.9980,17,15.412330,1.8357,1.0828
BiancaGolden_CircleTurns,-16.4180,108.5540,198.4016,-5.4672,-27.9550,-76.5856,0.3009,-0.5853,-0.7529,0.9980,17,15.426325,1.8358,1.0855
BiancaGolden_CircleTurns,-16.4032,108.7796,198.2608,-5.6986,-29.3729,-76.2137,0.2904,-0.5557,-0.7790,0.9980,18,15.440653,1.8360,1.0878
BiancaGolden_CircleTurns,-16.3940,109.0474,198.0962,-5.7642,-30.7108,-75.8074,0.2911,-0.5413,-0.7889,0.9980,18,15.455051,1.8361,1.0905
BiancaGolden_CircleTurns,-16.3451,109.2737,197.9642,-5.8595,-31.6663,-75.4642,0.2869,-0.5364,-0.7937,0.9980,19,15.468790,1.8365,1.0927
BiancaGolden_CircleTurns,-16.2794,109.3982,197.9197,-5.8313,-32.0440,-75.2533,0.2895,-0.5468,-0.7856,0.9980,19,15.485765,1.8372,1.0940
BiancaGolden_CircleTurns,-16.2161,109.4919,197.8720,-5.9180,-32.0787,-75.0476,0.2796,-0.5692,-0.7732,0.9980,19,15.496808,1.8378,1.0949
BiancaGolden_CircleTurns,-16.1311,109.5832,197.7770,-5.9708,-31.8744,-74.9734,0.2779,-0.5866,-0.7607,0.9980,20,15.510227,1.8387,1.0958
BiancaGolden_CircleTurns,-16.0363,109.7600,197.6356,-6.0458,-31.8034,-74.9233,0.2788,-0.5838,-0.7625,0.9980,20,15.523385,1.8396,1.0976
BiancaGolden_CircleTurns,-15.9261,109.9525,197.4974,-6.1256,-31.9787,-74.7868,0.2817,-0.5966,-0.7515,0.9980,21,15.538497,1.8407,1.0995
BiancaGolden_CircleTurns,-15.7988,110.1500,197.3839,-6.1726,-32.3387,-74.6313,0.2827,-0.5891,-0.7570,0.9980,21,15.552735,1.8420,1.1015
BiancaGolden_CircleTurns,-15.6496,110.3158,197.3088,-6.2635,-32.8408,-74.4173,0.2832,-0.5873,-0.7582,0.9980,21,15.565938,1.8435,1.1032
BiancaGolden_CircleTurns,-15.5063,110.4798,197.2413,-6.3507,-33.3700,-74.1712,0.2758,-0.5913,-0.7578,0.9980,22,15.579899,1.8449,1.1048
BiancaGolden_CircleTurns,-15.3227,110.6591,197.1575,-6.3893,-33.8782,-73.9509,0.2749,-0.5866,-0.7618,0.9980,22,15.593102,1.8468,1.1066
BiancaGolden_CircleTurns,-15.1193,110.8013,197.0862,-6.4645,-34.2689,-73.8006,0.2711,-0.5930,-0.7582,0.9980,23,15.608456,1.8488,1.1080
BiancaGolden_CircleTurns,-14.8954,110.9069,197.0514,-6.4764,-34.4951,-73.7225,0.2713,-0.5992,-0.7532,0.9980,23,15.622329,1.8510,1.1091
BiancaGolden_CircleTurns,-14.6483,110.9645,197.0725,-6.5476,-34.5689,-73.7765,0.2702,-0.5991,-0.7537,0.9980,24,15.636276,1.8535,1.1096
BiancaGolden_CircleTurns,-14.3962,111.0422,197.0926,-6.5998,-34.6176,-73.8877,0.2705,-0.6117,-0.7434,0.9980,24,15.650396,1.8560,1.1104
BiancaGolden_CircleTurns,-14.1185,111.1273,197.1039,-6.5894,-34.6392,-74.0286,0.2699,-0.6134,-0.7422,0.9980,24,15.664001,1.8588,1.1113
BiancaGolden_CircleTurns,-13.8350,111.2273,197.1003,-6.4636,-34.6640,-74.1328,0.2683,-0.6159,-0.7407,0.9980,25,15.677632,1.8616,1.1123
BiancaGolden_CircleTurns,-13.5244,111.3154,197.1062,-6.2976,-34.6123,-74.2572,0.2623,-0.6207,-0.7389,0.9980,25,15.691189,1.8648,1.1132
BiancaGolden_CircleTurns,-13.2217,111.3574,197.1227,-6.1129,-34.5407,-74.3448,0.2605,-0.6276,-0.7337,0.9980,26,15.706310,1.8678,1.1136
BiancaGolden_CircleTurns,-12.8796,111.3920,197.1367,-5.8874,-34.3458,-74.5259,0.2576,-0.6311,-0.7317,0.9980,26,15.720474,1.8712,1.1139
BiancaGolden_CircleTurns,-12.5304,111.4077,197.1410,-5.6597,-34.1840,-74.7350,0.2477,-0.6378,-0.7293,0.9980,26,15.733564,1.8747,1.1141
BiancaGolden_CircleTurns,-12.1602,111.4244,197.1191,-5.4277,-33.9848,-74.9753,0.2436,-0.6432,-0.7259,0.9980,27,15.747123,1.8784,1.1142
BiancaGolden_CircleTurns,-11.7699,111.4249,197.0728,-5.1841,-33.8004,-75.2472,0.2408,-0.6452,-0.7250,0.9980,27,15.760845,1.8823,1.1142
BiancaGolden_CircleTurns,-11.3728,111.4389,197.0480,-5.0280,-33.7108,-75.4529,0.2373,-0.6439,-0.7274,0.9980,28,15.775341,1.8863,1.1144
BiancaGolden_CircleTurns,-10.9199,111.4219,197.0285,-4.9294,-33.7192,-75.7171,0.2340,-0.6445,-0.7279,0.9980,28,15.790007,1.8908,1.1142
BiancaGolden_CircleTurns,-10.4640,111.4228,196.9890,-4.8718,-33.7588,-75.9838,0.2309,-0.6452,-0.7283,0.9980,29,15.803389,1.8954,1.1142
BiancaGolden_CircleTurns,-10.0039,111.4054,196.9289,-4.7625,-33.7847,-76.2406,0.2315,-0.6442,-0.7290,0.9980,29,15.816615,1.9000,1.1141
BiancaGolden_CircleTurns,-9.5218,111.3224,196.9295,-4.6099,-33.8663,-76.4775,0.2275,-0.6406,-0.7334,0.9980,29,15.830906,1.9048,1.1132
BiancaGolden_CircleTurns,-9.0064,111.2194,196.9556,-4.5094,-33.8925,-76.7346,0.2204,-0.6384,-0.7375,0.9980,30,15.844420,1.9099,1.1122
BiancaGolden_CircleTurns,-8.4610,111.0769,197.0202,-4.4467,-33.9292,-76.9991,0.2175,-0.6415,-0.7356,0.9980,30,15.858199,1.9154,1.1108
BiancaGolden_CircleTurns,-7.8908,110.9660,197.0124,-4.4177,-33.8177,-77.2827,0.2160,-0.6423,-0.7354,0.9980,31,15.873467,1.9211,1.1097
BiancaGolden_CircleTurns,-7.3219,110.8317,197.0350,-4.3261,-33.7909,-77.5690,0.2125,-0.6444,-0.7346,0.9980,31,15.887618,1.9268,1.1083
BiancaGolden_CircleTurns,-6.7203,110.6934,197.0449,-4.2161,-33.7155,-77.8630,0.2090,-0.6453,-0.7348,0.9980,31,15.901097,1.9328,1.1069
BiancaGolden_CircleTurns,-6.1029,110.5767,197.0434,-4.1653,-33.7284,-78.1442,0.2055,-0.6450,-0.7360,0.9980,32,15.913789,1.9390,1.1058
BiancaGolden_CircleTurns,-5.4914,110.4915,196.9959,-4.0753,-33.7786,-78.4080,0.2014,-0.6442,-0.7379,0.9980,32,15.927062,1.9451,1.1049
BiancaGolden_CircleTurns,-4.8827,110.4074,196.9400,-3.9316,-33.9187,-78.5829,0.1984,-0.6423,-0.7403,0.9980,33,15.942567,1.9512,1.1041
BiancaGolden_CircleTurns,-4.2853,110.2976,196.9013,-3.7822,-34.0500,-78.7359,0.1951,-0.6401,-0.7431,0.9980,33,15.955551,1.9571,1.1030
BiancaGolden_CircleTurns,-3.6752,110.1938,196.8720,-3.6603,-34.1356,-78.9163,0.1931,-0.6402,-0.7436,0.9980,34,15.970325,1.9632,1.1019
BiancaGolden_CircleTurns,-3.0841,110.0786,196.8387,-3.5904,-34.1680,-79.0633,0.1896,-0.6409,-0.7438,0.9980,34,15.988352,1.9692,1.1008
BiancaGolden_CircleTurns,-2.4859,109.9538,196.8239,-3.5493,-34.1644,-79.2117,0.1850,-0.6366,-0.7486,0.9980,34,15.999089,1.9751,1.0995
BiancaGolden_CircleTurns,-1.8951,109.8269,196.8035,-3.5118,-34.1853,-79.3991,0.1837,-0.6416,-0.7447,0.9980,35,16.012287,1.9810,1.0983
BiancaGolden_CircleTurns,-1.3308,109.7385,196.7369,-3.5279,-34.2231,-79.5558,0.1808,-0.6368,-0.7495,0.9980,35,16.024715,1.9867,1.0974
BiancaGolden_CircleTurns,-0.7697,109.6713,196.6757,-3.5546,-34.3633,-79.7368,0.1749,-0.6358,-0.7518,0.9980,36,16.039944,1.9923,1.0967
BiancaGolden_CircleTurns,-0.2186,109.6032,196.6398,-3.6184,-34.5340,-79.9309,0.1727,-0.6352,-0.7528,0.9980,36,16.053139,1.9978,1.0960
BiancaGolden_CircleTurns,0.3328,109.5175,196.6272,-3.7061,-34.6342,-80.1419,0.1685,-0.6312,-0.7571,0.9980,36,16.067900,2.0033,1.0952
BiancaGolden_CircleTurns,0.8645,109.4275,196.6158,-3.7944,-34.7081,-80.3845,0.1661,-0.6312,-0.7576,0.9980,37,16.081554,2.0086,1.0943
BiancaGolden_CircleTurns,1.3786,109.3364,196.6073,-3.8008,-34.7587,-80.5951,0.1595,-0.6347,-0.7561,0.9980,37,16.094820,2.0138,1.0934
BiancaGolden_CircleTurns,1.8671,109.2458,196.6069,-3.7157,-34.7982,-80.7698,0.1577,-0.6406,-0.7515,0.9980,38,16.109947,2.0187,1.0925
BiancaGolden_CircleTurns,2.3482,109.1669,196.6224,-3.6480,-34.8543,-80.9474,0.1494,-0.6379,-0.7555,0.9980,38,16.123388,2.0235,1.0917
BiancaGolden_CircleTurns,2.8018,109.0848,196.6319,-3.5946,-34.9039,-81.1107,0.1473,-0.6382,-0.7556,0.9980,39,16.137938,2.0280,1.0908
BiancaGolden_CircleTurns,3.2337,109.0095,196.6309,-3.5115,-34.9064,-81.2672,0.1436,-0.6394,-0.7553,0.9980,39,16.151155,2.0323,1.0901
BiancaGolden_CircleTurns,3.6472,108.9314,196.6284,-3.3994,-34.8617,-81.4191,0.1389,-0.6409,-0.7550,0.9980,39,16.165754,2.0365,1.0893
BiancaGolden_CircleTurns,4.0212,108.8667,196.6245,-3.2837,-34.8083,-81.5502,0.1334,-0.6398,-0.7568,0.9980,40,16.178026,2.0402,1.0887
BiancaGolden_CircleTurns,4.3888,108.8095,196.6215,-3.1751,-34.7888,-81.7068,0.1286,-0.6444,-0.7538,0.9980,40,16.191391,2.0439,1.0881
BiancaGolden_CircleTurns,4.7120,108.7765,196.6061,-3.0647,-34.7901,-81.8088,0.1228,-0.6403,-0.7582,0.9980,41,16.206438,2.0471,1.0878
BiancaGolden_CircleTurns,5.0209,108.7505,196.6080,-2.9551,-34.8957,-81.9021,0.1214,-0.6390,-0.7595,0.9980,41,16.220369,2.0502,1.0875
BiancaGolden_CircleTurns,5.3089,108.7230,196.6223,-2.8644,-35.0098,-81.9748,0.1175,-0.6393,-0.7599,0.9980,42,16.235369,2.0531,1.0872
BiancaGolden_CircleTurns,5.5677,108.7038,196.6579,-2.7616,-35.0920,-82.0025,0.1165,-0.6390,-0.7603,0.9980,42,16.248075,2.0557,1.0870
BiancaGolden_CircleTurns,5.8157,108.6933,196.6883,-2.6930,-35.1221,-82.0565,0.1102,-0.6420,-0.7588,0.9980,42,16.262121,2.0582,1.0869
BiancaGolden_CircleTurns,6.0385,108.6787,196.7342,-2.6835,-35.0708,-82.1067,0.1054,-0.6451,-0.7568,0.9980,43,16.275690,2.0604,1.0868
BiancaGolden_CircleTurns,6.2410,108.6614,196.7765,-2.6716,-34.9779,-82.1648,0.1053,-0.6471,-0.7551,0.9980,43,16.289837,2.0624,1.0866
BiancaGolden_CircleTurns,6.4225,108.6722,196.8045,-2.6809,-34.8312,-82.2062,0.1054,-0.6470,-0.7552,0.9980,44,16.304087,2.0642,1.0867
BiancaGolden_CircleTurns,6.5851,108.6889,196.8284,-2.7225,-34.7398,-82.2186,0.1065,-0.6466,-0.7554,0.9980,44,16.318548,2.0659,1.0869
BiancaGolden_CircleTurns,6.7261,108.7248,196.8602,-2.7929,-34.6771,-82.2321,0.1070,-0.6452,-0.7565,0.9980,44,16.333025,2.0673,1.0872
BiancaGolden_CircleTurns,6.8425,108.7897,196.8875,-2.8527,-34.6113,-82.2147,0.1036,-0.6447,-0.7574,0.9980,45,16.346796,2.0684,1.0879
BiancaGolden_CircleTurns,6.9432,108.8633,196.9119,-2.9018,-34.5659,-82.1851,0.0991,-0.6461,-0.7568,0.9980,45,16.360125,2.0694,1.0886
BiancaGolden_CircleTurns,7.0354,108.9402,196.9286,-2.9358,-34.4941,-82.1084,0.0981,-0.6455,-0.7574,0.9980,46,16.375069,2.0704,1.0894
BiancaGolden_CircleTurns,7.0979,109.0334,196.9436,-2.9983,-34.3799,-81.9843,0.1000,-0.6472,-0.7557,0.9980,46,16.387480,2.0710,1.0903
BiancaGolden_CircleTurns,7.1473,109.1203,196.9610,-3.0183,-34.2390,-81.8597,0.0991,-0.6491,-0.7542,0.9980,47,16.402094,2.0715,1.0912
BiancaGolden_CircleTurns,7.1706,109.2106,196.9786,-3.0936,-34.0892,-81.6929,0.1011,-0.6510,-0.7523,0.9980,47,16.415634,2.0717,1.0921
BiancaGolden_CircleTurns,7.1838,109.3250,196.9723,-3.1558,-33.9047,-81.5649,0.0971,-0.6504,-0.7534,0.9980,47,16.429399,2.0718,1.0932
BiancaGolden_CircleTurns,7.1653,109.4392,196.9446,-3.2189,-33.7311,-81.4300,0.1023,-0.6507,-0.7524,0.9980,48,16.443544,2.0717,1.0944
BiancaGolden_CircleTurns,7.1254,109.5685,196.9109,-3.2772,-33.5836,-81.2349,0.1053,-0.6515,-0.7513,0.9980,48,16.456377,2.0713,1.0957
BiancaGolden_CircleTurns,7.0709,109.6879,196.8776,-3.3299,-33.4859,-81.0070,0.1041,-0.6525,-0.7506,0.9980,49,16.471195,2.0707,1.0969
BiancaGolden_CircleTurns,6.9993,109.8413,196.8259,-3.3466,-33.4706,-80.7460,0.1069,-0.6474,-0.7547,0.9980,49,16.489508,2.0700,1.0984
BiancaGolden_CircleTurns,6.9095,109.9869,196.7666,-3.3588,-33.4809,-80.4822,0.1056,-0.6468,-0.7553,0.9980,49,16.499996,2.0691,1.0999
BiancaGolden_CircleTurns,6.7886,110.1346,196.7227,-3.4278,-33.5278,-80.1835,0.1081,-0.6453,-0.7562,0.9980,50,16.512659,2.0679,1.1013
BiancaGolden_CircleTurns,6.6607,110.2638,196.7044,-3.4922,-33.5306,-79.9470,0.1094,-0.6376,-0.7626,0.9980,50,16.525919,2.0666,1.1026
BiancaGolden_CircleTurns,6.5128,110.4075,196.6771,-3.5686,-33.5054,-79.7318,0.1054,-0.6364,-0.7641,0.9980,51,16.540819,2.0651,1.1041
BiancaGolden_CircleTurns,6.3499,110.5790,196.6256,-3.6043,-33.4876,-79.5020,0.1078,-0.6347,-0.7652,0.9980,51,16.554377,2.0635,1.1058
BiancaGolden_CircleTurns,6.1620,110.7110,196.6376,-3.6072,-33.5863,-79.2566,0.1097,-0.6340,-0.7655,0.9980,52,16.569290,2.0616,1.1071
BiancaGolden_CircleTurns,5.9759,110.8175,196.6862,-3.6152,-33.6710,-79.0013,0.1023,-0.6344,-0.7662,0.9980,52,16.582396,2.0598,1.1082
BiancaGolden_CircleTurns,5.7726,110.9359,196.7182,-3.6431,-33.7132,-78.8106,0.1022,-0.6344,-0.7662,0.9980,52,16.596745,2.0577,1.1094
BiancaGolden_CircleTurns,5.5685,111.1367,196.7077,-3.7840,-33.8364,-78.6666,0.0990,-0.6448,-0.7579,0.9980,53,16.610323,2.0557,1.1114
BiancaGolden_CircleTurns,5.3729,111.3512,196.6641,-4.0187,-33.9827,-78.5521,0.0988,-0.6565,-0.7478,0.9980,53,16.623999,2.0537,1.1135
BiancaGolden_CircleTurns,5.1991,111.6167,196.6463,-4.3857,-34.2400,-78.5161,0.0848,-0.6588,-0.7475,0.9980,54,16.639204,2.0520,1.1162
BiancaGolden_CircleTurns,5.0449,111.8672,196.6452,-4.7814,-34.4360,-78.4961,0.0866,-0.6559,-0.7499,0.9980,54,16.651745,2.0504,1.1187
BiancaGolden_CircleTurns,4.8932,112.1167,196.6721,-5.2507,-34.6118,-78.4687,0.0889,-0.6638,-0.7426,0.9980,54,16.666306,2.0489,1.1212
BiancaGolden_CircleTurns,4.7456,112.3603,196.6955,-5.6099,-34.6653,-78.4346,0.1299,-0.6783,-0.7232,0.9980,55,16.680307,2.0475,1.1236
BiancaGolden_CircleTurns,4.6047,112.5753,196.7550,-5.8590,-34.6060,-78.4022,0.1320,-0.6980,-0.7038,0.9980,55,16.693087,2.0460,1.1258
BiancaGolden_CircleTurns,4.4709,112.8023,196.7909,-6.0202,-34.4524,-78.3905,0.1174,-0.7038,-0.7006,0.9980,56,16.708265,2.0447,1.1280
BiancaGolden_CircleTurns,4.3549,113.0267,196.8194,-6.1313,-34.2340,-78.4049,0.1173,-0.7065,-0.6979,0.9980,56,16.722292,2.0435,1.1303
BiancaGolden_CircleTurns,4.2661,113.2430,196.8463,-6.2332,-34.0148,-78.4809,0.1082,-0.7233,-0.6820,0.9980,57,16.736376,2.0427,1.1324
BiancaGolden_CircleTurns,4.2043,113.4408,196.8779,-6.3429,-33.7312,-78.5862,0.1047,-0.7308,-0.6745,0.9980,57,16.749908,2.0420,1.1344
BiancaGolden_CircleTurns,4.1564,113.6246,196.9237,-6.4268,-33.4847,-78.7274,0.1032,-0.7339,-0.6713,0.9980,57,16.764811,2.0416,1.1362
BiancaGolden_CircleTurns,4.1367,113.8038,196.9687,-6.5386,-33.2351,-78.9133,0.0926,-0.7369,-0.6696,0.9980,58,16.777143,2.0414,1.1380
BiancaGolden_CircleTurns,4.1190,113.9721,197.0178,-6.5890,-33.1423,-79.1182,0.0996,-0.7343,-0.6715,0.9980,58,16.791107,2.0412,1.1397
BiancaGolden_CircleTurns,4.1371,114.1034,197.1064,-6.6042,-33.0952,-79.2769,0.0976,-0.7352,-0.6708,0.9980,59,16.806541,2.0414,1.1410
BiancaGolden_CircleTurns,4.1760,114.1987,197.1823,-6.6542,-33.0380,-79.4492,0.0946,-0.7361,-0.6703,0.9980,59,16.819189,2.0418,1.1420
BiancaGolden_CircleTurns,4.2398,114.2824,197.2377,-6.6383,-32.9125,-79.6992,0.0914,-0.7308,-0.6765,0.9980,59,16.833906,2.0424,1.1428
BiancaGolden_CircleTurns,4.3241,114.3326,197.2897,-6.5836,-32.7489,-79.9583,0.0879,-0.7286,-0.6793,0.9980,60,16.846632,2.0432,1.1433
BiancaGolden_CircleTurns,4.4204,114.3748,197.3402,-6.5121,-32.5971,-80.2352,0.0845,-0.7303,-0.6779,0.9980,60,16.859936,2.0442,1.1437
BiancaGolden_CircleTurns,4.5530,114.3926,197.3783,-6.4373,-32.4428,-80.5199,0.0850,-0.7271,-0.6813,0.9980,61,16.874876,2.0455,1.1439
BiancaGolden_CircleTurns,4.6817,114.4002,197.4156,-6.3528,-32.3759,-80.7770,0.0814,-0.7278,-0.6809,0.9980,61,16.888756,2.0468,1.1440
BiancaGolden_CircleTurns,4.8445,114.3902,197.4411,-6.2752,-32.3493,-81.0453,0.0831,-0.7247,-0.6840,0.9980,62,16.902597,2.0484,1.1439
BiancaGolden_CircleTurns,5.0083,114.3741,197.4628,-6.1451,-32.3556,-81.3214,0.0823,-0.7167,-0.6925,0.9980,62,16.916636,2.0501,1.1437
BiancaGolden_CircleTurns,5.1977,114.3433,197.4699,-6.0353,-32.3763,-81.5871,0.0858,-0.7099,-0.6990,0.9980,62,16.930515,2.0520,1.1434
BiancaGolden_CircleTurns,5.3986,114.2609,197.4726,-5.8724,-32.3905,-81.8800,0.0816,-0.7115,-0.6979,0.9980,63,16.943714,2.0540,1.1426
BiancaGolden_CircleTurns,5.6151,114.1412,197.4788,-5.6980,-32.3085,-82.2207,0.0801,-0.7136,-0.6960,0.9980,63,16.956863,2.0562,1.1414
BiancaGolden_CircleTurns,5.8430,113.9897,197.4800,-5.4948,-32.1747,-82.5972,0.0743,-0.7163,-0.6938,0.9980,64,16.972597,2.0584,1.1399
BiancaGolden_CircleTurns,6.0855,113.8399,197.4365,-5.3126,-31.9983,-83.0220,0.0757,-0.7162,-0.6938,0.9980,64,16.989227,2.0609,1.1384
BiancaGolden_CircleTurns,6.3624,113.6732,197.3848,-5.1483,-31.8596,-83.4787,0.0709,-0.7152,-0.6954,0.9980,64,17.000429,2.0636,1.1367
BiancaGolden_CircleTurns,6.6339,113.4848,197.3390,-4.9894,-31.7847,-83.8923,0.0651,-0.7152,-0.6959,0.9980,65,17.013716,2.0663,1.1348
BiancaGolden_CircleTurns,6.9538,113.2445,197.3078,-4.8857,-31.7384,-84.3524,0.0686,-0.7085,-0.7024,0.9980,65,17.026344,2.0695,1.1324
BiancaGolden_CircleTurns,7.2799,113.0191,197.2473,-4.8273,-31.7087,-84.8153,0.0674,-0.7082,-0.7028,0.9980,66,17.042461,2.0728,1.1302
BiancaGolden_CircleTurns,7.6518,112.7747,197.1576,-4.7894,-31.7797,-85.2993,0.0614,-0.7072,-0.7043,0.9980,66,17.054752,2.0765,1.1277
BiancaGolden_CircleTurns,8.0389,112.5233,197.0581,-4.7589,-31.9022,-85.7602,0.0562,-0.7074,-0.7046,0.9980,67,17.069414,2.0804,1.1252
BiancaGolden_CircleTurns,8.4456,112.2572,196.9577,-4.7251,-32.0489,-86.2180,0.0551,-0.7069,-0.7052,0.9980,67,17.082573,2.0845,1.1226
BiancaGolden_CircleTurns,8.8735,111.9820,196.8585,-4.6946,-32.2243,-86.6900,0.0515,-0.7038,-0.7086,0.9980,67,17.096472,2.0887,1.1198
BiancaGolden_CircleTurns,9.3385,111.6915,196.7605,-4.6823,-32.3936,-87.2182,0.0478,-0.6960,-0.7165,0.9980,68,17.109789,2.0934,1.1169
BiancaGolden_CircleTurns,9.8400,111.3424,196.7063,-4.6765,-32.5601,-87.7826,0.0453,-0.6955,-0.7171,0.9980,68,17.123716,2.0984,1.1134
BiancaGolden_CircleTurns,10.3445,110.9791,196.6506,-4.5962,-32.6311,-88.3238,0.0377,-0.6957,-0.7174,0.9980,69,17.138594,2.1034,1.1098
BiancaGolden_CircleTurns,10.8993,110.6385,196.5299,-4.5144,-32.6382,-88.9508,0.0322,-0.6954,-0.7179,0.9980,69,17.152567,2.1090,1.1064
BiancaGolden_CircleTurns,11.4675,110.2503,196.4559,-4.3538,-32.7108,-89.5877,0.0339,-0.6945,-0.7187,0.9980,69,17.166019,2.1147,1.1025
BiancaGolden_CircleTurns,12.0563,109.7955,196.4913,-4.2480,-32.8146,-90.2231,0.0264,-0.6943,-0.7192,0.9980,70,17.179836,2.1206,1.0980
BiancaGolden_CircleTurns,12.6769,109.3080,196.5334,-4.1564,-32.8451,-90.8438,0.0233,-0.6917,-0.7218,0.9980,70,17.193987,2.1268,1.0931
BiancaGolden_CircleTurns,13.3325,108.8328,196.5440,-4.0853,-32.8178,-91.4752,0.0172,-0.6908,-0.7228,0.9980,71,17.208555,2.1333,1.0883
BiancaGolden_CircleTurns,14.0154,108.3939,196.4838,-3.9498,-32.7504,-92.1150,0.0105,-0.6916,-0.7222,0.9980,71,17.221842,2.1402,1.0839
BiancaGolden_CircleTurns,14.6867,107.9954,196.3872,-3.7110,-32.6859,-92.5625,0.0145,-0.6913,-0.7224,0.9980,72,17.237440,2.1469,1.0800
BiancaGolden_CircleTurns,15.3582,107.6179,196.3111,-3.4088,-32.6771,-93.0073,0.0087,-0.6898,-0.7240,0.9980,72,17.249397,2.1536,1.0762
BiancaGolden_CircleTurns,16.0316,107.2540,196.2424,-3.0790,-32.7790,-93.3970,0.0145,-0.6820,-0.7312,0.9980,72,17.264847,2.1603,1.0725
BiancaGolden_CircleTurns,16.7087,106.8727,196.2120,-2.9489,-32.9196,-93.8477,0.0098,-0.6805,-0.7326,0.9980,73,17.277702,2.1671,1.0687
BiancaGolden_CircleTurns,17.3610,106.4636,196.2254,-2.8680,-33.0418,-94.3055,0.0042,-0.6800,-0.7332,0.9980,73,17.290316,2.1736,1.0646
BiancaGolden_CircleTurns,18.0042,106.0238,196.2731,-2.7529,-33.0838,-94.7481,-0.0021,-0.6799,-0.7333,0.9980,74,17.306063,2.1800,1.0602
BiancaGolden_CircleTurns,18.6618,105.6156,196.2887,-2.5768,-33.0779,-95.2172,-0.0024,-0.6788,-0.7344,0.9980,74,17.318504,2.1866,1.0562
BiancaGolden_CircleTurns,19.3164,105.2567,196.2607,-2.3565,-33.0207,-95.6747,-0.0072,-0.6778,-0.7352,0.9980,74,17.333879,2.1932,1.0526
BiancaGolden_CircleTurns,19.9519,104.9035,196.2265,-2.1410,-32.9913,-96.0625,-0.0094,-0.6704,-0.7420,0.9980,75,17.346647,2.1995,1.0490
BiancaGolden_CircleTurns,20.5894,104.5497,196.2227,-1.9727,-33.0048,-96.3889,-0.0119,-0.6706,-0.7417,0.9980,75,17.359854,2.2059,1.0455
BiancaGolden_CircleTurns,21.2181,104.2107,196.2242,-1.7865,-32.9777,-96.6298,-0.0110,-0.6703,-0.7421,0.9980,76,17.375366,2.2122,1.0421
BiancaGolden_CircleTurns,21.8361,103.8816,196.2582,-1.6297,-33.0028,-96.8081,-0.0132,-0.6704,-0.7419,0.9980,76,17.388309,2.2184,1.0388
BiancaGolden_CircleTurns,22.4159,103.5369,196.2961,-1.4571,-32.9790,-96.8821,-0.0135,-0.6683,-0.7438,0.9980,77,17.402979,2.2242,1.0354
BiancaGolden_CircleTurns,22.9483,103.2440,196.3159,-1.2491,-32.9898,-96.9078,-0.0100,-0.6650,-0.7468,0.9980,77,17.415977,2.2295,1.0324
BiancaGolden_CircleTurns,23.4708,102.9633,196.3097,-1.0175,-33.0074,-96.9584,-0.0114,-0.6633,-0.7482,0.9980,77,17.430563,2.2347,1.0296
BiancaGolden_CircleTurns,23.9485,102.7055,196.3279,-0.6988,-33.1085,-96.9372,-0.0162,-0.6572,-0.7536,0.9980,78,17.443790,2.2395,1.0271
BiancaGolden_CircleTurns,24.4169,102.4311,196.3580,-0.3823,-33.1965,-96.8983,-0.0253,-0.6554,-0.7549,0.9980,78,17.457361,2.2442,1.0243
BiancaGolden_CircleTurns,24.8361,102.1901,196.3839,-0.1077,-33.2681,-96.8106,-0.0256,-0.6548,-0.7553,0.9980,79,17.473598,2.2484,1.0219
BiancaGolden_CircleTurns,25.2411,101.9742,196.3880,0.1088,-33.2926,-96.7540,-0.0256,-0.6562,-0.7541,0.9980,79,17.490009,2.2524,1.0197
BiancaGolden_CircleTurns,25.6064,101.7711,196.3922,0.2373,-33.3465,-96.6994,-0.0285,-0.6552,-0.7549,0.9980,79,17.500547,2.2561,1.0177
BiancaGolden_CircleTurns,25.9188,101.5820,196.4031,0.3328,-33.3979,-96.6099,-0.0288,-0.6547,-0.7553,0.9980,80,17.513504,2.2592,1.0158
BiancaGolden_CircleTurns,26.2197,101.4038,196.4267,0.4201,-33.4400,-96.5321,-0.0293,-0.6532,-0.7566,0.9980,80,17.526857,2.2622,1.0140
BiancaGolden_CircleTurns,26.4832,101.2625,196.4562,0.4097,-33.4866,-96.4404,-0.0283,-0.6526,-0.7571,0.9980,81,17.542181,2.2648,1.0126
BiancaGolden_CircleTurns,26.7220,101.1094,196.4997,0.3517,-33.5342,-96.3871,-0.0275,-0.6497,-0.7597,0.9980,81,17.554930,2.2672,1.0111
BiancaGolden_CircleTurns,26.9158,100.9748,196.5436,0.1985,-33.5502,-96.3704,-0.0296,-0.6466,-0.7622,0.9980,82,17.569273,2.2692,1.0097
BiancaGolden_CircleTurns,27.1126,100.8675,196.5822,0.0269,-33.5341,-96.3933,-0.0370,-0.6453,-0.7630,0.9980,82,17.582941,2.2711,1.0087
BiancaGolden_CircleTurns,27.2632,100.7636,196.6370,-0.1053,-33.5002,-96.4781,-0.0372,-0.6434,-0.7646,0.9980,82,17.598001,2.2726,1.0076
BiancaGolden_CircleTurns,27.4204,100.6491,196.6857,-0.1603,-33.3548,-96.5102,-0.0383,-0.6452,-0.7631,0.9980,83,17.611305,2.2742,1.0065
BiancaGolden_CircleTurns,27.5547,100.5482,196.7302,-0.3419,-33.2210,-96.4817,-0.0401,-0.6470,-0.7615,0.9980,83,17.624657,2.2755,1.0055
BiancaGolden_CircleTurns,27.6798,100.4750,196.7688,-0.5226,-33.0869,-96.4552,-0.0391,-0.6483,-0.7604,0.9980,84,17.639750,2.2768,1.0048
BiancaGolden_CircleTurns,27.7748,100.4260,196.7919,-0.6949,-32.9971,-96.4042,-0.0428,-0.6495,-0.7591,0.9980,84,17.653250,2.2777,1.0043
BiancaGolden_CircleTurns,27.8671,100.3924,196.8110,-0.8742,-32.9236,-96.3921,-0.0429,-0.6501,-0.7587,0.9980,84,17.668188,2.2787,1.0039
BiancaGolden_CircleTurns,27.9346,100.3426,196.8340,-1.0359,-32.8327,-96.4380,-0.0437,-0.6524,-0.7567,0.9980,85,17.681511,2.2793,1.0034
BiancaGolden_CircleTurns,27.9732,100.3237,196.8384,-1.1423,-32.6897,-96.5133,-0.0554,-0.6500,-0.7579,0.9980,85,17.695164,2.2797,1.0032
BiancaGolden_CircleTurns,28.0096,100.3263,196.8204,-1.1633,-32.5247,-96.6127,-0.0570,-0.6515,-0.7565,0.9980,86,17.710415,2.2801,1.0033
BiancaGolden_CircleTurns,28.0255,100.3483,196.7922,-1.1551,-32.3931,-96.7048,-0.0585,-0.6532,-0.7549,0.9980,86,17.723618,2.2803,1.0035
BiancaGolden_CircleTurns,28.0527,100.3772,196.7649,-1.1286,-32.2577,-96.8028,-0.0586,-0.6498,-0.7579,0.9980,87,17.738825,2.2805,1.0038
BiancaGolden_CircleTurns,28.0595,100.4399,196.7472,-1.1280,-32.2082,-96.8519,-0.0579,-0.6441,-0.7628,0.9980,87,17.751513,2.2806,1.0044
BiancaGolden_CircleTurns,28.0616,100.5331,196.7146,-1.0980,-32.2201,-96.8787,-0.0575,-0.6415,-0.7649,0.9980,87,17.766291,2.2806,1.0053
BiancaGolden_CircleTurns,28.0342,100.6508,196.6960,-1.0345,-32.3126,-96.8495,-0.0593,-0.6345,-0.7706,0.9980,88,17.779060,2.2803,1.0065
BiancaGolden_CircleTurns,27.9959,100.7875,196.6953,-0.9668,-32.4154,-96.8162,-0.0623,-0.6339,-0.7709,0.9980,88,17.792259,2.2800,1.0079
BiancaGolden_CircleTurns,27.9479,100.9321,196.6882,-0.8702,-32.4400,-96.7575,-0.0613,-0.6338,-0.7711,0.9980,89,17.807167,2.2795,1.0093
BiancaGolden_CircleTurns,27.8821,101.1198,196.6933,-0.7709,-32.4484,-96.5977,-0.0615,-0.6339,-0.7710,0.9980,89,17.821102,2.2788,1.0112
BiancaGolden_CircleTurns,27.8008,101.2856,196.7354,-0.6910,-32.4336,-96.4049,-0.0602,-0.6366,-0.7689,0.9980,90,17.835754,2.2780,1.0129
BiancaGolden_CircleTurns,27.6710,101.4612,196.8135,-0.6513,-32.3518,-96.2090,-0.0606,-0.6362,-0.7692,0.9980,90,17.848778,2.2767,1.0146
BiancaGolden_CircleTurns,27.5213,101.6649,196.8479,-0.6463,-32.1110,-96.0619,-0.0576,-0.6401,-0.7661,0.9980,90,17.863207,2.2752,1.0166
BiancaGolden_CircleTurns,27.3494,101.8702,196.8794,-0.7038,-31.8770,-95.9416,-0.0581,-0.6415,-0.7649,0.9980,91,17.876404,2.2735,1.0187
BiancaGolden_CircleTurns,27.1545,102.0440,196.9909,-0.7641,-31.6443,-95.7690,-0.0558,-0.6447,-0.7624,0.9980,91,17.888865,2.2715,1.0204
BiancaGolden_CircleTurns,26.9281,102.2101,197.1152,-0.8639,-31.4209,-95.5872,-0.0585,-0.6474,-0.7599,0.9980,92,17.904123,2.2693,1.0221
BiancaGolden_CircleTurns,26.6865,102.4450,197.1735,-1.0366,-31.2013,-95.4372,-0.0564,-0.6499,-0.7579,0.9980,92,17.918125,2.2669,1.0244
BiancaGolden_CircleTurns,26.4392,102.6573,197.2277,-1.2557,-31.0188,-95.3339,-0.0451,-0.6708,-0.7403,0.9980,92,17.932186,2.2644,1.0266
BiancaGolden_CircleTurns,26.1659,102.8494,197.3351,-1.5293,-30.8467,-95.2483,-0.0419,-0.6948,-0.7179,0.9980,93,17.946089,2.2617,1.0285
BiancaGolden_CircleTurns,25.8858,103.0328,197.4480,-1.7738,-30.6832,-95.1814,-0.0385,-0.7090,-0.7042,0.9980,93,17.959089,2.2589,1.0303
BiancaGolden_CircleTurns,25.5904,103.2329,197.5121,-2.0117,-30.5179,-95.1921,-0.0404,-0.7111,-0.7019,0.9980,94,17.974411,2.2559,1.0323
BiancaGolden_CircleTurns,25.2984,103.4334,197.5480,-2.2423,-30.3315,-95.2083,-0.0408,-0.7132,-0.6997,0.9980,94,17.992287,2.2530,1.0343
BiancaGolden_CircleTurns,25.0131,103.6476,197.5610,-2.4598,-30.1650,-95.2991,-0.0326,-0.7064,-0.7071,0.9980,95,18.003057,2.2501,1.0365
BiancaGolden_CircleTurns,24.7508,103.8694,197.5546,-2.6759,-30.0253,-95.3654,-0.0224,-0.7216,-0.6920,0.9980,95,18.015209,2.2475,1.0387
BiancaGolden_CircleTurns,24.5188,104.0986,197.5345,-3.0270,-30.0044,-95.4780,-0.0260,-0.7370,-0.6754,0.9980,95,18.030315,2.2452,1.0410
BiancaGolden_CircleTurns,24.3104,104.3578,197.4706,-3.5744,-30.1024,-95.7088,-0.0274,-0.7347,-0.6778,0.9980,96,18.043093,2.2431,1.0436
BiancaGolden_CircleTurns,24.0981,104.5721,197.4390,-4.0746,-30.3153,-95.9805,-0.0289,-0.7333,-0.6793,0.9980,96,18.055918,2.2410,1.0457
BiancaGolden_CircleTurns,23.8906,104.7815,197.4117,-4.4100,-30.4505,-96.2061,-0.0332,-0.7351,-0.6771,0.9980,97,18.071896,2.2389,1.0478
BiancaGolden_CircleTurns,23.7143,104.9316,197.4170,-4.6602,-30.5536,-96.4250,-0.0346,-0.7315,-0.6809,0.9980,97,18.084934,2.2371,1.0493
BiancaGolden_CircleTurns,23.5720,105.0341,197.4297,-4.8027,-30.5910,-96.6310,-0.0351,-0.7308,-0.6817,0.9980,97,18.099342,2.2357,1.0503
BiancaGolden_CircleTurns,23.4319,105.1183,197.4130,-4.9474,-30.5584,-96.7625,-0.0331,-0.7324,-0.6801,0.9980,98,18.114103,2.2343,1.0512
BiancaGolden_CircleTurns,23.2991,105.2012,197.3440,-4.9280,-30.4634,-96.9251,-0.0348,-0.7324,-0.6800,0.9980,98,18.126270,2.2330,1.0520
BiancaGolden_CircleTurns,23.1760,105.2394,197.2974,-4.9422,-30.4535,-97.0615,-0.0317,-0.7279,-0.6850,0.9980,99,18.141644,2.2318,1.0524
BiancaGolden_CircleTurns,23.0538,105.2246,197.3230,-4.8841,-30.5321,-97.2706,-0.0345,-0.7264,-0.6864,0.9980,99,18.155254,2.2305,1.0522
BiancaGolden_CircleTurns,22.9494,105.1302,197.3933,-4.9951,-30.6588,-97.5405,-0.0329,-0.7239,-0.6892,0.9980,100,18.169683,2.2295,1.0513
BiancaGolden_CircleTurns,22.8471,104.9949,197.4474,-5.1829,-30.7717,-97.8858,-0.0330,-0.7239,-0.6891,0.9980,100,18.184296,2.2285,1.0499
BiancaGolden_CircleTurns,22.7664,104.8297,197.4639,-5.3859,-30.8254,-98.3010,-0.0382,-0.7250,-0.6877,0.9980,100,18.198513,2.2277,1.0483
BiancaGolden_CircleTurns,22.6875,104.6427,197.4678,-5.5046,-30.7456,-98.7198,-0.0418,-0.7274,-0.6849,0.9980,101,18.211176,2.2269,1.0464
BiancaGolden_CircleTurns,22.6216,104.3775,197.4872,-5.5367,-30.5618,-99.2021,-0.0475,-0.7300,-0.6818,0.9980,101,18.224445,2.2262,1.0438
BiancaGolden_CircleTurns,22.5694,104.0767,197.4875,-5.5438,-30.3216,-99.6548,-0.0486,-0.7258,-0.6862,0.9980,102,18.240011,2.2257,1.0408
BiancaGolden_CircleTurns,22.5268,103.7664,197.4341,-5.4740,-30.1285,-100.0627,-0.0502,-0.7267,-0.6851,0.9980,102,18.253349,2.2253,1.0377
BiancaGolden_CircleTurns,22.5070,103.4170,197.3590,-5.3588,-30.0462,-100.4308,-0.0520,-0.7257,-0.6861,0.9980,102,18.267517,2.2251,1.0342
BiancaGolden_CircleTurns,22.5113,103.0529,197.2718,-5.2634,-30.0434,-100.8239,-0.0553,-0.7276,-0.6838,0.9980,103,18.281807,2.2251,1.0305
BiancaGolden_CircleTurns,22.5238,102.6631,197.1657,-5.2315,-30.1685,-101.2103,-0.0605,-0.7254,-0.6857,0.9980,103,18.294544,2.2252,1.0266
BiancaGolden_CircleTurns,22.5378,102.2581,197.0229,-5.2406,-30.3195,-101.6541,-0.0658,-0.7231,-0.6876,0.9980,104,18.309685,2.2254,1.0226
BiancaGolden_CircleTurns,22.5653,101.8162,196.8724,-5.2570,-30.4787,-102.1099,-0.0531,-0.7150,-0.6971,0.9980,104,18.323095,2.2257,1.0182
BiancaGolden_CircleTurns,22.6109,101.3104,196.7534,-5.2900,-30.5895,-102.6254,-0.0594,-0.7128,-0.6988,0.9980,105,18.337521,2.2261,1.0131
BiancaGolden_CircleTurns,22.6583,100.7275,196.6602,-5.2897,-30.7280,-103.1584,-0.0590,-0.7053,-0.7064,0.9980,105,18.351027,2.2266,1.0073
BiancaGolden_CircleTurns,22.7410,100.1224,196.5555,-5.2369,-30.7461,-103.6653,-0.0657,-0.7040,-0.7071,0.9980,105,18.365585,2.2274,1.0012
BiancaGolden_CircleTurns,22.8461,99.4566,196.4723,-5.2588,-30.8026,-104.2286,-0.0687,-0.7022,-0.7087,0.9980,106,18.378805,2.2285,0.9946
BiancaGolden_CircleTurns,22.9841,98.7577,196.3735,-5.2508,-30.8829,-104.7848,-0.0707,-0.7014,-0.7092,0.9980,106,18.392454,2.2298,0.9876
BiancaGolden_CircleTurns,23.1349,98.0014,196.2862,-5.2046,-30.9693,-105.3159,-0.0740,-0.6990,-0.7113,0.9980,107,18.407841,2.2313,0.9800
BiancaGolden_CircleTurns,23.2897,97.2086,196.2031,-5.1131,-31.1543,-105.8034,-0.0796,-0.6954,-0.7142,0.9980,107,18.420694,2.2329,0.9721
BiancaGolden_CircleTurns,23.4334,96.3376,196.1764,-5.0125,-31.3801,-106.2968,-0.0750,-0.6904,-0.7196,0.9980,107,18.434862,2.2343,0.9634
BiancaGolden_CircleTurns,23.5576,95.3239,196.2623,-4.9211,-31.6523,-106.7153,-0.0819,-0.6890,-0.7201,0.9980,108,18.448450,2.2356,0.9532
BiancaGolden_CircleTurns,23.7185,94.2509,196.3060,-4.7429,-31.6716,-107.2343,-0.0875,-0.6885,-0.7200,0.9980,108,18.461515,2.2372,0.9425
BiancaGolden_CircleTurns,23.8983,93.2686,196.2231,-4.5460,-31.6200,-107.6685,-0.0762,-0.6882,-0.7215,0.9980,109,18.476269,2.2390,0.9327
BiancaGolden_CircleTurns,24.1048,92.3569,196.0735,-4.2206,-31.6966,-108.0299,-0.0793,-0.6853,-0.7240,0.9980,109,18.493715,2.2410,0.9236
BiancaGolden_CircleTurns,24.3171,91.4567,195.9261,-3.8835,-31.8437,-108.3185,-0.0828,-0.6840,-0.7248,0.9980,110,18.505121,2.2432,0.9146
BiancaGolden_CircleTurns,24.5223,90.5347,195.8271,-3.6119,-32.0912,-108.5234,-0.0834,-0.6822,-0.7264,0.9980,110,18.517305,2.2452,0.9053
BiancaGolden_CircleTurns,24.7284,89.6065,195.7133,-3.4021,-32.2203,-108.7755,-0.0843,-0.6756,-0.7324,0.9980,110,18.532194,2.2473,0.8961
BiancaGolden_CircleTurns,24.8804,88.6260,195.6126,-3.2610,-32.1795,-109.0270,-0.0876,-0.6774,-0.7304,0.9980,111,18.546068,2.2488,0.8863
BiancaGolden_CircleTurns,25.0335,87.6674,195.5235,-3.1701,-32.0195,-109.2363,-0.0822,-0.6768,-0.7315,0.9980,111,18.557795,2.2503,0.8767
BiancaGolden_CircleTurns,25.2003,86.7539,195.4128,-3.1034,-31.8466,-109.3607,-0.0821,-0.6745,-0.7337,0.9980,112,18.573833,2.2520,0.8675
BiancaGolden_CircleTurns,25.4199,85.9765,195.2706,-3.1264,-31.8969,-109.3921,-0.0814,-0.6717,-0.7363,0.9980,112,18.586706,2.2542,0.8598
BiancaGolden_CircleTurns,25.6288,85.2211,195.1261,-3.2319,-32.1476,-109.4559,-0.0865,-0.6613,-0.7451,0.9980,113,18.601746,2.2563,0.8522
BiancaGolden_CircleTurns,25.7968,84.4959,195.0211,-3.4467,-32.4654,-109.6105,-0.0872,-0.6576,-0.7483,0.9980,113,18.614397,2.2580,0.8450
BiancaGolden_CircleTurns,25.9324,83.7361,194.9724,-3.4990,-32.7513,-109.8019,-0.0920,-0.6526,-0.7521,0.9980,113,18.629808,2.2593,0.8374
BiancaGolden_CircleTurns,26.0469,83.0104,194.9526,-3.3998,-32.9229,-110.0088,-0.0936,-0.6511,-0.7532,0.9980,114,18.643169,2.2605,0.8301
BiancaGolden_CircleTurns,26.1676,82.3241,194.9134,-3.1679,-32.9756,-110.0974,-0.0942,-0.6486,-0.7553,0.9980,114,18.655418,2.2617,0.8232
BiancaGolden_CircleTurns,26.2953,81.6765,194.8800,-3.0067,-32.9787,-110.1585,-0.0989,-0.6433,-0.7592,0.9980,115,18.670910,2.2630,0.8168
BiancaGolden_CircleTurns,26.3973,81.1090,194.8562,-2.9248,-33.0378,-110.1350,-0.1001,-0.6405,-0.7614,0.9980,115,18.684587,2.2640,0.8111
BiancaGolden_CircleTurns,26.4903,80.5737,194.8559,-2.9011,-33.2080,-110.1647,-0.0998,-0.6376,-0.7639,0.9980,115,18.699322,2.2649,0.8057
BiancaGolden_CircleTurns,26.5735,80.1018,194.8586,-2.8714,-33.4311,-110.2157,-0.1050,-0.6401,-0.7611,0.9980,116,18.712210,2.2657,0.8010
BiancaGolden_CircleTurns,26.6763,79.6654,194.8512,-2.9016,-33.6216,-110.2857,-0.1055,-0.6379,-0.7629,0.9980,116,18.725233,2.2668,0.7967
BiancaGolden_CircleTurns,26.7624,79.2822,194.8562,-3.0324,-33.7906,-110.3730,-0.1087,-0.6352,-0.7647,0.9980,117,18.740906,2.2676,0.7928
BiancaGolden_CircleTurns,26.8476,78.9165,194.8589,-3.1615,-33.8729,-110.4915,-0.1106,-0.6341,-0.7653,0.9980,117,18.755098,2.2685,0.7892
BiancaGolden_CircleTurns,26.9098,78.5826,194.8929,-3.1934,-33.9371,-110.7026,-0.1177,-0.6312,-0.7666,0.9980,118,18.768511,2.2691,0.7858
BiancaGolden_CircleTurns,26.9696,78.2744,194.9487,-3.2124,-33.9987,-110.8870,-0.1159,-0.6340,-0.7646,0.9980,118,18.781563,2.2697,0.7827
BiancaGolden_CircleTurns,27.0329,78.0027,195.0174,-3.1882,-34.0690,-111.0799,-0.1172,-0.6333,-0.7650,0.9980,118,18.796173,2.2703,0.7800
BiancaGolden_CircleTurns,27.1213,77.7915,195.0695,-3.1799,-34.1029,-111.2149,-0.1189,-0.6326,-0.7653,0.9980,119,18.809523,2.2712,0.7779
BiancaGolden_CircleTurns,27.2091,77.5721,195.1293,-3.2068,-34.1237,-111.2937,-0.1196,-0.6349,-0.7633,0.9980,119,18.822384,2.2721,0.7757
BiancaGolden_CircleTurns,27.2774,77.3923,195.2064,-3.2886,-34.0778,-111.3051,-0.1234,-0.6317,-0.7653,0.9980,120,18.837887,2.2728,0.7739
BiancaGolden_CircleTurns,27.3443,77.2206,195.2867,-3.3539,-33.9652,-111.3182,-0.1240,-0.6328,-0.7643,0.9980,120,18.852013,2.2734,0.7722
BiancaGolden_CircleTurns,27.3806,77.0943,195.3589,-3.3130,-33.8664,-111.3139,-0.1275,-0.6314,-0.7649,0.9980,120,18.866083,2.2738,0.7709
BiancaGolden_CircleTurns,27.4265,76.9743,195.4353,-3.2217,-33.7932,-111.3534,-0.1286,-0.6316,-0.7646,0.9980,121,18.880033,2.2743,0.7697
BiancaGolden_CircleTurns,27.4323,76.8729,195.5308,-3.1071,-33.7489,-111.3963,-0.1298,-0.6318,-0.7642,0.9980,121,18.892614,2.2743,0.7687
BiancaGolden_CircleTurns,27.4385,76.7774,195.6309,-3.0067,-33.6980,-111.4440,-0.1290,-0.6345,-0.7621,0.9980,122,18.907480,2.2744,0.7678
BiancaGolden_CircleTurns,27.4343,76.7524,195.6979,-2.8594,-33.5079,-111.3512,-0.1316,-0.6346,-0.7615,0.9980,122,18.921520,2.2743,0.7675
BiancaGolden_CircleTurns,27.4255,76.6788,195.7415,-2.7136,-33.4366,-111.4947,-0.1335,-0.6283,-0.7665,0.9980,123,18.936079,2.2743,0.7668
BiancaGolden_CircleTurns,27.3210,76.6754,195.8285,-2.3367,-33.1238,-111.3881,-0.1342,-0.6303,-0.7646,0.9980,123,18.949409,2.2732,0.7668
BiancaGolden_CircleTurns,27.2756,76.6880,195.9090,-2.2417,-32.9459,-111.3385,-0.1324,-0.6289,-0.7661,0.9980,123,18.962933,2.2728,0.7669
BiancaGolden_CircleTurns,27.2459,76.7260,195.9588,-2.4163,-32.8007,-111.2200,-0.1288,-0.6281,-0.7674,0.9980,124,18.979469,2.2725,0.7673
BiancaGolden_CircleTurns,27.2227,76.8455,195.9779,-2.8406,-32.9794,-111.1451,-0.1248,-0.6276,-0.7685,0.9980,124,18.990088,2.2722,0.7685
BiancaGolden_CircleTurns,27.0880,76.9877,196.0204,-2.9353,-33.0899,-110.8647,-0.1275,-0.6303,-0.7659,0.9980,125,19.004318,2.2709,0.7699
BiancaGolden_CircleTurns,26.9069,77.0726,196.1223,-2.8080,-33.1069,-110.6447,-0.1358,-0.6312,-0.7636,0.9980,125,19.018503,2.2691,0.7707
BiancaGolden_CircleTurns,26.8187,77.1992,196.1609,-2.7559,-32.8323,-110.6536,-0.1325,-0.6322,-0.7634,0.9980,125,19.032207,2.2682,0.7720
BiancaGolden_CircleTurns,26.6793,77.3911,196.1729,-2.9840,-32.6595,-110.4622,-0.1298,-0.6349,-0.7616,0.9980,126,19.045334,2.2668,0.7739
BiancaGolden_CircleTurns,26.5367,77.6021,196.1987,-3.2576,-32.5332,-110.2699,-0.1296,-0.6358,-0.7609,0.9980,126,19.058493,2.2654,0.7760
BiancaGolden_CircleTurns,26.3559,77.8328,196.2252,-3.3680,-32.4200,-110.1354,-0.1324,-0.6333,-0.7625,0.9980,127,19.075348,2.2636,0.7783
BiancaGolden_CircleTurns,26.1838,78.1109,196.2622,-3.5518,-32.2944,-110.1087,-0.1315,-0.6361,-0.7603,0.9980,127,19.087994,2.2618,0.7811
BiancaGolden_CircleTurns,26.0100,78.4250,196.2464,-3.7172,-32.1221,-110.0266,-0.1302,-0.6340,-0.7623,0.9980,128,19.102203,2.2601,0.7843
BiancaGolden_CircleTurns,25.8991,78.7746,196.2041,-3.9651,-32.0249,-110.0255,-0.1265,-0.6356,-0.7616,0.9980,128,19.115852,2.2590,0.7877
BiancaGolden_CircleTurns,25.7756,79.1267,196.1882,-4.3119,-31.9844,-109.8579,-0.1237,-0.6334,-0.7639,0.9980,128,19.129274,2.2578,0.7913
BiancaGolden_CircleTurns,25.6090,79.5335,196.2265,-4.5764,-32.0921,-109.6085,-0.1188,-0.6350,-0.7634,0.9980,129,19.142906,2.2561,0.7953
BiancaGolden_CircleTurns,25.4669,79.9738,196.2516,-4.7289,-32.0682,-109.2221,-0.1142,-0.6365,-0.7627,0.9980,129,19.156282,2.2547,0.7997
BiancaGolden_CircleTurns,25.3056,80.3172,196.3347,-4.7899,-32.1969,-108.8207,-0.0994,-0.6659,-0.7394,0.9980,130,19.171097,2.2531,0.8032
BiancaGolden_CircleTurns,25.1573,80.6544,196.4691,-4.8786,-32.1534,-108.4514,-0.0937,-0.6680,-0.7382,0.9980,130,19.184372,2.2516,0.8065
BiancaGolden_CircleTurns,24.9393,80.9836,196.6210,-4.9071,-32.0737,-107.9320,-0.0844,-0.7065,-0.7027,0.9980,130,19.198730,2.2494,0.8098
BiancaGolden_CircleTurns,24.7332,81.2931,196.7652,-5.0143,-31.8492,-107.5468,-0.0822,-0.7097,-0.6997,0.9980,131,19.212534,2.2473,0.8129
BiancaGolden_CircleTurns,24.5785,81.6249,196.8265,-5.2138,-31.6362,-107.3657,-0.0801,-0.7173,-0.6922,0.9980,131,19.225895,2.2458,0.8162
BiancaGolden_CircleTurns,24.4159,81.9725,196.8112,-5.3917,-31.4390,-107.2371,-0.0888,-0.7177,-0.6907,0.9980,132,19.241083,2.2442,0.8197
BiancaGolden_CircleTurns,24.2958,82.3403,196.7163,-5.5537,-31.2253,-107.1482,-0.0874,-0.7188,-0.6896,0.9980,132,19.254959,2.2430,0.8234
BiancaGolden_CircleTurns,24.1847,82.6887,196.5629,-5.7023,-31.0864,-107.0477,-0.0908,-0.7157,-0.6925,0.9980,133,19.269230,2.2418,0.8269
BiancaGolden_CircleTurns,24.0799,82.9902,196.4842,-5.8113,-31.0906,-106.9180,-0.0932,-0.7124,-0.6956,0.9980,133,19.282225,2.2408,0.8299
BiancaGolden_CircleTurns,23.9404,83.2294,196.4749,-5.8687,-31.2889,-106.8027,-0.0902,-0.7083,-0.7001,0.9980,133,19.297287,2.2394,0.8323
BiancaGolden_CircleTurns,23.8284,83.4748,196.4451,-5.9042,-31.5986,-106.6790,-0.0870,-0.7020,-0.7068,0.9980,134,19.310148,2.2383,0.8347
BiancaGolden_CircleTurns,23.7435,83.7139,196.3699,-5.9448,-32.2160,-106.5904,-0.0875,-0.6921,-0.7165,0.9980,134,19.323664,2.2374,0.8371
BiancaGolden_CircleTurns,23.6791,83.9527,196.2499,-6.0803,-32.9059,-106.4881,-0.0828,-0.6812,-0.7274,0.9980,135,19.339182,2.2368,0.8395
BiancaGolden_CircleTurns,23.6343,84.1871,196.0898,-6.2915,-33.8076,-106.4384,-0.0797,-0.6683,-0.7396,0.9980,135,19.352177,2.2363,0.8419
BiancaGolden_CircleTurns,23.6046,84.3838,195.9404,-6.5472,-34.8522,-106.3764,-0.0789,-0.6572,-0.7496,0.9980,135,19.366791,2.2360,0.8438
BiancaGolden_CircleTurns,23.5656,84.5504,195.8120,-6.7828,-35.7523,-106.2832,-0.0739,-0.6456,-0.7601,0.9980,136,19.380634,2.2357,0.8455
BiancaGolden_CircleTurns,23.5156,84.6333,195.7065,-6.8988,-36.7993,-106.2167,-0.0738,-0.6394,-0.7653,0.9980,136,19.393515,2.2352,0.8463
BiancaGolden_CircleTurns,23.4977,84.7171,195.5655,-7.0179,-37.6489,-106.1797,-0.0728,-0.6347,-0.7693,0.9980,137,19.408480,2.2350,0.8472
BiancaGolden_CircleTurns,23.5170,84.8303,195.3818,-7.0429,-38.5442,-106.0845,-0.0699,-0.6398,-0.7654,0.9980,137,19.422421,2.2352,0.8483
BiancaGolden_CircleTurns,23.5433,84.9247,195.2325,-6.9118,-39.4334,-105.7768,-0.0623,-0.6430,-0.7633,0.9980,138,19.437733,2.2354,0.8492
BiancaGolden_CircleTurns,23.5783,84.9866,195.1237,-6.9287,-40.1741,-105.4297,-0.0550,-0.6370,-0.7689,0.9980,138,19.450766,2.2358,0.8499
BiancaGolden_CircleTurns,23.6164,85.0046,195.0429,-7.1714,-40.7134,-104.9990,-0.0482,-0.6371,-0.7693,0.9980,138,19.465109,2.2362,0.8500
BiancaGolden_CircleTurns,23.6812,85.0227,194.9670,-7.3588,-41.0416,-104.6892,-0.0499,-0.6525,-0.7561,0.9980,139,19.481819,2.2368,0.8502
BiancaGolden_CircleTurns,23.7139,84.9953,194.9568,-7.6357,-41.1128,-104.3525,-0.0511,-0.6740,-0.7369,0.9980,139,19.491663,2.2371,0.8500
BiancaGolden_CircleTurns,23.7409,84.9278,194.9769,-7.8628,-40.9730,-104.0449,-0.0520,-0.6859,-0.7258,0.9980,140,19.506260,2.2374,0.8493
BiancaGolden_CircleTurns,23.7757,84.8090,195.0473,-7.9172,-40.5061,-103.7850,-0.0566,-0.6997,-0.7122,0.9980,140,19.519096,2.2378,0.8481
BiancaGolden_CircleTurns,23.8040,84.7320,195.0877,-7.8162,-39.9920,-103.5209,-0.0635,-0.7054,-0.7059,0.9980,140,19.533306,2.2380,0.8473
BiancaGolden_CircleTurns,23.8788,84.6966,195.1139,-7.6634,-39.6315,-103.2499,-0.0600,-0.7081,-0.7036,0.9980,141,19.546656,2.2388,0.8470
BiancaGolden_CircleTurns,23.9833,84.6636,195.1298,-7.4882,-39.3906,-102.9120,-0.0529,-0.7108,-0.7014,0.9980,141,19.560209,2.2398,0.8466
BiancaGolden_CircleTurns,24.1050,84.5810,195.1551,-7.4527,-39.2426,-102.4537,-0.0544,-0.7179,-0.6940,0.9980,142,19.575375,2.2410,0.8458
BiancaGolden_CircleTurns,24.2190,84.4756,195.1847,-7.4899,-39.1473,-102.1044,-0.0555,-0.7185,-0.6933,0.9980,142,19.588896,2.2422,0.8448
BiancaGolden_CircleTurns,24.3150,84.3168,195.2420,-7.5691,-39.0716,-101.7848,-0.0635,-0.7177,-0.6935,0.9980,143,19.604218,2.2431,0.8432
BiancaGolden_CircleTurns,24.4081,84.1345,195.2954,-7.5259,-38.9233,-101.5442,-0.0606,-0.7167,-0.6948,0.9980,143,19.617485,2.2441,0.8413
BiancaGolden_CircleTurns,24.4902,83.9551,195.3265,-7.3839,-38.8044,-101.2653,-0.0571,-0.7188,-0.6929,0.9980,143,19.631794,2.2449,0.8396
BiancaGolden_CircleTurns,24.5644,83.7218,195.3626,-7.0964,-38.6275,-100.9207,-0.0579,-0.7166,-0.6951,0.9980,144,19.645117,2.2456,0.8372
BiancaGolden_CircleTurns,24.6802,83.4766,195.4035,-6.9062,-38.5182,-100.6973,-0.0563,-0.7135,-0.6984,0.9980,144,19.657379,2.2468,0.8348
BiancaGolden_CircleTurns,24.7765,83.2352,195.4415,-6.7414,-38.4616,-100.4224,-0.0609,-0.7066,-0.7050,0.9980,145,19.673460,2.2478,0.8324
BiancaGolden_CircleTurns,24.8638,82.9557,195.4653,-6.5272,-38.3771,-100.1304,-0.0584,-0.7077,-0.7041,0.9980,145,19.686893,2.2486,0.8296
BiancaGolden_CircleTurns,24.9578,82.6380,195.5030,-6.3087,-38.2887,-99.8783,-0.0179,-0.7285,-0.6848,0.9980,145,19.700590,2.2496,0.8264
BiancaGolden_CircleTurns,25.0467,82.2941,195.5438,-6.1614,-38.0611,-99.6573,-0.0158,-0.7312,-0.6819,0.9980,146,19.714085,2.2505,0.8229
BiancaGolden_CircleTurns,25.1148,81.9272,195.6053,-6.0055,-37.8079,-99.4536,-0.0059,-0.7428,-0.6695,0.9980,146,19.727911,2.2511,0.8193
BiancaGolden_CircleTurns,25.2046,81.5210,195.6582,-5.8049,-37.4742,-99.3644,-0.0045,-0.7452,-0.6668,0.9980,147,19.742750,2.2520,0.8152
BiancaGolden_CircleTurns,25.2988,81.1174,195.6993,-5.6246,-37.2511,-99.2525,-0.0021,-0.7432,-0.6691,0.9980,147,19.755898,2.2530,0.8112
BiancaGolden_CircleTurns,25.3844,80.6742,195.7723,-5.4660,-37.1155,-99.1077,-0.0126,-0.7398,-0.6727,0.9980,148,19.770622,2.2538,0.8067
BiancaGolden_CircleTurns,25.4674,80.1973,195.8516,-5.3053,-37.0230,-99.0880,-0.0139,-0.7354,-0.6775,0.9980,148,19.783783,2.2547,0.8020
BiancaGolden_CircleTurns,25.5567,79.6818,195.9203,-5.1134,-36.9075,-99.0981,-0.0140,-0.7367,-0.6760,0.9980,148,19.798948,2.2556,0.7968
BiancaGolden_CircleTurns,25.6110,79.1436,195.9666,-4.8053,-36.7625,-99.0590,-0.0172,-0.7352,-0.6777,0.9980,149,19.811834,2.2561,0.7914
BiancaGolden_CircleTurns,25.6797,78.5946,196.0012,-4.4550,-36.6510,-99.0249,-0.0169,-0.7321,-0.6810,0.9980,149,19.824667,2.2568,0.7859
BiancaGolden_CircleTurns,25.7577,78.0223,196.0517,-4.2000,-36.6158,-98.9801,-0.0172,-0.7290,-0.6843,0.9980,150,19.839495,2.2576,0.7802
BiancaGolden_CircleTurns,25.8597,77.4269,196.0748,-4.0080,-36.5867,-99.0378,-0.0240,-0.7258,-0.6875,0.9980,150,19.853275,2.2586,0.7743
BiancaGolden_CircleTurns,25.9834,76.8275,196.0479,-3.8962,-36.4548,-99.1441,-0.0289,-0.7218,-0.6915,0.9980,150,19.868162,2.2598,0.7683
BiancaGolden_CircleTurns,26.1037,76.2375,195.9602,-3.7252,-36.2892,-99.2572,-0.0313,-0.7231,-0.6901,0.9980,151,19.880714,2.2610,0.7624
BiancaGolden_CircleTurns,26.2470,75.6438,195.8841,-3.5072,-36.1480,-99.3792,-0.0379,-0.7138,-0.6993,0.9980,151,19.894369,2.2625,0.7564
BiancaGolden_CircleTurns,26.3922,75.0548,195.7840,-3.3196,-36.0809,-99.4734,-0.0395,-0.7130,-0.7001,0.9980,152,19.910049,2.2639,0.7505
BiancaGolden_CircleTurns,26.5774,74.4780,195.6568,-3.1206,-35.9868,-99.5720,-0.0399,-0.7059,-0.7071,0.9980,152,19.922478,2.2658,0.7448
BiancaGolden_CircleTurns,26.7700,73.8899,195.5447,-2.9494,-36.0033,-99.6347,-0.0387,-0.6997,-0.7134,0.9980,153,19.936642,2.2677,0.7389
BiancaGolden_CircleTurns,26.9656,73.2724,195.4541,-2.8129,-36.0150,-99.6378,-0.0398,-0.6986,-0.7144,0.9980,153,19.949997,2.2697,0.7327
BiancaGolden_CircleTurns,27.1843,72.6771,195.3470,-2.6885,-36.1047,-99.6936,-0.0389,-0.6915,-0.7213,0.9980,153,19.964485,2.2718,0.7268
BiancaGolden_CircleTurns,27.4004,72.0926,195.2192,-2.5017,-36.1771,-99.7047,-0.0391,-0.6852,-0.7273,0.9980,154,19.982182,2.2740,0.7209
BiancaGolden_CircleTurns,27.6127,71.4454,195.1789,-2.3147,-36.2898,-99.7306,-0.0401,-0.6838,-0.7286,0.9980,154,19.991486,2.2761,0.7145
BiancaGolden_CircleTurns,27.8040,70.6842,195.2622,-2.1823,-36.4113,-99.7772,-0.0442,-0.6779,-0.7338,0.9980,155,20.006174,2.2780,0.7068
BiancaGolden_CircleTurns,28.0215,69.8990,195.3551,-2.0522,-36.4050,-99.9213,-0.0467,-0.6796,-0.7321,0.9980,155,20.019375,2.2802,0.6990
BiancaGolden_CircleTurns,28.2351,69.1813,195.3389,-1.9593,-36.2558,-100.0654,-0.0534,-0.6779,-0.7332,0.9980,155,20.033419,2.2824,0.6918
BiancaGolden_CircleTurns,28.4753,68.5391,195.2444,-1.7528,-36.1143,-100.1739,-0.0554,-0.6782,-0.7328,0.9980,156,20.046600,2.2848,0.6854
BiancaGolden_CircleTurns,28.7119,67.8883,195.1878,-1.5733,-36.0701,-100.2845,-0.0565,-0.6777,-0.7331,0.9980,156,20.059746,2.2871,0.6789
BiancaGolden_CircleTurns,28.9516,67.2294,195.1824,-1.4194,-36.0831,-100.3378,-0.0574,-0.6754,-0.7352,0.9980,157,20.074986,2.2895,0.6723
BiancaGolden_CircleTurns,29.1253,66.5499,195.1761,-1.1729,-36.1464,-100.3689,-0.0567,-0.6630,-0.7465,0.9980,157,20.087719,2.2913,0.6655
BiancaGolden_CircleTurns,29.3116,65.9019,195.1253,-0.8939,-36.1452,-100.3797,-0.0590,-0.6628,-0.7464,0.9980,158,20.102516,2.2931,0.6590
BiancaGolden_CircleTurns,29.5060,65.2666,195.0794,-0.6557,-36.1120,-100.3880,-0.0602,-0.6631,-0.7461,0.9980,158,20.116232,2.2951,0.6527
BiancaGolden_CircleTurns,29.7034,64.6417,195.0611,-0.4933,-36.0732,-100.4286,-0.0615,-0.6637,-0.7454,0.9980,158,20.130535,2.2970,0.6464
BiancaGolden_CircleTurns,29.8901,64.0290,195.0345,-0.4161,-36.0079,-100.5052,-0.0643,-0.6554,-0.7525,0.9980,159,20.144722,2.2989,0.6403
BiancaGolden_CircleTurns,30.0391,63.4592,194.9982,-0.3270,-35.9329,-100.6108,-0.0663,-0.6522,-0.7552,0.9980,159,20.157425,2.3004,0.6346
BiancaGolden_CircleTurns,30.1924,62.9008,194.9511,-0.1856,-35.8266,-100.7654,-0.0774,-0.6504,-0.7557,0.9980,160,20.173868,2.3019,0.6290
BiancaGolden_CircleTurns,30.3375,62.3733,194.9263,-0.0412,-35.7728,-100.8864,-0.0789,-0.6421,-0.7626,0.9980,160,20.186214,2.3034,0.6237
BiancaGolden_CircleTurns,30.4934,61.8752,194.9079,0.0788,-35.7600,-100.9605,-0.0791,-0.6304,-0.7722,0.9980,160,20.201241,2.3049,0.6188
BiancaGolden_CircleTurns,30.6289,61.4056,194.8837,0.1034,-35.8053,-100.9623,-0.0785,-0.6301,-0.7725,0.9980,161,20.214663,2.3063,0.6141
BiancaGolden_CircleTurns,30.7461,60.9317,194.8840,0.0731,-35.8281,-100.9383,-0.0825,-0.6261,-0.7753,0.9980,161,20.227716,2.3075,0.6093
BiancaGolden_CircleTurns,30.8392,60.4536,194.9355,0.0694,-35.8413,-100.9254,-0.0824,-0.6257,-0.7757,0.9980,162,20.243382,2.3084,0.6045
BiancaGolden_CircleTurns,30.9233,60.0686,194.9819,0.0916,-35.8401,-100.8995,-0.0846,-0.6210,-0.7792,0.9980,162,20.256678,2.3092,0.6007
BiancaGolden_CircleTurns,30.9982,59.7164,195.0134,0.1335,-35.9283,-100.8813,-0.0917,-0.6147,-0.7834,0.9980,163,20.271027,2.3100,0.5972
BiancaGolden_CircleTurns,31.0500,59.3785,195.0697,0.0754,-36.0686,-100.8694,-0.0925,-0.6093,-0.7876,0.9980,163,20.283798,2.3105,0.5938
BiancaGolden_CircleTurns,31.0706,59.0139,195.1514,-0.0249,-36.0902,-100.8916,-0.0934,-0.6111,-0.7860,0.9980,163,20.298584,2.3107,0.5901
BiancaGolden_CircleTurns,31.0805,58.6692,195.2155,-0.1120,-35.9509,-100.9837,-0.1006,-0.6120,-0.7845,0.9980,164,20.311750,2.3108,0.5867
BiancaGolden_CircleTurns,31.0911,58.3576,195.2563,-0.1818,-35.6793,-101.1539,-0.1040,-0.6056,-0.7889,0.9980,164,20.324850,2.3109,0.5836
BiancaGolden_CircleTurns,31.0823,58.0676,195.3094,-0.1807,-35.4504,-101.3083,-0.1096,-0.6018,-0.7911,0.9980,165,20.339958,2.3108,0.5807
BiancaGolden_CircleTurns,31.0568,57.8022,195.3839,-0.1420,-35.3157,-101.4535,-0.1179,-0.5979,-0.7929,0.9980,165,20.354090,2.3106,0.5780
BiancaGolden_CircleTurns,31.0196,57.5770,195.4594,-0.1065,-35.2961,-101.5843,-0.1192,-0.5909,-0.7979,0.9980,165,20.368116,2.3102,0.5758
BiancaGolden_CircleTurns,30.9793,57.3789,195.5237,-0.0555,-35.3303,-101.7419,-0.1206,-0.5903,-0.7981,0.9980,166,20.382076,2.3098,0.5738
BiancaGolden_CircleTurns,30.9239,57.2052,195.5700,0.0472,-35.3632,-101.8197,-0.1291,-0.5884,-0.7982,0.9980,166,20.394897,2.3092,0.5721
BiancaGolden_CircleTurns,30.8551,57.0587,195.6083,0.1370,-35.3638,-101.8936,-0.1415,-0.5863,-0.7977,0.9980,167,20.410305,2.3086,0.5706
BiancaGolden_CircleTurns,30.7745,56.8910,195.6556,0.2456,-35.3424,-101.9638,-0.1826,-0.6370,-0.7489,0.9980,167,20.423603,2.3077,0.5689
BiancaGolden_CircleTurns,30.6762,56.7501,195.7054,0.3464,-35.2076,-102.0204,-0.2007,-0.6471,-0.7355,0.9980,168,20.437670,2.3068,0.5675
BiancaGolden_CircleTurns,30.5716,56.6234,195.7551,0.3736,-35.0154,-102.0894,-0.2017,-0.6500,-0.7327,0.9980,168,20.451765,2.3057,0.5662
BiancaGolden_CircleTurns,30.4447,56.5236,195.7985,0.3648,-34.7873,-102.1269,-0.2022,-0.6525,-0.7303,0.9980,168,20.466003,2.3044,0.5652
BiancaGolden_CircleTurns,30.3144,56.4436,195.8433,0.3656,-34.5909,-102.1243,-0.1817,-0.6594,-0.7295,0.9980,169,20.483629,2.3031,0.5644
BiancaGolden_CircleTurns,30.1535,56.4038,195.8834,0.4092,-34.4509,-102.1419,-0.1824,-0.6890,-0.7014,0.9980,169,20.492956,2.3015,0.5640
BiancaGolden_CircleTurns,29.9811,56.3477,195.9095,0.4444,-34.3330,-102.1650,-0.1906,-0.6972,-0.6911,0.9980,170,20.506929,2.2998,0.5635
BiancaGolden_CircleTurns,29.7796,56.3020,195.9395,0.5337,-34.1809,-102.2082,-0.1997,-0.6976,-0.6881,0.9980,170,20.520638,2.2978,0.5630
BiancaGolden_CircleTurns,29.5802,56.2862,195.9471,0.5655,-33.9596,-102.2072,-0.1999,-0.6994,-0.6863,0.9980,170,20.534208,2.2958,0.5629
BiancaGolden_CircleTurns,29.3353,56.3222,195.9298,0.6422,-33.8300,-102.1720,-0.1992,-0.7012,-0.6845,0.9980,171,20.547514,2.2934,0.5632
BiancaGolden_CircleTurns,29.0775,56.3607,195.9332,0.7165,-33.6987,-102.0745,-0.1984,-0.7031,-0.6828,0.9980,171,20.560268,2.2908,0.5636
BiancaGolden_CircleTurns,28.8114,56.4225,195.9225,0.7730,-33.5680,-101.9630,-0.1936,-0.7008,-0.6866,0.9980,172,20.575546,2.2881,0.5642
BiancaGolden_CircleTurns,28.5469,56.5302,195.8801,0.7809,-33.4565,-101.7912,-0.1915,-0.6944,-0.6937,0.9980,172,20.588415,2.2855,0.5653
BiancaGolden_CircleTurns,28.2692,56.6485,195.8521,0.6403,-33.4113,-101.5883,-0.1914,-0.6869,-0.7011,0.9980,173,20.603020,2.2827,0.5665
BiancaGolden_CircleTurns,27.9606,56.8059,195.8330,0.4746,-33.3892,-101.3823,-0.1876,-0.6836,-0.7053,0.9980,173,20.616758,2.2796,0.5681
BiancaGolden_CircleTurns,27.6250,57.0032,195.8151,0.4164,-33.4347,-101.1475,-0.1847,-0.6835,-0.7062,0.9980,173,20.630470,2.2762,0.5700
BiancaGolden_CircleTurns,27.2804,57.2433,195.7696,0.3967,-33.5019,-100.9180,-0.1785,-0.6797,-0.7115,0.9980,174,20.644236,2.2728,0.5724
BiancaGolden_CircleTurns,26.8932,57.4700,195.7724,0.3825,-33.6514,-100.6371,-0.1739,-0.6729,-0.7190,0.9980,174,20.657503,2.2689,0.5747
BiancaGolden_CircleTurns,26.4853,57.6978,195.7875,0.3217,-33.7520,-100.3752,-0.1704,-0.6704,-0.7222,0.9980,175,20.672344,2.2649,0.5770
BiancaGolden_CircleTurns,26.0329,57.9332,195.8453,0.2614,-33.8687,-100.1249,-0.1675,-0.6667,-0.7262,0.9980,175,20.685944,2.2603,0.5793
BiancaGolden_CircleTurns,25.5731,58.2028,195.8691,0.1697,-33.9099,-99.9332,-0.1645,-0.6648,-0.7287,0.9980,175,20.700333,2.2557,0.5820
BiancaGolden_CircleTurns,25.1177,58.5081,195.8614,0.0336,-33.9422,-99.7518,-0.1610,-0.6650,-0.7292,0.9980,176,20.714806,2.2512,0.5851
BiancaGolden_CircleTurns,24.6429,58.7802,195.9087,-0.1207,-33.9777,-99.5147,-0.1614,-0.6649,-0.7292,0.9980,176,20.728416,2.2464,0.5878
BiancaGolden_CircleTurns,24.1529,59.0403,195.9841,-0.3228,-33.9258,-99.2363,-0.1577,-0.6675,-0.7277,0.9980,177,20.742855,2.2415,0.5904
BiancaGolden_CircleTurns,23.6544,59.3053,196.0297,-0.5599,-33.7819,-98.9718,-0.1508,-0.6688,-0.7280,0.9980,177,20.756624,2.2365,0.5931
BiancaGolden_CircleTurns,23.1211,59.6000,196.0586,-0.7532,-33.5965,-98.6845,-0.1430,-0.6751,-0.7237,0.9980,178,20.772387,2.2312,0.5960
BiancaGolden_CircleTurns,22.6074,59.8978,196.0958,-0.8987,-33.4542,-98.4320,-0.1399,-0.6764,-0.7232,0.9980,178,20.785234,2.2261,0.5990
BiancaGolden_CircleTurns,22.0624,60.2093,196.1307,-1.0112,-33.4039,-98.2010,-0.1366,-0.6748,-0.7253,0.9980,178,20.799507,2.2206,0.6021
BiancaGolden_CircleTurns,21.5343,60.5429,196.1652,-1.1056,-33.4025,-98.0062,-0.1345,-0.6744,-0.7260,0.9980,179,20.812937,2.2153,0.6054
BiancaGolden_CircleTurns,20.9980,60.8908,196.2025,-1.1830,-33.5088,-97.8403,-0.1348,-0.6722,-0.7280,0.9980,179,20.825783,2.2100,0.6089
BiancaGolden_CircleTurns,20.4863,61.2354,196.2446,-1.2154,-33.6262,-97.6857,-0.1313,-0.6675,-0.7329,0.9980,180,20.841532,2.2049,0.6124
BiancaGolden_CircleTurns,19.9840,61.5504,196.3008,-1.2196,-33.7597,-97.4598,-0.1278,-0.6642,-0.7366,0.9980,180,20.854748,2.1998,0.6155
BiancaGolden_CircleTurns,19.4917,61.8655,196.3563,-1.2771,-33.7961,-97.2261,-0.1256,-0.6692,-0.7324,0.9980,181,20.868805,2.1949,0.6187
BiancaGolden_CircleTurns,19.0005,62.1544,196.3988,-1.3485,-33.7071,-97.0039,-0.1231,-0.6721,-0.7301,0.9980,181,20.881987,2.1900,0.6215
BiancaGolden_CircleTurns,18.5204,62.4404,196.4340,-1.5319,-33.5390,-96.8108,-0.1214,-0.6775,-0.7254,0.9980,181,20.896017,2.1852,0.6244
BiancaGolden_CircleTurns,18.0722,62.6939,196.4614,-1.7560,-33.2590,-96.6971,-0.1189,-0.6830,-0.7207,0.9980,182,20.909340,2.1807,0.6269
BiancaGolden_CircleTurns,17.6303,62.9498,196.5028,-1.9497,-32.9989,-96.6719,-0.1193,-0.6859,-0.7178,0.9980,182,20.922424,2.1763,0.6295
BiancaGolden_CircleTurns,17.1954,63.1734,196.5473,-1.9905,-32.7657,-96.7088,-0.1141,-0.6889,-0.7158,0.9980,183,20.937885,2.1720,0.6317
BiancaGolden_CircleTurns,16.7954,63.4062,196.5782,-1.8916,-32.6013,-96.9522,-0.1169,-0.6896,-0.7147,0.9980,183,20.951185,2.1680,0.6341
BiancaGolden_CircleTurns,16.4091,63.6567,196.5930,-1.8097,-32.5193,-97.1428,-0.1196,-0.6870,-0.7167,0.9980,183,20.964504,2.1641,0.6366
BiancaGolden_CircleTurns,16.0764,63.8815,196.6172,-1.6438,-32.5716,-97.3680,-0.1154,-0.6783,-0.7257,0.9980,184,20.982414,2.1608,0.6388
BiancaGolden_CircleTurns,15.7595,64.0783,196.6834,-1.6151,-32.6557,-97.5172,-0.1157,-0.6777,-0.7262,0.9980,184,20.991617,2.1576,0.6408
BiancaGolden_CircleTurns,15.4725,64.2299,196.7755,-1.5931,-32.7231,-97.7026,-0.1086,-0.6763,-0.7286,0.9980,185,21.006056,2.1547,0.6423
BiancaGolden_CircleTurns,15.2142,64.3692,196.8473,-1.5859,-32.7275,-97.8951,-0.1097,-0.6718,-0.7325,0.9980,185,21.020012,2.1521,0.6437
BiancaGolden_CircleTurns,14.9698,64.5136,196.8928,-1.5114,-32.6188,-98.0326,-0.1115,-0.6736,-0.7306,0.9980,185,21.033484,2.1497,0.6451
BiancaGolden_CircleTurns,14.7556,64.6584,196.9417,-1.4036,-32.4619,-98.1210,-0.1133,-0.6756,-0.7285,0.9980,186,21.046698,2.1476,0.6466
BiancaGolden_CircleTurns,14.5815,64.7937,196.9965,-1.3262,-32.2879,-98.2020,-0.1087,-0.6779,-0.7271,0.9980,186,21.060358,2.1458,0.6479
BiancaGolden_CircleTurns,14.4121,64.8984,197.0968,-1.2865,-32.1746,-98.2665,-0.1050,-0.6814,-0.7243,0.9980,187,21.074913,2.1441,0.6490
BiancaGolden_CircleTurns,14.2491,64.9982,197.1945,-1.1836,-32.0106,-98.3398,-0.1043,-0.6855,-0.7206,0.9980,187,21.088085,2.1425,0.6500
BiancaGolden_CircleTurns,14.0841,65.1291,197.2489,-0.9068,-31.8797,-98.3371,-0.1048,-0.6874,-0.7187,0.9980,188,21.102163,2.1408,0.6513
BiancaGolden_CircleTurns,13.9670,65.2555,197.2985,-0.7104,-31.7267,-98.3164,-0.1049,-0.6888,-0.7173,0.9980,188,21.115513,2.1397,0.6526
BiancaGolden_CircleTurns,13.8934,65.3428,197.3660,-0.6797,-31.6119,-98.2852,-0.0929,-0.6960,-0.7120,0.9980,188,21.129675,2.1389,0.6534
BiancaGolden_CircleTurns,13.8229,65.4376,197.4297,-0.6922,-31.4726,-98.1984,-0.0802,-0.6960,-0.7135,0.9980,189,21.143095,2.1382,0.6544
BiancaGolden_CircleTurns,13.7598,65.5104,197.4928,-0.6244,-31.3172,-98.1158,-0.0804,-0.6984,-0.7112,0.9980,189,21.155764,2.1376,0.6551
BiancaGolden_CircleTurns,13.7183,65.5963,197.5411,-0.5605,-31.1201,-98.0874,-0.0766,-0.6922,-0.7176,0.9980,190,21.171610,2.1372,0.6560
BiancaGolden_CircleTurns,13.7006,65.6788,197.5816,-0.5807,-30.8753,-98.0372,-0.0753,-0.6947,-0.7153,0.9980,190,21.184710,2.1370,0.6568
BiancaGolden_CircleTurns,13.7166,65.7525,197.6384,-0.7430,-30.6519,-97.9611,-0.0756,-0.6968,-0.7133,0.9980,190,21.199219,2.1372,0.6575
BiancaGolden_CircleTurns,13.7413,65.8031,197.6894,-0.9041,-30.3749,-97.8562,-0.0735,-0.7004,-0.7099,0.9980,191,21.212328,2.1374,0.6580
BiancaGolden_CircleTurns,13.7524,65.8712,197.7324,-0.9652,-30.1043,-97.6947,-0.0720,-0.7015,-0.7090,0.9980,191,21.225531,2.1375,0.6587
BiancaGolden_CircleTurns,13.7879,65.9202,197.7574,-1.0140,-29.8347,-97.5573,-0.0658,-0.6966,-0.7144,0.9980,192,21.240885,2.1379,0.6592
BiancaGolden_CircleTurns,13.8222,65.9585,197.7897,-1.0454,-29.6307,-97.4629,-0.0655,-0.6963,-0.7148,0.9980,192,21.254980,2.1382,0.6596
BiancaGolden_CircleTurns,13.8806,65.9713,197.8259,-1.0937,-29.4341,-97.4713,-0.0677,-0.6980,-0.7129,0.9980,193,21.269796,2.1388,0.6597
BiancaGolden_CircleTurns,13.9560,65.9720,197.8333,-1.0357,-29.2555,-97.5314,-0.0691,-0.6997,-0.7110,0.9980,193,21.283905,2.1396,0.6597
BiancaGolden_CircleTurns,14.0436,65.9871,197.8197,-0.9577,-29.0865,-97.5827,-0.0760,-0.6909,-0.7189,0.9980,193,21.297651,2.1404,0.6599
BiancaGolden_CircleTurns,14.1416,66.0025,197.7877,-0.8861,-28.9270,-97.6434,-0.0777,-0.6922,-0.7175,0.9980,194,21.311285,2.1414,0.6600
BiancaGolden_CircleTurns,14.2333,66.0297,197.7465,-0.8199,-28.7654,-97.6627,-0.0782,-0.6934,-0.7163,0.9980,194,21.325403,2.1423,0.6603
BiancaGolden_CircleTurns,14.3515,66.0426,197.6880,-0.7819,-28.6195,-97.6765,-0.0775,-0.6912,-0.7184,0.9980,195,21.340437,2.1435,0.6604
BiancaGolden_CircleTurns,14.4593,66.0412,197.6778,-0.8518,-28.5337,-97.6809,-0.0790,-0.6894,-0.7200,0.9980,195,21.353426,2.1446,0.6604
BiancaGolden_CircleTurns,14.5634,65.9373,197.7904,-1.0047,-28.5256,-97.7069,-0.0784,-0.6864,-0.7230,0.9980,195,21.368105,2.1456,0.6594
BiancaGolden_CircleTurns,14.6698,65.8498,197.9008,-1.1366,-28.5734,-97.7581,-0.0778,-0.6845,-0.7248,0.9980,196,21.382103,2.1467,0.6585
BiancaGolden_CircleTurns,14.7717,65.7310,198.0297,-1.1952,-28.7032,-97.7739,-0.0767,-0.6788,-0.7303,0.9980,196,21.395145,2.1477,0.6573
BiancaGolden_CircleTurns,14.8998,65.6993,198.0765,-1.2368,-28.7729,-97.7619,-0.0788,-0.6702,-0.7380,0.9980,197,21.411798,2.1490,0.6570
BiancaGolden_CircleTurns,15.0255,65.7566,198.0195,-1.2424,-29.0134,-97.6309,-0.0762,-0.6678,-0.7405,0.9980,197,21.424200,2.1503,0.6576
BiancaGolden_CircleTurns,15.1409,65.7739,198.0178,-1.1830,-29.2141,-97.4566,-0.0747,-0.6678,-0.7406,0.9980,198,21.439672,2.1514,0.6577
BiancaGolden_CircleTurns,15.2248,65.7559,198.0358,-1.2069,-29.2492,-97.2658,-0.0734,-0.6706,-0.7382,0.9980,198,21.452797,2.1522,0.6576
BiancaGolden_CircleTurns,15.3055,65.7090,198.0267,-1.3458,-29.0423,-97.1957,-0.0716,-0.6764,-0.7330,0.9980,198,21.467173,2.1531,0.6571
BiancaGolden_CircleTurns,15.3467,65.6599,198.0066,-1.5703,-28.6147,-97.2236,-0.0728,-0.6813,-0.7284,0.9980,199,21.484861,2.1535,0.6566
BiancaGolden_CircleTurns,15.3766,65.6168,197.9992,-1.7974,-28.2051,-97.3537,-0.0740,-0.6844,-0.7253,0.9980,199,21.493944,2.1538,0.6562
BiancaGolden_CircleTurns,15.3682,65.5953,198.0203,-1.8929,-27.9534,-97.4587,-0.0798,-0.6848,-0.7243,0.9980,200,21.508129,2.1537,0.6560
BiancaGolden_CircleTurns,15.3343,65.5821,198.0712,-1.8018,-27.8528,-97.4998,-0.0832,-0.6779,-0.7304,0.9980,200,21.521332,2.1533,0.6558
BiancaGolden_CircleTurns,15.2737,65.5938,198.1093,-1.6797,-27.9272,-97.5149,-0.0905,-0.6753,-0.7320,0.9980,200,21.534605,2.1527,0.6559
BiancaGolden_CircleTurns,15.2108,65.6267,198.0895,-1.6800,-28.0253,-97.5241,-0.0895,-0.6741,-0.7332,0.9980,201,21.548195,2.1521,0.6563
BiancaGolden_CircleTurns,15.2927,65.5859,198.0914,-1.7571,-28.1283,-97.4975,-0.0892,-0.6708,-0.7362,0.9980,201,21.560453,2.1529,0.6559
BiancaGolden_CircleTurns,15.1998,65.6513,198.0446,-1.8829,-28.3123,-97.4955,-0.0921,-0.6675,-0.7389,0.9980,202,21.574839,2.1520,0.6565
BiancaGolden_CircleTurns,14.8977,65.8301,198.0008,-2.1345,-28.5255,-97.5309,-0.0983,-0.6986,-0.7087,0.9980,202,21.587830,2.1490,0.6583
BiancaGolden_CircleTurns,14.7366,65.8725,198.0699,-2.2789,-28.6495,-97.6271,-0.0984,-0.6971,-0.7102,0.9980,203,21.601816,2.1474,0.6587
BiancaGolden_CircleTurns,14.5592,65.9142,198.1266,-2.3414,-28.7728,-97.6756,-0.1033,-0.6982,-0.7084,0.9980,203,21.615469,2.1456,0.6591
BiancaGolden_CircleTurns,14.2923,65.9218,198.2469,-2.2129,-28.7711,-97.7866,-0.1181,-0.7135,-0.6907,0.9980,203,21.629602,2.1429,0.6592
BiancaGolden_CircleTurns,14.0307,65.9004,198.3803,-2.2048,-28.6411,-97.9127,-0.1195,-0.7160,-0.6878,0.9980,204,21.643040,2.1403,0.6590
BiancaGolden_CircleTurns,13.7330,65.8853,198.4876,-2.1464,-28.4151,-97.9808,-0.1230,-0.7299,-0.6724,0.9980,204,21.656496,2.1373,0.6589
BiancaGolden_CircleTurns,13.4122,65.8959,198.5489,-1.9691,-28.1549,-97.9917,-0.1124,-0.7330,-0.6709,0.9980,205,21.671087,2.1341,0.6590
BiancaGolden_CircleTurns,13.0136,65.9585,198.5510,-1.6041,-27.8763,-97.9091,-0.1094,-0.7351,-0.6690,0.9980,205,21.683619,2.1301,0.6596
BiancaGolden_CircleTurns,12.6608,66.0049,198.5712,-1.4564,-27.7376,-97.8755,-0.1092,-0.7357,-0.6685,0.9980,205,21.698154,2.1266,0.6600
BiancaGolden_CircleTurns,12.2474,66.0394,198.6011,-1.5353,-27.6503,-97.8818,-0.1060,-0.7318,-0.6733,0.9980,206,21.711613,2.1225,0.6604
BiancaGolden_CircleTurns,11.7262,66.0620,198.6274,-1.6673,-27.6018,-97.8974,-0.1069,-0.7343,-0.6703,0.9980,207,21.735884,2.1173,0.6606
BiancaGolden_CircleTurns,10.8203,66.1162,198.6666,-1.5712,-27.3746,-97.9024,-0.1021,-0.7329,-0.6726,0.9980,207,21.750666,2.1082,0.6612
BiancaGolden_CircleTurns,10.2911,66.1189,198.6438,-1.6251,-27.2307,-97.8860,-0.0981,-0.7367,-0.6691,0.9980,207,21.763113,2.1029,0.6612
BiancaGolden_CircleTurns,9.7421,66.1241,198.5888,-1.6629,-27.0428,-97.8061,-0.0937,-0.7387,-0.6675,0.9980,208,21.776304,2.0974,0.6612
BiancaGolden_CircleTurns,9.1521,66.1108,198.5196,-1.7396,-26.8427,-97.6413,-0.0815,-0.7411,-0.6665,0.9980,208,21.790745,2.0915,0.6611
BiancaGolden_CircleTurns,8.5234,66.0899,198.4752,-1.7526,-26.6720,-97.4356,-0.0787,-0.7430,-0.6647,0.9980,209,21.805042,2.0852,0.6609
BiancaGolden_CircleTurns,7.8541,66.0271,198.4154,-1.7607,-26.5372,-97.2070,-0.0684,-0.7424,-0.6664,0.9980,209,21.818630,2.0785,0.6603
BiancaGolden_CircleTurns,7.1547,65.9590,198.3404,-1.8219,-26.4307,-96.9893,-0.0633,-0.7344,-0.6757,0.9980,209,21.833012,2.0715,0.6596
BiancaGolden_CircleTurns,6.4300,65.8611,198.2472,-1.8912,-26.3014,-96.7277,-0.0612,-0.7360,-0.6742,0.9980,210,21.847958,2.0643,0.6586
BiancaGolden_CircleTurns,5.6689,65.7750,198.1137,-1.9425,-26.1769,-96.4337,-0.0598,-0.7352,-0.6752,0.9980,210,21.860220,2.0567,0.6577
BiancaGolden_CircleTurns,4.8922,65.7061,197.9396,-1.9887,-26.0227,-96.0828,-0.0551,-0.7377,-0.6729,0.9980,211,21.875744,2.0489,0.6571
BiancaGolden_CircleTurns,4.0737,65.6259,197.7944,-2.0623,-25.9898,-95.7252,-0.0483,-0.7381,-0.6730,0.9980,211,21.889763,2.0407,0.6563
BiancaGolden_CircleTurns,3.2055,65.5124,197.7014,-2.1437,-25.9953,-95.2279,-0.0357,-0.7345,-0.6777,0.9980,212,21.904198,2.0321,0.6551
BiancaGolden_CircleTurns,2.2800,65.3431,197.6346,-2.2679,-25.9951,-94.6318,-0.0199,-0.7325,-0.6805,0.9980,212,21.917925,2.0228,0.6534
BiancaGolden_CircleTurns,1.3424,65.2203,197.5277,-2.3989,-25.9720,-94.0131,-0.0113,-0.7326,-0.6805,0.9980,212,21.932346,2.0134,0.6522
BiancaGolden_CircleTurns,0.4175,65.0966,197.3928,-2.4887,-25.9114,-93.4585,-0.0027,-0.7336,-0.6796,0.9980,213,21.946207,2.0042,0.6510
BiancaGolden_CircleTurns,-0.6469,64.9550,197.2164,-2.4833,-25.8269,-92.7433,0.0123,-0.7341,-0.6790,0.9980,213,21.959871,1.9935,0.6495
BiancaGolden_CircleTurns,-1.6736,64.7696,197.0984,-2.4613,-25.7522,-92.0743,0.0212,-0.7344,-0.6784,0.9980,214,21.974566,1.9833,0.6477
BiancaGolden_CircleTurns,-2.7675,64.5353,197.0801,-2.4204,-25.7060,-91.3583,0.0417,-0.7299,-0.6822,0.9980,214,21.991608,1.9723,0.6454
BiancaGolden_CircleTurns,-3.8816,64.2265,197.1766,-2.4069,-25.8234,-90.6252,0.0505,-0.7327,-0.6787,0.9980,215,22.003035,1.9612,0.6423
BiancaGolden_CircleTurns,-5.0251,63.8812,197.2192,-2.3354,-25.5383,-89.9114,0.0567,-0.7242,-0.6872,0.9980,215,22.016487,1.9497,0.6388
BiancaGolden_CircleTurns,-6.1511,63.6810,197.2057,-2.3418,-25.6084,-89.1638,0.0664,-0.7203,-0.6905,0.9980,215,22.030943,1.9385,0.6368
BiancaGolden_CircleTurns,-7.2751,63.3699,197.1879,-2.2113,-25.8380,-88.4514,0.0747,-0.7198,-0.6902,0.9980,216,22.044083,1.9272,0.6337
BiancaGolden_CircleTurns,-8.4025,63.0145,197.3134,-1.9817,-25.8171,-87.7033,0.0828,-0.7210,-0.6879,0.9980,216,22.057447,1.9160,0.6301
BiancaGolden_CircleTurns,-9.4485,62.6315,197.4529,-1.7833,-25.6122,-86.9735,0.1496,-0.7248,-0.6725,0.9980,217,22.072443,1.9055,0.6263
BiancaGolden_CircleTurns,-10.5011,62.3495,197.4361,-1.7389,-25.4262,-86.2644,0.1945,-0.7214,-0.6646,0.9980,217,22.086246,1.8950,0.6235
BiancaGolden_CircleTurns,-11.4985,62.1503,197.3900,-1.8360,-25.2465,-85.5353,0.2143,-0.7203,-0.6597,0.9980,217,22.100399,1.8850,0.6215
BiancaGolden_CircleTurns,-12.4451,61.9176,197.4660,-2.0078,-25.1098,-84.9558,0.2266,-0.7203,-0.6556,0.9980,218,22.113445,1.8755,0.6192
BiancaGolden_CircleTurns,-13.3450,61.7101,197.6330,-2.2786,-25.0457,-84.4922,0.2326,-0.7194,-0.6545,0.9980,218,22.126995,1.8666,0.6171
BiancaGolden_CircleTurns,-14.2372,61.5261,197.8001,-2.5017,-25.0048,-84.1138,0.2386,-0.7172,-0.6547,0.9980,219,22.142467,1.8576,0.6153
BiancaGolden_CircleTurns,-15.1250,61.3930,197.9176,-2.6135,-25.0473,-83.6947,0.2477,-0.7099,-0.6593,0.9980,219,22.155268,1.8487,0.6139
BiancaGolden_CircleTurns,-15.9325,61.3117,197.9899,-2.5369,-25.1183,-83.4714,0.2590,-0.7002,-0.6654,0.9980,220,22.169825,1.8407,0.6131
BiancaGolden_CircleTurns,-16.6866,61.2485,198.1168,-2.4987,-25.2663,-83.2025,0.2661,-0.6926,-0.6704,0.9980,220,22.184088,1.8331,0.6125
BiancaGolden_CircleTurns,-17.4180,61.1196,198.2982,-2.5623,-25.3323,-82.8109,0.2881,-0.6891,-0.6649,0.9980,220,22.199863,1.8258,0.6112
BiancaGolden_CircleTurns,-17.9997,61.0192,198.5851,-2.6680,-25.3098,-82.2458,0.3011,-0.6857,-0.6627,0.9980,221,22.223475,1.8200,0.6102
BiancaGolden_CircleTurns,-19.3193,60.8812,198.9160,-2.7832,-25.1638,-81.2316,0.3091,-0.6813,-0.6635,0.9980,222,22.236103,1.8068,0.6088
BiancaGolden_CircleTurns,-19.8573,60.9210,198.9980,-2.7222,-24.9264,-80.5343,0.3201,-0.6782,-0.6615,0.9980,222,22.250576,1.8014,0.6092
BiancaGolden_CircleTurns,-20.4263,60.9724,199.0779,-2.6545,-24.6781,-79.7841,0.3289,-0.6754,-0.6600,0.9980,222,22.263538,1.7957,0.6097
BiancaGolden_CircleTurns,-20.9628,61.0723,199.1096,-2.5327,-24.4358,-79.0301,0.3435,-0.6704,-0.6577,0.9980,223,22.277100,1.7904,0.6107
BiancaGolden_CircleTurns,-21.5200,61.1960,199.1103,-2.5081,-24.1579,-78.2151,0.3520,-0.6644,-0.6593,0.9980,223,22.289757,1.7848,0.6120
BiancaGolden_CircleTurns,-22.0539,61.3326,199.1583,-2.4675,-24.0230,-77.4343,0.3530,-0.6639,-0.6592,0.9980,224,22.303556,1.7795,0.6133
BiancaGolden_CircleTurns,-22.0294,61.3486,199.1643,-2.4466,-24.0113,-77.3416,0.3612,-0.6625,-0.6562,0.9980,224,22.316172,1.7797,0.6135
BiancaGolden_CircleTurns,-22.5557,61.4430,199.2518,-2.3143,-23.8551,-76.5765,0.3618,-0.6612,-0.6571,0.9980,224,22.330303,1.7744,0.6144
BiancaGolden_CircleTurns,-23.0636,61.5596,199.2894,-2.2306,-23.6935,-75.8048,0.3669,-0.6577,-0.6578,0.9980,225,22.343061,1.7694,0.6156
BiancaGolden_CircleTurns,-23.5812,61.6957,199.2994,-2.2188,-23.5448,-75.0919,0.3746,-0.6528,-0.6585,0.9980,225,22.356705,1.7642,0.6170
BiancaGolden_CircleTurns,-24.0784,61.8731,199.2824,-2.3090,-23.4539,-74.4435,0.3731,-0.6522,-0.6599,0.9980,226,22.370729,1.7592,0.6187
BiancaGolden_CircleTurns,-24.5518,62.0744,199.2598,-2.3861,-23.4645,-73.7985,0.3806,-0.6471,-0.6606,0.9980,226,22.383888,1.7545,0.6207
BiancaGolden_CircleTurns,-25.0104,62.2885,199.2404,-2.4660,-23.5060,-73.1422,0.3874,-0.6422,-0.6615,0.9980,226,22.397881,1.7499,0.6229
BiancaGolden_CircleTurns,-25.4368,62.5009,199.2533,-2.5641,-23.5510,-72.5471,0.3947,-0.6380,-0.6612,0.9980,227,22.411034,1.7456,0.6250
BiancaGolden_CircleTurns,-25.8209,62.7360,199.2434,-2.6384,-23.5136,-71.9709,0.4281,-0.6272,-0.6506,0.9980,227,22.424219,1.7418,0.6274
BiancaGolden_CircleTurns,-26.2353,62.9799,199.1822,-2.6186,-23.4741,-71.3593,0.4440,-0.6329,-0.6342,0.9980,228,22.439735,1.7376,0.6298
BiancaGolden_CircleTurns,-26.6208,63.2326,199.1237,-2.6411,-23.4403,-70.7795,0.4495,-0.6292,-0.6341,0.9980,228,22.453154,1.7338,0.6323
BiancaGolden_CircleTurns,-26.9969,63.4767,199.0485,-2.6126,-23.3989,-70.2458,0.4573,-0.6313,-0.6263,0.9980,228,22.467411,1.7300,0.6348
BiancaGolden_CircleTurns,-27.3701,63.7257,198.9760,-2.5639,-23.3661,-69.7231,0.4605,-0.6292,-0.6262,0.9980,229,22.484715,1.7263,0.6373
BiancaGolden_CircleTurns,-27.7227,63.9806,198.8953,-2.5149,-23.3556,-69.2734,0.4537,-0.6338,-0.6265,0.9980,229,22.494799,1.7228,0.6398
BiancaGolden_CircleTurns,-28.0456,64.2413,198.8122,-2.3458,-23.3086,-68.8139,0.4569,-0.6304,-0.6276,0.9980,230,22.509243,1.7195,0.6424
BiancaGolden_CircleTurns,-28.3526,64.5122,198.7397,-2.2540,-23.2828,-68.3551,0.4540,-0.6319,-0.6282,0.9980,230,22.523159,1.7165,0.6451
BiancaGolden_CircleTurns,-28.5867,64.8109,198.6287,-2.0697,-23.2096,-67.9033,0.4561,-0.6291,-0.6294,0.9980,231,22.537998,1.7141,0.6481
BiancaGolden_CircleTurns,-28.8224,65.0955,198.5059,-1.9410,-23.1563,-67.4016,0.4620,-0.6261,-0.6281,0.9980,231,22.550920,1.7118,0.6510
BiancaGolden_CircleTurns,-29.0707,65.3944,198.3220,-1.8218,-23.0268,-66.8526,0.4675,-0.6222,-0.6280,0.9980,231,22.564754,1.7093,0.6539
BiancaGolden_CircleTurns,-29.3021,65.7275,198.0996,-1.7720,-23.0079,-66.3377,0.4626,-0.6253,-0.6285,0.9980,232,22.578371,1.7070,0.6573
BiancaGolden_CircleTurns,-29.5549,66.0337,197.9135,-1.7929,-23.0198,-65.8827,0.4619,-0.6250,-0.6294,0.9980,232,22.591393,1.7045,0.6603
BiancaGolden_CircleTurns,-29.8059,66.3266,197.7512,-1.7833,-23.0179,-65.5039,0.4617,-0.6218,-0.6326,0.9980,233,22.606962,1.7019,0.6633
BiancaGolden_CircleTurns,-30.0615,66.4715,197.7428,-1.7630,-23.1340,-65.2422,0.4583,-0.6253,-0.6317,0.9980,233,22.620676,1.6994,0.6647
BiancaGolden_CircleTurns,-30.3165,66.6730,197.7017,-1.7238,-23.0136,-64.9473,0.4618,-0.6226,-0.6318,0.9980,233,22.634790,1.6968,0.6667
BiancaGolden_CircleTurns,-30.6496,66.9914,197.5104,-1.4723,-22.9770,-64.5301,0.4594,-0.6225,-0.6337,0.9980,234,22.647758,1.6935,0.6699
BiancaGolden_CircleTurns,-30.9781,67.3180,197.3002,-1.1712,-23.0654,-64.0551,0.4648,-0.6191,-0.6330,0.9980,234,22.660946,1.6902,0.6732
BiancaGolden_CircleTurns,-31.2786,67.6011,197.1885,-1.0486,-22.9987,-63.5309,0.4605,-0.6194,-0.6358,0.9980,235,22.676207,1.6872,0.6760
BiancaGolden_CircleTurns,-31.5902,67.8555,197.1101,-1.0914,-22.9284,-63.0421,0.4650,-0.6169,-0.6350,0.9980,235,22.689434,1.6841,0.6786
BiancaGolden_CircleTurns,-31.9611,68.0744,197.1073,-1.2354,-22.7663,-62.5414,0.4673,-0.6154,-0.6347,0.9980,236,22.703833,1.6804,0.6807
BiancaGolden_CircleTurns,-32.3805,68.2809,197.1495,-1.2660,-22.6866,-62.0340,0.4729,-0.6123,-0.6336,0.9980,236,22.717344,1.6762,0.6828
BiancaGolden_CircleTurns,-32.7740,68.4748,197.1843,-1.3980,-22.6241,-61.6073,0.4783,-0.6090,-0.6327,0.9980,236,22.731764,1.6723,0.6847
BiancaGolden_CircleTurns,-33.1618,68.6767,197.2190,-1.6601,-22.5981,-61.2317,0.4853,-0.6086,-0.6277,0.9980,237,22.745409,1.6684,0.6868
BiancaGolden_CircleTurns,-33.6028,68.8275,197.3824,-2.0331,-22.7311,-60.7745,0.4854,-0.6069,-0.6293,0.9980,237,22.758368,1.6640,0.6883
BiancaGolden_CircleTurns,-34.0320,69.0013,197.4902,-2.1466,-22.8335,-60.3069,0.4864,-0.6006,-0.6346,0.9980,238,22.773287,1.6597,0.6900
BiancaGolden_CircleTurns,-34.5191,69.1446,197.7590,-2.2207,-23.3123,-59.7618,0.4892,-0.5909,-0.6415,0.9980,238,22.787104,1.6548,0.6914
BiancaGolden_CircleTurns,-35.0477,69.3172,197.9951,-2.1961,-23.8294,-59.2001,0.4784,-0.5911,-0.6494,0.9980,238,22.801350,1.6495,0.6932
BiancaGolden_CircleTurns,-35.6171,69.5040,198.1971,-2.0528,-24.3182,-58.6201,0.4720,-0.5931,-0.6523,0.9980,239,22.814846,1.6438,0.6950
BiancaGolden_CircleTurns,-36.2387,69.6812,198.3879,-1.8218,-24.7375,-57.9690,0.4843,-0.6088,-0.6283,0.9980,239,22.828022,1.6376,0.6968
BiancaGolden_CircleTurns,-36.8443,69.7934,198.6153,-1.6188,-24.9399,-57.3588,0.4903,-0.6045,-0.6278,0.9980,240,22.843021,1.6316,0.6979
BiancaGolden_CircleTurns,-37.4532,69.8358,198.9113,-1.4602,-24.8861,-56.7558,0.4894,-0.6041,-0.6290,0.9980,240,22.856813,1.6255,0.6984
BiancaGolden_CircleTurns,-38.1135,69.8576,199.1655,-1.4449,-24.5879,-56.1916,0.4846,-0.6057,-0.6311,0.9980,241,22.871626,1.6189,0.6986
BiancaGolden_CircleTurns,-38.7963,69.8801,199.3488,-1.4941,-24.2812,-55.6818,0.4918,-0.6047,-0.6264,0.9980,241,22.884865,1.6120,0.6988
BiancaGolden_CircleTurns,-39.4947,69.8819,199.4954,-1.5752,-23.9898,-55.2302,0.4890,-0.6104,-0.6231,0.9980,241,22.899496,1.6051,0.6988
BiancaGolden_CircleTurns,-40.2298,69.8321,199.6015,-1.7492,-23.6642,-54.7683,0.5042,-0.6287,-0.5921,0.9980,242,22.912804,1.5977,0.6983
BiancaGolden_CircleTurns,-40.9649,69.7738,199.6950,-1.8851,-23.3803,-54.3271,0.5029,-0.6320,-0.5896,0.9980,242,22.926218,1.5904,0.6977
BiancaGolden_CircleTurns,-41.7349,69.6905,199.7209,-2.0192,-23.1726,-53.8821,0.5038,-0.6305,-0.5904,0.9980,243,22.941107,1.5827,0.6969
BiancaGolden_CircleTurns,-42.5158,69.6005,199.7216,-2.1664,-23.0930,-53.3730,0.4998,-0.6337,-0.5904,0.9980,243,22.955038,1.5748,0.6960
BiancaGolden_CircleTurns,-43.3084,69.5055,199.6722,-2.2830,-23.0541,-52.8765,0.5061,-0.6288,-0.5904,0.9980,244,22.969164,1.5669,0.6951
BiancaGolden_CircleTurns,-44.1174,69.4113,199.5495,-2.3677,-23.0549,-52.3324,0.5129,-0.6235,-0.5901,0.9980,244,22.987112,1.5588,0.6941
BiancaGolden_CircleTurns,-44.9540,69.2659,199.4231,-2.4122,-23.0357,-51.7330,0.5197,-0.6198,-0.5880,0.9980,244,22.997927,1.5505,0.6927
BiancaGolden_CircleTurns,-45.7985,69.0951,199.2884,-2.3899,-22.9942,-51.1671,0.5210,-0.6116,-0.5954,0.9980,245,23.010786,1.5420,0.6910
BiancaGolden_CircleTurns,-46.6486,68.8686,199.1958,-2.3534,-22.9213,-50.6058,0.5213,-0.6070,-0.5998,0.9980,245,23.023525,1.5335,0.6887
BiancaGolden_CircleTurns,-47.5242,68.6147,199.0871,-2.2706,-22.8343,-50.0340,0.5247,-0.6044,-0.5995,0.9980,246,23.038084,1.5248,0.6861
BiancaGolden_CircleTurns,-48.4256,68.3469,198.9484,-2.2278,-22.7462,-49.4175,0.5315,-0.5990,-0.5990,0.9980,246,23.051077,1.5157,0.6835
BiancaGolden_CircleTurns,-49.3673,68.0570,198.7645,-2.1303,-22.7090,-48.7685,0.5336,-0.5965,-0.5996,0.9980,246,23.065306,1.5063,0.6806
BiancaGolden_CircleTurns,-50.2992,67.7671,198.5889,-2.0421,-22.7332,-48.1225,0.5334,-0.5896,-0.6065,0.9980,247,23.078310,1.4970,0.6777
BiancaGolden_CircleTurns,-51.2365,67.4212,198.4593,-1.9467,-22.8332,-47.4535,0.5376,-0.5807,-0.6113,0.9980,247,23.091183,1.4876,0.6742
BiancaGolden_CircleTurns,-52.1751,67.0174,198.3831,-1.8127,-22.8639,-46.7054,0.5443,-0.5741,-0.6117,0.9980,248,23.105883,1.4782,0.6702
BiancaGolden_CircleTurns,-53.1110,66.5796,198.3010,-1.5900,-22.8910,-45.9540,0.5474,-0.5720,-0.6108,0.9980,248,23.119164,1.4689,0.6658
BiancaGolden_CircleTurns,-54.0007,66.0961,198.2297,-1.3008,-22.7891,-45.2407,0.5546,-0.5666,-0.6095,0.9980,248,23.133911,1.4600,0.6610
BiancaGolden_CircleTurns,-54.8728,65.5253,198.2416,-0.9149,-22.7052,-44.4720,0.5594,-0.5592,-0.6118,0.9980,249,23.147217,1.4513,0.6553
BiancaGolden_CircleTurns,-55.6314,64.8339,198.5892,-0.5569,-22.8780,-43.7323,0.5666,-0.5575,-0.6068,0.9980,249,23.160246,1.4437,0.6483
BiancaGolden_CircleTurns,-56.2304,64.0300,199.0671,-0.2983,-22.5156,-43.1958,0.5724,-0.5588,-0.6001,0.9980,250,23.175644,1.4377,0.6403
BiancaGolden_CircleTurns,-57.2075,63.5566,199.0297,-0.2349,-22.0689,-42.6159,0.5716,-0.5621,-0.5978,0.9980,250,23.189575,1.4279,0.6356
BiancaGolden_CircleTurns,-58.0913,63.2012,198.7070,-0.2309,-21.9122,-42.3636,0.5733,-0.5590,-0.5991,0.9980,251,23.204580,1.4191,0.6320
BiancaGolden_CircleTurns,-58.9891,62.8459,198.5282,-0.2633,-22.0934,-42.1259,0.5763,-0.5523,-0.6024,0.9980,251,23.217775,1.4101,0.6285
BiancaGolden_CircleTurns,-59.7754,62.3957,198.6057,-0.2534,-22.3361,-41.6210,0.5796,-0.5481,-0.6030,0.9980,251,23.232580,1.4022,0.6240
BiancaGolden_CircleTurns,-60.4983,61.9305,198.8072,-0.1352,-22.3825,-41.1706,0.5830,-0.5377,-0.6091,0.9980,252,23.246422,1.3950,0.6193
BiancaGolden_CircleTurns,-61.2028,61.5397,198.9159,-0.2345,-22.2801,-40.8436,0.5858,-0.5366,-0.6074,0.9980,252,23.259815,1.3880,0.6154
BiancaGolden_CircleTurns,-61.9440,61.1670,198.9586,-0.4276,-22.1515,-40.6632,0.5856,-0.5307,-0.6127,0.9980,253,23.275305,1.3806,0.6117
BiancaGolden_CircleTurns,-62.6777,60.8348,199.0383,-0.5843,-22.1646,-40.6430,0.5849,-0.5308,-0.6133,0.9980,253,23.289089,1.3732,0.6083
BiancaGolden_CircleTurns,-63.3848,60.5109,199.1878,-0.6582,-22.1993,-40.5961,0.5837,-0.5293,-0.6158,0.9980,254,23.303259,1.3662,0.6051
BiancaGolden_CircleTurns,-64.0179,60.2369,199.4082,-0.7398,-22.3789,-40.5944,0.5833,-0.5281,-0.6171,0.9980,254,23.317299,1.3598,0.6024
BiancaGolden_CircleTurns,-64.6446,60.0178,199.5913,-0.8360,-22.4519,-40.5821,0.5833,-0.5268,-0.6183,0.9980,254,23.331253,1.3536,0.6002
BiancaGolden_CircleTurns,-65.2929,59.8293,199.7426,-0.7744,-22.5372,-40.4324,0.5840,-0.5259,-0.6183,0.9980,255,23.345127,1.3471,0.5983
BiancaGolden_CircleTurns,-65.9087,59.6919,199.8882,-0.6544,-22.5477,-40.2009,0.5869,-0.5240,-0.6172,0.9980,255,23.358610,1.3409,0.5969
BiancaGolden_CircleTurns,-66.5077,59.5504,200.0573,-0.5155,-22.4718,-39.8991,0.5911,-0.5225,-0.6145,0.9980,256,23.373676,1.3349,0.5955
BiancaGolden_CircleTurns,-67.1090,59.4322,200.1620,-0.4062,-22.2608,-39.5824,0.5960,-0.5209,-0.6111,0.9980,256,23.387310,1.3289,0.5943
BiancaGolden_CircleTurns,-67.6863,59.3282,200.2541,-0.3646,-22.0149,-39.2549,0.6003,-0.5179,-0.6095,0.9980,256,23.401482,1.3231,0.5933
BiancaGolden_CircleTurns,-68.2550,59.2353,200.3928,-0.3470,-21.7978,-38.9572,0.6061,-0.5148,-0.6063,0.9980,257,23.414955,1.3175,0.5924
BiancaGolden_CircleTurns,-68.8227,59.1715,200.5150,-0.3635,-21.5708,-38.6983,0.6102,-0.5138,-0.6031,0.9980,257,23.428093,1.3118,0.5917
BiancaGolden_CircleTurns,-69.3896,59.1187,200.5756,-0.2677,-21.3280,-38.4912,0.6136,-0.5128,-0.6005,0.9980,258,23.443516,1.3061,0.5912
BiancaGolden_CircleTurns,-69.9622,59.1082,200.5771,-0.1716,-21.0879,-38.2921,0.6143,-0.5102,-0.6019,0.9980,258,23.457489,1.3004,0.5911
BiancaGolden_CircleTurns,-70.5143,59.0946,200.5707,-0.1031,-20.8174,-38.0532,0.6184,-0.5091,-0.5986,0.9980,259,23.471643,1.2949,0.5909
BiancaGolden_CircleTurns,-71.0622,59.1034,200.6114,-0.1308,-20.5850,-37.8358,0.6201,-0.5083,-0.5975,0.9980,259,23.487997,1.2894,0.5910
BiancaGolden_CircleTurns,-71.5954,59.1236,200.6276,-0.0804,-20.3336,-37.5880,0.6200,-0.5024,-0.6026,0.9980,259,23.499125,1.2840,0.5912
BiancaGolden_CircleTurns,-72.1639,59.1735,200.5837,-0.0268,-20.1918,-37.1961,0.6232,-0.4985,-0.6026,0.9980,260,23.512255,1.2784,0.5917
BiancaGolden_CircleTurns,-72.6895,59.2638,200.5161,0.0553,-20.1023,-36.8162,0.6226,-0.4925,-0.6082,0.9980,260,23.525719,1.2731,0.5926
BiancaGolden_CircleTurns,-73.2128,59.3712,200.4911,-0.0613,-20.1450,-36.4596,0.6235,-0.4895,-0.6097,0.9980,261,23.540394,1.2679,0.5937
BiancaGolden_CircleTurns,-73.7356,59.4955,200.4808,-0.2362,-20.2451,-36.2107,0.6235,-0.4867,-0.6119,0.9980,261,23.553801,1.2626,0.5950
BiancaGolden_CircleTurns,-74.2865,59.6036,200.4502,-0.2892,-20.4066,-36.0683,0.6193,-0.4863,-0.6164,0.9980,262,23.569054,1.2571,0.5960
BiancaGolden_CircleTurns,-74.8191,59.7303,200.4177,-0.2680,-20.5371,-36.0131,0.6182,-0.4875,-0.6166,0.9980,262,23.582487,1.2518,0.5973
BiancaGolden_CircleTurns,-75.3198,59.8674,200.3906,-0.2119,-20.5565,-35.9809,0.6164,-0.4918,-0.6149,0.9980,262,23.596025,1.2468,0.5987
BiancaGolden_CircleTurns,-75.8263,60.0378,200.3414,-0.1775,-20.4222,-35.9787,0.6173,-0.4964,-0.6104,0.9980,263,23.609648,1.2417,0.6004
BiancaGolden_CircleTurns,-76.3293,60.2005,200.2934,-0.1385,-20.1893,-35.9437,0.6199,-0.4986,-0.6059,0.9980,263,23.622841,1.2367,0.6020
BiancaGolden_CircleTurns,-76.8195,60.3673,200.2336,-0.0375,-19.9629,-35.8884,0.6221,-0.4993,-0.6030,0.9980,264,23.638065,1.2318,0.6037
BiancaGolden_CircleTurns,-77.3053,60.5800,200.1389,0.1290,-19.7412,-35.7971,0.6239,-0.4992,-0.6013,0.9980,264,23.651917,1.2269,0.6058
BiancaGolden_CircleTurns,-77.8064,60.8222,199.9969,0.2317,-19.6178,-35.6755,0.6269,-0.4960,-0.6008,0.9980,264,23.666367,1.2219,0.6082
BiancaGolden_CircleTurns,-78.3099,61.1077,199.8050,0.2465,-19.5791,-35.5999,0.6276,-0.4954,-0.6006,0.9980,265,23.680157,1.2169,0.6111
BiancaGolden_CircleTurns,-78.7926,61.3619,199.6662,0.2241,-19.5668,-35.5474,0.6263,-0.4984,-0.5995,0.9980,265,23.693300,1.2121,0.6136
BiancaGolden_CircleTurns,-79.2315,61.5989,199.5655,0.1955,-19.5090,-35.5402,0.6260,-0.5042,-0.5949,0.9980,266,23.708731,1.2077,0.6160
BiancaGolden_CircleTurns,-79.5550,61.7678,199.6167,0.1774,-19.4480,-35.5367,0.6284,-0.5066,-0.5903,0.9980,266,23.721754,1.2045,0.6177
BiancaGolden_CircleTurns,-79.8945,61.9437,199.6524,0.1449,-19.1026,-35.5915,0.6290,-0.5082,-0.5884,0.9980,267,23.736259,1.2011,0.6194
BiancaGolden_CircleTurns,-80.3873,62.1989,199.4050,0.2555,-18.7348,-35.6200,0.6340,-0.5087,-0.5825,0.9980,267,23.750055,1.1961,0.6220
BiancaGolden_CircleTurns,-80.8264,62.3774,199.2390,0.3949,-18.6947,-35.5740,0.6309,-0.5077,-0.5867,0.9980,267,23.764898,1.1917,0.6238
BiancaGolden_CircleTurns,-81.2479,62.5977,199.1690,0.6319,-18.5027,-35.5546,0.6323,-0.5087,-0.5843,0.9980,268,23.778002,1.1875,0.6260
BiancaGolden_CircleTurns,-81.6776,62.8080,199.0357,0.8003,-18.3418,-35.4510,0.6341,-0.5089,-0.5822,0.9980,268,23.791355,1.1832,0.6281
BiancaGolden_CircleTurns,-82.1260,63.0214,198.8474,0.9169,-18.1885,-35.2971,0.6360,-0.5081,-0.5808,0.9980,269,23.805763,1.1787,0.6302
BiancaGolden_CircleTurns,-82.5585,63.1969,198.7721,1.0639,-18.0995,-35.1191,0.6372,-0.5053,-0.5820,0.9980,269,23.819790,1.1744,0.6320
BiancaGolden_CircleTurns,-82.9660,63.3325,198.8165,1.1564,-18.0523,-34.9297,0.6394,-0.5033,-0.5812,0.9980,269,23.833515,1.1703,0.6333
BiancaGolden_CircleTurns,-83.3465,63.4496,198.9685,1.0737,-18.0019,-34.7933,0.6426,-0.4977,-0.5825,0.9980,270,23.847248,1.1665,0.6345
BiancaGolden_CircleTurns,-83.7533,63.5380,199.1078,0.9032,-18.0794,-34.6592,0.6448,-0.4961,-0.5815,0.9980,270,23.860575,1.1625,0.6354
BiancaGolden_CircleTurns,-84.2027,63.6447,199.2019,0.6916,-18.1860,-34.5589,0.6507,-0.4920,-0.5783,0.9980,271,23.875324,1.1580,0.6364
BiancaGolden_CircleTurns,-84.6764,63.7234,199.2597,0.6983,-18.3938,-34.4388,0.6505,-0.4889,-0.5812,0.9980,271,23.888880,1.1532,0.6372
BiancaGolden_CircleTurns,-85.1605,63.7906,199.3334,0.7888,-18.6031,-34.2307,0.6669,-0.4757,-0.5736,0.9980,272,23.903397,1.1484,0.6379
BiancaGolden_CircleTurns,-85.6126,63.8422,199.5004,0.8583,-18.7832,-34.0190,0.6892,-0.4535,-0.5651,0.9980,272,23.916813,1.1439,0.6384
BiancaGolden_CircleTurns,-86.0686,63.8521,199.7138,0.9076,-18.9011,-33.7210,0.6929,-0.4508,-0.5627,0.9980,272,23.930998,1.1393,0.6385
BiancaGolden_CircleTurns,-86.5694,63.8568,199.8933,0.9367,-18.9888,-33.4347,0.6956,-0.4456,-0.5635,0.9980,273,23.944658,1.1343,0.6386
BiancaGolden_CircleTurns,-87.1031,63.8372,200.0783,0.9194,-19.1186,-33.1568,0.6989,-0.4437,-0.5610,0.9980,273,23.957914,1.1290,0.6384
BiancaGolden_CircleTurns,-87.6232,63.7926,200.2673,0.7803,-19.1220,-32.9646,0.7014,-0.4416,-0.5596,0.9980,274,23.972960,1.1238,0.6379
BiancaGolden_CircleTurns,-88.1359,63.6991,200.4623,0.5553,-19.0273,-32.8195,0.7041,-0.4451,-0.5533,0.9980,274,23.989847,1.1186,0.6370
BiancaGolden_CircleTurns,-88.6306,63.5929,200.6359,0.3577,-18.8425,-32.6920,0.7075,-0.4442,-0.5496,0.9980,274,24.001230,1.1137,0.6359
BiancaGolden_CircleTurns,-89.1312,63.4633,200.7927,0.1931,-18.5909,-32.5600,0.7142,-0.4444,-0.5408,0.9980,275,24.014006,1.1087,0.6346
BiancaGolden_CircleTurns,-89.6080,63.3006,200.9638,-0.0252,-18.2840,-32.3960,0.7159,-0.4520,-0.5322,0.9980,275,24.027380,1.1039,0.6330
BiancaGolden_CircleTurns,-90.1188,63.1369,201.0503,-0.2819,-17.9866,-32.2662,0.7185,-0.4506,-0.5299,0.9980,276,24.042273,1.0988,0.6314
BiancaGolden_CircleTurns,-90.6359,62.9615,201.0785,-0.5572,-17.8296,-32.1489,0.7204,-0.4487,-0.5288,0.9980,276,24.055910,1.0936,0.6296
BiancaGolden_CircleTurns,-91.1567,62.7581,201.0960,-0.7588,-17.7561,-32.0328,0.7185,-0.4507,-0.5298,0.9980,277,24.069098,1.0884,0.6276
BiancaGolden_CircleTurns,-91.6802,62.5203,201.1002,-0.8998,-17.7707,-31.9188,0.7171,-0.4475,-0.5344,0.9980,277,24.082251,1.0832,0.6252
BiancaGolden_CircleTurns,-92.1854,62.2742,201.1127,-1.0174,-17.8055,-31.8268,0.7170,-0.4445,-0.5370,0.9980,277,24.096018,1.0781,0.6227
BiancaGolden_CircleTurns,-92.6909,61.9973,201.1044,-1.0923,-17.8624,-31.7553,0.7205,-0.4405,-0.5355,0.9980,278,24.109451,1.0731,0.6200
BiancaGolden_CircleTurns,-93.1847,61.7003,201.0762,-1.1449,-17.8925,-31.7227,0.7205,-0.4402,-0.5358,0.9980,278,24.122204,1.0682,0.6170
BiancaGolden_CircleTurns,-93.6684,61.3826,201.0445,-1.1725,-17.9117,-31.7115,0.7184,-0.4380,-0.5404,0.9980,279,24.137051,1.0633,0.6138
BiancaGolden_CircleTurns,-94.1534,61.0593,200.9939,-1.1595,-17.8755,-31.6558,0.7181,-0.4373,-0.5414,0.9980,279,24.150911,1.0585,0.6106
BiancaGolden_CircleTurns,-94.6342,60.7188,200.9305,-1.1915,-17.8371,-31.5916,0.7170,-0.4388,-0.5416,0.9980,279,24.164946,1.0537,0.6072
BiancaGolden_CircleTurns,-95.1151,60.3604,200.8760,-1.2982,-17.7538,-31.5030,0.7173,-0.4395,-0.5407,0.9980,280,24.178455,1.0488,0.6036
BiancaGolden_CircleTurns,-95.5971,59.9866,200.8231,-1.3603,-17.6994,-31.4084,0.7182,-0.4376,-0.5410,0.9980,280,24.192257,1.0440,0.5999
BiancaGolden_CircleTurns,-96.1057,59.5968,200.7631,-1.3825,-17.7265,-31.2483,0.7245,-0.4322,-0.5369,0.9980,281,24.207947,1.0389,0.5960
BiancaGolden_CircleTurns,-96.6318,59.1919,200.6825,-1.3205,-17.8126,-31.0791,0.7247,-0.4291,-0.5391,0.9980,281,24.221167,1.0337,0.5919
BiancaGolden_CircleTurns,-97.1736,58.7690,200.6032,-1.2715,-17.9858,-30.8664,0.7312,-0.4201,-0.5375,0.9980,282,24.235485,1.0283,0.5877
BiancaGolden_CircleTurns,-97.7113,58.3356,200.5212,-1.2993,-18.1802,-30.6193,0.7325,-0.4150,-0.5397,0.9980,282,24.249630,1.0229,0.5834
BiancaGolden_CircleTurns,-98.2443,57.8681,200.4453,-1.2774,-18.3437,-30.3852,0.7312,-0.4114,-0.5442,0.9980,282,24.264065,1.0176,0.5787
BiancaGolden_CircleTurns,-98.7624,57.3550,200.3977,-1.2777,-18.4724,-30.1045,0.7340,-0.4059,-0.5446,0.9980,283,24.277678,1.0124,0.5735
BiancaGolden_CircleTurns,-99.2469,56.8127,200.3917,-1.2752,-18.4933,-29.8712,0.7413,-0.4033,-0.5364,0.9980,283,24.291155,1.0075,0.5681
BiancaGolden_CircleTurns,-99.7601,56.2398,200.3552,-1.2545,-18.4182,-29.6276,0.7439,-0.4005,-0.5350,0.9980,284,24.306664,1.0024,0.5624
BiancaGolden_CircleTurns,-100.2614,55.6678,200.3126,-1.2231,-18.3212,-29.3683,0.7464,-0.3973,-0.5339,0.9980,284,24.319822,0.9974,0.5567
BiancaGolden_CircleTurns,-100.8017,55.0758,200.2622,-1.1230,-18.2483,-29.0691,0.7492,-0.3933,-0.5330,0.9980,284,24.334364,0.9920,0.5508
BiancaGolden_CircleTurns,-101.3554,54.4915,200.2083,-1.0347,-18.2627,-28.7096,0.7492,-0.3880,-0.5368,0.9980,285,24.347782,0.9864,0.5449
BiancaGolden_CircleTurns,-101.8921,53.9010,200.2069,-0.9418,-18.4032,-28.3660,0.7528,-0.3792,-0.5381,0.9980,285,24.361181,0.9811,0.5390
BiancaGolden_CircleTurns,-102.3997,53.2801,200.2685,-0.9207,-18.6126,-27.9496,0.7548,-0.3745,-0.5385,0.9980,286,24.376242,0.9760,0.5328
BiancaGolden_CircleTurns,-102.8402,52.6264,200.4530,-0.8755,-18.8789,-27.5867,0.7551,-0.3684,-0.5423,0.9980,286,24.389805,0.9716,0.5263
BiancaGolden_CircleTurns,-103.2794,51.9689,200.6614,-0.8076,-19.1343,-27.1886,0.7575,-0.3596,-0.5448,0.9980,287,24.405243,0.9672,0.5197
BiancaGolden_CircleTurns,-103.7725,51.3333,200.6836,-0.6757,-19.3092,-26.7382,0.7566,-0.3530,-0.5504,0.9980,287,24.418077,0.9623,0.5133
BiancaGolden_CircleTurns,-104.3006,50.7297,200.5875,-0.5713,-19.5440,-26.3348,0.7594,-0.3440,-0.5522,0.9980,287,24.431625,0.9570,0.5073
BiancaGolden_CircleTurns,-104.7994,50.0843,200.5246,-0.4955,-19.6694,-25.8981,0.7623,-0.3392,-0.5512,0.9980,288,24.445126,0.9520,0.5008
BiancaGolden_CircleTurns,-105.2560,49.4248,200.5233,-0.4205,-19.6373,-25.4901,0.7670,-0.3348,-0.5474,0.9980,288,24.458187,0.9474,0.4942
BiancaGolden_CircleTurns,-105.6653,48.7684,200.4984,-0.3611,-19.4126,-25.0513,0.7703,-0.3320,-0.5445,0.9980,289,24.473831,0.9433,0.4877
BiancaGolden_CircleTurns,-106.0433,48.1082,200.5306,-0.4169,-19.1762,-24.6869,0.7762,-0.3309,-0.5366,0.9980,289,24.490408,0.9396,0.4811
BiancaGolden_CircleTurns,-106.4462,47.4505,200.5532,-0.3729,-18.9391,-24.3159,0.7799,-0.3269,-0.5337,0.9980,290,24.502041,0.9355,0.4745
BiancaGolden_CircleTurns,-106.8727,46.8224,200.5060,-0.3197,-18.9206,-23.9419,0.7809,-0.3210,-0.5358,0.9980,290,24.515034,0.9313,0.4682
BiancaGolden_CircleTurns,-107.3040,46.2363,200.3987,-0.3627,-19.0419,-23.5768,0.7791,-0.3160,-0.5414,0.9980,290,24.529249,0.9270,0.4624
BiancaGolden_CircleTurns,-107.7469,45.6876,200.2931,-0.4573,-19.2914,-23.2791,0.7764,-0.3144,-0.5462,0.9980,291,24.542206,0.9225,0.4569
BiancaGolden_CircleTurns,-108.1921,45.1012,200.2101,-0.3295,-19.5560,-22.8759,0.7770,-0.3093,-0.5483,0.9980,291,24.555407,0.9181,0.4510
BiancaGolden_CircleTurns,-108.5851,44.5209,200.2008,-0.1540,-19.6950,-22.4844,0.7771,-0.3092,-0.5482,0.9980,292,24.571257,0.9141,0.4452
BiancaGolden_CircleTurns,-108.9469,43.9572,200.2142,-0.0611,-19.7089,-22.1686,0.7778,-0.3060,-0.5490,0.9980,292,24.584457,0.9105,0.4396
BiancaGolden_CircleTurns,-109.3331,43.4443,200.1978,-0.0041,-19.7431,-21.9337,0.7792,-0.2988,-0.5510,0.9980,292,24.598906,0.9067,0.4344
BiancaGolden_CircleTurns,-109.7521,42.9499,200.1714,-0.1224,-19.8722,-21.6890,0.7784,-0.2939,-0.5547,0.9980,293,24.612753,0.9025,0.4295
BiancaGolden_CircleTurns,-110.1850,42.4962,200.1605,-0.2558,-20.1219,-21.4849,0.7798,-0.2868,-0.5565,0.9980,293,24.625713,0.8982,0.4250
BiancaGolden_CircleTurns,-110.6045,42.0763,200.1508,-0.5059,-20.4011,-21.2475,0.7814,-0.2825,-0.5564,0.9980,294,24.641304,0.8940,0.4208
BiancaGolden_CircleTurns,-111.0172,41.6899,200.1479,-0.6853,-20.6702,-20.9785,0.7803,-0.2784,-0.5600,0.9980,294,24.654657,0.8898,0.4169
BiancaGolden_CircleTurns,-111.4297,41.3148,200.1546,-0.7968,-20.9215,-20.6572,0.7795,-0.2721,-0.5641,0.9980,295,24.669199,0.8857,0.4131
BiancaGolden_CircleTurns,-111.8344,40.9685,200.2093,-0.9296,-21.2087,-20.3051,0.7823,-0.2753,-0.5588,0.9980,295,24.682772,0.8817,0.4097
BiancaGolden_CircleTurns,-112.2433,40.6195,200.2912,-1.0285,-21.4364,-19.9865,0.7830,-0.2689,-0.5609,0.9980,295,24.697237,0.8776,0.4062
BiancaGolden_CircleTurns,-112.6574,40.2982,200.3471,-1.0570,-21.6127,-19.7158,0.7834,-0.2650,-0.5622,0.9980,296,24.710865,0.8734,0.4030
BiancaGolden_CircleTurns,-113.0940,40.0010,200.3361,-1.0294,-21.7154,-19.4342,0.7839,-0.2622,-0.5628,0.9980,296,24.723745,0.8691,0.4000
BiancaGolden_CircleTurns,-113.5062,39.7278,200.3252,-0.9699,-21.7468,-19.2379,0.7939,-0.2661,-0.5467,0.9980,297,24.739296,0.8649,0.3973
BiancaGolden_CircleTurns,-113.9161,39.4495,200.3506,-0.8892,-21.6675,-19.0587,0.8111,-0.2712,-0.5182,0.9980,297,24.752535,0.8608,0.3945
BiancaGolden_CircleTurns,-114.2957,39.1995,200.3997,-0.8386,-21.5249,-18.9622,0.7849,-0.3247,-0.5277,0.9980,297,24.767427,0.8570,0.3920
BiancaGolden_CircleTurns,-114.6961,38.9509,200.4158,-0.7164,-21.3951,-18.8679,0.7857,-0.3238,-0.5271,0.9980,298,24.780371,0.8530,0.3895
BiancaGolden_CircleTurns,-115.1108,38.7233,200.4214,-0.5515,-21.3683,-18.7560,0.7857,-0.3225,-0.5279,0.9980,298,24.793472,0.8489,0.3872
BiancaGolden_CircleTurns,-115.5344,38.4963,200.4230,-0.3435,-21.4092,-18.6095,0.7745,-0.3437,-0.5311,0.9980,299,24.809027,0.8447,0.3850
BiancaGolden_CircleTurns,-115.9133,38.2625,200.4425,-0.2130,-21.5093,-18.4867,0.7766,-0.3385,-0.5313,0.9980,299,24.822771,0.8409,0.3826
BiancaGolden_CircleTurns,-116.2880,38.0386,200.4446,-0.2103,-21.5136,-18.4647,0.7811,-0.3354,-0.5267,0.9980,300,24.836557,0.8371,0.3804
BiancaGolden_CircleTurns,-116.6659,37.8049,200.4166,-0.2418,-21.4062,-18.4486,0.7819,-0.3393,-0.5230,0.9980,300,24.850006,0.8333,0.3780
BiancaGolden_CircleTurns,-117.0268,37.6123,200.3696,-0.3284,-21.2381,-18.5100,0.7861,-0.3407,-0.5157,0.9980,300,24.864155,0.8297,0.3761
BiancaGolden_CircleTurns,-117.3911,37.4341,200.3084,-0.4410,-21.1221,-18.5314,0.7867,-0.3405,-0.5150,0.9980,301,24.878027,0.8261,0.3743
BiancaGolden_CircleTurns,-117.7623,37.2756,200.2311,-0.4742,-21.0624,-18.5137,0.7869,-0.3390,-0.5156,0.9980,301,24.890995,0.8224,0.3728
BiancaGolden_CircleTurns,-118.1355,37.1243,200.1330,-0.5534,-21.0900,-18.4327,0.7832,-0.3413,-0.5197,0.9980,302,24.906380,0.8186,0.3712
BiancaGolden_CircleTurns,-118.4679,37.0182,200.0235,-0.6235,-21.1557,-18.3447,0.7834,-0.3392,-0.5207,0.9980,302,24.921309,0.8153,0.3702
BiancaGolden_CircleTurns,-118.8165,36.8972,199.8918,-0.6596,-21.2230,-18.2139,0.7829,-0.3343,-0.5247,0.9980,302,24.934658,0.8118,0.3690
BiancaGolden_CircleTurns,-119.1531,36.7828,199.7216,-0.6617,-21.2563,-18.1187,0.7834,-0.3127,-0.5371,0.9980,303,24.947735,0.8085,0.3678
BiancaGolden_CircleTurns,-119.5037,36.6776,199.5288,-0.6850,-21.2741,-18.0769,0.7830,-0.3123,-0.5380,0.9980,303,24.961132,0.8050,0.3668
BiancaGolden_CircleTurns,-119.8695,36.5992,199.3318,-0.7415,-21.3298,-18.0740,0.7825,-0.3124,-0.5387,0.9980,304,24.977194,0.8013,0.3660
BiancaGolden_CircleTurns,-120.2252,36.5351,199.1484,-0.7335,-21.3774,-18.0917,0.7813,-0.3140,-0.5394,0.9980,304,24.994274,0.7977,0.3654
BiancaGolden_CircleTurns,-120.6172,36.4846,198.9372,-0.7354,-21.4315,-18.1159,0.7822,-0.3109,-0.5399,0.9980,305,25.004206,0.7938,0.3648
BiancaGolden_CircleTurns,-121.0235,36.4445,198.6855,-0.7685,-21.5086,-18.1514,0.7813,-0.3081,-0.5429,0.9980,305,25.016603,0.7898,0.3644
BiancaGolden_CircleTurns,-121.4381,36.3789,198.4948,-0.7345,-21.7126,-18.1872,0.7793,-0.3082,-0.5457,0.9980,305,25.031168,0.7856,0.3638
BiancaGolden_CircleTurns,-121.7286,36.2948,198.5295,-0.7413,-21.9027,-18.2395,0.7817,-0.3106,-0.5408,0.9980,306,25.044437,0.7827,0.3629
BiancaGolden_CircleTurns,-122.0303,36.2211,198.6012,-0.8272,-21.9038,-18.3677,0.7827,-0.3125,-0.5383,0.9980,306,25.057529,0.7797,0.3622
BiancaGolden_CircleTurns,-122.3940,36.1598,198.5409,-0.8288,-21.7521,-18.4595,0.7850,-0.3093,-0.5368,0.9980,307,25.072937,0.7761,0.3616
BiancaGolden_CircleTurns,-122.7879,36.0754,198.3980,-0.7655,-21.6265,-18.5213,0.7888,-0.3142,-0.5282,0.9980,307,25.086460,0.7721,0.3608
BiancaGolden_CircleTurns,-123.1067,35.9767,198.3677,-0.8549,-21.4048,-18.6099,0.7932,-0.3147,-0.5213,0.9980,307,25.100990,0.7689,0.3598
BiancaGolden_CircleTurns,-123.3728,35.8404,198.4543,-1.0612,-21.0307,-18.7512,0.7954,-0.3169,-0.5167,0.9980,308,25.114260,0.7663,0.3584
BiancaGolden_CircleTurns,-123.6387,35.6780,198.6418,-1.1682,-20.7138,-18.8637,0.7982,-0.3165,-0.5126,0.9980,308,25.127258,0.7636,0.3568
BiancaGolden_CircleTurns,-123.9028,35.4845,198.8960,-1.1791,-20.5368,-18.9468,0.7975,-0.3190,-0.5120,0.9980,309,25.142517,0.7610,0.3548
BiancaGolden_CircleTurns,-124.2168,35.2989,199.1054,-1.1514,-20.4725,-19.1015,0.7966,-0.3178,-0.5142,0.9980,309,25.156082,0.7578,0.3530
BiancaGolden_CircleTurns,-124.6164,35.1115,199.1825,-0.9551,-20.6556,-19.1691,0.7941,-0.3147,-0.5200,0.9980,310,25.170776,0.7538,0.3511
BiancaGolden_CircleTurns,-124.9926,34.9232,199.2697,-0.7759,-20.8635,-19.2554,0.7919,-0.3122,-0.5248,0.9980,310,25.184515,0.7501,0.3492
BiancaGolden_CircleTurns,-125.3365,34.7116,199.4254,-0.6072,-21.0637,-19.2576,0.7886,-0.3099,-0.5312,0.9980,310,25.199202,0.7466,0.3471
BiancaGolden_CircleTurns,-125.6311,34.4809,199.6228,-0.4585,-21.1435,-19.2107,0.7892,-0.3089,-0.5308,0.9980,311,25.212214,0.7437,0.3448
BiancaGolden_CircleTurns,-125.9225,34.2506,199.7622,-0.4063,-21.1216,-19.1221,0.7888,-0.3041,-0.5341,0.9980,311,25.225172,0.7408,0.3425
BiancaGolden_CircleTurns,-126.2280,34.0235,199.8818,-0.4088,-21.0893,-19.0196,0.7913,-0.2985,-0.5336,0.9980,312,25.240656,0.7377,0.3402
BiancaGolden_CircleTurns,-126.5556,33.7827,199.9684,-0.4277,-21.0595,-18.9259,0.7914,-0.2969,-0.5343,0.9980,312,25.254332,0.7344,0.3378
BiancaGolden_CircleTurns,-126.8618,33.5151,200.0714,-0.3604,-21.0986,-18.8817,0.7937,-0.2900,-0.5348,0.9980,313,25.268883,0.7314,0.3352
BiancaGolden_CircleTurns,-127.1425,33.2341,200.1930,-0.2342,-21.1404,-18.8393,0.7942,-0.2894,-0.5343,0.9980,313,25.282137,0.7286,0.3323
BiancaGolden_CircleTurns,-127.4135,32.9649,200.2807,-0.1302,-21.1095,-18.7703,0.7933,-0.2882,-0.5363,0.9980,313,25.296463,0.7259,0.3296
BiancaGolden_CircleTurns,-127.6863,32.6976,200.2989,-0.0804,-21.0731,-18.7042,0.7942,-0.2867,-0.5358,0.9980,314,25.309893,0.7231,0.3270
BiancaGolden_CircleTurns,-127.9528,32.4246,200.2966,-0.0193,-21.0360,-18.6106,0.7948,-0.2821,-0.5373,0.9980,314,25.323101,0.7205,0.3242
BiancaGolden_CircleTurns,-128.1791,32.1356,200.3009,0.0863,-21.0089,-18.5118,0.7929,-0.2794,-0.5416,0.9980,315,25.338245,0.7182,0.3214
BiancaGolden_CircleTurns,-128.4005,31.8072,200.2774,0.2173,-20.9449,-18.3932,0.7944,-0.2777,-0.5403,0.9980,315,25.351858,0.7160,0.3181
BiancaGolden_CircleTurns,-128.6066,31.4676,200.2673,0.3528,-20.8559,-18.2875,0.7945,-0.2733,-0.5423,0.9980,315,25.366106,0.7139,0.3147
BiancaGolden_CircleTurns,-128.8005,31.1042,200.2404,0.4984,-20.7309,-18.1623,0.7956,-0.2719,-0.5414,0.9980,316,25.380375,0.7120,0.3110
BiancaGolden_CircleTurns,-128.9818,30.7409,200.2119,0.5886,-20.6664,-18.0217,0.7970,-0.2681,-0.5413,0.9980,316,25.392675,0.7102,0.3074
BiancaGolden_CircleTurns,-129.1540,30.3333,200.1749,0.6688,-20.6574,-17.8872,0.7981,-0.2646,-0.5413,0.9980,317,25.407974,0.7085,0.3033
BiancaGolden_CircleTurns,-129.3020,29.8842,200.1424,0.7491,-20.6942,-17.7452,0.7999,-0.2633,-0.5394,0.9980,317,25.421703,0.7070,0.2988
BiancaGolden_CircleTurns,-129.4239,29.4286,200.1095,0.8748,-20.6900,-17.6055,0.8009,-0.2611,-0.5389,0.9980,318,25.435862,0.7058,0.2943
BiancaGolden_CircleTurns,-129.5402,28.9239,200.0608,0.9744,-20.6616,-17.4192,0.8022,-0.2584,-0.5382,0.9980,318,25.449345,0.7046,0.2892
BiancaGolden_CircleTurns,-129.6440,28.4013,200.0000,1.1100,-20.6174,-17.1911,0.8023,-0.2511,-0.5415,0.9980,318,25.463509,0.7036,0.2840
BiancaGolden_CircleTurns,-129.7421,27.8353,199.9422,1.2468,-20.6650,-16.8987,0.8029,-0.2486,-0.5418,0.9980,319,25.481012,0.7026,0.2784
BiancaGolden_CircleTurns,-129.8471,27.2507,199.8651,1.3687,-20.6888,-16.6008,0.8036,-0.2426,-0.5435,0.9980,319,25.490652,0.7015,0.2725
BiancaGolden_CircleTurns,-129.9513,26.6212,199.8038,1.3764,-20.8189,-16.2922,0.8040,-0.2390,-0.5444,0.9980,320,25.504904,0.7005,0.2662
BiancaGolden_CircleTurns,-130.0544,25.9610,199.7465,1.2926,-20.9026,-15.9965,0.8062,-0.2340,-0.5434,0.9980,320,25.518152,0.6995,0.2596
BiancaGolden_CircleTurns,-130.1291,25.2533,199.7255,1.1645,-20.9573,-15.6758,0.8081,-0.2291,-0.5427,0.9980,320,25.532368,0.6987,0.2525
BiancaGolden_CircleTurns,-130.2209,24.5267,199.6740,0.9738,-20.9091,-15.3572,0.8105,-0.2247,-0.5410,0.9980,321,25.545729,0.6978,0.2453
BiancaGolden_CircleTurns,-130.3014,23.7548,199.5939,0.7553,-20.7869,-15.0770,0.8118,-0.2200,-0.5410,0.9980,321,25.558865,0.6970,0.2375
BiancaGolden_CircleTurns,-130.3810,22.9746,199.5634,0.4829,-20.7861,-14.8130,0.8108,-0.2208,-0.5421,0.9980,322,25.574133,0.6962,0.2297
BiancaGolden_CircleTurns,-130.4197,22.1452,199.5868,0.2560,-20.7564,-14.5391,0.8096,-0.2204,-0.5441,0.9980,322,25.588709,0.6958,0.2215
BiancaGolden_CircleTurns,-130.3964,21.2944,199.7347,-0.0125,-20.8888,-14.3571,0.8095,-0.2177,-0.5453,0.9980,323,25.602179,0.6960,0.2129
BiancaGolden_CircleTurns,-130.3622,20.4330,199.8248,-0.1495,-20.7107,-14.2002,0.8110,-0.2155,-0.5440,0.9980,323,25.615685,0.6964,0.2043
BiancaGolden_CircleTurns,-130.3882,19.5672,199.7610,-0.1484,-20.5406,-14.0272,0.8129,-0.2135,-0.5419,0.9980,323,25.630449,0.6961,0.1957
BiancaGolden_CircleTurns,-130.4051,18.7271,199.6708,-0.1908,-20.3967,-13.8780,0.8134,-0.2132,-0.5412,0.9980,324,25.644033,0.6959,0.1873
BiancaGolden_CircleTurns,-130.3698,17.9128,199.7012,-0.3650,-20.3571,-13.7703,0.8069,-0.2116,-0.5516,0.9980,324,25.658356,0.6963,0.1791
BiancaGolden_CircleTurns,-130.3403,17.1002,199.6918,-0.5290,-20.2704,-13.6167,0.8063,-0.2098,-0.5531,0.9980,325,25.673227,0.6966,0.1710
BiancaGolden_CircleTurns,-130.3067,16.2988,199.6182,-0.4972,-20.2021,-13.3761,0.8079,-0.2076,-0.5515,0.9980,325,25.686052,0.6969,0.1630
BiancaGolden_CircleTurns,-130.2565,15.4997,199.5667,-0.4855,-20.1943,-13.1877,0.8079,-0.2044,-0.5527,0.9980,326,25.702158,0.6974,0.1550
BiancaGolden_CircleTurns,-130.1626,14.7273,199.6007,-0.3775,-20.1808,-13.0094,0.8084,-0.2024,-0.5527,0.9980,326,25.713614,0.6984,0.1473
BiancaGolden_CircleTurns,-130.0509,13.9639,199.5969,-0.2756,-20.1735,-12.8370,0.8047,-0.1956,-0.5605,0.9980,326,25.728149,0.6995,0.1396
BiancaGolden_CircleTurns,-129.9567,13.2547,199.5582,-0.1808,-20.2598,-12.6538,0.8027,-0.1911,-0.5650,0.9980,327,25.742393,0.7004,0.1325
BiancaGolden_CircleTurns,-129.7824,12.5486,199.5935,0.0297,-20.4027,-12.4576,0.8024,-0.1873,-0.5666,0.9980,327,25.754316,0.7022,0.1255
BiancaGolden_CircleTurns,-129.5983,11.8747,199.6142,0.1769,-20.4540,-12.2450,0.8036,-0.1811,-0.5669,0.9980,328,25.769381,0.7040,0.1187
BiancaGolden_CircleTurns,-129.3956,11.2150,199.5753,0.2854,-20.4025,-12.0423,0.8048,-0.1791,-0.5658,0.9980,328,25.783749,0.7060,0.1121
BiancaGolden_CircleTurns,-129.1851,10.5804,199.5865,0.3405,-20.3262,-11.8717,0.8073,-0.1727,-0.5643,0.9980,328,25.797659,0.7081,0.1058
BiancaGolden_CircleTurns,-128.9636,9.9938,199.6300,0.3370,-20.2161,-11.6733,0.8080,-0.1695,-0.5643,0.9980,329,25.811085,0.7104,0.0999
BiancaGolden_CircleTurns,-128.7749,9.4347,199.6436,0.3257,-20.2313,-11.4929,0.8079,-0.1660,-0.5655,0.9980,329,25.824196,0.7123,0.0943
BiancaGolden_CircleTurns,-128.6045,8.9111,199.6387,0.2587,-20.3166,-11.3726,0.8035,-0.1607,-0.5733,0.9980,330,25.839556,0.7140,0.0891
BiancaGolden_CircleTurns,-128.4392,8.4070,199.6521,0.2196,-20.4822,-11.2708,0.7987,-0.1550,-0.5814,0.9980,330,25.852503,0.7156,0.0841
BiancaGolden_CircleTurns,-128.2920,7.9257,199.6498,0.2391,-20.6064,-11.1592,0.7970,-0.1533,-0.5842,0.9980,330,25.866901,0.7171,0.0793
BiancaGolden_CircleTurns,-128.1231,7.5083,199.6095,0.2969,-20.7308,-11.0432,0.7966,-0.1515,-0.5852,0.9980,331,25.880541,0.7188,0.0751
BiancaGolden_CircleTurns,-127.9507,7.1118,199.6040,0.2805,-20.8048,-10.9410,0.7967,-0.1497,-0.5856,0.9980,331,25.893583,0.7205,0.0711
BiancaGolden_CircleTurns,-127.7468,6.7262,199.6495,0.2663,-20.7941,-10.8110,0.7962,-0.1523,-0.5855,0.9980,332,25.908808,0.7225,0.0673
BiancaGolden_CircleTurns,-127.5486,6.3637,199.7121,0.2013,-20.7510,-10.8017,0.7964,-0.1549,-0.5846,0.9980,332,25.922367,0.7245,0.0636
BiancaGolden_CircleTurns,-127.3750,6.0332,199.7334,0.1629,-20.7288,-10.8284,0.7904,-0.1971,-0.5799,0.9980,333,25.936476,0.7263,0.0603
BiancaGolden_CircleTurns,-127.2644,5.7318,199.6971,0.2528,-20.8483,-10.8508,0.7889,-0.1965,-0.5823,0.9980,333,25.949972,0.7274,0.0573
BiancaGolden_CircleTurns,-127.1762,5.4999,199.6675,0.3422,-21.0425,-10.8117,0.7855,-0.2277,-0.5755,0.9980,333,25.964968,0.7282,0.0550
BiancaGolden_CircleTurns,-127.0639,5.3034,199.7117,0.4014,-21.2077,-10.6999,0.7806,-0.2465,-0.5744,0.9980,334,25.981821,0.7294,0.0530
BiancaGolden_CircleTurns,-126.9494,5.1095,199.7698,0.4048,-21.2456,-10.5056,0.7808,-0.2481,-0.5733,0.9980,334,25.991564,0.7305,0.0511
BiancaGolden_CircleTurns,-126.8369,4.9398,199.8417,0.3830,-21.2154,-10.3082,0.7865,-0.2467,-0.5662,0.9980,335,26.005983,0.7316,0.0494
BiancaGolden_CircleTurns,-126.7362,4.8118,199.9020,0.3692,-21.1172,-10.1180,0.7884,-0.2464,-0.5636,0.9980,335,26.019531,0.7326,0.0481
BiancaGolden_CircleTurns,-126.6508,4.6997,199.9478,0.4150,-20.9500,-9.9649,0.7889,-0.2471,-0.5626,0.9980,335,26.033388,0.7335,0.0470
BiancaGolden_CircleTurns,-126.5771,4.5677,200.0069,0.4776,-20.8113,-9.8337,0.7912,-0.2464,-0.5598,0.9980,336,26.046776,0.7342,0.0457
BiancaGolden_CircleTurns,-126.5230,4.4956,200.0207,0.5435,-20.5931,-9.7510,0.7932,-0.2452,-0.5575,0.9980,336,26.059965,0.7348,0.0450
BiancaGolden_CircleTurns,-126.4836,4.4106,200.0170,0.6024,-20.4218,-9.6261,0.7962,-0.2404,-0.5553,0.9980,337,26.075516,0.7352,0.0441
BiancaGolden_CircleTurns,-126.4567,4.3835,199.9768,0.6306,-20.2568,-9.5110,0.7978,-0.2389,-0.5536,0.9980,337,26.089233,0.7354,0.0438
BiancaGolden_CircleTurns,-126.4417,4.3552,199.9351,0.6237,-20.1400,-9.3859,0.7940,-0.2361,-0.5602,0.9980,338,26.103804,0.7356,0.0436
BiancaGolden_CircleTurns,-126.4753,4.3754,199.8478,0.5520,-20.0674,-9.2827,0.7953,-0.2336,-0.5594,0.9980,338,26.116997,0.7352,0.0438
BiancaGolden_CircleTurns,-126.4925,4.3930,199.7570,0.4201,-20.0016,-9.2071,0.7966,-0.2328,-0.5579,0.9980,338,26.131557,0.7351,0.0439
BiancaGolden_CircleTurns,-126.5295,4.4260,199.6262,0.3359,-19.8837,-9.1611,0.8173,-0.1987,-0.5409,0.9980,339,26.144960,0.7347,0.0443
BiancaGolden_CircleTurns,-126.5745,4.4705,199.4909,0.2734,-19.7615,-9.0940,0.8499,-0.1420,-0.5075,0.9980,339,26.158100,0.7343,0.0447
BiancaGolden_CircleTurns,-126.6379,4.5298,199.3706,0.0729,-19.6883,-9.1009,0.8727,-0.1243,-0.4722,0.9980,340,26.173428,0.7336,0.0453
BiancaGolden_CircleTurns,-126.7471,4.5882,199.2579,-0.2717,-19.7794,-9.1804,0.8788,-0.1015,-0.4662,0.9980,340,26.186945,0.7325,0.0459
BiancaGolden_CircleTurns,-126.8469,4.6380,199.2320,-0.6327,-20.0616,-9.3552,0.8812,-0.0960,-0.4629,0.9980,340,26.201452,0.7315,0.0464
BiancaGolden_CircleTurns,-126.9149,4.6790,199.2967,-0.9180,-20.4605,-9.4516,0.8798,-0.0968,-0.4653,0.9980,341,26.214907,0.7309,0.0468
BiancaGolden_CircleTurns,-126.9709,4.7123,199.3271,-1.0376,-20.6644,-9.5510,0.8784,-0.0970,-0.4680,0.9980,341,26.227907,0.7303,0.0471
BiancaGolden_CircleTurns,-127.0643,4.7197,199.2902,-1.1292,-20.8375,-9.5846,0.8792,-0.0970,-0.4665,0.9980,342,26.243193,0.7294,0.0472
BiancaGolden_CircleTurns,-127.0825,4.7061,199.3172,-1.1995,-20.7539,-9.6608,0.8800,-0.0981,-0.4648,0.9980,342,26.256884,0.7292,0.0471
BiancaGolden_CircleTurns,-127.1270,4.6609,199.3536,-1.1436,-20.5466,-9.6916,0.8813,-0.0973,-0.4624,0.9980,343,26.271029,0.7287,0.0466
BiancaGolden_CircleTurns,-127.1725,4.5672,199.4032,-0.9823,-20.3068,-9.6394,0.8812,-0.0955,-0.4630,0.9980,343,26.284893,0.7283,0.0457
BiancaGolden_CircleTurns,-127.2594,4.4299,199.4603,-0.7340,-20.1783,-9.6015,0.8809,-0.0968,-0.4632,0.9980,343,26.299309,0.7274,0.0443
BiancaGolden_CircleTurns,-127.3544,4.2918,199.5232,-0.7048,-20.1931,-9.6853,0.8793,-0.0983,-0.4661,0.9980,344,26.312817,0.7265,0.0429
BiancaGolden_CircleTurns,-127.4309,4.1192,199.6449,-0.7811,-20.3352,-9.8568,0.8777,-0.0999,-0.4687,0.9980,344,26.325781,0.7257,0.0412
BiancaGolden_CircleTurns,-127.4990,3.9096,199.7780,-0.8212,-20.5073,-10.0251,0.8750,-0.0982,-0.4740,0.9980,345,26.341175,0.7250,0.0391
BiancaGolden_CircleTurns,-127.5479,3.6793,199.9042,-0.7491,-20.6419,-10.1897,0.8745,-0.0994,-0.4747,0.9980,345,26.354944,0.7245,0.0368
BiancaGolden_CircleTurns,-127.5753,3.4395,200.0268,-0.7134,-20.6903,-10.3049,0.8757,-0.0967,-0.4731,0.9980,346,26.369293,0.7242,0.0344
BiancaGolden_CircleTurns,-127.5764,3.1929,200.1347,-0.7918,-20.5998,-10.4145,0.8769,-0.0976,-0.4706,0.9980,346,26.383257,0.7242,0.0319
BiancaGolden_CircleTurns,-127.5860,2.9198,200.1761,-0.8793,-20.4408,-10.4712,0.8785,-0.0933,-0.4685,0.9980,346,26.397057,0.7241,0.0292
BiancaGolden_CircleTurns,-127.6007,2.6339,200.1925,-0.9465,-20.3177,-10.4718,0.8790,-0.0921,-0.4679,0.9980,347,26.410713,0.7240,0.0263
BiancaGolden_CircleTurns,-127.5913,2.3348,200.1944,-1.0262,-20.2805,-10.4009,0.8771,-0.0906,-0.4717,0.9980,347,26.423906,0.7241,0.0233
BiancaGolden_CircleTurns,-127.5633,2.0313,200.2120,-1.1284,-20.2918,-10.2859,0.8690,-0.1031,-0.4839,0.9980,348,26.439173,0.7244,0.0203
BiancaGolden_CircleTurns,-127.5259,1.7181,200.2365,-1.2517,-20.2695,-10.1503,0.8628,-0.1468,-0.4838,0.9980,348,26.452536,0.7247,0.0172
BiancaGolden_CircleTurns,-127.4617,1.3726,200.2318,-1.3577,-20.1607,-9.9484,0.8650,-0.1433,-0.4809,0.9980,348,26.467140,0.7254,0.0137
BiancaGolden_CircleTurns,-127.3943,1.0217,200.1801,-1.4372,-19.9715,-9.7106,0.8606,-0.1592,-0.4837,0.9980,349,26.484247,0.7261,0.0102
BiancaGolden_CircleTurns,-127.3157,0.6636,200.1388,-1.5009,-19.8281,-9.4280,0.8626,-0.1589,-0.4802,0.9980,349,26.494217,0.7268,0.0066
BiancaGolden_CircleTurns,-127.2177,0.3048,200.0881,-1.5501,-19.6276,-9.0786,0.8644,-0.1531,-0.4790,0.9980,350,26.508945,0.7278,0.0030
BiancaGolden_CircleTurns,-127.1053,-0.1128,199.9896,-1.5457,-19.4213,-8.5756,0.8627,-0.1367,-0.4869,0.9980,351,26.535940,0.7289,-0.0011
BiancaGolden_CircleTurns,-126.9182,-0.9280,199.8363,-1.5029,-19.1703,-7.8975,0.8645,-0.1308,-0.4854,0.9980,351,26.549631,0.7308,-0.0093
BiancaGolden_CircleTurns,-126.8119,-1.3821,199.7353,-1.3886,-19.0746,-7.4762,0.8635,-0.1242,-0.4889,0.9980,351,26.563234,0.7319,-0.0138
BiancaGolden_CircleTurns,-126.6814,-1.8648,199.6599,-1.2624,-19.0047,-7.0362,0.8635,-0.1235,-0.4889,0.9980,352,26.577635,0.7332,-0.0186
BiancaGolden_CircleTurns,-126.5301,-2.3640,199.6098,-1.1889,-18.8685,-6.6090,0.8661,-0.1174,-0.4860,0.9980,352,26.591541,0.7347,-0.0236
BiancaGolden_CircleTurns,-126.3522,-2.8978,199.5538,-1.1330,-18.6138,-6.1356,0.8673,-0.1146,-0.4844,0.9980,353,26.606344,0.7365,-0.0290
BiancaGolden_CircleTurns,-126.1618,-3.4494,199.4245,-1.0375,-18.2919,-5.7147,0.8661,-0.1082,-0.4880,0.9980,353,26.619198,0.7384,-0.0345
BiancaGolden_CircleTurns,-125.9587,-4.0102,199.2785,-0.9894,-17.9684,-5.2890,0.8688,-0.1019,-0.4846,0.9980,353,26.633408,0.7404,-0.0401
BiancaGolden_CircleTurns,-125.7784,-4.5761,199.1706,-0.9746,-17.7494,-4.8632,0.8669,-0.1042,-0.4874,0.9980,354,26.647049,0.7422,-0.0458
BiancaGolden_CircleTurns,-125.6120,-5.1006,199.1123,-1.1752,-17.7120,-4.5271,0.8653,-0.0999,-0.4912,0.9980,354,26.660248,0.7439,-0.0510
BiancaGolden_CircleTurns,-125.4418,-5.6008,199.0973,-1.5256,-17.8940,-4.2845,0.8579,-0.1014,-0.5036,0.9980,355,26.675627,0.7456,-0.0560
BiancaGolden_CircleTurns,-125.2081,-6.1163,199.1538,-1.7450,-18.1511,-4.0030,0.8562,-0.0986,-0.5071,0.9980,355,26.689278,0.7479,-0.0612
BiancaGolden_CircleTurns,-124.9411,-6.6291,199.2905,-1.6564,-18.2829,-3.7012,0.8523,-0.0950,-0.5143,0.9980,356,26.703482,0.7506,-0.0663
BiancaGolden_CircleTurns,-124.6521,-7.1325,199.4528,-1.3445,-18.3623,-3.3835,0.8529,-0.0920,-0.5139,0.9980,356,26.716829,0.7535,-0.0713
BiancaGolden_CircleTurns,-124.4112,-7.6006,199.5158,-0.9987,-18.3541,-3.0909,0.8533,-0.0924,-0.5132,0.9980,356,26.731050,0.7559,-0.0760
BiancaGolden_CircleTurns,-124.1847,-8.0138,199.5368,-0.8180,-18.3183,-2.8470,0.8538,-0.0912,-0.5125,0.9980,357,26.744524,0.7582,-0.0801
BiancaGolden_CircleTurns,-123.9549,-8.4368,199.5952,-0.6379,-18.2857,-2.6128,0.8544,-0.0924,-0.5113,0.9980,357,26.757366,0.7605,-0.0844
BiancaGolden_CircleTurns,-123.7608,-8.8638,199.6345,-0.3124,-18.2326,-2.3552,0.8511,-0.0950,-0.5163,0.9980,358,26.772621,0.7624,-0.0886
BiancaGolden_CircleTurns,-123.5898,-9.2766,199.6712,0.1283,-18.2344,-2.1085,0.8520,-0.0923,-0.5153,0.9980,358,26.786131,0.7641,-0.0928
BiancaGolden_CircleTurns,-123.3905,-9.6956,199.7415,0.6364,-18.2053,-1.7980,0.8548,-0.0887,-0.5113,0.9980,358,26.800518,0.7661,-0.0970
BiancaGolden_CircleTurns,-123.1626,-10.0880,199.8037,1.2176,-18.0160,-1.4322,0.8601,-0.0846,-0.5030,0.9980,359,26.814199,0.7684,-0.1009
BiancaGolden_CircleTurns,-122.9324,-10.4753,199.8402,1.7575,-17.6864,-0.9820,0.8648,-0.0785,-0.4959,0.9980,359,26.827799,0.7707,-0.1048
BiancaGolden_CircleTurns,-122.7212,-10.8600,199.8375,2.2845,-17.3539,-0.4696,0.8666,-0.0743,-0.4935,0.9980,360,26.842409,0.7728,-0.1086
BiancaGolden_CircleTurns,-122.5372,-11.2194,199.8420,2.6733,-17.1377,0.0753,0.8630,-0.0690,-0.5005,0.9980,360,26.855978,0.7746,-0.1122
BiancaGolden_CircleTurns,-122.3687,-11.5579,199.8423,2.9079,-17.0516,0.4905,0.8623,-0.0682,-0.5018,0.9980,361,26.871119,0.7763,-0.1156
BiancaGolden_CircleTurns,-122.2242,-11.9240,199.8260,3.1336,-17.1235,0.9484,0.8616,-0.0634,-0.5035,0.9980,361,26.883789,0.7778,-0.1192
BiancaGolden_CircleTurns,-122.0868,-12.2772,199.8160,3.4465,-17.2331,1.3693,0.8587,-0.0622,-0.5086,0.9980,361,26.898359,0.7791,-0.1228
BiancaGolden_CircleTurns,-121.9685,-12.6066,199.8220,3.7447,-17.3848,1.8196,0.8552,-0.0570,-0.5151,0.9980,362,26.911871,0.7803,-0.1261
BiancaGolden_CircleTurns,-121.8650,-12.8981,199.8328,3.8935,-17.5607,2.2344,0.8539,-0.0507,-0.5180,0.9980,362,26.924944,0.7814,-0.1290
BiancaGolden_CircleTurns,-121.7776,-13.1761,199.8279,3.9257,-17.7015,2.6799,0.8540,-0.0506,-0.5178,0.9980,363,26.940090,0.7822,-0.1318
BiancaGolden_CircleTurns,-121.6787,-13.4381,199.8248,3.9565,-17.7426,3.0766,0.8544,-0.0446,-0.5176,0.9980,363,26.953718,0.7832,-0.1344
BiancaGolden_CircleTurns,-121.5851,-13.6992,199.8649,3.9849,-17.7236,3.4823,0.8553,-0.0451,-0.5162,0.9980,363,26.967897,0.7841,-0.1370
BiancaGolden_CircleTurns,-121.4842,-13.9333,199.9814,3.9653,-17.6830,3.8369,0.8558,-0.0432,-0.5155,0.9980,364,26.985464,0.7852,-0.1393
BiancaGolden_CircleTurns,-121.4104,-14.1508,200.0877,3.9180,-17.6568,4.1243,0.8502,-0.0494,-0.5241,0.9980,364,26.995180,0.7859,-0.1415
BiancaGolden_CircleTurns,-121.3799,-14.3440,200.1541,3.7794,-17.6454,4.4115,0.8501,-0.0463,-0.5245,0.9980,365,27.009573,0.7862,-0.1434
BiancaGolden_CircleTurns,-121.3579,-14.5230,200.1721,3.7548,-17.6747,4.6977,0.8500,-0.0486,-0.5245,0.9980,365,27.023378,0.7864,-0.1452
BiancaGolden_CircleTurns,-121.3410,-14.6780,200.2216,3.7117,-17.6871,5.0411,0.8486,-0.0451,-0.5271,0.9980,366,27.037310,0.7866,-0.1468
BiancaGolden_CircleTurns,-121.3355,-14.8127,200.2758,3.6211,-17.7019,5.3824,0.8486,-0.0395,-0.5276,0.9980,366,27.051109,0.7866,-0.1481
BiancaGolden_CircleTurns,-121.3463,-14.9327,200.3117,3.4455,-17.7237,5.7156,0.8473,-0.0425,-0.5294,0.9980,366,27.065081,0.7865,-0.1493
BiancaGolden_CircleTurns,-121.3708,-15.0354,200.3465,3.2482,-17.7253,5.9915,0.8474,-0.0386,-0.5295,0.9980,367,27.078680,0.7863,-0.1504
BiancaGolden_CircleTurns,-121.3990,-15.1527,200.3652,3.1041,-17.7061,6.2247,0.8469,-0.0360,-0.5305,0.9980,367,27.091959,0.7860,-0.1515
BiancaGolden_CircleTurns,-121.4354,-15.2497,200.3703,3.0388,-17.6506,6.4158,0.8458,-0.0477,-0.5314,0.9980,368,27.107027,0.7856,-0.1525
BiancaGolden_CircleTurns,-121.4830,-15.3336,200.3440,3.0114,-17.5524,6.4891,0.8449,-0.0525,-0.5323,0.9980,368,27.120625,0.7852,-0.1533
BiancaGolden_CircleTurns,-121.5554,-15.4036,200.2532,2.9365,-17.4202,6.5547,0.8456,-0.0517,-0.5313,0.9980,369,27.134951,0.7844,-0.1540
BiancaGolden_CircleTurns,-121.6469,-15.4769,200.1068,2.8284,-17.3341,6.5763,0.8452,-0.0542,-0.5317,0.9980,369,27.149323,0.7835,-0.1548
BiancaGolden_CircleTurns,-121.7420,-15.5426,199.9319,2.7182,-17.2609,6.5653,0.8452,-0.0633,-0.5308,0.9980,369,27.163040,0.7826,-0.1554
BiancaGolden_CircleTurns,-121.8318,-15.5984,199.7846,2.5709,-17.2043,6.4182,0.8403,-0.0665,-0.5380,0.9980,370,27.176365,0.7817,-0.1560
BiancaGolden_CircleTurns,-121.9735,-15.6679,199.6122,2.3859,-17.2722,6.2630,0.8085,-0.1298,-0.5739,0.9980,370,27.189497,0.7803,-0.1567
BiancaGolden_CircleTurns,-122.1091,-15.7176,199.5165,2.0779,-17.5512,5.9998,0.7684,-0.2008,-0.6077,0.9980,371,27.205107,0.7789,-0.1572
BiancaGolden_CircleTurns,-122.2584,-15.7867,199.4467,1.7884,-17.9338,5.7428,0.7605,-0.2047,-0.6162,0.9980,371,27.218740,0.7774,-0.1579
BiancaGolden_CircleTurns,-122.3446,-15.8448,199.5136,1.5086,-18.6020,5.3369,0.7262,-0.2780,-0.6287,0.9980,371,27.232832,0.7766,-0.1584
BiancaGolden_CircleTurns,-122.4402,-15.9249,199.5131,1.3155,-18.9552,4.9485,0.6737,-0.3234,-0.6644,0.9980,372,27.246157,0.7756,-0.1592
BiancaGolden_CircleTurns,-122.5517,-16.0576,199.4885,1.3103,-19.2517,4.5999,0.6360,-0.3745,-0.6747,0.9980,372,27.259466,0.7745,-0.1606
BiancaGolden_CircleTurns,-122.6594,-16.1558,199.4575,1.2050,-19.3111,4.1432,0.6073,-0.4296,-0.6684,0.9980,373,27.274996,0.7734,-0.1616
BiancaGolden_CircleTurns,-122.8023,-16.2834,199.3738,1.0608,-19.3806,3.6378,0.6008,-0.4402,-0.6673,0.9980,373,27.288261,0.7720,-0.1628
BiancaGolden_CircleTurns,-122.9249,-16.4367,199.3449,1.1388,-19.4322,3.1337,0.5950,-0.4462,-0.6685,0.9980,374,27.302706,0.7708,-0.1644
BiancaGolden_CircleTurns,-123.0367,-16.6243,199.4134,1.2139,-19.6127,2.6231,0.5854,-0.4724,-0.6589,0.9980,374,27.315926,0.7696,-0.1662
BiancaGolden_CircleTurns,-123.1152,-16.8125,199.5177,1.3237,-19.7107,1.9093,0.5875,-0.4945,-0.6405,0.9980,374,27.330488,0.7688,-0.1681
BiancaGolden_CircleTurns,-123.2238,-17.0440,199.5890,1.5546,-19.8422,1.1511,0.5843,-0.5121,-0.6295,0.9980,375,27.344055,0.7678,-0.1704
BiancaGolden_CircleTurns,-123.3588,-17.2480,199.6174,1.8004,-20.0198,0.3993,0.5778,-0.5200,-0.6291,0.9980,375,27.357124,0.7664,-0.1725
BiancaGolden_CircleTurns,-123.4780,-17.4319,199.6735,2.0221,-20.1897,-0.3189,0.5749,-0.5227,-0.6295,0.9980,376,27.372057,0.7652,-0.1743
BiancaGolden_CircleTurns,-123.5448,-17.5968,199.8065,2.2105,-20.1233,-0.8700,0.5742,-0.5285,-0.6254,0.9980,376,27.386374,0.7646,-0.1760
BiancaGolden_CircleTurns,-123.5771,-17.7628,199.9713,2.3249,-19.8087,-1.3631,0.5744,-0.5315,-0.6226,0.9980,376,27.400183,0.7642,-0.1776
BiancaGolden_CircleTurns,-123.5893,-17.9153,200.1447,2.2659,-19.2763,-1.8323,0.5626,-0.5354,-0.6299,0.9980,377,27.413465,0.7641,-0.1792
BiancaGolden_CircleTurns,-123.6089,-18.1056,200.2873,2.2510,-18.7933,-2.2748,0.5559,-0.5244,-0.6449,0.9980,377,27.426445,0.7639,-0.1811
BiancaGolden_CircleTurns,-123.6466,-18.3030,200.4105,2.4087,-18.3791,-2.6355,0.5558,-0.5201,-0.6486,0.9980,378,27.441626,0.7635,-0.1830
BiancaGolden_CircleTurns,-123.6774,-18.4690,200.5094,2.6346,-18.0123,-2.9655,0.5573,-0.5227,-0.6452,0.9980,378,27.455284,0.7632,-0.1847
BiancaGolden_CircleTurns,-123.7102,-18.6274,200.5772,2.7604,-17.6814,-3.2027,0.5579,-0.5253,-0.6424,0.9980,379,27.469526,0.7629,-0.1863
BiancaGolden_CircleTurns,-123.7411,-18.7659,200.6187,2.7961,-17.4448,-3.4257,0.5624,-0.5069,-0.6533,0.9980,379,27.486595,0.7626,-0.1877
BiancaGolden_CircleTurns,-123.7537,-18.9126,200.6353,2.7820,-17.3045,-3.6616,0.5664,-0.4827,-0.6680,0.9980,379,27.498171,0.7625,-0.1891
BiancaGolden_CircleTurns,-123.7584,-19.0806,200.6538,2.8039,-17.2142,-3.8230,0.5635,-0.4819,-0.6710,0.9980,380,27.511263,0.7624,-0.1908
BiancaGolden_CircleTurns,-123.7355,-19.2503,200.6755,2.8763,-17.1477,-3.9925,0.5638,-0.4821,-0.6706,0.9980,380,27.524254,0.7626,-0.1925
BiancaGolden_CircleTurns,-123.7007,-19.4227,200.6884,2.9769,-17.1157,-4.0948,0.5559,-0.4616,-0.6913,0.9980,381,27.538940,0.7630,-0.1942
BiancaGolden_CircleTurns,-123.6164,-19.5916,200.7203,2.9522,-17.1155,-4.1844,0.5548,-0.4617,-0.6921,0.9980,381,27.552595,0.7638,-0.1959
BiancaGolden_CircleTurns,-123.5029,-19.7804,200.7385,2.8877,-17.1525,-4.2546,0.5512,-0.4606,-0.6957,0.9980,381,27.567091,0.7650,-0.1978
BiancaGolden_CircleTurns,-123.3746,-19.9963,200.7301,2.8826,-17.1734,-4.3157,0.5508,-0.4609,-0.6959,0.9980,382,27.580744,0.7663,-0.2000
BiancaGolden_CircleTurns,-123.2624,-20.2532,200.6889,2.9466,-17.1926,-4.3891,0.5488,-0.4572,-0.6999,0.9980,382,27.593548,0.7674,-0.2025
BiancaGolden_CircleTurns,-123.1049,-20.5221,200.6592,2.9187,-17.2519,-4.5439,0.5428,-0.4577,-0.7042,0.9980,383,27.608923,0.7690,-0.2052
BiancaGolden_CircleTurns,-122.9248,-20.8045,200.6672,2.8753,-17.3027,-4.7524,0.5409,-0.4589,-0.7048,0.9980,383,27.622572,0.7708,-0.2080
BiancaGolden_CircleTurns,-122.7106,-21.0981,200.6631,2.8384,-17.3324,-4.9486,0.5404,-0.4605,-0.7042,0.9980,384,27.636658,0.7729,-0.2110
BiancaGolden_CircleTurns,-122.5055,-21.4120,200.6421,2.8694,-17.2872,-5.0833,0.5427,-0.4550,-0.7060,0.9980,384,27.650335,0.7749,-0.2141
BiancaGolden_CircleTurns,-122.2843,-21.7568,200.6274,2.7438,-17.2087,-5.2233,0.5496,-0.4553,-0.7004,0.9980,384,27.664612,0.7772,-0.2176
BiancaGolden_CircleTurns,-122.0210,-22.1112,200.6435,2.5398,-17.0894,-5.3602,0.5497,-0.4524,-0.7022,0.9980,385,27.678194,0.7798,-0.2211
BiancaGolden_CircleTurns,-121.7152,-22.4760,200.7387,2.4111,-17.0270,-5.4664,0.5523,-0.4504,-0.7015,0.9980,385,27.691477,0.7828,-0.2248
BiancaGolden_CircleTurns,-121.3637,-22.8401,200.8465,2.3508,-16.8541,-5.5687,0.5577,-0.4497,-0.6977,0.9980,386,27.706448,0.7864,-0.2284
BiancaGolden_CircleTurns,-121.0530,-23.2516,200.8342,2.4123,-16.5979,-5.5192,0.5607,-0.4495,-0.6954,0.9980,386,27.720390,0.7895,-0.2325
BiancaGolden_CircleTurns,-120.7343,-23.6383,200.7970,2.4112,-16.3813,-5.4665,0.5678,-0.4400,-0.6957,0.9980,386,27.734558,0.7927,-0.2364
BiancaGolden_CircleTurns,-120.3688,-24.0415,200.7729,2.3018,-16.1257,-5.3019,0.5718,-0.4366,-0.6946,0.9980,387,27.747759,0.7963,-0.2404
BiancaGolden_CircleTurns,-119.9376,-24.4338,200.8201,1.9957,-15.8184,-5.1674,0.5738,-0.4341,-0.6945,0.9980,387,27.761137,0.8006,-0.2443
BiancaGolden_CircleTurns,-119.5006,-24.8546,200.8464,1.8195,-15.4907,-5.0348,0.5785,-0.4297,-0.6933,0.9980,388,27.775866,0.8050,-0.2485
BiancaGolden_CircleTurns,-119.0479,-25.3197,200.8276,1.8310,-15.1055,-4.7575,0.5845,-0.4276,-0.6896,0.9980,388,27.789705,0.8095,-0.2532
BiancaGolden_CircleTurns,-118.5798,-25.7843,200.7665,1.9213,-14.8077,-4.4364,0.5881,-0.4196,-0.6914,0.9980,389,27.804008,0.8142,-0.2578
BiancaGolden_CircleTurns,-118.1077,-26.2571,200.7286,1.9475,-14.6035,-4.0849,0.5892,-0.4159,-0.6927,0.9980,389,27.817423,0.8189,-0.2626
BiancaGolden_CircleTurns,-117.6057,-26.7176,200.7023,1.9838,-14.3848,-3.6504,0.5952,-0.4195,-0.6854,0.9980,389,27.831701,0.8239,-0.2672
BiancaGolden_CircleTurns,-117.0372,-27.1895,200.7027,2.0502,-14.0198,-3.0394,0.6305,-0.4340,-0.6436,0.9980,390,27.845404,0.8296,-0.2719
BiancaGolden_CircleTurns,-116.4772,-27.6603,200.6899,2.1226,-13.5386,-2.3997,0.6624,-0.4251,-0.6169,0.9980,390,27.858259,0.8352,-0.2766
BiancaGolden_CircleTurns,-115.9077,-28.1414,200.7047,2.1235,-13.0369,-1.5705,0.7093,-0.4131,-0.5712,0.9980,391,27.873455,0.8409,-0.2814
BiancaGolden_CircleTurns,-115.3041,-28.5737,200.7673,1.9775,-12.5018,-0.7792,0.7200,-0.4003,-0.5669,0.9980,391,27.886757,0.8470,-0.2857
BiancaGolden_CircleTurns,-114.6914,-29.0378,200.8923,1.8038,-12.0630,0.1444,0.7766,-0.3974,-0.4888,0.9980,391,27.901403,0.8531,-0.2904
BiancaGolden_CircleTurns,-114.0896,-29.5101,200.9451,1.7005,-11.6703,1.0907,0.8141,-0.3842,-0.4355,0.9980,392,27.914494,0.8591,-0.2951
BiancaGolden_CircleTurns,-113.5161,-30.0083,200.9355,1.6512,-11.4949,2.0102,0.8872,-0.0585,-0.4576,0.9980,392,27.927620,0.8648,-0.3001
BiancaGolden_CircleTurns,-112.9024,-30.5041,200.9154,1.5278,-11.4186,2.8935,0.9337,-0.0059,-0.3581,0.9980,393,27.942738,0.8710,-0.3050
BiancaGolden_CircleTurns,-112.2310,-31.0021,201.0119,1.3908,-11.4480,3.7042,0.9358,0.0294,-0.3514,0.9980,393,27.956608,0.8777,-0.3100
BiancaGolden_CircleTurns,-111.5711,-31.5225,201.0721,1.2156,-11.3818,4.3322,0.9351,0.0370,-0.3524,0.9980,394,27.970474,0.8843,-0.3152
BiancaGolden_CircleTurns,-110.9348,-32.0968,201.0326,1.1933,-11.4449,4.7969,0.9340,0.0455,-0.3543,0.9980,394,27.987295,0.8907,-0.3210
BiancaGolden_CircleTurns,-110.3266,-32.6773,200.9556,1.2863,-11.5635,5.2589,0.9183,0.0511,-0.3926,0.9980,394,27.998255,0.8967,-0.3268
BiancaGolden_CircleTurns,-109.7328,-33.2472,200.8405,1.5797,-11.8791,5.6663,0.8805,0.1641,-0.4447,0.9980,395,28.011782,0.9027,-0.3325
BiancaGolden_CircleTurns,-109.1359,-33.7756,200.7339,1.7074,-12.2255,6.1053,0.8770,0.1700,-0.4494,0.9980,395,28.024902,0.9086,-0.3378
BiancaGolden_CircleTurns,-108.5294,-34.2766,200.6670,1.7451,-12.5221,6.5193,0.8627,0.2068,-0.4615,0.9980,396,28.039560,0.9147,-0.3428
BiancaGolden_CircleTurns,-107.9116,-34.7913,200.6770,1.7566,-12.7865,6.8685,0.8529,0.2396,-0.4638,0.9980,396,28.052763,0.9209,-0.3479
BiancaGolden_CircleTurns,-107.3007,-35.3038,200.7211,1.9054,-12.9730,7.1560,0.9037,0.2549,-0.3439,0.9980,396,28.067759,0.9270,-0.3530
BiancaGolden_CircleTurns,-106.7001,-35.8026,200.7461,2.1015,-13.1049,7.4269,0.9181,0.1988,-0.3429,0.9980,397,28.080767,0.9330,-0.3580
BiancaGolden_CircleTurns,-106.1278,-36.2756,200.7633,2.3443,-13.2337,7.7569,0.9289,0.1699,-0.3291,0.9980,397,28.093779,0.9387,-0.3628
BiancaGolden_CircleTurns,-105.5775,-36.6997,200.7847,2.5320,-13.3395,8.0458,0.9270,0.1756,-0.3313,0.9980,398,28.109070,0.9442,-0.3670
BiancaGolden_CircleTurns,-105.0328,-37.1237,200.8400,2.4792,-13.4765,8.4001,0.9211,0.1800,-0.3452,0.9980,398,28.122883,0.9497,-0.3712
BiancaGolden_CircleTurns,-104.5066,-37.5161,200.9326,2.3578,-13.5827,8.7417,0.9194,0.1846,-0.3474,0.9980,399,28.136843,0.9549,-0.3752
BiancaGolden_CircleTurns,-104.0157,-37.9031,201.0229,2.2241,-13.7258,9.0228,0.9169,0.1872,-0.3526,0.9980,399,28.150421,0.9598,-0.3790
BiancaGolden_CircleTurns,-103.5766,-38.2858,201.0284,2.0918,-13.8787,9.2475,0.9136,0.1806,-0.3642,0.9980,399,28.164520,0.9642,-0.3829
BiancaGolden_CircleTurns,-103.1736,-38.6501,200.9904,2.0196,-14.0871,9.4024,0.9115,0.1837,-0.3679,0.9980,400,28.178518,0.9683,-0.3865
BiancaGolden_CircleTurns,-102.7580,-39.0164,200.9983,2.0232,-14.3158,9.6406,0.9093,0.1882,-0.3711,0.9980,400,28.191034,0.9724,-0.3902
BiancaGolden_CircleTurns,-102.3616,-39.3315,201.0677,2.1377,-14.4622,9.9110,0.9081,0.1928,-0.3718,0.9980,401,28.206394,0.9764,-0.3933
BiancaGolden_CircleTurns,-101.9781,-39.6201,201.1568,2.2201,-14.6052,10.2514,0.9062,0.1980,-0.3736,0.9980,401,28.219460,0.9802,-0.3962
BiancaGolden_CircleTurns,-101.5969,-39.8776,201.2680,2.1572,-14.7230,10.5838,0.9052,0.2001,-0.3748,0.9980,401,28.233490,0.9840,-0.3988
BiancaGolden_CircleTurns,-101.2495,-40.1282,201.3638,2.0454,-14.8049,10.8634,0.9043,0.2023,-0.3759,0.9980,402,28.246815,0.9875,-0.4013
BiancaGolden_CircleTurns,-100.9291,-40.3735,201.4283,1.9715,-14.9125,11.1336,0.9042,0.1999,-0.3775,0.9980,402,28.259911,0.9907,-0.4037
BiancaGolden_CircleTurns,-100.6128,-40.6257,201.4734,1.9329,-15.0178,11.3476,0.9030,0.2018,-0.3794,0.9980,403,28.275251,0.9939,-0.4063
BiancaGolden_CircleTurns,-100.3360,-40.8670,201.4875,1.9323,-15.0850,11.5304,0.9019,0.1953,-0.3852,0.9980,403,28.288233,0.9966,-0.4087
BiancaGolden_CircleTurns,-100.0513,-41.0834,201.5364,1.9321,-15.1445,11.6539,0.9013,0.1967,-0.3859,0.9980,404,28.302862,0.9995,-0.4108
BiancaGolden_CircleTurns,-99.7989,-41.2795,201.6110,1.8526,-15.1893,11.7328,0.9085,0.1356,-0.3952,0.9980,404,28.316778,1.0020,-0.4128
BiancaGolden_CircleTurns,-99.5480,-41.4799,201.6631,1.7726,-15.2028,11.8326,0.9099,0.1137,-0.3989,0.9980,404,28.330891,1.0045,-0.4148
BiancaGolden_CircleTurns,-99.3501,-41.6558,201.6736,1.6289,-15.1850,11.8388,0.9103,0.1093,-0.3993,0.9980,405,28.344524,1.0065,-0.4166
BiancaGolden_CircleTurns,-99.1449,-41.8032,201.6606,1.4876,-15.1105,11.8365,0.9099,0.1084,-0.4003,0.9980,405,28.357527,1.0086,-0.4180
BiancaGolden_CircleTurns,-98.9711,-41.9384,201.6334,1.3596,-15.0162,11.7985,0.9098,0.1020,-0.4023,0.9980,406,28.372286,1.0103,-0.4194
BiancaGolden_CircleTurns,-98.8131,-42.0572,201.5717,1.2296,-14.8417,11.7604,0.9121,0.1079,-0.3956,0.9980,406,28.385723,1.0119,-0.4206
BiancaGolden_CircleTurns,-98.6792,-42.1738,201.4617,1.1293,-14.6594,11.7036,0.9134,0.1073,-0.3926,0.9980,406,28.400320,1.0132,-0.4217
BiancaGolden_CircleTurns,-98.5348,-42.2329,201.3595,1.0096,-14.4618,11.6265,0.9129,0.1081,-0.3937,0.9980,407,28.414192,1.0147,-0.4223
BiancaGolden_CircleTurns,-98.4128,-42.2898,201.2215,0.8990,-14.2586,11.5406,0.9114,0.1091,-0.3969,0.9980,407,28.426701,1.0159,-0.4229
BiancaGolden_CircleTurns,-98.3403,-42.3403,201.0233,0.7958,-14.1986,11.4659,0.9088,0.1080,-0.4030,0.9980,408,28.441637,1.0166,-0.4234
BiancaGolden_CircleTurns,-98.2178,-42.3801,200.9626,0.6415,-14.3683,11.3516,0.9047,0.1065,-0.4125,0.9980,408,28.455133,1.0178,-0.4238
BiancaGolden_CircleTurns,-98.1641,-42.4067,200.7386,0.3449,-14.3321,11.1205,0.9028,0.1037,-0.4174,0.9980,409,28.469524,1.0184,-0.4241
BiancaGolden_CircleTurns,-98.1676,-42.4965,200.4198,0.1101,-14.6207,10.9225,0.9003,0.1010,-0.4234,0.9980,409,28.486795,1.0183,-0.4250
BiancaGolden_CircleTurns,-98.0861,-42.6031,200.3003,-0.1480,-14.9563,10.7347,0.8981,0.0967,-0.4290,0.9980,409,28.497770,1.0191,-0.4260
BiancaGolden_CircleTurns,-97.9325,-42.6768,200.3547,-0.4258,-15.2206,10.4389,0.8951,0.1054,-0.4333,0.9980,410,28.510454,1.0207,-0.4268
BiancaGolden_CircleTurns,-97.7397,-42.7752,200.4033,-0.6645,-15.3257,10.1794,0.8955,0.1026,-0.4330,0.9980,410,28.523695,1.0226,-0.4278
BiancaGolden_CircleTurns,-97.5242,-42.8644,200.4407,-0.7081,-15.2446,9.9721,0.8970,0.1003,-0.4304,0.9980,411,28.538095,1.0248,-0.4286
BiancaGolden_CircleTurns,-97.3640,-42.9701,200.4095,-0.6571,-15.0823,9.8386,0.8964,0.0987,-0.4320,0.9980,411,28.551029,1.0264,-0.4297
BiancaGolden_CircleTurns,-97.2431,-43.0774,200.3618,-0.5979,-15.1884,9.7575,0.8937,0.0488,-0.4459,0.9980,411,28.565010,1.0276,-0.4308
BiancaGolden_CircleTurns,-97.0858,-43.1881,200.4033,-0.5361,-15.3863,9.7074,0.8927,0.0368,-0.4491,0.9980,412,28.578474,1.0291,-0.4319
BiancaGolden_CircleTurns,-96.9004,-43.3110,200.5322,-0.4434,-15.6168,9.6852,0.8908,0.0361,-0.4530,0.9980,412,28.591421,1.0310,-0.4331
BiancaGolden_CircleTurns,-96.6879,-43.4408,200.6918,-0.4034,-15.8102,9.6764,0.8887,0.0411,-0.4567,0.9980,413,28.606323,1.0331,-0.4344
BiancaGolden_CircleTurns,-96.4255,-43.6044,200.8702,-0.2863,-15.9836,9.7577,0.8857,0.0426,-0.4623,0.9980,413,28.619566,1.0357,-0.4360
BiancaGolden_CircleTurns,-96.1421,-43.7552,201.0555,-0.1265,-16.1120,9.7892,0.8852,0.0442,-0.4631,0.9980,413,28.634064,1.0386,-0.4376
BiancaGolden_CircleTurns,-95.8070,-43.9360,201.2234,0.0001,-16.1803,9.9255,0.8858,0.0469,-0.4618,0.9980,414,28.647448,1.0419,-0.4394
BiancaGolden_CircleTurns,-95.4837,-44.1194,201.3504,0.0880,-16.0690,10.1101,0.8844,0.0537,-0.4637,0.9980,414,28.660276,1.0452,-0.4412
BiancaGolden_CircleTurns,-95.1478,-44.3198,201.3748,0.1805,-15.9211,10.2717,0.8874,0.0650,-0.4564,0.9980,415,28.675402,1.0485,-0.4432
BiancaGolden_CircleTurns,-94.8023,-44.5279,201.3356,0.1662,-15.6947,10.4311,0.8871,0.0683,-0.4566,0.9980,415,28.688950,1.0520,-0.4453
BiancaGolden_CircleTurns,-94.4285,-44.7310,201.2857,0.0298,-15.4561,10.6037,0.8875,0.0777,-0.4542,0.9980,416,28.703325,1.0557,-0.4473
BiancaGolden_CircleTurns,-94.0571,-44.9267,201.2056,-0.1336,-15.2688,10.7855,0.8879,0.0806,-0.4529,0.9980,416,28.717129,1.0594,-0.4493
BiancaGolden_CircleTurns,-93.6743,-45.1376,201.0934,-0.2523,-15.1732,10.9413,0.8840,0.0841,-0.4599,0.9980,416,28.731543,1.0633,-0.4514
BiancaGolden_CircleTurns,-93.3091,-45.3877,200.9357,-0.2974,-15.1934,11.1579,0.8810,0.0889,-0.4647,0.9980,417,28.745451,1.0669,-0.4539
BiancaGolden_CircleTurns,-92.9179,-45.6429,200.7528,-0.2999,-15.3622,11.4266,0.8721,0.0940,-0.4802,0.9980,417,28.759605,1.0708,-0.4564
BiancaGolden_CircleTurns,-92.5142,-45.8934,200.5729,-0.3364,-15.6308,11.6650,0.8691,0.0983,-0.4847,0.9980,418,28.773920,1.0749,-0.4589
BiancaGolden_CircleTurns,-92.0906,-46.1512,200.3880,-0.3752,-15.9210,11.9734,0.8626,0.0990,-0.4961,0.9980,418,28.787817,1.0791,-0.4615
BiancaGolden_CircleTurns,-91.6646,-46.4584,200.2121,-0.2604,-16.1750,12.3014,0.8603,0.1025,-0.4993,0.9980,419,28.802221,1.0834,-0.4646
BiancaGolden_CircleTurns,-91.2341,-46.7671,200.0115,-0.1573,-16.4012,12.6129,0.8583,0.1050,-0.5023,0.9980,419,28.815863,1.0877,-0.4677
BiancaGolden_CircleTurns,-90.7617,-47.0946,199.8798,0.0557,-16.5826,12.8650,0.8548,0.1069,-0.5078,0.9980,419,28.831020,1.0924,-0.4709
BiancaGolden_CircleTurns,-90.3049,-47.4432,199.6702,0.4667,-16.5656,13.1706,0.8545,0.1114,-0.5074,0.9980,420,28.844337,1.0970,-0.4744
BiancaGolden_CircleTurns,-89.8336,-47.8039,199.4469,0.8022,-16.5541,13.5626,0.8540,0.1160,-0.5072,0.9980,420,28.857824,1.1017,-0.4780
BiancaGolden_CircleTurns,-89.3316,-48.1543,199.2787,0.9544,-16.5528,13.9121,0.8552,0.1081,-0.5069,0.9980,421,28.873037,1.1067,-0.4815
BiancaGolden_CircleTurns,-88.7444,-48.4910,199.2466,1.1614,-16.6201,14.1647,0.8531,0.1109,-0.5099,0.9980,421,28.886515,1.1126,-0.4849
BiancaGolden_CircleTurns,-88.0679,-48.8280,199.3847,1.1185,-16.7896,14.4994,0.8506,0.1148,-0.5131,0.9980,421,28.900623,1.1193,-0.4883
BiancaGolden_CircleTurns,-87.3344,-49.1678,199.5761,1.2548,-16.9705,14.7065,0.8483,0.1190,-0.5159,0.9980,422,28.914255,1.1267,-0.4917
BiancaGolden_CircleTurns,-86.6295,-49.5178,199.5524,1.5643,-17.1375,14.9664,0.8438,0.1211,-0.5229,0.9980,422,28.927481,1.1337,-0.4952
BiancaGolden_CircleTurns,-86.0655,-49.9036,199.3534,1.8283,-17.8052,15.2465,0.8410,0.1151,-0.5286,0.9980,423,28.942892,1.1393,-0.4990
BiancaGolden_CircleTurns,-85.4452,-50.2336,199.0439,1.9084,-18.3633,15.4986,0.8321,0.1156,-0.5425,0.9980,423,28.956326,1.1455,-0.5023
BiancaGolden_CircleTurns,-84.9171,-50.6053,198.8141,2.1613,-19.2200,15.7752,0.8229,0.1165,-0.5562,0.9980,424,28.970581,1.1508,-0.5061
BiancaGolden_CircleTurns,-84.3268,-50.9762,198.6662,2.4483,-20.2073,16.0938,0.8136,0.1187,-0.5692,0.9980,424,28.988199,1.1567,-0.5098
BiancaGolden_CircleTurns,-83.7399,-51.3146,198.5951,2.7090,-21.1794,16.3702,0.8028,0.1185,-0.5843,0.9980,424,28.999048,1.1626,-0.5131
BiancaGolden_CircleTurns,-83.1538,-51.6222,198.5014,2.9100,-22.0826,16.6434,0.7888,0.1208,-0.6027,0.9980,425,29.011526,1.1685,-0.5162
BiancaGolden_CircleTurns,-82.5652,-51.9285,198.3988,3.0741,-23.0025,16.9558,0.7805,0.1188,-0.6138,0.9980,425,29.024548,1.1743,-0.5193
BiancaGolden_CircleTurns,-81.9776,-52.2406,198.2427,3.3263,-23.8708,17.2955,0.7714,0.1195,-0.6250,0.9980,426,29.039181,1.1802,-0.5224
BiancaGolden_CircleTurns,-81.4429,-52.5689,198.0541,3.4584,-24.7150,17.5882,0.7665,0.1182,-0.6312,0.9980,426,29.052464,1.1856,-0.5257
BiancaGolden_CircleTurns,-80.9386,-52.8894,197.8997,3.3703,-25.6735,17.7321,0.7659,0.1208,-0.6315,0.9980,426,29.067308,1.1906,-0.5289
BiancaGolden_CircleTurns,-80.3768,-53.2070,197.7753,3.2731,-26.5161,17.8467,0.7580,0.1193,-0.6413,0.9980,427,29.080458,1.1962,-0.5321
BiancaGolden_CircleTurns,-79.8139,-53.5065,197.6773,3.3792,-27.2727,17.9486,0.7643,0.1237,-0.6329,0.9980,427,29.093721,1.2019,-0.5351
BiancaGolden_CircleTurns,-79.2582,-53.7905,197.5564,3.5678,-27.9598,18.0743,0.7589,0.1208,-0.6399,0.9980,428,29.109287,1.2074,-0.5379
BiancaGolden_CircleTurns,-78.7441,-54.0465,197.4120,3.7024,-28.7241,18.1838,0.7502,0.1185,-0.6505,0.9980,428,29.122719,1.2126,-0.5405
BiancaGolden_CircleTurns,-78.2526,-54.2729,197.2687,3.7574,-29.5383,18.2429,0.7447,0.1165,-0.6572,0.9980,429,29.137650,1.2175,-0.5427
BiancaGolden_CircleTurns,-77.8052,-54.5136,197.1293,3.9250,-30.4488,18.2410,0.7396,0.1265,-0.6610,0.9980,429,29.151539,1.2219,-0.5451
BiancaGolden_CircleTurns,-77.3473,-54.7469,196.9804,4.1473,-31.3146,18.1934,0.7463,0.1283,-0.6531,0.9980,429,29.165232,1.2265,-0.5475
BiancaGolden_CircleTurns,-76.8939,-54.9394,196.8508,4.3142,-32.1706,18.0585,0.7512,0.1305,-0.6470,0.9980,430,29.179214,1.2311,-0.5494
BiancaGolden_CircleTurns,-76.4495,-55.1430,196.6745,4.5224,-32.9266,18.0226,0.7475,0.1269,-0.6520,0.9980,430,29.192253,1.2355,-0.5514
BiancaGolden_CircleTurns,-76.0409,-55.3113,196.4671,4.7250,-33.6544,17.9433,0.7456,0.1282,-0.6540,0.9980,431,29.207830,1.2396,-0.5531
BiancaGolden_CircleTurns,-75.6726,-55.4601,196.2102,4.8216,-34.3403,17.9420,0.7360,0.1249,-0.6654,0.9980,431,29.221626,1.2433,-0.5546
BiancaGolden_CircleTurns,-75.3255,-55.6076,196.0063,4.8578,-35.1876,17.9303,0.7347,0.1230,-0.6671,0.9980,432,29.235800,1.2467,-0.5561
BiancaGolden_CircleTurns,-75.0202,-55.7351,195.8300,4.8284,-36.1940,17.8066,0.7232,0.1189,-0.6804,0.9980,432,29.249449,1.2498,-0.5574
BiancaGolden_CircleTurns,-74.7261,-55.8882,195.6928,4.8680,-37.2509,17.6897,0.6938,0.1084,-0.7120,0.9980,432,29.263222,1.2527,-0.5589
BiancaGolden_CircleTurns,-74.4226,-56.0287,195.5648,5.1570,-38.1588,17.5328,0.6591,0.1017,-0.7451,0.9980,0,29.277225,1.2558,-0.5603
BiancaGolden_CircleTurns,-74.1004,-56.1335,195.4610,5.4488,-38.8556,17.4113,0.6541,0.0977,-0.7501,0.9980,0,29.291216,1.2590,-0.5613
BiancaGolden_CircleTurns,-73.7954,-56.2273,195.3906,5.7213,-39.3961,17.3126,0.6290,0.0979,-0.7712,0.9980,1,29.305887,1.2620,-0.5623
BiancaGolden_CircleTurns,-73.5403,-56.2961,195.3309,6.0287,-39.7712,17.1761,0.6262,0.0962,-0.7737,0.9980,1,29.319502,1.2646,-0.5630
BiancaGolden_CircleTurns,-73.3056,-56.3796,195.2564,6.1229,-40.0065,17.1315,0.6301,0.1006,-0.7700,0.9980,1,29.334007,1.2669,-0.5638
BiancaGolden_CircleTurns,-73.0959,-56.4725,195.1899,6.2058,-40.2058,17.0872,0.6345,0.0995,-0.7665,0.9980,2,29.347462,1.2690,-0.5647
BiancaGolden_CircleTurns,-72.8982,-56.5438,195.1377,6.2358,-40.3180,17.0194,0.6423,0.1133,-0.7580,0.9980,2,29.360985,1.2710,-0.5654
BiancaGolden_CircleTurns,-72.7302,-56.6141,195.0944,6.1277,-40.2993,16.9532,0.6541,0.1194,-0.7469,0.9980,3,29.375877,1.2727,-0.5661
BiancaGolden_CircleTurns,-72.5616,-56.6658,195.0565,6.0031,-40.2176,16.8744,0.6555,0.1189,-0.7458,0.9980,3,29.389544,1.2744,-0.5667
BiancaGolden_CircleTurns,-72.4079,-56.7143,195.0235,5.8701,-40.1585,16.7941,0.6628,0.1245,-0.7384,0.9980,4,29.403845,1.2759,-0.5671
BiancaGolden_CircleTurns,-72.2873,-56.7378,194.9680,5.7098,-39.8993,16.7201,0.6739,0.1289,-0.7275,0.9980,4,29.417347,1.2771,-0.5674
BiancaGolden_CircleTurns,-72.1733,-56.7648,194.9132,5.5466,-39.5837,16.6803,0.6783,0.1366,-0.7219,0.9980,4,29.432152,1.2783,-0.5676
BiancaGolden_CircleTurns,-72.1118,-56.8209,194.8210,5.3888,-39.2360,16.6556,0.6809,0.1352,-0.7197,0.9980,5,29.445881,1.2789,-0.5682
BiancaGolden_CircleTurns,-72.0747,-56.9103,194.7682,5.2609,-39.0610,16.6080,0.6808,0.1336,-0.7202,0.9980,5,29.458410,1.2793,-0.5691
BiancaGolden_CircleTurns,-72.0730,-56.9914,194.7661,5.0952,-39.0881,16.4502,0.6778,0.1302,-0.7236,0.9980,6,29.473518,1.2793,-0.5699
BiancaGolden_CircleTurns,-72.0277,-57.0176,194.8881,4.8944,-39.3565,16.2149,0.6791,0.1289,-0.7226,0.9980,6,29.487015,1.2797,-0.5702
BiancaGolden_CircleTurns,-71.9388,-57.0316,194.9900,4.6930,-39.5288,16.0163,0.6823,0.1273,-0.7199,0.9980,7,29.504692,1.2806,-0.5703
BiancaGolden_CircleTurns,-71.8442,-57.0382,195.0079,4.4940,-39.2963,15.8608,0.6822,0.1301,-0.7195,0.9980,7,29.515333,1.2816,-0.5704
BiancaGolden_CircleTurns,-71.7497,-57.0515,194.9828,4.3250,-38.9003,15.7741,0.6872,0.1411,-0.7126,0.9980,7,29.529118,1.2825,-0.5705
BiancaGolden_CircleTurns,-71.6710,-57.0488,194.8927,4.2083,-38.2083,15.7901,0.6940,0.1471,-0.7048,0.9980,8,29.542843,1.2833,-0.5705
BiancaGolden_CircleTurns,-71.6144,-57.0796,194.8047,4.2161,-37.6140,16.0045,0.6962,0.1531,-0.7014,0.9980,8,29.556309,1.2839,-0.5708
BiancaGolden_CircleTurns,-71.6010,-57.1317,194.7867,4.3509,-37.3134,16.3724,0.6852,0.1965,-0.7014,0.9980,9,29.570808,1.2840,-0.5713
BiancaGolden_CircleTurns,-71.5925,-57.1764,194.8479,4.5251,-37.3661,16.8041,0.6182,0.3939,-0.6802,0.9980,9,29.584343,1.2841,-0.5718
BiancaGolden_CircleTurns,-71.5720,-57.2299,194.9305,4.4185,-37.6055,17.3173,0.6098,0.4072,-0.6800,0.9980,9,29.598547,1.2843,-0.5723
BiancaGolden_CircleTurns,-71.5725,-57.2665,195.0100,4.0663,-37.9029,17.7306,0.6052,0.4107,-0.6819,0.9980,10,29.612381,1.2843,-0.5727
BiancaGolden_CircleTurns,-71.5671,-57.3446,195.0643,3.6827,-38.1479,18.0633,0.6006,0.4167,-0.6824,0.9980,10,29.625473,1.2843,-0.5734
BiancaGolden_CircleTurns,-71.5016,-57.4315,195.1573,3.4277,-38.2514,18.4714,0.5945,0.4191,-0.6863,0.9980,11,29.640718,1.2850,-0.5743
BiancaGolden_CircleTurns,-71.3927,-57.5046,195.2830,3.3121,-38.1703,18.8420,0.5973,0.4186,-0.6841,0.9980,11,29.654039,1.2861,-0.5750
BiancaGolden_CircleTurns,-71.2610,-57.5796,195.4141,3.1901,-37.8936,19.2637,0.6044,0.4148,-0.6801,0.9980,12,29.669491,1.2874,-0.5758
BiancaGolden_CircleTurns,-71.1284,-57.6370,195.5405,2.9891,-37.5758,19.6606,0.6085,0.4149,-0.6765,0.9980,12,29.682392,1.2887,-0.5764
BiancaGolden_CircleTurns,-71.0376,-57.7204,195.6275,2.7743,-37.2380,20.1027,0.6080,0.4211,-0.6731,0.9980,12,29.696573,1.2896,-0.5772
BiancaGolden_CircleTurns,-70.9692,-57.8267,195.6834,2.6452,-37.0039,20.5272,0.6053,0.4251,-0.6730,0.9980,13,29.709702,1.2903,-0.5783
BiancaGolden_CircleTurns,-70.9065,-57.9533,195.7387,2.4939,-36.8706,21.0290,0.6028,0.4311,-0.6715,0.9980,13,29.722845,1.2909,-0.5795
BiancaGolden_CircleTurns,-70.8174,-58.0405,195.8267,2.3116,-36.7863,21.5239,0.6033,0.4256,-0.6745,0.9980,14,29.738163,1.2918,-0.5804
BiancaGolden_CircleTurns,-70.6940,-58.1368,195.9251,2.0263,-36.6983,22.0753,0.6010,0.4328,-0.6719,0.9980,14,29.751368,1.2931,-0.5814
BiancaGolden_CircleTurns,-70.5547,-58.2111,196.0116,1.7685,-36.5205,22.5967,0.5982,0.4326,-0.6745,0.9980,14,29.765951,1.2945,-0.5821
BiancaGolden_CircleTurns,-70.3933,-58.3033,196.0913,1.5000,-36.2812,23.2202,0.5965,0.4413,-0.6705,0.9980,15,29.779808,1.2961,-0.5830
BiancaGolden_CircleTurns,-70.2261,-58.3796,196.1464,1.2749,-36.0039,23.8715,0.5972,0.4414,-0.6698,0.9980,15,29.792215,1.2977,-0.5838
BiancaGolden_CircleTurns,-70.0525,-58.4530,196.1787,0.9808,-35.7170,24.5598,0.5943,0.4509,-0.6660,0.9980,16,29.807329,1.2995,-0.5845
BiancaGolden_CircleTurns,-69.8385,-58.5187,196.2011,0.7388,-35.4612,25.2942,0.5949,0.4551,-0.6626,0.9980,16,29.821224,1.3016,-0.5852
BiancaGolden_CircleTurns,-69.5914,-58.5807,196.2198,0.5041,-35.1746,26.0430,0.5884,0.4593,-0.6655,0.9980,17,29.835497,1.3041,-0.5858
BiancaGolden_CircleTurns,-69.3365,-58.6823,196.2166,0.3466,-34.8529,26.8084,0.5942,0.4801,-0.6453,0.9980,17,29.849100,1.3066,-0.5868
BiancaGolden_CircleTurns,-69.0497,-58.7798,196.1994,0.2923,-34.5278,27.6195,0.5713,0.5438,-0.6148,0.9980,17,29.863234,1.3095,-0.5878
BiancaGolden_CircleTurns,-68.7469,-58.8968,196.1786,0.2459,-34.2690,28.4358,0.5660,0.5518,-0.6125,0.9980,18,29.876877,1.3125,-0.5890
BiancaGolden_CircleTurns,-68.4321,-59.0109,196.1618,0.1758,-34.1118,29.1512,0.5839,0.5749,-0.5733,0.9980,18,29.890118,1.3157,-0.5901
BiancaGolden_CircleTurns,-68.1033,-59.1444,196.1356,0.1471,-34.0145,29.8346,0.6022,0.5966,-0.5305,0.9980,19,29.905207,1.3190,-0.5914
BiancaGolden_CircleTurns,-67.7516,-59.3049,196.1201,0.1351,-34.0403,30.4976,0.6136,0.6143,-0.4961,0.9980,19,29.919165,1.3225,-0.5930
BiancaGolden_CircleTurns,-67.3727,-59.4822,196.0775,0.1652,-33.9692,31.1500,0.6109,0.6195,-0.4929,0.9980,19,29.933073,1.3263,-0.5948
BiancaGolden_CircleTurns,-66.9731,-59.6647,196.0280,0.1429,-33.9067,31.7582,0.6050,0.6263,-0.4916,0.9980,20,29.946999,1.3303,-0.5966
BiancaGolden_CircleTurns,-66.5343,-59.8521,195.9991,0.0693,-33.8346,32.3625,0.6087,0.6197,-0.4954,0.9980,20,29.960266,1.3347,-0.5985
BiancaGolden_CircleTurns,-66.0557,-60.0707,196.0095,-0.0118,-33.8086,32.9739,0.6030,0.6260,-0.4945,0.9980,21,29.975084,1.3394,-0.6007
BiancaGolden_CircleTurns,-65.5434,-60.2623,196.0613,-0.1180,-33.7650,33.5501,0.6025,0.6162,-0.5073,0.9980,21,29.988607,1.3446,-0.6026
BiancaGolden_CircleTurns,-64.9927,-60.4335,196.1629,-0.2460,-33.6818,34.1245,0.6029,0.6073,-0.5173,0.9980,22,30.006317,1.3501,-0.6043
BiancaGolden_CircleTurns,-64.4474,-60.6167,196.2226,-0.3830,-33.5235,34.6845,0.6065,0.6027,-0.5186,0.9980,22,30.017040,1.3555,-0.6062
BiancaGolden_CircleTurns,-63.9374,-60.8166,196.2456,-0.4943,-33.4021,35.1664,0.6018,0.6082,-0.5176,0.9980,22,30.030649,1.3606,-0.6082
BiancaGolden_CircleTurns,-63.4076,-61.0301,196.2956,-0.6183,-33.3510,35.6592,0.6000,0.6029,-0.5259,0.9980,23,30.044456,1.3659,-0.6103
BiancaGolden_CircleTurns,-62.8394,-61.2281,196.3697,-0.6619,-33.2516,36.1399,0.6013,0.5953,-0.5330,0.9980,23,30.056881,1.3716,-0.6123
BiancaGolden_CircleTurns,-62.2672,-61.4275,196.4387,-0.6320,-33.1139,36.6063,0.6025,0.5942,-0.5328,0.9980,24,30.072365,1.3773,-0.6143
BiancaGolden_CircleTurns,-61.7097,-61.6160,196.4671,-0.6216,-32.8910,37.0424,0.6023,0.5964,-0.5306,0.9980,24,30.085604,1.3829,-0.6162
BiancaGolden_CircleTurns,-61.1746,-61.8016,196.5030,-0.6576,-32.7262,37.4346,0.6054,0.5902,-0.5341,0.9980,24,30.100006,1.3883,-0.6180
BiancaGolden_CircleTurns,-60.6201,-61.9608,196.5547,-0.6968,-32.5675,37.7736,0.6030,0.5947,-0.5317,0.9980,25,30.113728,1.3938,-0.6196
BiancaGolden_CircleTurns,-60.0633,-62.1230,196.5962,-0.6955,-32.4070,38.1226,0.6045,0.5917,-0.5334,0.9980,25,30.127167,1.3994,-0.6212
BiancaGolden_CircleTurns,-59.4985,-62.2755,196.6338,-0.6775,-32.2638,38.4547,0.6012,0.5959,-0.5325,0.9980,26,30.142149,1.4050,-0.6228
BiancaGolden_CircleTurns,-58.9194,-62.3959,196.6774,-0.6414,-32.1294,38.8140,0.5934,0.5966,-0.5404,0.9980,26,30.155298,1.4108,-0.6240
BiancaGolden_CircleTurns,-58.3504,-62.4923,196.6943,-0.4663,-31.9900,39.1827,0.5940,0.5963,-0.5400,0.9980,27,30.169672,1.4165,-0.6249
BiancaGolden_CircleTurns,-57.7858,-62.6155,196.7076,-0.3262,-31.7968,39.5825,0.5849,0.5951,-0.5511,0.9980,27,30.183504,1.4221,-0.6262
BiancaGolden_CircleTurns,-57.2472,-62.7426,196.7094,-0.1485,-31.5677,39.9768,0.5787,0.5982,-0.5543,0.9980,27,30.197540,1.4275,-0.6274
BiancaGolden_CircleTurns,-56.7068,-62.8597,196.7466,-0.0824,-31.4251,40.4028,0.5754,0.6022,-0.5534,0.9980,28,30.211193,1.4329,-0.6286
BiancaGolden_CircleTurns,-56.1889,-62.9518,196.7685,0.0500,-31.3363,40.7595,0.5702,0.5972,-0.5641,0.9980,28,30.224297,1.4381,-0.6295
BiancaGolden_CircleTurns,-55.6795,-63.0760,196.7867,0.1420,-31.3199,41.2373,0.5647,0.6005,-0.5661,0.9980,29,30.239786,1.4432,-0.6308
BiancaGolden_CircleTurns,-55.2062,-63.2035,196.7785,0.2767,-31.3790,41.6785,0.5618,0.6003,-0.5693,0.9980,29,30.253138,1.4479,-0.6320
BiancaGolden_CircleTurns,-54.7198,-63.3215,196.8096,0.3061,-31.3977,42.1123,0.5570,0.6028,-0.5713,0.9980,29,30.267138,1.4528,-0.6332
BiancaGolden_CircleTurns,-54.2478,-63.4038,196.8492,0.2940,-31.3586,42.4826,0.5522,0.6056,-0.5730,0.9980,30,30.280703,1.4575,-0.6340
BiancaGolden_CircleTurns,-53.7897,-63.4980,196.8964,0.1583,-31.3293,42.8466,0.5491,0.6090,-0.5723,0.9980,30,30.293520,1.4621,-0.6350
BiancaGolden_CircleTurns,-53.3448,-63.5863,196.9492,0.0569,-31.2900,43.1613,0.5495,0.6079,-0.5732,0.9980,31,30.308958,1.4666,-0.6359
BiancaGolden_CircleTurns,-52.8991,-63.6917,197.0064,-0.0356,-31.2622,43.4863,0.5432,0.6052,-0.5820,0.9980,31,30.322124,1.4710,-0.6369
BiancaGolden_CircleTurns,-52.4695,-63.7658,197.0650,-0.1221,-31.2193,43.7651,0.5468,0.6012,-0.5827,0.9980,32,30.336651,1.4753,-0.6377
BiancaGolden_CircleTurns,-52.0709,-63.8066,197.1233,-0.2391,-31.2041,43.9493,0.5451,0.6036,-0.5818,0.9980,32,30.350231,1.4793,-0.6381
BiancaGolden_CircleTurns,-51.6938,-63.8396,197.1486,-0.3268,-31.1448,44.1082,0.5399,0.6030,-0.5873,0.9980,32,30.364332,1.4831,-0.6384
BiancaGolden_CircleTurns,-51.3417,-63.8931,197.1615,-0.3996,-31.1105,44.2535,0.5383,0.6040,-0.5877,0.9980,33,30.378204,1.4866,-0.6389
BiancaGolden_CircleTurns,-51.0269,-63.9498,197.1719,-0.4295,-31.1259,44.3990,0.5325,0.6013,-0.5958,0.9980,33,30.391548,1.4897,-0.6395
BiancaGolden_CircleTurns,-50.7216,-63.9745,197.2498,-0.4218,-31.2337,44.5290,0.5305,0.6009,-0.5979,0.9980,34,30.406179,1.4928,-0.6397
BiancaGolden_CircleTurns,-50.4064,-63.9575,197.3785,-0.4039,-31.3519,44.6710,0.5290,0.6013,-0.5988,0.9980,34,30.419788,1.4959,-0.6396
BiancaGolden_CircleTurns,-50.1304,-63.9062,197.5199,-0.4717,-31.4191,44.7560,0.5322,0.5922,-0.6050,0.9980,34,30.434111,1.4987,-0.6391
BiancaGolden_CircleTurns,-49.8568,-63.8561,197.6253,-0.5579,-31.4402,44.8411,0.5321,0.5947,-0.6027,0.9980,35,30.447937,1.5014,-0.6386
BiancaGolden_CircleTurns,-49.5911,-63.7989,197.7237,-0.4748,-31.3704,44.9803,0.5323,0.5966,-0.6007,0.9980,35,30.460995,1.5041,-0.6380
BiancaGolden_CircleTurns,-49.3439,-63.6701,197.8542,-0.3108,-31.2180,45.0860,0.5313,0.5972,-0.6008,0.9980,36,30.476294,1.5066,-0.6367
BiancaGolden_CircleTurns,-49.1166,-63.5440,197.9829,-0.1682,-30.9641,45.2500,0.5301,0.6012,-0.5980,0.9980,36,30.489435,1.5088,-0.6354
BiancaGolden_CircleTurns,-48.9159,-63.4367,198.0743,-0.0488,-30.7562,45.4484,0.5256,0.6008,-0.6023,0.9980,37,30.508350,1.5108,-0.6344
BiancaGolden_CircleTurns,-48.7561,-63.3379,198.1446,-0.0075,-30.5900,45.6628,0.5248,0.6031,-0.6008,0.9980,37,30.518272,1.5124,-0.6334
BiancaGolden_CircleTurns,-48.5888,-63.2138,198.2191,-0.0351,-30.4385,45.8146,0.5244,0.6050,-0.5991,0.9980,37,30.531576,1.5141,-0.6321
BiancaGolden_CircleTurns,-48.4497,-63.0843,198.2873,-0.0698,-30.3173,45.9328,0.5298,0.5991,-0.6003,0.9980,38,30.544764,1.5155,-0.6308
BiancaGolden_CircleTurns,-48.3171,-62.9417,198.3094,-0.0426,-30.0884,46.0075,0.5310,0.6018,-0.5965,0.9980,38,30.557390,1.5168,-0.6294
BiancaGolden_CircleTurns,-48.2182,-62.8402,198.2753,-0.0014,-29.8175,46.0873,0.5356,0.5977,-0.5966,0.9980,39,30.572660,1.5178,-0.6284
BiancaGolden_CircleTurns,-48.1576,-62.7215,198.1764,0.0314,-29.4653,46.1276,0.5371,0.5985,-0.5944,0.9980,39,30.586668,1.5184,-0.6272
BiancaGolden_CircleTurns,-48.1121,-62.6185,198.0952,-0.0238,-29.2362,46.1482,0.5293,0.5911,-0.6086,0.9980,39,30.600693,1.5189,-0.6262
BiancaGolden_CircleTurns,-48.0600,-62.4756,198.0813,-0.1322,-29.1034,46.1617,0.5275,0.5891,-0.6121,0.9980,40,30.614176,1.5194,-0.6248
BiancaGolden_CircleTurns,-47.9890,-62.3388,198.1130,-0.2427,-29.0832,46.1540,0.5290,0.5901,-0.6099,0.9980,40,30.627342,1.5201,-0.6234
BiancaGolden_CircleTurns,-47.9651,-62.1933,198.0754,-0.3968,-28.9314,46.0987,0.5279,0.5886,-0.6122,0.9980,41,30.643223,1.5203,-0.6219
BiancaGolden_CircleTurns,-47.9915,-62.1161,197.9800,-0.5235,-28.8662,46.0766,0.5262,0.5872,-0.6151,0.9980,41,30.655884,1.5201,-0.6212
BiancaGolden_CircleTurns,-48.0268,-62.0086,197.9426,-0.6749,-29.0837,46.0658,0.5249,0.5732,-0.6292,0.9980,42,30.670469,1.5197,-0.6201
BiancaGolden_CircleTurns,-48.0421,-61.8757,198.0492,-0.9322,-29.3570,45.9886,0.5235,0.5692,-0.6340,0.9980,42,30.683619,1.5196,-0.6188
BiancaGolden_CircleTurns,-48.0266,-61.7390,198.1867,-1.1088,-29.5687,45.9145,0.5269,0.5647,-0.6352,0.9980,42,30.698793,1.5197,-0.6174
BiancaGolden_CircleTurns,-48.0393,-61.6197,198.2442,-1.1392,-29.5785,45.7784,0.5295,0.5649,-0.6329,0.9980,43,30.711735,1.5196,-0.6162
BiancaGolden_CircleTurns,-48.0636,-61.5217,198.2159,-1.1509,-29.4521,45.6803,0.5344,0.5665,-0.6273,0.9980,43,30.724731,1.5194,-0.6152
BiancaGolden_CircleTurns,-48.1042,-61.3613,198.1907,-1.2370,-29.0669,45.4563,0.5427,0.5678,-0.6190,0.9980,44,30.739946,1.5190,-0.6136
BiancaGolden_CircleTurns,-48.0801,-61.1762,198.2232,-1.3505,-28.4782,45.3129,0.5469,0.5707,-0.6125,0.9980,44,30.753647,1.5192,-0.6118
BiancaGolden_CircleTurns,-48.0720,-61.0418,198.2452,-1.3253,-28.0081,45.2696,0.5473,0.5699,-0.6130,0.9980,44,30.768188,1.5193,-0.6104
BiancaGolden_CircleTurns,-48.0983,-60.9650,198.2034,-1.2570,-27.6738,45.1916,0.5482,0.5697,-0.6123,0.9980,45,30.781380,1.5190,-0.6096
BiancaGolden_CircleTurns,-48.1567,-60.9185,198.1417,-1.2887,-27.6345,45.1462,0.5416,0.5696,-0.6183,0.9980,45,30.794458,1.5184,-0.6092
BiancaGolden_CircleTurns,-48.1972,-60.8651,198.1156,-1.3358,-27.7306,45.1590,0.5374,0.5692,-0.6222,0.9980,46,30.809988,1.5180,-0.6087
BiancaGolden_CircleTurns,-48.2505,-60.8339,198.0806,-1.3909,-27.8473,45.1771,0.5327,0.5628,-0.6320,0.9980,46,30.823088,1.5175,-0.6083
BiancaGolden_CircleTurns,-48.2957,-60.8006,198.0562,-1.4245,-28.0520,45.2293,0.5273,0.5622,-0.6370,0.9980,47,30.837360,1.5170,-0.6080
BiancaGolden_CircleTurns,-48.2761,-60.7424,198.0975,-1.4329,-28.2114,45.3062,0.5233,0.5616,-0.6409,0.9980,47,30.850960,1.5172,-0.6074
BiancaGolden_CircleTurns,-48.2195,-60.6503,198.2282,-1.4177,-28.2830,45.3982,0.5245,0.5645,-0.6373,0.9980,47,30.864861,1.5178,-0.6065
BiancaGolden_CircleTurns,-48.1549,-60.5976,198.2785,-1.3170,-28.0091,45.5118,0.5247,0.5669,-0.6351,0.9980,48,30.878561,1.5185,-0.6060
BiancaGolden_CircleTurns,-48.1241,-60.6191,198.2634,-1.2002,-27.8428,45.6573,0.5211,0.5709,-0.6344,0.9980,48,30.891630,1.5188,-0.6062
BiancaGolden_CircleTurns,-48.0516,-60.5973,198.3063,-1.0667,-27.6826,45.7677,0.5261,0.5653,-0.6353,0.9980,49,30.907146,1.5195,-0.6060
BiancaGolden_CircleTurns,-47.9672,-60.5830,198.3970,-1.0300,-27.6267,45.8017,0.5216,0.5667,-0.6378,0.9980,49,30.920557,1.5203,-0.6058
BiancaGolden_CircleTurns,-47.8817,-60.5911,198.4552,-1.0610,-27.5523,45.7824,0.5257,0.5625,-0.6381,0.9980,50,30.935019,1.5212,-0.6059
BiancaGolden_CircleTurns,-47.7962,-60.6382,198.4860,-1.0902,-27.5717,45.7258,0.5233,0.5664,-0.6367,0.9980,50,30.948181,1.5220,-0.6064
BiancaGolden_CircleTurns,-47.7051,-60.6867,198.5037,-1.0859,-27.6080,45.6733,0.5233,0.5654,-0.6376,0.9980,50,30.962687,1.5229,-0.6069
BiancaGolden_CircleTurns,-47.5956,-60.7066,198.5508,-1.1342,-27.6780,45.6067,0.5270,0.5617,-0.6378,0.9980,51,30.976648,1.5240,-0.6071
BiancaGolden_CircleTurns,-47.4809,-60.7207,198.5840,-1.2596,-27.6828,45.5742,0.5224,0.5650,-0.6387,0.9980,51,30.993443,1.5252,-0.6072
BiancaGolden_CircleTurns,-47.3525,-60.7437,198.5826,-1.3664,-27.6292,45.5808,0.5242,0.5591,-0.6423,0.9980,52,31.004827,1.5265,-0.6074
BiancaGolden_CircleTurns,-47.2113,-60.7842,198.5588,-1.4478,-27.5913,45.6557,0.5175,0.5628,-0.6446,0.9980,52,31.017628,1.5279,-0.6078
BiancaGolden_CircleTurns,-47.0723,-60.8030,198.5443,-1.4748,-27.6126,45.7329,0.5178,0.5603,-0.6465,0.9980,52,31.032021,1.5293,-0.6080
BiancaGolden_CircleTurns,-46.9138,-60.8351,198.5317,-1.5595,-27.7208,45.8555,0.5159,0.5607,-0.6476,0.9980,53,31.046305,1.5309,-0.6084
BiancaGolden_CircleTurns,-46.7423,-60.8549,198.5104,-1.6501,-27.8177,45.9796,0.5129,0.5630,-0.6481,0.9980,53,31.060547,1.5326,-0.6085
BiancaGolden_CircleTurns,-46.3738,-60.8958,198.4700,-1.7524,-27.8588,46.1973,0.5135,0.5673,-0.6438,0.9980,54,31.076330,1.5363,-0.6090
BiancaGolden_CircleTurns,-46.1190,-60.9031,198.4597,-1.8267,-27.8315,46.3774,0.5099,0.5711,-0.6434,0.9980,54,31.089531,1.5388,-0.6090
BiancaGolden_CircleTurns,-45.8583,-60.9040,198.4675,-1.7743,-27.8026,46.5391,0.5087,0.5710,-0.6443,0.9980,55,31.103706,1.5414,-0.6090
BiancaGolden_CircleTurns,-45.7980,-60.9066,198.4701,-1.6688,-27.7973,46.6291,0.5049,0.5691,-0.6490,0.9980,55,31.116699,1.5420,-0.6091
BiancaGolden_CircleTurns,-45.5280,-60.9237,198.4488,-1.5859,-27.7843,46.8285,0.5032,0.5713,-0.6483,0.9980,55,31.130713,1.5447,-0.6092
BiancaGolden_CircleTurns,-45.2170,-60.9554,198.4018,-1.4516,-27.7316,47.0742,0.5017,0.5736,-0.6475,0.9980,56,31.143711,1.5478,-0.6096
BiancaGolden_CircleTurns,-44.8945,-60.9757,198.3702,-1.3036,-27.6613,47.3154,0.4999,0.5765,-0.6463,0.9980,56,31.156488,1.5511,-0.6098
BiancaGolden_CircleTurns,-44.5160,-61.0146,198.3495,-1.1491,-27.5658,47.6093,0.4965,0.5733,-0.6517,0.9980,57,31.171638,1.5548,-0.6101
BiancaGolden_CircleTurns,-44.1707,-61.0671,198.2928,-1.0066,-27.5000,47.8584,0.4937,0.5757,-0.6518,0.9980,57,31.184189,1.5583,-0.6107
BiancaGolden_CircleTurns,-43.8087,-61.1506,198.1762,-0.9824,-27.5019,48.1476,0.4558,0.6121,-0.6462,0.9980,57,31.198286,1.5619,-0.6115
BiancaGolden_CircleTurns,-43.4488,-61.2485,198.0522,-0.9893,-27.5774,48.4617,0.4512,0.6130,-0.6486,0.9980,58,31.212042,1.5655,-0.6125
BiancaGolden_CircleTurns,-43.0359,-61.3300,197.9743,-0.9337,-27.7499,48.7769,0.4468,0.6142,-0.6505,0.9980,58,31.224676,1.5696,-0.6133
BiancaGolden_CircleTurns,-42.6083,-61.4197,197.8978,-0.8961,-27.8918,49.1025,0.4343,0.6215,-0.6520,0.9980,59,31.239622,1.5739,-0.6142
BiancaGolden_CircleTurns,-42.1545,-61.5250,197.7727,-0.8232,-28.0320,49.4302,0.4261,0.6192,-0.6596,0.9980,59,31.253841,1.5785,-0.6152
BiancaGolden_CircleTurns,-41.6803,-61.6382,197.6559,-0.8665,-28.1401,49.7752,0.4218,0.6183,-0.6631,0.9980,59,31.267927,1.5832,-0.6164
BiancaGolden_CircleTurns,-41.2309,-61.7321,197.5580,-1.0114,-28.3272,50.0566,0.4160,0.6183,-0.6668,0.9980,60,31.281281,1.5877,-0.6173
BiancaGolden_CircleTurns,-40.6901,-61.8094,197.5357,-1.0391,-28.6120,50.3939,0.4137,0.6145,-0.6717,0.9980,60,31.293907,1.5931,-0.6181
BiancaGolden_CircleTurns,-40.1083,-61.8306,197.6232,-1.0198,-28.9126,50.6608,0.4093,0.6139,-0.6749,0.9980,61,31.308880,1.5989,-0.6183
BiancaGolden_CircleTurns,-39.4960,-61.8560,197.6416,-0.9426,-29.1813,50.9188,0.4058,0.6126,-0.6783,0.9980,61,31.322762,1.6050,-0.6186
BiancaGolden_CircleTurns,-38.9147,-61.9416,197.5678,-0.8544,-29.3832,51.2932,0.4028,0.6123,-0.6803,0.9980,62,31.336510,1.6109,-0.6194
BiancaGolden_CircleTurns,-38.3442,-62.0066,197.5129,-0.8653,-29.6610,51.6403,0.4000,0.6106,-0.6835,0.9980,62,31.350170,1.6166,-0.6201
BiancaGolden_CircleTurns,-37.7477,-62.0631,197.5034,-0.9430,-29.9044,51.9443,0.3956,0.6109,-0.6858,0.9980,62,31.364510,1.6225,-0.6206
BiancaGolden_CircleTurns,-37.1391,-62.1101,197.5119,-1.0171,-30.0916,52.2042,0.3971,0.6177,-0.6788,0.9980,63,31.378275,1.6286,-0.6211
BiancaGolden_CircleTurns,-36.5418,-62.1761,197.4887,-1.1915,-30.2359,52.4709,0.3940,0.6178,-0.6805,0.9980,63,31.391396,1.6346,-0.6218
BiancaGolden_CircleTurns,-35.9452,-62.2516,197.4501,-1.3819,-30.3840,52.7885,0.3917,0.6177,-0.6820,0.9980,64,31.406548,1.6405,-0.6225
BiancaGolden_CircleTurns,-35.3094,-62.3302,197.4218,-1.5404,-30.5443,53.0779,0.3889,0.6187,-0.6826,0.9980,64,31.420088,1.6469,-0.6233
BiancaGolden_CircleTurns,-34.6702,-62.3734,197.4086,-1.6839,-30.6422,53.3630,0.3842,0.6216,-0.6826,0.9980,64,31.434389,1.6533,-0.6237
BiancaGolden_CircleTurns,-34.0225,-62.4038,197.3956,-1.9090,-30.6674,53.6256,0.3813,0.6239,-0.6822,0.9980,65,31.447859,1.6598,-0.6240
BiancaGolden_CircleTurns,-33.3599,-62.4297,197.3752,-2.1482,-30.6464,53.8689,0.3799,0.6270,-0.6801,0.9980,65,31.461111,1.6664,-0.6243
BiancaGolden_CircleTurns,-32.6599,-62.4326,197.3714,-2.2136,-30.5136,54.1622,0.3760,0.6317,-0.6780,0.9980,66,31.476406,1.6734,-0.6243
BiancaGolden_CircleTurns,-31.9888,-62.4148,197.3476,-2.2707,-30.3721,54.3892,0.3774,0.6316,-0.6772,0.9980,66,31.490139,1.6801,-0.6241
BiancaGolden_CircleTurns,-31.3444,-62.4118,197.2947,-2.4772,-30.3070,54.6003,0.3702,0.6353,-0.6777,0.9980,67,31.507505,1.6866,-0.6241
BiancaGolden_CircleTurns,-30.6540,-62.4209,197.2610,-2.6781,-30.3865,54.8047,0.3678,0.6372,-0.6772,0.9980,67,31.518061,1.6935,-0.6242
BiancaGolden_CircleTurns,-29.9555,-62.4220,197.2552,-2.7482,-30.4898,54.9872,0.3653,0.6372,-0.6786,0.9980,67,31.531080,1.7004,-0.6242
BiancaGolden_CircleTurns,-29.2556,-62.4179,197.2711,-2.6581,-30.6609,55.1622,0.3619,0.6364,-0.6812,0.9980,68,31.544512,1.7074,-0.6242
BiancaGolden_CircleTurns,-28.6058,-62.3887,197.3015,-2.6792,-30.8793,55.3576,0.3581,0.6366,-0.6830,0.9980,68,31.557158,1.7139,-0.6239
BiancaGolden_CircleTurns,-27.9528,-62.3717,197.3277,-2.7599,-31.0281,55.5883,0.3612,0.6324,-0.6852,0.9980,69,31.571859,1.7205,-0.6237
BiancaGolden_CircleTurns,-27.3400,-62.3473,197.3204,-2.8414,-31.1658,55.7905,0.3528,0.6249,-0.6964,0.9980,69,31.584587,1.7266,-0.6235
BiancaGolden_CircleTurns,-26.7214,-62.3194,197.3043,-2.8723,-31.2792,55.9432,0.3503,0.6255,-0.6972,0.9980,69,31.598413,1.7328,-0.6232
BiancaGolden_CircleTurns,-26.1212,-62.2909,197.2980,-2.9528,-31.3519,56.0443,0.3468,0.6283,-0.6965,0.9980,70,31.611895,1.7388,-0.6229
BiancaGolden_CircleTurns,-25.5370,-62.2270,197.3048,-3.0933,-31.3655,56.0690,0.3483,0.6319,-0.6924,0.9980,70,31.624460,1.7446,-0.6223
BiancaGolden_CircleTurns,-24.9888,-62.1685,197.3210,-3.3184,-31.3690,56.0848,0.3478,0.6318,-0.6927,0.9980,71,31.639240,1.7501,-0.6217
BiancaGolden_CircleTurns,-24.4698,-62.1148,197.3013,-3.5037,-31.3957,56.0648,0.3460,0.6311,-0.6943,0.9980,71,31.652544,1.7553,-0.6211
BiancaGolden_CircleTurns,-23.9900,-62.0709,197.2924,-3.6533,-31.5435,56.0729,0.3407,0.6294,-0.6984,0.9980,71,31.666359,1.7601,-0.6207
BiancaGolden_CircleTurns,-23.5224,-61.9639,197.2960,-3.8272,-31.6738,56.1652,0.3355,0.6295,-0.7008,0.9980,72,31.679817,1.7648,-0.6196
BiancaGolden_CircleTurns,-23.1063,-61.8696,197.3228,-4.0869,-31.8687,56.2439,0.3329,0.6290,-0.7025,0.9980,72,31.693096,1.7689,-0.6187
BiancaGolden_CircleTurns,-22.6652,-61.7803,197.3244,-4.3072,-32.0242,56.3420,0.3330,0.6287,-0.7028,0.9980,73,31.707285,1.7733,-0.6178
BiancaGolden_CircleTurns,-22.2775,-61.6792,197.3338,-4.4715,-32.1439,56.2749,0.3339,0.6272,-0.7036,0.9980,73,31.720491,1.7772,-0.6168
BiancaGolden_CircleTurns,-21.9226,-61.5739,197.3473,-4.5016,-32.2164,56.1378,0.3342,0.6254,-0.7052,0.9980,74,31.734961,1.7808,-0.6157
BiancaGolden_CircleTurns,-21.5627,-61.4631,197.3973,-4.5930,-32.3484,56.0587,0.3293,0.6229,-0.7097,0.9980,74,31.747776,1.7844,-0.6146
BiancaGolden_CircleTurns,-21.2854,-61.3142,197.4993,-4.6521,-32.5036,55.9435,0.3290,0.6213,-0.7112,0.9980,74,31.762125,1.7871,-0.6131
BiancaGolden_CircleTurns,-21.0103,-61.1796,197.5733,-4.6932,-32.6327,55.8769,0.3291,0.6196,-0.7126,0.9980,75,31.775278,1.7899,-0.6118
BiancaGolden_CircleTurns,-20.7662,-61.0480,197.6009,-4.6096,-32.7406,55.8218,0.3298,0.6183,-0.7134,0.9980,75,31.788225,1.7923,-0.6105
BiancaGolden_CircleTurns,-20.5236,-60.9235,197.6182,-4.5054,-32.7968,55.7613,0.3247,0.6152,-0.7184,0.9980,76,31.802807,1.7948,-0.6092
BiancaGolden_CircleTurns,-20.3107,-60.7797,197.6394,-4.3334,-32.8626,55.7221,0.3232,0.6150,-0.7192,0.9980,76,31.815977,1.7969,-0.6078
BiancaGolden_CircleTurns,-20.1313,-60.6181,197.6929,-4.1280,-32.8668,55.6692,0.3211,0.6171,-0.7184,0.9980,76,31.830336,1.7987,-0.6062
BiancaGolden_CircleTurns,-19.9529,-60.4495,197.7326,-4.0138,-32.8244,55.5917,0.3230,0.6188,-0.7160,0.9980,77,31.843990,1.8005,-0.6045
BiancaGolden_CircleTurns,-19.7968,-60.2917,197.7511,-3.8942,-32.6969,55.4996,0.3249,0.6199,-0.7143,0.9980,77,31.856287,1.8020,-0.6029
BiancaGolden_CircleTurns,-19.6486,-60.1271,197.7540,-3.8301,-32.5460,55.4394,0.3254,0.6232,-0.7112,0.9980,78,31.871002,1.8035,-0.6013
BiancaGolden_CircleTurns,-19.5484,-59.9708,197.6994,-3.7720,-32.3082,55.3379,0.3286,0.6258,-0.7074,0.9980,78,31.884632,1.8045,-0.5997
BiancaGolden_CircleTurns,-19.4524,-59.8226,197.6066,-3.7950,-32.0481,55.2572,0.3302,0.6278,-0.7049,0.9980,78,31.898531,1.8055,-0.5982
BiancaGolden_CircleTurns,-19.3968,-59.6883,197.4464,-3.7794,-31.7224,55.2168,0.3268,0.6369,-0.6983,0.9980,79,31.912298,1.8060,-0.5969
BiancaGolden_CircleTurns,-19.3462,-59.5406,197.2879,-3.7116,-31.4433,55.1661,0.3265,0.6372,-0.6981,0.9980,79,31.925570,1.8065,-0.5954
BiancaGolden_CircleTurns,-19.3106,-59.3794,197.1378,-3.7234,-31.2584,55.0844,0.3241,0.6358,-0.7005,0.9980,80,31.940578,1.8069,-0.5938
BiancaGolden_CircleTurns,-19.3183,-59.2532,196.9557,-3.7844,-31.1354,55.0041,0.3245,0.6353,-0.7007,0.9980,80,31.954346,1.8068,-0.5925
BiancaGolden_CircleTurns,-19.3517,-59.1707,196.7485,-3.8130,-31.1577,54.9502,0.3222,0.6337,-0.7033,0.9980,81,31.968874,1.8065,-0.5917
BiancaGolden_CircleTurns,-19.4265,-59.0806,196.5738,-3.9504,-31.3683,54.9004,0.3179,0.6270,-0.7112,0.9980,81,31.982449,1.8057,-0.5908
BiancaGolden_CircleTurns,-19.5063,-58.9767,196.4660,-4.2544,-31.7157,54.7291,0.3167,0.6237,-0.7146,0.9980,81,32.000793,1.8049,-0.5898
BiancaGolden_CircleTurns,-19.5599,-58.8392,196.4302,-4.5056,-32.0846,54.5813,0.3137,0.6116,-0.7263,0.9980,82,32.011158,1.8044,-0.5884
BiancaGolden_CircleTurns,-19.6373,-58.7364,196.4081,-4.6593,-32.4191,54.4533,0.3052,0.6106,-0.7308,0.9980,82,32.024696,1.8036,-0.5874
BiancaGolden_CircleTurns,-19.6958,-58.6311,196.4563,-4.6531,-32.8763,54.3022,0.3025,0.6093,-0.7330,0.9980,83,32.039867,1.8030,-0.5863
BiancaGolden_CircleTurns,-19.7256,-58.4821,196.5235,-4.5907,-33.1081,54.1121,0.3060,0.6073,-0.7332,0.9980,83,32.053299,1.8027,-0.5848
BiancaGolden_CircleTurns,-19.7346,-58.2898,196.5851,-4.3771,-33.0967,53.8536,0.3108,0.6086,-0.7300,0.9980,83,32.068184,1.8027,-0.5829
BiancaGolden_CircleTurns,-19.7703,-58.1323,196.5785,-4.1549,-32.8630,53.6745,0.3194,0.6146,-0.7213,0.9980,84,32.081997,1.8023,-0.5813
BiancaGolden_CircleTurns,-19.8256,-57.9960,196.5152,-3.7577,-32.2960,53.5580,0.3219,0.6189,-0.7165,0.9980,84,32.095699,1.8017,-0.5800
BiancaGolden_CircleTurns,-19.8679,-57.8611,196.4968,-3.5469,-31.9159,53.5333,0.3211,0.6195,-0.7163,0.9980,85,32.111458,1.8013,-0.5786
BiancaGolden_CircleTurns,-19.9220,-57.7514,196.5360,-3.4690,-31.7321,53.5751,0.3195,0.6192,-0.7172,0.9980,85,32.125134,1.8008,-0.5775
BiancaGolden_CircleTurns,-19.9679,-57.6816,196.5486,-3.4311,-31.8066,53.6839,0.3118,0.6205,-0.7195,0.9980,86,32.140167,1.8003,-0.5768
BiancaGolden_CircleTurns,-20.0073,-57.6189,196.5794,-3.4203,-32.0482,53.8312,0.3047,0.6211,-0.7221,0.9980,86,32.153900,1.7999,-0.5762
BiancaGolden_CircleTurns,-20.0108,-57.5390,196.6556,-3.4296,-32.3168,53.9229,0.3015,0.6182,-0.7259,0.9980,87,32.168751,1.7999,-0.5754
BiancaGolden_CircleTurns,-19.9757,-57.4360,196.7432,-3.4668,-32.5009,53.9654,0.3003,0.6169,-0.7275,0.9980,87,32.183529,1.8002,-0.5744
BiancaGolden_CircleTurns,-19.9392,-57.3564,196.7487,-3.4807,-32.5378,53.9667,0.2978,0.6191,-0.7267,0.9980,87,32.196945,1.8006,-0.5736
BiancaGolden_CircleTurns,-19.8546,-57.2396,196.7767,-3.4099,-32.4709,53.9868,0.2993,0.6201,-0.7252,0.9980,88,32.210663,1.8015,-0.5724
BiancaGolden_CircleTurns,-19.7627,-57.1249,196.8530,-3.3178,-32.3319,53.9729,0.3019,0.6187,-0.7253,0.9980,88,32.224072,1.8024,-0.5712
BiancaGolden_CircleTurns,-19.6416,-56.9931,196.9647,-3.3097,-32.3072,53.9803,0.3016,0.6179,-0.7261,0.9980,89,32.240093,1.8036,-0.5699
BiancaGolden_CircleTurns,-19.5460,-56.8720,197.0819,-3.3321,-32.3779,53.9559,0.3001,0.6150,-0.7292,0.9980,89,32.253185,1.8045,-0.5687
BiancaGolden_CircleTurns,-19.4450,-56.7580,197.1543,-3.3489,-32.5247,53.9404,0.2991,0.6137,-0.7307,0.9980,89,32.267338,1.8056,-0.5676
BiancaGolden_CircleTurns,-19.3418,-56.6735,197.1996,-3.2529,-32.6359,53.9814,0.2978,0.6128,-0.7320,0.9980,90,32.281136,1.8066,-0.5667
BiancaGolden_CircleTurns,-19.2086,-56.5466,197.2755,-3.2022,-32.7269,54.0644,0.2935,0.6094,-0.7366,0.9980,90,32.294621,1.8079,-0.5655
BiancaGolden_CircleTurns,-19.0573,-56.4263,197.3468,-3.1802,-32.7458,54.1785,0.2931,0.6103,-0.7360,0.9980,91,32.309532,1.8094,-0.5643
BiancaGolden_CircleTurns,-18.9070,-56.3010,197.3869,-3.2025,-32.6974,54.2400,0.2836,0.6124,-0.7379,0.9980,91,32.322716,1.8109,-0.5630
BiancaGolden_CircleTurns,-18.7270,-56.1912,197.4140,-3.2409,-32.6765,54.3319,0.2827,0.6136,-0.7373,0.9980,92,32.337692,1.8127,-0.5619
BiancaGolden_CircleTurns,-18.5369,-56.0707,197.4384,-3.2754,-32.6288,54.4324,0.2825,0.6145,-0.7366,0.9980,92,32.351036,1.8146,-0.5607
BiancaGolden_CircleTurns,-18.3349,-55.9544,197.4446,-3.2520,-32.5666,54.5063,0.2789,0.6155,-0.7371,0.9980,92,32.365318,1.8167,-0.5595
BiancaGolden_CircleTurns,-18.1010,-55.8617,197.4067,-3.1780,-32.4820,54.6144,0.2775,0.6157,-0.7375,0.9980,93,32.379070,1.8190,-0.5586
BiancaGolden_CircleTurns,-17.8492,-55.7331,197.3963,-3.0473,-32.4924,54.7722,0.2696,0.6188,-0.7379,0.9980,93,32.392662,1.8215,-0.5573
BiancaGolden_CircleTurns,-17.5919,-55.6120,197.3922,-2.9358,-32.4383,54.9406,0.2676,0.6202,-0.7374,0.9980,94,32.407978,1.8241,-0.5561
BiancaGolden_CircleTurns,-17.3109,-55.4133,197.3940,-2.9713,-32.4023,55.1414,0.3502,0.6790,-0.6452,0.9980,94,32.421730,1.8269,-0.5541
BiancaGolden_CircleTurns,-17.0284,-55.2636,197.3666,-3.0378,-32.2562,55.3873,0.4173,0.6480,-0.6371,0.9980,95,32.435837,1.8297,-0.5526
BiancaGolden_CircleTurns,-16.6926,-55.0918,197.3303,-3.1206,-32.0786,55.6274,0.4160,0.6516,-0.6343,0.9980,95,32.448841,1.8331,-0.5509
BiancaGolden_CircleTurns,-16.3496,-54.9316,197.2993,-3.1266,-31.8708,55.8549,0.4142,0.6560,-0.6310,0.9980,95,32.462952,1.8365,-0.5493
BiancaGolden_CircleTurns,-15.9822,-54.7676,197.2459,-3.0678,-31.6206,56.1509,0.3806,0.6721,-0.6351,0.9980,96,32.476463,1.8402,-0.5477
BiancaGolden_CircleTurns,-15.5891,-54.6126,197.1857,-3.0069,-31.3966,56.5065,0.3714,0.6676,-0.6453,0.9980,96,32.493061,1.8441,-0.5461
BiancaGolden_CircleTurns,-15.1991,-54.4666,197.1154,-2.9721,-31.2270,56.8425,0.3679,0.6708,-0.6439,0.9980,97,32.505478,1.8480,-0.5447
BiancaGolden_CircleTurns,-14.7883,-54.3325,197.0317,-2.9157,-31.1187,57.1987,0.3994,0.6474,-0.6491,0.9980,97,32.518227,1.8521,-0.5433
BiancaGolden_CircleTurns,-14.3497,-54.2349,196.9233,-2.8179,-31.0922,57.6151,0.3948,0.6499,-0.6495,0.9980,97,32.533382,1.8565,-0.5423
BiancaGolden_CircleTurns,-13.8865,-54.1222,196.8470,-2.6634,-31.1222,58.0456,0.3211,0.6390,-0.6989,0.9980,98,32.546108,1.8611,-0.5412
BiancaGolden_CircleTurns,-13.3910,-53.9894,196.8121,-2.5454,-31.1947,58.5313,0.2893,0.6562,-0.6969,0.9980,98,32.559242,1.8661,-0.5399
BiancaGolden_CircleTurns,-12.8883,-53.8418,196.8085,-2.5582,-31.2365,58.9849,0.2838,0.6585,-0.6970,0.9980,99,32.574978,1.8711,-0.5384
BiancaGolden_CircleTurns,-12.3502,-53.7188,196.7714,-2.5760,-31.2498,59.4549,0.2973,0.6919,-0.6580,0.9980,99,32.588203,1.8765,-0.5372
BiancaGolden_CircleTurns,-11.8030,-53.6133,196.7461,-2.5948,-31.3785,59.9146,0.2899,0.6919,-0.6613,0.9980,100,32.603851,1.8820,-0.5361
BiancaGolden_CircleTurns,-11.2086,-53.4538,196.7895,-2.5929,-31.4566,60.3972,0.2942,0.6851,-0.6664,0.9980,100,32.616325,1.8879,-0.5345
BiancaGolden_CircleTurns,-10.5766,-53.3101,196.8786,-2.6895,-31.5229,60.9374,0.2895,0.6877,-0.6658,0.9980,100,32.630348,1.8942,-0.5331
BiancaGolden_CircleTurns,-9.9499,-53.1462,196.9371,-2.6989,-31.4936,61.3111,0.2844,0.6852,-0.6706,0.9980,101,32.644321,1.9005,-0.5315
BiancaGolden_CircleTurns,-9.3206,-53.0351,196.9578,-2.7337,-31.4604,61.7009,0.2846,0.6845,-0.6712,0.9980,101,32.657166,1.9068,-0.5304
BiancaGolden_CircleTurns,-8.7081,-52.9236,196.9758,-2.7313,-31.4391,62.1059,0.2768,0.6808,-0.6781,0.9980,102,32.671772,1.9129,-0.5292
BiancaGolden_CircleTurns,-8.0858,-52.7994,197.0011,-2.6662,-31.4501,62.5106,0.2696,0.6804,-0.6815,0.9980,102,32.685299,1.9191,-0.5280
BiancaGolden_CircleTurns,-7.4705,-52.6854,197.0156,-2.6432,-31.4140,62.9719,0.2648,0.6830,-0.6808,0.9980,102,32.700382,1.9253,-0.5269
BiancaGolden_CircleTurns,-6.8609,-52.5627,197.0248,-2.6641,-31.3550,63.3992,0.2596,0.6851,-0.6806,0.9980,103,32.712799,1.9314,-0.5256
BiancaGolden_CircleTurns,-6.2321,-52.4572,197.0212,-2.7062,-31.3495,63.8291,0.2522,0.6826,-0.6859,0.9980,103,32.725822,1.9377,-0.5246
BiancaGolden_CircleTurns,-5.5968,-52.3333,197.0418,-2.7346,-31.3316,64.2196,0.2472,0.6783,-0.6919,0.9980,104,32.740753,1.9440,-0.5233
BiancaGolden_CircleTurns,-4.9619,-52.2018,197.0655,-2.7484,-31.2985,64.5608,0.2429,0.6802,-0.6916,0.9980,104,32.754635,1.9504,-0.5220
BiancaGolden_CircleTurns,-4.3247,-52.0547,197.1114,-2.8062,-31.2761,64.9561,0.2331,0.6788,-0.6964,0.9980,105,32.769215,1.9568,-0.5205
BiancaGolden_CircleTurns,-3.6942,-51.9070,197.1362,-2.7528,-31.2206,65.3132,0.2259,0.6750,-0.7024,0.9980,105,32.782681,1.9631,-0.5191
BiancaGolden_CircleTurns,-3.0950,-51.7703,197.1215,-2.6454,-31.1657,65.7126,0.2109,0.6809,-0.7014,0.9980,105,32.796967,1.9691,-0.5177
BiancaGolden_CircleTurns,-2.5062,-51.6194,197.0982,-2.5875,-31.1080,66.1294,0.2056,0.6826,-0.7013,0.9980,106,32.810596,1.9749,-0.5162
BiancaGolden_CircleTurns,-1.9490,-51.4775,197.0901,-2.5874,-31.0990,66.5813,0.2042,0.6783,-0.7058,0.9980,106,32.823738,1.9805,-0.5148
BiancaGolden_CircleTurns,-1.4236,-51.3309,197.0891,-2.6948,-31.1361,67.0960,0.1989,0.6781,-0.7075,0.9980,107,32.838982,1.9858,-0.5133
BiancaGolden_CircleTurns,-0.9078,-51.2114,197.0897,-2.7540,-31.2787,67.4648,0.1821,0.6805,-0.7098,0.9980,107,32.853104,1.9909,-0.5121
BiancaGolden_CircleTurns,-0.4092,-51.0915,197.1093,-2.9247,-31.4886,67.8260,0.1350,0.6926,-0.7085,0.9980,108,32.869537,1.9959,-0.5109
BiancaGolden_CircleTurns,0.0641,-50.9836,197.1189,-3.0568,-31.7302,68.1396,0.1296,0.6917,-0.7105,0.9980,108,32.880646,2.0006,-0.5098
BiancaGolden_CircleTurns,0.5230,-50.8725,197.1119,-3.1814,-31.9101,68.4836,0.1254,0.6908,-0.7121,0.9980,108,32.894619,2.0052,-0.5087
BiancaGolden_CircleTurns,0.9634,-50.7260,197.1504,-3.3350,-32.0599,68.7615,0.0746,0.7041,-0.7062,0.9980,109,32.907906,2.0096,-0.5073
BiancaGolden_CircleTurns,1.3828,-50.5762,197.2140,-3.4969,-32.1442,69.0292,0.0667,0.7065,-0.7046,0.9980,109,32.920876,2.0138,-0.5058
BiancaGolden_CircleTurns,1.7654,-50.4323,197.2521,-3.6117,-32.1496,69.2752,0.0600,0.7088,-0.7028,0.9980,110,32.935646,2.0177,-0.5043
BiancaGolden_CircleTurns,2.1331,-50.2930,197.2717,-3.7230,-32.1714,69.5118,0.0582,0.7118,-0.7000,0.9980,110,32.949348,2.0213,-0.5029
BiancaGolden_CircleTurns,2.4770,-50.1303,197.3146,-3.8466,-32.1527,69.6975,0.0561,0.7126,-0.6993,0.9980,110,32.963478,2.0248,-0.5013
BiancaGolden_CircleTurns,2.8011,-49.9601,197.3561,-3.9706,-32.1408,69.8462,0.0522,0.7132,-0.6990,0.9980,111,32.977131,2.0280,-0.4996
BiancaGolden_CircleTurns,3.0806,-49.7924,197.3660,-4.0327,-32.1465,69.9815,0.0519,0.7103,-0.7020,0.9980,111,32.994160,2.0308,-0.4979
BiancaGolden_CircleTurns,3.3415,-49.6481,197.3638,-4.0826,-32.1740,70.1311,0.0491,0.7095,-0.7030,0.9980,112,33.005848,2.0334,-0.4965
BiancaGolden_CircleTurns,3.5674,-49.4959,197.3447,-4.0485,-32.2242,70.2665,0.0449,0.7044,-0.7084,0.9980,112,33.019028,2.0357,-0.4950
BiancaGolden_CircleTurns,3.7985,-49.3200,197.3545,-3.9813,-32.2236,70.4268,0.0349,0.7068,-0.7066,0.9980,112,33.032955,2.0380,-0.4932
BiancaGolden_CircleTurns,4.0146,-49.1531,197.3582,-3.8629,-32.1816,70.5399,0.0345,0.7073,-0.7061,0.9980,113,33.045898,2.0401,-0.4915
BiancaGolden_CircleTurns,4.1944,-48.9917,197.3272,-3.7271,-32.1053,70.6340,0.0334,0.7073,-0.7061,0.9980,113,33.058460,2.0419,-0.4899
BiancaGolden_CircleTurns,4.3601,-48.8490,197.2787,-3.6066,-32.0708,70.7623,0.0286,0.7058,-0.7078,0.9980,114,33.072762,2.0436,-0.4885
BiancaGolden_CircleTurns,4.4888,-48.6909,197.2224,-3.5130,-32.0121,70.9169,0.0268,0.7055,-0.7082,0.9980,114,33.085659,2.0449,-0.4869
BiancaGolden_CircleTurns,4.6082,-48.5408,197.1728,-3.4746,-31.9851,71.0596,0.0254,0.7017,-0.7120,0.9980,114,33.101124,2.0461,-0.4854
BiancaGolden_CircleTurns,4.6213,-48.4287,197.0013,-3.6151,-31.8078,71.1055,0.0213,0.6997,-0.7142,0.9980,115,33.127560,2.0462,-0.4843
BiancaGolden_CircleTurns,4.7689,-48.2096,196.7450,-3.7089,-31.6453,71.3194,0.0202,0.6999,-0.7139,0.9980,116,33.141483,2.0477,-0.4821
BiancaGolden_CircleTurns,4.7713,-48.1423,196.5906,-3.8120,-31.6525,71.3780,0.0137,0.6927,-0.7211,0.9980,116,33.157135,2.0477,-0.4814
BiancaGolden_CircleTurns,4.7648,-48.0801,196.4730,-4.0420,-31.7853,71.4016,0.0155,0.6905,-0.7231,0.9980,117,33.170700,2.0476,-0.4808
BiancaGolden_CircleTurns,4.7056,-48.0647,196.3204,-4.2925,-31.9718,71.2932,0.0147,0.6883,-0.7253,0.9980,117,33.184093,2.0471,-0.4806
BiancaGolden_CircleTurns,4.6546,-48.0631,196.1984,-4.5914,-32.2615,71.1694,0.0108,0.6845,-0.7289,0.9980,117,33.197399,2.0465,-0.4806
BiancaGolden_CircleTurns,4.5105,-48.1142,196.0895,-4.8624,-32.5757,70.8592,0.0121,0.6796,-0.7334,0.9980,118,33.211422,2.0451,-0.4811
BiancaGolden_CircleTurns,4.3778,-48.1183,196.0832,-5.0574,-33.0333,70.5347,0.0142,0.6743,-0.7383,0.9980,118,33.225529,2.0438,-0.4812
BiancaGolden_CircleTurns,4.2398,-48.0952,196.2605,-4.8773,-33.5244,70.2694,0.0200,0.6721,-0.7402,0.9980,119,33.250858,2.0424,-0.4810
BiancaGolden_CircleTurns,4.0100,-48.0488,196.3104,-4.7155,-33.7822,70.0167,0.0239,0.6749,-0.7375,0.9980,119,33.264771,2.0401,-0.4805
BiancaGolden_CircleTurns,3.8728,-48.0252,196.3145,-4.5336,-33.4985,69.8414,0.0286,0.6825,-0.7303,0.9980,120,33.279549,2.0387,-0.4803
BiancaGolden_CircleTurns,3.7538,-48.0507,196.2633,-4.3858,-33.0229,69.6722,0.0198,0.7004,-0.7134,0.9980,120,33.292870,2.0375,-0.4805
BiancaGolden_CircleTurns,3.6622,-48.0581,196.2318,-4.2765,-32.5981,69.5329,0.0238,0.7045,-0.7093,0.9980,121,33.307159,2.0366,-0.4806
BiancaGolden_CircleTurns,3.5897,-48.0476,196.2737,-4.1911,-32.2188,69.3652,0.0863,0.6696,-0.7377,0.9980,121,33.320358,2.0359,-0.4805
BiancaGolden_CircleTurns,3.5454,-47.9988,196.3958,-4.0288,-32.1144,69.3656,0.0877,0.6702,-0.7370,0.9980,122,33.347191,2.0355,-0.4800
BiancaGolden_CircleTurns,3.3660,-47.9835,196.4565,-3.8496,-32.0368,69.3377,0.0762,0.6823,-0.7271,0.9980,122,33.361431,2.0337,-0.4798
BiancaGolden_CircleTurns,3.2951,-47.9843,196.4551,-3.7304,-32.1677,69.5031,0.0763,0.6856,-0.7239,0.9980,123,33.376083,2.0330,-0.4798
BiancaGolden_CircleTurns,3.2584,-47.9755,196.4797,-3.6253,-32.2496,69.6899,0.0737,0.6848,-0.7250,0.9980,123,33.389313,2.0326,-0.4798
BiancaGolden_CircleTurns,3.2647,-47.9232,196.5576,-3.4895,-32.3157,69.9277,0.0838,0.6863,-0.7224,0.9980,124,33.403744,2.0326,-0.4792
BiancaGolden_CircleTurns,3.3428,-47.8455,196.6551,-3.4098,-32.2756,70.2607,0.0706,0.6817,-0.7283,0.9980,124,33.429852,2.0334,-0.4785
BiancaGolden_CircleTurns,3.4007,-47.7657,196.7892,-3.2410,-32.1807,70.6125,0.0735,0.6792,-0.7303,0.9980,125,33.445248,2.0340,-0.4777
BiancaGolden_CircleTurns,3.4810,-47.7557,196.8190,-3.2053,-32.0563,70.8744,0.0706,0.6805,-0.7293,0.9980,125,33.458786,2.0348,-0.4776
BiancaGolden_CircleTurns,3.5794,-47.7292,196.8552,-3.2682,-31.9871,71.1217,0.0703,0.6737,-0.7356,0.9980,126,33.472775,2.0358,-0.4773
BiancaGolden_CircleTurns,3.6963,-47.7082,196.8948,-3.3729,-31.9391,71.3680,0.0661,0.6717,-0.7379,0.9980,126,33.487251,2.0370,-0.4771
BiancaGolden_CircleTurns,3.8792,-47.6619,196.9498,-3.5808,-31.8913,71.6352,0.0629,0.6685,-0.7410,0.9980,127,33.516174,2.0388,-0.4766
BiancaGolden_CircleTurns,4.1693,-47.5536,197.0617,-3.6596,-31.7628,72.0508,0.0583,0.6662,-0.7435,0.9980,127,33.527405,2.0417,-0.4755
BiancaGolden_CircleTurns,4.3793,-47.4933,197.1143,-3.7119,-31.6595,72.2903,0.0565,0.6688,-0.7413,0.9980,128,33.541561,2.0438,-0.4749
BiancaGolden_CircleTurns,4.6031,-47.4141,197.1428,-3.6961,-31.4647,72.5138,0.0607,0.6661,-0.7433,0.9980,128,33.555908,2.0460,-0.4741
BiancaGolden_CircleTurns,4.9153,-47.2780,197.1598,-3.5865,-31.1520,72.7693,0.0557,0.6659,-0.7440,0.9980,129,33.582756,2.0492,-0.4728
BiancaGolden_CircleTurns,5.4350,-47.0914,197.1999,-3.4310,-30.7324,73.2254,0.0597,0.6648,-0.7446,0.9980,129,33.594318,2.0543,-0.4709
BiancaGolden_CircleTurns,5.7637,-47.0030,197.1774,-3.2827,-30.4935,73.4990,0.0561,0.6679,-0.7422,0.9980,130,33.609310,2.0576,-0.4700
BiancaGolden_CircleTurns,6.1108,-46.8931,197.1503,-3.1357,-30.2726,73.8005,0.0570,0.6677,-0.7422,0.9980,130,33.622639,2.0611,-0.4689
BiancaGolden_CircleTurns,6.4869,-46.7932,197.0986,-3.0312,-30.1134,74.1360,0.0483,0.6689,-0.7418,0.9980,131,33.638000,2.0649,-0.4679
BiancaGolden_CircleTurns,6.9230,-46.7008,196.9767,-2.9840,-30.0891,74.5726,0.0448,0.6627,-0.7475,0.9980,131,33.663986,2.0692,-0.4670
BiancaGolden_CircleTurns,7.7034,-46.4912,196.8519,-2.9000,-29.9555,75.3185,0.0339,0.6640,-0.7470,0.9980,132,33.677555,2.0770,-0.4649
BiancaGolden_CircleTurns,8.1270,-46.3821,196.8045,-2.8453,-29.9708,75.7283,0.0280,0.6623,-0.7487,0.9980,132,33.689541,2.0813,-0.4638
BiancaGolden_CircleTurns,8.6205,-46.2293,196.7612,-2.8112,-30.0196,76.2964,0.0228,0.6633,-0.7480,0.9980,133,33.704327,2.0862,-0.4623
BiancaGolden_CircleTurns,9.1018,-46.0778,196.6982,-2.7568,-29.9317,76.7655,0.0237,0.6635,-0.7478,0.9980,133,33.719627,2.0910,-0.4608
BiancaGolden_CircleTurns,9.6603,-45.9530,196.6095,-2.3830,-29.7464,77.3684,0.0127,0.6563,-0.7544,0.9980,134,33.746006,2.0966,-0.4595
BiancaGolden_CircleTurns,10.6577,-45.6440,196.5955,-1.9036,-29.7587,78.4082,0.0072,0.6555,-0.7552,0.9980,134,33.758739,2.1066,-0.4564
BiancaGolden_CircleTurns,11.1575,-45.4001,196.7097,-1.8352,-29.8157,78.9118,0.0000,0.6525,-0.7577,0.9980,135,33.771793,2.1116,-0.4540
BiancaGolden_CircleTurns,11.6903,-45.1350,196.8629,-1.8422,-29.9663,79.4632,-0.0066,0.6507,-0.7593,0.9980,135,33.784573,2.1169,-0.4513
BiancaGolden_CircleTurns,12.2109,-44.9259,196.8974,-1.8792,-30.0909,79.8696,-0.0117,0.6474,-0.7620,0.9980,135,33.800014,2.1221,-0.4493
BiancaGolden_CircleTurns,12.7465,-44.8318,196.8264,-1.7733,-30.3223,80.3319,-0.0169,0.6348,-0.7725,0.9980,136,33.814770,2.1275,-0.4483
BiancaGolden_CircleTurns,13.2278,-44.7003,196.8537,-1.6041,-30.5536,80.6636,-0.0299,0.6319,-0.7745,0.9980,137,33.840496,2.1323,-0.4470
BiancaGolden_CircleTurns,14.2498,-44.4057,196.8725,-1.3121,-30.7326,81.5841,-0.0293,0.6286,-0.7772,0.9980,137,33.855080,2.1425,-0.4441
BiancaGolden_CircleTurns,14.7330,-44.2637,196.9130,-1.0792,-30.8551,82.0283,-0.0391,0.6267,-0.7783,0.9980,137,33.868027,2.1473,-0.4426
BiancaGolden_CircleTurns,15.2398,-44.1328,196.9718,-0.9018,-30.9490,82.5858,-0.0388,0.6268,-0.7782,0.9980,138,33.881721,2.1524,-0.4413
BiancaGolden_CircleTurns,15.1738,-44.1255,197.0138,-0.8501,-30.9333,82.5916,-0.0441,0.6254,-0.7791,0.9980,138,33.894440,2.1517,-0.4413
BiancaGolden_CircleTurns,15.6290,-43.9918,197.0570,-0.6823,-30.9839,83.1591,-0.0674,0.6259,-0.7770,0.9980,139,33.908623,2.1563,-0.4399
BiancaGolden_CircleTurns,16.0631,-43.9028,197.0007,-0.1767,-30.7825,83.8766,-0.0744,0.6257,-0.7765,0.9980,140,33.935844,2.1606,-0.4390
BiancaGolden_CircleTurns,17.0351,-43.8020,196.9211,1.0699,-30.7351,85.1787,-0.0758,0.6179,-0.7826,0.9980,140,33.950264,2.1704,-0.4380
BiancaGolden_CircleTurns,17.4612,-43.8519,196.9823,1.9437,-31.1482,85.7489,-0.0770,0.6076,-0.7905,0.9980,140,33.963505,2.1746,-0.4385
BiancaGolden_CircleTurns,17.8530,-43.8413,197.1240,2.6669,-31.7718,86.3176,-0.0801,0.5983,-0.7973,0.9980,141,33.977051,2.1785,-0.4384
BiancaGolden_CircleTurns,18.2187,-43.7718,197.2674,3.2060,-32.3294,86.8805,-0.0739,0.5814,-0.8102,0.9980,141,33.989952,2.1822,-0.4377
BiancaGolden_CircleTurns,18.4958,-43.5868,197.4470,3.1813,-32.9543,87.4498,-0.0693,0.5829,-0.8096,0.9980,142,34.007961,2.1850,-0.4359
BiancaGolden_CircleTurns,18.5410,-43.4216,197.5915,3.1814,-32.9047,87.0668,-0.0668,0.5793,-0.8124,0.9980,142,34.029854,2.1854,-0.4342
BiancaGolden_CircleTurns,19.0602,-43.1236,197.9041,3.4400,-33.1341,86.7822,-0.0583,0.5883,-0.8065,0.9980,143,34.044571,2.1906,-0.4312
BiancaGolden_CircleTurns,19.5014,-43.0142,198.0960,3.5760,-32.9845,85.4903,-0.0461,0.5962,-0.8015,0.9980,143,34.058849,2.1950,-0.4301
BiancaGolden_CircleTurns,19.9840,-43.0949,198.0546,4.0333,-32.9528,84.4189,-0.0351,0.5956,-0.8025,0.9980,144,34.072372,2.1998,-0.4309
BiancaGolden_CircleTurns,20.3155,-43.1868,197.9004,4.3055,-33.0015,83.7484,-0.0340,0.5933,-0.8042,0.9980,144,34.085297,2.2032,-0.4319
BiancaGolden_CircleTurns,20.5260,-43.2401,197.7561,4.0112,-33.2101,83.4407,-0.0306,0.6056,-0.7952,0.9980,144,34.099133,2.2053,-0.4324
BiancaGolden_CircleTurns,20.6004,-43.3203,197.4631,2.3161,-33.2185,83.2565,-0.0255,0.6104,-0.7917,0.9980,145,34.126007,2.2060,-0.4332
BiancaGolden_CircleTurns,21.1056,-43.5326,197.2069,1.7514,-32.9667,82.5152,0.1569,0.5711,-0.8058,0.9980,146,34.137466,2.2111,-0.4353
BiancaGolden_CircleTurns,21.3141,-43.7103,197.2302,1.9223,-32.2098,82.0018,0.1656,0.5895,-0.7906,0.9980,146,34.153442,2.2131,-0.4371
BiancaGolden_CircleTurns,21.4978,-43.6377,197.3786,2.1769,-30.7851,81.5877,0.1948,0.6063,-0.7710,0.9980,146,34.166069,2.2150,-0.4364
BiancaGolden_CircleTurns,21.5400,-43.5954,197.4948,1.8762,-28.9151,81.1670,0.1558,0.6575,-0.7372,0.9980,147,34.181908,2.2154,-0.4360
BiancaGolden_CircleTurns,21.3664,-43.8329,197.1816,-0.0146,-27.4406,80.3675,0.1515,0.6726,-0.7243,0.9980,148,34.206604,2.2137,-0.4383
BiancaGolden_CircleTurns,21.4147,-44.1369,196.7533,-1.5039,-26.2785,79.4733,0.1484,0.6705,-0.7269,0.9980,148,34.219852,2.2141,-0.4414
BiancaGolden_CircleTurns,21.2471,-44.3433,196.3948,-2.4122,-26.4639,79.2439,0.1211,0.6302,-0.7670,0.9980,148,34.233631,2.2125,-0.4434
BiancaGolden_CircleTurns,20.8620,-44.4380,196.2068,-3.1172,-28.2092,79.8789,0.0961,0.5992,-0.7948,0.9980,149,34.261372,2.2086,-0.4444
BiancaGolden_CircleTurns,20.4240,-44.6639,195.7866,-4.1964,-29.3895,80.2149,0.0632,0.5857,-0.8080,0.9980,150,34.273876,2.2042,-0.4466
BiancaGolden_CircleTurns,20.0667,-44.7705,195.5602,-4.6851,-30.7859,80.8087,0.0508,0.5652,-0.8234,0.9980,150,34.289238,2.2007,-0.4477
BiancaGolden_CircleTurns,19.7383,-44.9048,195.3757,-5.2361,-32.2155,81.3014,0.0570,0.5436,-0.8374,0.9980,151,34.303951,2.1974,-0.4490
BiancaGolden_CircleTurns,19.4921,-45.0952,195.2992,-4.6259,-33.7215,81.6909,0.0583,0.5250,-0.8491,0.9980,151,34.330246,2.1949,-0.4510
BiancaGolden_CircleTurns,18.9980,-45.3207,195.0991,-4.0546,-34.9728,82.1614,0.0613,0.5208,-0.8515,0.9980,152,34.342438,2.1900,-0.4532
BiancaGolden_CircleTurns,18.7372,-45.3306,195.1755,-3.2907,-35.2414,82.3104,0.0885,0.5546,-0.8274,0.9980,152,34.355812,2.1874,-0.4533
BiancaGolden_CircleTurns,18.4648,-45.2271,195.6851,-2.5987,-34.5043,82.3227,0.1041,0.5686,-0.8160,0.9980,153,34.383144,2.1846,-0.4523
BiancaGolden_CircleTurns,17.8589,-45.4922,195.7714,-2.5282,-34.8028,82.5053,0.1041,0.5686,-0.8160,0.9980,153,34.397045,2.1786,-0.4549
BiancaGolden_CircleTurns,17.4953,-45.6912,195.8113,-2.5734,-34.8809,82.6059,0.1045,0.5725,-0.8132,0.9980,154,34.409618,2.1750,-0.4569
BiancaGolden_CircleTurns,17.4426,-45.7510,195.8597,-2.5464,-34.5472,82.6071,0.1087,0.5917,-0.7988,0.9980,154,34.423374,2.1744,-0.4575
BiancaGolden_CircleTurns,17.1140,-45.8158,196.1121,-2.3810,-34.0034,82.7323,0.1160,0.6247,-0.7722,0.9980,155,34.436348,2.1711,-0.4582
BiancaGolden_CircleTurns,16.9006,-45.7762,196.5146,-1.9459,-32.2904,82.7685,0.1207,0.6451,-0.7545,0.9980,155,34.462231,2.1690,-0.4578
BiancaGolden_CircleTurns,16.3690,-45.8800,197.0028,-1.4843,-30.7372,82.8065,0.1326,0.6623,-0.7374,0.9980,156,34.474934,2.1637,-0.4588
BiancaGolden_CircleTurns,16.1514,-45.9797,197.2587,-1.3636,-29.5500,82.4936,0.1431,0.6703,-0.7281,0.9980,156,34.488297,2.1615,-0.4598
BiancaGolden_CircleTurns,15.9750,-46.1287,197.4214,-1.2706,-28.6846,81.9667,0.1605,0.6740,-0.7211,0.9980,157,34.501667,2.1597,-0.4613
BiancaGolden_CircleTurns,15.8395,-46.3296,197.5125,-1.0623,-28.1073,81.1738,0.2608,0.6060,-0.7515,0.9980,157,34.520470,2.1584,-0.4633
BiancaGolden_CircleTurns,15.8339,-46.5376,197.4941,-0.2476,-28.2813,79.6623,0.3428,0.5540,-0.7587,0.9980,158,34.542831,2.1583,-0.4654
BiancaGolden_CircleTurns,15.5726,-46.7792,197.7505,0.5966,-27.7904,78.0523,0.4097,0.4926,-0.7678,0.9980,158,34.555454,2.1557,-0.4678
BiancaGolden_CircleTurns,15.4800,-46.8375,197.8589,1.0886,-27.8050,76.6542,0.4598,0.4440,-0.7690,0.9980,159,34.569260,2.1548,-0.4684
BiancaGolden_CircleTurns,15.3858,-46.9304,197.9278,1.5378,-27.7265,75.2537,0.4996,0.3914,-0.7728,0.9980,159,34.583168,2.1539,-0.4693
BiancaGolden_CircleTurns,15.3136,-47.0715,197.9765,2.0969,-27.7106,73.7592,0.5146,0.3781,-0.7696,0.9980,159,34.597610,2.1531,-0.4707
BiancaGolden_CircleTurns,15.1931,-47.2591,198.0974,2.6518,-27.7106,72.2686,0.5307,0.3664,-0.7642,0.9980,160,34.612602,2.1519,-0.4726
BiancaGolden_CircleTurns,14.8681,-47.5000,198.3974,3.7921,-27.8523,71.0750,0.6251,0.3239,-0.7101,0.9980,161,34.637566,2.1487,-0.4750
BiancaGolden_CircleTurns,14.4107,-47.7655,198.8060,5.2216,-27.2069,69.4548,0.6110,0.3179,-0.7250,0.9980,161,34.651009,2.1441,-0.4777
BiancaGolden_CircleTurns,14.0990,-47.8144,199.1140,5.7296,-26.4237,69.1394,0.5975,0.3384,-0.7270,0.9980,161,34.663338,2.1410,-0.4781
BiancaGolden_CircleTurns,13.7271,-47.7913,199.4448,5.6971,-25.0899,69.0897,0.5942,0.3491,-0.7246,0.9980,162,34.676472,2.1373,-0.4779
BiancaGolden_CircleTurns,13.6393,-47.7203,199.5077,5.2423,-24.4180,69.6249,0.5738,0.3838,-0.7235,0.9980,162,34.688538,2.1364,-0.4772
BiancaGolden_CircleTurns,13.2239,-47.8008,199.7639,5.2745,-22.6968,70.7429,0.5740,0.4084,-0.7098,0.9980,163,34.716927,2.1322,-0.4780
BiancaGolden_CircleTurns,12.4577,-47.9332,200.2143,5.4713,-21.0012,71.0705,0.5696,0.4225,-0.7050,0.9980,163,34.730263,2.1246,-0.4793
BiancaGolden_CircleTurns,12.0211,-47.9787,200.3915,5.2097,-20.3060,71.6090,0.5679,0.4344,-0.6992,0.9980,164,34.743610,2.1202,-0.4798
BiancaGolden_CircleTurns,11.6050,-48.0107,200.5426,5.0346,-19.6678,72.1102,0.5377,0.4345,-0.7226,0.9980,164,34.756374,2.1161,-0.4801
BiancaGolden_CircleTurns,11.1754,-48.0207,200.5505,4.5535,-19.3859,73.0585,0.5029,0.4255,-0.7523,0.9980,165,34.770420,2.1118,-0.4802
BiancaGolden_CircleTurns,10.7802,-47.9900,200.5253,4.1885,-19.3894,73.9166,0.4955,0.4425,-0.7474,0.9980,165,34.795387,2.1078,-0.4799
BiancaGolden_CircleTurns,9.9735,-47.9247,200.6342,4.0047,-18.7680,74.9572,0.4331,0.5102,-0.7430,0.9980,166,34.808647,2.0997,-0.4792
BiancaGolden_CircleTurns,9.5975,-47.8287,200.6168,3.9156,-18.6605,75.5868,0.4271,0.5141,-0.7438,0.9980,166,34.821972,2.0960,-0.4783
BiancaGolden_CircleTurns,9.2069,-47.7078,200.5638,3.8487,-18.7066,76.1744,0.3526,0.5826,-0.7323,0.9980,167,34.835777,2.0921,-0.4771
BiancaGolden_CircleTurns,8.8168,-47.6039,200.4629,3.7389,-18.8841,76.7346,0.2983,0.6351,-0.7125,0.9980,167,34.848957,2.0882,-0.4760
BiancaGolden_CircleTurns,8.4382,-47.5223,200.3307,3.7664,-19.2495,77.3503,0.1877,0.6586,-0.7287,0.9980,167,34.863937,2.0844,-0.4752
BiancaGolden_CircleTurns,8.0912,-47.5092,200.0788,3.7544,-20.4441,77.8043,0.1760,0.6457,-0.7431,0.9980,168,34.889656,2.0809,-0.4751
BiancaGolden_CircleTurns,7.4363,-47.4171,199.7847,3.7774,-21.6628,78.5639,0.1680,0.6405,-0.7494,0.9980,169,34.901798,2.0744,-0.4742
BiancaGolden_CircleTurns,7.1331,-47.3505,199.6214,3.8812,-22.4155,78.8369,0.1676,0.6323,-0.7564,0.9980,169,34.915462,2.0713,-0.4735
BiancaGolden_CircleTurns,6.8808,-47.2202,199.5044,4.0631,-23.2308,78.8363,0.1802,0.6242,-0.7602,0.9980,169,34.929466,2.0688,-0.4722
BiancaGolden_CircleTurns,6.6539,-47.0820,199.3907,4.1671,-23.7628,78.9194,0.1820,0.6286,-0.7562,0.9980,170,34.944290,2.0665,-0.4708
BiancaGolden_CircleTurns,6.4433,-46.9112,199.2921,4.3093,-24.1333,78.9700,0.1810,0.6267,-0.7579,0.9980,170,34.958210,2.0644,-0.4691
BiancaGolden_CircleTurns,6.2203,-46.7137,199.2083,4.2825,-24.2857,79.0055,0.1895,0.6271,-0.7555,0.9980,171,34.973171,2.0622,-0.4671
BiancaGolden_CircleTurns,6.0264,-46.5743,199.1339,4.2279,-24.2962,79.0983,0.2045,0.6369,-0.7433,0.9980,171,34.998611,2.0603,-0.4657
BiancaGolden_CircleTurns,5.6237,-46.3295,198.9428,4.3505,-24.7249,79.6525,0.2012,0.6346,-0.7462,0.9980,172,35.015923,2.0562,-0.4633
BiancaGolden_CircleTurns,5.4136,-46.1913,198.8447,4.3921,-24.9792,79.9233,0.2060,0.6455,-0.7355,0.9980,172,35.024700,2.0541,-0.4619
BiancaGolden_CircleTurns,5.2104,-46.0257,198.7850,4.3348,-25.0735,80.4686,0.1995,0.6453,-0.7374,0.9980,173,35.039440,2.0521,-0.4603
BiancaGolden_CircleTurns,5.0580,-45.8598,198.7600,4.2851,-25.2283,81.0269,0.1926,0.6467,-0.7380,0.9980,173,35.053585,2.0506,-0.4586
BiancaGolden_CircleTurns,4.9632,-45.6901,198.7578,4.2653,-25.3241,81.6115,0.0764,0.6558,-0.7511,0.9980,174,35.068657,2.0496,-0.4569
BiancaGolden_CircleTurns,4.9137,-45.5463,198.7655,4.1764,-25.3997,82.1581,-0.0662,0.6696,-0.7398,0.9980,174,35.083580,2.0491,-0.4555
BiancaGolden_CircleTurns,4.8760,-45.4165,198.7381,3.8599,-25.5101,82.6304,-0.0786,0.6647,-0.7429,0.9980,175,35.109058,2.0488,-0.4542
BiancaGolden_CircleTurns,4.7324,-45.1298,198.6494,3.5838,-25.8463,83.4993,-0.1034,0.6621,-0.7422,0.9980,175,35.122005,2.0473,-0.4513
BiancaGolden_CircleTurns,4.8062,-44.9144,198.6515,3.1714,-25.9986,84.0118,-0.1114,0.6599,-0.7430,0.9980,175,35.134781,2.0481,-0.4491
BiancaGolden_CircleTurns,4.8478,-44.7036,198.6579,2.8734,-26.1602,84.4568,-0.1006,0.6574,-0.7468,0.9980,176,35.147163,2.0485,-0.4470
BiancaGolden_CircleTurns,4.9326,-44.6907,198.6600,2.8138,-26.1540,84.4766,-0.0961,0.6460,-0.7572,0.9980,176,35.161667,2.0493,-0.4469
BiancaGolden_CircleTurns,5.0554,-44.4328,198.7037,2.6826,-26.4375,85.0159,-0.0950,0.6455,-0.7578,0.9980,177,35.189129,2.0506,-0.4443
BiancaGolden_CircleTurns,5.2239,-43.8986,198.7606,2.4046,-26.6233,86.0067,-0.0955,0.6548,-0.7497,0.9980,178,35.201927,2.0522,-0.4390
BiancaGolden_CircleTurns,5.3472,-43.5960,198.7675,2.2757,-26.6414,86.5194,-0.1022,0.6549,-0.7487,0.9980,178,35.215904,2.0535,-0.4360
BiancaGolden_CircleTurns,5.5208,-43.2425,198.7418,2.2281,-26.5626,87.0796,-0.1025,0.6622,-0.7423,0.9980,178,35.228752,2.0552,-0.4324
BiancaGolden_CircleTurns,5.6957,-42.9070,198.6931,2.1978,-26.5600,87.6394,-0.1104,0.6605,-0.7427,0.9980,179,35.242538,2.0570,-0.4291
BiancaGolden_CircleTurns,5.9079,-42.5247,198.6290,2.1545,-26.6223,88.3067,-0.1076,0.6556,-0.7474,0.9980,179,35.257576,2.0591,-0.4252
BiancaGolden_CircleTurns,6.1820,-42.1432,198.4617,2.0271,-26.7553,89.0023,-0.1213,0.6440,-0.7553,0.9980,180,35.281258,2.0618,-0.4214
BiancaGolden_CircleTurns,6.6665,-41.4898,198.1835,1.8353,-27.1851,90.2466,-0.1305,0.6366,-0.7601,0.9980,180,35.294765,2.0667,-0.4149
BiancaGolden_CircleTurns,6.9921,-41.1791,197.9530,1.7203,-27.6293,91.0065,-0.1241,0.6254,-0.7704,0.9980,181,35.309105,2.0699,-0.4118
BiancaGolden_CircleTurns,7.3269,-40.8335,197.7524,1.6015,-28.0521,91.7718,-0.1306,0.6184,-0.7749,0.9980,181,35.322510,2.0733,-0.4083
BiancaGolden_CircleTurns,7.6773,-40.4918,197.5401,1.5153,-28.4605,92.6007,-0.1325,0.6133,-0.7786,0.9980,182,35.338696,2.0768,-0.4049
BiancaGolden_CircleTurns,8.1281,-40.1791,197.2765,1.5077,-29.0023,93.6211,-0.1476,0.5967,-0.7888,0.9980,182,35.362339,2.0813,-0.4018
BiancaGolden_CircleTurns,8.8882,-39.5062,197.0053,1.3660,-29.9378,95.3469,-0.1571,0.5853,-0.7954,0.9980,183,35.375301,2.0889,-0.3951
BiancaGolden_CircleTurns,9.3214,-39.1141,197.0336,1.3389,-30.6265,96.3498,-0.1615,0.5761,-0.8013,0.9980,183,35.389439,2.0932,-0.3911
BiancaGolden_CircleTurns,9.8129,-38.6286,197.2100,1.3705,-31.2679,97.4957,-0.1715,0.5676,-0.8052,0.9980,184,35.403465,2.0981,-0.3863
BiancaGolden_CircleTurns,10.2669,-38.1883,197.2398,1.0928,-31.6759,98.5775,-0.1734,0.5574,-0.8120,0.9980,184,35.418777,2.1027,-0.3819
BiancaGolden_CircleTurns,10.7242,-37.7383,197.1704,0.4960,-31.7307,99.5754,-0.1944,0.5492,-0.8128,0.9980,185,35.444290,2.1072,-0.3774
BiancaGolden_CircleTurns,11.6503,-36.9358,197.0082,0.0583,-32.2983,101.5141,-0.2032,0.5431,-0.8147,0.9980,185,35.456520,2.1165,-0.3694
BiancaGolden_CircleTurns,12.1141,-36.5451,196.9088,-0.0813,-32.5050,102.3996,-0.2086,0.5432,-0.8133,0.9980,186,35.469727,2.1211,-0.3655
BiancaGolden_CircleTurns,12.5843,-36.2455,196.8288,-0.3075,-32.8498,103.1935,-0.2035,0.5380,-0.8180,0.9980,186,35.484135,2.1258,-0.3625
BiancaGolden_CircleTurns,13.0337,-35.9760,196.8291,-0.4348,-33.3804,103.8434,-0.2125,0.5254,-0.8239,0.9980,187,35.516640,2.1303,-0.3598
BiancaGolden_CircleTurns,13.8932,-35.2860,196.8011,-0.8729,-33.9444,105.4458,-0.2203,0.5230,-0.8233,0.9980,187,35.526005,2.1389,-0.3529
BiancaGolden_CircleTurns,14.2504,-34.9620,196.7955,-1.2777,-33.9292,106.1650,-0.2298,0.5301,-0.8162,0.9980,188,35.541653,2.1425,-0.3496
BiancaGolden_CircleTurns,14.4704,-34.6954,196.7596,-1.9650,-33.6170,106.8495,-0.2444,0.5218,-0.8173,0.9980,188,35.567711,2.1447,-0.3470
BiancaGolden_CircleTurns,15.1194,-34.0966,196.7259,-2.8450,-33.7701,108.3885,-0.2534,0.5185,-0.8166,0.9980,189,35.581615,2.1512,-0.3410
BiancaGolden_CircleTurns,15.4212,-33.8078,196.7138,-3.2052,-33.8502,109.1357,-0.2614,0.5132,-0.8175,0.9980,189,35.593590,2.1542,-0.3381
BiancaGolden_CircleTurns,15.7021,-33.5341,196.7080,-3.5224,-33.9757,109.8350,-0.2394,0.5252,-0.8166,0.9980,190,35.606998,2.1570,-0.3353
BiancaGolden_CircleTurns,15.4943,-33.5952,196.7269,-3.4283,-34.0800,109.2856,-0.2534,0.5147,-0.8191,0.9980,190,35.634357,2.1549,-0.3360
BiancaGolden_CircleTurns,15.8997,-33.0898,196.6407,-3.9938,-34.3926,110.3733,-0.2588,0.5115,-0.8194,0.9980,191,35.648197,2.1590,-0.3309
BiancaGolden_CircleTurns,16.0152,-32.8674,196.5980,-4.2089,-34.6939,110.8867,-0.2557,0.4987,-0.8282,0.9980,191,35.660370,2.1602,-0.3287
BiancaGolden_CircleTurns,15.9667,-32.6205,196.6085,-4.3536,-35.1864,111.2002,-0.2599,0.4853,-0.8348,0.9980,192,35.687000,2.1597,-0.3262
BiancaGolden_CircleTurns,16.0671,-32.1384,196.5765,-4.9374,-35.8108,112.0902,-0.2609,0.4781,-0.8387,0.9980,192,35.700310,2.1607,-0.3214
BiancaGolden_CircleTurns,16.0338,-31.9292,196.5267,-5.0774,-36.2312,112.3812,-0.2583,0.4738,-0.8419,0.9980,193,35.714592,2.1603,-0.3193
BiancaGolden_CircleTurns,15.9571,-31.7027,196.4654,-5.1293,-36.6213,112.6442,-0.2525,0.4709,-0.8453,0.9980,193,35.728119,2.1596,-0.3170
BiancaGolden_CircleTurns,15.7548,-31.4564,196.3587,-4.9700,-36.9310,112.7055,-0.2553,0.4701,-0.8449,0.9980,194,35.755051,2.1575,-0.3146
BiancaGolden_CircleTurns,15.5634,-31.0393,196.1533,-5.1046,-37.5237,113.3438,-0.2549,0.4606,-0.8502,0.9980,194,35.766811,2.1556,-0.3104
BiancaGolden_CircleTurns,15.3818,-30.8910,195.9687,-5.2152,-37.8995,113.6279,-0.2551,0.4590,-0.8510,0.9980,195,35.781181,2.1538,-0.3089
BiancaGolden_CircleTurns,15.1681,-30.7318,195.8135,-5.2885,-38.3536,113.8579,-0.2493,0.4497,-0.8577,0.9980,195,35.795330,2.1517,-0.3073
BiancaGolden_CircleTurns,14.9320,-30.5976,195.5036,-5.1838,-38.7000,113.8008,-0.2405,0.4459,-0.8622,0.9980,196,35.821655,2.1493,-0.3060
BiancaGolden_CircleTurns,14.5547,-30.2408,195.1378,-5.2367,-39.3713,114.0771,-0.2373,0.4399,-0.8661,0.9980,196,35.833717,2.1455,-0.3024
BiancaGolden_CircleTurns,14.2964,-30.0608,194.9742,-5.2123,-39.8221,114.0393,-0.2291,0.4375,-0.8696,0.9980,197,35.848442,2.1430,-0.3006
BiancaGolden_CircleTurns,13.9277,-29.9359,194.9750,-5.2412,-40.7309,113.6610,-0.2258,0.4270,-0.8756,0.9980,198,35.875168,2.1393,-0.2994
BiancaGolden_CircleTurns,13.3574,-29.6733,194.6783,-5.1907,-41.7274,113.5507,-0.2206,0.4217,-0.8795,0.9980,198,35.889210,2.1336,-0.2967
BiancaGolden_CircleTurns,13.0288,-29.5957,194.5191,-5.0595,-42.1974,113.4566,-0.2180,0.4231,-0.8795,0.9980,198,35.900757,2.1303,-0.2960
BiancaGolden_CircleTurns,12.6077,-29.5783,194.3990,-4.6843,-42.6358,113.2200,-0.2124,0.4276,-0.8787,0.9980,199,35.916340,2.1261,-0.2958
BiancaGolden_CircleTurns,12.0833,-29.5140,194.3993,-4.3764,-42.7815,112.9901,-0.2021,0.4127,-0.8881,0.9980,200,35.943356,2.1208,-0.2951
BiancaGolden_CircleTurns,11.2814,-29.3945,194.2158,-4.0177,-43.4285,112.7571,-0.1979,0.4102,-0.8902,0.9980,200,35.957264,2.1128,-0.2939
BiancaGolden_CircleTurns,10.8126,-29.4339,194.1475,-3.6835,-43.6513,112.5785,-0.1942,0.3944,-0.8982,0.9980,201,35.970791,2.1081,-0.2943
BiancaGolden_CircleTurns,10.7433,-29.4968,194.2080,-3.6159,-43.5769,112.5469,-0.1911,0.3876,-0.9018,0.9980,201,35.984360,2.1074,-0.2950
BiancaGolden_CircleTurns,10.1682,-29.4782,194.2027,-3.3753,-43.6545,112.2032,-0.1835,0.3879,-0.9033,0.9980,202,36.009411,2.1017,-0.2948
BiancaGolden_CircleTurns,9.1441,-29.4071,194.1375,-3.0727,-44.0475,111.7654,-0.1743,0.3998,-0.8999,0.9980,202,36.027161,2.0914,-0.2941
BiancaGolden_CircleTurns,8.5233,-29.4193,194.0597,-2.9227,-43.8411,111.3328,-0.1719,0.4029,-0.8990,0.9980,203,36.036320,2.0852,-0.2942
BiancaGolden_CircleTurns,7.9716,-29.5284,193.8943,-2.7360,-43.7160,111.0392,-0.1835,0.4117,-0.8927,0.9980,203,36.051620,2.0797,-0.2953
BiancaGolden_CircleTurns,7.4429,-29.9423,193.4187,-2.5734,-42.9895,110.6279,-0.1756,0.4005,-0.8993,0.9980,204,36.074539,2.0744,-0.2994
BiancaGolden_CircleTurns,6.3776,-30.1279,193.4004,-2.5209,-43.4752,110.1753,-0.1699,0.3932,-0.9036,0.9980,204,36.089619,2.0638,-0.3013
BiancaGolden_CircleTurns,5.6329,-29.8171,193.8604,-2.6387,-44.0544,109.6951,-0.1557,0.3803,-0.9116,0.9980,205,36.102695,2.0563,-0.2982
BiancaGolden_CircleTurns,5.0569,-29.6451,194.4741,-3.1047,-45.1092,109.5336,-0.1493,0.3813,-0.9123,0.9980,205,36.129028,2.0506,-0.2965
BiancaGolden_CircleTurns,3.9323,-29.8096,194.3767,-2.8535,-45.1929,108.8627,-0.1502,0.3877,-0.9095,0.9980,206,36.140446,2.0393,-0.2981
BiancaGolden_CircleTurns,3.6111,-30.2008,194.0186,-2.2185,-44.8363,108.8286,-0.1495,0.4016,-0.9035,0.9980,206,36.155960,2.0361,-0.3020
BiancaGolden_CircleTurns,3.3773,-30.1163,193.8927,-0.8579,-43.9983,109.3768,-0.1428,0.4026,-0.9041,0.9980,207,36.182163,2.0338,-0.3012
BiancaGolden_CircleTurns,2.5650,-30.0072,194.0352,0.0970,-43.8153,109.3223,-0.1360,0.3982,-0.9071,0.9980,207,36.194427,2.0257,-0.3001
BiancaGolden_CircleTurns,2.2624,-29.9234,194.0807,0.4570,-43.9235,109.2276,-0.1277,0.3804,-0.9160,0.9980,208,36.207108,2.0226,-0.2992
BiancaGolden_CircleTurns,2.2501,-30.0824,193.8752,0.2496,-45.1512,109.1074,-0.1201,0.3722,-0.9203,0.9980,208,36.234016,2.0225,-0.3008
BiancaGolden_CircleTurns,1.7238,-30.1412,193.7338,0.7007,-45.7913,108.8602,-0.1130,0.3486,-0.9304,0.9980,209,36.246929,2.0172,-0.3014
BiancaGolden_CircleTurns,1.5354,-29.9662,193.6832,0.3653,-46.4458,108.6939,-0.1205,0.3509,-0.9286,0.9980,209,36.259853,2.0154,-0.2997
BiancaGolden_CircleTurns,1.5982,-29.6158,193.7228,-0.5772,-46.1582,108.7162,-0.1188,0.3400,-0.9329,0.9980,210,36.286079,2.0160,-0.2962
BiancaGolden_CircleTurns,1.2122,-29.3486,193.5838,-0.8833,-46.4249,108.5707,-0.1107,0.3389,-0.9343,0.9980,210,36.299992,2.0121,-0.2935
BiancaGolden_CircleTurns,1.1575,-29.2036,193.4604,-1.0789,-46.5565,108.5167,-0.0990,0.3277,-0.9396,0.9980,211,36.313404,2.0116,-0.2920
BiancaGolden_CircleTurns,1.1100,-29.0526,193.3883,-1.1462,-46.9151,108.4294,-0.0956,0.3207,-0.9424,0.9980,211,36.326790,2.0111,-0.2905
BiancaGolden_CircleTurns,1.0938,-28.8304,193.3491,-1.1438,-47.4272,108.2512,-0.0539,0.3168,-0.9470,0.9980,212,36.340645,2.0109,-0.2883
BiancaGolden_CircleTurns,1.1265,-28.4876,193.3525,-1.2593,-47.8985,107.6177,-0.0471,0.3092,-0.9498,0.9980,212,36.367130,2.0113,-0.2849
BiancaGolden_CircleTurns,1.0754,-27.9075,193.2896,-1.2912,-48.4203,106.8013,-0.0349,0.3165,-0.9479,0.9980,213,36.379185,2.0108,-0.2791
BiancaGolden_CircleTurns,1.1035,-27.5136,193.2798,-1.2113,-48.5661,106.1473,-0.0293,0.3174,-0.9478,0.9980,213,36.393463,2.0110,-0.2751
BiancaGolden_CircleTurns,1.1856,-27.0990,193.2397,-0.9767,-48.5729,105.4176,-0.0135,0.3433,-0.9391,0.9980,214,36.407558,2.0119,-0.2710
BiancaGolden_CircleTurns,1.2870,-26.7097,193.1857,-0.7355,-48.6356,104.7828,-0.0084,0.3446,-0.9387,0.9980,214,36.421227,2.0129,-0.2671
BiancaGolden_CircleTurns,1.4212,-26.3075,193.1116,-0.4571,-48.6403,104.2279,-0.0054,0.3464,-0.9381,0.9980,215,36.436527,2.0142,-0.2631
BiancaGolden_CircleTurns,1.6299,-25.8373,193.0233,-0.3304,-48.6349,103.6619,-0.0101,0.3402,-0.9403,0.9980,215,36.461594,2.0163,-0.2584
BiancaGolden_CircleTurns,1.9418,-25.0021,192.8897,-0.1538,-48.8888,102.5931,-0.0054,0.3378,-0.9412,0.9980,216,36.473980,2.0194,-0.2500
BiancaGolden_CircleTurns,2.1672,-24.5268,192.8259,-0.0761,-49.0503,101.9831,-0.0088,0.3283,-0.9445,0.9980,216,36.486546,2.0217,-0.2453
BiancaGolden_CircleTurns,2.4228,-24.0513,192.7617,0.0291,-49.2382,101.4421,-0.0102,0.3212,-0.9470,0.9980,216,36.498814,2.0242,-0.2405
BiancaGolden_CircleTurns,2.5125,-24.0021,192.7315,0.0250,-49.2568,101.4188,-0.0051,0.3123,-0.9500,0.9980,217,36.518536,2.0251,-0.2400
BiancaGolden_CircleTurns,2.9948,-23.0356,192.5748,0.2705,-49.5915,100.3512,-0.0066,0.3010,-0.9536,0.9980,217,36.528828,2.0299,-0.2304
BiancaGolden_CircleTurns,3.3165,-22.4321,192.5101,0.0492,-49.7492,100.0012,-0.0107,0.2911,-0.9566,0.9980,218,36.556133,2.0332,-0.2243
BiancaGolden_CircleTurns,3.9329,-21.2734,192.3539,-0.1215,-49.8910,99.0362,-0.0123,0.2892,-0.9572,0.9980,219,36.569332,2.0393,-0.2127
BiancaGolden_CircleTurns,4.2612,-20.6624,192.2695,-0.0684,-49.9237,98.4858,-0.0085,0.2893,-0.9572,0.9980,219,36.581951,2.0426,-0.2066
BiancaGolden_CircleTurns,4.3220,-20.5369,192.3296,-0.2109,-49.8744,98.5406,-0.0081,0.2888,-0.9573,0.9980,219,36.594429,2.0432,-0.2054
BiancaGolden_CircleTurns,4.6724,-19.8245,192.2798,-0.3221,-49.8704,98.0554,0.0652,0.2924,-0.9541,0.9980,220,36.608604,2.0467,-0.1982
BiancaGolden_CircleTurns,5.0770,-18.9801,192.3675,-0.5283,-50.0929,97.5403,0.0781,0.2826,-0.9561,0.9980,220,36.633003,2.0508,-0.1898
BiancaGolden_CircleTurns,5.8444,-17.5916,192.3318,-0.6399,-50.4684,96.4921,0.0815,0.2789,-0.9569,0.9980,221,36.647732,2.0584,-0.1759
BiancaGolden_CircleTurns,6.2402,-16.9657,192.2526,-0.6793,-50.6436,95.9417,0.0830,0.2752,-0.9578,0.9980,221,36.660206,2.0624,-0.1697
BiancaGolden_CircleTurns,6.6366,-16.4451,192.1587,-0.8404,-50.8900,95.4438,0.0847,0.2702,-0.9591,0.9980,222,36.674038,2.0664,-0.1645
BiancaGolden_CircleTurns,6.9889,-15.8735,192.0672,-0.9984,-51.1221,94.9239,0.0745,0.2561,-0.9638,0.9980,222,36.688622,2.0699,-0.1587
BiancaGolden_CircleTurns,7.2745,-15.3457,192.0049,-1.4144,-51.1940,94.4965,0.0757,0.2460,-0.9663,0.9980,223,36.713898,2.0727,-0.1535
BiancaGolden_CircleTurns,7.9365,-14.1698,191.9229,-1.8810,-51.4107,93.5119,0.0753,0.2445,-0.9667,0.9980,223,36.725819,2.0794,-0.1417
BiancaGolden_CircleTurns,8.2337,-13.6078,191.9130,-2.1713,-51.4607,93.0583,0.0644,0.2326,-0.9704,0.9980,224,36.740547,2.0823,-0.1361
BiancaGolden_CircleTurns,8.5087,-13.1054,191.9530,-2.4704,-51.5832,92.6663,0.0561,0.2287,-0.9719,0.9980,224,36.754898,2.0851,-0.1311
BiancaGolden_CircleTurns,8.6576,-12.7368,191.9810,-2.8631,-51.7956,92.3256,0.0553,0.2231,-0.9732,0.9980,225,36.781345,2.0866,-0.1274
BiancaGolden_CircleTurns,9.1215,-11.7985,191.9374,-3.4620,-52.0365,91.4553,0.0550,0.2240,-0.9730,0.9980,225,36.793518,2.0912,-0.1180
BiancaGolden_CircleTurns,9.2912,-11.3627,191.9054,-3.7358,-51.9786,90.9597,0.0498,0.2172,-0.9749,0.9980,226,36.806236,2.0929,-0.1136
BiancaGolden_CircleTurns,9.3787,-10.9152,191.9676,-3.7700,-51.8138,90.4184,0.0517,0.2038,-0.9777,0.9980,226,36.833290,2.0938,-0.1092
BiancaGolden_CircleTurns,9.6443,-10.0093,192.0719,-3.9789,-52.0141,89.1788,0.0471,0.2010,-0.9785,0.9980,227,36.847370,2.0964,-0.1001
BiancaGolden_CircleTurns,9.7123,-9.6329,192.1060,-3.9762,-52.2048,88.3948,0.0716,0.2030,-0.9766,0.9980,227,36.859375,2.0971,-0.0963
BiancaGolden_CircleTurns,9.5637,-9.7070,192.1129,-3.6645,-52.4405,88.0614,0.0757,0.1973,-0.9774,0.9980,228,36.886841,2.0956,-0.0971
BiancaGolden_CircleTurns,9.6774,-8.8241,192.1715,-3.7834,-52.6596,86.5991,0.0812,0.2149,-0.9733,0.9980,228,36.898647,2.0968,-0.0882
BiancaGolden_CircleTurns,9.6840,-8.3671,192.1558,-3.8251,-52.5694,85.7886,0.0842,0.2182,-0.9723,0.9980,229,36.911949,2.0968,-0.0837
BiancaGolden_CircleTurns,9.6347,-7.8947,192.0930,-3.8277,-52.2434,84.9102,0.1129,0.2264,-0.9675,0.9980,229,36.925209,2.0963,-0.0789
BiancaGolden_CircleTurns,9.5102,-7.5306,191.9878,-3.7332,-51.9921,83.8353,0.1200,0.2206,-0.9680,0.9980,230,36.952034,2.0951,-0.0753
BiancaGolden_CircleTurns,9.3903,-6.7598,191.9032,-3.6807,-52.1215,82.0339,0.1240,0.2134,-0.9691,0.9980,230,36.963387,2.0939,-0.0676
BiancaGolden_CircleTurns,9.2442,-6.4525,191.8109,-3.5917,-52.4173,80.9602,0.1298,0.1963,-0.9719,0.9980,231,36.978142,2.0924,-0.0645
BiancaGolden_CircleTurns,8.9641,-6.1540,191.6850,-3.1836,-53.0041,79.4501,0.1258,0.1728,-0.9769,0.9980,232,37.004517,2.0896,-0.0615
BiancaGolden_CircleTurns,8.6408,-5.4088,191.5014,-2.8892,-53.3086,77.1760,0.1291,0.1652,-0.9778,0.9980,232,37.021950,2.0864,-0.0541
BiancaGolden_CircleTurns,8.4350,-5.0296,191.3880,-2.7441,-53.3826,75.9684,0.1313,0.1638,-0.9777,0.9980,232,37.030621,2.0843,-0.0503
BiancaGolden_CircleTurns,8.1120,-4.6623,191.2725,-2.6099,-53.3223,74.4472,0.1391,0.1598,-0.9773,0.9980,233,37.045410,2.0811,-0.0466
BiancaGolden_CircleTurns,7.7531,-4.3672,191.1374,-2.2890,-53.2830,72.6217,0.1519,0.1565,-0.9759,0.9980,234,37.071018,2.0775,-0.0437
BiancaGolden_CircleTurns,7.1519,-3.7772,190.8494,-1.7110,-53.3062,69.4402,0.1510,0.1562,-0.9761,0.9980,234,37.085266,2.0715,-0.0378
BiancaGolden_CircleTurns,6.7896,-3.5320,190.6799,-1.2206,-53.2630,67.5128,0.1530,0.1535,-0.9762,0.9980,234,37.096870,2.0679,-0.0353
BiancaGolden_CircleTurns,6.7013,-3.6249,190.6485,-1.0149,-53.1690,67.0836,0.1881,0.1320,-0.9732,0.9980,235,37.110619,2.0670,-0.0362
BiancaGolden_CircleTurns,6.1808,-3.4392,190.5254,-0.2757,-53.2676,64.8193,0.2096,0.1295,-0.9692,0.9980,236,37.138474,2.0618,-0.0344
BiancaGolden_CircleTurns,5.3305,-2.9761,190.2399,0.5196,-53.3273,61.2212,0.2172,0.1213,-0.9686,0.9980,236,37.151894,2.0533,-0.0298
BiancaGolden_CircleTurns,4.7745,-2.8022,190.0879,0.9674,-53.3209,59.2331,0.2308,0.1112,-0.9666,0.9980,236,37.164295,2.0477,-0.0280
BiancaGolden_CircleTurns,4.1712,-2.6619,189.9380,1.3119,-53.2127,57.2603,0.2506,0.1142,-0.9613,0.9980,237,37.177898,2.0417,-0.0266
BiancaGolden_CircleTurns,3.5140,-2.5493,189.8092,1.5053,-52.9786,55.4672,0.2578,0.1116,-0.9597,0.9980,238,37.203457,2.0351,-0.0255
BiancaGolden_CircleTurns,2.3611,-2.2400,189.5525,1.8832,-52.7329,51.9631,0.2619,0.1062,-0.9592,0.9980,238,37.219040,2.0236,-0.0224
BiancaGolden_CircleTurns,1.7449,-2.1095,189.4539,1.7585,-52.5797,50.2559,0.2603,0.0955,-0.9608,0.9980,238,37.231152,2.0174,-0.0211
BiancaGolden_CircleTurns,1.1685,-1.8969,189.6050,1.5992,-52.8564,48.3936,0.2482,0.0940,-0.9641,0.9980,239,37.246151,2.0117,-0.0190
BiancaGolden_CircleTurns,0.5811,-1.5980,189.8643,0.7612,-53.0730,45.7606,0.2539,0.0874,-0.9633,0.9980,240,37.270382,2.0058,-0.0160
BiancaGolden_CircleTurns,-0.6974,-1.3719,189.7405,0.5378,-52.7026,41.6710,0.2607,0.0964,-0.9606,0.9980,240,37.284473,1.9930,-0.0137
BiancaGolden_CircleTurns,-1.3696,-1.2778,189.6450,0.3383,-51.9541,39.7964,0.2790,0.1045,-0.9546,0.9980,240,37.299713,1.9863,-0.0128
BiancaGolden_CircleTurns,-1.9421,-1.1675,189.9623,0.1861,-51.6274,38.4489,0.2976,0.0911,-0.9503,0.9980,241,37.324371,1.9806,-0.0117
BiancaGolden_CircleTurns,-3.1928,-1.0250,190.2965,-0.0050,-51.5584,35.2306,0.3004,0.0893,-0.9496,0.9980,242,37.338036,1.9681,-0.0102
BiancaGolden_CircleTurns,-3.8378,-1.1527,190.6610,0.2398,-52.1446,34.7087,0.3042,0.0781,-0.9494,0.9980,242,37.365993,1.9616,-0.0115
BiancaGolden_CircleTurns,-5.0282,-1.1350,191.0929,0.1431,-52.0812,32.4095,0.3099,0.0770,-0.9476,0.9980,243,37.377735,1.9497,-0.0114
BiancaGolden_CircleTurns,-5.5039,-1.1525,191.3386,0.1535,-51.7527,31.6597,0.3239,0.0834,-0.9424,0.9980,243,37.393589,1.9450,-0.0115
BiancaGolden_CircleTurns,-5.8205,-1.2789,191.6262,0.1621,-50.9563,31.3399,0.3345,0.0826,-0.9388,0.9980,244,37.419178,1.9418,-0.0128
BiancaGolden_CircleTurns,-6.8138,-1.5000,192.0912,0.1198,-50.3731,29.5524,0.3425,0.0870,-0.9355,0.9980,244,37.432346,1.9319,-0.0150
BiancaGolden_CircleTurns,-7.3579,-1.7482,192.2679,0.0127,-50.1292,28.8262,0.3460,0.0865,-0.9342,0.9980,245,37.444523,1.9264,-0.0175
BiancaGolden_CircleTurns,-8.0205,-2.2073,192.3185,-0.1931,-50.1836,28.2578,0.3516,0.0790,-0.9328,0.9980,245,37.472366,1.9198,-0.0221
BiancaGolden_CircleTurns,-9.1250,-2.6941,192.6153,-0.4490,-49.9082,26.4944,0.3513,0.0795,-0.9329,0.9980,246,37.485806,1.9087,-0.0269
BiancaGolden_CircleTurns,-9.6310,-3.0043,192.7437,-0.5979,-49.6665,25.6658,0.3493,0.0807,-0.9335,0.9980,246,37.498749,1.9037,-0.0300
BiancaGolden_CircleTurns,-9.6084,-3.0483,192.7191,-0.5112,-49.5187,25.6795,0.3479,0.0915,-0.9331,0.9980,247,37.512112,1.9039,-0.0305
BiancaGolden_CircleTurns,-10.1337,-3.3564,192.8089,-0.5594,-49.0793,25.0292,0.3504,0.0926,-0.9320,0.9980,247,37.541035,1.8987,-0.0336
BiancaGolden_CircleTurns,-11.2316,-3.9381,193.0075,-0.7537,-48.5450,23.4687,0.3543,0.0916,-0.9307,0.9980,248,37.551716,1.8877,-0.0394
BiancaGolden_CircleTurns,-11.8091,-4.2791,193.0551,-0.9627,-48.3087,22.8791,0.3545,0.1045,-0.9292,0.9980,248,37.564808,1.8819,-0.0428
BiancaGolden_CircleTurns,-12.3820,-4.6628,193.0370,-1.1629,-48.0783,22.4989,0.3621,0.1135,-0.9252,0.9980,249,37.591824,1.8762,-0.0466
BiancaGolden_CircleTurns,-13.4663,-5.3715,193.1347,-1.5260,-47.6241,21.3732,0.3688,0.1133,-0.9226,0.9980,249,37.604084,1.8653,-0.0537
BiancaGolden_CircleTurns,-14.0412,-5.7883,193.1254,-1.4774,-47.4688,21.0460,0.3599,0.1206,-0.9252,0.9980,250,37.617710,1.8596,-0.0579
BiancaGolden_CircleTurns,-14.6117,-6.2481,193.0937,-1.5207,-47.5704,20.9759,0.3587,0.1183,-0.9259,0.9980,250,37.644974,1.8539,-0.0625
BiancaGolden_CircleTurns,-15.7236,-7.0707,193.1125,-1.8576,-47.4616,20.3240,0.3579,0.1209,-0.9259,0.9980,251,37.657188,1.8428,-0.0707
BiancaGolden_CircleTurns,-16.2683,-7.5382,193.0596,-1.9699,-47.4877,20.3164,0.3595,0.1321,-0.9237,0.9980,251,37.671825,1.8373,-0.0754
BiancaGolden_CircleTurns,-16.7680,-8.0218,193.0084,-2.1347,-47.4406,20.3629,0.3621,0.1266,-0.9235,0.9980,252,37.687237,1.8323,-0.0802
BiancaGolden_CircleTurns,-17.2011,-8.5568,192.9452,-2.5556,-47.3915,20.4186,0.3733,0.1032,-0.9219,0.9980,252,37.712772,1.8280,-0.0856
BiancaGolden_CircleTurns,-18.1894,-9.5373,192.8339,-2.9991,-47.2343,19.9880,0.3733,0.1037,-0.9219,0.9980,253,37.724731,1.8181,-0.0954
BiancaGolden_CircleTurns,-18.6524,-10.0958,192.6853,-3.3384,-47.1871,19.8711,0.3687,0.0815,-0.9260,0.9980,253,37.738762,1.8135,-0.1010
BiancaGolden_CircleTurns,-19.0490,-10.6456,192.4306,-3.7698,-47.1394,20.1186,0.3629,0.0841,-0.9280,0.9980,254,37.764740,1.8095,-0.1065
BiancaGolden_CircleTurns,-19.9198,-11.6685,192.1153,-4.4107,-47.0506,20.1253,0.3460,0.0884,-0.9341,0.9980,254,37.777969,1.8008,-0.1167
BiancaGolden_CircleTurns,-20.2856,-12.1638,191.9961,-4.7916,-47.1206,20.1998,0.3416,0.0937,-0.9352,0.9980,255,37.790779,1.7971,-0.1216
BiancaGolden_CircleTurns,-20.0109,-12.0749,192.1181,-5.2362,-47.3124,20.2132,0.3557,0.0968,-0.9296,0.9980,255,37.817032,1.7999,-0.1207
BiancaGolden_CircleTurns,-20.8050,-13.0837,191.7997,-6.1694,-47.0113,19.6864,0.3656,0.0909,-0.9263,0.9980,256,37.830460,1.7919,-0.1308
BiancaGolden_CircleTurns,-21.2344,-13.5896,191.6454,-6.8295,-46.5788,19.0858,0.3872,0.1030,-0.9162,0.9980,256,37.843864,1.7877,-0.1359
BiancaGolden_CircleTurns,-21.6712,-14.0437,191.7227,-7.5760,-45.1813,18.1351,0.4056,0.1077,-0.9077,0.9980,257,37.870228,1.7833,-0.1404
BiancaGolden_CircleTurns,-22.6069,-14.9995,191.7487,-8.2439,-43.9667,17.3809,0.4108,0.1062,-0.9055,0.9980,257,37.884663,1.7739,-0.1500
BiancaGolden_CircleTurns,-23.2191,-15.4739,191.8851,-8.2515,-43.6681,16.9761,0.4373,0.1253,-0.8905,0.9980,258,37.897835,1.7678,-0.1547
BiancaGolden_CircleTurns,-23.8828,-15.7837,192.1955,-8.0640,-43.9770,16.3463,0.4409,0.1219,-0.8892,0.9980,258,37.924652,1.7612,-0.1578
BiancaGolden_CircleTurns,-24.9860,-16.5221,192.5531,-8.5081,-43.8111,15.4942,0.5162,0.1934,-0.8344,0.9980,259,37.936092,1.7501,-0.1652
BiancaGolden_CircleTurns,-25.6893,-16.6819,192.9022,-8.7429,-44.0619,15.2143,0.5058,0.1883,-0.8418,0.9980,259,37.964428,1.7431,-0.1668
BiancaGolden_CircleTurns,-26.9410,-17.2292,193.3851,-9.1534,-43.9240,14.5315,0.5066,0.1862,-0.8418,0.9980,260,37.975979,1.7306,-0.1723
BiancaGolden_CircleTurns,-27.6793,-17.4256,193.6703,-9.1441,-43.9189,14.2978,0.4550,0.0473,-0.8892,0.9980,260,37.991608,1.7232,-0.1743
BiancaGolden_CircleTurns,-28.5195,-17.5588,193.8965,-9.0398,-43.9384,13.9941,0.4599,0.0434,-0.8869,0.9980,261,38.018002,1.7148,-0.1756
BiancaGolden_CircleTurns,-29.9631,-17.9537,194.3362,-9.1608,-43.6324,13.2740,0.4642,0.0417,-0.8847,0.9980,261,38.030949,1.7004,-0.1795
BiancaGolden_CircleTurns,-30.6841,-18.1589,194.5382,-9.2002,-43.3606,12.9304,0.4747,0.0676,-0.8775,0.9980,262,38.043118,1.6932,-0.1816
BiancaGolden_CircleTurns,-31.4604,-18.1910,194.4980,-8.8168,-42.1433,12.2458,0.4910,0.0658,-0.8687,0.9980,262,38.076847,1.6854,-0.1819
BiancaGolden_CircleTurns,-32.9669,-18.4434,194.6955,-8.7674,-41.1234,11.3580,0.5166,0.0634,-0.8539,0.9980,263,38.085762,1.6703,-0.1844
BiancaGolden_CircleTurns,-33.8174,-18.4016,194.5724,-8.6708,-40.3501,10.8458,0.5232,0.0651,-0.8497,0.9980,263,38.111149,1.6618,-0.1840
BiancaGolden_CircleTurns,-34.6397,-18.3807,194.4869,-8.5744,-39.9309,10.2857,0.5266,0.0613,-0.8479,0.9980,264,38.124924,1.6536,-0.1838
BiancaGolden_CircleTurns,-35.4589,-18.3499,194.4057,-8.5121,-39.5806,9.8058,0.5333,0.0560,-0.8441,0.9980,264,38.139126,1.6454,-0.1835
BiancaGolden_CircleTurns,-36.2552,-18.2344,194.2922,-8.2651,-39.1788,9.2668,0.5338,0.0482,-0.8442,0.9980,265,38.151733,1.6374,-0.1823
BiancaGolden_CircleTurns,-37.0374,-18.1433,194.2201,-8.1413,-38.7490,8.8171,0.5366,0.0443,-0.8427,0.9980,265,38.165188,1.6296,-0.1814
BiancaGolden_CircleTurns,-37.8051,-17.9420,194.1232,-7.9918,-38.1860,8.3407,0.5317,0.0560,-0.8451,0.9980,266,38.179779,1.6219,-0.1794
BiancaGolden_CircleTurns,-38.7271,-17.6565,193.8378,-8.0346,-37.8530,7.8653,0.5430,0.0497,-0.8382,0.9980,266,38.204552,1.6127,-0.1766
BiancaGolden_CircleTurns,-40.4051,-17.2749,193.5340,-8.0048,-37.1436,6.8020,0.5469,0.0445,-0.8360,0.9980,267,38.216770,1.5959,-0.1727
BiancaGolden_CircleTurns,-41.2826,-16.9620,193.3718,-8.0947,-36.9081,6.1515,0.5494,0.0392,-0.8346,0.9980,267,38.230778,1.5872,-0.1696
BiancaGolden_CircleTurns,-42.1583,-16.6368,193.1885,-8.1536,-36.7620,5.5437,0.5514,0.0337,-0.8335,0.9980,268,38.244591,1.5784,-0.1664
BiancaGolden_CircleTurns,-43.0107,-16.2152,193.0333,-8.2975,-36.6988,5.0122,0.5507,0.0309,-0.8342,0.9980,268,38.258736,1.5699,-0.1622
BiancaGolden_CircleTurns,-43.8031,-15.7745,192.9844,-8.5367,-36.5667,4.5370,0.5504,0.0274,-0.8345,0.9980,269,38.272011,1.5620,-0.1577
BiancaGolden_CircleTurns,-44.6304,-15.3375,192.8878,-8.7034,-36.3721,4.1156,0.5543,0.0272,-0.8319,0.9980,269,38.286510,1.5537,-0.1534
BiancaGolden_CircleTurns,-45.4756,-14.9321,192.7770,-8.6974,-36.1416,3.7762,0.5642,0.0251,-0.8253,0.9980,270,38.300896,1.5452,-0.1493
BiancaGolden_CircleTurns,-46.3223,-14.5967,192.8016,-8.3006,-35.4734,3.7451,0.5833,0.0195,-0.8120,0.9980,270,38.327042,1.5368,-0.1460
BiancaGolden_CircleTurns,-48.0095,-13.9315,192.7613,-8.2054,-34.7331,3.0779,0.5962,0.0186,-0.8026,0.9980,271,38.339901,1.5199,-0.1393
BiancaGolden_CircleTurns,-48.7753,-13.6359,192.9525,-8.2880,-34.3408,2.8076,0.5979,0.0168,-0.8014,0.9980,271,38.352768,1.5122,-0.1364
BiancaGolden_CircleTurns,-49.4905,-13.3264,193.2559,-8.4690,-34.2190,2.5290,0.6319,0.0551,-0.7731,0.9980,272,38.364967,1.5051,-0.1333
BiancaGolden_CircleTurns,-49.4012,-13.3599,193.4719,-8.6949,-34.2062,2.6150,0.6647,0.0989,-0.7405,0.9980,272,38.379143,1.5060,-0.1336
BiancaGolden_CircleTurns,-50.0582,-13.0850,193.9484,-8.9503,-34.3216,2.3299,0.6909,0.1209,-0.7128,0.9980,273,38.391594,1.4994,-0.1308
BiancaGolden_CircleTurns,-51.0055,-12.8544,194.4076,-8.8783,-34.6489,2.6417,0.6918,0.1295,-0.7104,0.9980,273,38.417927,1.4899,-0.1285
BiancaGolden_CircleTurns,-52.6738,-12.2743,195.0778,-8.8908,-34.5309,2.7584,0.6867,0.1374,-0.7138,0.9980,274,38.428398,1.4733,-0.1227
BiancaGolden_CircleTurns,-53.3963,-12.0336,195.5900,-8.8956,-34.3273,3.3822,0.6964,0.1421,-0.7035,0.9980,274,38.442104,1.4660,-0.1203
BiancaGolden_CircleTurns,-54.0188,-11.8547,196.1416,-9.0214,-33.4364,3.9980,0.7117,0.1489,-0.6865,0.9980,274,38.455963,1.4598,-0.1185
BiancaGolden_CircleTurns,-54.6637,-11.6999,196.5833,-9.0312,-32.0726,4.4512,0.7287,0.1514,-0.6679,0.9980,275,38.469345,1.4534,-0.1170
BiancaGolden_CircleTurns,-55.3592,-11.5809,196.8513,-8.8492,-30.6335,4.9904,0.7354,0.1537,-0.6600,0.9980,275,38.482620,1.4464,-0.1158
BiancaGolden_CircleTurns,-56.0725,-11.4618,197.0404,-8.5898,-29.3532,5.3716,0.7441,0.1458,-0.6519,0.9980,276,38.497444,1.4393,-0.1146
BiancaGolden_CircleTurns,-56.7085,-11.3866,196.9345,-8.3049,-27.9632,5.6334,0.7603,0.1503,-0.6320,0.9980,276,38.522942,1.4329,-0.1139
BiancaGolden_CircleTurns,-58.0296,-11.1662,197.1529,-8.1642,-26.2868,6.0688,0.7682,0.1428,-0.6240,0.9980,277,38.541084,1.4197,-0.1117
BiancaGolden_CircleTurns,-58.6363,-11.0839,197.1418,-8.0967,-25.6005,6.2816,0.7698,0.1452,-0.6216,0.9980,277,38.548214,1.4136,-0.1108
BiancaGolden_CircleTurns,-59.2046,-11.0443,196.9846,-7.8327,-25.4039,6.5213,0.7578,0.1385,-0.6376,0.9980,278,38.563660,1.4080,-0.1104
BiancaGolden_CircleTurns,-59.7661,-11.0416,196.8196,-7.5959,-25.5773,6.9303,0.7382,0.1275,-0.6624,0.9980,278,38.578106,1.4023,-0.1104
BiancaGolden_CircleTurns,-60.3362,-11.0825,196.5491,-7.4369,-26.5215,7.3405,0.7430,0.1169,-0.6590,0.9980,279,38.604359,1.3966,-0.1108
BiancaGolden_CircleTurns,-61.5443,-11.1111,196.1786,-7.2156,-26.8801,8.0416,0.7380,0.1215,-0.6637,0.9980,279,38.616959,1.3846,-0.1111
BiancaGolden_CircleTurns,-62.1408,-11.1650,195.8972,-7.1175,-27.2403,8.4823,0.7323,0.1238,-0.6696,0.9980,280,38.629360,1.3786,-0.1116
BiancaGolden_CircleTurns,-62.0539,-11.2762,195.7745,-7.2085,-27.6950,8.6903,0.7379,0.1285,-0.6626,0.9980,280,38.642097,1.3795,-0.1128
BiancaGolden_CircleTurns,-62.5586,-11.3321,195.5932,-7.1754,-27.7490,9.0853,0.7442,0.1785,-0.6436,0.9980,280,38.656422,1.3744,-0.1133
BiancaGolden_CircleTurns,-62.9313,-11.5925,195.5104,-7.0245,-27.3757,9.7096,0.7441,0.1907,-0.6402,0.9980,281,38.680901,1.3707,-0.1159
BiancaGolden_CircleTurns,-63.9165,-11.9452,195.1562,-6.5285,-27.0923,10.7534,0.7507,0.1540,-0.6424,0.9980,282,38.694012,1.3608,-0.1195
BiancaGolden_CircleTurns,-64.3510,-12.1875,195.0423,-6.1848,-26.9112,11.4199,0.7452,0.1163,-0.6566,0.9980,282,38.709206,1.3565,-0.1219
BiancaGolden_CircleTurns,-64.7080,-12.4288,195.0660,-5.9792,-26.8734,12.0885,0.7453,0.1228,-0.6553,0.9980,282,38.723484,1.3529,-0.1243
BiancaGolden_CircleTurns,-65.0976,-12.6824,195.1204,-5.8940,-26.7934,12.6134,0.7959,0.1176,-0.5938,0.9980,283,38.736206,1.3490,-0.1268
BiancaGolden_CircleTurns,-65.5668,-12.9306,195.0417,-5.8381,-26.7336,13.0861,0.8161,0.1234,-0.5645,0.9980,283,38.749481,1.3443,-0.1293
BiancaGolden_CircleTurns,-66.1429,-13.1967,194.8507,-5.7181,-26.5484,13.4146,0.8302,0.1090,-0.5467,0.9980,284,38.764473,1.3386,-0.1320
BiancaGolden_CircleTurns,-66.8292,-13.4347,194.6009,-5.6450,-26.3453,13.3998,0.8311,0.1148,-0.5441,0.9980,284,38.789864,1.3317,-0.1343
BiancaGolden_CircleTurns,-67.8195,-13.8706,194.5638,-5.6652,-26.1653,13.7687,0.8231,0.1112,-0.5569,0.9980,285,38.802238,1.3218,-0.1387
BiancaGolden_CircleTurns,-68.1504,-14.0395,194.9212,-5.7588,-26.1397,13.7015,0.8148,0.1115,-0.5690,0.9980,285,38.816273,1.3185,-0.1404
BiancaGolden_CircleTurns,-68.5216,-14.1701,195.3999,-5.8842,-26.2396,13.5772,0.8095,0.1122,-0.5764,0.9980,286,38.830906,1.3148,-0.1417
BiancaGolden_CircleTurns,-68.9931,-14.3055,195.7672,-6.0129,-26.3965,13.3944,0.8044,0.1094,-0.5840,0.9980,286,38.844345,1.3101,-0.1431
BiancaGolden_CircleTurns,-69.7403,-14.4523,195.9067,-6.0591,-26.9311,13.2780,0.7998,0.1058,-0.5909,0.9980,287,38.858391,1.3026,-0.1445
BiancaGolden_CircleTurns,-70.4394,-14.4992,196.0217,-6.2076,-27.4045,13.1487,0.7929,0.1039,-0.6004,0.9980,287,38.872456,1.2956,-0.1450
BiancaGolden_CircleTurns,-71.0695,-14.5311,196.2458,-6.4890,-27.7303,13.0232,0.7943,0.1002,-0.5992,0.9980,287,38.886509,1.2893,-0.1453
BiancaGolden_CircleTurns,-71.6020,-14.5002,196.5481,-6.6520,-27.6319,12.7053,0.7988,0.0993,-0.5933,0.9980,288,38.900383,1.2840,-0.1450
BiancaGolden_CircleTurns,-72.2016,-14.4991,196.7876,-6.4646,-27.2343,12.4280,0.8070,0.1043,-0.5813,0.9980,288,38.913944,1.2780,-0.1450
BiancaGolden_CircleTurns,-72.9360,-14.4334,196.8150,-5.8069,-26.6751,12.2779,0.8098,0.1018,-0.5778,0.9980,289,38.940182,1.2706,-0.1443
BiancaGolden_CircleTurns,-74.2376,-14.3748,197.0833,-5.3846,-26.4378,12.1347,0.8107,0.1002,-0.5768,0.9980,289,38.953117,1.2576,-0.1437
BiancaGolden_CircleTurns,-74.8691,-14.3007,197.2094,-5.1744,-26.3711,12.1172,0.8105,0.0997,-0.5772,0.9980,290,38.966377,1.2513,-0.1430
BiancaGolden_CircleTurns,-74.8583,-14.2143,197.1628,-5.1937,-26.3899,12.0717,0.8108,0.0963,-0.5773,0.9980,290,38.978912,1.2514,-0.1421
BiancaGolden_CircleTurns,-75.4883,-14.1082,197.2012,-5.1321,-26.4197,11.8465,0.8083,0.0902,-0.5818,0.9980,290,38.991570,1.2451,-0.1411
BiancaGolden_CircleTurns,-76.1258,-13.9779,197.2240,-5.0194,-26.4777,11.5770,0.8033,0.0858,-0.5894,0.9980,291,39.003647,1.2387,-0.1398
BiancaGolden_CircleTurns,-76.7335,-13.8116,197.2422,-4.9031,-26.6271,11.3059,0.7983,0.0871,-0.5960,0.9980,291,39.021152,1.2327,-0.1381
BiancaGolden_CircleTurns,-77.3044,-13.5675,197.2712,-4.7964,-26.7562,10.9756,0.7984,0.0858,-0.5960,0.9980,292,39.032223,1.2270,-0.1357
BiancaGolden_CircleTurns,-77.8507,-13.3081,197.3375,-4.7331,-26.7544,10.6237,0.7964,0.0753,-0.6000,0.9980,292,39.044655,1.2215,-0.1331
BiancaGolden_CircleTurns,-78.3244,-12.9094,197.4256,-4.7137,-26.5062,10.0756,0.7996,0.0692,-0.5965,0.9980,293,39.069786,1.2168,-0.1291
BiancaGolden_CircleTurns,-79.4103,-12.3002,197.5531,-4.6434,-26.2648,9.3383,0.8076,0.0626,-0.5864,0.9980,293,39.082947,1.2059,-0.1230
BiancaGolden_CircleTurns,-79.9317,-11.8400,197.5866,-4.7471,-26.0593,8.7739,0.8120,0.0641,-0.5801,0.9980,294,39.096329,1.2007,-0.1184
BiancaGolden_CircleTurns,-80.4744,-11.3669,197.5666,-4.7694,-25.9327,8.3011,0.8099,0.0595,-0.5836,0.9980,294,39.109463,1.1953,-0.1137
BiancaGolden_CircleTurns,-80.9982,-10.8444,197.5238,-4.8494,-25.8780,7.7472,0.8087,0.0521,-0.5859,0.9980,294,39.124313,1.1900,-0.1084
BiancaGolden_CircleTurns,-81.4833,-10.2891,197.4821,-4.9309,-25.8024,7.1690,0.8102,0.0432,-0.5846,0.9980,295,39.137180,1.1852,-0.1029
BiancaGolden_CircleTurns,-81.9203,-9.6622,197.4346,-4.8813,-25.7112,6.5400,0.8111,0.0410,-0.5835,0.9980,295,39.150505,1.1808,-0.0966
BiancaGolden_CircleTurns,-82.3623,-9.0269,197.3508,-4.8011,-25.6095,5.9572,0.8125,0.0344,-0.5819,0.9980,296,39.165970,1.1764,-0.0903
BiancaGolden_CircleTurns,-82.8412,-8.3105,197.2187,-4.6415,-25.5119,5.3304,0.8133,0.0312,-0.5810,0.9980,296,39.178345,1.1716,-0.0831
BiancaGolden_CircleTurns,-83.3301,-7.5695,197.0443,-4.4801,-25.4702,4.7052,0.8110,0.0221,-0.5846,0.9980,296,39.191395,1.1667,-0.0757
BiancaGolden_CircleTurns,-83.8167,-6.8055,196.8512,-4.2995,-25.4564,4.1324,0.8107,0.0232,-0.5850,0.9980,297,39.202995,1.1618,-0.0681
BiancaGolden_CircleTurns,-83.7829,-6.6609,196.7527,-4.1499,-25.5015,4.0475,0.8118,0.0150,-0.5838,0.9980,297,39.215057,1.1622,-0.0666
BiancaGolden_CircleTurns,-84.2224,-5.8372,196.5369,-3.9266,-25.4226,3.5088,0.8124,0.0071,-0.5831,0.9980,298,39.229645,1.1578,-0.0584
BiancaGolden_CircleTurns,-84.6630,-4.9579,196.3090,-3.7591,-25.3431,2.8689,0.8133,0.0016,-0.5818,0.9980,298,39.241577,1.1534,-0.0496
BiancaGolden_CircleTurns,-85.1016,-4.0673,196.0718,-3.6176,-25.3055,2.2632,0.8132,-0.0033,-0.5820,0.9980,298,39.255146,1.1490,-0.0407
BiancaGolden_CircleTurns,-85.5183,-3.1504,195.8608,-3.5643,-25.2910,1.5925,0.8118,-0.0126,-0.5838,0.9980,299,39.268093,1.1448,-0.0315
BiancaGolden_CircleTurns,-85.9036,-2.2297,195.7138,-3.5444,-25.4169,0.9397,0.8084,-0.0186,-0.5883,0.9980,299,39.280602,1.1410,-0.0223
BiancaGolden_CircleTurns,-86.2113,-1.3329,195.7341,-3.5594,-25.6821,0.3355,0.8047,-0.0254,-0.5931,0.9980,300,39.295723,1.1379,-0.0133
BiancaGolden_CircleTurns,-86.4589,-0.3834,195.8476,-3.6615,-25.8506,-0.3619,0.8026,-0.0335,-0.5956,0.9980,300,39.308357,1.1354,-0.0038
BiancaGolden_CircleTurns,-86.7686,0.5050,195.9087,-3.7125,-26.0051,-0.9553,0.8017,-0.0406,-0.5964,0.9980,300,39.322491,1.1323,0.0050
BiancaGolden_CircleTurns,-87.1321,1.3740,195.8685,-3.7178,-26.0805,-1.4573,0.8022,-0.0537,-0.5947,0.9980,301,39.336201,1.1287,0.0137
BiancaGolden_CircleTurns,-87.5247,2.2296,195.8382,-3.8034,-26.1169,-2.0005,0.8015,-0.0602,-0.5950,0.9980,301,39.349525,1.1248,0.0223
BiancaGolden_CircleTurns,-87.9445,3.0426,195.7942,-3.8577,-26.1342,-2.4755,0.8014,-0.0655,-0.5945,0.9980,302,39.365070,1.1206,0.0304
BiancaGolden_CircleTurns,-88.3431,3.8120,195.8323,-3.9105,-26.0979,-2.8653,0.7858,-0.1251,-0.6057,0.9980,302,39.378201,1.1166,0.0381
BiancaGolden_CircleTurns,-88.7402,4.5171,195.9659,-3.9736,-26.0053,-3.0592,0.7864,-0.1271,-0.6045,0.9980,303,39.392418,1.1126,0.0452
BiancaGolden_CircleTurns,-89.1513,5.2179,196.1608,-4.0783,-25.9095,-3.2228,0.7866,-0.1276,-0.6041,0.9980,303,39.404819,1.1085,0.0522
BiancaGolden_CircleTurns,-89.6305,5.8704,196.3626,-4.1995,-25.9331,-3.2849,0.7861,-0.1269,-0.6049,0.9980,303,39.419800,1.1037,0.0587
BiancaGolden_CircleTurns,-90.1777,6.4535,196.5239,-4.2290,-26.0902,-3.2459,0.7889,-0.1161,-0.6034,0.9980,304,39.434422,1.0982,0.0645
BiancaGolden_CircleTurns,-90.7667,6.9886,196.6859,-4.1378,-26.3591,-3.2114,0.7857,-0.1162,-0.6076,0.9980,304,39.446827,1.0923,0.0699
BiancaGolden_CircleTurns,-91.2944,7.5058,196.9290,-4.0352,-26.6725,-3.2127,0.7839,-0.1167,-0.6098,0.9980,305,39.462811,1.0871,0.0751
BiancaGolden_CircleTurns,-91.7669,7.9534,197.3064,-3.9740,-26.8365,-3.2418,0.7834,-0.1270,-0.6084,0.9980,305,39.474850,1.0823,0.0795
BiancaGolden_CircleTurns,-92.2991,8.3824,197.5683,-3.9821,-26.7265,-3.4018,0.7905,-0.1306,-0.5984,0.9980,305,39.488598,1.0770,0.0838
BiancaGolden_CircleTurns,-92.8912,8.8085,197.6903,-4.0419,-26.5364,-3.5989,0.7917,-0.1338,-0.5961,0.9980,306,39.502361,1.0711,0.0881
BiancaGolden_CircleTurns,-93.4482,9.1999,197.8371,-4.1404,-26.3631,-3.8427,0.7974,-0.1386,-0.5873,0.9980,306,39.518642,1.0655,0.0920
BiancaGolden_CircleTurns,-93.9594,9.5672,198.0464,-4.2269,-26.1216,-4.0811,0.8005,-0.1408,-0.5825,0.9980,307,39.528435,1.0604,0.0957
BiancaGolden_CircleTurns,-93.9386,9.4898,198.0504,-4.2149,-25.9103,-4.0944,0.8018,-0.1508,-0.5782,0.9980,307,39.541782,1.0606,0.0949
BiancaGolden_CircleTurns,-94.9777,10.2114,198.3873,-4.2092,-25.6000,-4.4731,0.8023,-0.1538,-0.5768,0.9980,307,39.556992,1.0502,0.1021
BiancaGolden_CircleTurns,-95.5151,10.4989,198.4256,-4.1737,-25.4986,-4.6659,0.7999,-0.1533,-0.5802,0.9980,308,39.569145,1.0448,0.1050
BiancaGolden_CircleTurns,-95.5182,10.4592,198.2963,-4.0983,-25.5664,-4.6428,0.7977,-0.1552,-0.5827,0.9980,308,39.580841,1.0448,0.1046
BiancaGolden_CircleTurns,-96.0425,10.7439,198.2773,-4.0684,-25.5840,-4.8027,0.7962,-0.1608,-0.5833,0.9980,309,39.594242,1.0396,0.1074
BiancaGolden_CircleTurns,-96.5448,11.0137,198.2336,-4.1155,-25.5957,-4.9589,0.7954,-0.1623,-0.5839,0.9980,309,39.607666,1.0346,0.1101
BiancaGolden_CircleTurns,-97.0159,11.2240,198.1494,-4.1473,-25.6007,-5.0790,0.7973,-0.1543,-0.5835,0.9980,309,39.620903,1.0298,0.1122
BiancaGolden_CircleTurns,-97.4647,11.4225,198.0630,-4.1157,-25.5823,-5.1342,0.7975,-0.1550,-0.5831,0.9980,310,39.633717,1.0254,0.1142
BiancaGolden_CircleTurns,-97.8670,11.5812,197.9595,-4.0509,-25.5604,-5.1700,0.7973,-0.1555,-0.5832,0.9980,310,39.646423,1.0213,0.1158
BiancaGolden_CircleTurns,-98.2654,11.6951,197.8128,-4.0441,-25.5671,-5.2028,0.7949,-0.1551,-0.5866,0.9980,311,39.660797,1.0173,0.1170
BiancaGolden_CircleTurns,-98.6662,11.8168,197.6608,-4.0847,-25.5810,-5.2892,0.7945,-0.1527,-0.5877,0.9980,311,39.675186,1.0133,0.1182
BiancaGolden_CircleTurns,-99.0705,11.8681,197.3928,-4.0641,-25.6527,-5.2958,0.7929,-0.1509,-0.5903,0.9980,311,39.689053,1.0093,0.1187
BiancaGolden_CircleTurns,-99.4373,11.8628,197.0652,-3.9705,-25.8494,-5.1571,0.7937,-0.1465,-0.5904,0.9980,312,39.701164,1.0056,0.1186
BiancaGolden_CircleTurns,-99.8788,11.8822,196.7742,-3.9776,-26.0313,-4.9945,0.7905,-0.1433,-0.5954,0.9980,312,39.715324,1.0012,0.1188
BiancaGolden_CircleTurns,-100.3659,11.9154,196.4573,-4.1996,-26.3663,-4.8352,0.7871,-0.1366,-0.6015,0.9980,313,39.729225,0.9963,0.1192
BiancaGolden_CircleTurns,-100.9292,11.9520,196.1469,-4.7000,-26.8240,-4.7118,0.7812,-0.1333,-0.6099,0.9980,313,39.742867,0.9907,0.1195
BiancaGolden_CircleTurns,-101.5339,12.0702,195.8590,-5.4194,-27.3770,-4.6697,0.7744,-0.1290,-0.6195,0.9980,313,39.756920,0.9847,0.1207
BiancaGolden_CircleTurns,-102.1300,12.2147,195.6752,-6.0927,-28.0707,-4.6975,0.7755,-0.1224,-0.6193,0.9980,314,39.770432,0.9787,0.1221
BiancaGolden_CircleTurns,-102.5218,12.2706,195.6706,-6.2269,-28.6332,-4.5294,0.7718,-0.1209,-0.6243,0.9980,314,39.784599,0.9748,0.1227
BiancaGolden_CircleTurns,-102.7048,12.2258,195.9033,-5.6106,-29.0383,-4.3036,0.7765,-0.1192,-0.6187,0.9980,315,39.798897,0.9730,0.1223
BiancaGolden_CircleTurns,-102.4476,12.0781,196.6617,-4.9926,-29.4630,-4.0609,0.7924,-0.1270,-0.5967,0.9980,315,39.812050,0.9755,0.1208
BiancaGolden_CircleTurns,-102.2696,12.0454,197.0611,-4.2121,-28.2647,-4.2173,0.7988,-0.1423,-0.5845,0.9980,316,39.826321,0.9773,0.1205
BiancaGolden_CircleTurns,-103.1258,12.1839,196.8032,-4.0619,-27.5404,-4.2759,0.7984,-0.1482,-0.5836,0.9980,316,39.840031,0.9687,0.1218
BiancaGolden_CircleTurns,-103.9807,12.4537,196.3390,-4.3704,-27.7191,-4.5076,0.7962,-0.1484,-0.5866,0.9980,316,39.855072,0.9602,0.1245
BiancaGolden_CircleTurns,-104.6290,12.6861,196.0464,-4.9678,-27.8813,-4.6328,0.7892,-0.1492,-0.5958,0.9980,317,39.868744,0.9537,0.1269
BiancaGolden_CircleTurns,-105.1320,12.9986,196.3238,-6.0107,-28.2551,-4.9487,0.7861,-0.1494,-0.5998,0.9980,317,39.881599,0.9487,0.1300
BiancaGolden_CircleTurns,-105.5195,13.1685,196.7463,-6.5526,-28.4975,-5.0800,0.7686,-0.1472,-0.6226,0.9980,318,39.896126,0.9448,0.1317
BiancaGolden_CircleTurns,-105.9562,13.3733,197.1488,-6.3652,-28.5702,-5.1024,0.7664,-0.1536,-0.6237,0.9980,318,39.909790,0.9404,0.1337
BiancaGolden_CircleTurns,-106.6227,13.6419,197.2899,-5.7749,-28.6949,-5.0068,0.7673,-0.1519,-0.6230,0.9980,318,39.924728,0.9338,0.1364
BiancaGolden_CircleTurns,-107.2904,14.0084,197.3395,-5.5462,-28.8017,-4.8084,0.7662,-0.1574,-0.6230,0.9980,319,39.937366,0.9271,0.1401
BiancaGolden_CircleTurns,-107.8674,14.3302,197.5441,-5.5301,-28.7824,-4.5049,0.7709,-0.1551,-0.6178,0.9980,319,39.950897,0.9213,0.1433
BiancaGolden_CircleTurns,-108.3883,14.6152,197.8027,-5.5561,-28.4947,-4.3103,0.7767,-0.1560,-0.6103,0.9980,320,39.966148,0.9161,0.1462
BiancaGolden_CircleTurns,-108.8933,14.8875,198.0523,-5.5697,-27.8359,-4.3507,0.7775,-0.1576,-0.6088,0.9980,320,39.980766,0.9111,0.1489
BiancaGolden_CircleTurns,-109.4459,15.1482,198.2592,-5.4171,-27.2048,-4.4919,0.7727,-0.1580,-0.6147,0.9980,321,39.994236,0.9055,0.1515
BiancaGolden_CircleTurns,-110.0384,15.4391,198.4123,-5.2054,-26.5552,-4.7057,0.7717,-0.1672,-0.6136,0.9980,321,40.008312,0.8996,0.1544
BiancaGolden_CircleTurns,-110.6241,15.7544,198.5660,-5.0894,-26.0710,-4.9159,0.7718,-0.1632,-0.6145,0.9980,322,40.025391,0.8938,0.1575
BiancaGolden_CircleTurns,-111.2127,16.1029,198.7170,-5.1492,-25.6776,-5.1790,0.7733,-0.1621,-0.6130,0.9980,322,40.036057,0.8879,0.1610
BiancaGolden_CircleTurns,-111.7680,16.4574,198.8460,-5.1832,-25.3801,-5.3610,0.7748,-0.1643,-0.6104,0.9980,322,40.049229,0.8823,0.1646
BiancaGolden_CircleTurns,-112.3253,16.8183,198.9592,-5.1702,-25.1730,-5.5115,0.7734,-0.1652,-0.6120,0.9980,323,40.063251,0.8767,0.1682
BiancaGolden_CircleTurns,-112.8792,17.2128,199.0357,-5.1743,-25.0610,-5.6444,0.7672,-0.1576,-0.6217,0.9980,323,40.076092,0.8712,0.1721
BiancaGolden_CircleTurns,-113.4107,17.6014,199.0922,-5.2234,-25.0191,-5.8609,0.7662,-0.1580,-0.6228,0.9980,324,40.092030,0.8659,0.1760
BiancaGolden_CircleTurns,-113.9340,18.0105,199.1349,-5.3004,-24.9893,-6.1122,0.7602,-0.1641,-0.6287,0.9980,324,40.104897,0.8607,0.1801
BiancaGolden_CircleTurns,-114.4679,18.4519,199.1820,-5.3453,-24.9820,-6.4736,0.7557,-0.1726,-0.6317,0.9980,324,40.120148,0.8553,0.1845
BiancaGolden_CircleTurns,-115.0199,18.9676,199.2361,-5.3805,-24.9370,-6.8745,0.7517,-0.1767,-0.6354,0.9980,325,40.132854,0.8498,0.1897
BiancaGolden_CircleTurns,-115.5708,19.5503,199.2955,-5.5277,-24.8127,-7.2863,0.7511,-0.1809,-0.6349,0.9980,325,40.146061,0.8443,0.1955
BiancaGolden_CircleTurns,-116.1594,20.1938,199.3667,-5.6966,-24.7599,-7.6568,0.7481,-0.1833,-0.6377,0.9980,326,40.162010,0.8384,0.2019
BiancaGolden_CircleTurns,-116.7507,20.8801,199.4385,-5.7800,-24.7547,-7.9498,0.7482,-0.1823,-0.6380,0.9980,326,40.175789,0.8325,0.2088
BiancaGolden_CircleTurns,-117.3549,21.5742,199.5037,-5.7863,-24.7806,-8.1861,0.7488,-0.1797,-0.6380,0.9980,326,40.189434,0.8265,0.2157
BiancaGolden_CircleTurns,-117.9343,22.3150,199.5485,-5.6697,-24.8703,-8.3501,0.7503,-0.1842,-0.6349,0.9980,327,40.204105,0.8207,0.2232
BiancaGolden_CircleTurns,-118.4713,23.0485,199.6040,-5.5974,-24.9596,-8.6003,0.7479,-0.1879,-0.6366,0.9980,327,40.216919,0.8153,0.2305
BiancaGolden_CircleTurns,-118.9922,23.8261,199.6544,-5.5060,-25.0755,-8.8654,0.7449,-0.1918,-0.6390,0.9980,328,40.231895,0.8101,0.2383
BiancaGolden_CircleTurns,-119.5022,24.6111,199.6926,-5.3613,-25.2511,-9.1536,0.7425,-0.1973,-0.6401,0.9980,328,40.245152,0.8050,0.2461
BiancaGolden_CircleTurns,-120.0105,25.4281,199.6973,-5.2226,-25.4789,-9.4488,0.7404,-0.2018,-0.6412,0.9980,329,40.260262,0.7999,0.2543
BiancaGolden_CircleTurns,-120.4888,26.2610,199.6396,-5.0022,-25.6125,-9.7429,0.7387,-0.2064,-0.6417,0.9980,329,40.272949,0.7951,0.2626
BiancaGolden_CircleTurns,-120.9387,27.0794,199.5360,-4.7094,-25.6726,-10.0081,0.7391,-0.2115,-0.6396,0.9980,329,40.287277,0.7906,0.2708
BiancaGolden_CircleTurns,-121.3386,27.9145,199.4525,-4.3883,-25.5453,-10.2692,0.7416,-0.2169,-0.6348,0.9980,330,40.301479,0.7866,0.2791
BiancaGolden_CircleTurns,-121.6899,28.7511,199.3861,-4.0992,-25.2120,-10.5423,0.7458,-0.2147,-0.6307,0.9980,330,40.314064,0.7831,0.2875
BiancaGolden_CircleTurns,-122.0287,29.6033,199.3681,-3.9461,-24.8410,-10.8041,0.7502,-0.2178,-0.6242,0.9980,331,40.329178,0.7797,0.2960
BiancaGolden_CircleTurns,-122.3325,30.4565,199.3588,-3.7468,-24.3797,-11.0155,0.7531,-0.2210,-0.6197,0.9980,331,40.342846,0.7767,0.3046
BiancaGolden_CircleTurns,-122.6604,31.3323,199.2992,-3.6150,-24.0543,-11.1645,0.7545,-0.2164,-0.6196,0.9980,331,40.357456,0.7734,0.3133
BiancaGolden_CircleTurns,-122.9636,32.2210,199.2775,-3.5353,-23.8558,-11.2771,0.7554,-0.2176,-0.6180,0.9980,332,40.371529,0.7704,0.3222
BiancaGolden_CircleTurns,-123.2567,33.0833,199.2688,-3.5521,-23.7335,-11.3523,0.7567,-0.2190,-0.6160,0.9980,332,40.384731,0.7674,0.3308
BiancaGolden_CircleTurns,-123.5484,33.9397,199.2159,-3.5527,-23.5873,-11.4334,0.7552,-0.2231,-0.6163,0.9980,333,40.398632,0.7645,0.3394
BiancaGolden_CircleTurns,-123.8596,34.7696,199.1366,-3.5934,-23.4797,-11.5035,0.7495,-0.2244,-0.6228,0.9980,333,40.412457,0.7614,0.3477
BiancaGolden_CircleTurns,-124.1272,35.5844,199.1398,-3.6578,-23.3751,-11.5257,0.7519,-0.2251,-0.6197,0.9980,334,40.426834,0.7587,0.3558
BiancaGolden_CircleTurns,-124.3362,36.3903,199.2240,-3.8884,-23.2351,-11.6120,0.7523,-0.2246,-0.6193,0.9980,334,40.440037,0.7566,0.3639
BiancaGolden_CircleTurns,-124.5268,37.1397,199.3553,-4.2767,-23.0715,-11.7208,0.7542,-0.2260,-0.6165,0.9980,334,40.454216,0.7547,0.3714
BiancaGolden_CircleTurns,-124.7370,37.8821,199.4494,-4.4492,-22.8506,-11.8518,0.7568,-0.2260,-0.6133,0.9980,335,40.468826,0.7526,0.3788
BiancaGolden_CircleTurns,-124.9876,38.6060,199.4659,-4.5876,-22.7155,-11.9148,0.7579,-0.2265,-0.6118,0.9980,335,40.482063,0.7501,0.3861
BiancaGolden_CircleTurns,-125.2608,39.2826,199.4522,-4.5573,-22.6339,-11.9225,0.7574,-0.2269,-0.6123,0.9980,336,40.496323,0.7474,0.3928
BiancaGolden_CircleTurns,-125.5768,39.9106,199.4425,-4.2788,-22.7022,-11.8480,0.7577,-0.2315,-0.6102,0.9980,336,40.510078,0.7442,0.3991
BiancaGolden_CircleTurns,-125.8625,40.5066,199.4494,-3.9348,-22.8020,-11.6683,0.7539,-0.2301,-0.6153,0.9980,337,40.527336,0.7414,0.4051
BiancaGolden_CircleTurns,-126.1304,41.0788,199.5562,-3.7556,-22.9640,-11.4443,0.7525,-0.2302,-0.6171,0.9980,337,40.537872,0.7387,0.4108
BiancaGolden_CircleTurns,-126.3859,41.6368,199.6944,-3.8014,-23.0395,-11.2480,0.7529,-0.2263,-0.6180,0.9980,337,40.552643,0.7361,0.4164
BiancaGolden_CircleTurns,-126.6735,42.1388,199.8625,-3.8232,-23.0863,-10.9993,0.7479,-0.2329,-0.6217,0.9980,338,40.564964,0.7333,0.4214
BiancaGolden_CircleTurns,-126.9799,42.5895,199.9988,-3.8064,-23.0990,-10.7047,0.7473,-0.2320,-0.6227,0.9980,338,40.577869,0.7302,0.4259
BiancaGolden_CircleTurns,-127.3380,43.0313,200.1008,-3.7781,-23.1710,-10.4752,0.7454,-0.2303,-0.6255,0.9980,339,40.593323,0.7266,0.4303
BiancaGolden_CircleTurns,-127.7282,43.4330,200.1761,-3.6842,-23.2162,-10.1898,0.7446,-0.2311,-0.6262,0.9980,339,40.606983,0.7227,0.4343
BiancaGolden_CircleTurns,-128.1177,43.8042,200.2465,-3.5967,-23.1882,-9.8715,0.7452,-0.2346,-0.6242,0.9980,339,40.621071,0.7188,0.4380
BiancaGolden_CircleTurns,-128.5175,44.1253,200.3177,-3.4661,-23.0423,-9.5550,0.7488,-0.2314,-0.6211,0.9980,340,40.634464,0.7148,0.4413
BiancaGolden_CircleTurns,-128.8975,44.4249,200.4314,-3.4546,-22.8107,-9.2780,0.7540,-0.2303,-0.6152,0.9980,340,40.648197,0.7110,0.4442
BiancaGolden_CircleTurns,-129.3076,44.6767,200.5422,-3.5051,-22.5153,-9.0197,0.7564,-0.2312,-0.6119,0.9980,341,40.663082,0.7069,0.4468
BiancaGolden_CircleTurns,-129.7410,44.9232,200.6007,-3.6968,-22.1948,-8.8361,0.7532,-0.2295,-0.6165,0.9980,341,40.677208,0.7026,0.4492
BiancaGolden_CircleTurns,-130.1922,45.1445,200.6370,-3.8392,-21.9223,-8.6431,0.7575,-0.2266,-0.6123,0.9980,342,40.691658,0.6981,0.4514
BiancaGolden_CircleTurns,-130.6546,45.3419,200.6662,-4.0099,-21.5813,-8.4480,0.7624,-0.2285,-0.6054,0.9980,342,40.706188,0.6935,0.4534
BiancaGolden_CircleTurns,-131.0978,45.5023,200.7345,-4.1116,-21.2380,-8.2258,0.7671,-0.2260,-0.6005,0.9980,342,40.719433,0.6890,0.4550
BiancaGolden_CircleTurns,-131.5509,45.6448,200.7835,-4.1524,-20.8721,-8.0080,0.7681,-0.2344,-0.5959,0.9980,343,40.732712,0.6845,0.4564
BiancaGolden_CircleTurns,-132.0211,45.7616,200.8118,-4.1397,-20.5650,-7.7910,0.7645,-0.2398,-0.5983,0.9980,343,40.746628,0.6798,0.4576
BiancaGolden_CircleTurns,-132.5044,45.8310,200.8147,-4.1170,-20.3288,-7.5280,0.7641,-0.2358,-0.6005,0.9980,344,40.761574,0.6750,0.4583
BiancaGolden_CircleTurns,-132.9652,45.8961,200.8276,-4.0519,-20.1345,-7.2562,0.7642,-0.1849,-0.6178,0.9980,344,40.775852,0.6703,0.4590
BiancaGolden_CircleTurns,-133.4151,45.8848,200.8274,-3.9811,-19.9628,-7.0007,0.7699,-0.1559,-0.6189,0.9980,344,40.789978,0.6658,0.4588
BiancaGolden_CircleTurns,-133.8644,45.8753,200.8027,-3.9324,-19.8271,-6.7747,0.7713,-0.1529,-0.6179,0.9980,345,40.802963,0.6614,0.4588
BiancaGolden_CircleTurns,-134.3286,45.8198,200.7360,-3.8771,-19.7552,-6.5152,0.7614,-0.1408,-0.6328,0.9980,345,40.817116,0.6567,0.4582
BiancaGolden_CircleTurns,-134.8059,45.7206,200.6571,-3.7684,-19.7980,-6.1824,0.7575,-0.1322,-0.6393,0.9980,346,40.830990,0.6519,0.4572
BiancaGolden_CircleTurns,-135.2402,45.6309,200.5991,-3.6210,-19.7998,-5.8484,0.7693,-0.0951,-0.6317,0.9980,346,40.844639,0.6476,0.4563
BiancaGolden_CircleTurns,-135.6630,45.5085,200.5262,-3.4840,-19.7909,-5.3861,0.7725,-0.0665,-0.6315,0.9980,347,40.859039,0.6434,0.4551
BiancaGolden_CircleTurns,-136.0896,45.3540,200.4563,-3.2953,-19.9065,-4.8351,0.8025,-0.0658,-0.5930,0.9980,347,40.872360,0.6391,0.4535
BiancaGolden_CircleTurns,-136.5015,45.1740,200.4425,-3.1097,-20.1805,-4.3349,0.8008,-0.0584,-0.5961,0.9980,347,40.886993,0.6350,0.4517
BiancaGolden_CircleTurns,-136.8663,44.9945,200.4458,-3.0333,-20.4043,-3.8185,0.7986,-0.0700,-0.5977,0.9980,348,40.900234,0.6313,0.4499
BiancaGolden_CircleTurns,-137.2120,44.8047,200.3897,-3.1013,-20.4696,-3.2928,0.7964,-0.0858,-0.5987,0.9980,348,40.914501,0.6279,0.4480
BiancaGolden_CircleTurns,-137.5540,44.6168,200.2701,-3.1435,-20.3961,-2.7816,0.7717,-0.0792,-0.6310,0.9980,349,40.928951,0.6245,0.4462
BiancaGolden_CircleTurns,-137.9090,44.4199,200.1334,-3.2255,-20.4084,-2.3068,0.7655,-0.0725,-0.6393,0.9980,349,40.942326,0.6209,0.4442
BiancaGolden_CircleTurns,-138.2127,44.2719,200.1276,-3.3845,-20.5464,-1.9312,0.7562,-0.0856,-0.6487,0.9980,349,40.956734,0.6179,0.4427
BiancaGolden_CircleTurns,-138.4527,44.1175,200.3154,-3.3175,-20.8709,-1.4216,0.7556,-0.0774,-0.6504,0.9980,350,40.971531,0.6155,0.4412
BiancaGolden_CircleTurns,-138.6415,44.0321,200.5379,-3.1590,-21.0110,-0.7349,0.7555,-0.0661,-0.6518,0.9980,350,40.983356,0.6136,0.4403
BiancaGolden_CircleTurns,-139.0077,44.0122,200.5303,-3.1018,-21.1226,0.1526,0.7339,0.0025,-0.6793,0.9980,351,40.998959,0.6099,0.4401
BiancaGolden_CircleTurns,-139.4246,44.0980,200.3490,-3.4961,-21.4637,1.0014,0.7066,0.0723,-0.7039,0.9980,351,41.012321,0.6058,0.4410
BiancaGolden_CircleTurns,-139.8635,44.2005,200.1454,-4.4469,-21.8567,1.9749,0.6904,0.1344,-0.7108,0.9980,352,41.029549,0.6014,0.4420
BiancaGolden_CircleTurns,-140.2474,44.3641,200.1173,-5.7490,-22.4669,2.8642,0.6797,0.1832,-0.7102,0.9980,352,41.040653,0.5975,0.4436
BiancaGolden_CircleTurns,-140.5743,44.4660,200.1924,-6.5869,-22.8402,3.7262,0.6733,0.1956,-0.7130,0.9980,352,41.053841,0.5943,0.4447
BiancaGolden_CircleTurns,-140.8930,44.6056,200.3038,-6.9414,-23.1378,4.5955,0.6603,0.2369,-0.7127,0.9980,353,41.067894,0.5911,0.4461
BiancaGolden_CircleTurns,-141.2447,44.8238,200.3317,-7.0679,-23.3161,5.5126,0.6525,0.2697,-0.7082,0.9980,353,41.079945,0.5876,0.4482
BiancaGolden_CircleTurns,-141.6592,45.1729,200.2812,-7.1807,-23.4165,6.7086,0.6369,0.3197,-0.7016,0.9980,354,41.095444,0.5834,0.4517
BiancaGolden_CircleTurns,-142.0794,45.6025,200.2493,-7.5489,-23.5084,8.1212,0.6138,0.3862,-0.6886,0.9980,354,41.108498,0.5792,0.4560
BiancaGolden_CircleTurns,-142.4797,46.1008,200.2810,-7.9357,-23.4145,9.8424,0.6051,0.4474,-0.6585,0.9980,354,41.122345,0.5752,0.4610
BiancaGolden_CircleTurns,-142.8676,46.6470,200.3544,-8.3987,-23.1744,11.7700,0.5933,0.4747,-0.6501,0.9980,355,41.136192,0.5713,0.4665
BiancaGolden_CircleTurns,-143.2574,47.2654,200.4482,-8.8788,-22.6271,14.0691,0.5848,0.5295,-0.6145,0.9980,355,41.149506,0.5674,0.4727
BiancaGolden_CircleTurns,-143.6355,47.9134,200.5564,-9.0761,-22.0745,16.4946,0.5554,0.6037,-0.5718,0.9980,356,41.164906,0.5636,0.4791
BiancaGolden_CircleTurns,-144.1118,48.7296,200.7145,-9.0910,-21.0997,19.4613,0.5074,0.6705,-0.5413,0.9980,356,41.178501,0.5589,0.4873
BiancaGolden_CircleTurns,-144.5198,49.5612,200.9210,-9.3258,-19.9623,22.7247,0.4467,0.7592,-0.4734,0.9980,357,41.193081,0.5548,0.4956
BiancaGolden_CircleTurns,-144.9438,50.6496,201.2331,-10.2834,-17.9819,26.5010,0.4195,0.8144,-0.4009,0.9980,357,41.206936,0.5506,0.5065
BiancaGolden_CircleTurns,-145.4200,51.5674,201.4593,-11.2494,-16.1632,29.7334,0.3847,0.8426,-0.3768,0.9980,357,41.221275,0.5458,0.5157
BiancaGolden_CircleTurns,-145.9355,52.3664,201.6315,-11.7148,-14.5376,32.8624,0.3191,0.8834,-0.3433,0.9980,358,41.235592,0.5406,0.5237
BiancaGolden_CircleTurns,-146.4495,53.2135,201.7974,-11.7911,-13.1336,35.8041,0.2669,0.9131,-0.3083,0.9980,358,41.248138,0.5355,0.5321
BiancaGolden_CircleTurns,-146.9501,54.0569,201.9723,-11.8700,-11.8523,38.4821,0.2251,0.9317,-0.2850,0.9980,359,41.263134,0.5305,0.5406
BiancaGolden_CircleTurns,-147.4458,54.8731,202.1012,-11.9698,-10.6159,40.9016,0.1899,0.9451,-0.2661,0.9980,359,41.277409,0.5255,0.5487
BiancaGolden_CircleTurns,-147.9272,55.6522,202.1946,-12.0447,-9.6006,43.0864,0.1586,0.9546,-0.2521,0.9980,360,41.291706,0.5207,0.5565
BiancaGolden_CircleTurns,-148.3908,56.3977,202.2252,-12.1047,-8.7947,44.9434,0.1341,0.9600,-0.2459,0.9980,360,41.305676,0.5161,0.5640
BiancaGolden_CircleTurns,-148.8180,57.1479,202.2652,-11.9981,-8.2644,46.5093,0.1116,0.9631,-0.2450,0.9980,360,41.320698,0.5118,0.5715
BiancaGolden_CircleTurns,-149.1880,57.8790,202.3055,-11.7605,-7.8903,47.8948,0.0926,0.9626,-0.2547,0.9980,361,41.334457,0.5081,0.5788
BiancaGolden_CircleTurns,-149.5411,58.6238,202.3515,-11.5900,-7.5753,49.0166,0.0901,0.9573,-0.2746,0.9980,361,41.347717,0.5046,0.5862
BiancaGolden_CircleTurns,-149.8432,59.3299,202.3290,-11.3797,-7.4357,49.7714,0.0806,0.9580,-0.2751,0.9980,362,41.362415,0.5016,0.5933
BiancaGolden_CircleTurns,-150.1268,60.0352,202.2865,-11.2346,-7.3709,50.3624,0.1128,0.9504,-0.2899,0.9980,362,41.376709,0.4987,0.6004
BiancaGolden_CircleTurns,-150.3273,60.7020,202.2537,-11.0695,-7.5053,50.5329,0.1590,0.9322,-0.3252,0.9980,362,41.391048,0.4967,0.6070
BiancaGolden_CircleTurns,-150.4744,61.3619,202.2497,-10.8622,-7.6911,50.4885,0.1953,0.9193,-0.3416,0.9980,363,41.404457,0.4953,0.6136
BiancaGolden_CircleTurns,-150.6039,62.0388,202.2603,-10.6148,-7.8127,50.2773,0.2298,0.9021,-0.3653,0.9980,363,41.417484,0.4940,0.6204
BiancaGolden_CircleTurns,-150.6598,62.6853,202.2432,-10.3533,-7.9206,49.7256,0.2585,0.8885,-0.3792,0.9980,364,41.432716,0.4934,0.6269
BiancaGolden_CircleTurns,-150.6885,63.3160,202.2073,-10.1109,-8.0112,48.9442,0.2717,0.8830,-0.3828,0.9980,364,41.446964,0.4931,0.6332
BiancaGolden_CircleTurns,-150.6847,63.9141,202.1251,-9.8509,-8.1615,47.9510,0.2956,0.8680,-0.3990,0.9980,365,41.460758,0.4932,0.6391
BiancaGolden_CircleTurns,-150.5930,64.4461,202.1220,-9.7088,-8.4506,46.5903,0.3315,0.8517,-0.4059,0.9980,365,41.474400,0.4941,0.6445
BiancaGolden_CircleTurns,-150.4630,64.9493,202.2050,-9.7722,-8.7219,44.8563,0.3729,0.8313,-0.4122,0.9980,365,41.488518,0.4954,0.6495
BiancaGolden_CircleTurns,-150.2582,65.3855,202.2688,-9.9264,-9.0307,42.5569,0.5001,0.7553,-0.4236,0.9980,366,41.502430,0.4974,0.6539
BiancaGolden_CircleTurns,-150.0317,65.7954,202.2670,-9.7792,-9.3197,39.7612,0.6264,0.6411,-0.4433,0.9980,366,41.518936,0.4997,0.6580
BiancaGolden_CircleTurns,-149.8713,66.2005,202.1870,-9.4601,-9.5984,37.1691,0.7240,0.5318,-0.4393,0.9980,367,41.531487,0.5013,0.6620
BiancaGolden_CircleTurns,-149.7589,66.5821,202.0530,-9.2824,-10.0445,34.3069,0.7470,0.4895,-0.4499,0.9980,367,41.544132,0.5024,0.6658
BiancaGolden_CircleTurns,-149.6508,66.9308,201.9337,-9.3943,-10.7845,31.0421,0.7679,0.4447,-0.4611,0.9980,368,41.558769,0.5035,0.6693
BiancaGolden_CircleTurns,-149.4987,67.2273,201.8476,-9.2382,-11.4977,27.9219,0.8303,0.3284,-0.4503,0.9980,368,41.571667,0.5050,0.6723
BiancaGolden_CircleTurns,-149.3723,67.5079,201.7334,-8.6040,-12.1745,24.7481,0.8782,0.1059,-0.4665,0.9980,368,41.585911,0.5063,0.6751
BiancaGolden_CircleTurns,-149.3068,67.7895,201.6022,-7.7834,-12.8470,21.6800,0.8796,0.0001,-0.4757,0.9980,369,41.599583,0.5069,0.6779
BiancaGolden_CircleTurns,-149.2709,68.1166,201.4626,-7.0509,-13.4759,18.6447,0.8748,-0.0493,-0.4820,0.9980,369,41.612709,0.5073,0.6812
BiancaGolden_CircleTurns,-149.2704,68.3956,201.3203,-6.3883,-14.1236,15.7017,0.8731,-0.1141,-0.4740,0.9980,370,41.627365,0.5073,0.6840
BiancaGolden_CircleTurns,-149.2630,68.6595,201.1836,-5.4859,-14.6759,12.8760,0.8411,-0.2857,-0.4593,0.9980,370,41.641056,0.5074,0.6866
BiancaGolden_CircleTurns,-149.2627,68.9326,201.1012,-4.4553,-15.1493,10.2242,0.8259,-0.3419,-0.4483,0.9980,370,41.655037,0.5074,0.6893
BiancaGolden_CircleTurns,-149.2827,69.2296,201.1276,-3.3633,-15.4522,7.9178,0.8124,-0.3874,-0.4358,0.9980,371,41.668495,0.5072,0.6923
BiancaGolden_CircleTurns,-149.3417,69.5472,201.1694,-2.6232,-15.5796,5.8547,0.7982,-0.4165,-0.4351,0.9980,371,41.681568,0.5066,0.6955
BiancaGolden_CircleTurns,-149.4303,69.8878,201.2070,-2.2863,-15.7305,3.8695,0.7841,-0.4818,-0.3913,0.9980,372,41.696320,0.5057,0.6989
BiancaGolden_CircleTurns,-149.5742,70.2123,201.2254,-2.0686,-15.6923,2.2857,0.7724,-0.5040,-0.3866,0.9980,372,41.710125,0.5043,0.7021
BiancaGolden_CircleTurns,-149.7066,70.4901,201.2342,-1.4748,-15.7216,0.7799,0.7527,-0.5384,-0.3789,0.9980,372,41.724422,0.5029,0.7049
BiancaGolden_CircleTurns,-149.8651,70.7635,201.2461,-0.8398,-15.7282,-0.5440,0.7380,-0.5531,-0.3866,0.9980,373,41.737839,0.5013,0.7076
BiancaGolden_CircleTurns,-150.0713,71.0501,201.3113,-0.1276,-15.7620,-1.6249,0.7328,-0.5613,-0.3847,0.9980,373,41.750885,0.4993,0.7105
BiancaGolden_CircleTurns,-150.2584,71.3848,201.3964,0.3729,-15.7696,-2.4689,0.7295,-0.5668,-0.3828,0.9980,374,41.766151,0.4974,0.7138
BiancaGolden_CircleTurns,-150.4934,71.7118,201.4962,0.6848,-15.7886,-3.0039,0.7197,-0.5642,-0.4046,0.9980,374,41.779175,0.4951,0.7171
BiancaGolden_CircleTurns,-150.7461,72.0582,201.5555,0.6662,-15.7745,-3.3226,0.7148,-0.5690,-0.4065,0.9980,375,41.793289,0.4925,0.7206
BiancaGolden_CircleTurns,-151.0106,72.3616,201.5890,0.5234,-15.8250,-3.7455,0.7348,-0.5343,-0.4178,0.9980,375,41.807400,0.4899,0.7236
BiancaGolden_CircleTurns,-151.2943,72.6352,201.6152,0.4010,-15.8352,-4.2803,0.7461,-0.5128,-0.4247,0.9980,375,41.821865,0.4871,0.7264
BiancaGolden_CircleTurns,-151.5843,72.8823,201.6346,0.3931,-15.8271,-4.6510,0.7640,-0.4723,-0.4396,0.9980,376,41.835487,0.4842,0.7288
BiancaGolden_CircleTurns,-151.8552,73.1098,201.6553,0.5390,-15.7749,-5.0265,0.7618,-0.4772,-0.4382,0.9980,376,41.848534,0.4814,0.7311
BiancaGolden_CircleTurns,-152.1272,73.4018,201.6776,0.4517,-15.6275,-5.4112,0.7756,-0.4330,-0.4594,0.9980,377,41.863403,0.4787,0.7340
BiancaGolden_CircleTurns,-152.3952,73.6380,201.7074,0.3958,-15.4627,-5.7048,0.7749,-0.4363,-0.4573,0.9980,377,41.877369,0.4760,0.7364
BiancaGolden_CircleTurns,-152.6489,73.8722,201.7320,0.2147,-15.2268,-5.9391,0.7748,-0.4380,-0.4560,0.9980,377,41.891434,0.4735,0.7387
BiancaGolden_CircleTurns,-152.9149,74.0874,201.7471,0.0376,-15.0190,-6.2771,0.7868,-0.4187,-0.4534,0.9980,378,41.905003,0.4709,0.7409
BiancaGolden_CircleTurns,-153.1932,74.2562,201.7342,-0.0941,-14.8588,-6.6006,0.7851,-0.4237,-0.4519,0.9980,378,41.918037,0.4681,0.7426
BiancaGolden_CircleTurns,-153.4896,74.4112,201.6793,-0.0708,-14.7591,-6.9560,0.7896,-0.4157,-0.4514,0.9980,379,41.932827,0.4651,0.7441
BiancaGolden_CircleTurns,-153.7997,74.5448,201.6082,0.0491,-14.7210,-7.2092,0.7931,-0.4072,-0.4529,0.9980,379,41.946732,0.4620,0.7454
BiancaGolden_CircleTurns,-154.0972,74.6792,201.5311,0.1687,-14.7564,-7.4195,0.7913,-0.4092,-0.4543,0.9980,380,41.960964,0.4590,0.7468
BiancaGolden_CircleTurns,-154.3929,74.7830,201.4911,0.2878,-14.8907,-7.5398,0.7933,-0.4031,-0.4562,0.9980,380,41.974388,0.4561,0.7478
BiancaGolden_CircleTurns,-154.6698,74.8876,201.4542,0.3384,-14.9787,-7.7193,0.7908,-0.4052,-0.4588,0.9980,380,41.988613,0.4533,0.7489
BiancaGolden_CircleTurns,-154.9734,74.9463,201.4010,0.3597,-15.1488,-7.8790,0.7902,-0.3916,-0.4714,0.9980,381,42.002304,0.4503,0.7495
BiancaGolden_CircleTurns,-155.2585,74.9976,201.2961,0.4244,-15.3657,-8.0282,0.7883,-0.3917,-0.4745,0.9980,381,42.019070,0.4474,0.7500
BiancaGolden_CircleTurns,-155.5451,75.0189,201.2008,0.4984,-15.6061,-8.0353,0.7915,-0.3804,-0.4783,0.9980,382,42.030922,0.4445,0.7502
BiancaGolden_CircleTurns,-155.8101,75.0170,201.1436,0.5879,-15.8321,-7.9850,0.7895,-0.3802,-0.4818,0.9980,382,42.043793,0.4419,0.7502
BiancaGolden_CircleTurns,-156.0563,74.9975,201.1699,0.5322,-16.0550,-8.0095,0.7871,-0.3779,-0.4875,0.9980,383,42.058800,0.4394,0.7500
BiancaGolden_CircleTurns,-156.2761,74.9458,201.2139,0.4605,-16.1711,-8.0789,0.7868,-0.3799,-0.4865,0.9980,383,42.071674,0.4372,0.7495
BiancaGolden_CircleTurns,-156.4854,74.8608,201.2520,0.4016,-16.0791,-8.2377,0.7904,-0.3802,-0.4803,0.9980,383,42.085953,0.4351,0.7486
BiancaGolden_CircleTurns,-156.7452,74.7764,201.1727,0.3815,-15.9914,-8.4117,0.7903,-0.3832,-0.4781,0.9980,384,42.099476,0.4325,0.7478
BiancaGolden_CircleTurns,-156.9767,74.6978,201.1102,0.3811,-15.8902,-8.6228,0.7930,-0.3796,-0.4765,0.9980,384,42.112728,0.4302,0.7470
BiancaGolden_CircleTurns,-157.2066,74.6399,201.0502,0.3104,-15.7114,-8.8847,0.7920,-0.3828,-0.4757,0.9980,385,42.128181,0.4279,0.7464
BiancaGolden_CircleTurns,-157.4357,74.5855,201.0009,0.2308,-15.6322,-9.1275,0.7963,-0.3840,-0.4674,0.9980,385,42.141663,0.4256,0.7459
BiancaGolden_CircleTurns,-157.6399,74.5654,200.9807,0.0986,-15.5822,-9.4623,0.7950,-0.3851,-0.4686,0.9980,385,42.155880,0.4236,0.7457
BiancaGolden_CircleTurns,-157.9008,74.5641,200.9275,-0.1433,-15.5707,-9.8768,0.7926,-0.3832,-0.4742,0.9980,386,42.169907,0.4210,0.7456
BiancaGolden_CircleTurns,-158.2198,74.6242,200.7937,-0.4502,-15.7196,-10.3567,0.7866,-0.3880,-0.4803,0.9980,386,42.182949,0.4178,0.7462
BiancaGolden_CircleTurns,-158.5438,74.7147,200.7035,-0.8584,-16.0217,-10.8547,0.7916,-0.3747,-0.4826,0.9980,387,42.197880,0.4146,0.7471
BiancaGolden_CircleTurns,-158.8516,74.8532,200.6848,-1.3023,-16.3311,-11.3326,0.7862,-0.3792,-0.4880,0.9980,387,42.211773,0.4115,0.7485
BiancaGolden_CircleTurns,-159.1519,75.0184,200.7392,-1.6255,-16.6164,-11.7912,0.7864,-0.3774,-0.4890,0.9980,388,42.226337,0.4085,0.7502
BiancaGolden_CircleTurns,-159.4555,75.2236,200.7960,-1.8502,-16.8569,-12.2279,0.7916,-0.3673,-0.4883,0.9980,388,42.239571,0.4054,0.7522
BiancaGolden_CircleTurns,-159.7946,75.4861,200.8111,-2.0690,-17.0505,-12.6800,0.7903,-0.3737,-0.4855,0.9980,388,42.253517,0.4021,0.7549
BiancaGolden_CircleTurns,-160.1271,75.7782,200.8689,-2.3121,-17.3199,-13.1315,0.7695,-0.4157,-0.4848,0.9980,389,42.267330,0.3987,0.7578
BiancaGolden_CircleTurns,-160.4402,76.1303,200.9783,-2.3319,-17.4882,-13.6260,0.7664,-0.4211,-0.4851,0.9980,389,42.280636,0.3956,0.7613
BiancaGolden_CircleTurns,-160.7513,76.5158,201.0671,-2.3070,-17.5677,-14.0464,0.7439,-0.4830,-0.4619,0.9980,390,42.295498,0.3925,0.7652
BiancaGolden_CircleTurns,-161.0614,76.9759,201.1809,-2.1658,-17.4693,-14.3927,0.7507,-0.4918,-0.4411,0.9980,390,42.309376,0.3894,0.7698
BiancaGolden_CircleTurns,-161.3558,77.4302,201.2980,-2.0648,-17.3268,-14.7198,0.7598,-0.4976,-0.4185,0.9980,390,42.323788,0.3864,0.7743
BiancaGolden_CircleTurns,-161.6178,77.9226,201.4346,-1.8710,-17.0255,-14.9642,0.7681,-0.4962,-0.4048,0.9980,391,42.337593,0.3838,0.7792
BiancaGolden_CircleTurns,-161.8341,78.4368,201.5390,-1.6724,-16.6137,-15.2682,0.7701,-0.4980,-0.3987,0.9980,391,42.350563,0.3817,0.7844
BiancaGolden_CircleTurns,-162.0614,78.9423,201.6195,-1.5302,-16.2839,-15.5240,0.7731,-0.4964,-0.3949,0.9980,392,42.365471,0.3794,0.7894
BiancaGolden_CircleTurns,-162.2485,79.4911,201.6517,-1.4535,-15.9105,-15.8275,0.7719,-0.5016,-0.3906,0.9980,392,42.379173,0.3775,0.7949
BiancaGolden_CircleTurns,-162.4156,80.0388,201.6707,-1.4041,-15.6464,-16.1716,0.7712,-0.4996,-0.3945,0.9980,393,42.393463,0.3758,0.8004
BiancaGolden_CircleTurns,-162.5592,80.6131,201.6617,-1.3067,-15.4173,-16.5486,0.7742,-0.4949,-0.3946,0.9980,393,42.407452,0.3744,0.8061
BiancaGolden_CircleTurns,-162.6603,81.1666,201.6428,-1.1382,-15.2625,-16.9495,0.7698,-0.4941,-0.4040,0.9980,393,42.421566,0.3734,0.8117
BiancaGolden_CircleTurns,-162.7317,81.7584,201.6142,-0.9529,-15.1717,-17.3956,0.7672,-0.4995,-0.4025,0.9980,394,42.434944,0.3727,0.8176
BiancaGolden_CircleTurns,-162.7712,82.3522,201.5558,-0.7487,-15.0691,-17.7793,0.7645,-0.5047,-0.4010,0.9980,394,42.448227,0.3723,0.8235
BiancaGolden_CircleTurns,-162.8120,82.9644,201.4590,-0.5928,-15.0064,-18.1379,0.7617,-0.5091,-0.4008,0.9980,395,42.463207,0.3719,0.8296
BiancaGolden_CircleTurns,-162.7980,83.5871,201.3208,-0.5131,-14.9767,-18.5889,0.7533,-0.5133,-0.4112,0.9980,395,42.477085,0.3720,0.8359
BiancaGolden_CircleTurns,-162.7610,84.1793,201.2176,-0.4422,-15.0123,-19.0783,0.7486,-0.5196,-0.4119,0.9980,395,42.491066,0.3724,0.8418
BiancaGolden_CircleTurns,-162.6777,84.7851,201.1408,-0.3388,-14.9427,-19.6615,0.7476,-0.5198,-0.4134,0.9980,396,42.505100,0.3732,0.8479
BiancaGolden_CircleTurns,-162.6105,85.3886,201.0604,-0.2898,-14.8966,-20.2140,0.7499,-0.5186,-0.4108,0.9980,396,42.521320,0.3739,0.8539
BiancaGolden_CircleTurns,-162.4888,86.0280,200.9325,-0.3139,-14.7960,-20.8130,0.7463,-0.5219,-0.4132,0.9980,397,42.533070,0.3751,0.8603
BiancaGolden_CircleTurns,-162.3775,86.6633,200.8638,-0.3260,-14.8164,-21.4015,0.7410,-0.5288,-0.4139,0.9980,397,42.546307,0.3762,0.8666
BiancaGolden_CircleTurns,-162.2264,87.2306,200.8798,-0.2597,-14.8673,-21.9483,0.7378,-0.5314,-0.4163,0.9980,398,42.561005,0.3777,0.8723
BiancaGolden_CircleTurns,-162.0435,87.8174,201.0396,-0.2244,-15.0065,-22.5181,0.7329,-0.5339,-0.4217,0.9980,398,42.574242,0.3796,0.8782
BiancaGolden_CircleTurns,-161.8976,88.3694,201.1987,-0.0899,-15.1340,-22.9793,0.7373,-0.5261,-0.4238,0.9980,398,42.588165,0.3810,0.8837
BiancaGolden_CircleTurns,-161.8255,88.9650,201.2244,0.0912,-15.2088,-23.3498,0.7325,-0.5248,-0.4336,0.9980,399,42.601879,0.3817,0.8896
BiancaGolden_CircleTurns,-161.7753,89.5320,201.1438,0.2378,-15.4348,-23.7477,0.7340,-0.5202,-0.4366,0.9980,399,42.615101,0.3822,0.8953
BiancaGolden_CircleTurns,-161.7651,90.1651,201.0190,0.1686,-15.5554,-24.1564,0.7329,-0.5223,-0.4359,0.9980,400,42.630936,0.3823,0.9017
BiancaGolden_CircleTurns,-161.7395,90.6779,200.9812,0.3300,-15.5433,-24.2814,0.7378,-0.5219,-0.4281,0.9980,400,42.644096,0.3826,0.9068
BiancaGolden_CircleTurns,-161.7116,91.1832,200.9952,0.4533,-15.4072,-24.5016,0.7434,-0.5158,-0.4257,0.9980,400,42.658161,0.3829,0.9118
BiancaGolden_CircleTurns,-161.7073,91.6707,201.0032,0.6060,-15.2728,-24.8054,0.7448,-0.5159,-0.4231,0.9980,401,42.671867,0.3829,0.9167
BiancaGolden_CircleTurns,-161.7376,92.1428,201.0075,0.8397,-15.1280,-25.0085,0.7452,-0.5165,-0.4218,0.9980,401,42.684937,0.3826,0.9214
BiancaGolden_CircleTurns,-161.7619,92.5995,201.0310,0.9091,-15.0443,-25.2080,0.7454,-0.5160,-0.4221,0.9980,402,42.699829,0.3824,0.9260
BiancaGolden_CircleTurns,-161.8058,93.0278,201.0585,0.9061,-14.9725,-25.4165,0.7431,-0.5195,-0.4217,0.9980,402,42.713806,0.3819,0.9303
BiancaGolden_CircleTurns,-161.8838,93.4675,201.0890,0.8994,-14.9487,-25.6834,0.7440,-0.5204,-0.4191,0.9980,403,42.727921,0.3812,0.9347
BiancaGolden_CircleTurns,-161.9787,93.8741,201.1191,0.8690,-14.9645,-25.8767,0.7423,-0.5209,-0.4215,0.9980,403,42.742008,0.3802,0.9387
BiancaGolden_CircleTurns,-162.1343,94.2556,201.1379,0.7805,-15.0942,-26.1090,0.7446,-0.5171,-0.4221,0.9980,403,42.755920,0.3787,0.9426
BiancaGolden_CircleTurns,-162.2770,94.6082,201.1539,0.7850,-15.1523,-26.2719,0.7421,-0.5199,-0.4230,0.9980,404,42.769730,0.3772,0.9461
BiancaGolden_CircleTurns,-162.4883,94.9838,201.1595,0.6961,-15.3150,-26.5258,0.7399,-0.5215,-0.4249,0.9980,404,42.782646,0.3751,0.9498
BiancaGolden_CircleTurns,-162.7127,95.2966,201.1641,0.6713,-15.4328,-26.6870,0.7365,-0.5232,-0.4287,0.9980,405,42.797714,0.3729,0.9530
BiancaGolden_CircleTurns,-162.9728,95.6154,201.1689,0.6886,-15.5516,-26.8767,0.7340,-0.5237,-0.4324,0.9980,405,42.811359,0.3703,0.9562
BiancaGolden_CircleTurns,-163.2428,95.9275,201.1766,0.5771,-15.7038,-27.1232,0.7364,-0.5187,-0.4345,0.9980,406,42.825470,0.3676,0.9593
BiancaGolden_CircleTurns,-163.4918,96.2112,201.2750,0.4285,-15.7889,-27.3682,0.7353,-0.5194,-0.4354,0.9980,406,42.839325,0.3651,0.9621
BiancaGolden_CircleTurns,-163.7464,96.4750,201.3872,0.3559,-15.7723,-27.6765,0.7373,-0.5199,-0.4314,0.9980,406,42.853355,0.3625,0.9647
BiancaGolden_CircleTurns,-163.9857,96.7457,201.4267,0.2435,-15.4451,-27.8349,0.7369,-0.5198,-0.4323,0.9980,407,42.866894,0.3601,0.9675
BiancaGolden_CircleTurns,-164.2617,96.9934,201.4507,-0.1018,-15.3202,-27.9860,0.7383,-0.5218,-0.4274,0.9980,407,42.880020,0.3574,0.9699
BiancaGolden_CircleTurns,-164.5053,97.1896,201.4575,-0.2263,-14.9898,-28.0838,0.7385,-0.5249,-0.4233,0.9980,408,42.895092,0.3549,0.9719
BiancaGolden_CircleTurns,-164.7486,97.3756,201.5258,-0.2647,-14.7201,-28.2591,0.7418,-0.5242,-0.4183,0.9980,408,42.908852,0.3525,0.9738
BiancaGolden_CircleTurns,-164.9893,97.5460,201.5575,-0.2683,-14.3554,-28.4421,0.7424,-0.5275,-0.4131,0.9980,408,42.923195,0.3501,0.9755
BiancaGolden_CircleTurns,-165.2392,97.7124,201.5462,-0.3549,-14.1107,-28.6183,0.7433,-0.5230,-0.4171,0.9980,409,42.937004,0.3476,0.9771
BiancaGolden_CircleTurns,-165.5104,97.8601,201.5371,-0.3421,-13.9796,-28.7366,0.7436,-0.5234,-0.4161,0.9980,409,42.949928,0.3449,0.9786
BiancaGolden_CircleTurns,-165.7625,98.0196,201.5079,-0.4255,-13.9171,-28.8666,0.7419,-0.5239,-0.4184,0.9980,410,42.964958,0.3424,0.9802
BiancaGolden_CircleTurns,-166.0409,98.1717,201.4520,-0.6874,-14.0359,-29.0002,0.7406,-0.5184,-0.4275,0.9980,410,42.978554,0.3396,0.9817
BiancaGolden_CircleTurns,-166.2995,98.2619,201.4220,-0.7420,-14.1917,-29.0329,0.7397,-0.5151,-0.4330,0.9980,411,42.993557,0.3370,0.9826
BiancaGolden_CircleTurns,-166.5468,98.3413,201.4144,-0.6664,-14.2432,-29.1182,0.7397,-0.5159,-0.4321,0.9980,411,43.006466,0.3345,0.9834
BiancaGolden_CircleTurns,-166.7832,98.3981,201.3837,-0.6352,-14.1878,-29.1687,0.7462,-0.5073,-0.4310,0.9980,411,43.024117,0.3322,0.9840
BiancaGolden_CircleTurns,-167.0146,98.4642,201.3544,-0.7521,-14.1340,-29.1876,0.7471,-0.5064,-0.4306,0.9980,412,43.034542,0.3299,0.9846
BiancaGolden_CircleTurns,-167.2512,98.4842,201.2936,-0.8677,-14.0963,-29.1341,0.7474,-0.5061,-0.4305,0.9980,412,43.046787,0.3275,0.9848
BiancaGolden_CircleTurns,-167.5035,98.5114,201.1955,-1.0071,-14.0779,-29.1379,0.7457,-0.5072,-0.4320,0.9980,413,43.062431,0.3250,0.9851
BiancaGolden_CircleTurns,-167.7466,98.4786,201.0858,-1.1000,-14.1241,-29.1466,0.7435,-0.5068,-0.4364,0.9980,413,43.075710,0.3225,0.9848
BiancaGolden_CircleTurns,-167.9636,98.4549,201.0529,-1.2097,-14.2336,-29.1255,0.7428,-0.5044,-0.4404,0.9980,413,43.089680,0.3204,0.9845
BiancaGolden_CircleTurns,-168.1587,98.4219,201.0365,-1.3416,-14.3448,-29.1411,0.7406,-0.5050,-0.4432,0.9980,414,43.103344,0.3184,0.9842
BiancaGolden_CircleTurns,-168.3895,98.4078,200.9454,-1.5377,-14.4983,-29.0904,0.7395,-0.5036,-0.4466,0.9980,414,43.116562,0.3161,0.9841
BiancaGolden_CircleTurns,-168.6264,98.4155,200.7615,-1.7483,-14.6984,-29.0960,0.7222,-0.5342,-0.4394,0.9980,415,43.131660,0.3137,0.9842
BiancaGolden_CircleTurns,-168.8248,98.3708,200.6839,-1.9090,-15.0195,-29.0838,0.7099,-0.5736,-0.4087,0.9980,415,43.145378,0.3118,0.9837
BiancaGolden_CircleTurns,-168.8631,98.2275,200.9673,-1.9659,-15.2918,-29.1069,0.7138,-0.5781,-0.3954,0.9980,416,43.159470,0.3114,0.9823
BiancaGolden_CircleTurns,-168.9649,98.1643,201.1334,-1.8523,-15.0768,-29.1576,0.7138,-0.5815,-0.3904,0.9980,416,43.173244,0.3104,0.9816
BiancaGolden_CircleTurns,-169.2641,98.2403,200.7656,-1.8145,-14.7774,-29.1876,0.7101,-0.5839,-0.3934,0.9980,416,43.187756,0.3074,0.9824
BiancaGolden_CircleTurns,-169.5384,98.3882,200.3417,-2.0839,-14.8832,-29.3613,0.7071,-0.5838,-0.3991,0.9980,417,43.201363,0.3046,0.9839
BiancaGolden_CircleTurns,-169.7398,98.5471,200.1623,-2.7703,-15.1285,-29.6849,0.7026,-0.5857,-0.4041,0.9980,417,43.214340,0.3026,0.9855
BiancaGolden_CircleTurns,-169.8534,98.6624,200.2930,-3.4487,-15.3362,-30.0475,0.7000,-0.5876,-0.4059,0.9980,418,43.229691,0.3015,0.9866
BiancaGolden_CircleTurns,-169.9851,98.7917,200.4746,-3.7308,-15.4819,-30.3499,0.6995,-0.5866,-0.4082,0.9980,418,43.243050,0.3001,0.9879
BiancaGolden_CircleTurns,-170.1352,98.9582,200.5324,-3.6527,-15.6422,-30.4906,0.7005,-0.5837,-0.4105,0.9980,418,43.257225,0.2986,0.9896
BiancaGolden_CircleTurns,-170.3542,99.2260,200.4632,-3.7680,-16.0287,-30.6594,0.6982,-0.5793,-0.4206,0.9980,419,43.271217,0.2965,0.9923
BiancaGolden_CircleTurns,-170.5314,99.5732,200.3550,-3.8804,-16.4328,-30.8560,0.6943,-0.5793,-0.4271,0.9980,419,43.284229,0.2947,0.9957
BiancaGolden_CircleTurns,-170.6971,99.9516,200.3301,-3.9405,-16.8396,-30.9908,0.6939,-0.5803,-0.4262,0.9980,420,43.299458,0.2930,0.9995
BiancaGolden_CircleTurns,-170.8114,100.2895,200.4000,-3.9515,-17.0205,-31.0935,0.6986,-0.5794,-0.4198,0.9980,420,43.313213,0.2919,1.0029
BiancaGolden_CircleTurns,-170.8869,100.6527,200.5440,-3.8317,-16.9288,-31.2470,0.7000,-0.5811,-0.4151,0.9980,421,43.326977,0.2911,1.0065
BiancaGolden_CircleTurns,-170.9547,101.0228,200.6988,-3.5875,-16.7060,-31.4193,0.7013,-0.5868,-0.4048,0.9980,421,43.341019,0.2905,1.0102
BiancaGolden_CircleTurns,-171.0201,101.4219,200.8088,-3.3522,-16.4108,-31.6114,0.7031,-0.5941,-0.3909,0.9980,421,43.355000,0.2898,1.0142
BiancaGolden_CircleTurns,-171.0891,101.8583,200.8974,-3.0977,-16.1110,-31.8251,0.7012,-0.6025,-0.3811,0.9980,422,43.368832,0.2891,1.0186
BiancaGolden_CircleTurns,-171.1325,102.3242,200.9546,-2.8879,-15.8551,-32.0405,0.7001,-0.6059,-0.3779,0.9980,422,43.381889,0.2887,1.0232
BiancaGolden_CircleTurns,-171.1566,102.7777,201.0185,-2.6902,-15.6841,-32.2324,0.6991,-0.6096,-0.3737,0.9980,423,43.396988,0.2884,1.0278
BiancaGolden_CircleTurns,-171.1649,103.2318,201.0447,-2.4462,-15.4609,-32.4397,0.7030,-0.6077,-0.3694,0.9980,423,43.410942,0.2884,1.0323
BiancaGolden_CircleTurns,-171.1436,103.6892,201.0674,-2.1858,-15.2257,-32.6728,0.7058,-0.6055,-0.3678,0.9980,424,43.425056,0.2886,1.0369
BiancaGolden_CircleTurns,-171.1034,104.1528,201.0719,-1.9730,-15.0173,-32.8985,0.7051,-0.6082,-0.3646,0.9980,424,43.438786,0.2890,1.0415
BiancaGolden_CircleTurns,-171.0264,104.6329,201.0732,-1.7727,-14.8420,-33.1217,0.7034,-0.6117,-0.3621,0.9980,424,43.452732,0.2897,1.0463
BiancaGolden_CircleTurns,-170.9247,105.0967,201.0802,-1.5892,-14.7117,-33.3373,0.7021,-0.6091,-0.3688,0.9980,425,43.466335,0.2908,1.0510
BiancaGolden_CircleTurns,-170.7784,105.5747,201.0977,-1.4279,-14.5718,-33.5574,0.7013,-0.6115,-0.3663,0.9980,425,43.479527,0.2922,1.0557
BiancaGolden_CircleTurns,-170.6080,106.0471,201.1089,-1.3182,-14.3800,-33.8057,0.7020,-0.6077,-0.3714,0.9980,426,43.494789,0.2939,1.0605
BiancaGolden_CircleTurns,-170.4300,106.5253,201.0628,-1.2558,-14.1921,-34.0188,0.7039,-0.6058,-0.3709,0.9980,426,43.508537,0.2957,1.0653
BiancaGolden_CircleTurns,-170.2348,107.0118,200.9739,-1.1278,-13.9839,-34.2934,0.6998,-0.6087,-0.3739,0.9980,427,43.525887,0.2977,1.0701
BiancaGolden_CircleTurns,-170.0004,107.4987,200.8938,-1.1242,-13.8486,-34.6109,0.6997,-0.6066,-0.3775,0.9980,427,43.537006,0.3000,1.0750
BiancaGolden_CircleTurns,-169.7440,107.9729,200.8879,-1.1498,-13.6810,-34.9495,0.6959,-0.6116,-0.3764,0.9980,427,43.550266,0.3026,1.0797
BiancaGolden_CircleTurns,-169.4688,108.4506,200.8977,-1.2281,-13.6138,-35.3537,0.6922,-0.6163,-0.3756,0.9980,428,43.564026,0.3053,1.0845
BiancaGolden_CircleTurns,-169.1897,108.9540,200.8420,-1.2422,-13.5549,-35.7260,0.6921,-0.6128,-0.3813,0.9980,428,43.577198,0.3081,1.0895
BiancaGolden_CircleTurns,-168.9041,109.4869,200.7579,-1.3025,-13.6811,-36.0795,0.6922,-0.6050,-0.3936,0.9980,429,43.592251,0.3110,1.0949
BiancaGolden_CircleTurns,-168.5725,110.0157,200.6921,-1.4342,-13.8617,-36.4160,0.6885,-0.6054,-0.3994,0.9980,429,43.605785,0.3143,1.1002
BiancaGolden_CircleTurns,-168.2005,110.5250,200.7166,-1.5925,-13.9940,-36.7668,0.6850,-0.6084,-0.4009,0.9980,429,43.620041,0.3180,1.1053
BiancaGolden_CircleTurns,-167.7841,110.9984,200.8178,-1.6838,-14.0910,-37.0944,0.6857,-0.6113,-0.3951,0.9980,430,43.634243,0.3222,1.1100
BiancaGolden_CircleTurns,-167.3580,111.4787,200.8770,-1.7837,-13.9342,-37.4184,0.6821,-0.6144,-0.3966,0.9980,430,43.647041,0.3264,1.1148
BiancaGolden_CircleTurns,-166.9906,111.9752,200.8359,-1.7537,-13.8224,-37.7220,0.6790,-0.6172,-0.3975,0.9980,431,43.661911,0.3301,1.1198
BiancaGolden_CircleTurns,-166.6469,112.4614,200.7457,-1.6394,-13.7857,-37.9600,0.6797,-0.6159,-0.3983,0.9980,431,43.675961,0.3335,1.1246
BiancaGolden_CircleTurns,-166.2971,112.9351,200.7168,-1.6391,-13.7827,-38.2203,0.6816,-0.6130,-0.3996,0.9980,431,43.690170,0.3370,1.1294
BiancaGolden_CircleTurns,-165.9349,113.3898,200.7195,-1.7792,-13.7847,-38.5319,0.6788,-0.6156,-0.4003,0.9980,432,43.703838,0.3407,1.1339
BiancaGolden_CircleTurns,-165.5941,113.8114,200.7344,-1.8870,-13.7930,-38.8100,0.6754,-0.6189,-0.4011,0.9980,432,43.716888,0.3441,1.1381
BiancaGolden_CircleTurns,-165.2683,114.2240,200.7150,-1.8920,-13.8299,-39.1122,0.6743,-0.6201,-0.4010,0.9980,432,43.731724,0.3473,1.1422
BiancaGolden_CircleTurns,-164.9544,114.6196,200.6890,-1.9090,-13.8634,-39.3870,0.6726,-0.6196,-0.4046,0.9980,0,43.744942,0.3505,1.1462
BiancaGolden_CircleTurns,-164.6587,115.0013,200.6128,-1.9646,-13.8345,-39.7120,0.6740,-0.6190,-0.4032,0.9980,0,43.759338,0.3534,1.1500
BiancaGolden_CircleTurns,-164.3692,115.3564,200.5588,-1.9873,-13.8001,-40.0029,0.6724,-0.6210,-0.4029,0.9980,1,43.773212,0.3563,1.1536
BiancaGolden_CircleTurns,-164.0719,115.6860,200.5758,-1.9885,-13.7295,-40.3066,0.6751,-0.6189,-0.4015,0.9980,1,43.787373,0.3593,1.1569
BiancaGolden_CircleTurns,-163.8174,115.9988,200.6283,-2.0048,-13.7065,-40.5612,0.6728,-0.6209,-0.4024,0.9980,2,43.802044,0.3618,1.1600
BiancaGolden_CircleTurns,-163.6114,116.3102,200.6818,-2.0108,-13.7580,-40.7503,0.6732,-0.6191,-0.4045,0.9980,2,43.815300,0.3639,1.1631
BiancaGolden_CircleTurns,-163.4271,116.6268,200.7325,-2.0333,-13.8976,-40.9246,0.6732,-0.6201,-0.4027,0.9980,3,43.829636,0.3657,1.1663
BiancaGolden_CircleTurns,-163.2852,116.9408,200.7745,-2.1006,-14.1119,-41.0301,0.6720,-0.6187,-0.4070,0.9980,3,43.843330,0.3671,1.1694
BiancaGolden_CircleTurns,-163.1693,117.2501,200.7816,-2.1225,-14.3272,-41.1060,0.6707,-0.6184,-0.4095,0.9980,3,43.857529,0.3683,1.1725
BiancaGolden_CircleTurns,-163.0913,117.5438,200.7845,-2.0670,-14.5395,-41.1398,0.6714,-0.6152,-0.4132,0.9980,4,43.871208,0.3691,1.1754
BiancaGolden_CircleTurns,-163.0448,117.8217,200.8060,-1.9785,-14.7270,-41.1657,0.6700,-0.6151,-0.4156,0.9980,4,43.884232,0.3696,1.1782
BiancaGolden_CircleTurns,-163.0232,118.0928,200.8248,-1.9531,-14.8816,-41.2144,0.6711,-0.6122,-0.4182,0.9980,5,43.899254,0.3698,1.1809
BiancaGolden_CircleTurns,-163.0203,118.3748,200.8414,-2.0359,-15.0215,-41.3142,0.6686,-0.6115,-0.4231,0.9980,5,43.912758,0.3698,1.1837
BiancaGolden_CircleTurns,-163.0524,118.6622,200.8689,-2.1918,-15.1541,-41.4438,0.6673,-0.6114,-0.4254,0.9980,6,43.927139,0.3695,1.1866
BiancaGolden_CircleTurns,-163.0954,118.9623,200.9109,-2.3748,-15.2808,-41.5421,0.6668,-0.6116,-0.4258,0.9980,6,43.940948,0.3690,1.1896
BiancaGolden_CircleTurns,-163.1394,119.2691,200.9771,-2.6507,-15.3291,-41.6265,0.6673,-0.6111,-0.4257,0.9980,6,43.955139,0.3686,1.1927
BiancaGolden_CircleTurns,-163.2050,119.5679,201.0675,-2.8463,-15.3498,-41.6156,0.6690,-0.6101,-0.4245,0.9980,7,43.968864,0.3680,1.1957
BiancaGolden_CircleTurns,-163.2718,119.8552,201.1396,-2.9006,-15.2730,-41.5130,0.6718,-0.6084,-0.4225,0.9980,7,43.982029,0.3673,1.1986
BiancaGolden_CircleTurns,-163.3519,120.1193,201.2044,-2.9109,-15.1506,-41.3727,0.6946,-0.5888,-0.4134,0.9980,8,43.996735,0.3665,1.2012
BiancaGolden_CircleTurns,-163.4278,120.3355,201.3060,-2.9315,-14.9207,-41.1768,0.7447,-0.5410,-0.3908,0.9980,8,44.010860,0.3657,1.2034
BiancaGolden_CircleTurns,-163.5317,120.5324,201.3785,-3.0000,-14.5671,-41.1112,0.7742,-0.5071,-0.3787,0.9980,8,44.024643,0.3647,1.2053
BiancaGolden_CircleTurns,-163.6660,120.7108,201.4080,-2.9996,-14.2750,-41.0290,0.7771,-0.5077,-0.3720,0.9980,9,44.041931,0.3633,1.2071
BiancaGolden_CircleTurns,-163.8083,120.8720,201.4310,-2.9098,-14.0885,-40.9197,0.7781,-0.5070,-0.3710,0.9980,9,44.052197,0.3619,1.2087
BiancaGolden_CircleTurns,-163.9554,121.0133,201.4459,-2.8033,-13.9827,-40.8378,0.7772,-0.5055,-0.3747,0.9980,10,44.066456,0.3604,1.2101
BiancaGolden_CircleTurns,-164.1164,121.1257,201.4608,-2.7040,-13.9808,-40.7405,0.7790,-0.5056,-0.3708,0.9980,10,44.080235,0.3588,1.2113
BiancaGolden_CircleTurns,-164.2762,121.2329,201.4447,-2.6159,-13.9295,-40.6452,0.7756,-0.5048,-0.3790,0.9980,11,44.094265,0.3572,1.2123
BiancaGolden_CircleTurns,-164.4480,121.3156,201.3845,-2.5095,-13.9420,-40.5153,0.7766,-0.5031,-0.3792,0.9980,11,44.107662,0.3555,1.2132
BiancaGolden_CircleTurns,-164.5921,121.3700,201.3703,-2.3836,-13.9358,-40.3463,0.7783,-0.5002,-0.3797,0.9980,11,44.122021,0.3541,1.2137
BiancaGolden_CircleTurns,-164.7358,121.4217,201.3828,-2.2889,-13.9529,-40.1223,0.7788,-0.4965,-0.3834,0.9980,12,44.135731,0.3526,1.2142
BiancaGolden_CircleTurns,-164.8612,121.4371,201.4029,-2.1812,-13.9840,-39.8193,0.7800,-0.4937,-0.3845,0.9980,12,44.149670,0.3514,1.2144
BiancaGolden_CircleTurns,-165.0099,121.4480,201.3907,-2.1352,-14.0324,-39.4539,0.7777,-0.4933,-0.3898,0.9980,13,44.163906,0.3499,1.2145
BiancaGolden_CircleTurns,-165.1565,121.4785,201.3294,-2.1233,-14.0519,-39.1137,0.7802,-0.4892,-0.3900,0.9980,13,44.177803,0.3484,1.2148
BiancaGolden_CircleTurns,-165.3077,121.5262,201.2685,-2.2252,-14.2718,-38.7594,0.7811,-0.4820,-0.3969,0.9980,14,44.191910,0.3469,1.2153
BiancaGolden_CircleTurns,-165.3910,121.5128,201.3508,-2.4020,-14.5317,-38.4085,0.7964,-0.4562,-0.3971,0.9980,14,44.205643,0.3461,1.2151
BiancaGolden_CircleTurns,-165.4473,121.4890,201.5110,-2.5859,-14.6947,-38.1026,0.7984,-0.4529,-0.3967,0.9980,14,44.219738,0.3455,1.2149
BiancaGolden_CircleTurns,-165.5453,121.5265,201.4732,-2.7703,-14.6977,-37.8899,0.8222,-0.4115,-0.3932,0.9980,15,44.233356,0.3445,1.2153
BiancaGolden_CircleTurns,-165.6813,121.6573,201.2878,-2.9817,-14.7766,-37.7402,0.8232,-0.4085,-0.3944,0.9980,15,44.246670,0.3432,1.2166
BiancaGolden_CircleTurns,-165.7895,121.8186,201.0611,-3.3498,-14.9194,-37.6793,0.8253,-0.4085,-0.3899,0.9980,16,44.261566,0.3421,1.2182
BiancaGolden_CircleTurns,-165.8560,121.9499,200.9597,-3.7232,-15.0749,-37.6242,0.8235,-0.4114,-0.3907,0.9980,16,44.275249,0.3414,1.2195
BiancaGolden_CircleTurns,-165.8671,122.0363,200.9985,-3.9813,-15.1352,-37.5803,0.8241,-0.4109,-0.3899,0.9980,16,44.289642,0.3413,1.2204
BiancaGolden_CircleTurns,-165.8542,122.1420,201.0936,-4.1445,-15.1185,-37.5454,0.8245,-0.4123,-0.3876,0.9980,17,44.303909,0.3415,1.2214
BiancaGolden_CircleTurns,-165.8325,122.2985,201.1150,-4.1862,-15.1274,-37.5220,0.8239,-0.4137,-0.3873,0.9980,17,44.316757,0.3417,1.2230
BiancaGolden_CircleTurns,-165.8512,122.5036,201.0338,-4.2246,-15.2234,-37.4596,0.8182,-0.4203,-0.3923,0.9980,18,44.331715,0.3415,1.2250
BiancaGolden_CircleTurns,-165.8393,122.7403,200.9529,-4.3123,-15.3649,-37.4380,0.8186,-0.4215,-0.3902,0.9980,18,44.345070,0.3416,1.2274
BiancaGolden_CircleTurns,-165.8145,122.9708,200.9036,-4.4217,-15.5263,-37.4804,0.8159,-0.4260,-0.3909,0.9980,19,44.359726,0.3419,1.2297
BiancaGolden_CircleTurns,-165.7561,123.2086,200.9160,-4.4263,-15.6165,-37.5765,0.8117,-0.4327,-0.3923,0.9980,19,44.373085,0.3424,1.2321
BiancaGolden_CircleTurns,-165.6849,123.4531,200.9450,-4.3134,-15.6559,-37.6457,0.8108,-0.4338,-0.3930,0.9980,19,44.387058,0.3432,1.2345
BiancaGolden_CircleTurns,-165.5953,123.7336,201.0011,-4.1377,-15.6738,-37.6936,0.8106,-0.4367,-0.3901,0.9980,20,44.400791,0.3440,1.2373
BiancaGolden_CircleTurns,-165.4823,124.0375,201.0297,-3.9849,-15.6674,-37.8024,0.8094,-0.4396,-0.3892,0.9980,20,44.413975,0.3452,1.2404
BiancaGolden_CircleTurns,-165.3874,124.3261,201.0349,-3.7382,-15.6359,-37.9129,0.8067,-0.4446,-0.3894,0.9980,21,44.429337,0.3461,1.2433
BiancaGolden_CircleTurns,-165.2660,124.5900,201.0631,-3.3661,-15.5682,-38.1072,0.8037,-0.4502,-0.3891,0.9980,21,44.443008,0.3473,1.2459
BiancaGolden_CircleTurns,-165.1333,124.8434,201.1051,-2.8064,-15.4581,-38.3697,0.8010,-0.4554,-0.3887,0.9980,21,44.456959,0.3487,1.2484
BiancaGolden_CircleTurns,-164.9932,125.0704,201.1142,-2.0952,-15.3280,-38.6274,0.7942,-0.4644,-0.3919,0.9980,22,44.470585,0.3501,1.2507
BiancaGolden_CircleTurns,-164.8378,125.2725,201.0874,-1.2310,-15.2295,-39.0018,0.7895,-0.4776,-0.3856,0.9980,22,44.483685,0.3516,1.2527
BiancaGolden_CircleTurns,-164.6737,125.4723,201.0359,-0.5589,-15.1555,-39.3482,0.7853,-0.4842,-0.3858,0.9980,23,44.498604,0.3533,1.2547
BiancaGolden_CircleTurns,-164.4634,125.6515,201.0029,0.0250,-15.1161,-39.7643,0.7817,-0.4884,-0.3878,0.9980,23,44.512520,0.3554,1.2565
BiancaGolden_CircleTurns,-164.2329,125.8376,200.9736,0.4704,-15.1771,-40.1143,0.7765,-0.4889,-0.3974,0.9980,24,44.526962,0.3577,1.2584
BiancaGolden_CircleTurns,-163.9828,126.0602,200.9317,0.8356,-15.2811,-40.3666,0.7768,-0.4858,-0.4007,0.9980,24,44.543842,0.3602,1.2606
BiancaGolden_CircleTurns,-163.7041,126.3058,200.8781,0.9299,-15.4830,-40.5486,0.7746,-0.4862,-0.4044,0.9980,24,44.555286,0.3630,1.2631
BiancaGolden_CircleTurns,-163.3915,126.5761,200.8281,0.6887,-15.7479,-40.6995,0.7740,-0.4861,-0.4057,0.9980,25,44.567585,0.3661,1.2658
BiancaGolden_CircleTurns,-163.0653,126.8129,200.8029,0.4589,-15.9076,-40.8419,0.7763,-0.4823,-0.4058,0.9980,25,44.581421,0.3693,1.2681
BiancaGolden_CircleTurns,-162.7244,127.0536,200.7766,0.2770,-16.0002,-41.0161,0.7786,-0.4790,-0.4054,0.9980,26,44.596153,0.3728,1.2705
BiancaGolden_CircleTurns,-162.3371,127.2855,200.7931,0.1056,-16.0282,-41.1899,0.7797,-0.4782,-0.4041,0.9980,26,44.609619,0.3766,1.2729
BiancaGolden_CircleTurns,-161.9248,127.5433,200.7972,-0.0424,-15.9781,-41.3386,0.7791,-0.4803,-0.4028,0.9980,26,44.623508,0.3808,1.2754
BiancaGolden_CircleTurns,-161.4886,127.8210,200.7802,-0.2087,-15.9035,-41.5070,0.7811,-0.4792,-0.4002,0.9980,27,44.637222,0.3851,1.2782
BiancaGolden_CircleTurns,-161.0493,128.1201,200.7137,-0.4533,-15.8480,-41.7296,0.7799,-0.4826,-0.3987,0.9980,27,44.650581,0.3895,1.2812
BiancaGolden_CircleTurns,-160.5778,128.4254,200.6583,-0.7226,-15.8067,-41.9741,0.7790,-0.4859,-0.3963,0.9980,28,44.665565,0.3942,1.2843
BiancaGolden_CircleTurns,-160.0650,128.7120,200.6302,-1.0127,-15.7730,-42.2296,0.7776,-0.4896,-0.3946,0.9980,28,44.679352,0.3993,1.2871
BiancaGolden_CircleTurns,-159.5121,129.0082,200.6386,-1.3111,-15.7066,-42.5182,0.7819,-0.4882,-0.3877,0.9980,29,44.693405,0.4049,1.2901
BiancaGolden_CircleTurns,-158.9239,129.3230,200.6152,-1.5526,-15.6214,-42.8276,0.7767,-0.4933,-0.3916,0.9980,29,44.707043,0.4108,1.2932
BiancaGolden_CircleTurns,-158.3603,129.6644,200.5258,-1.7942,-15.6131,-43.0866,0.7749,-0.4964,-0.3913,0.9980,29,44.721424,0.4164,1.2966
BiancaGolden_CircleTurns,-157.7450,130.0167,200.4081,-2.0015,-15.6345,-43.3411,0.7761,-0.4973,-0.3877,0.9980,30,44.735359,0.4225,1.3002
BiancaGolden_CircleTurns,-157.0972,130.3611,200.3200,-2.0930,-15.7211,-43.5814,0.7756,-0.4969,-0.3894,0.9980,30,44.748268,0.4290,1.3036
BiancaGolden_CircleTurns,-156.3994,130.6980,200.2420,-2.0902,-15.8010,-43.7901,0.7733,-0.4993,-0.3908,0.9980,31,44.763172,0.4360,1.3070
BiancaGolden_CircleTurns,-155.6738,131.0417,200.0963,-1.9925,-15.8759,-44.0006,0.7714,-0.5007,-0.3928,0.9980,31,44.776985,0.4433,1.3104
BiancaGolden_CircleTurns,-154.9584,131.3908,199.8654,-1.8306,-15.9251,-44.3143,0.7659,-0.5065,-0.3961,0.9980,31,44.791180,0.4504,1.3139
BiancaGolden_CircleTurns,-154.2392,131.7197,199.5746,-1.4635,-16.0402,-44.7691,0.7582,-0.5119,-0.4038,0.9980,32,44.805637,0.4576,1.3172
BiancaGolden_CircleTurns,-153.5413,132.0075,199.2531,-0.7297,-16.3607,-45.2890,0.7434,-0.5195,-0.4212,0.9980,32,44.818104,0.4646,1.3201
BiancaGolden_CircleTurns,-152.8441,132.3106,198.9447,0.0476,-16.8472,-45.8212,0.7351,-0.5240,-0.4302,0.9980,33,44.832859,0.4716,1.3231
BiancaGolden_CircleTurns,-152.1773,132.6200,198.6341,0.7325,-17.3581,-46.3144,0.7282,-0.5247,-0.4410,0.9980,33,44.846775,0.4782,1.3262
BiancaGolden_CircleTurns,-151.5449,132.9427,198.4142,1.2263,-17.7721,-46.6426,0.7277,-0.5234,-0.4433,0.9980,34,44.861073,0.4846,1.3294
BiancaGolden_CircleTurns,-150.9373,133.2414,198.3184,1.5425,-18.1661,-46.8387,0.7267,-0.5236,-0.4447,0.9980,34,44.874500,0.4906,1.3324
BiancaGolden_CircleTurns,-150.3560,133.5276,198.2750,1.7650,-18.5603,-46.9661,0.7236,-0.5234,-0.4500,0.9980,34,44.888958,0.4964,1.3353
BiancaGolden_CircleTurns,-149.8190,133.8101,198.2317,1.8084,-18.8961,-47.1018,0.7256,-0.5222,-0.4481,0.9980,35,44.902348,0.5018,1.3381
BiancaGolden_CircleTurns,-149.3540,134.1312,198.1101,1.8592,-19.2628,-47.2691,0.7259,-0.5184,-0.4520,0.9980,35,44.915493,0.5065,1.3413
BiancaGolden_CircleTurns,-148.9259,134.4775,197.9749,1.8392,-19.6307,-47.4046,0.7256,-0.5196,-0.4511,0.9980,36,44.930767,0.5107,1.3448
BiancaGolden_CircleTurns,-148.5359,134.8351,197.8834,1.7560,-19.9724,-47.5553,0.7233,-0.5190,-0.4556,0.9980,36,44.945309,0.5146,1.3484
BiancaGolden_CircleTurns,-148.1615,135.1814,197.8673,1.6360,-20.3244,-47.6561,0.7205,-0.5189,-0.4600,0.9980,37,44.959076,0.5184,1.3518
BiancaGolden_CircleTurns,-147.7845,135.5489,197.8657,1.5404,-20.6366,-47.8040,0.7212,-0.5216,-0.4559,0.9980,37,44.972046,0.5222,1.3555
BiancaGolden_CircleTurns,-147.4696,135.9438,197.9229,1.4147,-20.9637,-47.8526,0.7195,-0.5208,-0.4594,0.9980,37,44.986065,0.5253,1.3594
BiancaGolden_CircleTurns,-147.1605,136.3536,197.9908,1.2838,-21.2186,-47.8864,0.7219,-0.5234,-0.4528,0.9980,38,44.999855,0.5284,1.3635
BiancaGolden_CircleTurns,-146.8907,136.7612,198.0373,1.1719,-21.4325,-47.9137,0.7241,-0.5219,-0.4509,0.9980,38,45.012974,0.5311,1.3676
BiancaGolden_CircleTurns,-146.6326,137.1787,198.0775,1.1769,-21.4490,-47.9435,0.7283,-0.5292,-0.4353,0.9980,39,45.027897,0.5337,1.3718
BiancaGolden_CircleTurns,-146.4011,137.5993,198.1150,1.2454,-21.2627,-47.9671,0.7322,-0.5314,-0.4261,0.9980,39,45.044987,0.5360,1.3760
BiancaGolden_CircleTurns,-146.1670,138.0110,198.1877,1.3007,-20.8867,-47.9757,0.7335,-0.5334,-0.4212,0.9980,39,45.056767,0.5383,1.3801
BiancaGolden_CircleTurns,-145.9277,138.4054,198.3014,1.4071,-20.5983,-47.9914,0.7346,-0.5352,-0.4170,0.9980,40,45.069649,0.5407,1.3841
BiancaGolden_CircleTurns,-145.7519,138.8200,198.4125,1.6730,-20.2222,-47.8994,0.7339,-0.5420,-0.4094,0.9980,40,45.082771,0.5425,1.3882
BiancaGolden_CircleTurns,-145.5981,139.2410,198.4688,1.9190,-20.0081,-47.7941,0.7338,-0.5437,-0.4072,0.9980,41,45.098083,0.5440,1.3924
BiancaGolden_CircleTurns,-145.5018,139.6610,198.4977,2.1333,-19.8908,-47.6418,0.7327,-0.5478,-0.4038,0.9980,41,45.111359,0.5450,1.3966
BiancaGolden_CircleTurns,-145.4056,140.0504,198.5423,2.2898,-19.7679,-47.5009,0.7382,-0.5428,-0.4005,0.9980,42,45.125332,0.5459,1.4005
BiancaGolden_CircleTurns,-145.3326,140.4168,198.6305,2.3947,-19.6734,-47.3435,0.7404,-0.5412,-0.3986,0.9980,42,45.138985,0.5467,1.4042
BiancaGolden_CircleTurns,-145.2657,140.7759,198.7089,2.4323,-19.5456,-47.1847,0.7377,-0.5458,-0.3974,0.9980,42,45.154087,0.5473,1.4078
BiancaGolden_CircleTurns,-145.2502,141.0988,198.7802,2.4005,-19.4662,-46.9903,0.7346,-0.5446,-0.4046,0.9980,43,45.166821,0.5475,1.4110
BiancaGolden_CircleTurns,-145.2464,141.4217,198.8340,2.3923,-19.3749,-46.8109,0.7351,-0.5432,-0.4056,0.9980,43,45.179951,0.5475,1.4142
BiancaGolden_CircleTurns,-145.2454,141.7272,198.8948,2.3204,-19.2698,-46.6524,0.7298,-0.5497,-0.4064,0.9980,44,45.194912,0.5475,1.4173
BiancaGolden_CircleTurns,-145.2801,142.0154,198.9358,2.1597,-19.1903,-46.4495,0.7284,-0.5462,-0.4137,0.9980,44,45.208744,0.5472,1.4202
BiancaGolden_CircleTurns,-145.3062,142.2859,198.9813,1.9919,-19.0994,-46.2998,0.7303,-0.5452,-0.4115,0.9980,44,45.223232,0.5469,1.4229
BiancaGolden_CircleTurns,-145.3599,142.5222,199.0290,1.7873,-19.0070,-46.1819,0.7285,-0.5464,-0.4132,0.9980,45,45.236679,0.5464,1.4252
BiancaGolden_CircleTurns,-145.4544,142.7938,199.0035,1.6211,-18.8585,-46.0594,0.7295,-0.5448,-0.4135,0.9980,45,45.249889,0.5455,1.4279
BiancaGolden_CircleTurns,-145.5506,143.0346,198.9734,1.5058,-18.8142,-45.9388,0.7229,-0.5510,-0.4170,0.9980,46,45.265034,0.5445,1.4303
BiancaGolden_CircleTurns,-145.6549,143.2571,198.9869,1.4143,-18.7966,-45.7853,0.7240,-0.5489,-0.4179,0.9980,46,45.278614,0.5435,1.4326
BiancaGolden_CircleTurns,-145.7361,143.4136,199.0776,1.3192,-18.8868,-45.6476,0.7133,-0.5548,-0.4282,0.9980,47,45.292763,0.5426,1.4341
BiancaGolden_CircleTurns,-145.8379,143.5464,199.1790,1.2607,-18.9438,-45.4823,0.7142,-0.5532,-0.4288,0.9980,47,45.306469,0.5416,1.4355
BiancaGolden_CircleTurns,-145.9714,143.7216,199.2102,1.2156,-18.9985,-45.3912,0.7124,-0.5533,-0.4316,0.9980,47,45.321320,0.5403,1.4372
BiancaGolden_CircleTurns,-146.1244,143.8872,199.1863,1.0378,-19.2052,-45.3691,0.7123,-0.5519,-0.4336,0.9980,48,45.334721,0.5388,1.4389
BiancaGolden_CircleTurns,-146.2533,144.0144,199.2278,0.9048,-19.3489,-45.3263,0.7012,-0.5591,-0.4425,0.9980,48,45.347431,0.5375,1.4401
BiancaGolden_CircleTurns,-146.3901,144.1346,199.2407,0.8161,-19.2757,-45.2982,0.7023,-0.5596,-0.4400,0.9980,49,45.362682,0.5361,1.4413
BiancaGolden_CircleTurns,-146.5620,144.3078,199.0955,0.6508,-19.1321,-45.2856,0.7049,-0.5618,-0.4330,0.9980,49,45.376225,0.5344,1.4431
BiancaGolden_CircleTurns,-146.7232,144.4820,198.9314,0.4742,-19.0199,-45.2438,0.7065,-0.5612,-0.4313,0.9980,49,45.390507,0.5328,1.4448
BiancaGolden_CircleTurns,-146.8771,144.6603,198.7748,0.2820,-18.9311,-45.1723,0.7040,-0.5642,-0.4313,0.9980,50,45.403915,0.5312,1.4466
BiancaGolden_CircleTurns,-146.9962,144.7838,198.7688,0.0927,-18.9488,-45.0559,0.7019,-0.5661,-0.4322,0.9980,50,45.416962,0.5300,1.4478
BiancaGolden_CircleTurns,-147.1163,144.8894,198.8501,-0.0627,-19.0119,-44.9708,0.7022,-0.5643,-0.4341,0.9980,51,45.432037,0.5288,1.4489
BiancaGolden_CircleTurns,-147.2583,145.0165,198.8793,-0.2029,-19.1674,-44.9491,0.6989,-0.5649,-0.4387,0.9980,51,45.445774,0.5274,1.4502
BiancaGolden_CircleTurns,-147.4287,145.1812,198.8174,-0.4269,-19.4136,-44.9812,0.6993,-0.5631,-0.4404,0.9980,52,45.459995,0.5257,1.4518
BiancaGolden_CircleTurns,-147.6090,145.4007,198.6844,-0.7960,-19.7017,-45.1009,0.6956,-0.5653,-0.4434,0.9980,52,45.473671,0.5239,1.4540
BiancaGolden_CircleTurns,-147.7741,145.6182,198.5663,-1.2374,-19.9406,-45.3966,0.6926,-0.5675,-0.4453,0.9980,52,45.487728,0.5223,1.4562
BiancaGolden_CircleTurns,-147.9523,145.7957,198.5060,-1.4134,-20.0812,-45.6571,0.6940,-0.5693,-0.4408,0.9980,53,45.501259,0.5205,1.4580
BiancaGolden_CircleTurns,-148.0927,145.9750,198.4915,-1.3667,-20.1252,-45.9507,0.6887,-0.5765,-0.4397,0.9980,53,45.514355,0.5191,1.4597
BiancaGolden_CircleTurns,-148.2016,146.2117,198.5046,-1.3993,-20.1704,-46.2273,0.6891,-0.5786,-0.4363,0.9980,54,45.530163,0.5180,1.4621
BiancaGolden_CircleTurns,-148.3099,146.4743,198.5043,-1.6007,-20.2582,-46.4211,0.6873,-0.5812,-0.4358,0.9980,54,45.546577,0.5169,1.4647
BiancaGolden_CircleTurns,-148.3948,146.7675,198.5503,-1.9872,-20.3994,-46.6209,0.6849,-0.5834,-0.4364,0.9980,54,45.558090,0.5161,1.4677
BiancaGolden_CircleTurns,-148.4686,147.0497,198.6200,-2.3120,-20.4770,-46.8617,0.6836,-0.5863,-0.4347,0.9980,55,45.570965,0.5153,1.4705
BiancaGolden_CircleTurns,-148.5168,147.3153,198.7204,-2.3826,-20.3747,-47.0975,0.6849,-0.5876,-0.4308,0.9980,55,45.584431,0.5148,1.4732
BiancaGolden_CircleTurns,-148.5285,147.5722,198.8479,-2.3937,-20.1457,-47.3225,0.6846,-0.5925,-0.4246,0.9980,56,45.598785,0.5147,1.4757
BiancaGolden_CircleTurns,-148.4955,147.8290,198.9879,-2.3399,-19.7577,-47.5540,0.6856,-0.5971,-0.4166,0.9980,56,45.612553,0.5150,1.4783
BiancaGolden_CircleTurns,-148.4399,148.1042,199.1026,-2.3184,-19.3353,-47.7858,0.6868,-0.5994,-0.4111,0.9980,57,45.626633,0.5156,1.4810
BiancaGolden_CircleTurns,-148.3738,148.3670,199.2143,-2.3112,-18.9994,-47.9613,0.6862,-0.6029,-0.4069,0.9980,57,45.640377,0.5163,1.4837
BiancaGolden_CircleTurns,-148.2871,148.6341,199.3126,-2.2389,-18.7280,-48.1183,0.6908,-0.5993,-0.4045,0.9980,57,45.654774,0.5171,1.4863
BiancaGolden_CircleTurns,-148.1728,148.8947,199.3867,-2.1622,-18.6008,-48.2504,0.6898,-0.6014,-0.4032,0.9980,58,45.668343,0.5183,1.4889
BiancaGolden_CircleTurns,-148.0580,149.1418,199.4555,-2.0660,-18.4636,-48.3920,0.6947,-0.5957,-0.4032,0.9980,58,45.681595,0.5194,1.4914
BiancaGolden_CircleTurns,-147.9159,149.3680,199.4940,-1.9267,-18.5307,-48.5109,0.6924,-0.5971,-0.4051,0.9980,59,45.696117,0.5208,1.4937
BiancaGolden_CircleTurns,-147.7490,149.5712,199.5262,-1.7971,-18.6308,-48.6594,0.6902,-0.5925,-0.4154,0.9980,59,45.709824,0.5225,1.4957
BiancaGolden_CircleTurns,-147.5765,149.7782,199.5438,-1.7491,-18.8275,-48.8559,0.6867,-0.5938,-0.4193,0.9980,59,45.724098,0.5242,1.4978
BiancaGolden_CircleTurns,-147.3713,149.9708,199.5672,-1.7299,-19.0783,-49.0806,0.6826,-0.5891,-0.4324,0.9980,60,45.738022,0.5263,1.4997
BiancaGolden_CircleTurns,-147.1324,150.1169,199.6636,-1.7475,-19.4220,-49.3136,0.6786,-0.5887,-0.4392,0.9980,60,45.750935,0.5287,1.5012
BiancaGolden_CircleTurns,-146.8466,150.2396,199.7554,-1.7382,-19.6760,-49.5349,0.6800,-0.5850,-0.4419,0.9980,61,45.766037,0.5315,1.5024
BiancaGolden_CircleTurns,-146.5365,150.3833,199.7873,-1.7515,-19.8785,-49.7985,0.6783,-0.5893,-0.4388,0.9980,61,45.780067,0.5346,1.5038
BiancaGolden_CircleTurns,-146.2429,150.5398,199.7449,-1.7612,-20.0762,-49.9850,0.6751,-0.5907,-0.4419,0.9980,62,45.794216,0.5376,1.5054
BiancaGolden_CircleTurns,-145.9030,150.6891,199.6578,-1.7006,-20.2753,-50.1968,0.6722,-0.5926,-0.4439,0.9980,62,45.807476,0.5410,1.5069
BiancaGolden_CircleTurns,-145.5377,150.8013,199.6109,-1.6999,-20.4014,-50.4210,0.6704,-0.5971,-0.4405,0.9980,62,45.821716,0.5446,1.5080
BiancaGolden_CircleTurns,-145.1519,150.9271,199.5828,-1.7196,-20.5072,-50.6945,0.6707,-0.5966,-0.4407,0.9980,63,45.835423,0.5485,1.5093
BiancaGolden_CircleTurns,-144.7525,151.0567,199.5372,-1.7581,-20.5541,-50.9630,0.6684,-0.5983,-0.4418,0.9980,63,45.848370,0.5525,1.5106
BiancaGolden_CircleTurns,-144.3210,151.2220,199.4869,-1.8750,-20.6197,-51.2529,0.6692,-0.5972,-0.4422,0.9980,64,45.863388,0.5568,1.5122
BiancaGolden_CircleTurns,-143.8729,151.3686,199.4547,-1.9817,-20.6849,-51.4982,0.6698,-0.5988,-0.4391,0.9980,64,45.877132,0.5613,1.5137
BiancaGolden_CircleTurns,-143.4023,151.5279,199.4217,-2.0953,-20.7383,-51.7124,0.6677,-0.6013,-0.4390,0.9980,64,45.891239,0.5660,1.5153
BiancaGolden_CircleTurns,-142.8947,151.6843,199.3953,-2.2062,-20.7490,-51.9303,0.6697,-0.6012,-0.4359,0.9980,65,45.905602,0.5711,1.5168
BiancaGolden_CircleTurns,-142.3828,151.8491,199.3468,-2.3534,-20.7096,-52.1371,0.6770,-0.5965,-0.4312,0.9980,65,45.918163,0.5762,1.5185
BiancaGolden_CircleTurns,-141.8454,152.0347,199.2562,-2.4881,-20.6014,-52.3654,0.6753,-0.6000,-0.4289,0.9980,66,45.933601,0.5815,1.5203
BiancaGolden_CircleTurns,-141.2951,152.2229,199.1510,-2.6646,-20.4669,-52.5872,0.6738,-0.6027,-0.4275,0.9980,66,45.946941,0.5870,1.5222
BiancaGolden_CircleTurns,-140.7373,152.4161,199.0450,-2.8606,-20.3772,-52.8292,0.6719,-0.6063,-0.4253,0.9980,67,45.961166,0.5926,1.5242
BiancaGolden_CircleTurns,-140.1553,152.6147,198.9265,-3.0428,-20.2775,-53.0840,0.6699,-0.6092,-0.4244,0.9980,67,45.974514,0.5984,1.5261
BiancaGolden_CircleTurns,-139.5622,152.8311,198.8193,-3.2466,-20.2487,-53.3244,0.6750,-0.6027,-0.4256,0.9980,67,45.988773,0.6044,1.5283
BiancaGolden_CircleTurns,-138.9505,153.0530,198.7651,-3.4563,-20.3468,-53.5160,0.6728,-0.6042,-0.4269,0.9980,68,46.002300,0.6105,1.5305
BiancaGolden_CircleTurns,-138.3234,153.2774,198.7181,-3.6918,-20.4784,-53.7080,0.6679,-0.6040,-0.4348,0.9980,68,46.015347,0.6168,1.5328
BiancaGolden_CircleTurns,-137.7059,153.5233,198.6499,-3.9299,-20.6130,-53.8651,0.6653,-0.6025,-0.4409,0.9980,69,46.030678,0.6229,1.5352
BiancaGolden_CircleTurns,-137.1329,153.7833,198.5452,-4.0196,-20.6995,-53.9801,0.6641,-0.6030,-0.4421,0.9980,69,46.047462,0.6287,1.5378
BiancaGolden_CircleTurns,-136.5727,154.0264,198.4821,-3.9214,-20.7570,-54.0499,0.6637,-0.6044,-0.4407,0.9980,70,46.059120,0.6343,1.5403
BiancaGolden_CircleTurns,-135.9980,154.2602,198.4543,-3.8053,-20.6447,-54.1134,0.6680,-0.6032,-0.4357,0.9980,70,46.072220,0.6400,1.5426
BiancaGolden_CircleTurns,-135.4201,154.5014,198.3957,-3.8277,-20.3719,-54.2309,0.6838,-0.6026,-0.4115,0.9980,70,46.086369,0.6458,1.5450
BiancaGolden_CircleTurns,-134.8669,154.7347,198.3464,-3.8819,-19.9905,-54.3559,0.6903,-0.6063,-0.3948,0.9980,71,46.099640,0.6513,1.5473
BiancaGolden_CircleTurns,-134.3693,154.9732,198.3272,-3.8182,-19.7442,-54.3870,0.6908,-0.6066,-0.3936,0.9980,71,46.112583,0.6563,1.5497
BiancaGolden_CircleTurns,-133.8853,155.1960,198.3698,-3.7003,-19.6417,-54.3623,0.6952,-0.6016,-0.3933,0.9980,72,46.127403,0.6611,1.5520
BiancaGolden_CircleTurns,-133.4353,155.4364,198.4159,-3.6317,-19.6587,-54.3199,0.6954,-0.6000,-0.3956,0.9980,72,46.141483,0.6656,1.5544
BiancaGolden_CircleTurns,-133.0200,155.7044,198.4349,-3.6146,-19.7983,-54.2469,0.6896,-0.5972,-0.4097,0.9980,72,46.155655,0.6698,1.5570
BiancaGolden_CircleTurns,-132.6463,155.9488,198.4481,-3.5208,-19.9803,-54.1395,0.6905,-0.5940,-0.4128,0.9980,73,46.169033,0.6735,1.5595
BiancaGolden_CircleTurns,-132.3189,156.1714,198.4871,-3.3570,-20.1447,-53.9599,0.6882,-0.5919,-0.4195,0.9980,73,46.182137,0.6768,1.5617
BiancaGolden_CircleTurns,-132.0013,156.4001,198.5358,-3.1907,-20.2627,-53.8058,0.6889,-0.5896,-0.4217,0.9980,74,46.196991,0.6800,1.5640
BiancaGolden_CircleTurns,-131.7246,156.6506,198.5681,-3.0752,-20.3770,-53.6604,0.6897,-0.5872,-0.4237,0.9980,74,46.211025,0.6828,1.5665
BiancaGolden_CircleTurns,-131.4679,156.9026,198.6202,-3.0493,-20.5005,-53.5208,0.6873,-0.5860,-0.4291,0.9980,75,46.225098,0.6853,1.5690
BiancaGolden_CircleTurns,-131.2338,157.1388,198.7032,-3.1024,-20.6260,-53.3912,0.6881,-0.5848,-0.4295,0.9980,75,46.238857,0.6877,1.5714
BiancaGolden_CircleTurns,-131.0287,157.3728,198.8071,-3.2642,-20.6807,-53.3219,0.6878,-0.5905,-0.4221,0.9980,75,46.253231,0.6897,1.5737
BiancaGolden_CircleTurns,-130.8392,157.6029,198.8861,-3.4114,-20.6273,-53.3273,0.6855,-0.5953,-0.4191,0.9980,76,46.267132,0.6916,1.5760
BiancaGolden_CircleTurns,-130.6683,157.8314,198.9516,-3.5770,-20.4637,-53.3564,0.6835,-0.5999,-0.4159,0.9980,76,46.279797,0.6933,1.5783
BiancaGolden_CircleTurns,-130.4912,158.0516,199.0265,-3.6545,-20.2324,-53.3460,0.6855,-0.6007,-0.4114,0.9980,77,46.294640,0.6951,1.5805
BiancaGolden_CircleTurns,-130.3303,158.2618,199.0991,-3.6764,-19.9635,-53.2773,0.6878,-0.6012,-0.4069,0.9980,77,46.308525,0.6967,1.5826
BiancaGolden_CircleTurns,-130.1838,158.5016,199.1305,-3.6618,-19.6587,-53.1791,0.6896,-0.5986,-0.4076,0.9980,77,46.322609,0.6982,1.5850
BiancaGolden_CircleTurns,-130.0819,158.7432,199.1184,-3.6086,-19.4757,-52.9897,0.6856,-0.6028,-0.4082,0.9980,78,46.336308,0.6992,1.5874
BiancaGolden_CircleTurns,-129.9716,159.0001,199.1006,-3.5125,-19.3764,-52.7815,0.6868,-0.5980,-0.4132,0.9980,78,46.349937,0.7003,1.5900
BiancaGolden_CircleTurns,-129.8824,159.2462,199.0642,-3.3611,-19.3928,-52.4690,0.6844,-0.5982,-0.4169,0.9980,79,46.364826,0.7012,1.5925
BiancaGolden_CircleTurns,-129.8137,159.5073,199.0098,-3.2161,-19.4300,-52.1234,0.6886,-0.5912,-0.4198,0.9980,79,46.378139,0.7019,1.5951
BiancaGolden_CircleTurns,-129.7628,159.7535,198.9494,-3.0892,-19.5965,-51.6176,0.6930,-0.5845,-0.4220,0.9980,80,46.392326,0.7024,1.5975
BiancaGolden_CircleTurns,-129.7163,159.9849,198.9290,-3.0654,-19.7197,-51.1136,0.6984,-0.5767,-0.4237,0.9980,80,46.406136,0.7028,1.5998
BiancaGolden_CircleTurns,-129.6809,160.2162,198.8874,-3.1322,-19.8405,-50.5332,0.6931,-0.5778,-0.4311,0.9980,80,46.420265,0.7032,1.6022
BiancaGolden_CircleTurns,-129.6743,160.4592,198.8367,-3.2369,-20.0186,-49.9492,0.6982,-0.5687,-0.4347,0.9980,81,46.434475,0.7033,1.6046
BiancaGolden_CircleTurns,-129.6896,160.7052,198.8078,-3.2948,-20.2648,-49.3239,0.7002,-0.5616,-0.4409,0.9980,81,46.447258,0.7031,1.6071
BiancaGolden_CircleTurns,-129.7560,160.9097,198.8221,-3.3436,-20.4760,-48.6240,0.7053,-0.5544,-0.4418,0.9980,82,46.462265,0.7024,1.6091
BiancaGolden_CircleTurns,-129.8184,161.1277,198.8420,-3.4080,-20.6412,-48.0789,0.7105,-0.5482,-0.4412,0.9980,82,46.475861,0.7018,1.6113
BiancaGolden_CircleTurns,-129.8888,161.2815,198.8940,-3.5283,-20.6158,-47.5304,0.7079,-0.5505,-0.4425,0.9980,82,46.489899,0.7011,1.6128
BiancaGolden_CircleTurns,-129.9826,161.4570,198.9400,-3.6804,-20.5637,-47.1189,0.7004,-0.5610,-0.4413,0.9980,83,46.503605,0.7002,1.6146
BiancaGolden_CircleTurns,-130.1066,161.6157,198.9236,-3.7999,-20.4571,-46.7565,0.6908,-0.5777,-0.4347,0.9980,83,46.517326,0.6989,1.6162
BiancaGolden_CircleTurns,-130.2480,161.7714,198.9341,-3.9411,-20.3990,-46.5028,0.6856,-0.5814,-0.4381,0.9980,84,46.531532,0.6975,1.6177
BiancaGolden_CircleTurns,-130.3840,161.9091,198.9279,-4.0458,-20.3038,-46.2043,0.6875,-0.5788,-0.4385,0.9980,84,46.548965,0.6962,1.6191
BiancaGolden_CircleTurns,-130.5376,162.0308,198.9629,-4.2082,-20.3392,-46.0167,0.6892,-0.5760,-0.4397,0.9980,85,46.560795,0.6946,1.6203
BiancaGolden_CircleTurns,-130.6901,162.1688,198.9739,-4.5070,-20.4469,-45.8471,0.6723,-0.5921,-0.4443,0.9980,85,46.573685,0.6931,1.6217
BiancaGolden_CircleTurns,-130.8533,162.3232,198.9594,-4.8862,-20.6096,-45.7592,0.6700,-0.5932,-0.4462,0.9980,85,46.588837,0.6915,1.6232
BiancaGolden_CircleTurns,-131.0177,162.4502,198.9451,-5.2861,-20.7109,-45.6860,0.6707,-0.5921,-0.4468,0.9980,86,46.600891,0.6898,1.6245
BiancaGolden_CircleTurns,-131.1865,162.5739,198.9302,-5.5673,-20.7628,-45.6390,0.6621,-0.5959,-0.4544,0.9980,86,46.614170,0.6881,1.6257
BiancaGolden_CircleTurns,-131.3616,162.6795,198.9106,-5.7534,-20.7646,-45.5930,0.6619,-0.5951,-0.4559,0.9980,87,46.630016,0.6864,1.6268
BiancaGolden_CircleTurns,-131.5188,162.8224,198.8579,-5.9892,-20.7423,-45.6095,0.6631,-0.5930,-0.4568,0.9980,87,46.643856,0.6848,1.6282
BiancaGolden_CircleTurns,-131.6729,162.9601,198.7909,-6.2192,-20.7307,-45.6569,0.6634,-0.5934,-0.4558,0.9980,87,46.657272,0.6833,1.6296
BiancaGolden_CircleTurns,-131.8128,163.1029,198.7230,-6.4802,-20.6858,-45.6924,0.6631,-0.5936,-0.4560,0.9980,88,46.670479,0.6819,1.6310
BiancaGolden_CircleTurns,-131.9744,163.2495,198.6559,-6.6616,-20.6922,-45.7161,0.6564,-0.6028,-0.4537,0.9980,88,46.683811,0.6803,1.6325
BiancaGolden_CircleTurns,-132.1438,163.3780,198.6047,-6.6390,-20.8043,-45.8643,0.6536,-0.6047,-0.4552,0.9980,89,46.699657,0.6786,1.6338
BiancaGolden_CircleTurns,-132.2647,163.5630,198.5683,-6.6809,-20.9050,-46.0858,0.6510,-0.6046,-0.4590,0.9980,89,46.712849,0.6774,1.6356
BiancaGolden_CircleTurns,-132.3691,163.7424,198.5609,-6.7872,-21.1039,-46.2214,0.6496,-0.6035,-0.4623,0.9980,90,46.726776,0.6763,1.6374
BiancaGolden_CircleTurns,-132.4656,163.9402,198.5674,-6.8319,-21.3202,-46.2451,0.6391,-0.6111,-0.4670,0.9980,90,46.740593,0.6753,1.6394
BiancaGolden_CircleTurns,-132.5469,164.1516,198.5344,-6.8697,-21.5270,-46.2923,0.6432,-0.6074,-0.4663,0.9980,90,46.754589,0.6745,1.6415
BiancaGolden_CircleTurns,-132.6539,164.3841,198.4748,-6.8720,-21.7375,-46.3341,0.6458,-0.6077,-0.4622,0.9980,91,46.768654,0.6735,1.6438
BiancaGolden_CircleTurns,-132.7209,164.6201,198.4672,-6.8134,-21.9337,-46.4257,0.6434,-0.6085,-0.4644,0.9980,91,46.781960,0.6728,1.6462
BiancaGolden_CircleTurns,-132.7743,164.8681,198.4780,-6.8051,-22.0798,-46.5736,0.6425,-0.6082,-0.4660,0.9980,92,46.796764,0.6723,1.6487
BiancaGolden_CircleTurns,-132.8009,165.1167,198.5355,-6.7712,-22.2325,-46.7340,0.6459,-0.6084,-0.4612,0.9980,92,46.810566,0.6720,1.6512
BiancaGolden_CircleTurns,-132.8123,165.3737,198.5998,-6.6957,-22.2676,-46.8745,0.6489,-0.6084,-0.4569,0.9980,93,46.825111,0.6719,1.6537
BiancaGolden_CircleTurns,-132.8030,165.6216,198.6720,-6.5909,-22.2432,-47.0028,0.6488,-0.6117,-0.4527,0.9980,93,46.838398,0.6720,1.6562
BiancaGolden_CircleTurns,-132.7514,165.8598,198.7835,-6.4886,-22.1214,-47.1163,0.6494,-0.6182,-0.4429,0.9980,93,46.853016,0.6725,1.6586
BiancaGolden_CircleTurns,-132.6765,166.0992,198.9193,-6.4113,-21.8880,-47.2165,0.6499,-0.6214,-0.4376,0.9980,94,46.865917,0.6732,1.6610
BiancaGolden_CircleTurns,-132.5952,166.3524,199.0030,-6.3469,-21.6449,-47.3153,0.6503,-0.6238,-0.4336,0.9980,94,46.879440,0.6740,1.6635
BiancaGolden_CircleTurns,-132.5273,166.6220,199.0266,-6.2600,-21.4020,-47.3919,0.6520,-0.6245,-0.4299,0.9980,95,46.894527,0.6747,1.6662
BiancaGolden_CircleTurns,-132.4407,166.8934,199.0276,-6.1692,-21.2303,-47.4411,0.6521,-0.6245,-0.4299,0.9980,95,46.908169,0.6756,1.6689
BiancaGolden_CircleTurns,-132.3017,167.1288,199.1090,-6.0683,-21.1544,-47.4365,0.6545,-0.6220,-0.4299,0.9980,95,46.922367,0.6770,1.6713
BiancaGolden_CircleTurns,-132.1263,167.3536,199.2281,-5.9526,-21.0781,-47.3938,0.6521,-0.6237,-0.4310,0.9980,96,46.936733,0.6787,1.6735
BiancaGolden_CircleTurns,-131.9322,167.6066,199.2955,-5.9772,-21.0284,-47.3940,0.6529,-0.6232,-0.4306,0.9980,96,46.949554,0.6807,1.6761
BiancaGolden_CircleTurns,-131.7072,167.8040,199.3698,-6.0493,-21.0245,-47.3361,0.6516,-0.6202,-0.4368,0.9980,97,46.964031,0.6829,1.6780
BiancaGolden_CircleTurns,-131.4348,167.9377,199.4614,-5.9840,-20.9015,-47.2920,0.6510,-0.6199,-0.4381,0.9980,97,46.978542,0.6857,1.6794
BiancaGolden_CircleTurns,-131.1460,168.0724,199.5438,-5.8563,-20.6973,-47.3311,0.6517,-0.6223,-0.4336,0.9980,98,46.992825,0.6885,1.6807
BiancaGolden_CircleTurns,-130.8409,168.1786,199.5814,-5.6491,-20.3986,-47.3789,0.6494,-0.6270,-0.4303,0.9980,98,47.006016,0.6916,1.6818
BiancaGolden_CircleTurns,-130.5108,168.2965,199.5726,-5.4968,-20.1504,-47.4399,0.6491,-0.6288,-0.4281,0.9980,98,47.020100,0.6949,1.6830
BiancaGolden_CircleTurns,-130.1817,168.3761,199.5433,-5.3289,-19.9277,-47.4780,0.6418,-0.6324,-0.4338,0.9980,99,47.037277,0.6982,1.6838
BiancaGolden_CircleTurns,-129.8335,168.4653,199.5390,-5.2253,-19.8036,-47.5882,0.6410,-0.6339,-0.4328,0.9980,99,47.047573,0.7017,1.6847
BiancaGolden_CircleTurns,-129.4648,168.5308,199.5207,-5.1568,-19.7512,-47.6857,0.6395,-0.6343,-0.4345,0.9980,100,47.061348,0.7054,1.6853
BiancaGolden_CircleTurns,-129.0935,168.6078,199.4828,-5.0371,-19.8560,-47.7617,0.6322,-0.6323,-0.4477,0.9980,100,47.075768,0.7091,1.6861
BiancaGolden_CircleTurns,-128.6964,168.6868,199.4060,-4.9733,-19.9863,-47.8988,0.6257,-0.6350,-0.4531,0.9980,100,47.089359,0.7130,1.6869
BiancaGolden_CircleTurns,-128.3052,168.7628,199.3276,-4.9367,-20.1177,-47.9977,0.6220,-0.6332,-0.4606,0.9980,101,47.103207,0.7169,1.6876
BiancaGolden_CircleTurns,-127.8842,168.8256,199.3123,-4.9786,-20.2967,-48.1308,0.6201,-0.6342,-0.4618,0.9980,101,47.116268,0.7212,1.6883
BiancaGolden_CircleTurns,-127.4423,168.8991,199.2752,-5.0310,-20.3800,-48.2699,0.6164,-0.6366,-0.4635,0.9980,102,47.131470,0.7256,1.6890
BiancaGolden_CircleTurns,-126.9969,168.9781,199.2444,-5.0679,-20.4778,-48.4399,0.6133,-0.6381,-0.4655,0.9980,102,47.145470,0.7300,1.6898
BiancaGolden_CircleTurns,-126.5522,169.0589,199.2081,-5.0921,-20.5177,-48.5652,0.6096,-0.6359,-0.4733,0.9980,103,47.159473,0.7345,1.6906
BiancaGolden_CircleTurns,-126.0993,169.1805,199.1729,-5.1169,-20.6359,-48.7049,0.6075,-0.6400,-0.4705,0.9980,103,47.172794,0.7390,1.6918
BiancaGolden_CircleTurns,-125.6345,169.3088,199.1732,-5.0920,-20.7608,-48.8153,0.6062,-0.6353,-0.4785,0.9980,103,47.187103,0.7437,1.6931
BiancaGolden_CircleTurns,-125.1571,169.4744,199.1811,-5.1541,-20.8768,-48.9011,0.6047,-0.6358,-0.4797,0.9980,104,47.200771,0.7484,1.6947
BiancaGolden_CircleTurns,-124.6737,169.6472,199.1473,-5.2118,-20.9606,-49.0026,0.6038,-0.6387,-0.4769,0.9980,104,47.213909,0.7533,1.6965
BiancaGolden_CircleTurns,-124.1957,169.8372,199.1350,-5.2462,-21.0042,-49.0946,0.6034,-0.6402,-0.4755,0.9980,105,47.229057,0.7580,1.6984
BiancaGolden_CircleTurns,-123.6880,169.9917,199.1645,-5.2514,-20.9158,-49.2418,0.6041,-0.6428,-0.4710,0.9980,105,47.243256,0.7631,1.6999
BiancaGolden_CircleTurns,-123.1783,170.1617,199.2116,-5.1823,-20.6577,-49.4373,0.6053,-0.6466,-0.4642,0.9980,105,47.256916,0.7682,1.7016
BiancaGolden_CircleTurns,-122.6757,170.3383,199.2382,-5.1070,-20.3924,-49.6044,0.6038,-0.6499,-0.4616,0.9980,106,47.271011,0.7732,1.7034
BiancaGolden_CircleTurns,-122.1708,170.5199,199.2578,-5.0694,-20.1585,-49.8152,0.6003,-0.6549,-0.4591,0.9980,106,47.284023,0.7783,1.7052
BiancaGolden_CircleTurns,-121.6628,170.7085,199.2949,-5.0229,-19.9803,-50.0078,0.5990,-0.6578,-0.4567,0.9980,107,47.299068,0.7834,1.7071
BiancaGolden_CircleTurns,-121.1334,170.9039,199.3307,-4.9974,-19.8215,-50.1922,0.5949,-0.6588,-0.4605,0.9980,107,47.312511,0.7887,1.7090
BiancaGolden_CircleTurns,-120.6045,171.0928,199.3786,-4.9901,-19.7082,-50.3486,0.5937,-0.6610,-0.4588,0.9980,108,47.326763,0.7940,1.7109
BiancaGolden_CircleTurns,-120.0537,171.2760,199.4331,-5.0164,-19.6005,-50.5064,0.5890,-0.6637,-0.4611,0.9980,108,47.340771,0.7995,1.7128
BiancaGolden_CircleTurns,-119.5056,171.4542,199.4868,-5.0147,-19.5214,-50.6523,0.5870,-0.6633,-0.4641,0.9980,108,47.354832,0.8049,1.7145
BiancaGolden_CircleTurns,-118.9667,171.6363,199.5059,-4.9930,-19.4526,-50.7572,0.5897,-0.6613,-0.4637,0.9980,109,47.368809,0.8103,1.7164
BiancaGolden_CircleTurns,-118.4266,171.8292,199.4877,-4.9396,-19.3903,-50.8678,0.5889,-0.6622,-0.4633,0.9980,109,47.381996,0.8157,1.7183
BiancaGolden_CircleTurns,-117.9011,172.0063,199.4716,-4.8845,-19.3586,-50.9495,0.5887,-0.6597,-0.4672,0.9980,110,47.397087,0.8210,1.7201
BiancaGolden_CircleTurns,-117.3631,172.1593,199.4363,-4.8253,-19.3154,-51.0173,0.5870,-0.6634,-0.4640,0.9980,110,47.410404,0.8264,1.7216
BiancaGolden_CircleTurns,-116.8260,172.2928,199.4088,-4.8068,-19.3299,-51.0762,0.5872,-0.6611,-0.4671,0.9980,110,47.424641,0.8317,1.7229
BiancaGolden_CircleTurns,-116.2782,172.4183,199.3472,-4.8530,-19.3059,-51.1582,0.5835,-0.6623,-0.4699,0.9980,111,47.438465,0.8372,1.7242
BiancaGolden_CircleTurns,-115.7514,172.5515,199.2557,-4.9833,-19.3364,-51.2183,0.5829,-0.6621,-0.4710,0.9980,111,47.451641,0.8425,1.7255
BiancaGolden_CircleTurns,-115.2442,172.6663,199.1735,-5.1138,-19.4082,-51.2620,0.5785,-0.6616,-0.4770,0.9980,112,47.466579,0.8476,1.7267
BiancaGolden_CircleTurns,-114.7566,172.7594,199.1046,-5.1711,-19.4906,-51.2929,0.5779,-0.6609,-0.4788,0.9980,112,47.480206,0.8524,1.7276
BiancaGolden_CircleTurns,-114.2875,172.8775,199.0004,-5.2397,-19.6071,-51.3084,0.5730,-0.6586,-0.4877,0.9980,113,47.494923,0.8571,1.7288
BiancaGolden_CircleTurns,-113.8314,172.9925,198.8986,-5.3405,-19.7895,-51.3274,0.5680,-0.6561,-0.4969,0.9980,113,47.508362,0.8617,1.7299
BiancaGolden_CircleTurns,-113.3917,173.1245,198.7794,-5.4610,-19.9690,-51.3490,0.5633,-0.6579,-0.4999,0.9980,113,47.523167,0.8661,1.7312
BiancaGolden_CircleTurns,-112.9697,173.2437,198.6809,-5.6219,-20.1408,-51.3671,0.5618,-0.6592,-0.4998,0.9980,114,47.540665,0.8703,1.7324
BiancaGolden_CircleTurns,-112.5685,173.3564,198.5795,-5.6658,-20.2596,-51.4005,0.5601,-0.6586,-0.5026,0.9980,114,47.549889,0.8743,1.7336
BiancaGolden_CircleTurns,-112.2088,173.4676,198.5032,-5.5416,-20.4401,-51.4368,0.5589,-0.6595,-0.5027,0.9980,115,47.565945,0.8779,1.7347
BiancaGolden_CircleTurns,-111.8165,173.5987,198.4343,-5.5075,-20.5776,-51.4733,0.5586,-0.6583,-0.5046,0.9980,115,47.579777,0.8818,1.7360
BiancaGolden_CircleTurns,-111.4651,173.6711,198.4370,-5.4832,-20.8170,-51.3823,0.5553,-0.6613,-0.5043,0.9980,116,47.593872,0.8853,1.7367
BiancaGolden_CircleTurns,-111.1145,173.7733,198.4439,-5.5070,-21.0093,-51.3623,0.5544,-0.6593,-0.5080,0.9980,116,47.606834,0.8889,1.7377
BiancaGolden_CircleTurns,-110.8286,173.8787,198.4022,-5.4584,-21.2555,-51.3192,0.5573,-0.6590,-0.5051,0.9980,116,47.620590,0.8917,1.7388
BiancaGolden_CircleTurns,-110.5651,174.0077,198.3269,-5.3335,-21.4393,-51.3068,0.5551,-0.6583,-0.5084,0.9980,117,47.634022,0.8943,1.7401
BiancaGolden_CircleTurns,-110.3098,174.1297,198.2833,-5.1843,-21.6630,-51.3637,0.5545,-0.6595,-0.5076,0.9980,117,47.647488,0.8969,1.7413
BiancaGolden_CircleTurns,-110.0935,174.2592,198.2486,-5.0461,-21.7993,-51.4010,0.5528,-0.6594,-0.5094,0.9980,118,47.662514,0.8991,1.7426
BiancaGolden_CircleTurns,-109.8943,174.4018,198.2083,-4.9200,-21.9391,-51.4447,0.5491,-0.6606,-0.5119,0.9980,118,47.675613,0.9011,1.7440
BiancaGolden_CircleTurns,-109.7310,174.5354,198.1697,-4.8292,-22.0668,-51.4740,0.5466,-0.6636,-0.5107,0.9980,118,47.690300,0.9027,1.7454
BiancaGolden_CircleTurns,-109.5716,174.6986,198.1428,-4.8279,-22.1719,-51.5556,0.5423,-0.6688,-0.5086,0.9980,119,47.703938,0.9043,1.7470
BiancaGolden_CircleTurns,-109.4458,174.8566,198.1057,-4.8014,-22.2635,-51.6138,0.5409,-0.6692,-0.5096,0.9980,119,47.716278,0.9055,1.7486
BiancaGolden_CircleTurns,-109.3574,175.0360,198.0723,-4.7422,-22.3260,-51.6923,0.5324,-0.7008,-0.4748,0.9980,120,47.731560,0.9064,1.7504
BiancaGolden_CircleTurns,-109.2888,175.1969,198.0455,-4.6105,-22.3464,-51.7590,0.5143,-0.7379,-0.4371,0.9980,120,47.744976,0.9071,1.7520
BiancaGolden_CircleTurns,-109.2250,175.3692,198.0197,-4.5414,-22.3243,-51.8672,0.4941,-0.7518,-0.4367,0.9980,121,47.758953,0.9078,1.7537
BiancaGolden_CircleTurns,-109.1901,175.5594,197.9744,-4.4911,-22.2475,-51.9526,0.4728,-0.7308,-0.4924,0.9980,121,47.772530,0.9081,1.7556
BiancaGolden_CircleTurns,-109.2007,175.7589,197.9103,-4.4421,-22.2270,-52.0333,0.4765,-0.7290,-0.4914,0.9980,121,47.787388,0.9080,1.7576
BiancaGolden_CircleTurns,-109.2362,175.9763,197.8273,-4.3323,-22.1755,-52.0787,0.4759,-0.7289,-0.4921,0.9980,122,47.800804,0.9076,1.7598
BiancaGolden_CircleTurns,-109.3232,176.2006,197.7675,-4.2000,-22.2373,-52.0937,0.4804,-0.7371,-0.4752,0.9980,122,47.813549,0.9068,1.7620
BiancaGolden_CircleTurns,-109.4318,176.4356,197.7006,-4.0707,-22.2977,-52.0758,0.4905,-0.7408,-0.4589,0.9980,123,47.828461,0.9057,1.7644
BiancaGolden_CircleTurns,-109.5569,176.6782,197.6631,-4.0083,-22.4230,-52.0546,0.4933,-0.7384,-0.4599,0.9980,123,47.842304,0.9044,1.7668
BiancaGolden_CircleTurns,-109.7180,176.9220,197.6292,-3.9862,-22.4961,-51.9502,0.4992,-0.7267,-0.4720,0.9980,123,47.856297,0.9028,1.7692
BiancaGolden_CircleTurns,-109.8966,177.1620,197.6341,-3.9294,-22.5972,-51.8726,0.4999,-0.7255,-0.4730,0.9980,124,47.869926,0.9010,1.7716
BiancaGolden_CircleTurns,-110.1112,177.4073,197.6287,-3.8867,-22.6551,-51.7845,0.5005,-0.7247,-0.4737,0.9980,124,47.883194,0.8989,1.7741
BiancaGolden_CircleTurns,-110.3571,177.6438,197.6444,-3.8486,-22.7006,-51.7125,0.4943,-0.7239,-0.4813,0.9980,125,47.897629,0.8964,1.7764
BiancaGolden_CircleTurns,-110.6206,177.8801,197.6329,-3.7751,-22.6876,-51.6657,0.4925,-0.7204,-0.4883,0.9980,125,47.911434,0.8938,1.7788
BiancaGolden_CircleTurns,-110.8921,178.1222,197.6703,-3.8001,-22.7259,-51.6505,0.4912,-0.7172,-0.4943,0.9980,126,47.925491,0.8911,1.7812
BiancaGolden_CircleTurns,-111.1700,178.3233,197.7433,-3.8253,-22.7902,-51.6181,0.4896,-0.7141,-0.5003,0.9980,126,47.939228,0.8883,1.7832
BiancaGolden_CircleTurns,-111.4654,178.4980,197.8750,-3.9197,-22.8304,-51.6300,0.4880,-0.7147,-0.5011,0.9980,126,47.953976,0.8853,1.7850
BiancaGolden_CircleTurns,-111.7603,178.7189,197.9370,-4.1087,-22.8328,-51.7529,0.4866,-0.7141,-0.5033,0.9980,127,47.968056,0.8824,1.7872
BiancaGolden_CircleTurns,-112.0923,179.0019,197.9302,-4.4905,-22.9528,-51.8750,0.4834,-0.7144,-0.5060,0.9980,127,47.980644,0.8791,1.7900
BiancaGolden_CircleTurns,-112.3994,179.2829,197.9244,-4.8982,-23.1083,-51.9462,0.4826,-0.7132,-0.5084,0.9980,128,47.995483,0.8760,1.7928
BiancaGolden_CircleTurns,-112.6967,179.5752,197.9319,-5.4389,-23.2382,-52.0218,0.4863,-0.7113,-0.5075,0.9980,128,48.009335,0.8730,1.7958
BiancaGolden_CircleTurns,-112.9742,179.8687,197.9425,-6.0224,-23.2981,-52.0583,0.4883,-0.7124,-0.5041,0.9980,128,48.022892,0.8703,1.7987
BiancaGolden_CircleTurns,-113.2316,180.1500,197.9762,-6.5557,-23.3151,-52.0525,0.4904,-0.7119,-0.5027,0.9980,129,48.040142,0.8677,1.8015
BiancaGolden_CircleTurns,-113.4884,180.3945,198.0354,-6.8813,-23.2285,-51.9816,0.4920,-0.7131,-0.4994,0.9980,129,48.050659,0.8651,1.8039
BiancaGolden_CircleTurns,-113.7266,180.6183,198.1329,-6.9929,-22.9851,-51.9761,0.4988,-0.7093,-0.4982,0.9980,130,48.064293,0.8627,1.8062
BiancaGolden_CircleTurns,-113.9555,180.8842,198.1840,-6.9860,-22.6798,-52.0784,0.4981,-0.7125,-0.4942,0.9980,130,48.078480,0.8604,1.8088
BiancaGolden_CircleTurns,-114.1712,181.1797,198.1857,-7.0021,-22.3731,-52.1516,0.4985,-0.7142,-0.4914,0.9980,131,48.091858,0.8583,1.8118
BiancaGolden_CircleTurns,-114.3736,181.4901,198.2017,-7.1051,-22.1824,-52.2115,0.4975,-0.7159,-0.4899,0.9980,131,48.105854,0.8563,1.8149
BiancaGolden_CircleTurns,-114.5661,181.7979,198.2390,-7.1687,-22.0669,-52.2354,0.4973,-0.7175,-0.4878,0.9980,131,48.120274,0.8543,1.8180
BiancaGolden_CircleTurns,-114.7633,182.0811,198.2992,-7.0803,-22.0065,-52.2689,0.4964,-0.7196,-0.4856,0.9980,132,48.133724,0.8524,1.8208
BiancaGolden_CircleTurns,-114.9148,182.3990,198.3280,-7.0050,-21.8683,-52.3996,0.4955,-0.7217,-0.4834,0.9980,132,48.146435,0.8509,1.8240
BiancaGolden_CircleTurns,-115.0467,182.7414,198.3425,-7.0623,-21.7369,-52.5420,0.4926,-0.7245,-0.4822,0.9980,133,48.162312,0.8495,1.8274
BiancaGolden_CircleTurns,-115.1722,183.0851,198.3452,-7.1687,-21.6274,-52.7032,0.4908,-0.7270,-0.4802,0.9980,133,48.175785,0.8483,1.8309
BiancaGolden_CircleTurns,-115.2692,183.4152,198.4194,-7.1677,-21.5682,-52.8598,0.4862,-0.7282,-0.4830,0.9980,133,48.189453,0.8473,1.8342
BiancaGolden_CircleTurns,-115.3536,183.7112,198.5092,-7.0852,-21.4486,-52.9992,0.4863,-0.7288,-0.4820,0.9980,134,48.203590,0.8465,1.8371
BiancaGolden_CircleTurns,-115.3995,183.9877,198.6293,-6.9650,-21.2922,-53.1970,0.4848,-0.7330,-0.4771,0.9980,134,48.216640,0.8460,1.8399
BiancaGolden_CircleTurns,-115.4107,184.2789,198.6979,-6.8876,-20.9792,-53.4301,0.4909,-0.7298,-0.4758,0.9980,135,48.230881,0.8459,1.8428
BiancaGolden_CircleTurns,-115.4291,184.6028,198.7552,-6.8337,-20.7420,-53.6148,0.4904,-0.7308,-0.4748,0.9980,135,48.244614,0.8457,1.8460
BiancaGolden_CircleTurns,-115.3839,184.8963,198.8606,-6.7085,-20.4690,-53.8113,0.4882,-0.7320,-0.4753,0.9980,136,48.259861,0.8462,1.8490
BiancaGolden_CircleTurns,-115.3298,185.1898,198.9929,-6.6514,-20.2548,-54.0220,0.4891,-0.7333,-0.4723,0.9980,136,48.273373,0.8467,1.8519
BiancaGolden_CircleTurns,-115.2296,185.4874,199.1091,-6.5956,-19.9794,-54.2310,0.4879,-0.7360,-0.4693,0.9980,136,48.286964,0.8477,1.8549
BiancaGolden_CircleTurns,-115.1418,185.7918,199.1965,-6.4816,-19.7888,-54.3795,0.4861,-0.7320,-0.4774,0.9980,137,48.300873,0.8486,1.8579
BiancaGolden_CircleTurns,-115.0157,186.0995,199.2649,-6.2444,-19.6037,-54.4957,0.4863,-0.7331,-0.4756,0.9980,137,48.313858,0.8498,1.8610
BiancaGolden_CircleTurns,-114.8480,186.3754,199.3672,-6.0333,-19.4349,-54.6080,0.4925,-0.7285,-0.4763,0.9980,138,48.329018,0.8515,1.8638
BiancaGolden_CircleTurns,-114.6898,186.6472,199.4664,-5.8558,-19.2383,-54.7228,0.4884,-0.7214,-0.4910,0.9980,138,48.342697,0.8531,1.8665
BiancaGolden_CircleTurns,-114.4969,186.8873,199.5443,-5.6138,-19.0311,-54.8690,0.4857,-0.7227,-0.4918,0.9980,138,48.357048,0.8550,1.8689
BiancaGolden_CircleTurns,-114.2924,187.1168,199.5938,-5.3053,-18.8801,-55.0621,0.4833,-0.7259,-0.4894,0.9980,139,48.371048,0.8571,1.8712
BiancaGolden_CircleTurns,-114.0603,187.3300,199.6686,-5.0284,-18.7059,-55.2529,0.4806,-0.7298,-0.4863,0.9980,139,48.384064,0.8594,1.8733
BiancaGolden_CircleTurns,-113.8076,187.5225,199.7291,-4.7917,-18.5090,-55.4951,0.4767,-0.7311,-0.4880,0.9980,140,48.399605,0.8619,1.8752
BiancaGolden_CircleTurns,-113.5420,187.7108,199.7679,-4.5963,-18.2909,-55.7449,0.4762,-0.7267,-0.4952,0.9980,140,48.413235,0.8646,1.8771
BiancaGolden_CircleTurns,-113.2634,187.8790,199.7963,-4.4039,-18.0619,-55.9830,0.4781,-0.7273,-0.4924,0.9980,141,48.426174,0.8674,1.8788
BiancaGolden_CircleTurns,-112.9708,188.0635,199.7893,-4.2447,-17.8840,-56.2291,0.4778,-0.7280,-0.4916,0.9980,141,48.440384,0.8703,1.8806
BiancaGolden_CircleTurns,-112.6500,188.2349,199.7832,-4.0990,-17.7860,-56.4409,0.4711,-0.7298,-0.4955,0.9980,141,48.453949,0.8735,1.8823
BiancaGolden_CircleTurns,-112.3035,188.4102,199.7997,-3.9924,-17.7359,-56.6646,0.4683,-0.7317,-0.4953,0.9980,142,48.468376,0.8770,1.8841
BiancaGolden_CircleTurns,-111.9124,188.5859,199.8032,-3.9522,-17.7245,-56.8771,0.4613,-0.7342,-0.4981,0.9980,142,48.481487,0.8809,1.8859
BiancaGolden_CircleTurns,-111.5046,188.7455,199.8082,-3.9510,-17.7164,-57.0761,0.4589,-0.7363,-0.4973,0.9980,143,48.496658,0.8850,1.8875
BiancaGolden_CircleTurns,-111.0591,188.8948,199.8290,-4.0042,-17.6617,-57.2965,0.4800,-0.7331,-0.4818,0.9980,143,48.509933,0.8894,1.8889
BiancaGolden_CircleTurns,-110.5763,188.9998,199.8854,-4.0828,-17.5381,-57.5470,0.4933,-0.7464,-0.4467,0.9980,143,48.524639,0.8942,1.8900
BiancaGolden_CircleTurns,-110.0804,189.1326,199.8859,-4.1034,-17.3698,-57.8266,0.5015,-0.7564,-0.4200,0.9980,144,48.540611,0.8992,1.8913
BiancaGolden_CircleTurns,-109.5547,189.2315,199.9154,-4.1365,-17.2247,-58.0600,0.4991,-0.7592,-0.4179,0.9980,144,48.550671,0.9045,1.8923
BiancaGolden_CircleTurns,-108.9834,189.3381,199.9520,-4.1478,-17.0869,-58.2985,0.5008,-0.7606,-0.4131,0.9980,145,48.565166,0.9102,1.8934
BiancaGolden_CircleTurns,-108.3819,189.4357,199.9774,-4.0798,-16.9240,-58.4531,0.5014,-0.7621,-0.4097,0.9980,145,48.579765,0.9162,1.8944
BiancaGolden_CircleTurns,-107.7546,189.5354,199.9719,-3.9633,-16.7807,-58.5768,0.5024,-0.7680,-0.3972,0.9980,146,48.593315,0.9225,1.8954
BiancaGolden_CircleTurns,-107.0906,189.6223,199.9842,-3.8565,-16.6595,-58.6431,0.5027,-0.7686,-0.3955,0.9980,146,48.607044,0.9291,1.8962
BiancaGolden_CircleTurns,-106.3905,189.6719,200.0216,-3.7804,-16.5752,-58.7356,0.5013,-0.7670,-0.4004,0.9980,146,48.621273,0.9361,1.8967
BiancaGolden_CircleTurns,-105.6889,189.7256,200.0309,-3.6884,-16.4726,-58.8202,0.5008,-0.7680,-0.3993,0.9980,147,48.634689,0.9431,1.8973
BiancaGolden_CircleTurns,-104.9832,189.7894,200.0352,-3.5745,-16.3975,-58.8784,0.5002,-0.7687,-0.3986,0.9980,147,48.647842,0.9502,1.8979
BiancaGolden_CircleTurns,-104.2822,189.8822,199.9847,-3.4611,-16.3438,-58.9086,0.4977,-0.7693,-0.4006,0.9980,148,48.663326,0.9572,1.8988
BiancaGolden_CircleTurns,-103.5704,189.9816,199.9476,-3.3528,-16.4132,-58.9298,0.4960,-0.7670,-0.4071,0.9980,148,48.676327,0.9643,1.8998
BiancaGolden_CircleTurns,-102.8656,190.0613,199.9297,-3.2865,-16.5485,-58.9450,0.4961,-0.7655,-0.4097,0.9980,148,48.691010,0.9713,1.9006
BiancaGolden_CircleTurns,-102.1446,190.1230,199.9423,-3.2499,-16.6545,-59.0002,0.4942,-0.7625,-0.4176,0.9980,149,48.705082,0.9786,1.9012
BiancaGolden_CircleTurns,-101.4372,190.1887,199.9539,-3.1677,-16.6879,-59.1153,0.4926,-0.7634,-0.4179,0.9980,149,48.717949,0.9856,1.9019
BiancaGolden_CircleTurns,-100.7465,190.2526,199.9530,-3.0423,-16.7040,-59.2149,0.4902,-0.7636,-0.4202,0.9980,150,48.732815,0.9925,1.9025
BiancaGolden_CircleTurns,-100.0314,190.3259,199.9596,-2.9346,-16.6901,-59.3408,0.4876,-0.7636,-0.4233,0.9980,150,48.747189,0.9997,1.9033
BiancaGolden_CircleTurns,-99.3329,190.4101,199.9481,-2.8800,-16.7030,-59.4845,0.4826,-0.7660,-0.4247,0.9980,151,48.761185,1.0067,1.9041
BiancaGolden_CircleTurns,-98.6434,190.4765,199.9676,-2.7804,-16.7723,-59.5625,0.4768,-0.7709,-0.4223,0.9980,151,48.774124,1.0136,1.9048
BiancaGolden_CircleTurns,-97.9644,190.5183,200.0417,-2.7367,-16.7985,-59.6465,0.4742,-0.7724,-0.4225,0.9980,151,48.789070,1.0204,1.9052
BiancaGolden_CircleTurns,-97.2831,190.5879,200.0873,-2.8271,-16.8078,-59.7620,0.4733,-0.7728,-0.4228,0.9980,152,48.802704,1.0272,1.9059
BiancaGolden_CircleTurns,-96.6285,190.6704,200.0962,-2.9195,-16.8303,-59.8380,0.4718,-0.7710,-0.4277,0.9980,152,48.815697,1.0337,1.9067
BiancaGolden_CircleTurns,-95.9951,190.7590,200.1030,-3.0296,-16.9251,-59.8478,0.4695,-0.7701,-0.4319,0.9980,153,48.830563,1.0400,1.9076
BiancaGolden_CircleTurns,-95.3513,190.8394,200.1461,-3.1305,-17.0128,-59.8863,0.4694,-0.7714,-0.4296,0.9980,153,48.844486,1.0465,1.9084
BiancaGolden_CircleTurns,-94.7243,190.9180,200.1722,-3.2061,-17.0491,-59.9465,0.4682,-0.7722,-0.4296,0.9980,154,48.859081,1.0528,1.9092
BiancaGolden_CircleTurns,-94.1278,191.0113,200.1795,-3.2221,-17.0451,-59.9658,0.4677,-0.7725,-0.4295,0.9980,154,48.872025,1.0587,1.9101
BiancaGolden_CircleTurns,-93.5573,191.0944,200.1841,-3.1700,-17.0415,-59.9934,0.4672,-0.7731,-0.4289,0.9980,154,48.886776,1.0644,1.9109
BiancaGolden_CircleTurns,-92.9960,191.1898,200.1815,-3.2274,-17.0037,-60.0494,0.4644,-0.7729,-0.4325,0.9980,155,48.900223,1.0700,1.9119
BiancaGolden_CircleTurns,-92.4462,191.2859,200.1745,-3.2818,-16.9633,-60.1263,0.4623,-0.7744,-0.4319,0.9980,155,48.913181,1.0755,1.9129
BiancaGolden_CircleTurns,-91.9520,191.4015,200.1272,-3.2572,-16.9022,-60.1753,0.4638,-0.7742,-0.4306,0.9980,156,48.928158,1.0805,1.9140
BiancaGolden_CircleTurns,-91.4642,191.5371,200.0606,-3.1884,-16.8424,-60.1854,0.4628,-0.7759,-0.4287,0.9980,156,48.941772,1.0854,1.9154
BiancaGolden_CircleTurns,-90.9889,191.6843,200.0012,-3.1456,-16.8804,-60.1686,0.4638,-0.7888,-0.4033,0.9980,156,48.955868,1.0901,1.9168
BiancaGolden_CircleTurns,-90.5325,191.8226,199.9736,-3.1322,-16.9743,-60.0971,0.4645,-0.7873,-0.4055,0.9980,157,48.970657,1.0947,1.9182
BiancaGolden_CircleTurns,-90.1264,191.9531,199.9862,-3.0918,-17.1122,-60.0061,0.4729,-0.8061,-0.3557,0.9980,157,48.983215,1.0987,1.9195
BiancaGolden_CircleTurns,-89.7459,192.0883,199.9849,-3.0974,-17.1935,-59.9540,0.5061,-0.7863,-0.3544,0.9980,158,48.998371,1.1025,1.9209
BiancaGolden_CircleTurns,-89.3925,192.2111,199.9732,-3.0645,-17.2506,-59.9395,0.5147,-0.7759,-0.3648,0.9980,158,49.011635,1.1061,1.9221
BiancaGolden_CircleTurns,-89.0710,192.3352,199.9685,-3.0037,-17.2912,-59.9189,0.5129,-0.7720,-0.3754,0.9980,159,49.026112,1.1093,1.9234
BiancaGolden_CircleTurns,-88.7919,192.4652,199.9621,-2.9258,-17.3227,-59.9355,0.5110,-0.7695,-0.3831,0.9980,159,49.043331,1.1121,1.9247
BiancaGolden_CircleTurns,-88.5558,192.6047,199.9494,-2.8688,-17.4077,-59.9355,0.5107,-0.7689,-0.3847,0.9980,159,49.054897,1.1144,1.9260
BiancaGolden_CircleTurns,-88.3705,192.7438,199.9350,-2.7421,-17.5072,-59.9310,0.5071,-0.7629,-0.4011,0.9980,160,49.067032,1.1163,1.9274
BiancaGolden_CircleTurns,-88.2029,192.8853,199.9246,-2.6763,-17.6135,-59.9382,0.5033,-0.7607,-0.4100,0.9980,160,49.081020,1.1180,1.9289
BiancaGolden_CircleTurns,-88.0734,193.0282,199.9065,-2.5839,-17.6953,-59.9620,0.4992,-0.7533,-0.4283,0.9980,161,49.095257,1.1193,1.9303
BiancaGolden_CircleTurns,-87.9996,193.1592,199.8959,-2.4304,-17.7770,-59.9811,0.4899,-0.7576,-0.4312,0.9980,161,49.108540,1.1200,1.9316
BiancaGolden_CircleTurns,-87.9688,193.2734,199.8984,-2.3133,-17.8471,-60.0647,0.4870,-0.7593,-0.4316,0.9980,161,49.123158,1.1203,1.9327
BiancaGolden_CircleTurns,-87.9856,193.3594,199.9243,-2.2162,-17.8672,-60.2927,0.4822,-0.7624,-0.4315,0.9980,162,49.137085,1.1201,1.9336
BiancaGolden_CircleTurns,-88.0321,193.4675,199.9103,-2.2214,-17.8655,-60.6141,0.4812,-0.7637,-0.4304,0.9980,162,49.149899,1.1197,1.9347
BiancaGolden_CircleTurns,-88.0993,193.5873,199.8629,-2.2508,-17.7942,-60.9984,0.4775,-0.7667,-0.4291,0.9980,163,49.165520,1.1190,1.9359
BiancaGolden_CircleTurns,-88.1728,193.7354,199.8155,-2.3492,-17.7184,-61.3080,0.4759,-0.7684,-0.4278,0.9980,163,49.179291,1.1183,1.9374
BiancaGolden_CircleTurns,-88.2680,193.8763,199.7974,-2.5283,-17.6424,-61.4784,0.4769,-0.7611,-0.4396,0.9980,164,49.192856,1.1173,1.9388
BiancaGolden_CircleTurns,-88.3525,194.0486,199.8290,-2.9139,-17.6292,-61.6725,0.4801,-0.7592,-0.4394,0.9980,164,49.206593,1.1165,1.9405
BiancaGolden_CircleTurns,-88.4579,194.2313,199.8592,-3.3080,-17.6657,-61.8249,0.4792,-0.7594,-0.4400,0.9980,164,49.220459,1.1154,1.9423
BiancaGolden_CircleTurns,-88.5802,194.4416,199.8411,-3.7164,-17.7340,-61.9471,0.4846,-0.7550,-0.4418,0.9980,165,49.234516,1.1142,1.9444
BiancaGolden_CircleTurns,-88.7073,194.6681,199.8032,-3.9925,-17.7815,-62.0842,0.4885,-0.7530,-0.4409,0.9980,165,49.248119,1.1129,1.9467
BiancaGolden_CircleTurns,-88.8586,194.8806,199.8243,-4.1699,-17.8369,-62.0998,0.4887,-0.7526,-0.4414,0.9980,166,49.261990,1.1114,1.9488
BiancaGolden_CircleTurns,-89.0107,195.0974,199.8426,-4.1395,-17.8234,-62.1000,0.4914,-0.7504,-0.4421,0.9980,166,49.275787,1.1099,1.9510
BiancaGolden_CircleTurns,-89.1853,195.2475,199.9032,-3.9673,-17.8722,-62.0624,0.4907,-0.7495,-0.4443,0.9980,166,49.289948,1.1081,1.9525
BiancaGolden_CircleTurns,-89.3624,195.3722,200.0242,-3.7911,-17.8506,-62.0518,0.4894,-0.7510,-0.4433,0.9980,167,49.303627,1.1064,1.9537
BiancaGolden_CircleTurns,-89.5737,195.5186,200.1278,-3.6327,-17.7774,-62.1266,0.4874,-0.7521,-0.4436,0.9980,167,49.317390,1.1043,1.9552
BiancaGolden_CircleTurns,-89.8080,195.6718,200.1828,-3.5382,-17.7921,-62.2687,0.4840,-0.7549,-0.4425,0.9980,168,49.331879,1.1019,1.9567
BiancaGolden_CircleTurns,-90.0533,195.8411,200.1915,-3.5057,-17.7844,-62.4335,0.4846,-0.7550,-0.4418,0.9980,168,49.346157,1.0995,1.9584
BiancaGolden_CircleTurns,-90.2993,196.0158,200.1628,-3.5609,-17.7594,-62.6287,0.4796,-0.7586,-0.4410,0.9980,169,49.361790,1.0970,1.9602
BiancaGolden_CircleTurns,-90.5539,196.1717,200.1013,-3.6335,-17.6670,-62.8169,0.4856,-0.7561,-0.4388,0.9980,169,49.373363,1.0945,1.9617
BiancaGolden_CircleTurns,-90.8250,196.3221,200.0372,-3.6621,-17.5543,-62.9316,0.4848,-0.7578,-0.4367,0.9980,169,49.387638,1.0918,1.9632
BiancaGolden_CircleTurns,-91.0990,196.4535,199.9663,-3.6716,-17.4199,-63.0321,0.4863,-0.7569,-0.4366,0.9980,170,49.401855,1.0890,1.9645
BiancaGolden_CircleTurns,-91.3874,196.5766,199.8791,-3.7132,-17.3633,-63.0940,0.4855,-0.7569,-0.4375,0.9980,170,49.415039,1.0861,1.9658
BiancaGolden_CircleTurns,-91.6845,196.6999,199.7374,-3.8065,-17.3568,-63.1573,0.4410,-0.7789,-0.4460,0.9980,171,49.429977,1.0832,1.9670
BiancaGolden_CircleTurns,-91.9892,196.8090,199.5801,-3.9497,-17.4786,-63.1989,0.4188,-0.7696,-0.4819,0.9980,171,49.444363,1.0801,1.9681
BiancaGolden_CircleTurns,-92.3023,196.8848,199.4721,-4.1078,-17.6823,-63.2163,0.4177,-0.7683,-0.4850,0.9980,171,49.457813,1.0770,1.9688
BiancaGolden_CircleTurns,-92.5911,196.9218,199.3944,-4.3903,-17.8894,-63.2134,0.4185,-0.7664,-0.4874,0.9980,172,49.470863,1.0741,1.9692
BiancaGolden_CircleTurns,-92.8649,196.9757,199.2439,-4.8355,-18.0570,-63.2118,0.4160,-0.7665,-0.4893,0.9980,172,49.484230,1.0714,1.9698
BiancaGolden_CircleTurns,-93.1166,197.0581,199.0388,-5.4973,-18.2403,-63.2402,0.4164,-0.7648,-0.4916,0.9980,173,49.499504,1.0688,1.9706
BiancaGolden_CircleTurns,-93.3350,197.1052,198.8797,-6.3073,-18.4684,-63.3191,0.4266,-0.7614,-0.4882,0.9980,173,49.513973,1.0667,1.9711
BiancaGolden_CircleTurns,-93.5491,197.1116,198.8130,-6.9235,-18.5602,-63.4550,0.4264,-0.7636,-0.4849,0.9980,174,49.526890,1.0645,1.9711
BiancaGolden_CircleTurns,-93.8029,197.0731,198.7837,-7.2613,-18.6138,-63.6148,0.4245,-0.7642,-0.4856,0.9980,174,49.544094,1.0620,1.9707
BiancaGolden_CircleTurns,-94.0502,197.0614,198.7051,-7.3200,-18.6750,-63.7934,0.4228,-0.7639,-0.4875,0.9980,174,49.555717,1.0595,1.9706
BiancaGolden_CircleTurns,-94.2497,197.1118,198.5674,-7.3332,-18.7914,-63.9315,0.4252,-0.7608,-0.4903,0.9980,175,49.568794,1.0575,1.9711
BiancaGolden_CircleTurns,-94.4029,197.2076,198.4482,-7.4418,-19.0161,-63.9837,0.4241,-0.7594,-0.4933,0.9980,175,49.582073,1.0560,1.9721
BiancaGolden_CircleTurns,-94.5023,197.3184,198.3708,-7.7526,-19.2912,-63.9571,0.4266,-0.7564,-0.4958,0.9980,176,49.596352,1.0550,1.9732
BiancaGolden_CircleTurns,-94.5959,197.4347,198.3171,-8.1257,-19.5895,-63.8964,0.4347,-0.7515,-0.4963,0.9980,176,49.610512,1.0540,1.9743
BiancaGolden_CircleTurns,-94.6805,197.5506,198.2648,-8.4799,-19.9041,-63.7501,0.4384,-0.7518,-0.4925,0.9980,176,49.624840,1.0532,1.9755
BiancaGolden_CircleTurns,-94.7513,197.6843,198.2192,-8.7714,-20.1664,-63.6138,0.4406,-0.7485,-0.4956,0.9980,177,49.637772,1.0525,1.9768
BiancaGolden_CircleTurns,-94.8044,197.8476,198.1904,-9.0117,-20.3886,-63.4414,0.4427,-0.7464,-0.4968,0.9980,177,49.651531,1.0520,1.9785
BiancaGolden_CircleTurns,-94.8283,198.0196,198.2020,-9.2240,-20.4839,-63.2845,0.4464,-0.7440,-0.4972,0.9980,178,49.666859,1.0517,1.9802
BiancaGolden_CircleTurns,-94.8594,198.1921,198.2213,-9.3655,-20.5648,-63.1346,0.4492,-0.7472,-0.4898,0.9980,178,49.680351,1.0514,1.9819
BiancaGolden_CircleTurns,-94.8862,198.3631,198.2723,-9.4737,-20.5423,-62.9957,0.4490,-0.7489,-0.4875,0.9980,179,49.695049,1.0511,1.9836
BiancaGolden_CircleTurns,-94.8995,198.5533,198.3032,-9.5487,-20.4966,-62.9178,0.4481,-0.7527,-0.4824,0.9980,179,49.708836,1.0510,1.9855
BiancaGolden_CircleTurns,-94.8984,198.7807,198.3268,-9.5693,-20.3970,-62.8463,0.4490,-0.7536,-0.4801,0.9980,179,49.722843,1.0510,1.9878
BiancaGolden_CircleTurns,-94.8930,199.0071,198.3594,-9.5091,-20.2452,-62.8127,0.4481,-0.7558,-0.4775,0.9980,180,49.736382,1.0511,1.9901
BiancaGolden_CircleTurns,-94.8983,199.2182,198.4160,-9.4388,-20.0983,-62.8017,0.4477,-0.7606,-0.4702,0.9980,180,49.748394,1.0510,1.9922
BiancaGolden_CircleTurns,-94.8841,199.4247,198.5059,-9.3097,-19.8693,-62.8954,0.4413,-0.7663,-0.4670,0.9980,181,49.763226,1.0512,1.9942
BiancaGolden_CircleTurns,-94.8714,199.6318,198.5871,-9.2540,-19.6826,-62.9806,0.4403,-0.7704,-0.4611,0.9980,181,49.777084,1.0513,1.9963
BiancaGolden_CircleTurns,-94.8604,199.8460,198.6372,-9.0747,-19.4235,-63.1299,0.4357,-0.7732,-0.4609,0.9980,182,49.792004,1.0514,1.9985
BiancaGolden_CircleTurns,-94.8587,200.0353,198.6924,-8.8758,-19.2098,-63.2567,0.4337,-0.7765,-0.4571,0.9980,182,49.804893,1.0514,2.0004
BiancaGolden_CircleTurns,-94.8661,200.1963,198.7407,-8.6783,-18.9556,-63.4390,0.4311,-0.7781,-0.4568,0.9980,182,49.819466,1.0513,2.0020
BiancaGolden_CircleTurns,-94.8664,200.3359,198.7890,-8.5043,-18.6998,-63.6420,0.4287,-0.7815,-0.4533,0.9980,183,49.833290,1.0513,2.0034
BiancaGolden_CircleTurns,-94.8582,200.4546,198.8339,-8.2895,-18.4439,-63.8461,0.4246,-0.7813,-0.4576,0.9980,183,49.846378,1.0514,2.0045
BiancaGolden_CircleTurns,-94.8313,200.5641,198.8902,-8.1250,-18.1927,-64.0598,0.4210,-0.7807,-0.4619,0.9980,184,49.861050,1.0517,2.0056
BiancaGolden_CircleTurns,-94.8051,200.6395,198.9361,-8.0004,-18.0059,-64.2826,0.4190,-0.7817,-0.4619,0.9980,184,49.874706,1.0519,2.0064
BiancaGolden_CircleTurns,-94.7708,200.6950,199.0156,-7.9214,-17.8573,-64.4578,0.4170,-0.7838,-0.4602,0.9980,184,49.889046,1.0523,2.0069
BiancaGolden_CircleTurns,-94.7289,200.7118,199.0888,-7.8197,-17.7520,-64.6066,0.4151,-0.7821,-0.4648,0.9980,185,49.902336,1.0527,2.0071
BiancaGolden_CircleTurns,-94.6888,200.7272,199.1226,-7.6944,-17.6867,-64.6974,0.4140,-0.7831,-0.4641,0.9980,185,49.915596,1.0531,2.0073
BiancaGolden_CircleTurns,-94.6324,200.7063,199.1497,-7.5622,-17.6320,-64.7558,0.4129,-0.7829,-0.4654,0.9980,186,49.930431,1.0537,2.0071
BiancaGolden_CircleTurns,-94.5848,200.6561,199.2007,-7.4545,-17.5603,-64.8201,0.4151,-0.7817,-0.4654,0.9980,186,49.944202,1.0542,2.0066
BiancaGolden_CircleTurns,-94.5238,200.5711,199.2562,-7.3875,-17.4692,-64.8645,0.4138,-0.7792,-0.4709,0.9980,187,49.958435,1.0548,2.0057
BiancaGolden_CircleTurns,-94.4649,200.4882,199.2843,-7.3496,-17.3757,-64.9330,0.4134,-0.7804,-0.4691,0.9980,187,49.971241,1.0554,2.0049
BiancaGolden_CircleTurns,-94.3631,200.3710,199.3114,-7.4019,-17.2660,-64.9959,0.4152,-0.7786,-0.4705,0.9980,187,49.985565,1.0564,2.0037
BiancaGolden_CircleTurns,-94.2611,200.2625,199.2980,-7.4712,-17.1546,-65.0696,0.4145,-0.7777,-0.4727,0.9980,188,49.999813,1.0574,2.0026
BiancaGolden_CircleTurns,-94.1529,200.1511,199.2620,-7.5565,-17.0755,-65.1361,0.4218,-0.7711,-0.4770,0.9980,188,50.012878,1.0585,2.0015
BiancaGolden_CircleTurns,-94.0130,200.0316,199.1924,-7.6939,-17.0028,-65.2336,0.4233,-0.7701,-0.4772,0.9980,189,50.027122,1.0599,2.0003
BiancaGolden_CircleTurns,-93.8658,199.9132,199.1313,-7.8605,-16.9660,-65.3133,0.4222,-0.7669,-0.4833,0.9980,189,50.044167,1.0613,1.9991
BiancaGolden_CircleTurns,-93.6735,199.7910,199.0792,-7.9886,-16.9749,-65.3906,0.4220,-0.7664,-0.4843,0.9980,189,50.056168,1.0633,1.9979
BiancaGolden_CircleTurns,-93.4895,199.6843,199.0205,-8.0151,-17.0227,-65.4183,0.4217,-0.7653,-0.4862,0.9980,190,50.068699,1.0651,1.9968
BiancaGolden_CircleTurns,-93.2842,199.5653,199.0037,-7.9870,-17.1635,-65.3786,0.4232,-0.7637,-0.4875,0.9980,190,50.082020,1.0672,1.9957
BiancaGolden_CircleTurns,-93.0570,199.4129,199.0684,-7.7916,-17.2422,-65.2356,0.4255,-0.7598,-0.4916,0.9980,191,50.096554,1.0694,1.9941
BiancaGolden_CircleTurns,-92.8059,199.2967,199.0792,-7.7022,-17.3023,-65.1141,0.4289,-0.7537,-0.4981,0.9980,191,50.110962,1.0719,1.9930
BiancaGolden_CircleTurns,-92.5539,199.1257,199.1089,-7.5867,-17.2950,-64.9576,0.4295,-0.7528,-0.4989,0.9980,192,50.124966,1.0745,1.9913
BiancaGolden_CircleTurns,-92.3170,198.9605,199.1507,-7.4166,-17.2648,-64.8589,0.4298,-0.7530,-0.4982,0.9980,192,50.138687,1.0768,1.9896
BiancaGolden_CircleTurns,-92.0892,198.8059,199.1403,-7.1436,-17.2020,-64.7795,0.4285,-0.7536,-0.4985,0.9980,192,50.153069,1.0791,1.9881
BiancaGolden_CircleTurns,-91.8750,198.6552,199.1096,-6.8584,-17.2374,-64.7065,0.4291,-0.7558,-0.4947,0.9980,193,50.166576,1.0813,1.9866
BiancaGolden_CircleTurns,-91.6776,198.4754,199.0823,-6.4480,-17.2977,-64.5894,0.4285,-0.7551,-0.4961,0.9980,193,50.179897,1.0832,1.9848
BiancaGolden_CircleTurns,-91.4830,198.2664,199.1036,-6.1336,-17.3712,-64.5260,0.4167,-0.7563,-0.5044,0.9980,194,50.194778,1.0852,1.9827
BiancaGolden_CircleTurns,-91.3009,198.0393,199.1097,-5.8790,-17.3845,-64.4963,0.4148,-0.7556,-0.5069,0.9980,194,50.208397,1.0870,1.9804
BiancaGolden_CircleTurns,-91.1288,197.7937,199.0908,-5.6522,-17.3550,-64.5086,0.4139,-0.7563,-0.5067,0.9980,194,50.222813,1.0887,1.9779
BiancaGolden_CircleTurns,-90.9774,197.5209,199.0635,-5.4976,-17.3328,-64.5406,0.4112,-0.7591,-0.5047,0.9980,195,50.236866,1.0902,1.9752
BiancaGolden_CircleTurns,-90.8004,197.2315,199.0497,-5.3056,-17.2876,-64.5545,0.4123,-0.7581,-0.5053,0.9980,195,50.249580,1.0920,1.9723
BiancaGolden_CircleTurns,-90.6387,196.9247,198.9912,-5.1860,-17.2573,-64.5514,0.4105,-0.7596,-0.5045,0.9980,196,50.264187,1.0936,1.9692
BiancaGolden_CircleTurns,-90.4746,196.6186,198.8913,-5.0692,-17.2518,-64.5322,0.4095,-0.7603,-0.5042,0.9980,196,50.278404,1.0953,1.9662
BiancaGolden_CircleTurns,-90.3276,196.2696,198.7604,-4.9883,-17.2700,-64.4821,0.4065,-0.7613,-0.5052,0.9980,197,50.292583,1.0967,1.9627
BiancaGolden_CircleTurns,-90.1602,195.9205,198.6465,-4.9052,-17.3094,-64.4544,0.4063,-0.7603,-0.5068,0.9980,197,50.306396,1.0984,1.9592
BiancaGolden_CircleTurns,-89.9700,195.5122,198.5237,-4.8800,-17.4125,-64.4325,0.4059,-0.7576,-0.5111,0.9980,197,50.320621,1.1003,1.9551
BiancaGolden_CircleTurns,-89.7750,195.0891,198.4161,-4.8780,-17.5495,-64.3903,0.4052,-0.7533,-0.5180,0.9980,198,50.333931,1.1023,1.9509
BiancaGolden_CircleTurns,-89.5574,194.6164,198.2784,-4.8644,-17.6169,-64.3290,0.4001,-0.7542,-0.5207,0.9980,198,50.347290,1.1044,1.9462
BiancaGolden_CircleTurns,-89.3372,194.1680,198.0710,-4.8486,-17.6469,-64.3237,0.3963,-0.7546,-0.5230,0.9980,199,50.361923,1.1066,1.9417
BiancaGolden_CircleTurns,-89.0599,193.6801,197.8107,-4.9111,-17.7489,-64.3359,0.3950,-0.7544,-0.5243,0.9980,199,50.375732,1.1094,1.9368
BiancaGolden_CircleTurns,-88.7681,193.1798,197.5958,-4.9450,-17.8656,-64.3456,0.3945,-0.7529,-0.5268,0.9980,199,50.390022,1.1123,1.9318
BiancaGolden_CircleTurns,-88.4393,192.6707,197.2990,-5.0377,-18.0405,-64.3576,0.3727,-0.7777,-0.5063,0.9980,200,50.403820,1.1156,1.9267
BiancaGolden_CircleTurns,-88.0966,192.1684,196.9494,-5.1733,-18.2052,-64.4008,0.3620,-0.8076,-0.4655,0.9980,200,50.416927,1.1190,1.9217
BiancaGolden_CircleTurns,-87.7684,191.5779,196.6095,-5.0979,-18.4383,-64.5250,0.3628,-0.8217,-0.4395,0.9980,201,50.431374,1.1223,1.9158
BiancaGolden_CircleTurns,-87.3254,190.9612,196.1527,-4.7571,-18.1531,-64.6807,0.3582,-0.8232,-0.4404,0.9980,201,50.445641,1.1267,1.9096
BiancaGolden_CircleTurns,-86.8254,190.4778,195.6896,-5.2834,-18.2900,-65.0482,0.3571,-0.8227,-0.4423,0.9980,202,50.459911,1.1317,1.9048
BiancaGolden_CircleTurns,-86.3167,189.7890,195.2926,-5.5861,-18.3159,-65.1674,0.3540,-0.8238,-0.4428,0.9980,202,50.472904,1.1368,1.8979
BiancaGolden_CircleTurns,-85.7239,189.1464,194.8977,-5.8494,-18.3405,-65.4172,0.3641,-0.8192,-0.4431,0.9980,202,50.487640,1.1428,1.8915
BiancaGolden_CircleTurns,-85.1013,188.4145,194.5265,-6.1861,-18.3286,-65.6596,0.3630,-0.8192,-0.4441,0.9980,203,50.501102,1.1490,1.8841
BiancaGolden_CircleTurns,-84.4836,187.7335,194.0903,-6.1603,-18.3942,-65.7180,0.3592,-0.8191,-0.4474,0.9980,203,50.513561,1.1552,1.8773
BiancaGolden_CircleTurns,-83.8563,187.0384,193.6251,-5.7356,-18.6892,-65.5016,0.3606,-0.8160,-0.4518,0.9980,204,50.529324,1.1614,1.8704
BiancaGolden_CircleTurns,-83.1675,186.4253,193.1552,-5.4969,-19.1468,-65.1823,0.3687,-0.8040,-0.4665,0.9980,204,50.546543,1.1683,1.8643
BiancaGolden_CircleTurns,-82.5748,185.7820,192.9277,-5.6632,-20.0547,-64.5130,0.3731,-0.7947,-0.4788,0.9980,204,50.557247,1.1743,1.8578
BiancaGolden_CircleTurns,-81.9835,185.1731,192.8271,-6.1010,-20.8538,-64.0528,0.3823,-0.7831,-0.4906,0.9980,205,50.569893,1.1802,1.8517
BiancaGolden_CircleTurns,-81.4852,184.7199,192.7174,-6.5916,-21.6631,-63.7363,0.3831,-0.7737,-0.5046,0.9980,205,50.584164,1.1851,1.8472
BiancaGolden_CircleTurns,-81.0882,184.4675,192.4000,-6.7487,-22.4790,-63.4568,0.3778,-0.7691,-0.5155,0.9980,206,50.598484,1.1891,1.8447
BiancaGolden_CircleTurns,-80.7599,184.2014,192.1664,-6.4947,-23.5024,-63.0769,0.3706,-0.7681,-0.5222,0.9980,206,50.611725,1.1924,1.8420
BiancaGolden_CircleTurns,-80.4424,183.8724,192.2023,-6.0246,-24.3679,-62.6353,0.3723,-0.7614,-0.5307,0.9980,207,50.626263,1.1956,1.8387
BiancaGolden_CircleTurns,-80.0637,183.4929,192.4325,-5.8413,-24.9475,-62.2984,0.3692,-0.7786,-0.5074,0.9980,207,50.639553,1.1994,1.8349
BiancaGolden_CircleTurns,-79.7693,183.1729,192.6574,-5.6780,-25.0768,-61.9255,0.3730,-0.7752,-0.5099,0.9980,207,50.653507,1.2023,1.8317
BiancaGolden_CircleTurns,-79.5379,182.9546,192.7106,-5.4190,-25.2557,-61.5667,0.3727,-0.7803,-0.5022,0.9980,208,50.667652,1.2046,1.8295
BiancaGolden_CircleTurns,-79.3761,182.7668,192.7265,-5.1879,-25.4018,-61.3178,0.3746,-0.7860,-0.4918,0.9980,208,50.680424,1.2062,1.8277
BiancaGolden_CircleTurns,-79.2369,182.5101,192.8046,-4.8461,-25.3771,-61.2010,0.3703,-0.8012,-0.4702,0.9980,209,50.695560,1.2076,1.8251
BiancaGolden_CircleTurns,-79.1347,182.2607,192.8757,-4.4396,-25.1000,-61.2177,0.3559,-0.8111,-0.4642,0.9980,209,50.709930,1.2087,1.8226
BiancaGolden_CircleTurns,-79.0639,182.0470,192.9382,-4.0011,-24.9759,-61.3000,0.3565,-0.8117,-0.4626,0.9980,209,50.723267,1.2094,1.8205
BiancaGolden_CircleTurns,-79.0205,181.8480,192.9540,-3.6084,-24.9077,-61.2652,0.3560,-0.8138,-0.4594,0.9980,210,50.737251,1.2098,1.8185
BiancaGolden_CircleTurns,-79.0249,181.6810,192.9319,-3.2854,-24.9041,-61.3244,0.3555,-0.8170,-0.4539,0.9980,210,50.750832,1.2098,1.8168
BiancaGolden_CircleTurns,-79.0392,181.5099,192.8989,-3.0550,-24.9528,-61.4139,0.3559,-0.8180,-0.4519,0.9980,211,50.765934,1.2096,1.8151
BiancaGolden_CircleTurns,-79.0851,181.3280,192.8682,-2.9555,-25.0808,-61.5344,0.3490,-0.8198,-0.4540,0.9980,211,50.779015,1.2091,1.8133
BiancaGolden_CircleTurns,-79.1266,181.1343,192.8441,-2.8503,-25.2212,-61.6496,0.3410,-0.8215,-0.4570,0.9980,212,50.793213,1.2087,1.8113
BiancaGolden_CircleTurns,-79.1734,180.9365,192.8052,-2.7991,-25.3429,-61.7869,0.3386,-0.8215,-0.4588,0.9980,212,50.807743,1.2083,1.8094
BiancaGolden_CircleTurns,-79.2702,180.7447,192.7286,-2.8994,-25.4603,-61.9539,0.3313,-0.8217,-0.4637,0.9980,212,50.821083,1.2073,1.8074
BiancaGolden_CircleTurns,-79.3706,180.5652,192.6297,-2.9680,-25.5798,-62.1419,0.3318,-0.8216,-0.4635,0.9980,213,50.835209,1.2063,1.8057
BiancaGolden_CircleTurns,-79.5111,180.3758,192.5113,-3.0077,-25.6922,-62.2866,0.3300,-0.8210,-0.4659,0.9980,213,50.848682,1.2049,1.8038
BiancaGolden_CircleTurns,-79.6775,180.2001,192.3638,-2.9476,-25.7906,-62.3740,0.3401,-0.8160,-0.4674,0.9980,214,50.862827,1.2032,1.8020
BiancaGolden_CircleTurns,-79.8499,179.9980,192.2255,-2.8881,-25.8940,-62.4408,0.3399,-0.8156,-0.4683,0.9980,214,50.877029,1.2015,1.8000
BiancaGolden_CircleTurns,-80.0426,179.7960,192.0654,-2.8375,-25.9561,-62.4369,0.3399,-0.8155,-0.4685,0.9980,214,50.890934,1.1996,1.7980
BiancaGolden_CircleTurns,-80.2213,179.5257,191.9416,-2.6008,-25.9920,-62.4239,0.3457,-0.8186,-0.4587,0.9980,215,50.904720,1.1978,1.7953
BiancaGolden_CircleTurns,-80.4346,179.3182,191.7748,-2.2396,-25.8799,-62.3338,0.3487,-0.8190,-0.4558,0.9980,215,50.918358,1.1957,1.7932
BiancaGolden_CircleTurns,-80.6580,179.0683,191.5891,-2.1360,-25.6992,-62.1749,0.3550,-0.8168,-0.4547,0.9980,216,50.932899,1.1934,1.7907
BiancaGolden_CircleTurns,-80.9278,178.8059,191.4071,-2.1948,-25.6271,-62.0450,0.3610,-0.8135,-0.4559,0.9980,216,50.946667,1.1907,1.7881
BiancaGolden_CircleTurns,-81.1596,178.4865,191.1954,-2.1886,-25.4883,-61.9810,0.3599,-0.8147,-0.4546,0.9980,217,50.960735,1.1884,1.7849
BiancaGolden_CircleTurns,-81.4245,178.2076,190.9555,-2.2461,-25.4060,-62.0810,0.3602,-0.8140,-0.4556,0.9980,217,50.975189,1.1858,1.7821
BiancaGolden_CircleTurns,-81.6968,177.8529,190.7321,-2.3303,-25.4629,-62.0481,0.3665,-0.8126,-0.4532,0.9980,217,50.988983,1.1830,1.7785
BiancaGolden_CircleTurns,-81.9785,177.4053,190.5606,-2.0565,-25.4179,-61.8146,0.4450,-0.7812,-0.4378,0.9980,218,51.002796,1.1802,1.7741
BiancaGolden_CircleTurns,-82.2433,177.0348,190.3027,-1.8725,-25.2170,-61.6290,0.4475,-0.7785,-0.4402,0.9980,218,51.016243,1.1776,1.7703
BiancaGolden_CircleTurns,-82.5011,176.6457,189.9096,-2.0628,-24.9484,-61.4588,0.4510,-0.7784,-0.4368,0.9980,219,51.031597,1.1750,1.7665
BiancaGolden_CircleTurns,-82.7774,176.2512,189.5070,-2.2581,-24.7338,-61.2609,0.4580,-0.7785,-0.4292,0.9980,219,51.048367,1.1722,1.7625
BiancaGolden_CircleTurns,-83.0212,175.7546,189.1237,-2.4147,-24.4778,-60.9824,0.4632,-0.7789,-0.4228,0.9980,220,51.059711,1.1698,1.7575
BiancaGolden_CircleTurns,-83.2757,175.1928,188.7744,-2.4658,-24.0763,-60.7098,0.4669,-0.7788,-0.4189,0.9980,220,51.072170,1.1672,1.7519
BiancaGolden_CircleTurns,-83.5325,174.6819,188.2384,-2.6039,-23.4401,-60.5211,0.4717,-0.7821,-0.4072,0.9980,220,51.086857,1.1647,1.7468
BiancaGolden_CircleTurns,-83.8156,174.2150,187.6031,-2.6206,-23.0615,-60.3235,0.4725,-0.7827,-0.4051,0.9980,221,51.099575,1.1618,1.7421
BiancaGolden_CircleTurns,-84.1212,173.7406,186.8485,-2.4805,-22.6029,-59.9995,0.4781,-0.7812,-0.4013,0.9980,221,51.113106,1.1588,1.7374
BiancaGolden_CircleTurns,-84.4329,173.3391,186.0457,-2.4285,-22.3652,-59.6490,0.4754,-0.7752,-0.4159,0.9980,222,51.128208,1.1557,1.7334
BiancaGolden_CircleTurns,-84.7373,172.9384,185.1723,-2.5859,-22.1983,-59.3960,0.4790,-0.7731,-0.4159,0.9980,222,51.141407,1.1526,1.7294
BiancaGolden_CircleTurns,-85.0308,172.5036,184.2879,-2.7482,-22.1978,-59.1439,0.4814,-0.7669,-0.4244,0.9980,222,51.156406,1.1497,1.7250
BiancaGolden_CircleTurns,-85.3113,171.9912,183.4720,-2.8108,-22.1167,-58.8698,0.4908,-0.7526,-0.4390,0.9980,223,51.169582,1.1469,1.7199
BiancaGolden_CircleTurns,-85.5829,171.4521,182.6899,-2.7701,-22.0252,-58.5373,0.4949,-0.7536,-0.4325,0.9980,223,51.182461,1.1442,1.7145
BiancaGolden_CircleTurns,-85.8599,171.0070,181.7940,-2.7407,-21.6127,-58.3453,0.4978,-0.7526,-0.4309,0.9980,224,51.198208,1.1414,1.7101
BiancaGolden_CircleTurns,-86.2676,170.7884,180.6347,-2.8249,-21.5137,-58.1621,0.4933,-0.7550,-0.4321,0.9980,224,51.211651,1.1373,1.7079
BiancaGolden_CircleTurns,-86.6722,170.5220,179.4747,-2.9446,-21.5883,-58.0218,0.4946,-0.7519,-0.4359,0.9980,225,51.225445,1.1333,1.7052
BiancaGolden_CircleTurns,-87.0536,170.2077,178.5756,-2.9542,-21.8300,-57.8443,0.4958,-0.7473,-0.4423,0.9980,225,51.239140,1.1295,1.7021
BiancaGolden_CircleTurns,-87.3829,169.8465,177.7264,-2.8826,-21.8198,-57.6246,0.4963,-0.7478,-0.4410,0.9980,225,51.253410,1.1262,1.6985
BiancaGolden_CircleTurns,-87.6668,169.5166,176.8984,-2.9504,-21.7296,-57.5008,0.4991,-0.7481,-0.4373,0.9980,226,51.266960,1.1233,1.6952
BiancaGolden_CircleTurns,-87.9285,169.1699,176.0421,-3.1761,-21.4986,-57.3786,0.4984,-0.7511,-0.4330,0.9980,226,51.280579,1.1207,1.6917
BiancaGolden_CircleTurns,-88.2132,168.8209,175.2636,-3.4574,-21.3661,-57.2806,0.5000,-0.7510,-0.4312,0.9980,227,51.295368,1.1179,1.6882
BiancaGolden_CircleTurns,-88.5151,168.5163,174.5062,-3.7233,-21.2588,-57.2145,0.5005,-0.7553,-0.4230,0.9980,227,51.308964,1.1148,1.6852
BiancaGolden_CircleTurns,-88.8543,168.2949,173.6778,-3.8525,-21.2850,-57.1385,0.5010,-0.7535,-0.4258,0.9980,227,51.322987,1.1115,1.6829
BiancaGolden_CircleTurns,-89.2000,168.0995,172.8183,-3.8222,-21.4652,-57.0487,0.5032,-0.7526,-0.4247,0.9980,228,51.336761,1.1080,1.6810
BiancaGolden_CircleTurns,-89.4949,167.8549,172.0642,-3.7367,-21.6303,-56.8807,0.5042,-0.7498,-0.4286,0.9980,228,51.350079,1.1051,1.6785
BiancaGolden_CircleTurns,-89.7317,167.5422,171.4563,-3.7466,-21.6043,-56.6115,0.5073,-0.7489,-0.4264,0.9980,229,51.365597,1.1027,1.6754
BiancaGolden_CircleTurns,-89.9879,167.2966,170.7938,-3.9901,-21.4705,-56.4330,0.5094,-0.7481,-0.4253,0.9980,229,51.378883,1.1001,1.6730
BiancaGolden_CircleTurns,-90.2501,167.0576,170.1222,-4.3589,-21.4019,-56.3180,0.5112,-0.7456,-0.4274,0.9980,230,51.392937,1.0975,1.6706
BiancaGolden_CircleTurns,-90.5747,166.8690,169.5048,-4.5320,-21.5383,-56.1503,0.5138,-0.7436,-0.4278,0.9980,230,51.406364,1.0943,1.6687
BiancaGolden_CircleTurns,-90.8662,166.6634,168.9482,-4.5684,-21.7184,-55.9697,0.5160,-0.7459,-0.4212,0.9980,230,51.420662,1.0913,1.6666
BiancaGolden_CircleTurns,-91.1201,166.4171,168.4377,-4.5947,-21.7897,-55.8209,0.5135,-0.7487,-0.4191,0.9980,231,51.434246,1.0888,1.6642
BiancaGolden_CircleTurns,-91.3660,166.1662,167.9111,-4.6386,-21.6332,-55.6849,0.5120,-0.7543,-0.4110,0.9980,231,51.447433,1.0863,1.6617
BiancaGolden_CircleTurns,-91.6103,165.9127,167.3708,-4.6218,-21.4148,-55.5643,0.5140,-0.7575,-0.4025,0.9980,232,51.462399,1.0839,1.6591
BiancaGolden_CircleTurns,-91.8546,165.6489,166.8156,-4.5646,-21.1071,-55.4512,0.5164,-0.7576,-0.3993,0.9980,232,51.476009,1.0815,1.6565
BiancaGolden_CircleTurns,-92.0838,165.3829,166.2935,-4.5769,-20.9019,-55.3362,0.5174,-0.7595,-0.3942,0.9980,232,51.490654,1.0792,1.6538
BiancaGolden_CircleTurns,-92.3065,165.1657,165.7378,-4.8298,-20.6579,-55.3339,0.5160,-0.7616,-0.3921,0.9980,233,51.503757,1.0769,1.6517
BiancaGolden_CircleTurns,-92.5111,164.9640,165.1389,-5.3593,-20.5198,-55.5048,0.5148,-0.7622,-0.3924,0.9980,233,51.516922,1.0749,1.6496
BiancaGolden_CircleTurns,-92.7256,164.7015,164.5421,-5.7684,-20.4234,-55.6189,0.5154,-0.7632,-0.3898,0.9980,234,51.531990,1.0727,1.6470
BiancaGolden_CircleTurns,-92.9234,164.4149,164.0054,-5.9012,-20.2562,-55.6270,0.5176,-0.7631,-0.3871,0.9980,234,51.549301,1.0708,1.6441
BiancaGolden_CircleTurns,-93.1190,164.1360,163.4757,-6.0416,-20.0348,-55.5868,0.5182,-0.7642,-0.3839,0.9980,235,51.560570,1.0688,1.6414
BiancaGolden_CircleTurns,-93.3312,163.9403,162.8805,-6.4162,-19.8260,-55.5994,0.5166,-0.7643,-0.3860,0.9980,235,51.573463,1.0667,1.6394
BiancaGolden_CircleTurns,-93.5639,163.7653,162.2497,-6.9389,-19.6986,-55.7451,0.5261,-0.7598,-0.3819,0.9980,235,51.587589,1.0644,1.6377
BiancaGolden_CircleTurns,-93.8157,163.5593,161.6682,-7.3567,-19.5278,-55.8400,0.5260,-0.7624,-0.3770,0.9980,236,51.600830,1.0618,1.6356
BiancaGolden_CircleTurns,-94.0720,163.3026,161.1929,-7.8576,-19.2274,-55.9576,0.5400,-0.7734,-0.3320,0.9980,236,51.613789,1.0593,1.6330
BiancaGolden_CircleTurns,-94.3013,163.0541,160.7845,-8.6512,-18.6740,-56.3725,0.5363,-0.7951,-0.2832,0.9980,237,51.628593,1.0570,1.6305
BiancaGolden_CircleTurns,-94.5270,162.8464,160.3210,-9.3322,-17.8232,-56.9234,0.5326,-0.8038,-0.2652,0.9980,237,51.642307,1.0547,1.6285
BiancaGolden_CircleTurns,-94.7930,162.6911,159.8053,-9.8831,-16.6714,-57.4003,0.5252,-0.8258,-0.2053,0.9980,237,51.656410,1.0521,1.6269
BiancaGolden_CircleTurns,-95.0232,162.6102,159.2292,-10.3605,-15.4882,-57.7727,0.5226,-0.8313,-0.1891,0.9980,238,51.670418,1.0498,1.6261
BiancaGolden_CircleTurns,-95.2397,162.5865,158.6734,-10.8796,-14.5606,-58.0627,0.5270,-0.8387,-0.1372,0.9980,238,51.683163,1.0476,1.6259
BiancaGolden_CircleTurns,-95.4466,162.6582,158.1068,-11.1653,-13.8282,-58.0822,0.5344,-0.8345,-0.1339,0.9980,239,51.698082,1.0455,1.6266
BiancaGolden_CircleTurns,-95.6243,162.7541,157.5620,-11.2986,-13.4108,-57.9095,0.5387,-0.8327,-0.1282,0.9980,239,51.712059,1.0438,1.6275
BiancaGolden_CircleTurns,-95.8119,162.8020,157.0231,-11.2718,-13.0813,-57.6458,0.5404,-0.8316,-0.1280,0.9980,240,51.726280,1.0419,1.6280
BiancaGolden_CircleTurns,-95.9918,162.8466,156.5105,-11.4013,-12.6782,-57.5957,0.5386,-0.8288,-0.1517,0.9980,240,51.739876,1.0401,1.6285
BiancaGolden_CircleTurns,-96.1463,162.9141,156.0262,-11.7486,-12.3415,-57.9266,0.5343,-0.8328,-0.1450,0.9980,240,51.754169,1.0385,1.6291
BiancaGolden_CircleTurns,-96.3341,162.9997,155.5049,-11.8351,-11.9554,-58.2524,0.5390,-0.8273,-0.1583,0.9980,241,51.768181,1.0367,1.6300
BiancaGolden_CircleTurns,-96.5040,163.1169,154.9504,-11.6231,-11.5841,-58.4587,0.5386,-0.8283,-0.1540,0.9980,241,51.780651,1.0350,1.6312
BiancaGolden_CircleTurns,-96.6168,163.2760,154.3711,-11.4668,-11.3346,-58.5164,0.5360,-0.8295,-0.1568,0.9980,242,51.795506,1.0338,1.6328
BiancaGolden_CircleTurns,-96.6907,163.4331,153.7805,-11.3704,-11.0843,-58.5090,0.5430,-0.8240,-0.1620,0.9980,242,51.809383,1.0331,1.6343
BiancaGolden_CircleTurns,-96.7853,163.5578,153.2667,-11.4451,-10.8680,-58.4892,0.5445,-0.8207,-0.1730,0.9980,242,51.823460,1.0321,1.6356
BiancaGolden_CircleTurns,-96.9024,163.6496,152.7744,-11.5101,-10.6742,-58.4870,0.5468,-0.8191,-0.1734,0.9980,243,51.837688,1.0310,1.6365
BiancaGolden_CircleTurns,-97.0261,163.7394,152.2798,-11.7112,-10.5266,-58.6356,0.5432,-0.8205,-0.1778,0.9980,243,51.850174,1.0297,1.6374
BiancaGolden_CircleTurns,-97.1888,163.8254,151.7508,-12.0532,-10.5451,-58.9081,0.5377,-0.8239,-0.1789,0.9980,244,51.865566,1.0281,1.6383
BiancaGolden_CircleTurns,-97.3464,163.9149,151.1988,-12.5107,-10.6246,-59.2834,0.5282,-0.8270,-0.1928,0.9980,244,51.879623,1.0265,1.6391
BiancaGolden_CircleTurns,-97.4966,163.9419,150.7243,-13.1796,-10.8708,-59.9133,0.5187,-0.8332,-0.1915,0.9980,245,51.893497,1.0250,1.6394
BiancaGolden_CircleTurns,-97.6140,164.0109,150.2100,-13.4962,-10.8095,-60.6546,0.5201,-0.8321,-0.1928,0.9980,245,51.906670,1.0239,1.6401
BiancaGolden_CircleTurns,-97.7110,164.0336,149.7704,-13.2658,-10.8487,-61.0359,0.5169,-0.8347,-0.1900,0.9980,245,51.921047,1.0229,1.6403
BiancaGolden_CircleTurns,-97.7404,164.0093,149.5185,-13.1455,-10.6784,-61.2681,0.5165,-0.8364,-0.1836,0.9980,246,51.934429,1.0226,1.6401
BiancaGolden_CircleTurns,-97.7256,164.0276,149.3673,-13.4153,-10.4462,-61.5958,0.5207,-0.8345,-0.1802,0.9980,246,51.947830,1.0227,1.6403
BiancaGolden_CircleTurns,-97.7437,164.0938,149.1028,-13.4697,-10.3213,-61.7097,0.5212,-0.8338,-0.1819,0.9980,247,51.962517,1.0226,1.6409
BiancaGolden_CircleTurns,-97.6979,164.1285,148.8658,-13.3991,-10.3797,-61.6975,0.5285,-0.8290,-0.1831,0.9980,247,51.976452,1.0230,1.6413
BiancaGolden_CircleTurns,-97.5441,164.0937,148.8244,-13.5509,-10.3531,-61.6701,0.5350,-0.8256,-0.1790,0.9980,247,51.990650,1.0246,1.6409
BiancaGolden_CircleTurns,-97.3451,164.0212,148.8260,-13.9085,-10.1534,-61.7302,0.5371,-0.8253,-0.1746,0.9980,248,52.004169,1.0265,1.6402
BiancaGolden_CircleTurns,-97.2167,163.9497,148.7570,-13.9640,-9.9048,-61.6150,0.5598,-0.8108,-0.1708,0.9980,248,52.017578,1.0278,1.6395
BiancaGolden_CircleTurns,-97.1125,163.8788,148.6121,-13.5763,-9.8672,-61.3014,0.5630,-0.8081,-0.1733,0.9980,249,52.032467,1.0289,1.6388
BiancaGolden_CircleTurns,-96.9522,163.8097,148.4494,-13.2300,-9.9794,-61.0588,0.5675,-0.8042,-0.1769,0.9980,249,52.050705,1.0305,1.6381
BiancaGolden_CircleTurns,-96.7795,163.6957,148.3258,-12.9809,-10.0470,-60.8853,0.5697,-0.8008,-0.1846,0.9980,250,52.061779,1.0322,1.6370
BiancaGolden_CircleTurns,-96.5972,163.5489,148.2661,-12.6775,-9.9777,-60.7760,0.5660,-0.8033,-0.1852,0.9980,250,52.075642,1.0340,1.6355
BiancaGolden_CircleTurns,-96.4715,163.3959,148.1626,-12.3153,-9.7471,-60.6595,0.5654,-0.8038,-0.1850,0.9980,250,52.089867,1.0353,1.6340
BiancaGolden_CircleTurns,-96.3479,163.2447,148.0106,-12.0788,-9.6298,-60.6792,0.5623,-0.8061,-0.1846,0.9980,251,52.102444,1.0365,1.6324
BiancaGolden_CircleTurns,-96.2242,163.1280,147.7961,-12.0725,-9.6085,-60.9376,0.5508,-0.8131,-0.1882,0.9980,251,52.115597,1.0378,1.6313
BiancaGolden_CircleTurns,-96.1062,163.0018,147.5745,-12.0997,-9.7111,-61.2407,0.5414,-0.8183,-0.1934,0.9980,252,52.130878,1.0389,1.6300
BiancaGolden_CircleTurns,-95.9504,162.8884,147.3862,-12.0610,-9.9178,-61.5753,0.5383,-0.8196,-0.1962,0.9980,252,52.143684,1.0405,1.6289
BiancaGolden_CircleTurns,-95.7901,162.7448,147.2327,-11.9017,-10.0672,-61.7685,0.5363,-0.8206,-0.1974,0.9980,252,52.157612,1.0421,1.6274
BiancaGolden_CircleTurns,-95.6297,162.5931,147.0657,-11.5159,-10.1067,-61.8868,0.5375,-0.8181,-0.2044,0.9980,253,52.171726,1.0437,1.6259
BiancaGolden_CircleTurns,-95.4517,162.4340,146.8473,-11.0539,-10.0257,-61.9585,0.5375,-0.8191,-0.2005,0.9980,253,52.184185,1.0455,1.6243
BiancaGolden_CircleTurns,-95.2479,162.2763,146.5988,-10.4377,-9.8501,-61.9491,0.5373,-0.8194,-0.1997,0.9980,254,52.199043,1.0475,1.6228
BiancaGolden_CircleTurns,-95.0387,162.1076,146.3790,-9.8763,-9.7541,-61.9485,0.5414,-0.8166,-0.2001,0.9980,254,52.213791,1.0496,1.6211
BiancaGolden_CircleTurns,-94.8254,161.9397,146.1733,-9.1702,-9.7437,-61.7915,0.5485,-0.8117,-0.2009,0.9980,255,52.227539,1.0517,1.6194
BiancaGolden_CircleTurns,-94.6093,161.7840,145.9419,-8.5985,-9.8287,-61.6825,0.5502,-0.8093,-0.2057,0.9980,255,52.241226,1.0539,1.6178
BiancaGolden_CircleTurns,-94.4030,161.6372,145.7002,-7.9253,-10.0729,-61.4710,0.5514,-0.8073,-0.2102,0.9980,255,52.254471,1.0560,1.6164
BiancaGolden_CircleTurns,-94.2007,161.4938,145.4482,-7.2664,-10.2749,-61.3374,0.5555,-0.8030,-0.2158,0.9980,256,52.267643,1.0580,1.6149
BiancaGolden_CircleTurns,-94.0069,161.3794,145.2600,-6.6708,-10.5641,-61.2351,0.5553,-0.8019,-0.2204,0.9980,256,52.281727,1.0599,1.6138
BiancaGolden_CircleTurns,-93.7886,161.2651,145.1236,-6.2108,-10.7920,-61.2020,0.5529,-0.8024,-0.2245,0.9980,257,52.296776,1.0621,1.6127
BiancaGolden_CircleTurns,-93.5424,161.1937,145.0182,-5.6679,-10.9823,-61.3017,0.5481,-0.8049,-0.2275,0.9980,257,52.309731,1.0646,1.6119
BiancaGolden_CircleTurns,-93.3281,161.1320,144.9392,-4.7815,-11.0671,-61.6055,0.5382,-0.8121,-0.2255,0.9980,257,52.324116,1.0667,1.6113
BiancaGolden_CircleTurns,-93.1277,161.1147,144.8427,-3.4539,-11.2366,-61.9910,0.5316,-0.8159,-0.2272,0.9980,258,52.337337,1.0687,1.6111
BiancaGolden_CircleTurns,-92.8905,161.1140,144.7324,-2.0049,-11.5143,-62.3019,0.5270,-0.8167,-0.2351,0.9980,258,52.350262,1.0711,1.6111
BiancaGolden_CircleTurns,-92.6190,161.1490,144.6411,-0.5616,-11.8473,-62.5198,0.5156,-0.8245,-0.2330,0.9980,259,52.366070,1.0738,1.6115
BiancaGolden_CircleTurns,-92.3035,161.2084,144.5552,0.7397,-12.2097,-62.7293,0.5109,-0.8262,-0.2375,0.9980,259,52.379398,1.0770,1.6121
BiancaGolden_CircleTurns,-91.9918,161.2612,144.4554,1.9475,-12.4631,-63.0045,0.5061,-0.8280,-0.2414,0.9980,260,52.393433,1.0801,1.6126
BiancaGolden_CircleTurns,-91.6578,161.3098,144.4197,3.0935,-12.6022,-63.2827,0.5093,-0.8286,-0.2324,0.9980,260,52.406944,1.0834,1.6131
BiancaGolden_CircleTurns,-91.2803,161.4052,144.4297,4.1444,-12.5783,-63.6111,0.5048,-0.8307,-0.2347,0.9980,260,52.421009,1.0872,1.6141
BiancaGolden_CircleTurns,-90.9242,161.5258,144.3890,5.1154,-12.6239,-63.8869,0.5105,-0.8298,-0.2254,0.9980,261,52.435139,1.0908,1.6153
BiancaGolden_CircleTurns,-90.5645,161.6924,144.3263,6.2850,-12.6786,-64.1954,0.5083,-0.8319,-0.2225,0.9980,261,52.447800,1.0944,1.6169
BiancaGolden_CircleTurns,-90.1881,161.8749,144.3364,7.6988,-12.8029,-64.5490,0.5023,-0.8346,-0.2263,0.9980,262,52.463314,1.0981,1.6187
BiancaGolden_CircleTurns,-89.7728,162.0825,144.4070,9.2354,-12.8669,-64.9335,0.4916,-0.8385,-0.2348,0.9980,262,52.477619,1.1023,1.6208
BiancaGolden_CircleTurns,-88.9575,162.5689,144.5329,12.0697,-13.0831,-65.5818,0.4903,-0.8402,-0.2318,0.9980,263,52.493313,1.1104,1.6257
BiancaGolden_CircleTurns,-88.5650,162.8454,144.6555,13.2794,-13.1770,-65.8302,0.5160,-0.8246,-0.2320,0.9980,263,52.506847,1.1143,1.6285
BiancaGolden_CircleTurns,-88.2126,163.0725,144.9966,14.1950,-13.0547,-66.0827,0.5351,-0.8160,-0.2185,0.9980,263,52.520172,1.1179,1.6307
BiancaGolden_CircleTurns,-87.9226,163.2608,145.4005,15.2056,-12.7691,-66.2777,0.5444,-0.8128,-0.2075,0.9980,264,52.537086,1.1208,1.6326
BiancaGolden_CircleTurns,-88.0153,163.2825,145.5103,14.9479,-12.5703,-66.2262,0.5413,-0.8155,-0.2049,0.9980,264,52.546429,1.1198,1.6328
BiancaGolden_CircleTurns,-87.7573,163.5667,145.8206,15.2771,-12.3562,-66.4629,0.5426,-0.8157,-0.2005,0.9980,265,52.560352,1.1224,1.6357
BiancaGolden_CircleTurns,-87.4846,163.8507,146.1932,15.1988,-12.1122,-66.3957,0.5478,-0.8144,-0.1913,0.9980,265,52.574211,1.1252,1.6385
BiancaGolden_CircleTurns,-87.1968,164.1638,146.6001,14.9920,-12.0922,-66.2365,0.5508,-0.8120,-0.1932,0.9980,265,52.587902,1.1280,1.6416
BiancaGolden_CircleTurns,-86.9733,164.4709,146.9838,14.8342,-12.2313,-66.0116,0.5552,-0.8073,-0.2000,0.9980,266,52.601494,1.1303,1.6447
BiancaGolden_CircleTurns,-86.7767,164.7382,147.3622,14.9686,-12.3481,-65.9152,0.5589,-0.8035,-0.2049,0.9980,266,52.614044,1.1322,1.6474
BiancaGolden_CircleTurns,-86.5875,164.9816,147.7611,15.2192,-12.4161,-65.7684,0.5640,-0.8005,-0.2028,0.9980,267,52.629868,1.1341,1.6498
BiancaGolden_CircleTurns,-86.3559,165.1807,148.1740,15.2628,-12.2837,-65.4194,0.5692,-0.7979,-0.1984,0.9980,267,52.644100,1.1364,1.6518
BiancaGolden_CircleTurns,-86.0960,165.3720,148.5532,14.9654,-11.9240,-65.0294,0.5681,-0.7997,-0.1943,0.9980,267,52.658226,1.1390,1.6537
BiancaGolden_CircleTurns,-85.8835,165.5331,148.8846,14.5882,-11.5097,-64.5898,0.5747,-0.7964,-0.1884,0.9980,268,52.670212,1.1412,1.6553
BiancaGolden_CircleTurns,-85.7135,165.6553,149.1792,14.4511,-11.2021,-64.1578,0.5752,-0.7944,-0.1952,0.9980,268,52.683971,1.1429,1.6566
BiancaGolden_CircleTurns,-85.5623,165.7111,149.4492,14.4453,-10.9091,-63.7510,0.5802,-0.7918,-0.1910,0.9980,269,52.698357,1.1444,1.6571
BiancaGolden_CircleTurns,-85.3779,165.7772,149.7107,14.3623,-10.6737,-63.4210,0.5742,-0.7962,-0.1907,0.9980,269,52.711700,1.1462,1.6578
BiancaGolden_CircleTurns,-85.1937,165.7954,149.8928,14.1949,-10.5679,-63.0900,0.5717,-0.7956,-0.2006,0.9980,270,52.726456,1.1481,1.6580
BiancaGolden_CircleTurns,-85.0184,165.7578,150.0389,13.9991,-10.4609,-62.7427,0.5722,-0.7931,-0.2087,0.9980,270,52.740059,1.1498,1.6576
BiancaGolden_CircleTurns,-84.8789,165.6412,150.1743,13.6496,-10.3610,-62.4601,0.5657,-0.7975,-0.2096,0.9980,270,52.753708,1.1512,1.6564
BiancaGolden_CircleTurns,-84.7449,165.4872,150.2753,13.3018,-10.1672,-62.2945,0.5577,-0.8004,-0.2199,0.9980,271,52.766853,1.1526,1.6549
BiancaGolden_CircleTurns,-84.6100,165.2844,150.2963,13.0702,-9.9753,-62.1577,0.5500,-0.8033,-0.2287,0.9980,271,52.780155,1.1539,1.6528
BiancaGolden_CircleTurns,-84.4619,165.0564,150.2511,13.0310,-9.8407,-61.8839,0.5556,-0.7997,-0.2276,0.9980,272,52.796082,1.1554,1.6506
BiancaGolden_CircleTurns,-84.2981,164.7885,150.1599,12.9865,-9.7526,-61.5064,0.5479,-0.8053,-0.2267,0.9980,272,52.809006,1.1570,1.6479
BiancaGolden_CircleTurns,-84.1590,164.4578,150.0325,12.8117,-9.7624,-61.2082,0.5456,-0.8036,-0.2380,0.9980,272,52.823956,1.1584,1.6446
BiancaGolden_CircleTurns,-84.0596,164.0479,149.8698,12.6822,-9.7759,-61.0505,0.5363,-0.8071,-0.2470,0.9980,273,52.836922,1.1594,1.6405
BiancaGolden_CircleTurns,-83.9509,163.6066,149.6307,12.8279,-9.8507,-61.0333,0.5341,-0.8061,-0.2549,0.9980,273,52.849926,1.1605,1.6361
BiancaGolden_CircleTurns,-83.8238,163.1854,149.3511,13.1545,-10.0255,-60.8862,0.5279,-0.8074,-0.2636,0.9980,274,52.865879,1.1618,1.6319
BiancaGolden_CircleTurns,-83.7104,162.7425,148.9833,13.5131,-10.3690,-60.5882,0.5271,-0.8039,-0.2755,0.9980,274,52.878544,1.1629,1.6274
BiancaGolden_CircleTurns,-83.5488,162.1821,148.6840,13.3794,-11.0869,-60.5360,0.5281,-0.8019,-0.2795,0.9980,275,52.893177,1.1645,1.6218
BiancaGolden_CircleTurns,-83.1942,161.3650,149.0128,13.4494,-11.2510,-60.4076,0.5317,-0.8032,-0.2687,0.9980,275,52.906212,1.1681,1.6136
BiancaGolden_CircleTurns,-82.9969,160.8091,148.5816,13.8141,-10.4236,-60.1187,0.5303,-0.8039,-0.2694,0.9980,275,52.920670,1.1700,1.6081
BiancaGolden_CircleTurns,-82.8379,160.2841,147.8350,13.9421,-10.5099,-59.9651,0.5279,-0.8027,-0.2775,0.9980,276,52.934116,1.1716,1.6028
BiancaGolden_CircleTurns,-82.6374,159.7536,147.4001,14.0897,-11.0880,-59.5527,0.5279,-0.7986,-0.2892,0.9980,276,52.947418,1.1736,1.5975
BiancaGolden_CircleTurns,-82.2778,159.2637,147.4307,14.0965,-11.7883,-59.4245,0.5241,-0.7933,-0.3099,0.9980,277,52.962681,1.1772,1.5926
BiancaGolden_CircleTurns,-81.9943,158.7496,147.4978,14.8304,-12.6152,-59.2638,0.5201,-0.7896,-0.3255,0.9980,277,52.976234,1.1801,1.5875
BiancaGolden_CircleTurns,-81.9306,158.2609,147.1431,16.4730,-13.4884,-59.1913,0.5076,-0.7933,-0.3362,0.9980,277,52.991180,1.1807,1.5826
BiancaGolden_CircleTurns,-81.8259,157.8218,146.6318,17.8613,-14.3699,-59.5095,0.5023,-0.8006,-0.3266,0.9980,278,53.004078,1.1817,1.5782
BiancaGolden_CircleTurns,-81.7358,157.4369,146.1872,19.4091,-15.3719,-60.0629,0.4839,-0.8132,-0.3233,0.9980,278,53.017078,1.1826,1.5744
BiancaGolden_CircleTurns,-81.5393,157.0258,145.9738,21.0574,-16.1908,-60.5453,0.4755,-0.8193,-0.3204,0.9980,279,53.032433,1.1846,1.5703
BiancaGolden_CircleTurns,-81.2679,156.5945,145.8247,22.9058,-16.5806,-61.2677,0.4599,-0.8277,-0.3217,0.9980,279,53.049473,1.1873,1.5659
BiancaGolden_CircleTurns,-80.9705,156.1498,145.6908,24.7957,-16.6149,-62.2665,0.4411,-0.8387,-0.3194,0.9980,280,53.060593,1.1903,1.5615
BiancaGolden_CircleTurns,-80.6646,155.7781,145.5076,26.9477,-16.4286,-63.4920,0.4353,-0.8500,-0.2966,0.9980,280,53.073559,1.1934,1.5578
BiancaGolden_CircleTurns,-80.3388,155.4623,145.2899,29.2236,-16.3048,-64.5691,0.4413,-0.8615,-0.2510,0.9980,280,53.088833,1.1966,1.5546
BiancaGolden_CircleTurns,-79.9660,155.1909,145.0365,31.7190,-16.1494,-65.4309,0.4440,-0.8665,-0.2282,0.9980,281,53.101418,1.2003,1.5519
BiancaGolden_CircleTurns,-79.5259,154.9800,144.7826,33.8787,-15.9627,-66.2921,0.4327,-0.8730,-0.2250,0.9980,281,53.115242,1.2047,1.5498
BiancaGolden_CircleTurns,-79.0404,154.7772,144.5185,35.8459,-15.6381,-67.1683,0.4309,-0.8759,-0.2170,0.9980,282,53.129810,1.2096,1.5478
BiancaGolden_CircleTurns,-78.5907,154.6050,144.3216,38.0033,-15.3372,-67.8174,0.4325,-0.8751,-0.2170,0.9980,282,53.143490,1.2141,1.5460
BiancaGolden_CircleTurns,-78.0024,154.4842,144.2141,40.1080,-14.7853,-68.3400,0.4427,-0.8747,-0.1971,0.9980,282,53.157421,1.2200,1.5448
BiancaGolden_CircleTurns,-77.4084,154.3867,144.1000,42.2989,-14.0757,-68.6637,0.4490,-0.8723,-0.1938,0.9980,283,53.171124,1.2259,1.5439
BiancaGolden_CircleTurns,-76.8050,154.3360,143.9704,44.5896,-13.4503,-68.8184,0.4530,-0.8716,-0.1875,0.9980,283,53.184063,1.2319,1.5434
BiancaGolden_CircleTurns,-76.2228,154.3173,143.8134,46.5449,-13.0068,-68.9639,0.4647,-0.8654,-0.1875,0.9980,284,53.200092,1.2378,1.5432
BiancaGolden_CircleTurns,-75.6922,154.3527,143.6339,48.1964,-12.7710,-69.1268,0.4624,-0.8660,-0.1902,0.9980,284,53.213505,1.2431,1.5435
BiancaGolden_CircleTurns,-75.1422,154.4268,143.5162,49.3013,-12.7918,-69.3038,0.4647,-0.8624,-0.2009,0.9980,285,53.227337,1.2486,1.5443
BiancaGolden_CircleTurns,-74.6377,154.5517,143.5097,50.4248,-12.9995,-69.4502,0.4683,-0.8584,-0.2092,0.9980,285,53.240967,1.2536,1.5455
BiancaGolden_CircleTurns,-74.1902,154.8303,143.6531,51.6506,-13.5344,-69.6634,0.4669,-0.8525,-0.2351,0.9980,285,53.255020,1.2581,1.5483
BiancaGolden_CircleTurns,-73.7991,155.2421,143.9552,52.9468,-14.6039,-69.8971,0.4749,-0.8468,-0.2396,0.9980,286,53.269096,1.2620,1.5524
BiancaGolden_CircleTurns,-73.4128,155.6931,144.2157,53.6850,-15.3897,-70.1591,0.4708,-0.8470,-0.2470,0.9980,286,53.281750,1.2659,1.5569
BiancaGolden_CircleTurns,-72.9284,156.0708,144.6088,54.3028,-15.9415,-70.2526,0.4764,-0.8429,-0.2503,0.9980,287,53.296761,1.2707,1.5607
BiancaGolden_CircleTurns,-72.3350,156.4525,145.1207,54.3831,-16.1264,-69.8530,0.4881,-0.8377,-0.2451,0.9980,287,53.310406,1.2767,1.5645
BiancaGolden_CircleTurns,-71.7795,156.8697,145.6475,54.0201,-15.9455,-69.0213,0.5044,-0.8301,-0.2378,0.9980,287,53.324814,1.2822,1.5687
BiancaGolden_CircleTurns,-71.3419,157.2775,146.1109,53.6360,-15.8367,-68.2890,0.5098,-0.8293,-0.2290,0.9980,288,53.338345,1.2866,1.5728
BiancaGolden_CircleTurns,-70.9797,157.7152,146.5618,53.1578,-15.8063,-67.6283,0.5129,-0.8310,-0.2153,0.9980,288,53.351311,1.2902,1.5772
BiancaGolden_CircleTurns,-70.6448,158.1383,146.9832,52.9302,-15.8632,-67.1826,0.5182,-0.8275,-0.2161,0.9980,289,53.365795,1.2936,1.5814
BiancaGolden_CircleTurns,-70.3570,158.5124,147.4047,52.5774,-15.9625,-66.7848,0.5129,-0.8311,-0.2148,0.9980,289,53.379074,1.2964,1.5851
BiancaGolden_CircleTurns,-70.0907,158.8691,147.8350,52.3398,-16.0167,-66.4503,0.5192,-0.8268,-0.2163,0.9980,290,53.393368,1.2991,1.5887
BiancaGolden_CircleTurns,-69.8362,159.1871,148.3099,52.1818,-16.1259,-65.9936,0.5056,-0.8343,-0.2198,0.9980,290,53.406879,1.3016,1.5919
BiancaGolden_CircleTurns,-69.5560,159.4889,148.7489,51.6291,-16.2177,-65.6381,0.5061,-0.8353,-0.2148,0.9980,290,53.421280,1.3044,1.5949
BiancaGolden_CircleTurns,-69.2553,159.8173,149.1418,50.6136,-16.3537,-65.2544,0.5038,-0.8350,-0.2211,0.9980,291,53.434761,1.3074,1.5982
BiancaGolden_CircleTurns,-68.9576,160.0572,149.4705,49.4088,-16.4524,-64.7661,0.5032,-0.8358,-0.2196,0.9980,291,53.448696,1.3104,1.6006
BiancaGolden_CircleTurns,-68.7030,160.2221,149.8769,48.6908,-16.6025,-64.1399,0.5130,-0.8309,-0.2156,0.9980,292,53.463406,1.3130,1.6022
BiancaGolden_CircleTurns,-68.4303,160.2856,150.2627,48.0147,-16.4528,-63.4469,0.5101,-0.8317,-0.2193,0.9980,292,53.478073,1.3157,1.6029
BiancaGolden_CircleTurns,-68.0674,160.3382,150.6494,47.4925,-16.1375,-62.8567,0.5097,-0.8336,-0.2129,0.9980,293,53.492615,1.3193,1.6034
BiancaGolden_CircleTurns,-67.6911,160.4263,151.0051,46.9581,-15.9880,-62.1849,0.5098,-0.8317,-0.2201,0.9980,293,53.506317,1.3231,1.6043
BiancaGolden_CircleTurns,-67.2059,160.4251,151.2535,46.4294,-15.8794,-61.1255,0.5179,-0.8269,-0.2192,0.9980,293,53.519531,1.3279,1.6043
BiancaGolden_CircleTurns,-66.8238,160.3702,151.4584,45.6399,-15.7380,-60.0295,0.5185,-0.8272,-0.2167,0.9980,294,53.536293,1.3318,1.6037
BiancaGolden_CircleTurns,-66.5500,160.2074,151.6402,44.8739,-15.3129,-59.1367,0.5298,-0.8215,-0.2108,0.9980,294,53.546944,1.3345,1.6021
BiancaGolden_CircleTurns,-66.3795,159.9794,151.8244,44.4399,-14.9767,-58.3766,0.5321,-0.8196,-0.2122,0.9980,295,53.561333,1.3362,1.5998
BiancaGolden_CircleTurns,-66.1511,159.7469,152.0028,44.3435,-14.7948,-57.6437,0.5223,-0.8262,-0.2113,0.9980,295,53.576210,1.3385,1.5975
BiancaGolden_CircleTurns,-66.0161,159.4589,152.2196,44.1297,-15.0853,-57.0476,0.5112,-0.8361,-0.1990,0.9980,295,53.589180,1.3398,1.5946
BiancaGolden_CircleTurns,-65.9318,159.0492,152.4125,43.5042,-15.2373,-56.6085,0.4998,-0.8405,-0.2091,0.9980,296,53.603390,1.3407,1.5905
BiancaGolden_CircleTurns,-65.9023,158.5415,152.6567,42.7168,-15.3830,-56.4322,0.5041,-0.8375,-0.2110,0.9980,296,53.616192,1.3410,1.5854
BiancaGolden_CircleTurns,-65.9016,157.8825,152.9324,42.3989,-15.4800,-56.1016,0.5069,-0.8358,-0.2110,0.9980,297,53.631313,1.3410,1.5788
BiancaGolden_CircleTurns,-65.7824,157.2249,153.3003,42.1291,-15.7507,-55.3893,0.5057,-0.8361,-0.2129,0.9980,297,53.644871,1.3422,1.5722
BiancaGolden_CircleTurns,-65.5883,156.6616,153.5869,41.0326,-15.9044,-54.8192,0.4978,-0.8393,-0.2185,0.9980,298,53.658936,1.3441,1.5666
BiancaGolden_CircleTurns,-65.4918,156.0812,153.8144,38.9841,-16.1602,-54.5115,0.4842,-0.8427,-0.2356,0.9980,298,53.673023,1.3451,1.5608
BiancaGolden_CircleTurns,-65.4900,155.4374,153.9028,37.1869,-16.2375,-54.5077,0.4717,-0.8494,-0.2368,0.9980,298,53.687611,1.3451,1.5544
BiancaGolden_CircleTurns,-65.5950,154.7829,153.9189,36.1396,-16.4533,-54.7113,0.4686,-0.8502,-0.2398,0.9980,299,53.700382,1.3441,1.5478
BiancaGolden_CircleTurns,-65.6024,154.1514,153.8548,35.6579,-16.5818,-54.8693,0.4636,-0.8526,-0.2412,0.9980,299,53.713436,1.3440,1.5415
BiancaGolden_CircleTurns,-65.5294,153.6538,153.7214,35.4365,-16.6411,-55.1833,0.4551,-0.8565,-0.2435,0.9980,300,53.728489,1.3447,1.5365
BiancaGolden_CircleTurns,-65.3751,153.2536,153.4925,34.6293,-16.5040,-55.6487,0.4420,-0.8633,-0.2437,0.9980,300,53.742901,1.3462,1.5325
BiancaGolden_CircleTurns,-65.1985,153.0057,153.0619,33.2495,-16.2300,-56.4365,0.4329,-0.8680,-0.2432,0.9980,300,53.756966,1.3480,1.5301
BiancaGolden_CircleTurns,-65.0612,152.6805,152.6950,32.3737,-16.1054,-57.0159,0.4257,-0.8719,-0.2419,0.9980,301,53.770397,1.3494,1.5268
BiancaGolden_CircleTurns,-64.8943,152.3880,152.3566,32.4065,-16.0008,-57.4818,0.4192,-0.8760,-0.2385,0.9980,301,53.783245,1.3511,1.5239
BiancaGolden_CircleTurns,-64.6421,152.1397,151.9360,32.5620,-15.8168,-57.9421,0.4169,-0.8783,-0.2338,0.9980,302,53.798531,1.3536,1.5214
BiancaGolden_CircleTurns,-64.3304,151.8967,151.4118,33.2533,-15.5304,-58.2797,0.4174,-0.8790,-0.2306,0.9980,302,53.812035,1.3567,1.5190
BiancaGolden_CircleTurns,-64.0618,151.6843,150.9195,34.0120,-15.4176,-58.3706,0.4292,-0.8721,-0.2349,0.9980,303,53.826393,1.3594,1.5168
BiancaGolden_CircleTurns,-63.7803,151.5105,150.4024,34.7851,-15.2545,-58.3055,0.4316,-0.8705,-0.2367,0.9980,303,53.839756,1.3622,1.5151
BiancaGolden_CircleTurns,-63.5012,151.2882,149.8739,35.4757,-15.3458,-58.2485,0.4383,-0.8678,-0.2342,0.9980,303,53.853935,1.3650,1.5129
BiancaGolden_CircleTurns,-63.2509,151.1316,149.2990,36.0381,-15.2822,-58.0614,0.4444,-0.8631,-0.2397,0.9980,304,53.867733,1.3675,1.5113
BiancaGolden_CircleTurns,-63.0494,150.9725,148.7578,36.6959,-15.5962,-58.0219,0.4454,-0.8621,-0.2418,0.9980,304,53.881203,1.3695,1.5097
BiancaGolden_CircleTurns,-62.9280,150.8165,148.2546,37.6432,-15.7914,-57.9727,0.4453,-0.8607,-0.2467,0.9980,305,53.896938,1.3707,1.5082
BiancaGolden_CircleTurns,-62.8065,150.6508,147.7535,38.4599,-15.9762,-58.1803,0.4451,-0.8615,-0.2444,0.9980,305,53.909618,1.3719,1.5065
BiancaGolden_CircleTurns,-62.6501,150.4522,147.2598,39.4357,-15.8772,-58.2180,0.4452,-0.8618,-0.2430,0.9980,305,53.923889,1.3735,1.5045
BiancaGolden_CircleTurns,-62.4714,150.3293,146.8232,40.4350,-15.8974,-58.1970,0.4502,-0.8599,-0.2407,0.9980,306,53.937405,1.3753,1.5033
BiancaGolden_CircleTurns,-62.4104,150.2270,146.4740,41.4856,-15.8382,-57.9202,0.4532,-0.8589,-0.2384,0.9980,306,53.950386,1.3759,1.5023
BiancaGolden_CircleTurns,-62.3754,150.1144,146.1214,42.2516,-15.7696,-57.8552,0.4603,-0.8575,-0.2299,0.9980,307,53.965458,1.3762,1.5011
BiancaGolden_CircleTurns,-62.3544,149.9330,145.8660,42.7260,-15.3013,-57.4706,0.4702,-0.8538,-0.2237,0.9980,307,53.979332,1.3765,1.4993
BiancaGolden_CircleTurns,-62.3591,149.7508,145.7011,42.9599,-14.8761,-56.8012,0.4751,-0.8534,-0.2145,0.9980,308,53.993393,1.3764,1.4975
BiancaGolden_CircleTurns,-62.3516,149.5820,145.4092,42.5536,-14.2666,-56.1842,0.4783,-0.8529,-0.2093,0.9980,308,54.006706,1.3765,1.4958
BiancaGolden_CircleTurns,-62.3211,149.4006,145.1828,41.7980,-13.9463,-55.9407,0.4799,-0.8526,-0.2067,0.9980,308,54.021973,1.3768,1.4940
BiancaGolden_CircleTurns,-62.4820,149.2195,145.1461,42.1352,-14.0897,-55.5249,0.4799,-0.8500,-0.2174,0.9980,309,54.039455,1.3752,1.4922
BiancaGolden_CircleTurns,-62.7213,149.0669,145.0288,42.5461,-14.6144,-55.3213,0.4767,-0.8498,-0.2248,0.9980,309,54.048512,1.3728,1.4907
BiancaGolden_CircleTurns,-62.9899,148.8907,144.8115,41.9637,-14.9990,-55.4478,0.4694,-0.8512,-0.2348,0.9980,310,54.062988,1.3701,1.4889
BiancaGolden_CircleTurns,-63.2607,148.6382,144.7178,41.1791,-15.1989,-55.5253,0.4520,-0.8590,-0.2405,0.9980,310,54.077915,1.3674,1.4864
BiancaGolden_CircleTurns,-63.3797,148.3069,144.6907,40.2558,-15.0780,-55.4908,0.4569,-0.8588,-0.2318,0.9980,310,54.091232,1.3662,1.4831
BiancaGolden_CircleTurns,-63.6598,148.0448,144.5836,39.8264,-14.6787,-55.0408,0.4608,-0.8563,-0.2333,0.9980,311,54.104057,1.3634,1.4804
BiancaGolden_CircleTurns,-63.9668,147.6491,144.4476,39.4431,-14.8724,-54.5974,0.4706,-0.8517,-0.2305,0.9980,311,54.117760,1.3603,1.4765
BiancaGolden_CircleTurns,-64.0749,147.1835,144.4416,38.8928,-14.6943,-54.0005,0.4763,-0.8477,-0.2337,0.9980,312,54.132759,1.3593,1.4718
BiancaGolden_CircleTurns,-64.2963,146.8440,144.6195,38.3928,-14.7823,-53.5157,0.4756,-0.8475,-0.2357,0.9980,312,54.145775,1.3570,1.4684
BiancaGolden_CircleTurns,-64.5620,146.3761,144.5190,37.4146,-14.7767,-53.4571,0.4664,-0.8526,-0.2355,0.9980,313,54.160976,1.3544,1.4638
BiancaGolden_CircleTurns,-64.9291,145.8698,144.4258,36.6937,-14.9155,-53.4816,0.4621,-0.8522,-0.2455,0.9980,313,54.173687,1.3507,1.4587
BiancaGolden_CircleTurns,-65.2912,145.2933,144.3184,36.1318,-15.3018,-53.5071,0.4639,-0.8496,-0.2511,0.9980,313,54.187630,1.3471,1.4529
BiancaGolden_CircleTurns,-65.5646,144.7237,144.2473,35.2188,-15.4932,-53.3378,0.4663,-0.8468,-0.2560,0.9980,314,54.202106,1.3444,1.4472
BiancaGolden_CircleTurns,-65.8353,144.1396,144.2685,34.0720,-15.7022,-53.0105,0.4706,-0.8429,-0.2610,0.9980,314,54.214188,1.3416,1.4414
BiancaGolden_CircleTurns,-66.1519,143.5131,144.2431,32.7776,-15.8263,-52.6421,0.4751,-0.8393,-0.2644,0.9980,315,54.229309,1.3385,1.4351
BiancaGolden_CircleTurns,-66.5452,142.8624,144.2425,31.7152,-16.0777,-52.2559,0.4754,-0.8355,-0.2755,0.9980,315,54.243225,1.3345,1.4286
BiancaGolden_CircleTurns,-66.9322,142.1749,144.1810,30.5617,-16.2823,-51.9007,0.4759,-0.8337,-0.2801,0.9980,315,54.257214,1.3307,1.4217
BiancaGolden_CircleTurns,-67.3373,141.4939,144.1318,29.2124,-16.5079,-51.4526,0.4894,-0.8228,-0.2890,0.9980,316,54.270897,1.3266,1.4149
BiancaGolden_CircleTurns,-67.7528,140.8284,144.1655,27.5628,-16.6120,-50.7600,0.5010,-0.8157,-0.2891,0.9980,316,54.284035,1.3225,1.4083
BiancaGolden_CircleTurns,-68.1062,140.1938,144.2465,25.6681,-16.4148,-50.0111,0.5233,-0.8031,-0.2849,0.9980,317,54.299095,1.3189,1.4019
BiancaGolden_CircleTurns,-68.3898,139.5239,144.4600,23.6399,-15.6109,-48.9045,0.5523,-0.7855,-0.2793,0.9980,317,54.312767,1.3161,1.3952
BiancaGolden_CircleTurns,-68.6618,138.8728,144.7850,21.6667,-14.3577,-47.7187,0.5681,-0.7786,-0.2664,0.9980,318,54.326969,1.3134,1.3887
BiancaGolden_CircleTurns,-69.0716,138.1555,145.0908,19.9140,-12.8936,-46.6305,0.5722,-0.7820,-0.2470,0.9980,318,54.340767,1.3093,1.3816
BiancaGolden_CircleTurns,-69.6257,137.4699,145.3034,18.2116,-11.7596,-45.9929,0.5583,-0.8010,-0.2160,0.9980,318,54.355446,1.3037,1.3747
BiancaGolden_CircleTurns,-70.3125,136.7528,145.4043,16.5719,-11.0669,-45.8141,0.5331,-0.8218,-0.2011,0.9980,319,54.368553,1.2969,1.3675
BiancaGolden_CircleTurns,-70.9758,136.0042,145.4964,14.8872,-10.5993,-45.7860,0.5317,-0.8222,-0.2030,0.9980,319,54.381554,1.2902,1.3600
BiancaGolden_CircleTurns,-71.5344,135.2477,145.6433,13.2185,-10.3878,-45.9049,0.5108,-0.8360,-0.2001,0.9980,320,54.396568,1.2847,1.3525
BiancaGolden_CircleTurns,-72.1185,134.4613,145.7338,11.5808,-10.4352,-46.0917,0.4815,-0.8516,-0.2073,0.9980,320,54.410633,1.2788,1.3446
BiancaGolden_CircleTurns,-72.8099,133.7198,145.7627,9.9343,-10.6477,-46.3520,0.4656,-0.8591,-0.2125,0.9980,320,54.424419,1.2719,1.3372
BiancaGolden_CircleTurns,-73.5243,132.9783,145.7820,8.3715,-10.9596,-46.6768,0.4435,-0.8685,-0.2215,0.9980,321,54.438755,1.2648,1.3298
BiancaGolden_CircleTurns,-74.1772,132.2193,145.8319,7.2524,-11.0902,-47.0341,0.4419,-0.8684,-0.2250,0.9980,321,54.451168,1.2582,1.3222
BiancaGolden_CircleTurns,-74.8166,131.4109,145.9651,6.5058,-11.1010,-47.1363,0.4394,-0.8683,-0.2301,0.9980,322,54.466209,1.2518,1.3141
BiancaGolden_CircleTurns,-75.4874,130.6395,146.1235,5.6921,-11.1787,-47.2779,0.4386,-0.8652,-0.2430,0.9980,322,54.479713,1.2451,1.3064
BiancaGolden_CircleTurns,-76.2240,129.8310,146.1498,4.7180,-11.3235,-47.5015,0.4459,-0.8575,-0.2565,0.9980,323,54.494125,1.2378,1.2983
BiancaGolden_CircleTurns,-77.0467,129.0016,146.1261,3.7355,-11.5937,-47.6778,0.4512,-0.8522,-0.2650,0.9980,323,54.508366,1.2295,1.2900
BiancaGolden_CircleTurns,-77.9013,128.1748,146.0931,2.6198,-11.9632,-47.9380,0.4543,-0.8473,-0.2750,0.9980,323,54.522087,1.2210,1.2817
BiancaGolden_CircleTurns,-78.7313,127.3092,146.1277,1.1857,-12.2564,-47.9212,0.4689,-0.8381,-0.2788,0.9980,324,54.539032,1.2127,1.2731
BiancaGolden_CircleTurns,-79.5352,126.4065,146.2226,-0.6538,-12.3088,-47.8256,0.4719,-0.8337,-0.2868,0.9980,324,54.549320,1.2046,1.2641
BiancaGolden_CircleTurns,-80.3919,125.4861,146.2921,-3.1526,-12.2402,-47.6752,0.4741,-0.8311,-0.2908,0.9980,325,54.563374,1.1961,1.2549
BiancaGolden_CircleTurns,-81.3371,124.5530,146.2978,-5.9726,-12.3721,-47.6466,0.4713,-0.8334,-0.2887,0.9980,325,54.578178,1.1866,1.2455
BiancaGolden_CircleTurns,-82.3594,123.6262,146.1638,-8.7283,-12.6261,-47.6138,0.4742,-0.8289,-0.2967,0.9980,325,54.591450,1.1764,1.2363
BiancaGolden_CircleTurns,-83.3697,122.7435,146.0054,-11.3725,-13.0104,-47.4371,0.4945,-0.8154,-0.3010,0.9980,326,54.604973,1.1663,1.2274
BiancaGolden_CircleTurns,-84.3585,121.8260,145.8332,-14.1075,-13.3355,-47.0957,0.5103,-0.8074,-0.2962,0.9980,326,54.618065,1.1564,1.2183
BiancaGolden_CircleTurns,-85.3521,120.9275,145.7009,-17.1269,-13.6152,-46.6113,0.5192,-0.7976,-0.3068,0.9980,327,54.633286,1.1465,1.2093
BiancaGolden_CircleTurns,-86.3953,120.0491,145.5416,-20.0825,-13.7065,-46.0329,0.5306,-0.7894,-0.3088,0.9980,327,54.647350,1.1360,1.2005
BiancaGolden_CircleTurns,-87.4174,119.1452,145.3428,-22.8831,-13.4824,-45.5512,0.5433,-0.7858,-0.2955,0.9980,328,54.661705,1.1258,1.1915
BiancaGolden_CircleTurns,-88.4448,118.2378,145.1521,-25.5099,-13.1034,-45.2830,0.5552,-0.7835,-0.2789,0.9980,328,54.675056,1.1156,1.1824
BiancaGolden_CircleTurns,-89.4642,117.3666,144.9088,-27.9323,-12.8310,-45.1647,0.5656,-0.7758,-0.2798,0.9980,328,54.689220,1.1054,1.1737
BiancaGolden_CircleTurns,-90.4702,116.5463,144.6354,-30.2677,-12.7870,-44.9652,0.5653,-0.7803,-0.2675,0.9980,329,54.702812,1.0953,1.1655
BiancaGolden_CircleTurns,-91.4824,115.7786,144.3305,-32.7000,-12.9604,-44.6361,0.5721,-0.7715,-0.2783,0.9980,329,54.715828,1.0852,1.1578
BiancaGolden_CircleTurns,-92.5201,115.0978,144.0256,-35.1686,-13.2186,-44.1030,0.5831,-0.7645,-0.2747,0.9980,330,54.731262,1.0748,1.1510
BiancaGolden_CircleTurns,-93.5000,114.4325,143.7693,-37.4594,-13.2945,-43.7208,0.5902,-0.7609,-0.2695,0.9980,330,54.744667,1.0650,1.1443
BiancaGolden_CircleTurns,-94.5016,113.7287,143.5372,-39.3059,-12.9448,-43.5090,0.5917,-0.7689,-0.2424,0.9980,331,54.759056,1.0550,1.1373
BiancaGolden_CircleTurns,-95.5498,113.0568,143.3360,-40.9727,-12.6222,-43.3647,0.6039,-0.7619,-0.2340,0.9980,331,54.772415,1.0445,1.1306
BiancaGolden_CircleTurns,-96.5533,112.4789,143.1154,-42.9696,-12.5156,-43.2714,0.6077,-0.7565,-0.2417,0.9980,331,54.787449,1.0345,1.1248
BiancaGolden_CircleTurns,-97.5303,111.9999,142.8767,-45.2795,-12.6253,-42.9483,0.6120,-0.7546,-0.2365,0.9980,332,54.800686,1.0247,1.1200
BiancaGolden_CircleTurns,-98.3924,111.6421,142.7077,-47.1823,-12.6652,-42.6993,0.6156,-0.7566,-0.2205,0.9980,332,54.813961,1.0161,1.1164
BiancaGolden_CircleTurns,-99.3062,111.2222,142.5659,-48.4825,-12.4538,-42.5015,0.6169,-0.7587,-0.2093,0.9980,333,54.828819,1.0069,1.1122
BiancaGolden_CircleTurns,-100.2033,110.7065,142.4792,-49.0605,-12.0620,-42.4701,0.6294,-0.7526,-0.1936,0.9980,333,54.842430,0.9980,1.1071
BiancaGolden_CircleTurns,-101.0519,110.2562,142.4082,-49.8283,-11.8911,-42.4506,0.6365,-0.7481,-0.1877,0.9980,333,54.856514,0.9895,1.1026
BiancaGolden_CircleTurns,-101.7758,109.9130,142.3113,-50.2706,-11.8269,-42.2627,0.6528,-0.7380,-0.1709,0.9980,334,54.870388,0.9822,1.0991
BiancaGolden_CircleTurns,-102.4071,109.6385,142.2002,-50.4434,-11.7299,-41.9567,0.6596,-0.7324,-0.1688,0.9980,334,54.883289,0.9759,1.0964
BiancaGolden_CircleTurns,-102.9157,109.4549,142.1097,-50.1944,-11.6375,-41.4587,0.6714,-0.7214,-0.1697,0.9980,335,54.898369,0.9708,1.0945
BiancaGolden_CircleTurns,-103.3471,109.3575,142.0642,-49.8711,-11.5211,-40.8530,0.6889,-0.7037,-0.1737,0.9980,335,54.912155,0.9665,1.0936
BiancaGolden_CircleTurns,-103.7473,109.3735,142.1065,-49.5586,-11.6644,-39.9728,0.7035,-0.6893,-0.1734,0.9980,336,54.927601,0.9625,1.0937
BiancaGolden_CircleTurns,-104.0810,109.4080,142.1635,-49.2530,-11.9503,-38.9439,0.7154,-0.6763,-0.1759,0.9980,336,54.939915,0.9592,1.0941
BiancaGolden_CircleTurns,-104.4063,109.4166,142.2201,-48.7620,-12.2742,-38.0514,0.7222,-0.6690,-0.1760,0.9980,336,54.954086,0.9559,1.0942
BiancaGolden_CircleTurns,-104.7333,109.3806,142.3196,-47.9918,-12.4912,-37.3444,0.7280,-0.6627,-0.1756,0.9980,337,54.967628,0.9527,1.0938
BiancaGolden_CircleTurns,-105.0301,109.3440,142.4444,-46.8796,-12.5724,-36.8913,0.7307,-0.6593,-0.1773,0.9980,337,54.981312,0.9497,1.0934
BiancaGolden_CircleTurns,-105.2997,109.3121,142.5594,-45.6122,-12.6254,-36.5320,0.7265,-0.6676,-0.1625,0.9980,338,54.995785,0.9470,1.0931
BiancaGolden_CircleTurns,-105.5331,109.2941,142.6537,-44.1638,-12.5269,-36.4606,0.7160,-0.6762,-0.1735,0.9980,338,55.009930,0.9447,1.0929
BiancaGolden_CircleTurns,-105.7487,109.3212,142.7000,-42.7615,-12.5461,-36.4592,0.7113,-0.6854,-0.1556,0.9980,338,55.023663,0.9425,1.0932
BiancaGolden_CircleTurns,-105.9677,109.3494,142.7013,-41.5215,-12.5535,-36.3140,0.7115,-0.6859,-0.1527,0.9980,339,55.040745,0.9403,1.0935
BiancaGolden_CircleTurns,-106.1705,109.3799,142.6369,-40.1464,-12.6757,-36.2726,0.7121,-0.6857,-0.1510,0.9980,339,55.050907,0.9383,1.0938
BiancaGolden_CircleTurns,-106.3827,109.4126,142.5321,-38.6638,-12.7616,-36.3175,0.7145,-0.6841,-0.1469,0.9980,340,55.065292,0.9362,1.0941
BiancaGolden_CircleTurns,-106.5964,109.4169,142.3947,-37.1338,-12.8818,-36.5025,0.7263,-0.6674,-0.1647,0.9980,340,55.079021,0.9340,1.0942
BiancaGolden_CircleTurns,-106.7884,109.3726,142.2648,-35.5398,-12.9639,-36.7618,0.7274,-0.6657,-0.1665,0.9980,341,55.092907,0.9321,1.0937
BiancaGolden_CircleTurns,-106.9700,109.3062,142.1369,-34.0281,-12.9664,-37.1133,0.7374,-0.6466,-0.1953,0.9980,341,55.106915,0.9303,1.0931
BiancaGolden_CircleTurns,-107.1412,109.3852,142.0054,-32.8267,-13.1339,-37.6864,0.7323,-0.6491,-0.2060,0.9980,341,55.120785,0.9286,1.0939
BiancaGolden_CircleTurns,-107.2569,109.5495,141.7972,-31.7891,-13.4218,-38.2266,0.7255,-0.6547,-0.2123,0.9980,342,55.134312,0.9274,1.0955
BiancaGolden_CircleTurns,-107.3383,109.8627,141.5923,-30.8962,-13.8583,-38.7880,0.7245,-0.6508,-0.2271,0.9980,342,55.147335,0.9266,1.0986
BiancaGolden_CircleTurns,-107.4385,110.3245,141.4765,-29.9981,-14.5258,-38.9707,0.7245,-0.6484,-0.2337,0.9980,343,55.162861,0.9256,1.1032
BiancaGolden_CircleTurns,-107.4755,110.6210,141.4312,-28.8468,-14.9856,-38.8766,0.7317,-0.6348,-0.2483,0.9980,343,55.176304,0.9252,1.1062
BiancaGolden_CircleTurns,-107.5225,110.7810,141.4302,-27.1568,-14.9145,-38.7072,0.7363,-0.6325,-0.2403,0.9980,343,55.190628,0.9248,1.1078
BiancaGolden_CircleTurns,-107.5555,110.9565,141.4079,-25.5438,-14.6632,-38.7506,0.7471,-0.6269,-0.2209,0.9980,344,55.204056,0.9244,1.1096
BiancaGolden_CircleTurns,-107.5341,111.1049,141.3207,-23.9005,-14.1911,-38.9178,0.7461,-0.6312,-0.2119,0.9980,344,55.217739,0.9247,1.1110
BiancaGolden_CircleTurns,-107.5412,111.2631,141.1444,-22.2131,-13.6909,-39.1909,0.7438,-0.6367,-0.2034,0.9980,345,55.232056,0.9246,1.1126
BiancaGolden_CircleTurns,-107.5354,111.4032,140.9316,-20.5976,-13.2206,-39.5699,0.7413,-0.6413,-0.1982,0.9980,345,55.245670,0.9246,1.1140
BiancaGolden_CircleTurns,-107.5350,111.5187,140.7426,-19.1313,-12.9046,-39.9204,0.7381,-0.6455,-0.1964,0.9980,346,55.260696,0.9247,1.1152
BiancaGolden_CircleTurns,-107.5318,111.6513,140.5786,-17.6546,-12.7856,-40.1540,0.7364,-0.6491,-0.1910,0.9980,346,55.273647,0.9247,1.1165
BiancaGolden_CircleTurns,-107.4685,111.8051,140.4404,-16.0164,-12.7986,-40.2251,0.7362,-0.6521,-0.1812,0.9980,346,55.288078,0.9253,1.1181
BiancaGolden_CircleTurns,-107.3496,111.9381,140.3122,-14.3106,-12.8556,-40.2664,0.7358,-0.6518,-0.1835,0.9980,347,55.301647,0.9265,1.1194
BiancaGolden_CircleTurns,-107.1439,112.0691,140.1973,-12.8035,-13.0227,-40.3361,0.7333,-0.6570,-0.1749,0.9980,347,55.314728,0.9286,1.1207
BiancaGolden_CircleTurns,-106.9300,112.3367,140.1002,-11.7156,-13.3076,-40.6984,0.7295,-0.6594,-0.1816,0.9980,348,55.329910,0.9307,1.1234
BiancaGolden_CircleTurns,-106.6739,112.6605,139.9868,-10.5819,-13.7612,-41.0830,0.7277,-0.6638,-0.1727,0.9980,348,55.343601,0.9333,1.1266
BiancaGolden_CircleTurns,-106.2773,112.8956,139.9157,-9.0378,-13.9152,-41.6178,0.7229,-0.6745,-0.1502,0.9980,349,55.358299,0.9372,1.1290
BiancaGolden_CircleTurns,-105.8040,113.1252,139.9587,-7.4160,-13.6430,-42.4140,0.7146,-0.6857,-0.1384,0.9980,349,55.371460,0.9420,1.1313
BiancaGolden_CircleTurns,-105.2443,113.4131,139.9359,-5.7187,-13.2600,-43.5073,0.7045,-0.6973,-0.1321,0.9980,349,55.386074,0.9476,1.1341
BiancaGolden_CircleTurns,-104.7013,113.7379,139.7679,-3.8724,-12.8965,-44.5204,0.7001,-0.7042,-0.1183,0.9980,350,55.399551,0.9530,1.1374
BiancaGolden_CircleTurns,-104.1160,114.2431,139.5579,-1.9853,-12.8766,-45.5317,0.6968,-0.7104,-0.0994,0.9980,350,55.412613,0.9588,1.1424
BiancaGolden_CircleTurns,-103.4883,114.7354,139.2890,0.0933,-12.8504,-46.2498,0.6963,-0.7133,-0.0802,0.9980,351,55.428032,0.9651,1.1474
BiancaGolden_CircleTurns,-102.8123,115.2260,139.0011,2.5075,-12.8762,-46.7680,0.6942,-0.7155,-0.0784,0.9980,351,55.441353,0.9719,1.1523
BiancaGolden_CircleTurns,-102.1018,115.7291,138.7240,4.8699,-13.0036,-47.4027,0.6920,-0.7171,-0.0836,0.9980,351,55.455589,0.9790,1.1573
BiancaGolden_CircleTurns,-101.4057,116.2111,138.3588,7.5967,-13.1998,-47.9913,0.6980,-0.7103,-0.0909,0.9980,352,55.469341,0.9859,1.1621
BiancaGolden_CircleTurns,-100.7565,116.7609,137.9032,10.7237,-13.4292,-48.4186,0.7091,-0.6978,-0.1007,0.9980,352,55.482410,0.9924,1.1676
BiancaGolden_CircleTurns,-100.1166,117.3500,137.4116,13.4124,-13.6400,-48.8176,0.7138,-0.6919,-0.1081,0.9980,353,55.497734,0.9988,1.1735
BiancaGolden_CircleTurns,-99.4156,117.9486,136.8354,15.6193,-13.9260,-49.3029,0.7107,-0.6942,-0.1140,0.9980,353,55.511490,1.0058,1.1795
BiancaGolden_CircleTurns,-98.6753,118.5371,136.2252,17.3538,-14.0371,-49.9773,0.7125,-0.6926,-0.1123,0.9980,354,55.526070,1.0132,1.1854
BiancaGolden_CircleTurns,-97.9759,119.0537,135.5787,19.2191,-14.1250,-50.6930,0.7066,-0.6983,-0.1143,0.9980,354,55.542877,1.0202,1.1905
BiancaGolden_CircleTurns,-97.2790,119.6009,134.8936,21.4879,-14.3140,-51.5997,0.6991,-0.7045,-0.1224,0.9980,354,55.554081,1.0272,1.1960
BiancaGolden_CircleTurns,-96.5601,120.1284,134.1803,24.0182,-14.4571,-52.4870,0.6913,-0.7107,-0.1308,0.9980,355,55.566277,1.0344,1.2013
BiancaGolden_CircleTurns,-95.9223,120.7285,133.4211,27.0015,-14.6793,-53.2152,0.6878,-0.7123,-0.1402,0.9980,355,55.579651,1.0408,1.2073
BiancaGolden_CircleTurns,-95.2912,121.2667,132.5540,29.8871,-14.8867,-53.7410,0.6808,-0.7194,-0.1376,0.9980,356,55.594624,1.0471,1.2127
BiancaGolden_CircleTurns,-94.6171,121.6840,131.7160,32.0384,-14.6343,-54.2369,0.6693,-0.7323,-0.1257,0.9980,356,55.608147,1.0538,1.2168
BiancaGolden_CircleTurns,-93.9579,122.1060,130.9717,33.6508,-14.1151,-54.7742,0.6605,-0.7422,-0.1135,0.9980,356,55.622540,1.0604,1.2211
BiancaGolden_CircleTurns,-93.3439,122.4754,130.2282,34.7729,-13.4169,-55.6396,0.6477,-0.7557,-0.0968,0.9980,357,55.636395,1.0666,1.2248
BiancaGolden_CircleTurns,-92.8439,122.7441,129.4216,35.8835,-12.6037,-56.6154,0.6408,-0.7625,-0.0899,0.9980,357,55.649124,1.0716,1.2274
BiancaGolden_CircleTurns,-92.3689,122.9693,128.5814,37.5243,-11.9982,-57.3642,0.6320,-0.7705,-0.0833,0.9980,358,55.664619,1.0763,1.2297
BiancaGolden_CircleTurns,-91.9693,123.2174,127.7493,39.5258,-11.7883,-57.7384,0.6197,-0.7791,-0.0949,0.9980,358,55.678108,1.0803,1.2322
BiancaGolden_CircleTurns,-91.5177,123.4982,126.8622,40.8576,-11.8078,-58.0869,0.6115,-0.7856,-0.0945,0.9980,359,55.692352,1.0848,1.2350
BiancaGolden_CircleTurns,-90.9569,123.7855,125.9493,41.0977,-11.5798,-58.5669,0.6106,-0.7849,-0.1055,0.9980,359,55.706131,1.0904,1.2379
BiancaGolden_CircleTurns,-90.4432,124.0427,125.0693,41.7263,-11.2893,-58.9006,0.6099,-0.7850,-0.1086,0.9980,359,55.720211,1.0956,1.2404
BiancaGolden_CircleTurns,-90.0172,124.2894,124.1814,43.1813,-11.2954,-59.0711,0.6157,-0.7782,-0.1239,0.9980,360,55.733963,1.0998,1.2429
BiancaGolden_CircleTurns,-89.5872,124.5300,123.2423,45.1517,-11.3795,-59.3271,0.6108,-0.7795,-0.1388,0.9980,360,55.747040,1.1041,1.2453
BiancaGolden_CircleTurns,-89.1671,124.8068,122.3311,47.5157,-11.6004,-59.6171,0.6041,-0.7822,-0.1524,0.9980,361,55.762112,1.1083,1.2481
BiancaGolden_CircleTurns,-88.7317,125.0981,121.4032,49.9495,-11.7781,-60.1421,0.5910,-0.7898,-0.1641,0.9980,361,55.776009,1.1127,1.2510
BiancaGolden_CircleTurns,-88.2941,125.3796,120.4423,52.0472,-11.5315,-60.7045,0.5859,-0.7921,-0.1711,0.9980,361,55.789951,1.1171,1.2538
BiancaGolden_CircleTurns,-87.9316,125.6426,119.4971,54.3947,-11.2811,-61.2657,0.5801,-0.7963,-0.1714,0.9980,362,55.803623,1.1207,1.2564
BiancaGolden_CircleTurns,-87.5678,125.8835,118.5341,57.0413,-10.9458,-61.7394,0.5741,-0.8000,-0.1743,0.9980,362,55.817009,1.1243,1.2588
BiancaGolden_CircleTurns,-87.2103,126.1419,117.6340,59.8024,-10.7767,-62.2567,0.5596,-0.8095,-0.1777,0.9980,363,55.831852,1.1279,1.2614
BiancaGolden_CircleTurns,-86.8181,126.4608,116.7023,62.0595,-10.5385,-62.9523,0.5537,-0.8109,-0.1893,0.9980,363,55.845753,1.1318,1.2646
BiancaGolden_CircleTurns,-86.4846,126.7369,115.7585,63.8360,-10.1353,-63.6958,0.5403,-0.8177,-0.1983,0.9980,364,55.860111,1.1352,1.2674
BiancaGolden_CircleTurns,-86.1515,126.9416,114.8746,65.2247,-9.7814,-64.3782,0.5318,-0.8197,-0.2128,0.9980,364,55.873222,1.1385,1.2694
BiancaGolden_CircleTurns,-85.7183,127.0942,114.0252,66.3379,-9.4190,-64.7321,0.5299,-0.8217,-0.2097,0.9980,364,55.887833,1.1428,1.2709
BiancaGolden_CircleTurns,-85.2481,127.3451,113.2032,66.4796,-9.2173,-64.8784,0.5305,-0.8150,-0.2333,0.9980,365,55.901329,1.1475,1.2735
BiancaGolden_CircleTurns,-84.9147,127.5829,112.3155,66.4376,-9.2214,-65.2315,0.5205,-0.8161,-0.2510,0.9980,365,55.915417,1.1509,1.2758
BiancaGolden_CircleTurns,-84.8943,127.8226,111.4670,66.6210,-9.7174,-66.0858,0.5150,-0.7937,-0.3237,0.9980,366,55.929291,1.1511,1.2782
BiancaGolden_CircleTurns,-84.9324,128.0027,110.7026,67.6519,-10.6432,-66.8153,0.5003,-0.7935,-0.3465,0.9980,366,55.943134,1.1507,1.2800
BiancaGolden_CircleTurns,-84.8728,128.1656,110.0439,69.3744,-11.7537,-67.3686,0.4964,-0.7912,-0.3572,0.9980,366,55.957638,1.1513,1.2817
BiancaGolden_CircleTurns,-84.6462,128.3159,109.4469,71.1967,-12.4302,-67.4539,0.4939,-0.7890,-0.3654,0.9980,367,55.970970,1.1535,1.2832
BiancaGolden_CircleTurns,-84.1992,128.5700,108.9370,72.9278,-12.6861,-67.3384,0.5160,-0.7787,-0.3569,0.9980,367,55.984741,1.1580,1.2857
BiancaGolden_CircleTurns,-83.7401,128.8264,108.4587,74.5209,-12.5721,-67.0185,0.5205,-0.7834,-0.3398,0.9980,368,55.999153,1.1626,1.2883
BiancaGolden_CircleTurns,-83.4044,129.0164,107.8824,76.0062,-11.9957,-66.5701,0.5264,-0.7882,-0.3189,0.9980,368,56.012775,1.1660,1.2902
BiancaGolden_CircleTurns,-83.2516,129.2429,107.2983,77.6480,-11.4743,-66.4413,0.5231,-0.7922,-0.3143,0.9980,369,56.026867,1.1675,1.2924
BiancaGolden_CircleTurns,-83.1390,129.4600,106.7423,79.2650,-10.9153,-66.5036,0.5228,-0.7928,-0.3132,0.9980,369,56.044621,1.1686,1.2946
BiancaGolden_CircleTurns,-82.9336,129.6776,106.2672,80.8062,-10.3906,-66.6967,0.5196,-0.7967,-0.3087,0.9980,369,56.055103,1.1707,1.2968
BiancaGolden_CircleTurns,-82.6686,129.8841,105.7120,82.4296,-9.8323,-66.7213,0.5151,-0.7972,-0.3149,0.9980,370,56.069248,1.1733,1.2988
BiancaGolden_CircleTurns,-82.3831,130.0776,105.1258,84.1121,-9.4455,-66.4871,0.5223,-0.7941,-0.3107,0.9980,370,56.081718,1.1762,1.3008
BiancaGolden_CircleTurns,-82.0869,130.2601,104.5725,85.1783,-9.0906,-66.1797,0.5220,-0.7948,-0.3095,0.9980,371,56.095806,1.1791,1.3026
BiancaGolden_CircleTurns,-81.7926,130.4265,103.9613,85.6909,-8.7199,-65.7860,0.5313,-0.7886,-0.3097,0.9980,371,56.109562,1.1821,1.3043
BiancaGolden_CircleTurns,-81.5781,130.5955,103.3261,86.1656,-8.7058,-65.4524,0.5302,-0.7859,-0.3182,0.9980,371,56.123665,1.1842,1.3060
BiancaGolden_CircleTurns,-81.4310,130.7657,102.7037,86.9918,-9.0902,-65.3007,0.5288,-0.7851,-0.3224,0.9980,372,56.137440,1.1857,1.3077
BiancaGolden_CircleTurns,-81.3455,130.9273,102.1063,87.4362,-9.6299,-65.3333,0.5304,-0.7828,-0.3254,0.9980,372,56.150677,1.1865,1.3093
BiancaGolden_CircleTurns,-81.2194,131.0640,101.5432,87.8192,-10.0259,-65.3319,0.5375,-0.7745,-0.3336,0.9980,373,56.165714,1.1878,1.3106
BiancaGolden_CircleTurns,-81.0157,131.1800,101.0638,88.4941,-10.5149,-65.2343,0.5349,-0.7761,-0.3339,0.9980,373,56.179817,1.1898,1.3118
BiancaGolden_CircleTurns,-80.8126,131.3004,100.6493,89.5891,-11.0377,-65.1231,0.5372,-0.7749,-0.3332,0.9980,374,56.194202,1.1919,1.3130
BiancaGolden_CircleTurns,-80.6844,131.4209,100.2799,90.2108,-11.5365,-64.9936,0.5510,-0.7675,-0.3276,0.9980,374,56.208126,1.1932,1.3142
BiancaGolden_CircleTurns,-80.5728,131.5353,99.9101,90.3800,-11.7831,-64.8422,0.5541,-0.7646,-0.3294,0.9980,374,56.221710,1.1943,1.3154
BiancaGolden_CircleTurns,-80.4202,131.5888,99.6786,90.3536,-11.8963,-64.5947,0.5596,-0.7644,-0.3202,0.9980,375,56.235378,1.1958,1.3159
BiancaGolden_CircleTurns,-80.2482,131.6115,99.4442,90.7669,-11.9600,-64.2466,0.5637,-0.7645,-0.3127,0.9980,375,56.248581,1.1975,1.3161
BiancaGolden_CircleTurns,-80.1034,131.6389,99.3344,91.4090,-12.1733,-63.9717,0.5631,-0.7641,-0.3149,0.9980,376,56.263767,1.1990,1.3164
BiancaGolden_CircleTurns,-80.0042,131.6679,99.2570,91.7132,-12.3319,-63.8523,0.5672,-0.7699,-0.2927,0.9980,376,56.277554,1.2000,1.3167
BiancaGolden_CircleTurns,-79.9375,131.6944,99.2055,91.4822,-12.3282,-63.8637,0.5507,-0.7832,-0.2888,0.9980,377,56.291882,1.2006,1.3169
BiancaGolden_CircleTurns,-79.8629,131.6777,99.1945,91.4163,-12.2929,-63.8470,0.5522,-0.7871,-0.2748,0.9980,377,56.305202,1.2014,1.3168
BiancaGolden_CircleTurns,-79.7443,131.6658,99.2454,91.5095,-12.3229,-63.8723,0.5519,-0.7874,-0.2746,0.9980,377,56.319954,1.2026,1.3167
BiancaGolden_CircleTurns,-79.6235,131.6409,99.3652,91.5481,-12.3068,-63.9005,0.5474,-0.7928,-0.2680,0.9980,378,56.333637,1.2038,1.3164
BiancaGolden_CircleTurns,-79.5307,131.6084,99.4828,91.2466,-12.1236,-63.8967,0.5454,-0.7957,-0.2634,0.9980,378,56.346745,1.2047,1.3161
BiancaGolden_CircleTurns,-79.4792,131.5606,99.6463,90.8726,-11.9760,-63.9432,0.5367,-0.8022,-0.2614,0.9980,379,56.361374,1.2052,1.3156
BiancaGolden_CircleTurns,-79.4649,131.4986,99.8517,90.5876,-12.0552,-64.0282,0.5346,-0.8049,-0.2577,0.9980,379,56.374725,1.2054,1.3150
BiancaGolden_CircleTurns,-79.4660,131.3673,100.1444,89.8129,-12.1972,-64.2598,0.5313,-0.8077,-0.2557,0.9980,379,56.390022,1.2053,1.3137
BiancaGolden_CircleTurns,-79.4248,131.1696,100.5857,87.8470,-12.3343,-64.6345,0.5339,-0.8065,-0.2541,0.9980,380,56.403008,1.2058,1.3117
BiancaGolden_CircleTurns,-79.3849,130.9339,101.0738,85.7630,-12.6747,-64.9678,0.5281,-0.8083,-0.2603,0.9980,380,56.416199,1.2062,1.3093
BiancaGolden_CircleTurns,-79.4161,130.6850,101.5514,83.5710,-13.3659,-65.4124,0.5161,-0.8141,-0.2663,0.9980,381,56.430424,1.2058,1.3068
BiancaGolden_CircleTurns,-79.5284,130.4411,102.1527,81.1394,-14.5527,-66.2105,0.5185,-0.8114,-0.2697,0.9980,381,56.444935,1.2047,1.3044
BiancaGolden_CircleTurns,-79.6429,130.1638,102.8315,78.3860,-15.8992,-66.9785,0.5193,-0.8142,-0.2596,0.9980,382,56.458412,1.2036,1.3016
BiancaGolden_CircleTurns,-79.6867,129.8684,103.5244,75.6260,-17.1877,-67.3705,0.5318,-0.8177,-0.2203,0.9980,382,56.472248,1.2031,1.2987
BiancaGolden_CircleTurns,-79.6787,129.5252,104.2253,72.4730,-18.5686,-67.3063,0.5346,-0.8115,-0.2359,0.9980,382,56.486610,1.2032,1.2953
BiancaGolden_CircleTurns,-79.7054,129.1668,104.9725,68.9542,-20.0954,-66.6344,0.5636,-0.7935,-0.2298,0.9980,383,56.499176,1.2029,1.2917
BiancaGolden_CircleTurns,-79.8101,128.8605,105.7913,65.0252,-21.6727,-65.8422,0.5702,-0.7924,-0.2165,0.9980,383,56.512741,1.2019,1.2886
BiancaGolden_CircleTurns,-79.9462,128.4676,106.6409,61.0908,-23.0813,-64.9720,0.5775,-0.7902,-0.2049,0.9980,384,56.527737,1.2005,1.2847
BiancaGolden_CircleTurns,-80.1025,128.0433,107.5731,57.7116,-24.4056,-64.1058,0.5828,-0.7845,-0.2121,0.9980,384,56.545101,1.1990,1.2804
BiancaGolden_CircleTurns,-80.3204,127.5906,108.5987,54.6452,-25.8323,-63.2315,0.5798,-0.7831,-0.2251,0.9980,384,56.556026,1.1968,1.2759
BiancaGolden_CircleTurns,-80.5624,127.0769,109.6826,51.3816,-27.1140,-62.5179,0.5777,-0.7858,-0.2207,0.9980,385,56.569340,1.1944,1.2708
BiancaGolden_CircleTurns,-80.8724,126.5451,110.8633,48.1676,-28.2782,-61.8445,0.5744,-0.7922,-0.2062,0.9980,385,56.583366,1.1913,1.2655
BiancaGolden_CircleTurns,-81.2211,126.0193,112.1470,44.8420,-29.2486,-61.1098,0.5638,-0.8000,-0.2051,0.9980,386,56.597988,1.1878,1.2602
BiancaGolden_CircleTurns,-81.5568,125.4644,113.3630,41.2135,-30.0733,-60.1641,0.5563,-0.8065,-0.2005,0.9980,386,56.611050,1.1844,1.2546
BiancaGolden_CircleTurns,-81.9871,124.8997,114.5419,37.1492,-30.6061,-59.0369,0.5540,-0.8079,-0.2008,0.9980,387,56.625626,1.1801,1.2490
BiancaGolden_CircleTurns,-82.5309,124.3412,115.7778,33.0530,-31.1421,-57.7264,0.5511,-0.8138,-0.1843,0.9980,387,56.639034,1.1747,1.2434
BiancaGolden_CircleTurns,-83.1752,123.7393,117.0590,28.8079,-31.3750,-56.4199,0.5508,-0.8138,-0.1855,0.9980,387,56.652905,1.1682,1.2374
BiancaGolden_CircleTurns,-83.7783,123.0654,118.3127,25.0525,-31.3489,-55.0814,0.5516,-0.8137,-0.1837,0.9980,388,56.667198,1.1622,1.2307
BiancaGolden_CircleTurns,-84.3670,122.4129,119.5697,21.5178,-31.2200,-53.7065,0.5557,-0.8136,-0.1710,0.9980,388,56.680668,1.1563,1.2241
BiancaGolden_CircleTurns,-85.0794,121.7491,120.7809,17.8755,-30.8917,-52.1543,0.5502,-0.8202,-0.1567,0.9980,389,56.695000,1.1492,1.2175
BiancaGolden_CircleTurns,-85.9263,121.1050,121.9965,13.8454,-30.3278,-50.8888,0.5395,-0.8294,-0.1450,0.9980,389,56.709217,1.1407,1.2110
BiancaGolden_CircleTurns,-86.7561,120.4238,123.1481,10.0219,-29.5668,-49.7749,0.5406,-0.8302,-0.1364,0.9980,389,56.723351,1.1324,1.2042
BiancaGolden_CircleTurns,-87.6039,119.7277,124.2900,6.5098,-28.6442,-48.4877,0.5387,-0.8276,-0.1578,0.9980,390,56.737701,1.1240,1.1973
BiancaGolden_CircleTurns,-88.4331,119.0512,125.3644,3.1379,-27.5876,-47.0591,0.5938,-0.7024,-0.3926,0.9980,390,56.750221,1.1157,1.1905
BiancaGolden_CircleTurns,-89.3549,118.4033,126.4336,-0.4347,-26.5499,-45.8749,0.6651,-0.6447,-0.3768,0.9980,391,56.764954,1.1065,1.1840
BiancaGolden_CircleTurns,-90.4458,117.7231,127.4643,-4.2290,-25.6321,-45.1552,0.6701,-0.6467,-0.3643,0.9980,391,56.778580,1.0955,1.1772
BiancaGolden_CircleTurns,-91.5530,116.9969,128.4325,-7.4694,-24.9051,-44.8095,0.6386,-0.6672,-0.3835,0.9980,392,56.792675,1.0845,1.1700
BiancaGolden_CircleTurns,-92.6340,116.2446,129.3451,-9.9633,-24.1737,-44.6505,0.6447,-0.6676,-0.3723,0.9980,392,56.806843,1.0737,1.1624
BiancaGolden_CircleTurns,-93.7379,115.5052,130.2287,-12.0840,-23.4094,-44.3186,0.5026,-0.8449,-0.1829,0.9980,392,56.820477,1.0626,1.1551
BiancaGolden_CircleTurns,-94.8575,114.8591,131.0258,-14.5611,-22.6388,-43.8291,0.4954,-0.8482,-0.1876,0.9980,393,56.833969,1.0514,1.1486
BiancaGolden_CircleTurns,-96.0666,114.2552,131.7975,-17.7274,-22.0978,-43.6403,0.4674,-0.8769,-0.1120,0.9980,393,56.847549,1.0393,1.1426
BiancaGolden_CircleTurns,-97.2977,113.6014,132.4241,-20.8589,-21.6437,-43.8748,0.4954,-0.8650,-0.0799,0.9980,394,56.862492,1.0270,1.1360
BiancaGolden_CircleTurns,-98.5613,112.8886,132.9797,-23.3172,-21.2123,-44.2590,0.4837,-0.8714,-0.0818,0.9980,394,56.876850,1.0144,1.1289
BiancaGolden_CircleTurns,-99.8006,112.1831,133.5232,-25.4876,-20.7360,-44.4172,0.4752,-0.8758,-0.0846,0.9980,394,56.890926,1.0020,1.1218
BiancaGolden_CircleTurns,-101.0114,111.5823,134.0038,-27.8275,-20.2357,-44.3415,0.4884,-0.8690,-0.0791,0.9980,395,56.904076,0.9899,1.1158
BiancaGolden_CircleTurns,-102.2561,111.0024,134.4118,-30.6081,-19.7491,-44.0518,0.5111,-0.8551,-0.0870,0.9980,395,56.917042,0.9774,1.1100
BiancaGolden_CircleTurns,-103.5679,110.3917,134.7982,-33.7662,-19.4153,-43.8417,0.5283,-0.8409,-0.1176,0.9980,396,56.932453,0.9643,1.1039
BiancaGolden_CircleTurns,-104.9190,109.7160,135.1242,-36.8514,-19.1703,-43.8159,0.5186,-0.8457,-0.1261,0.9980,396,56.945805,0.9508,1.0972
BiancaGolden_CircleTurns,-106.3493,109.0214,135.2865,-39.9581,-18.9251,-43.7798,0.5070,-0.8515,-0.1336,0.9980,397,56.959743,0.9365,1.0902
BiancaGolden_CircleTurns,-107.6968,108.4576,135.3681,-43.2107,-18.5470,-43.8871,0.5360,-0.8316,-0.1454,0.9980,397,56.973248,0.9230,1.0846
BiancaGolden_CircleTurns,-109.1349,108.0459,135.3314,-46.7175,-18.2903,-43.9641,0.5229,-0.8375,-0.1586,0.9980,397,56.987988,0.9087,1.0805
BiancaGolden_CircleTurns,-110.4589,107.7426,135.1776,-50.3564,-18.3403,-44.2650,0.5243,-0.8371,-0.1563,0.9980,398,57.000984,0.8954,1.0774
BiancaGolden_CircleTurns,-111.7441,107.2891,135.0932,-53.4246,-18.0816,-44.4536,0.5320,-0.8341,-0.1456,0.9980,398,57.015003,0.8826,1.0729
BiancaGolden_CircleTurns,-112.9816,106.8098,135.0074,-56.0029,-17.5558,-44.8598,0.5345,-0.8337,-0.1390,0.9980,399,57.029373,0.8702,1.0681
BiancaGolden_CircleTurns,-114.1633,106.3174,134.9390,-58.4821,-16.9133,-45.4050,0.5213,-0.8422,-0.1374,0.9980,399,57.046532,0.8584,1.0632
BiancaGolden_CircleTurns,-115.2205,105.9992,134.8356,-60.7266,-16.3580,-45.9804,0.5236,-0.8440,-0.1160,0.9980,400,57.059628,0.8478,1.0600
BiancaGolden_CircleTurns,-116.2351,105.7187,134.6805,-62.7027,-15.8201,-46.2966,0.5191,-0.8474,-0.1117,0.9980,400,57.071133,0.8376,1.0572
BiancaGolden_CircleTurns,-117.1093,105.4976,134.5212,-64.1604,-15.2637,-46.4022,0.5437,-0.8340,-0.0947,0.9980,400,57.084877,0.8289,1.0550
BiancaGolden_CircleTurns,-118.0016,105.2839,134.3828,-65.8457,-14.7879,-46.4712,0.5623,-0.8226,-0.0839,0.9980,401,57.098171,0.8200,1.0528
BiancaGolden_CircleTurns,-118.8372,105.1024,134.2403,-67.4685,-14.6121,-46.4723,0.5821,-0.8101,-0.0696,0.9980,401,57.111691,0.8116,1.0510
BiancaGolden_CircleTurns,-119.6294,104.8436,134.0222,-68.8189,-14.4446,-46.5164,0.5971,-0.7996,-0.0650,0.9980,402,57.126312,0.8037,1.0484
BiancaGolden_CircleTurns,-120.4139,104.5774,133.7969,-70.0068,-14.3284,-46.7932,0.6028,-0.7956,-0.0599,0.9980,402,57.139912,0.7959,1.0458
BiancaGolden_CircleTurns,-121.2121,104.3951,133.5475,-70.9287,-14.2339,-46.9351,0.6018,-0.7964,-0.0608,0.9980,402,57.153938,0.7879,1.0440
BiancaGolden_CircleTurns,-121.9228,104.3059,133.3028,-71.6531,-14.2132,-46.8731,0.6229,-0.7803,-0.0563,0.9980,403,57.167603,0.7808,1.0431
BiancaGolden_CircleTurns,-122.6264,104.2106,133.0719,-72.5743,-14.2690,-46.6549,0.6317,-0.7733,-0.0540,0.9980,403,57.181423,0.7737,1.0421
BiancaGolden_CircleTurns,-123.3369,104.0780,132.8252,-73.6177,-14.3443,-46.5352,0.6389,-0.7671,-0.0583,0.9980,404,57.196526,0.7666,1.0408
BiancaGolden_CircleTurns,-124.0471,103.9032,132.5080,-74.5826,-14.2988,-46.6025,0.6343,-0.7711,-0.0551,0.9980,404,57.210266,0.7595,1.0390
BiancaGolden_CircleTurns,-124.7536,103.7598,132.1754,-75.5455,-14.2456,-46.8691,0.6311,-0.7736,-0.0574,0.9980,404,57.223850,0.7525,1.0376
BiancaGolden_CircleTurns,-125.4844,103.6929,131.9004,-76.6859,-14.3033,-46.8807,0.6375,-0.7683,-0.0581,0.9980,405,57.237514,0.7452,1.0369
BiancaGolden_CircleTurns,-126.1244,103.6717,131.6138,-77.6295,-14.2535,-46.6719,0.6593,-0.7507,-0.0423,0.9980,405,57.250610,0.7388,1.0367
BiancaGolden_CircleTurns,-126.7620,103.6262,131.3456,-78.5863,-14.1174,-46.5132,0.6565,-0.7533,-0.0389,0.9980,406,57.265621,0.7324,1.0363
BiancaGolden_CircleTurns,-127.3574,103.5237,131.1208,-79.6896,-13.8760,-46.5086,0.6526,-0.7569,-0.0340,0.9980,406,57.279366,0.7264,1.0352
BiancaGolden_CircleTurns,-127.9564,103.4454,130.9364,-80.8176,-13.5392,-46.6376,0.6556,-0.7549,-0.0190,0.9980,407,57.294106,0.7204,1.0345
BiancaGolden_CircleTurns,-128.5100,103.4199,130.7501,-81.8048,-13.1882,-46.5887,0.6553,-0.7553,-0.0131,0.9980,407,57.307018,0.7149,1.0342
BiancaGolden_CircleTurns,-128.9777,103.4166,130.6255,-82.7700,-12.9229,-46.5469,0.6591,-0.7521,0.0004,0.9980,407,57.321697,0.7102,1.0342
BiancaGolden_CircleTurns,-129.4335,103.4133,130.5625,-83.6884,-12.7699,-46.4611,0.6573,-0.7536,0.0030,0.9980,408,57.335018,0.7057,1.0341
BiancaGolden_CircleTurns,-129.8487,103.4249,130.4817,-84.3860,-12.5895,-46.4400,0.6717,-0.7408,-0.0016,0.9980,408,57.348530,0.7015,1.0342
BiancaGolden_CircleTurns,-130.1898,103.4571,130.4989,-84.6180,-12.4266,-46.4746,0.6719,-0.7407,0.0006,0.9980,409,57.363510,0.6981,1.0346
BiancaGolden_CircleTurns,-130.4909,103.4745,130.5295,-84.7839,-12.2300,-46.5846,0.6700,-0.7423,0.0041,0.9980,409,57.376839,0.6951,1.0347
BiancaGolden_CircleTurns,-130.7454,103.5130,130.6705,-84.8969,-12.0292,-46.7042,0.6696,-0.7427,0.0064,0.9980,410,57.392220,0.6925,1.0351
BiancaGolden_CircleTurns,-130.9826,103.5442,130.8862,-84.9364,-11.8888,-46.7382,0.6640,-0.7477,0.0054,0.9980,410,57.406956,0.6902,1.0354
BiancaGolden_CircleTurns,-131.4031,103.6122,131.2878,-84.6900,-11.4984,-46.8488,0.6669,-0.7450,0.0158,0.9980,410,57.421555,0.6860,1.0361
BiancaGolden_CircleTurns,-131.4999,103.6968,131.5899,-83.6953,-11.1939,-46.8031,0.6739,-0.7384,0.0256,0.9980,411,57.434547,0.6850,1.0370
BiancaGolden_CircleTurns,-131.3892,103.7395,131.6991,-82.9784,-11.1275,-46.6802,0.6771,-0.7353,0.0303,0.9980,411,57.447010,0.6861,1.0374
BiancaGolden_CircleTurns,-131.4431,103.8164,132.0700,-82.4669,-10.8673,-46.5022,0.6871,-0.7258,0.0337,0.9980,412,57.461685,0.6856,1.0382
BiancaGolden_CircleTurns,-131.4762,103.8798,132.4713,-81.9982,-10.5906,-46.3044,0.6914,-0.7214,0.0390,0.9980,412,57.475147,0.6852,1.0388
BiancaGolden_CircleTurns,-131.4841,103.9374,132.8817,-81.2741,-10.2781,-46.0872,0.6970,-0.7157,0.0456,0.9980,412,57.488991,0.6852,1.0394
BiancaGolden_CircleTurns,-131.4701,103.9707,133.3208,-80.1108,-9.9013,-45.8786,0.7015,-0.7109,0.0515,0.9980,413,57.502602,0.6853,1.0397
BiancaGolden_CircleTurns,-131.4569,104.0348,133.7667,-78.8261,-9.5697,-45.7097,0.7058,-0.7070,0.0450,0.9980,413,57.515938,0.6854,1.0403
BiancaGolden_CircleTurns,-131.4110,104.0830,134.2455,-77.3313,-9.2415,-45.4957,0.7094,-0.7039,0.0351,0.9980,414,57.530792,0.6859,1.0408
BiancaGolden_CircleTurns,-131.3474,104.1432,134.7411,-75.9081,-8.9570,-45.3856,0.7135,-0.6995,0.0395,0.9980,414,57.547405,0.6865,1.0414
BiancaGolden_CircleTurns,-131.2400,104.2178,135.2736,-74.3726,-8.6836,-45.3351,0.7151,-0.6977,0.0434,0.9980,415,57.558426,0.6876,1.0422
BiancaGolden_CircleTurns,-131.0683,104.3108,135.8310,-72.6250,-8.4283,-45.5308,0.7164,-0.6962,0.0448,0.9980,415,57.571789,0.6893,1.0431
BiancaGolden_CircleTurns,-130.8998,104.4469,136.4039,-70.6138,-8.1676,-45.7521,0.7138,-0.6999,0.0243,0.9980,415,57.585587,0.6910,1.0445
BiancaGolden_CircleTurns,-130.7234,104.5867,136.9937,-68.2685,-7.8868,-45.9924,0.7163,-0.6972,0.0291,0.9980,416,57.599457,0.6928,1.0459
BiancaGolden_CircleTurns,-130.5475,104.7531,137.5647,-65.8068,-7.5387,-46.1755,0.7262,-0.6858,0.0481,0.9980,416,57.612362,0.6945,1.0475
BiancaGolden_CircleTurns,-130.3235,104.9340,138.1437,-63.2579,-7.1886,-46.3555,0.7246,-0.6862,0.0640,0.9980,417,57.626823,0.6968,1.0493
BiancaGolden_CircleTurns,-130.0542,105.1062,138.6620,-60.9010,-6.7905,-46.5666,0.7404,-0.6684,0.0715,0.9980,417,57.640560,0.6995,1.0511
BiancaGolden_CircleTurns,-129.7937,105.3163,139.1368,-58.8298,-6.4787,-46.7301,0.7424,-0.6662,0.0703,0.9980,417,57.655605,0.7021,1.0532
BiancaGolden_CircleTurns,-129.5237,105.5680,139.5541,-57.0048,-6.3698,-46.8671,0.7468,-0.6615,0.0679,0.9980,418,57.668476,0.7048,1.0557
BiancaGolden_CircleTurns,-129.2585,105.8430,139.9193,-55.0947,-6.3366,-46.9104,0.7589,-0.6496,0.0468,0.9980,418,57.682297,0.7074,1.0584
BiancaGolden_CircleTurns,-129.0081,106.0732,140.1707,-53.2180,-6.3967,-46.8746,0.7759,-0.6306,0.0183,0.9980,419,57.696182,0.7099,1.0607
BiancaGolden_CircleTurns,-128.7693,106.2971,140.3632,-51.3829,-6.4311,-46.7723,0.7817,-0.6233,-0.0221,0.9980,419,57.711113,0.7123,1.0630
BiancaGolden_CircleTurns,-128.5117,106.5634,140.5149,-49.8277,-6.5961,-46.6002,0.7845,-0.6195,-0.0295,0.9980,419,57.724461,0.7149,1.0656
BiancaGolden_CircleTurns,-128.2272,106.8299,140.6841,-48.4522,-6.8277,-46.4537,0.7947,-0.6017,-0.0795,0.9980,420,57.738964,0.7177,1.0683
BiancaGolden_CircleTurns,-127.9810,107.1005,140.8344,-47.7191,-7.2622,-46.1183,0.7868,-0.6074,-0.1096,0.9980,420,57.751118,0.7202,1.0710
BiancaGolden_CircleTurns,-127.7421,107.3463,140.9707,-46.8658,-7.6915,-45.8531,0.7833,-0.5948,-0.1808,0.9980,421,57.766171,0.7226,1.0735
BiancaGolden_CircleTurns,-127.5246,107.5361,141.0143,-46.0923,-8.1011,-45.5446,0.7833,-0.5920,-0.1895,0.9980,421,57.781918,0.7248,1.0754
BiancaGolden_CircleTurns,-127.2565,107.7227,141.0488,-45.1677,-8.4850,-45.3867,0.7825,-0.5913,-0.1952,0.9980,422,57.793751,0.7274,1.0772
BiancaGolden_CircleTurns,-126.9000,107.9555,141.0263,-44.1863,-8.6799,-45.3422,0.7799,-0.5730,-0.2520,0.9980,422,57.808128,0.7310,1.0796
BiancaGolden_CircleTurns,-126.5180,108.1662,140.9868,-43.3237,-8.8185,-45.2478,0.7782,-0.5735,-0.2562,0.9980,422,57.822418,0.7348,1.0817
BiancaGolden_CircleTurns,-126.0912,108.3690,140.8561,-42.6578,-8.9686,-45.2707,0.7730,-0.5595,-0.2990,0.9980,423,57.834908,0.7391,1.0837
BiancaGolden_CircleTurns,-125.6571,108.5643,140.6609,-42.0085,-9.2885,-45.2380,0.7655,-0.5555,-0.3246,0.9980,423,57.848370,0.7434,1.0856
BiancaGolden_CircleTurns,-125.1679,108.7690,140.3798,-41.3392,-9.7634,-45.1009,0.7414,-0.5629,-0.3653,0.9980,424,57.863441,0.7483,1.0877
BiancaGolden_CircleTurns,-124.6118,109.0145,140.0647,-40.7304,-10.4086,-44.8275,0.7402,-0.5461,-0.3923,0.9980,424,57.877350,0.7539,1.0901
BiancaGolden_CircleTurns,-124.0084,109.2934,139.6935,-40.2497,-11.2409,-44.3474,0.7403,-0.5334,-0.4091,0.9980,425,57.892174,0.7599,1.0929
BiancaGolden_CircleTurns,-123.3608,109.5869,139.2686,-39.8579,-12.2524,-43.6725,0.7412,-0.5216,-0.4225,0.9980,425,57.905319,0.7664,1.0959
BiancaGolden_CircleTurns,-122.6878,109.8842,138.8101,-39.4940,-13.3211,-42.9307,0.7407,-0.5043,-0.4440,0.9980,425,57.919563,0.7731,1.0988
BiancaGolden_CircleTurns,-121.9757,110.2298,138.2626,-39.2368,-14.6636,-42.0749,0.7444,-0.4830,-0.4610,0.9980,426,57.933456,0.7802,1.1023
BiancaGolden_CircleTurns,-121.2549,110.6626,137.6919,-38.9595,-16.0596,-41.1937,0.7430,-0.4766,-0.4698,0.9980,426,57.946056,0.7875,1.1066
BiancaGolden_CircleTurns,-120.5284,111.1345,137.0884,-38.6186,-17.5841,-40.2089,0.7398,-0.4581,-0.4927,0.9980,427,57.961170,0.7947,1.1113
BiancaGolden_CircleTurns,-119.7909,111.5997,136.4620,-38.1205,-19.0313,-39.2971,0.7352,-0.4710,-0.4874,0.9980,427,57.976036,0.8021,1.1160
BiancaGolden_CircleTurns,-119.0368,111.9335,135.8765,-37.4811,-20.2612,-38.7837,0.7250,-0.4671,-0.5062,0.9980,427,57.989109,0.8096,1.1193
BiancaGolden_CircleTurns,-118.3815,112.3093,135.3792,-36.8502,-21.3384,-38.7321,0.7139,-0.4664,-0.5224,0.9980,428,58.002571,0.8162,1.1231
BiancaGolden_CircleTurns,-117.8747,112.7890,134.9424,-35.9025,-22.3310,-38.9876,0.6546,-0.4979,-0.5688,0.9980,428,58.016361,0.8213,1.1279
BiancaGolden_CircleTurns,-117.3985,113.2227,134.4930,-34.4674,-22.9298,-39.5993,0.6404,-0.5158,-0.5691,0.9980,429,58.030701,0.8260,1.1322
BiancaGolden_CircleTurns,-116.8963,113.5496,134.1641,-33.0976,-22.8982,-40.8551,0.6051,-0.5565,-0.5694,0.9980,429,58.049313,0.8310,1.1355
BiancaGolden_CircleTurns,-116.4617,113.8939,133.9105,-31.7824,-22.2021,-42.9359,0.5870,-0.5913,-0.5530,0.9980,430,58.059601,0.8354,1.1389
BiancaGolden_CircleTurns,-116.0458,114.1532,133.6381,-29.9637,-21.0646,-45.0687,0.5642,-0.6521,-0.5064,0.9980,430,58.072155,0.8395,1.1415
BiancaGolden_CircleTurns,-115.7398,114.1620,133.6272,-27.2011,-18.8345,-47.7180,0.5403,-0.7180,-0.4387,0.9980,430,58.087467,0.8426,1.1416
BiancaGolden_CircleTurns,-115.4073,114.3136,133.5420,-25.1516,-17.0796,-49.4812,0.5264,-0.7430,-0.4133,0.9980,431,58.100815,0.8459,1.1431
BiancaGolden_CircleTurns,-115.0867,114.7572,133.4961,-23.3520,-15.5789,-50.8665,0.5276,-0.7651,-0.3691,0.9980,431,58.112629,0.8491,1.1476
BiancaGolden_CircleTurns,-114.7644,115.2874,133.3428,-22.0956,-14.8970,-51.4461,0.5247,-0.7695,-0.3642,0.9980,432,58.128510,0.8524,1.1529
BiancaGolden_CircleTurns,-114.3467,115.8653,133.1413,-21.3077,-14.6454,-51.6532,0.5441,-0.7664,-0.3414,0.9980,432,58.141651,0.8565,1.1587
BiancaGolden_CircleTurns,-113.9783,116.3897,132.9731,-20.9082,-15.0789,-51.3403,0.5829,-0.7393,-0.3372,0.9980,432,58.155800,0.8602,1.1639
BiancaGolden_CircleTurns,-113.6305,116.8569,132.8441,-20.5457,-15.6478,-50.7897,0.6085,-0.6933,-0.3860,0.9980,0,58.169586,0.8637,1.1686
BiancaGolden_CircleTurns,-113.3435,117.3112,132.8217,-20.1518,-16.3371,-50.2510,0.6185,-0.6760,-0.4006,0.9980,0,58.183502,0.8666,1.1731
BiancaGolden_CircleTurns,-113.0383,117.7464,132.8308,-19.7729,-16.7791,-49.8937,0.6225,-0.6667,-0.4100,0.9980,1,58.197872,0.8696,1.1775
BiancaGolden_CircleTurns,-112.7144,118.1981,132.9026,-19.4393,-16.9573,-49.7456,0.6245,-0.6680,-0.4047,0.9980,1,58.212059,0.8729,1.1820
BiancaGolden_CircleTurns,-112.4111,118.5549,133.0745,-19.1968,-16.6141,-49.6661,0.6267,-0.6702,-0.3976,0.9980,2,58.225948,0.8759,1.1855
BiancaGolden_CircleTurns,-112.1613,118.9560,133.2388,-18.6500,-16.0979,-49.5941,0.6282,-0.6729,-0.3906,0.9980,2,58.239555,0.8784,1.1896
BiancaGolden_CircleTurns,-111.8999,119.3594,133.4197,-18.0735,-15.6380,-49.5522,0.6297,-0.6748,-0.3847,0.9980,2,58.253750,0.8810,1.1936
BiancaGolden_CircleTurns,-111.6131,119.6958,133.6292,-17.5316,-14.9736,-49.5247,0.6267,-0.6809,-0.3790,0.9980,3,58.268089,0.8839,1.1970
BiancaGolden_CircleTurns,-111.3192,120.0166,133.8817,-16.9227,-14.4299,-49.4869,0.6253,-0.6864,-0.3713,0.9980,3,58.280704,0.8868,1.2002
BiancaGolden_CircleTurns,-111.0067,120.3189,134.1791,-16.1070,-13.8156,-49.4041,0.6278,-0.6897,-0.3608,0.9980,4,58.295479,0.8899,1.2032
BiancaGolden_CircleTurns,-110.7467,120.6867,134.5538,-15.2385,-13.1485,-49.2909,0.6283,-0.6944,-0.3508,0.9980,4,58.309998,0.8925,1.2069
BiancaGolden_CircleTurns,-110.4865,121.0062,134.9307,-14.2919,-12.5075,-49.3134,0.6378,-0.7165,-0.2825,0.9980,4,58.324329,0.8951,1.2101
BiancaGolden_CircleTurns,-110.2541,121.2619,135.4473,-13.0307,-11.8541,-49.4691,0.6364,-0.7502,-0.1795,0.9980,5,58.337990,0.8975,1.2126
BiancaGolden_CircleTurns,-110.0413,121.4742,136.0400,-11.6827,-11.2673,-49.5378,0.6406,-0.7488,-0.1700,0.9980,5,58.351387,0.8996,1.2147
BiancaGolden_CircleTurns,-109.8745,121.7329,136.5865,-10.1529,-10.7202,-49.3261,0.6348,-0.7726,-0.0138,0.9980,6,58.365829,0.9013,1.2173
BiancaGolden_CircleTurns,-109.6874,121.9649,137.0899,-8.9226,-10.1053,-49.0197,0.6371,-0.7708,-0.0041,0.9980,6,58.379467,0.9031,1.2196
BiancaGolden_CircleTurns,-109.5210,122.1467,137.7113,-8.3174,-9.5679,-48.8881,0.6355,-0.7721,0.0029,0.9980,7,58.393642,0.9048,1.2215
BiancaGolden_CircleTurns,-109.4234,122.2485,138.4463,-7.9018,-9.1292,-48.7489,0.6389,-0.7692,0.0058,0.9980,7,58.407593,0.9058,1.2225
BiancaGolden_CircleTurns,-109.3978,122.3365,139.2143,-7.1765,-8.8037,-48.5160,0.6452,-0.7640,0.0093,0.9980,7,58.420956,0.9060,1.2234
BiancaGolden_CircleTurns,-109.4237,122.3850,140.0744,-6.4494,-8.6245,-48.1614,0.6425,-0.7656,-0.0318,0.9980,8,58.434982,0.9058,1.2238
BiancaGolden_CircleTurns,-109.4427,122.3787,141.0964,-5.8146,-8.4902,-47.7987,0.6480,-0.7611,-0.0295,0.9980,8,58.448208,0.9056,1.2238
BiancaGolden_CircleTurns,-109.4914,122.4483,142.2330,-5.4581,-8.3736,-47.4319,0.6460,-0.7617,-0.0501,0.9980,9,58.462929,0.9051,1.2245
BiancaGolden_CircleTurns,-109.5315,122.6254,143.4440,-5.4601,-8.4604,-47.1714,0.6474,-0.7586,-0.0737,0.9980,9,58.476730,0.9047,1.2263
BiancaGolden_CircleTurns,-109.5489,122.7972,144.6390,-5.0965,-8.5198,-46.7305,0.6563,-0.7509,-0.0731,0.9980,9,58.491062,0.9045,1.2280
BiancaGolden_CircleTurns,-109.5375,123.0037,145.8809,-4.2303,-8.5257,-46.1175,0.6586,-0.7474,-0.0874,0.9980,10,58.504292,0.9046,1.2300
BiancaGolden_CircleTurns,-109.4534,123.2149,147.2053,-3.4775,-8.5279,-45.4509,0.6993,-0.7087,-0.0928,0.9980,10,58.517582,0.9055,1.2321
BiancaGolden_CircleTurns,-109.3293,123.4593,148.5185,-2.7067,-8.7488,-44.5225,0.7162,-0.6912,-0.0967,0.9980,11,58.532673,0.9067,1.2346
BiancaGolden_CircleTurns,-109.2038,123.6419,149.7040,-1.4483,-8.9883,-43.2610,0.7782,-0.6191,-0.1056,0.9980,11,58.550014,0.9080,1.2364
BiancaGolden_CircleTurns,-109.0979,123.8199,150.7673,-0.0365,-9.5140,-41.8911,0.7960,-0.5945,-0.1140,0.9980,12,58.561913,0.9090,1.2382
BiancaGolden_CircleTurns,-108.9340,123.9590,151.7373,0.7477,-10.0988,-40.8048,0.8023,-0.5835,-0.1256,0.9980,12,58.574768,0.9107,1.2396
BiancaGolden_CircleTurns,-108.7962,124.0832,152.6916,1.1673,-10.7416,-40.1119,0.8050,-0.5766,-0.1398,0.9980,12,58.588470,0.9120,1.2408
BiancaGolden_CircleTurns,-108.6080,124.1556,153.5781,1.3737,-11.5537,-39.7151,0.7978,-0.5794,-0.1670,0.9980,13,58.601746,0.9139,1.2416
BiancaGolden_CircleTurns,-108.3687,124.1590,154.4320,1.7746,-12.0993,-39.4760,0.7619,-0.6172,-0.1963,0.9980,13,58.614956,0.9163,1.2416
BiancaGolden_CircleTurns,-108.0809,124.1690,155.2675,2.2401,-12.6041,-39.2936,0.7634,-0.6144,-0.1993,0.9980,14,58.630051,0.9192,1.2417
BiancaGolden_CircleTurns,-107.6137,124.1075,156.0471,2.4728,-12.7310,-39.1899,0.7533,-0.6271,-0.1983,0.9980,14,58.644028,0.9239,1.2411
BiancaGolden_CircleTurns,-107.0789,124.1230,156.8986,2.5421,-12.7862,-39.0340,0.7571,-0.6221,-0.1995,0.9980,14,58.658031,0.9292,1.2412
BiancaGolden_CircleTurns,-106.5039,124.1528,157.6656,2.5911,-12.7925,-38.6813,0.7517,-0.6331,-0.1846,0.9980,15,58.671627,0.9350,1.2415
BiancaGolden_CircleTurns,-105.9444,124.1872,158.3720,2.4292,-12.9183,-38.4485,0.7431,-0.6410,-0.1924,0.9980,15,58.685421,0.9406,1.2419
BiancaGolden_CircleTurns,-105.3580,124.2639,159.0473,2.2000,-13.4008,-38.3452,0.7370,-0.6443,-0.2043,0.9980,16,58.700218,0.9464,1.2426
BiancaGolden_CircleTurns,-104.7860,124.3498,159.6819,2.1986,-14.0642,-38.1440,0.7384,-0.6356,-0.2253,0.9980,16,58.713566,0.9521,1.2435
BiancaGolden_CircleTurns,-104.2162,124.4590,160.1788,2.4567,-15.2576,-37.7031,0.7350,-0.6298,-0.2512,0.9980,17,58.727997,0.9578,1.2446
BiancaGolden_CircleTurns,-103.6483,124.5824,160.5703,2.8893,-16.8970,-37.0118,0.7287,-0.6272,-0.2748,0.9980,17,58.741291,0.9635,1.2458
BiancaGolden_CircleTurns,-103.1518,124.7313,160.9228,3.1259,-18.8988,-36.5427,0.7185,-0.6234,-0.3083,0.9980,17,58.755291,0.9685,1.2473
BiancaGolden_CircleTurns,-102.6675,124.8766,161.3018,3.0909,-21.3615,-36.2949,0.7051,-0.6155,-0.3522,0.9980,18,58.769001,0.9733,1.2488
BiancaGolden_CircleTurns,-102.2594,125.0411,161.6395,3.3017,-24.0701,-36.1562,0.6902,-0.6003,-0.4039,0.9980,18,58.782307,0.9774,1.2504
BiancaGolden_CircleTurns,-101.9262,125.2541,161.9034,3.8514,-27.3279,-35.9748,0.6669,-0.5763,-0.4723,0.9980,19,58.797462,0.9807,1.2525
BiancaGolden_CircleTurns,-101.6651,125.4556,162.1054,4.5175,-30.9988,-35.6088,0.6500,-0.5199,-0.5543,0.9980,19,58.811058,0.9833,1.2546
BiancaGolden_CircleTurns,-101.3617,125.6535,162.3308,4.9677,-34.2772,-35.2712,0.6129,-0.4852,-0.6236,0.9980,20,58.825806,0.9864,1.2565
BiancaGolden_CircleTurns,-101.0854,125.7916,162.6197,5.3699,-37.3813,-34.8518,0.5937,-0.4613,-0.6594,0.9980,20,58.838699,0.9891,1.2579
BiancaGolden_CircleTurns,-100.7850,125.8761,163.0356,5.6948,-40.0482,-34.5410,0.5727,-0.4400,-0.6916,0.9980,20,58.852917,0.9921,1.2588
BiancaGolden_CircleTurns,-100.4347,125.9189,163.4621,6.0407,-42.3164,-34.0918,0.5533,-0.4192,-0.7198,0.9980,21,58.866631,0.9957,1.2592
BiancaGolden_CircleTurns,-100.1553,125.9971,163.8894,6.5097,-44.5805,-33.5908,0.5295,-0.3955,-0.7505,0.9980,21,58.879997,0.9984,1.2600
BiancaGolden_CircleTurns,-100.0302,126.1220,164.2744,6.8012,-46.9712,-32.9023,0.5062,-0.3751,-0.7766,0.9980,22,58.895237,0.9997,1.2612
BiancaGolden_CircleTurns,-99.9462,126.2740,164.7258,7.0137,-49.3050,-32.4841,0.4864,-0.3588,-0.7966,0.9980,22,58.908478,1.0005,1.2627
BiancaGolden_CircleTurns,-99.8706,126.3121,165.2250,7.1127,-51.2292,-32.0746,0.4817,-0.3564,-0.8006,0.9980,22,58.923595,1.0013,1.2631
BiancaGolden_CircleTurns,-99.6705,126.2278,165.9142,6.9810,-52.3866,-32.1279,0.4745,-0.3738,-0.7970,0.9980,23,58.936962,1.0033,1.2623
BiancaGolden_CircleTurns,-99.3002,126.0631,166.6218,6.9884,-52.6372,-32.6478,0.4752,-0.3832,-0.7920,0.9980,23,58.950054,1.0070,1.2606
BiancaGolden_CircleTurns,-98.8716,125.8146,167.3589,7.4337,-52.1958,-33.3467,0.4821,-0.4063,-0.7762,0.9980,24,58.964264,1.0113,1.2581
BiancaGolden_CircleTurns,-98.4716,125.5794,168.0684,8.3384,-51.4483,-33.9495,0.4920,-0.4259,-0.7593,0.9980,24,58.978237,1.0153,1.2558
BiancaGolden_CircleTurns,-98.1260,125.4606,168.7186,9.1401,-50.9049,-34.3175,0.4860,-0.4475,-0.7507,0.9980,25,58.992897,1.0187,1.2546
BiancaGolden_CircleTurns,-97.7479,125.4336,169.3175,9.5219,-50.4777,-34.6659,0.4878,-0.4518,-0.7470,0.9980,25,59.006687,1.0225,1.2543
BiancaGolden_CircleTurns,-97.3479,125.3875,169.8701,9.8763,-50.3098,-34.9353,0.5006,-0.4528,-0.7378,0.9980,25,59.020298,1.0265,1.2539
BiancaGolden_CircleTurns,-96.9845,125.3319,170.3628,10.1782,-50.1696,-34.8764,0.5020,-0.4507,-0.7382,0.9980,26,59.037949,1.0302,1.2533
BiancaGolden_CircleTurns,-96.6418,125.2415,170.8221,10.6965,-50.2064,-34.6069,0.5061,-0.4517,-0.7347,0.9980,26,59.047001,1.0336,1.2524
BiancaGolden_CircleTurns,-96.2608,125.1915,171.2390,11.1697,-50.3135,-34.5851,0.5000,-0.4499,-0.7399,0.9980,27,59.061317,1.0374,1.2519
BiancaGolden_CircleTurns,-95.8312,125.1324,171.6090,11.3532,-50.3819,-34.8402,0.5028,-0.4521,-0.7367,0.9980,27,59.076336,1.0417,1.2513
BiancaGolden_CircleTurns,-95.3730,125.0102,171.9676,11.7869,-50.3869,-35.1801,0.4966,-0.4534,-0.7401,0.9980,27,59.089478,1.0463,1.2501
BiancaGolden_CircleTurns,-94.9047,124.8762,172.3123,12.4327,-50.4004,-35.5118,0.4962,-0.4546,-0.7397,0.9980,28,59.102859,1.0510,1.2488
BiancaGolden_CircleTurns,-94.4611,124.7827,172.5614,13.2345,-50.3778,-35.8840,0.4933,-0.4583,-0.7393,0.9980,28,59.115746,1.0554,1.2478
BiancaGolden_CircleTurns,-94.0173,124.7508,172.7402,13.7889,-50.3893,-36.3139,0.4900,-0.4613,-0.7397,0.9980,29,59.131554,1.0598,1.2475
BiancaGolden_CircleTurns,-93.5488,124.7041,172.9190,14.2181,-50.4469,-36.7193,0.4866,-0.4643,-0.7400,0.9980,29,59.144932,1.0645,1.2470
BiancaGolden_CircleTurns,-93.0171,124.6499,173.0799,14.6558,-50.4906,-37.2056,0.4791,-0.4621,-0.7463,0.9980,30,59.159168,1.0698,1.2465
BiancaGolden_CircleTurns,-92.4613,124.5721,173.2537,15.0690,-50.4966,-37.6340,0.4773,-0.4618,-0.7477,0.9980,30,59.172234,1.0754,1.2457
BiancaGolden_CircleTurns,-91.8769,124.5008,173.3947,15.4486,-50.4690,-38.0846,0.4748,-0.4624,-0.7488,0.9980,30,59.186565,1.0812,1.2450
BiancaGolden_CircleTurns,-91.3126,124.4549,173.4751,15.8090,-50.3796,-38.5340,0.4718,-0.4673,-0.7476,0.9980,31,59.199924,1.0869,1.2445
BiancaGolden_CircleTurns,-90.7571,124.4231,173.5469,16.2645,-50.3050,-39.0529,0.4689,-0.4712,-0.7471,0.9980,31,59.213043,1.0924,1.2442
BiancaGolden_CircleTurns,-90.1785,124.3887,173.5863,16.8465,-50.0987,-39.5989,0.4637,-0.4758,-0.7474,0.9980,32,59.228584,1.0982,1.2439
BiancaGolden_CircleTurns,-89.5488,124.3594,173.6464,17.4662,-49.8708,-40.1984,0.4656,-0.4756,-0.7464,0.9980,32,59.242462,1.1045,1.2436
BiancaGolden_CircleTurns,-88.8781,124.3696,173.7031,18.0472,-49.6032,-40.9096,0.4664,-0.4797,-0.7432,0.9980,32,59.256783,1.1112,1.2437
BiancaGolden_CircleTurns,-88.2395,124.4203,173.7180,18.6528,-49.2266,-41.6736,0.4639,-0.4839,-0.7421,0.9980,33,59.269344,1.1176,1.2442
BiancaGolden_CircleTurns,-87.6441,124.4825,173.7276,19.6121,-48.8868,-42.4824,0.4621,-0.4934,-0.7369,0.9980,33,59.282135,1.1236,1.2448
BiancaGolden_CircleTurns,-87.0198,124.5551,173.7431,20.7986,-48.5140,-43.2184,0.4623,-0.4988,-0.7331,0.9980,34,59.297256,1.1298,1.2456
BiancaGolden_CircleTurns,-86.3618,124.6160,173.8763,22.1841,-48.1932,-43.7035,0.4616,-0.4958,-0.7356,0.9980,34,59.311470,1.1364,1.2462
BiancaGolden_CircleTurns,-85.6658,124.7053,174.0720,23.6507,-47.9366,-43.8700,0.4591,-0.4938,-0.7385,0.9980,35,59.325928,1.1433,1.2471
BiancaGolden_CircleTurns,-84.9820,124.7792,174.3270,25.0898,-47.8650,-43.8412,0.4616,-0.4961,-0.7354,0.9980,35,59.339016,1.1502,1.2478
BiancaGolden_CircleTurns,-84.2969,124.8433,174.6464,26.5772,-47.7114,-43.6876,0.5424,-0.5270,-0.6543,0.9980,35,59.353222,1.1570,1.2484
BiancaGolden_CircleTurns,-83.6401,124.8838,174.9925,27.9014,-47.5124,-43.4792,0.5405,-0.5459,-0.6402,0.9980,36,59.367077,1.1636,1.2488
BiancaGolden_CircleTurns,-83.0257,124.9415,175.3436,28.9316,-47.0896,-43.3820,0.5455,-0.5483,-0.6339,0.9980,36,59.380356,1.1697,1.2494
BiancaGolden_CircleTurns,-82.4905,125.0310,175.7086,29.6106,-46.6298,-43.3141,0.5485,-0.5549,-0.6255,0.9980,37,59.395100,1.1751,1.2503
BiancaGolden_CircleTurns,-81.9914,125.0877,176.0722,30.1790,-46.1425,-43.3413,0.5805,-0.6119,-0.5372,0.9980,37,59.408798,1.1801,1.2509
BiancaGolden_CircleTurns,-81.4609,125.1323,176.4297,30.8128,-45.6208,-43.5117,0.6178,-0.6184,-0.4857,0.9980,37,59.423145,1.1854,1.2513
BiancaGolden_CircleTurns,-80.8769,125.1609,176.8252,31.4704,-45.0254,-43.7690,0.6381,-0.6216,-0.4544,0.9980,38,59.437046,1.1912,1.2516
BiancaGolden_CircleTurns,-80.2433,125.1805,177.2071,32.3588,-44.3778,-43.9831,0.6427,-0.6231,-0.4458,0.9980,38,59.450447,1.1976,1.2518
BiancaGolden_CircleTurns,-79.5585,125.2526,177.5434,33.2508,-43.7545,-44.0967,0.6467,-0.6258,-0.4360,0.9980,39,59.465031,1.2044,1.2525
BiancaGolden_CircleTurns,-78.8565,125.3833,177.8048,33.8498,-43.1310,-44.2368,0.6482,-0.6295,-0.4284,0.9980,39,59.478767,1.2114,1.2538
BiancaGolden_CircleTurns,-78.1707,125.5776,178.0162,34.3313,-42.6505,-44.4923,0.6361,-0.6329,-0.4414,0.9980,40,59.494019,1.2183,1.2558
BiancaGolden_CircleTurns,-77.5544,125.7628,178.2240,35.1726,-42.5143,-44.7187,0.6152,-0.6348,-0.4675,0.9980,40,59.506416,1.2245,1.2576
BiancaGolden_CircleTurns,-76.9767,125.9582,178.4262,36.2311,-42.5920,-44.9370,0.5990,-0.6251,-0.5004,0.9980,40,59.521000,1.2302,1.2596
BiancaGolden_CircleTurns,-76.4022,126.1792,178.5978,37.4752,-42.8600,-45.0565,0.5734,-0.6213,-0.5340,0.9980,41,59.538006,1.2360,1.2618
BiancaGolden_CircleTurns,-75.8171,126.4399,178.7539,38.0794,-43.0205,-44.9989,0.5755,-0.6188,-0.5347,0.9980,41,59.547783,1.2418,1.2644
BiancaGolden_CircleTurns,-75.1943,126.7151,178.8829,38.0233,-43.0634,-44.7675,0.5622,-0.6197,-0.5476,0.9980,42,59.562325,1.2481,1.2672
BiancaGolden_CircleTurns,-74.5965,127.0162,179.0083,37.5905,-43.0265,-44.5794,0.5633,-0.6147,-0.5521,0.9980,42,59.576561,1.2540,1.2702
BiancaGolden_CircleTurns,-74.0907,127.3343,179.1102,37.1688,-43.1161,-44.3574,0.5578,-0.6094,-0.5634,0.9980,42,59.590477,1.2591,1.2733
BiancaGolden_CircleTurns,-73.6743,127.6097,179.2288,37.2910,-43.3309,-44.3166,0.5527,-0.6075,-0.5705,0.9980,43,59.604485,1.2633,1.2761
BiancaGolden_CircleTurns,-73.3110,127.8722,179.3519,37.8470,-43.7518,-44.4823,0.5438,-0.6143,-0.5717,0.9980,43,59.617275,1.2669,1.2787
BiancaGolden_CircleTurns,-72.9213,128.1318,179.4901,38.4718,-44.0891,-44.5936,0.5418,-0.6124,-0.5757,0.9980,44,59.632317,1.2708,1.2813
BiancaGolden_CircleTurns,-72.5181,128.3982,179.6670,38.9973,-44.3917,-44.6990,0.5325,-0.6130,-0.5837,0.9980,44,59.645462,1.2748,1.2840
BiancaGolden_CircleTurns,-72.0538,128.6721,179.8737,39.1637,-44.5788,-44.6676,0.5298,-0.6195,-0.5792,0.9980,45,59.659718,1.2795,1.2867
BiancaGolden_CircleTurns,-71.5285,128.9423,180.1081,38.9224,-44.5414,-44.5219,0.5329,-0.6226,-0.5731,0.9980,45,59.673950,1.2847,1.2894
BiancaGolden_CircleTurns,-70.9962,129.2052,180.3323,38.4223,-44.3187,-44.1506,0.5376,-0.6250,-0.5660,0.9980,45,59.688484,1.2900,1.2921
BiancaGolden_CircleTurns,-70.4677,129.4672,180.5321,37.7414,-43.9829,-43.6263,0.5440,-0.6265,-0.5581,0.9980,46,59.701950,1.2953,1.2947
BiancaGolden_CircleTurns,-70.0032,129.7369,180.6960,36.8459,-43.5685,-42.9292,0.5516,-0.6225,-0.5552,0.9980,46,59.715263,1.3000,1.2974
BiancaGolden_CircleTurns,-69.5576,130.0047,180.8575,35.9103,-43.2943,-42.1796,0.5498,-0.6239,-0.5555,0.9980,47,59.730183,1.3044,1.3000
BiancaGolden_CircleTurns,-69.1000,130.2832,181.0176,35.0620,-43.0909,-41.5664,0.5487,-0.6229,-0.5575,0.9980,47,59.744347,1.3090,1.3028
BiancaGolden_CircleTurns,-68.6132,130.5632,181.1630,34.0707,-42.9137,-40.7532,0.5466,-0.6203,-0.5626,0.9980,48,59.758301,1.3139,1.3056
BiancaGolden_CircleTurns,-68.1124,130.8291,181.2819,33.0729,-42.6792,-39.9128,0.5509,-0.6187,-0.5601,0.9980,48,59.771801,1.3189,1.3083
BiancaGolden_CircleTurns,-67.6768,131.0914,181.3165,31.7484,-42.2220,-38.8372,0.5610,-0.6126,-0.5567,0.9980,48,59.785400,1.3232,1.3109
BiancaGolden_CircleTurns,-67.3061,131.3281,181.3557,30.6444,-41.8472,-37.8855,0.5627,-0.6095,-0.5585,0.9980,49,59.799305,1.3269,1.3133
BiancaGolden_CircleTurns,-66.9478,131.5572,181.3853,29.7301,-41.5095,-36.9844,0.5681,-0.6113,-0.5510,0.9980,49,59.812115,1.3305,1.3156
BiancaGolden_CircleTurns,-66.6131,131.7896,181.4413,28.9716,-41.2488,-36.0980,0.5549,-0.6087,-0.5671,0.9980,50,59.827213,1.3339,1.3179
BiancaGolden_CircleTurns,-66.2941,132.0281,181.4776,28.0189,-40.9040,-35.3277,0.5281,-0.4959,-0.6893,0.9980,50,59.842018,1.3371,1.3203
BiancaGolden_CircleTurns,-65.9769,132.3151,181.5120,26.7113,-40.3872,-34.7940,0.5307,-0.4235,-0.7342,0.9980,50,59.855141,1.3402,1.3232
BiancaGolden_CircleTurns,-65.6020,132.6080,181.6402,25.0421,-39.7441,-34.5688,0.5404,-0.4119,-0.7337,0.9980,51,59.868988,1.3440,1.3261
BiancaGolden_CircleTurns,-65.1649,132.8676,181.9503,23.7866,-39.3777,-34.4255,0.5477,-0.4120,-0.7282,0.9980,51,59.882607,1.3484,1.3287
BiancaGolden_CircleTurns,-64.3676,133.1481,182.3531,22.7669,-38.8999,-34.3267,0.5724,-0.4096,-0.7103,0.9980,52,59.896545,1.3563,1.3315
BiancaGolden_CircleTurns,-63.6384,133.4706,182.4631,21.2339,-37.2628,-33.7168,0.6087,-0.4070,-0.6811,0.9980,52,59.910431,1.3636,1.3347
BiancaGolden_CircleTurns,-63.1747,133.8110,182.5394,20.2520,-36.3281,-32.9597,0.6268,-0.4018,-0.6676,0.9980,52,59.924778,1.3683,1.3381
BiancaGolden_CircleTurns,-62.6299,134.1184,182.6281,19.5854,-35.3811,-31.9337,0.6290,-0.4095,-0.6608,0.9980,53,59.937897,1.3737,1.3412
BiancaGolden_CircleTurns,-62.0616,134.4194,183.1649,19.4739,-35.2166,-30.9599,0.6337,-0.4021,-0.6609,0.9980,53,59.952007,1.3794,1.3442
BiancaGolden_CircleTurns,-61.5045,134.6650,183.7913,19.6596,-35.2515,-30.2744,0.6315,-0.4013,-0.6635,0.9980,54,59.966084,1.3850,1.3467
BiancaGolden_CircleTurns,-61.0301,134.9066,184.4734,19.8335,-35.5570,-29.9223,0.6115,-0.4345,-0.6613,0.9980,54,59.980423,1.3897,1.3491
BiancaGolden_CircleTurns,-60.6397,135.1826,185.0727,19.5030,-35.8535,-30.0863,0.6060,-0.4404,-0.6624,0.9980,55,59.994404,1.3936,1.3518
BiancaGolden_CircleTurns,-60.2489,135.4649,185.5342,18.4707,-35.9528,-30.8531,0.5404,-0.6256,-0.5627,0.9980,55,60.007790,1.3975,1.3546
BiancaGolden_CircleTurns,-59.7683,135.6393,186.0024,17.4879,-35.7079,-31.3785,0.5419,-0.6287,-0.5577,0.9980,55,60.022354,1.4023,1.3564
BiancaGolden_CircleTurns,-59.1965,135.8097,186.5809,16.9046,-35.1917,-31.5175,0.6276,-0.6671,-0.4013,0.9980,56,60.039028,1.4080,1.3581
BiancaGolden_CircleTurns,-58.5665,135.9381,187.2556,16.7302,-34.4969,-31.3403,0.6338,-0.6678,-0.3903,0.9980,56,60.049732,1.4143,1.3594
BiancaGolden_CircleTurns,-57.9855,136.0885,187.8624,16.4693,-33.7403,-31.1345,0.6417,-0.6611,-0.3889,0.9980,57,60.064663,1.4201,1.3609
BiancaGolden_CircleTurns,-57.5459,136.2331,188.3902,16.0115,-33.2666,-31.0507,0.6317,-0.6626,-0.4024,0.9980,57,60.077152,1.4245,1.3623
BiancaGolden_CircleTurns,-57.1741,136.3217,188.8567,15.7008,-32.9330,-31.0746,0.6321,-0.6580,-0.4092,0.9980,57,60.091103,1.4283,1.3632
BiancaGolden_CircleTurns,-56.8776,136.3169,189.3175,15.6929,-32.8022,-31.1584,0.6310,-0.6570,-0.4126,0.9980,58,60.105064,1.4312,1.3632
BiancaGolden_CircleTurns,-56.5799,136.2851,189.7870,15.7110,-32.7033,-31.3961,0.6167,-0.6612,-0.4271,0.9980,58,60.117546,1.4342,1.3629
BiancaGolden_CircleTurns,-56.2742,136.1913,190.2619,15.7282,-32.5656,-31.8997,0.6120,-0.6676,-0.4240,0.9980,59,60.133236,1.4373,1.3619
BiancaGolden_CircleTurns,-55.9674,136.0750,190.7621,15.6215,-32.3409,-32.4049,0.6088,-0.6671,-0.4294,0.9980,59,60.146252,1.4403,1.3607
BiancaGolden_CircleTurns,-55.6417,135.8837,191.2618,15.4781,-32.0365,-33.1332,0.6030,-0.6700,-0.4329,0.9980,60,60.160503,1.4436,1.3588
BiancaGolden_CircleTurns,-55.3352,135.6576,191.7333,15.3381,-31.6799,-33.7146,0.5931,-0.6747,-0.4393,0.9980,60,60.174244,1.4466,1.3566
BiancaGolden_CircleTurns,-55.0637,135.3906,192.1404,15.2564,-31.2111,-34.3226,0.5900,-0.6781,-0.4382,0.9980,60,60.188644,1.4494,1.3539
BiancaGolden_CircleTurns,-54.8292,135.0651,192.5274,15.1137,-30.8178,-34.9501,0.5793,-0.6817,-0.4468,0.9980,61,60.201942,1.4517,1.3507
BiancaGolden_CircleTurns,-54.6011,134.7379,192.9092,14.8498,-30.5351,-35.6023,0.5718,-0.6889,-0.4455,0.9980,61,60.215805,1.4540,1.3474
BiancaGolden_CircleTurns,-54.3838,134.3850,193.2947,14.6131,-30.3940,-36.2607,0.5578,-0.6882,-0.4640,0.9980,62,60.229897,1.4562,1.3439
BiancaGolden_CircleTurns,-54.2067,133.9784,193.6580,14.4984,-30.3351,-36.8285,0.5565,-0.6834,-0.4724,0.9980,62,60.243629,1.4579,1.3398
BiancaGolden_CircleTurns,-54.0668,133.5620,193.9486,14.2365,-30.3036,-37.4551,0.5511,-0.6906,-0.4683,0.9980,62,60.258175,1.4593,1.3356
BiancaGolden_CircleTurns,-53.9393,133.1129,194.2295,13.8860,-30.1947,-38.1130,0.5322,-0.7124,-0.4574,0.9980,63,60.271801,1.4606,1.3311
BiancaGolden_CircleTurns,-53.7972,132.6053,194.4954,13.4355,-29.9391,-38.8417,0.5258,-0.7194,-0.4538,0.9980,63,60.284760,1.4620,1.3261
BiancaGolden_CircleTurns,-53.6473,132.0599,194.7820,13.0279,-29.5869,-39.4947,0.4883,-0.7703,-0.4100,0.9980,64,60.300526,1.4635,1.3206
BiancaGolden_CircleTurns,-53.5108,131.5020,195.0415,12.6270,-29.1734,-39.9518,0.4501,-0.8076,-0.3810,0.9980,64,60.313061,1.4649,1.3150
BiancaGolden_CircleTurns,-53.3795,130.9501,195.2618,12.2819,-28.8523,-40.3874,0.4340,-0.8192,-0.3749,0.9980,65,60.327694,1.4662,1.3095
BiancaGolden_CircleTurns,-53.3071,130.3666,195.4513,11.8150,-28.6331,-40.6774,0.4273,-0.8216,-0.3772,0.9980,65,60.341221,1.4669,1.3037
BiancaGolden_CircleTurns,-53.2486,129.7703,195.5661,11.3265,-28.5098,-41.0211,0.4280,-0.8187,-0.3829,0.9980,65,60.355438,1.4675,1.2977
BiancaGolden_CircleTurns,-53.1948,129.1368,195.6974,10.8745,-28.4647,-41.3573,0.4449,-0.8048,-0.3929,0.9980,66,60.368710,1.4681,1.2914
BiancaGolden_CircleTurns,-53.1235,128.4565,195.7996,10.4888,-28.3842,-41.6214,0.4425,-0.8066,-0.3920,0.9980,66,60.382954,1.4688,1.2846
BiancaGolden_CircleTurns,-53.0443,127.7616,195.8822,10.1512,-28.2245,-41.7895,0.4497,-0.7997,-0.3978,0.9980,67,60.397587,1.4696,1.2776
BiancaGolden_CircleTurns,-52.9759,127.0596,195.9193,9.7125,-28.0352,-41.8838,0.4579,-0.7933,-0.4012,0.9980,67,60.410538,1.4702,1.2706
BiancaGolden_CircleTurns,-52.9429,126.3558,195.9090,9.0848,-27.8592,-41.9082,0.4639,-0.7871,-0.4065,0.9980,68,60.425533,1.4706,1.2636
BiancaGolden_CircleTurns,-52.9705,125.6550,195.8797,8.4367,-27.8458,-41.9337,0.4683,-0.7790,-0.4169,0.9980,68,60.438271,1.4703,1.2565
BiancaGolden_CircleTurns,-53.0196,124.9638,195.8283,7.7399,-27.9875,-42.0147,0.4649,-0.7774,-0.4237,0.9980,68,60.452442,1.4698,1.2496
BiancaGolden_CircleTurns,-53.1242,124.2531,195.7628,7.0936,-28.2577,-42.0614,0.4613,-0.7681,-0.4441,0.9980,69,60.466110,1.4688,1.2425
BiancaGolden_CircleTurns,-53.3038,123.5631,195.6579,6.5368,-28.5999,-42.0171,0.4635,-0.7591,-0.4570,0.9980,69,60.479000,1.4670,1.2356
BiancaGolden_CircleTurns,-53.5405,122.9174,195.5104,6.0562,-28.9041,-41.9420,0.4643,-0.7517,-0.4684,0.9980,70,60.493927,1.4646,1.2292
BiancaGolden_CircleTurns,-53.8319,122.3037,195.3786,5.4424,-29.2169,-41.7671,0.4673,-0.7441,-0.4774,0.9980,70,60.508762,1.4617,1.2230
BiancaGolden_CircleTurns,-54.1425,121.7453,195.2837,4.8406,-29.6023,-41.5677,0.4748,-0.7348,-0.4844,0.9980,70,60.523003,1.4586,1.2175
BiancaGolden_CircleTurns,-54.4394,121.1520,195.2637,4.2420,-29.9110,-41.2669,0.4893,-0.7210,-0.4907,0.9980,71,60.538582,1.4556,1.2115
BiancaGolden_CircleTurns,-54.6974,120.5529,195.3710,3.6776,-30.2167,-40.9094,0.4919,-0.7156,-0.4960,0.9980,71,60.549149,1.4530,1.2055
BiancaGolden_CircleTurns,-54.8483,119.8612,195.6249,3.1749,-30.4612,-40.5118,0.4956,-0.7116,-0.4980,0.9980,72,60.563126,1.4515,1.1986
BiancaGolden_CircleTurns,-54.7951,119.1297,196.2060,2.7763,-30.5560,-40.1473,0.5045,-0.7122,-0.4881,0.9980,72,60.577873,1.4520,1.1913
BiancaGolden_CircleTurns,-54.7215,118.4095,196.7052,2.2052,-30.1688,-39.8503,0.5232,-0.7116,-0.4689,0.9980,72,60.590988,1.4528,1.1841
BiancaGolden_CircleTurns,-54.8831,117.8438,196.8874,1.8172,-29.3739,-39.3780,0.5332,-0.7100,-0.4601,0.9980,73,60.604622,1.4512,1.1784
BiancaGolden_CircleTurns,-55.2343,117.4141,196.7721,1.4196,-29.0001,-38.8771,0.5381,-0.7093,-0.4554,0.9980,73,60.617722,1.4477,1.1741
BiancaGolden_CircleTurns,-55.5110,117.0935,196.5164,0.9972,-28.5955,-38.6331,0.5452,-0.7031,-0.4565,0.9980,74,60.633015,1.4449,1.1709
BiancaGolden_CircleTurns,-55.6605,116.7412,196.4965,0.1606,-28.4414,-38.4261,0.5420,-0.7036,-0.4596,0.9980,74,60.647388,1.4434,1.1674
BiancaGolden_CircleTurns,-55.7219,116.4239,196.6811,-0.8200,-28.4416,-38.3374,0.5413,-0.7014,-0.4637,0.9980,75,60.660885,1.4428,1.1642
BiancaGolden_CircleTurns,-55.7428,116.1399,196.9005,-1.7322,-28.5154,-38.2438,0.5369,-0.6987,-0.4727,0.9980,75,60.675049,1.4426,1.1614
BiancaGolden_CircleTurns,-55.8240,115.8570,197.0424,-2.2600,-28.6240,-38.1239,0.5363,-0.6963,-0.4770,0.9980,75,60.688614,1.4418,1.1586
BiancaGolden_CircleTurns,-55.9013,115.5992,197.1651,-2.3747,-28.7726,-38.0224,0.5317,-0.6970,-0.4811,0.9980,76,60.703060,1.4410,1.1560
BiancaGolden_CircleTurns,-55.9035,115.3752,197.3388,-2.0755,-28.8630,-37.9276,0.5337,-0.6961,-0.4802,0.9980,76,60.715900,1.4410,1.1538
BiancaGolden_CircleTurns,-55.8886,115.1617,197.5589,-1.7306,-28.8772,-37.7704,0.5326,-0.6927,-0.4864,0.9980,77,60.731251,1.4411,1.1516
BiancaGolden_CircleTurns,-55.8828,114.9977,197.7154,-1.4531,-28.7673,-37.6497,0.5390,-0.6889,-0.4847,0.9980,77,60.744980,1.4412,1.1500
BiancaGolden_CircleTurns,-55.8931,114.8510,197.8393,-1.3204,-28.6735,-37.5924,0.5400,-0.6905,-0.4812,0.9980,78,60.758968,1.4411,1.1485
BiancaGolden_CircleTurns,-55.8998,114.7775,197.9677,-1.1787,-28.5680,-37.6591,0.5396,-0.6916,-0.4801,0.9980,78,60.771915,1.4410,1.1478
BiancaGolden_CircleTurns,-55.8687,114.7084,198.1617,-1.0716,-28.5060,-37.8757,0.5376,-0.6918,-0.4821,0.9980,78,60.787209,1.4413,1.1471
BiancaGolden_CircleTurns,-55.8378,114.6388,198.3550,-1.0087,-28.3958,-38.1047,0.5351,-0.6963,-0.4783,0.9980,79,60.799641,1.4416,1.1464
BiancaGolden_CircleTurns,-55.7807,114.5802,198.5339,-0.8676,-28.1707,-38.4408,0.5317,-0.6973,-0.4807,0.9980,79,60.813667,1.4422,1.1458
BiancaGolden_CircleTurns,-55.7172,114.5335,198.6784,-0.6848,-27.8903,-38.7898,0.5295,-0.7024,-0.4758,0.9980,80,60.828041,1.4428,1.1453
BiancaGolden_CircleTurns,-55.6183,114.5034,198.7818,-0.4499,-27.4606,-39.2086,0.5296,-0.7041,-0.4730,0.9980,80,60.841816,1.4438,1.1450
BiancaGolden_CircleTurns,-55.5180,114.4454,198.8781,-0.2648,-27.0745,-39.5829,0.5293,-0.7087,-0.4665,0.9980,80,60.857323,1.4448,1.1445
BiancaGolden_CircleTurns,-55.3700,114.4103,198.9450,-0.0837,-26.6302,-40.0761,0.5223,-0.7137,-0.4668,0.9980,81,60.871155,1.4463,1.1441
BiancaGolden_CircleTurns,-55.1965,114.3695,199.0068,0.1031,-26.2510,-40.5973,0.5170,-0.7210,-0.4614,0.9980,81,60.885433,1.4480,1.1437
BiancaGolden_CircleTurns,-54.9999,114.3438,199.0466,0.2340,-25.9082,-41.1673,0.5066,-0.7320,-0.4556,0.9980,82,60.898560,1.4500,1.1434
BiancaGolden_CircleTurns,-54.7785,114.3133,199.0612,0.3072,-25.5683,-41.9386,0.4767,-0.7653,-0.4326,0.9980,82,60.911728,1.4522,1.1431
BiancaGolden_CircleTurns,-54.5352,114.2737,199.0282,0.4024,-25.2527,-43.0126,0.4634,-0.7914,-0.3987,0.9980,83,60.926105,1.4546,1.1427
BiancaGolden_CircleTurns,-54.3029,114.2502,198.9879,0.5529,-24.9920,-44.0291,0.4464,-0.8021,-0.3966,0.9980,83,60.938660,1.4570,1.1425
BiancaGolden_CircleTurns,-54.0453,114.2903,198.9000,0.7849,-24.9392,-45.3882,0.4336,-0.8063,-0.4022,0.9980,83,60.953201,1.4595,1.1429
BiancaGolden_CircleTurns,-53.7730,114.3747,198.7912,1.1172,-24.9558,-46.6226,0.4161,-0.8153,-0.4026,0.9980,84,60.967575,1.4623,1.1437
BiancaGolden_CircleTurns,-53.4470,114.5065,198.6590,1.5390,-25.1212,-47.9103,0.4073,-0.8107,-0.4207,0.9980,84,60.979919,1.4655,1.1451
BiancaGolden_CircleTurns,-53.1111,114.6534,198.5177,1.9488,-25.3035,-49.1641,0.4027,-0.8112,-0.4240,0.9980,85,60.994865,1.4689,1.1465
BiancaGolden_CircleTurns,-52.7349,114.8272,198.3692,2.3764,-25.4632,-50.5680,0.4023,-0.8106,-0.4255,0.9980,85,61.008797,1.4727,1.1483
BiancaGolden_CircleTurns,-52.3826,115.0520,198.2352,2.9226,-25.6115,-51.9549,0.4061,-0.8058,-0.4311,0.9980,85,61.023861,1.4762,1.1505
BiancaGolden_CircleTurns,-51.9831,115.3492,198.1274,3.6474,-25.9007,-53.2960,0.4009,-0.8032,-0.4407,0.9980,86,61.040440,1.4802,1.1535
BiancaGolden_CircleTurns,-51.5721,115.6762,198.0801,4.3516,-26.2104,-54.4901,0.3841,-0.8089,-0.4451,0.9980,86,61.049839,1.4843,1.1568
BiancaGolden_CircleTurns,-51.1273,116.0550,198.0441,5.0213,-26.5522,-55.5977,0.3828,-0.8035,-0.4559,0.9980,87,61.064774,1.4887,1.1606
BiancaGolden_CircleTurns,-50.6521,116.4285,198.0649,5.5211,-26.9205,-56.6446,0.3871,-0.7971,-0.4635,0.9980,87,61.078354,1.4935,1.1643
BiancaGolden_CircleTurns,-50.1445,116.8004,198.0624,5.9328,-27.0653,-57.7596,0.3864,-0.7965,-0.4651,0.9980,88,61.092247,1.4986,1.1680
BiancaGolden_CircleTurns,-49.6289,117.1515,198.0890,6.5285,-27.0886,-58.7461,0.3934,-0.7932,-0.4648,0.9980,88,61.106529,1.5037,1.1715
BiancaGolden_CircleTurns,-49.0761,117.4960,198.1493,7.1830,-26.9320,-59.5567,0.3966,-0.7940,-0.4607,0.9980,88,61.120598,1.5092,1.1750
BiancaGolden_CircleTurns,-48.4884,117.8702,198.2271,7.6351,-26.7587,-60.3008,0.3880,-0.7999,-0.4578,0.9980,89,61.134468,1.5151,1.1787
BiancaGolden_CircleTurns,-47.8942,118.2789,198.2947,7.8430,-26.5709,-60.9501,0.3930,-0.8019,-0.4500,0.9980,89,61.148094,1.5211,1.1828
BiancaGolden_CircleTurns,-47.3071,118.7261,198.3141,7.8850,-26.4468,-61.4664,0.4079,-0.7949,-0.4492,0.9980,90,61.162888,1.5269,1.1873
BiancaGolden_CircleTurns,-46.7552,119.1847,198.2320,7.9105,-26.3136,-61.8720,0.4162,-0.7893,-0.4515,0.9980,90,61.176849,1.5324,1.1918
BiancaGolden_CircleTurns,-46.2183,119.6516,198.0988,8.0295,-26.2183,-62.2324,0.4235,-0.7855,-0.4512,0.9980,90,61.190247,1.5378,1.1965
BiancaGolden_CircleTurns,-45.6730,120.0993,197.9718,8.1431,-26.1529,-62.4744,0.4245,-0.7804,-0.4591,0.9980,91,61.203953,1.5433,1.2010
BiancaGolden_CircleTurns,-45.1254,120.5593,197.8810,8.1560,-26.2605,-62.7132,0.4197,-0.7806,-0.4631,0.9980,91,61.217091,1.5487,1.2056
BiancaGolden_CircleTurns,-44.5636,120.9725,197.8638,7.9677,-26.5237,-63.0000,0.4151,-0.7832,-0.4629,0.9980,92,61.232738,1.5544,1.2097
BiancaGolden_CircleTurns,-44.0088,121.3827,197.8752,7.7068,-26.8504,-63.4114,0.4138,-0.7785,-0.4719,0.9980,92,61.246643,1.5599,1.2138
BiancaGolden_CircleTurns,-43.4661,121.7972,197.8321,7.5581,-27.1875,-63.8447,0.4193,-0.7728,-0.4764,0.9980,93,61.260452,1.5653,1.2180
BiancaGolden_CircleTurns,-42.9436,122.1994,197.7775,7.3634,-27.6294,-64.1538,0.4138,-0.7696,-0.4863,0.9980,93,61.274685,1.5706,1.2220
BiancaGolden_CircleTurns,-42.3952,122.5839,197.7403,7.2880,-28.0658,-64.3913,0.4121,-0.7694,-0.4880,0.9980,93,61.288136,1.5760,1.2258
BiancaGolden_CircleTurns,-41.8550,122.9566,197.7241,7.2361,-28.3872,-64.5495,0.4128,-0.7674,-0.4905,0.9980,94,61.301151,1.5815,1.2296
BiancaGolden_CircleTurns,-41.3433,123.3164,197.7395,7.1189,-28.6958,-64.5178,0.4127,-0.7647,-0.4949,0.9980,94,61.316719,1.5866,1.2332
BiancaGolden_CircleTurns,-40.8349,123.6603,197.7771,7.0129,-28.9683,-64.4858,0.4156,-0.7630,-0.4950,0.9980,95,61.330608,1.5917,1.2366
BiancaGolden_CircleTurns,-40.3521,123.9802,197.8640,6.8402,-29.2896,-64.3797,0.4162,-0.7615,-0.4969,0.9980,95,61.342842,1.5965,1.2398
BiancaGolden_CircleTurns,-39.9072,124.2929,197.9498,6.7499,-29.6282,-64.2241,0.4208,-0.7578,-0.4987,0.9980,95,61.357365,1.6009,1.2429
BiancaGolden_CircleTurns,-39.4625,124.5811,198.0281,6.6815,-29.9495,-64.0376,0.4239,-0.7535,-0.5025,0.9980,96,61.370735,1.6054,1.2458
BiancaGolden_CircleTurns,-39.0438,124.8005,198.1574,6.5997,-30.2671,-63.6975,0.4271,-0.7514,-0.5030,0.9980,96,61.384682,1.6096,1.2480
BiancaGolden_CircleTurns,-38.6773,125.0096,198.2765,6.6340,-30.3013,-63.4438,0.4321,-0.7500,-0.5009,0.9980,97,61.399551,1.6132,1.2501
BiancaGolden_CircleTurns,-38.3144,125.1580,198.3827,6.2344,-30.4368,-63.1399,0.4320,-0.7565,-0.4910,0.9980,97,61.412430,1.6169,1.2516
BiancaGolden_CircleTurns,-37.9640,125.2940,198.4865,6.1118,-30.5959,-62.9001,0.4282,-0.7647,-0.4815,0.9980,98,61.427597,1.6204,1.2529
BiancaGolden_CircleTurns,-37.6722,125.3999,198.5557,6.0287,-30.6213,-62.6066,0.4293,-0.7648,-0.4805,0.9980,98,61.440300,1.6233,1.2540
BiancaGolden_CircleTurns,-37.4312,125.4857,198.6035,5.9241,-30.6897,-62.2321,0.4305,-0.7684,-0.4735,0.9980,98,61.454723,1.6257,1.2549
BiancaGolden_CircleTurns,-37.1510,125.5641,198.5958,5.6673,-30.8280,-61.9308,0.4333,-0.7650,-0.4765,0.9980,99,61.468876,1.6285,1.2556
BiancaGolden_CircleTurns,-36.9038,125.5962,198.6053,5.1955,-31.0327,-61.6453,0.4339,-0.7666,-0.4734,0.9980,99,61.482342,1.6310,1.2560
BiancaGolden_CircleTurns,-36.7085,125.5931,198.6408,4.5415,-31.1176,-61.4696,0.4293,-0.7694,-0.4730,0.9980,100,61.496601,1.6329,1.2559
BiancaGolden_CircleTurns,-36.5327,125.5179,198.6383,4.0889,-31.1149,-61.5356,0.4153,-0.7750,-0.4764,0.9980,100,61.511208,1.6347,1.2552
BiancaGolden_CircleTurns,-36.4227,125.4498,198.5757,3.8801,-31.1460,-61.6555,0.4117,-0.7744,-0.4804,0.9980,100,61.524639,1.6358,1.2545
BiancaGolden_CircleTurns,-36.3108,125.3919,198.4977,3.7303,-31.2736,-61.7832,0.3894,-0.7849,-0.4820,0.9980,101,61.541786,1.6369,1.2539
BiancaGolden_CircleTurns,-36.1921,125.3310,198.3866,3.4940,-31.4301,-62.0065,0.3852,-0.7843,-0.4863,0.9980,101,61.551910,1.6381,1.2533
BiancaGolden_CircleTurns,-36.0871,125.2719,198.2640,3.1608,-31.7027,-62.2143,0.3718,-0.7781,-0.5062,0.9980,102,61.565937,1.6391,1.2527
BiancaGolden_CircleTurns,-36.0420,125.1917,198.1174,2.9353,-32.0292,-62.4164,0.3392,-0.7763,-0.5313,0.9980,102,61.580395,1.6396,1.2519
BiancaGolden_CircleTurns,-36.0246,125.1204,197.9749,2.7785,-32.3362,-62.6029,0.3304,-0.7726,-0.5422,0.9980,103,61.594727,1.6398,1.2512
BiancaGolden_CircleTurns,-36.0176,125.0129,197.8260,2.7737,-32.5389,-62.8313,0.3261,-0.7699,-0.5486,0.9980,103,61.607327,1.6398,1.2501
BiancaGolden_CircleTurns,-36.0213,124.9020,197.7208,2.7685,-32.7450,-63.0013,0.3223,-0.7723,-0.5475,0.9980,103,61.622013,1.6398,1.2490
BiancaGolden_CircleTurns,-35.9904,124.7704,197.5840,2.7074,-32.9012,-63.2388,0.3183,-0.7718,-0.5505,0.9980,104,61.636074,1.6401,1.2477
BiancaGolden_CircleTurns,-36.0029,124.6753,197.4520,2.5717,-33.1025,-63.4723,0.3147,-0.7718,-0.5525,0.9980,104,61.648678,1.6400,1.2468
BiancaGolden_CircleTurns,-36.0171,124.5217,197.2969,2.4991,-33.2950,-63.6979,0.3129,-0.7746,-0.5496,0.9980,105,61.664127,1.6398,1.2452
BiancaGolden_CircleTurns,-36.0856,124.4195,197.1466,2.4672,-33.4540,-64.0106,0.3126,-0.7730,-0.5520,0.9980,105,61.677715,1.6391,1.2442
BiancaGolden_CircleTurns,-36.1697,124.2900,197.0584,2.6533,-33.7309,-64.3890,0.3076,-0.7737,-0.5539,0.9980,106,61.691856,1.6383,1.2429
BiancaGolden_CircleTurns,-36.2266,124.1075,197.0894,2.9484,-34.0179,-64.7550,0.3011,-0.7744,-0.5564,0.9980,106,61.705067,1.6377,1.2411
BiancaGolden_CircleTurns,-36.2014,123.9255,197.1852,3.4318,-34.3798,-65.0365,0.2980,-0.7740,-0.5587,0.9980,106,61.720078,1.6380,1.2393
BiancaGolden_CircleTurns,-36.1945,123.7800,197.2362,3.5668,-34.5448,-65.2194,0.2968,-0.7738,-0.5595,0.9980,107,61.733208,1.6381,1.2378
BiancaGolden_CircleTurns,-36.2918,123.7024,197.1144,3.6926,-34.6648,-65.2987,0.3025,-0.7743,-0.5559,0.9980,107,61.746128,1.6371,1.2370
BiancaGolden_CircleTurns,-36.3227,123.6617,196.9828,3.6458,-34.6909,-65.5577,0.2982,-0.7768,-0.5547,0.9980,108,61.761124,1.6368,1.2366
BiancaGolden_CircleTurns,-36.3324,123.6454,196.9252,3.3561,-34.6115,-65.9740,0.2998,-0.7791,-0.5505,0.9980,108,61.775703,1.6367,1.2365
BiancaGolden_CircleTurns,-36.3410,123.6332,196.8946,3.0404,-34.5100,-66.4088,0.3030,-0.7840,-0.5417,0.9980,108,61.789417,1.6366,1.2363
BiancaGolden_CircleTurns,-36.3468,123.6325,196.8088,2.9860,-34.3699,-66.7651,0.2998,-0.7868,-0.5395,0.9980,109,61.803303,1.6365,1.2363
BiancaGolden_CircleTurns,-36.2742,123.6354,196.7318,2.9374,-34.2165,-67.0424,0.3007,-0.7889,-0.5359,0.9980,109,61.816654,1.6373,1.2364
BiancaGolden_CircleTurns,-36.1852,123.6308,196.6842,2.8715,-34.0117,-67.2871,0.2997,-0.7914,-0.5329,0.9980,110,61.831192,1.6381,1.2363
BiancaGolden_CircleTurns,-36.0560,123.6443,196.6947,2.7437,-33.9301,-67.4306,0.3084,-0.7868,-0.5346,0.9980,110,61.845356,1.6394,1.2364
BiancaGolden_CircleTurns,-35.9221,123.6737,196.7089,2.7062,-33.9970,-67.5388,0.3044,-0.7834,-0.5419,0.9980,111,61.858829,1.6408,1.2367
BiancaGolden_CircleTurns,-35.7660,123.7305,196.7371,2.7370,-34.3323,-67.6951,0.2877,-0.7695,-0.5702,0.9980,111,61.873001,1.6423,1.2373
BiancaGolden_CircleTurns,-35.5691,123.7875,196.7388,2.7198,-34.6435,-67.8568,0.2861,-0.7675,-0.5737,0.9980,111,61.887177,1.6443,1.2379
BiancaGolden_CircleTurns,-34.9133,124.0093,196.6246,2.2465,-34.9035,-67.9516,0.2821,-0.7470,-0.6020,0.9980,112,61.900661,1.6509,1.2401
BiancaGolden_CircleTurns,-34.8450,123.9113,196.8250,0.9340,-35.2712,-66.9333,0.2745,-0.7461,-0.6067,0.9980,112,61.914101,1.6515,1.2391
BiancaGolden_CircleTurns,-34.4916,123.8929,196.8322,2.0754,-34.9389,-67.2124,0.2659,-0.7533,-0.6015,0.9980,113,61.928501,1.6551,1.2389
BiancaGolden_CircleTurns,-34.1035,124.0163,196.8520,2.3402,-34.5017,-68.0983,0.2661,-0.7580,-0.5955,0.9980,113,61.942730,1.6590,1.2402
BiancaGolden_CircleTurns,-33.6681,124.1556,196.7887,2.1290,-34.2295,-68.4536,0.2661,-0.7602,-0.5926,0.9980,113,61.956200,1.6633,1.2416
BiancaGolden_CircleTurns,-33.2405,124.3624,196.7565,1.6500,-34.0448,-68.6043,0.2659,-0.7603,-0.5926,0.9980,114,61.970398,1.6676,1.2436
BiancaGolden_CircleTurns,-32.9314,124.5306,196.7590,1.3948,-34.0345,-68.6368,0.2643,-0.7579,-0.5965,0.9980,114,61.983356,1.6707,1.2453
BiancaGolden_CircleTurns,-32.5469,124.7511,196.7086,1.5033,-34.2348,-69.0391,0.2583,-0.7566,-0.6007,0.9980,115,61.998795,1.6745,1.2475
BiancaGolden_CircleTurns,-32.1912,124.9731,196.5946,1.7255,-34.4023,-69.4067,0.2590,-0.7474,-0.6118,0.9980,115,62.012409,1.6781,1.2497
BiancaGolden_CircleTurns,-31.8233,124.9979,196.7868,2.2329,-34.9468,-69.4466,0.2467,-0.7530,-0.6101,0.9980,116,62.026073,1.6818,1.2500
BiancaGolden_CircleTurns,-31.2038,125.2044,196.7076,3.1538,-34.8106,-70.0068,0.2412,-0.7617,-0.6014,0.9980,116,62.043037,1.6880,1.2520
BiancaGolden_CircleTurns,-30.6838,125.5840,196.5429,2.8008,-34.2383,-70.4732,0.2390,-0.7622,-0.6016,0.9980,116,62.053627,1.6932,1.2558
BiancaGolden_CircleTurns,-30.1979,125.8605,196.4699,2.1899,-34.2320,-70.6686,0.2367,-0.7670,-0.5963,0.9980,117,62.067085,1.6980,1.2586
BiancaGolden_CircleTurns,-29.6954,126.0800,196.4400,1.9426,-33.9704,-70.9573,0.2403,-0.7674,-0.5944,0.9980,117,62.080799,1.7030,1.2608
BiancaGolden_CircleTurns,-29.1325,126.2733,196.4625,1.7219,-33.8073,-71.3408,0.2382,-0.7671,-0.5956,0.9980,118,62.095718,1.7087,1.2627
BiancaGolden_CircleTurns,-28.5882,126.4781,196.4839,1.6252,-33.5033,-71.6441,0.2392,-0.7689,-0.5930,0.9980,118,62.109791,1.7141,1.2648
BiancaGolden_CircleTurns,-27.9959,126.7294,196.4651,1.2368,-33.2725,-72.0503,0.2296,-0.7710,-0.5940,0.9980,118,62.123337,1.7200,1.2673
BiancaGolden_CircleTurns,-27.3978,127.0636,196.3898,0.7682,-33.1857,-72.5276,0.2269,-0.7706,-0.5956,0.9980,119,62.136726,1.7260,1.2706
BiancaGolden_CircleTurns,-26.8312,127.3088,196.3803,0.3617,-33.2934,-72.7348,0.2295,-0.7684,-0.5975,0.9980,119,62.149448,1.7317,1.2731
BiancaGolden_CircleTurns,-26.2632,127.4964,196.4617,-0.0100,-33.4196,-72.7812,0.2293,-0.7681,-0.5979,0.9980,120,62.164471,1.7374,1.2750
BiancaGolden_CircleTurns,-25.6473,127.7398,196.4981,-0.2610,-33.3789,-73.0930,0.2291,-0.7685,-0.5974,0.9980,120,62.179485,1.7435,1.2774
BiancaGolden_CircleTurns,-25.1254,128.0056,196.5374,-0.4524,-33.3736,-73.2699,0.2281,-0.7683,-0.5980,0.9980,121,62.193199,1.7487,1.2801
BiancaGolden_CircleTurns,-24.5876,128.2331,196.5395,-0.6849,-33.3572,-73.4701,0.2259,-0.7720,-0.5942,0.9980,121,62.207375,1.7541,1.2823
BiancaGolden_CircleTurns,-24.1167,128.4514,196.4798,-0.7603,-33.0055,-73.5931,0.2238,-0.7755,-0.5904,0.9980,121,62.221523,1.7588,1.2845
BiancaGolden_CircleTurns,-23.6105,128.6397,196.5177,-0.9355,-32.7327,-73.8208,0.2234,-0.7793,-0.5855,0.9980,122,62.233707,1.7639,1.2864
BiancaGolden_CircleTurns,-23.1560,128.8027,196.5726,-1.1917,-32.3868,-73.9468,0.2246,-0.7802,-0.5838,0.9980,122,62.246933,1.7684,1.2880
BiancaGolden_CircleTurns,-22.7283,128.8834,196.6064,-1.5675,-32.2671,-73.9147,0.2242,-0.7807,-0.5833,0.9980,123,62.262974,1.7727,1.2888
BiancaGolden_CircleTurns,-22.2267,129.1796,196.6348,-1.5979,-32.0338,-74.3727,0.2212,-0.7760,-0.5907,0.9980,123,62.276817,1.7777,1.2918
BiancaGolden_CircleTurns,-21.8927,129.2791,196.7302,-1.7586,-32.2931,-74.3651,0.2183,-0.7731,-0.5955,0.9980,123,62.289574,1.7811,1.2928
BiancaGolden_CircleTurns,-21.5299,129.5416,196.7940,-1.9104,-32.3879,-74.4221,0.2169,-0.7654,-0.6060,0.9980,124,62.304150,1.7847,1.2954
BiancaGolden_CircleTurns,-21.2258,129.7137,196.8030,-2.0897,-32.7012,-74.4722,0.2164,-0.7629,-0.6092,0.9980,124,62.316685,1.7877,1.2971
BiancaGolden_CircleTurns,-20.9315,129.8804,196.7765,-2.0468,-32.9318,-74.4554,0.2121,-0.7591,-0.6154,0.9980,125,62.332630,1.7907,1.2988
BiancaGolden_CircleTurns,-20.6626,130.1080,196.8991,-2.0341,-33.1489,-74.5101,0.2106,-0.7544,-0.6217,0.9980,125,62.345676,1.7934,1.3011
BiancaGolden_CircleTurns,-20.3904,130.3153,197.0071,-2.0218,-33.4060,-74.6022,0.2078,-0.7524,-0.6251,0.9980,126,62.359337,1.7961,1.3032
BiancaGolden_CircleTurns,-20.1393,130.4172,197.1509,-2.1349,-33.5984,-74.5676,0.2079,-0.7516,-0.6260,0.9980,126,62.372841,1.7986,1.3042
BiancaGolden_CircleTurns,-19.8763,130.5469,197.2805,-2.2800,-33.6609,-74.5648,0.2079,-0.7528,-0.6246,0.9980,126,62.387733,1.8012,1.3055
BiancaGolden_CircleTurns,-19.6811,130.6450,197.3902,-2.4875,-33.5594,-74.6131,0.2099,-0.7611,-0.6137,0.9980,127,62.401047,1.8032,1.3064
BiancaGolden_CircleTurns,-19.4796,130.7121,197.4743,-2.6468,-33.3782,-74.7133,0.2106,-0.7657,-0.6078,0.9980,127,62.413464,1.8052,1.3071
BiancaGolden_CircleTurns,-19.3264,130.8058,197.5058,-2.7321,-33.0775,-74.7550,0.2116,-0.7686,-0.6037,0.9980,128,62.429295,1.8067,1.3081
BiancaGolden_CircleTurns,-19.1823,130.8877,197.5257,-2.8272,-32.8263,-74.7758,0.2101,-0.7723,-0.5995,0.9980,128,62.442352,1.8082,1.3089
BiancaGolden_CircleTurns,-19.0612,130.9796,197.5109,-2.9539,-32.6626,-74.7437,0.2071,-0.7736,-0.5989,0.9980,128,62.457966,1.8094,1.3098
BiancaGolden_CircleTurns,-18.9470,131.0382,197.5035,-3.0962,-32.5853,-74.6776,0.2083,-0.7734,-0.5987,0.9980,129,62.471542,1.8105,1.3104
BiancaGolden_CircleTurns,-18.8697,131.0884,197.4806,-3.2211,-32.5869,-74.5999,0.2095,-0.7728,-0.5991,0.9980,129,62.484154,1.8113,1.3109
BiancaGolden_CircleTurns,-18.8038,131.1287,197.4352,-3.3201,-32.5824,-74.5296,0.2087,-0.7672,-0.6065,0.9980,130,62.499233,1.8120,1.3113
BiancaGolden_CircleTurns,-18.7505,131.1546,197.3646,-3.5085,-32.6369,-74.5224,0.2047,-0.7653,-0.6103,0.9980,130,62.513893,1.8125,1.3115
BiancaGolden_CircleTurns,-18.7233,131.1634,197.2770,-3.7213,-32.6913,-74.5054,0.2044,-0.7615,-0.6151,0.9980,131,62.526405,1.8128,1.3116
BiancaGolden_CircleTurns,-18.6847,131.1737,197.1806,-3.9219,-32.7781,-74.4924,0.2071,-0.7570,-0.6197,0.9980,131,62.543434,1.8132,1.3117
BiancaGolden_CircleTurns,-18.6649,131.1571,197.0550,-4.1500,-32.8570,-74.4510,0.2079,-0.7555,-0.6213,0.9980,131,62.556149,1.8134,1.3116
BiancaGolden_CircleTurns,-18.6637,131.1514,196.9112,-4.3003,-32.9580,-74.3966,0.2110,-0.7516,-0.6250,0.9980,132,62.567905,1.8134,1.3115
BiancaGolden_CircleTurns,-18.7001,131.1435,196.7593,-4.4377,-33.1539,-74.3052,0.2121,-0.7486,-0.6282,0.9980,132,62.580814,1.8130,1.3114
BiancaGolden_CircleTurns,-18.7644,131.1418,196.6008,-4.4777,-33.3907,-74.1713,0.2129,-0.7461,-0.6309,0.9980,133,62.595585,1.8124,1.3114
BiancaGolden_CircleTurns,-18.8505,131.1449,196.4062,-4.3902,-33.5874,-74.0116,0.2127,-0.7437,-0.6338,0.9980,133,62.609661,1.8115,1.3114
BiancaGolden_CircleTurns,-18.9477,131.1370,196.2643,-4.3670,-33.8689,-73.7743,0.2118,-0.7413,-0.6368,0.9980,133,62.623936,1.8105,1.3114
BiancaGolden_CircleTurns,-19.0125,131.1560,196.1160,-4.4278,-34.0827,-73.5439,0.2163,-0.7352,-0.6424,0.9980,134,62.636784,1.8099,1.3116
BiancaGolden_CircleTurns,-19.1322,131.1860,196.0075,-4.5851,-34.4973,-73.1085,0.2217,-0.7314,-0.6449,0.9980,134,62.650303,1.8087,1.3119
BiancaGolden_CircleTurns,-19.2183,131.2071,195.9344,-4.9291,-34.8474,-72.6628,0.2327,-0.7239,-0.6494,0.9980,135,62.664970,1.8078,1.3121
BiancaGolden_CircleTurns,-19.2825,131.2545,195.9016,-5.3970,-35.2137,-72.1898,0.2421,-0.7420,-0.6252,0.9980,135,62.678795,1.8072,1.3125
BiancaGolden_CircleTurns,-19.3125,131.2974,195.8623,-5.9859,-35.1846,-71.7461,0.2292,-0.7747,-0.5894,0.9980,136,62.692936,1.8069,1.3130
BiancaGolden_CircleTurns,-19.3545,131.4018,195.8008,-6.4495,-34.9719,-71.4412,0.2373,-0.8169,-0.5258,0.9980,136,62.706707,1.8065,1.3140
BiancaGolden_CircleTurns,-19.3667,131.4911,195.7249,-6.8038,-34.3619,-71.3073,0.2396,-0.8222,-0.5163,0.9980,136,62.721359,1.8063,1.3149
BiancaGolden_CircleTurns,-19.3732,131.5276,195.7211,-7.0585,-33.7142,-71.2629,0.2546,-0.8333,-0.4907,0.9980,137,62.734589,1.8063,1.3153
BiancaGolden_CircleTurns,-19.3438,131.5509,195.7894,-7.2874,-32.9741,-71.3715,0.2720,-0.8337,-0.4806,0.9980,137,62.747498,1.8066,1.3155
BiancaGolden_CircleTurns,-19.2866,131.6346,195.8545,-7.5661,-32.4423,-71.5412,0.2697,-0.8370,-0.4761,0.9980,138,62.762814,1.8071,1.3163
BiancaGolden_CircleTurns,-19.2683,131.7687,195.9042,-7.7157,-32.1437,-71.7444,0.2100,-0.8976,-0.3875,0.9980,138,62.776596,1.8073,1.3177
BiancaGolden_CircleTurns,-19.1956,131.9480,195.9501,-7.7518,-31.9630,-72.1154,0.2017,-0.9056,-0.3730,0.9980,139,62.791828,1.8080,1.3195
BiancaGolden_CircleTurns,-19.1093,132.1329,196.0270,-7.7414,-31.9452,-72.5315,0.1931,-0.9079,-0.3722,0.9980,139,62.804867,1.8089,1.3213
BiancaGolden_CircleTurns,-18.9726,132.3067,196.1179,-7.5694,-31.9039,-73.1141,0.1853,-0.9104,-0.3698,0.9980,139,62.818378,1.8103,1.3231
BiancaGolden_CircleTurns,-18.8216,132.4523,196.2348,-7.3324,-31.7741,-73.6679,0.1969,-0.9024,-0.3834,0.9980,140,62.831684,1.8118,1.3245
BiancaGolden_CircleTurns,-18.6009,132.5847,196.3668,-6.9177,-31.5462,-74.3775,0.1893,-0.9028,-0.3863,0.9980,140,62.845245,1.8140,1.3258
BiancaGolden_CircleTurns,-18.3872,132.7076,196.5214,-6.6428,-31.2916,-74.9431,0.1826,-0.9008,-0.3939,0.9980,141,62.861450,1.8161,1.3271
BiancaGolden_CircleTurns,-18.1345,132.8348,196.6904,-6.2745,-31.0964,-75.5663,0.1888,-0.8996,-0.3938,0.9980,141,62.874229,1.8187,1.3283
BiancaGolden_CircleTurns,-17.8597,132.9923,196.8249,-5.8976,-31.0385,-76.1117,0.1814,-0.9013,-0.3934,0.9980,141,62.888489,1.8214,1.3299
BiancaGolden_CircleTurns,-17.5915,133.1737,196.9313,-5.5637,-31.0213,-76.6354,0.1861,-0.8932,-0.4093,0.9980,142,62.902016,1.8241,1.3317
BiancaGolden_CircleTurns,-17.2503,133.3779,197.0644,-5.2619,-31.2220,-77.0984,0.1775,-0.8039,-0.5677,0.9980,142,62.915462,1.8275,1.3338
BiancaGolden_CircleTurns,-16.9133,133.5206,197.2001,-5.0369,-31.3336,-77.4341,0.1682,-0.7957,-0.5819,0.9980,143,62.930187,1.8309,1.3352
BiancaGolden_CircleTurns,-16.4812,133.6453,197.3187,-4.8339,-31.2797,-77.9061,0.1620,-0.7995,-0.5784,0.9980,143,62.944630,1.8352,1.3365
BiancaGolden_CircleTurns,-16.0351,133.7596,197.4002,-4.8078,-31.0380,-78.3643,0.1563,-0.7894,-0.5936,0.9980,143,62.957806,1.8396,1.3376
BiancaGolden_CircleTurns,-15.6162,133.9090,197.4914,-4.7130,-30.8615,-78.7516,0.1515,-0.7948,-0.5876,0.9980,144,62.972034,1.8438,1.3391
BiancaGolden_CircleTurns,-15.1243,134.0080,197.4467,-4.6141,-30.4363,-79.1463,0.1472,-0.7951,-0.5884,0.9980,144,62.984627,1.8488,1.3401
BiancaGolden_CircleTurns,-14.6114,134.2253,197.5385,-4.5504,-30.4706,-79.4302,0.1099,-0.8068,-0.5806,0.9980,145,62.999622,1.8539,1.3423
BiancaGolden_CircleTurns,-14.0504,134.3857,197.5280,-4.5089,-30.4325,-79.6816,0.0913,-0.8104,-0.5787,0.9980,145,63.014076,1.8595,1.3439
BiancaGolden_CircleTurns,-13.4396,134.5379,197.5775,-4.5038,-30.3939,-79.8595,0.0898,-0.8153,-0.5721,0.9980,146,63.028362,1.8656,1.3454
BiancaGolden_CircleTurns,-12.8227,134.6992,197.5822,-4.6008,-30.2725,-79.9950,0.1124,-0.8138,-0.5702,0.9980,146,63.045139,1.8718,1.3470
BiancaGolden_CircleTurns,-12.1464,134.8803,197.5602,-4.6885,-30.2175,-80.1341,0.1120,-0.8155,-0.5678,0.9980,146,63.056511,1.8785,1.3488
BiancaGolden_CircleTurns,-11.4922,135.0369,197.4969,-4.7872,-30.0470,-80.1888,0.1327,-0.8138,-0.5657,0.9980,147,63.068802,1.8851,1.3504
BiancaGolden_CircleTurns,-10.8186,135.1866,197.4640,-4.8237,-29.8195,-80.3213,0.1741,-0.7977,-0.5775,0.9980,147,63.082237,1.8918,1.3519
BiancaGolden_CircleTurns,-10.1241,135.3483,197.4029,-4.8315,-29.5639,-80.6094,0.1713,-0.7991,-0.5763,0.9980,148,63.096809,1.8988,1.3535
BiancaGolden_CircleTurns,-9.4027,135.5524,197.3542,-4.9720,-29.4861,-80.8366,0.1690,-0.8365,-0.5212,0.9980,148,63.110893,1.9060,1.3555
BiancaGolden_CircleTurns,-8.6619,135.7030,197.3483,-5.2237,-29.6518,-81.0009,0.1658,-0.8786,-0.4478,0.9980,149,63.125820,1.9134,1.3570
BiancaGolden_CircleTurns,-7.9445,135.8426,197.4032,-5.5388,-29.8922,-81.1157,0.3193,-0.8478,-0.4234,0.9980,149,63.139042,1.9206,1.3584
BiancaGolden_CircleTurns,-7.2030,135.9885,197.4610,-5.8824,-30.1695,-81.3023,0.3162,-0.8473,-0.4267,0.9980,149,63.154079,1.9280,1.3599
BiancaGolden_CircleTurns,-6.4991,136.1722,197.4195,-6.1287,-30.4291,-81.4751,0.3126,-0.8635,-0.3957,0.9980,150,63.166054,1.9350,1.3617
BiancaGolden_CircleTurns,-5.8191,136.3989,197.3090,-6.1987,-30.5785,-81.5584,0.3005,-0.8691,-0.3929,0.9980,150,63.179283,1.9418,1.3640
BiancaGolden_CircleTurns,-5.1583,136.5892,197.1914,-6.1092,-30.6939,-81.6625,0.2934,-0.8709,-0.3943,0.9980,151,63.194977,1.9484,1.3659
BiancaGolden_CircleTurns,-4.5199,136.7585,197.1306,-5.8994,-30.6680,-81.7969,0.2919,-0.8662,-0.4056,0.9980,151,63.208668,1.9548,1.3676
BiancaGolden_CircleTurns,-3.8796,136.9104,197.1005,-5.7733,-30.6415,-81.9455,0.2910,-0.8669,-0.4048,0.9980,151,63.222538,1.9612,1.3691
BiancaGolden_CircleTurns,-3.2874,137.0819,197.0458,-5.6852,-30.5764,-82.0217,0.2918,-0.8662,-0.4056,0.9980,152,63.236706,1.9671,1.3708
BiancaGolden_CircleTurns,-2.7226,137.2228,197.0102,-5.5191,-30.4596,-82.0865,0.2910,-0.8672,-0.4041,0.9980,152,63.249252,1.9728,1.3722
BiancaGolden_CircleTurns,-2.2116,137.3635,196.9868,-5.3132,-30.3317,-82.1694,0.2827,-0.8716,-0.4004,0.9980,153,63.264935,1.9779,1.3736
BiancaGolden_CircleTurns,-1.7010,137.4917,196.9790,-5.1424,-30.2604,-82.3152,0.2788,-0.8722,-0.4020,0.9980,153,63.278290,1.9830,1.3749
BiancaGolden_CircleTurns,-1.1980,137.6121,197.0152,-5.0929,-30.3377,-82.4951,0.2774,-0.8723,-0.4026,0.9980,154,63.292622,1.9880,1.3761
BiancaGolden_CircleTurns,-0.7402,137.7268,197.0454,-5.0634,-30.3774,-82.5892,0.2725,-0.8705,-0.4098,0.9980,154,63.306293,1.9926,1.3773
BiancaGolden_CircleTurns,-0.3131,137.8556,197.0995,-5.0904,-30.4537,-82.6100,0.2728,-0.8702,-0.4102,0.9980,154,63.319683,1.9969,1.3786
BiancaGolden_CircleTurns,0.0722,137.9745,197.1414,-5.1661,-30.4820,-82.5730,0.2707,-0.8678,-0.4167,0.9980,155,63.333851,2.0007,1.3797
BiancaGolden_CircleTurns,0.4281,138.0733,197.2343,-5.2022,-30.5214,-82.4636,0.2738,-0.8650,-0.4205,0.9980,155,63.347599,2.0043,1.3807
BiancaGolden_CircleTurns,0.7507,138.1762,197.3514,-5.2097,-30.5738,-82.2410,0.2777,-0.8632,-0.4216,0.9980,156,63.361950,2.0075,1.3818
BiancaGolden_CircleTurns,1.0573,138.2685,197.4952,-5.2707,-30.6539,-81.9680,0.2833,-0.8616,-0.4212,0.9980,156,63.376255,2.0106,1.3827
BiancaGolden_CircleTurns,1.3129,138.3572,197.6526,-5.3673,-30.7374,-81.5778,0.2889,-0.8600,-0.4206,0.9980,156,63.390694,2.0131,1.3836
BiancaGolden_CircleTurns,1.5711,138.4500,197.8127,-5.4592,-30.7171,-81.1958,0.2913,-0.8599,-0.4192,0.9980,157,63.403454,2.0157,1.3845
BiancaGolden_CircleTurns,1.7987,138.5130,198.0063,-5.4616,-30.6186,-80.8535,0.2920,-0.8617,-0.4150,0.9980,157,63.417374,2.0180,1.3851
BiancaGolden_CircleTurns,1.9540,138.6227,198.1166,-5.3652,-30.2673,-80.2835,0.2461,-0.8764,-0.4140,0.9980,158,63.431953,2.0195,1.3862
BiancaGolden_CircleTurns,2.1262,138.7451,198.2132,-4.9904,-29.7989,-79.3632,0.1742,-0.9062,-0.3853,0.9980,158,63.445507,2.0213,1.3875
BiancaGolden_CircleTurns,2.3356,138.8384,198.3338,-5.1257,-29.3793,-78.4041,0.1411,-0.9174,-0.3721,0.9980,159,63.459568,2.0234,1.3884
BiancaGolden_CircleTurns,2.5496,138.9518,198.4855,-5.7134,-29.0453,-77.6739,0.1534,-0.9162,-0.3701,0.9980,159,63.474068,2.0255,1.3895
BiancaGolden_CircleTurns,2.6601,139.0383,198.4647,-6.9172,-28.7424,-76.7594,0.1428,-0.9179,-0.3701,0.9980,159,63.488762,2.0266,1.3904
BiancaGolden_CircleTurns,2.7515,139.1281,198.4552,-7.5889,-28.7071,-76.1341,0.1432,-0.9159,-0.3749,0.9980,160,63.502365,2.0275,1.3913
BiancaGolden_CircleTurns,2.7878,139.2289,198.4321,-8.2279,-28.7568,-75.5943,0.1345,-0.9156,-0.3790,0.9980,160,63.514984,2.0279,1.3923
BiancaGolden_CircleTurns,2.7726,139.3288,198.3757,-8.5135,-28.7261,-75.2939,0.1299,-0.9143,-0.3837,0.9980,161,63.529560,2.0277,1.3933
BiancaGolden_CircleTurns,2.7002,139.3259,198.3488,-8.6452,-28.7343,-74.8608,0.1122,-0.9142,-0.3894,0.9980,161,63.546799,2.0270,1.3933
BiancaGolden_CircleTurns,2.6307,139.3535,198.3151,-8.7515,-28.7403,-74.6018,0.1131,-0.9139,-0.3898,0.9980,161,63.557426,2.0263,1.3935
BiancaGolden_CircleTurns,2.5679,139.3882,198.2116,-9.0117,-28.7340,-74.5103,0.1131,-0.9128,-0.3925,0.9980,162,63.570732,2.0257,1.3939
BiancaGolden_CircleTurns,2.4285,139.3847,198.0779,-9.1392,-28.8731,-74.4328,0.1073,-0.9128,-0.3942,0.9980,162,63.583973,2.0243,1.3938
BiancaGolden_CircleTurns,2.2563,139.3753,197.9375,-9.0709,-28.9553,-74.3293,0.1033,-0.9093,-0.4031,0.9980,163,63.598930,2.0226,1.3938
BiancaGolden_CircleTurns,2.0900,139.3498,197.8131,-9.0309,-29.2580,-74.3471,0.0893,-0.9078,-0.4098,0.9980,163,63.612270,2.0209,1.3935
BiancaGolden_CircleTurns,1.8848,139.3893,197.6616,-9.1565,-29.5590,-74.2887,0.0867,-0.9037,-0.4192,0.9980,164,63.626682,2.0188,1.3939
BiancaGolden_CircleTurns,1.6706,139.3508,197.5961,-9.3819,-30.1277,-74.3584,0.0782,-0.9002,-0.4283,0.9980,164,63.640400,2.0167,1.3935
BiancaGolden_CircleTurns,1.3930,139.3420,197.5396,-9.5486,-30.7072,-74.4316,0.0748,-0.8961,-0.4375,0.9980,164,63.654510,2.0139,1.3934
BiancaGolden_CircleTurns,1.1752,139.2995,197.5439,-9.7196,-31.2712,-74.5560,0.0668,-0.8976,-0.4357,0.9980,165,63.668148,2.0118,1.3930
BiancaGolden_CircleTurns,0.9973,139.3003,197.4858,-9.9860,-31.5691,-74.7552,0.0589,-0.8993,-0.4334,0.9980,165,63.681763,2.0100,1.3930
BiancaGolden_CircleTurns,0.8509,139.3954,197.3246,-10.2266,-31.6177,-75.0465,0.0537,-0.9034,-0.4255,0.9980,166,63.696461,2.0085,1.3940
BiancaGolden_CircleTurns,0.7178,139.4751,197.1306,-10.3230,-31.4126,-75.3241,0.0485,-0.9084,-0.4153,0.9980,166,63.711056,2.0072,1.3948
BiancaGolden_CircleTurns,0.6677,139.5024,197.0604,-10.4106,-30.9024,-75.6891,0.0423,-0.9113,-0.4095,0.9980,167,63.725101,2.0067,1.3950
BiancaGolden_CircleTurns,0.6536,139.5162,197.0948,-10.6873,-30.4832,-76.0924,0.0520,-0.9177,-0.3938,0.9980,167,63.738434,2.0065,1.3952
BiancaGolden_CircleTurns,0.6595,139.5297,197.1446,-11.0072,-30.1590,-76.2251,0.0497,-0.9181,-0.3932,0.9980,167,63.752850,2.0066,1.3953
BiancaGolden_CircleTurns,0.6907,139.6129,197.1977,-11.2241,-30.0885,-76.3460,0.0560,-0.9162,-0.3967,0.9980,168,63.766605,2.0069,1.3961
BiancaGolden_CircleTurns,0.7438,139.7086,197.1643,-11.3281,-30.1358,-76.5111,0.0526,-0.9154,-0.3991,0.9980,168,63.779247,2.0074,1.3971
BiancaGolden_CircleTurns,0.8310,139.8425,197.1435,-11.5624,-30.2502,-76.6779,0.0513,-0.9143,-0.4018,0.9980,169,63.794357,2.0083,1.3984
BiancaGolden_CircleTurns,0.9538,139.9497,197.1307,-11.6926,-30.3119,-76.9655,0.0470,-0.9136,-0.4038,0.9980,169,63.808468,2.0095,1.3995
BiancaGolden_CircleTurns,1.0845,140.0265,197.1538,-11.6315,-30.2818,-77.2749,0.0408,-0.9152,-0.4009,0.9980,169,63.823044,2.0108,1.4003
BiancaGolden_CircleTurns,1.2789,140.1021,197.2185,-11.4179,-30.1310,-77.7072,0.0421,-0.9144,-0.4025,0.9980,170,63.836311,2.0128,1.4010
BiancaGolden_CircleTurns,1.4909,140.1577,197.3340,-11.3653,-30.0656,-78.0855,0.0361,-0.9152,-0.4014,0.9980,170,63.848961,2.0149,1.4016
BiancaGolden_CircleTurns,1.7292,140.2332,197.4465,-11.2788,-30.0051,-78.4753,0.0450,-0.9157,-0.3992,0.9980,171,63.863987,2.0173,1.4023
BiancaGolden_CircleTurns,1.9683,140.3206,197.5506,-10.9583,-30.0076,-78.8625,0.0400,-0.9162,-0.3986,0.9980,171,63.878342,2.0197,1.4032
BiancaGolden_CircleTurns,2.2183,140.4161,197.6585,-10.5932,-30.0166,-79.2210,0.0332,-0.9169,-0.3978,0.9980,172,63.891796,2.0222,1.4042
BiancaGolden_CircleTurns,2.5080,140.4823,197.7674,-10.1629,-30.0157,-79.7027,0.0280,-0.9174,-0.3969,0.9980,172,63.906002,2.0251,1.4048
BiancaGolden_CircleTurns,2.8375,140.5698,197.8816,-9.8601,-29.9636,-80.2576,0.0273,-0.9142,-0.4044,0.9980,172,63.920242,2.0284,1.4057
BiancaGolden_CircleTurns,3.1908,140.6468,197.9755,-9.5871,-29.8724,-80.8471,0.0214,-0.9157,-0.4013,0.9980,173,63.933464,2.0319,1.4065
BiancaGolden_CircleTurns,3.5624,140.7299,198.0552,-9.2529,-29.7312,-81.4225,0.0131,-0.9174,-0.3977,0.9980,173,63.946568,2.0356,1.4073
BiancaGolden_CircleTurns,3.9751,140.8038,198.1177,-8.9127,-29.5399,-81.9935,0.0139,-0.9196,-0.3926,0.9980,174,63.961834,2.0398,1.4080
BiancaGolden_CircleTurns,4.4234,140.8855,198.1628,-8.6176,-29.2995,-82.5442,0.0144,-0.9174,-0.3978,0.9980,174,63.976688,2.0442,1.4089
BiancaGolden_CircleTurns,4.8885,140.9505,198.2211,-8.3789,-29.0828,-82.9882,0.0132,-0.9163,-0.4002,0.9980,174,63.990002,2.0489,1.4095
BiancaGolden_CircleTurns,5.3890,141.0097,198.2778,-8.2358,-28.9031,-83.4212,0.0076,-0.9176,-0.3974,0.9980,175,64.003944,2.0539,1.4101
BiancaGolden_CircleTurns,5.9360,141.0800,198.2997,-8.2134,-28.7314,-83.7811,0.0153,-0.9159,-0.4012,0.9980,175,64.017021,2.0594,1.4108
BiancaGolden_CircleTurns,6.4985,141.1363,198.3068,-8.1211,-28.6358,-84.1384,0.0226,-0.9130,-0.4074,0.9980,176,64.032013,2.0650,1.4114
BiancaGolden_CircleTurns,7.1250,141.2164,198.2593,-8.0483,-28.4071,-84.3609,0.0199,-0.9124,-0.4087,0.9980,176,64.048599,2.0713,1.4122
BiancaGolden_CircleTurns,7.7701,141.2344,198.2623,-8.1745,-28.4866,-84.5195,0.0153,-0.9130,-0.4077,0.9980,177,64.060471,2.0777,1.4123
BiancaGolden_CircleTurns,8.4370,141.2899,198.2061,-8.3189,-28.4092,-84.7971,0.0224,-0.9102,-0.4135,0.9980,177,64.072090,2.0844,1.4129
BiancaGolden_CircleTurns,9.1013,141.3439,198.1524,-8.3796,-28.4467,-85.0936,0.0188,-0.9096,-0.4150,0.9980,177,64.086472,2.0910,1.4134
BiancaGolden_CircleTurns,9.7651,141.3872,198.0984,-8.4281,-28.5374,-85.3134,0.0236,-0.9031,-0.4288,0.9980,178,64.100090,2.0977,1.4139
BiancaGolden_CircleTurns,10.4526,141.4213,198.0448,-8.4449,-28.6433,-85.6054,0.0186,-0.9025,-0.4303,0.9980,178,64.113365,2.1045,1.4142
BiancaGolden_CircleTurns,11.1334,141.4421,197.9817,-8.5026,-28.7360,-85.9192,0.0137,-0.9011,-0.4334,0.9980,179,64.127716,2.1113,1.4144
BiancaGolden_CircleTurns,11.8117,141.4926,197.8846,-8.4438,-28.7653,-86.2526,0.0080,-0.9008,-0.4342,0.9980,179,64.142014,2.1181,1.4149
BiancaGolden_CircleTurns,12.5082,141.5453,197.7650,-8.4506,-28.8153,-86.6165,-0.0021,-0.8983,-0.4394,0.9980,179,64.156593,2.1251,1.4155
BiancaGolden_CircleTurns,13.1810,141.5971,197.6532,-8.4473,-28.8572,-86.9762,-0.0066,-0.8969,-0.4421,0.9980,180,64.170135,2.1318,1.4160
BiancaGolden_CircleTurns,13.8725,141.6363,197.5709,-8.4829,-28.9638,-87.3420,-0.0125,-0.8960,-0.4439,0.9980,180,64.182831,2.1387,1.4164
BiancaGolden_CircleTurns,14.5513,141.6901,197.4684,-8.5009,-29.0751,-87.7160,-0.0140,-0.8927,-0.4504,0.9980,181,64.197304,2.1455,1.4169
BiancaGolden_CircleTurns,15.2349,141.7604,197.3636,-8.5447,-29.2185,-88.0791,-0.0199,-0.8914,-0.4527,0.9980,181,64.211266,2.1523,1.4176
BiancaGolden_CircleTurns,15.9117,141.8622,197.2381,-8.5090,-29.3734,-88.4598,-0.0156,-0.8911,-0.4536,0.9980,182,64.226204,2.1591,1.4186
BiancaGolden_CircleTurns,16.5679,141.9655,197.1106,-8.4223,-29.4999,-88.7923,-0.0206,-0.8898,-0.4559,0.9980,182,64.239296,2.1657,1.4197
BiancaGolden_CircleTurns,17.2032,142.0556,197.0224,-8.2933,-29.6522,-89.1207,-0.0241,-0.8891,-0.4571,0.9980,182,64.252785,2.1720,1.4206
BiancaGolden_CircleTurns,17.8185,142.1371,196.9679,-8.2009,-29.8137,-89.3406,-0.0266,-0.8894,-0.4564,0.9980,183,64.267563,2.1782,1.4214
BiancaGolden_CircleTurns,18.4352,142.2057,196.9464,-8.2285,-29.9769,-89.5078,-0.0244,-0.8861,-0.4628,0.9980,183,64.280449,2.1844,1.4221
BiancaGolden_CircleTurns,19.0104,142.2683,196.9769,-8.3145,-30.2014,-89.5980,-0.0256,-0.8872,-0.4607,0.9980,184,64.295128,2.1901,1.4227
BiancaGolden_CircleTurns,19.5563,142.3455,197.0435,-8.4012,-30.4011,-89.6131,-0.0266,-0.8867,-0.4616,0.9980,184,64.309448,2.1956,1.4235
BiancaGolden_CircleTurns,20.0837,142.4572,197.1237,-8.4185,-30.5941,-89.5806,-0.0234,-0.8840,-0.4668,0.9980,184,64.322815,2.2008,1.4246
BiancaGolden_CircleTurns,20.5772,142.6292,197.2915,-8.3465,-30.9345,-89.3747,-0.0129,-0.8850,-0.4653,0.9980,185,64.336098,2.2058,1.4263
BiancaGolden_CircleTurns,21.0980,142.7892,197.4281,-8.5732,-31.1459,-88.9555,-0.0111,-0.8842,-0.4669,0.9980,185,64.349800,2.2110,1.4279
BiancaGolden_CircleTurns,21.7355,142.8720,197.6648,-9.3365,-31.2259,-88.7848,-0.0189,-0.8946,-0.4465,0.9980,186,64.364388,2.2174,1.4287
BiancaGolden_CircleTurns,22.3699,142.8224,197.8725,-10.1943,-30.7787,-88.9133,-0.0254,-0.8999,-0.4354,0.9980,186,64.378647,2.2237,1.4282
BiancaGolden_CircleTurns,22.9798,142.7826,198.0471,-10.7671,-30.0483,-89.2874,-0.0300,-0.9043,-0.4259,0.9980,187,64.392548,2.2298,1.4278
BiancaGolden_CircleTurns,23.4695,142.7132,198.2366,-10.5878,-29.4532,-89.5994,0.0048,-0.8995,-0.4368,0.9980,187,64.406097,2.2347,1.4271
BiancaGolden_CircleTurns,23.9278,142.7360,198.3980,-10.0333,-29.1440,-89.8140,0.0524,-0.9017,-0.4292,0.9980,187,64.420494,2.2393,1.4274
BiancaGolden_CircleTurns,24.3038,142.9024,198.3878,-9.1308,-29.1324,-89.8823,0.0755,-0.9035,-0.4219,0.9980,188,64.434509,2.2430,1.4290
BiancaGolden_CircleTurns,24.6042,143.0639,198.2111,-7.6311,-29.3537,-90.0327,0.1265,-0.9004,-0.4162,0.9980,188,64.447624,2.2460,1.4306
BiancaGolden_CircleTurns,24.8552,143.1799,198.0511,-6.1935,-29.3807,-90.0410,0.1295,-0.8999,-0.4165,0.9980,189,64.462265,2.2486,1.4318
BiancaGolden_CircleTurns,25.0494,143.2626,197.8911,-4.7486,-29.2175,-89.9759,0.1472,-0.7571,-0.6365,0.9980,189,64.475998,2.2505,1.4326
BiancaGolden_CircleTurns,25.2078,143.3262,197.7677,-3.3270,-29.0976,-89.8240,0.1767,-0.7525,-0.6345,0.9980,189,64.489830,2.2521,1.4333
BiancaGolden_CircleTurns,25.3379,143.3911,197.7071,-2.1603,-28.9343,-89.5081,0.2603,-0.8079,-0.5287,0.9980,190,64.503799,2.2534,1.4339
BiancaGolden_CircleTurns,25.4702,143.4994,197.6782,-1.1164,-28.7470,-88.9058,0.2754,-0.8303,-0.4845,0.9980,190,64.517014,2.2547,1.4350
BiancaGolden_CircleTurns,25.5786,143.6399,197.6481,-0.4042,-28.4912,-87.8611,0.2920,-0.8251,-0.4837,0.9980,191,64.531670,2.2558,1.4364
BiancaGolden_CircleTurns,25.5935,143.8104,197.6380,-0.2217,-28.3908,-86.7046,0.3096,-0.8352,-0.4545,0.9980,191,64.549789,2.2559,1.4381
BiancaGolden_CircleTurns,25.4737,144.0110,197.6685,-0.0434,-28.4777,-85.5603,0.3260,-0.8271,-0.4578,0.9980,192,64.561287,2.2547,1.4401
BiancaGolden_CircleTurns,25.2648,144.1810,197.6674,0.1653,-28.6428,-84.4216,0.3347,-0.8142,-0.4743,0.9980,192,64.573769,2.2526,1.4418
BiancaGolden_CircleTurns,24.9584,144.2280,197.7120,0.2780,-28.5165,-83.3171,0.3257,-0.8172,-0.4756,0.9980,192,64.588020,2.2496,1.4423
BiancaGolden_CircleTurns,24.5871,144.3225,197.7517,0.4076,-28.3920,-82.2470,0.3289,-0.8165,-0.4745,0.9980,193,64.601295,2.2459,1.4432
BiancaGolden_CircleTurns,24.1030,144.4570,197.6522,0.3500,-28.2500,-81.1433,0.3148,-0.8154,-0.4858,0.9980,193,64.613815,2.2410,1.4446
BiancaGolden_CircleTurns,23.6057,144.5743,197.6387,0.1507,-28.4583,-80.0656,0.3300,-0.8084,-0.4874,0.9980,194,64.629295,2.2361,1.4457
BiancaGolden_CircleTurns,23.0716,144.5389,197.7614,-0.4702,-28.6682,-78.9923,0.3290,-0.8062,-0.4917,0.9980,194,64.642647,2.2307,1.4454
BiancaGolden_CircleTurns,22.5899,144.5038,197.8666,-1.5322,-28.9142,-77.8661,0.3169,-0.8073,-0.4979,0.9980,194,64.656982,2.2259,1.4450
BiancaGolden_CircleTurns,22.1151,144.5687,197.8190,-2.9540,-29.1545,-76.7938,0.3250,-0.8020,-0.5012,0.9980,195,64.670555,2.2212,1.4457
BiancaGolden_CircleTurns,21.5965,144.7003,197.5890,-4.3442,-29.4560,-75.5381,0.3316,-0.7915,-0.5133,0.9980,195,64.683807,2.2160,1.4470
BiancaGolden_CircleTurns,21.1272,144.7557,197.4313,-5.4446,-29.6533,-74.2285,0.3511,-0.7868,-0.5077,0.9980,196,64.698715,2.2113,1.4476
BiancaGolden_CircleTurns,20.6868,144.6676,197.3624,-6.0405,-29.2486,-72.8746,0.3382,-0.7925,-0.5076,0.9980,196,64.712479,2.2069,1.4467
BiancaGolden_CircleTurns,20.3379,144.6202,197.2692,-6.8044,-28.7294,-71.7455,0.3549,-0.7909,-0.4985,0.9980,197,64.726791,2.2034,1.4462
BiancaGolden_CircleTurns,20.0178,144.5977,197.1615,-8.1034,-28.2257,-70.7097,0.3611,-0.7902,-0.4952,0.9980,197,64.740700,2.2002,1.4460
BiancaGolden_CircleTurns,19.6785,144.5740,197.0904,-9.4484,-27.9886,-69.8023,0.3740,-0.7853,-0.4935,0.9980,197,64.755165,2.1968,1.4457
BiancaGolden_CircleTurns,19.2983,144.5676,197.0112,-10.5773,-27.9473,-68.9309,0.3454,-0.7875,-0.5105,0.9980,198,64.768692,2.1930,1.4457
BiancaGolden_CircleTurns,18.9183,144.6474,196.8431,-11.4163,-28.2025,-68.4653,0.3400,-0.7832,-0.5206,0.9980,198,64.780800,2.1892,1.4465
BiancaGolden_CircleTurns,18.5153,144.6401,196.7638,-11.9247,-28.7607,-68.0154,0.3400,-0.7773,-0.5293,0.9980,199,64.796036,2.1852,1.4464
BiancaGolden_CircleTurns,18.1727,144.5779,196.7282,-11.9121,-29.3493,-67.8667,0.3223,-0.7765,-0.5414,0.9980,199,64.809593,2.1817,1.4458
BiancaGolden_CircleTurns,17.8556,144.5177,196.7334,-12.1216,-29.7283,-67.6976,0.3168,-0.7744,-0.5476,0.9980,199,64.824059,2.1786,1.4452
BiancaGolden_CircleTurns,17.6119,144.4495,196.7615,-12.4522,-30.1012,-67.6700,0.3159,-0.7729,-0.5504,0.9980,200,64.838409,2.1761,1.4445
BiancaGolden_CircleTurns,17.3693,144.4126,196.7485,-12.6202,-30.2878,-67.7017,0.2936,-0.7849,-0.5456,0.9980,200,64.851120,2.1737,1.4441
BiancaGolden_CircleTurns,17.1484,144.3950,196.7187,-12.4383,-30.3830,-67.9125,0.2801,-0.7888,-0.5470,0.9980,201,64.866730,2.1715,1.4440
BiancaGolden_CircleTurns,16.9259,144.3649,196.6962,-12.2497,-30.3996,-68.1258,0.2740,-0.7915,-0.5462,0.9980,201,64.880257,2.1693,1.4436
BiancaGolden_CircleTurns,16.7684,144.3578,196.6852,-12.0606,-30.3236,-68.6235,0.2669,-0.7942,-0.5460,0.9980,202,64.893410,2.1677,1.4436
BiancaGolden_CircleTurns,16.6504,144.3571,196.7048,-12.0631,-30.3062,-69.1466,0.2587,-0.8060,-0.5324,0.9980,202,64.907593,2.1665,1.4436
BiancaGolden_CircleTurns,16.5507,144.3909,196.7139,-12.0038,-30.2721,-69.7098,0.2528,-0.8078,-0.5325,0.9980,202,64.922264,2.1655,1.4439
BiancaGolden_CircleTurns,16.4587,144.4386,196.7359,-11.8338,-30.2868,-70.1136,0.2482,-0.8171,-0.5203,0.9980,203,64.934944,2.1646,1.4444
BiancaGolden_CircleTurns,16.4647,144.5341,196.7971,-11.5703,-30.2023,-70.6442,0.2409,-0.8195,-0.5200,0.9980,203,64.948540,2.1646,1.4453
BiancaGolden_CircleTurns,16.4997,144.6046,196.8815,-11.3974,-30.1847,-71.1609,0.2475,-0.8154,-0.5234,0.9980,204,64.963104,2.1650,1.4460
BiancaGolden_CircleTurns,16.5612,144.6749,196.9789,-11.2033,-30.1116,-71.7698,0.2379,-0.8193,-0.5217,0.9980,204,64.977074,2.1656,1.4467
BiancaGolden_CircleTurns,16.6306,144.7373,197.0563,-10.8700,-30.0087,-72.4570,0.2369,-0.8165,-0.5265,0.9980,204,64.991272,2.1663,1.4474
BiancaGolden_CircleTurns,16.7166,144.8017,197.1313,-10.5295,-29.9290,-73.1466,0.2311,-0.8189,-0.5254,0.9980,205,65.004929,2.1672,1.4480
BiancaGolden_CircleTurns,16.8626,144.8504,197.2110,-10.0918,-29.8188,-73.9043,0.2311,-0.8167,-0.5288,0.9980,205,65.017342,2.1686,1.4485
BiancaGolden_CircleTurns,16.9921,144.8887,197.2634,-9.6784,-29.6908,-74.5713,0.2293,-0.8172,-0.5288,0.9980,206,65.032425,2.1699,1.4489
BiancaGolden_CircleTurns,17.1591,144.9466,197.2849,-9.0951,-29.5934,-75.3291,0.2199,-0.8205,-0.5277,0.9980,206,65.049377,2.1716,1.4495
BiancaGolden_CircleTurns,17.3023,144.9844,197.2679,-8.5558,-29.5126,-75.9783,0.2115,-0.8219,-0.5290,0.9980,207,65.061783,2.1730,1.4498
BiancaGolden_CircleTurns,17.4673,145.0309,197.2445,-7.9372,-29.5290,-76.6116,0.2073,-0.8221,-0.5302,0.9980,207,65.075310,2.1747,1.4503
BiancaGolden_CircleTurns,17.6395,145.0617,197.2014,-7.3778,-29.6475,-77.2496,0.2113,-0.8191,-0.5332,0.9980,207,65.089020,2.1764,1.4506
BiancaGolden_CircleTurns,17.7740,145.0975,197.1740,-6.9209,-29.8531,-77.7826,0.2024,-0.8149,-0.5432,0.9980,208,65.101555,2.1777,1.4510
BiancaGolden_CircleTurns,17.9316,145.1486,197.1211,-6.4693,-30.1509,-78.3432,0.1711,-0.8021,-0.5721,0.9980,208,65.114517,2.1793,1.4515
BiancaGolden_CircleTurns,18.0938,145.1906,197.0882,-6.0702,-30.5381,-78.8712,0.1637,-0.7993,-0.5783,0.9980,209,65.130165,2.1809,1.4519
BiancaGolden_CircleTurns,18.2755,145.2513,197.0214,-5.6768,-30.9610,-79.3080,0.1103,-0.7954,-0.5959,0.9980,209,65.144012,2.1828,1.4525
BiancaGolden_CircleTurns,18.4504,145.3153,196.9581,-5.1768,-31.3395,-79.7478,0.0747,-0.7869,-0.6125,0.9980,210,65.158470,2.1845,1.4532
BiancaGolden_CircleTurns,18.6082,145.3657,196.9404,-4.6181,-31.6786,-80.2417,0.0631,-0.7785,-0.6244,0.9980,210,65.171829,2.1861,1.4537
BiancaGolden_CircleTurns,18.7573,145.3883,196.9407,-4.1112,-31.8689,-80.7961,0.0563,-0.7774,-0.6265,0.9980,210,65.185425,2.1876,1.4539
BiancaGolden_CircleTurns,18.8923,145.4370,196.9378,-3.7005,-32.0480,-81.2157,0.0553,-0.7762,-0.6281,0.9980,211,65.199463,2.1889,1.4544
BiancaGolden_CircleTurns,19.0169,145.4943,196.9412,-3.2758,-32.3098,-81.5652,0.0504,-0.7740,-0.6312,0.9980,211,65.213333,2.1902,1.4549
BiancaGolden_CircleTurns,19.0984,145.5571,196.8957,-2.7293,-32.5720,-81.7863,0.0458,-0.7713,-0.6349,0.9980,212,65.228294,2.1910,1.4556
BiancaGolden_CircleTurns,19.1727,145.6166,196.8667,-2.1456,-32.8824,-82.0082,0.0631,-0.7718,-0.6328,0.9980,212,65.241142,2.1917,1.4562
BiancaGolden_CircleTurns,19.2298,145.6824,196.7899,-1.6161,-33.2260,-82.2519,0.0635,-0.7673,-0.6381,0.9980,212,65.256287,2.1923,1.4568
BiancaGolden_CircleTurns,19.2931,145.7601,196.7357,-1.3712,-33.6528,-82.4982,0.0616,-0.7645,-0.6417,0.9980,213,65.270332,2.1929,1.4576
BiancaGolden_CircleTurns,19.2962,145.8187,196.6754,-1.1545,-34.0960,-82.6251,0.0734,-0.7641,-0.6409,0.9980,213,65.282532,2.1930,1.4582
BiancaGolden_CircleTurns,19.3165,145.8809,196.6331,-0.9287,-34.3925,-82.7791,0.0718,-0.7635,-0.6418,0.9980,214,65.297310,2.1932,1.4588
BiancaGolden_CircleTurns,19.3447,145.8925,196.6500,-0.8140,-34.4580,-82.8839,0.0750,-0.7698,-0.6338,0.9980,214,65.311546,2.1934,1.4589
BiancaGolden_CircleTurns,19.3835,145.9013,196.6838,-0.8397,-34.2155,-82.8738,0.0766,-0.7731,-0.6296,0.9980,215,65.326485,2.1938,1.4590
BiancaGolden_CircleTurns,19.4167,145.8808,196.7380,-0.9080,-34.0010,-82.8398,0.0782,-0.7853,-0.6142,0.9980,215,65.338997,2.1942,1.4588
BiancaGolden_CircleTurns,19.4270,145.8913,196.7208,-1.0707,-33.6356,-82.7448,0.0800,-0.7865,-0.6124,0.9980,215,65.353371,2.1943,1.4589
BiancaGolden_CircleTurns,19.4314,145.9467,196.6762,-1.1955,-33.5060,-82.6427,0.0891,-0.7840,-0.6143,0.9980,216,65.367561,2.1943,1.4595
BiancaGolden_CircleTurns,19.3961,146.0079,196.6063,-1.3258,-33.6066,-82.3819,0.0920,-0.7819,-0.6166,0.9980,216,65.380402,2.1940,1.4601
BiancaGolden_CircleTurns,19.3868,146.0798,196.5286,-1.3347,-33.7779,-82.1519,0.1011,-0.7748,-0.6241,0.9980,217,65.395187,2.1939,1.4608
BiancaGolden_CircleTurns,19.3925,146.1564,196.4551,-1.6608,-34.2408,-81.8712,0.1100,-0.7678,-0.6312,0.9980,217,65.409027,2.1939,1.4616
BiancaGolden_CircleTurns,19.3666,146.2074,196.4074,-1.9112,-34.7396,-81.5726,0.1143,-0.7624,-0.6369,0.9980,217,65.423241,2.1937,1.4621
BiancaGolden_CircleTurns,19.3184,146.2247,196.3526,-1.9814,-35.1612,-81.2116,0.1136,-0.7605,-0.6393,0.9980,218,65.437515,2.1932,1.4622
BiancaGolden_CircleTurns,19.2589,146.2232,196.3049,-1.9860,-35.4944,-80.8474,0.1146,-0.7588,-0.6412,0.9980,218,65.450546,2.1926,1.4622
BiancaGolden_CircleTurns,19.2124,146.2178,196.2536,-1.8391,-35.7945,-80.4880,0.1175,-0.7551,-0.6450,0.9980,219,65.464905,2.1921,1.4622
BiancaGolden_CircleTurns,19.1993,146.2363,196.1754,-1.8098,-36.0817,-80.2267,0.1160,-0.7501,-0.6510,0.9980,219,65.478821,2.1920,1.4624
BiancaGolden_CircleTurns,19.1817,146.2502,196.1327,-1.8035,-36.5134,-79.9054,0.1094,-0.7500,-0.6523,0.9980,220,65.493660,2.1918,1.4625
BiancaGolden_CircleTurns,19.1501,146.2594,196.0606,-1.6728,-36.7877,-79.5462,0.1135,-0.7458,-0.6564,0.9980,220,65.506958,2.1915,1.4626
BiancaGolden_CircleTurns,19.1271,146.2880,196.0008,-1.4635,-37.1031,-79.1622,0.1180,-0.7462,-0.6552,0.9980,220,65.520889,2.1913,1.4629
BiancaGolden_CircleTurns,19.1188,146.3169,195.9376,-1.1907,-37.2865,-78.8033,0.1218,-0.7462,-0.6544,0.9980,221,65.538231,2.1912,1.4632
BiancaGolden_CircleTurns,19.0877,146.3323,195.8772,-0.9501,-37.4107,-78.3239,0.1267,-0.7438,-0.6563,0.9980,221,65.548805,2.1909,1.4633
BiancaGolden_CircleTurns,19.0996,146.3361,195.8526,-0.6467,-37.5594,-77.8974,0.1368,-0.7563,-0.6397,0.9980,222,65.562553,2.1910,1.4634
BiancaGolden_CircleTurns,19.0815,146.3245,195.8069,-0.3305,-37.6036,-77.3243,0.1571,-0.7531,-0.6389,0.9980,222,65.576324,2.1908,1.4632
BiancaGolden_CircleTurns,19.0501,146.3085,195.7860,0.1220,-37.6745,-76.6101,0.2310,-0.7405,-0.6311,0.9980,222,65.590668,2.1905,1.4631
BiancaGolden_CircleTurns,19.0182,146.2672,195.7818,0.7045,-37.6826,-75.8112,0.3201,-0.7101,-0.6271,0.9980,223,65.604660,2.1902,1.4627
BiancaGolden_CircleTurns,19.0006,146.2189,195.7555,0.9400,-37.5935,-74.6277,0.3069,-0.6229,-0.7196,0.9980,223,65.617767,2.1900,1.4622
BiancaGolden_CircleTurns,19.0457,146.1681,195.7088,1.2300,-37.5482,-73.6288,0.3177,-0.6135,-0.7229,0.9980,224,65.631836,2.1905,1.4617
BiancaGolden_CircleTurns,19.0353,146.1488,195.7467,1.5202,-37.7897,-72.4676,0.3016,-0.5561,-0.7745,0.9980,224,65.645721,2.1904,1.4615
BiancaGolden_CircleTurns,19.0384,146.2601,195.5866,1.4165,-37.5022,-71.5063,0.3032,-0.5528,-0.7762,0.9980,225,65.660477,2.1904,1.4626
BiancaGolden_CircleTurns,19.0373,146.3417,195.5419,1.1438,-37.6271,-70.1993,0.2928,-0.6179,-0.7297,0.9980,225,65.674362,2.1904,1.4634
BiancaGolden_CircleTurns,19.0285,146.3693,195.5478,1.3081,-37.7052,-68.9528,0.3067,-0.6188,-0.7232,0.9980,225,65.688545,2.1903,1.4637
BiancaGolden_CircleTurns,19.1402,146.4847,195.5954,1.0095,-37.6778,-67.9855,0.3746,-0.5840,-0.7201,0.9980,226,65.701401,2.1914,1.4648
BiancaGolden_CircleTurns,19.1497,146.5372,195.5640,0.6995,-37.6787,-66.8951,0.3904,-0.5752,-0.7189,0.9980,226,65.714355,2.1915,1.4654
BiancaGolden_CircleTurns,19.1506,146.6295,195.6573,0.0814,-37.5237,-65.5605,0.4447,-0.5262,-0.7248,0.9980,227,65.729691,2.1915,1.4663
BiancaGolden_CircleTurns,19.1922,146.6158,195.6386,0.0749,-37.3266,-64.4906,0.5115,-0.4187,-0.7504,0.9980,227,65.743378,2.1919,1.4662
BiancaGolden_CircleTurns,19.1472,146.6612,195.7289,-0.0263,-36.9722,-63.3536,0.5001,-0.3730,-0.7815,0.9980,227,65.757912,2.1915,1.4666
BiancaGolden_CircleTurns,19.1360,146.7451,195.7981,-0.0621,-36.5835,-62.5118,0.5069,-0.3153,-0.8023,0.9980,228,65.771431,2.1914,1.4675
BiancaGolden_CircleTurns,19.1191,146.7693,195.8195,-0.0658,-35.8977,-61.4238,0.4250,-0.2958,-0.8555,0.9980,228,65.785034,2.1912,1.4677
BiancaGolden_CircleTurns,19.1568,146.7710,195.9567,-0.1712,-35.4314,-60.5234,0.4355,-0.2941,-0.8508,0.9980,229,65.799866,2.1916,1.4677
BiancaGolden_CircleTurns,19.1132,146.8745,196.0618,-0.4101,-34.9518,-59.5296,0.4620,-0.2761,-0.8428,0.9980,229,65.813919,2.1911,1.4687
BiancaGolden_CircleTurns,19.1017,147.0097,196.1104,-0.7744,-34.5492,-59.0144,0.4325,-0.3177,-0.8438,0.9980,230,65.827682,2.1910,1.4701
BiancaGolden_CircleTurns,19.0302,147.0477,196.2187,-0.7502,-34.2320,-58.2381,0.4425,-0.3232,-0.8365,0.9980,230,65.841469,2.1903,1.4705
BiancaGolden_CircleTurns,19.0108,147.1118,196.3179,-0.7322,-33.7641,-57.5044,0.4589,-0.3392,-0.8212,0.9980,230,65.855415,2.1901,1.4711
BiancaGolden_CircleTurns,19.0232,147.2451,196.4044,-1.0125,-33.4571,-56.8529,0.4582,-0.3592,-0.8130,0.9980,231,65.868965,2.1902,1.4725
BiancaGolden_CircleTurns,18.9628,147.3364,196.4922,-1.3253,-33.1262,-56.2534,0.4667,-0.3594,-0.8081,0.9980,231,65.882301,2.1896,1.4734
BiancaGolden_CircleTurns,18.9138,147.4488,196.5239,-1.7514,-32.7368,-55.8259,0.4446,-0.4022,-0.8003,0.9980,232,65.896820,2.1891,1.4745
BiancaGolden_CircleTurns,18.8376,147.5747,196.5907,-2.1660,-32.5385,-55.3058,0.4502,-0.3978,-0.7994,0.9980,232,65.910240,2.1884,1.4757
BiancaGolden_CircleTurns,18.7382,147.6173,196.6873,-2.1799,-32.4548,-54.6191,0.4657,-0.3793,-0.7996,0.9980,232,65.924660,2.1874,1.4762
BiancaGolden_CircleTurns,18.7260,147.6785,196.7707,-2.1417,-32.2104,-54.0180,0.4774,-0.3554,-0.8036,0.9980,233,65.939011,2.1873,1.4768
BiancaGolden_CircleTurns,18.7422,147.7780,196.8633,-2.3947,-31.9504,-53.6537,0.4782,-0.2597,-0.8390,0.9980,233,65.953125,2.1874,1.4778
BiancaGolden_CircleTurns,18.6823,147.8943,197.0041,-3.0814,-31.3529,-52.7158,0.4867,-0.2575,-0.8347,0.9980,234,65.968857,2.1868,1.4789
BiancaGolden_CircleTurns,18.6625,147.9543,197.0664,-3.6018,-31.0680,-52.2665,0.4855,-0.2356,-0.8419,0.9980,234,65.982536,2.1866,1.4795
BiancaGolden_CircleTurns,18.6034,148.0056,197.1078,-4.0476,-30.8967,-51.6683,0.5011,-0.2189,-0.8373,0.9980,235,65.996872,2.1860,1.4801
BiancaGolden_CircleTurns,18.6190,148.0374,197.1449,-4.3737,-30.7719,-50.9769,0.5307,-0.1875,-0.8266,0.9980,235,66.009407,2.1862,1.4804
BiancaGolden_CircleTurns,18.6707,147.9690,197.1951,-4.3727,-30.9304,-50.8486,0.5515,-0.1644,-0.8178,0.9980,235,66.023605,2.1867,1.4797
BiancaGolden_CircleTurns,18.7144,147.9802,197.2861,-4.6114,-30.7006,-50.3825,0.5754,-0.1267,-0.8080,0.9980,236,66.039726,2.1871,1.4798
BiancaGolden_CircleTurns,18.7530,147.9517,197.3527,-5.1197,-30.3356,-49.9538,0.5828,-0.1268,-0.8027,0.9980,236,66.049034,2.1875,1.4795
BiancaGolden_CircleTurns,18.7957,147.9539,197.3929,-5.5536,-29.9757,-49.6970,0.5842,-0.1115,-0.8039,0.9980,237,66.064079,2.1880,1.4795
BiancaGolden_CircleTurns,18.8276,147.9550,197.3947,-5.9735,-29.6773,-49.4316,0.5898,-0.1070,-0.8004,0.9980,237,66.078072,2.1883,1.4795
BiancaGolden_CircleTurns,18.8481,147.9787,197.3787,-6.3734,-29.6972,-49.3691,0.5987,-0.0977,-0.7950,0.9980,237,66.090950,2.1885,1.4798
BiancaGolden_CircleTurns,18.8520,147.9565,197.3795,-6.6077,-29.6702,-49.1630,0.5760,-0.0623,-0.8150,0.9980,238,66.103813,2.1885,1.4796
BiancaGolden_CircleTurns,18.8779,147.8515,197.4214,-6.2650,-29.6539,-49.0712,0.5749,-0.0671,-0.8154,0.9980,238,66.116493,2.1888,1.4785
BiancaGolden_CircleTurns,18.9452,147.7424,197.5137,-5.9011,-29.4166,-49.1771,0.5846,-0.1031,-0.8047,0.9980,239,66.131332,2.1895,1.4774
BiancaGolden_CircleTurns,19.0507,147.6681,197.5735,-5.9650,-28.9753,-49.4599,0.5913,-0.1105,-0.7988,0.9980,239,66.144905,2.1905,1.4767
BiancaGolden_CircleTurns,19.1439,147.6062,197.6332,-6.2883,-28.4747,-49.7481,0.5711,-0.1845,-0.7999,0.9980,240,66.160507,2.1914,1.4761
BiancaGolden_CircleTurns,19.2036,147.4918,197.7513,-6.4341,-27.9591,-50.0792,0.5125,-0.2736,-0.8139,0.9980,240,66.172630,2.1920,1.4749
BiancaGolden_CircleTurns,19.2646,147.3484,197.8251,-6.6301,-27.2552,-50.4671,0.4845,-0.3225,-0.8131,0.9980,240,66.187721,2.1926,1.4735
BiancaGolden_CircleTurns,19.3758,147.2205,197.9656,-7.0160,-26.4292,-51.0247,0.4807,-0.3721,-0.7940,0.9980,241,66.200600,2.1938,1.4722
BiancaGolden_CircleTurns,19.5203,147.0668,198.1066,-7.4014,-25.5190,-51.4746,0.4881,-0.3813,-0.7851,0.9980,241,66.214867,2.1952,1.4707
BiancaGolden_CircleTurns,19.6363,146.9284,198.2583,-7.8248,-24.7536,-51.7997,0.4930,-0.3922,-0.7766,0.9980,242,66.229263,2.1964,1.4693
BiancaGolden_CircleTurns,19.7770,146.7923,198.3886,-8.1478,-24.0332,-52.2641,0.4927,-0.3982,-0.7737,0.9980,242,66.242928,2.1978,1.4679
BiancaGolden_CircleTurns,19.9005,146.5845,198.4936,-8.2754,-23.2526,-52.6294,0.4957,-0.4084,-0.7665,0.9980,242,66.257065,2.1990,1.4658
BiancaGolden_CircleTurns,20.0631,146.4144,198.5860,-8.5374,-22.5800,-53.2044,0.4981,-0.4192,-0.7591,0.9980,243,66.271339,2.2006,1.4641
BiancaGolden_CircleTurns,20.1837,146.1884,198.6672,-8.7422,-22.0103,-53.7481,0.4929,-0.4323,-0.7551,0.9980,243,66.283844,2.2018,1.4619
BiancaGolden_CircleTurns,20.2991,145.9396,198.7468,-8.5673,-21.4642,-54.2774,0.4887,-0.4432,-0.7515,0.9980,244,66.299721,2.2030,1.4594
BiancaGolden_CircleTurns,20.4183,145.6990,198.8262,-8.2229,-21.0644,-54.8925,0.4530,-0.4624,-0.7622,0.9980,244,66.312462,2.2042,1.4570
BiancaGolden_CircleTurns,20.5489,145.4263,198.9167,-8.1512,-20.5963,-55.4976,0.4446,-0.4731,-0.7606,0.9980,245,66.326591,2.2055,1.4543
BiancaGolden_CircleTurns,20.7532,145.1422,199.0480,-8.1779,-19.9552,-56.2880,0.4452,-0.4882,-0.7506,0.9980,245,66.341454,2.2075,1.4514
BiancaGolden_CircleTurns,20.9242,144.8656,199.1827,-8.2540,-19.0810,-57.0380,0.4624,-0.4980,-0.7336,0.9980,245,66.355469,2.2092,1.4487
BiancaGolden_CircleTurns,21.0860,144.5617,199.3485,-8.4631,-18.1657,-57.7430,0.4676,-0.5086,-0.7230,0.9980,246,66.368355,2.2109,1.4456
BiancaGolden_CircleTurns,21.2270,144.3046,199.5171,-8.8360,-17.4086,-58.5551,0.4676,-0.5204,-0.7145,0.9980,246,66.380814,2.2123,1.4430
BiancaGolden_CircleTurns,21.2877,144.0292,199.6767,-9.0515,-16.7364,-59.2206,0.4836,-0.5101,-0.7113,0.9980,247,66.395950,2.2129,1.4403
BiancaGolden_CircleTurns,21.4172,143.7914,199.7948,-9.2392,-16.1064,-60.0098,0.4783,-0.5059,-0.7179,0.9980,247,66.409714,2.2142,1.4379
BiancaGolden_CircleTurns,21.5695,143.5755,199.9048,-9.4056,-15.5170,-60.6678,0.4759,-0.4900,-0.7304,0.9980,248,66.424934,2.2157,1.4358
BiancaGolden_CircleTurns,21.7385,143.3823,200.0272,-9.7377,-15.0917,-61.2910,0.4759,-0.4958,-0.7264,0.9980,248,66.437248,2.2174,1.4338
BiancaGolden_CircleTurns,21.8530,143.1884,200.1274,-10.0994,-14.7477,-61.8521,0.4753,-0.4987,-0.7248,0.9980,248,66.452805,2.2185,1.4319
BiancaGolden_CircleTurns,21.9408,142.9947,200.1895,-10.2764,-14.4455,-62.3564,0.4632,-0.4946,-0.7355,0.9980,249,66.464729,2.2194,1.4299
BiancaGolden_CircleTurns,22.0504,142.7956,200.2744,-10.2995,-14.1507,-62.8572,0.4634,-0.4997,-0.7318,0.9980,249,66.478004,2.2205,1.4280
BiancaGolden_CircleTurns,22.1934,142.5865,200.3609,-10.4948,-13.8829,-63.2056,0.4726,-0.4987,-0.7266,0.9980,250,66.493431,2.2219,1.4259
BiancaGolden_CircleTurns,22.3306,142.3890,200.4420,-10.7111,-13.6556,-63.5305,0.4819,-0.4967,-0.7219,0.9980,250,66.507034,2.2233,1.4239
BiancaGolden_CircleTurns,22.4386,142.1791,200.4876,-10.8172,-13.5355,-63.8596,0.4861,-0.4831,-0.7283,0.9980,250,66.521065,2.2244,1.4218
BiancaGolden_CircleTurns,22.5379,142.0065,200.4914,-10.9482,-13.5126,-64.2306,0.4864,-0.4818,-0.7289,0.9980,251,66.537903,2.2254,1.4201
BiancaGolden_CircleTurns,22.6422,141.8380,200.4609,-11.0346,-13.6445,-64.5644,0.4828,-0.4832,-0.7304,0.9980,251,66.549149,2.2264,1.4184
BiancaGolden_CircleTurns,22.7762,141.6460,200.4171,-11.0093,-13.8191,-64.8869,0.4844,-0.4810,-0.7307,0.9980,252,66.563652,2.2278,1.4165
BiancaGolden_CircleTurns,22.9023,141.4470,200.3815,-11.0334,-14.0004,-65.1920,0.4823,-0.4893,-0.7266,0.9980,252,66.576302,2.2290,1.4145
BiancaGolden_CircleTurns,23.0578,141.2257,200.3325,-11.0317,-14.2132,-65.5527,0.4751,-0.4818,-0.7363,0.9980,252,66.591202,2.2306,1.4123
BiancaGolden_CircleTurns,23.1991,141.0065,200.2741,-10.9840,-14.4074,-65.9340,0.4815,-0.4730,-0.7379,0.9980,253,66.603966,2.2320,1.4101
BiancaGolden_CircleTurns,23.3331,140.7735,200.1823,-10.9766,-14.7976,-66.3532,0.4751,-0.4717,-0.7428,0.9980,253,66.617317,2.2333,1.4077
BiancaGolden_CircleTurns,23.5059,140.5234,200.0569,-10.8758,-15.1237,-66.7969,0.4684,-0.4708,-0.7476,0.9980,254,66.632195,2.2351,1.4052
BiancaGolden_CircleTurns,23.7096,140.2637,199.9210,-10.6900,-15.4968,-67.1719,0.4531,-0.4702,-0.7574,0.9980,254,66.645554,2.2371,1.4026
BiancaGolden_CircleTurns,23.9524,139.9873,199.7755,-10.5812,-15.8613,-67.5673,0.4469,-0.4678,-0.7626,0.9980,255,66.659950,2.2395,1.3999
BiancaGolden_CircleTurns,24.2185,139.7045,199.5799,-10.4531,-16.2803,-67.9189,0.4578,-0.4554,-0.7635,0.9980,255,66.673538,2.2422,1.3970
BiancaGolden_CircleTurns,24.4700,139.3372,199.4234,-10.2069,-16.8647,-68.2610,0.4501,-0.4559,-0.7678,0.9980,255,66.687904,2.2447,1.3934
BiancaGolden_CircleTurns,24.7724,138.9841,199.1880,-9.9158,-17.4845,-68.6819,0.4301,-0.4423,-0.7870,0.9980,256,66.702080,2.2477,1.3898
BiancaGolden_CircleTurns,25.0690,138.6256,198.8847,-9.6882,-18.1106,-69.0606,0.4203,-0.4366,-0.7954,0.9980,256,66.714485,2.2507,1.3863
BiancaGolden_CircleTurns,25.3747,138.2295,198.6001,-9.2526,-18.8280,-69.3944,0.4103,-0.4249,-0.8069,0.9980,257,66.730583,2.2537,1.3823
BiancaGolden_CircleTurns,25.7084,137.8147,198.3050,-8.8572,-19.5343,-69.5555,0.3980,-0.4174,-0.8169,0.9980,257,66.744301,2.2571,1.3781
BiancaGolden_CircleTurns,25.9902,137.4289,197.9683,-8.5670,-20.2612,-69.5957,0.3870,-0.3958,-0.8328,0.9980,257,66.757828,2.2599,1.3743
BiancaGolden_CircleTurns,26.2541,137.1204,197.6465,-8.4495,-21.4425,-69.7311,0.3750,-0.3774,-0.8468,0.9980,258,66.771210,2.2625,1.3712
BiancaGolden_CircleTurns,26.5063,136.7894,197.2893,-8.1234,-22.9242,-69.9196,0.3751,-0.3483,-0.8591,0.9980,258,66.784485,2.2651,1.3679
BiancaGolden_CircleTurns,26.7853,136.4229,196.9316,-7.7711,-24.2890,-70.1702,0.3626,-0.3310,-0.8712,0.9980,259,66.800774,2.2679,1.3642
BiancaGolden_CircleTurns,27.1132,136.0624,196.5764,-7.3837,-25.6723,-70.4128,0.3502,-0.3070,-0.8849,0.9980,259,66.813370,2.2711,1.3606
BiancaGolden_CircleTurns,27.4261,135.7331,196.2306,-7.1848,-27.0270,-70.7535,0.3399,-0.2962,-0.8926,0.9980,260,66.827637,2.2743,1.3573
BiancaGolden_CircleTurns,27.6582,135.3932,195.8624,-6.9564,-28.4352,-71.1817,0.3266,-0.3009,-0.8960,0.9980,260,66.841217,2.2766,1.3539
BiancaGolden_CircleTurns,27.8617,135.0205,195.4908,-6.4611,-29.8344,-71.8575,0.3236,-0.2971,-0.8983,0.9980,260,66.855751,2.2786,1.3502
BiancaGolden_CircleTurns,28.0835,134.6640,195.1190,-5.7634,-31.0779,-72.6156,0.3134,-0.2863,-0.9054,0.9980,261,66.869621,2.2808,1.3466
BiancaGolden_CircleTurns,28.3316,134.2939,194.7713,-5.3881,-32.2274,-73.2802,0.3050,-0.2799,-0.9103,0.9980,261,66.882988,2.2833,1.3429
BiancaGolden_CircleTurns,28.5723,133.9285,194.4703,-5.1607,-32.8856,-73.9260,0.3033,-0.2849,-0.9093,0.9980,262,66.897629,2.2857,1.3393
BiancaGolden_CircleTurns,28.7808,133.5761,194.2611,-5.0231,-33.2480,-74.4547,0.3160,-0.2812,-0.9061,0.9980,262,66.911430,2.2878,1.3358
BiancaGolden_CircleTurns,28.9984,133.2534,194.0873,-4.9921,-33.3585,-74.9177,0.3235,-0.3116,-0.8935,0.9980,263,66.926277,2.2900,1.3325
BiancaGolden_CircleTurns,29.2455,132.9749,193.9009,-5.0305,-33.4370,-75.2829,0.3270,-0.3234,-0.8879,0.9980,263,66.939522,2.2925,1.3297
BiancaGolden_CircleTurns,29.4826,132.7315,193.7077,-4.8655,-33.5208,-75.5296,0.3421,-0.3249,-0.8817,0.9980,263,66.953926,2.2948,1.3273
BiancaGolden_CircleTurns,29.7023,132.5254,193.5512,-4.9755,-33.5524,-75.4973,0.3444,-0.3252,-0.8807,0.9980,264,66.967148,2.2970,1.3253
BiancaGolden_CircleTurns,29.9265,132.3370,193.4365,-5.1951,-33.5232,-75.4770,0.3570,-0.3495,-0.8663,0.9980,264,66.979881,2.2993,1.3234
BiancaGolden_CircleTurns,30.1246,132.1436,193.3474,-5.3439,-33.3388,-75.4215,0.3716,-0.3509,-0.8596,0.9980,265,66.994896,2.3012,1.3214
BiancaGolden_CircleTurns,30.3366,131.9841,193.2816,-5.5837,-32.9753,-75.3007,0.3785,-0.3505,-0.8566,0.9980,265,67.008415,2.3034,1.3198
BiancaGolden_CircleTurns,30.5257,131.8150,193.2248,-5.6895,-32.4531,-75.1807,0.3868,-0.3503,-0.8530,0.9980,265,67.023926,2.3053,1.3181
BiancaGolden_CircleTurns,30.7240,131.6265,193.1853,-5.7651,-31.8760,-75.0507,0.3911,-0.3639,-0.8454,0.9980,266,67.040253,2.3072,1.3163
BiancaGolden_CircleTurns,30.9539,131.4571,193.1753,-5.8542,-31.2064,-75.0310,0.3951,-0.3719,-0.8400,0.9980,266,67.049698,2.3095,1.3146
BiancaGolden_CircleTurns,31.1484,131.3281,193.1559,-6.0490,-30.6369,-75.0107,0.3968,-0.3718,-0.8392,0.9980,267,67.063698,2.3115,1.3133
BiancaGolden_CircleTurns,31.3279,131.2387,193.1279,-6.2030,-30.1380,-74.9578,0.3956,-0.3761,-0.8379,0.9980,267,67.077858,2.3133,1.3124
BiancaGolden_CircleTurns,31.5312,131.1584,193.0725,-6.3614,-29.7043,-74.9421,0.3915,-0.3661,-0.8442,0.9980,267,67.091583,2.3153,1.3116
BiancaGolden_CircleTurns,31.7044,131.0758,193.0078,-6.4728,-29.3130,-74.7789,0.3927,-0.3649,-0.8442,0.9980,268,67.105309,2.3170,1.3108
BiancaGolden_CircleTurns,31.9021,131.0067,192.9233,-6.5314,-29.0594,-74.7335,0.3883,-0.3689,-0.8445,0.9980,268,67.120277,2.3190,1.3101
BiancaGolden_CircleTurns,32.0608,130.9334,192.8528,-6.5446,-28.8640,-74.6110,0.3819,-0.3727,-0.8457,0.9980,269,67.135635,2.3206,1.3093
BiancaGolden_CircleTurns,32.2280,130.8679,192.8095,-6.5778,-28.7186,-74.5582,0.3842,-0.3739,-0.8441,0.9980,269,67.148369,2.3223,1.3087
BiancaGolden_CircleTurns,32.3943,130.8067,192.7557,-6.7189,-28.5967,-74.4901,0.3808,-0.3699,-0.8474,0.9980,270,67.161972,2.3239,1.3081
BiancaGolden_CircleTurns,32.5480,130.7411,192.6968,-6.8497,-28.4978,-74.4091,0.3791,-0.3599,-0.8525,0.9980,270,67.175842,2.3255,1.3074
BiancaGolden_CircleTurns,32.6749,130.6697,192.6205,-6.8983,-28.4864,-74.3768,0.3755,-0.3550,-0.8561,0.9980,270,67.189926,2.3267,1.3067
BiancaGolden_CircleTurns,32.7934,130.6168,192.5203,-6.8338,-28.5199,-74.3785,0.3703,-0.3610,-0.8559,0.9980,271,67.203690,2.3279,1.3062
BiancaGolden_CircleTurns,32.9026,130.5918,192.4122,-6.7455,-28.5704,-74.3700,0.3688,-0.3581,-0.8578,0.9980,271,67.216125,2.3290,1.3059
BiancaGolden_CircleTurns,32.9941,130.5604,192.3277,-6.6161,-28.7421,-74.2920,0.3611,-0.3400,-0.8683,0.9980,272,67.230949,2.3299,1.3056
BiancaGolden_CircleTurns,33.0989,130.5132,192.2559,-6.5024,-28.8861,-74.1964,0.3521,-0.3383,-0.8727,0.9980,272,67.245338,2.3310,1.3051
BiancaGolden_CircleTurns,33.2099,130.4803,192.1762,-6.4963,-29.0326,-74.1409,0.3612,-0.3344,-0.8704,0.9980,273,67.260185,2.3321,1.3048
BiancaGolden_CircleTurns,33.3242,130.4348,192.0996,-6.5998,-29.0941,-74.0583,0.3698,-0.3400,-0.8647,0.9980,273,67.272232,2.3332,1.3043
BiancaGolden_CircleTurns,33.4133,130.3745,192.0443,-6.7073,-29.1581,-73.9807,0.3717,-0.3389,-0.8643,0.9980,273,67.286736,2.3341,1.3037
BiancaGolden_CircleTurns,33.5194,130.3256,191.9717,-6.9047,-29.2132,-73.9402,0.3721,-0.3371,-0.8648,0.9980,274,67.299995,2.3352,1.3033
BiancaGolden_CircleTurns,33.5910,130.2670,191.9087,-6.9988,-29.3319,-73.9458,0.3593,-0.3345,-0.8712,0.9980,274,67.313248,2.3359,1.3027
BiancaGolden_CircleTurns,33.6540,130.2110,191.8136,-6.9808,-29.4081,-73.9693,0.3532,-0.3201,-0.8791,0.9980,275,67.328758,2.3365,1.3021
BiancaGolden_CircleTurns,33.7128,130.1470,191.7352,-6.9608,-29.4675,-73.9963,0.3553,-0.3197,-0.8784,0.9980,275,67.342628,2.3371,1.3015
BiancaGolden_CircleTurns,33.7626,130.0770,191.6712,-6.9410,-29.4691,-74.0632,0.3558,-0.3169,-0.8792,0.9980,275,67.355911,2.3376,1.3008
BiancaGolden_CircleTurns,33.8132,130.0021,191.6140,-6.9143,-29.4085,-74.1576,0.3530,-0.3089,-0.8832,0.9980,276,67.370628,2.3381,1.3000
BiancaGolden_CircleTurns,33.8497,129.9355,191.5535,-6.8613,-29.3545,-74.2922,0.3513,-0.3110,-0.8831,0.9980,276,67.382652,2.3385,1.2994
BiancaGolden_CircleTurns,33.8930,129.8592,191.4747,-6.7216,-29.2680,-74.4089,0.3447,-0.3146,-0.8844,0.9980,277,67.398796,2.3389,1.2986
BiancaGolden_CircleTurns,33.9205,129.7734,191.4083,-6.5887,-29.1862,-74.5593,0.3441,-0.3224,-0.8818,0.9980,277,67.411766,2.3392,1.2977
BiancaGolden_CircleTurns,33.9652,129.6905,191.3260,-6.5349,-29.1130,-74.7582,0.3376,-0.3252,-0.8833,0.9980,278,67.425972,2.3397,1.2969
BiancaGolden_CircleTurns,33.9922,129.6248,191.2354,-6.4395,-29.1100,-75.0037,0.3300,-0.3283,-0.8851,0.9980,278,67.438835,2.3399,1.2962
BiancaGolden_CircleTurns,34.0170,129.5730,191.1275,-6.2560,-29.1234,-75.1774,0.3269,-0.3279,-0.8863,0.9980,278,67.454155,2.3402,1.2957
BiancaGolden_CircleTurns,34.0580,129.5212,191.0439,-6.0965,-29.2421,-75.3798,0.3245,-0.3265,-0.8878,0.9980,279,67.466568,2.3406,1.2952
BiancaGolden_CircleTurns,34.0916,129.4738,190.9604,-5.9996,-29.3984,-75.5244,0.3491,-0.3262,-0.8785,0.9980,279,67.480820,2.3409,1.2947
BiancaGolden_CircleTurns,34.1313,129.4204,190.8868,-5.8880,-29.5420,-75.6128,0.3515,-0.3236,-0.8785,0.9980,280,67.495987,2.3413,1.2942
BiancaGolden_CircleTurns,34.1671,129.3844,190.8285,-5.8891,-29.7481,-75.6823,0.3529,-0.3183,-0.8799,0.9980,280,67.508667,2.3417,1.2938
BiancaGolden_CircleTurns,34.1892,129.3435,190.7722,-5.8528,-29.9416,-75.6576,0.3523,-0.3164,-0.8808,0.9980,280,67.522865,2.3419,1.2934
BiancaGolden_CircleTurns,34.2052,129.3163,190.7237,-5.8152,-30.1258,-75.6291,0.3465,-0.3218,-0.8811,0.9980,281,67.539825,2.3421,1.2932
BiancaGolden_CircleTurns,34.2322,129.2903,190.6898,-5.8296,-30.2682,-75.5638,0.3473,-0.3203,-0.8814,0.9980,281,67.550430,2.3423,1.2929
BiancaGolden_CircleTurns,34.2646,129.2624,190.6737,-5.8809,-30.3532,-75.5095,0.3448,-0.3266,-0.8800,0.9980,282,67.564018,2.3426,1.2926
BiancaGolden_CircleTurns,34.2856,129.2335,190.6570,-6.0442,-30.3699,-75.4010,0.3460,-0.3249,-0.8802,0.9980,282,67.577888,2.3429,1.2923
BiancaGolden_CircleTurns,34.3081,129.2107,190.6392,-6.1594,-30.3492,-75.4100,0.3552,-0.3248,-0.8766,0.9980,283,67.592896,2.3431,1.2921
BiancaGolden_CircleTurns,34.3264,129.1727,190.6228,-6.2360,-30.3501,-75.4087,0.3615,-0.3228,-0.8747,0.9980,283,67.605659,2.3433,1.2917
BiancaGolden_CircleTurns,34.3427,129.1408,190.6121,-6.2404,-30.3169,-75.4149,0.3553,-0.3257,-0.8762,0.9980,283,67.619820,2.3434,1.2914
BiancaGolden_CircleTurns,34.3472,129.0982,190.5988,-6.2601,-30.2936,-75.4790,0.3546,-0.3272,-0.8759,0.9980,284,67.633858,2.3435,1.2910
BiancaGolden_CircleTurns,34.3694,129.0607,190.5683,-6.2343,-30.2429,-75.5973,0.3484,-0.3317,-0.8767,0.9980,284,67.647736,2.3437,1.2906
BiancaGolden_CircleTurns,34.3656,129.0167,190.5396,-6.1306,-30.1782,-75.7541,0.3444,-0.3317,-0.8783,0.9980,285,67.662216,2.3437,1.2902
BiancaGolden_CircleTurns,34.3704,128.9672,190.4907,-5.9576,-30.1077,-75.9641,0.3410,-0.3324,-0.8793,0.9980,285,67.675827,2.3437,1.2897
BiancaGolden_CircleTurns,34.3704,128.9281,190.4426,-5.7715,-30.0902,-76.2061,0.3374,-0.3297,-0.8817,0.9980,285,67.690086,2.3437,1.2893
BiancaGolden_CircleTurns,34.3764,128.8800,190.4013,-5.5758,-30.1797,-76.4153,0.3346,-0.3297,-0.8828,0.9980,286,67.703697,2.3438,1.2888
BiancaGolden_CircleTurns,34.3998,128.8438,190.3644,-5.3628,-30.2297,-76.6060,0.3318,-0.3293,-0.8840,0.9980,286,67.716652,2.3440,1.2884
BiancaGolden_CircleTurns,34.4172,128.8049,190.3325,-5.1758,-30.3027,-76.7465,0.3292,-0.3293,-0.8850,0.9980,287,67.731689,2.3442,1.2880
BiancaGolden_CircleTurns,34.4428,128.7746,190.2838,-5.0218,-30.3747,-76.8634,0.3262,-0.3298,-0.8859,0.9980,287,67.745468,2.3444,1.2877
BiancaGolden_CircleTurns,34.4600,128.7388,190.2377,-4.9370,-30.4426,-76.9721,0.3251,-0.3301,-0.8862,0.9980,288,67.759705,2.3446,1.2874
BiancaGolden_CircleTurns,34.4750,128.7070,190.1932,-4.9007,-30.5227,-77.0745,0.3247,-0.3278,-0.8872,0.9980,288,67.774025,2.3448,1.2871
BiancaGolden_CircleTurns,34.4982,128.6724,190.1501,-4.8561,-30.5869,-77.1566,0.3371,-0.3147,-0.8873,0.9980,288,67.787773,2.3450,1.2867
BiancaGolden_CircleTurns,34.5185,128.6377,190.1090,-4.7991,-30.6509,-77.2582,0.3369,-0.3143,-0.8876,0.9980,289,67.801193,2.3452,1.2864
BiancaGolden_CircleTurns,34.5457,128.6010,190.0672,-4.7446,-30.6767,-77.2921,0.3362,-0.3131,-0.8882,0.9980,289,67.815277,2.3455,1.2860
BiancaGolden_CircleTurns,34.5632,128.5687,190.0268,-4.7338,-30.7705,-77.3169,0.3381,-0.3297,-0.8815,0.9980,290,67.830711,2.3456,1.2857
BiancaGolden_CircleTurns,34.5743,128.5509,189.9865,-4.7414,-30.8854,-77.3218,0.3385,-0.3276,-0.8821,0.9980,290,67.843475,2.3457,1.2855
BiancaGolden_CircleTurns,34.5797,128.5295,189.9454,-4.7205,-31.0132,-77.2866,0.3556,-0.3234,-0.8769,0.9980,290,67.857597,2.3458,1.2853
BiancaGolden_CircleTurns,34.5953,128.4832,189.8984,-4.7492,-31.0917,-77.2507,0.3578,-0.3232,-0.8761,0.9980,291,67.871956,2.3460,1.2848
BiancaGolden_CircleTurns,34.6078,128.4367,189.8568,-4.8113,-31.0868,-77.2308,0.3585,-0.3239,-0.8755,0.9980,291,67.884254,2.3461,1.2844
BiancaGolden_CircleTurns,34.5919,128.3842,189.8084,-4.8545,-31.0380,-77.2215,0.3591,-0.3286,-0.8735,0.9980,292,67.900002,2.3459,1.2838
BiancaGolden_CircleTurns,34.5750,128.3094,189.7396,-4.8394,-30.9199,-77.2517,0.3598,-0.3343,-0.8711,0.9980,292,67.913666,2.3457,1.2831
