FileName,LocationX,LocationY,LocationZ,RotationRoll,RotationPitch,RotationYaw,GazeHitX,GazeHitY,GazeHitZ,GazeConfidence,Frame,Timestamp,RoomX_m,RoomY_m
BiancaGolden_CircleTurns,-200.0000,0.0000,30.0000,0.0000,0.0000,0.0000,0.0000,0.0000,0.0000,0.0000,0,0.016667,0.0000,0.0000
BiancaGolden_CircleTurns,-200.0000,0.0000,30.0000,0.0000,0.0000,0.0000,0.0000,0.0000,0.0000,0.0000,0,0.416667,0.0000,0.0000
BiancaGolden_CircleTurns,-200.0000,0.0000,30.0000,0.0000,0.0000,0.0000,0.0000,0.0000,0.0000,0.0000,1,0.469099,0.0000,0.0000
BiancaGolden_CircleTurns,-200.0000,0.0000,30.0000,0.0000,0.0000,0.0000,0.0000,0.0000,0.0000,0.0000,2,0.484691,0.0000,0.0000
BiancaGolden_CircleTurns,-200.0000,0.0000,30.0000,0.0000,0.0000,0.0000,0.0000,0.0000,0.0000,0.0000,2,0.498495,0.0000,0.0000
BiancaGolden_CircleTurns,-200.0000,0.0000,30.0000,0.0000,0.0000,0.0000,0.0000,0.0000,0.0000,0.0000,3,0.512169,0.0000,0.0000
BiancaGolden_CircleTurns,-200.0000,0.0000,30.0000,0.0000,0.0000,0.0000,0.0000,0.0000,0.0000,0.0000,3,0.525702,0.0000,0.0000
BiancaGolden_CircleTurns,-200.0000,0.0000,30.0000,0.0000,0.0000,0.0000,0.0000,0.0000,0.0000,0.0000,4,0.539408,0.0000,0.0000
BiancaGolden_CircleTurns,-200.0000,0.0000,30.0000,0.0000,0.0000,0.0000,0.0000,0.0000,0.0000,0.0000,4,0.553698,0.0000,0.0000
BiancaGolden_CircleTurns,-200.0000,0.0000,30.0000,0.0000,0.0000,0.0000,0.0000,0.0000,0.0000,0.0000,4,0.568691,0.0000,0.0000
BiancaGolden_CircleTurns,-200.0000,0.0000,30.0000,0.0000,0.0000,0.0000,0.0000,0.0000,0.0000,0.0000,5,0.583304,0.0000,0.0000
BiancaGolden_CircleTurns,-200.0000,0.0000,30.0000,0.0000,0.0000,0.0000,0.0000,0.0000,0.0000,0.0000,5,0.595050,0.0000,0.0000
BiancaGolden_CircleTurns,-200.0000,0.0000,30.0000,0.0000,0.0000,0.0000,0.0000,0.0000,0.0000,0.0000,6,0.610031,0.0000,0.0000
BiancaGolden_CircleTurns,-200.0000,0.0000,30.0000,0.0000,0.0000,0.0000,0.0000,0.0000,0.0000,0.0000,6,0.622522,0.0000,0.0000
BiancaGolden_CircleTurns,-200.0000,0.0000,30.0000,0.0000,0.0000,0.0000,0.0000,0.0000,0.0000,0.0000,7,0.637324,0.0000,0.0000
BiancaGolden_CircleTurns,-200.0000,0.0000,30.0000,0.0000,0.0000,0.0000,0.0000,0.0000,0.0000,0.0000,7,0.650787,0.0000,0.0000
BiancaGolden_CircleTurns,-200.0000,0.0000,30.0000,0.0000,0.0000,0.0000,0.0000,0.0000,0.0000,0.0000,7,0.665236,0.0000,0.0000
BiancaGolden_CircleTurns,-200.0000,0.0000,30.0000,0.0000,0.0000,0.0000,0.0000,0.0000,0.0000,0.0000,8,0.680571,0.0000,0.0000
BiancaGolden_CircleTurns,-200.0000,0.0000,30.0000,0.0000,0.0000,0.0000,0.0000,0.0000,0.0000,0.0000,8,0.692725,0.0000,0.0000
BiancaGolden_CircleTurns,-200.0000,0.0000,30.0000,0.0000,0.0000,0.0000,0.0000,0.0000,0.0000,0.0000,9,0.706640,0.0000,0.0000
BiancaGolden_CircleTurns,-200.0000,0.0000,30.0000,0.0000,0.0000,0.0000,0.0000,0.0000,0.0000,0.0000,9,0.719552,0.0000,0.0000
BiancaGolden_CircleTurns,-200.0000,0.0000,30.0000,0.0000,0.0000,0.0000,0.0000,0.0000,0.0000,0.0000,9,0.735011,0.0000,0.0000
BiancaGolden_CircleTurns,-200.0000,0.0000,30.0000,0.0000,0.0000,0.0000,0.0000,0.0000,0.0000,0.0000,10,0.761540,0.0000,0.0000
BiancaGolden_CircleTurns,-200.0000,0.0000,30.0000,0.0000,0.0000,0.0000,0.0000,0.0000,0.0000,0.0000,11,0.775450,0.0000,0.0000
BiancaGolden_CircleTurns,-200.0000,0.0000,30.0000,0.0000,0.0000,0.0000,0.0000,0.0000,0.0000,0.0000,11,0.789841,0.0000,0.0000
BiancaGolden_CircleTurns,-200.0000,0.0000,30.0000,0.0000,0.0000,0.0000,0.0000,0.0000,0.0000,0.0000,12,0.803631,0.0000,0.0000
BiancaGolden_CircleTurns,-200.0000,0.0000,30.0000,0.0000,0.0000,0.0000,0.0000,0.0000,0.0000,0.0000,12,0.818395,0.0000,0.0000
BiancaGolden_CircleTurns,-200.0000,0.0000,30.0000,0.0000,0.0000,0.0000,0.0000,0.0000,0.0000,0.0000,12,0.832354,0.0000,0.0000
BiancaGolden_CircleTurns,-200.0000,0.0000,30.0000,0.0000,0.0000,0.0000,0.0000,0.0000,0.0000,0.0000,13,0.845513,0.0000,0.0000
BiancaGolden_CircleTurns,-200.0000,0.0000,30.0000,0.0000,0.0000,0.0000,0.0000,0.0000,0.0000,0.0000,13,0.859149,0.0000,0.0000
BiancaGolden_CircleTurns,-200.0000,0.0000,30.0000,0.0000,0.0000,0.0000,0.0000,0.0000,0.0000,0.0000,14,0.874332,0.0000,0.0000
BiancaGolden_CircleTurns,-200.0000,0.0000,30.0000,0.0000,0.0000,0.0000,0.0000,0.0000,0.0000,0.0000,14,0.886953,0.0000,0.0000
BiancaGolden_CircleTurns,-200.0000,0.0000,30.0000,0.0000,0.0000,0.0000,0.0000,0.0000,0.0000,0.0000,14,0.901193,0.0000,0.0000
BiancaGolden_CircleTurns,-200.0000,0.0000,30.0000,0.0000,0.0000,0.0000,0.0000,0.0000,0.0000,0.0000,15,0.914736,0.0000,0.0000
BiancaGolden_CircleTurns,-200.0000,0.0000,30.0000,0.0000,0.0000,0.0000,0.0000,0.0000,0.0000,0.0000,15,0.927803,0.0000,0.0000
BiancaGolden_CircleTurns,-200.0000,0.0000,30.0000,0.0000,0.0000,0.0000,0.0000,0.0000,0.0000,0.0000,16,0.944411,0.0000,0.0000
BiancaGolden_CircleTurns,-200.0000,0.0000,30.0000,0.0000,0.0000,0.0000,0.0000,0.0000,0.0000,0.0000,16,0.958283,0.0000,0.0000
BiancaGolden_CircleTurns,-200.0000,0.0000,30.0000,0.0000,0.0000,0.0000,0.0000,0.0000,0.0000,0.0000,17,0.972392,0.0000,0.0000
BiancaGolden_CircleTurns,-200.0000,0.0000,30.0000,0.0000,0.0000,0.0000,0.0000,0.0000,0.0000,0.0000,17,0.985619,0.0000,0.0000
BiancaGolden_CircleTurns,-200.0000,0.0000,30.0000,0.0000,0.0000,0.0000,0.0000,0.0000,0.0000,0.0000,17,0.998541,0.0000,0.0000
BiancaGolden_CircleTurns,-200.0000,0.0000,30.0000,0.0000,0.0000,0.0000,0.0000,0.0000,0.0000,0.0000,18,1.013050,0.0000,0.0000
BiancaGolden_CircleTurns,-200.0000,0.0000,30.0000,0.0000,0.0000,0.0000,0.0000,0.0000,0.0000,0.0000,18,1.025523,0.0000,0.0000
BiancaGolden_CircleTurns,-200.0000,0.0000,30.0000,0.0000,0.0000,0.0000,0.0000,0.0000,0.0000,0.0000,19,1.040289,0.0000,0.0000
BiancaGolden_CircleTurns,-200.0000,0.0000,30.0000,0.0000,0.0000,0.0000,0.0000,0.0000,0.0000,0.0000,19,1.053822,0.0000,0.0000
BiancaGolden_CircleTurns,-200.0000,0.0000,30.0000,0.0000,0.0000,0.0000,0.0000,0.0000,0.0000,0.0000,19,1.067742,0.0000,0.0000
BiancaGolden_CircleTurns,-200.0000,0.0000,30.0000,0.0000,0.0000,0.0000,0.0000,0.0000,0.0000,0.0000,20,1.081876,0.0000,0.0000
BiancaGolden_CircleTurns,-200.0000,0.0000,30.0000,0.0000,0.0000,0.0000,0.0000,0.0000,0.0000,0.0000,20,1.094541,0.0000,0.0000
BiancaGolden_CircleTurns,-200.0000,0.0000,30.0000,0.0000,0.0000,0.0000,0.0000,0.0000,0.0000,0.0000,21,1.110499,0.0000,0.0000
BiancaGolden_CircleTurns,-200.0000,0.0000,30.0000,0.0000,0.0000,0.0000,0.0000,0.0000,0.0000,0.0000,21,1.123810,0.0000,0.0000
BiancaGolden_CircleTurns,-200.0000,0.0000,30.0000,0.0000,0.0000,0.0000,0.0000,0.0000,0.0000,0.0000,22,1.137824,0.0000,0.0000
BiancaGolden_CircleTurns,-200.0000,0.0000,30.0000,0.0000,0.0000,0.0000,0.9954,0.0591,-0.0748,0.9980,22,1.152206,0.0000,0.0000
BiancaGolden_CircleTurns,-203.6002,-6.3498,218.7455,-0.8892,-0.7422,3.0419,0.9953,0.0605,-0.0756,0.9980,23,1.170429,-0.0360,-0.0635
BiancaGolden_CircleTurns,-203.6021,-6.3238,218.7317,-0.8660,-0.7883,3.1343,0.9951,0.0619,-0.0767,0.9980,23,1.179280,-0.0360,-0.0632
BiancaGolden_CircleTurns,-203.6043,-6.2934,218.7198,-0.8696,-0.8512,3.2141,0.9950,0.0633,-0.0777,0.9980,23,1.196600,-0.0360,-0.0629
BiancaGolden_CircleTurns,-203.6094,-6.2636,218.7078,-0.8738,-0.9128,3.2938,0.9948,0.0644,-0.0788,0.9980,24,1.209013,-0.0361,-0.0626
BiancaGolden_CircleTurns,-203.6197,-6.2383,218.6964,-0.8817,-0.9743,3.3562,0.9947,0.0655,-0.0798,0.9980,24,1.223823,-0.0362,-0.0624
BiancaGolden_CircleTurns,-203.6319,-6.2150,218.6902,-0.8685,-1.0307,3.4206,0.9946,0.0667,-0.0800,0.9980,25,1.238640,-0.0363,-0.0622
BiancaGolden_CircleTurns,-203.6442,-6.1940,218.6897,-0.8299,-1.0429,3.4959,0.9944,0.0689,-0.0801,0.9980,25,1.254429,-0.0364,-0.0619
BiancaGolden_CircleTurns,-203.6647,-6.1533,218.6856,-0.7885,-1.0462,3.6217,0.9944,0.0695,-0.0794,0.9980,25,1.267557,-0.0366,-0.0615
BiancaGolden_CircleTurns,-203.6753,-6.1373,218.6923,-0.7858,-1.0174,3.6647,0.9944,0.0699,-0.0788,0.9980,26,1.281808,-0.0368,-0.0614
BiancaGolden_CircleTurns,-203.6861,-6.1278,218.7001,-0.8054,-0.9721,3.6829,0.9940,0.0721,-0.0829,0.9980,26,1.294880,-0.0369,-0.0613
BiancaGolden_CircleTurns,-203.6969,-6.1191,218.7037,-0.8192,-0.9284,3.7082,0.9680,0.1079,-0.2264,0.9980,27,1.310302,-0.0370,-0.0612
BiancaGolden_CircleTurns,-203.7103,-6.1133,218.6974,-0.8561,-0.9182,3.7137,0.9674,0.1088,-0.2286,0.9980,27,1.324135,-0.0371,-0.0611
BiancaGolden_CircleTurns,-203.7248,-6.1076,218.6890,-0.8756,-0.9211,3.7220,0.9673,0.1084,-0.2292,0.9980,28,1.338071,-0.0372,-0.0611
BiancaGolden_CircleTurns,-203.7413,-6.1059,218.6801,-0.9394,-0.9363,3.7268,0.9659,0.1075,-0.2355,0.9980,28,1.351628,-0.0374,-0.0611
BiancaGolden_CircleTurns,-203.7542,-6.1008,218.6700,-1.0099,-0.9902,3.7246,0.9658,0.1078,-0.2360,0.9980,28,1.366068,-0.0375,-0.0610
BiancaGolden_CircleTurns,-203.7670,-6.0923,218.6586,-1.1146,-1.0225,3.7162,0.9644,0.1075,-0.2415,0.9980,29,1.380008,-0.0377,-0.0609
BiancaGolden_CircleTurns,-203.7789,-6.0814,218.6417,-1.1969,-1.0830,3.7114,0.9637,0.1064,-0.2448,0.9980,29,1.392450,-0.0378,-0.0608
BiancaGolden_CircleTurns,-203.7885,-6.0606,218.6255,-1.3396,-1.1354,3.6830,0.9636,0.1066,-0.2451,0.9980,30,1.407232,-0.0379,-0.0606
BiancaGolden_CircleTurns,-203.7992,-6.0372,218.6157,-1.4415,-1.1753,3.6700,0.9637,0.1057,-0.2450,0.9980,30,1.421951,-0.0380,-0.0604
BiancaGolden_CircleTurns,-203.8062,-6.0054,218.6165,-1.5143,-1.1697,3.6654,0.9646,0.1027,-0.2430,0.9980,30,1.435351,-0.0381,-0.0601
BiancaGolden_CircleTurns,-203.8138,-5.9702,218.6221,-1.5398,-1.1339,3.6513,0.9647,0.1028,-0.2423,0.9980,31,1.449194,-0.0381,-0.0597
BiancaGolden_CircleTurns,-203.8209,-5.9345,218.6326,-1.5503,-1.0974,3.6593,0.9651,0.1025,-0.2409,0.9980,31,1.464987,-0.0382,-0.0593
BiancaGolden_CircleTurns,-203.8101,-5.8675,218.6803,-1.4904,-1.0351,3.6502,0.9670,0.1037,-0.2326,0.9980,32,1.477132,-0.0381,-0.0587
BiancaGolden_CircleTurns,-203.8146,-5.8256,218.6809,-1.4698,-0.9652,3.6220,0.9670,0.1074,-0.2312,0.9980,32,1.490218,-0.0381,-0.0583
BiancaGolden_CircleTurns,-203.8081,-5.7775,218.6853,-1.4273,-0.9201,3.5889,0.9670,0.1066,-0.2315,0.9980,33,1.504768,-0.0381,-0.0578
BiancaGolden_CircleTurns,-203.8041,-5.7399,218.6749,-1.3523,-0.8996,3.5518,0.9677,0.1001,-0.2314,0.9980,33,1.518070,-0.0380,-0.0574
BiancaGolden_CircleTurns,-203.7943,-5.7013,218.6760,-1.2559,-0.9102,3.5101,0.9677,0.0989,-0.2319,0.9980,33,1.532921,-0.0379,-0.0570
BiancaGolden_CircleTurns,-203.7814,-5.6665,218.6787,-1.1294,-0.9346,3.4682,0.9652,0.0965,-0.2430,0.9980,34,1.547117,-0.0378,-0.0567
BiancaGolden_CircleTurns,-203.7769,-5.6281,218.6705,-1.0397,-0.9769,3.4273,0.9654,0.0912,-0.2445,0.9980,34,1.559552,-0.0378,-0.0563
BiancaGolden_CircleTurns,-203.7587,-5.5870,218.6659,-0.9584,-1.0165,3.3590,0.9430,0.0766,-0.3238,0.9980,35,1.574280,-0.0376,-0.0559
BiancaGolden_CircleTurns,-203.7579,-5.5521,218.6454,-0.9293,-1.0650,3.3245,0.9411,0.0750,-0.3296,0.9980,35,1.588132,-0.0376,-0.0555
BiancaGolden_CircleTurns,-203.7426,-5.5168,218.6227,-0.8802,-1.1223,3.2704,0.9408,0.0745,-0.3307,0.9980,36,1.603570,-0.0374,-0.0552
BiancaGolden_CircleTurns,-203.7261,-5.4832,218.6046,-0.8740,-1.1875,3.2317,0.9407,0.0733,-0.3313,0.9980,36,1.616149,-0.0373,-0.0548
BiancaGolden_CircleTurns,-203.7064,-5.4401,218.5918,-0.8749,-1.2257,3.1644,0.9398,0.0800,-0.3323,0.9980,36,1.631414,-0.0371,-0.0544
BiancaGolden_CircleTurns,-203.6862,-5.4155,218.5942,-0.8889,-1.2937,3.1114,0.9397,0.0795,-0.3325,0.9980,37,1.643842,-0.0369,-0.0542
BiancaGolden_CircleTurns,-203.6643,-5.3855,218.5944,-0.8580,-1.3437,3.0719,0.9389,0.0784,-0.3351,0.9980,37,1.657111,-0.0366,-0.0539
BiancaGolden_CircleTurns,-203.6413,-5.3629,218.5944,-0.8080,-1.3897,3.0272,0.9385,0.0754,-0.3370,0.9980,38,1.671992,-0.0364,-0.0536
BiancaGolden_CircleTurns,-203.6206,-5.3370,218.5873,-0.7903,-1.4562,2.9815,0.9381,0.0696,-0.3392,0.9980,38,1.685707,-0.0362,-0.0534
BiancaGolden_CircleTurns,-203.5912,-5.3037,218.5860,-0.7528,-1.4875,2.9304,0.9380,0.0688,-0.3398,0.9980,38,1.699965,-0.0359,-0.0530
BiancaGolden_CircleTurns,-203.5629,-5.2809,218.5772,-0.7226,-1.5201,2.8803,0.9371,0.0705,-0.3419,0.9980,39,1.713762,-0.0356,-0.0528
BiancaGolden_CircleTurns,-203.5346,-5.2566,218.5848,-0.6954,-1.5433,2.8339,0.9372,0.0667,-0.3424,0.9980,39,1.728373,-0.0353,-0.0526
BiancaGolden_CircleTurns,-203.4990,-5.2353,218.5769,-0.6836,-1.5643,2.7769,0.9369,0.0687,-0.3429,0.9980,40,1.742310,-0.0350,-0.0524
BiancaGolden_CircleTurns,-203.4696,-5.2150,218.5566,-0.6634,-1.5958,2.7316,0.9374,0.0719,-0.3406,0.9980,40,1.755787,-0.0347,-0.0521
BiancaGolden_CircleTurns,-203.4356,-5.1951,218.5410,-0.6196,-1.6352,2.6857,0.9371,0.0713,-0.3417,0.9980,41,1.769837,-0.0344,-0.0520
BiancaGolden_CircleTurns,-203.4045,-5.1715,218.5264,-0.6148,-1.6900,2.6521,0.9368,0.0706,-0.3427,0.9980,41,1.783722,-0.0340,-0.0517
BiancaGolden_CircleTurns,-203.3698,-5.1512,218.5146,-0.6151,-1.7615,2.6047,0.9364,0.0702,-0.3440,0.9980,41,1.798620,-0.0337,-0.0515
BiancaGolden_CircleTurns,-203.3401,-5.1347,218.4911,-0.6160,-1.8475,2.5846,0.9363,0.0692,-0.3442,0.9980,42,1.812243,-0.0334,-0.0513
BiancaGolden_CircleTurns,-203.3025,-5.1161,218.4784,-0.6243,-1.9252,2.5420,0.9360,0.0663,-0.3456,0.9980,42,1.824749,-0.0330,-0.0512
BiancaGolden_CircleTurns,-203.2680,-5.1063,218.4642,-0.6464,-2.0123,2.5186,0.9348,0.0659,-0.3491,0.9980,43,1.840096,-0.0327,-0.0511
BiancaGolden_CircleTurns,-203.2305,-5.0883,218.4358,-0.6700,-2.1056,2.4721,0.9343,0.0631,-0.3508,0.9980,43,1.853576,-0.0323,-0.0509
BiancaGolden_CircleTurns,-203.1841,-5.0739,218.4125,-0.6731,-2.2064,2.4303,0.9338,0.0625,-0.3523,0.9980,43,1.867967,-0.0318,-0.0507
BiancaGolden_CircleTurns,-203.1373,-5.0595,218.3973,-0.7016,-2.3051,2.3886,0.9342,0.0615,-0.3515,0.9980,44,1.881734,-0.0314,-0.0506
BiancaGolden_CircleTurns,-203.0906,-5.0516,218.3808,-0.7211,-2.4062,2.3335,0.9377,0.0518,-0.3437,0.9980,44,1.894437,-0.0309,-0.0505
BiancaGolden_CircleTurns,-203.0491,-5.0396,218.3620,-0.7572,-2.5192,2.2703,0.9372,0.0429,-0.3462,0.9980,45,1.909489,-0.0305,-0.0504
BiancaGolden_CircleTurns,-203.0066,-5.0314,218.3400,-0.7862,-2.6651,2.1829,0.9329,0.0021,-0.3602,0.9980,45,1.923558,-0.0301,-0.0503
BiancaGolden_CircleTurns,-202.9639,-5.0250,218.3285,-0.7778,-2.8034,2.1261,0.9322,0.0008,-0.3618,0.9980,46,1.938034,-0.0296,-0.0502
BiancaGolden_CircleTurns,-202.9143,-5.0050,218.3196,-0.7876,-2.9049,2.0422,0.9108,0.0000,-0.4127,0.9980,46,1.951541,-0.0291,-0.0501
BiancaGolden_CircleTurns,-202.8640,-4.9923,218.3155,-0.7694,-2.9743,2.0066,0.9105,-0.0005,-0.4134,0.9980,47,1.969491,-0.0286,-0.0499
BiancaGolden_CircleTurns,-202.8169,-4.9731,218.3044,-0.7054,-3.0245,1.9857,0.9183,0.0188,-0.3955,0.9980,47,1.980187,-0.0282,-0.0497
BiancaGolden_CircleTurns,-202.7664,-4.9605,218.2895,-0.6927,-3.0604,1.9789,0.9270,0.0132,-0.3749,0.9980,47,1.993333,-0.0277,-0.0496
BiancaGolden_CircleTurns,-202.7196,-4.9388,218.2874,-0.6888,-3.0825,1.9693,0.9309,0.0208,-0.3647,0.9980,48,2.006881,-0.0272,-0.0494
BiancaGolden_CircleTurns,-202.6745,-4.9288,218.2800,-0.6780,-3.1248,1.9686,0.9361,0.0217,-0.3510,0.9980,48,2.019616,-0.0267,-0.0493
BiancaGolden_CircleTurns,-202.6369,-4.9155,218.2767,-0.6385,-3.1753,1.9867,0.9357,0.0223,-0.3522,0.9980,48,2.035332,-0.0264,-0.0492
BiancaGolden_CircleTurns,-202.6105,-4.9084,218.2634,-0.5886,-3.2466,2.0408,0.9358,0.0280,-0.3514,0.9980,49,2.048451,-0.0261,-0.0491
BiancaGolden_CircleTurns,-202.5759,-4.8988,218.2414,-0.5515,-3.3217,2.1094,0.9383,0.0302,-0.3446,0.9980,49,2.062105,-0.0258,-0.0490
BiancaGolden_CircleTurns,-202.5426,-4.8931,218.2311,-0.5122,-3.3941,2.1763,0.9386,0.0381,-0.3430,0.9980,50,2.077140,-0.0254,-0.0489
BiancaGolden_CircleTurns,-202.4819,-4.8859,218.2281,-0.5030,-3.4561,2.2525,0.9390,0.0452,-0.3408,0.9980,50,2.090852,-0.0248,-0.0489
BiancaGolden_CircleTurns,-202.4036,-4.8757,218.2209,-0.5028,-3.4443,2.3258,0.9392,0.0465,-0.3402,0.9980,51,2.104784,-0.0240,-0.0488
BiancaGolden_CircleTurns,-202.3402,-4.8488,218.1779,-0.5894,-3.3978,2.3936,0.9407,0.0474,-0.3358,0.9980,51,2.118851,-0.0234,-0.0485
BiancaGolden_CircleTurns,-202.2883,-4.8045,218.1315,-0.7508,-3.4209,2.4426,0.9399,0.0487,-0.3379,0.9980,51,2.133575,-0.0229,-0.0480
BiancaGolden_CircleTurns,-202.2396,-4.7752,218.0902,-0.8994,-3.5529,2.4798,0.9387,0.0493,-0.3411,0.9980,52,2.146179,-0.0224,-0.0478
BiancaGolden_CircleTurns,-202.1934,-4.7463,218.0427,-0.9494,-3.7688,2.5483,0.9374,0.0445,-0.3455,0.9980,52,2.159436,-0.0219,-0.0475
BiancaGolden_CircleTurns,-202.1555,-4.7128,218.0139,-0.9415,-4.0318,2.6160,0.9360,0.0422,-0.3494,0.9980,53,2.174635,-0.0216,-0.0471
BiancaGolden_CircleTurns,-202.1110,-4.6871,218.0023,-0.9106,-4.2665,2.6820,0.9360,0.0399,-0.3498,0.9980,53,2.188257,-0.0211,-0.0469
BiancaGolden_GrandPlies,-202.0571,-4.6591,218.0184,-0.8398,-4.3596,2.7073,0.9381,0.0399,-0.3441,0.9980,0,2.203295,-0.0206,-0.0466
BiancaGolden_GrandPlies,-201.9833,-4.6203,218.0446,-0.8236,-4.3281,2.7084,0.9387,0.0402,-0.3423,0.9980,0,2.219806,-0.0198,-0.0462
BiancaGolden_GrandPlies,-201.9142,-4.5803,218.0430,-0.7877,-4.2191,2.7370,0.9368,0.0405,-0.3476,0.9980,1,2.234536,-0.0191,-0.0458
BiancaGolden_GrandPlies,-201.8836,-4.5562,218.0381,-0.7138,-4.2404,2.7802,0.9361,0.0396,-0.3495,0.9980,1,2.243743,-0.0188,-0.0456
BiancaGolden_GrandPlies,-201.8482,-4.5404,218.0306,-0.6013,-4.3578,2.8376,0.9353,0.0392,-0.3517,0.9980,2,2.257876,-0.0185,-0.0454
BiancaGolden_GrandPlies,-201.8235,-4.5350,218.0259,-0.4759,-4.4911,2.8482,0.9346,0.0384,-0.3535,0.9980,2,2.272239,-0.0182,-0.0453
BiancaGolden_GrandPlies,-201.7952,-4.5102,218.0268,-0.3859,-4.5979,2.8285,0.9362,0.0383,-0.3495,0.9980,2,2.286263,-0.0180,-0.0451
BiancaGolden_GrandPlies,-201.7842,-4.4978,218.0504,-0.2931,-4.6920,2.8462,0.9381,0.0393,-0.3442,0.9980,3,2.299569,-0.0178,-0.0450
BiancaGolden_GrandPlies,-201.7453,-4.4840,218.0806,-0.1795,-4.6258,2.9132,0.9396,0.0371,-0.3403,0.9980,3,2.313143,-0.0175,-0.0448
BiancaGolden_GrandPlies,-201.7438,-4.4764,218.0675,-0.0900,-4.4811,3.0039,0.9398,0.0342,-0.3401,0.9980,4,2.327914,-0.0174,-0.0448
BiancaGolden_GrandPlies,-201.7665,-4.4776,218.0570,-0.0425,-4.4711,3.1193,0.9403,0.0358,-0.3384,0.9980,4,2.342346,-0.0177,-0.0448
BiancaGolden_GrandPlies,-201.7258,-4.4595,218.0660,0.0467,-4.4932,3.2352,0.9401,0.0363,-0.3390,0.9980,5,2.355742,-0.0173,-0.0446
BiancaGolden_GrandPlies,-201.7549,-4.4749,218.0628,0.1267,-4.5315,3.3183,0.9404,0.0374,-0.3379,0.9980,5,2.370671,-0.0175,-0.0447
BiancaGolden_GrandPlies,-201.7691,-4.4912,218.0664,0.1876,-4.4675,3.4023,0.9387,0.0387,-0.3426,0.9980,5,2.385170,-0.0177,-0.0449
BiancaGolden_GrandPlies,-201.7773,-4.5194,218.0780,0.2312,-4.3567,3.4999,0.9394,0.0375,-0.3408,0.9980,6,2.399221,-0.0178,-0.0452
BiancaGolden_GrandPlies,-201.7773,-4.5503,218.0950,0.2090,-4.2448,3.5925,0.9393,0.0385,-0.3409,0.9980,6,2.411946,-0.0178,-0.0455
BiancaGolden_GrandPlies,-201.7767,-4.5855,218.1092,0.1475,-4.1489,3.6332,0.9382,0.0397,-0.3438,0.9980,7,2.426043,-0.0178,-0.0459
BiancaGolden_GrandPlies,-201.7800,-4.6218,218.1129,0.0541,-4.1110,3.6694,0.9380,0.0396,-0.3443,0.9980,7,2.439719,-0.0178,-0.0462
BiancaGolden_GrandPlies,-201.7804,-4.6661,218.1042,-0.0635,-4.1364,3.6280,0.9376,0.0397,-0.3454,0.9980,7,2.453607,-0.0178,-0.0467
BiancaGolden_GrandPlies,-201.7687,-4.7445,218.0677,-0.1649,-4.2055,3.6111,0.9388,0.0366,-0.3426,0.9980,8,2.467324,-0.0177,-0.0474
BiancaGolden_GrandPlies,-201.7617,-4.7924,218.0548,-0.1899,-4.3094,3.5814,0.9368,0.0362,-0.3480,0.9980,8,2.480056,-0.0176,-0.0479
BiancaGolden_GrandPlies,-201.7481,-4.8365,218.0276,-0.2177,-4.4438,3.5511,0.9359,0.0351,-0.3505,0.9980,9,2.495585,-0.0175,-0.0484
BiancaGolden_GrandPlies,-201.7212,-4.8639,218.0088,-0.2521,-4.5908,3.5277,0.9353,0.0341,-0.3523,0.9980,9,2.508996,-0.0172,-0.0486
BiancaGolden_GrandPlies,-201.6881,-4.9106,217.9934,-0.2578,-4.6910,3.5292,0.9343,0.0338,-0.3548,0.9980,10,2.523225,-0.0169,-0.0491
BiancaGolden_GrandPlies,-201.6465,-4.9396,217.9802,-0.3614,-4.7696,3.4887,0.9343,0.0331,-0.3549,0.9980,10,2.537353,-0.0165,-0.0494
BiancaGolden_GrandPlies,-201.6043,-4.9692,218.0051,-0.4769,-4.7825,3.4053,0.9348,0.0355,-0.3533,0.9980,10,2.550839,-0.0160,-0.0497
BiancaGolden_GrandPlies,-201.5173,-5.0034,218.0157,-0.5202,-4.6745,3.3607,0.9344,0.0446,-0.3535,0.9980,11,2.563677,-0.0152,-0.0500
BiancaGolden_GrandPlies,-201.4380,-5.0283,218.0287,-0.5655,-4.4261,3.3060,0.9184,0.0461,-0.3930,0.9980,11,2.577880,-0.0144,-0.0503
BiancaGolden_GrandPlies,-201.4247,-5.0346,217.9969,-0.7139,-4.3371,3.2546,0.9172,0.0502,-0.3952,0.9980,12,2.592405,-0.0142,-0.0503
BiancaGolden_GrandPlies,-201.3989,-5.0616,217.9593,-0.8170,-4.4753,3.2202,0.9154,0.0499,-0.3994,0.9980,12,2.606106,-0.0140,-0.0506
BiancaGolden_GrandPlies,-201.3732,-5.0998,217.9088,-0.7853,-4.7371,3.2179,0.9112,0.0529,-0.4085,0.9980,12,2.620992,-0.0137,-0.0510
BiancaGolden_GrandPlies,-201.3455,-5.1306,217.8810,-0.6612,-5.1006,3.2535,0.9092,0.0526,-0.4130,0.9980,13,2.633866,-0.0135,-0.0513
BiancaGolden_GrandPlies,-201.3038,-5.1593,217.8710,-0.5645,-5.3860,3.2754,0.9071,0.0531,-0.4175,0.9980,13,2.647149,-0.0130,-0.0516
BiancaGolden_GrandPlies,-201.2468,-5.1884,217.8700,-0.5639,-5.5678,3.2875,0.9071,0.0556,-0.4173,0.9980,14,2.662143,-0.0125,-0.0519
BiancaGolden_GrandPlies,-201.1711,-5.2253,217.8515,-0.5743,-5.6037,3.2869,0.9062,0.0573,-0.4189,0.9980,14,2.675469,-0.0117,-0.0523
BiancaGolden_GrandPlies,-201.1267,-5.2566,217.8191,-0.6345,-5.7050,3.3184,0.9072,0.0581,-0.4167,0.9980,15,2.689922,-0.0113,-0.0526
BiancaGolden_GrandPlies,-201.0689,-5.2991,217.7774,-0.6610,-5.8631,3.3471,0.9051,0.0591,-0.4211,0.9980,15,2.703388,-0.0107,-0.0530
BiancaGolden_GrandPlies,-201.0246,-5.3509,217.7099,-0.7165,-6.1413,3.4010,0.9030,0.0607,-0.4254,0.9980,15,2.717940,-0.0102,-0.0535
BiancaGolden_GrandPlies,-200.9729,-5.4023,217.6475,-0.7932,-6.4770,3.4517,0.8996,0.0647,-0.4320,0.9980,16,2.731555,-0.0097,-0.0540
BiancaGolden_GrandPlies,-200.9275,-5.4660,217.5438,-0.8458,-6.8975,3.5124,0.9012,0.0649,-0.4284,0.9980,16,2.747556,-0.0093,-0.0547
BiancaGolden_GrandPlies,-200.8927,-5.5203,217.4106,-0.9350,-7.5118,3.5770,0.8954,0.0663,-0.4403,0.9980,17,2.760090,-0.0089,-0.0552
BiancaGolden_GrandPlies,-200.8513,-5.5734,217.2895,-1.0284,-8.2660,3.6538,0.8894,0.0659,-0.4524,0.9980,17,2.772926,-0.0085,-0.0557
BiancaGolden_GrandPlies,-200.8002,-5.6114,217.1592,-1.0885,-9.1890,3.7718,0.8826,0.0679,-0.4652,0.9980,17,2.787927,-0.0080,-0.0561
BiancaGolden_GrandPlies,-200.7344,-5.6488,217.0213,-1.1928,-10.0139,3.8930,0.8806,0.0695,-0.4688,0.9980,18,2.800897,-0.0073,-0.0565
BiancaGolden_GrandPlies,-200.6522,-5.6491,216.9082,-1.3043,-10.7516,4.0159,0.8815,0.0701,-0.4669,0.9980,18,2.814160,-0.0065,-0.0565
BiancaGolden_GrandPlies,-200.5268,-5.6251,216.8534,-1.3694,-11.3126,4.1248,0.8782,0.0724,-0.4727,0.9980,19,2.829068,-0.0053,-0.0563
BiancaGolden_GrandPlies,-200.4017,-5.6067,216.7940,-1.4373,-11.7328,4.2832,0.8755,0.0747,-0.4775,0.9980,19,2.843473,-0.0040,-0.0561
BiancaGolden_GrandPlies,-200.2527,-5.5687,216.7266,-1.4798,-11.9966,4.4162,0.8875,0.0688,-0.4557,0.9980,20,2.857111,-0.0025,-0.0557
BiancaGolden_GrandPlies,-200.0860,-5.5004,216.6559,-1.4852,-12.0133,4.5387,0.8874,0.0699,-0.4557,0.9980,20,2.873294,-0.0009,-0.0550
BiancaGolden_GrandPlies,-199.9168,-5.4199,216.5946,-1.4505,-12.0122,4.6192,0.8886,0.0621,-0.4545,0.9980,20,2.886766,0.0008,-0.0542
BiancaGolden_GrandPlies,-199.7484,-5.3205,216.5268,-1.3904,-11.9255,4.7191,0.8613,0.0677,-0.5035,0.9980,21,2.898995,0.0025,-0.0532
BiancaGolden_GrandPlies,-199.6103,-5.1665,216.4228,-1.4130,-11.9395,4.8107,0.8389,0.0743,-0.5392,0.9980,21,2.912242,0.0039,-0.0517
BiancaGolden_GrandPlies,-199.4829,-4.9985,216.3146,-1.5424,-12.1355,4.9006,0.8357,0.0763,-0.5438,0.9980,22,2.927219,0.0052,-0.0500
BiancaGolden_GrandPlies,-199.3598,-4.8057,216.1959,-1.6106,-12.4537,5.0315,0.8088,0.0764,-0.5831,0.9980,22,2.940447,0.0064,-0.0481
BiancaGolden_GrandPlies,-199.2209,-4.6149,216.1015,-1.6717,-12.7414,5.0251,0.8082,0.0755,-0.5840,0.9980,23,2.955341,0.0078,-0.0461
BiancaGolden_GrandPlies,-199.0346,-4.4518,216.0718,-1.5629,-12.8253,4.7033,0.8130,0.0560,-0.5795,0.9980,23,2.968265,0.0097,-0.0445
BiancaGolden_GrandPlies,-198.8042,-4.2737,216.0958,-1.1191,-12.4683,3.8292,0.8196,0.0323,-0.5721,0.9980,23,2.982583,0.0120,-0.0427
BiancaGolden_GrandPlies,-198.5973,-4.0599,216.0530,-0.4632,-11.9548,2.8036,0.8253,0.0108,-0.5646,0.9980,24,2.995573,0.0140,-0.0406
BiancaGolden_GrandPlies,-198.4064,-3.8266,215.9746,0.3248,-11.5103,1.9797,0.8315,0.0003,-0.5555,0.9980,24,3.009048,0.0159,-0.0383
BiancaGolden_GrandPlies,-198.2802,-3.4526,215.9091,0.8472,-11.3228,1.1669,0.8329,-0.0107,-0.5533,0.9980,25,3.023945,0.0172,-0.0345
BiancaGolden_GrandPlies,-198.1266,-3.0243,215.8335,1.0962,-11.1725,0.5178,0.8342,-0.0178,-0.5511,0.9980,25,3.037838,0.0187,-0.0302
BiancaGolden_GrandPlies,-197.9538,-2.5881,215.8358,1.4584,-11.0335,0.1937,0.8277,-0.0020,-0.5611,0.9980,25,3.052682,0.0205,-0.0259
BiancaGolden_GrandPlies,-197.7904,-2.0282,215.8265,1.6920,-10.8891,-0.0783,0.8252,0.0143,-0.5647,0.9980,26,3.066035,0.0221,-0.0203
BiancaGolden_GrandPlies,-197.6469,-1.4664,215.7753,1.7707,-10.9073,-0.1664,0.8218,0.0243,-0.5692,0.9980,26,3.079231,0.0235,-0.0147
BiancaGolden_GrandPlies,-197.5099,-0.8753,215.7181,1.8828,-10.9252,-0.2543,0.8198,0.0283,-0.5719,0.9980,27,3.093935,0.0249,-0.0088
BiancaGolden_GrandPlies,-197.3730,-0.2531,215.7132,1.9951,-11.0598,-0.2374,0.8196,0.0295,-0.5721,0.9980,27,3.107011,0.0263,-0.0025
BiancaGolden_GrandPlies,-197.2203,0.3819,215.7029,2.0622,-11.0736,-0.1235,0.8199,0.0314,-0.5716,0.9980,27,3.121367,0.0278,0.0038
BiancaGolden_GrandPlies,-197.0564,1.0203,215.7231,2.0957,-11.0446,-0.0266,0.8164,0.0426,-0.5759,0.9980,28,3.135780,0.0294,0.0102
BiancaGolden_GrandPlies,-196.8874,1.6604,215.7347,2.0618,-10.9140,0.1709,0.8143,0.0464,-0.5786,0.9980,28,3.148331,0.0311,0.0166
BiancaGolden_GrandPlies,-196.7486,2.3015,215.7310,1.9620,-10.7845,0.3209,0.8126,0.0506,-0.5806,0.9980,29,3.163015,0.0325,0.0230
BiancaGolden_GrandPlies,-196.6383,2.9298,215.7412,1.8035,-10.7634,0.4121,0.8119,0.0526,-0.5815,0.9980,29,3.177533,0.0336,0.0293
BiancaGolden_GrandPlies,-196.5330,3.5342,215.7758,1.7312,-10.8279,0.5110,0.8098,0.0574,-0.5839,0.9980,30,3.191484,0.0347,0.0353
BiancaGolden_GrandPlies,-196.4537,4.1337,215.7903,1.6594,-11.0080,0.5535,0.8066,0.0584,-0.5882,0.9980,30,3.204531,0.0355,0.0413
BiancaGolden_GrandPlies,-196.3854,4.7200,215.7813,1.5630,-11.2744,0.5899,0.8028,0.0596,-0.5932,0.9980,30,3.219778,0.0361,0.0472
BiancaGolden_GrandPlies,-196.3262,5.2865,215.7597,1.6059,-11.5787,0.6111,0.7988,0.0594,-0.5987,0.9980,31,3.232344,0.0367,0.0529
BiancaGolden_GrandPlies,-196.2756,5.8278,215.7395,1.6992,-11.8536,0.6651,0.7965,0.0568,-0.6020,0.9980,31,3.248839,0.0372,0.0583
BiancaGolden_GrandPlies,-196.2326,6.3927,215.7121,1.6668,-12.0017,0.6445,0.7951,0.0577,-0.6037,0.9980,32,3.260919,0.0377,0.0639
BiancaGolden_GrandPlies,-196.1856,6.9220,215.6630,1.5275,-12.1284,0.6327,0.7949,0.0581,-0.6039,0.9980,32,3.273832,0.0381,0.0692
BiancaGolden_GrandPlies,-196.1129,7.4140,215.6006,1.4346,-12.1516,0.6110,0.7956,0.0530,-0.6035,0.9980,33,3.289442,0.0389,0.0741
BiancaGolden_GrandPlies,-196.0484,7.8550,215.5700,1.4315,-12.1911,0.5658,0.7958,0.0518,-0.6033,0.9980,33,3.302433,0.0395,0.0785
BiancaGolden_GrandPlies,-195.9944,8.2980,215.5908,1.4787,-12.3775,0.5202,0.7952,0.0457,-0.6047,0.9980,33,3.316058,0.0401,0.0830
BiancaGolden_GrandPlies,-195.9025,8.6997,215.6443,1.5946,-12.6856,0.4846,0.7949,0.0324,-0.6059,0.9980,34,3.329418,0.0410,0.0870
BiancaGolden_GrandPlies,-195.7747,9.0589,215.6675,1.7419,-13.0335,0.4832,0.7940,0.0246,-0.6074,0.9980,34,3.342906,0.0423,0.0906
BiancaGolden_GrandPlies,-195.6401,9.4096,215.6410,1.8685,-13.2593,0.4444,0.7915,0.0231,-0.6108,0.9980,35,3.358089,0.0436,0.0941
BiancaGolden_GrandPlies,-195.5120,9.7419,215.5974,1.9490,-13.5081,0.3812,0.7887,0.0221,-0.6144,0.9980,35,3.372274,0.0449,0.0974
BiancaGolden_GrandPlies,-195.3624,10.0718,215.5628,2.0086,-13.7668,0.3419,0.7877,0.0195,-0.6158,0.9980,35,3.386130,0.0464,0.1007
BiancaGolden_GrandPlies,-195.1826,10.3848,215.5572,2.0232,-14.0615,0.3052,0.7908,0.0193,-0.6117,0.9980,36,3.399623,0.0482,0.1038
BiancaGolden_GrandPlies,-194.9714,10.7002,215.5659,1.9810,-14.2282,0.3027,0.7925,0.0201,-0.6095,0.9980,36,3.413166,0.0503,0.1070
BiancaGolden_GrandPlies,-194.7438,10.9800,215.5882,1.9408,-14.3483,0.3303,0.7922,0.0210,-0.6099,0.9980,37,3.427979,0.0526,0.1098
BiancaGolden_GrandPlies,-194.5005,11.2532,215.5961,1.9869,-14.3836,0.4002,0.7914,0.0215,-0.6109,0.9980,37,3.441488,0.0550,0.1125
BiancaGolden_GrandPlies,-194.2614,11.4911,215.5732,2.0589,-14.4475,0.4890,0.7923,0.0274,-0.6095,0.9980,38,3.455778,0.0574,0.1149
BiancaGolden_GrandPlies,-194.0104,11.7137,215.5765,2.1311,-14.6218,0.5788,0.7956,0.0281,-0.6052,0.9980,38,3.469401,0.0599,0.1171
BiancaGolden_GrandPlies,-193.7288,11.9294,215.5791,2.1725,-14.8068,0.6234,0.7958,0.0230,-0.6051,0.9980,38,3.484346,0.0627,0.1193
BiancaGolden_GrandPlies,-193.4345,12.1369,215.5611,2.1463,-14.8987,0.7003,0.7977,0.0228,-0.6026,0.9980,39,3.497980,0.0657,0.1214
BiancaGolden_GrandPlies,-193.1287,12.3278,215.5161,2.1628,-14.8845,0.8277,0.8012,0.0249,-0.5979,0.9980,39,3.510755,0.0687,0.1233
BiancaGolden_GrandPlies,-192.8219,12.5030,215.4813,2.1652,-14.8357,0.9647,0.8008,0.0275,-0.5983,0.9980,40,3.525583,0.0718,0.1250
BiancaGolden_GrandPlies,-192.5011,12.6560,215.4666,2.1292,-14.8707,1.1363,0.7993,0.0301,-0.6001,0.9980,40,3.539363,0.0750,0.1266
BiancaGolden_GrandPlies,-192.1713,12.7796,215.4556,2.0647,-15.0009,1.2934,0.7975,0.0320,-0.6024,0.9980,40,3.553488,0.0783,0.1278
BiancaGolden_GrandPlies,-191.8385,12.8823,215.4447,1.9901,-15.1658,1.3979,0.7952,0.0271,-0.6057,0.9980,41,3.566801,0.0816,0.1288
BiancaGolden_GrandPlies,-191.4742,12.9659,215.4476,1.9026,-15.3046,1.4790,0.7946,0.0291,-0.6064,0.9980,41,3.581017,0.0853,0.1297
BiancaGolden_GrandPlies,-191.0784,13.0339,215.4467,1.8036,-15.3601,1.5492,0.7901,0.0288,-0.6123,0.9980,42,3.595415,0.0892,0.1303
BiancaGolden_GrandPlies,-190.6829,13.0765,215.4148,1.6837,-15.3636,1.6378,0.7892,0.0311,-0.6134,0.9980,42,3.608739,0.0932,0.1308
BiancaGolden_GrandPlies,-190.3057,13.0996,215.3316,1.5331,-15.4451,1.7379,0.7863,0.0335,-0.6170,0.9980,43,3.623924,0.0969,0.1310
BiancaGolden_GrandPlies,-189.8980,13.1160,215.2229,1.3535,-15.6812,1.8153,0.7856,0.0267,-0.6182,0.9980,43,3.636918,0.1010,0.1312
BiancaGolden_GrandPlies,-189.4623,13.1059,215.1036,1.2430,-16.0274,1.9323,0.7821,0.0227,-0.6227,0.9980,43,3.650890,0.1054,0.1311
BiancaGolden_GrandPlies,-188.9517,13.0892,215.0422,1.1707,-16.4000,2.0430,0.7777,0.0233,-0.6282,0.9980,44,3.664563,0.1105,0.1309
BiancaGolden_GrandPlies,-188.3811,13.0550,214.9876,1.0981,-16.7308,2.1524,0.7749,0.0249,-0.6316,0.9980,44,3.677975,0.1162,0.1305
BiancaGolden_GrandPlies,-187.8125,13.0038,214.8901,1.0096,-16.9786,2.2410,0.7681,0.0257,-0.6398,0.9980,45,3.692929,0.1219,0.1300
BiancaGolden_GrandPlies,-187.2051,12.9185,214.7537,0.9750,-17.2804,2.3030,0.7651,0.0264,-0.6433,0.9980,45,3.707338,0.1279,0.1292
BiancaGolden_GrandPlies,-186.5864,12.8232,214.6144,0.9711,-17.5411,2.3664,0.7626,0.0276,-0.6462,0.9980,46,3.721872,0.1341,0.1282
BiancaGolden_GrandPlies,-185.9144,12.7102,214.4904,0.9224,-17.7580,2.3763,0.7708,0.0198,-0.6368,0.9980,46,3.734356,0.1409,0.1271
BiancaGolden_GrandPlies,-185.2072,12.5704,214.4023,0.8579,-17.8410,2.3539,0.7742,0.0168,-0.6327,0.9980,46,3.751829,0.1479,0.1257
BiancaGolden_GrandPlies,-184.4670,12.3959,214.3336,0.8784,-17.7672,2.3236,0.7767,0.0168,-0.6296,0.9980,47,3.762461,0.1553,0.1240
BiancaGolden_GrandPlies,-183.6851,12.1964,214.2324,0.8904,-17.5948,2.3330,0.7793,0.0167,-0.6265,0.9980,47,3.775255,0.1631,0.1220
BiancaGolden_GrandPlies,-182.9134,11.9782,214.1290,0.8830,-17.3275,2.2874,0.7880,0.0112,-0.6156,0.9980,48,3.790826,0.1709,0.1198
BiancaGolden_GrandPlies,-182.1124,11.7001,214.0264,0.8594,-17.1391,2.2239,0.8003,0.0090,-0.5996,0.9980,48,3.804055,0.1789,0.1170
BiancaGolden_GrandPlies,-181.3081,11.4100,213.9135,0.8248,-16.9375,2.0968,0.8222,0.0035,-0.5692,0.9980,48,3.818033,0.1869,0.1141
BiancaGolden_GrandPlies,-180.4758,11.0781,213.8171,0.7551,-16.6954,1.8323,0.8560,-0.0185,-0.5166,0.9980,49,3.831377,0.1952,0.1108
BiancaGolden_GrandPlies,-179.6056,10.6847,213.7242,0.8141,-16.3403,1.4798,0.8639,-0.0243,-0.5030,0.9980,49,3.845066,0.2039,0.1068
BiancaGolden_GrandPlies,-178.7471,10.2939,213.6352,0.9663,-16.0188,1.1337,0.8661,-0.0296,-0.4990,0.9980,50,3.859988,0.2125,0.1029
BiancaGolden_GrandPlies,-177.8704,9.8837,213.5738,1.1349,-15.7434,0.8028,0.8677,-0.0337,-0.4959,0.9980,50,3.873346,0.2213,0.0988
BiancaGolden_GrandPlies,-176.9873,9.4808,213.5176,1.2507,-15.5408,0.5655,0.8600,-0.0289,-0.5094,0.9980,50,3.887064,0.2301,0.0948
BiancaGolden_GrandPlies,-176.0953,9.0960,213.5022,1.1259,-15.5150,0.5245,0.8602,-0.0228,-0.5094,0.9980,51,3.900568,0.2390,0.0910
BiancaGolden_GrandPlies,-175.2344,8.7271,213.4766,0.9256,-15.4823,0.7970,0.8589,-0.0157,-0.5120,0.9980,51,3.914257,0.2477,0.0873
BiancaGolden_GrandPlies,-174.4594,8.3757,213.3650,0.6297,-15.5578,1.2520,0.8510,0.0076,-0.5251,0.9980,52,3.928933,0.2554,0.0838
BiancaGolden_GrandPlies,-173.6593,8.0843,213.3272,0.0010,-15.8237,1.9246,0.8469,0.0320,-0.5308,0.9980,52,3.942583,0.2634,0.0808
BiancaGolden_GrandPlies,-172.7993,7.7837,213.4878,-0.9405,-15.9531,2.6731,0.8457,0.0506,-0.5313,0.9980,53,3.956959,0.2720,0.0778
BiancaGolden_GrandPlies,-171.9178,7.4677,213.6558,-1.6024,-15.8512,3.2646,0.8484,0.0623,-0.5256,0.9980,53,3.970638,0.2808,0.0747
BiancaGolden_GrandPlies,-171.0553,7.1133,213.8365,-2.1853,-15.4381,3.9013,0.8486,0.0702,-0.5243,0.9980,53,3.985523,0.2894,0.0711
BiancaGolden_GrandPlies,-170.2696,6.7853,213.9308,-2.5877,-15.0751,4.2881,0.8513,0.0603,-0.5213,0.9980,54,3.999194,0.2973,0.0679
BiancaGolden_GrandPlies,-169.4558,6.4133,214.0861,-2.6343,-14.7295,4.6195,0.8510,0.0578,-0.5220,0.9980,54,4.011737,0.3054,0.0641
BiancaGolden_GrandPlies,-168.6389,6.0495,214.2763,-2.4961,-14.4245,4.8478,0.8527,0.0585,-0.5192,0.9980,55,4.026582,0.3136,0.0605
BiancaGolden_GrandPlies,-167.8840,5.6878,214.5054,-2.1631,-14.2369,4.9668,0.8524,0.0592,-0.5195,0.9980,55,4.041037,0.3212,0.0569
BiancaGolden_GrandPlies,-167.1660,5.3560,214.6490,-2.1407,-14.2560,5.0211,0.8452,0.0362,-0.5332,0.9980,56,4.055163,0.3283,0.0536
BiancaGolden_GrandPlies,-166.4964,5.0556,214.7297,-2.2482,-14.4460,4.9769,0.8359,0.0335,-0.5479,0.9980,56,4.068254,0.3350,0.0506
BiancaGolden_GrandPlies,-165.8451,4.7532,214.8378,-2.3379,-14.7538,4.8960,0.8347,0.0324,-0.5498,0.9980,56,4.082423,0.3415,0.0475
BiancaGolden_GrandPlies,-165.1934,4.4652,214.9450,-2.2737,-14.8853,4.8518,0.8315,0.0269,-0.5548,0.9980,57,4.095825,0.3481,0.0447
BiancaGolden_GrandPlies,-164.5333,4.1974,215.0401,-2.1545,-14.8605,4.7903,0.8273,0.0253,-0.5612,0.9980,57,4.108979,0.3547,0.0420
BiancaGolden_GrandPlies,-163.8793,3.9771,215.0967,-2.0559,-14.6320,4.7261,0.8299,0.0253,-0.5573,0.9980,58,4.124842,0.3612,0.0398
BiancaGolden_GrandPlies,-163.2113,3.7544,215.1670,-1.9408,-14.3940,4.7431,0.8308,0.0288,-0.5558,0.9980,58,4.137828,0.3679,0.0375
BiancaGolden_GrandPlies,-162.5451,3.5687,215.2447,-1.8755,-14.1446,4.8076,0.8289,0.0299,-0.5586,0.9980,58,4.151800,0.3745,0.0357
BiancaGolden_GrandPlies,-161.9210,3.4232,215.3239,-1.8699,-14.0465,4.8860,0.8274,0.0321,-0.5607,0.9980,59,4.166318,0.3808,0.0342
BiancaGolden_GrandPlies,-161.3325,3.2992,215.3468,-1.9096,-14.1884,5.0269,0.8172,0.0368,-0.5751,0.9980,59,4.179318,0.3867,0.0330
BiancaGolden_GrandPlies,-160.7277,3.1710,215.3632,-1.9899,-14.3352,5.1025,0.8141,0.0381,-0.5795,0.9980,60,4.195187,0.3927,0.0317
BiancaGolden_GrandPlies,-160.1135,3.0655,215.3534,-2.1464,-14.6338,5.1476,0.8100,0.0397,-0.5851,0.9980,60,4.209054,0.3989,0.0307
BiancaGolden_GrandPlies,-159.4935,2.9940,215.3513,-2.3333,-14.8597,5.1408,0.8035,0.0401,-0.5939,0.9980,61,4.222224,0.4051,0.0299
BiancaGolden_GrandPlies,-158.8860,2.9287,215.3629,-2.4600,-15.0906,5.1446,0.8008,0.0398,-0.5977,0.9980,61,4.235119,0.4111,0.0293
BiancaGolden_GrandPlies,-158.2653,2.9094,215.3831,-2.5269,-15.2866,5.0971,0.7992,0.0393,-0.5998,0.9980,61,4.254097,0.4173,0.0291
BiancaGolden_GrandPlies,-157.6876,2.8934,215.3556,-2.5634,-15.4404,5.0587,0.7942,0.0375,-0.6065,0.9980,62,4.263817,0.4231,0.0289
BiancaGolden_GrandPlies,-157.1161,2.8959,215.3150,-2.4759,-15.6472,5.0558,0.7922,0.0367,-0.6092,0.9980,62,4.275435,0.4288,0.0290
BiancaGolden_GrandPlies,-156.5385,2.9225,215.2862,-2.3366,-15.8484,5.0737,0.7901,0.0362,-0.6119,0.9980,63,4.290781,0.4346,0.0292
BiancaGolden_GrandPlies,-155.9597,2.9714,215.2675,-2.1815,-16.0522,5.1211,0.7822,0.0357,-0.6219,0.9980,63,4.305377,0.4404,0.0297
BiancaGolden_GrandPlies,-155.3549,3.0443,215.2505,-2.1142,-16.2133,5.1231,0.7823,0.0352,-0.6219,0.9980,63,4.318527,0.4465,0.0304
BiancaGolden_GrandPlies,-154.7403,3.1407,215.2359,-2.0990,-16.3056,5.1215,0.7811,0.0352,-0.6234,0.9980,64,4.332178,0.4526,0.0314
BiancaGolden_GrandPlies,-154.1032,3.2513,215.2191,-2.0572,-16.3338,5.1204,0.7817,0.0344,-0.6227,0.9980,64,4.345283,0.4590,0.0325
BiancaGolden_GrandPlies,-153.4811,3.3897,215.1652,-1.9861,-16.2824,5.0909,0.7815,0.0340,-0.6229,0.9980,65,4.360360,0.4652,0.0339
BiancaGolden_GrandPlies,-152.8593,3.5632,215.0925,-2.0694,-16.2966,5.0212,0.7768,0.0310,-0.6290,0.9980,65,4.373768,0.4714,0.0356
BiancaGolden_GrandPlies,-152.2285,3.7350,215.0287,-2.1522,-16.3897,4.9108,0.7758,0.0259,-0.6305,0.9980,65,4.388101,0.4777,0.0373
BiancaGolden_GrandPlies,-151.5687,3.9104,214.9993,-2.1199,-16.5021,4.8087,0.7762,0.0232,-0.6301,0.9980,66,4.402223,0.4843,0.0391
BiancaGolden_GrandPlies,-150.9142,4.1190,214.9533,-1.9938,-16.5787,4.6433,0.7756,0.0208,-0.6308,0.9980,66,4.416575,0.4909,0.0412
BiancaGolden_GrandPlies,-150.2744,4.3551,214.8846,-1.9630,-16.6387,4.4492,0.7749,0.0167,-0.6319,0.9980,67,4.431012,0.4973,0.0436
BiancaGolden_GrandPlies,-149.6109,4.6133,214.8118,-1.9371,-16.7162,4.1644,0.7749,0.0112,-0.6320,0.9980,67,4.443811,0.5039,0.0461
BiancaGolden_GrandPlies,-148.9236,4.8601,214.7411,-1.7785,-16.7306,3.8342,0.7743,0.0034,-0.6328,0.9980,68,4.458208,0.5108,0.0486
BiancaGolden_GrandPlies,-148.2314,5.1254,214.6534,-1.4621,-16.6485,3.4483,0.7779,0.0014,-0.6284,0.9980,68,4.471931,0.5177,0.0513
BiancaGolden_GrandPlies,-147.5396,5.4137,214.5518,-1.1332,-16.5028,2.9946,0.7784,-0.0063,-0.6278,0.9980,68,4.486008,0.5246,0.0541
BiancaGolden_GrandPlies,-146.8482,5.7406,214.4445,-0.8544,-16.1925,2.4943,0.7797,-0.0131,-0.6260,0.9980,69,4.499470,0.5315,0.0574
BiancaGolden_GrandPlies,-146.1699,6.0718,214.3569,-0.7061,-15.9049,1.9937,0.7812,-0.0137,-0.6242,0.9980,69,4.512999,0.5383,0.0607
BiancaGolden_GrandPlies,-145.4707,6.4287,214.2883,-0.6504,-15.5266,1.3155,0.7843,-0.0237,-0.6199,0.9980,70,4.527818,0.5453,0.0643
BiancaGolden_GrandPlies,-144.7840,6.7914,214.2477,-0.5519,-15.2209,0.6609,0.7774,-0.0244,-0.6286,0.9980,70,4.541338,0.5522,0.0679
BiancaGolden_GrandPlies,-144.1076,7.1806,214.2082,-0.4317,-14.9887,0.0757,0.7720,-0.0223,-0.6352,0.9980,71,4.555605,0.5589,0.0718
BiancaGolden_GrandPlies,-143.4312,7.6168,214.1483,-0.2242,-14.8364,-0.4888,0.7678,-0.0266,-0.6402,0.9980,71,4.569954,0.5657,0.0762
BiancaGolden_GrandPlies,-142.7768,8.0889,214.0711,-0.0435,-14.7960,-0.9846,0.7666,-0.0288,-0.6415,0.9980,71,4.583414,0.5722,0.0809
BiancaGolden_GrandPlies,-142.1066,8.5873,213.9954,0.1389,-14.7346,-1.4481,0.7582,-0.0235,-0.6516,0.9980,72,4.597870,0.5789,0.0859
BiancaGolden_GrandPlies,-141.4279,9.1032,213.9355,0.2487,-14.6952,-1.8172,0.7586,-0.0287,-0.6509,0.9980,72,4.610224,0.5857,0.0910
BiancaGolden_GrandPlies,-140.7337,9.6602,213.8898,0.2988,-14.6413,-2.1810,0.7553,-0.0321,-0.6546,0.9980,73,4.625434,0.5927,0.0966
BiancaGolden_GrandPlies,-140.0216,10.2182,213.8650,0.3414,-14.6278,-2.4741,0.7536,-0.0274,-0.6568,0.9980,73,4.638892,0.5998,0.1022
BiancaGolden_GrandPlies,-139.2696,10.7737,213.8972,0.4353,-14.6511,-2.7590,0.7448,-0.0153,-0.6672,0.9980,73,4.653348,0.6073,0.1077
BiancaGolden_GrandPlies,-138.4702,11.3416,213.9749,0.4217,-14.6119,-3.0781,0.7413,-0.0158,-0.6710,0.9980,74,4.666760,0.6153,0.1134
BiancaGolden_GrandPlies,-137.7383,11.9186,213.9402,0.3006,-14.5486,-3.3874,0.7408,-0.0194,-0.6715,0.9980,74,4.680074,0.6226,0.1192
BiancaGolden_GrandPlies,-137.0151,12.4884,213.8542,0.2053,-14.6037,-3.7101,0.7339,-0.0218,-0.6789,0.9980,75,4.695307,0.6298,0.1249
BiancaGolden_GrandPlies,-136.2525,13.0524,213.8595,0.0832,-14.6083,-4.0070,0.7348,-0.0255,-0.6778,0.9980,75,4.709645,0.6375,0.1305
BiancaGolden_GrandPlies,-135.5216,13.6351,213.8641,-0.0627,-14.4947,-4.3819,0.7321,-0.0220,-0.6809,0.9980,76,4.724139,0.6448,0.1364
BiancaGolden_GrandPlies,-134.8442,14.1836,213.7696,-0.1772,-14.4442,-4.7370,0.7318,-0.0216,-0.6812,0.9980,76,4.736126,0.6516,0.1418
BiancaGolden_GrandPlies,-134.1659,14.7198,213.7202,-0.2038,-14.4583,-5.0797,0.7274,-0.0260,-0.6857,0.9980,76,4.753940,0.6583,0.1472
BiancaGolden_GrandPlies,-133.4892,15.2385,213.7567,-0.1079,-14.5596,-5.4375,0.7247,-0.0304,-0.6884,0.9980,77,4.764268,0.6651,0.1524
BiancaGolden_GrandPlies,-132.8137,15.7513,213.8415,-0.0376,-14.7546,-5.7737,0.7196,-0.0344,-0.6935,0.9980,77,4.777915,0.6719,0.1575
BiancaGolden_GrandPlies,-132.1520,16.2454,213.9351,0.0143,-14.9990,-6.0779,0.7115,-0.0420,-0.7014,0.9980,78,4.793742,0.6785,0.1625
BiancaGolden_GrandPlies,-131.5305,16.6981,214.0474,0.0808,-15.3101,-6.3248,0.7053,-0.0455,-0.7074,0.9980,78,4.805237,0.6847,0.1670
BiancaGolden_GrandPlies,-130.9322,17.1313,214.1246,0.1550,-15.5391,-6.6123,0.6955,-0.0486,-0.7169,0.9980,78,4.820520,0.6907,0.1713
BiancaGolden_GrandPlies,-130.3614,17.5501,214.1943,0.2305,-15.7441,-6.8967,0.6940,-0.0524,-0.7181,0.9980,79,4.834259,0.6964,0.1755
BiancaGolden_GrandPlies,-129.7727,17.9497,214.3248,0.2910,-15.8423,-7.1801,0.6937,-0.0593,-0.7178,0.9980,79,4.846411,0.7023,0.1795
BiancaGolden_GrandPlies,-129.2090,18.3382,214.4839,0.2897,-15.8433,-7.4428,0.6941,-0.0623,-0.7171,0.9980,80,4.862090,0.7079,0.1834
BiancaGolden_GrandPlies,-128.6814,18.6952,214.6122,0.2637,-15.7587,-7.6925,0.6946,-0.0702,-0.7160,0.9980,80,4.876305,0.7132,0.1870
BiancaGolden_GrandPlies,-128.1602,19.0116,214.7329,0.2972,-15.6881,-7.8799,0.6943,-0.0852,-0.7146,0.9980,81,4.890594,0.7184,0.1901
BiancaGolden_GrandPlies,-127.6473,19.2999,214.8519,0.3546,-15.6124,-8.1057,0.7053,-0.0898,-0.7032,0.9980,81,4.902554,0.7235,0.1930
BiancaGolden_GrandPlies,-127.1429,19.5498,214.9914,0.3327,-15.5459,-8.3073,0.6933,-0.1221,-0.7102,0.9980,81,4.916974,0.7286,0.1955
BiancaGolden_GrandPlies,-126.6645,19.8109,215.1016,0.2638,-15.4950,-8.5727,0.6926,-0.1250,-0.7104,0.9980,82,4.930980,0.7334,0.1981
BiancaGolden_GrandPlies,-126.2265,20.0217,215.1753,0.1060,-15.5099,-8.8043,0.6912,-0.1263,-0.7115,0.9980,82,4.944981,0.7377,0.2002
BiancaGolden_GrandPlies,-125.7940,20.2204,215.2555,-0.0993,-15.5982,-9.0774,0.6865,-0.1421,-0.7131,0.9980,83,4.958891,0.7421,0.2022
BiancaGolden_GrandPlies,-125.3258,20.3622,215.3784,-0.1926,-15.7393,-9.3420,0.6965,-0.1329,-0.7052,0.9980,83,4.972478,0.7467,0.2036
BiancaGolden_GrandPlies,-124.8603,20.5160,215.4840,-0.2515,-15.6846,-9.6432,0.6946,-0.1493,-0.7037,0.9980,83,4.986938,0.7514,0.2052
BiancaGolden_GrandPlies,-124.4153,20.6351,215.5424,-0.3535,-15.5769,-9.9197,0.6987,-0.1378,-0.7021,0.9980,84,5.000651,0.7558,0.2064
BiancaGolden_GrandPlies,-123.9896,20.7282,215.5804,-0.4161,-15.4712,-10.1350,0.6933,-0.1471,-0.7054,0.9980,84,5.014029,0.7601,0.2073
BiancaGolden_GrandPlies,-123.5737,20.8108,215.5974,-0.4026,-15.3779,-10.3611,0.6926,-0.1494,-0.7056,0.9980,85,5.029137,0.7643,0.2081
BiancaGolden_GrandPlies,-123.1728,20.8857,215.6130,-0.4580,-15.3858,-10.5979,0.6966,-0.1465,-0.7023,0.9980,85,5.043357,0.7683,0.2089
BiancaGolden_GrandPlies,-122.7539,20.9432,215.6304,-0.5817,-15.4303,-10.8505,0.6955,-0.1479,-0.7032,0.9980,86,5.056813,0.7725,0.2094
BiancaGolden_GrandPlies,-122.3430,20.9874,215.6286,-0.7495,-15.4942,-11.0926,0.6960,-0.1420,-0.7038,0.9980,86,5.070979,0.7766,0.2099
BiancaGolden_GrandPlies,-121.9137,21.0098,215.6187,-0.8956,-15.5499,-11.3215,0.6950,-0.1436,-0.7046,0.9980,86,5.084559,0.7809,0.2101
BiancaGolden_GrandPlies,-121.4732,21.0027,215.6092,-1.0092,-15.6070,-11.5461,0.6951,-0.1412,-0.7049,0.9980,87,5.099322,0.7853,0.2100
BiancaGolden_GrandPlies,-121.0012,20.9832,215.5797,-1.0778,-15.6001,-11.7533,0.6956,-0.1394,-0.7048,0.9980,87,5.112310,0.7900,0.2098
BiancaGolden_GrandPlies,-120.5358,20.9532,215.5458,-1.1652,-15.5979,-11.9702,0.6942,-0.1446,-0.7051,0.9980,88,5.127133,0.7946,0.2095
BiancaGolden_GrandPlies,-120.0573,20.8927,215.4804,-1.1886,-15.6181,-12.1158,0.6921,-0.1357,-0.7090,0.9980,88,5.139581,0.7994,0.2089
BiancaGolden_GrandPlies,-119.5605,20.8189,215.4298,-1.1646,-15.7113,-12.2494,0.6896,-0.1334,-0.7118,0.9980,88,5.153717,0.8044,0.2082
BiancaGolden_GrandPlies,-119.0363,20.7303,215.3721,-1.0938,-15.8914,-12.2900,0.6874,-0.1318,-0.7142,0.9980,89,5.167644,0.8096,0.2073
BiancaGolden_GrandPlies,-118.4875,20.6262,215.2996,-1.0536,-16.1445,-12.3173,0.6837,-0.1312,-0.7178,0.9980,89,5.181659,0.8151,0.2063
BiancaGolden_GrandPlies,-117.9536,20.5184,215.1927,-1.0420,-16.4359,-12.3269,0.6791,-0.1305,-0.7223,0.9980,90,5.196024,0.8205,0.2052
BiancaGolden_GrandPlies,-117.4077,20.3931,215.0774,-1.0016,-16.8051,-12.3206,0.6775,-0.1297,-0.7240,0.9980,90,5.209290,0.8259,0.2039
BiancaGolden_GrandPlies,-116.8271,20.2229,214.9673,-0.9888,-17.1999,-12.2687,0.6725,-0.1344,-0.7277,0.9980,91,5.224495,0.8317,0.2022
BiancaGolden_GrandPlies,-116.2207,20.0460,214.8952,-1.0233,-17.4985,-12.2316,0.6705,-0.1330,-0.7299,0.9980,91,5.237867,0.8378,0.2005
BiancaGolden_GrandPlies,-115.5870,19.8326,214.8241,-1.0756,-17.7147,-12.1846,0.6715,-0.1214,-0.7310,0.9980,91,5.254559,0.8441,0.1983
BiancaGolden_GrandPlies,-114.9332,19.6085,214.7458,-1.1605,-17.8609,-12.0919,0.6710,-0.1179,-0.7320,0.9980,92,5.265847,0.8507,0.1961
BiancaGolden_GrandPlies,-114.2554,19.3407,214.6313,-1.2960,-17.9179,-11.9683,0.6705,-0.1160,-0.7328,0.9980,92,5.278592,0.8574,0.1934
BiancaGolden_GrandPlies,-113.5962,19.0647,214.4714,-1.3431,-17.9819,-11.8491,0.6712,-0.1139,-0.7325,0.9980,93,5.293561,0.8640,0.1906
BiancaGolden_GrandPlies,-112.9084,18.7348,214.2946,-1.3359,-18.0262,-11.6618,0.6706,-0.1140,-0.7330,0.9980,93,5.306241,0.8709,0.1873
BiancaGolden_GrandPlies,-112.1678,18.3900,214.1602,-1.3872,-18.0667,-11.5069,0.6706,-0.1104,-0.7336,0.9980,93,5.320697,0.8783,0.1839
BiancaGolden_GrandPlies,-111.3673,18.0132,214.0529,-1.5513,-18.0650,-11.3307,0.6715,-0.1060,-0.7334,0.9980,94,5.335452,0.8863,0.1801
BiancaGolden_GrandPlies,-110.5441,17.5941,213.8932,-1.7318,-18.0629,-11.1360,0.6735,-0.1029,-0.7320,0.9980,94,5.348713,0.8946,0.1759
BiancaGolden_GrandPlies,-109.6882,17.1184,213.6941,-1.7099,-18.0631,-10.8222,0.6733,-0.0995,-0.7327,0.9980,95,5.362739,0.9031,0.1712
BiancaGolden_GrandPlies,-108.8295,16.6573,213.4798,-1.6804,-18.1067,-10.5613,0.6725,-0.0925,-0.7343,0.9980,95,5.376411,0.9117,0.1666
BiancaGolden_GrandPlies,-107.9542,16.1489,213.2227,-1.8401,-18.2398,-10.2313,0.6636,-0.0855,-0.7432,0.9980,96,5.390683,0.9205,0.1615
BiancaGolden_GrandPlies,-107.0497,15.5891,212.9520,-2.0015,-18.5505,-9.8885,0.6569,-0.0776,-0.7500,0.9980,96,5.404012,0.9295,0.1559
BiancaGolden_GrandPlies,-106.1757,15.0548,212.6673,-2.2969,-18.8919,-9.5519,0.6518,-0.0699,-0.7552,0.9980,96,5.418649,0.9382,0.1505
BiancaGolden_GrandPlies,-105.3044,14.5116,212.3922,-2.6866,-19.3272,-9.2451,0.6459,-0.0650,-0.7607,0.9980,97,5.432635,0.9470,0.1451
BiancaGolden_GrandPlies,-104.4576,13.9294,212.1257,-3.2708,-19.8510,-8.9266,0.6396,-0.0557,-0.7667,0.9980,97,5.445693,0.9554,0.1393
BiancaGolden_GrandPlies,-103.5724,13.3420,211.9155,-3.8851,-20.4186,-8.6671,0.6289,-0.0522,-0.7757,0.9980,98,5.460373,0.9643,0.1334
BiancaGolden_GrandPlies,-102.6089,12.7251,211.8204,-4.4500,-20.8727,-8.4338,0.6264,-0.0399,-0.7785,0.9980,98,5.473875,0.9739,0.1273
BiancaGolden_GrandPlies,-101.6725,12.1285,211.7430,-4.9874,-21.1966,-8.2198,0.6255,-0.0387,-0.7793,0.9980,99,5.488869,0.9833,0.1213
BiancaGolden_GrandPlies,-100.8645,11.5435,211.5519,-5.4630,-21.3995,-8.0546,0.6277,-0.0367,-0.7776,0.9980,99,5.502704,0.9914,0.1154
BiancaGolden_GrandPlies,-100.1335,10.9762,211.3072,-5.7780,-21.6390,-7.8209,0.6293,-0.0337,-0.7764,0.9980,99,5.516996,0.9987,0.1098
BiancaGolden_GrandPlies,-99.3253,10.4480,211.2081,-6.0451,-21.8654,-7.6658,0.6285,-0.0289,-0.7773,0.9980,100,5.530525,1.0067,0.1045
BiancaGolden_GrandPlies,-98.5034,9.9211,211.2533,-6.2874,-21.9415,-7.4468,0.6295,-0.0313,-0.7763,0.9980,100,5.542804,1.0150,0.0992
BiancaGolden_GrandPlies,-97.7017,9.4095,211.3753,-6.4425,-21.9157,-7.2446,0.6375,-0.0295,-0.7699,0.9980,101,5.558356,1.0230,0.0941
BiancaGolden_GrandPlies,-96.9584,8.8829,211.4113,-6.5782,-21.8870,-7.0121,0.6349,-0.0336,-0.7718,0.9980,101,5.570932,1.0304,0.0888
BiancaGolden_GrandPlies,-96.2721,8.3775,211.4128,-6.4982,-21.7927,-6.7994,0.6404,-0.0334,-0.7673,0.9980,101,5.585093,1.0373,0.0838
BiancaGolden_GrandPlies,-95.6095,7.9094,211.4651,-6.3961,-21.6931,-6.5959,0.6413,-0.0316,-0.7666,0.9980,102,5.599349,1.0439,0.0791
BiancaGolden_GrandPlies,-94.9466,7.4715,211.6092,-6.4440,-21.6341,-6.4658,0.6432,-0.0300,-0.7651,0.9980,102,5.612057,1.0505,0.0747
BiancaGolden_GrandPlies,-94.2892,7.0512,211.7801,-6.6248,-21.5003,-6.3537,0.6438,-0.0304,-0.7646,0.9980,103,5.628157,1.0571,0.0705
BiancaGolden_GrandPlies,-93.6594,6.6539,211.9707,-6.8326,-21.4407,-6.2285,0.6444,-0.0268,-0.7642,0.9980,103,5.641551,1.0634,0.0665
BiancaGolden_GrandPlies,-93.0686,6.2987,212.1754,-7.0616,-21.3744,-6.0870,0.6427,-0.0224,-0.7658,0.9980,103,5.654894,1.0693,0.0630
BiancaGolden_GrandPlies,-92.5083,6.0015,212.3938,-7.3115,-21.2722,-5.9274,0.6456,-0.0215,-0.7634,0.9980,104,5.668456,1.0749,0.0600
BiancaGolden_GrandPlies,-91.9466,5.7301,212.6052,-7.4865,-21.0502,-5.7425,0.6513,-0.0196,-0.7585,0.9980,104,5.682087,1.0805,0.0573
BiancaGolden_GrandPlies,-91.3761,5.4802,212.8249,-7.5180,-20.7046,-5.5060,0.6581,-0.0181,-0.7527,0.9980,105,5.696827,1.0862,0.0548
BiancaGolden_GrandPlies,-90.8373,5.2693,212.9944,-7.4070,-20.1859,-5.2388,0.6648,-0.0168,-0.7468,0.9980,105,5.711560,1.0916,0.0527
BiancaGolden_GrandPlies,-90.2989,5.0819,213.1349,-7.1802,-19.6675,-4.9346,0.6710,-0.0161,-0.7413,0.9980,106,5.725645,1.0970,0.0508
BiancaGolden_GrandPlies,-89.7701,4.9257,213.2443,-6.9491,-19.1706,-4.5986,0.6698,-0.0124,-0.7424,0.9980,106,5.738763,1.1023,0.0493
BiancaGolden_GrandPlies,-89.2695,4.7991,213.3609,-6.7260,-18.8726,-4.2548,0.6660,-0.0095,-0.7459,0.9980,107,5.756043,1.1073,0.0480
BiancaGolden_GrandPlies,-88.7529,4.6796,213.4865,-6.5299,-18.6997,-3.8957,0.6665,-0.0070,-0.7454,0.9980,107,5.766260,1.1125,0.0468
BiancaGolden_GrandPlies,-88.2757,4.5665,213.6221,-6.3412,-18.6502,-3.5428,0.6604,-0.0065,-0.7509,0.9980,107,5.780187,1.1172,0.0457
BiancaGolden_GrandPlies,-87.7771,4.4894,213.6877,-6.2119,-18.6417,-3.2655,0.6526,-0.0073,-0.7576,0.9980,108,5.793424,1.1222,0.0449
BiancaGolden_GrandPlies,-87.2869,4.4581,213.7028,-6.1364,-18.8034,-2.9840,0.6497,-0.0143,-0.7601,0.9980,108,5.807450,1.1271,0.0446
BiancaGolden_GrandPlies,-86.7789,4.4366,213.7496,-6.1080,-18.9028,-2.6561,0.6471,-0.0117,-0.7623,0.9980,108,5.821548,1.1322,0.0444
BiancaGolden_GrandPlies,-86.2690,4.4275,213.8321,-6.1047,-19.0787,-2.3434,0.6413,-0.0085,-0.7672,0.9980,109,5.836098,1.1373,0.0443
BiancaGolden_GrandPlies,-85.7495,4.4228,213.9245,-6.0538,-19.1915,-2.0885,0.6442,-0.0086,-0.7648,0.9980,109,5.848204,1.1425,0.0442
BiancaGolden_GrandPlies,-85.2342,4.4298,213.9864,-5.8653,-19.2961,-1.8857,0.6435,-0.0079,-0.7654,0.9980,110,5.863099,1.1477,0.0443
BiancaGolden_GrandPlies,-84.7147,4.4623,213.9926,-5.6779,-19.3503,-1.6776,0.6402,-0.0078,-0.7682,0.9980,110,5.877906,1.1529,0.0446
BiancaGolden_GrandPlies,-84.1882,4.5137,214.0372,-5.5195,-19.3218,-1.5206,0.6436,-0.0096,-0.7653,0.9980,111,5.891276,1.1581,0.0451
BiancaGolden_GrandPlies,-83.6479,4.5812,214.0774,-5.4116,-19.2379,-1.3742,0.6417,-0.0115,-0.7668,0.9980,111,5.903955,1.1635,0.0458
BiancaGolden_GrandPlies,-83.0917,4.6640,214.1379,-5.3333,-19.1729,-1.2663,0.6440,-0.0144,-0.7649,0.9980,111,5.919678,1.1691,0.0466
BiancaGolden_GrandPlies,-82.5418,4.7546,214.1525,-5.2280,-19.1550,-1.1185,0.6499,-0.0147,-0.7599,0.9980,112,5.932426,1.1746,0.0475
BiancaGolden_GrandPlies,-81.9537,4.8531,214.1963,-5.0861,-19.1551,-0.9764,0.6514,-0.0158,-0.7585,0.9980,112,5.946224,1.1805,0.0485
BiancaGolden_GrandPlies,-81.3523,4.9535,214.2205,-4.9365,-19.0644,-0.9142,0.6543,-0.0127,-0.7561,0.9980,113,5.960246,1.1865,0.0495
BiancaGolden_GrandPlies,-80.7455,5.0749,214.1991,-4.7597,-18.8411,-0.9046,0.6510,-0.0133,-0.7590,0.9980,113,5.973553,1.1925,0.0507
BiancaGolden_GrandPlies,-80.1537,5.2111,214.1705,-4.6072,-18.7271,-0.9432,0.6514,-0.0170,-0.7586,0.9980,113,5.988068,1.1985,0.0521
BiancaGolden_GrandPlies,-79.5321,5.3474,214.1194,-4.3668,-18.6396,-1.0208,0.6502,-0.0200,-0.7595,0.9980,114,6.001576,1.2047,0.0535
BiancaGolden_GrandPlies,-78.9153,5.4824,214.0388,-4.0653,-18.5573,-1.1118,0.6501,-0.0234,-0.7595,0.9980,114,6.015877,1.2108,0.0548
BiancaGolden_GrandPlies,-78.2992,5.6554,213.8949,-3.8305,-18.5304,-1.2827,0.6488,-0.0263,-0.7605,0.9980,115,6.029854,1.2170,0.0566
BiancaGolden_GrandPlies,-77.6916,5.8253,213.7354,-3.6786,-18.6484,-1.4432,0.6460,-0.0274,-0.7629,0.9980,115,6.043480,1.2231,0.0583
BiancaGolden_GrandPlies,-77.0897,6.0157,213.5967,-3.5568,-18.8715,-1.5902,0.6450,-0.0318,-0.7635,0.9980,116,6.057950,1.2291,0.0602
BiancaGolden_GrandPlies,-76.4568,6.2237,213.4552,-3.4753,-19.2088,-1.7529,0.6420,-0.0285,-0.7662,0.9980,116,6.071959,1.2354,0.0622
BiancaGolden_GrandPlies,-75.8550,6.4470,213.2789,-3.4425,-19.4621,-1.9188,0.6345,-0.0282,-0.7724,0.9980,116,6.086024,1.2415,0.0645
BiancaGolden_GrandPlies,-75.2476,6.6834,213.0907,-3.4479,-19.6509,-2.1101,0.6326,-0.0300,-0.7739,0.9980,117,6.098591,1.2475,0.0668
BiancaGolden_GrandPlies,-74.6300,6.9142,212.9342,-3.4633,-19.7870,-2.3224,0.6326,-0.0333,-0.7738,0.9980,117,6.112226,1.2537,0.0691
BiancaGolden_GrandPlies,-73.9771,7.1845,212.8120,-3.4553,-19.7780,-2.6197,0.6373,-0.0365,-0.7697,0.9980,118,6.126829,1.2602,0.0718
BiancaGolden_GrandPlies,-73.3563,7.4910,212.6711,-3.4821,-19.7202,-2.9314,0.6394,-0.0381,-0.7679,0.9980,118,6.140301,1.2664,0.0749
BiancaGolden_GrandPlies,-72.7614,7.8128,212.5197,-3.5175,-19.8233,-3.2500,0.6359,-0.0421,-0.7706,0.9980,119,6.155614,1.2724,0.0781
BiancaGolden_GrandPlies,-72.1569,8.1550,212.4090,-3.4551,-20.0245,-3.6029,0.6366,-0.0437,-0.7700,0.9980,119,6.168337,1.2784,0.0816
BiancaGolden_GrandPlies,-71.5272,8.5000,212.3099,-3.2707,-20.1585,-3.9480,0.6328,-0.0548,-0.7723,0.9980,119,6.182273,1.2847,0.0850
BiancaGolden_GrandPlies,-70.8775,8.8563,212.2035,-3.0059,-20.1868,-4.3169,0.6326,-0.0621,-0.7720,0.9980,120,6.196851,1.2912,0.0886
BiancaGolden_GrandPlies,-70.2104,9.2334,212.1134,-2.6880,-20.1562,-4.7179,0.6405,-0.0707,-0.7647,0.9980,120,6.210455,1.2979,0.0923
BiancaGolden_GrandPlies,-69.4998,9.6121,212.0683,-2.4153,-20.1222,-5.1469,0.6409,-0.0778,-0.7637,0.9980,121,6.224873,1.3050,0.0961
BiancaGolden_GrandPlies,-68.7114,9.9999,212.1331,-2.1853,-20.0263,-5.5989,0.6459,-0.0680,-0.7604,0.9980,121,6.239073,1.3129,0.1000
BiancaGolden_GrandPlies,-67.8893,10.4161,212.2506,-2.1403,-19.6844,-6.0690,0.6508,-0.0697,-0.7561,0.9980,122,6.255607,1.3211,0.1042
BiancaGolden_GrandPlies,-67.1664,10.8612,212.2130,-2.0848,-19.3148,-6.5131,0.6526,-0.0755,-0.7540,0.9980,122,6.266611,1.3283,0.1086
BiancaGolden_GrandPlies,-66.4557,11.2681,212.1646,-1.9418,-19.1310,-6.8886,0.6512,-0.0680,-0.7559,0.9980,122,6.280241,1.3354,0.1127
BiancaGolden_GrandPlies,-65.6717,11.6625,212.2236,-1.8051,-18.8902,-7.1583,0.6534,-0.0733,-0.7535,0.9980,123,6.293354,1.3433,0.1166
BiancaGolden_GrandPlies,-64.9500,12.0936,212.3005,-1.7551,-18.6720,-7.5406,0.6543,-0.0718,-0.7528,0.9980,123,6.305824,1.3505,0.1209
BiancaGolden_GrandPlies,-64.2686,12.4984,212.2902,-1.7388,-18.6342,-7.9251,0.6524,-0.0750,-0.7542,0.9980,123,6.320829,1.3573,0.1250
BiancaGolden_GrandPlies,-63.6221,12.8933,212.2460,-1.7523,-18.6572,-8.2548,0.6517,-0.0738,-0.7548,0.9980,124,6.334135,1.3638,0.1289
BiancaGolden_GrandPlies,-62.9426,13.2736,212.2524,-1.6138,-18.6839,-8.6081,0.6446,-0.0704,-0.7612,0.9980,124,6.346995,1.3706,0.1327
BiancaGolden_GrandPlies,-62.2552,13.6720,212.3799,-1.6567,-18.7620,-8.9491,0.6424,-0.0732,-0.7629,0.9980,125,6.363381,1.3774,0.1367
BiancaGolden_GrandPlies,-61.5859,14.0671,212.5285,-1.7469,-18.8838,-9.3015,0.6368,-0.0777,-0.7671,0.9980,125,6.376183,1.3841,0.1407
BiancaGolden_GrandPlies,-60.9450,14.4261,212.6383,-1.8441,-19.0802,-9.5808,0.6313,-0.0801,-0.7714,0.9980,126,6.390343,1.3905,0.1443
BiancaGolden_GrandPlies,-60.3360,14.7762,212.7562,-1.8064,-19.3254,-9.8744,0.6258,-0.0825,-0.7756,0.9980,126,6.403502,1.3966,0.1478
BiancaGolden_GrandPlies,-59.7305,15.0993,212.9006,-1.7652,-19.5864,-10.1202,0.6175,-0.0848,-0.7820,0.9980,126,6.418661,1.4027,0.1510
BiancaGolden_GrandPlies,-59.1217,15.4377,213.0273,-1.7029,-19.6725,-10.4579,0.6174,-0.0886,-0.7816,0.9980,127,6.431515,1.4088,0.1544
BiancaGolden_GrandPlies,-58.5440,15.7489,213.1301,-1.6945,-19.7292,-10.7441,0.6171,-0.0923,-0.7814,0.9980,127,6.446190,1.4146,0.1575
BiancaGolden_GrandPlies,-57.9464,16.0085,213.2520,-1.5784,-19.7043,-10.9925,0.6164,-0.0977,-0.7813,0.9980,128,6.460046,1.4205,0.1601
BiancaGolden_GrandPlies,-57.3728,16.2438,213.3567,-1.4092,-19.6846,-11.2455,0.6150,-0.1010,-0.7820,0.9980,128,6.473609,1.4263,0.1624
BiancaGolden_GrandPlies,-56.8596,16.5030,213.4345,-1.3782,-19.7458,-11.5119,0.6161,-0.1037,-0.7808,0.9980,128,6.488036,1.4314,0.1650
BiancaGolden_GrandPlies,-56.3129,16.7172,213.4895,-1.3905,-19.8472,-11.7282,0.6151,-0.1028,-0.7817,0.9980,129,6.501230,1.4369,0.1672
BiancaGolden_GrandPlies,-55.8087,16.9100,213.5313,-1.3336,-19.9114,-11.8722,0.6123,-0.1041,-0.7838,0.9980,129,6.513864,1.4419,0.1691
BiancaGolden_GrandPlies,-55.2836,17.0911,213.6158,-1.3554,-20.1069,-12.0498,0.6095,-0.1051,-0.7858,0.9980,130,6.528728,1.4472,0.1709
BiancaGolden_GrandPlies,-54.7601,17.2324,213.6938,-1.3613,-20.2924,-12.1930,0.6060,-0.1040,-0.7886,0.9980,130,6.542783,1.4524,0.1723
BiancaGolden_GrandPlies,-54.2595,17.3432,213.7918,-1.3993,-20.5829,-12.3850,0.6003,-0.1032,-0.7931,0.9980,131,6.557723,1.4574,0.1734
BiancaGolden_GrandPlies,-53.7386,17.4463,213.8739,-1.4528,-20.7275,-12.5574,0.5973,-0.1039,-0.7953,0.9980,131,6.570362,1.4626,0.1745
BiancaGolden_GrandPlies,-53.2133,17.5380,213.9379,-1.4852,-20.7064,-12.7228,0.5964,-0.1048,-0.7958,0.9980,131,6.584826,1.4679,0.1754
BiancaGolden_GrandPlies,-52.6725,17.5932,214.0276,-1.5020,-20.6283,-12.8734,0.5948,-0.1075,-0.7967,0.9980,132,6.598174,1.4733,0.1759
BiancaGolden_GrandPlies,-52.1152,17.6358,214.1105,-1.5394,-20.5075,-13.0167,0.5960,-0.1088,-0.7956,0.9980,132,6.611212,1.4788,0.1764
BiancaGolden_GrandPlies,-51.5859,17.6555,214.1609,-1.5824,-20.4049,-13.1533,0.5918,-0.1039,-0.7994,0.9980,133,6.626210,1.4841,0.1766
BiancaGolden_GrandPlies,-51.0774,17.6633,214.1604,-1.6660,-20.3570,-13.2568,0.5871,-0.1107,-0.8019,0.9980,133,6.639862,1.4892,0.1766
BiancaGolden_GrandPlies,-50.5801,17.6655,214.1639,-1.7378,-20.3973,-13.3628,0.5859,-0.1053,-0.8035,0.9980,133,6.653839,1.4942,0.1767
BiancaGolden_GrandPlies,-50.0701,17.6298,214.1418,-1.8962,-20.5304,-13.4492,0.5821,-0.1082,-0.8059,0.9980,134,6.667801,1.4993,0.1763
BiancaGolden_GrandPlies,-49.5959,17.5926,214.0978,-2.1440,-20.7102,-13.5364,0.5702,-0.0980,-0.8156,0.9980,134,6.681713,1.5040,0.1759
BiancaGolden_GrandPlies,-49.1152,17.5371,214.0197,-2.4126,-21.0494,-13.6349,0.5662,-0.0962,-0.8186,0.9980,135,6.695927,1.5088,0.1754
BiancaGolden_GrandPlies,-48.6301,17.4510,213.9573,-2.5841,-21.3625,-13.7191,0.5641,-0.0906,-0.8207,0.9980,135,6.709841,1.5137,0.1745
BiancaGolden_GrandPlies,-48.1061,17.3466,213.9096,-2.7297,-21.6100,-13.7996,0.5630,-0.0887,-0.8217,0.9980,136,6.724043,1.5189,0.1735
BiancaGolden_GrandPlies,-47.5487,17.2116,213.8853,-2.9577,-21.7195,-13.8605,0.5800,-0.0999,-0.8085,0.9980,136,6.736976,1.5245,0.1721
BiancaGolden_GrandPlies,-46.9923,17.0408,213.8457,-3.1836,-21.6542,-13.8713,0.5909,-0.1017,-0.8003,0.9980,137,6.755203,1.5301,0.1704
BiancaGolden_GrandPlies,-46.4481,16.8729,213.7899,-3.3587,-21.5926,-13.8892,0.5929,-0.1009,-0.7989,0.9980,137,6.765488,1.5355,0.1687
BiancaGolden_GrandPlies,-45.9237,16.6842,213.6833,-3.4889,-21.4656,-13.8841,0.5925,-0.1036,-0.7989,0.9980,137,6.778645,1.5408,0.1668
BiancaGolden_GrandPlies,-45.4119,16.4854,213.5968,-3.5956,-21.4539,-13.9029,0.5877,-0.1085,-0.8018,0.9980,138,6.792292,1.5459,0.1649
BiancaGolden_GrandPlies,-44.8901,16.2373,213.5024,-3.6515,-21.4342,-13.9093,0.5835,-0.1067,-0.8051,0.9980,138,6.804582,1.5511,0.1624
BiancaGolden_GrandPlies,-44.3744,15.9888,213.4153,-3.7156,-21.4318,-13.9279,0.5837,-0.1040,-0.8053,0.9980,138,6.819199,1.5563,0.1599
BiancaGolden_GrandPlies,-43.8597,15.7371,213.2961,-3.7621,-21.4146,-13.9256,0.5857,-0.1020,-0.8041,0.9980,139,6.832792,1.5614,0.1574
BiancaGolden_GrandPlies,-43.3178,15.4714,213.1797,-3.8556,-21.3050,-13.8554,0.5874,-0.1000,-0.8031,0.9980,139,6.845230,1.5668,0.1547
BiancaGolden_GrandPlies,-42.8605,15.1741,213.0003,-3.9027,-21.2160,-13.7385,0.5863,-0.0982,-0.8041,0.9980,140,6.861190,1.5714,0.1517
BiancaGolden_GrandPlies,-42.3745,14.8927,212.8769,-3.9898,-21.3187,-13.6666,0.5760,-0.0896,-0.8125,0.9980,140,6.873029,1.5763,0.1489
BiancaGolden_GrandPlies,-41.8843,14.5664,212.7880,-4.1140,-21.5270,-13.5827,0.5693,-0.0850,-0.8177,0.9980,140,6.887318,1.5812,0.1457
BiancaGolden_GrandPlies,-41.3891,14.2528,212.7097,-4.2145,-21.7304,-13.4461,0.5629,-0.0774,-0.8229,0.9980,141,6.900888,1.5861,0.1425
BiancaGolden_GrandPlies,-40.9083,13.9035,212.6152,-4.2811,-21.9615,-13.1814,0.5571,-0.0688,-0.8276,0.9980,141,6.913934,1.5909,0.1390
BiancaGolden_GrandPlies,-40.4474,13.5722,212.5007,-4.3664,-22.2300,-12.8646,0.5535,-0.0633,-0.8305,0.9980,142,6.928209,1.5955,0.1357
BiancaGolden_GrandPlies,-39.9875,13.2249,212.4459,-4.5425,-22.5455,-12.5702,0.5423,-0.0511,-0.8386,0.9980,142,6.941514,1.6001,0.1322
BiancaGolden_GrandPlies,-39.5010,12.8419,212.4737,-4.7951,-22.9220,-12.2572,0.5405,-0.0456,-0.8401,0.9980,143,6.955743,1.6050,0.1284
BiancaGolden_GrandPlies,-38.9186,12.4233,212.6072,-5.0525,-23.1048,-11.9983,0.5485,-0.0422,-0.8351,0.9980,143,6.968978,1.6108,0.1242
BiancaGolden_GrandPlies,-38.3703,12.0128,212.7039,-5.3216,-22.8246,-11.7289,0.5527,-0.0385,-0.8325,0.9980,143,6.983391,1.6163,0.1201
BiancaGolden_GrandPlies,-37.9337,11.6352,212.6700,-5.4651,-22.5952,-11.4137,0.5590,-0.0338,-0.8285,0.9980,144,6.997125,1.6207,0.1164
BiancaGolden_GrandPlies,-37.5036,11.2829,212.6591,-5.6466,-22.3504,-11.0221,0.5557,-0.0402,-0.8304,0.9980,144,7.010514,1.6250,0.1128
BiancaGolden_GrandPlies,-37.0752,10.9792,212.8249,-6.0066,-22.1602,-10.6706,0.5584,-0.0350,-0.8289,0.9980,145,7.025474,1.6292,0.1098
BiancaGolden_GrandPlies,-36.7121,10.7017,212.9789,-6.3586,-22.0413,-10.4452,0.5557,-0.0339,-0.8307,0.9980,145,7.050263,1.6329,0.1070
BiancaGolden_GrandPlies,-35.9078,10.0625,213.1115,-6.6352,-21.8249,-10.0048,0.5595,-0.0369,-0.8280,0.9980,146,7.063776,1.6409,0.1006
BiancaGolden_GrandPlies,-35.5473,9.8020,213.1319,-6.4549,-21.5087,-9.8306,0.5741,-0.0508,-0.8172,0.9980,146,7.078232,1.6445,0.0980
BiancaGolden_GrandPlies,-35.2249,9.5454,213.1275,-6.1110,-21.2246,-9.5146,0.5735,-0.0582,-0.8171,0.9980,147,7.093797,1.6478,0.0955
BiancaGolden_GrandPlies,-34.9257,9.3253,213.1373,-5.8133,-21.1235,-9.1185,0.5734,-0.0551,-0.8174,0.9980,147,7.107474,1.6507,0.0933
BiancaGolden_GrandPlies,-34.5951,9.1321,213.1888,-5.8529,-21.1539,-8.8546,0.5659,-0.0495,-0.8230,0.9980,148,7.122128,1.6540,0.0913
BiancaGolden_GrandPlies,-34.2882,8.9228,213.2586,-5.9994,-21.2247,-8.6252,0.5618,-0.0423,-0.8262,0.9980,148,7.136724,1.6571,0.0892
BiancaGolden_GrandPlies,-33.9570,8.6932,213.3190,-6.0246,-21.2194,-8.4966,0.5609,-0.0333,-0.8272,0.9980,148,7.150651,1.6604,0.0869
BiancaGolden_GrandPlies,-33.6385,8.5015,213.3255,-5.9726,-21.1223,-8.4346,0.5614,-0.0334,-0.8269,0.9980,149,7.163685,1.6636,0.0850
BiancaGolden_GrandPlies,-33.2890,8.3386,213.3143,-5.8429,-20.9803,-8.3977,0.5634,-0.0333,-0.8255,0.9980,149,7.177584,1.6671,0.0834
BiancaGolden_GrandPlies,-32.9769,8.1895,213.2863,-5.7711,-20.8247,-8.2857,0.5653,-0.0320,-0.8243,0.9980,150,7.192490,1.6702,0.0819
BiancaGolden_GrandPlies,-32.6334,8.0576,213.3026,-5.7943,-20.6976,-8.1689,0.5549,-0.0256,-0.8315,0.9980,150,7.204863,1.6737,0.0806
BiancaGolden_GrandPlies,-32.2427,7.9429,213.3310,-5.9286,-20.5309,-8.0483,0.5521,-0.0222,-0.8335,0.9980,150,7.219372,1.6776,0.0794
BiancaGolden_GrandPlies,-31.8671,7.8471,213.4166,-6.1151,-20.6316,-7.9450,0.5500,-0.0195,-0.8349,0.9980,151,7.233108,1.6813,0.0785
BiancaGolden_GrandPlies,-31.4880,7.7688,213.3934,-6.2353,-20.7965,-7.8322,0.5438,-0.0227,-0.8389,0.9980,151,7.249407,1.6851,0.0777
BiancaGolden_GrandPlies,-31.1515,7.6828,213.3851,-6.1929,-20.9993,-7.6964,0.5360,-0.0130,-0.8441,0.9980,152,7.261071,1.6885,0.0768
BiancaGolden_GrandPlies,-30.7414,7.6117,213.4033,-6.0769,-21.1504,-7.6546,0.5340,-0.0137,-0.8454,0.9980,152,7.274830,1.6926,0.0761
BiancaGolden_GrandPlies,-30.3174,7.5627,213.4848,-5.9562,-21.2646,-7.6329,0.5338,-0.0184,-0.8454,0.9980,153,7.289899,1.6968,0.0756
BiancaGolden_GrandPlies,-29.8500,7.5829,213.5347,-5.9438,-21.2858,-7.5833,0.5317,-0.0118,-0.8468,0.9980,153,7.314094,1.7015,0.0758
BiancaGolden_GrandPlies,-29.0307,7.5515,213.5760,-5.9527,-21.4017,-7.4429,0.5235,-0.0109,-0.8519,0.9980,154,7.327613,1.7097,0.0755
BiancaGolden_GrandPlies,-28.6007,7.5701,213.5945,-5.8888,-21.4315,-7.3627,0.5241,-0.0110,-0.8516,0.9980,154,7.339865,1.7140,0.0757
BiancaGolden_GrandPlies,-28.1404,7.5955,213.6379,-5.8514,-21.3863,-7.3231,0.5270,-0.0145,-0.8497,0.9980,155,7.356611,1.7186,0.0760
BiancaGolden_GrandPlies,-27.6668,7.6459,213.6272,-5.7631,-21.2469,-7.3050,0.5276,-0.0154,-0.8494,0.9980,155,7.370015,1.7233,0.0765
BiancaGolden_GrandPlies,-27.2245,7.7202,213.6243,-5.6656,-21.1977,-7.2835,0.5265,-0.0227,-0.8499,0.9980,155,7.385232,1.7278,0.0772
BiancaGolden_GrandPlies,-26.7698,7.8115,213.5999,-5.6066,-21.2401,-7.2628,0.5202,-0.0219,-0.8538,0.9980,156,7.398636,1.7323,0.0781
BiancaGolden_GrandPlies,-26.2953,7.8867,213.5862,-5.4952,-21.3074,-7.2617,0.5152,-0.0224,-0.8568,0.9980,156,7.412947,1.7370,0.0789
BiancaGolden_GrandPlies,-25.7903,7.9904,213.5375,-5.4040,-21.3008,-7.3202,0.5115,-0.0229,-0.8590,0.9980,157,7.428769,1.7421,0.0799
BiancaGolden_GrandPlies,-25.3016,8.0987,213.4708,-5.3207,-21.2670,-7.3731,0.5106,-0.0248,-0.8594,0.9980,157,7.442255,1.7470,0.0810
BiancaGolden_GrandPlies,-24.7901,8.2030,213.4119,-5.2366,-21.3110,-7.4908,0.5000,-0.0230,-0.8657,0.9980,158,7.456826,1.7521,0.0820
BiancaGolden_GrandPlies,-24.2725,8.3375,213.3433,-5.1897,-21.3477,-7.7548,0.4983,-0.0294,-0.8665,0.9980,158,7.470631,1.7573,0.0834
BiancaGolden_GrandPlies,-23.7131,8.4660,213.2758,-5.1123,-21.4080,-8.1362,0.4953,-0.0448,-0.8676,0.9980,158,7.485330,1.7629,0.0847
BiancaGolden_GrandPlies,-23.1970,8.6164,213.2093,-5.0710,-21.4397,-8.5078,0.4941,-0.0489,-0.8680,0.9980,159,7.500077,1.7680,0.0862
BiancaGolden_GrandPlies,-22.6616,8.7851,213.1539,-4.9849,-21.6154,-8.8442,0.4909,-0.0513,-0.8697,0.9980,159,7.513114,1.7734,0.0879
BiancaGolden_GrandPlies,-22.1322,8.9809,213.0397,-4.9942,-21.8252,-9.1886,0.4880,-0.0533,-0.8712,0.9980,160,7.527665,1.7787,0.0898
BiancaGolden_GrandPlies,-21.5733,9.1871,212.9525,-5.0388,-22.0029,-9.5276,0.4863,-0.0594,-0.8717,0.9980,160,7.541526,1.7843,0.0919
BiancaGolden_GrandPlies,-20.9795,9.4040,212.8538,-5.0793,-22.0486,-9.9126,0.4861,-0.0622,-0.8717,0.9980,161,7.556209,1.7902,0.0940
BiancaGolden_GrandPlies,-20.3762,9.6418,212.7681,-5.1631,-22.0469,-10.3397,0.4853,-0.0813,-0.8706,0.9980,161,7.569438,1.7962,0.0964
BiancaGolden_GrandPlies,-19.7629,9.8851,212.6936,-5.2596,-22.0475,-10.8143,0.4882,-0.0858,-0.8685,0.9980,161,7.584685,1.8024,0.0989
BiancaGolden_GrandPlies,-19.1319,10.1485,212.6379,-5.3058,-22.0664,-11.2811,0.4961,-0.0897,-0.8636,0.9980,162,7.598737,1.8087,0.1015
BiancaGolden_GrandPlies,-18.4823,10.4470,212.5927,-5.2409,-22.1541,-11.6948,0.4946,-0.0915,-0.8643,0.9980,162,7.611900,1.8152,0.1045
BiancaGolden_GrandPlies,-17.8212,10.7787,212.5344,-5.2237,-22.2156,-11.8908,0.4972,-0.0917,-0.8628,0.9980,163,7.627615,1.8218,0.1078
BiancaGolden_GrandPlies,-17.1158,11.1720,212.4710,-5.2867,-22.1685,-11.9330,0.5007,-0.0920,-0.8607,0.9980,163,7.639477,1.8288,0.1117
BiancaGolden_GrandPlies,-16.3986,11.5993,212.3996,-5.5763,-22.0972,-11.8036,0.5007,-0.0855,-0.8614,0.9980,163,7.654399,1.8360,0.1160
BiancaGolden_GrandPlies,-15.6629,12.0331,212.3261,-6.0690,-22.0224,-11.7410,0.4910,-0.0702,-0.8683,0.9980,164,7.668740,1.8434,0.1203
BiancaGolden_GrandPlies,-14.9065,12.4593,212.2729,-6.6657,-21.9778,-11.8130,0.4875,-0.0704,-0.8703,0.9980,164,7.680744,1.8509,0.1246
BiancaGolden_GrandPlies,-14.0676,12.8233,212.3533,-6.9499,-22.0423,-12.3106,0.4807,-0.0748,-0.8737,0.9980,165,7.709433,1.8593,0.1282
BiancaGolden_GrandPlies,-12.5596,13.6101,212.2123,-7.0671,-22.1601,-13.1815,0.4725,-0.0875,-0.8769,0.9980,166,7.722841,1.8744,0.1361
BiancaGolden_GrandPlies,-11.8306,14.0258,212.0191,-6.8395,-22.2439,-13.7478,0.4603,-0.1015,-0.8819,0.9980,166,7.736904,1.8817,0.1403
BiancaGolden_GrandPlies,-11.0225,14.4562,211.9190,-6.5789,-22.3680,-14.4054,0.4538,-0.1079,-0.8845,0.9980,166,7.750819,1.8898,0.1446
BiancaGolden_GrandPlies,-10.1977,14.8579,211.8791,-6.4109,-22.5401,-15.1214,0.4413,-0.1176,-0.8896,0.9980,167,7.768157,1.8980,0.1486
BiancaGolden_GrandPlies,-9.4132,15.2603,211.7438,-6.3365,-22.6890,-15.9360,0.4349,-0.1240,-0.8919,0.9980,167,7.779022,1.9059,0.1526
BiancaGolden_GrandPlies,-8.7019,15.6450,211.5044,-6.3058,-22.9775,-16.8855,0.4242,-0.1348,-0.8955,0.9980,168,7.792810,1.9130,0.1565
BiancaGolden_GrandPlies,-8.0031,16.0575,211.2632,-6.3047,-23.2675,-17.9253,0.4049,-0.1558,-0.9010,0.9980,168,7.806849,1.9200,0.1606
BiancaGolden_GrandPlies,-7.3407,16.4145,211.1431,-6.3345,-23.9100,-19.0168,0.3933,-0.1631,-0.9048,0.9980,168,7.820432,1.9266,0.1641
BiancaGolden_GrandPlies,-6.6232,16.7719,211.0502,-6.3145,-24.4280,-20.1752,0.3759,-0.1808,-0.9088,0.9980,169,7.834286,1.9338,0.1677
BiancaGolden_GrandPlies,-5.9224,17.1216,211.0585,-6.4730,-25.0378,-21.3838,0.3699,-0.1909,-0.9093,0.9980,169,7.847671,1.9408,0.1712
BiancaGolden_GrandPlies,-5.2601,17.4375,211.0709,-6.5522,-25.6424,-22.4242,0.3587,-0.1943,-0.9130,0.9980,170,7.863911,1.9474,0.1744
BiancaGolden_GrandPlies,-4.6098,17.7767,211.1046,-6.5867,-26.1617,-23.5270,0.3494,-0.1974,-0.9159,0.9980,170,7.877324,1.9539,0.1778
BiancaGolden_GrandPlies,-3.9912,18.0546,211.1653,-6.6869,-26.7148,-24.5972,0.3399,-0.2005,-0.9188,0.9980,171,7.890296,1.9601,0.1805
BiancaGolden_GrandPlies,-3.3523,18.2872,211.3085,-6.6813,-27.0840,-25.7223,0.3353,-0.1983,-0.9210,0.9980,171,7.904135,1.9665,0.1829
BiancaGolden_GrandPlies,-2.7405,18.4909,211.4173,-6.6932,-27.4877,-26.7966,0.3317,-0.2011,-0.9217,0.9980,171,7.920025,1.9726,0.1849
BiancaGolden_GrandPlies,-2.1551,18.6657,211.5453,-6.5894,-27.8435,-27.8807,0.3223,-0.2067,-0.9238,0.9980,172,7.931787,1.9784,0.1867
BiancaGolden_GrandPlies,-1.6229,18.7802,211.6280,-6.2768,-28.1773,-28.9235,0.3133,-0.2113,-0.9259,0.9980,172,7.944595,1.9838,0.1878
BiancaGolden_GrandPlies,-1.0985,18.9016,211.7033,-6.1960,-28.4928,-30.0586,0.3046,-0.2157,-0.9277,0.9980,173,7.960128,1.9890,0.1890
BiancaGolden_GrandPlies,-0.5817,18.9771,211.7669,-6.2000,-28.7926,-31.3096,0.2846,-0.2770,-0.9178,0.9980,173,7.972890,1.9942,0.1898
BiancaGolden_GrandPlies,-0.0884,18.9993,211.8243,-6.1138,-29.0098,-32.5375,0.2740,-0.2924,-0.9162,0.9980,173,7.987501,1.9991,0.1900
BiancaGolden_GrandPlies,0.4210,18.9816,211.9123,-5.9022,-29.1345,-33.7471,0.2624,-0.3075,-0.9147,0.9980,174,8.001004,2.0042,0.1898
BiancaGolden_GrandPlies,0.9535,18.9683,212.0588,-5.8910,-29.3153,-34.9233,0.2474,-0.3220,-0.9138,0.9980,174,8.014387,2.0095,0.1897
BiancaGolden_GrandPlies,1.4650,18.9072,212.2093,-6.0755,-29.5279,-36.0050,0.2403,-0.3229,-0.9154,0.9980,175,8.029463,2.0146,0.1891
BiancaGolden_GrandPlies,1.9334,18.8422,212.3013,-6.3749,-29.6846,-37.1964,0.2300,-0.3365,-0.9132,0.9980,175,8.043906,2.0193,0.1884
BiancaGolden_GrandPlies,2.3937,18.7372,212.3437,-6.5919,-29.6547,-38.4737,0.2145,-0.3575,-0.9089,0.9980,176,8.058997,2.0239,0.1874
BiancaGolden_GrandPlies,2.8250,18.5867,212.3464,-6.7068,-29.4703,-39.7564,0.1998,-0.3842,-0.9014,0.9980,176,8.071546,2.0282,0.1859
BiancaGolden_GrandPlies,3.2075,18.4337,212.3620,-6.6614,-29.4008,-41.0269,0.1862,-0.4107,-0.8925,0.9980,176,8.086660,2.0321,0.1843
BiancaGolden_GrandPlies,3.5923,18.2829,212.3452,-6.5994,-29.4108,-42.3478,0.1706,-0.4256,-0.8887,0.9980,177,8.098806,2.0359,0.1828
BiancaGolden_GrandPlies,3.9282,18.1327,212.2700,-6.5566,-29.4727,-43.5832,0.1593,-0.4281,-0.8896,0.9980,177,8.111691,2.0393,0.1813
BiancaGolden_GrandPlies,4.2337,17.9854,212.1377,-6.4684,-29.6337,-44.7953,0.1425,-0.4307,-0.8912,0.9980,178,8.127687,2.0423,0.1799
BiancaGolden_GrandPlies,4.5284,17.8318,212.0120,-6.4286,-29.9315,-45.9501,0.1372,-0.4306,-0.8920,0.9980,178,8.141632,2.0453,0.1783
BiancaGolden_GrandPlies,4.8367,17.6544,211.9112,-6.4755,-30.3838,-47.1311,0.1426,-0.4322,-0.8904,0.9980,179,8.155432,2.0484,0.1765
BiancaGolden_GrandPlies,5.1574,17.4286,211.7977,-6.5311,-30.7120,-48.3258,0.1422,-0.4294,-0.8919,0.9980,179,8.168300,2.0516,0.1743
BiancaGolden_GrandPlies,5.4779,17.1895,211.6738,-6.4911,-30.9064,-49.5875,0.1367,-0.4276,-0.8936,0.9980,179,8.182596,2.0548,0.1719
BiancaGolden_GrandPlies,5.7753,16.9329,211.5453,-6.5077,-30.9911,-50.7948,0.1276,-0.4290,-0.8943,0.9980,180,8.197145,2.0578,0.1693
BiancaGolden_GrandPlies,6.0645,16.6602,211.4086,-6.5560,-31.0681,-51.9552,0.1383,-0.4272,-0.8935,0.9980,180,8.209943,2.0606,0.1666
BiancaGolden_GrandPlies,6.3486,16.3710,211.2418,-6.6046,-31.0236,-53.0437,0.1380,-0.4262,-0.8941,0.9980,181,8.225347,2.0635,0.1637
BiancaGolden_GrandPlies,6.6514,16.0845,211.0626,-6.6120,-30.8306,-54.1016,0.1465,-0.4340,-0.8889,0.9980,181,8.238802,2.0665,0.1608
BiancaGolden_GrandPlies,6.9132,15.8039,210.8557,-6.6752,-30.5915,-55.0395,0.1454,-0.4429,-0.8847,0.9980,182,8.257495,2.0691,0.1580
BiancaGolden_GrandPlies,7.1536,15.5052,210.6278,-6.7361,-30.3553,-55.9103,0.1440,-0.4484,-0.8822,0.9980,182,8.266632,2.0715,0.1551
BiancaGolden_GrandPlies,7.3752,15.2068,210.3560,-6.7559,-30.1144,-56.7536,0.1404,-0.4529,-0.8805,0.9980,182,8.279763,2.0738,0.1521
BiancaGolden_GrandPlies,7.5570,14.9193,210.1004,-6.7919,-29.8902,-57.4844,0.1371,-0.4565,-0.8791,0.9980,183,8.293109,2.0756,0.1492
BiancaGolden_GrandPlies,7.7269,14.6339,209.8418,-6.9329,-29.7538,-58.2667,0.1504,-0.4562,-0.8771,0.9980,183,8.306069,2.0773,0.1463
BiancaGolden_GrandPlies,7.8733,14.3349,209.5727,-7.1407,-29.6014,-59.1530,0.1470,-0.4611,-0.8751,0.9980,183,8.321352,2.0787,0.1433
BiancaGolden_GrandPlies,7.9830,14.0155,209.3248,-7.3807,-29.5479,-60.0926,0.1179,-0.4826,-0.8679,0.9980,184,8.335255,2.0798,0.1402
BiancaGolden_GrandPlies,8.1083,13.6613,209.1259,-7.5965,-29.4073,-61.0070,0.1075,-0.4954,-0.8620,0.9980,184,8.348274,2.0811,0.1366
BiancaGolden_GrandPlies,8.2348,13.2743,209.0235,-7.8294,-29.1877,-61.9771,0.1030,-0.4986,-0.8607,0.9980,185,8.363536,2.0823,0.1327
BiancaGolden_GrandPlies,8.3584,12.8959,208.9724,-8.0861,-28.9742,-62.8923,0.0711,-0.5237,-0.8489,0.9980,185,8.377944,2.0836,0.1290
BiancaGolden_GrandPlies,8.5176,12.5138,209.0089,-8.5093,-28.8685,-63.7540,0.0536,-0.5257,-0.8490,0.9980,186,8.392495,2.0852,0.1251
BiancaGolden_GrandPlies,8.7423,12.0691,209.1783,-9.0701,-29.0009,-64.6096,0.0424,-0.5302,-0.8468,0.9980,186,8.406176,2.0874,0.1207
BiancaGolden_GrandPlies,8.9835,11.5695,209.4529,-9.6587,-29.0193,-65.5340,0.0283,-0.5375,-0.8428,0.9980,186,8.420749,2.0898,0.1157
BiancaGolden_GrandPlies,9.1087,11.1750,209.5001,-9.9116,-28.8387,-66.4538,0.0193,-0.5457,-0.8378,0.9980,187,8.434985,2.0911,0.1118
BiancaGolden_GrandPlies,9.1173,10.9624,209.2807,-9.5506,-28.6358,-67.2753,0.0221,-0.5487,-0.8357,0.9980,187,8.448840,2.0912,0.1096
BiancaGolden_GrandPlies,9.2060,10.7553,209.1396,-9.3708,-28.5587,-68.2674,0.0114,-0.5473,-0.8369,0.9980,188,8.463120,2.0921,0.1076
BiancaGolden_GrandPlies,9.3045,10.5181,209.1746,-9.3511,-28.6681,-69.3571,0.0196,-0.5457,-0.8377,0.9980,188,8.477158,2.0930,0.1052
BiancaGolden_GrandPlies,9.4386,10.2409,209.3857,-9.6569,-28.9994,-70.4986,0.0169,-0.5340,-0.8453,0.9980,189,8.490362,2.0944,0.1024
BiancaGolden_GrandPlies,9.6088,9.9960,209.5942,-10.1526,-29.3447,-71.7030,0.0064,-0.5283,-0.8491,0.9980,189,8.504866,2.0961,0.1000
BiancaGolden_GrandPlies,9.7502,9.7831,209.7390,-10.5416,-29.6379,-72.8792,-0.0027,-0.5248,-0.8512,0.9980,189,8.519009,2.0975,0.0978
BiancaGolden_GrandPlies,9.8578,9.5705,209.8469,-10.6313,-29.7952,-73.9348,0.0036,-0.5219,-0.8530,0.9980,190,8.533641,2.0986,0.0957
BiancaGolden_GrandPlies,9.9861,9.3531,209.9318,-10.4532,-29.7121,-75.0159,-0.0078,-0.5258,-0.8506,0.9980,190,8.546289,2.0999,0.0935
BiancaGolden_GrandPlies,10.1083,9.1317,209.9949,-10.1599,-29.5047,-76.0922,-0.0175,-0.5192,-0.8545,0.9980,191,8.561574,2.1011,0.0913
BiancaGolden_GrandPlies,10.2311,8.9183,210.0752,-10.0922,-29.3372,-77.1918,-0.0272,-0.5110,-0.8592,0.9980,191,8.575248,2.1023,0.0892
BiancaGolden_GrandPlies,10.3735,8.7514,210.1552,-10.3004,-29.3727,-78.4323,-0.0371,-0.4679,-0.8830,0.9980,192,8.589104,2.1037,0.0875
BiancaGolden_GrandPlies,10.4921,8.6233,210.2064,-10.5318,-29.6536,-79.6453,-0.0430,-0.4465,-0.8938,0.9980,192,8.602280,2.1049,0.0862
BiancaGolden_GrandPlies,10.6067,8.5511,210.1864,-10.6770,-30.2436,-80.9144,-0.0530,-0.4220,-0.9051,0.9980,192,8.616380,2.1061,0.0855
BiancaGolden_GrandPlies,10.7217,8.4908,210.1894,-10.7633,-30.9779,-82.1204,-0.0631,-0.4056,-0.9119,0.9980,193,8.630482,2.1072,0.0849
BiancaGolden_GrandPlies,10.8612,8.4391,210.1833,-10.8443,-31.9260,-83.3551,-0.0739,-0.3902,-0.9177,0.9980,193,8.643474,2.1086,0.0844
BiancaGolden_GrandPlies,11.0239,8.3665,210.1683,-10.8783,-32.7902,-84.6404,-0.0870,-0.3884,-0.9174,0.9980,194,8.659368,2.1102,0.0837
BiancaGolden_GrandPlies,11.1295,8.2604,210.1680,-10.6970,-33.5352,-85.9942,-0.0976,-0.3814,-0.9193,0.9980,194,8.673129,2.1113,0.0826
BiancaGolden_GrandPlies,11.2460,8.1180,210.1700,-10.4504,-34.0009,-87.4147,-0.1011,-0.3897,-0.9154,0.9980,194,8.686143,2.1125,0.0812
BiancaGolden_GrandPlies,11.3590,7.9292,210.2040,-10.0528,-34.1916,-89.0232,-0.1137,-0.3856,-0.9157,0.9980,195,8.700737,2.1136,0.0793
BiancaGolden_GrandPlies,11.4759,7.7746,210.2121,-9.8535,-34.2782,-90.5943,-0.0970,-0.3839,-0.9183,0.9980,195,8.712678,2.1148,0.0777
BiancaGolden_GrandPlies,11.6208,7.7123,210.1669,-9.7480,-34.4740,-92.2462,-0.1024,-0.3825,-0.9183,0.9980,196,8.728730,2.1162,0.0771
BiancaGolden_GrandPlies,11.7733,7.6759,210.0490,-9.7069,-34.7873,-93.8590,-0.1126,-0.3765,-0.9195,0.9980,196,8.741506,2.1177,0.0768
BiancaGolden_GrandPlies,11.9252,7.6762,209.9193,-9.7360,-35.3210,-95.4709,-0.1042,-0.3691,-0.9235,0.9980,197,8.759030,2.1193,0.0768
BiancaGolden_GrandPlies,12.1176,7.6796,209.7618,-9.7875,-35.8966,-97.0730,-0.0916,-0.3652,-0.9264,0.9980,197,8.769490,2.1212,0.0768
BiancaGolden_GrandPlies,12.3184,7.6716,209.5812,-9.8851,-36.4958,-98.6352,-0.0998,-0.3544,-0.9298,0.9980,197,8.781940,2.1232,0.0767
BiancaGolden_GrandPlies,12.5215,7.6632,209.3773,-9.9463,-37.0336,-100.2325,-0.1078,-0.3478,-0.9313,0.9980,198,8.795410,2.1252,0.0766
BiancaGolden_GrandPlies,12.7150,7.6303,209.1379,-9.8936,-37.3759,-101.9214,-0.1000,-0.3501,-0.9314,0.9980,198,8.808957,2.1271,0.0763
BiancaGolden_GrandPlies,12.9128,7.6341,208.8555,-9.8463,-37.6232,-103.6880,-0.1106,-0.3491,-0.9305,0.9980,199,8.823153,2.1291,0.0763
BiancaGolden_GrandPlies,13.1490,7.6728,208.5307,-9.7501,-37.7293,-105.6054,-0.1115,-0.3514,-0.9296,0.9980,199,8.836297,2.1315,0.0767
BiancaGolden_GrandPlies,13.3914,7.7792,208.1914,-9.6537,-37.7942,-107.5664,-0.1256,-0.3458,-0.9299,0.9980,199,8.851020,2.1339,0.0778
BiancaGolden_GrandPlies,13.6594,7.9478,207.8500,-9.5031,-37.8210,-109.7064,-0.1411,-0.3371,-0.9308,0.9980,200,8.864206,2.1366,0.0795
BiancaGolden_GrandPlies,13.9360,8.1442,207.5537,-9.2153,-37.9697,-112.0624,-0.1754,-0.2653,-0.9481,0.9980,200,8.877571,2.1394,0.0814
BiancaGolden_GrandPlies,14.2319,8.3643,207.2936,-8.8906,-38.2596,-114.4565,-0.1812,-0.2414,-0.9534,0.9980,201,8.893031,2.1423,0.0836
BiancaGolden_GrandPlies,14.5914,8.6590,207.0204,-8.4218,-38.6667,-116.9270,-0.1771,-0.1953,-0.9646,0.9980,201,8.907083,2.1459,0.0866
BiancaGolden_GrandPlies,15.0398,9.0145,206.7272,-8.0056,-39.1982,-119.3780,-0.1887,-0.1672,-0.9677,0.9980,202,8.922391,2.1504,0.0901
BiancaGolden_GrandPlies,15.5251,9.3690,206.4124,-7.6567,-39.6327,-121.8154,-0.1937,-0.1290,-0.9725,0.9980,202,8.935163,2.1553,0.0937
BiancaGolden_GrandPlies,16.0012,9.6552,206.1674,-7.4084,-39.9347,-124.2453,-0.1983,-0.1185,-0.9730,0.9980,202,8.949125,2.1600,0.0966
BiancaGolden_GrandPlies,16.4348,9.8652,206.0298,-7.3205,-40.1060,-126.6835,-0.1977,-0.1029,-0.9748,0.9980,203,8.962852,2.1643,0.0987
BiancaGolden_GrandPlies,16.8805,10.0835,205.9469,-7.2686,-40.2106,-129.1997,-0.1947,-0.0943,-0.9763,0.9980,203,8.975718,2.1688,0.1008
BiancaGolden_GrandPlies,17.3202,10.3171,205.9525,-7.2869,-40.5359,-131.5960,-0.2043,-0.0906,-0.9747,0.9980,204,8.990121,2.1732,0.1032
BiancaGolden_GrandPlies,17.7855,10.5404,205.9830,-7.3231,-40.9042,-133.9759,-0.2054,-0.0784,-0.9755,0.9980,204,9.002630,2.1779,0.1054
BiancaGolden_GrandPlies,18.3206,10.7934,205.9559,-7.1840,-41.2447,-136.4851,-0.2112,-0.0896,-0.9733,0.9980,204,9.016266,2.1832,0.1079
BiancaGolden_GrandPlies,18.8607,11.1530,205.7732,-6.8059,-41.4717,-138.5251,-0.2152,-0.0761,-0.9736,0.9980,205,9.029584,2.1886,0.1115
BiancaGolden_GrandPlies,19.4118,11.4813,205.6535,-6.2324,-41.6958,-140.3969,-0.2272,-0.0943,-0.9693,0.9980,205,9.043207,2.1941,0.1148
BiancaGolden_GrandPlies,19.7685,11.6970,205.7372,-5.6666,-41.8726,-141.7232,-0.2361,-0.0755,-0.9688,0.9980,206,9.071310,2.1977,0.1170
BiancaGolden_GrandPlies,20.5813,12.2710,205.7397,-5.0089,-42.2442,-145.2619,-0.2438,-0.0863,-0.9660,0.9980,206,9.084402,2.2058,0.1227
BiancaGolden_GrandPlies,20.9568,12.6148,205.6923,-4.7359,-42.3161,-146.8050,-0.2492,-0.0880,-0.9644,0.9980,207,9.098916,2.2096,0.1261
BiancaGolden_GrandPlies,21.2845,12.9834,205.6610,-4.5174,-42.4168,-148.2364,-0.2484,-0.0953,-0.9640,0.9980,207,9.111601,2.2128,0.1298
BiancaGolden_GrandPlies,21.5350,13.3338,205.6917,-4.3368,-42.4981,-149.6016,-0.2497,-0.0873,-0.9644,0.9980,208,9.126424,2.2153,0.1333
BiancaGolden_GrandPlies,21.7416,13.6525,205.7679,-4.2365,-42.6041,-151.0513,-0.2526,-0.0808,-0.9642,0.9980,208,9.139184,2.2174,0.1365
BiancaGolden_GrandPlies,21.9280,13.9485,205.8214,-4.2272,-42.6395,-152.5706,-0.2584,-0.0695,-0.9635,0.9980,208,9.153949,2.2193,0.1395
BiancaGolden_GrandPlies,22.0449,14.2915,205.8198,-4.3619,-42.5257,-153.9041,-0.2532,-0.0609,-0.9655,0.9980,209,9.166605,2.2204,0.1429
BiancaGolden_GrandPlies,22.2168,14.6467,205.7203,-4.3514,-42.3255,-155.2580,-0.2553,-0.0542,-0.9653,0.9980,209,9.180146,2.2222,0.1465
BiancaGolden_GrandPlies,22.4581,15.0588,205.5968,-4.1808,-42.3141,-156.4530,-0.2492,-0.0589,-0.9667,0.9980,210,9.194953,2.2246,0.1506
BiancaGolden_GrandPlies,22.7118,15.4781,205.5006,-4.0918,-42.5436,-157.4851,-0.2399,-0.0552,-0.9692,0.9980,210,9.208843,2.2271,0.1548
BiancaGolden_GrandPlies,23.0103,15.9107,205.3842,-3.9566,-43.1951,-158.3734,-0.2308,-0.0574,-0.9713,0.9980,211,9.222681,2.2301,0.1591
BiancaGolden_GrandPlies,23.3052,16.3317,205.2967,-3.8720,-44.0221,-159.1456,-0.2205,-0.0733,-0.9726,0.9980,211,9.236194,2.2331,0.1633
BiancaGolden_GrandPlies,23.5572,16.6856,205.2258,-3.8959,-44.8177,-159.9075,-0.2119,-0.0745,-0.9745,0.9980,211,9.254583,2.2356,0.1669
BiancaGolden_GrandPlies,23.7575,16.9961,205.1870,-4.1873,-45.4120,-160.5499,-0.2195,-0.0832,-0.9721,0.9980,212,9.264706,2.2376,0.1700
BiancaGolden_GrandPlies,23.8842,17.2958,205.1614,-4.6405,-45.6182,-161.1443,-0.2207,-0.0850,-0.9716,0.9980,212,9.278412,2.2388,0.1730
BiancaGolden_GrandPlies,23.9923,17.5988,205.1300,-5.0383,-45.5971,-161.7604,-0.2311,-0.1004,-0.9677,0.9980,213,9.294333,2.2399,0.1760
BiancaGolden_GrandPlies,24.0794,17.9060,205.1067,-5.3488,-45.3415,-162.3178,-0.2371,-0.1025,-0.9661,0.9980,213,9.307262,2.2408,0.1791
BiancaGolden_GrandPlies,24.1759,18.2372,205.0654,-5.5468,-45.1080,-162.8588,-0.2392,-0.1068,-0.9651,0.9980,214,9.321792,2.2418,0.1824
BiancaGolden_GrandPlies,24.3071,18.5776,204.9987,-5.6571,-44.9789,-163.4614,-0.2463,-0.1109,-0.9628,0.9980,214,9.336987,2.2431,0.1858
BiancaGolden_GrandPlies,24.4561,18.9237,204.9346,-5.7704,-45.0320,-164.0196,-0.2394,-0.1028,-0.9655,0.9980,214,9.351994,2.2446,0.1892
BiancaGolden_GrandPlies,24.5735,19.2705,204.8410,-5.8150,-45.1796,-164.5097,-0.2371,-0.0997,-0.9664,0.9980,215,9.364437,2.2457,0.1927
BiancaGolden_GrandPlies,24.6548,19.6001,204.7472,-5.7880,-45.3766,-164.9844,-0.2553,-0.0966,-0.9620,0.9980,215,9.379146,2.2465,0.1960
BiancaGolden_GrandPlies,24.7348,19.9289,204.6525,-5.7310,-45.5082,-165.4054,-0.5122,-0.1323,-0.8486,0.9980,216,9.393174,2.2473,0.1993
BiancaGolden_GrandPlies,24.8109,20.2552,204.5298,-5.6841,-45.6367,-165.7754,-0.5099,-0.1425,-0.8483,0.9980,216,9.407996,2.2481,0.2026
BiancaGolden_GrandPlies,24.8892,20.5863,204.3981,-5.7080,-45.6830,-166.1377,-0.5035,-0.1413,-0.8524,0.9980,217,9.422585,2.2489,0.2059
BiancaGolden_GrandPlies,24.9773,20.9202,204.2985,-5.7425,-45.8251,-166.4571,-0.2969,-0.1093,-0.9486,0.9980,217,9.435007,2.2498,0.2092
BiancaGolden_GrandPlies,25.0376,21.2462,204.2117,-5.7070,-45.9914,-166.7319,-0.2956,-0.1077,-0.9492,0.9980,217,9.450870,2.2504,0.2125
BiancaGolden_GrandPlies,25.0994,21.5797,204.1195,-5.6734,-46.0937,-166.9135,-0.2037,-0.0925,-0.9747,0.9980,218,9.463567,2.2510,0.2158
BiancaGolden_GrandPlies,25.1756,21.8890,204.0127,-5.7257,-46.1240,-167.1510,-0.2041,-0.0923,-0.9746,0.9980,218,9.476288,2.2518,0.2189
BiancaGolden_GrandPlies,25.3050,22.2062,203.8850,-5.8431,-46.0995,-167.3846,-0.2322,-0.0990,-0.9676,0.9980,219,9.492929,2.2530,0.2221
BiancaGolden_GrandPlies,25.3434,22.5527,203.8004,-5.8286,-46.1227,-167.6346,-0.2508,-0.1064,-0.9622,0.9980,219,9.505246,2.2534,0.2255
BiancaGolden_GrandPlies,25.2954,22.8947,203.8149,-5.5667,-45.9388,-168.1048,-0.2550,-0.1220,-0.9592,0.9980,219,9.519190,2.2530,0.2289
BiancaGolden_GrandPlies,25.1701,23.2524,203.9434,-4.9963,-45.5986,-168.6619,-0.2625,-0.1229,-0.9571,0.9980,220,9.534230,2.2517,0.2325
BiancaGolden_GrandPlies,25.2330,23.5248,203.8215,-5.0535,-45.1650,-168.8703,-0.2773,-0.1204,-0.9532,0.9980,220,9.546276,2.2523,0.2352
BiancaGolden_GrandPlies,25.4375,23.9406,203.7561,-4.4207,-44.9408,-169.0800,-0.2798,-0.1238,-0.9521,0.9980,221,9.562563,2.2544,0.2394
BiancaGolden_GrandPlies,25.7474,24.2116,203.5091,-4.3413,-44.7182,-169.2238,-0.2804,-0.1335,-0.9505,0.9980,221,9.575304,2.2575,0.2421
BiancaGolden_GrandPlies,25.9906,24.4973,203.4597,-4.4391,-44.8385,-169.1738,-0.2816,-0.1404,-0.9492,0.9980,222,9.589208,2.2599,0.2450
BiancaGolden_GrandPlies,26.2028,24.6703,203.3612,-4.5429,-44.7623,-169.2723,-0.2847,-0.1443,-0.9477,0.9980,222,9.601653,2.2620,0.2467
BiancaGolden_GrandPlies,26.4112,24.8706,203.3277,-4.8375,-44.8161,-169.0944,-0.2850,-0.1487,-0.9469,0.9980,222,9.615748,2.2641,0.2487
BiancaGolden_GrandPlies,26.5906,25.0054,203.2634,-5.1777,-44.7432,-168.7419,-0.2865,-0.1593,-0.9447,0.9980,223,9.629180,2.2659,0.2501
BiancaGolden_GrandPlies,26.8230,25.1382,203.2279,-5.3142,-44.6609,-168.3284,-0.2856,-0.1714,-0.9429,0.9980,223,9.642604,2.2682,0.2514
BiancaGolden_GrandPlies,27.1431,25.2178,203.1586,-5.3574,-44.6003,-167.9108,-0.2829,-0.1758,-0.9429,0.9980,224,9.659175,2.2714,0.2522
BiancaGolden_GrandPlies,27.5395,25.2434,203.1133,-5.6018,-44.6660,-167.4128,-0.2746,-0.1898,-0.9426,0.9980,224,9.671583,2.2754,0.2524
BiancaGolden_GrandPlies,27.9269,25.2533,203.0790,-6.0204,-44.8791,-166.8370,-0.2623,-0.1929,-0.9455,0.9980,224,9.685945,2.2793,0.2525
BiancaGolden_GrandPlies,28.2802,25.3036,203.0720,-6.2912,-45.0984,-166.2413,-0.2571,-0.1944,-0.9466,0.9980,225,9.699885,2.2828,0.2530
BiancaGolden_GrandPlies,28.6236,25.3479,203.1152,-6.2886,-45.3262,-165.7228,-0.2538,-0.1800,-0.9504,0.9980,225,9.714251,2.2862,0.2535
BiancaGolden_GrandPlies,29.0113,25.3892,203.1307,-6.2064,-45.6061,-165.1718,-0.2483,-0.1811,-0.9516,0.9980,226,9.728765,2.2901,0.2539
BiancaGolden_GrandPlies,29.4443,25.4119,203.1542,-6.1878,-45.9293,-164.6127,-0.2499,-0.1844,-0.9506,0.9980,226,9.742925,2.2944,0.2541
BiancaGolden_GrandPlies,29.8684,25.3912,203.1891,-6.3154,-46.1168,-164.1535,-0.2585,-0.1873,-0.9477,0.9980,227,9.759971,2.2987,0.2539
BiancaGolden_GrandPlies,30.2389,25.3813,203.2614,-6.4685,-46.0899,-163.8617,-0.2644,-0.1837,-0.9468,0.9980,227,9.771316,2.3024,0.2538
BiancaGolden_GrandPlies,30.5938,25.3810,203.2977,-6.5179,-45.8958,-163.7597,-0.2661,-0.1847,-0.9461,0.9980,227,9.783858,2.3059,0.2538
BiancaGolden_GrandPlies,30.9586,25.3567,203.3343,-6.5667,-45.7515,-163.6639,-0.2739,-0.1860,-0.9436,0.9980,228,9.798693,2.3096,0.2536
BiancaGolden_GrandPlies,31.3567,25.3533,203.2944,-6.4117,-45.6023,-163.5118,-0.2746,-0.1914,-0.9423,0.9980,228,9.810799,2.3136,0.2535
BiancaGolden_GrandPlies,31.7713,25.3479,203.2399,-6.2000,-45.5816,-163.4160,-0.2822,-0.1941,-0.9395,0.9980,229,9.825651,2.3177,0.2535
BiancaGolden_GrandPlies,32.1544,25.3475,203.1457,-5.8267,-45.4538,-163.4161,-0.2881,-0.1912,-0.9383,0.9980,229,9.839270,2.3215,0.2535
BiancaGolden_GrandPlies,32.5534,25.3543,203.0806,-5.2164,-45.2411,-163.3688,-0.2943,-0.1831,-0.9380,0.9980,230,9.855296,2.3255,0.2535
BiancaGolden_GrandPlies,32.9859,25.3597,202.9950,-4.5593,-44.9277,-163.0240,-0.2952,-0.1822,-0.9379,0.9980,230,9.866983,2.3299,0.2536
BiancaGolden_GrandPlies,33.4827,25.3107,202.9802,-4.3792,-44.8730,-162.9833,-0.2995,-0.1832,-0.9364,0.9980,230,9.881769,2.3348,0.2531
BiancaGolden_GrandPlies,34.0837,25.2931,203.0044,-4.5578,-44.9825,-163.1971,-0.2934,-0.1883,-0.9373,0.9980,231,9.895965,2.3408,0.2529
BiancaGolden_GrandPlies,34.7297,25.3121,203.0458,-4.6528,-45.2935,-163.4920,-0.2863,-0.1833,-0.9404,0.9980,231,9.908510,2.3473,0.2531
BiancaGolden_GrandPlies,35.4359,25.3257,203.1601,-4.5236,-45.8192,-163.8043,-0.2754,-0.1734,-0.9456,0.9980,232,9.923823,2.3544,0.2533
BiancaGolden_GrandPlies,36.1171,25.3368,203.3062,-4.0830,-46.3660,-163.9622,-0.2705,-0.1665,-0.9482,0.9980,232,9.937598,2.3612,0.2534
BiancaGolden_GrandPlies,36.7939,25.2782,203.4825,-3.7900,-46.7436,-164.1300,-0.2682,-0.1650,-0.9491,0.9980,232,9.953275,2.3679,0.2528
BiancaGolden_GrandPlies,37.4191,25.1481,203.7223,-3.8348,-46.9668,-164.3865,-0.2695,-0.1621,-0.9493,0.9980,233,9.966665,2.3742,0.2515
BiancaGolden_GrandPlies,38.0368,24.9819,203.9756,-4.1409,-46.9515,-164.5390,-0.2757,-0.1652,-0.9469,0.9980,233,9.979707,2.3804,0.2498
BiancaGolden_GrandPlies,38.6599,24.7891,204.2211,-4.4627,-46.7608,-164.6877,-0.2892,-0.1661,-0.9427,0.9980,234,9.994377,2.3866,0.2479
BiancaGolden_GrandPlies,39.2599,24.5761,204.4253,-4.7473,-46.2564,-164.8204,-0.3044,-0.1700,-0.9372,0.9980,234,10.008688,2.3926,0.2458
BiancaGolden_GrandPlies,39.8378,24.3014,204.5850,-4.9261,-45.5455,-165.1483,-0.3164,-0.1721,-0.9329,0.9980,235,10.023330,2.3984,0.2430
BiancaGolden_GrandPlies,40.4347,23.9932,204.7640,-5.1497,-44.8586,-165.5879,-0.3209,-0.1721,-0.9314,0.9980,235,10.036133,2.4043,0.2399
BiancaGolden_GrandPlies,41.1727,24.0239,204.8227,-4.9213,-44.5692,-165.5003,-0.3215,-0.1658,-0.9323,0.9980,235,10.050638,2.4117,0.2402
BiancaGolden_GrandPlies,41.9012,23.7272,204.9099,-4.5061,-45.0129,-166.4726,-0.3060,-0.1749,-0.9358,0.9980,236,10.063239,2.4190,0.2373
BiancaGolden_GrandPlies,42.3902,23.4410,205.3779,-5.9642,-45.8742,-166.1346,-0.3066,-0.1331,-0.9425,0.9980,236,10.076553,2.4239,0.2344
BiancaGolden_GrandPlies,42.8163,22.4303,205.3278,-3.2856,-47.0490,-168.9784,-0.3046,-0.1490,-0.9408,0.9980,237,10.092402,2.4282,0.2243
BiancaGolden_GrandPlies,43.8026,22.1300,205.2615,-4.9371,-46.3586,-168.2225,-0.2980,-0.1539,-0.9421,0.9980,237,10.106359,2.4380,0.2213
BiancaGolden_GrandPlies,44.4356,21.8110,205.0905,-5.1230,-46.6947,-167.7035,-0.2962,-0.1443,-0.9442,0.9980,237,10.120447,2.4444,0.2181
BiancaGolden_GrandPlies,44.9482,21.2050,205.1158,-4.3673,-46.9315,-168.3461,-0.3026,-0.1409,-0.9426,0.9980,238,10.134474,2.4495,0.2120
BiancaGolden_GrandPlies,45.4936,20.8146,204.9625,-4.0581,-46.8451,-168.7264,-0.3115,-0.1345,-0.9407,0.9980,238,10.146555,2.4549,0.2081
BiancaGolden_GrandPlies,46.1525,20.2671,204.7554,-3.7972,-47.1529,-169.6195,-0.3337,-0.1299,-0.9337,0.9980,239,10.161974,2.4615,0.2027
BiancaGolden_GrandPlies,46.6252,19.8308,204.5366,-3.1854,-46.9827,-169.8375,-0.3448,-0.1248,-0.9303,0.9980,239,10.175745,2.4663,0.1983
BiancaGolden_GrandPlies,47.3188,19.2991,204.3530,-3.1815,-47.2608,-170.0575,-0.3418,-0.1157,-0.9326,0.9980,240,10.190651,2.4732,0.1930
BiancaGolden_GrandPlies,47.8021,18.7578,204.1722,-2.6254,-47.5646,-170.8357,-0.3315,-0.1050,-0.9376,0.9980,240,10.203976,2.4780,0.1876
BiancaGolden_GrandPlies,48.4478,18.3828,203.9733,-2.0061,-48.3067,-171.6661,-0.3217,-0.0852,-0.9430,0.9980,240,10.217486,2.4845,0.1838
BiancaGolden_GrandPlies,49.2980,18.0297,203.7375,-0.3882,-49.5400,-173.0110,-0.3030,-0.0633,-0.9509,0.9980,241,10.231939,2.4930,0.1803
BiancaGolden_GrandPlies,49.8683,17.5109,203.6840,1.4245,-51.1486,-174.6568,-0.3520,-0.0628,-0.9339,0.9980,241,10.247427,2.4987,0.1751
BiancaGolden_GrandPlies,49.9063,16.8790,203.6817,0.8817,-50.9568,-175.7153,-0.4926,-0.0711,-0.8673,0.9980,242,10.260213,2.4991,0.1688
BiancaGolden_GrandPlies,50.4972,16.8057,203.7692,1.8650,-51.4682,-175.9835,-0.5130,-0.0565,-0.8565,0.9980,242,10.273488,2.5050,0.1681
BiancaGolden_GrandPlies,51.0018,16.2326,203.7200,2.7042,-51.7452,-177.6523,-0.5113,-0.0452,-0.8582,0.9980,242,10.287434,2.5100,0.1623
BiancaGolden_GrandPlies,51.4467,15.8707,203.6352,3.3206,-51.9074,-178.7486,-0.5624,-0.0420,-0.8258,0.9980,243,10.301852,2.5145,0.1587
BiancaGolden_GrandPlies,51.8862,15.4558,203.7113,3.6286,-52.1079,-179.7230,-0.5441,-0.0211,-0.8387,0.9980,243,10.314939,2.5189,0.1546
BiancaGolden_GrandPlies,52.3476,15.1798,203.8628,4.1232,-52.4333,179.9397,-0.5350,-0.0175,-0.8447,0.9980,244,10.329030,2.5235,0.1518
BiancaGolden_GrandPlies,52.6502,14.8776,204.0348,4.5204,-53.0528,179.6164,-0.5099,-0.0552,-0.8584,0.9980,244,10.342978,2.5265,0.1488
BiancaGolden_GrandPlies,52.8749,14.5090,204.1865,4.9787,-53.4364,179.2178,-0.5046,-0.0523,-0.8618,0.9980,245,10.358203,2.5287,0.1451
BiancaGolden_GrandPlies,53.1109,14.1916,204.2956,5.3711,-53.7845,178.9559,-0.4990,-0.0497,-0.8652,0.9980,245,10.371307,2.5311,0.1419
BiancaGolden_GrandPlies,53.3799,13.8990,204.4124,5.5884,-54.1596,178.6883,-0.4935,-0.0493,-0.8683,0.9980,245,10.385389,2.5338,0.1390
BiancaGolden_GrandPlies,53.6964,13.6883,204.4990,5.7967,-54.5073,178.6719,-0.3681,-0.0276,-0.9294,0.9980,246,10.399057,2.5370,0.1369
BiancaGolden_GrandPlies,54.0274,13.4760,204.6187,5.8631,-54.9728,178.6666,-0.3468,-0.0271,-0.9375,0.9980,246,10.412704,2.5403,0.1348
BiancaGolden_GrandPlies,54.2482,13.2994,204.6851,6.1203,-55.0431,178.4566,-0.3474,-0.0232,-0.9374,0.9980,247,10.427897,2.5425,0.1330
BiancaGolden_GrandPlies,54.4986,13.0848,204.7968,6.5915,-55.0275,178.1605,-0.3092,-0.0151,-0.9509,0.9980,247,10.441715,2.5450,0.1308
BiancaGolden_GrandPlies,54.8121,12.8632,204.9142,6.7423,-54.9600,178.1031,-0.3093,-0.0180,-0.9508,0.9980,248,10.455095,2.5481,0.1286
BiancaGolden_GrandPlies,55.1327,12.6661,205.0200,6.6732,-54.9422,177.9294,-0.3637,-0.0437,-0.9305,0.9980,248,10.469093,2.5513,0.1267
BiancaGolden_GrandPlies,55.4610,12.5045,205.0829,6.5465,-54.8821,177.8063,-0.4316,-0.0506,-0.9007,0.9980,248,10.483284,2.5546,0.1250
BiancaGolden_GrandPlies,55.7191,12.3443,205.1416,6.6523,-54.9221,177.6512,-0.4363,-0.0507,-0.8984,0.9980,249,10.496896,2.5572,0.1234
BiancaGolden_GrandPlies,56.0408,12.2299,205.1616,6.8145,-54.8596,177.6956,-0.4359,-0.0489,-0.8987,0.9980,249,10.511055,2.5604,0.1223
BiancaGolden_GrandPlies,56.3425,12.1243,205.1678,7.1211,-54.8738,177.5757,-0.4327,-0.0492,-0.9002,0.9980,250,10.525517,2.5634,0.1212
BiancaGolden_GrandPlies,56.6713,12.0532,205.1594,7.1572,-54.8275,177.6554,-0.4410,-0.0262,-0.8971,0.9980,250,10.539798,2.5667,0.1205
BiancaGolden_GrandPlies,56.9258,11.9824,205.1532,7.1925,-54.6873,177.7967,-0.4473,-0.0285,-0.8939,0.9980,250,10.554029,2.5693,0.1198
BiancaGolden_GrandPlies,57.2053,11.9317,205.1183,7.2309,-54.2738,178.1327,-0.4628,-0.0656,-0.8840,0.9980,251,10.566486,2.5721,0.1193
BiancaGolden_GrandPlies,57.4609,11.9090,205.1312,7.0790,-53.9114,178.6416,-0.4715,-0.0862,-0.8776,0.9980,251,10.580029,2.5746,0.1191
BiancaGolden_GrandPlies,57.6565,11.9143,205.1198,7.0368,-53.3597,179.1613,-0.4697,-0.0914,-0.8781,0.9980,252,10.594146,2.5766,0.1191
BiancaGolden_GrandPlies,57.8737,11.9115,205.1482,6.7528,-52.7635,179.8684,-0.4779,-0.0986,-0.8728,0.9980,252,10.608008,2.5787,0.1191
BiancaGolden_GrandPlies,58.1254,11.9291,205.1756,6.3511,-52.2340,-179.4097,-0.4823,-0.1042,-0.8698,0.9980,253,10.622799,2.5813,0.1193
BiancaGolden_GrandPlies,58.3848,11.9666,205.1588,5.9941,-51.7258,-178.7270,-0.4873,-0.1115,-0.8661,0.9980,253,10.636170,2.5838,0.1197
BiancaGolden_GrandPlies,58.6345,12.0742,205.1706,5.7933,-51.3078,-177.9678,-0.4913,-0.1124,-0.8637,0.9980,253,10.650433,2.5863,0.1207
BiancaGolden_GrandPlies,58.9194,12.2028,205.1946,5.5817,-50.9506,-177.1098,-0.4800,-0.1161,-0.8696,0.9980,254,10.663651,2.5892,0.1220
BiancaGolden_GrandPlies,59.1451,12.2837,205.1776,5.4283,-50.6436,-176.4804,-0.4661,-0.1232,-0.8761,0.9980,254,10.676896,2.5915,0.1228
BiancaGolden_GrandPlies,59.4593,12.4274,205.1666,5.0348,-50.4699,-175.2567,-0.4637,-0.1301,-0.8764,0.9980,255,10.692253,2.5946,0.1243
BiancaGolden_GrandPlies,59.8263,12.6464,205.1298,4.8731,-50.5207,-174.4623,-0.4455,-0.1263,-0.8863,0.9980,255,10.705447,2.5983,0.1265
BiancaGolden_GrandPlies,60.1927,12.8621,205.0537,4.5478,-50.7832,-173.8334,-0.4398,-0.1319,-0.8884,0.9980,255,10.719696,2.6019,0.1286
BiancaGolden_GrandPlies,60.5009,13.1156,204.9814,4.2791,-51.0682,-173.1739,-0.4217,-0.1076,-0.9003,0.9980,256,10.733695,2.6050,0.1312
BiancaGolden_GrandPlies,60.7538,13.4236,204.9621,4.1366,-51.4288,-172.5429,-0.4175,-0.1005,-0.9031,0.9980,256,10.750270,2.6075,0.1342
BiancaGolden_GrandPlies,61.0634,13.6141,204.9370,3.7454,-51.5992,-171.9696,-0.4142,-0.1085,-0.9037,0.9980,257,10.763095,2.6106,0.1361
BiancaGolden_GrandPlies,61.3133,13.9342,204.9023,3.1979,-51.7126,-171.1323,-0.3901,-0.1066,-0.9146,0.9980,257,10.776139,2.6131,0.1393
BiancaGolden_GrandPlies,61.5815,14.2319,204.8819,3.0229,-51.7407,-170.5585,-0.3841,-0.1049,-0.9173,0.9980,258,10.790366,2.6158,0.1423
BiancaGolden_GrandPlies,61.8235,14.5721,204.8729,2.8916,-51.9168,-169.7949,-0.3854,-0.1051,-0.9167,0.9980,258,10.803309,2.6182,0.1457
BiancaGolden_GrandPlies,62.0778,14.8947,204.8619,2.6089,-52.0440,-169.0875,-0.3785,-0.1014,-0.9200,0.9980,258,10.817938,2.6208,0.1489
BiancaGolden_GrandPlies,62.3916,15.2246,204.8382,2.2330,-52.3189,-168.4410,-0.3699,-0.0993,-0.9238,0.9980,259,10.831226,2.6239,0.1522
BiancaGolden_GrandPlies,62.7108,15.5629,204.7978,1.9201,-52.6162,-167.9200,-0.3593,-0.0987,-0.9280,0.9980,259,10.843660,2.6271,0.1556
BiancaGolden_GrandPlies,63.0105,15.9281,204.7387,1.5990,-52.8414,-167.4938,-0.3575,-0.1011,-0.9284,0.9980,260,10.859417,2.6301,0.1593
BiancaGolden_GrandPlies,63.2763,16.2520,204.6627,1.4101,-52.9104,-167.2282,-0.3677,-0.0860,-0.9260,0.9980,260,10.873586,2.6328,0.1625
BiancaGolden_GrandPlies,63.5562,16.5642,204.5941,1.3668,-52.9014,-167.0023,-0.3654,-0.0815,-0.9273,0.9980,260,10.886702,2.6356,0.1656
BiancaGolden_GrandPlies,63.8786,16.9351,204.4515,1.3961,-52.7487,-166.6113,-0.3631,-0.0835,-0.9280,0.9980,261,10.900994,2.6388,0.1694
BiancaGolden_GrandPlies,64.1641,17.2316,204.2522,1.4572,-52.8555,-166.1813,-0.3786,-0.0780,-0.9223,0.9980,261,10.913751,2.6416,0.1723
BiancaGolden_GrandPlies,64.5804,17.4946,204.2596,1.7247,-52.9870,-166.3694,-0.3713,-0.0753,-0.9255,0.9980,262,10.928799,2.6458,0.1749
BiancaGolden_GrandPlies,64.8771,17.8532,204.2072,1.7090,-53.4782,-166.0659,-0.3642,-0.0692,-0.9288,0.9980,262,10.943344,2.6488,0.1785
BiancaGolden_GrandPlies,65.1877,18.1158,204.1769,2.2019,-53.9962,-166.3971,-0.3537,-0.0660,-0.9330,0.9980,263,10.956741,2.6519,0.1812
BiancaGolden_GrandPlies,65.4816,18.3620,204.2287,2.4187,-54.3872,-166.3125,-0.3504,-0.0681,-0.9341,0.9980,263,10.971201,2.6548,0.1836
BiancaGolden_GrandPlies,65.8020,18.5850,204.2508,2.6507,-54.5439,-166.4059,-0.3531,-0.0825,-0.9319,0.9980,263,10.985549,2.6580,0.1858
BiancaGolden_GrandPlies,66.1718,18.8388,204.2828,2.6883,-54.6824,-166.4319,-0.3514,-0.0827,-0.9326,0.9980,264,10.997919,2.6617,0.1884
BiancaGolden_GrandPlies,66.4993,19.1087,204.3335,2.6623,-54.8075,-166.3577,-0.3591,-0.0743,-0.9303,0.9980,264,11.011826,2.6650,0.1911
BiancaGolden_GrandPlies,66.7675,19.3468,204.3933,2.8882,-54.8372,-166.2636,-0.3609,-0.0767,-0.9294,0.9980,265,11.026093,2.6677,0.1935
BiancaGolden_GrandPlies,67.1050,19.6252,204.4334,2.8896,-54.6975,-165.9662,-0.3649,-0.0754,-0.9280,0.9980,265,11.040535,2.6710,0.1963
BiancaGolden_GrandPlies,67.5000,19.8648,204.4886,3.2361,-54.9067,-165.8551,-0.3603,-0.0734,-0.9299,0.9980,265,11.054450,2.6750,0.1986
BiancaGolden_GrandPlies,67.8904,20.0888,204.5795,3.2598,-55.1893,-165.6050,-0.3834,-0.0845,-0.9197,0.9980,266,11.069252,2.6789,0.2009
BiancaGolden_GrandPlies,68.2053,20.1977,204.7245,2.9881,-55.3651,-165.2283,-0.3793,-0.0992,-0.9199,0.9980,266,11.081565,2.6821,0.2020
BiancaGolden_GrandPlies,68.4790,20.4005,204.8530,2.4742,-55.3563,-164.7577,-0.3869,-0.1024,-0.9164,0.9980,267,11.096660,2.6848,0.2040
BiancaGolden_GrandPlies,68.8081,20.5422,204.9971,1.9975,-54.8447,-164.8299,-0.3912,-0.1073,-0.9140,0.9980,267,11.110725,2.6881,0.2054
BiancaGolden_GrandPlies,69.1010,20.6981,205.1112,1.7667,-54.5193,-164.9263,-0.4017,-0.1097,-0.9092,0.9980,268,11.124387,2.6910,0.2070
BiancaGolden_GrandPlies,69.5039,20.8397,205.2085,1.6254,-54.0363,-165.1179,-0.4031,-0.0993,-0.9098,0.9980,268,11.138721,2.6950,0.2084
BiancaGolden_GrandPlies,69.9138,21.0180,205.3334,1.5916,-53.8512,-165.0574,-0.4217,-0.1037,-0.9008,0.9980,268,11.151752,2.6991,0.2102
BiancaGolden_GrandPlies,70.3192,21.1549,205.4493,1.6584,-53.5736,-165.0995,-0.4239,-0.1030,-0.8998,0.9980,269,11.165706,2.7032,0.2115
BiancaGolden_GrandPlies,70.7095,21.2458,205.5633,1.7271,-53.3997,-165.0447,-0.4306,-0.1073,-0.8961,0.9980,269,11.179346,2.7071,0.2125
BiancaGolden_GrandPlies,71.0943,21.2767,205.7088,1.5200,-53.0567,-164.8151,-0.4363,-0.1100,-0.8931,0.9980,270,11.193679,2.7109,0.2128
BiancaGolden_GrandPlies,71.4982,21.3263,205.8185,1.4034,-52.6612,-164.7179,-0.4429,-0.1136,-0.8893,0.9980,270,11.208027,2.7150,0.2133
BiancaGolden_GrandPlies,71.8844,21.4066,205.9642,1.1859,-52.3088,-164.6272,-0.4473,-0.1210,-0.8861,0.9980,270,11.221269,2.7188,0.2141
BiancaGolden_GrandPlies,72.2987,21.4156,206.0674,1.2209,-51.9010,-164.6268,-0.4511,-0.1244,-0.8838,0.9980,271,11.236276,2.7230,0.2142
BiancaGolden_GrandPlies,72.6997,21.4571,206.1859,1.1122,-51.4948,-164.6288,-0.4582,-0.1265,-0.8798,0.9980,271,11.252192,2.7270,0.2146
BiancaGolden_GrandPlies,73.0866,21.4558,206.2850,0.8264,-51.0122,-164.7248,-0.4498,-0.1352,-0.8828,0.9980,272,11.264604,2.7309,0.2146
BiancaGolden_GrandPlies,73.4734,21.4430,206.3723,0.5707,-50.6016,-164.7505,-0.4569,-0.1384,-0.8787,0.9980,272,11.275772,2.7347,0.2144
BiancaGolden_GrandPlies,73.8870,21.4008,206.4220,0.2807,-50.0532,-164.7184,-0.4638,-0.1406,-0.8747,0.9980,273,11.292160,2.7389,0.2140
BiancaGolden_GrandPlies,74.2872,21.3105,206.5184,0.0839,-49.5794,-164.8666,-0.4691,-0.1434,-0.8714,0.9980,273,11.304084,2.7429,0.2131
BiancaGolden_GrandPlies,74.7170,21.2673,206.5837,-0.1506,-49.1993,-164.8498,-0.4571,-0.1561,-0.8756,0.9980,273,11.318974,2.7472,0.2127
BiancaGolden_GrandPlies,75.1138,21.2079,206.5915,-0.9918,-49.0834,-164.7101,-0.4406,-0.1569,-0.8839,0.9980,274,11.331164,2.7511,0.2121
BiancaGolden_GrandPlies,75.5158,21.0730,206.7231,-0.9295,-49.0236,-164.8635,-0.4435,-0.1551,-0.8827,0.9980,274,11.344734,2.7552,0.2107
BiancaGolden_GrandPlies,75.9283,20.9828,206.6710,-0.8491,-48.6995,-164.9367,-0.4464,-0.1599,-0.8804,0.9980,275,11.360139,2.7593,0.2098
BiancaGolden_GrandPlies,76.3344,20.9002,206.6446,-1.3859,-48.2827,-164.9405,-0.4352,-0.1484,-0.8880,0.9980,275,11.374257,2.7633,0.2090
BiancaGolden_GrandPlies,76.7193,20.7023,206.6695,-1.2766,-48.1572,-165.4452,-0.4414,-0.1393,-0.8864,0.9980,276,11.388512,2.7672,0.2070
BiancaGolden_GrandPlies,77.2050,20.5204,206.6510,-0.8963,-47.9192,-165.9049,-0.4500,-0.1303,-0.8835,0.9980,276,11.401716,2.7721,0.2052
BiancaGolden_GrandPlies,77.6915,20.3919,206.6646,-0.6849,-47.7987,-166.1664,-0.4513,-0.1252,-0.8836,0.9980,276,11.416218,2.7769,0.2039
BiancaGolden_GrandPlies,78.1468,20.2516,206.6561,-0.3283,-47.7976,-166.6262,-0.4471,-0.1190,-0.8865,0.9980,277,11.429285,2.7815,0.2025
BiancaGolden_GrandPlies,78.6419,19.9871,206.6672,0.0644,-47.7714,-167.0457,-0.4486,-0.1157,-0.8862,0.9980,277,11.442719,2.7864,0.1999
BiancaGolden_GrandPlies,79.1440,19.7889,206.6190,0.2393,-47.7256,-167.3886,-0.4477,-0.1216,-0.8859,0.9980,278,11.457901,2.7914,0.1979
BiancaGolden_GrandPlies,79.6699,19.5062,206.5628,0.5505,-47.5436,-167.8705,-0.4505,-0.1162,-0.8852,0.9980,278,11.471334,2.7967,0.1951
BiancaGolden_GrandPlies,80.1877,19.3193,206.5754,0.8650,-47.3796,-168.2143,-0.4522,-0.1168,-0.8843,0.9980,278,11.486067,2.8019,0.1932
BiancaGolden_GrandPlies,80.6875,19.0699,206.6596,1.0341,-47.1101,-168.2905,-0.4546,-0.1134,-0.8834,0.9980,279,11.500111,2.8069,0.1907
BiancaGolden_GrandPlies,81.1951,18.7825,206.6663,1.1583,-46.8925,-168.4718,-0.4556,-0.1107,-0.8833,0.9980,279,11.513096,2.8120,0.1878
BiancaGolden_GrandPlies,81.7894,18.5406,206.7248,1.2754,-46.9126,-168.5331,-0.4576,-0.1145,-0.8818,0.9980,280,11.527887,2.8179,0.1854
BiancaGolden_GrandPlies,82.3926,18.1749,206.7190,0.7416,-46.7258,-168.4587,-0.4581,-0.1169,-0.8812,0.9980,280,11.541867,2.8239,0.1817
BiancaGolden_GrandPlies,83.0658,17.9677,206.6889,0.5347,-46.7273,-168.0206,-0.4545,-0.1210,-0.8825,0.9980,281,11.555591,2.8307,0.1797
BiancaGolden_GrandPlies,83.7095,17.7634,206.7511,0.7410,-46.8789,-167.3260,-0.4478,-0.1249,-0.8854,0.9980,281,11.569335,2.8371,0.1776
BiancaGolden_GrandPlies,84.4398,17.4114,206.6696,1.0370,-46.9688,-166.5373,-0.4357,-0.1481,-0.8878,0.9980,281,11.583957,2.8444,0.1741
BiancaGolden_GrandPlies,85.0335,17.1410,206.7280,0.7701,-47.2714,-164.9063,-0.4011,-0.2525,-0.8806,0.9980,282,11.598144,2.8503,0.1714
BiancaGolden_GrandPlies,85.7071,16.8185,206.8325,0.7177,-47.2277,-163.9274,-0.3987,-0.2617,-0.8789,0.9980,282,11.611252,2.8571,0.1682
BiancaGolden_GrandPlies,86.3259,16.4765,206.8779,-0.0490,-47.1761,-163.1788,-0.4079,-0.2905,-0.8656,0.9980,283,11.625950,2.8633,0.1648
BiancaGolden_GrandPlies,86.8717,16.2713,206.9431,-0.9402,-47.1904,-162.5771,-0.4148,-0.2950,-0.8608,0.9980,283,11.640090,2.8687,0.1627
BiancaGolden_GrandPlies,87.3960,16.0374,207.0076,-1.3235,-47.0241,-162.4599,-0.4252,-0.2847,-0.8591,0.9980,283,11.653713,2.8740,0.1604
BiancaGolden_GrandPlies,87.8387,15.9156,207.0761,-1.4586,-46.7233,-162.5885,-0.4384,-0.2724,-0.8565,0.9980,284,11.667634,2.8784,0.1592
BiancaGolden_GrandPlies,88.2284,15.8029,207.1196,-1.0662,-46.2496,-163.0325,-0.4487,-0.2490,-0.8583,0.9980,284,11.680315,2.8823,0.1580
BiancaGolden_GrandPlies,88.5902,15.6968,207.1666,-0.2676,-45.6000,-163.5413,-0.4595,-0.2475,-0.8530,0.9980,285,11.696118,2.8859,0.1570
BiancaGolden_GrandPlies,88.9959,15.5391,207.1893,0.2279,-44.9236,-163.8092,-0.4687,-0.2492,-0.8475,0.9980,285,11.708978,2.8900,0.1554
BiancaGolden_GrandPlies,89.4153,15.3248,207.2248,0.0613,-44.3376,-163.9882,-0.4510,-0.2368,-0.8605,0.9980,286,11.722612,2.8942,0.1532
BiancaGolden_GrandPlies,89.8426,15.1334,207.2793,-0.5091,-43.9241,-164.0166,-0.4530,-0.2466,-0.8567,0.9980,286,11.736160,2.8984,0.1513
BiancaGolden_GrandPlies,90.2718,14.9673,207.3413,-0.9853,-43.6021,-163.8945,-0.4575,-0.2453,-0.8547,0.9980,286,11.754357,2.9027,0.1497
BiancaGolden_GrandPlies,90.7126,14.8243,207.4221,-1.3329,-43.3554,-163.5647,-0.4570,-0.2518,-0.8531,0.9980,287,11.764551,2.9071,0.1482
BiancaGolden_GrandPlies,91.1330,14.6985,207.5276,-1.6559,-43.2214,-163.0215,-0.4588,-0.2511,-0.8523,0.9980,287,11.778640,2.9113,0.1470
BiancaGolden_GrandPlies,91.5399,14.5311,207.6381,-2.0446,-43.0572,-162.5700,-0.4726,-0.2191,-0.8536,0.9980,288,11.792982,2.9154,0.1453
BiancaGolden_GrandPlies,91.9042,14.3817,207.7878,-2.5361,-42.8643,-162.2024,-0.5120,-0.1783,-0.8403,0.9980,288,11.806405,2.9190,0.1438
BiancaGolden_GrandPlies,92.2129,14.2391,207.9564,-2.9104,-42.4997,-161.8352,-0.5243,-0.1670,-0.8350,0.9980,288,11.820239,2.9221,0.1424
BiancaGolden_GrandPlies,92.5065,14.1303,208.1144,-3.1089,-41.9537,-161.4981,-0.5322,-0.1711,-0.8292,0.9980,289,11.833395,2.9251,0.1413
BiancaGolden_GrandPlies,92.7751,14.0238,208.2628,-3.2416,-41.1868,-161.2541,-0.5425,-0.1691,-0.8229,0.9980,289,11.847190,2.9278,0.1402
BiancaGolden_GrandPlies,93.0688,13.9540,208.4197,-3.3285,-40.5270,-161.1533,-0.5484,-0.1719,-0.8184,0.9980,290,11.862303,2.9307,0.1395
BiancaGolden_GrandPlies,93.3898,13.8827,208.5632,-3.3578,-40.0785,-161.0963,-0.5469,-0.1669,-0.8204,0.9980,290,11.875875,2.9339,0.1388
BiancaGolden_GrandPlies,93.7185,13.8045,208.7173,-3.3835,-39.7617,-161.0382,-0.5363,-0.1539,-0.8299,0.9980,291,11.890430,2.9372,0.1380
BiancaGolden_GrandPlies,94.0300,13.6989,208.8518,-3.3973,-39.5544,-161.0369,-0.5351,-0.1462,-0.8321,0.9980,291,11.904508,2.9403,0.1370
BiancaGolden_GrandPlies,94.3253,13.5962,208.9692,-3.4614,-39.2506,-161.0641,-0.5339,-0.1424,-0.8334,0.9980,291,11.917914,2.9433,0.1360
BiancaGolden_GrandPlies,94.6127,13.4879,209.0847,-3.4089,-38.9625,-161.0993,-0.5382,-0.1440,-0.8304,0.9980,292,11.931376,2.9461,0.1349
BiancaGolden_GrandPlies,94.8992,13.3828,209.1705,-3.2699,-38.6557,-161.0126,-0.5366,-0.1385,-0.8324,0.9980,292,11.946077,2.9490,0.1338
BiancaGolden_GrandPlies,95.2255,13.2737,209.2614,-3.1093,-38.4658,-160.7192,-0.5341,-0.1357,-0.8345,0.9980,293,11.959836,2.9523,0.1327
BiancaGolden_GrandPlies,95.5250,13.1294,209.3191,-2.8935,-38.3809,-160.2559,-0.5304,-0.1398,-0.8361,0.9980,293,11.974695,2.9553,0.1313
BiancaGolden_GrandPlies,95.8138,12.9955,209.3699,-2.6923,-38.2895,-159.6226,-0.5302,-0.1393,-0.8364,0.9980,293,11.987698,2.9581,0.1300
BiancaGolden_GrandPlies,96.0790,12.8544,209.4069,-2.5701,-38.2302,-158.7441,-0.5237,-0.1473,-0.8390,0.9980,294,12.002093,2.9608,0.1285
BiancaGolden_GrandPlies,96.3327,12.7036,209.4077,-2.3745,-38.2030,-157.7178,-0.5119,-0.1527,-0.8454,0.9980,294,12.014457,2.9633,0.1270
BiancaGolden_GrandPlies,96.5903,12.5401,209.3895,-2.2930,-38.1549,-156.4693,-0.5084,-0.1656,-0.8451,0.9980,295,12.029771,2.9659,0.1254
BiancaGolden_GrandPlies,96.8504,12.3821,209.3559,-2.3673,-38.1156,-155.0945,-0.5039,-0.1704,-0.8468,0.9980,295,12.044406,2.9685,0.1238
BiancaGolden_GrandPlies,97.1235,12.2363,209.2947,-2.5935,-38.1008,-153.6552,-0.4934,-0.1838,-0.8501,0.9980,296,12.058793,2.9712,0.1224
BiancaGolden_GrandPlies,97.3904,12.1118,209.2136,-2.9267,-38.1702,-152.0747,-0.4687,-0.2222,-0.8549,0.9980,296,12.071049,2.9739,0.1211
BiancaGolden_GrandPlies,97.6238,12.0016,209.1428,-3.2589,-38.2356,-150.5110,-0.4605,-0.2374,-0.8553,0.9980,296,12.086756,2.9762,0.1200
BiancaGolden_GrandPlies,97.8441,11.9210,209.1133,-3.6765,-38.2698,-148.9344,-0.3985,-0.3716,-0.8385,0.9980,297,12.099955,2.9784,0.1192
BiancaGolden_GrandPlies,98.0174,11.8817,209.1001,-4.1335,-38.1265,-147.4385,-0.3923,-0.3857,-0.8351,0.9980,297,12.112247,2.9802,0.1188
BiancaGolden_GrandPlies,98.1631,11.8736,209.0792,-4.4525,-37.8042,-146.0273,-0.3617,-0.4423,-0.8207,0.9980,298,12.127177,2.9816,0.1187
BiancaGolden_GrandPlies,98.2866,11.9219,209.0723,-4.8601,-37.4141,-144.6355,-0.3205,-0.5006,-0.8042,0.9980,298,12.140892,2.9829,0.1192
BiancaGolden_GrandPlies,98.3883,12.0260,209.0560,-5.4485,-36.9384,-143.5473,-0.2905,-0.5531,-0.7808,0.9980,298,12.154890,2.9839,0.1203
BiancaGolden_GrandPlies,98.4581,12.1748,209.0699,-6.1772,-36.4263,-142.7666,-0.2749,-0.5823,-0.7651,0.9980,299,12.168081,2.9846,0.1217
BiancaGolden_GrandPlies,98.5093,12.3330,209.1113,-6.6594,-36.0618,-142.1314,-0.2737,-0.5900,-0.7596,0.9980,299,12.181402,2.9851,0.1233
BiancaGolden_GrandPlies,98.4520,12.5111,209.2168,-6.8873,-35.7545,-141.5599,-0.2876,-0.5808,-0.7616,0.9980,300,12.196282,2.9845,0.1251
BiancaGolden_GrandPlies,98.4025,12.6997,209.3086,-6.9877,-35.4171,-140.9503,-0.2822,-0.5861,-0.7595,0.9980,300,12.210772,2.9840,0.1270
BiancaGolden_GrandPlies,98.5075,12.9494,209.2833,-7.2351,-35.3089,-140.3364,-0.2852,-0.5738,-0.7677,0.9980,301,12.224555,2.9851,0.1295
BiancaGolden_GrandPlies,98.6807,13.1918,209.1400,-7.6566,-35.2328,-139.8932,-0.2802,-0.5682,-0.7738,0.9980,301,12.238175,2.9868,0.1319
BiancaGolden_GrandPlies,98.7998,13.4249,209.0071,-8.0655,-35.0044,-139.5134,-0.2830,-0.5483,-0.7869,0.9980,302,12.255994,2.9880,0.1342
BiancaGolden_GrandPlies,98.9282,13.6041,208.8838,-8.4299,-34.6067,-139.3208,-0.2831,-0.5554,-0.7819,0.9980,302,12.266505,2.9893,0.1360
BiancaGolden_GrandPlies,99.0492,13.7762,208.7913,-8.7671,-34.2209,-138.9886,-0.2821,-0.5488,-0.7869,0.9980,302,12.279470,2.9905,0.1378
BiancaGolden_GrandPlies,99.1701,13.9205,208.7843,-9.2045,-33.9684,-138.6167,-0.2842,-0.5505,-0.7850,0.9980,303,12.293033,2.9917,0.1392
BiancaGolden_GrandPlies,99.3218,14.0380,208.7997,-9.7238,-33.7738,-138.3209,-0.2860,-0.5551,-0.7810,0.9980,303,12.306494,2.9932,0.1404
BiancaGolden_GrandPlies,99.4835,14.1915,208.7540,-10.1047,-33.5846,-138.0431,-0.2911,-0.5519,-0.7815,0.9980,303,12.321377,2.9948,0.1419
BiancaGolden_GrandPlies,99.6851,14.3752,208.6276,-10.2551,-33.5058,-137.7513,-0.2874,-0.5526,-0.7824,0.9980,304,12.334602,2.9969,0.1438
BiancaGolden_GrandPlies,99.9382,14.5879,208.5083,-10.2117,-33.5802,-137.4288,-0.2909,-0.5467,-0.7851,0.9980,304,12.348128,2.9994,0.1459
BiancaGolden_GrandPlies,100.1314,14.7563,208.4594,-10.0581,-33.5991,-137.1853,-0.2910,-0.5467,-0.7851,0.9980,305,12.363472,3.0013,0.1476
BiancaGolden_GrandPlies,100.2787,14.9185,208.4756,-10.0045,-33.5807,-137.1568,-0.3045,-0.5340,-0.7888,0.9980,305,12.376667,3.0028,0.1492
BiancaGolden_GrandPlies,100.4115,15.0680,208.5408,-10.0873,-33.5027,-137.4934,-0.3172,-0.5289,-0.7872,0.9980,306,12.391535,3.0041,0.1507
BiancaGolden_GrandPlies,100.5130,15.1818,208.5342,-10.1191,-33.2679,-138.1777,-0.3326,-0.5193,-0.7872,0.9980,306,12.405452,3.0051,0.1518
BiancaGolden_GrandPlies,100.7061,15.3476,208.4689,-9.9602,-32.9985,-139.0316,-0.3496,-0.5040,-0.7898,0.9980,306,12.419970,3.0071,0.1535
BiancaGolden_GrandPlies,100.9863,15.4872,208.4364,-9.8069,-33.0532,-139.8009,-0.3536,-0.4971,-0.7924,0.9980,307,12.433831,3.0099,0.1549
BiancaGolden_GrandPlies,101.2393,15.6356,208.3726,-9.6632,-33.2066,-140.4123,-0.4564,-0.4168,-0.7861,0.9980,307,12.446775,3.0124,0.1564
BiancaGolden_GrandPlies,101.4943,15.7315,208.3310,-9.1892,-33.5488,-141.1391,-0.5514,-0.3349,-0.7641,0.9980,308,12.461752,3.0149,0.1573
BiancaGolden_GrandPlies,101.6774,15.7390,208.3653,-8.3223,-33.7365,-141.6789,-0.6559,-0.2591,-0.7089,0.9980,308,12.474472,3.0168,0.1574
BiancaGolden_GrandPlies,101.8771,15.6975,208.4352,-7.2952,-33.6420,-141.9800,-0.7262,-0.1866,-0.6616,0.9980,309,12.489265,3.0188,0.1570
BiancaGolden_GrandPlies,102.1720,15.6240,208.4692,-6.2238,-33.5117,-142.0557,-0.7521,-0.1144,-0.6490,0.9980,309,12.502248,3.0217,0.1562
BiancaGolden_GrandPlies,102.5480,15.5635,208.4512,-5.6128,-33.4315,-142.0130,-0.7495,-0.1129,-0.6524,0.9980,309,12.517365,3.0255,0.1556
BiancaGolden_GrandPlies,102.9501,15.5495,208.4432,-5.2530,-33.5604,-141.9390,-0.7495,-0.1116,-0.6525,0.9980,310,12.530624,3.0295,0.1555
BiancaGolden_GrandPlies,103.2825,15.5697,208.4881,-4.9236,-33.7328,-141.9421,-0.7426,-0.1259,-0.6578,0.9980,310,12.543539,3.0328,0.1557
BiancaGolden_GrandPlies,103.5397,15.5974,208.5617,-4.4406,-33.7975,-142.1190,-0.7472,-0.1220,-0.6532,0.9980,311,12.558978,3.0354,0.1560
BiancaGolden_GrandPlies,103.7749,15.6314,208.6103,-3.8802,-33.6252,-142.5158,-0.7449,-0.1101,-0.6581,0.9980,311,12.572306,3.0377,0.1563
BiancaGolden_GrandPlies,104.0191,15.6713,208.6461,-3.3825,-33.3638,-143.1306,-0.7497,-0.1000,-0.6542,0.9980,311,12.586582,3.0402,0.1567
BiancaGolden_GrandPlies,104.2605,15.7383,208.6295,-2.9450,-33.0773,-144.0012,-0.7472,-0.0932,-0.6581,0.9980,312,12.600395,3.0426,0.1574
BiancaGolden_GrandPlies,104.5066,15.8393,208.5607,-2.4694,-32.7966,-144.9551,-0.7516,-0.0785,-0.6549,0.9980,312,12.613718,3.0451,0.1584
BiancaGolden_GrandPlies,104.7859,15.9521,208.4842,-2.0431,-32.7019,-145.9969,-0.7512,-0.0689,-0.6565,0.9980,313,12.629237,3.0479,0.1595
BiancaGolden_GrandPlies,105.0472,16.0416,208.3899,-1.6414,-32.7045,-147.2338,-0.7465,-0.0597,-0.6627,0.9980,313,12.641791,3.0505,0.1604
BiancaGolden_GrandPlies,105.3241,16.1308,208.3003,-1.3336,-32.9121,-148.4227,-0.7422,-0.0430,-0.6688,0.9980,314,12.656545,3.0532,0.1613
BiancaGolden_GrandPlies,105.6115,16.2095,208.1866,-0.8985,-33.2250,-149.6681,-0.7413,-0.0350,-0.6703,0.9980,314,12.670095,3.0561,0.1621
BiancaGolden_GrandPlies,105.9041,16.2514,208.0581,-0.3945,-33.5583,-150.8961,-0.7381,-0.0306,-0.6740,0.9980,314,12.684444,3.0590,0.1625
BiancaGolden_GrandPlies,106.2259,16.2331,207.9221,0.0188,-33.8765,-152.1504,-0.7392,-0.0141,-0.6733,0.9980,315,12.697631,3.0623,0.1623
BiancaGolden_GrandPlies,106.5449,16.1630,207.7519,0.4004,-33.9679,-153.3455,-0.7372,-0.0308,-0.6750,0.9980,315,12.711088,3.0654,0.1616
BiancaGolden_GrandPlies,106.8552,16.0795,207.6119,0.7890,-33.8966,-154.3970,-0.7391,-0.0309,-0.6729,0.9980,316,12.726268,3.0686,0.1608
BiancaGolden_GrandPlies,107.1908,15.9350,207.4737,1.0857,-33.6008,-155.2812,-0.7368,-0.0315,-0.6754,0.9980,316,12.739643,3.0719,0.1594
BiancaGolden_GrandPlies,107.5963,15.7631,207.3147,1.2077,-33.3131,-156.0424,-0.7312,-0.0484,-0.6804,0.9980,317,12.757613,3.0760,0.1576
BiancaGolden_GrandPlies,108.0866,15.5869,207.1720,1.0974,-33.2334,-156.6553,-0.7303,-0.0413,-0.6819,0.9980,317,12.768965,3.0809,0.1559
BiancaGolden_GrandPlies,108.5717,15.4017,207.0440,0.9769,-33.3204,-157.1960,-0.7054,-0.1201,-0.6985,0.9980,318,12.821958,3.0857,0.1540
BiancaGolden_GrandPlies,109.0779,15.1664,206.9113,0.5101,-33.2714,-157.0796,-0.7117,-0.1052,-0.6946,0.9980,319,12.837090,3.0908,0.1517
BiancaGolden_GrandPlies,111.0620,14.3178,206.2824,0.2192,-32.8544,-159.0502,-0.7219,-0.1011,-0.6846,0.9980,319,12.852188,3.1106,0.1432
BiancaGolden_GrandPlies,112.0831,13.8386,205.9544,-0.0370,-32.4439,-159.8694,-0.7246,-0.0984,-0.6821,0.9980,320,12.865815,3.1208,0.1384
BiancaGolden_GrandPlies,112.6240,13.5907,205.7647,-0.0996,-32.2324,-160.1680,-0.7268,-0.1001,-0.6795,0.9980,320,12.880026,3.1262,0.1359
BiancaGolden_GrandPlies,113.2397,13.3843,205.4794,-0.1557,-32.0801,-160.4246,-0.7221,-0.1183,-0.6816,0.9980,321,12.893677,3.1324,0.1338
BiancaGolden_GrandPlies,113.8391,13.1506,205.2358,-0.3223,-32.0702,-160.7318,-0.7157,-0.1164,-0.6887,0.9980,321,12.907557,3.1384,0.1315
BiancaGolden_GrandPlies,114.4082,12.9190,204.9892,-0.3985,-32.0287,-161.0065,-0.7158,-0.1132,-0.6891,0.9980,321,12.920982,3.1441,0.1292
BiancaGolden_GrandPlies,114.9716,12.7041,204.7414,-0.5094,-32.0451,-161.2837,-0.7167,-0.1254,-0.6860,0.9980,322,12.935573,3.1497,0.1270
BiancaGolden_GrandPlies,115.5142,12.4730,204.4971,-0.5523,-32.0815,-161.5506,-0.7170,-0.1243,-0.6859,0.9980,322,12.948076,3.1551,0.1247
BiancaGolden_GrandPlies,116.0686,12.2176,204.2565,-0.7305,-32.0916,-161.7631,-0.7138,-0.1249,-0.6891,0.9980,323,12.962567,3.1607,0.1222
BiancaGolden_GrandPlies,116.1425,12.2082,204.2246,-0.9103,-32.3221,-161.6892,-0.7144,-0.1222,-0.6890,0.9980,323,12.975659,3.1614,0.1221
BiancaGolden_GrandPlies,116.7699,11.9135,203.9778,-1.3814,-32.5220,-161.9433,-0.7114,-0.1216,-0.6922,0.9980,324,12.989885,3.1677,0.1191
BiancaGolden_GrandPlies,117.3569,11.5880,203.7772,-1.8845,-32.7270,-162.1446,-0.7078,-0.1303,-0.6943,0.9980,324,13.003162,3.1736,0.1159
BiancaGolden_GrandPlies,117.9222,11.2409,203.5808,-2.3535,-32.8132,-162.2915,-0.7074,-0.1310,-0.6946,0.9980,324,13.018291,3.1792,0.1124
BiancaGolden_GrandPlies,118.4733,10.9180,203.4138,-2.6995,-32.8476,-162.2659,-0.7059,-0.1324,-0.6958,0.9980,325,13.031115,3.1847,0.1092
BiancaGolden_GrandPlies,119.0215,10.6214,203.2426,-2.8135,-32.9385,-162.1530,-0.7097,-0.1367,-0.6911,0.9980,325,13.045361,3.1902,0.1062
BiancaGolden_GrandPlies,119.5139,10.3428,203.0545,-2.8130,-32.9991,-161.9699,-0.7159,-0.1376,-0.6845,0.9980,326,13.059135,3.1951,0.1034
BiancaGolden_GrandPlies,120.0493,10.0520,202.8627,-2.6770,-32.9808,-161.8616,-0.7193,-0.1425,-0.6799,0.9980,326,13.072649,3.2005,0.1005
BiancaGolden_GrandPlies,120.5161,9.7752,202.7232,-2.7762,-33.1021,-161.5910,-0.7197,-0.1463,-0.6787,0.9980,326,13.086924,3.2052,0.0978
BiancaGolden_GrandPlies,120.9832,9.4961,202.6071,-2.8731,-33.1963,-161.3325,-0.7185,-0.1514,-0.6788,0.9980,327,13.100300,3.2098,0.0950
BiancaGolden_GrandPlies,121.4405,9.2458,202.5028,-2.9975,-33.4238,-160.9686,-0.7142,-0.1546,-0.6827,0.9980,327,13.114180,3.2144,0.0925
BiancaGolden_GrandPlies,121.8396,8.9869,202.3774,-3.3466,-33.6908,-160.7010,-0.7157,-0.1572,-0.6805,0.9980,328,13.128414,3.2184,0.0899
BiancaGolden_GrandPlies,122.2015,8.7334,202.2455,-3.6839,-33.8468,-160.5905,-0.7158,-0.1473,-0.6826,0.9980,328,13.142868,3.2220,0.0873
BiancaGolden_GrandPlies,122.4921,8.5342,202.1989,-3.9320,-34.0006,-160.5518,-0.7213,-0.1460,-0.6770,0.9980,329,13.156238,3.2249,0.0853
BiancaGolden_GrandPlies,122.6604,8.3194,202.1782,-3.9886,-34.0860,-160.6830,-0.7276,-0.1299,-0.6736,0.9980,329,13.170421,3.2266,0.0832
BiancaGolden_GrandPlies,122.8467,8.0798,202.0852,-3.9822,-33.9102,-160.8059,-0.7315,-0.1188,-0.6714,0.9980,329,13.184442,3.2285,0.0808
BiancaGolden_GrandPlies,122.9959,7.8922,201.9413,-3.9292,-33.7604,-160.9002,-0.7321,-0.1153,-0.6714,0.9980,330,13.197587,3.2300,0.0789
BiancaGolden_GrandPlies,123.1279,7.7131,201.7952,-3.7220,-33.7904,-161.1303,-0.7296,-0.1098,-0.6750,0.9980,330,13.211518,3.2313,0.0771
BiancaGolden_GrandPlies,123.1749,7.5583,201.6747,-3.4188,-34.0273,-161.3034,-0.7285,-0.0977,-0.6780,0.9980,331,13.225727,3.2317,0.0756
BiancaGolden_GrandPlies,123.1678,7.4129,201.4976,-2.8398,-34.2649,-161.6205,-0.7290,-0.0904,-0.6785,0.9980,331,13.239334,3.2317,0.0741
BiancaGolden_GrandPlies,123.1144,7.2834,201.2947,-2.0316,-34.5434,-162.0090,-0.7289,-0.0791,-0.6801,0.9980,332,13.258101,3.2311,0.0728
BiancaGolden_GrandPlies,123.0396,7.1434,201.0671,-1.3327,-34.7641,-162.3809,-0.7287,-0.0700,-0.6812,0.9980,332,13.267632,3.2304,0.0714
BiancaGolden_GrandPlies,122.9503,7.0041,200.8503,-0.8656,-34.9514,-162.6824,-0.7279,-0.0639,-0.6827,0.9980,332,13.282747,3.2295,0.0700
BiancaGolden_GrandPlies,122.7933,6.8701,200.6184,-0.6675,-35.1057,-163.0939,-0.7259,-0.0577,-0.6854,0.9980,333,13.294601,3.2279,0.0687
BiancaGolden_GrandPlies,122.5986,6.7461,200.3646,-0.5269,-35.2029,-163.4722,-0.7267,-0.0559,-0.6846,0.9980,333,13.307775,3.2260,0.0675
BiancaGolden_GrandPlies,122.3267,6.6380,200.0697,-0.2768,-35.1478,-163.8402,-0.7306,-0.0572,-0.6804,0.9980,334,13.323121,3.2233,0.0664
BiancaGolden_GrandPlies,122.1044,6.5492,199.7366,0.0512,-35.1402,-164.0829,-0.7291,-0.0658,-0.6813,0.9980,334,13.337405,3.2210,0.0655
BiancaGolden_GrandPlies,121.8896,6.4972,199.4129,0.2801,-35.3398,-164.1921,-0.7292,-0.0640,-0.6813,0.9980,334,13.351043,3.2189,0.0650
BiancaGolden_GrandPlies,121.6727,6.4425,199.0558,0.3913,-35.6086,-164.3437,-0.7264,-0.0624,-0.6844,0.9980,335,13.364264,3.2167,0.0644
BiancaGolden_GrandPlies,121.4113,6.3925,198.6882,0.3131,-35.8433,-164.4188,-0.7229,-0.0654,-0.6879,0.9980,335,13.377774,3.2141,0.0639
BiancaGolden_GrandPlies,121.1917,6.3528,198.3046,0.2625,-35.9866,-164.5088,-0.7232,-0.0677,-0.6873,0.9980,336,13.392626,3.2119,0.0635
BiancaGolden_GrandPlies,121.0328,6.3800,197.8274,0.1459,-36.1525,-164.4242,-0.7212,-0.0687,-0.6893,0.9980,336,13.406363,3.2103,0.0638
BiancaGolden_GrandPlies,120.8485,6.4049,197.3493,0.0035,-36.2872,-164.3524,-0.7248,-0.0792,-0.6844,0.9980,336,13.420955,3.2085,0.0640
BiancaGolden_GrandPlies,120.6572,6.4138,196.8660,-0.1568,-36.2921,-164.3076,-0.7231,-0.0896,-0.6849,0.9980,337,13.434398,3.2066,0.0641
BiancaGolden_GrandPlies,120.4810,6.4579,196.3806,-0.2316,-36.2787,-164.2010,-0.7242,-0.0925,-0.6833,0.9980,337,13.448717,3.2048,0.0646
BiancaGolden_GrandPlies,120.3343,6.5178,195.8028,-0.2879,-36.1472,-164.0204,-0.7243,-0.0999,-0.6822,0.9980,338,13.463042,3.2033,0.0652
BiancaGolden_GrandPlies,120.3009,6.6387,195.1761,-0.4032,-36.0102,-163.7850,-0.7230,-0.1040,-0.6830,0.9980,338,13.476584,3.2030,0.0664
BiancaGolden_GrandPlies,120.3133,6.7727,194.4789,-0.5278,-36.0497,-163.5560,-0.7221,-0.1097,-0.6830,0.9980,339,13.490877,3.2031,0.0677
BiancaGolden_GrandPlies,120.2517,6.9165,193.7670,-0.6958,-36.0783,-163.2263,-0.7214,-0.1189,-0.6822,0.9980,339,13.504702,3.2025,0.0692
BiancaGolden_GrandPlies,120.1082,7.0150,193.2151,-1.0147,-35.9763,-163.0003,-0.7227,-0.1158,-0.6813,0.9980,339,13.519051,3.2011,0.0701
BiancaGolden_GrandPlies,119.9639,7.0839,192.7151,-1.4923,-35.7359,-162.9219,-0.7253,-0.1192,-0.6781,0.9980,340,13.532532,3.1996,0.0708
BiancaGolden_GrandPlies,119.8630,7.1833,192.0970,-2.0161,-35.4199,-162.8225,-0.7291,-0.1190,-0.6740,0.9980,340,13.545657,3.1986,0.0718
BiancaGolden_GrandPlies,119.8322,7.3363,191.3279,-2.3009,-35.0787,-162.5603,-0.7306,-0.1243,-0.6714,0.9980,341,13.561657,3.1983,0.0734
BiancaGolden_GrandPlies,119.7937,7.5019,190.5857,-2.4473,-34.8139,-162.1350,-0.7369,-0.1195,-0.6654,0.9980,341,13.575491,3.1979,0.0750
BiancaGolden_GrandPlies,119.6336,7.6264,189.9038,-2.6918,-34.4348,-161.7792,-0.7383,-0.1235,-0.6631,0.9980,342,13.589087,3.1963,0.0763
BiancaGolden_GrandPlies,119.5054,7.7464,189.2421,-3.0380,-34.1192,-161.5669,-0.7328,-0.1258,-0.6687,0.9980,342,13.601897,3.1951,0.0775
BiancaGolden_GrandPlies,119.4267,7.9041,188.5136,-3.4687,-33.9428,-161.4099,-0.7325,-0.1254,-0.6691,0.9980,342,13.616518,3.1943,0.0790
BiancaGolden_GrandPlies,119.3697,8.0948,187.7192,-3.7607,-33.8808,-161.3537,-0.7323,-0.1262,-0.6692,0.9980,343,13.630005,3.1937,0.0809
BiancaGolden_GrandPlies,119.3100,8.3388,186.9474,-3.8840,-33.8705,-161.3155,-0.7298,-0.1230,-0.6725,0.9980,343,13.643608,3.1931,0.0834
BiancaGolden_GrandPlies,119.2181,8.5827,186.2004,-3.8444,-33.8743,-161.4537,-0.7290,-0.1130,-0.6751,0.9980,344,13.658691,3.1922,0.0858
BiancaGolden_GrandPlies,119.1348,8.8598,185.4630,-3.7790,-33.9532,-161.7363,-0.7250,-0.1057,-0.6805,0.9980,344,13.672367,3.1913,0.0886
BiancaGolden_GrandPlies,119.0346,9.1410,184.7275,-3.6844,-34.0324,-162.1226,-0.7257,-0.0958,-0.6813,0.9980,344,13.686335,3.1903,0.0914
BiancaGolden_GrandPlies,118.9217,9.4136,183.9805,-3.6113,-33.9987,-162.4325,-0.7278,-0.0915,-0.6796,0.9980,345,13.700047,3.1892,0.0941
BiancaGolden_GrandPlies,118.7970,9.6766,183.2786,-3.6366,-33.8602,-162.8206,-0.7304,-0.0830,-0.6780,0.9980,345,13.714458,3.1880,0.0968
BiancaGolden_GrandPlies,118.7326,9.9046,182.5989,-3.8219,-33.7094,-163.3134,-0.7343,-0.0821,-0.6738,0.9980,346,13.728055,3.1873,0.0990
BiancaGolden_GrandPlies,118.6888,10.1142,181.9034,-4.0196,-33.5974,-163.7440,-0.7356,-0.0899,-0.6714,0.9980,346,13.741817,3.1869,0.1011
BiancaGolden_GrandPlies,118.6608,10.2902,181.2123,-4.2981,-33.4489,-164.1016,-0.7382,-0.0877,-0.6689,0.9980,347,13.761010,3.1866,0.1029
BiancaGolden_GrandPlies,118.6424,10.4338,180.5280,-4.5177,-33.2452,-164.3730,-0.7408,-0.0852,-0.6664,0.9980,347,13.770040,3.1864,0.1043
BiancaGolden_GrandPlies,118.6512,10.5725,179.8751,-4.7299,-33.1991,-164.6336,-0.7412,-0.0916,-0.6650,0.9980,347,13.783319,3.1865,0.1057
BiancaGolden_GrandPlies,118.6534,10.7172,179.2004,-4.8398,-33.0860,-164.6563,-0.7417,-0.0894,-0.6647,0.9980,348,13.797343,3.1865,0.1072
BiancaGolden_GrandPlies,118.7169,10.8197,178.5510,-4.7509,-33.0753,-164.8108,-0.7413,-0.1011,-0.6636,0.9980,348,13.809832,3.1872,0.1082
BiancaGolden_GrandPlies,118.7929,10.9279,177.8334,-4.6348,-32.9242,-164.7220,-0.7422,-0.1063,-0.6617,0.9980,349,13.825211,3.1879,0.1093
BiancaGolden_GrandPlies,118.8713,11.0305,177.1306,-4.5958,-32.7812,-164.6927,-0.7437,-0.1141,-0.6587,0.9980,349,13.838694,3.1887,0.1103
BiancaGolden_GrandPlies,118.8612,11.1144,176.4964,-4.5241,-32.5732,-164.6774,-0.7501,-0.1188,-0.6506,0.9980,349,13.853005,3.1886,0.1111
BiancaGolden_GrandPlies,118.8766,11.1821,175.8864,-4.5019,-32.2563,-164.7586,-0.7535,-0.1236,-0.6457,0.9980,350,13.867364,3.1888,0.1118
BiancaGolden_GrandPlies,118.9671,11.2609,175.2335,-4.4713,-31.9779,-164.8285,-0.7567,-0.1241,-0.6418,0.9980,350,13.879941,3.1897,0.1126
BiancaGolden_GrandPlies,119.1208,11.3929,174.4698,-4.2721,-31.7045,-164.8198,-0.7586,-0.1247,-0.6395,0.9980,351,13.894876,3.1912,0.1139
BiancaGolden_GrandPlies,119.3099,11.5301,173.6245,-3.9913,-31.5506,-164.7850,-0.7591,-0.1236,-0.6391,0.9980,351,13.909052,3.1931,0.1153
BiancaGolden_GrandPlies,119.4448,11.6308,172.8226,-3.7908,-31.3445,-164.8846,-0.7626,-0.1245,-0.6348,0.9980,352,13.923015,3.1944,0.1163
BiancaGolden_GrandPlies,119.6459,11.7602,172.0002,-3.4020,-31.0552,-164.8163,-0.7640,-0.1296,-0.6321,0.9980,352,13.937221,3.1965,0.1176
BiancaGolden_GrandPlies,119.8467,11.9036,171.1772,-2.4845,-30.9406,-164.3019,-0.7569,-0.1430,-0.6377,0.9980,352,13.950760,3.1985,0.1190
BiancaGolden_GrandPlies,120.0284,12.0226,170.3464,-1.0498,-30.8393,-163.1365,-0.7540,-0.1619,-0.6366,0.9980,353,13.964195,3.2003,0.1202
BiancaGolden_GrandPlies,120.2530,12.0505,169.5553,-0.1021,-30.8492,-161.5268,-0.7467,-0.1830,-0.6395,0.9980,353,13.977879,3.2025,0.1205
BiancaGolden_GrandPlies,120.5309,12.1089,168.7092,-0.3206,-30.8969,-160.0177,-0.7387,-0.1961,-0.6448,0.9980,354,13.992987,3.2053,0.1211
BiancaGolden_GrandPlies,120.7242,12.2456,167.7995,-1.9385,-30.8992,-159.0628,-0.7374,-0.1979,-0.6458,0.9980,354,14.007313,3.2072,0.1225
BiancaGolden_GrandPlies,120.7776,12.5396,166.9791,-2.9158,-30.6828,-158.6350,-0.7337,-0.1904,-0.6522,0.9980,354,14.020565,3.2078,0.1254
BiancaGolden_GrandPlies,120.8150,12.9157,166.1759,-3.3088,-30.4567,-158.4946,-0.7371,-0.1866,-0.6495,0.9980,355,14.035347,3.2082,0.1292
BiancaGolden_GrandPlies,120.8613,13.3365,165.2945,-3.1143,-30.2715,-158.8207,-0.7420,-0.1722,-0.6479,0.9980,355,14.047274,3.2086,0.1334
BiancaGolden_GrandPlies,120.9582,13.7204,164.4189,-2.8271,-30.1970,-159.2504,-0.7499,-0.1434,-0.6459,0.9980,356,14.062718,3.2096,0.1372
BiancaGolden_GrandPlies,121.0432,14.0543,163.6276,-2.4922,-30.1184,-160.0903,-0.7590,-0.1220,-0.6395,0.9980,356,14.076889,3.2104,0.1405
BiancaGolden_GrandPlies,121.0994,14.3532,162.8451,-2.5154,-29.8174,-160.6798,-0.7631,-0.1105,-0.6368,0.9980,357,14.090343,3.2110,0.1435
BiancaGolden_GrandPlies,121.1087,14.6567,162.1271,-2.7031,-29.4636,-161.2173,-0.7750,-0.1068,-0.6229,0.9980,357,14.103486,3.2111,0.1466
BiancaGolden_GrandPlies,121.1108,14.9628,161.4067,-2.8287,-29.1100,-161.7384,-0.7760,-0.0992,-0.6229,0.9980,357,14.118120,3.2111,0.1496
BiancaGolden_GrandPlies,121.1097,15.2684,160.7087,-2.9255,-28.7579,-162.3236,-0.7801,-0.0938,-0.6186,0.9980,358,14.132256,3.2111,0.1527
BiancaGolden_GrandPlies,121.1369,15.5727,160.0242,-2.9388,-28.4217,-162.8466,-0.7839,-0.0939,-0.6138,0.9980,358,14.145749,3.2114,0.1557
BiancaGolden_GrandPlies,121.1426,15.7880,159.3761,-3.0166,-28.1216,-163.3691,-0.7849,-0.0974,-0.6119,0.9980,359,14.160133,3.2114,0.1579
BiancaGolden_GrandPlies,121.1317,15.9509,158.7774,-3.2772,-27.8428,-163.7395,-0.7863,-0.0988,-0.6099,0.9980,359,14.173180,3.2113,0.1595
BiancaGolden_GrandPlies,121.1061,16.0935,158.1644,-3.5578,-27.5296,-164.0107,-0.7879,-0.1084,-0.6062,0.9980,359,14.187540,3.2111,0.1609
BiancaGolden_GrandPlies,121.0587,16.1995,157.6216,-3.8813,-27.2017,-164.2138,-0.7902,-0.1077,-0.6033,0.9980,360,14.201559,3.2106,0.1620
BiancaGolden_GrandPlies,121.0383,16.2728,157.1211,-4.2048,-26.9567,-164.3856,-0.7881,-0.1179,-0.6041,0.9980,360,14.214773,3.2104,0.1627
BiancaGolden_GrandPlies,121.1039,16.3003,156.6493,-4.5929,-26.8421,-164.4675,-0.7815,-0.1346,-0.6092,0.9980,361,14.229394,3.2110,0.1630
BiancaGolden_GrandPlies,121.1533,16.2948,156.1905,-5.0547,-26.7388,-164.6014,-0.7796,-0.1418,-0.6100,0.9980,361,14.243255,3.2115,0.1629
BiancaGolden_GrandPlies,121.1198,16.2789,155.8245,-5.5283,-26.6527,-164.7743,-0.7752,-0.1411,-0.6157,0.9980,362,14.260632,3.2112,0.1628
BiancaGolden_GrandPlies,121.0957,16.2438,155.5403,-5.8649,-26.6042,-164.9616,-0.7753,-0.1401,-0.6158,0.9980,362,14.271168,3.2110,0.1624
BiancaGolden_GrandPlies,121.1005,16.2317,155.2785,-6.0837,-26.5860,-165.1290,-0.7737,-0.1432,-0.6172,0.9980,362,14.285313,3.2110,0.1623
BiancaGolden_GrandPlies,121.1099,16.2017,155.0339,-6.2563,-26.6660,-165.3854,-0.7729,-0.1415,-0.6185,0.9980,363,14.299804,3.2111,0.1620
BiancaGolden_GrandPlies,121.1080,16.1541,154.8318,-6.3465,-26.7725,-165.6788,-0.7732,-0.1409,-0.6183,0.9980,363,14.312252,3.2111,0.1615
BiancaGolden_GrandPlies,121.0628,16.0733,154.6864,-6.3476,-26.7784,-165.9686,-0.7757,-0.1388,-0.6156,0.9980,364,14.327712,3.2106,0.1607
BiancaGolden_GrandPlies,120.9821,15.9205,154.6505,-6.3141,-26.5883,-166.2341,-0.7779,-0.1352,-0.6137,0.9980,364,14.340385,3.2098,0.1592
BiancaGolden_GrandPlies,120.8511,15.7828,154.6364,-6.3434,-26.3223,-166.5483,-0.7804,-0.1417,-0.6090,0.9980,365,14.355849,3.2085,0.1578
BiancaGolden_GrandPlies,120.7436,15.6234,154.5554,-6.4211,-25.9848,-166.7891,-0.7817,-0.1401,-0.6077,0.9980,365,14.368389,3.2074,0.1562
BiancaGolden_GrandPlies,120.6621,15.4829,154.5170,-6.4721,-25.8854,-166.9331,-0.7815,-0.1413,-0.6077,0.9980,365,14.382937,3.2066,0.1548
BiancaGolden_GrandPlies,120.5825,15.3048,154.4660,-6.4818,-25.8393,-166.9560,-0.7797,-0.1445,-0.6092,0.9980,366,14.396327,3.2058,0.1530
BiancaGolden_GrandPlies,120.5192,15.1371,154.4876,-6.5346,-25.9722,-166.8837,-0.7751,-0.1455,-0.6149,0.9980,366,14.410155,3.2052,0.1514
BiancaGolden_GrandPlies,120.4151,14.9568,154.4775,-6.5567,-26.1528,-166.7757,-0.7715,-0.1481,-0.6188,0.9980,367,14.424778,3.2042,0.1496
BiancaGolden_GrandPlies,120.3030,14.7925,154.5108,-6.5624,-26.3074,-166.7300,-0.7666,-0.1482,-0.6248,0.9980,367,14.437824,3.2030,0.1479
BiancaGolden_GrandPlies,120.2034,14.6192,154.5256,-6.6318,-26.3925,-166.7290,-0.7655,-0.1473,-0.6264,0.9980,367,14.453095,3.2020,0.1462
BiancaGolden_GrandPlies,120.0858,14.4629,154.5662,-6.6664,-26.5072,-166.7865,-0.7593,-0.1505,-0.6331,0.9980,368,14.466918,3.2009,0.1446
BiancaGolden_GrandPlies,120.0026,14.3039,154.5874,-6.5774,-26.6614,-166.8646,-0.7556,-0.1479,-0.6381,0.9980,368,14.479164,3.2000,0.1430
BiancaGolden_GrandPlies,119.9305,14.1316,154.5948,-6.4727,-26.8670,-166.9864,-0.7542,-0.1396,-0.6416,0.9980,369,14.495162,3.1993,0.1413
BiancaGolden_GrandPlies,119.8868,13.9822,154.5951,-6.3270,-27.1768,-167.0948,-0.7509,-0.1364,-0.6462,0.9980,369,14.507566,3.1989,0.1398
BiancaGolden_GrandPlies,119.8150,13.8282,154.6095,-6.1712,-27.5191,-167.2310,-0.7484,-0.1394,-0.6484,0.9980,370,14.521990,3.1982,0.1383
BiancaGolden_GrandPlies,119.7358,13.6747,154.6485,-6.0029,-27.7291,-167.3830,-0.7481,-0.1367,-0.6494,0.9980,370,14.536602,3.1974,0.1367
BiancaGolden_GrandPlies,119.6646,13.4741,154.6872,-5.8503,-27.8079,-167.5297,-0.7536,-0.1380,-0.6427,0.9980,370,14.549571,3.1966,0.1347
BiancaGolden_GrandPlies,119.5566,13.2717,154.7311,-5.7242,-27.7276,-167.5709,-0.7559,-0.1382,-0.6399,0.9980,371,14.563277,3.1956,0.1327
BiancaGolden_GrandPlies,119.4710,13.0687,154.7665,-5.5772,-27.5429,-167.5526,-0.7577,-0.1340,-0.6387,0.9980,371,14.576982,3.1947,0.1307
BiancaGolden_GrandPlies,119.3894,12.8984,154.7855,-5.3936,-27.4232,-167.5226,-0.7586,-0.1337,-0.6377,0.9980,372,14.592422,3.1939,0.1290
BiancaGolden_GrandPlies,119.3633,12.7446,154.7640,-5.1637,-27.3828,-167.4969,-0.7561,-0.1334,-0.6407,0.9980,372,14.605035,3.1936,0.1274
BiancaGolden_GrandPlies,119.3722,12.5724,154.7344,-4.8481,-27.5053,-167.5080,-0.7530,-0.1336,-0.6443,0.9980,372,14.619692,3.1937,0.1257
BiancaGolden_GrandPlies,119.3591,12.4144,154.7205,-4.4100,-27.7943,-167.3190,-0.7556,-0.1363,-0.6407,0.9980,373,14.633945,3.1936,0.1241
BiancaGolden_GrandPlies,119.3310,12.2449,154.7211,-4.1066,-27.9691,-167.0412,-0.7526,-0.1393,-0.6435,0.9980,373,14.646227,3.1933,0.1224
BiancaGolden_GrandPlies,119.3183,12.0839,154.6963,-4.1976,-28.1471,-166.7969,-0.7505,-0.1428,-0.6452,0.9980,374,14.661809,3.1932,0.1208
BiancaGolden_GrandPlies,119.2887,11.9695,154.6821,-4.5312,-28.2690,-166.7066,-0.7495,-0.1441,-0.6462,0.9980,374,14.674809,3.1929,0.1197
BiancaGolden_GrandPlies,119.2236,11.8849,154.6760,-4.6537,-28.3311,-166.6250,-0.7502,-0.1407,-0.6461,0.9980,375,14.689581,3.1922,0.1188
BiancaGolden_GrandPlies,119.1570,11.8064,154.6523,-4.4467,-28.3257,-166.5368,-0.7498,-0.1419,-0.6463,0.9980,375,14.703034,3.1916,0.1181
BiancaGolden_GrandPlies,119.0857,11.7351,154.6289,-4.1258,-28.3618,-166.3712,-0.7479,-0.1435,-0.6481,0.9980,375,14.717308,3.1909,0.1174
BiancaGolden_GrandPlies,119.0063,11.6557,154.6131,-3.9548,-28.3967,-166.1707,-0.7497,-0.1459,-0.6455,0.9980,376,14.730675,3.1901,0.1166
BiancaGolden_GrandPlies,118.8998,11.5830,154.6191,-3.8809,-28.3061,-165.9993,-0.7525,-0.1482,-0.6417,0.9980,376,14.747706,3.1890,0.1158
BiancaGolden_GrandPlies,118.8039,11.5263,154.5884,-3.9314,-28.1949,-165.8682,-0.7535,-0.1487,-0.6404,0.9980,377,14.759148,3.1880,0.1153
BiancaGolden_GrandPlies,118.6982,11.4837,154.5737,-3.9698,-28.0912,-165.8041,-0.7547,-0.1443,-0.6400,0.9980,377,14.771861,3.1870,0.1148
BiancaGolden_GrandPlies,118.5722,11.4609,154.5753,-3.8967,-28.0528,-165.6833,-0.7572,-0.1414,-0.6377,0.9980,377,14.787718,3.1857,0.1146
BiancaGolden_GrandPlies,118.4452,11.4380,154.6176,-3.7281,-28.0245,-165.5251,-0.7567,-0.1435,-0.6378,0.9980,378,14.799872,3.1845,0.1144
BiancaGolden_GrandPlies,118.2988,11.4342,154.6727,-3.6810,-28.0386,-165.3510,-0.7617,-0.1459,-0.6313,0.9980,378,14.813275,3.1830,0.1143
BiancaGolden_GrandPlies,118.1384,11.4616,154.7824,-3.6511,-28.0271,-165.2255,-0.7605,-0.1518,-0.6313,0.9980,379,14.828158,3.1814,0.1146
BiancaGolden_GrandPlies,117.9826,11.5097,154.9178,-3.5549,-28.0361,-165.0879,-0.7629,-0.1550,-0.6276,0.9980,379,14.842492,3.1798,0.1151
BiancaGolden_GrandPlies,117.8012,11.5617,155.1084,-3.5455,-28.0310,-164.9894,-0.7641,-0.1561,-0.6259,0.9980,380,14.856843,3.1780,0.1156
BiancaGolden_GrandPlies,117.6301,11.6051,155.3102,-3.5574,-27.9041,-164.9327,-0.7640,-0.1582,-0.6255,0.9980,380,14.869539,3.1763,0.1161
BiancaGolden_GrandPlies,117.4155,11.6471,155.6082,-3.6409,-27.8693,-164.8032,-0.7651,-0.1591,-0.6239,0.9980,380,14.884549,3.1742,0.1165
BiancaGolden_GrandPlies,117.1647,11.6939,155.9532,-3.7989,-27.8242,-164.6755,-0.7642,-0.1611,-0.6245,0.9980,381,14.897526,3.1716,0.1169
BiancaGolden_GrandPlies,116.9498,11.7456,156.2936,-3.9988,-27.8554,-164.5688,-0.7650,-0.1625,-0.6232,0.9980,381,14.911249,3.1695,0.1175
BiancaGolden_GrandPlies,116.7241,11.8086,156.6161,-4.0863,-27.8977,-164.4869,-0.7651,-0.1660,-0.6222,0.9980,382,14.926269,3.1672,0.1181
BiancaGolden_GrandPlies,116.4282,11.8667,157.0183,-4.0794,-27.8597,-164.3829,-0.7669,-0.1678,-0.6195,0.9980,382,14.940028,3.1643,0.1187
BiancaGolden_GrandPlies,116.0783,11.9033,157.4725,-4.1593,-27.6548,-164.3066,-0.7708,-0.1718,-0.6134,0.9980,382,14.954075,3.1608,0.1190
BiancaGolden_GrandPlies,115.7447,11.9496,157.9779,-4.3244,-27.5210,-164.2257,-0.7648,-0.1722,-0.6208,0.9980,383,14.967628,3.1574,0.1195
BiancaGolden_GrandPlies,115.4238,12.0390,158.5014,-4.4763,-27.6562,-164.0528,-0.7599,-0.1737,-0.6264,0.9980,383,14.981676,3.1542,0.1204
BiancaGolden_GrandPlies,115.1578,12.1156,159.0242,-4.5519,-28.1237,-163.8520,-0.7537,-0.1710,-0.6346,0.9980,384,14.995874,3.1516,0.1212
BiancaGolden_GrandPlies,114.9035,12.1737,159.5988,-4.5744,-28.8498,-163.5609,-0.7465,-0.1754,-0.6418,0.9980,384,15.009823,3.1490,0.1217
BiancaGolden_GrandPlies,114.5686,12.2363,160.2415,-4.6999,-29.7467,-163.0373,-0.7406,-0.1804,-0.6473,0.9980,385,15.024016,3.1457,0.1224
BiancaGolden_GrandPlies,114.1963,12.2822,160.8742,-5.1744,-30.1293,-162.6601,-0.7396,-0.1788,-0.6489,0.9980,385,15.038140,3.1420,0.1228
BiancaGolden_GrandPlies,113.8012,12.3223,161.5297,-5.7883,-30.3454,-162.5998,-0.7404,-0.1786,-0.6481,0.9980,385,15.051487,3.1380,0.1232
BiancaGolden_GrandPlies,113.3898,12.3823,162.1903,-6.3765,-30.2501,-162.7685,-0.7489,-0.1764,-0.6388,0.9980,386,15.064609,3.1339,0.1238
BiancaGolden_GrandPlies,112.9923,12.4398,162.8573,-6.5423,-30.1467,-162.9438,-0.7508,-0.1758,-0.6367,0.9980,386,15.078417,3.1299,0.1244
BiancaGolden_GrandPlies,112.5883,12.4829,163.5036,-6.5180,-30.0625,-163.0113,-0.7550,-0.1764,-0.6315,0.9980,387,15.093907,3.1259,0.1248
BiancaGolden_GrandPlies,112.1791,12.5118,164.1301,-6.4997,-30.0061,-163.1549,-0.7541,-0.1751,-0.6330,0.9980,387,15.106323,3.1218,0.1251
BiancaGolden_GrandPlies,111.8089,12.5581,164.7389,-6.6687,-30.1091,-163.2651,-0.7525,-0.1753,-0.6348,0.9980,387,15.120967,3.1181,0.1256
BiancaGolden_GrandPlies,111.4581,12.6010,165.2920,-6.8337,-30.4044,-163.3896,-0.7500,-0.1733,-0.6383,0.9980,388,15.134475,3.1146,0.1260
BiancaGolden_GrandPlies,111.0751,12.6121,165.8426,-7.0446,-30.6559,-163.5165,-0.7502,-0.1720,-0.6385,0.9980,388,15.147739,3.1108,0.1261
BiancaGolden_GrandPlies,110.5914,12.6212,166.4345,-7.2318,-30.6565,-163.6786,-0.7534,-0.1697,-0.6352,0.9980,389,15.162787,3.1059,0.1262
BiancaGolden_GrandPlies,110.1430,12.6216,166.9526,-7.3891,-30.4073,-163.9373,-0.7504,-0.1711,-0.6385,0.9980,389,15.177483,3.1014,0.1262
BiancaGolden_GrandPlies,109.7540,12.6270,167.4113,-7.5900,-30.4387,-164.1007,-0.7479,-0.1710,-0.6414,0.9980,390,15.190853,3.0975,0.1263
BiancaGolden_GrandPlies,109.3802,12.6304,167.8384,-7.7970,-30.6471,-164.1561,-0.7440,-0.1707,-0.6460,0.9980,390,15.204570,3.0938,0.1263
BiancaGolden_GrandPlies,109.0191,12.5887,168.2739,-8.0336,-30.9865,-164.1482,-0.7410,-0.1788,-0.6473,0.9980,390,15.218998,3.0902,0.1259
BiancaGolden_GrandPlies,108.5903,12.5263,168.6890,-8.4562,-31.2860,-164.0088,-0.7378,-0.1873,-0.6485,0.9980,391,15.231845,3.0859,0.1253
BiancaGolden_GrandPlies,108.1333,12.4643,169.1229,-8.9097,-31.4042,-163.8524,-0.7354,-0.1931,-0.6495,0.9980,391,15.249612,3.0813,0.1246
BiancaGolden_GrandPlies,107.6894,12.4185,169.5002,-9.4170,-31.4235,-163.7376,-0.7306,-0.2038,-0.6517,0.9980,392,15.261656,3.0769,0.1242
BiancaGolden_GrandPlies,107.2629,12.4203,169.8102,-9.9233,-31.5674,-163.7089,-0.7219,-0.2020,-0.6618,0.9980,392,15.273190,3.0726,0.1242
BiancaGolden_GrandPlies,106.8426,12.4357,170.1427,-10.1204,-31.8043,-163.8235,-0.7187,-0.2003,-0.6659,0.9980,392,15.288502,3.0684,0.1244
BiancaGolden_GrandPlies,106.3944,12.4771,170.5030,-9.9954,-32.1141,-163.8515,-0.7120,-0.2034,-0.6721,0.9980,393,15.300776,3.0639,0.1248
BiancaGolden_GrandPlies,105.9506,12.4983,170.8568,-9.7806,-32.4181,-163.7902,-0.7083,-0.2045,-0.6757,0.9980,393,15.314027,3.0595,0.1250
BiancaGolden_GrandPlies,105.5506,12.5475,171.1667,-9.6746,-32.6941,-163.6061,-0.7027,-0.2082,-0.6804,0.9980,394,15.329792,3.0555,0.1255
BiancaGolden_GrandPlies,105.1794,12.6337,171.4878,-9.9754,-33.1403,-163.4180,-0.7000,-0.2101,-0.6825,0.9980,394,15.342679,3.0518,0.1263
BiancaGolden_GrandPlies,104.7971,12.7417,171.8430,-10.3111,-33.6027,-163.2202,-0.6953,-0.2110,-0.6871,0.9980,395,15.357054,3.0480,0.1274
BiancaGolden_GrandPlies,104.3711,12.8490,172.2230,-10.7596,-33.9639,-163.1403,-0.6924,-0.2087,-0.6907,0.9980,395,15.371161,3.0437,0.1285
BiancaGolden_GrandPlies,103.9798,12.9937,172.6320,-11.2189,-34.2482,-163.3575,-0.7074,-0.1644,-0.6874,0.9980,395,15.385139,3.0398,0.1299
BiancaGolden_GrandPlies,103.6345,13.1377,173.0335,-11.6980,-34.5683,-163.8144,-0.7186,-0.1170,-0.6855,0.9980,396,15.398873,3.0363,0.1314
BiancaGolden_GrandPlies,103.3646,13.3108,173.4000,-12.0376,-34.9446,-164.2726,-0.7166,-0.1109,-0.6886,0.9980,396,15.413122,3.0336,0.1331
BiancaGolden_GrandPlies,103.0874,13.4772,173.7895,-12.1462,-35.4839,-164.6236,-0.7127,-0.1059,-0.6935,0.9980,397,15.427174,3.0309,0.1348
BiancaGolden_GrandPlies,102.8013,13.6463,174.2222,-12.0273,-35.8861,-164.9028,-0.7175,-0.1053,-0.6885,0.9980,397,15.440551,3.0280,0.1365
BiancaGolden_GrandPlies,102.4296,13.7606,174.7234,-11.9395,-36.2165,-165.2113,-0.7185,-0.1010,-0.6882,0.9980,397,15.455186,3.0243,0.1376
BiancaGolden_GrandPlies,102.0201,13.8725,175.2153,-11.8239,-36.2006,-165.5443,-0.7197,-0.1129,-0.6851,0.9980,398,15.468511,3.0202,0.1387
BiancaGolden_GrandPlies,101.6464,13.9874,175.6911,-11.7487,-36.1497,-165.8190,-0.7250,-0.1153,-0.6790,0.9980,398,15.481924,3.0165,0.1399
BiancaGolden_GrandPlies,101.3087,14.0858,176.0896,-11.7055,-36.0331,-166.0719,-0.7262,-0.1148,-0.6779,0.9980,399,15.496670,3.0131,0.1409
BiancaGolden_GrandPlies,101.0527,14.2060,176.4688,-11.7535,-36.0864,-166.2154,-0.7226,-0.1155,-0.6816,0.9980,399,15.511163,3.0105,0.1421
BiancaGolden_GrandPlies,100.8064,14.3434,176.8627,-11.9327,-36.4426,-166.3565,-0.7172,-0.1122,-0.6877,0.9980,400,15.525122,3.0081,0.1434
BiancaGolden_GrandPlies,100.4956,14.4591,177.2725,-12.2212,-36.9221,-166.6714,-0.7124,-0.1072,-0.6935,0.9980,400,15.537751,3.0050,0.1446
BiancaGolden_GrandPlies,100.1387,14.5802,177.7008,-12.3982,-37.3733,-167.0015,-0.7078,-0.1148,-0.6970,0.9980,400,15.552385,3.0014,0.1458
BiancaGolden_GrandPlies,99.7433,14.7056,178.0961,-12.4287,-37.8120,-167.2841,-0.7030,-0.1138,-0.7021,0.9980,401,15.567029,2.9974,0.1471
BiancaGolden_GrandPlies,99.3686,14.7888,178.5042,-12.6668,-38.2844,-167.3893,-0.6994,-0.1186,-0.7049,0.9980,401,15.579308,2.9937,0.1479
BiancaGolden_GrandPlies,99.1193,14.6907,178.8284,-12.8624,-38.7585,-167.8798,-0.6911,-0.1258,-0.7117,0.9980,402,15.594220,2.9912,0.1469
BiancaGolden_GrandPlies,98.8057,15.0023,179.1610,-13.3498,-39.2987,-167.2354,-0.6850,-0.1183,-0.7189,0.9980,402,15.608114,2.9881,0.1500
BiancaGolden_GrandPlies,98.4592,14.9968,179.5217,-13.3441,-39.8854,-167.7254,-0.6800,-0.1353,-0.7206,0.9980,403,15.622571,2.9846,0.1500
BiancaGolden_GrandPlies,98.0573,15.0653,179.9145,-13.3490,-40.4352,-167.6604,-0.6845,-0.1275,-0.7177,0.9980,403,15.635640,2.9806,0.1507
BiancaGolden_GrandPlies,97.6550,15.1568,180.2158,-13.0523,-40.5019,-168.2286,-0.6858,-0.1150,-0.7186,0.9980,403,15.649793,2.9766,0.1516
BiancaGolden_GrandPlies,97.3292,15.1701,180.5839,-13.0848,-40.7395,-168.6367,-0.6821,-0.1095,-0.7230,0.9980,404,15.663680,2.9733,0.1517
BiancaGolden_GrandPlies,97.0456,15.2677,180.8275,-13.0478,-41.1050,-169.0185,-0.6987,-0.0622,-0.7127,0.9980,404,15.676312,2.9705,0.1527
BiancaGolden_GrandPlies,96.6764,15.2735,181.1403,-12.6416,-41.0753,-169.1953,-0.6931,-0.0614,-0.7182,0.9980,405,15.691480,2.9668,0.1527
BiancaGolden_GrandPlies,96.3703,15.1336,181.5985,-13.5981,-41.7914,-169.1731,-0.6861,-0.0664,-0.7245,0.9980,405,15.705027,2.9637,0.1513
BiancaGolden_GrandPlies,95.9742,15.1993,181.9242,-13.8034,-42.3778,-168.6419,-0.6818,-0.0725,-0.7279,0.9980,405,15.719506,2.9597,0.1520
BiancaGolden_GrandPlies,95.7738,15.1997,182.1230,-13.7175,-42.7022,-168.1398,-0.6739,-0.0730,-0.7352,0.9980,406,15.732976,2.9577,0.1520
BiancaGolden_GrandPlies,95.5817,15.2741,182.3214,-13.4958,-43.3227,-167.8921,-0.6628,-0.0801,-0.7445,0.9980,406,15.749659,2.9558,0.1527
BiancaGolden_GrandPlies,95.3847,15.4209,182.4778,-13.2972,-44.1916,-167.6773,-0.6536,-0.0729,-0.7533,0.9980,407,15.761684,2.9538,0.1542
BiancaGolden_GrandPlies,95.1192,15.3956,182.7014,-13.0621,-45.1140,-168.1228,-0.6459,-0.0653,-0.7607,0.9980,407,15.775167,2.9512,0.1540
BiancaGolden_GrandPlies,94.8122,15.4897,182.9364,-12.9557,-45.8336,-168.2515,-0.6424,-0.0610,-0.7639,0.9980,408,15.789730,2.9481,0.1549
BiancaGolden_GrandPlies,94.5842,15.5296,183.1320,-12.7379,-46.5050,-168.4796,-0.6403,-0.0600,-0.7658,0.9980,408,15.802418,2.9458,0.1553
BiancaGolden_GrandPlies,94.3819,15.5680,183.2687,-12.4995,-47.0488,-168.6551,-0.6407,-0.0572,-0.7657,0.9980,408,15.816505,2.9438,0.1557
BiancaGolden_GrandPlies,94.1898,15.6537,183.3652,-12.0210,-47.6414,-168.7461,-0.6485,-0.0571,-0.7590,0.9980,409,15.830072,2.9419,0.1565
BiancaGolden_GrandPlies,93.9118,15.6467,183.4530,-11.4376,-48.1134,-169.0393,-0.6499,-0.0611,-0.7576,0.9980,409,15.843768,2.9391,0.1565
BiancaGolden_GrandPlies,93.7072,15.6306,183.5728,-11.2532,-48.4950,-168.9630,-0.6422,-0.0632,-0.7639,0.9980,410,15.858346,2.9371,0.1563
BiancaGolden_GrandPlies,93.5332,15.6354,183.7146,-10.9970,-49.0704,-168.6367,-0.6409,-0.0701,-0.7644,0.9980,410,15.872860,2.9353,0.1564
BiancaGolden_GrandPlies,93.3522,15.5924,183.8192,-10.7076,-49.6375,-168.5351,-0.6312,-0.0698,-0.7725,0.9980,410,15.886559,2.9335,0.1559
BiancaGolden_GrandPlies,93.2074,15.6033,183.9384,-10.6005,-50.3709,-168.3899,-0.6239,-0.0728,-0.7781,0.9980,411,15.900891,2.9321,0.1560
BiancaGolden_GrandPlies,93.0784,15.5800,184.0623,-10.6765,-51.1697,-168.1867,-0.6240,-0.0744,-0.7779,0.9980,411,15.914000,2.9308,0.1558
BiancaGolden_GrandPlies,92.9339,15.5542,184.1931,-10.7195,-51.8053,-167.9996,-0.6267,-0.0763,-0.7755,0.9980,412,15.928986,2.9293,0.1555
BiancaGolden_GrandPlies,92.8212,15.4626,184.3880,-11.0066,-52.2711,-167.7972,-0.6223,-0.0784,-0.7789,0.9980,412,15.941895,2.9282,0.1546
BiancaGolden_GrandPlies,92.6509,15.3886,184.5511,-11.2583,-52.5660,-167.5184,-0.6212,-0.1353,-0.7718,0.9980,413,15.956443,2.9265,0.1539
BiancaGolden_GrandPlies,92.4247,15.3043,184.7755,-11.3872,-52.7496,-167.3527,-0.6181,-0.1360,-0.7742,0.9980,413,15.970111,2.9242,0.1530
BiancaGolden_GrandPlies,92.2071,15.2477,184.9724,-11.9385,-53.1535,-167.1127,-0.6179,-0.1881,-0.7634,0.9980,413,15.984340,2.9221,0.1525
BiancaGolden_GrandPlies,92.2509,15.1503,185.1654,-11.7896,-53.4624,-167.2909,-0.6137,-0.1894,-0.7665,0.9980,414,15.998150,2.9225,0.1515
BiancaGolden_GrandPlies,92.1204,15.0851,185.3896,-11.9197,-53.7832,-167.0748,-0.6186,-0.1895,-0.7625,0.9980,414,16.011486,2.9212,0.1509
BiancaGolden_GrandPlies,91.9968,15.0373,185.6620,-11.8965,-53.8722,-167.0247,-0.6189,-0.1872,-0.7629,0.9980,415,16.026226,2.9200,0.1504
BiancaGolden_GrandPlies,91.8679,14.8896,185.9535,-11.7911,-53.9261,-167.2268,-0.6187,-0.1883,-0.7627,0.9980,415,16.040854,2.9187,0.1489
BiancaGolden_GrandPlies,91.7176,14.7987,186.2207,-11.9055,-53.9369,-167.2522,-0.6234,-0.1878,-0.7590,0.9980,415,16.054970,2.9172,0.1480
BiancaGolden_GrandPlies,91.6013,14.7140,186.5264,-11.8681,-53.9494,-167.2920,-0.6243,-0.1805,-0.7600,0.9980,416,16.068552,2.9160,0.1471
BiancaGolden_GrandPlies,91.5243,14.6701,186.7714,-11.5551,-53.9287,-167.3841,-0.6253,-0.1748,-0.7606,0.9980,416,16.080374,2.9152,0.1467
BiancaGolden_GrandPlies,91.4573,14.5844,187.0366,-11.0310,-53.9615,-167.8591,-0.6214,-0.1667,-0.7656,0.9980,417,16.096207,2.9146,0.1458
BiancaGolden_GrandPlies,91.5391,14.2476,187.3230,-10.9738,-54.3987,-168.5460,-0.6236,-0.1648,-0.7641,0.9980,417,16.108953,2.9154,0.1425
BiancaGolden_GrandPlies,91.2413,14.3934,187.5691,-10.6341,-54.1458,-168.8689,-0.6229,-0.1555,-0.7667,0.9980,418,16.123749,2.9124,0.1439
BiancaGolden_GrandPlies,91.1560,14.1967,187.8877,-10.0849,-54.1870,-169.7352,-0.6254,-0.1460,-0.7665,0.9980,418,16.137955,2.9116,0.1420
BiancaGolden_GrandPlies,91.0316,14.1055,188.1075,-9.6287,-54.1673,-170.7038,-0.6270,-0.1425,-0.7658,0.9980,418,16.151575,2.9103,0.1411
BiancaGolden_GrandPlies,91.0205,14.0040,188.4172,-8.9349,-54.2211,-171.3216,-0.6278,-0.1371,-0.7662,0.9980,419,16.164841,2.9102,0.1400
BiancaGolden_GrandPlies,90.9474,13.8984,188.6729,-8.0999,-54.2239,-171.9576,-0.6295,-0.1302,-0.7660,0.9980,419,16.178085,2.9095,0.1390
BiancaGolden_GrandPlies,90.8567,13.7553,188.9672,-7.4558,-54.1766,-172.6600,-0.6222,-0.1309,-0.7718,0.9980,420,16.192942,2.9086,0.1376
BiancaGolden_GrandPlies,90.7461,13.5627,189.2854,-7.1173,-54.1953,-173.3951,-0.6235,-0.1245,-0.7719,0.9980,420,16.207630,2.9075,0.1356
BiancaGolden_GrandPlies,90.6370,13.4064,189.5433,-6.9317,-54.1829,-174.0134,-0.6219,-0.1346,-0.7714,0.9980,420,16.221424,2.9064,0.1341
BiancaGolden_GrandPlies,90.5199,13.2884,189.7949,-6.7743,-54.2435,-174.3849,-0.6220,-0.1310,-0.7720,0.9980,421,16.234377,2.9052,0.1329
BiancaGolden_GrandPlies,90.3788,13.2108,189.9989,-6.4712,-54.2731,-174.7384,-0.6182,-0.1348,-0.7744,0.9980,421,16.250896,2.9038,0.1321
BiancaGolden_GrandPlies,90.2061,13.1822,190.1397,-6.1771,-54.3635,-175.1388,-0.6116,-0.1263,-0.7810,0.9980,422,16.264540,2.9021,0.1318
BiancaGolden_GrandPlies,89.9825,13.1257,190.2308,-5.5280,-54.6223,-175.9813,-0.6129,-0.1229,-0.7805,0.9980,422,16.276894,2.8998,0.1313
BiancaGolden_GrandPlies,89.7651,13.1426,190.2497,-5.7163,-54.5928,-176.2860,-0.6142,-0.1137,-0.7809,0.9980,423,16.290802,2.8977,0.1314
BiancaGolden_GrandPlies,89.5687,13.0278,190.2438,-5.5628,-54.4084,-177.1319,-0.6174,-0.1092,-0.7790,0.9980,423,16.303797,2.8957,0.1303
BiancaGolden_GrandPlies,89.3996,12.9409,190.3097,-5.6498,-54.3618,-177.5380,-0.6212,-0.1428,-0.7706,0.9980,423,16.318041,2.8940,0.1294
BiancaGolden_GrandPlies,89.3483,12.8556,190.3708,-6.2914,-54.1117,-177.5781,-0.6407,-0.1578,-0.7514,0.9980,424,16.331905,2.8935,0.1286
BiancaGolden_GrandPlies,89.3551,12.5974,190.5281,-6.8254,-54.1612,-177.9178,-0.6427,-0.1521,-0.7509,0.9980,424,16.344629,2.8936,0.1260
BiancaGolden_GrandPlies,89.3013,12.2710,190.7539,-7.4669,-54.1922,-178.3442,-0.6460,-0.1602,-0.7463,0.9980,425,16.360050,2.8930,0.1227
BiancaGolden_GrandPlies,89.1263,11.8726,191.0201,-7.9792,-54.1743,-179.1133,-0.6460,-0.1550,-0.7474,0.9980,425,16.374100,2.8913,0.1187
BiancaGolden_GrandPlies,88.8789,11.5045,191.3396,-8.3430,-54.1799,-179.9532,-0.6446,-0.1485,-0.7500,0.9980,426,16.389105,2.8888,0.1150
BiancaGolden_GrandPlies,88.6259,11.1724,191.5905,-8.4112,-54.0004,179.1887,-0.6504,-0.1367,-0.7472,0.9980,426,16.401957,2.8863,0.1117
BiancaGolden_GrandPlies,88.3753,10.8332,191.7715,-8.1918,-53.6798,177.9800,-0.6490,-0.1268,-0.7501,0.9980,426,16.416492,2.8838,0.1083
BiancaGolden_GrandPlies,88.2411,10.4709,191.9228,-7.6406,-53.2862,176.5012,-0.6520,-0.1201,-0.7486,0.9980,427,16.429811,2.8824,0.1047
BiancaGolden_GrandPlies,88.2138,10.0594,192.0913,-6.9168,-53.0709,175.1468,-0.6558,-0.1086,-0.7471,0.9980,427,16.442408,2.8821,0.1006
BiancaGolden_GrandPlies,88.0826,9.5481,192.3432,-5.8365,-52.7809,173.9770,-0.6587,-0.1112,-0.7441,0.9980,428,16.457653,2.8808,0.0955
BiancaGolden_GrandPlies,87.9359,9.0278,192.6960,-5.2999,-52.5117,173.2530,-0.6529,-0.1129,-0.7490,0.9980,428,16.471010,2.8794,0.0903
BiancaGolden_GrandPlies,87.8774,8.5338,193.0298,-4.8806,-52.3726,172.7179,-0.6358,-0.1272,-0.7613,0.9980,428,16.485561,2.8788,0.0853
BiancaGolden_GrandPlies,87.9236,8.0510,193.3592,-4.2260,-52.6015,172.4635,-0.6300,-0.1337,-0.7650,0.9980,429,16.499166,2.8792,0.0805
BiancaGolden_GrandPlies,87.9310,7.6276,193.6802,-3.5644,-52.7802,172.1627,-0.6183,-0.1311,-0.7749,0.9980,429,16.512693,2.8793,0.0763
BiancaGolden_GrandPlies,87.9017,7.2225,194.0126,-2.8090,-52.8706,171.6581,-0.6187,-0.1247,-0.7756,0.9980,430,16.527546,2.8790,0.0722
BiancaGolden_GrandPlies,87.8356,6.8529,194.3663,-2.1535,-52.7927,171.0495,-0.6223,-0.1222,-0.7732,0.9980,430,16.540936,2.8784,0.0685
BiancaGolden_GrandPlies,87.7292,6.4818,194.7449,-1.6019,-52.5369,170.2930,-0.6210,-0.1085,-0.7763,0.9980,431,16.555819,2.8773,0.0648
BiancaGolden_GrandPlies,87.6158,6.1185,195.1082,-1.2264,-52.0774,169.4958,-0.6261,-0.1016,-0.7731,0.9980,431,16.569735,2.8762,0.0612
BiancaGolden_GrandPlies,87.5217,5.7455,195.4961,-0.9683,-51.6568,168.8143,-0.6219,-0.0973,-0.7770,0.9980,431,16.583593,2.8752,0.0575
BiancaGolden_GrandPlies,87.4564,5.3890,195.8567,-0.8482,-51.2941,168.3197,-0.6204,-0.0978,-0.7782,0.9980,432,16.596458,2.8746,0.0539
BiancaGolden_GrandPlies,87.3995,5.0521,196.1975,-0.6094,-51.0465,167.8681,-0.6216,-0.0936,-0.7777,0.9980,432,16.610683,2.8740,0.0505
BiancaGolden_GrandPlies,87.3687,4.7491,196.5493,-0.2830,-50.9045,167.5013,-0.6219,-0.0963,-0.7771,0.9980,433,16.625790,2.8737,0.0475
BiancaGolden_GrandPlies,87.3028,4.4854,196.8893,0.1676,-50.8151,167.1615,-0.6101,-0.0952,-0.7866,0.9980,433,16.639389,2.8730,0.0449
BiancaGolden_GrandPlies,87.1891,4.2310,197.2374,0.5865,-50.7400,166.8421,-0.6031,-0.0913,-0.7924,0.9980,433,16.654371,2.8719,0.0423
BiancaGolden_GrandPlies,87.0592,4.0243,197.5834,0.9569,-50.6634,166.5800,-0.5983,-0.0836,-0.7969,0.9980,434,16.667179,2.8706,0.0402
BiancaGolden_GrandPlies,86.9329,3.8255,197.8847,1.2867,-50.5540,166.1926,-0.5913,-0.0807,-0.8024,0.9980,434,16.680353,2.8693,0.0383
BiancaGolden_GrandPlies,86.8186,3.6531,198.1388,1.4825,-50.5237,165.8261,-0.5917,-0.0788,-0.8023,0.9980,435,16.694424,2.8682,0.0365
BiancaGolden_GrandPlies,86.6961,3.5129,198.4111,1.5786,-50.4895,165.6623,-0.5845,-0.0795,-0.8075,0.9980,435,16.708103,2.8670,0.0351
BiancaGolden_GrandPlies,86.5746,3.3912,198.7052,1.6640,-50.5833,165.6824,-0.5790,-0.0821,-0.8112,0.9980,436,16.722860,2.8657,0.0339
BiancaGolden_GrandPlies,86.4588,3.2956,198.9807,1.7580,-50.7012,165.7445,-0.5720,-0.0833,-0.8160,0.9980,436,16.736435,2.8646,0.0330
BiancaGolden_GrandPlies,86.3293,3.2291,199.2401,1.8051,-50.8261,165.7974,-0.5644,-0.0835,-0.8213,0.9980,436,16.753496,2.8633,0.0323
BiancaGolden_GrandPlies,86.1390,3.1956,199.4950,1.7818,-50.8994,165.8663,-0.5625,-0.0840,-0.8225,0.9980,437,16.764154,2.8614,0.0320
BiancaGolden_GrandPlies,85.9630,3.1873,199.7242,1.6947,-50.8799,165.9863,-0.5635,-0.0857,-0.8217,0.9980,437,16.776848,2.8596,0.0319
BiancaGolden_GrandPlies,85.7751,3.1950,199.9046,1.4280,-50.8337,166.1518,-0.5647,-0.0874,-0.8207,0.9980,438,16.792145,2.8578,0.0319
BiancaGolden_GrandPlies,85.5996,3.2572,200.0292,1.2029,-50.7760,166.3727,-0.5628,-0.0894,-0.8217,0.9980,438,16.805536,2.8560,0.0326
BiancaGolden_GrandPlies,85.4580,3.3453,200.0970,1.0598,-50.7611,166.6081,-0.5613,-0.0828,-0.8235,0.9980,438,16.819839,2.8546,0.0335
BiancaGolden_GrandPlies,85.3328,3.4358,200.1241,1.0518,-50.8085,166.7640,-0.5499,-0.0792,-0.8315,0.9980,439,16.833740,2.8533,0.0344
BiancaGolden_GrandPlies,85.2279,3.5360,200.0635,0.9986,-50.9633,167.0057,-0.5444,-0.0775,-0.8352,0.9980,439,16.846577,2.8523,0.0354
BiancaGolden_GrandPlies,85.1340,3.6606,199.9770,0.9314,-51.2285,167.4616,-0.5364,-0.0851,-0.8396,0.9980,440,16.861683,2.8513,0.0366
BiancaGolden_GrandPlies,85.0435,3.8136,199.8318,1.0767,-51.6458,168.0815,-0.5257,-0.0891,-0.8460,0.9980,440,16.875093,2.8504,0.0381
BiancaGolden_GrandPlies,84.9549,3.9733,199.6248,1.3847,-52.0293,168.6368,-0.5160,-0.0895,-0.8519,0.9980,441,16.889812,2.8495,0.0397
BiancaGolden_GrandPlies,84.9905,4.1166,199.2986,1.8890,-52.5358,168.9950,-0.5001,-0.0984,-0.8604,0.9980,441,16.902885,2.8499,0.0412
BiancaGolden_GrandPlies,85.1084,4.3561,199.0327,2.1033,-53.4390,170.0957,-0.4757,-0.1056,-0.8733,0.9980,441,16.917795,2.8511,0.0436
BiancaGolden_GrandPlies,85.1801,4.5565,198.8546,2.5565,-54.7070,171.0316,-0.4655,-0.1151,-0.8775,0.9980,442,16.931776,2.8518,0.0456
BiancaGolden_GrandPlies,85.0872,4.7612,198.8670,2.5044,-56.3128,171.9964,-0.4448,-0.1228,-0.8872,0.9980,442,16.944555,2.8509,0.0476
BiancaGolden_GrandPlies,84.8646,4.9392,198.9643,2.0667,-57.6807,172.5122,-0.4356,-0.1258,-0.8913,0.9980,443,16.959166,2.8486,0.0494
BiancaGolden_GrandPlies,84.6671,5.1407,198.9499,1.4424,-58.5362,172.5812,-0.4477,-0.1077,-0.8877,0.9980,443,16.972845,2.8467,0.0514
BiancaGolden_GrandPlies,84.5866,5.3476,198.8190,1.1350,-59.1089,172.5985,-0.4452,-0.1039,-0.8894,0.9980,443,16.987335,2.8459,0.0535
BiancaGolden_GrandPlies,84.5892,5.5199,198.7174,0.7228,-59.4457,172.6093,-0.4587,-0.1038,-0.8825,0.9980,444,17.001020,2.8459,0.0552
BiancaGolden_GrandPlies,84.4910,5.6868,198.7469,0.3343,-59.8662,172.7944,-0.4683,-0.0998,-0.8779,0.9980,444,17.015478,2.8449,0.0569
BiancaGolden_GrandPlies,84.3536,5.8383,198.8712,-0.0903,-60.1759,173.0465,-0.4629,-0.1016,-0.8806,0.9980,445,17.029305,2.8435,0.0584
BiancaGolden_GrandPlies,84.2081,5.9518,199.0611,-0.5029,-60.5472,173.0829,-0.4700,-0.0985,-0.8771,0.9980,445,17.042858,2.8421,0.0595
BiancaGolden_GrandPlies,84.0772,6.0361,199.2703,-0.7998,-60.9357,173.1358,-0.4796,-0.0929,-0.8726,0.9980,446,17.057323,2.8408,0.0604
BiancaGolden_GrandPlies,83.9415,6.0762,199.4565,-1.0750,-61.2404,173.1589,-0.4872,-0.0914,-0.8685,0.9980,446,17.071936,2.8394,0.0608
BiancaGolden_GrandPlies,83.8272,6.0882,199.6047,-1.4116,-61.4031,173.1412,-0.4885,-0.0844,-0.8685,0.9980,446,17.084913,2.8383,0.0609
BiancaGolden_GrandPlies,83.7288,6.0541,199.7248,-1.5197,-61.4943,172.6789,-0.4931,-0.0786,-0.8664,0.9980,447,17.098364,2.8373,0.0605
BiancaGolden_GrandPlies,83.6169,6.0333,199.8392,-1.5135,-61.5268,172.2150,-0.4933,-0.0770,-0.8664,0.9980,447,17.112558,2.8362,0.0603
BiancaGolden_GrandPlies,83.4607,5.9802,199.9848,-1.5046,-61.5300,172.0187,-0.5018,-0.0747,-0.8618,0.9980,448,17.127430,2.8346,0.0598
BiancaGolden_GrandPlies,83.3403,5.8578,200.0949,-1.3186,-61.4972,171.9140,-0.5078,-0.0748,-0.8582,0.9980,448,17.140369,2.8334,0.0586
BiancaGolden_GrandPlies,83.2694,5.7237,200.1697,-1.2578,-61.5715,171.8952,-0.5051,-0.0750,-0.8598,0.9980,449,17.155479,2.8327,0.0572
BiancaGolden_GrandPlies,83.2255,5.5771,200.2257,-1.0407,-61.8042,171.8622,-0.5011,-0.0753,-0.8621,0.9980,449,17.169285,2.8323,0.0558
BiancaGolden_GrandPlies,83.1522,5.3836,200.2719,-0.6824,-62.2045,171.6386,-0.4962,-0.0733,-0.8651,0.9980,449,17.182819,2.8315,0.0538
BiancaGolden_GrandPlies,83.0606,5.1899,200.3222,-0.3926,-62.5460,171.4128,-0.4907,-0.0715,-0.8684,0.9980,450,17.196386,2.8306,0.0519
BiancaGolden_GrandPlies,82.9485,4.9576,200.3667,-0.1393,-62.9029,171.0827,-0.4877,-0.0698,-0.8702,0.9980,450,17.208858,2.8295,0.0496
BiancaGolden_GrandPlies,82.7962,4.6977,200.4168,0.1377,-63.0586,170.7065,-0.4928,-0.0679,-0.8675,0.9980,451,17.222984,2.8280,0.0470
BiancaGolden_GrandPlies,82.5936,4.4181,200.4393,0.2472,-62.8819,170.3093,-0.4973,-0.0626,-0.8653,0.9980,451,17.236416,2.8259,0.0442
BiancaGolden_GrandPlies,82.3776,4.1057,200.4701,0.3806,-62.5964,169.7618,-0.5055,-0.0529,-0.8612,0.9980,452,17.256292,2.8238,0.0411
BiancaGolden_GrandPlies,82.1495,3.7675,200.4971,0.4527,-62.1085,169.1786,-0.5109,-0.0482,-0.8583,0.9980,452,17.265066,2.8215,0.0377
BiancaGolden_GrandPlies,81.9403,3.4041,200.5153,0.5582,-61.6376,168.7446,-0.5177,-0.0427,-0.8545,0.9980,452,17.279259,2.8194,0.0340
BiancaGolden_GrandPlies,81.7427,2.9983,200.5372,0.6570,-61.1404,168.2723,-0.5227,-0.0320,-0.8519,0.9980,453,17.292801,2.8174,0.0300
BiancaGolden_GrandPlies,81.5568,2.5546,200.5572,0.7470,-60.6955,167.7395,-0.5212,-0.0353,-0.8527,0.9980,453,17.305527,2.8156,0.0255
BiancaGolden_GrandPlies,81.3376,2.0800,200.5996,0.7482,-60.3687,167.3318,-0.5225,-0.0334,-0.8520,0.9980,453,17.320570,2.8134,0.0208
BiancaGolden_GrandPlies,81.0783,1.5644,200.6577,0.5469,-60.0570,167.2112,-0.5209,-0.0347,-0.8529,0.9980,454,17.334114,2.8108,0.0156
BiancaGolden_GrandPlies,80.7959,0.9999,200.7081,0.1883,-59.6937,167.1995,-0.5235,-0.0373,-0.8512,0.9980,454,17.347950,2.8080,0.0100
BiancaGolden_GrandPlies,80.5806,0.4375,200.7195,-0.2030,-59.2647,167.1681,-0.5313,-0.0339,-0.8465,0.9980,455,17.362686,2.8058,0.0044
BiancaGolden_GrandPlies,80.3501,-0.1119,200.7467,-0.6368,-58.7877,167.0440,-0.5307,-0.0372,-0.8467,0.9980,455,17.376236,2.8035,-0.0011
BiancaGolden_GrandPlies,80.0055,-0.6799,200.8727,-0.9260,-58.4567,166.7695,-0.5326,-0.0376,-0.8455,0.9980,456,17.391592,2.8001,-0.0068
BiancaGolden_GrandPlies,79.5523,-1.2676,201.0935,-1.3094,-58.1985,166.4215,-0.5424,-0.0611,-0.8379,0.9980,456,17.404148,2.7955,-0.0127
BiancaGolden_GrandPlies,79.1146,-1.8781,201.2659,-1.7782,-57.9789,165.9706,-0.5445,-0.0657,-0.8362,0.9980,456,17.419672,2.7911,-0.0188
BiancaGolden_GrandPlies,78.7414,-2.5092,201.3719,-2.1679,-57.7366,165.4677,-0.5493,-0.0590,-0.8335,0.9980,457,17.431896,2.7874,-0.0251
BiancaGolden_GrandPlies,78.3630,-3.1590,201.4516,-2.3235,-57.4773,164.8981,-0.5503,-0.0543,-0.8332,0.9980,457,17.446501,2.7836,-0.0316
BiancaGolden_GrandPlies,77.9831,-3.8067,201.5263,-2.2109,-57.1670,164.3831,-0.5405,-0.0523,-0.8397,0.9980,458,17.460548,2.7798,-0.0381
BiancaGolden_GrandPlies,77.6028,-4.4326,201.5764,-2.0204,-56.8526,163.9471,-0.5373,-0.0475,-0.8420,0.9980,458,17.473946,2.7760,-0.0443
BiancaGolden_GrandPlies,77.2316,-5.0401,201.6069,-1.6471,-56.5315,163.3782,-0.5321,-0.0437,-0.8455,0.9980,458,17.488266,2.7723,-0.0504
BiancaGolden_GrandPlies,76.8586,-5.6104,201.6141,-1.2456,-56.2711,162.7916,-0.5221,-0.0399,-0.8520,0.9980,459,17.501917,2.7686,-0.0561
BiancaGolden_GrandPlies,76.4917,-6.1993,201.6175,-0.7585,-56.0233,162.1148,-0.5165,-0.0343,-0.8556,0.9980,459,17.516556,2.7649,-0.0620
BiancaGolden_GrandPlies,76.1205,-6.7534,201.5956,-0.1858,-55.9063,161.3725,-0.5175,-0.0268,-0.8553,0.9980,460,17.531010,2.7612,-0.0675
BiancaGolden_GrandPlies,75.7095,-7.3044,201.5948,0.1635,-55.7776,160.6737,-0.5086,-0.0203,-0.8608,0.9980,460,17.544081,2.7571,-0.0730
BiancaGolden_GrandPlies,75.2931,-7.8404,201.5947,0.4537,-55.5624,159.9665,-0.5089,-0.0103,-0.8608,0.9980,461,17.558445,2.7529,-0.0784
BiancaGolden_GrandPlies,74.9207,-8.3585,201.5868,0.5745,-55.3165,159.3947,-0.4992,-0.0059,-0.8665,0.9980,461,17.573044,2.7492,-0.0836
BiancaGolden_GrandPlies,74.5418,-8.8836,201.5527,0.9209,-55.0570,158.6015,-0.4876,-0.0030,-0.8731,0.9980,461,17.586079,2.7454,-0.0888
BiancaGolden_GrandPlies,74.1429,-9.4007,201.5549,1.1697,-54.7733,157.9055,-0.4888,0.0022,-0.8724,0.9980,462,17.599297,2.7414,-0.0940
BiancaGolden_GrandPlies,73.7605,-9.9069,201.5833,1.3764,-54.6143,157.3527,-0.4891,0.0051,-0.8722,0.9980,462,17.613663,2.7376,-0.0991
BiancaGolden_GrandPlies,73.4063,-10.3929,201.6554,1.3338,-54.5988,157.0616,-0.4836,0.0024,-0.8753,0.9980,463,17.628246,2.7341,-0.1039
BiancaGolden_GrandPlies,73.0486,-10.8682,201.7356,1.3163,-54.6067,156.7661,-0.4794,-0.0010,-0.8776,0.9980,463,17.641678,2.7305,-0.1087
BiancaGolden_GrandPlies,72.7065,-11.3218,201.8405,1.4213,-54.5774,156.4155,-0.4740,-0.0022,-0.8805,0.9980,464,17.656799,2.7271,-0.1132
BiancaGolden_GrandPlies,72.3985,-11.7433,201.9784,1.4493,-54.6398,156.1205,-0.4669,-0.0009,-0.8843,0.9980,464,17.669893,2.7240,-0.1174
BiancaGolden_GrandPlies,72.0968,-12.1384,202.1671,1.5165,-54.8277,155.8336,-0.4601,-0.0028,-0.8879,0.9980,464,17.683290,2.7210,-0.1214
BiancaGolden_GrandPlies,71.7796,-12.4997,202.3701,1.5361,-54.9430,155.6004,-0.4597,0.0005,-0.8881,0.9980,465,17.696793,2.7178,-0.1250
BiancaGolden_GrandPlies,71.4303,-12.8229,202.5916,1.6269,-54.9416,155.2167,-0.4543,0.0074,-0.8908,0.9980,465,17.710289,2.7143,-0.1282
BiancaGolden_GrandPlies,71.1035,-13.1176,202.8129,1.6432,-54.7822,154.8583,-0.4579,0.0123,-0.8889,0.9980,466,17.725422,2.7110,-0.1312
BiancaGolden_GrandPlies,70.7915,-13.3938,203.0220,1.7187,-54.4840,154.4779,-0.4587,0.0145,-0.8885,0.9980,466,17.739204,2.7079,-0.1339
BiancaGolden_GrandPlies,70.4973,-13.6492,203.2073,1.7140,-54.2074,154.2478,-0.4614,0.0184,-0.8870,0.9980,467,17.757936,2.7050,-0.1365
BiancaGolden_GrandPlies,70.2192,-13.8776,203.3643,1.7607,-53.8876,154.0613,-0.4586,0.0127,-0.8885,0.9980,467,17.768261,2.7022,-0.1388
BiancaGolden_GrandPlies,69.9541,-14.0885,203.5133,1.8082,-53.6027,153.9230,-0.4616,0.0156,-0.8869,0.9980,467,17.780937,2.6995,-0.1409
BiancaGolden_GrandPlies,69.6853,-14.2989,203.6707,1.8347,-53.3774,153.7705,-0.4562,0.0123,-0.8898,0.9980,468,17.794577,2.6969,-0.1430
BiancaGolden_GrandPlies,69.4562,-14.4681,203.8193,1.7433,-53.2850,153.8047,-0.4500,0.0068,-0.8930,0.9980,468,17.807541,2.6946,-0.1447
BiancaGolden_GrandPlies,69.2155,-14.6205,203.9806,1.6525,-53.2755,153.8257,-0.4457,0.0063,-0.8951,0.9980,469,17.822714,2.6922,-0.1462
BiancaGolden_GrandPlies,68.9942,-14.7455,204.1141,1.5439,-53.3840,153.8666,-0.4408,0.0053,-0.8976,0.9980,469,17.837397,2.6899,-0.1475
BiancaGolden_GrandPlies,68.7881,-14.8562,204.2362,1.4162,-53.5145,153.9045,-0.4380,0.0036,-0.8989,0.9980,469,17.850832,2.6879,-0.1486
BiancaGolden_GrandPlies,68.5868,-14.9499,204.3410,1.2913,-53.6818,153.9266,-0.4369,0.0014,-0.8995,0.9980,470,17.864979,2.6859,-0.1495
BiancaGolden_GrandPlies,68.3934,-15.0223,204.4293,1.0584,-53.8284,154.0084,-0.4198,-0.0084,-0.9076,0.9980,470,17.876968,2.6839,-0.1502
BiancaGolden_GrandPlies,68.1925,-15.0850,204.5068,0.8261,-53.9033,154.0914,-0.4173,-0.0110,-0.9087,0.9980,471,17.891834,2.6819,-0.1509
BiancaGolden_GrandPlies,68.0086,-15.1306,204.5557,0.5957,-53.8665,154.1975,-0.4158,-0.0041,-0.9094,0.9980,471,17.905329,2.6801,-0.1513
BiancaGolden_GrandPlies,67.8475,-15.1501,204.5899,0.3547,-53.7991,154.3453,-0.4175,-0.0047,-0.9087,0.9980,471,17.919989,2.6785,-0.1515
BiancaGolden_GrandPlies,67.7203,-15.1506,204.5903,0.2003,-53.7068,154.4846,-0.4098,-0.0030,-0.9122,0.9980,472,17.933640,2.6772,-0.1515
BiancaGolden_GrandPlies,67.5836,-15.1315,204.5891,-0.0201,-53.6428,154.6465,-0.4112,-0.0045,-0.9116,0.9980,472,17.947689,2.6758,-0.1513
BiancaGolden_GrandPlies,67.4370,-15.1035,204.5921,-0.2267,-53.6121,154.7887,-0.4125,-0.0052,-0.9109,0.9980,473,17.962994,2.6744,-0.1510
BiancaGolden_GrandPlies,67.2970,-15.0728,204.5714,-0.4549,-53.5673,154.8996,-0.4158,-0.0016,-0.9095,0.9980,473,17.975571,2.6730,-0.1507
BiancaGolden_GrandPlies,67.1994,-15.0402,204.5226,-0.6977,-53.5661,155.0944,-0.4172,-0.0039,-0.9088,0.9980,474,17.990248,2.6720,-0.1504
BiancaGolden_GrandPlies,67.1177,-15.0003,204.4501,-0.9294,-53.6190,155.3052,-0.4162,-0.0071,-0.9093,0.9980,474,18.003231,2.6712,-0.1500
BiancaGolden_GrandPlies,67.0849,-14.9439,204.3650,-1.1564,-53.7384,155.5719,-0.4077,-0.0086,-0.9131,0.9980,474,18.017532,2.6708,-0.1494
BiancaGolden_GrandPlies,67.0735,-14.8482,204.2681,-1.3774,-53.9953,155.9315,-0.4049,-0.0134,-0.9143,0.9980,475,18.031803,2.6707,-0.1485
BiancaGolden_GrandPlies,67.0677,-14.7615,204.1682,-1.5857,-54.2402,156.2959,-0.3967,-0.0162,-0.9178,0.9980,475,18.045437,2.6707,-0.1476
BiancaGolden_GrandPlies,67.0683,-14.6707,204.0524,-1.8642,-54.4208,156.7215,-0.3731,-0.0154,-0.9277,0.9980,476,18.060736,2.6707,-0.1467
BiancaGolden_GrandPlies,67.0933,-14.5683,203.9269,-2.1471,-54.5062,157.1516,-0.3522,-0.0163,-0.9358,0.9980,476,18.073549,2.6709,-0.1457
BiancaGolden_GrandPlies,67.0843,-14.4394,203.8307,-2.4838,-54.6047,157.5683,-0.3483,-0.0206,-0.9371,0.9980,476,18.087452,2.6708,-0.1444
BiancaGolden_GrandPlies,67.0796,-14.2574,203.7579,-2.9101,-54.7372,158.0691,-0.3417,-0.0291,-0.9394,0.9980,477,18.101292,2.6708,-0.1426
BiancaGolden_GrandPlies,67.0449,-14.0604,203.7534,-3.3798,-55.0798,158.6105,-0.3377,-0.0374,-0.9405,0.9980,477,18.114117,2.6704,-0.1406
BiancaGolden_GrandPlies,67.0025,-13.8751,203.7548,-3.9211,-55.4412,159.1515,-0.3351,-0.0407,-0.9413,0.9980,478,18.129427,2.6700,-0.1388
BiancaGolden_GrandPlies,67.0872,-13.7488,203.6901,-4.5160,-55.8601,159.6926,-0.3325,-0.0458,-0.9420,0.9980,478,18.143183,2.6709,-0.1375
BiancaGolden_GrandPlies,67.1449,-13.6246,203.5834,-4.9921,-56.1570,160.0410,-0.3387,-0.0431,-0.9399,0.9980,479,18.157284,2.6714,-0.1362
BiancaGolden_GrandPlies,67.1238,-13.5216,203.5015,-5.6263,-56.2543,160.2405,-0.3422,-0.0447,-0.9386,0.9980,479,18.170618,2.6712,-0.1352
BiancaGolden_GrandPlies,67.0506,-13.3979,203.4527,-6.2740,-56.2106,160.4957,-0.3474,-0.0372,-0.9370,0.9980,479,18.184759,2.6705,-0.1340
BiancaGolden_GrandPlies,66.9966,-13.3163,203.3775,-6.8332,-56.1235,160.7335,-0.3491,-0.0407,-0.9362,0.9980,480,18.199091,2.6700,-0.1332
BiancaGolden_GrandPlies,66.9487,-13.2573,203.2840,-7.3050,-56.0866,161.0654,-0.3598,-0.0382,-0.9323,0.9980,480,18.211683,2.6695,-0.1326
BiancaGolden_GrandPlies,66.9265,-13.1941,203.1968,-7.6815,-56.1579,161.4374,-0.3579,-0.0375,-0.9330,0.9980,481,18.226866,2.6693,-0.1319
BiancaGolden_GrandPlies,66.9053,-13.1823,203.0800,-8.0284,-56.3303,161.8710,-0.3576,-0.0373,-0.9331,0.9980,481,18.241144,2.6691,-0.1318
BiancaGolden_GrandPlies,66.8456,-13.1896,202.9916,-8.3813,-56.5769,162.2663,-0.3516,-0.0361,-0.9355,0.9980,482,18.258562,2.6685,-0.1319
BiancaGolden_GrandPlies,66.6984,-13.2127,202.9764,-8.9490,-56.8917,162.6544,-0.3441,-0.0341,-0.9383,0.9980,482,18.268156,2.6670,-0.1321
BiancaGolden_GrandPlies,66.4793,-13.2470,202.9858,-9.5436,-57.1426,162.9079,-0.3423,-0.0379,-0.9388,0.9980,482,18.281948,2.6648,-0.1325
BiancaGolden_GrandPlies,66.2562,-13.2779,202.9931,-10.1045,-57.3642,163.0501,-0.3414,-0.0407,-0.9390,0.9980,483,18.295622,2.6626,-0.1328
BiancaGolden_GrandPlies,66.0304,-13.3386,202.9688,-10.5649,-57.5119,163.1333,-0.3423,-0.0418,-0.9386,0.9980,483,18.309061,2.6603,-0.1334
BiancaGolden_GrandPlies,65.7807,-13.4424,202.9399,-10.8584,-57.5935,163.1163,-0.3494,-0.0394,-0.9361,0.9980,484,18.324158,2.6578,-0.1344
BiancaGolden_GrandPlies,65.4505,-13.5328,202.9352,-11.1066,-57.5646,163.1091,-0.3520,-0.0275,-0.9356,0.9980,484,18.338415,2.6545,-0.1353
BiancaGolden_GrandPlies,65.0963,-13.6261,202.9387,-11.1631,-57.4279,162.9680,-0.3637,-0.0186,-0.9313,0.9980,484,18.352200,2.6510,-0.1363
BiancaGolden_GrandPlies,64.7363,-13.7375,202.9316,-11.0957,-57.2876,162.7607,-0.3641,-0.0167,-0.9312,0.9980,485,18.365910,2.6474,-0.1374
BiancaGolden_GrandPlies,64.3901,-13.8640,202.9096,-10.9173,-57.2334,162.5256,-0.3636,-0.0132,-0.9315,0.9980,485,18.378286,2.6439,-0.1386
BiancaGolden_GrandPlies,64.0185,-14.0312,202.8798,-10.6757,-57.2073,162.2122,-0.3559,-0.0078,-0.9345,0.9980,486,18.393507,2.6402,-0.1403
BiancaGolden_GrandPlies,63.6059,-14.2004,202.8554,-10.4905,-57.2259,161.8513,-0.3548,-0.0039,-0.9349,0.9980,486,18.407213,2.6361,-0.1420
BiancaGolden_GrandPlies,63.1779,-14.3910,202.8119,-10.3011,-57.2430,161.4003,-0.3556,0.0007,-0.9346,0.9980,486,18.421618,2.6318,-0.1439
BiancaGolden_GrandPlies,62.7156,-14.6030,202.7519,-10.1079,-57.1934,160.8538,-0.3543,0.0104,-0.9351,0.9980,487,18.435974,2.6272,-0.1460
BiancaGolden_GrandPlies,62.2682,-14.8117,202.7048,-9.9713,-57.1325,160.4022,-0.3557,0.0152,-0.9345,0.9980,487,18.448301,2.6227,-0.1481
BiancaGolden_GrandPlies,61.7449,-15.0469,202.6465,-9.7606,-56.9913,159.8759,-0.3583,0.0204,-0.9334,0.9980,488,18.464581,2.6174,-0.1505
BiancaGolden_GrandPlies,61.2164,-15.3164,202.5874,-9.5603,-56.7732,159.3351,-0.3613,0.0220,-0.9322,0.9980,488,18.477297,2.6122,-0.1532
BiancaGolden_GrandPlies,60.6946,-15.6153,202.5214,-9.4190,-56.5907,158.8224,-0.3650,0.0240,-0.9307,0.9980,489,18.491018,2.6069,-0.1562
BiancaGolden_GrandPlies,60.1661,-15.9305,202.4517,-9.2366,-56.3991,158.3042,-0.3659,0.0251,-0.9303,0.9980,489,18.504139,2.6017,-0.1593
BiancaGolden_GrandPlies,59.6374,-16.2627,202.3912,-9.1505,-56.2259,157.8920,-0.3597,0.0228,-0.9328,0.9980,489,18.519625,2.5964,-0.1626
BiancaGolden_GrandPlies,59.0473,-16.5742,202.3925,-9.1269,-56.1671,157.4946,-0.3599,0.0241,-0.9327,0.9980,490,18.532345,2.5905,-0.1657
BiancaGolden_GrandPlies,58.3983,-16.8615,202.4685,-9.2754,-56.1687,157.1733,-0.3487,0.0201,-0.9370,0.9980,490,18.545790,2.5840,-0.1686
BiancaGolden_GrandPlies,57.7107,-17.1379,202.6172,-9.5274,-56.2081,156.6850,-0.3442,0.0275,-0.9385,0.9980,491,18.560907,2.5771,-0.1714
BiancaGolden_GrandPlies,57.1180,-17.4587,202.6826,-9.7751,-56.3170,156.1874,-0.3508,0.0668,-0.9341,0.9980,491,18.575953,2.5712,-0.1746
BiancaGolden_GrandPlies,56.5432,-17.8113,202.7036,-9.7260,-56.3367,155.5053,-0.3745,0.0957,-0.9223,0.9980,491,18.588058,2.5654,-0.1781
BiancaGolden_GrandPlies,55.9577,-18.1327,202.7536,-9.6062,-56.2434,154.8104,-0.3759,0.1142,-0.9196,0.9980,492,18.601406,2.5596,-0.1813
BiancaGolden_GrandPlies,55.3686,-18.4261,202.7931,-9.3850,-56.0615,154.1253,-0.3769,0.1198,-0.9185,0.9980,492,18.614590,2.5537,-0.1843
BiancaGolden_GrandPlies,54.8621,-18.7093,202.8102,-9.1742,-55.8780,153.5462,-0.3767,0.1240,-0.9180,0.9980,493,18.630732,2.5486,-0.1871
BiancaGolden_GrandPlies,54.4101,-18.9766,202.8014,-8.9800,-55.7941,153.0741,-0.3727,0.1276,-0.9191,0.9980,493,18.644146,2.5441,-0.1898
BiancaGolden_GrandPlies,53.9513,-19.2314,202.8115,-8.7351,-55.7764,152.5272,-0.3655,0.1290,-0.9218,0.9980,494,18.658424,2.5395,-0.1923
BiancaGolden_GrandPlies,53.4543,-19.4327,202.8549,-8.4676,-55.8996,151.9028,-0.3565,0.1339,-0.9246,0.9980,494,18.670954,2.5345,-0.1943
BiancaGolden_GrandPlies,52.9759,-19.6073,202.8869,-8.2747,-56.0373,151.3017,-0.3520,0.1369,-0.9260,0.9980,494,18.685184,2.5298,-0.1961
BiancaGolden_GrandPlies,52.5294,-19.7981,202.8880,-8.0763,-56.1884,150.6504,-0.3475,0.1396,-0.9272,0.9980,495,18.700392,2.5253,-0.1980
BiancaGolden_GrandPlies,52.1072,-19.9622,202.8713,-8.0267,-56.4016,149.9969,-0.3338,0.1338,-0.9331,0.9980,495,18.712257,2.5211,-0.1996
BiancaGolden_GrandPlies,51.6619,-20.1039,202.8781,-7.9846,-56.5691,149.3360,-0.3335,0.1308,-0.9336,0.9980,496,18.727791,2.5166,-0.2010
BiancaGolden_GrandPlies,51.2372,-20.1975,202.8936,-7.9731,-56.7617,148.6657,-0.3388,0.1355,-0.9311,0.9980,496,18.741579,2.5124,-0.2020
BiancaGolden_GrandPlies,50.8023,-20.2873,202.9003,-7.9582,-56.8994,148.0547,-0.3379,0.1391,-0.9308,0.9980,497,18.759241,2.5080,-0.2029
BiancaGolden_GrandPlies,50.3684,-20.3520,202.8962,-7.8684,-56.9600,147.4246,-0.3385,0.1442,-0.9298,0.9980,497,18.768372,2.5037,-0.2035
BiancaGolden_GrandPlies,49.9817,-20.4431,202.8737,-7.7986,-56.9854,146.8463,-0.3364,0.1471,-0.9301,0.9980,497,18.781643,2.4998,-0.2044
BiancaGolden_GrandPlies,49.6765,-20.5599,202.8179,-7.7043,-57.0243,146.3407,-0.3375,0.1517,-0.9290,0.9980,498,18.795500,2.4968,-0.2056
BiancaGolden_GrandPlies,49.4211,-20.6703,202.7662,-7.5897,-57.2549,145.9035,-0.3353,0.1455,-0.9308,0.9980,498,18.808569,2.4942,-0.2067
BiancaGolden_GrandPlies,49.1666,-20.7658,202.7370,-7.4012,-57.6466,145.4862,-0.3239,0.1343,-0.9365,0.9980,499,18.823784,2.4917,-0.2077
BiancaGolden_GrandPlies,48.9115,-20.8208,202.7350,-7.2043,-58.1851,145.1052,-0.3154,0.1307,-0.9399,0.9980,499,18.836905,2.4891,-0.2082
BiancaGolden_GrandPlies,48.6297,-20.8392,202.7717,-7.1048,-58.7630,144.7258,-0.3082,0.1280,-0.9427,0.9980,499,18.851673,2.4863,-0.2084
BiancaGolden_GrandPlies,48.3838,-20.8429,202.7923,-7.0087,-59.2640,144.3751,-0.3028,0.1266,-0.9446,0.9980,500,18.865084,2.4838,-0.2084
BiancaGolden_GrandPlies,48.1511,-20.8503,202.7982,-7.0210,-59.6221,144.0613,-0.3036,0.1216,-0.9450,0.9980,500,18.878687,2.4815,-0.2085
BiancaGolden_GrandPlies,47.8992,-20.8498,202.8067,-6.9403,-59.8194,143.5923,-0.3113,0.1317,-0.9411,0.9980,501,18.893232,2.4790,-0.2085
BiancaGolden_GrandPlies,47.6498,-20.8344,202.8133,-6.9918,-59.8755,143.2205,-0.3239,0.1399,-0.9357,0.9980,501,18.907608,2.4765,-0.2083
BiancaGolden_GrandPlies,47.4269,-20.8162,202.8130,-6.9937,-59.8157,142.9160,-0.3298,0.1418,-0.9334,0.9980,501,18.921406,2.4743,-0.2082
BiancaGolden_GrandPlies,47.2238,-20.8039,202.8097,-7.0481,-59.7741,142.7505,-0.3429,0.1482,-0.9276,0.9980,502,18.934414,2.4722,-0.2080
BiancaGolden_GrandPlies,47.0425,-20.7853,202.8066,-7.0961,-59.7339,142.7521,-0.3435,0.1472,-0.9275,0.9980,502,18.947725,2.4704,-0.2079
BiancaGolden_GrandPlies,46.8849,-20.7733,202.8076,-7.1842,-59.7409,142.8161,-0.3448,0.1461,-0.9273,0.9980,503,18.963089,2.4688,-0.2077
BiancaGolden_GrandPlies,46.7280,-20.7412,202.8170,-7.3776,-59.7324,142.9988,-0.3451,0.1450,-0.9273,0.9980,503,18.976269,2.4673,-0.2074
BiancaGolden_GrandPlies,46.5984,-20.7016,202.8019,-7.5505,-59.6297,143.0944,-0.3494,0.1442,-0.9258,0.9980,504,18.991140,2.4660,-0.2070
BiancaGolden_GrandPlies,46.4708,-20.6759,202.7800,-7.7401,-59.4857,143.0400,-0.3520,0.1461,-0.9245,0.9980,504,19.004324,2.4647,-0.2068
BiancaGolden_GrandPlies,46.3738,-20.6405,202.7441,-7.8603,-59.3785,143.0271,-0.3546,0.1462,-0.9235,0.9980,504,19.018633,2.4637,-0.2064
BiancaGolden_GrandPlies,46.2602,-20.5591,202.7450,-8.0491,-59.2969,143.1922,-0.3570,0.1459,-0.9226,0.9980,505,19.032177,2.4626,-0.2056
BiancaGolden_GrandPlies,46.1856,-20.5146,202.7154,-8.1268,-59.1802,143.3644,-0.3578,0.1471,-0.9221,0.9980,505,19.045588,2.4619,-0.2051
BiancaGolden_GrandPlies,46.1796,-20.5084,202.6549,-8.2648,-59.1264,143.7096,-0.3583,0.1442,-0.9224,0.9980,506,19.061234,2.4618,-0.2051
BiancaGolden_GrandPlies,46.1729,-20.4884,202.5833,-8.3775,-59.1055,144.0825,-0.3574,0.1393,-0.9235,0.9980,506,19.074968,2.4617,-0.2049
BiancaGolden_GrandPlies,46.1712,-20.4517,202.5442,-8.5302,-59.1754,144.5031,-0.3536,0.1328,-0.9259,0.9980,507,19.089237,2.4617,-0.2045
BiancaGolden_GrandPlies,46.1033,-20.3452,202.5987,-8.8152,-59.4258,145.0676,-0.3469,0.1235,-0.9297,0.9980,507,19.102346,2.4610,-0.2035
BiancaGolden_GrandPlies,46.0572,-20.2453,202.6702,-9.2901,-59.7245,145.7751,-0.3483,0.1183,-0.9299,0.9980,507,19.116240,2.4606,-0.2025
BiancaGolden_GrandPlies,46.0902,-20.2324,202.6789,-9.9856,-60.1011,146.7051,-0.3484,0.1100,-0.9309,0.9980,508,19.130175,2.4609,-0.2023
BiancaGolden_GrandPlies,46.1584,-20.2805,202.6535,-10.6698,-60.3493,147.5412,-0.3515,0.1080,-0.9300,0.9980,508,19.143425,2.4616,-0.2028
BiancaGolden_GrandPlies,46.2022,-20.3241,202.6310,-11.4651,-60.3927,148.1803,-0.3582,0.1113,-0.9270,0.9980,509,19.158262,2.4620,-0.2032
BiancaGolden_GrandPlies,46.1362,-20.2633,202.6311,-12.1519,-60.2959,148.4701,-0.3587,0.1161,-0.9262,0.9980,509,19.172447,2.4614,-0.2026
BiancaGolden_GrandPlies,46.1754,-20.2984,202.6459,-12.6973,-60.1276,148.7644,-0.3589,0.1210,-0.9255,0.9980,509,19.186035,2.4618,-0.2030
BiancaGolden_GrandPlies,46.2010,-20.3237,202.6822,-12.9626,-59.8901,148.9744,-0.3631,0.1212,-0.9238,0.9980,510,19.200439,2.4620,-0.2032
BiancaGolden_GrandPlies,46.2162,-20.3479,202.7313,-12.9726,-59.5893,149.1599,-0.3630,0.1216,-0.9238,0.9980,510,19.213083,2.4622,-0.2035
BiancaGolden_GrandPlies,46.2421,-20.3752,202.7610,-13.0042,-59.3670,149.4158,-0.3651,0.1208,-0.9231,0.9980,511,19.228703,2.4624,-0.2038
BiancaGolden_GrandPlies,46.3061,-20.5030,202.7260,-12.9706,-59.0740,149.5980,-0.3656,0.0918,-0.9262,0.9980,511,19.241365,2.4631,-0.2050
BiancaGolden_GrandPlies,46.3021,-20.5827,202.7011,-13.0343,-58.7405,149.6128,-0.3360,0.0592,-0.9400,0.9980,512,19.259241,2.4630,-0.2058
BiancaGolden_GrandPlies,46.2860,-20.6505,202.6802,-13.3108,-58.3626,149.5849,-0.3324,0.0507,-0.9418,0.9980,512,19.269367,2.4629,-0.2065
BiancaGolden_GrandPlies,46.2347,-20.7200,202.6738,-13.7932,-58.0420,149.6394,-0.3387,0.0481,-0.9396,0.9980,512,19.284954,2.4623,-0.2072
BiancaGolden_GrandPlies,46.1528,-20.7875,202.6875,-14.6703,-57.8408,149.9759,-0.3370,0.0418,-0.9406,0.9980,513,19.296938,2.4615,-0.2079
BiancaGolden_GrandPlies,46.0072,-20.8056,202.7408,-15.9789,-57.8411,150.4317,-0.3387,0.0352,-0.9402,0.9980,513,19.310246,2.4601,-0.2081
BiancaGolden_GrandPlies,45.7679,-20.8412,202.8041,-17.3708,-57.9039,150.9671,-0.3292,0.0264,-0.9439,0.9980,514,19.326847,2.4577,-0.2084
BiancaGolden_GrandPlies,45.5451,-20.8133,202.8302,-18.5408,-57.9137,151.3220,-0.3295,0.0247,-0.9438,0.9980,514,19.339251,2.4555,-0.2081
BiancaGolden_GrandPlies,45.2820,-20.8852,202.8059,-19.5055,-57.8769,151.3898,-0.3253,0.0160,-0.9455,0.9980,514,19.353376,2.4528,-0.2089
BiancaGolden_GrandPlies,45.0479,-20.9257,202.7350,-20.3464,-57.7741,151.6178,-0.3292,0.0170,-0.9441,0.9980,515,19.365721,2.4505,-0.2093
BiancaGolden_GrandPlies,44.7666,-20.9827,202.6141,-20.5850,-57.5722,151.5897,-0.3225,0.0296,-0.9461,0.9980,515,19.379028,2.4477,-0.2098
BiancaGolden_GrandPlies,44.4632,-21.0601,202.5058,-20.5227,-57.3438,151.4076,-0.3210,0.0338,-0.9465,0.9980,516,19.394873,2.4446,-0.2106
BiancaGolden_GrandPlies,44.1448,-21.1258,202.4226,-20.3972,-57.2641,151.2090,-0.3142,0.0425,-0.9484,0.9980,516,19.407509,2.4414,-0.2113
BiancaGolden_GrandPlies,43.8033,-21.2225,202.3683,-20.2744,-57.3128,151.0138,-0.3099,0.0456,-0.9497,0.9980,517,19.422735,2.4380,-0.2122
BiancaGolden_GrandPlies,43.4707,-21.3362,202.2947,-20.1872,-57.3935,150.8417,-0.2996,0.0497,-0.9528,0.9980,517,19.435486,2.4347,-0.2134
BiancaGolden_GrandPlies,43.1310,-21.4750,202.2042,-20.0755,-57.4581,150.5164,-0.2901,0.0515,-0.9556,0.9980,517,19.449657,2.4313,-0.2147
BiancaGolden_GrandPlies,42.7551,-21.6067,202.1127,-19.9159,-57.4960,150.0549,-0.2896,0.0546,-0.9556,0.9980,518,19.463289,2.4276,-0.2161
BiancaGolden_GrandPlies,42.3357,-21.7185,202.0479,-19.7825,-57.4797,149.4728,-0.2862,0.0582,-0.9564,0.9980,518,19.476463,2.4234,-0.2172
BiancaGolden_GrandPlies,41.8659,-21.8333,202.0190,-19.6968,-57.4196,148.7177,-0.2850,0.0652,-0.9563,0.9980,519,19.491579,2.4187,-0.2183
BiancaGolden_GrandPlies,41.4164,-21.9511,201.9812,-19.5429,-57.3196,147.8725,-0.2822,0.0803,-0.9560,0.9980,519,19.504919,2.4142,-0.2195
BiancaGolden_GrandPlies,40.9566,-22.1031,201.9125,-19.0705,-57.1597,146.8386,-0.2760,0.1388,-0.9511,0.9980,519,19.520372,2.4096,-0.2210
BiancaGolden_GrandPlies,40.4833,-22.2354,201.8465,-18.5118,-57.0331,145.7900,-0.2728,0.1461,-0.9509,0.9980,520,19.532835,2.4048,-0.2224
BiancaGolden_GrandPlies,39.9663,-22.3482,201.7956,-17.9792,-56.9630,144.7718,-0.2966,0.1915,-0.9356,0.9980,520,19.546034,2.3997,-0.2235
BiancaGolden_GrandPlies,39.3894,-22.4172,201.8136,-17.5329,-57.0543,143.7705,-0.2887,0.1964,-0.9371,0.9980,521,19.562155,2.3939,-0.2242
BiancaGolden_GrandPlies,38.8523,-22.5313,201.8477,-17.0822,-57.2593,142.7798,-0.2795,0.1975,-0.9396,0.9980,521,19.574205,2.3885,-0.2253
BiancaGolden_GrandPlies,38.3516,-22.6878,201.8359,-16.5252,-57.6078,141.8011,-0.2692,0.1929,-0.9436,0.9980,521,19.588476,2.3835,-0.2269
BiancaGolden_GrandPlies,37.8537,-22.8604,201.8301,-15.8328,-57.9496,140.8142,-0.2640,0.1948,-0.9446,0.9980,522,19.601820,2.3785,-0.2286
BiancaGolden_GrandPlies,37.2919,-22.9689,201.8596,-15.1265,-58.1832,139.7332,-0.2596,0.2008,-0.9446,0.9980,522,19.615313,2.3729,-0.2297
BiancaGolden_GrandPlies,36.7074,-23.0682,201.9200,-14.4103,-58.3158,138.5836,-0.2530,0.2076,-0.9449,0.9980,523,19.629818,2.3671,-0.2307
BiancaGolden_GrandPlies,36.1587,-23.1894,201.9607,-13.7270,-58.3745,137.4808,-0.2512,0.2116,-0.9445,0.9980,523,19.643297,2.3616,-0.2319
BiancaGolden_GrandPlies,35.6642,-23.3279,201.9560,-12.9273,-58.3247,136.4537,-0.2471,0.2110,-0.9457,0.9980,524,19.657288,2.3566,-0.2333
BiancaGolden_GrandPlies,35.1407,-23.4419,201.9787,-12.2690,-58.1497,135.5865,-0.2466,0.2125,-0.9455,0.9980,524,19.671045,2.3514,-0.2344
BiancaGolden_GrandPlies,34.6242,-23.5231,202.0286,-11.7304,-57.9132,134.8366,-0.2496,0.2153,-0.9441,0.9980,524,19.685225,2.3462,-0.2352
BiancaGolden_GrandPlies,34.1266,-23.6399,202.0953,-11.3612,-57.7403,134.1306,-0.2465,0.2195,-0.9440,0.9980,525,19.698210,2.3413,-0.2364
BiancaGolden_GrandPlies,33.6580,-23.7607,202.1442,-11.0631,-57.6994,133.4402,-0.2513,0.2156,-0.9436,0.9980,525,19.710854,2.3366,-0.2376
BiancaGolden_GrandPlies,33.2323,-23.8888,202.1776,-10.7855,-57.6790,132.8240,-0.2476,0.2079,-0.9463,0.9980,526,19.726419,2.3323,-0.2389
BiancaGolden_GrandPlies,32.8002,-24.0061,202.2171,-10.4932,-57.5781,132.1232,-0.2477,0.2098,-0.9459,0.9980,526,19.738611,2.3280,-0.2401
BiancaGolden_GrandPlies,32.3702,-24.1064,202.2543,-10.2572,-57.4881,131.4423,-0.2438,0.2107,-0.9467,0.9980,527,19.756456,2.3237,-0.2411
BiancaGolden_GrandPlies,31.9511,-24.1995,202.2975,-10.1036,-57.3984,130.8036,-0.2415,0.2019,-0.9492,0.9980,527,19.766214,2.3195,-0.2420
BiancaGolden_GrandPlies,31.5490,-24.2708,202.3522,-10.0176,-57.3269,130.2886,-0.2448,0.2024,-0.9482,0.9980,527,19.780447,2.3155,-0.2427
BiancaGolden_GrandPlies,31.1491,-24.2975,202.4190,-9.8005,-57.2516,129.8278,-0.2442,0.2051,-0.9478,0.9980,528,19.793484,2.3115,-0.2430
BiancaGolden_GrandPlies,30.7861,-24.3121,202.4920,-9.7037,-57.1626,129.5119,-0.2428,0.2064,-0.9479,0.9980,528,19.806252,2.3079,-0.2431
BiancaGolden_GrandPlies,30.4524,-24.3187,202.5759,-9.5606,-57.1625,129.2877,-0.2388,0.2016,-0.9499,0.9980,528,19.820465,2.3045,-0.2432
BiancaGolden_GrandPlies,30.1806,-24.3285,202.6567,-9.4959,-57.2080,129.1563,-0.2386,0.1977,-0.9508,0.9980,529,19.833370,2.3018,-0.2433
BiancaGolden_GrandPlies,29.9139,-24.3303,202.7479,-9.4580,-57.3014,128.9478,-0.2347,0.1944,-0.9524,0.9980,529,19.846958,2.2991,-0.2433
BiancaGolden_GrandPlies,29.6709,-24.3372,202.8123,-9.3722,-57.3288,128.6867,-0.2350,0.1957,-0.9521,0.9980,530,19.861897,2.2967,-0.2434
BiancaGolden_GrandPlies,29.4360,-24.3597,202.8717,-9.4096,-57.2792,128.5016,-0.2341,0.1921,-0.9530,0.9980,530,19.874533,2.2944,-0.2436
BiancaGolden_GrandPlies,29.2196,-24.3781,202.9290,-9.5839,-57.2156,128.4292,-0.2311,0.1781,-0.9565,0.9980,531,19.888916,2.2922,-0.2438
BiancaGolden_GrandPlies,29.0010,-24.3882,202.9891,-9.7661,-57.1731,128.3460,-0.2307,0.1752,-0.9571,0.9980,531,19.901901,2.2900,-0.2439
BiancaGolden_GrandPlies,28.8169,-24.3868,203.0843,-10.0400,-57.2210,128.4721,-0.2277,0.1708,-0.9586,0.9980,531,19.915718,2.2882,-0.2439
BiancaGolden_GrandPlies,28.6347,-24.3584,203.1715,-10.2690,-57.3004,128.6149,-0.2237,0.1622,-0.9611,0.9980,532,19.929245,2.2863,-0.2436
BiancaGolden_GrandPlies,28.4754,-24.3228,203.2568,-10.4966,-57.2523,128.7814,-0.2214,0.1646,-0.9612,0.9980,532,19.942375,2.2848,-0.2432
BiancaGolden_GrandPlies,28.3343,-24.2824,203.3307,-10.7559,-57.1388,128.9021,-0.2246,0.1664,-0.9601,0.9980,533,19.955961,2.2833,-0.2428
BiancaGolden_GrandPlies,28.2089,-24.2395,203.3935,-10.9984,-56.9509,128.9219,-0.2276,0.1690,-0.9590,0.9980,533,19.969208,2.2821,-0.2424
BiancaGolden_GrandPlies,28.1232,-24.2131,203.4220,-11.1779,-56.7341,128.8843,-0.2200,0.1669,-0.9611,0.9980,533,19.982931,2.2812,-0.2421
BiancaGolden_GrandPlies,28.0654,-24.2151,203.4384,-11.2839,-56.5791,128.8030,-0.2150,0.1660,-0.9624,0.9980,534,19.996279,2.2807,-0.2422
BiancaGolden_GrandPlies,28.0214,-24.2216,203.4482,-11.3492,-56.4971,128.7858,-0.2013,0.1740,-0.9640,0.9980,534,20.010796,2.2802,-0.2422
BiancaGolden_GrandPlies,27.9757,-24.2071,203.4540,-11.3533,-56.4324,128.8183,-0.2029,0.1755,-0.9633,0.9980,535,20.026840,2.2798,-0.2421
BiancaGolden_GrandPlies,27.9597,-24.1859,203.4410,-11.3393,-56.2973,128.9111,-0.2003,0.1691,-0.9650,0.9980,535,20.040335,2.2796,-0.2419
BiancaGolden_GrandPlies,27.9784,-24.2097,203.3757,-11.2590,-56.0586,128.9950,-0.2030,0.1706,-0.9642,0.9980,535,20.054708,2.2798,-0.2421
BiancaGolden_GrandPlies,28.0228,-24.2262,203.2806,-11.1678,-55.7823,129.0444,-0.2056,0.1739,-0.9631,0.9980,536,20.069056,2.2802,-0.2423
BiancaGolden_GrandPlies,28.0578,-24.2502,203.1943,-11.1447,-55.5322,129.0662,-0.2006,0.1687,-0.9650,0.9980,536,20.083721,2.2806,-0.2425
BiancaGolden_GrandPlies,28.0895,-24.2903,203.1130,-11.1127,-55.3826,129.1176,-0.1843,0.1642,-0.9690,0.9980,537,20.098333,2.2809,-0.2429
BiancaGolden_GrandPlies,28.1336,-24.2926,203.0724,-11.0065,-55.4592,129.3636,-0.1823,0.1603,-0.9701,0.9980,537,20.113638,2.2813,-0.2429
BiancaGolden_GrandPlies,28.0941,-24.1390,203.1569,-10.9445,-55.7006,129.6561,-0.1730,0.1488,-0.9736,0.9980,538,20.127829,2.2809,-0.2414
BiancaGolden_GrandPlies,28.0572,-24.0669,203.1830,-10.9427,-55.8803,129.7416,-0.1669,0.1424,-0.9756,0.9980,538,20.141291,2.2806,-0.2407
BiancaGolden_GrandPlies,28.1104,-24.0662,203.1448,-10.9954,-56.2098,130.0227,-0.1650,0.1388,-0.9765,0.9980,539,20.156322,2.2811,-0.2407
BiancaGolden_GrandPlies,28.0914,-24.1093,202.9970,-11.0463,-56.2998,129.9561,-0.1676,0.1401,-0.9759,0.9980,539,20.169165,2.2809,-0.2411
BiancaGolden_GrandPlies,28.0227,-24.1678,202.8434,-11.2650,-56.1253,129.7247,-0.1650,0.1330,-0.9773,0.9980,539,20.183771,2.2802,-0.2417
BiancaGolden_GrandPlies,27.8577,-24.1773,202.7661,-11.5372,-55.7327,129.1798,-0.1693,0.1382,-0.9758,0.9980,540,20.198298,2.2786,-0.2418
BiancaGolden_GrandPlies,27.6559,-24.1948,202.7572,-11.8885,-55.3818,128.5639,-0.1674,0.1423,-0.9756,0.9980,540,20.212162,2.2766,-0.2419
BiancaGolden_GrandPlies,27.4666,-24.2009,202.7815,-11.9925,-55.2481,128.1425,-0.1645,0.1422,-0.9761,0.9980,541,20.226616,2.2747,-0.2420
BiancaGolden_GrandPlies,27.2703,-24.2079,202.7852,-11.8875,-55.3301,127.7794,-0.1590,0.1401,-0.9773,0.9980,541,20.239601,2.2727,-0.2421
BiancaGolden_GrandPlies,27.0773,-24.2475,202.7801,-11.6645,-55.5265,127.3664,-0.1482,0.1303,-0.9803,0.9980,542,20.257236,2.2708,-0.2425
BiancaGolden_GrandPlies,26.8405,-24.3050,202.7430,-11.3447,-55.8695,126.7983,-0.1417,0.1304,-0.9813,0.9980,542,20.268730,2.2684,-0.2430
BiancaGolden_GrandPlies,26.5648,-24.3351,202.7093,-10.9671,-56.1379,126.0488,-0.1362,0.1340,-0.9816,0.9980,542,20.281393,2.2656,-0.2434
BiancaGolden_GrandPlies,26.2325,-24.3337,202.6872,-10.5304,-56.1976,125.0976,-0.1335,0.1419,-0.9808,0.9980,543,20.295078,2.2623,-0.2433
BiancaGolden_GrandPlies,25.8483,-24.3419,202.6723,-10.1029,-56.1254,124.0068,-0.1291,0.1465,-0.9807,0.9980,543,20.308687,2.2585,-0.2434
BiancaGolden_GrandPlies,25.4630,-24.3459,202.6789,-9.6406,-56.0595,123.0384,-0.1249,0.1462,-0.9813,0.9980,544,20.322973,2.2546,-0.2435
BiancaGolden_GrandPlies,25.0481,-24.3832,202.6880,-9.2691,-55.9662,122.2647,-0.1248,0.1458,-0.9814,0.9980,544,20.337053,2.2505,-0.2438
BiancaGolden_GrandPlies,24.6312,-24.4472,202.6588,-8.9555,-55.9900,121.6304,-0.1223,0.1479,-0.9814,0.9980,544,20.352213,2.2463,-0.2445
BiancaGolden_GrandPlies,24.2266,-24.5715,202.5710,-8.7038,-55.9763,121.0256,-0.1179,0.1505,-0.9815,0.9980,545,20.364817,2.2423,-0.2457
BiancaGolden_GrandPlies,23.8262,-24.6993,202.4989,-8.3810,-55.9833,120.2908,-0.0877,0.1701,-0.9815,0.9980,545,20.378036,2.2383,-0.2470
BiancaGolden_GrandPlies,23.3763,-24.7835,202.4571,-8.1436,-55.9913,119.4821,-0.0710,0.2182,-0.9733,0.9980,546,20.393908,2.2338,-0.2478
BiancaGolden_GrandPlies,22.9073,-24.8796,202.4381,-7.8503,-55.9530,118.5481,-0.0653,0.2432,-0.9678,0.9980,546,20.406679,2.2291,-0.2488
BiancaGolden_GrandPlies,22.4168,-25.0128,202.3781,-7.5197,-55.8510,117.5788,-0.0639,0.2575,-0.9642,0.9980,547,20.422087,2.2242,-0.2501
BiancaGolden_GrandPlies,21.9217,-25.1867,202.2777,-7.3086,-55.5947,116.6645,-0.0617,0.2679,-0.9615,0.9980,547,20.435167,2.2192,-0.2519
BiancaGolden_GrandPlies,21.4154,-25.3653,202.1875,-7.0036,-55.3345,115.7197,-0.0616,0.2647,-0.9624,0.9980,547,20.449755,2.2142,-0.2537
BiancaGolden_GrandPlies,20.8805,-25.4592,202.1979,-6.8841,-55.2393,114.9537,-0.0575,0.2621,-0.9633,0.9980,548,20.463770,2.2088,-0.2546
BiancaGolden_GrandPlies,20.2284,-25.2878,202.4742,-7.0196,-55.4340,114.1987,-0.0536,0.2576,-0.9648,0.9980,548,20.477919,2.2023,-0.2529
BiancaGolden_GrandPlies,19.5814,-25.1573,202.6906,-7.0547,-55.6027,113.2063,-0.0439,0.2484,-0.9677,0.9980,549,20.492828,2.1958,-0.2516
BiancaGolden_GrandPlies,19.0832,-25.3355,202.6497,-6.6344,-55.7954,112.1245,-0.0485,0.2350,-0.9708,0.9980,549,20.505428,2.1908,-0.2534
BiancaGolden_GrandPlies,18.6026,-25.5524,202.5721,-6.1388,-55.9680,111.1342,-0.0389,0.2313,-0.9721,0.9980,549,20.519848,2.1860,-0.2555
BiancaGolden_GrandPlies,18.0556,-25.6709,202.4644,-5.3380,-55.8025,110.0707,-0.0333,0.2352,-0.9714,0.9980,550,20.533724,2.1806,-0.2567
BiancaGolden_GrandPlies,17.5200,-25.7033,202.5217,-4.8465,-55.6799,109.2165,-0.0317,0.2335,-0.9718,0.9980,550,20.547323,2.1752,-0.2570
BiancaGolden_GrandPlies,17.0166,-25.7099,202.6060,-4.7057,-55.7442,108.7201,-0.0286,0.2310,-0.9725,0.9980,551,20.561613,2.1702,-0.2571
BiancaGolden_GrandPlies,16.5725,-25.7605,202.6692,-4.5876,-55.9309,108.3638,-0.0255,0.2321,-0.9723,0.9980,551,20.575687,2.1657,-0.2576
BiancaGolden_GrandPlies,16.1424,-25.8446,202.7041,-4.4344,-56.2323,107.8822,-0.0216,0.2298,-0.9730,0.9980,552,20.589855,2.1614,-0.2584
BiancaGolden_GrandPlies,15.6975,-25.8874,202.7267,-4.2692,-56.4070,107.1534,-0.0281,0.2216,-0.9747,0.9980,552,20.603456,2.1570,-0.2589
BiancaGolden_GrandPlies,15.2386,-25.8899,202.7514,-4.1697,-56.4453,106.3306,-0.0306,0.2229,-0.9744,0.9980,552,20.618710,2.1524,-0.2589
BiancaGolden_GrandPlies,14.8012,-25.8610,202.7680,-4.2226,-56.3261,105.6613,-0.0298,0.2246,-0.9740,0.9980,553,20.630877,2.1480,-0.2586
BiancaGolden_GrandPlies,14.3874,-25.8498,202.7882,-4.2891,-56.2349,105.1809,-0.0338,0.2255,-0.9737,0.9980,553,20.644798,2.1439,-0.2585
BiancaGolden_GrandPlies,13.9952,-25.8231,202.8180,-4.4435,-56.1748,104.8964,-0.0339,0.2316,-0.9722,0.9980,554,20.660194,2.1400,-0.2582
BiancaGolden_GrandPlies,13.6252,-25.7934,202.8519,-4.4562,-56.2087,104.6220,-0.0319,0.2285,-0.9730,0.9980,554,20.673019,2.1363,-0.2579
BiancaGolden_GrandPlies,13.2741,-25.7756,202.8713,-4.4989,-56.2789,104.4001,-0.0326,0.2343,-0.9716,0.9980,554,20.687584,2.1327,-0.2578
BiancaGolden_GrandPlies,12.9751,-25.7650,202.8778,-4.5819,-56.4122,104.2353,-0.0314,0.2321,-0.9722,0.9980,555,20.701939,2.1298,-0.2576
BiancaGolden_GrandPlies,12.6680,-25.7361,202.9056,-4.6690,-56.5361,103.9872,-0.0326,0.2205,-0.9749,0.9980,555,20.714304,2.1267,-0.2574
BiancaGolden_GrandPlies,12.3909,-25.6685,202.9577,-4.8307,-56.7200,103.7133,-0.0344,0.2187,-0.9752,0.9980,556,20.729727,2.1239,-0.2567
BiancaGolden_GrandPlies,12.1482,-25.6217,203.0106,-5.0590,-56.9302,103.4874,-0.0330,0.2141,-0.9763,0.9980,556,20.742619,2.1215,-0.2562
BiancaGolden_GrandPlies,11.9020,-25.5918,203.0555,-5.2318,-57.1779,103.1820,-0.0267,0.2116,-0.9770,0.9980,557,20.761095,2.1190,-0.2559
BiancaGolden_GrandPlies,11.7013,-25.5772,203.0904,-5.4477,-57.4246,102.9517,-0.0261,0.2078,-0.9778,0.9980,557,20.771954,2.1170,-0.2558
BiancaGolden_GrandPlies,11.4986,-25.5398,203.1403,-5.6688,-57.6332,102.7256,-0.0252,0.2041,-0.9786,0.9980,557,20.784613,2.1150,-0.2554
BiancaGolden_GrandPlies,11.3227,-25.5126,203.1889,-5.7764,-57.8533,102.5155,-0.0250,0.2029,-0.9789,0.9980,558,20.798195,2.1132,-0.2551
BiancaGolden_GrandPlies,11.1631,-25.4661,203.2690,-5.9122,-58.0582,102.3718,-0.0251,0.2020,-0.9791,0.9980,558,20.811344,2.1116,-0.2547
BiancaGolden_GrandPlies,11.0331,-25.3957,203.3433,-6.0205,-58.2134,102.2468,-0.0170,0.2023,-0.9792,0.9980,559,20.827204,2.1103,-0.2540
BiancaGolden_GrandPlies,10.9251,-25.3281,203.4106,-6.1040,-58.2807,102.1264,-0.0162,0.2012,-0.9794,0.9980,559,20.840582,2.1093,-0.2533
BiancaGolden_GrandPlies,10.8442,-25.2563,203.4698,-6.1223,-58.3467,101.9240,-0.0160,0.2018,-0.9793,0.9980,560,20.855995,2.1084,-0.2526
BiancaGolden_GrandPlies,10.7732,-25.1800,203.5221,-6.1745,-58.3865,101.7462,-0.0157,0.2014,-0.9794,0.9980,560,20.868198,2.1077,-0.2518
BiancaGolden_GrandPlies,10.7435,-25.1191,203.5413,-6.2821,-58.3910,101.5334,-0.0052,0.1834,-0.9830,0.9980,560,20.882547,2.1074,-0.2512
BiancaGolden_GrandPlies,10.7266,-25.0744,203.5603,-6.3797,-58.4896,101.3527,0.0099,0.1583,-0.9873,0.9980,561,20.895540,2.1073,-0.2507
BiancaGolden_GrandPlies,10.7299,-25.0276,203.5519,-6.3748,-58.5988,101.0864,0.0120,0.1561,-0.9877,0.9980,561,20.909376,2.1073,-0.2503
BiancaGolden_GrandPlies,10.7493,-24.9931,203.5432,-6.4051,-58.7300,100.9417,0.0133,0.1463,-0.9891,0.9980,562,20.924496,2.1075,-0.2499
BiancaGolden_GrandPlies,10.7960,-24.9642,203.5158,-6.3850,-58.8467,100.8493,0.0156,0.1468,-0.9890,0.9980,562,20.938116,2.1080,-0.2496
BiancaGolden_GrandPlies,10.8623,-24.9409,203.4761,-6.4198,-58.9087,100.8310,0.0152,0.1468,-0.9891,0.9980,562,20.952288,2.1086,-0.2494
BiancaGolden_GrandPlies,10.9621,-24.9185,203.4380,-6.4787,-58.9015,100.8210,0.0172,0.1446,-0.9893,0.9980,563,20.966461,2.1096,-0.2492
BiancaGolden_GrandPlies,11.0861,-24.8917,203.3752,-6.5090,-58.8631,100.7792,0.0202,0.1442,-0.9893,0.9980,563,20.979347,2.1109,-0.2489
BiancaGolden_GrandPlies,11.2110,-24.8635,203.3042,-6.5921,-58.8385,100.6838,0.0213,0.1449,-0.9892,0.9980,564,20.994741,2.1121,-0.2486
BiancaGolden_GrandPlies,11.3672,-24.8670,203.1771,-6.6878,-58.7959,100.5893,0.0210,0.1467,-0.9890,0.9980,564,21.009924,2.1137,-0.2487
BiancaGolden_GrandPlies,11.5418,-24.8599,203.0528,-6.8722,-58.7975,100.6037,0.0205,0.1462,-0.9890,0.9980,565,21.023609,2.1154,-0.2486
BiancaGolden_GrandPlies,11.7326,-24.9020,202.8847,-6.9844,-58.8160,100.5297,0.0206,0.1445,-0.9893,0.9980,565,21.035673,2.1173,-0.2490
BiancaGolden_GrandPlies,11.9310,-24.9247,202.7330,-7.0399,-58.9108,100.4884,0.0144,0.1379,-0.9903,0.9980,565,21.050486,2.1193,-0.2492
BiancaGolden_GrandPlies,12.1358,-24.8527,202.6849,-7.1144,-59.2427,100.5231,0.0140,0.1300,-0.9914,0.9980,566,21.064053,2.1214,-0.2485
BiancaGolden_GrandPlies,12.3254,-24.6938,202.7130,-7.3495,-59.6624,100.6525,0.0200,0.1461,-0.9891,0.9980,566,21.077402,2.1233,-0.2469
BiancaGolden_GrandPlies,12.5360,-24.7623,202.5618,-7.5840,-60.1116,100.8031,0.0299,0.1658,-0.9857,0.9980,567,21.092220,2.1254,-0.2476
BiancaGolden_GrandPlies,12.7567,-24.9046,202.3721,-7.8019,-60.4706,100.9401,0.0300,0.1643,-0.9859,0.9980,567,21.105429,2.1276,-0.2490
BiancaGolden_GrandPlies,12.8994,-24.9611,202.1744,-8.0024,-60.5518,100.6836,0.0438,0.1729,-0.9840,0.9980,567,21.119926,2.1290,-0.2496
BiancaGolden_GrandPlies,12.9968,-24.9676,202.0524,-8.2461,-60.5075,100.0706,0.0423,0.1820,-0.9824,0.9980,568,21.133396,2.1300,-0.2497
BiancaGolden_GrandPlies,13.0651,-24.9252,202.0262,-8.7278,-60.4342,99.5010,0.0378,0.1806,-0.9828,0.9980,568,21.147245,2.1307,-0.2493
BiancaGolden_GrandPlies,13.1535,-24.9107,202.0145,-9.0409,-60.4638,99.1626,0.0369,0.1658,-0.9855,0.9980,569,21.163008,2.1315,-0.2491
BiancaGolden_GrandPlies,13.2434,-24.9566,201.9741,-9.1942,-60.5725,98.9519,0.0338,0.1298,-0.9910,0.9980,569,21.176643,2.1324,-0.2496
BiancaGolden_GrandPlies,13.3011,-25.0108,201.9256,-9.2983,-60.7328,98.7412,0.0334,0.1210,-0.9921,0.9980,570,21.191149,2.1330,-0.2501
BiancaGolden_GrandPlies,13.3401,-25.0184,201.9006,-9.5171,-60.9272,98.4944,0.0342,0.1182,-0.9924,0.9980,570,21.204979,2.1334,-0.2502
BiancaGolden_GrandPlies,13.3337,-24.9779,201.8967,-9.5950,-61.0618,98.0047,0.0357,0.1161,-0.9926,0.9980,570,21.217979,2.1333,-0.2498
BiancaGolden_GrandPlies,13.3264,-24.9358,201.8853,-9.7218,-61.1542,97.4511,0.0439,0.1143,-0.9925,0.9980,571,21.232639,2.1333,-0.2494
BiancaGolden_GrandPlies,13.3059,-24.8853,201.8711,-9.7490,-61.2089,96.7782,0.0522,0.1100,-0.9926,0.9980,571,21.248947,2.1331,-0.2489
BiancaGolden_GrandPlies,13.2610,-24.8101,201.8852,-9.8198,-61.2700,96.0921,0.0531,0.1064,-0.9929,0.9980,572,21.260876,2.1326,-0.2481
BiancaGolden_GrandPlies,13.1819,-24.7489,201.9090,-9.8672,-61.3448,95.4106,0.0497,0.1053,-0.9932,0.9980,572,21.273149,2.1318,-0.2475
BiancaGolden_GrandPlies,13.0942,-24.7291,201.9089,-9.9180,-61.4535,94.7631,0.0399,0.1036,-0.9938,0.9980,572,21.287447,2.1309,-0.2473
BiancaGolden_GrandPlies,12.9788,-24.7098,201.9213,-10.0058,-61.6108,94.1670,0.0413,0.1008,-0.9940,0.9980,573,21.302235,2.1298,-0.2471
BiancaGolden_GrandPlies,12.8536,-24.6916,201.9138,-9.9898,-61.7454,93.4807,0.0425,0.0986,-0.9942,0.9980,573,21.315266,2.1285,-0.2469
BiancaGolden_GrandPlies,12.7197,-24.6710,201.8930,-10.0120,-61.8416,92.7899,0.0427,0.0972,-0.9944,0.9980,574,21.330067,2.1272,-0.2467
BiancaGolden_GrandPlies,12.5615,-24.6302,201.8713,-9.9409,-61.8680,91.9738,0.0397,0.0971,-0.9945,0.9980,574,21.344419,2.1256,-0.2463
BiancaGolden_GrandPlies,12.3839,-24.5722,201.8608,-9.9385,-61.8714,91.2224,0.0405,0.0952,-0.9946,0.9980,575,21.357239,2.1238,-0.2457
BiancaGolden_GrandPlies,12.1695,-24.4739,201.8535,-9.9493,-61.7507,90.3342,0.0418,0.0968,-0.9944,0.9980,575,21.371408,2.1217,-0.2447
BiancaGolden_GrandPlies,11.9489,-24.3872,201.8383,-9.9719,-61.6211,89.4450,0.0385,0.0956,-0.9947,0.9980,575,21.384916,2.1195,-0.2439
BiancaGolden_GrandPlies,11.7050,-24.2997,201.7872,-9.8258,-61.4627,88.3728,0.0411,0.0991,-0.9942,0.9980,576,21.398264,2.1171,-0.2430
BiancaGolden_GrandPlies,11.4451,-24.2527,201.6767,-9.7295,-61.2213,87.3389,0.0337,0.1128,-0.9930,0.9980,576,21.411749,2.1145,-0.2425
BiancaGolden_GrandPlies,11.1489,-24.2129,201.5442,-9.4401,-60.9390,86.0361,0.0323,0.1120,-0.9932,0.9980,577,21.427980,2.1115,-0.2421
BiancaGolden_GrandPlies,10.8582,-24.1721,201.4130,-9.3867,-60.6379,84.9863,0.0361,0.1146,-0.9928,0.9980,577,21.441900,2.1086,-0.2417
BiancaGolden_GrandPlies,10.5207,-24.1104,201.3360,-9.2749,-60.4400,83.7778,0.0380,0.1153,-0.9926,0.9980,577,21.455151,2.1052,-0.2411
BiancaGolden_GrandPlies,10.1301,-24.0281,201.2866,-9.3288,-60.3597,82.7018,0.0369,0.1135,-0.9928,0.9980,578,21.469511,2.1013,-0.2403
BiancaGolden_GrandPlies,9.7730,-23.9454,201.2806,-9.6689,-60.4497,82.0069,0.0354,0.1066,-0.9937,0.9980,578,21.481596,2.0977,-0.2395
BiancaGolden_GrandPlies,9.3707,-23.8156,201.3145,-9.8963,-60.6681,81.0708,0.0264,0.1007,-0.9946,0.9980,579,21.497480,2.0937,-0.2382
BiancaGolden_GrandPlies,8.9551,-23.7220,201.3364,-10.1601,-60.8818,80.1604,0.0286,0.0972,-0.9949,0.9980,579,21.510487,2.0896,-0.2372
BiancaGolden_GrandPlies,8.4860,-23.7041,201.2822,-10.0681,-61.0488,78.9489,0.0312,0.1010,-0.9944,0.9980,580,21.524418,2.0849,-0.2370
BiancaGolden_GrandPlies,8.0301,-23.7614,201.1908,-9.8754,-60.9954,77.9078,0.0358,0.1024,-0.9941,0.9980,580,21.537777,2.0803,-0.2376
BiancaGolden_GrandPlies,7.5538,-23.8139,201.0996,-9.5590,-60.8551,76.8461,0.0502,0.1046,-0.9932,0.9980,580,21.552715,2.0755,-0.2381
BiancaGolden_GrandPlies,7.1053,-23.8343,201.0683,-9.3265,-60.7520,76.0085,0.0599,0.1215,-0.9908,0.9980,581,21.566959,2.0711,-0.2383
BiancaGolden_GrandPlies,6.6832,-23.8150,201.1047,-9.1775,-60.7260,75.4089,0.0673,0.1301,-0.9892,0.9980,581,21.579292,2.0668,-0.2382
BiancaGolden_GrandPlies,6.2944,-23.8288,201.1753,-9.1729,-60.8233,74.9776,0.0669,0.1262,-0.9897,0.9980,582,21.595493,2.0629,-0.2383
BiancaGolden_GrandPlies,5.9099,-23.8623,201.2530,-9.1173,-60.9444,74.5007,0.0493,0.1297,-0.9903,0.9980,582,21.608097,2.0591,-0.2386
BiancaGolden_GrandPlies,5.5576,-23.9079,201.2916,-9.0414,-60.9860,73.9834,0.0501,0.1291,-0.9904,0.9980,583,21.622513,2.0556,-0.2391
BiancaGolden_GrandPlies,5.2056,-23.9433,201.3403,-9.1037,-60.9970,73.4310,0.0497,0.1285,-0.9905,0.9980,583,21.635391,2.0521,-0.2394
BiancaGolden_GrandPlies,4.8891,-23.9686,201.3915,-9.3063,-60.9397,72.8586,0.0508,0.1302,-0.9902,0.9980,583,21.649618,2.0489,-0.2397
BiancaGolden_GrandPlies,4.5957,-24.0080,201.4521,-9.4787,-60.8209,72.1885,0.0543,0.1206,-0.9912,0.9980,584,21.663260,2.0460,-0.2401
BiancaGolden_GrandPlies,4.3338,-24.0456,201.5531,-9.6467,-60.7387,71.5531,0.0535,0.1215,-0.9912,0.9980,584,21.676386,2.0433,-0.2405
BiancaGolden_GrandPlies,4.0990,-24.0879,201.6594,-9.8311,-60.7050,71.1002,0.0532,0.1214,-0.9912,0.9980,585,21.692074,2.0410,-0.2409
BiancaGolden_GrandPlies,3.8712,-24.1374,201.7700,-9.9878,-60.7135,70.7503,0.0529,0.1216,-0.9912,0.9980,585,21.705389,2.0387,-0.2414
BiancaGolden_GrandPlies,3.6629,-24.2175,201.8684,-10.1547,-60.7015,70.4903,0.0480,0.1182,-0.9918,0.9980,585,21.719435,2.0366,-0.2422
BiancaGolden_GrandPlies,3.4729,-24.3046,201.9787,-10.3906,-60.7243,70.2114,0.0524,0.1247,-0.9908,0.9980,586,21.733597,2.0347,-0.2430
BiancaGolden_GrandPlies,3.3099,-24.3928,202.0788,-10.4981,-60.7695,69.7395,0.0521,0.1235,-0.9910,0.9980,586,21.749283,2.0331,-0.2439
BiancaGolden_GrandPlies,3.1666,-24.5000,202.1702,-10.6294,-60.8043,69.2618,0.0530,0.1218,-0.9911,0.9980,587,21.761204,2.0317,-0.2450
BiancaGolden_GrandPlies,3.0635,-24.6026,202.2765,-10.8012,-60.8638,68.7224,0.0535,0.1211,-0.9912,0.9980,587,21.774345,2.0306,-0.2460
BiancaGolden_GrandPlies,2.9860,-24.7129,202.3839,-10.9182,-60.8821,68.1006,0.0548,0.1217,-0.9911,0.9980,588,21.789322,2.0299,-0.2471
BiancaGolden_GrandPlies,2.9037,-24.8521,202.4750,-10.9770,-60.8221,67.4980,0.0714,0.1234,-0.9898,0.9980,588,21.801823,2.0290,-0.2485
BiancaGolden_GrandPlies,2.8260,-25.0156,202.5405,-10.9794,-60.6757,66.8172,0.0767,0.1279,-0.9888,0.9980,588,21.815792,2.0283,-0.2502
BiancaGolden_GrandPlies,2.7459,-25.1802,202.5923,-10.8853,-60.5077,66.1131,0.0806,0.1304,-0.9882,0.9980,589,21.829983,2.0275,-0.2518
BiancaGolden_GrandPlies,2.6814,-25.3358,202.6415,-10.7941,-60.3517,65.4668,0.0743,0.1356,-0.9880,0.9980,589,21.842714,2.0268,-0.2534
BiancaGolden_GrandPlies,2.6318,-25.4913,202.6836,-10.7092,-60.2465,64.8854,0.0768,0.1362,-0.9877,0.9980,590,21.857653,2.0263,-0.2549
BiancaGolden_GrandPlies,2.5792,-25.6737,202.7062,-10.6143,-60.1465,64.3678,0.0783,0.1354,-0.9877,0.9980,590,21.871304,2.0258,-0.2567
BiancaGolden_GrandPlies,2.5376,-25.8403,202.7279,-10.5233,-60.1451,63.9547,0.0831,0.1294,-0.9881,0.9980,590,21.885983,2.0254,-0.2584
BiancaGolden_GrandPlies,2.5063,-26.0146,202.7296,-10.4209,-60.1471,63.5872,0.0841,0.1283,-0.9882,0.9980,591,21.899441,2.0251,-0.2601
BiancaGolden_GrandPlies,2.4899,-26.2036,202.7105,-10.3313,-60.1703,63.2899,0.0842,0.1301,-0.9879,0.9980,591,21.912407,2.0249,-0.2620
BiancaGolden_GrandPlies,2.4868,-26.3958,202.6734,-10.2723,-60.1447,62.9368,0.0835,0.1316,-0.9878,0.9980,592,21.927931,2.0249,-0.2640
BiancaGolden_GrandPlies,2.5004,-26.5991,202.6287,-10.2253,-60.0852,62.6239,0.0846,0.1321,-0.9876,0.9980,592,21.941380,2.0250,-0.2660
BiancaGolden_GrandPlies,2.5471,-26.7898,202.5759,-10.2349,-60.0190,62.4165,0.0876,0.1318,-0.9874,0.9980,593,21.955519,2.0255,-0.2679
BiancaGolden_GrandPlies,2.5891,-26.9786,202.5013,-10.2167,-59.9384,62.2042,0.0873,0.1424,-0.9860,0.9980,593,21.968620,2.0259,-0.2698
BiancaGolden_GrandPlies,2.6646,-27.1802,202.4235,-10.3167,-59.9216,62.1257,0.0909,0.1403,-0.9859,0.9980,593,21.984076,2.0266,-0.2718
BiancaGolden_GrandPlies,2.7305,-27.4187,202.3219,-10.3897,-59.8759,62.1154,0.0789,0.1341,-0.9878,0.9980,594,21.996595,2.0273,-0.2742
BiancaGolden_GrandPlies,2.7987,-27.6611,202.2370,-10.5658,-59.8586,62.1472,0.0802,0.1316,-0.9881,0.9980,594,22.010159,2.0280,-0.2766
BiancaGolden_GrandPlies,2.8779,-27.8874,202.1525,-10.8437,-59.9073,62.2397,0.0763,0.1298,-0.9886,0.9980,595,22.024622,2.0288,-0.2789
BiancaGolden_GrandPlies,3.0252,-28.0487,202.1678,-11.1837,-60.1025,62.4444,0.0722,0.1277,-0.9892,0.9980,595,22.038603,2.0303,-0.2805
BiancaGolden_GrandPlies,3.2042,-28.1189,202.2318,-11.5544,-60.3175,62.5523,0.0744,0.1295,-0.9888,0.9980,595,22.052841,2.0320,-0.2812
BiancaGolden_GrandPlies,3.2714,-28.3733,202.1760,-11.8426,-60.4260,62.7368,0.0819,0.1252,-0.9887,0.9980,596,22.065748,2.0327,-0.2837
BiancaGolden_GrandPlies,3.2938,-28.6890,202.0811,-12.2222,-60.4806,63.0222,0.0922,0.1380,-0.9861,0.9980,596,22.080070,2.0329,-0.2869
BiancaGolden_GrandPlies,3.2584,-28.9516,201.9674,-12.5848,-60.2554,62.8936,0.1059,0.1548,-0.9823,0.9980,597,22.095158,2.0326,-0.2895
BiancaGolden_GrandPlies,3.2718,-29.1685,201.9564,-12.9840,-60.0316,62.5331,0.1061,0.1568,-0.9819,0.9980,597,22.108162,2.0327,-0.2917
BiancaGolden_GrandPlies,3.3055,-29.3312,202.0185,-13.3669,-59.9051,62.0878,0.1236,0.1772,-0.9764,0.9980,598,22.122253,2.0331,-0.2933
BiancaGolden_GrandPlies,3.3286,-29.5054,202.1002,-13.6271,-59.9189,61.7512,0.1228,0.1752,-0.9768,0.9980,598,22.135574,2.0333,-0.2951
BiancaGolden_GrandPlies,3.3094,-29.7317,202.1784,-13.7108,-60.0395,61.5580,0.0422,0.2450,-0.9686,0.9980,598,22.149895,2.0331,-0.2973
BiancaGolden_GrandPlies,3.2570,-29.9642,202.2098,-13.7232,-60.0858,61.3443,0.0367,0.2364,-0.9710,0.9980,599,22.164116,2.0326,-0.2996
BiancaGolden_GrandPlies,3.2077,-30.1763,202.2564,-13.6966,-60.1192,60.9634,0.1214,0.1927,-0.9737,0.9980,599,22.176889,2.0321,-0.3018
BiancaGolden_GrandPlies,3.1771,-30.3350,202.3211,-13.7874,-60.0541,60.4995,0.1236,0.1928,-0.9734,0.9980,600,22.191536,2.0318,-0.3034
BiancaGolden_GrandPlies,3.1462,-30.4494,202.4203,-13.9344,-59.9779,59.8521,0.1723,0.1795,-0.9686,0.9980,600,22.205357,2.0315,-0.3045
BiancaGolden_GrandPlies,3.1065,-30.5474,202.5379,-13.8684,-59.8811,58.9596,0.1758,0.1788,-0.9681,0.9980,600,22.219738,2.0311,-0.3055
BiancaGolden_GrandPlies,3.0836,-30.6617,202.6265,-13.8411,-59.7636,58.2009,0.1475,0.1523,-0.9773,0.9980,601,22.233053,2.0308,-0.3066
BiancaGolden_GrandPlies,3.0195,-30.7648,202.7321,-13.7085,-59.6735,57.3782,0.1432,0.1428,-0.9793,0.9980,601,22.249504,2.0302,-0.3076
BiancaGolden_GrandPlies,2.8983,-30.8431,202.8112,-13.5015,-59.5834,56.4587,0.1465,0.1419,-0.9790,0.9980,602,22.261679,2.0290,-0.3084
BiancaGolden_GrandPlies,2.7677,-30.9163,202.8989,-13.4192,-59.4868,55.6773,0.1475,0.1390,-0.9792,0.9980,602,22.274904,2.0277,-0.3092
BiancaGolden_GrandPlies,2.6223,-30.9539,202.9846,-13.2910,-59.3947,54.8426,0.1499,0.1381,-0.9790,0.9980,603,22.289303,2.0262,-0.3095
BiancaGolden_GrandPlies,2.4821,-30.9616,203.0748,-13.2213,-59.3183,54.0737,0.1545,0.1375,-0.9784,0.9980,603,22.301857,2.0248,-0.3096
BiancaGolden_GrandPlies,2.3389,-30.9477,203.1467,-13.1141,-59.2166,53.2660,0.1544,0.1399,-0.9781,0.9980,603,22.316950,2.0234,-0.3095
BiancaGolden_GrandPlies,2.1777,-30.9087,203.1957,-12.9851,-59.1440,52.4400,0.1570,0.1405,-0.9776,0.9980,604,22.329645,2.0218,-0.3091
BiancaGolden_GrandPlies,1.9814,-30.8345,203.2138,-12.8366,-58.9856,51.5165,0.1525,0.1485,-0.9771,0.9980,604,22.343204,2.0198,-0.3083
BiancaGolden_GrandPlies,1.7824,-30.7378,203.2143,-12.6924,-58.8392,50.6233,0.1576,0.1476,-0.9764,0.9980,605,22.358122,2.0178,-0.3074
BiancaGolden_GrandPlies,1.5464,-30.6165,203.2012,-12.5311,-58.6661,49.6801,0.1568,0.1543,-0.9755,0.9980,605,22.371834,2.0155,-0.3062
BiancaGolden_GrandPlies,1.2983,-30.4834,203.1673,-12.4242,-58.4924,48.7992,0.1483,0.1444,-0.9783,0.9980,605,22.386118,2.0130,-0.3048
BiancaGolden_GrandPlies,1.0267,-30.3184,203.1236,-12.2747,-58.3432,47.9079,0.1484,0.1509,-0.9773,0.9980,606,22.399584,2.0103,-0.3032
BiancaGolden_GrandPlies,0.7264,-30.1388,203.0501,-12.0775,-58.1527,47.0333,0.1479,0.1559,-0.9766,0.9980,606,22.413067,2.0073,-0.3014
BiancaGolden_GrandPlies,0.4105,-29.9338,202.9596,-11.9401,-58.0130,46.2987,0.1520,0.1554,-0.9761,0.9980,607,22.428984,2.0041,-0.2993
BiancaGolden_GrandPlies,0.0773,-29.6991,202.8739,-11.8650,-57.8692,45.5623,0.1523,0.1588,-0.9755,0.9980,607,22.441223,2.0008,-0.2970
BiancaGolden_GrandPlies,-0.2883,-29.4681,202.7759,-11.7841,-57.7705,44.8245,0.1540,0.1564,-0.9756,0.9980,608,22.456045,1.9971,-0.2947
BiancaGolden_GrandPlies,-0.6863,-29.2133,202.6733,-11.6510,-57.6912,44.0169,0.1563,0.1535,-0.9757,0.9980,608,22.469328,1.9931,-0.2921
BiancaGolden_GrandPlies,-1.1118,-28.9670,202.5951,-11.5638,-57.7356,43.2989,0.1469,0.1619,-0.9758,0.9980,608,22.484259,1.9889,-0.2897
BiancaGolden_GrandPlies,-1.5623,-28.7002,202.5280,-11.4367,-57.8345,42.5193,0.1471,0.1570,-0.9766,0.9980,609,22.497570,1.9844,-0.2870
BiancaGolden_GrandPlies,-2.0023,-28.4055,202.4856,-11.3086,-58.0314,41.7218,0.1424,0.1663,-0.9757,0.9980,609,22.511166,1.9800,-0.2841
BiancaGolden_GrandPlies,-2.4377,-28.0999,202.4632,-11.2225,-58.2225,40.9799,0.1429,0.1618,-0.9764,0.9980,610,22.526337,1.9756,-0.2810
BiancaGolden_GrandPlies,-2.8620,-27.7863,202.4852,-11.0870,-58.4092,40.1957,0.1442,0.1583,-0.9768,0.9980,610,22.539322,1.9714,-0.2779
BiancaGolden_GrandPlies,-3.2792,-27.4677,202.4962,-10.9428,-58.5025,39.4427,0.1378,0.1594,-0.9776,0.9980,610,22.554085,1.9672,-0.2747
BiancaGolden_GrandPlies,-3.7331,-27.1203,202.4790,-10.7447,-58.5062,38.5254,0.1410,0.1564,-0.9776,0.9980,611,22.566755,1.9627,-0.2712
BiancaGolden_GrandPlies,-4.2175,-26.8252,202.4381,-10.5409,-58.4968,37.6353,0.1478,0.1507,-0.9775,0.9980,611,22.580526,1.9578,-0.2683
BiancaGolden_GrandPlies,-4.7258,-26.5633,202.3768,-10.2818,-58.4376,36.7844,0.1503,0.1473,-0.9776,0.9980,612,22.595741,1.9527,-0.2656
BiancaGolden_GrandPlies,-5.2227,-26.3389,202.3558,-10.0243,-58.4553,36.0257,0.1537,0.1424,-0.9778,0.9980,612,22.609230,1.9478,-0.2634
BiancaGolden_GrandPlies,-5.6886,-26.1119,202.3580,-9.8569,-58.5131,35.4136,0.1669,0.1093,-0.9799,0.9980,613,22.624176,1.9431,-0.2611
BiancaGolden_GrandPlies,-6.1538,-25.9049,202.3937,-9.7371,-58.6175,34.8354,0.1851,0.0627,-0.9807,0.9980,613,22.637320,1.9385,-0.2590
BiancaGolden_GrandPlies,-6.5987,-25.7200,202.4619,-9.7639,-58.7568,34.3948,0.1985,0.0415,-0.9792,0.9980,613,22.651340,1.9340,-0.2572
BiancaGolden_GrandPlies,-7.0205,-25.5556,202.5325,-9.7224,-58.8518,33.8889,0.2059,0.0425,-0.9776,0.9980,614,22.665247,1.9298,-0.2556
BiancaGolden_GrandPlies,-7.4350,-25.4105,202.6063,-9.7575,-58.8700,33.3520,0.2183,0.0369,-0.9752,0.9980,614,22.679123,1.9256,-0.2541
BiancaGolden_GrandPlies,-7.8086,-25.2739,202.6861,-9.8540,-58.8200,32.7271,0.2201,0.0363,-0.9748,0.9980,615,22.693651,1.9219,-0.2527
BiancaGolden_GrandPlies,-8.1581,-25.1495,202.7645,-9.9720,-58.7008,32.1486,0.2229,0.0359,-0.9742,0.9980,615,22.706646,1.9184,-0.2515
BiancaGolden_GrandPlies,-8.5055,-25.0287,202.8374,-9.9900,-58.5126,31.4916,0.2331,0.0462,-0.9714,0.9980,615,22.721590,1.9149,-0.2503
BiancaGolden_GrandPlies,-8.8451,-25.0003,202.9220,-10.1201,-58.3263,31.0468,0.2316,0.0545,-0.9713,0.9980,616,22.735069,1.9115,-0.2500
BiancaGolden_GrandPlies,-9.1979,-24.9846,203.0191,-10.1708,-58.2007,30.6292,0.2428,0.0465,-0.9690,0.9980,616,22.751482,1.9080,-0.2498
BiancaGolden_GrandPlies,-9.5388,-24.9868,203.1151,-10.0768,-58.1424,30.2053,0.2409,0.0537,-0.9691,0.9980,617,22.763756,1.9046,-0.2499
BiancaGolden_GrandPlies,-9.8514,-25.0271,203.2249,-10.1350,-58.1616,29.9403,0.2405,0.0527,-0.9692,0.9980,617,22.776705,1.9015,-0.2503
BiancaGolden_GrandPlies,-10.1615,-25.0797,203.3343,-10.2356,-58.1798,29.6425,0.2408,0.0522,-0.9692,0.9980,618,22.792349,1.8984,-0.2508
BiancaGolden_GrandPlies,-10.4755,-25.1789,203.4334,-10.3518,-58.2074,29.3461,0.2444,0.0522,-0.9683,0.9980,618,22.804777,1.8952,-0.2518
BiancaGolden_GrandPlies,-10.8061,-25.3033,203.5188,-10.4427,-58.1986,28.9426,0.2489,0.0491,-0.9673,0.9980,618,22.818718,1.8919,-0.2530
BiancaGolden_GrandPlies,-11.0945,-25.4381,203.5933,-10.4542,-58.1353,28.4820,0.2558,0.0404,-0.9659,0.9980,619,22.831575,1.8891,-0.2544
BiancaGolden_GrandPlies,-11.3620,-25.5810,203.6715,-10.3999,-57.9828,27.9511,0.2601,0.0396,-0.9648,0.9980,619,22.845211,1.8864,-0.2558
BiancaGolden_GrandPlies,-11.6023,-25.7292,203.7479,-10.3500,-57.7556,27.3156,0.2648,0.0389,-0.9635,0.9980,620,22.861145,1.8840,-0.2573
BiancaGolden_GrandPlies,-11.8548,-25.8844,203.8008,-10.3271,-57.4761,26.7073,0.2746,0.0419,-0.9606,0.9980,620,22.873816,1.8815,-0.2588
BiancaGolden_GrandPlies,-12.1065,-26.0619,203.8405,-10.3630,-57.2414,26.1981,0.2690,0.0453,-0.9621,0.9980,620,22.888376,1.8789,-0.2606
BiancaGolden_GrandPlies,-12.3558,-26.2657,203.8531,-10.4021,-57.0862,25.7431,0.2711,0.0435,-0.9616,0.9980,621,22.901497,1.8764,-0.2627
BiancaGolden_GrandPlies,-12.6143,-26.4855,203.8470,-10.3477,-56.9756,25.2291,0.2670,0.0492,-0.9624,0.9980,621,22.915300,1.8739,-0.2649
BiancaGolden_GrandPlies,-12.8679,-26.7247,203.8296,-10.3658,-56.9184,24.8230,0.2562,0.0442,-0.9656,0.9980,622,22.930918,1.8713,-0.2672
BiancaGolden_GrandPlies,-13.1044,-26.9672,203.8169,-10.3534,-56.9351,24.3766,0.2558,0.0432,-0.9658,0.9980,622,22.944611,1.8690,-0.2697
BiancaGolden_GrandPlies,-13.3244,-27.2205,203.7925,-10.4455,-56.9552,24.0787,0.2534,0.0430,-0.9664,0.9980,623,22.957987,1.8668,-0.2722
BiancaGolden_GrandPlies,-13.5438,-27.4669,203.7302,-10.5252,-56.9614,23.7783,0.2517,0.0428,-0.9669,0.9980,623,22.971708,1.8646,-0.2747
BiancaGolden_GrandPlies,-13.7664,-27.7446,203.6365,-10.6539,-56.9321,23.5867,0.2364,0.0598,-0.9698,0.9980,623,22.985857,1.8623,-0.2774
BiancaGolden_GrandPlies,-13.9710,-28.0201,203.5290,-10.7113,-56.9352,23.3883,0.2343,0.0662,-0.9699,0.9980,624,22.999208,1.8603,-0.2802
BiancaGolden_GrandPlies,-14.1549,-28.3251,203.4391,-11.0034,-56.9500,23.4285,0.2348,0.0736,-0.9693,0.9980,624,23.012764,1.8585,-0.2833
BiancaGolden_GrandPlies,-14.3419,-28.6297,203.3438,-11.2298,-57.0007,23.4672,0.2318,0.0749,-0.9699,0.9980,625,23.027809,1.8566,-0.2863
BiancaGolden_GrandPlies,-14.5256,-28.9564,203.2361,-11.5072,-57.1040,23.6142,0.2276,0.0812,-0.9704,0.9980,625,23.041771,1.8547,-0.2896
BiancaGolden_GrandPlies,-14.6997,-29.2712,203.1629,-11.8672,-57.2593,23.7769,0.2294,0.0850,-0.9696,0.9980,626,23.055882,1.8530,-0.2927
BiancaGolden_GrandPlies,-14.9004,-29.5849,203.0594,-12.2875,-57.3074,24.0639,0.2293,0.0872,-0.9695,0.9980,626,23.070671,1.8510,-0.2958
BiancaGolden_GrandPlies,-15.0813,-29.8913,202.9834,-12.6892,-57.2823,24.2609,0.2301,0.0918,-0.9688,0.9980,626,23.083853,1.8492,-0.2989
BiancaGolden_GrandPlies,-15.1637,-30.1658,202.9508,-13.2489,-57.1820,24.4858,0.2185,0.1518,-0.9640,0.9980,627,23.097370,1.8484,-0.3017
BiancaGolden_GrandPlies,-15.2249,-30.4214,202.9801,-13.8734,-57.0994,24.6616,0.2193,0.1557,-0.9632,0.9980,627,23.110746,1.8478,-0.3042
BiancaGolden_GrandPlies,-15.3848,-30.7051,202.9524,-14.3754,-56.9769,24.7793,0.2187,0.1847,-0.9581,0.9980,628,23.126257,1.8462,-0.3071
BiancaGolden_GrandPlies,-15.7269,-31.0096,202.8362,-14.6647,-56.7689,24.8021,0.2152,0.1901,-0.9579,0.9980,628,23.140747,1.8427,-0.3101
BiancaGolden_GrandPlies,-16.0511,-31.2435,202.7735,-14.9227,-56.6480,24.7112,0.2110,0.1919,-0.9585,0.9980,628,23.153734,1.8395,-0.3124
BiancaGolden_GrandPlies,-16.2981,-31.4142,202.8176,-15.3633,-56.5337,24.6108,0.2104,0.1979,-0.9574,0.9980,629,23.167627,1.8370,-0.3141
BiancaGolden_GrandPlies,-16.5591,-31.5711,202.9072,-15.6808,-56.4860,24.4793,0.2098,0.1998,-0.9571,0.9980,629,23.181026,1.8344,-0.3157
BiancaGolden_GrandPlies,-16.8965,-31.7159,203.0122,-16.0307,-56.5273,24.5357,0.2098,0.2012,-0.9568,0.9980,630,23.195786,1.8310,-0.3172
BiancaGolden_GrandPlies,-17.2630,-31.8466,203.0920,-16.2522,-56.5039,24.5589,0.2142,0.2038,-0.9553,0.9980,630,23.210180,1.8274,-0.3185
BiancaGolden_GrandPlies,-17.5991,-31.9540,203.2028,-16.4844,-56.3634,24.5631,0.2234,0.2025,-0.9535,0.9980,631,23.223440,1.8240,-0.3195
BiancaGolden_GrandPlies,-17.8842,-32.0326,203.3547,-16.6410,-56.0827,24.2776,0.2296,0.2087,-0.9506,0.9980,631,23.237532,1.8212,-0.3203
BiancaGolden_GrandPlies,-18.1776,-32.1127,203.4937,-16.6677,-55.7439,23.7764,0.2382,0.2077,-0.9487,0.9980,631,23.254538,1.8182,-0.3211
BiancaGolden_GrandPlies,-18.5052,-32.1534,203.6415,-16.6415,-55.4039,23.1200,0.2448,0.2064,-0.9473,0.9980,632,23.265202,1.8149,-0.3215
BiancaGolden_GrandPlies,-18.8453,-32.1885,203.7847,-16.4515,-55.0857,22.3777,0.2522,0.2032,-0.9461,0.9980,632,23.277992,1.8115,-0.3219
BiancaGolden_GrandPlies,-19.2002,-32.2066,203.9172,-16.0994,-54.7932,21.6433,0.2580,0.1995,-0.9453,0.9980,633,23.294741,1.8080,-0.3221
BiancaGolden_GrandPlies,-19.5584,-32.1975,204.0432,-15.8368,-54.5734,20.9214,0.2502,0.1938,-0.9486,0.9980,633,23.306969,1.8044,-0.3220
BiancaGolden_GrandPlies,-19.9120,-32.1721,204.1705,-15.6533,-54.4513,20.3025,0.2481,0.1911,-0.9497,0.9980,633,23.321131,1.8009,-0.3217
BiancaGolden_GrandPlies,-20.2765,-32.1035,204.2623,-15.5239,-54.2940,19.6857,0.2489,0.1943,-0.9488,0.9980,634,23.334721,1.7972,-0.3210
BiancaGolden_GrandPlies,-20.6535,-31.9820,204.3871,-15.4262,-54.2078,19.0492,0.2426,0.2033,-0.9486,0.9980,634,23.347197,1.7935,-0.3198
BiancaGolden_GrandPlies,-20.9906,-31.8299,204.4753,-15.4051,-54.1769,18.5166,0.2465,0.2020,-0.9479,0.9980,635,23.363600,1.7901,-0.3183
BiancaGolden_GrandPlies,-21.3452,-31.6595,204.5465,-15.4164,-54.0395,18.0343,0.2412,0.2067,-0.9482,0.9980,635,23.376921,1.7865,-0.3166
BiancaGolden_GrandPlies,-21.6857,-31.4600,204.6030,-15.3410,-53.8461,17.4844,0.2469,0.2098,-0.9461,0.9980,636,23.390484,1.7831,-0.3146
BiancaGolden_GrandPlies,-22.0133,-31.2181,204.6293,-15.2991,-53.5981,16.8328,0.2528,0.2080,-0.9449,0.9980,636,23.403912,1.7799,-0.3122
BiancaGolden_GrandPlies,-22.3346,-30.9517,204.6592,-15.2926,-53.3729,16.1948,0.2515,0.2093,-0.9450,0.9980,636,23.418776,1.7767,-0.3095
BiancaGolden_GrandPlies,-22.6666,-30.6281,204.6510,-15.2224,-53.1560,15.5436,0.2420,0.2110,-0.9471,0.9980,637,23.432781,1.7733,-0.3063
BiancaGolden_GrandPlies,-23.0259,-30.2810,204.6163,-15.1503,-52.9956,14.9695,0.2467,0.2086,-0.9464,0.9980,637,23.445538,1.7697,-0.3028
BiancaGolden_GrandPlies,-23.3882,-29.9046,204.5438,-15.0520,-52.8257,14.3996,0.2508,0.2082,-0.9454,0.9980,638,23.461185,1.7661,-0.2990
BiancaGolden_GrandPlies,-23.7525,-29.5191,204.4480,-14.9822,-52.6825,13.8621,0.2579,0.2064,-0.9439,0.9980,638,23.473570,1.7625,-0.2952
BiancaGolden_GrandPlies,-24.0819,-29.0775,204.3421,-14.9876,-52.5343,13.3160,0.2635,0.1996,-0.9438,0.9980,638,23.488031,1.7592,-0.2908
BiancaGolden_GrandPlies,-24.4236,-28.6227,204.2207,-14.9470,-52.3197,12.7247,0.2693,0.1974,-0.9426,0.9980,639,23.501385,1.7558,-0.2862
BiancaGolden_GrandPlies,-24.7669,-28.1547,204.1015,-14.9379,-52.0894,12.1284,0.2735,0.1914,-0.9426,0.9980,639,23.516174,1.7523,-0.2815
BiancaGolden_GrandPlies,-25.1699,-27.6873,203.9583,-14.8472,-51.8628,11.4548,0.2781,0.1885,-0.9419,0.9980,640,23.530075,1.7483,-0.2769
BiancaGolden_GrandPlies,-25.6190,-27.1825,203.8101,-14.8038,-51.7107,10.7955,0.2791,0.1856,-0.9422,0.9980,640,23.544870,1.7438,-0.2718
BiancaGolden_GrandPlies,-26.0535,-26.6509,203.6752,-14.6991,-51.5268,10.1148,0.2785,0.1868,-0.9421,0.9980,641,23.557846,1.7395,-0.2665
BiancaGolden_GrandPlies,-26.4497,-26.1162,203.5998,-14.7902,-51.4121,9.5274,0.2795,0.1881,-0.9415,0.9980,641,23.571117,1.7355,-0.2612
BiancaGolden_GrandPlies,-26.8253,-25.5797,203.5498,-14.9254,-51.3352,8.9626,0.2746,0.1879,-0.9430,0.9980,641,23.586458,1.7317,-0.2558
BiancaGolden_GrandPlies,-27.2186,-25.0501,203.5494,-15.1074,-51.3889,8.4495,0.2719,0.1859,-0.9442,0.9980,642,23.598927,1.7278,-0.2505
BiancaGolden_GrandPlies,-27.6081,-24.4990,203.5509,-15.2156,-51.4839,7.8743,0.2740,0.1828,-0.9442,0.9980,642,23.612171,1.7239,-0.2450
BiancaGolden_GrandPlies,-28.0222,-23.9514,203.5164,-15.2124,-51.4824,7.2148,0.2755,0.1742,-0.9454,0.9980,643,23.627474,1.7198,-0.2395
BiancaGolden_GrandPlies,-28.4721,-23.4036,203.4588,-14.9772,-51.3893,6.4595,0.2807,0.1692,-0.9448,0.9980,643,23.642244,1.7153,-0.2340
BiancaGolden_GrandPlies,-28.9308,-22.8945,203.4064,-14.7524,-51.1819,5.7917,0.2826,0.1616,-0.9455,0.9980,644,23.655506,1.7107,-0.2289
BiancaGolden_GrandPlies,-29.3924,-22.3989,203.4040,-14.4803,-51.0739,5.1462,0.2833,0.1547,-0.9465,0.9980,644,23.670078,1.7061,-0.2240
BiancaGolden_GrandPlies,-29.8637,-21.9396,203.4583,-14.2515,-51.0586,4.5795,0.2800,0.1483,-0.9485,0.9980,644,23.683161,1.7014,-0.2194
BiancaGolden_GrandPlies,-30.3177,-21.5006,203.5493,-14.0995,-51.0987,4.0958,0.2806,0.1455,-0.9487,0.9980,645,23.696405,1.6968,-0.2150
BiancaGolden_GrandPlies,-30.7641,-21.0887,203.6516,-13.9865,-51.1152,3.6116,0.2807,0.1355,-0.9502,0.9980,645,23.711193,1.6924,-0.2109
BiancaGolden_GrandPlies,-31.2347,-20.6900,203.7545,-13.9602,-51.1293,3.1526,0.2870,0.1318,-0.9488,0.9980,646,23.725412,1.6877,-0.2069
BiancaGolden_GrandPlies,-31.6898,-20.3310,203.8806,-13.9890,-51.1848,2.6465,0.2925,0.1279,-0.9477,0.9980,646,23.738174,1.6831,-0.2033
BiancaGolden_GrandPlies,-32.1115,-19.9922,204.0184,-13.9739,-51.2631,2.1313,0.2918,0.1234,-0.9485,0.9980,647,23.756502,1.6789,-0.1999
BiancaGolden_GrandPlies,-32.4749,-19.6552,204.1634,-13.9707,-51.2970,1.5944,0.2927,0.1210,-0.9485,0.9980,647,23.767591,1.6753,-0.1966
BiancaGolden_GrandPlies,-32.8424,-19.3691,204.3221,-13.9236,-51.2931,1.1760,0.2944,0.1181,-0.9483,0.9980,647,23.780285,1.6716,-0.1937
BiancaGolden_GrandPlies,-33.2438,-19.0968,204.4462,-13.7733,-51.2240,0.7878,0.2958,0.1161,-0.9482,0.9980,648,23.794252,1.6676,-0.1910
BiancaGolden_GrandPlies,-33.6652,-18.8391,204.5633,-13.6596,-51.1701,0.5093,0.2951,0.1154,-0.9485,0.9980,648,23.807005,1.6633,-0.1884
BiancaGolden_GrandPlies,-34.0537,-18.6026,204.7042,-13.6453,-51.1018,0.3407,0.2996,0.1095,-0.9478,0.9980,649,23.822495,1.6595,-0.1860
BiancaGolden_GrandPlies,-34.4011,-18.3754,204.8837,-13.6572,-50.9705,0.1217,0.3011,0.1050,-0.9478,0.9980,649,23.835472,1.6560,-0.1838
BiancaGolden_GrandPlies,-34.7855,-18.1709,205.0453,-13.8029,-50.8599,-0.1080,0.3067,0.1028,-0.9462,0.9980,649,23.851048,1.6521,-0.1817
BiancaGolden_GrandPlies,-35.1755,-17.9971,205.1934,-13.9200,-50.8633,-0.3512,0.3077,0.1015,-0.9461,0.9980,650,23.865000,1.6482,-0.1800
BiancaGolden_GrandPlies,-35.5617,-17.8528,205.3150,-13.9735,-50.8521,-0.6300,0.3093,0.0978,-0.9459,0.9980,650,23.877201,1.6444,-0.1785
BiancaGolden_GrandPlies,-35.9376,-17.7108,205.4059,-13.9953,-50.7584,-0.9206,0.3120,0.0965,-0.9452,0.9980,651,23.892096,1.6406,-0.1771
BiancaGolden_GrandPlies,-36.2899,-17.5822,205.4886,-14.0467,-50.5966,-1.2376,0.3161,0.1011,-0.9433,0.9980,651,23.905983,1.6371,-0.1758
BiancaGolden_GrandPlies,-36.6269,-17.4667,205.5639,-14.0623,-50.4164,-1.5901,0.3143,0.1043,-0.9436,0.9980,651,23.921732,1.6337,-0.1747
BiancaGolden_GrandPlies,-36.9924,-17.3886,205.6038,-14.0677,-50.2603,-1.8009,0.3146,0.1032,-0.9436,0.9980,652,23.933447,1.6301,-0.1739
BiancaGolden_GrandPlies,-37.3675,-17.3103,205.6108,-14.0496,-50.2649,-1.9763,0.3125,0.1026,-0.9444,0.9980,652,23.947323,1.6263,-0.1731
BiancaGolden_GrandPlies,-37.7299,-17.2492,205.5810,-14.0126,-50.3944,-2.0679,0.3109,0.0995,-0.9452,0.9980,653,23.961769,1.6227,-0.1725
BiancaGolden_GrandPlies,-38.0935,-17.2038,205.5206,-13.9108,-50.6404,-2.1800,0.3061,0.0951,-0.9472,0.9980,653,23.976793,1.6191,-0.1720
BiancaGolden_GrandPlies,-38.4531,-17.1812,205.4495,-13.8271,-50.8859,-2.2911,0.3087,0.0964,-0.9463,0.9980,654,23.990389,1.6155,-0.1718
BiancaGolden_GrandPlies,-38.7566,-17.1859,205.3893,-13.8039,-51.1433,-2.3838,0.2950,0.0971,-0.9506,0.9980,654,24.004486,1.6124,-0.1719
BiancaGolden_GrandPlies,-39.0691,-17.2014,205.2817,-13.7784,-51.3116,-2.5074,0.2979,0.1009,-0.9493,0.9980,654,24.018040,1.6093,-0.1720
BiancaGolden_GrandPlies,-39.3844,-17.2442,205.1425,-13.8520,-51.4208,-2.5426,0.2978,0.1011,-0.9493,0.9980,655,24.031645,1.6062,-0.1724
BiancaGolden_GrandPlies,-39.6956,-17.2877,204.9640,-13.9224,-51.4404,-2.5932,0.2955,0.1029,-0.9498,0.9980,655,24.045288,1.6030,-0.1729
BiancaGolden_GrandPlies,-40.0134,-17.3590,204.7883,-14.0267,-51.4665,-2.5592,0.2982,0.1048,-0.9487,0.9980,656,24.060045,1.5999,-0.1736
BiancaGolden_GrandPlies,-40.3224,-17.4619,204.5917,-14.1826,-51.4456,-2.4298,0.3022,0.1156,-0.9462,0.9980,656,24.074409,1.5968,-0.1746
BiancaGolden_GrandPlies,-40.6331,-17.5774,204.4023,-14.3794,-51.3942,-2.2907,0.3028,0.1192,-0.9456,0.9980,656,24.087524,1.5937,-0.1758
BiancaGolden_GrandPlies,-40.9262,-17.7128,204.2356,-14.7627,-51.3796,-2.0268,0.3039,0.1251,-0.9445,0.9980,657,24.101311,1.5907,-0.1771
BiancaGolden_GrandPlies,-41.2247,-17.8569,204.0998,-15.3171,-51.4833,-1.6491,0.3033,0.1294,-0.9441,0.9980,657,24.115311,1.5878,-0.1786
BiancaGolden_GrandPlies,-41.5259,-17.9585,203.9260,-15.7816,-51.5391,-1.3816,0.3034,0.1343,-0.9433,0.9980,658,24.129513,1.5847,-0.1796
BiancaGolden_GrandPlies,-41.8722,-18.0431,203.7473,-16.3073,-51.5724,-1.0490,0.3023,0.1364,-0.9434,0.9980,658,24.144239,1.5813,-0.1804
BiancaGolden_GrandPlies,-42.1189,-18.1125,203.6368,-16.8122,-51.6153,-0.8186,0.3022,0.1365,-0.9434,0.9980,659,24.158001,1.5788,-0.1811
BiancaGolden_GrandPlies,-42.2465,-18.2288,203.6336,-17.2975,-51.6414,-0.7270,0.3114,0.1383,-0.9402,0.9980,659,24.171867,1.5775,-0.1823
BiancaGolden_GrandPlies,-42.4210,-18.3111,203.6053,-17.8202,-51.5068,-0.5991,0.3095,0.1395,-0.9406,0.9980,659,24.185619,1.5758,-0.1831
BiancaGolden_GrandPlies,-42.8059,-18.3075,203.5603,-17.8177,-51.6877,-0.8220,0.3094,0.1426,-0.9402,0.9980,660,24.200443,1.5719,-0.1831
BiancaGolden_GrandPlies,-43.1339,-18.2944,203.5130,-18.1841,-51.7166,-0.6404,0.3132,0.1420,-0.9390,0.9980,660,24.213531,1.5687,-0.1829
BiancaGolden_GrandPlies,-43.3954,-18.2134,203.5585,-18.4126,-51.6244,-0.9682,0.3162,0.1415,-0.9381,0.9980,661,24.228003,1.5660,-0.1821
BiancaGolden_GrandPlies,-43.6832,-18.1352,203.7039,-18.7015,-51.5754,-1.1668,0.3185,0.1392,-0.9377,0.9980,661,24.241394,1.5632,-0.1814
BiancaGolden_GrandPlies,-43.9773,-18.0242,203.8321,-18.8734,-51.5321,-1.2947,0.3182,0.1302,-0.9390,0.9980,662,24.258465,1.5602,-0.1802
BiancaGolden_GrandPlies,-44.3504,-17.9052,203.9571,-18.8218,-51.4725,-1.3347,0.3163,0.1161,-0.9415,0.9980,662,24.268719,1.5565,-0.1791
BiancaGolden_GrandPlies,-44.6848,-17.7776,204.0765,-18.6597,-51.3611,-1.4262,0.3195,0.1140,-0.9407,0.9980,662,24.282310,1.5532,-0.1778
BiancaGolden_GrandPlies,-44.9893,-17.6548,204.2207,-18.4639,-51.1491,-1.5905,0.3315,0.1084,-0.9372,0.9980,663,24.296204,1.5501,-0.1765
BiancaGolden_GrandPlies,-45.2552,-17.5463,204.3858,-18.2944,-50.8862,-1.9032,0.3393,0.1039,-0.9349,0.9980,663,24.309343,1.5474,-0.1755
BiancaGolden_GrandPlies,-45.5168,-17.4282,204.5368,-18.1297,-50.6069,-2.3195,0.3433,0.0973,-0.9342,0.9980,664,24.324961,1.5448,-0.1743
BiancaGolden_GrandPlies,-45.7874,-17.2846,204.6943,-17.9811,-50.3540,-2.7770,0.3465,0.0940,-0.9333,0.9980,664,24.338060,1.5421,-0.1728
BiancaGolden_GrandPlies,-46.0641,-17.1308,204.8337,-17.8600,-50.1731,-3.1805,0.3500,0.0912,-0.9323,0.9980,664,24.354050,1.5394,-0.1713
BiancaGolden_GrandPlies,-46.3604,-16.9574,204.9566,-17.8039,-50.0412,-3.5185,0.3522,0.0881,-0.9318,0.9980,665,24.367567,1.5364,-0.1696
BiancaGolden_GrandPlies,-46.6357,-16.7761,205.0558,-17.7511,-49.9445,-3.9241,0.3587,0.0880,-0.9293,0.9980,665,24.380850,1.5336,-0.1678
BiancaGolden_GrandPlies,-46.9049,-16.5842,205.1441,-17.7689,-49.8414,-4.3593,0.3984,0.0646,-0.9149,0.9980,666,24.395206,1.5310,-0.1658
BiancaGolden_GrandPlies,-47.1215,-16.4058,205.2381,-17.7595,-49.6759,-4.8210,0.5311,0.0120,-0.8472,0.9980,666,24.407711,1.5288,-0.1641
BiancaGolden_GrandPlies,-47.3381,-16.1846,205.3223,-17.6720,-49.4882,-5.3968,0.5282,-0.0079,-0.8491,0.9980,666,24.421804,1.5266,-0.1618
BiancaGolden_GrandPlies,-47.5493,-15.9270,205.3882,-17.5632,-49.3514,-5.9932,0.5304,-0.0146,-0.8476,0.9980,667,24.434780,1.5245,-0.1593
BiancaGolden_GrandPlies,-47.7427,-15.6539,205.4192,-17.4800,-49.1704,-6.5895,0.5343,-0.0213,-0.8451,0.9980,667,24.448605,1.5226,-0.1565
BiancaGolden_GrandPlies,-47.8921,-15.3487,205.4248,-17.3680,-48.8891,-7.2321,0.5455,-0.0372,-0.8373,0.9980,668,24.463755,1.5211,-0.1535
BiancaGolden_GrandPlies,-48.0444,-15.0144,205.4255,-17.3035,-48.6433,-7.8375,0.5482,-0.0434,-0.8352,0.9980,668,24.478193,1.5196,-0.1501
BiancaGolden_GrandPlies,-48.1911,-14.6564,205.3814,-17.2279,-48.4224,-8.4163,0.5499,0.0368,-0.8344,0.9980,669,24.491644,1.5181,-0.1466
BiancaGolden_GrandPlies,-48.3783,-14.2658,205.2909,-17.0864,-48.2941,-8.9616,0.4005,0.1108,-0.9096,0.9980,669,24.504890,1.5162,-0.1427
BiancaGolden_GrandPlies,-48.5703,-13.8414,205.1635,-16.9916,-48.2458,-9.4161,0.3942,0.0942,-0.9142,0.9980,669,24.520193,1.5143,-0.1384
BiancaGolden_GrandPlies,-48.7749,-13.3602,204.9865,-16.8269,-48.3181,-9.7717,0.3930,0.0918,-0.9150,0.9980,670,24.533688,1.5123,-0.1336
BiancaGolden_GrandPlies,-48.9472,-12.8760,204.8091,-16.7640,-48.4507,-10.0514,0.4331,0.0593,-0.8994,0.9980,670,24.546362,1.5105,-0.1288
BiancaGolden_GrandPlies,-49.0932,-12.3676,204.6265,-16.8313,-48.5924,-10.3124,0.4400,0.0609,-0.8959,0.9980,671,24.561741,1.5091,-0.1237
BiancaGolden_GrandPlies,-49.2388,-11.8569,204.4462,-16.8794,-48.6830,-10.5945,0.4356,0.0517,-0.8986,0.9980,671,24.575050,1.5076,-0.1186
BiancaGolden_GrandPlies,-49.3740,-11.3197,204.2680,-16.9886,-48.8121,-10.8488,0.4166,0.0405,-0.9082,0.9980,672,24.589436,1.5063,-0.1132
BiancaGolden_GrandPlies,-49.5173,-10.7678,204.0713,-17.1563,-48.9131,-11.1612,0.4154,0.0388,-0.9088,0.9980,672,24.603157,1.5048,-0.1077
BiancaGolden_GrandPlies,-49.6211,-10.2033,203.8739,-17.3029,-49.0353,-11.5542,0.4277,0.0359,-0.9032,0.9980,672,24.617294,1.5038,-0.1020
BiancaGolden_GrandPlies,-49.6851,-9.6320,203.6873,-17.4483,-49.0853,-12.1256,0.4280,0.0305,-0.9033,0.9980,673,24.630642,1.5031,-0.0963
BiancaGolden_GrandPlies,-49.7587,-9.0676,203.5368,-17.5412,-49.1126,-12.8822,0.4286,0.0259,-0.9031,0.9980,673,24.643679,1.5024,-0.0907
BiancaGolden_GrandPlies,-49.8110,-8.5215,203.3615,-17.3360,-49.1921,-13.9622,0.4174,0.0326,-0.9081,0.9980,674,24.659693,1.5019,-0.0852
BiancaGolden_GrandPlies,-49.8962,-7.9668,203.1508,-16.7365,-49.1890,-15.1449,0.3965,0.0322,-0.9175,0.9980,674,24.672384,1.5010,-0.0797
BiancaGolden_GrandPlies,-50.0175,-7.3713,202.8946,-15.8801,-49.1409,-16.3150,0.3932,0.0208,-0.9192,0.9980,674,24.686739,1.4998,-0.0737
BiancaGolden_GrandPlies,-50.1649,-6.7884,202.6849,-14.9484,-49.1207,-17.2549,0.3904,0.0123,-0.9206,0.9980,675,24.701349,1.4984,-0.0679
BiancaGolden_GrandPlies,-50.2821,-6.1596,202.5422,-14.2341,-49.1609,-18.0335,0.3799,0.0049,-0.9250,0.9980,675,24.715221,1.4972,-0.0616
BiancaGolden_GrandPlies,-50.4031,-5.5809,202.4640,-13.8208,-49.2392,-18.6627,0.3786,0.0063,-0.9255,0.9980,676,24.728062,1.4960,-0.0558
BiancaGolden_GrandPlies,-50.5404,-4.9913,202.4649,-13.5970,-49.4443,-19.1796,0.3792,0.0018,-0.9253,0.9980,676,24.741293,1.4946,-0.0499
BiancaGolden_GrandPlies,-50.6998,-4.3909,202.5088,-13.5154,-49.7564,-19.6390,0.3838,0.0015,-0.9234,0.9980,677,24.759535,1.4930,-0.0439
BiancaGolden_GrandPlies,-50.8488,-3.8342,202.5831,-13.6165,-50.0570,-19.9069,0.3776,0.0103,-0.9259,0.9980,677,24.769808,1.4915,-0.0383
BiancaGolden_GrandPlies,-50.9931,-3.2526,202.7380,-13.4894,-50.2736,-20.4417,0.3754,0.0081,-0.9268,0.9980,677,24.782970,1.4901,-0.0325
BiancaGolden_GrandPlies,-51.1265,-2.7378,202.8979,-13.3954,-50.3957,-20.8218,0.3730,0.0105,-0.9278,0.9980,678,24.796932,1.4887,-0.0274
BiancaGolden_GrandPlies,-51.2317,-2.2365,203.0956,-13.2470,-50.4421,-21.2288,0.3695,0.0104,-0.9292,0.9980,678,24.809677,1.4877,-0.0224
BiancaGolden_GrandPlies,-51.3344,-1.7829,203.3278,-13.1265,-50.4154,-21.5122,0.3715,0.0082,-0.9284,0.9980,679,24.824564,1.4867,-0.0178
BiancaGolden_GrandPlies,-51.4373,-1.3709,203.5617,-12.9654,-50.2749,-21.7498,0.3889,0.0062,-0.9212,0.9980,679,24.838011,1.4856,-0.0137
BiancaGolden_GrandPlies,-51.5648,-0.9705,203.7908,-12.7344,-50.1134,-22.0111,0.3910,0.0033,-0.9204,0.9980,679,24.852577,1.4844,-0.0097
BiancaGolden_GrandPlies,-51.7148,-0.5927,204.0139,-12.4930,-49.9902,-22.2647,0.3902,0.0003,-0.9207,0.9980,680,24.866152,1.4829,-0.0059
BiancaGolden_GrandPlies,-51.8914,-0.2644,204.2358,-12.2466,-49.9818,-22.5463,0.4004,-0.0111,-0.9163,0.9980,680,24.880274,1.4811,-0.0026
BiancaGolden_GrandPlies,-52.0638,0.0466,204.4608,-11.9323,-50.0645,-22.9249,0.3986,-0.0126,-0.9170,0.9980,681,24.894623,1.4794,0.0005
BiancaGolden_GrandPlies,-52.2337,0.3392,204.6821,-11.6494,-50.1748,-23.3178,0.4007,-0.0117,-0.9161,0.9980,681,24.908684,1.4777,0.0034
BiancaGolden_GrandPlies,-52.3546,0.6194,204.8871,-11.3914,-50.1592,-23.7205,0.4024,-0.0146,-0.9153,0.9980,682,24.922705,1.4765,0.0062
BiancaGolden_GrandPlies,-52.4995,0.8820,205.0835,-11.2024,-50.0067,-24.0483,0.4110,-0.0169,-0.9115,0.9980,682,24.936136,1.4750,0.0088
BiancaGolden_GrandPlies,-52.6412,1.1510,205.2696,-11.0971,-49.8538,-24.3169,0.4168,-0.0126,-0.9089,0.9980,682,24.951218,1.4736,0.0115
BiancaGolden_GrandPlies,-52.7629,1.3849,205.4158,-11.0436,-49.7171,-24.5000,0.4190,-0.0154,-0.9079,0.9980,683,24.964222,1.4724,0.0138
BiancaGolden_GrandPlies,-52.8761,1.6064,205.5075,-10.9099,-49.5270,-24.6434,0.4206,-0.0176,-0.9071,0.9980,683,24.976999,1.4712,0.0161
BiancaGolden_GrandPlies,-52.9917,1.8108,205.5646,-10.7500,-49.3641,-24.7228,0.4155,-0.0150,-0.9094,0.9980,684,24.992121,1.4701,0.0181
BiancaGolden_GrandPlies,-53.0986,1.9963,205.5992,-10.5899,-49.2305,-24.7697,0.4184,-0.0098,-0.9082,0.9980,684,25.005253,1.4690,0.0200
BiancaGolden_GrandPlies,-53.2407,2.1326,205.5667,-10.4626,-49.1920,-24.7015,0.4188,-0.0105,-0.9080,0.9980,684,25.020523,1.4676,0.0213
BiancaGolden_GrandPlies,-53.4029,2.2754,205.5172,-10.3586,-49.2298,-24.6524,0.4155,-0.0093,-0.9095,0.9980,685,25.033329,1.4660,0.0228
BiancaGolden_GrandPlies,-53.5835,2.3998,205.4020,-10.2135,-49.4448,-24.5704,0.4067,-0.0122,-0.9135,0.9980,685,25.047113,1.4642,0.0240
BiancaGolden_GrandPlies,-53.7640,2.4962,205.2772,-10.1222,-49.7901,-24.3903,0.4004,-0.0094,-0.9163,0.9980,686,25.061954,1.4624,0.0250
BiancaGolden_GrandPlies,-53.9073,2.5696,205.1608,-10.0724,-50.1955,-24.1965,0.3977,-0.0059,-0.9175,0.9980,686,25.075565,1.4609,0.0257
BiancaGolden_GrandPlies,-54.0171,2.6096,205.0245,-10.1520,-50.6001,-23.8497,0.3949,0.0025,-0.9187,0.9980,687,25.089712,1.4598,0.0261
BiancaGolden_GrandPlies,-54.1413,2.6468,204.8822,-10.2477,-50.9685,-23.4944,0.3935,0.0069,-0.9193,0.9980,687,25.102695,1.4586,0.0265
BiancaGolden_GrandPlies,-54.2756,2.6507,204.6949,-10.4908,-51.3404,-22.9552,0.3894,0.0124,-0.9210,0.9980,687,25.117828,1.4572,0.0265
BiancaGolden_GrandPlies,-54.4297,2.6319,204.4908,-10.6279,-51.6682,-22.5076,0.3841,0.0194,-0.9231,0.9980,688,25.130482,1.4557,0.0263
BiancaGolden_GrandPlies,-54.5918,2.5838,204.3286,-10.8206,-52.0632,-21.9336,0.3803,0.0284,-0.9244,0.9980,688,25.143688,1.4541,0.0258
BiancaGolden_GrandPlies,-54.7382,2.5313,204.2189,-11.0624,-52.4271,-21.3138,0.3784,0.0348,-0.9250,0.9980,689,25.158813,1.4526,0.0253
BiancaGolden_GrandPlies,-54.9224,2.4994,204.1164,-11.2921,-52.8920,-20.5473,0.3728,0.0444,-0.9269,0.9980,689,25.173151,1.4508,0.0250
BiancaGolden_GrandPlies,-55.1255,2.4630,204.0159,-11.6276,-53.3233,-19.7046,0.3833,0.0846,-0.9198,0.9980,689,25.186476,1.4487,0.0246
BiancaGolden_GrandPlies,-55.2874,2.3996,203.9779,-11.9031,-53.7545,-18.8783,0.3796,0.0921,-0.9206,0.9980,690,25.200138,1.4471,0.0240
BiancaGolden_GrandPlies,-55.3312,2.2384,204.0688,-12.2194,-54.0054,-18.1171,0.3986,0.1361,-0.9070,0.9980,690,25.214455,1.4467,0.0224
BiancaGolden_GrandPlies,-55.3907,2.0734,204.1347,-12.6268,-53.9730,-17.5544,0.4081,0.1374,-0.9025,0.9980,691,25.228680,1.4461,0.0207
BiancaGolden_GrandPlies,-55.5905,1.9934,204.1003,-13.0552,-53.8733,-17.0430,0.4181,0.1380,-0.8978,0.9980,691,25.242311,1.4441,0.0199
BiancaGolden_GrandPlies,-55.9021,1.9830,204.0636,-13.6575,-53.7560,-16.5807,0.4280,0.1381,-0.8932,0.9980,692,25.260189,1.4410,0.0198
BiancaGolden_GrandPlies,-56.1594,1.9651,204.0585,-14.1309,-53.5428,-16.2116,0.4345,0.1297,-0.8913,0.9980,692,25.270702,1.4384,0.0197
BiancaGolden_GrandPlies,-56.3923,1.9524,204.0946,-14.5298,-53.2739,-16.0172,0.4378,0.1301,-0.8896,0.9980,692,25.284542,1.4361,0.0195
BiancaGolden_GrandPlies,-56.6352,1.9430,204.1519,-14.8595,-53.1013,-15.7874,0.4402,0.1316,-0.8882,0.9980,693,25.297318,1.4336,0.0194
BiancaGolden_GrandPlies,-56.8887,1.9415,204.2041,-14.9953,-52.9447,-15.5591,0.4407,0.1316,-0.8880,0.9980,693,25.310444,1.4311,0.0194
BiancaGolden_GrandPlies,-57.1752,1.9601,204.2598,-15.1049,-52.8379,-15.3171,0.4400,0.1279,-0.8888,0.9980,694,25.325964,1.4282,0.0196
BiancaGolden_GrandPlies,-57.4387,1.9904,204.3335,-15.2054,-52.7628,-15.1388,0.4427,0.1275,-0.8876,0.9980,694,25.338686,1.4256,0.0199
BiancaGolden_GrandPlies,-57.6859,2.0158,204.4109,-15.2993,-52.6501,-15.0103,0.4455,0.1243,-0.8866,0.9980,694,25.353857,1.4231,0.0202
BiancaGolden_GrandPlies,-57.9005,2.0439,204.5006,-15.4243,-52.5179,-14.9635,0.4464,0.1190,-0.8869,0.9980,695,25.366777,1.4210,0.0204
BiancaGolden_GrandPlies,-58.0540,2.0649,204.6016,-15.5292,-52.2580,-15.0900,0.4533,0.1155,-0.8838,0.9980,695,25.380548,1.4195,0.0206
BiancaGolden_GrandPlies,-58.1755,2.1210,204.7220,-15.7068,-51.8876,-15.4099,0.4581,0.1138,-0.8816,0.9980,696,25.395102,1.4182,0.0212
BiancaGolden_GrandPlies,-58.3117,2.1891,204.8352,-15.9497,-51.5661,-15.6294,0.4595,0.1130,-0.8810,0.9980,696,25.408764,1.4169,0.0219
BiancaGolden_GrandPlies,-58.4841,2.3146,204.9464,-16.2304,-51.2919,-15.7261,0.4499,0.1111,-0.8861,0.9980,697,25.423193,1.4152,0.0231
BiancaGolden_GrandPlies,-58.6440,2.4508,205.0842,-16.5416,-51.1596,-15.6811,0.4528,0.1123,-0.8845,0.9980,697,25.436428,1.4136,0.0245
BiancaGolden_GrandPlies,-58.7852,2.5922,205.2226,-16.9145,-51.0642,-15.5951,0.4534,0.1131,-0.8841,0.9980,697,25.450975,1.4121,0.0259
BiancaGolden_GrandPlies,-58.9247,2.7293,205.3765,-17.1978,-51.1032,-15.6258,0.4545,0.1131,-0.8836,0.9980,698,25.464621,1.4108,0.0273
BiancaGolden_GrandPlies,-59.0265,2.8745,205.5052,-17.3085,-51.1302,-15.8310,0.4498,0.1170,-0.8854,0.9980,698,25.477917,1.4097,0.0287
BiancaGolden_GrandPlies,-59.1054,3.0374,205.6256,-17.3106,-51.1445,-16.1699,0.4505,0.1149,-0.8853,0.9980,699,25.493862,1.4089,0.0304
BiancaGolden_GrandPlies,-59.1692,3.2261,205.7137,-17.3017,-51.0586,-16.5730,0.4464,0.1157,-0.8873,0.9980,699,25.506584,1.4083,0.0323
BiancaGolden_GrandPlies,-59.2041,3.4289,205.7768,-17.3240,-50.8971,-16.9410,0.4429,0.1176,-0.8888,0.9980,699,25.521002,1.4080,0.0343
BiancaGolden_GrandPlies,-59.2515,3.6343,205.8482,-17.3531,-50.7316,-17.2818,0.4456,0.1145,-0.8879,0.9980,700,25.534281,1.4075,0.0363
BiancaGolden_GrandPlies,-59.2869,3.8708,205.8918,-17.3576,-50.5969,-17.6069,0.4456,0.1109,-0.8883,0.9980,700,25.547464,1.4071,0.0387
BiancaGolden_GrandPlies,-59.3343,4.1329,205.9255,-17.3953,-50.5735,-17.8502,0.4462,0.1144,-0.8876,0.9980,701,25.563082,1.4067,0.0413
BiancaGolden_GrandPlies,-59.3565,4.4266,205.9552,-17.4098,-50.6269,-18.0022,0.4393,0.1111,-0.8914,0.9980,701,25.576885,1.4064,0.0443
BiancaGolden_GrandPlies,-59.3608,4.7579,205.9633,-17.4425,-50.6668,-18.1403,0.4394,0.1112,-0.8914,0.9980,702,25.590229,1.4064,0.0476
BiancaGolden_GrandPlies,-59.3376,5.0969,205.9490,-17.5278,-50.6698,-18.2749,0.4384,0.1059,-0.8925,0.9980,702,25.604408,1.4066,0.0510
BiancaGolden_GrandPlies,-59.2989,5.4490,205.9169,-17.5549,-50.5662,-18.5381,0.4410,0.1033,-0.8915,0.9980,702,25.618059,1.4070,0.0545
BiancaGolden_GrandPlies,-59.2339,5.8086,205.8731,-17.6343,-50.4548,-18.8418,0.4467,0.1036,-0.8887,0.9980,703,25.631321,1.4077,0.0581
BiancaGolden_GrandPlies,-59.1643,6.1810,205.8231,-17.7638,-50.3286,-19.1597,0.4453,0.0948,-0.8904,0.9980,703,25.644573,1.4084,0.0618
BiancaGolden_GrandPlies,-59.0663,6.5768,205.7584,-17.8741,-50.2651,-19.4943,0.4504,0.0905,-0.8882,0.9980,704,25.659855,1.4093,0.0658
BiancaGolden_GrandPlies,-58.9399,6.9967,205.6569,-17.9950,-50.1912,-19.8418,0.4542,0.0869,-0.8866,0.9980,704,25.674355,1.4106,0.0700
BiancaGolden_GrandPlies,-58.8037,7.4578,205.5200,-18.1882,-50.0542,-20.1516,0.4562,0.0829,-0.8860,0.9980,704,25.688185,1.4120,0.0746
BiancaGolden_GrandPlies,-58.6481,7.9511,205.3767,-18.3911,-49.9420,-20.4493,0.4588,0.0826,-0.8847,0.9980,705,25.701317,1.4135,0.0795
BiancaGolden_GrandPlies,-58.4708,8.4462,205.2303,-18.6537,-49.8589,-20.5442,0.4529,0.0885,-0.8872,0.9980,705,25.714787,1.4153,0.0845
BiancaGolden_GrandPlies,-58.2817,8.9397,205.1539,-18.7731,-49.7747,-20.5774,0.4520,0.0885,-0.8876,0.9980,706,25.729979,1.4172,0.0894
BiancaGolden_GrandPlies,-58.1490,9.4308,204.9537,-18.8353,-49.5646,-20.6797,0.4504,0.0807,-0.8892,0.9980,706,25.742832,1.4185,0.0943
BiancaGolden_GrandPlies,-57.9798,10.0269,204.8008,-18.7617,-49.4613,-20.9788,0.4501,0.0728,-0.8900,0.9980,707,25.760815,1.4202,0.1003
BiancaGolden_GrandPlies,-57.8457,10.5615,204.6280,-18.7231,-49.2927,-21.2359,0.4494,0.0672,-0.8908,0.9980,707,25.771238,1.4215,0.1056
BiancaGolden_GrandPlies,-57.7077,11.1605,204.4539,-18.6918,-49.1235,-21.5159,0.4434,0.0713,-0.8935,0.9980,707,25.784811,1.4229,0.1116
BiancaGolden_GrandPlies,-57.6161,11.7354,204.3495,-18.8014,-49.1648,-21.6195,0.4422,0.0687,-0.8943,0.9980,708,25.797787,1.4238,0.1174
BiancaGolden_GrandPlies,-57.4767,12.2394,204.2832,-18.6557,-49.2257,-21.9355,0.4356,0.0485,-0.8988,0.9980,708,25.811695,1.4252,0.1224
BiancaGolden_GrandPlies,-57.2777,12.6871,204.2539,-18.0703,-48.9362,-22.7745,0.4321,0.0394,-0.9010,0.9980,709,25.827305,1.4272,0.1269
BiancaGolden_GrandPlies,-57.0752,13.1211,204.3041,-17.2683,-48.3649,-24.0802,0.4316,0.0164,-0.9019,0.9980,709,25.839447,1.4292,0.1312
BiancaGolden_GrandPlies,-56.9044,13.5762,204.3483,-16.0922,-47.5570,-25.6545,0.4308,-0.0128,-0.9024,0.9980,709,25.854193,1.4310,0.1358
BiancaGolden_GrandPlies,-56.8225,14.0523,204.4382,-14.5951,-46.7736,-27.4110,0.4315,-0.0382,-0.9013,0.9980,710,25.867023,1.4318,0.1405
BiancaGolden_GrandPlies,-56.8449,14.5066,204.5552,-12.7306,-46.0235,-29.0259,0.4257,-0.0643,-0.9026,0.9980,710,25.880516,1.4316,0.1451
BiancaGolden_GrandPlies,-56.8398,15.0853,204.6691,-10.9680,-45.4826,-30.6468,0.4193,-0.0793,-0.9044,0.9980,711,25.895786,1.4316,0.1509
BiancaGolden_GrandPlies,-56.8420,15.6531,204.7538,-9.7135,-45.0026,-32.0094,0.4105,-0.0713,-0.9091,0.9980,711,25.909199,1.4316,0.1565
BiancaGolden_GrandPlies,-56.8474,16.1943,204.8868,-8.8212,-44.7876,-32.9424,0.4036,-0.0693,-0.9123,0.9980,712,25.923889,1.4315,0.1619
BiancaGolden_GrandPlies,-56.8110,16.6966,205.0496,-8.2652,-44.4871,-33.6443,0.4030,-0.0650,-0.9129,0.9980,712,25.936884,1.4319,0.1670
BiancaGolden_GrandPlies,-56.7698,17.1988,205.2219,-7.9390,-44.2600,-34.1863,0.4020,-0.0581,-0.9138,0.9980,712,25.951878,1.4323,0.1720
BiancaGolden_GrandPlies,-56.7370,17.6767,205.4016,-8.0652,-44.1146,-34.4181,0.4023,-0.0578,-0.9137,0.9980,713,25.965179,1.4326,0.1768
BiancaGolden_GrandPlies,-56.7311,18.1381,205.5671,-8.2072,-44.1501,-34.5196,0.4038,-0.0488,-0.9136,0.9980,713,25.978376,1.4327,0.1814
BiancaGolden_GrandPlies,-56.7098,18.6006,205.7202,-8.1968,-44.1483,-34.6624,0.4077,-0.0204,-0.9129,0.9980,714,25.993408,1.4329,0.1860
BiancaGolden_GrandPlies,-56.6951,19.0294,205.9133,-8.3134,-44.1675,-34.4674,0.4101,-0.0144,-0.9119,0.9980,714,26.007118,1.4330,0.1903
BiancaGolden_GrandPlies,-56.6515,19.4517,206.1340,-8.3706,-43.9682,-34.2733,0.4197,-0.0161,-0.9075,0.9980,715,26.022303,1.4335,0.1945
BiancaGolden_GrandPlies,-56.6065,19.8394,206.3813,-8.4022,-43.4425,-33.9378,0.4270,-0.0213,-0.9040,0.9980,715,26.034704,1.4339,0.1984
BiancaGolden_GrandPlies,-56.6171,20.2239,206.6179,-8.1172,-42.7617,-33.6549,0.4340,-0.0228,-0.9006,0.9980,715,26.049496,1.4338,0.2022
BiancaGolden_GrandPlies,-56.6420,20.6020,206.8584,-7.7306,-42.0255,-33.4073,0.4370,-0.0299,-0.8990,0.9980,716,26.062569,1.4336,0.2060
BiancaGolden_GrandPlies,-56.6956,20.9820,207.0466,-7.3442,-41.1817,-33.2193,0.4411,-0.0358,-0.8967,0.9980,716,26.076618,1.4330,0.2098
BiancaGolden_GrandPlies,-56.7653,21.3960,207.2177,-7.1356,-40.5055,-33.1163,0.4428,-0.0405,-0.8957,0.9980,717,26.090721,1.4323,0.2140
BiancaGolden_GrandPlies,-56.8356,21.7936,207.3391,-6.9623,-39.9263,-33.0661,0.4485,-0.0438,-0.8927,0.9980,717,26.104109,1.4316,0.2179
BiancaGolden_GrandPlies,-56.9268,22.1546,207.4317,-6.8536,-39.4457,-32.8972,0.4619,-0.0330,-0.8863,0.9980,717,26.118496,1.4307,0.2215
BiancaGolden_GrandPlies,-57.0111,22.4931,207.5003,-6.6766,-39.0595,-32.7553,0.4636,-0.0345,-0.8854,0.9980,718,26.133215,1.4299,0.2249
BiancaGolden_GrandPlies,-57.1345,22.8453,207.5203,-6.5010,-38.8530,-32.6178,0.4663,-0.0365,-0.8839,0.9980,718,26.145750,1.4287,0.2285
BiancaGolden_GrandPlies,-57.2757,23.1937,207.5574,-6.3683,-38.8788,-32.4981,0.4624,-0.0443,-0.8855,0.9980,719,26.161304,1.4272,0.2319
BiancaGolden_GrandPlies,-57.4410,23.5444,207.5714,-6.2679,-39.0370,-32.3307,0.4589,-0.0408,-0.8875,0.9980,719,26.174488,1.4256,0.2354
BiancaGolden_GrandPlies,-57.6087,23.8699,207.5662,-6.1713,-39.2268,-32.1209,0.4457,-0.0304,-0.8947,0.9980,720,26.188784,1.4239,0.2387
BiancaGolden_GrandPlies,-57.8279,24.1763,207.5287,-6.0714,-39.5182,-31.8684,0.4414,-0.0282,-0.8968,0.9980,720,26.202066,1.4217,0.2418
BiancaGolden_GrandPlies,-58.0645,24.4958,207.4637,-5.8997,-39.7643,-31.7331,0.4355,-0.0311,-0.8996,0.9980,720,26.216379,1.4194,0.2450
BiancaGolden_GrandPlies,-58.3107,24.7914,207.3983,-5.7238,-39.9258,-31.5844,0.4341,-0.0375,-0.9001,0.9980,721,26.231119,1.4169,0.2479
BiancaGolden_GrandPlies,-58.5760,25.0916,207.3342,-5.5606,-40.0144,-31.4459,0.4301,-0.0351,-0.9021,0.9980,721,26.248873,1.4142,0.2509
BiancaGolden_GrandPlies,-59.1084,25.6598,207.2160,-5.2291,-40.1874,-31.0797,0.4244,-0.0443,-0.9044,0.9980,722,26.260309,1.4089,0.2566
BiancaGolden_GrandPlies,-59.4625,25.9460,207.1499,-5.0892,-40.3013,-30.7467,0.4230,-0.0462,-0.9049,0.9980,722,26.274380,1.4054,0.2595
BiancaGolden_GrandPlies,-59.5263,25.9482,207.1372,-5.1638,-40.3312,-30.5631,0.4233,-0.0441,-0.9049,0.9980,723,26.288988,1.4047,0.2595
BiancaGolden_GrandPlies,-59.8942,26.2369,207.0345,-5.0997,-40.4450,-30.1652,0.4229,-0.0400,-0.9053,0.9980,723,26.299929,1.4011,0.2624
BiancaGolden_GrandPlies,-60.2895,26.5017,206.9168,-5.0968,-40.4971,-29.6642,0.4344,-0.0437,-0.8997,0.9980,723,26.314432,1.3971,0.2650
BiancaGolden_GrandPlies,-60.7139,26.7949,206.8164,-5.1355,-40.5563,-29.1999,0.4348,-0.0390,-0.8997,0.9980,724,26.327610,1.3929,0.2679
BiancaGolden_GrandPlies,-61.1806,27.0721,206.7102,-5.2470,-40.6791,-28.6624,0.4353,-0.0344,-0.8996,0.9980,724,26.341806,1.3882,0.2707
BiancaGolden_GrandPlies,-61.6968,27.3470,206.6128,-5.3467,-40.8467,-28.0024,0.4370,-0.0304,-0.8989,0.9980,725,26.355673,1.3830,0.2735
BiancaGolden_GrandPlies,-62.2250,27.6313,206.5356,-5.4348,-41.1906,-27.3059,0.4342,-0.0208,-0.9006,0.9980,725,26.370274,1.3778,0.2763
BiancaGolden_GrandPlies,-62.7495,27.8719,206.4631,-5.6993,-41.4988,-26.4592,0.4382,-0.0197,-0.8987,0.9980,725,26.383505,1.3725,0.2787
BiancaGolden_GrandPlies,-63.2162,28.0644,206.4287,-6.0667,-41.6643,-25.6098,0.4423,-0.0105,-0.8968,0.9980,726,26.396280,1.3678,0.2806
BiancaGolden_GrandPlies,-63.6769,28.2807,206.3869,-6.7985,-41.7204,-24.7938,0.4597,-0.0092,-0.8880,0.9980,726,26.410885,1.3632,0.2828
BiancaGolden_GrandPlies,-64.1327,28.5136,206.3065,-7.7908,-41.6958,-23.8592,0.4641,0.0012,-0.8858,0.9980,727,26.424896,1.3587,0.2851
BiancaGolden_GrandPlies,-64.6006,28.7291,206.3076,-8.7899,-41.6543,-22.7522,0.4840,-0.0004,-0.8751,0.9980,727,26.438160,1.3540,0.2873
BiancaGolden_GrandPlies,-65.0499,28.8702,206.3457,-9.6759,-41.7071,-21.6314,0.4844,0.0081,-0.8748,0.9980,727,26.452717,1.3495,0.2887
BiancaGolden_GrandPlies,-65.5454,29.0215,206.3689,-10.1298,-41.8065,-20.9531,0.5004,0.0109,-0.8657,0.9980,728,26.466496,1.3445,0.2902
BiancaGolden_GrandPlies,-66.0845,29.1713,206.3793,-10.5762,-42.1207,-20.3749,0.5391,-0.0020,-0.8423,0.9980,728,26.479605,1.3392,0.2917
BiancaGolden_GrandPlies,-66.6422,29.3348,206.3747,-10.9487,-42.4221,-19.9376,0.5857,-0.0289,-0.8100,0.9980,729,26.495173,1.3336,0.2933
BiancaGolden_GrandPlies,-67.1894,29.5512,206.3837,-11.2830,-42.8706,-19.6446,0.6267,-0.0580,-0.7771,0.9980,729,26.508018,1.3281,0.2955
BiancaGolden_GrandPlies,-67.7207,29.7708,206.4021,-11.8388,-43.2602,-19.3692,0.5924,-0.1244,-0.7960,0.9980,730,26.522478,1.3228,0.2977
BiancaGolden_GrandPlies,-68.2498,30.0040,206.4573,-12.2145,-43.5370,-19.2869,0.5921,-0.1229,-0.7965,0.9980,730,26.535891,1.3175,0.3000
BiancaGolden_GrandPlies,-68.7596,30.1595,206.5089,-12.3231,-43.5956,-19.1832,0.5886,-0.1229,-0.7991,0.9980,730,26.550381,1.3124,0.3016
BiancaGolden_GrandPlies,-69.2693,30.3205,206.5681,-12.1194,-43.6214,-19.2350,0.5380,0.0039,-0.8429,0.9980,731,26.563917,1.3073,0.3032
BiancaGolden_GrandPlies,-69.8337,30.4850,206.6006,-11.6441,-43.5786,-19.3849,0.5280,0.0043,-0.8492,0.9980,731,26.577290,1.3017,0.3049
BiancaGolden_GrandPlies,-70.4358,30.6469,206.6246,-11.1084,-43.6353,-19.6024,0.4820,-0.0943,-0.8711,0.9980,732,26.592926,1.2956,0.3065
BiancaGolden_GrandPlies,-70.9422,30.8177,206.7452,-10.4801,-43.7072,-20.1894,0.4734,-0.1173,-0.8730,0.9980,732,26.605955,1.2906,0.3082
BiancaGolden_GrandPlies,-71.3960,30.9468,206.8807,-10.1813,-43.6297,-20.7138,0.4764,-0.1262,-0.8701,0.9980,732,26.620750,1.2860,0.3095
BiancaGolden_GrandPlies,-71.8141,31.0366,207.0750,-9.9324,-43.3127,-21.3686,0.4851,-0.1393,-0.8633,0.9980,733,26.634560,1.2819,0.3104
BiancaGolden_GrandPlies,-72.1930,31.1039,207.2426,-9.5771,-42.9136,-22.0854,0.4977,-0.1324,-0.8572,0.9980,733,26.647797,1.2781,0.3110
BiancaGolden_GrandPlies,-72.6236,31.2145,207.3277,-9.0505,-42.4879,-22.8762,0.4868,-0.1505,-0.8604,0.9980,734,26.662287,1.2738,0.3121
BiancaGolden_GrandPlies,-73.0368,31.3383,207.3816,-8.5101,-42.1459,-23.7494,0.4876,-0.1622,-0.8579,0.9980,734,26.677216,1.2696,0.3134
BiancaGolden_GrandPlies,-73.4107,31.4785,207.4216,-7.9879,-41.7919,-24.5774,0.4833,-0.1661,-0.8596,0.9980,735,26.690372,1.2659,0.3148
BiancaGolden_GrandPlies,-73.7379,31.6193,207.4665,-7.5862,-41.3955,-25.1218,0.4842,-0.1737,-0.8576,0.9980,735,26.704870,1.2626,0.3162
BiancaGolden_GrandPlies,-74.0887,31.7577,207.5083,-7.1043,-41.1428,-25.5713,0.4895,-0.1621,-0.8568,0.9980,735,26.718954,1.2591,0.3176
BiancaGolden_GrandPlies,-74.4136,31.9213,207.5240,-6.6470,-40.9510,-25.8886,0.4845,-0.1576,-0.8605,0.9980,736,26.732193,1.2559,0.3192
BiancaGolden_GrandPlies,-74.7676,32.0922,207.5643,-6.3109,-40.8441,-26.1086,0.4773,-0.1581,-0.8644,0.9980,736,26.749287,1.2523,0.3209
BiancaGolden_GrandPlies,-75.0681,32.2965,207.6045,-6.0239,-40.6738,-26.3015,0.4796,-0.1513,-0.8643,0.9980,737,26.761160,1.2493,0.3230
BiancaGolden_GrandPlies,-75.3466,32.4890,207.6544,-5.8481,-40.4185,-26.4933,0.4847,-0.1562,-0.8606,0.9980,737,26.773064,1.2465,0.3249
BiancaGolden_GrandPlies,-75.6247,32.6921,207.7135,-5.7804,-39.9831,-26.6827,0.4917,-0.1625,-0.8555,0.9980,737,26.788536,1.2438,0.3269
BiancaGolden_GrandPlies,-75.8576,32.8885,207.7802,-5.7353,-39.3958,-26.9322,0.4973,-0.1577,-0.8531,0.9980,738,26.801149,1.2414,0.3289
BiancaGolden_GrandPlies,-76.0607,33.0841,207.8749,-5.7288,-38.6906,-27.1436,0.5090,-0.1533,-0.8470,0.9980,738,26.814253,1.2394,0.3308
BiancaGolden_GrandPlies,-76.2688,33.3197,207.9503,-5.7447,-37.9771,-27.3516,0.5124,-0.1482,-0.8459,0.9980,739,26.829842,1.2373,0.3332
BiancaGolden_GrandPlies,-76.5188,33.5833,208.0076,-5.8060,-37.4291,-27.4474,0.5148,-0.1445,-0.8451,0.9980,739,26.842894,1.2348,0.3358
BiancaGolden_GrandPlies,-76.8090,33.9016,208.0567,-5.9159,-37.1060,-27.5436,0.5161,-0.1422,-0.8446,0.9980,740,26.858000,1.2319,0.3390
BiancaGolden_GrandPlies,-77.0641,34.1661,208.1588,-6.0163,-36.9020,-27.5847,0.5191,-0.1456,-0.8422,0.9980,740,26.870575,1.2294,0.3417
BiancaGolden_GrandPlies,-77.2145,34.3895,208.3440,-5.9994,-36.6391,-27.7520,0.5156,-0.1458,-0.8443,0.9980,740,26.885365,1.2279,0.3439
BiancaGolden_GrandPlies,-77.3561,34.6134,208.5100,-6.0121,-36.3784,-28.0077,0.5126,-0.1541,-0.8447,0.9980,741,26.899998,1.2264,0.3461
BiancaGolden_GrandPlies,-77.5861,34.8522,208.5074,-5.8549,-35.9063,-28.2432,0.5020,-0.1536,-0.8511,0.9980,741,26.912472,1.2241,0.3485
BiancaGolden_GrandPlies,-77.8608,35.1296,208.4215,-5.4922,-35.4382,-28.5382,0.5053,-0.1601,-0.8480,0.9980,742,26.926928,1.2214,0.3513
BiancaGolden_GrandPlies,-78.1609,35.3580,208.3525,-4.9437,-34.9226,-28.5913,0.5025,-0.1667,-0.8484,0.9980,742,26.940519,1.2184,0.3536
BiancaGolden_GrandPlies,-78.3760,35.5032,208.5366,-4.2417,-34.4482,-28.5575,0.4986,-0.1671,-0.8506,0.9980,742,26.954897,1.2162,0.3550
BiancaGolden_GrandPlies,-78.5700,35.6953,208.8181,-3.6655,-34.0765,-28.4332,0.4965,-0.1610,-0.8530,0.9980,743,26.969152,1.2143,0.3570
BiancaGolden_GrandPlies,-78.7893,35.9081,209.0667,-3.5420,-33.7476,-27.9117,0.5095,-0.1529,-0.8468,0.9980,743,26.981932,1.2121,0.3591
BiancaGolden_GrandPlies,-79.0048,36.2071,209.3023,-3.7210,-33.1046,-26.9114,0.5271,-0.1468,-0.8370,0.9980,744,26.996786,1.2100,0.3621
BiancaGolden_GrandPlies,-79.1903,36.5309,209.5465,-4.1982,-32.1215,-25.8538,0.5433,-0.1305,-0.8294,0.9980,744,27.011520,1.2081,0.3653
BiancaGolden_GrandPlies,-79.4470,36.8372,209.8759,-4.8975,-30.9899,-24.6252,0.5599,-0.1250,-0.8191,0.9980,745,27.025618,1.2055,0.3684
BiancaGolden_GrandPlies,-79.7479,37.1177,210.2354,-5.2953,-29.9909,-23.7159,0.5720,-0.1210,-0.8113,0.9980,745,27.038267,1.2025,0.3712
BiancaGolden_GrandPlies,-80.1445,37.3299,210.5699,-5.4087,-29.2236,-22.9539,0.5805,-0.1191,-0.8055,0.9980,745,27.053593,1.1986,0.3733
BiancaGolden_GrandPlies,-80.6058,37.5374,210.8712,-5.2252,-28.6634,-22.3119,0.5963,-0.1354,-0.7913,0.9980,746,27.066074,1.1939,0.3754
BiancaGolden_GrandPlies,-81.0889,37.7336,211.1301,-4.9203,-28.2698,-21.8393,0.5769,-0.1568,-0.8016,0.9980,746,27.080154,1.1891,0.3773
BiancaGolden_GrandPlies,-81.5641,37.8909,211.3815,-4.6749,-27.9446,-21.4136,0.5787,-0.1570,-0.8003,0.9980,747,27.095207,1.1844,0.3789
BiancaGolden_GrandPlies,-82.0580,38.0390,211.6040,-4.4483,-27.5583,-21.1917,0.5827,-0.1581,-0.7971,0.9980,747,27.107765,1.1794,0.3804
BiancaGolden_GrandPlies,-82.5773,38.1208,211.7998,-4.2182,-27.2469,-21.0219,0.5670,-0.1533,-0.8093,0.9980,748,27.122173,1.1742,0.3812
BiancaGolden_GrandPlies,-83.1181,38.1962,211.9327,-3.8788,-26.9488,-21.0284,0.5610,-0.1651,-0.8112,0.9980,748,27.135733,1.1688,0.3820
BiancaGolden_GrandPlies,-83.6877,38.2382,212.0165,-3.5536,-26.7053,-20.9752,0.5565,-0.1660,-0.8141,0.9980,748,27.151012,1.1631,0.3824
BiancaGolden_GrandPlies,-84.2769,38.3048,212.0446,-3.1917,-26.4112,-20.9688,0.5592,-0.1680,-0.8118,0.9980,749,27.163496,1.1572,0.3830
BiancaGolden_GrandPlies,-84.8845,38.3246,211.9861,-2.8966,-26.1759,-20.8480,0.5510,-0.1603,-0.8189,0.9980,749,27.177034,1.1512,0.3832
BiancaGolden_GrandPlies,-85.5225,38.3460,211.9062,-2.7098,-26.0009,-20.5796,0.5527,-0.1584,-0.8182,0.9980,750,27.192163,1.1448,0.3835
BiancaGolden_GrandPlies,-86.1579,38.3512,211.8265,-2.6242,-25.8973,-20.3151,0.5445,-0.1634,-0.8227,0.9980,750,27.205605,1.1384,0.3835
BiancaGolden_GrandPlies,-86.8329,38.3157,211.6709,-2.6349,-25.7957,-20.0208,0.5456,-0.1616,-0.8223,0.9980,750,27.220011,1.1317,0.3832
BiancaGolden_GrandPlies,-87.5567,38.2483,211.4919,-2.5435,-25.7547,-19.7346,0.5368,-0.1584,-0.8287,0.9980,751,27.233406,1.1244,0.3825
BiancaGolden_GrandPlies,-88.3269,38.1507,211.2369,-2.3038,-25.7512,-19.4272,0.5363,-0.1579,-0.8291,0.9980,751,27.250721,1.1167,0.3815
BiancaGolden_GrandPlies,-89.0772,38.0396,210.9956,-2.0439,-25.7830,-19.1570,0.5356,-0.1565,-0.8299,0.9980,752,27.262329,1.1092,0.3804
BiancaGolden_GrandPlies,-89.8206,37.8956,210.7818,-1.7620,-25.7534,-18.7927,0.5333,-0.1613,-0.8304,0.9980,752,27.275473,1.1018,0.3790
BiancaGolden_GrandPlies,-90.5461,37.7068,210.6294,-1.4650,-25.7022,-18.3565,0.5361,-0.1604,-0.8288,0.9980,753,27.289770,1.0945,0.3771
BiancaGolden_GrandPlies,-91.2897,37.4727,210.4473,-1.0825,-25.5374,-17.8368,0.5389,-0.1536,-0.8282,0.9980,753,27.303507,1.0871,0.3747
BiancaGolden_GrandPlies,-92.0787,37.2337,210.2427,-0.5422,-25.3724,-17.3045,0.5413,-0.1538,-0.8266,0.9980,753,27.317898,1.0792,0.3723
BiancaGolden_GrandPlies,-92.8650,36.9670,210.0480,0.0347,-25.1999,-16.7293,0.5403,-0.1514,-0.8277,0.9980,754,27.331060,1.0714,0.3697
BiancaGolden_GrandPlies,-93.5663,36.6857,210.0754,0.4473,-25.3049,-16.1445,0.5404,-0.1450,-0.8288,0.9980,754,27.343845,1.0643,0.3669
BiancaGolden_GrandPlies,-94.1049,36.3114,210.3897,0.6935,-25.4174,-15.5805,0.5443,-0.1409,-0.8270,0.9980,755,27.358957,1.0590,0.3631
BiancaGolden_GrandPlies,-94.7451,35.9787,210.5555,0.6609,-25.2293,-15.1002,0.5377,-0.1340,-0.8324,0.9980,755,27.372898,1.0525,0.3598
BiancaGolden_GrandPlies,-95.6891,35.7840,210.3995,0.4284,-25.7871,-14.8455,0.5279,-0.1292,-0.8394,0.9980,755,27.388590,1.0431,0.3578
BiancaGolden_GrandPlies,-96.6106,35.5581,210.1457,0.4281,-26.1892,-14.6134,0.5217,-0.1257,-0.8438,0.9980,756,27.400806,1.0339,0.3556
BiancaGolden_GrandPlies,-97.4390,35.3533,210.0785,0.4621,-26.6595,-14.3946,0.5321,-0.1265,-0.8372,0.9980,756,27.414673,1.0256,0.3535
BiancaGolden_GrandPlies,-98.1393,35.1521,210.2388,0.5202,-26.7790,-14.1559,0.5371,-0.1262,-0.8340,0.9980,757,27.429670,1.0186,0.3515
BiancaGolden_GrandPlies,-98.6884,34.9673,210.6376,0.6416,-26.5546,-13.9722,0.5422,-0.1257,-0.8308,0.9980,757,27.443291,1.0131,0.3497
BiancaGolden_GrandPlies,-99.3358,34.7827,210.8969,0.7477,-26.2736,-13.6738,0.5473,-0.1255,-0.8275,0.9980,758,27.456919,1.0066,0.3478
BiancaGolden_GrandPlies,-99.9891,34.6290,211.1129,0.9059,-25.8790,-13.4174,0.5587,-0.1376,-0.8179,0.9980,758,27.470589,1.0001,0.3463
BiancaGolden_GrandPlies,-100.6283,34.4697,211.3307,1.1248,-25.4999,-13.1836,0.5649,-0.1411,-0.8130,0.9980,758,27.485811,0.9937,0.3447
BiancaGolden_GrandPlies,-101.2032,34.3170,211.5919,1.3736,-25.0271,-12.9572,0.5699,-0.1434,-0.8091,0.9980,759,27.498358,0.9880,0.3432
BiancaGolden_GrandPlies,-101.7701,34.1717,211.8189,1.4968,-24.6434,-12.7262,0.5738,-0.1405,-0.8068,0.9980,759,27.512909,0.9823,0.3417
BiancaGolden_GrandPlies,-102.3188,34.0457,212.0342,1.5554,-24.3432,-12.5215,0.5787,-0.1401,-0.8034,0.9980,760,27.527515,0.9768,0.3405
BiancaGolden_GrandPlies,-102.7965,33.9407,212.2480,1.6121,-24.0147,-12.3375,0.5793,-0.1403,-0.8029,0.9980,760,27.539995,0.9720,0.3394
BiancaGolden_GrandPlies,-103.2655,33.8428,212.4914,1.6918,-23.7855,-12.0581,0.5827,-0.1359,-0.8013,0.9980,760,27.554327,0.9673,0.3384
BiancaGolden_GrandPlies,-103.7125,33.7669,212.7178,1.7736,-23.6369,-11.7366,0.5924,-0.1091,-0.7982,0.9980,761,27.568541,0.9629,0.3377
BiancaGolden_GrandPlies,-104.1256,33.6959,212.8874,1.7684,-23.5286,-11.3756,0.5970,-0.1070,-0.7951,0.9980,761,27.581036,0.9587,0.3370
BiancaGolden_GrandPlies,-104.4916,33.6277,213.0212,1.7917,-23.3137,-11.0508,0.6015,-0.1062,-0.7918,0.9980,762,27.596014,0.9551,0.3363
BiancaGolden_GrandPlies,-104.8527,33.5545,213.1236,1.8922,-23.0249,-10.7476,0.6047,-0.1052,-0.7895,0.9980,762,27.609707,0.9515,0.3355
BiancaGolden_GrandPlies,-105.2127,33.4817,213.1730,1.9945,-22.7842,-10.4193,0.6056,-0.1030,-0.7891,0.9980,763,27.624386,0.9479,0.3348
BiancaGolden_GrandPlies,-105.5819,33.4259,213.2078,2.0890,-22.7497,-10.1328,0.6048,-0.1002,-0.7900,0.9980,763,27.637661,0.9442,0.3343
BiancaGolden_GrandPlies,-105.8780,33.3583,213.2547,2.1440,-22.8293,-9.8267,0.5969,-0.0916,-0.7971,0.9980,763,27.651829,0.9412,0.3336
BiancaGolden_GrandPlies,-106.1291,33.3067,213.3019,2.1621,-22.8380,-9.5767,0.5957,-0.0892,-0.7983,0.9980,764,27.665440,0.9387,0.3331
BiancaGolden_GrandPlies,-106.3757,33.2537,213.3017,2.1832,-22.7597,-9.3454,0.5972,-0.0872,-0.7974,0.9980,764,27.678593,0.9362,0.3325
BiancaGolden_GrandPlies,-106.5976,33.1921,213.2744,2.2169,-22.6328,-9.1448,0.5996,-0.0849,-0.7958,0.9980,765,27.693901,0.9340,0.3319
BiancaGolden_GrandPlies,-106.7952,33.1353,213.2423,2.1177,-22.4618,-8.9343,0.5991,-0.0845,-0.7962,0.9980,765,27.707466,0.9320,0.3314
BiancaGolden_GrandPlies,-106.9781,33.0996,213.1799,1.9593,-22.3060,-8.7717,0.6029,-0.0904,-0.7927,0.9980,765,27.721493,0.9302,0.3310
BiancaGolden_GrandPlies,-107.1487,33.0683,213.0590,1.7534,-22.1845,-8.5923,0.6044,-0.0865,-0.7920,0.9980,766,27.736242,0.9285,0.3307
BiancaGolden_GrandPlies,-107.3274,33.0606,212.9196,1.4500,-22.1122,-8.4325,0.6054,-0.0834,-0.7915,0.9980,766,27.753082,0.9267,0.3306
BiancaGolden_GrandPlies,-107.5210,33.0428,212.7694,1.2176,-22.0936,-8.2508,0.6064,-0.0796,-0.7912,0.9980,767,27.764931,0.9248,0.3304
BiancaGolden_GrandPlies,-107.6785,33.0420,212.6027,0.9547,-22.0632,-8.1050,0.6102,-0.1005,-0.7858,0.9980,767,27.777393,0.9232,0.3304
BiancaGolden_GrandPlies,-107.8654,33.0396,212.3992,0.7071,-21.9546,-8.0119,0.6113,-0.0975,-0.7854,0.9980,768,27.791260,0.9213,0.3304
BiancaGolden_GrandPlies,-108.0490,33.0661,212.2113,0.4022,-21.8981,-7.9660,0.6132,-0.0947,-0.7842,0.9980,768,27.804192,0.9195,0.3307
BiancaGolden_GrandPlies,-108.2146,33.1012,212.0546,0.0997,-21.7935,-7.9265,0.6151,-0.1028,-0.7818,0.9980,768,27.818747,0.9179,0.3310
BiancaGolden_GrandPlies,-108.4042,33.1547,211.8757,-0.1267,-21.6545,-7.8369,0.6058,-0.1223,-0.7861,0.9980,769,27.832424,0.9160,0.3315
BiancaGolden_GrandPlies,-108.5469,33.2477,211.7650,-0.4649,-21.5766,-7.7656,0.6069,-0.1183,-0.7859,0.9980,769,27.845848,0.9145,0.3325
BiancaGolden_GrandPlies,-108.6826,33.3438,211.6582,-0.8568,-21.4730,-7.6994,0.6049,-0.1142,-0.7880,0.9980,770,27.861099,0.9132,0.3334
BiancaGolden_GrandPlies,-108.8615,33.4095,211.5804,-1.1737,-21.6552,-7.6141,0.6034,-0.0955,-0.7917,0.9980,770,27.874100,0.9114,0.3341
BiancaGolden_GrandPlies,-108.9942,33.4536,211.5202,-1.2768,-21.9790,-7.4907,0.5906,-0.0922,-0.8017,0.9980,770,27.888531,0.9101,0.3345
BiancaGolden_GrandPlies,-109.0632,33.5096,211.5106,-1.3247,-22.4556,-7.3975,0.5769,-0.1007,-0.8106,0.9980,771,27.902155,0.9094,0.3351
BiancaGolden_GrandPlies,-109.2205,33.5859,211.4900,-1.4469,-22.9608,-7.2990,0.5657,-0.0981,-0.8188,0.9980,771,27.915466,0.9078,0.3359
BiancaGolden_GrandPlies,-109.5028,33.6442,211.3250,-1.3831,-23.6833,-7.1187,0.5570,-0.0924,-0.8254,0.9980,772,27.930340,0.9050,0.3364
BiancaGolden_GrandPlies,-109.8444,33.6779,211.1186,-1.1943,-24.3518,-6.8944,0.5565,-0.0935,-0.8256,0.9980,772,27.943916,0.9016,0.3368
BiancaGolden_GrandPlies,-110.1663,33.6884,211.0079,-0.8961,-24.8162,-6.7266,0.5530,-0.0947,-0.8278,0.9980,773,27.959385,0.8983,0.3369
BiancaGolden_GrandPlies,-110.4984,33.6687,210.9517,-0.5930,-25.0778,-6.5720,0.5545,-0.0956,-0.8267,0.9980,773,27.972885,0.8950,0.3367
BiancaGolden_GrandPlies,-110.8609,33.6256,210.9231,-0.2980,-25.1993,-6.4320,0.5578,-0.1040,-0.8234,0.9980,773,27.986515,0.8914,0.3363
BiancaGolden_GrandPlies,-111.2154,33.5526,210.9220,-0.3191,-25.2989,-6.3466,0.5541,-0.0994,-0.8265,0.9980,774,28.000578,0.8878,0.3355
BiancaGolden_GrandPlies,-111.5894,33.4830,211.1416,-0.4534,-25.6157,-6.2557,0.5584,-0.0987,-0.8237,0.9980,774,28.013699,0.8841,0.3348
BiancaGolden_GrandPlies,-111.8781,33.4088,211.4233,-0.8149,-25.6634,-6.2485,0.5616,-0.0951,-0.8219,0.9980,775,28.027723,0.8812,0.3341
BiancaGolden_GrandPlies,-112.3052,33.2953,211.5361,-1.1098,-25.4665,-6.1017,0.5632,-0.1067,-0.8194,0.9980,775,28.041737,0.8769,0.3330
BiancaGolden_GrandPlies,-112.7640,33.1671,211.5822,-1.1927,-25.3208,-5.8935,0.5675,-0.1129,-0.8156,0.9980,776,28.055889,0.8724,0.3317
BiancaGolden_GrandPlies,-113.1903,33.0087,211.7212,-1.2050,-25.1456,-5.6543,0.5707,-0.1094,-0.8138,0.9980,776,28.069580,0.8681,0.3301
BiancaGolden_GrandPlies,-113.5895,32.8420,211.9677,-1.3139,-24.9631,-5.3734,0.5793,-0.1056,-0.8083,0.9980,776,28.084763,0.8641,0.3284
BiancaGolden_GrandPlies,-113.9822,32.6411,212.2102,-1.5070,-24.8304,-5.0783,0.5805,-0.1017,-0.8079,0.9980,777,28.098095,0.8602,0.3264
BiancaGolden_GrandPlies,-114.4307,32.4297,212.4014,-1.6064,-24.7756,-4.7705,0.5851,-0.1103,-0.8034,0.9980,777,28.110788,0.8557,0.3243
BiancaGolden_GrandPlies,-114.8725,32.1620,212.6123,-1.6721,-24.8412,-4.4550,0.5855,-0.1066,-0.8036,0.9980,778,28.125681,0.8513,0.3216
BiancaGolden_GrandPlies,-115.2987,31.8956,212.8286,-1.7892,-24.8491,-4.1905,0.5853,-0.1038,-0.8041,0.9980,778,28.139126,0.8470,0.3190
BiancaGolden_GrandPlies,-115.7255,31.6181,212.9995,-2.0169,-24.9257,-3.9764,0.5908,-0.1028,-0.8002,0.9980,778,28.153742,0.8427,0.3162
BiancaGolden_GrandPlies,-116.1457,31.3393,213.0999,-2.2677,-25.0141,-3.7461,0.5891,-0.1014,-0.8017,0.9980,779,28.167839,0.8385,0.3134
BiancaGolden_GrandPlies,-116.5561,31.0388,213.1813,-2.4851,-25.1450,-3.5031,0.5814,-0.0963,-0.8079,0.9980,779,28.180874,0.8344,0.3104
BiancaGolden_GrandPlies,-116.9487,30.7526,213.2372,-2.6903,-25.2525,-3.2477,0.5790,-0.0908,-0.8102,0.9980,780,28.195938,0.8305,0.3075
BiancaGolden_GrandPlies,-117.3623,30.4780,213.2929,-2.9829,-25.4142,-3.0186,0.5749,-0.0859,-0.8137,0.9980,780,28.210073,0.8264,0.3048
BiancaGolden_GrandPlies,-117.7984,30.2271,213.3431,-3.4720,-25.7504,-2.8180,0.5655,-0.0799,-0.8209,0.9980,781,28.223289,0.8220,0.3023
BiancaGolden_GrandPlies,-118.2541,29.9760,213.3676,-3.9615,-26.2210,-2.6044,0.5663,-0.0761,-0.8207,0.9980,781,28.236870,0.8175,0.2998
BiancaGolden_GrandPlies,-118.7542,29.6998,213.3634,-4.2622,-26.6628,-2.4111,0.5581,-0.0904,-0.8248,0.9980,781,28.254631,0.8125,0.2970
BiancaGolden_GrandPlies,-119.2642,29.3942,213.3009,-4.1812,-27.0951,-2.0766,0.5592,-0.0864,-0.8245,0.9980,782,28.264975,0.8074,0.2939
BiancaGolden_GrandPlies,-119.7114,29.1075,213.3184,-4.0786,-27.3441,-1.7517,0.5586,-0.0836,-0.8252,0.9980,782,28.278049,0.8029,0.2911
BiancaGolden_GrandPlies,-120.1326,28.7965,213.3628,-3.8437,-27.4241,-1.2870,0.5820,-0.0900,-0.8082,0.9980,783,28.293016,0.7987,0.2880
BiancaGolden_GrandPlies,-120.5508,28.4933,213.3640,-3.7738,-27.4446,-0.8242,0.6414,-0.0912,-0.7618,0.9980,783,28.306427,0.7945,0.2849
BiancaGolden_GrandPlies,-120.9316,28.1868,213.2950,-3.7423,-27.3844,-0.3440,0.6510,-0.0844,-0.7544,0.9980,783,28.320789,0.7907,0.2819
BiancaGolden_GrandPlies,-121.3573,27.8633,213.2672,-3.7762,-27.3115,0.2194,0.7486,0.0973,-0.6558,0.9980,784,28.334162,0.7864,0.2786
BiancaGolden_GrandPlies,-121.7390,27.5340,213.2102,-3.8276,-27.2750,0.7481,0.8250,0.1063,-0.5551,0.9980,784,28.348644,0.7826,0.2753
BiancaGolden_GrandPlies,-122.1509,27.1795,213.1097,-3.6526,-27.1710,1.1872,0.8229,0.1119,-0.5571,0.9980,785,28.362478,0.7785,0.2718
BiancaGolden_GrandPlies,-122.5114,26.8372,213.1088,-3.3537,-27.2846,1.6213,0.8233,0.1174,-0.5554,0.9980,785,28.376282,0.7749,0.2684
BiancaGolden_GrandPlies,-122.7429,26.5006,213.1171,-2.9956,-27.1297,2.0484,0.6928,0.0634,-0.7183,0.9980,786,28.390747,0.7726,0.2650
BiancaGolden_GrandPlies,-122.9478,26.1620,213.1088,-2.6493,-26.7731,2.4978,0.6347,-0.0348,-0.7720,0.9980,786,28.404087,0.7705,0.2616
BiancaGolden_GrandPlies,-123.1780,25.8552,213.0657,-2.4085,-26.4289,2.8865,0.6388,-0.0837,-0.7648,0.9980,786,28.419582,0.7682,0.2586
BiancaGolden_GrandPlies,-123.3748,25.5002,212.9499,-2.2298,-26.0284,3.2520,0.6889,-0.0818,-0.7202,0.9980,787,28.432741,0.7663,0.2550
BiancaGolden_GrandPlies,-123.6523,25.1818,212.8207,-1.9556,-26.1080,3.5223,0.6860,-0.0790,-0.7233,0.9980,787,28.445335,0.7635,0.2518
BiancaGolden_GrandPlies,-123.9506,24.8213,212.6368,-1.7056,-26.4111,3.9014,0.6794,-0.0749,-0.7300,0.9980,788,28.460453,0.7605,0.2482
BiancaGolden_GrandPlies,-124.2625,24.4749,212.4782,-1.4760,-27.0038,4.2864,0.6613,-0.0724,-0.7466,0.9980,788,28.473585,0.7574,0.2447
BiancaGolden_GrandPlies,-124.5262,24.1690,212.3870,-1.5280,-27.5682,4.5483,0.6492,-0.0916,-0.7551,0.9980,788,28.488573,0.7547,0.2417
BiancaGolden_GrandPlies,-124.8060,23.8676,212.3147,-1.8295,-28.0049,4.7020,0.6380,-0.0900,-0.7648,0.9980,789,28.501724,0.7519,0.2387
BiancaGolden_GrandPlies,-125.0854,23.5662,212.1893,-2.0097,-28.2140,4.8860,0.6382,-0.0871,-0.7649,0.9980,789,28.515333,0.7491,0.2357
BiancaGolden_GrandPlies,-125.3582,23.2785,212.1359,-2.0187,-28.1932,5.0475,0.6436,-0.0855,-0.7605,0.9980,790,28.530323,0.7464,0.2328
BiancaGolden_GrandPlies,-125.5386,23.0426,212.2206,-1.9212,-27.8151,5.2066,0.6587,-0.0816,-0.7479,0.9980,790,28.543674,0.7446,0.2304
BiancaGolden_GrandPlies,-125.7120,22.8316,212.3041,-1.9153,-27.1428,5.3499,0.6727,-0.0789,-0.7357,0.9980,791,28.558352,0.7429,0.2283
BiancaGolden_GrandPlies,-125.9770,22.6297,212.3579,-1.9289,-26.5046,5.5111,0.6861,-0.0611,-0.7250,0.9980,791,28.571802,0.7402,0.2263
BiancaGolden_GrandPlies,-126.2428,22.4362,212.4227,-1.8050,-26.1968,5.6185,0.6868,-0.0667,-0.7238,0.9980,791,28.586105,0.7376,0.2244
BiancaGolden_GrandPlies,-126.5454,22.2443,212.4911,-1.5778,-26.1742,5.7700,0.6835,-0.0618,-0.7274,0.9980,792,28.601257,0.7345,0.2224
BiancaGolden_GrandPlies,-126.8468,22.0732,212.5365,-1.2472,-26.3291,5.9154,0.6812,-0.0621,-0.7294,0.9980,792,28.615217,0.7315,0.2207
BiancaGolden_GrandPlies,-127.1775,21.8984,212.6115,-0.9786,-26.5512,6.0487,0.6714,-0.0671,-0.7380,0.9980,793,28.629158,0.7282,0.2190
BiancaGolden_GrandPlies,-127.5432,21.7581,212.7108,-0.8821,-26.9190,6.1566,0.6630,-0.0624,-0.7460,0.9980,793,28.642691,0.7246,0.2176
BiancaGolden_GrandPlies,-127.8986,21.6377,212.8080,-1.0093,-27.2227,6.1552,0.6587,-0.0627,-0.7498,0.9980,794,28.656752,0.7210,0.2164
BiancaGolden_GrandPlies,-128.2553,21.5291,212.9295,-1.2424,-27.4370,6.1298,0.6562,-0.0519,-0.7528,0.9980,794,28.670031,0.7174,0.2153
BiancaGolden_GrandPlies,-128.5909,21.4486,213.0947,-1.4757,-27.4866,6.0576,0.6580,-0.0500,-0.7514,0.9980,794,28.684048,0.7141,0.2145
BiancaGolden_GrandPlies,-128.9355,21.3888,213.2692,-1.7014,-27.3467,5.9738,0.6617,-0.0488,-0.7482,0.9980,795,28.697689,0.7106,0.2139
BiancaGolden_GrandPlies,-129.2661,21.3416,213.4475,-1.8572,-26.9966,5.9516,0.6692,-0.0475,-0.7416,0.9980,795,28.711296,0.7073,0.2134
BiancaGolden_GrandPlies,-129.6081,21.3097,213.5153,-1.9167,-26.4054,5.9560,0.6764,-0.0497,-0.7349,0.9980,796,28.725906,0.7039,0.2131
BiancaGolden_GrandPlies,-129.9876,21.2904,213.5222,-1.9398,-25.8465,6.0017,0.6717,-0.0569,-0.7386,0.9980,796,28.739302,0.7001,0.2129
BiancaGolden_GrandPlies,-130.3818,21.2838,213.5258,-2.0270,-25.4202,6.0411,0.6782,-0.0560,-0.7328,0.9980,797,28.757200,0.6962,0.2128
BiancaGolden_GrandPlies,-130.7408,21.3169,213.5204,-2.1388,-25.1150,6.0094,0.6778,-0.0567,-0.7331,0.9980,797,28.767956,0.6926,0.2132
BiancaGolden_GrandPlies,-131.0805,21.3197,213.5374,-2.1127,-24.9245,5.9512,0.6814,-0.0590,-0.7295,0.9980,797,28.781065,0.6892,0.2132
BiancaGolden_GrandPlies,-131.3750,21.3642,213.5099,-2.0126,-24.6584,5.8169,0.6850,-0.0621,-0.7259,0.9980,798,28.794334,0.6862,0.2136
BiancaGolden_GrandPlies,-131.7195,21.4004,213.4195,-1.8493,-24.3678,5.6724,0.6802,-0.0619,-0.7304,0.9980,798,28.807280,0.6828,0.2140
BiancaGolden_GrandPlies,-132.0331,21.4848,213.2941,-1.7671,-24.0630,5.5032,0.6779,-0.0602,-0.7327,0.9980,799,28.822220,0.6797,0.2148
BiancaGolden_GrandPlies,-132.3441,21.5696,213.0611,-1.7523,-23.7176,5.3618,0.6797,-0.0612,-0.7310,0.9980,799,28.835911,0.6766,0.2157
BiancaGolden_GrandPlies,-132.7630,21.6576,212.8166,-1.8483,-23.5512,5.2036,0.6796,-0.0655,-0.7307,0.9980,799,28.850441,0.6724,0.2166
BiancaGolden_GrandPlies,-133.1511,21.7691,212.5240,-1.9827,-23.5205,4.9846,0.6795,-0.0662,-0.7307,0.9980,800,28.864063,0.6685,0.2177
BiancaGolden_GrandPlies,-133.5249,21.8646,212.1977,-2.1244,-23.4973,4.8425,0.6772,-0.0677,-0.7327,0.9980,800,28.877169,0.6648,0.2186
BiancaGolden_GrandPlies,-133.8777,22.0313,212.0060,-2.3009,-23.4473,4.6426,0.6727,-0.0685,-0.7367,0.9980,801,28.891640,0.6612,0.2203
BiancaGolden_GrandPlies,-134.2227,22.1840,211.8140,-2.4821,-23.2970,4.4879,0.6706,-0.0722,-0.7383,0.9980,801,28.904964,0.6578,0.2218
BiancaGolden_GrandPlies,-134.6495,22.3193,211.5298,-2.6396,-23.0849,4.4199,0.6700,-0.0725,-0.7388,0.9980,801,28.919741,0.6535,0.2232
BiancaGolden_GrandPlies,-135.0900,22.4235,211.1878,-2.6760,-23.0763,4.3938,0.6747,-0.0722,-0.7345,0.9980,802,28.932755,0.6491,0.2242
BiancaGolden_GrandPlies,-135.4788,22.4981,210.9708,-2.7202,-23.3731,4.4027,0.6741,-0.0788,-0.7344,0.9980,802,28.946430,0.6452,0.2250
BiancaGolden_GrandPlies,-135.6390,22.6086,211.0495,-2.9196,-23.7302,4.1731,0.6700,-0.0815,-0.7379,0.9980,803,28.961710,0.6436,0.2261
BiancaGolden_GrandPlies,-135.8518,22.6962,211.1506,-3.2360,-23.9008,3.8068,0.6595,-0.0855,-0.7468,0.9980,803,28.975443,0.6415,0.2270
BiancaGolden_GrandPlies,-136.2990,22.7156,211.0340,-3.2079,-24.7844,3.4900,0.6522,-0.0874,-0.7530,0.9980,804,28.989517,0.6370,0.2272
BiancaGolden_GrandPlies,-136.7081,22.7162,210.8635,-2.7150,-25.4286,3.4102,0.6564,-0.0819,-0.7500,0.9980,804,29.003723,0.6329,0.2272
BiancaGolden_GrandPlies,-136.9894,22.7381,210.9790,-2.1261,-25.6163,3.5812,0.6605,-0.0777,-0.7468,0.9980,804,29.016844,0.6301,0.2274
BiancaGolden_GrandPlies,-137.2099,22.7378,211.2744,-1.8007,-25.6042,3.7546,0.6662,-0.0761,-0.7418,0.9980,805,29.030418,0.6279,0.2274
BiancaGolden_GrandPlies,-137.4705,22.6829,211.6837,-1.6000,-25.1769,3.9830,0.6674,-0.0751,-0.7409,0.9980,805,29.043701,0.6253,0.2268
BiancaGolden_GrandPlies,-137.8619,22.5772,211.9256,-1.5714,-24.9889,4.1080,0.6727,-0.0811,-0.7354,0.9980,806,29.059059,0.6214,0.2258
BiancaGolden_GrandPlies,-138.2949,22.4157,212.1479,-1.4329,-24.8355,4.2346,0.6857,-0.0860,-0.7228,0.9980,806,29.072830,0.6171,0.2242
BiancaGolden_GrandPlies,-138.6268,22.2751,212.4222,-1.3074,-24.6393,4.2459,0.6920,-0.0858,-0.7168,0.9980,806,29.086672,0.6137,0.2228
BiancaGolden_GrandPlies,-138.8769,22.1316,212.7160,-1.3903,-24.1373,4.1761,0.6999,-0.0844,-0.7092,0.9980,807,29.100172,0.6112,0.2213
BiancaGolden_GrandPlies,-139.1133,22.0017,213.0849,-1.5219,-23.5010,4.1279,0.7080,-0.0825,-0.7013,0.9980,807,29.113771,0.6089,0.2200
BiancaGolden_GrandPlies,-139.3541,21.8484,213.2797,-1.5602,-22.8826,4.1964,0.7139,-0.0761,-0.6961,0.9980,808,29.128380,0.6065,0.2185
BiancaGolden_GrandPlies,-139.6260,21.6868,213.4139,-1.5619,-22.4263,4.3450,0.7188,-0.0750,-0.6911,0.9980,808,29.141937,0.6037,0.2169
BiancaGolden_GrandPlies,-139.8696,21.5265,213.5201,-1.4898,-22.0224,4.4540,0.7191,-0.0732,-0.6910,0.9980,809,29.156424,0.6013,0.2153
BiancaGolden_GrandPlies,-140.1731,21.3532,213.5055,-1.4650,-22.0308,4.5901,0.7186,-0.0737,-0.6915,0.9980,809,29.169712,0.5983,0.2135
BiancaGolden_GrandPlies,-140.4478,21.1643,213.4915,-1.4281,-22.2159,4.7000,0.7083,-0.0734,-0.7021,0.9980,809,29.184126,0.5955,0.2116
BiancaGolden_GrandPlies,-140.6935,20.9415,213.4446,-1.3347,-22.5321,4.8729,0.7052,-0.0730,-0.7053,0.9980,810,29.197660,0.5931,0.2094
BiancaGolden_GrandPlies,-140.9623,20.7004,213.3959,-1.2542,-22.8038,4.9713,0.7016,-0.0733,-0.7088,0.9980,810,29.211704,0.5904,0.2070
BiancaGolden_GrandPlies,-141.2163,20.4520,213.3376,-1.2276,-23.0629,5.0518,0.6878,-0.0822,-0.7213,0.9980,811,29.226032,0.5878,0.2045
BiancaGolden_GrandPlies,-141.4559,20.1705,213.2467,-1.3074,-23.1950,5.0281,0.6885,-0.0830,-0.7205,0.9980,811,29.239695,0.5854,0.2017
BiancaGolden_GrandPlies,-141.6956,19.8599,213.1560,-1.4271,-23.1134,4.9645,0.6985,-0.0827,-0.7108,0.9980,812,29.257341,0.5830,0.1986
BiancaGolden_GrandPlies,-141.9676,19.5258,213.0354,-1.4600,-22.7291,4.8953,0.7052,-0.0831,-0.7042,0.9980,812,29.267941,0.5803,0.1953
BiancaGolden_GrandPlies,-142.2689,19.1379,212.8841,-1.2998,-22.2126,4.9097,0.7158,-0.0714,-0.6947,0.9980,812,29.281826,0.5773,0.1914
BiancaGolden_GrandPlies,-142.5691,18.7355,212.7367,-1.1303,-21.5916,4.9848,0.7264,-0.0699,-0.6837,0.9980,813,29.295263,0.5743,0.1874
BiancaGolden_GrandPlies,-142.8455,18.2912,212.6140,-1.0019,-20.8217,5.0338,0.7381,-0.0637,-0.6717,0.9980,813,29.308535,0.5715,0.1829
BiancaGolden_GrandPlies,-143.1408,17.8224,212.4779,-0.9512,-20.0741,5.0945,0.7453,-0.0624,-0.6638,0.9980,814,29.323528,0.5686,0.1782
BiancaGolden_GrandPlies,-143.4689,17.2915,212.3534,-0.8221,-19.4870,5.1936,0.7468,-0.0618,-0.6622,0.9980,814,29.337095,0.5653,0.1729
BiancaGolden_GrandPlies,-143.8796,16.7180,212.2159,-0.6493,-19.1471,5.3353,0.7459,-0.0584,-0.6634,0.9980,814,29.351097,0.5612,0.1672
BiancaGolden_GrandPlies,-144.3306,16.1015,212.0621,-0.5014,-19.1782,5.4803,0.7436,-0.0572,-0.6662,0.9980,815,29.365330,0.5567,0.1610
BiancaGolden_GrandPlies,-144.8042,15.4572,211.8510,-0.4671,-19.3974,5.6077,0.7353,-0.0563,-0.6754,0.9980,815,29.378017,0.5520,0.1546
BiancaGolden_GrandPlies,-145.2535,14.7947,211.6806,-0.4622,-19.6121,5.7379,0.7261,-0.0624,-0.6847,0.9980,816,29.392591,0.5475,0.1479
BiancaGolden_GrandPlies,-145.6523,14.0755,211.5773,-0.4397,-19.8479,5.9563,0.7191,-0.0604,-0.6923,0.9980,816,29.406130,0.5435,0.1408
BiancaGolden_GrandPlies,-146.0324,13.3679,211.5271,-0.3729,-19.9369,6.2015,0.7174,-0.0624,-0.6939,0.9980,816,29.420689,0.5397,0.1337
BiancaGolden_GrandPlies,-146.3580,12.6507,211.5376,-0.4164,-20.0979,6.4424,0.7155,-0.0456,-0.6971,0.9980,817,29.434029,0.5364,0.1265
BiancaGolden_GrandPlies,-146.6115,11.9481,211.6976,-0.6192,-20.2305,6.6822,0.7171,-0.0426,-0.6957,0.9980,817,29.447817,0.5339,0.1195
BiancaGolden_GrandPlies,-146.8775,11.2342,211.7596,-0.7938,-20.0890,6.8050,0.7225,-0.0394,-0.6902,0.9980,818,29.462826,0.5312,0.1123
BiancaGolden_GrandPlies,-147.2904,10.5057,211.5707,-0.8075,-20.0399,6.9149,0.7169,-0.0356,-0.6963,0.9980,818,29.476072,0.5271,0.1051
BiancaGolden_GrandPlies,-147.5945,9.8140,211.4633,-0.7785,-20.1034,7.0535,0.7186,-0.0285,-0.6948,0.9980,819,29.490456,0.5241,0.0981
BiancaGolden_GrandPlies,-147.8454,9.1541,211.4885,-0.9095,-19.9382,7.2307,0.7193,-0.0214,-0.6944,0.9980,819,29.504473,0.5215,0.0915
BiancaGolden_GrandPlies,-148.1200,8.5359,211.6039,-1.2133,-19.8498,7.4981,0.7253,-0.0113,-0.6883,0.9980,819,29.518232,0.5188,0.0854
BiancaGolden_GrandPlies,-148.4021,7.9034,211.6933,-1.6234,-19.8201,7.9571,0.7238,0.0006,-0.6900,0.9980,820,29.533062,0.5160,0.0790
BiancaGolden_GrandPlies,-148.7006,7.3121,211.7622,-2.2884,-19.8749,8.5978,0.7260,0.0130,-0.6876,0.9980,820,29.545294,0.5130,0.0731
BiancaGolden_GrandPlies,-148.9695,6.7653,211.7698,-3.2001,-19.7305,9.0776,0.7386,0.0085,-0.6741,0.9980,821,29.560890,0.5103,0.0677
BiancaGolden_GrandPlies,-149.2516,6.2238,211.7805,-4.1976,-19.5106,9.6209,0.7627,-0.0139,-0.6466,0.9980,821,29.573677,0.5075,0.0622
BiancaGolden_GrandPlies,-149.4884,5.7245,211.8285,-5.0823,-19.2066,10.1214,0.7744,-0.0026,-0.6326,0.9980,821,29.588064,0.5051,0.0572
BiancaGolden_GrandPlies,-149.7360,5.2520,211.9163,-5.8763,-18.9445,10.5301,0.8159,0.2029,-0.5414,0.9980,822,29.601711,0.5026,0.0525
BiancaGolden_GrandPlies,-149.9776,4.8096,212.0263,-6.4523,-18.8178,10.7740,0.8146,0.2064,-0.5420,0.9980,822,29.614840,0.5002,0.0481
BiancaGolden_GrandPlies,-150.2676,4.3672,212.0997,-6.6429,-18.8702,10.9732,0.8126,0.2094,-0.5439,0.9980,823,29.629929,0.4973,0.0437
BiancaGolden_GrandPlies,-150.5662,3.9522,212.1317,-6.6815,-18.9986,11.1923,0.8106,0.2118,-0.5460,0.9980,823,29.643629,0.4943,0.0395
BiancaGolden_GrandPlies,-150.8631,3.5973,212.1316,-6.7318,-19.1485,11.3603,0.7699,0.1340,-0.6240,0.9980,824,29.658249,0.4914,0.0360
BiancaGolden_GrandPlies,-151.0995,3.2965,212.1875,-6.8633,-19.1909,11.5206,0.7800,-0.0068,-0.6258,0.9980,824,29.671749,0.4890,0.0330
BiancaGolden_GrandPlies,-151.2524,3.0260,212.3167,-7.0670,-18.9660,11.6147,0.8221,-0.0164,-0.5691,0.9980,824,29.685778,0.4875,0.0303
BiancaGolden_GrandPlies,-151.3744,2.8034,212.4882,-7.3265,-18.5163,11.6480,0.8261,-0.0143,-0.5634,0.9980,825,29.699339,0.4863,0.0280
BiancaGolden_GrandPlies,-151.5458,2.5919,212.5617,-7.5062,-18.0724,11.6712,0.8282,-0.0257,-0.5598,0.9980,825,29.712563,0.4845,0.0259
BiancaGolden_GrandPlies,-151.7576,2.4025,212.5746,-7.5649,-17.9233,11.7089,0.8301,-0.0211,-0.5572,0.9980,826,29.727173,0.4824,0.0240
BiancaGolden_GrandPlies,-151.9815,2.2411,212.5335,-7.4919,-17.8991,11.7661,0.8335,-0.0249,-0.5520,0.9980,826,29.741150,0.4802,0.0224
BiancaGolden_GrandPlies,-152.1922,2.1002,212.4670,-7.3219,-17.9860,11.8697,0.8327,-0.0205,-0.5534,0.9980,827,29.759455,0.4781,0.0210
BiancaGolden_GrandPlies,-152.3784,1.9964,212.4229,-7.1268,-18.1295,11.9978,0.8312,-0.0199,-0.5557,0.9980,827,29.769440,0.4762,0.0200
BiancaGolden_GrandPlies,-152.5489,1.9194,212.3974,-7.0683,-18.3019,12.0805,0.8251,-0.0042,-0.5649,0.9980,827,29.783306,0.4745,0.0192
BiancaGolden_GrandPlies,-152.7415,1.8656,212.3359,-7.0808,-18.4549,12.1468,0.8154,-0.0041,-0.5789,0.9980,828,29.797377,0.4726,0.0187
BiancaGolden_GrandPlies,-152.9506,1.8147,212.2334,-7.0759,-18.6535,12.1722,0.8136,-0.0050,-0.5814,0.9980,828,29.809715,0.4705,0.0181
BiancaGolden_GrandPlies,-153.1709,1.7900,212.0791,-7.0055,-18.8374,12.1689,0.8013,-0.0068,-0.5983,0.9980,829,29.824697,0.4683,0.0179
BiancaGolden_GrandPlies,-153.4041,1.7819,211.8842,-6.8347,-19.0339,12.0999,0.8009,-0.0094,-0.5987,0.9980,829,29.838360,0.4660,0.0178
BiancaGolden_GrandPlies,-153.6209,1.7888,211.6867,-6.6401,-19.1093,11.9970,0.8036,-0.0113,-0.5950,0.9980,829,29.851934,0.4638,0.0179
BiancaGolden_GrandPlies,-153.8459,1.8387,211.4684,-6.4690,-19.0586,11.8255,0.8052,-0.0142,-0.5929,0.9980,830,29.865448,0.4615,0.0184
BiancaGolden_GrandPlies,-154.0917,1.8990,211.2060,-6.2649,-18.9453,11.6748,0.8068,-0.0153,-0.5906,0.9980,830,29.878815,0.4591,0.0190
BiancaGolden_GrandPlies,-154.3646,1.9939,210.9373,-6.1322,-18.8268,11.5399,0.8079,-0.0173,-0.5891,0.9980,831,29.894899,0.4564,0.0199
BiancaGolden_GrandPlies,-154.6545,2.0930,210.6423,-6.0295,-18.7376,11.4162,0.8094,-0.0192,-0.5870,0.9980,831,29.907738,0.4535,0.0209
BiancaGolden_GrandPlies,-154.9641,2.2162,210.3438,-5.9212,-18.6933,11.3027,0.8108,-0.0038,-0.5853,0.9980,831,29.921675,0.4504,0.0222
BiancaGolden_GrandPlies,-155.3048,2.3702,210.0446,-5.8831,-18.7133,11.1898,0.8106,-0.0031,-0.5855,0.9980,832,29.934900,0.4470,0.0237
BiancaGolden_GrandPlies,-155.6855,2.5277,209.7022,-5.7917,-18.7590,11.1533,0.8104,-0.0039,-0.5859,0.9980,832,29.948872,0.4431,0.0253
BiancaGolden_GrandPlies,-156.0589,2.6864,209.3735,-5.4793,-18.8430,11.2130,0.8106,-0.0030,-0.5856,0.9980,833,29.963869,0.4394,0.0269
BiancaGolden_GrandPlies,-156.2767,2.8769,209.2933,-5.3252,-18.9033,11.3135,0.8150,-0.0001,-0.5795,0.9980,833,29.977350,0.4372,0.0288
BiancaGolden_GrandPlies,-156.4328,3.1122,209.3381,-5.4081,-18.7273,11.2677,0.8166,0.0043,-0.5772,0.9980,834,29.991512,0.4357,0.0311
BiancaGolden_GrandPlies,-156.7437,3.3453,209.1378,-5.4596,-18.4926,11.3225,0.8133,0.0112,-0.5817,0.9980,834,30.005417,0.4326,0.0335
BiancaGolden_GrandPlies,-157.1954,3.5306,208.8112,-5.1926,-18.6727,11.5323,0.8047,0.0124,-0.5935,0.9980,834,30.019377,0.4280,0.0353
BiancaGolden_GrandPlies,-157.6034,3.7067,208.5204,-4.7045,-19.2419,11.8630,0.8011,0.0131,-0.5984,0.9980,835,30.033384,0.4240,0.0371
BiancaGolden_GrandPlies,-157.9615,3.8850,208.4302,-4.2165,-19.6847,12.1537,0.8001,0.0132,-0.5997,0.9980,835,30.046377,0.4204,0.0389
BiancaGolden_GrandPlies,-158.3031,4.0584,208.4408,-3.8847,-20.2308,12.3617,0.7964,0.0123,-0.6046,0.9980,836,30.061119,0.4170,0.0406
BiancaGolden_GrandPlies,-158.6758,4.2105,208.4940,-3.5854,-20.8573,12.5398,0.7895,0.0098,-0.6137,0.9980,836,30.074888,0.4132,0.0421
BiancaGolden_GrandPlies,-159.1156,4.2984,208.5486,-3.2905,-21.6435,12.6998,0.7844,0.0081,-0.6201,0.9980,837,30.089069,0.4088,0.0430
BiancaGolden_GrandPlies,-159.5359,4.3977,208.5305,-3.0217,-22.1723,12.7290,0.7818,0.0064,-0.6236,0.9980,837,30.102777,0.4046,0.0440
BiancaGolden_GrandPlies,-159.9454,4.4784,208.5869,-2.9386,-22.4445,12.6752,0.7881,-0.0009,-0.6156,0.9980,837,30.116980,0.4005,0.0448
BiancaGolden_GrandPlies,-160.2707,4.5474,208.7417,-3.0703,-22.3286,12.5117,0.8014,-0.0005,-0.5981,0.9980,838,30.130589,0.3973,0.0455
BiancaGolden_GrandPlies,-160.5776,4.6078,208.9587,-3.2287,-21.9766,12.2901,0.8132,-0.0095,-0.5819,0.9980,838,30.143702,0.3942,0.0461
BiancaGolden_GrandPlies,-160.9008,4.5853,209.1842,-3.3576,-21.5371,12.0227,0.8246,-0.0126,-0.5655,0.9980,839,30.158911,0.3910,0.0459
BiancaGolden_GrandPlies,-161.2612,4.5273,209.3326,-3.2735,-21.2779,11.7719,0.8271,-0.0234,-0.5615,0.9980,839,30.172560,0.3874,0.0453
BiancaGolden_GrandPlies,-161.6245,4.4471,209.4696,-3.0403,-21.1792,11.5534,0.8360,-0.0267,-0.5481,0.9980,839,30.186638,0.3838,0.0445
BiancaGolden_GrandPlies,-161.9925,4.3462,209.5849,-2.7780,-21.1752,11.3228,0.8354,-0.0302,-0.5488,0.9980,840,30.200550,0.3801,0.0435
BiancaGolden_GrandPlies,-162.3565,4.2394,209.7149,-2.6447,-21.2286,11.1164,0.8348,-0.0317,-0.5497,0.9980,840,30.213913,0.3764,0.0424
BiancaGolden_GrandPlies,-162.6760,4.1274,209.8414,-2.6349,-21.3232,10.9482,0.8348,-0.0278,-0.5498,0.9980,841,30.228943,0.3732,0.0413
BiancaGolden_GrandPlies,-163.0067,4.0151,209.9950,-2.6053,-21.3201,10.7984,0.8349,-0.0267,-0.5498,0.9980,841,30.242336,0.3699,0.0402
BiancaGolden_GrandPlies,-163.2919,3.8984,210.1260,-2.6003,-21.2733,10.7187,0.8359,-0.0119,-0.5488,0.9980,842,30.261837,0.3671,0.0390
BiancaGolden_GrandPlies,-163.5663,3.7798,210.2206,-2.6105,-21.1195,10.6859,0.8327,-0.0085,-0.5536,0.9980,842,30.270172,0.3643,0.0378
BiancaGolden_GrandPlies,-163.8438,3.6498,210.2554,-2.6155,-20.9685,10.7059,0.8338,-0.0074,-0.5520,0.9980,842,30.286736,0.3616,0.0365
BiancaGolden_GrandPlies,-164.1199,3.5171,210.2750,-2.6172,-20.8538,10.7629,0.8327,-0.0056,-0.5536,0.9980,843,30.299734,0.3588,0.0352
BiancaGolden_GrandPlies,-164.3777,3.3601,210.2737,-2.6084,-20.8127,10.8638,0.8324,0.0030,-0.5541,0.9980,843,30.312962,0.3562,0.0336
BiancaGolden_GrandPlies,-164.5990,3.2077,210.2961,-2.6100,-20.8245,10.9336,0.8279,0.0088,-0.5608,0.9980,844,30.327471,0.3540,0.0321
BiancaGolden_GrandPlies,-164.8025,3.0273,210.3210,-2.5306,-20.8443,11.0117,0.8280,0.0155,-0.5604,0.9980,844,30.340906,0.3520,0.0303
BiancaGolden_GrandPlies,-164.9841,2.8186,210.3210,-2.3392,-20.8742,11.0818,0.8286,0.0230,-0.5594,0.9980,844,30.354895,0.3502,0.0282
BiancaGolden_GrandPlies,-165.1692,2.6215,210.3007,-2.0686,-20.8303,11.1379,0.8292,0.0245,-0.5584,0.9980,845,30.368742,0.3483,0.0262
BiancaGolden_GrandPlies,-165.3303,2.4218,210.2981,-1.8832,-20.7844,11.2901,0.8329,0.0313,-0.5525,0.9980,845,30.381590,0.3467,0.0242
BiancaGolden_GrandPlies,-165.4371,2.2446,210.2750,-1.8505,-20.5383,11.5681,0.8354,0.0370,-0.5483,0.9980,846,30.395840,0.3456,0.0224
BiancaGolden_GrandPlies,-165.5509,2.0013,210.2304,-1.8711,-20.3077,11.9088,0.8351,0.0401,-0.5487,0.9980,846,30.409731,0.3445,0.0200
BiancaGolden_GrandPlies,-165.6709,1.7341,210.2032,-1.8627,-20.2678,12.1775,0.8297,0.0423,-0.5567,0.9980,847,30.424265,0.3433,0.0173
BiancaGolden_GrandPlies,-165.7794,1.4313,210.1402,-1.8018,-20.3352,12.3991,0.8282,0.0448,-0.5586,0.9980,847,30.437431,0.3422,0.0143
BiancaGolden_GrandPlies,-165.8626,1.1057,210.0353,-1.7173,-20.4848,12.6185,0.8264,0.0477,-0.5610,0.9980,847,30.451492,0.3414,0.0111
BiancaGolden_GrandPlies,-165.9112,0.7727,209.9266,-1.6815,-20.6513,12.7693,0.8243,0.0490,-0.5640,0.9980,848,30.465364,0.3409,0.0077
BiancaGolden_GrandPlies,-165.9377,0.4241,209.8364,-1.7142,-20.8390,12.8938,0.8163,0.0497,-0.5754,0.9980,848,30.478413,0.3406,0.0042
BiancaGolden_GrandPlies,-165.9789,0.0442,209.7443,-1.7744,-21.0753,13.0069,0.8133,0.0519,-0.5795,0.9980,849,30.493591,0.3402,0.0004
BiancaGolden_GrandPlies,-165.9998,-0.3629,209.6325,-1.8814,-21.3710,13.1147,0.8208,0.0546,-0.5685,0.9980,849,30.506784,0.3400,-0.0036
BiancaGolden_GrandPlies,-165.9979,-0.7734,209.4968,-1.9278,-21.5082,13.2101,0.8198,0.0560,-0.5699,0.9980,849,30.521290,0.3400,-0.0077
BiancaGolden_GrandPlies,-165.9747,-1.2010,209.4076,-1.9265,-21.6420,13.3226,0.8212,0.0581,-0.5677,0.9980,850,30.534895,0.3403,-0.0120
BiancaGolden_GrandPlies,-165.9091,-1.6304,209.3618,-1.9131,-21.6393,13.4323,0.8205,0.0596,-0.5685,0.9980,850,30.548258,0.3409,-0.0163
BiancaGolden_GrandPlies,-165.8068,-2.0806,209.3700,-1.8360,-21.7111,13.5731,0.8228,0.0624,-0.5649,0.9980,851,30.563789,0.3419,-0.0208
BiancaGolden_GrandPlies,-165.6568,-2.5375,209.4516,-1.7568,-21.7594,13.7479,0.8273,0.0651,-0.5580,0.9980,851,30.576860,0.3434,-0.0254
BiancaGolden_GrandPlies,-165.6256,-3.0240,209.4128,-1.7292,-21.8425,13.9347,0.8236,0.0624,-0.5637,0.9980,852,30.591148,0.3437,-0.0302
BiancaGolden_GrandPlies,-165.6684,-3.5426,209.2500,-1.6513,-22.2725,14.2046,0.8177,0.0721,-0.5712,0.9980,852,30.604321,0.3433,-0.0354
BiancaGolden_GrandPlies,-165.6877,-4.0319,209.1135,-1.5329,-22.7965,14.6274,0.8128,0.0832,-0.5766,0.9980,852,30.618290,0.3431,-0.0403
BiancaGolden_GrandPlies,-165.6232,-4.4474,209.1125,-1.6667,-23.1625,15.4453,0.8071,0.1033,-0.5813,0.9980,853,30.632071,0.3438,-0.0445
BiancaGolden_GrandPlies,-165.5607,-4.7653,209.1644,-2.2876,-23.3172,16.4921,0.7998,0.1334,-0.5852,0.9980,853,30.645264,0.3444,-0.0477
BiancaGolden_GrandPlies,-165.5641,-5.0507,209.1178,-3.3330,-23.4641,17.9054,0.7913,0.1622,-0.5895,0.9980,854,30.660738,0.3444,-0.0505
BiancaGolden_GrandPlies,-165.5814,-5.3605,208.9832,-4.3950,-23.6317,19.5244,0.7955,0.1902,-0.5754,0.9980,854,30.674126,0.3442,-0.0536
BiancaGolden_GrandPlies,-165.5399,-5.6634,208.8653,-5.5109,-23.6775,21.1299,0.7989,0.1966,-0.5684,0.9980,854,30.688099,0.3446,-0.0566
BiancaGolden_GrandPlies,-165.4672,-5.9930,208.8056,-6.5804,-23.6004,22.3735,0.8030,0.2096,-0.5579,0.9980,855,30.701569,0.3453,-0.0599
BiancaGolden_GrandPlies,-165.4037,-6.3806,208.7028,-7.2548,-23.5827,23.2497,0.7991,0.2189,-0.5600,0.9980,855,30.715227,0.3460,-0.0638
BiancaGolden_GrandPlies,-165.3058,-6.7826,208.5653,-7.6115,-23.6778,23.8549,0.8013,0.2072,-0.5613,0.9980,856,30.729769,0.3469,-0.0678
BiancaGolden_GrandPlies,-165.1997,-7.1790,208.3979,-7.5706,-23.7372,24.0360,0.8016,0.1860,-0.5682,0.9980,856,30.743301,0.3480,-0.0718
BiancaGolden_GrandPlies,-165.1068,-7.5852,208.2367,-7.4405,-23.9485,24.1362,0.8047,0.1609,-0.5715,0.9980,857,30.760881,0.3489,-0.0759
BiancaGolden_GrandPlies,-165.0161,-7.9903,208.0544,-7.2117,-24.1790,24.0969,0.8072,0.1339,-0.5748,0.9980,857,30.772322,0.3498,-0.0799
BiancaGolden_GrandPlies,-164.9702,-8.4056,207.8987,-7.1147,-24.5086,24.0385,0.8048,0.1282,-0.5796,0.9980,857,30.785276,0.3503,-0.0841
BiancaGolden_GrandPlies,-164.9662,-8.8051,207.7768,-7.1736,-24.8368,23.7162,0.8034,0.1207,-0.5831,0.9980,858,30.799128,0.3503,-0.0881
BiancaGolden_GrandPlies,-164.9352,-9.2166,207.7160,-7.2938,-25.1439,23.3334,0.8035,0.1052,-0.5860,0.9980,858,30.812206,0.3506,-0.0922
BiancaGolden_GrandPlies,-164.8743,-9.6525,207.6864,-7.3716,-25.3461,22.8807,0.8093,0.0944,-0.5798,0.9980,859,30.826977,0.3513,-0.0965
BiancaGolden_GrandPlies,-164.8644,-10.1157,207.6116,-7.3139,-25.4839,22.4520,0.8093,0.0873,-0.5809,0.9980,859,30.840620,0.3514,-0.1012
BiancaGolden_GrandPlies,-164.9093,-10.5435,207.5439,-7.3858,-25.7227,22.0330,0.8088,0.0798,-0.5827,0.9980,859,30.855240,0.3509,-0.1054
BiancaGolden_GrandPlies,-165.0246,-10.8790,207.5912,-7.9562,-26.0913,21.4795,0.8021,0.0728,-0.5927,0.9980,860,30.868380,0.3498,-0.1088
BiancaGolden_GrandPlies,-165.1643,-11.2196,207.6773,-8.7382,-26.6337,20.9962,0.7968,0.0731,-0.5999,0.9980,860,30.882019,0.3484,-0.1122
BiancaGolden_GrandPlies,-165.3603,-11.5853,207.7655,-9.3319,-27.2266,20.5401,0.7994,0.0703,-0.5967,0.9980,861,30.896458,0.3464,-0.1159
BiancaGolden_GrandPlies,-165.5740,-11.9790,207.8372,-9.3706,-27.6876,20.1511,0.8045,0.0698,-0.5898,0.9980,861,30.911015,0.3443,-0.1198
BiancaGolden_GrandPlies,-165.7642,-12.3094,207.8878,-9.1017,-27.8313,19.6889,0.8058,0.0728,-0.5876,0.9980,862,30.924839,0.3424,-0.1231
BiancaGolden_GrandPlies,-165.9663,-12.6000,208.0360,-8.7320,-27.7995,19.2752,0.8147,0.0771,-0.5747,0.9980,862,30.938204,0.3403,-0.1260
BiancaGolden_GrandPlies,-166.1677,-12.8500,208.2207,-8.5590,-27.6528,18.8353,0.8220,0.0761,-0.5644,0.9980,862,30.952795,0.3383,-0.1285
BiancaGolden_GrandPlies,-166.4209,-13.0363,208.3790,-8.3346,-27.2325,18.3835,0.8243,0.0715,-0.5616,0.9980,863,30.965889,0.3358,-0.1304
BiancaGolden_GrandPlies,-166.7244,-13.2682,208.4574,-8.1724,-27.0637,18.0467,0.8350,0.0774,-0.5448,0.9980,863,30.979227,0.3328,-0.1327
BiancaGolden_GrandPlies,-166.9919,-13.4694,208.5408,-7.9066,-26.8253,17.5983,0.8424,0.0827,-0.5324,0.9980,864,30.994627,0.3301,-0.1347
BiancaGolden_GrandPlies,-167.2494,-13.6534,208.6138,-7.6453,-26.5392,17.0923,0.8477,0.0841,-0.5238,0.9980,864,31.007700,0.3275,-0.1365
BiancaGolden_GrandPlies,-167.5270,-13.7868,208.6999,-7.4069,-26.2474,16.4830,0.8507,0.0762,-0.5202,0.9980,865,31.022120,0.3247,-0.1379
BiancaGolden_GrandPlies,-167.8211,-13.9097,208.7438,-7.1530,-26.0409,15.9328,0.8535,0.0688,-0.5165,0.9980,865,31.035616,0.3218,-0.1391
BiancaGolden_GrandPlies,-168.1160,-14.0023,208.7525,-6.8696,-25.8420,15.4278,0.8541,0.0450,-0.5181,0.9980,865,31.050201,0.3188,-0.1400
BiancaGolden_GrandPlies,-168.4266,-14.0400,208.7075,-6.4402,-25.6626,14.8985,0.8565,0.0326,-0.5152,0.9980,866,31.063719,0.3157,-0.1404
BiancaGolden_GrandPlies,-168.7341,-14.0373,208.6339,-6.0038,-25.5254,14.3557,0.8585,0.0226,-0.5123,0.9980,866,31.076935,0.3127,-0.1404
BiancaGolden_GrandPlies,-169.0258,-14.0309,208.5661,-5.5172,-25.4082,13.7257,0.8592,0.0243,-0.5110,0.9980,867,31.092379,0.3097,-0.1403
BiancaGolden_GrandPlies,-169.3170,-13.9622,208.4122,-4.8792,-25.4564,13.0291,0.8577,0.0242,-0.5137,0.9980,867,31.105804,0.3068,-0.1396
BiancaGolden_GrandPlies,-169.6092,-13.8628,208.2025,-4.1568,-25.4825,12.3096,0.8493,0.0269,-0.5273,0.9980,867,31.119604,0.3039,-0.1386
BiancaGolden_GrandPlies,-169.9982,-13.7366,207.9043,-3.3443,-25.6829,11.6413,0.8473,0.0152,-0.5309,0.9980,868,31.133577,0.3000,-0.1374
BiancaGolden_GrandPlies,-170.4647,-13.5584,207.5649,-2.6070,-26.0473,10.9792,0.8377,0.0098,-0.5461,0.9980,868,31.146988,0.2954,-0.1356
BiancaGolden_GrandPlies,-170.9146,-13.3594,207.2912,-2.0639,-26.6659,10.4065,0.8336,0.0196,-0.5520,0.9980,869,31.161589,0.2909,-0.1336
BiancaGolden_GrandPlies,-171.2913,-13.1110,207.1588,-1.6805,-27.1429,9.8296,0.8359,0.0322,-0.5479,0.9980,869,31.175440,0.2871,-0.1311
BiancaGolden_GrandPlies,-171.5796,-12.8304,207.1865,-1.3485,-27.6587,9.2656,0.8345,0.0232,-0.5506,0.9980,870,31.189669,0.2842,-0.1283
BiancaGolden_GrandPlies,-171.8393,-12.5504,207.1842,-0.9173,-27.9124,8.7051,0.8348,0.0144,-0.5504,0.9980,870,31.203424,0.2816,-0.1255
BiancaGolden_GrandPlies,-172.1629,-12.2901,207.0979,-0.1946,-27.9617,8.2026,0.8372,0.0113,-0.5467,0.9980,870,31.217552,0.2784,-0.1229
BiancaGolden_GrandPlies,-172.6151,-12.0636,206.8673,0.7224,-28.0418,7.8116,0.8410,0.0169,-0.5407,0.9980,871,31.230749,0.2738,-0.1206
BiancaGolden_GrandPlies,-173.0643,-11.8521,206.6447,1.6881,-28.0905,7.4757,0.8421,0.0234,-0.5387,0.9980,871,31.248474,0.2694,-0.1185
BiancaGolden_GrandPlies,-173.4238,-11.6162,206.5074,2.4765,-28.0069,7.0774,0.8452,0.0234,-0.5339,0.9980,872,31.259794,0.2658,-0.1162
BiancaGolden_GrandPlies,-173.7604,-11.3665,206.4733,3.1444,-27.9418,6.5874,0.8490,0.0264,-0.5278,0.9980,872,31.272305,0.2624,-0.1137
BiancaGolden_GrandPlies,-174.0816,-11.1697,206.5154,3.8163,-27.9481,6.1745,0.8506,0.0211,-0.5254,0.9980,872,31.287722,0.2592,-0.1117
BiancaGolden_GrandPlies,-174.4310,-11.0130,206.5893,4.5767,-28.1043,5.7274,0.8495,0.0121,-0.5274,0.9980,873,31.300787,0.2557,-0.1101
BiancaGolden_GrandPlies,-174.8201,-10.8703,206.6313,5.1974,-28.2857,5.1771,0.8503,0.0171,-0.5260,0.9980,873,31.313828,0.2518,-0.1087
BiancaGolden_GrandPlies,-175.1814,-10.7244,206.6631,5.7530,-28.2875,4.5440,0.8522,0.0076,-0.5232,0.9980,874,31.328491,0.2482,-0.1072
BiancaGolden_GrandPlies,-175.4752,-10.5881,206.7510,6.1728,-28.1086,3.8203,0.8502,0.0139,-0.5263,0.9980,874,31.342518,0.2452,-0.1059
BiancaGolden_GrandPlies,-175.7504,-10.4500,206.8504,6.5458,-27.8657,3.0844,0.8516,0.0180,-0.5238,0.9980,875,31.356514,0.2425,-0.1045
BiancaGolden_GrandPlies,-176.0088,-10.3140,206.9493,6.8767,-27.5844,2.2918,0.8530,0.0064,-0.5219,0.9980,875,31.370064,0.2399,-0.1031
BiancaGolden_GrandPlies,-176.2749,-10.1674,207.0188,7.3003,-27.4496,1.5509,0.8565,0.0115,-0.5160,0.9980,875,31.385315,0.2373,-0.1017
BiancaGolden_GrandPlies,-176.5133,-10.0198,207.0478,7.8314,-27.4103,0.8080,0.8573,0.0184,-0.5145,0.9980,876,31.398024,0.2349,-0.1002
BiancaGolden_GrandPlies,-176.7622,-9.8999,207.0633,8.5608,-27.4379,0.2143,0.8540,0.0400,-0.5186,0.9980,876,31.411430,0.2324,-0.0990
BiancaGolden_GrandPlies,-176.9473,-9.7714,207.1051,9.4140,-27.4565,-0.2502,0.8545,0.0341,-0.5184,0.9980,877,31.426090,0.2305,-0.0977
BiancaGolden_GrandPlies,-177.0782,-9.6168,207.2056,10.1435,-27.4058,-0.5900,0.8553,0.0298,-0.5173,0.9980,877,31.439907,0.2292,-0.0962
BiancaGolden_GrandPlies,-177.1928,-9.4620,207.2886,10.7315,-27.3071,-0.8702,0.8489,0.0538,-0.5258,0.9980,877,31.454176,0.2281,-0.0946
BiancaGolden_GrandPlies,-177.2995,-9.3204,207.3237,11.2198,-27.1746,-1.0631,0.8486,0.0525,-0.5263,0.9980,878,31.467690,0.2270,-0.0932
BiancaGolden_GrandPlies,-177.4203,-9.2218,207.3354,11.7617,-27.1700,-1.0995,0.8474,0.0587,-0.5277,0.9980,878,31.481295,0.2258,-0.0922
BiancaGolden_GrandPlies,-177.5241,-9.1369,207.3264,12.3212,-27.1465,-1.1307,0.8495,0.0640,-0.5237,0.9980,879,31.496094,0.2248,-0.0914
BiancaGolden_GrandPlies,-177.5961,-9.0606,207.2835,12.7605,-27.0949,-1.0102,0.8465,0.0871,-0.5252,0.9980,879,31.509592,0.2240,-0.0906
BiancaGolden_GrandPlies,-177.6039,-8.9713,207.2298,13.1046,-26.9931,-0.8464,0.8468,0.0969,-0.5230,0.9980,880,31.524044,0.2240,-0.0897
BiancaGolden_GrandPlies,-177.5540,-8.9019,207.1685,13.2552,-26.7951,-0.5348,0.8482,0.1011,-0.5199,0.9980,880,31.537693,0.2245,-0.0890
BiancaGolden_GrandPlies,-177.5116,-8.8450,207.0554,13.3553,-26.5746,-0.2358,0.8480,0.1113,-0.5182,0.9980,880,31.552238,0.2249,-0.0884
BiancaGolden_GrandPlies,-177.4394,-8.8458,206.8738,13.3699,-26.4099,0.1632,0.8490,0.1160,-0.5155,0.9980,881,31.565510,0.2256,-0.0885
BiancaGolden_GrandPlies,-177.3451,-8.8497,206.6553,13.4229,-26.2217,0.4880,0.8483,0.1232,-0.5149,0.9980,881,31.579075,0.2265,-0.0885
BiancaGolden_GrandPlies,-177.2120,-8.8848,206.4266,13.5076,-26.0969,0.8029,0.8426,0.1192,-0.5251,0.9980,882,31.594110,0.2279,-0.0888
BiancaGolden_GrandPlies,-177.0072,-8.9418,206.2085,13.6854,-26.0518,1.1732,0.8395,0.1222,-0.5294,0.9980,882,31.607615,0.2299,-0.0894
BiancaGolden_GrandPlies,-176.7515,-8.9875,206.0225,13.8879,-26.1227,1.5510,0.8374,0.1272,-0.5315,0.9980,882,31.621925,0.2325,-0.0899
BiancaGolden_GrandPlies,-176.5047,-9.0588,205.7633,14.0254,-26.2709,1.9169,0.8295,0.1281,-0.5436,0.9980,883,31.635559,0.2350,-0.0906
BiancaGolden_GrandPlies,-176.2678,-9.1873,205.4276,14.1015,-26.5452,2.2946,0.8259,0.1334,-0.5478,0.9980,883,31.648838,0.2373,-0.0919
BiancaGolden_GrandPlies,-176.0321,-9.3580,204.9756,14.1813,-26.8170,2.7017,0.8212,0.1389,-0.5535,0.9980,884,31.663710,0.2397,-0.0936
BiancaGolden_GrandPlies,-175.7708,-9.5661,204.5659,14.3330,-27.1947,3.1181,0.8194,0.1240,-0.5597,0.9980,884,31.677784,0.2423,-0.0957
BiancaGolden_GrandPlies,-175.4823,-9.8043,204.2790,14.5688,-27.5161,3.6591,0.8151,0.1304,-0.5644,0.9980,885,31.691839,0.2452,-0.0980
BiancaGolden_GrandPlies,-175.1903,-10.0284,204.0411,14.6928,-27.8322,4.1387,0.8109,0.1357,-0.5692,0.9980,885,31.705618,0.2481,-0.1003
BiancaGolden_GrandPlies,-174.8787,-10.3028,203.8403,14.6002,-28.1741,4.5153,0.8130,0.1191,-0.5700,0.9980,885,31.719492,0.2512,-0.1030
BiancaGolden_GrandPlies,-174.6363,-10.6158,203.5883,14.5529,-28.5412,4.8038,0.8106,0.1232,-0.5725,0.9980,886,31.733383,0.2536,-0.1062
BiancaGolden_GrandPlies,-174.4131,-10.9592,203.3492,14.5044,-29.0045,5.0273,0.8080,0.1234,-0.5761,0.9980,886,31.749929,0.2559,-0.1096
BiancaGolden_GrandPlies,-174.2042,-11.3391,203.1671,14.3554,-29.4667,5.2085,0.8039,0.1252,-0.5815,0.9980,887,31.762899,0.2580,-0.1134
BiancaGolden_GrandPlies,-173.9929,-11.7170,203.0157,14.2570,-29.8509,5.3528,0.8037,0.1152,-0.5838,0.9980,887,31.774641,0.2601,-0.1172
BiancaGolden_GrandPlies,-173.7986,-12.1184,202.9045,14.2346,-30.2699,5.5915,0.8026,0.1201,-0.5843,0.9980,888,31.789785,0.2620,-0.1212
BiancaGolden_GrandPlies,-173.6360,-12.5257,202.8394,14.2404,-30.7346,5.8299,0.8007,0.1118,-0.5885,0.9980,888,31.802546,0.2636,-0.1253
BiancaGolden_GrandPlies,-173.5053,-12.9539,202.8024,14.1100,-31.2127,6.1315,0.8037,0.1179,-0.5832,0.9980,888,31.816986,0.2649,-0.1295
BiancaGolden_GrandPlies,-173.3566,-13.3772,202.8167,13.9269,-31.5942,6.4509,0.8030,0.1181,-0.5841,0.9980,889,31.830481,0.2664,-0.1338
BiancaGolden_GrandPlies,-173.2239,-13.8201,202.8769,13.6675,-31.8677,6.8285,0.8010,0.1241,-0.5857,0.9980,889,31.843950,0.2678,-0.1382
BiancaGolden_GrandPlies,-173.0433,-14.2423,202.9777,13.4287,-31.9866,7.2506,0.8156,0.1277,-0.5643,0.9980,890,31.858822,0.2696,-0.1424
BiancaGolden_GrandPlies,-172.8465,-14.6716,203.0880,13.1849,-31.6959,7.7973,0.8193,0.1361,-0.5569,0.9980,890,31.872475,0.2715,-0.1467
BiancaGolden_GrandPlies,-172.6724,-15.1399,203.1264,12.9726,-31.3109,8.4582,0.8247,0.1476,-0.5459,0.9980,890,31.887411,0.2733,-0.1514
BiancaGolden_GrandPlies,-172.5316,-15.6191,203.1469,12.8429,-30.9660,9.0793,0.8264,0.1518,-0.5423,0.9980,891,31.900808,0.2747,-0.1562
BiancaGolden_GrandPlies,-172.4225,-16.1028,203.1700,12.6129,-30.7861,9.7073,0.8277,0.1436,-0.5426,0.9980,891,31.913736,0.2758,-0.1610
BiancaGolden_GrandPlies,-172.2657,-16.5810,203.1915,12.3485,-30.9010,10.2425,0.8245,0.1499,-0.5457,0.9980,892,31.929152,0.2773,-0.1658
BiancaGolden_GrandPlies,-172.1758,-17.0639,203.1720,11.8736,-31.1104,10.6862,0.8202,0.1528,-0.5513,0.9980,892,31.942543,0.2782,-0.1706
BiancaGolden_GrandPlies,-172.0701,-17.5513,203.1270,11.3128,-31.3789,11.0538,0.8147,0.1554,-0.5587,0.9980,893,31.956699,0.2793,-0.1755
BiancaGolden_GrandPlies,-172.0198,-18.0981,203.0492,10.7002,-31.6828,11.4918,0.8081,0.1614,-0.5664,0.9980,893,31.970200,0.2798,-0.1810
BiancaGolden_GrandPlies,-172.0716,-18.6848,202.9438,10.0409,-32.2107,11.9630,0.8011,0.1559,-0.5779,0.9980,893,31.984795,0.2793,-0.1868
BiancaGolden_GrandPlies,-172.1273,-19.3095,202.7771,9.1878,-32.7426,12.6088,0.7933,0.1639,-0.5863,0.9980,894,31.998337,0.2787,-0.1931
BiancaGolden_GrandPlies,-172.1767,-19.9433,202.6144,7.9223,-33.3220,13.3508,0.7972,0.1544,-0.5837,0.9980,894,32.011150,0.2782,-0.1994
BiancaGolden_GrandPlies,-172.1168,-20.5365,202.4862,6.2000,-33.6020,14.0636,0.7947,0.1632,-0.5847,0.9980,895,32.025784,0.2788,-0.2054
BiancaGolden_GrandPlies,-172.0565,-21.1055,202.3803,4.4861,-33.6204,14.6502,0.7930,0.1714,-0.5846,0.9980,895,32.039543,0.2794,-0.2111
BiancaGolden_GrandPlies,-172.0601,-21.6999,202.2222,3.0378,-33.5311,15.1514,0.7930,0.1707,-0.5848,0.9980,895,32.054474,0.2794,-0.2170
BiancaGolden_GrandPlies,-172.1736,-22.3025,202.0420,2.0282,-33.5560,15.6756,0.8006,0.1590,-0.5777,0.9980,896,32.067337,0.2783,-0.2230
BiancaGolden_GrandPlies,-172.2621,-22.8533,201.8814,1.2699,-33.5795,16.0911,0.8037,0.1622,-0.5725,0.9980,896,32.080715,0.2774,-0.2285
BiancaGolden_GrandPlies,-172.3340,-23.3317,201.7659,0.6967,-33.4871,16.2982,0.8058,0.1639,-0.5690,0.9980,897,32.095726,0.2767,-0.2333
BiancaGolden_GrandPlies,-172.4135,-23.7229,201.6511,0.0261,-33.1966,16.3468,0.8138,0.1553,-0.5600,0.9980,897,32.109276,0.2759,-0.2372
BiancaGolden_GrandPlies,-172.5278,-24.1324,201.5032,-0.6561,-32.8190,16.4847,0.8189,0.1585,-0.5516,0.9980,898,32.123970,0.2747,-0.2413
BiancaGolden_GrandPlies,-172.7083,-24.4988,201.2560,-1.0373,-32.2083,16.5918,0.8276,0.1525,-0.5403,0.9980,898,32.137512,0.2729,-0.2450
BiancaGolden_GrandPlies,-172.9356,-24.8559,200.9296,-1.2122,-31.5360,16.6265,0.8321,0.1510,-0.5337,0.9980,898,32.151821,0.2706,-0.2486
BiancaGolden_GrandPlies,-173.2265,-25.2120,200.5654,-1.2783,-31.0882,16.5516,0.8340,0.1508,-0.5308,0.9980,899,32.165188,0.2677,-0.2521
BiancaGolden_GrandPlies,-173.5258,-25.5338,200.1595,-1.2240,-30.8873,16.3893,0.8360,0.1482,-0.5284,0.9980,899,32.178837,0.2647,-0.2553
BiancaGolden_GrandPlies,-173.8251,-25.8178,199.7722,-1.1898,-30.7287,16.1932,0.8341,0.1442,-0.5324,0.9980,900,32.194004,0.2617,-0.2582
BiancaGolden_GrandPlies,-174.2182,-26.0473,199.3377,-1.1295,-30.6161,15.9258,0.8252,0.1415,-0.5468,0.9980,900,32.207603,0.2578,-0.2605
BiancaGolden_GrandPlies,-174.7149,-26.2732,198.8359,-1.2066,-30.6589,15.7630,0.8251,0.1394,-0.5475,0.9980,900,32.221783,0.2529,-0.2627
BiancaGolden_GrandPlies,-175.2247,-26.4553,198.1974,-1.2902,-30.7011,15.6191,0.8292,0.1203,-0.5459,0.9980,901,32.234825,0.2478,-0.2646
BiancaGolden_GrandPlies,-175.7123,-26.5959,197.6049,-1.4502,-30.6590,15.4913,0.8309,0.1188,-0.5435,0.9980,901,32.251846,0.2429,-0.2660
BiancaGolden_GrandPlies,-176.1637,-26.6426,197.0737,-1.7542,-30.4631,15.3451,0.8354,0.1169,-0.5371,0.9980,902,32.263752,0.2384,-0.2664
BiancaGolden_GrandPlies,-176.6056,-26.6962,196.5329,-2.0216,-30.2092,15.2972,0.8409,0.1191,-0.5280,0.9980,902,32.276386,0.2339,-0.2670
BiancaGolden_GrandPlies,-177.1626,-26.7483,195.9289,-2.2506,-29.8453,15.3856,0.8412,0.1195,-0.5274,0.9980,903,32.291901,0.2284,-0.2675
BiancaGolden_GrandPlies,-177.8477,-26.8281,195.2713,-2.4471,-29.7810,15.3965,0.8382,0.1221,-0.5315,0.9980,903,32.304565,0.2215,-0.2683
BiancaGolden_GrandPlies,-178.5337,-26.8884,194.6640,-2.6202,-30.0432,15.4176,0.8366,0.1212,-0.5342,0.9980,903,32.318645,0.2147,-0.2689
BiancaGolden_GrandPlies,-179.1105,-26.8983,194.2220,-2.8931,-30.1942,15.3694,0.8316,0.1182,-0.5426,0.9980,904,32.332054,0.2089,-0.2690
BiancaGolden_GrandPlies,-179.5184,-26.8331,194.0399,-3.4676,-30.4740,15.2190,0.8342,0.1079,-0.5408,0.9980,904,32.345707,0.2048,-0.2683
BiancaGolden_GrandPlies,-179.6057,-26.6646,194.1111,-4.1191,-30.3003,14.8923,0.8421,0.1023,-0.5295,0.9980,905,32.360394,0.2039,-0.2666
BiancaGolden_GrandPlies,-179.7003,-26.3748,194.1764,-5.2566,-29.2939,14.2828,0.8481,0.0984,-0.5206,0.9980,905,32.373646,0.2030,-0.2637
BiancaGolden_GrandPlies,-180.1919,-26.2625,193.8829,-5.6419,-28.8325,13.9310,0.8476,0.0976,-0.5217,0.9980,905,32.388428,0.1981,-0.2626
BiancaGolden_GrandPlies,-180.8134,-26.2270,193.4694,-5.5562,-28.8487,13.8873,0.8458,0.0991,-0.5242,0.9980,906,32.401825,0.1919,-0.2623
BiancaGolden_GrandPlies,-181.3135,-26.0727,193.1581,-4.5836,-29.1348,14.1146,0.8461,0.1074,-0.5221,0.9980,906,32.415009,0.1869,-0.2607
BiancaGolden_GrandPlies,-181.5963,-25.9692,193.2676,-3.5006,-29.3320,14.4174,0.8446,0.1101,-0.5240,0.9980,907,32.430370,0.1840,-0.2597
BiancaGolden_GrandPlies,-181.8639,-25.8126,193.4257,-2.7684,-29.5442,14.6544,0.8438,0.1091,-0.5254,0.9980,907,32.443840,0.1814,-0.2581
BiancaGolden_GrandPlies,-182.2402,-25.6533,193.4401,-2.5001,-29.6713,14.7050,0.8400,0.1096,-0.5314,0.9980,908,32.458698,0.1776,-0.2565
BiancaGolden_GrandPlies,-182.6821,-25.5404,193.4282,-2.3746,-30.0429,14.7991,0.8325,0.1069,-0.5435,0.9980,908,32.471634,0.1732,-0.2554
BiancaGolden_GrandPlies,-183.0925,-25.4446,193.4243,-2.3650,-30.3711,14.7865,0.8313,0.1042,-0.5459,0.9980,908,32.486511,0.1691,-0.2544
BiancaGolden_GrandPlies,-183.4699,-25.3448,193.4928,-2.4939,-30.5094,14.6998,0.8332,0.1022,-0.5435,0.9980,909,32.499905,0.1653,-0.2534
BiancaGolden_GrandPlies,-183.7488,-25.1897,193.5579,-2.6088,-30.2179,14.5376,0.8397,0.1038,-0.5330,0.9980,909,32.513126,0.1625,-0.2519
BiancaGolden_GrandPlies,-184.0962,-25.0577,193.5057,-2.6538,-29.4902,14.5263,0.8441,0.1067,-0.5254,0.9980,910,32.527729,0.1590,-0.2506
BiancaGolden_GrandPlies,-184.4346,-24.9357,193.4708,-2.6461,-28.9773,14.6464,0.8506,0.1121,-0.5138,0.9980,910,32.541374,0.1557,-0.2494
BiancaGolden_GrandPlies,-184.7388,-24.8535,193.3698,-2.5253,-28.2599,14.8657,0.8551,0.1141,-0.5058,0.9980,911,32.555965,0.1526,-0.2485
BiancaGolden_GrandPlies,-185.0647,-24.8001,193.2597,-2.3652,-27.7302,15.0687,0.8589,0.1140,-0.4993,0.9980,911,32.569351,0.1494,-0.2480
BiancaGolden_GrandPlies,-185.3621,-24.7506,193.0710,-2.2304,-27.3136,15.1586,0.8618,0.1159,-0.4939,0.9980,911,32.584141,0.1464,-0.2475
BiancaGolden_GrandPlies,-185.6903,-24.7091,192.8160,-2.1267,-26.9296,15.2306,0.8568,0.1118,-0.5034,0.9980,912,32.597332,0.1431,-0.2471
BiancaGolden_GrandPlies,-186.0508,-24.7229,192.3271,-2.1055,-26.6805,15.2543,0.8577,0.1104,-0.5022,0.9980,912,32.611019,0.1395,-0.2472
BiancaGolden_GrandPlies,-186.4012,-24.7491,191.8880,-2.1633,-26.5872,15.1474,0.8582,0.1059,-0.5023,0.9980,913,32.625553,0.1360,-0.2475
BiancaGolden_GrandPlies,-186.6437,-24.7624,191.4122,-2.1849,-26.3834,15.0174,0.8468,0.1020,-0.5220,0.9980,913,32.639706,0.1336,-0.2476
BiancaGolden_GrandPlies,-186.8262,-24.7936,191.0041,-2.0588,-26.0693,14.9162,0.8483,0.0966,-0.5207,0.9980,913,32.654133,0.1317,-0.2479
BiancaGolden_GrandPlies,-186.9311,-24.8557,190.5991,-1.8503,-25.5873,14.9982,0.8534,0.1032,-0.5110,0.9980,914,32.667080,0.1307,-0.2486
BiancaGolden_GrandPlies,-187.0573,-24.9536,190.0602,-1.8028,-24.8846,15.1494,0.8562,0.1036,-0.5061,0.9980,914,32.680481,0.1294,-0.2495
BiancaGolden_GrandPlies,-187.2226,-25.0489,189.4016,-1.9833,-24.2202,15.2083,0.8611,0.1065,-0.4972,0.9980,915,32.695522,0.1278,-0.2505
BiancaGolden_GrandPlies,-187.3842,-25.1920,188.6925,-2.2307,-23.5867,15.2769,0.8647,0.1102,-0.4901,0.9980,915,32.709141,0.1262,-0.2519
BiancaGolden_GrandPlies,-187.5150,-25.3584,187.9998,-2.5266,-23.0761,15.4083,0.8603,0.1157,-0.4964,0.9980,916,32.723789,0.1248,-0.2536
BiancaGolden_GrandPlies,-187.6653,-25.5351,187.3065,-2.8794,-22.6958,15.4736,0.8546,0.1162,-0.5062,0.9980,916,32.737106,0.1233,-0.2554
BiancaGolden_GrandPlies,-187.8608,-25.7417,186.5793,-3.3232,-22.6210,15.5016,0.8514,0.1150,-0.5117,0.9980,917,32.756382,0.1214,-0.2574
BiancaGolden_GrandPlies,-188.0369,-25.9786,185.7969,-3.7500,-22.7269,15.5160,0.8455,0.1069,-0.5231,0.9980,917,32.765423,0.1196,-0.2598
BiancaGolden_GrandPlies,-188.1489,-26.2227,185.0105,-3.8744,-22.7898,15.5608,0.8461,0.1099,-0.5216,0.9980,917,32.780521,0.1185,-0.2622
BiancaGolden_GrandPlies,-188.2196,-26.4603,184.2492,-3.9699,-22.6730,15.7345,0.8448,0.1107,-0.5235,0.9980,918,32.794853,0.1178,-0.2646
BiancaGolden_GrandPlies,-188.2403,-26.7074,183.5886,-4.0994,-22.5296,15.9463,0.8470,0.1140,-0.5192,0.9980,918,32.807289,0.1176,-0.2671
BiancaGolden_GrandPlies,-188.2116,-26.9691,182.9114,-4.2367,-22.2034,16.1452,0.8488,0.1146,-0.5162,0.9980,918,32.821796,0.1179,-0.2697
BiancaGolden_GrandPlies,-188.2195,-27.2471,182.1453,-4.2922,-21.7238,16.2428,0.8527,0.1160,-0.5094,0.9980,919,32.834984,0.1178,-0.2725
BiancaGolden_GrandPlies,-188.2331,-27.5300,181.3010,-4.4218,-21.1244,16.2629,0.8567,0.1117,-0.5035,0.9980,919,32.848385,0.1177,-0.2753
BiancaGolden_GrandPlies,-188.1994,-27.8018,180.4525,-4.5723,-20.3901,16.2165,0.8634,0.1132,-0.4917,0.9980,920,32.862755,0.1180,-0.2780
BiancaGolden_GrandPlies,-188.1245,-28.0626,179.6441,-4.7637,-19.4600,16.1000,0.8681,0.1151,-0.4829,0.9980,920,32.876755,0.1188,-0.2806
BiancaGolden_GrandPlies,-188.0905,-28.3032,178.8550,-5.0510,-18.8345,16.0790,0.8712,0.1076,-0.4789,0.9980,921,32.890331,0.1191,-0.2830
BiancaGolden_GrandPlies,-188.0828,-28.5754,178.0252,-5.4399,-18.4520,16.1547,0.8703,0.1086,-0.4804,0.9980,921,32.903656,0.1192,-0.2858
BiancaGolden_GrandPlies,-188.1074,-28.8438,177.1323,-5.8827,-18.3114,16.1163,0.8708,0.1071,-0.4799,0.9980,921,32.918064,0.1189,-0.2884
BiancaGolden_GrandPlies,-188.1523,-29.1597,176.1906,-6.2250,-18.2273,15.9394,0.8606,0.1088,-0.4976,0.9980,922,32.931545,0.1185,-0.2916
BiancaGolden_GrandPlies,-188.2091,-29.4932,175.2518,-6.3839,-18.2854,15.6393,0.8608,0.1034,-0.4983,0.9980,922,32.944717,0.1179,-0.2949
BiancaGolden_GrandPlies,-188.2248,-29.7972,174.3690,-6.5747,-18.3093,15.2439,0.8572,0.0941,-0.5063,0.9980,923,32.959927,0.1178,-0.2980
BiancaGolden_GrandPlies,-188.2019,-30.0507,173.4968,-6.9303,-18.1200,14.7856,0.8607,0.0875,-0.5015,0.9980,923,32.973244,0.1180,-0.3005
BiancaGolden_GrandPlies,-188.2034,-30.2587,172.5951,-7.3144,-17.7396,14.2065,0.8645,0.0803,-0.4961,0.9980,923,32.987511,0.1180,-0.3026
BiancaGolden_GrandPlies,-188.2480,-30.4736,171.6658,-7.4641,-17.3150,13.8028,0.8664,0.0785,-0.4931,0.9980,924,33.001385,0.1175,-0.3047
BiancaGolden_GrandPlies,-188.2920,-30.6551,170.8057,-7.5517,-16.8778,13.5868,0.8694,0.0757,-0.4882,0.9980,924,33.014183,0.1171,-0.3066
BiancaGolden_GrandPlies,-188.3593,-30.7849,170.0417,-7.9358,-16.4980,13.2604,0.8707,0.0846,-0.4845,0.9980,925,33.029343,0.1164,-0.3078
BiancaGolden_GrandPlies,-188.4902,-30.9061,169.2749,-8.4838,-16.2565,12.8141,0.8718,0.0881,-0.4819,0.9980,925,33.043102,0.1151,-0.3091
BiancaGolden_GrandPlies,-188.6874,-31.0727,168.4146,-8.5929,-16.3041,12.4471,0.8722,0.0842,-0.4818,0.9980,926,33.057499,0.1131,-0.3107
BiancaGolden_GrandPlies,-188.8711,-31.1855,167.5952,-8.3041,-16.3569,12.1340,0.8709,0.0910,-0.4829,0.9980,926,33.070751,0.1113,-0.3119
BiancaGolden_GrandPlies,-189.0459,-31.1988,166.9255,-8.2842,-16.3377,11.8671,0.8665,0.1015,-0.4887,0.9980,926,33.085365,0.1095,-0.3120
BiancaGolden_GrandPlies,-189.1875,-31.2347,166.2875,-8.4547,-16.2161,11.8435,0.8675,0.1094,-0.4852,0.9980,927,33.098324,0.1081,-0.3123
BiancaGolden_GrandPlies,-189.3759,-31.2123,165.6785,-8.4063,-16.0491,11.6554,0.8708,0.1074,-0.4797,0.9980,927,33.111664,0.1062,-0.3121
BiancaGolden_GrandPlies,-189.5433,-31.2321,165.1295,-8.1078,-15.6962,11.5479,0.8740,0.1056,-0.4743,0.9980,928,33.126404,0.1046,-0.3123
BiancaGolden_GrandPlies,-189.8018,-31.1643,164.6357,-8.0218,-15.3465,11.4108,0.8764,0.1042,-0.4702,0.9980,928,33.140190,0.1020,-0.3116
BiancaGolden_GrandPlies,-190.0617,-31.1010,164.2108,-8.0656,-15.1107,11.2675,0.8787,0.1104,-0.4645,0.9980,928,33.154308,0.0994,-0.3110
BiancaGolden_GrandPlies,-190.4144,-30.9750,163.7086,-8.1408,-14.6783,11.3202,0.8757,0.1108,-0.4701,0.9980,929,33.167969,0.0959,-0.3097
BiancaGolden_GrandPlies,-190.8173,-30.7776,163.3457,-8.2043,-14.8581,11.2230,0.8731,0.1089,-0.4752,0.9980,929,33.181557,0.0918,-0.3078
BiancaGolden_GrandPlies,-191.1617,-30.4480,163.0172,-8.3590,-14.8076,11.0340,0.8749,0.1129,-0.4709,0.9980,930,33.196083,0.0884,-0.3045
BiancaGolden_GrandPlies,-191.4910,-30.1360,162.7369,-8.3947,-14.5306,11.2616,0.8773,0.1232,-0.4639,0.9980,930,33.211006,0.0851,-0.3014
BiancaGolden_GrandPlies,-191.7898,-29.7607,162.3857,-8.3823,-14.0727,11.2584,0.8810,0.1219,-0.4571,0.9980,931,33.225494,0.0821,-0.2976
BiancaGolden_GrandPlies,-192.1316,-29.3222,162.0518,-8.4043,-13.6302,11.1207,0.8836,0.1204,-0.4524,0.9980,931,33.237637,0.0787,-0.2932
BiancaGolden_GrandPlies,-192.4270,-28.8573,161.7988,-8.3706,-13.3302,11.0304,0.8816,0.1186,-0.4569,0.9980,932,33.255741,0.0757,-0.2886
BiancaGolden_GrandPlies,-192.7029,-28.3587,161.5452,-8.1358,-13.0637,10.9317,0.8833,0.1156,-0.4543,0.9980,932,33.265415,0.0730,-0.2836
BiancaGolden_GrandPlies,-192.9442,-27.7546,161.4064,-7.5442,-12.9282,10.8842,0.8875,0.1122,-0.4469,0.9980,932,33.279148,0.0706,-0.2775
BiancaGolden_GrandPlies,-193.1712,-27.1304,161.1747,-7.0416,-12.4849,10.7539,0.8908,0.1085,-0.4412,0.9980,933,33.292980,0.0683,-0.2713
BiancaGolden_GrandPlies,-193.4213,-26.3738,160.8766,-6.6247,-12.1394,10.6582,0.8878,0.1076,-0.4475,0.9980,933,33.306034,0.0658,-0.2637
BiancaGolden_GrandPlies,-193.6721,-25.6514,160.5661,-6.3113,-11.8528,10.6310,0.8880,0.1040,-0.4479,0.9980,933,33.321072,0.0633,-0.2565
BiancaGolden_GrandPlies,-193.9298,-24.8694,160.2742,-6.0254,-11.8435,10.5135,0.8829,0.1010,-0.4585,0.9980,934,33.334423,0.0607,-0.2487
BiancaGolden_GrandPlies,-194.1038,-24.0815,160.1849,-5.9348,-12.2307,10.3702,0.8817,0.0977,-0.4615,0.9980,934,33.348396,0.0590,-0.2408
BiancaGolden_GrandPlies,-193.8783,-23.3424,160.7906,-5.7813,-12.2365,10.1942,0.8937,0.0888,-0.4399,0.9980,935,33.363338,0.0612,-0.2334
BiancaGolden_GrandPlies,-193.6710,-22.2976,160.7758,-6.4421,-10.8016,9.3008,0.8868,0.0929,-0.4528,0.9980,935,33.376266,0.0633,-0.2230
BiancaGolden_GrandPlies,-194.3071,-21.4943,160.1626,-6.4816,-11.0478,9.0854,0.8832,0.0817,-0.4619,0.9980,936,33.390987,0.0569,-0.2149
BiancaGolden_GrandPlies,-194.3830,-20.7174,159.9308,-5.5624,-11.7399,9.0880,0.8958,0.0780,-0.4375,0.9980,936,33.404655,0.0562,-0.2072
BiancaGolden_GrandPlies,-194.3200,-19.9333,160.2638,-4.3025,-11.7371,9.0148,0.8938,0.0711,-0.4428,0.9980,936,33.418850,0.0568,-0.1993
BiancaGolden_GrandPlies,-194.4163,-19.1575,160.7414,-3.8057,-12.1150,8.6946,0.8938,0.0972,-0.4379,0.9980,937,33.431953,0.0558,-0.1916
BiancaGolden_GrandPlies,-194.5027,-18.3990,160.6332,-3.3130,-12.4340,8.5102,0.8908,0.0914,-0.4450,0.9980,937,33.445412,0.0550,-0.1840
BiancaGolden_GrandPlies,-194.7006,-17.6797,160.4577,-2.5554,-12.8940,8.3130,0.8856,0.2026,-0.4179,0.9980,938,33.460640,0.0530,-0.1768
BiancaGolden_GrandPlies,-194.8298,-17.0173,160.3026,-1.9367,-13.3608,8.1148,0.8675,0.2691,-0.4185,0.9980,938,33.474869,0.0517,-0.1702
BiancaGolden_GrandPlies,-194.9554,-16.3777,160.3193,-1.4021,-13.6729,7.9333,0.8494,0.2608,-0.4588,0.9980,938,33.488472,0.0504,-0.1638
BiancaGolden_GrandPlies,-195.0684,-15.8158,160.4724,-0.9423,-14.0531,7.6391,0.8486,0.2538,-0.4641,0.9980,939,33.501873,0.0493,-0.1582
BiancaGolden_GrandPlies,-195.1620,-15.2489,160.5451,-0.4133,-14.3182,7.3346,0.8654,0.0628,-0.4971,0.9980,939,33.515156,0.0484,-0.1525
BiancaGolden_GrandPlies,-195.3010,-14.7064,160.5870,0.1920,-14.6680,7.1228,0.8650,0.0574,-0.4985,0.9980,940,33.530724,0.0470,-0.1471
BiancaGolden_GrandPlies,-195.4194,-14.1550,160.6121,0.5788,-14.7996,6.9252,0.8835,0.0510,-0.4657,0.9980,940,33.544441,0.0458,-0.1416
BiancaGolden_GrandPlies,-195.5019,-13.5950,160.6260,0.7840,-14.8360,6.6937,0.8977,0.0486,-0.4378,0.9980,941,33.558090,0.0450,-0.1360
BiancaGolden_GrandPlies,-195.5478,-13.0645,160.6845,0.8461,-14.7166,6.4555,0.8978,0.0676,-0.4353,0.9980,941,33.571148,0.0445,-0.1306
BiancaGolden_GrandPlies,-195.5767,-12.5395,160.6787,1.0250,-14.5515,6.2354,0.8995,0.0644,-0.4322,0.9980,941,33.585590,0.0442,-0.1254
BiancaGolden_GrandPlies,-195.6073,-12.0655,160.6176,1.2545,-14.5399,6.0843,0.8961,0.0591,-0.4398,0.9980,942,33.599648,0.0439,-0.1207
BiancaGolden_GrandPlies,-195.6707,-11.5897,160.6213,1.5697,-14.7463,5.9005,0.8942,0.0554,-0.4442,0.9980,942,33.613014,0.0433,-0.1159
BiancaGolden_GrandPlies,-195.6489,-11.1261,160.5810,1.8740,-15.0154,5.7180,0.8862,0.0467,-0.4609,0.9980,943,33.629032,0.0435,-0.1113
BiancaGolden_GrandPlies,-195.5863,-10.6869,160.5353,2.1590,-15.2356,5.5460,0.8841,0.0461,-0.4651,0.9980,943,33.641033,0.0441,-0.1069
BiancaGolden_GrandPlies,-195.5052,-10.2326,160.5164,2.3664,-15.2694,5.3744,0.8856,0.0451,-0.4623,0.9980,944,33.655418,0.0449,-0.1023
BiancaGolden_GrandPlies,-195.4012,-9.8048,160.5023,2.5085,-15.0875,5.1883,0.8891,0.0471,-0.4553,0.9980,944,33.669235,0.0460,-0.0980
BiancaGolden_GrandPlies,-195.2386,-9.3728,160.4432,2.4627,-14.7078,5.0624,0.8929,0.0445,-0.4480,0.9980,944,33.683311,0.0476,-0.0937
BiancaGolden_GrandPlies,-195.0850,-8.9898,160.3935,2.6281,-14.3208,4.8647,0.8956,0.0402,-0.4430,0.9980,945,33.697094,0.0491,-0.0899
BiancaGolden_GrandPlies,-194.9200,-8.5786,160.3137,2.8249,-14.0123,4.6325,0.8964,0.0385,-0.4416,0.9980,945,33.710705,0.0508,-0.0858
BiancaGolden_GrandPlies,-194.7777,-8.2133,160.2418,3.0196,-13.9198,4.4301,0.8930,0.0501,-0.4472,0.9980,946,33.725956,0.0522,-0.0821
BiancaGolden_GrandPlies,-194.6589,-7.8331,160.1348,3.1400,-14.0345,4.1784,0.8849,0.0442,-0.4637,0.9980,946,33.739128,0.0534,-0.0783
BiancaGolden_GrandPlies,-194.5263,-7.4690,160.0234,3.3280,-14.1952,3.9386,0.8804,0.0360,-0.4728,0.9980,947,33.758488,0.0547,-0.0747
BiancaGolden_GrandPlies,-194.3656,-7.1098,159.9066,3.5627,-14.5116,3.6733,0.8777,0.0312,-0.4783,0.9980,947,33.766869,0.0563,-0.0711
BiancaGolden_GrandPlies,-194.2214,-6.7690,159.7898,3.7750,-14.6817,3.4432,0.8741,0.0294,-0.4849,0.9980,947,33.783096,0.0578,-0.0677
BiancaGolden_GrandPlies,-194.0983,-6.4595,159.6669,3.8643,-14.9386,3.1502,0.8714,0.0234,-0.4900,0.9980,948,33.796375,0.0590,-0.0646
BiancaGolden_GrandPlies,-193.9853,-6.1544,159.5997,3.9291,-15.2732,2.7842,0.8667,0.0207,-0.4984,0.9980,948,33.809521,0.0601,-0.0615
BiancaGolden_GrandPlies,-193.8492,-5.8575,159.5294,4.0263,-15.6957,2.3747,0.8624,0.0155,-0.5060,0.9980,949,33.823765,0.0615,-0.0586
BiancaGolden_GrandPlies,-193.7299,-5.6034,159.4361,4.2858,-16.2194,1.9852,0.8590,0.0116,-0.5118,0.9980,949,33.837917,0.0627,-0.0560
BiancaGolden_GrandPlies,-193.5843,-5.3363,159.3653,4.6484,-16.6160,1.6193,0.8593,0.0159,-0.5113,0.9980,949,33.852112,0.0642,-0.0534
BiancaGolden_GrandPlies,-193.4523,-5.0569,159.2858,4.7986,-16.8879,1.2462,0.8577,0.0093,-0.5140,0.9980,950,33.864429,0.0655,-0.0506
BiancaGolden_GrandPlies,-193.3193,-4.8156,159.2198,4.9135,-17.0719,0.8404,0.8635,0.0055,-0.5043,0.9980,950,33.877953,0.0668,-0.0482
BiancaGolden_GrandPlies,-193.1726,-4.5980,159.1800,5.1184,-17.1996,0.4320,0.8661,0.0026,-0.4999,0.9980,951,33.893272,0.0683,-0.0460
BiancaGolden_GrandPlies,-193.0030,-4.3993,159.1811,5.5061,-17.1820,-0.0160,0.8697,0.0012,-0.4936,0.9980,951,33.906315,0.0700,-0.0440
BiancaGolden_GrandPlies,-192.8414,-4.2293,159.1759,5.9578,-17.1591,-0.4444,0.8721,-0.0025,-0.4894,0.9980,951,33.920490,0.0716,-0.0423
BiancaGolden_GrandPlies,-192.6867,-4.0457,159.1677,6.2862,-17.1783,-0.8866,0.8739,-0.0007,-0.4860,0.9980,952,33.934246,0.0731,-0.0405
BiancaGolden_GrandPlies,-192.5393,-3.8659,159.1504,6.4391,-17.1962,-1.2875,0.8733,-0.0056,-0.4872,0.9980,952,33.947273,0.0746,-0.0387
BiancaGolden_GrandPlies,-192.3967,-3.6871,159.1225,6.5169,-17.2592,-1.6067,0.8739,-0.0079,-0.4861,0.9980,953,33.962200,0.0760,-0.0369
BiancaGolden_GrandPlies,-192.2542,-3.5334,159.0825,6.5502,-17.4558,-1.8804,0.8697,0.0009,-0.4935,0.9980,953,33.976585,0.0775,-0.0353
BiancaGolden_GrandPlies,-192.1292,-3.3753,159.0229,6.6305,-17.6079,-2.0890,0.8715,0.0119,-0.4903,0.9980,954,33.989914,0.0787,-0.0338
BiancaGolden_GrandPlies,-192.0002,-3.2245,158.9713,6.6902,-17.8487,-2.2229,0.8695,0.0155,-0.4937,0.9980,954,34.003212,0.0800,-0.0322
BiancaGolden_GrandPlies,-191.8646,-3.0716,158.9456,6.5999,-18.0580,-2.2950,0.8720,0.0228,-0.4889,0.9980,954,34.018147,0.0814,-0.0307
BiancaGolden_GrandPlies,-191.6777,-2.9215,158.9602,6.4635,-18.1670,-2.3596,0.8726,0.0226,-0.4879,0.9980,955,34.031006,0.0832,-0.0292
BiancaGolden_GrandPlies,-191.4737,-2.8039,158.9438,6.4077,-18.0937,-2.3509,0.8742,0.0333,-0.4844,0.9980,955,34.044456,0.0853,-0.0280
BiancaGolden_GrandPlies,-191.2941,-2.6838,158.9452,6.4260,-18.0069,-2.3041,0.8781,0.0340,-0.4773,0.9980,956,34.059498,0.0871,-0.0268
BiancaGolden_GrandPlies,-191.1023,-2.5696,158.9349,6.4456,-17.8332,-2.2993,0.8792,0.0337,-0.4753,0.9980,956,34.073864,0.0890,-0.0257
BiancaGolden_GrandPlies,-190.9175,-2.4702,158.9325,6.4193,-17.6645,-2.3067,0.8787,0.0415,-0.4756,0.9980,956,34.087921,0.0908,-0.0247
BiancaGolden_GrandPlies,-190.7284,-2.3957,158.9311,6.4262,-17.6268,-2.3514,0.8770,0.0401,-0.4788,0.9980,957,34.100834,0.0927,-0.0240
BiancaGolden_GrandPlies,-190.5504,-2.3326,158.9103,6.4836,-17.6360,-2.4100,0.8746,0.0451,-0.4827,0.9980,957,34.114178,0.0945,-0.0233
BiancaGolden_GrandPlies,-190.3792,-2.3086,158.8381,6.5772,-17.8024,-2.5239,0.8741,0.0431,-0.4839,0.9980,958,34.129406,0.0962,-0.0231
BiancaGolden_GrandPlies,-190.1877,-2.2708,158.7795,6.6796,-17.8725,-2.6375,0.8733,0.0395,-0.4857,0.9980,958,34.143330,0.0981,-0.0227
BiancaGolden_GrandPlies,-189.9646,-2.2442,158.7379,6.8227,-17.9149,-2.7015,0.8731,0.0421,-0.4856,0.9980,959,34.156788,0.1004,-0.0224
BiancaGolden_GrandPlies,-189.7263,-2.2441,158.6953,7.0004,-17.8434,-2.7102,0.8733,0.0431,-0.4852,0.9980,959,34.169964,0.1027,-0.0224
BiancaGolden_GrandPlies,-189.4854,-2.2580,158.6777,7.1957,-17.7924,-2.6532,0.8757,0.0444,-0.4808,0.9980,959,34.184631,0.1051,-0.0226
BiancaGolden_GrandPlies,-189.2443,-2.2783,158.6324,7.3268,-17.7062,-2.5631,0.8760,0.0458,-0.4802,0.9980,960,34.197994,0.1076,-0.0228
BiancaGolden_GrandPlies,-189.0262,-2.3317,158.5509,7.4426,-17.6554,-2.4473,0.8761,0.0481,-0.4798,0.9980,960,34.212234,0.1097,-0.0233
BiancaGolden_GrandPlies,-188.8197,-2.3881,158.4539,7.6160,-17.6389,-2.3350,0.8757,0.0501,-0.4803,0.9980,961,34.226303,0.1118,-0.0239
BiancaGolden_GrandPlies,-188.6151,-2.4437,158.3118,7.7739,-17.6238,-2.1864,0.8725,0.0528,-0.4857,0.9980,961,34.240322,0.1138,-0.0244
BiancaGolden_GrandPlies,-188.3729,-2.5200,158.1999,7.8328,-17.6482,-2.0734,0.8728,0.0546,-0.4851,0.9980,962,34.259911,0.1163,-0.0252
BiancaGolden_GrandPlies,-188.1112,-2.5917,158.0913,7.8312,-17.6079,-1.9529,0.8736,0.0554,-0.4834,0.9980,962,34.268597,0.1189,-0.0259
BiancaGolden_GrandPlies,-187.8060,-2.6626,157.9794,7.6895,-17.5293,-1.8369,0.8772,0.0540,-0.4770,0.9980,962,34.283863,0.1219,-0.0266
BiancaGolden_GrandPlies,-187.5085,-2.7455,157.8396,7.5974,-17.4467,-1.7131,0.8780,0.0567,-0.4753,0.9980,963,34.296719,0.1249,-0.0275
BiancaGolden_GrandPlies,-187.1810,-2.8266,157.6821,7.3857,-17.3483,-1.5816,0.8762,0.0583,-0.4784,0.9980,963,34.309731,0.1282,-0.0283
BiancaGolden_GrandPlies,-186.8494,-2.8875,157.5406,7.1246,-17.2687,-1.4946,0.8805,0.0586,-0.4703,0.9980,964,34.324322,0.1315,-0.0289
BiancaGolden_GrandPlies,-186.4922,-2.9215,157.3892,6.9035,-17.1743,-1.3770,0.8776,0.0554,-0.4762,0.9980,964,34.337818,0.1351,-0.0292
BiancaGolden_GrandPlies,-186.1600,-2.9931,157.2191,6.8499,-17.1850,-1.1701,0.8756,0.0601,-0.4793,0.9980,964,34.352028,0.1384,-0.0299
BiancaGolden_GrandPlies,-185.8409,-3.0896,157.0337,6.9769,-17.4133,-0.8135,0.8726,0.0640,-0.4842,0.9980,965,34.365734,0.1416,-0.0309
BiancaGolden_GrandPlies,-185.5170,-3.1848,156.8955,6.9774,-17.7106,-0.5689,0.8697,0.0694,-0.4886,0.9980,965,34.378792,0.1448,-0.0318
BiancaGolden_GrandPlies,-185.1866,-3.2754,156.7812,6.9312,-17.9464,-0.3559,0.8670,0.0722,-0.4931,0.9980,966,34.393852,0.1481,-0.0328
BiancaGolden_GrandPlies,-184.8926,-3.3933,156.7135,6.8741,-18.3044,-0.1823,0.8642,0.0642,-0.4990,0.9980,966,34.407288,0.1511,-0.0339
BiancaGolden_GrandPlies,-184.6064,-3.5311,156.6398,6.8103,-18.6248,-0.0191,0.8626,0.0641,-0.5018,0.9980,966,34.421852,0.1539,-0.0353
BiancaGolden_GrandPlies,-184.3532,-3.6734,156.5838,6.7288,-18.9610,0.0717,0.8653,0.0574,-0.4980,0.9980,967,34.434448,0.1565,-0.0367
BiancaGolden_GrandPlies,-184.0992,-3.8004,156.5702,6.4946,-19.2758,0.1474,0.8640,0.0592,-0.4999,0.9980,967,34.448105,0.1590,-0.0380
BiancaGolden_GrandPlies,-183.8295,-3.9083,156.6096,6.1264,-19.4419,0.1897,0.8632,0.0617,-0.5010,0.9980,968,34.463409,0.1617,-0.0391
BiancaGolden_GrandPlies,-183.5787,-4.0181,156.6843,5.6386,-19.5295,0.2505,0.8667,0.0579,-0.4955,0.9980,968,34.476585,0.1642,-0.0402
BiancaGolden_GrandPlies,-183.3352,-4.1276,156.7777,5.0469,-19.3983,0.2269,0.8743,0.0596,-0.4818,0.9980,969,34.490425,0.1666,-0.0413
BiancaGolden_GrandPlies,-183.1262,-4.2551,156.8387,4.5935,-19.2603,0.2207,0.8812,0.0584,-0.4692,0.9980,969,34.503914,0.1687,-0.0426
BiancaGolden_GrandPlies,-182.9025,-4.3446,156.9580,4.2602,-19.0169,0.1728,0.8849,0.0523,-0.4627,0.9980,969,34.518517,0.1710,-0.0434
BiancaGolden_GrandPlies,-182.7431,-4.4239,157.0928,4.0674,-18.8093,0.1528,0.8855,0.0532,-0.4616,0.9980,970,34.531967,0.1726,-0.0442
BiancaGolden_GrandPlies,-182.6090,-4.5138,157.1739,4.0026,-18.7219,0.2004,0.9100,0.0221,-0.4141,0.9980,970,34.545712,0.1739,-0.0451
BiancaGolden_GrandPlies,-182.4729,-4.5853,157.2366,3.9503,-18.7040,0.2075,0.9191,0.0228,-0.3934,0.9980,971,34.560905,0.1753,-0.0459
BiancaGolden_GrandPlies,-182.3428,-4.6086,157.2839,3.8577,-18.7557,0.2558,0.9219,0.0218,-0.3869,0.9980,971,34.573402,0.1766,-0.0461
BiancaGolden_GrandPlies,-182.1703,-4.6127,157.3381,3.8299,-18.7794,0.3722,0.9219,0.0294,-0.3864,0.9980,971,34.588211,0.1783,-0.0461
BiancaGolden_GrandPlies,-182.0085,-4.5842,157.3774,3.8786,-18.7356,0.6367,0.9223,0.0353,-0.3848,0.9980,972,34.601574,0.1799,-0.0458
BiancaGolden_GrandPlies,-181.8500,-4.4984,157.3970,3.9032,-18.6648,0.9767,0.9220,0.0436,-0.3847,0.9980,972,34.614666,0.1815,-0.0450
BiancaGolden_GrandPlies,-181.7357,-4.3845,157.4094,3.9648,-18.6556,1.4932,0.9226,0.0555,-0.3817,0.9980,973,34.630035,0.1826,-0.0438
BiancaGolden_GrandPlies,-181.6007,-4.2702,157.3947,4.0877,-18.6912,2.0306,0.9217,0.0694,-0.3816,0.9980,973,34.643852,0.1840,-0.0427
BiancaGolden_GrandPlies,-181.4509,-4.1435,157.3307,4.2180,-18.6652,2.6213,0.9219,0.0772,-0.3797,0.9980,974,34.658581,0.1855,-0.0414
BiancaGolden_GrandPlies,-181.2635,-4.0313,157.2809,4.3972,-18.5425,3.1181,0.9216,0.0779,-0.3802,0.9980,974,34.670998,0.1874,-0.0403
BiancaGolden_GrandPlies,-181.0618,-3.9356,157.2159,4.6489,-18.3131,3.5304,0.9224,0.0764,-0.3786,0.9980,974,34.685207,0.1894,-0.0394
BiancaGolden_GrandPlies,-180.8597,-3.8523,157.1241,4.9682,-18.1766,3.8929,0.9225,0.0813,-0.3773,0.9980,975,34.698753,0.1914,-0.0385
BiancaGolden_GrandPlies,-180.6362,-3.7775,156.9777,5.3906,-18.0941,4.2299,0.9224,0.0808,-0.3776,0.9980,975,34.712280,0.1936,-0.0378
BiancaGolden_GrandPlies,-180.4440,-3.6870,156.8181,5.7325,-18.1328,4.5312,0.9263,0.0686,-0.3705,0.9980,976,34.727322,0.1956,-0.0369
BiancaGolden_GrandPlies,-180.2553,-3.5905,156.6548,6.0726,-18.2572,4.8080,0.9257,0.0667,-0.3723,0.9980,976,34.741119,0.1974,-0.0359
BiancaGolden_GrandPlies,-180.0537,-3.5032,156.4932,6.3598,-18.4115,5.0894,0.9266,0.0581,-0.3716,0.9980,977,34.759071,0.1995,-0.0350
BiancaGolden_GrandPlies,-179.8632,-3.4317,156.3278,6.5962,-18.6615,5.2474,0.9259,0.0596,-0.3730,0.9980,977,34.769314,0.2014,-0.0343
BiancaGolden_GrandPlies,-179.6642,-3.3821,156.1576,6.8817,-18.7649,5.3978,0.9255,0.0598,-0.3740,0.9980,977,34.783131,0.2034,-0.0338
BiancaGolden_GrandPlies,-179.4705,-3.3150,156.0061,7.1696,-18.8360,5.4313,0.9277,0.0552,-0.3692,0.9980,978,34.795898,0.2053,-0.0331
BiancaGolden_GrandPlies,-179.2780,-3.2447,155.8669,7.2866,-18.8739,5.3994,0.9285,0.0502,-0.3679,0.9980,978,34.809063,0.2072,-0.0324
BiancaGolden_GrandPlies,-179.0969,-3.1756,155.7246,7.3156,-18.9180,5.2405,0.9293,0.0339,-0.3677,0.9980,979,34.823639,0.2090,-0.0318
BiancaGolden_GrandPlies,-178.9288,-3.1192,155.5864,7.4054,-19.0066,5.1494,0.9303,0.0297,-0.3655,0.9980,979,34.838280,0.2107,-0.0312
BiancaGolden_GrandPlies,-178.7622,-3.0674,155.4455,7.5017,-19.1335,5.0514,0.9315,0.0280,-0.3626,0.9980,979,34.852127,0.2124,-0.0307
BiancaGolden_GrandPlies,-178.6115,-2.9970,155.3176,7.6353,-19.3019,4.9361,0.9307,0.0273,-0.3648,0.9980,980,34.864964,0.2139,-0.0300
BiancaGolden_GrandPlies,-178.4551,-2.9266,155.1936,7.7525,-19.4281,4.9051,0.9306,0.0250,-0.3651,0.9980,980,34.879723,0.2154,-0.0293
BiancaGolden_GrandPlies,-178.3113,-2.8514,155.0829,7.8997,-19.5809,4.8628,0.9310,0.0249,-0.3641,0.9980,981,34.893791,0.2169,-0.0285
BiancaGolden_GrandPlies,-178.1817,-2.7738,154.9718,8.0244,-19.7330,4.8289,0.9310,0.0238,-0.3642,0.9980,981,34.907028,0.2182,-0.0277
BiancaGolden_GrandPlies,-178.0549,-2.6937,154.8870,8.1476,-19.8213,4.7623,0.9340,0.0236,-0.3564,0.9980,981,34.921249,0.2195,-0.0269
BiancaGolden_GrandPlies,-177.9462,-2.6245,154.8255,8.3305,-19.8595,4.6845,0.9351,0.0206,-0.3539,0.9980,982,34.934502,0.2205,-0.0262
BiancaGolden_GrandPlies,-177.8341,-2.5504,154.7606,8.5957,-19.8349,4.6236,0.9352,0.0207,-0.3535,0.9980,982,34.948944,0.2217,-0.0255
BiancaGolden_GrandPlies,-177.7408,-2.4921,154.7005,8.9057,-19.8298,4.6344,0.9401,0.0210,-0.3404,0.9980,983,34.963013,0.2226,-0.0249
BiancaGolden_GrandPlies,-177.6350,-2.4347,154.6347,9.2020,-19.7930,4.6775,0.9419,0.0204,-0.3353,0.9980,983,34.977249,0.2237,-0.0243
BiancaGolden_GrandPlies,-177.5441,-2.3876,154.5695,9.4162,-19.7815,4.6674,0.9422,0.0196,-0.3345,0.9980,984,34.991585,0.2246,-0.0239
BiancaGolden_GrandPlies,-177.4550,-2.3654,154.5227,9.5960,-19.7280,4.6185,0.9426,0.0178,-0.3336,0.9980,984,35.004749,0.2255,-0.0237
BiancaGolden_GrandPlies,-177.3596,-2.3427,154.4813,9.7886,-19.6825,4.5079,0.9439,0.0150,-0.3299,0.9980,984,35.018902,0.2264,-0.0234
BiancaGolden_GrandPlies,-177.2763,-2.3331,154.4464,9.9723,-19.6326,4.3852,0.9442,0.0131,-0.3291,0.9980,985,35.032509,0.2272,-0.0233
BiancaGolden_GrandPlies,-177.1882,-2.3258,154.3872,10.2202,-19.5977,4.2780,0.9444,0.0117,-0.3285,0.9980,985,35.045742,0.2281,-0.0233
BiancaGolden_GrandPlies,-177.1267,-2.3215,154.3010,10.4095,-19.5811,4.1820,0.9445,0.0101,-0.3284,0.9980,986,35.060772,0.2287,-0.0232
BiancaGolden_GrandPlies,-177.0458,-2.3173,154.2301,10.5633,-19.5836,4.0799,0.9452,0.0169,-0.3261,0.9980,986,35.073853,0.2295,-0.0232
BiancaGolden_GrandPlies,-176.9724,-2.3234,154.1624,10.6879,-19.5641,3.9948,0.9475,0.0162,-0.3194,0.9980,986,35.088135,0.2303,-0.0232
BiancaGolden_GrandPlies,-176.8934,-2.3321,154.1211,10.7902,-19.5013,3.8712,0.9461,0.0129,-0.3237,0.9980,987,35.102009,0.2311,-0.0233
BiancaGolden_GrandPlies,-176.8223,-2.3595,154.0615,10.9510,-19.4266,3.7319,0.9463,0.0111,-0.3232,0.9980,987,35.115070,0.2318,-0.0236
BiancaGolden_GrandPlies,-176.7779,-2.3746,153.9861,11.1431,-19.4055,3.6205,0.9470,0.0105,-0.3209,0.9980,988,35.132225,0.2322,-0.0237
BiancaGolden_GrandPlies,-176.7452,-2.3992,153.8952,11.2833,-19.4340,3.5474,0.9466,0.0105,-0.3222,0.9980,988,35.143810,0.2325,-0.0240
BiancaGolden_GrandPlies,-176.6971,-2.4182,153.8168,11.3215,-19.4824,3.4406,0.9466,0.0100,-0.3222,0.9980,989,35.158585,0.2330,-0.0242
BiancaGolden_GrandPlies,-176.6245,-2.4616,153.7725,11.3324,-19.4859,3.3263,0.9471,0.0076,-0.3208,0.9980,989,35.171501,0.2338,-0.0246
BiancaGolden_GrandPlies,-176.5695,-2.5168,153.7155,11.3663,-19.4285,3.1672,0.9469,0.0049,-0.3214,0.9980,989,35.185707,0.2343,-0.0252
BiancaGolden_GrandPlies,-176.5138,-2.5878,153.6376,11.4421,-19.4547,2.9377,0.9466,0.0008,-0.3224,0.9980,990,35.199142,0.2349,-0.0259
BiancaGolden_GrandPlies,-176.4637,-2.6730,153.5616,11.5344,-19.5205,2.6901,0.9485,-0.0048,-0.3168,0.9980,990,35.212719,0.2354,-0.0267
BiancaGolden_GrandPlies,-176.4111,-2.7627,153.5150,11.6621,-19.5917,2.3742,0.9480,-0.0087,-0.3180,0.9980,991,35.228973,0.2359,-0.0276
BiancaGolden_GrandPlies,-176.3638,-2.8517,153.4757,11.8177,-19.6500,2.0310,0.9472,-0.0130,-0.3203,0.9980,991,35.243023,0.2364,-0.0285
BiancaGolden_GrandPlies,-176.3316,-2.9331,153.4385,11.9217,-19.7002,1.6971,0.9466,-0.0156,-0.3220,0.9980,992,35.260971,0.2367,-0.0293
BiancaGolden_GrandPlies,-176.3004,-3.0157,153.3988,12.0105,-19.7562,1.3037,0.9458,-0.0221,-0.3240,0.9980,992,35.271042,0.2370,-0.0302
BiancaGolden_GrandPlies,-176.2887,-3.1153,153.3612,12.0732,-19.8806,0.9117,0.9445,-0.0295,-0.3273,0.9980,992,35.286762,0.2371,-0.0312
BiancaGolden_GrandPlies,-176.2160,-3.3387,153.3016,12.2814,-20.0143,0.0783,0.9474,-0.0351,-0.3181,0.9980,993,35.300026,0.2378,-0.0334
BiancaGolden_GrandPlies,-176.1973,-3.4788,153.2822,12.3963,-20.0630,-0.4467,0.9470,-0.0295,-0.3198,0.9980,993,35.312878,0.2380,-0.0348
BiancaGolden_GrandPlies,-176.1985,-3.4888,153.2906,12.5514,-20.0665,-0.5839,0.9458,-0.0297,-0.3234,0.9980,994,35.327477,0.2380,-0.0349
BiancaGolden_GrandPlies,-176.1767,-3.6131,153.2856,12.7223,-20.1688,-1.0522,0.9448,-0.0287,-0.3263,0.9980,994,35.340435,0.2382,-0.0361
BiancaGolden_GrandPlies,-176.1532,-3.7275,153.2981,12.8533,-20.2249,-1.5435,0.9436,-0.0263,-0.3301,0.9980,994,35.355053,0.2385,-0.0373
BiancaGolden_GrandPlies,-176.1346,-3.8476,153.3044,12.9756,-20.2063,-2.0738,0.9434,-0.0340,-0.3300,0.9980,995,35.367870,0.2387,-0.0385
BiancaGolden_GrandPlies,-176.1226,-3.9709,153.3201,13.0905,-20.2023,-2.5478,0.9437,-0.0336,-0.3292,0.9980,995,35.380737,0.2388,-0.0397
BiancaGolden_GrandPlies,-176.1277,-4.0962,153.3196,13.2421,-20.2157,-3.0696,0.9424,-0.0367,-0.3326,0.9980,996,35.395897,0.2387,-0.0410
BiancaGolden_GrandPlies,-176.1326,-4.2036,153.3028,13.4021,-20.1726,-3.5526,0.9425,-0.0272,-0.3332,0.9980,996,35.408714,0.2387,-0.0420
BiancaGolden_GrandPlies,-176.1287,-4.3232,153.3245,13.5260,-20.1691,-3.9823,0.9406,-0.0328,-0.3379,0.9980,997,35.424168,0.2387,-0.0432
BiancaGolden_GrandPlies,-176.1245,-4.4236,153.3315,13.6567,-20.1087,-4.4076,0.9413,-0.0188,-0.3370,0.9980,997,35.436386,0.2388,-0.0442
BiancaGolden_GrandPlies,-176.1295,-4.5412,153.3410,13.7731,-20.0879,-4.8155,0.9412,-0.0248,-0.3370,0.9980,997,35.451370,0.2387,-0.0454
BiancaGolden_GrandPlies,-176.1351,-4.6525,153.3325,13.9066,-20.0735,-5.2092,0.9410,-0.0224,-0.3378,0.9980,998,35.464027,0.2386,-0.0465
BiancaGolden_GrandPlies,-176.1339,-4.7600,153.3403,14.0313,-20.0351,-5.5181,0.9412,-0.0087,-0.3378,0.9980,998,35.478188,0.2387,-0.0476
BiancaGolden_GrandPlies,-176.1182,-4.8386,153.3470,14.0887,-19.9696,-5.7473,0.9441,-0.0066,-0.3295,0.9980,999,35.491909,0.2388,-0.0484
BiancaGolden_GrandPlies,-176.0948,-4.9095,153.3540,14.0875,-19.8467,-5.9116,0.9443,0.0010,-0.3291,0.9980,999,35.505661,0.2391,-0.0491
BiancaGolden_GrandPlies,-176.0716,-4.9859,153.3684,14.1013,-19.7258,-6.0385,0.9448,0.0103,-0.3276,0.9980,999,35.519798,0.2393,-0.0499
BiancaGolden_GrandPlies,-176.0315,-5.0302,153.3922,14.0176,-19.5002,-6.0941,0.9464,0.0096,-0.3228,0.9980,1000,35.533264,0.2397,-0.0503
BiancaGolden_GrandPlies,-175.9798,-5.0750,153.4245,13.8575,-19.2289,-6.1212,0.9505,0.0112,-0.3106,0.9980,1000,35.546566,0.2402,-0.0508
BiancaGolden_GrandPlies,-175.9220,-5.1042,153.4713,13.5981,-18.8968,-6.1594,0.9523,0.0227,-0.3043,0.9980,1001,35.562401,0.2408,-0.0510
BiancaGolden_GrandPlies,-175.7887,-5.1184,153.5198,13.2138,-18.5268,-6.1627,0.9694,0.0343,-0.2431,0.9980,1001,35.575115,0.2421,-0.0512
BiancaGolden_GrandPlies,-175.7549,-5.1248,153.5794,12.9143,-18.1894,-6.1671,0.9749,0.0384,-0.2195,0.9980,1002,35.589088,0.2425,-0.0512
BiancaGolden_GrandPlies,-175.7261,-5.1395,153.5195,12.6528,-18.1549,-6.1509,0.9740,0.0443,-0.2221,0.9980,1002,35.602398,0.2427,-0.0514
BiancaGolden_GrandPlies,-175.7720,-5.1990,153.4831,12.4982,-18.2575,-6.1834,0.9732,0.0411,-0.2264,0.9980,1002,35.617535,0.2423,-0.0520
BiancaGolden_GrandPlies,-175.7658,-5.2693,153.4180,12.4312,-18.4837,-6.3573,0.9699,0.0401,-0.2401,0.9980,1003,35.630962,0.2423,-0.0527
BiancaGolden_GrandPlies,-175.7942,-5.3573,153.3883,12.4556,-18.7991,-6.6036,0.9678,0.0417,-0.2484,0.9980,1003,35.643936,0.2421,-0.0536
BiancaGolden_GrandPlies,-175.7898,-5.4398,153.3568,12.4256,-19.1430,-6.9798,0.9648,0.0332,-0.2611,0.9980,1004,35.658943,0.2421,-0.0544
BiancaGolden_GrandPlies,-175.7765,-5.5669,153.2792,12.3882,-19.4206,-7.5087,0.9632,0.0222,-0.2678,0.9980,1004,35.672413,0.2422,-0.0557
BiancaGolden_GrandPlies,-175.8196,-5.7327,153.2566,12.3454,-19.8589,-8.2271,0.9662,-0.0385,-0.2550,0.9980,1004,35.685905,0.2418,-0.0573
BiancaGolden_GrandPlies,-175.8460,-5.9262,153.2205,12.2140,-20.1378,-9.3237,0.9645,-0.0598,-0.2571,0.9980,1005,35.698971,0.2415,-0.0593
BiancaGolden_GrandPlies,-175.8483,-6.1354,153.2264,12.0378,-20.2858,-10.5752,0.9544,-0.1833,-0.2356,0.9980,1005,35.713074,0.2415,-0.0614
BiancaGolden_GrandPlies,-175.8779,-6.3765,153.2103,12.0200,-20.3197,-12.0866,0.9254,-0.3142,-0.2121,0.9980,1006,35.728043,0.2412,-0.0638
BiancaGolden_GrandPlies,-175.9344,-6.6316,153.1785,12.2122,-20.3693,-13.4356,0.8769,-0.4448,-0.1821,0.9980,1006,35.740902,0.2407,-0.0663
BiancaGolden_GrandPlies,-175.9717,-6.8743,153.1563,12.5375,-20.4001,-14.8515,0.7991,-0.4891,-0.3497,0.9980,1007,35.758583,0.2403,-0.0687
BiancaGolden_GrandPlies,-175.9758,-7.0946,153.1762,12.6694,-20.2562,-16.2583,0.7800,-0.5000,-0.3763,0.9980,1007,35.769100,0.2402,-0.0709
BiancaGolden_GrandPlies,-175.9758,-7.3151,153.2170,12.7820,-20.0216,-17.6510,0.7711,-0.5187,-0.3692,0.9980,1007,35.783012,0.2402,-0.0732
BiancaGolden_GrandPlies,-175.9717,-7.5278,153.2609,13.0002,-19.5947,-18.9610,0.7630,-0.5353,-0.3623,0.9980,1008,35.797718,0.2403,-0.0753
BiancaGolden_GrandPlies,-175.9894,-7.7285,153.2500,13.1996,-19.2071,-20.1225,0.7259,-0.6000,-0.3363,0.9980,1008,35.811058,0.2401,-0.0773
BiancaGolden_GrandPlies,-176.0095,-7.8964,153.2478,13.5509,-18.8763,-21.1348,0.6634,-0.6928,-0.2828,0.9980,1009,35.824802,0.2399,-0.0790
BiancaGolden_GrandPlies,-176.0226,-8.0281,153.2126,13.7143,-18.6809,-21.9363,0.6190,-0.7429,-0.2548,0.9980,1009,35.838905,0.2398,-0.0803
BiancaGolden_GrandPlies,-176.0556,-8.1466,153.1894,13.8321,-18.6850,-22.7978,0.6248,-0.7476,-0.2253,0.9980,1009,35.853390,0.2394,-0.0815
BiancaGolden_GrandPlies,-176.0758,-8.2292,153.1506,13.8063,-18.9772,-23.4502,0.6151,-0.7546,-0.2287,0.9980,1010,35.865925,0.2392,-0.0823
BiancaGolden_GrandPlies,-176.0963,-8.3189,153.1256,13.9413,-19.2666,-24.1394,0.6251,-0.7541,-0.2016,0.9980,1010,35.879845,0.2390,-0.0832
BiancaGolden_GrandPlies,-176.1069,-8.3708,153.1102,14.1312,-19.6343,-24.4707,0.6468,-0.7312,-0.2166,0.9980,1011,35.894455,0.2389,-0.0837
BiancaGolden_GrandPlies,-176.0728,-8.3916,153.1103,14.1635,-19.7958,-24.6038,0.6553,-0.7235,-0.2169,0.9980,1011,35.907978,0.2393,-0.0839
BiancaGolden_GrandPlies,-176.0177,-8.3939,153.1468,14.0381,-19.8229,-24.6311,0.6871,-0.6937,-0.2160,0.9980,1012,35.922459,0.2398,-0.0839
BiancaGolden_GrandPlies,-175.9538,-8.3857,153.1982,13.5464,-19.6717,-24.5514,0.7063,-0.6792,-0.1998,0.9980,1012,35.935722,0.2405,-0.0839
BiancaGolden_GrandPlies,-175.9574,-8.4504,153.2479,12.9799,-19.5299,-24.6925,0.7044,-0.6842,-0.1887,0.9980,1012,35.950020,0.2404,-0.0845
BiancaGolden_GrandPlies,-175.9935,-8.5929,153.3308,12.2364,-19.2294,-25.2989,0.6925,-0.6964,-0.1882,0.9980,1013,35.963524,0.2401,-0.0859
BiancaGolden_GrandPlies,-176.0789,-8.7963,153.4044,11.8246,-19.0693,-26.2397,0.6816,-0.7076,-0.1866,0.9980,1013,35.976982,0.2392,-0.0880
BiancaGolden_GrandPlies,-176.1465,-9.0691,153.4921,11.9393,-18.9300,-27.5628,0.6680,-0.7214,-0.1827,0.9980,1014,35.991863,0.2385,-0.0907
BiancaGolden_GrandPlies,-176.2334,-9.3219,153.5590,12.7914,-18.9529,-28.8365,0.6637,-0.7248,-0.1850,0.9980,1014,36.006855,0.2377,-0.0932
BiancaGolden_GrandPlies,-176.2791,-9.4794,153.6378,13.4329,-19.1456,-29.7519,0.6685,-0.7185,-0.1921,0.9980,1014,36.020638,0.2372,-0.0948
BiancaGolden_GrandPlies,-176.2049,-9.5474,153.7450,13.8318,-19.3216,-30.4286,0.6639,-0.7219,-0.1952,0.9980,1015,36.033039,0.2380,-0.0955
BiancaGolden_GrandPlies,-176.1113,-9.5989,153.9204,13.9104,-19.5324,-30.7636,0.6824,-0.7057,-0.1904,0.9980,1015,36.046726,0.2389,-0.0960
BiancaGolden_GrandPlies,-176.0263,-9.5734,154.1216,13.7646,-19.8217,-30.8090,0.6894,-0.6968,-0.1981,0.9980,1016,36.061317,0.2397,-0.0957
BiancaGolden_GrandPlies,-176.0628,-9.4986,154.2594,13.5022,-20.2991,-30.6882,0.7086,-0.6711,-0.2180,0.9980,1016,36.074993,0.2394,-0.0950
BiancaGolden_GrandPlies,-176.1892,-9.4190,154.3210,13.2004,-21.0754,-30.3921,0.7258,-0.6446,-0.2399,0.9980,1017,36.089722,0.2381,-0.0942
BiancaGolden_GrandPlies,-176.2854,-9.3271,154.4114,12.7697,-21.8274,-30.0118,0.7781,-0.5647,-0.2752,0.9980,1017,36.104023,0.2371,-0.0933
BiancaGolden_GrandPlies,-176.3037,-9.2364,154.5349,12.1526,-22.3955,-29.5490,0.8413,-0.4563,-0.2898,0.9980,1017,36.116993,0.2370,-0.0924
BiancaGolden_GrandPlies,-176.3275,-9.1397,154.7330,11.4980,-22.8308,-28.9140,0.8461,-0.4437,-0.2953,0.9980,1018,36.130795,0.2367,-0.0914
BiancaGolden_GrandPlies,-176.3007,-9.0695,155.0229,10.8759,-23.1628,-28.0432,0.8917,-0.3340,-0.3055,0.9980,1018,36.144886,0.2370,-0.0907
BiancaGolden_GrandPlies,-176.2792,-9.0622,155.2564,10.3470,-23.1959,-27.0883,0.9212,-0.2215,-0.3199,0.9980,1019,36.158882,0.2372,-0.0906
BiancaGolden_GrandPlies,-176.3207,-9.0526,155.4734,9.8510,-23.2647,-26.2615,0.9368,-0.1459,-0.3180,0.9980,1019,36.172741,0.2368,-0.0905
BiancaGolden_GrandPlies,-176.3411,-9.1131,155.6624,9.3816,-22.9808,-25.4444,0.9450,-0.0734,-0.3188,0.9980,1019,36.186871,0.2366,-0.0911
BiancaGolden_GrandPlies,-176.3871,-9.1988,155.8566,9.0341,-22.8604,-24.7766,0.9472,-0.0641,-0.3142,0.9980,1020,36.200291,0.2361,-0.0920
BiancaGolden_GrandPlies,-176.3923,-9.3111,156.0269,8.8407,-22.6268,-24.1635,0.9498,-0.0442,-0.3097,0.9980,1020,36.214077,0.2361,-0.0931
BiancaGolden_GrandPlies,-176.3985,-9.4325,156.1796,8.7353,-22.3696,-23.4490,0.9519,-0.0306,-0.3049,0.9980,1021,36.229675,0.2360,-0.0943
BiancaGolden_GrandPlies,-176.3939,-9.5649,156.2936,8.6740,-22.0797,-22.5943,0.9526,-0.0220,-0.3033,0.9980,1021,36.242390,0.2361,-0.0956
BiancaGolden_GrandPlies,-176.3791,-9.7114,156.3985,8.5552,-21.7103,-21.6786,0.9545,-0.0146,-0.2980,0.9980,1022,36.260448,0.2362,-0.0971
BiancaGolden_GrandPlies,-176.3743,-9.8700,156.5128,8.3960,-21.4213,-20.8426,0.9523,-0.0165,-0.3048,0.9980,1022,36.270554,0.2363,-0.0987
BiancaGolden_GrandPlies,-176.3609,-10.0681,156.6195,8.2410,-21.1607,-20.0400,0.9534,-0.0055,-0.3015,0.9980,1022,36.284920,0.2364,-0.1007
BiancaGolden_GrandPlies,-176.3309,-10.2926,156.7020,8.1308,-20.9841,-19.3495,0.9545,-0.0095,-0.2982,0.9980,1023,36.297417,0.2367,-0.1029
BiancaGolden_GrandPlies,-176.2837,-10.5123,156.7737,7.9211,-20.8566,-18.7432,0.9563,-0.0223,-0.2915,0.9980,1023,36.310619,0.2372,-0.1051
BiancaGolden_GrandPlies,-176.2227,-10.7087,156.8137,7.6785,-20.8049,-18.1821,0.9563,-0.0223,-0.2914,0.9980,1024,36.325508,0.2378,-0.1071
BiancaGolden_GrandPlies,-176.1824,-10.8990,156.7824,7.4714,-20.8573,-17.5558,0.9525,-0.0221,-0.3038,0.9980,1024,36.339245,0.2382,-0.1090
BiancaGolden_GrandPlies,-176.1681,-11.0867,156.7006,7.3504,-21.0430,-16.8277,0.9477,-0.0284,-0.3179,0.9980,1024,36.354294,0.2383,-0.1109
BiancaGolden_GrandPlies,-176.1522,-11.2444,156.5907,7.1917,-21.3884,-16.0004,0.9467,-0.0149,-0.3217,0.9980,1025,36.367523,0.2385,-0.1124
BiancaGolden_GrandPlies,-176.1397,-11.4080,156.4796,6.8765,-21.6890,-15.1926,0.9444,-0.0060,-0.3289,0.9980,1025,36.380951,0.2386,-0.1141
BiancaGolden_GrandPlies,-176.1406,-11.6060,156.3997,6.3894,-21.9723,-14.4897,0.9433,0.0027,-0.3320,0.9980,1026,36.395969,0.2386,-0.1161
BiancaGolden_GrandPlies,-176.1481,-11.8329,156.2942,5.9351,-22.1644,-13.9519,0.9388,0.0304,-0.3430,0.9980,1026,36.409615,0.2385,-0.1183
BiancaGolden_GrandPlies,-176.1700,-12.0874,156.1900,5.5237,-22.3448,-13.5643,0.9273,0.1003,-0.3606,0.9980,1027,36.424416,0.2383,-0.1209
BiancaGolden_GrandPlies,-176.1871,-12.3384,156.0797,5.2084,-22.4977,-13.2269,0.9257,0.1062,-0.3630,0.9980,1027,36.437977,0.2381,-0.1234
BiancaGolden_GrandPlies,-176.1942,-12.5891,155.9980,4.9188,-22.6190,-12.8656,0.9259,0.1081,-0.3620,0.9980,1027,36.452042,0.2381,-0.1259
BiancaGolden_GrandPlies,-176.1911,-12.8028,155.9128,4.5585,-22.6583,-12.5621,0.9256,0.1134,-0.3612,0.9980,1028,36.465485,0.2381,-0.1280
BiancaGolden_GrandPlies,-176.1916,-13.0321,155.7828,4.1439,-22.7407,-12.2292,0.9243,0.1073,-0.3663,0.9980,1028,36.478474,0.2381,-0.1303
BiancaGolden_GrandPlies,-176.2082,-13.2738,155.7165,3.8055,-22.9538,-11.8359,0.9233,0.1091,-0.3682,0.9980,1029,36.493225,0.2379,-0.1327
BiancaGolden_GrandPlies,-176.2067,-13.4935,155.6413,3.5100,-23.1625,-11.5841,0.9241,0.0972,-0.3696,0.9980,1029,36.507877,0.2379,-0.1349
BiancaGolden_GrandPlies,-176.2522,-13.7438,155.5267,3.2147,-23.3949,-11.3754,0.9293,0.0936,-0.3572,0.9980,1029,36.521431,0.2375,-0.1374
BiancaGolden_GrandPlies,-176.2763,-13.9944,155.4218,2.9264,-23.5819,-11.2273,0.9292,0.0957,-0.3569,0.9980,1030,36.535137,0.2372,-0.1399
BiancaGolden_GrandPlies,-176.2559,-14.2413,155.3288,2.7221,-23.5963,-11.1378,0.9316,0.0933,-0.3514,0.9980,1030,36.547920,0.2374,-0.1424
BiancaGolden_GrandPlies,-176.2251,-14.4805,155.3211,2.5940,-23.5503,-10.9581,0.9373,0.0967,-0.3347,0.9980,1031,36.563099,0.2377,-0.1448
BiancaGolden_GrandPlies,-176.1730,-14.7024,155.3233,2.5657,-23.3166,-10.6239,0.9383,0.1006,-0.3308,0.9980,1031,36.576996,0.2383,-0.1470
BiancaGolden_GrandPlies,-176.1873,-14.9359,155.2243,2.5380,-23.0736,-10.1620,0.9379,0.1056,-0.3303,0.9980,1032,36.591881,0.2381,-0.1494
BiancaGolden_GrandPlies,-176.2912,-15.2009,155.0508,2.5194,-22.9875,-9.6230,0.9373,0.1129,-0.3296,0.9980,1032,36.604877,0.2371,-0.1520
BiancaGolden_GrandPlies,-176.3584,-15.4856,154.9147,2.5662,-22.9299,-9.1804,0.9361,0.1203,-0.3304,0.9980,1032,36.618362,0.2364,-0.1549
BiancaGolden_GrandPlies,-176.4179,-15.7866,154.8212,2.6781,-22.9496,-8.7361,0.9347,0.1280,-0.3315,0.9980,1033,36.632175,0.2358,-0.1579
BiancaGolden_GrandPlies,-176.4515,-16.0781,154.7608,2.7340,-22.9988,-8.2866,0.9363,0.1250,-0.3281,0.9980,1033,36.645214,0.2355,-0.1608
BiancaGolden_GrandPlies,-176.4728,-16.3810,154.7466,2.6283,-23.0901,-7.7911,0.9368,0.1188,-0.3290,0.9980,1034,36.660652,0.2353,-0.1638
BiancaGolden_GrandPlies,-176.5220,-16.6909,154.7147,2.3494,-23.1767,-7.3551,0.9367,0.1186,-0.3294,0.9980,1034,36.673893,0.2348,-0.1669
BiancaGolden_GrandPlies,-176.5961,-17.0078,154.6567,1.9401,-23.3150,-7.0498,0.9372,0.1146,-0.3294,0.9980,1034,36.688469,0.2340,-0.1701
BiancaGolden_GrandPlies,-176.6822,-17.3200,154.5549,1.4999,-23.3926,-6.8969,0.9383,0.1042,-0.3296,0.9980,1035,36.702499,0.2332,-0.1732
BiancaGolden_GrandPlies,-176.7732,-17.6382,154.4292,1.1445,-23.4510,-6.7556,0.9385,0.1063,-0.3286,0.9980,1035,36.715572,0.2323,-0.1764
BiancaGolden_GrandPlies,-176.8703,-17.9404,154.2910,0.8097,-23.4595,-6.6202,0.9387,0.1058,-0.3281,0.9980,1036,36.729969,0.2313,-0.1794
BiancaGolden_GrandPlies,-176.9446,-18.2483,154.1729,0.3852,-23.3884,-6.4469,0.9396,0.1015,-0.3267,0.9980,1036,36.743996,0.2306,-0.1825
BiancaGolden_GrandPlies,-176.9903,-18.5654,154.0892,0.0328,-23.3319,-6.2984,0.9401,0.0991,-0.3261,0.9980,1037,36.761833,0.2301,-0.1857
BiancaGolden_GrandPlies,-177.0402,-18.9109,154.0112,-0.1223,-23.2997,-6.0916,0.9378,0.1006,-0.3323,0.9980,1037,36.771976,0.2296,-0.1891
BiancaGolden_GrandPlies,-177.1180,-19.2702,153.9253,-0.1606,-23.3880,-5.8698,0.9367,0.1045,-0.3342,0.9980,1037,36.787090,0.2288,-0.1927
BiancaGolden_GrandPlies,-177.1797,-19.6184,153.8630,-0.1784,-23.5112,-5.6293,0.9386,0.1112,-0.3267,0.9980,1038,36.800190,0.2282,-0.1962
BiancaGolden_GrandPlies,-177.2517,-19.9803,153.8396,-0.3649,-23.5243,-5.3321,0.9384,0.1050,-0.3291,0.9980,1038,36.812859,0.2275,-0.1998
BiancaGolden_GrandPlies,-177.2846,-20.3700,153.8011,-0.6517,-23.4376,-5.0721,0.9396,0.1101,-0.3242,0.9980,1039,36.827248,0.2272,-0.2037
BiancaGolden_GrandPlies,-177.4118,-20.7757,153.7445,-1.0470,-23.2234,-4.8524,0.9398,0.1074,-0.3245,0.9980,1039,36.840725,0.2259,-0.2078
BiancaGolden_GrandPlies,-177.5120,-21.2435,153.7025,-1.6253,-23.0845,-4.8538,0.9398,0.1044,-0.3255,0.9980,1040,36.856457,0.2249,-0.2124
BiancaGolden_GrandPlies,-177.6177,-21.7511,153.6528,-2.0903,-22.8984,-5.0810,0.9417,0.0924,-0.3236,0.9980,1040,36.868870,0.2238,-0.2175
BiancaGolden_GrandPlies,-177.7037,-22.3151,153.6349,-2.5123,-22.8291,-5.6503,0.9427,0.0792,-0.3242,0.9980,1040,36.884331,0.2230,-0.2232
BiancaGolden_GrandPlies,-177.8157,-22.9399,153.6184,-2.4821,-22.8621,-6.4560,0.9415,0.0730,-0.3289,0.9980,1041,36.898098,0.2218,-0.2294
BiancaGolden_GrandPlies,-177.9705,-23.5798,153.5626,-2.1656,-23.0758,-7.0568,0.9365,0.0684,-0.3441,0.9980,1041,36.911320,0.2203,-0.2358
BiancaGolden_GrandPlies,-178.1174,-24.1730,153.5540,-1.9243,-23.3533,-7.4612,0.9339,0.0676,-0.3511,0.9980,1042,36.925835,0.2188,-0.2417
BiancaGolden_GrandPlies,-178.2297,-24.7171,153.6369,-2.1048,-23.5127,-7.5355,0.9311,0.0683,-0.3583,0.9980,1042,36.938278,0.2177,-0.2472
BiancaGolden_GrandPlies,-178.3145,-25.2194,153.7499,-2.7823,-23.5421,-7.3310,0.9325,0.0748,-0.3533,0.9980,1042,36.952744,0.2169,-0.2522
BiancaGolden_GrandPlies,-178.4491,-25.7285,153.8306,-3.9617,-23.4424,-6.8661,0.9340,0.0805,-0.3481,0.9980,1043,36.966660,0.2155,-0.2573
BiancaGolden_GrandPlies,-178.6050,-26.2706,153.8647,-5.0843,-23.3244,-6.4468,0.9356,0.0998,-0.3388,0.9980,1043,36.980534,0.2139,-0.2627
BiancaGolden_GrandPlies,-178.7472,-26.8418,153.9074,-6.3143,-23.1014,-5.9143,0.9381,0.1101,-0.3284,0.9980,1044,36.994980,0.2125,-0.2684
BiancaGolden_GrandPlies,-178.8701,-27.4152,154.0035,-7.3969,-22.8894,-5.3842,0.9413,0.1189,-0.3159,0.9980,1044,37.008770,0.2113,-0.2742
BiancaGolden_GrandPlies,-179.0139,-27.9716,154.0853,-8.4900,-22.5581,-4.7913,0.9439,0.1298,-0.3038,0.9980,1045,37.022503,0.2099,-0.2797
BiancaGolden_GrandPlies,-179.1756,-28.5211,154.1277,-9.5841,-22.2850,-4.0726,0.9453,0.1388,-0.2951,0.9980,1045,37.036503,0.2082,-0.2852
BiancaGolden_GrandPlies,-179.3277,-29.0720,154.1487,-10.6540,-21.9630,-3.4253,0.9450,0.1509,-0.2902,0.9980,1045,37.050278,0.2067,-0.2907
BiancaGolden_GrandPlies,-179.4696,-29.6528,154.1929,-11.6826,-21.7031,-2.8483,0.9446,0.1587,-0.2873,0.9980,1046,37.064186,0.2053,-0.2965
BiancaGolden_GrandPlies,-179.6184,-30.2506,154.2524,-12.5900,-21.4161,-2.3554,0.9431,0.1662,-0.2881,0.9980,1046,37.077030,0.2038,-0.3025
BiancaGolden_GrandPlies,-179.7519,-30.8494,154.3223,-13.3949,-21.1553,-1.9571,0.9408,0.1701,-0.2933,0.9980,1047,37.092896,0.2025,-0.3085
BiancaGolden_GrandPlies,-179.8630,-31.4707,154.3542,-14.0975,-20.7474,-1.6105,0.9376,0.1634,-0.3069,0.9980,1047,37.105804,0.2014,-0.3147
BiancaGolden_GrandPlies,-179.9613,-32.0780,154.3899,-14.8504,-20.3742,-1.2782,0.9388,0.1625,-0.3036,0.9980,1047,37.120083,0.2004,-0.3208
BiancaGolden_GrandPlies,-180.0489,-32.6474,154.3707,-15.4755,-19.8641,-1.1338,0.9412,0.1656,-0.2944,0.9980,1048,37.133541,0.1995,-0.3265
BiancaGolden_GrandPlies,-180.1292,-33.2430,154.3869,-16.1207,-19.4164,-0.9176,0.9418,0.1654,-0.2926,0.9980,1048,37.147251,0.1987,-0.3324
BiancaGolden_GrandPlies,-180.1988,-33.8335,154.3762,-16.6953,-19.0334,-0.7272,0.9408,0.1716,-0.2923,0.9980,1049,37.161961,0.1980,-0.3383
BiancaGolden_GrandPlies,-180.2809,-34.4073,154.3311,-17.2278,-18.8132,-0.4545,0.9400,0.1779,-0.2911,0.9980,1049,37.175476,0.1972,-0.3441
BiancaGolden_GrandPlies,-180.3455,-34.9722,154.2796,-17.7801,-18.7817,-0.0843,0.9347,0.1860,-0.3030,0.9980,1050,37.190956,0.1965,-0.3497
BiancaGolden_GrandPlies,-180.3755,-35.5278,154.2553,-18.3838,-18.7001,0.2671,0.9355,0.1875,-0.2995,0.9980,1050,37.203236,0.1962,-0.3553
BiancaGolden_GrandPlies,-180.3901,-36.0880,154.2179,-18.9025,-18.5334,0.5736,0.9365,0.1919,-0.2936,0.9980,1050,37.218365,0.1961,-0.3609
BiancaGolden_GrandPlies,-180.4097,-36.6576,154.1557,-19.3665,-18.2599,0.8432,0.9357,0.1944,-0.2944,0.9980,1051,37.231365,0.1959,-0.3666
BiancaGolden_GrandPlies,-180.4024,-37.2115,154.0898,-19.7204,-17.9655,1.0707,0.9354,0.1971,-0.2936,0.9980,1051,37.247921,0.1960,-0.3721
BiancaGolden_GrandPlies,-180.3958,-37.7413,154.0082,-20.0988,-17.6843,1.3027,0.9324,0.2035,-0.2986,0.9980,1052,37.260586,0.1960,-0.3774
BiancaGolden_GrandPlies,-180.3738,-38.2284,153.9195,-20.3692,-17.4240,1.5592,0.9322,0.2051,-0.2981,0.9980,1052,37.273174,0.1963,-0.3823
BiancaGolden_GrandPlies,-180.3500,-38.7066,153.8162,-20.6663,-17.2026,1.8787,0.9320,0.2103,-0.2954,0.9980,1052,37.287758,0.1965,-0.3871
BiancaGolden_GrandPlies,-180.3205,-39.1882,153.7154,-21.0438,-17.0154,2.2442,0.9315,0.2168,-0.2921,0.9980,1053,37.300884,0.1968,-0.3919
BiancaGolden_GrandPlies,-180.2803,-39.6539,153.5779,-21.3008,-16.8615,2.6434,0.9310,0.2242,-0.2882,0.9980,1053,37.314957,0.1972,-0.3965
BiancaGolden_GrandPlies,-180.2404,-40.1038,153.4666,-21.6025,-16.6743,3.0708,0.9373,0.2603,-0.2319,0.9980,1054,37.329391,0.1976,-0.4010
BiancaGolden_GrandPlies,-180.1788,-40.5576,153.3726,-21.9415,-16.4422,3.4982,0.9366,0.2671,-0.2270,0.9980,1054,37.343830,0.1982,-0.4056
BiancaGolden_GrandPlies,-180.1217,-40.9982,153.2839,-22.3132,-16.2237,3.9271,0.9380,0.2712,-0.2159,0.9980,1055,37.357529,0.1988,-0.4100
BiancaGolden_GrandPlies,-180.0564,-41.4201,153.2023,-22.7460,-16.0367,4.3595,0.9388,0.2686,-0.2156,0.9980,1055,37.371098,0.1994,-0.4142
BiancaGolden_GrandPlies,-180.0026,-41.8379,153.0989,-23.0931,-15.8598,4.7794,0.9380,0.2743,-0.2121,0.9980,1055,37.386215,0.2000,-0.4184
BiancaGolden_GrandPlies,-179.9595,-42.2387,152.9876,-23.3146,-15.7046,5.1257,0.9376,0.2738,-0.2143,0.9980,1056,37.399796,0.2004,-0.4224
BiancaGolden_GrandPlies,-179.9244,-42.6534,152.8746,-23.5281,-15.6483,5.4912,0.9324,0.2781,-0.2309,0.9980,1056,37.412174,0.2008,-0.4265
BiancaGolden_GrandPlies,-179.8804,-43.0575,152.7778,-23.6718,-15.5683,5.8262,0.9260,0.2885,-0.2436,0.9980,1057,37.427334,0.2012,-0.4306
BiancaGolden_GrandPlies,-179.8451,-43.4394,152.6922,-23.7950,-15.5230,6.1120,0.9254,0.2894,-0.2448,0.9980,1057,37.441505,0.2015,-0.4344
BiancaGolden_GrandPlies,-179.7977,-43.8104,152.6046,-23.9569,-15.4621,6.4148,0.9245,0.2935,-0.2432,0.9980,1058,37.455906,0.2020,-0.4381
BiancaGolden_GrandPlies,-179.7595,-44.1844,152.5298,-24.1158,-15.4027,6.6508,0.9244,0.2962,-0.2404,0.9980,1058,37.469185,0.2024,-0.4418
BiancaGolden_GrandPlies,-179.7259,-44.5477,152.4404,-24.2934,-15.2861,6.8764,0.9241,0.2988,-0.2383,0.9980,1058,37.482563,0.2027,-0.4455
BiancaGolden_GrandPlies,-179.6924,-44.9039,152.3561,-24.4771,-15.1908,7.0396,0.9263,0.2906,-0.2398,0.9980,1059,37.496288,0.2031,-0.4490
BiancaGolden_GrandPlies,-179.6750,-45.2685,152.2662,-24.6567,-15.0899,7.1776,0.9267,0.2910,-0.2379,0.9980,1059,37.510403,0.2033,-0.4527
BiancaGolden_GrandPlies,-179.6531,-45.6194,152.1847,-24.8301,-14.9938,7.2300,0.9287,0.2860,-0.2360,0.9980,1060,37.524460,0.2035,-0.4562
BiancaGolden_GrandPlies,-179.6441,-45.9583,152.0957,-25.0178,-14.9298,7.2859,0.9290,0.2866,-0.2342,0.9980,1060,37.539097,0.2036,-0.4596
BiancaGolden_GrandPlies,-179.6401,-46.2701,152.0077,-25.1974,-14.8583,7.2971,0.9297,0.2834,-0.2354,0.9980,1060,37.552326,0.2036,-0.4627
BiancaGolden_GrandPlies,-179.6370,-46.5746,151.9252,-25.3900,-14.8143,7.3427,0.9300,0.2847,-0.2326,0.9980,0,37.565598,0.2036,-0.4657
BiancaGolden_GrandPlies,-179.6289,-46.8699,151.8382,-25.5563,-14.7201,7.4045,0.9303,0.2848,-0.2312,0.9980,0,37.579536,0.2037,-0.4687
BiancaGolden_GrandPlies,-179.6201,-47.1562,151.7479,-25.7132,-14.6441,7.4463,0.9305,0.2859,-0.2289,0.9980,1,37.595325,0.2038,-0.4716
BiancaGolden_GrandPlies,-179.6174,-47.4197,151.6416,-25.9163,-14.5399,7.5120,0.9308,0.2863,-0.2273,0.9980,1,37.608723,0.2038,-0.4742
BiancaGolden_GrandPlies,-179.6180,-47.6663,151.5283,-26.1820,-14.4856,7.5375,0.9284,0.2846,-0.2389,0.9980,2,37.622334,0.2038,-0.4767
BiancaGolden_GrandPlies,-179.6156,-47.9054,151.4239,-26.4908,-14.4884,7.5521,0.9287,0.2844,-0.2378,0.9980,2,37.635849,0.2038,-0.4791
BiancaGolden_GrandPlies,-179.6028,-48.1348,151.3426,-26.7862,-14.4741,7.5534,0.9290,0.2811,-0.2409,0.9980,2,37.650711,0.2040,-0.4813
BiancaGolden_GrandPlies,-179.6033,-48.3349,151.2377,-27.0854,-14.4256,7.4960,0.9302,0.2775,-0.2401,0.9980,3,37.664093,0.2040,-0.4833
BiancaGolden_GrandPlies,-179.5906,-48.5191,151.1464,-27.3503,-14.3511,7.4101,0.9314,0.2759,-0.2376,0.9980,3,37.676926,0.2041,-0.4852
BiancaGolden_GrandPlies,-179.5732,-48.6964,151.0486,-27.5740,-14.2360,7.3087,0.9332,0.2742,-0.2323,0.9980,4,37.692207,0.2043,-0.4870
BiancaGolden_GrandPlies,-179.5539,-48.8278,150.9697,-27.8136,-14.1063,7.1133,0.9345,0.2709,-0.2307,0.9980,4,37.705318,0.2045,-0.4883
BiancaGolden_GrandPlies,-179.5437,-48.9489,150.8702,-28.0456,-14.0420,6.9185,0.9340,0.2674,-0.2371,0.9980,4,37.719940,0.2046,-0.4895
BiancaGolden_GrandPlies,-179.5576,-49.0344,150.7784,-28.2119,-14.0589,6.7976,0.9325,0.2701,-0.2399,0.9980,5,37.733654,0.2044,-0.4903
BiancaGolden_GrandPlies,-179.5496,-49.1124,150.7406,-28.2956,-14.1319,6.7447,0.9320,0.2707,-0.2409,0.9980,5,37.750397,0.2045,-0.4911
BiancaGolden_GrandPlies,-179.5581,-49.1751,150.7101,-28.2719,-14.1896,6.7823,0.9308,0.2729,-0.2433,0.9980,6,37.763115,0.2044,-0.4918
BiancaGolden_GrandPlies,-179.5711,-49.2025,150.6813,-28.1251,-14.2546,6.8906,0.9298,0.2754,-0.2441,0.9980,6,37.775314,0.2043,-0.4920
BiancaGolden_GrandPlies,-179.5832,-49.2054,150.6349,-27.9320,-14.2681,7.0476,0.9266,0.2709,-0.2608,0.9980,7,37.790833,0.2042,-0.4921
BiancaGolden_GrandPlies,-179.5740,-49.2081,150.6046,-27.8031,-14.2481,7.1219,0.9267,0.2714,-0.2597,0.9980,7,37.802807,0.2043,-0.4921
BiancaGolden_GrandPlies,-179.5589,-49.2251,150.5767,-27.5833,-14.1476,7.1560,0.9276,0.2703,-0.2580,0.9980,7,37.817387,0.2044,-0.4923
BiancaGolden_GrandPlies,-179.5556,-49.2057,150.5609,-27.3742,-14.0264,7.0932,0.9303,0.2688,-0.2496,0.9980,8,37.831020,0.2044,-0.4921
BiancaGolden_GrandPlies,-179.5465,-49.1682,150.4976,-27.1868,-13.8763,7.0253,0.9302,0.2695,-0.2492,0.9980,8,37.843887,0.2045,-0.4917
BiancaGolden_GrandPlies,-179.5703,-49.1287,150.4596,-27.0505,-13.8304,7.0683,0.9297,0.2700,-0.2507,0.9980,9,37.859676,0.2043,-0.4913
BiancaGolden_GrandPlies,-179.5688,-49.1050,150.4319,-26.9471,-13.8503,7.1994,0.9275,0.2732,-0.2551,0.9980,9,37.872368,0.2043,-0.4910
BiancaGolden_GrandPlies,-179.5804,-49.0628,150.3953,-26.8800,-13.8542,7.3420,0.9268,0.2746,-0.2561,0.9980,9,37.886616,0.2042,-0.4906
BiancaGolden_GrandPlies,-179.5856,-49.0000,150.3493,-26.8468,-13.8969,7.5017,0.9263,0.2738,-0.2588,0.9980,10,37.900085,0.2041,-0.4900
BiancaGolden_GrandPlies,-179.5952,-48.9395,150.3037,-26.8557,-13.9447,7.6623,0.9258,0.2748,-0.2595,0.9980,10,37.914509,0.2040,-0.4894
BiancaGolden_GrandPlies,-179.5994,-48.8742,150.2655,-26.8499,-13.9881,7.7305,0.9259,0.2744,-0.2596,0.9980,11,37.929745,0.2040,-0.4887
BiancaGolden_GrandPlies,-179.6117,-48.7991,150.2218,-26.8708,-14.0755,7.7479,0.9268,0.2688,-0.2622,0.9980,11,37.942642,0.2039,-0.4880
BiancaGolden_GrandPlies,-179.6068,-48.7107,150.2037,-26.9134,-14.1647,7.6820,0.9269,0.2677,-0.2630,0.9980,12,37.956249,0.2039,-0.4871
BiancaGolden_GrandPlies,-179.6041,-48.6262,150.2032,-26.9334,-14.2150,7.6148,0.9274,0.2659,-0.2631,0.9980,12,37.969769,0.2040,-0.4863
BiancaGolden_GrandPlies,-179.6032,-48.5316,150.2152,-26.9408,-14.2205,7.5108,0.9275,0.2664,-0.2622,0.9980,12,37.985123,0.2040,-0.4853
BiancaGolden_GrandPlies,-179.6091,-48.4392,150.2387,-26.8566,-14.2133,7.4061,0.9265,0.2677,-0.2644,0.9980,13,37.997932,0.2039,-0.4844
BiancaGolden_GrandPlies,-179.6216,-48.3239,150.2487,-26.7076,-14.1687,7.2999,0.9267,0.2666,-0.2647,0.9980,13,38.010872,0.2038,-0.4832
BiancaGolden_GrandPlies,-179.6296,-48.1762,150.2596,-26.5560,-14.1659,7.2275,0.9268,0.2646,-0.2665,0.9980,14,38.026566,0.2037,-0.4818
BiancaGolden_GrandPlies,-179.6301,-48.0090,150.2844,-26.3325,-14.1875,7.2056,0.9266,0.2646,-0.2671,0.9980,14,38.039539,0.2037,-0.4801
BiancaGolden_GrandPlies,-179.6361,-47.8316,150.3189,-26.1279,-14.1972,7.2149,0.9270,0.2637,-0.2668,0.9980,15,38.055386,0.2036,-0.4783
BiancaGolden_GrandPlies,-179.6278,-47.6614,150.3629,-25.9291,-14.2145,7.2414,0.9268,0.2638,-0.2672,0.9980,15,38.067337,0.2037,-0.4766
BiancaGolden_GrandPlies,-179.6194,-47.4446,150.4012,-25.7853,-14.2220,7.2570,0.9259,0.2651,-0.2693,0.9980,15,38.082172,0.2038,-0.4744
BiancaGolden_GrandPlies,-179.5909,-47.2142,150.4572,-25.6991,-14.2700,7.3083,0.9260,0.2621,-0.2717,0.9980,16,38.095573,0.2041,-0.4721
BiancaGolden_GrandPlies,-179.5658,-46.9545,150.5031,-25.6492,-14.2995,7.3410,0.9262,0.2681,-0.2652,0.9980,16,38.108749,0.2043,-0.4695
BiancaGolden_GrandPlies,-179.5323,-46.6752,150.5338,-25.7110,-14.3517,7.3532,0.9260,0.2675,-0.2665,0.9980,17,38.123451,0.2047,-0.4668
BiancaGolden_GrandPlies,-179.4769,-46.3709,150.5619,-25.8433,-14.4492,7.3143,0.9353,0.2493,-0.2512,0.9980,17,38.137184,0.2052,-0.4637
BiancaGolden_GrandPlies,-179.4195,-46.0637,150.5889,-25.9188,-14.5052,7.2727,0.9355,0.2461,-0.2536,0.9980,17,38.151245,0.2058,-0.4606
BiancaGolden_GrandPlies,-179.3553,-45.7182,150.6074,-25.9737,-14.5634,7.2419,0.9488,0.2103,-0.2357,0.9980,18,38.164711,0.2064,-0.4572
BiancaGolden_GrandPlies,-179.2679,-45.3226,150.6180,-25.8523,-14.5990,7.2001,0.9557,0.2004,-0.2157,0.9980,18,38.178078,0.2073,-0.4532
BiancaGolden_GrandPlies,-179.1671,-44.9303,150.6396,-25.6878,-14.6228,7.1788,0.9534,0.2208,-0.2056,0.9980,19,38.193714,0.2083,-0.4493
BiancaGolden_GrandPlies,-179.0477,-44.4342,150.6326,-25.4148,-14.6416,7.0757,0.9525,0.2218,-0.2086,0.9980,19,38.206577,0.2095,-0.4443
BiancaGolden_GrandPlies,-178.9629,-43.9503,150.7027,-25.1020,-14.7878,7.1270,0.9513,0.2245,-0.2113,0.9980,19,38.221043,0.2104,-0.4395
BiancaGolden_GrandPlies,-178.8565,-43.4121,150.7793,-24.4708,-14.8834,7.2622,0.9327,0.2367,-0.2723,0.9980,20,38.234444,0.2114,-0.4341
BiancaGolden_GrandPlies,-178.8078,-42.8365,150.8006,-23.7229,-14.9522,7.4186,0.8907,0.2229,-0.3961,0.9980,20,38.252743,0.2119,-0.4284
BiancaGolden_GrandPlies,-178.8029,-42.2150,150.8314,-22.9690,-15.2223,7.6573,0.8884,0.2242,-0.4006,0.9980,21,38.263126,0.2120,-0.4222
BiancaGolden_GrandPlies,-178.7397,-41.6276,150.9191,-22.1071,-15.4144,7.8930,0.8870,0.2245,-0.4035,0.9980,21,38.275673,0.2126,-0.4163
BiancaGolden_GrandPlies,-178.6664,-41.0060,151.0884,-21.2127,-15.5037,8.0654,0.9182,0.2122,-0.3344,0.9980,22,38.290760,0.2133,-0.4101
BiancaGolden_GrandPlies,-178.6104,-40.3692,151.2563,-20.5765,-15.5034,8.2389,0.9171,0.2150,-0.3358,0.9980,22,38.303493,0.2139,-0.4037
BiancaGolden_GrandPlies,-178.6106,-39.7383,151.4052,-19.9580,-15.5422,8.4696,0.9518,0.1953,-0.2366,0.9980,22,38.319088,0.2139,-0.3974
BiancaGolden_GrandPlies,-178.6703,-39.1358,151.5389,-19.3416,-15.7321,8.6361,0.9481,0.2134,-0.2356,0.9980,23,38.332710,0.2133,-0.3914
BiancaGolden_GrandPlies,-178.7607,-38.5205,151.6421,-18.7113,-15.9987,8.7056,0.9295,0.2411,-0.2791,0.9980,23,38.345924,0.2124,-0.3852
BiancaGolden_GrandPlies,-178.8369,-37.8822,151.8228,-18.2124,-16.2492,8.7636,0.9263,0.2544,-0.2778,0.9980,24,38.360474,0.2116,-0.3788
BiancaGolden_GrandPlies,-178.8956,-37.1839,152.0253,-17.8921,-16.3518,8.6844,0.9251,0.2562,-0.2802,0.9980,24,38.373592,0.2110,-0.3718
BiancaGolden_GrandPlies,-178.9931,-36.4941,152.2536,-17.5403,-16.4515,8.8034,0.9145,0.2722,-0.2993,0.9980,24,38.388103,0.2101,-0.3649
BiancaGolden_GrandPlies,-179.1129,-35.8068,152.4502,-17.1149,-16.4266,8.9741,0.9138,0.2736,-0.3001,0.9980,25,38.401344,0.2089,-0.3581
BiancaGolden_GrandPlies,-179.2333,-35.1187,152.6058,-16.5277,-16.3979,9.0814,0.9177,0.2647,-0.2961,0.9980,25,38.413948,0.2077,-0.3512
BiancaGolden_GrandPlies,-179.3607,-34.3961,152.7580,-16.0114,-16.3068,9.0723,0.9259,0.2424,-0.2898,0.9980,26,38.429192,0.2064,-0.3440
BiancaGolden_GrandPlies,-179.4476,-33.6720,152.9080,-15.5057,-16.1239,8.9769,0.9370,0.2093,-0.2798,0.9980,26,38.442394,0.2055,-0.3367
BiancaGolden_GrandPlies,-179.5827,-32.9563,153.0454,-14.9468,-15.9675,8.8142,0.9377,0.2054,-0.2801,0.9980,27,38.456810,0.2042,-0.3296
BiancaGolden_GrandPlies,-179.7517,-32.2021,153.1314,-14.4759,-15.9541,8.5810,0.9468,0.1959,-0.2552,0.9980,27,38.471107,0.2025,-0.3220
BiancaGolden_GrandPlies,-179.9355,-31.4009,153.1773,-14.1994,-16.0639,8.3668,0.9468,0.1947,-0.2561,0.9980,27,38.484604,0.2006,-0.3140
BiancaGolden_GrandPlies,-180.1123,-30.5665,153.2676,-13.9159,-16.3050,8.1885,0.9461,0.1924,-0.2604,0.9980,28,38.497978,0.1989,-0.3057
BiancaGolden_GrandPlies,-180.2655,-29.6967,153.4016,-13.6773,-16.5669,8.0525,0.9469,0.1804,-0.2662,0.9980,28,38.512630,0.1973,-0.2970
BiancaGolden_GrandPlies,-180.4190,-28.8257,153.5379,-13.3042,-16.7544,7.8865,0.9467,0.1761,-0.2697,0.9980,29,38.527237,0.1958,-0.2883
BiancaGolden_GrandPlies,-180.5720,-27.9390,153.6624,-12.7983,-16.8970,7.7899,0.9467,0.1746,-0.2708,0.9980,29,38.539810,0.1943,-0.2794
BiancaGolden_GrandPlies,-180.7118,-27.0140,153.8076,-12.2711,-16.9300,7.6760,0.9478,0.1700,-0.2697,0.9980,29,38.554779,0.1929,-0.2701
BiancaGolden_GrandPlies,-180.8409,-26.0720,153.9604,-11.7415,-16.8413,7.5949,0.9489,0.1679,-0.2671,0.9980,30,38.567657,0.1916,-0.2607
BiancaGolden_GrandPlies,-180.9466,-25.0957,154.0859,-11.1177,-16.5978,7.5335,0.9525,0.1659,-0.2554,0.9980,30,38.581425,0.1905,-0.2510
BiancaGolden_GrandPlies,-181.0445,-24.1592,154.2099,-10.5229,-16.3635,7.4679,0.9532,0.1651,-0.2532,0.9980,31,38.596294,0.1896,-0.2416
BiancaGolden_GrandPlies,-181.1417,-23.2180,154.3303,-9.8885,-16.2044,7.3968,0.9516,0.1673,-0.2578,0.9980,31,38.609665,0.1886,-0.2322
BiancaGolden_GrandPlies,-181.2658,-22.2565,154.3934,-9.3052,-16.1390,7.3004,0.9513,0.1663,-0.2595,0.9980,32,38.625370,0.1873,-0.2226
BiancaGolden_GrandPlies,-181.3788,-21.2729,154.4093,-8.7113,-16.2367,7.2384,0.9519,0.1528,-0.2656,0.9980,32,38.637791,0.1862,-0.2127
BiancaGolden_GrandPlies,-181.4668,-20.3045,154.4535,-8.1283,-16.4639,7.1701,0.9508,0.1494,-0.2715,0.9980,32,38.652107,0.1853,-0.2030
BiancaGolden_GrandPlies,-181.5629,-19.3592,154.5378,-7.5424,-16.8582,7.0398,0.9478,0.1472,-0.2830,0.9980,33,38.665936,0.1844,-0.1936
BiancaGolden_GrandPlies,-181.7009,-18.4650,154.5451,-6.7378,-17.4705,6.9013,0.9450,0.1342,-0.2981,0.9980,33,38.679398,0.1830,-0.1847
BiancaGolden_GrandPlies,-181.8634,-17.5641,154.5251,-5.7693,-18.2847,6.7176,0.9396,0.1299,-0.3166,0.9980,34,38.694366,0.1814,-0.1756
BiancaGolden_GrandPlies,-182.1150,-16.6529,154.5857,-4.8955,-19.4715,6.4484,0.9319,0.1306,-0.3385,0.9980,34,38.707447,0.1788,-0.1665
BiancaGolden_GrandPlies,-182.4017,-15.6846,154.7757,-4.4505,-20.6998,5.9516,0.9272,0.1210,-0.3544,0.9980,35,38.722069,0.1760,-0.1568
BiancaGolden_GrandPlies,-182.7419,-14.7221,155.0384,-3.9077,-21.9062,5.3255,0.9237,0.1014,-0.3694,0.9980,35,38.736866,0.1726,-0.1472
BiancaGolden_GrandPlies,-183.1001,-13.8088,155.2766,-3.0869,-22.8662,4.8174,0.9245,0.0898,-0.3704,0.9980,35,38.753586,0.1690,-0.1381
BiancaGolden_GrandPlies,-183.4734,-12.8724,155.5368,-2.0580,-23.4306,4.1784,0.9262,0.0795,-0.3685,0.9980,36,38.763470,0.1653,-0.1287
BiancaGolden_GrandPlies,-183.8803,-11.9618,155.8759,-1.0118,-23.7094,3.6483,0.9260,0.0707,-0.3709,0.9980,36,38.778122,0.1612,-0.1196
BiancaGolden_GrandPlies,-184.2621,-11.0169,156.2283,-0.2149,-23.8161,3.0556,0.9320,0.0648,-0.3567,0.9980,37,38.793190,0.1574,-0.1102
BiancaGolden_GrandPlies,-184.6289,-10.0843,156.6003,0.5175,-23.7049,2.6031,0.9336,0.0594,-0.3532,0.9980,37,38.806553,0.1537,-0.1008
BiancaGolden_GrandPlies,-185.0008,-9.1681,156.9153,1.1612,-23.3023,2.2752,0.9431,0.0671,-0.3257,0.9980,37,38.820694,0.1500,-0.0917
BiancaGolden_GrandPlies,-185.3660,-8.2470,157.2177,1.7154,-22.7865,2.0419,0.9511,0.0691,-0.3011,0.9980,38,38.833836,0.1463,-0.0825
BiancaGolden_GrandPlies,-185.6362,-7.3047,157.5437,2.1369,-21.8907,1.8665,0.9606,0.0638,-0.2704,0.9980,38,38.848488,0.1436,-0.0730
BiancaGolden_GrandPlies,-186.2348,-5.4175,158.2094,3.1078,-20.7584,1.3459,0.9649,0.0620,-0.2552,0.9980,39,38.862774,0.1377,-0.0542
BiancaGolden_GrandPlies,-186.6025,-4.5046,158.4714,3.4194,-19.8449,1.2756,0.9650,0.0637,-0.2544,0.9980,39,38.875885,0.1340,-0.0450
BiancaGolden_GrandPlies,-186.6659,-4.5224,158.3953,3.3729,-19.8000,1.3773,0.9644,0.0615,-0.2572,0.9980,40,38.890907,0.1333,-0.0452
BiancaGolden_GrandPlies,-187.1418,-3.6376,158.5560,3.9027,-19.6113,1.3055,0.9639,0.0615,-0.2589,0.9980,40,38.903435,0.1286,-0.0364
BiancaGolden_GrandPlies,-187.6276,-2.7591,158.7252,4.4635,-19.6926,1.2594,0.9595,0.0599,-0.2753,0.9980,40,38.919220,0.1237,-0.0276
BiancaGolden_GrandPlies,-188.0970,-1.9043,158.9084,4.9934,-19.8670,1.2476,0.9545,0.0652,-0.2909,0.9980,41,38.931232,0.1190,-0.0190
BiancaGolden_GrandPlies,-188.5548,-1.0859,159.1249,5.5314,-20.0051,1.2750,0.9493,0.0648,-0.3077,0.9980,41,38.943691,0.1145,-0.0109
BiancaGolden_GrandPlies,-188.9606,-0.2969,159.3452,6.0444,-19.9746,1.3189,0.9501,0.0664,-0.3048,0.9980,42,38.958996,0.1104,-0.0030
BiancaGolden_GrandPlies,-189.3752,0.4340,159.5284,6.6203,-19.7834,1.4129,0.9536,0.0585,-0.2954,0.9980,42,38.971821,0.1062,0.0043
BiancaGolden_GrandPlies,-189.8093,1.1432,159.6589,7.2055,-19.4850,1.5421,0.9547,0.0630,-0.2909,0.9980,42,38.986164,0.1019,0.0114
BiancaGolden_GrandPlies,-190.2847,1.7925,159.7373,7.8158,-19.1970,1.7862,0.9559,0.0557,-0.2883,0.9980,43,38.999847,0.0972,0.0179
BiancaGolden_GrandPlies,-190.7698,2.3927,159.8834,8.2890,-19.0137,2.0677,0.9547,0.0579,-0.2918,0.9980,43,39.012760,0.0923,0.0239
BiancaGolden_GrandPlies,-191.2184,2.8959,160.1584,8.5816,-18.7360,2.3002,0.9570,0.0618,-0.2834,0.9980,44,39.027618,0.0878,0.0290
BiancaGolden_GrandPlies,-191.6210,3.3147,160.5280,8.5606,-18.2333,2.5297,0.9600,0.0414,-0.2769,0.9980,44,39.041206,0.0838,0.0331
BiancaGolden_GrandPlies,-192.0752,3.7331,160.8759,8.2921,-17.9126,2.5625,0.9588,0.0339,-0.2821,0.9980,45,39.055962,0.0792,0.0373
BiancaGolden_GrandPlies,-192.5949,4.0833,161.1522,8.0203,-17.7363,2.6279,0.9581,0.0368,-0.2841,0.9980,45,39.069252,0.0741,0.0408
BiancaGolden_GrandPlies,-193.1483,4.3517,161.4015,7.7680,-17.7845,2.8424,0.9553,0.0292,-0.2941,0.9980,45,39.083176,0.0685,0.0435
BiancaGolden_GrandPlies,-193.6611,4.5752,161.6061,7.5886,-17.9481,3.1930,0.9494,0.0332,-0.3122,0.9980,46,39.096508,0.0634,0.0458
BiancaGolden_GrandPlies,-194.2106,4.7848,161.8813,7.3079,-18.1289,3.5946,0.9439,0.0239,-0.3292,0.9980,46,39.109997,0.0579,0.0478
BiancaGolden_GrandPlies,-194.6782,5.0010,162.2606,6.7697,-18.4139,3.9622,0.9442,0.0312,-0.3280,0.9980,47,39.124832,0.0532,0.0500
BiancaGolden_GrandPlies,-195.0671,5.1735,162.6285,6.3462,-18.3528,4.3776,0.9433,0.0398,-0.3295,0.9980,47,39.139225,0.0493,0.0517
BiancaGolden_GrandPlies,-195.4689,5.2037,162.8534,6.1529,-17.9795,4.9669,0.9336,0.0367,-0.3564,0.9980,47,39.152889,0.0453,0.0520
BiancaGolden_GrandPlies,-195.7748,5.2224,163.0716,6.1116,-17.5515,5.5192,0.9362,0.0444,-0.3486,0.9980,48,39.166222,0.0423,0.0522
BiancaGolden_GrandPlies,-196.0421,5.2487,163.3414,5.9584,-17.0625,5.9619,0.8659,0.1519,-0.4766,0.9980,48,39.179348,0.0396,0.0525
BiancaGolden_GrandPlies,-196.2754,5.2904,163.5996,5.5636,-16.6113,6.3644,0.8685,0.1603,-0.4691,0.9980,49,39.194752,0.0372,0.0529
BiancaGolden_GrandPlies,-196.4549,5.2747,163.8180,5.0303,-16.1512,6.7615,0.8696,0.1691,-0.4640,0.9980,49,39.207741,0.0355,0.0527
BiancaGolden_GrandPlies,-196.5942,5.2112,163.9695,4.6903,-15.8411,7.1321,0.8705,0.1757,-0.4597,0.9980,50,39.223385,0.0341,0.0521
BiancaGolden_GrandPlies,-196.6997,5.0829,164.0372,4.4437,-15.5737,7.4923,0.8720,0.1804,-0.4550,0.9980,50,39.236305,0.0330,0.0508
BiancaGolden_GrandPlies,-196.8133,4.9256,164.0293,4.2024,-15.5117,7.8155,0.8937,0.0839,-0.4407,0.9980,50,39.254086,0.0319,0.0493
BiancaGolden_GrandPlies,-196.9079,4.7699,164.0084,4.0272,-15.4181,8.0814,0.8943,0.0871,-0.4389,0.9980,51,39.263977,0.0309,0.0477
BiancaGolden_GrandPlies,-196.9398,4.6027,163.9374,3.7690,-15.2902,8.2302,0.9059,0.0888,-0.4140,0.9980,51,39.276264,0.0306,0.0460
BiancaGolden_GrandPlies,-196.9583,4.4500,163.8170,3.3267,-15.0825,8.3184,0.9068,0.0916,-0.4115,0.9980,52,39.292171,0.0304,0.0445
BiancaGolden_GrandPlies,-196.9870,4.2970,163.6668,2.8387,-14.9054,8.4004,0.9258,0.0701,-0.3716,0.9980,52,39.306194,0.0301,0.0430
BiancaGolden_GrandPlies,-196.9491,4.1632,163.5048,2.1784,-14.7520,8.4026,0.9335,0.0642,-0.3527,0.9980,52,39.319492,0.0305,0.0416
BiancaGolden_GrandPlies,-196.8978,4.0229,163.4058,1.5865,-14.7132,8.4565,0.9460,0.0285,-0.3229,0.9980,53,39.332150,0.0310,0.0402
BiancaGolden_GrandPlies,-196.8670,3.9334,163.3018,0.8965,-14.8723,8.4663,0.9387,0.0154,-0.3443,0.9980,53,39.345722,0.0313,0.0393
BiancaGolden_GrandPlies,-196.8795,3.8411,163.1743,0.1658,-15.1322,8.5095,0.9360,0.0161,-0.3516,0.9980,54,39.361179,0.0312,0.0384
BiancaGolden_GrandPlies,-196.9053,3.7792,162.9455,-0.5696,-15.4844,8.5012,0.9343,0.0175,-0.3561,0.9980,54,39.374062,0.0309,0.0378
BiancaGolden_GrandPlies,-196.8953,3.7003,162.6599,-1.0990,-15.6975,8.5530,0.9293,0.0194,-0.3688,0.9980,54,39.388622,0.0310,0.0370
BiancaGolden_GrandPlies,-196.8968,3.6251,162.4151,-1.4585,-15.8602,8.6647,0.9255,0.0214,-0.3782,0.9980,55,39.402824,0.0310,0.0363
BiancaGolden_GrandPlies,-196.8802,3.5491,162.1036,-1.3556,-15.9188,8.8862,0.9247,0.0262,-0.3797,0.9980,55,39.415291,0.0312,0.0355
BiancaGolden_GrandPlies,-196.9108,3.4331,161.7476,-1.0805,-16.0267,9.2209,0.9244,0.0291,-0.3803,0.9980,56,39.430691,0.0309,0.0343
BiancaGolden_GrandPlies,-196.9192,3.3236,161.5338,-0.7438,-16.3537,9.4452,0.9232,0.0349,-0.3826,0.9980,56,39.444321,0.0308,0.0332
BiancaGolden_GrandPlies,-196.8798,3.2221,161.3556,-0.6217,-16.5129,9.6279,0.9215,0.0380,-0.3866,0.9980,57,39.458313,0.0312,0.0322
BiancaGolden_GrandPlies,-196.8672,3.1400,161.2172,-0.6037,-16.7595,9.8474,0.9199,0.0410,-0.3900,0.9980,57,39.472572,0.0313,0.0314
BiancaGolden_GrandPlies,-196.8256,3.0323,161.1605,-0.6887,-16.9619,10.0349,0.9224,0.0375,-0.3844,0.9980,57,39.485935,0.0317,0.0303
BiancaGolden_GrandPlies,-196.8334,2.9380,161.0410,-0.9352,-17.0233,10.1192,0.9220,0.0449,-0.3847,0.9980,58,39.500389,0.0317,0.0294
BiancaGolden_GrandPlies,-196.8490,2.8699,160.9190,-1.2277,-16.9931,10.0900,0.9227,0.0354,-0.3838,0.9980,58,39.513756,0.0315,0.0287
BiancaGolden_GrandPlies,-196.9141,2.8683,160.7449,-1.6883,-16.8313,9.8993,0.9229,0.0343,-0.3836,0.9980,59,39.528515,0.0309,0.0287
BiancaGolden_GrandPlies,-196.9861,2.8661,160.5821,-2.0999,-16.7622,9.7807,0.9233,0.0319,-0.3829,0.9980,59,39.541565,0.0301,0.0287
BiancaGolden_GrandPlies,-197.0524,2.8878,160.4602,-2.4209,-16.6781,9.6211,0.9230,0.0282,-0.3837,0.9980,60,39.556316,0.0295,0.0289
BiancaGolden_GrandPlies,-197.1521,2.9229,160.3470,-2.6785,-16.6059,9.5056,0.9225,0.0274,-0.3850,0.9980,60,39.569801,0.0285,0.0292
BiancaGolden_GrandPlies,-197.2759,2.9622,160.1968,-2.8297,-16.6515,9.4433,0.9250,0.0271,-0.3790,0.9980,60,39.584587,0.0272,0.0296
BiancaGolden_GrandPlies,-197.4217,3.0214,160.0515,-2.8618,-16.8018,9.4166,0.9245,0.0266,-0.3803,0.9980,61,39.597103,0.0258,0.0302
BiancaGolden_GrandPlies,-197.5154,3.0758,159.9926,-2.8116,-16.9087,9.4055,0.9239,0.0306,-0.3814,0.9980,61,39.610497,0.0248,0.0308
BiancaGolden_GrandPlies,-197.6395,3.1408,159.9823,-2.6588,-16.9984,9.3955,0.9232,0.0295,-0.3831,0.9980,62,39.625099,0.0236,0.0314
BiancaGolden_GrandPlies,-197.7618,3.2204,159.9653,-2.4735,-17.1273,9.3524,0.9224,0.0357,-0.3847,0.9980,62,39.638702,0.0224,0.0322
BiancaGolden_GrandPlies,-197.8922,3.2984,159.8933,-2.2790,-17.1767,9.3037,0.9228,0.0304,-0.3840,0.9980,62,39.653362,0.0211,0.0330
BiancaGolden_GrandPlies,-198.0181,3.3945,159.8319,-2.0897,-17.1617,9.2146,0.9238,0.0278,-0.3819,0.9980,63,39.666725,0.0198,0.0339
BiancaGolden_GrandPlies,-198.1076,3.4840,159.8442,-1.8556,-17.0547,9.0741,0.9246,0.0250,-0.3802,0.9980,63,39.680481,0.0189,0.0348
BiancaGolden_GrandPlies,-198.2106,3.5803,159.8763,-1.6339,-16.9787,8.9174,0.9247,0.0285,-0.3796,0.9980,64,39.695625,0.0179,0.0358
BiancaGolden_GrandPlies,-198.3088,3.6701,159.9188,-1.3999,-17.0106,8.7434,0.9239,0.0252,-0.3819,0.9980,64,39.708881,0.0169,0.0367
BiancaGolden_GrandPlies,-198.4469,3.7691,159.9235,-1.2212,-17.1520,8.5884,0.9234,0.0195,-0.3834,0.9980,65,39.723110,0.0155,0.0377
BiancaGolden_GrandPlies,-198.5412,3.8645,159.9157,-1.0763,-17.2581,8.3810,0.9238,0.0168,-0.3826,0.9980,65,39.736588,0.0146,0.0386
BiancaGolden_GrandPlies,-198.6380,3.9710,159.8842,-0.9303,-17.2084,8.2129,0.9249,0.0148,-0.3799,0.9980,65,39.755028,0.0136,0.0397
BiancaGolden_GrandPlies,-198.6965,4.0971,159.8912,-0.8263,-17.0562,8.0887,0.9269,0.0035,-0.3753,0.9980,66,39.766426,0.0130,0.0410
BiancaGolden_GrandPlies,-198.7999,4.2027,159.8838,-0.6818,-16.9632,7.9722,0.9264,0.0011,-0.3766,0.9980,66,39.777481,0.0120,0.0420
BiancaGolden_GrandPlies,-198.9610,4.3064,159.8269,-0.5027,-17.0438,7.8615,0.9252,-0.0015,-0.3795,0.9980,67,39.792801,0.0104,0.0431
BiancaGolden_GrandPlies,-199.1807,4.3971,159.7868,-0.3286,-17.2712,7.7214,0.9191,-0.0208,-0.3934,0.9980,67,39.806293,0.0082,0.0440
BiancaGolden_GrandPlies,-199.3986,4.5355,159.7490,-0.3038,-17.4009,7.5203,0.8742,0.0736,-0.4800,0.9980,67,39.820980,0.0060,0.0454
BiancaGolden_GrandPlies,-199.5391,4.6863,159.8511,-0.4833,-17.4316,7.2797,0.8693,0.0709,-0.4893,0.9980,68,39.833775,0.0046,0.0469
BiancaGolden_GrandPlies,-199.6854,4.8188,159.9694,-0.4255,-17.1593,7.1472,0.8713,0.0629,-0.4867,0.9980,68,39.846977,0.0031,0.0482
BiancaGolden_GrandPlies,-199.8699,4.9259,160.0218,-0.2331,-17.0065,7.0569,0.9137,0.0018,-0.4065,0.9980,69,39.862499,0.0013,0.0493
BiancaGolden_GrandPlies,-200.0841,5.0462,160.1288,0.0215,-16.9120,7.0164,0.9154,0.0018,-0.4025,0.9980,69,39.875881,-0.0008,0.0505
BiancaGolden_GrandPlies,-200.2788,5.1690,160.1999,0.2980,-16.6856,7.0424,0.9469,0.0054,-0.3215,0.9980,70,39.890259,-0.0028,0.0517
BiancaGolden_GrandPlies,-200.4672,5.2844,160.2371,0.4390,-16.4344,7.0981,0.9491,0.0023,-0.3151,0.9980,70,39.903488,-0.0047,0.0528
BiancaGolden_GrandPlies,-200.6133,5.4196,160.3185,0.4989,-16.0628,7.0962,0.9517,-0.0055,-0.3071,0.9980,70,39.918190,-0.0061,0.0542
BiancaGolden_GrandPlies,-200.7294,5.5449,160.3852,0.4948,-15.4482,7.1164,0.9543,-0.0046,-0.2987,0.9980,71,39.931744,-0.0073,0.0554
BiancaGolden_GrandPlies,-200.8548,5.6654,160.4340,0.5735,-14.9504,7.1551,0.9544,-0.0070,-0.2985,0.9980,71,39.945293,-0.0085,0.0567
BiancaGolden_GrandPlies,-200.9680,5.7267,160.4720,0.8044,-14.5369,7.2779,0.9559,-0.0007,-0.2938,0.9980,72,39.959644,-0.0097,0.0573
BiancaGolden_GrandPlies,-201.0617,5.7810,160.5248,1.1061,-14.2274,7.4054,0.9528,-0.0007,-0.3036,0.9980,72,39.973141,-0.0106,0.0578
BiancaGolden_GrandPlies,-201.1462,5.8465,160.5668,1.1826,-13.9076,7.4715,0.9485,0.0067,-0.3166,0.9980,72,39.987041,-0.0115,0.0585
BiancaGolden_GrandPlies,-201.2408,5.8652,160.5889,1.0428,-13.6161,7.6012,0.9474,0.0107,-0.3199,0.9980,73,40.000484,-0.0124,0.0587
BiancaGolden_GrandPlies,-201.2808,5.7970,160.5904,0.9446,-13.1295,7.8569,0.9455,0.0292,-0.3243,0.9980,73,40.013702,-0.0128,0.0580
BiancaGolden_GrandPlies,-201.2716,5.6351,160.5951,1.0265,-12.4065,8.4085,0.9485,0.0417,-0.3140,0.9980,74,40.029057,-0.0127,0.0564
BiancaGolden_GrandPlies,-201.2702,5.5336,160.6802,0.6288,-11.7322,9.0838,0.9504,0.0509,-0.3068,0.9980,74,40.043350,-0.0127,0.0553
BiancaGolden_GrandPlies,-201.2939,5.4256,160.7369,0.0750,-11.2299,9.5482,0.9436,0.0641,-0.3249,0.9980,75,40.056732,-0.0129,0.0543
BiancaGolden_GrandPlies,-201.3941,5.1885,160.7575,-0.5862,-11.0795,10.0232,0.9389,0.0686,-0.3372,0.9980,75,40.070213,-0.0139,0.0519
BiancaGolden_GrandPlies,-201.4909,4.9546,160.7237,-0.9755,-11.1914,10.2727,0.9341,0.0708,-0.3499,0.9980,75,40.085114,-0.0149,0.0495
BiancaGolden_GrandPlies,-201.5417,4.6780,160.6866,-1.2398,-11.4983,10.4616,0.9281,0.0587,-0.3677,0.9980,76,40.099339,-0.0154,0.0468
BiancaGolden_GrandPlies,-201.6059,4.4395,160.7061,-1.4193,-11.8397,10.5301,0.9253,0.0603,-0.3744,0.9980,76,40.112389,-0.0161,0.0444
BiancaGolden_GrandPlies,-201.6541,4.2135,160.7561,-1.6395,-12.1936,10.6418,0.9239,0.0625,-0.3776,0.9980,77,40.126465,-0.0165,0.0421
BiancaGolden_GrandPlies,-201.6379,4.0054,160.8404,-1.7216,-12.4171,10.8139,0.9253,0.0546,-0.3753,0.9980,77,40.139740,-0.0164,0.0401
BiancaGolden_GrandPlies,-201.5903,3.8055,160.9868,-1.7685,-12.2724,11.0829,0.9235,0.0578,-0.3793,0.9980,78,40.155945,-0.0159,0.0381
BiancaGolden_GrandPlies,-201.5332,3.5870,161.1048,-1.8320,-11.8977,11.3773,0.9259,0.0594,-0.3732,0.9980,78,40.169765,-0.0153,0.0359
BiancaGolden_GrandPlies,-201.4837,3.3627,161.1951,-1.9005,-11.5056,11.6744,0.9291,0.0665,-0.3639,0.9980,78,40.183414,-0.0148,0.0336
BiancaGolden_GrandPlies,-201.4624,3.1176,161.2767,-1.9967,-11.1594,12.0619,0.9297,0.0730,-0.3610,0.9980,79,40.196838,-0.0146,0.0312
BiancaGolden_GrandPlies,-201.4472,2.8315,161.3327,-2.1501,-10.9596,12.4192,0.9294,0.0941,-0.3569,0.9980,79,40.209991,-0.0145,0.0283
BiancaGolden_GrandPlies,-201.4450,2.5128,161.3672,-2.3872,-10.9114,12.7016,0.9183,0.1726,-0.3564,0.9980,80,40.224995,-0.0144,0.0251
BiancaGolden_GrandPlies,-201.4271,2.1541,161.3667,-2.7058,-11.0488,12.7868,0.9212,0.1792,-0.3453,0.9980,80,40.238285,-0.0143,0.0215
BiancaGolden_GrandPlies,-201.3932,1.8189,161.3781,-3.0359,-11.1271,12.7773,0.9229,0.1786,-0.3411,0.9980,81,40.256741,-0.0139,0.0182
BiancaGolden_GrandPlies,-201.3511,1.4624,161.3540,-3.2675,-11.2929,12.7062,0.9224,0.1788,-0.3425,0.9980,81,40.266510,-0.0135,0.0146
BiancaGolden_GrandPlies,-201.2699,1.1128,161.3325,-3.3790,-11.3725,12.7480,0.9163,0.1768,-0.3594,0.9980,81,40.279778,-0.0127,0.0111
BiancaGolden_GrandPlies,-201.1984,0.7739,161.2959,-3.4343,-11.4459,12.6577,0.9156,0.1758,-0.3617,0.9980,82,40.294487,-0.0120,0.0077
BiancaGolden_GrandPlies,-201.1443,0.4412,161.2421,-3.5300,-11.5897,12.5711,0.9133,0.1808,-0.3648,0.9980,82,40.307613,-0.0114,0.0044
BiancaGolden_GrandPlies,-201.0724,0.1039,161.1521,-3.4955,-11.7844,12.5473,0.9148,0.1829,-0.3602,0.9980,82,40.321392,-0.0107,0.0010
BiancaGolden_GrandPlies,-200.9733,-0.2306,161.1092,-3.2318,-11.9618,12.7260,0.9150,0.1800,-0.3612,0.9980,83,40.334953,-0.0097,-0.0023
BiancaGolden_GrandPlies,-200.8607,-0.5617,161.1053,-2.9971,-12.0145,12.9226,0.9110,0.1818,-0.3702,0.9980,83,40.348316,-0.0086,-0.0056
BiancaGolden_GrandPlies,-200.7200,-0.8867,161.0948,-2.9131,-12.0436,13.0675,0.9113,0.1827,-0.3690,0.9980,84,40.363297,-0.0072,-0.0089
BiancaGolden_GrandPlies,-200.5901,-1.1808,160.9947,-3.0057,-11.9505,13.1283,0.9135,0.1669,-0.3711,0.9980,84,40.376919,-0.0059,-0.0118
BiancaGolden_GrandPlies,-200.5046,-1.4910,160.8993,-3.2124,-12.0110,13.0943,0.9201,0.1081,-0.3766,0.9980,85,40.391514,-0.0050,-0.0149
BiancaGolden_GrandPlies,-200.4032,-1.8016,160.7468,-3.2443,-12.1707,13.1124,0.9287,0.0402,-0.3686,0.9980,85,40.404350,-0.0040,-0.0180
BiancaGolden_GrandPlies,-200.2795,-2.1326,160.5985,-3.0917,-12.3451,13.2307,0.9320,0.0261,-0.3615,0.9980,85,40.418579,-0.0028,-0.0213
BiancaGolden_GrandPlies,-200.1107,-2.4232,160.5206,-2.9275,-12.3869,13.3637,0.9324,0.0268,-0.3603,0.9980,86,40.432095,-0.0011,-0.0242
BiancaGolden_GrandPlies,-199.9615,-2.6853,160.4446,-2.9914,-12.2862,13.4084,0.9341,0.0265,-0.3560,0.9980,86,40.446396,0.0004,-0.0269
BiancaGolden_GrandPlies,-199.8093,-2.9103,160.3017,-3.3190,-11.9463,13.3124,0.9357,0.0281,-0.3517,0.9980,87,40.460041,0.0019,-0.0291
BiancaGolden_GrandPlies,-199.6519,-3.1641,160.1019,-3.5324,-11.6334,13.2127,0.9371,0.0270,-0.3480,0.9980,87,40.473904,0.0035,-0.0316
BiancaGolden_GrandPlies,-199.5059,-3.4120,159.9017,-3.5770,-11.4424,13.1191,0.9381,0.0212,-0.3458,0.9980,87,40.487938,0.0049,-0.0341
BiancaGolden_GrandPlies,-199.3449,-3.6213,159.7572,-3.5656,-11.4393,13.0635,0.9377,0.0203,-0.3468,0.9980,88,40.502216,0.0066,-0.0362
BiancaGolden_GrandPlies,-199.1479,-3.7790,159.6813,-3.7288,-11.4666,12.9887,0.9361,0.0305,-0.3504,0.9980,88,40.515266,0.0085,-0.0378
BiancaGolden_GrandPlies,-198.9353,-3.9246,159.6070,-3.9343,-11.4222,12.9655,0.9364,0.0318,-0.3494,0.9980,89,40.530937,0.0106,-0.0392
BiancaGolden_GrandPlies,-198.6961,-4.0239,159.5409,-4.1737,-11.3134,13.0014,0.9365,0.0341,-0.3491,0.9980,89,40.543694,0.0130,-0.0402
BiancaGolden_GrandPlies,-198.5256,-4.1321,159.4222,-4.3163,-11.2186,13.0702,0.9353,0.0343,-0.3523,0.9980,90,40.557854,0.0147,-0.0413
BiancaGolden_GrandPlies,-198.3137,-4.2356,159.3529,-4.5280,-11.2871,13.0875,0.9334,0.0392,-0.3567,0.9980,90,40.572392,0.0169,-0.0424
BiancaGolden_GrandPlies,-198.0665,-4.3297,159.3344,-4.6390,-11.2071,13.0435,0.9331,0.0350,-0.3579,0.9980,90,40.585812,0.0193,-0.0433
BiancaGolden_GrandPlies,-197.8133,-4.4132,159.2970,-4.5508,-11.0477,12.9504,0.9322,0.0346,-0.3604,0.9980,91,40.599983,0.0219,-0.0441
BiancaGolden_GrandPlies,-197.5752,-4.5105,159.2367,-4.3430,-10.9505,12.9447,0.9322,0.0346,-0.3603,0.9980,91,40.612801,0.0242,-0.0451
BiancaGolden_GrandPlies,-197.3516,-4.5830,159.1901,-4.0839,-10.9951,12.9941,0.9331,0.0341,-0.3581,0.9980,92,40.627354,0.0265,-0.0458
BiancaGolden_GrandPlies,-197.1113,-4.6277,159.1222,-3.9551,-11.1229,13.0611,0.9293,0.0352,-0.3677,0.9980,92,40.641022,0.0289,-0.0463
BiancaGolden_GrandPlies,-196.8755,-4.6733,159.0782,-3.8339,-11.2572,13.1599,0.9278,0.0432,-0.3705,0.9980,93,40.655479,0.0312,-0.0467
BiancaGolden_GrandPlies,-196.6299,-4.7199,159.0688,-3.7743,-11.4252,13.3011,0.9268,0.0448,-0.3728,0.9980,93,40.669266,0.0337,-0.0472
BiancaGolden_GrandPlies,-196.3997,-4.7837,159.0632,-3.6945,-11.6290,13.4118,0.9428,0.0304,-0.3321,0.9980,93,40.683205,0.0360,-0.0478
BiancaGolden_GrandPlies,-196.1779,-4.8615,159.0886,-3.6631,-12.0383,13.4406,0.9406,0.0297,-0.3383,0.9980,94,40.697491,0.0382,-0.0486
BiancaGolden_GrandPlies,-195.9576,-4.9155,159.1123,-3.6395,-12.4057,13.4329,0.9390,0.0299,-0.3426,0.9980,94,40.710178,0.0404,-0.0492
BiancaGolden_GrandPlies,-195.7436,-4.9566,159.1305,-3.4986,-12.7300,13.4790,0.8635,0.1154,-0.4910,0.9980,95,40.725876,0.0426,-0.0496
BiancaGolden_GrandPlies,-195.5220,-4.9906,159.1362,-3.4079,-12.9246,13.5979,0.8457,0.1137,-0.5215,0.9980,95,40.739662,0.0448,-0.0499
BiancaGolden_GrandPlies,-195.2825,-5.0169,159.1684,-3.3028,-12.9241,13.7241,0.8720,0.0518,-0.4868,0.9980,96,40.756809,0.0472,-0.0502
BiancaGolden_GrandPlies,-195.0180,-5.0694,159.2152,-3.1981,-12.7171,13.8881,0.8748,0.0539,-0.4815,0.9980,96,40.768551,0.0498,-0.0507
BiancaGolden_GrandPlies,-194.7454,-5.1301,159.2418,-3.1427,-12.3279,14.0173,0.9098,0.0103,-0.4149,0.9980,96,40.781128,0.0525,-0.0513
BiancaGolden_GrandPlies,-194.4852,-5.2144,159.2445,-3.1133,-11.9873,14.0682,0.9334,0.0122,-0.3585,0.9980,97,40.794540,0.0551,-0.0521
BiancaGolden_GrandPlies,-194.2487,-5.2902,159.2374,-3.1686,-11.7696,14.0759,0.9548,0.0039,-0.2971,0.9980,97,40.808315,0.0575,-0.0529
BiancaGolden_GrandPlies,-194.0089,-5.3827,159.2241,-3.1696,-11.6749,14.0796,0.9552,-0.0029,-0.2961,0.9980,98,40.822758,0.0599,-0.0538
BiancaGolden_GrandPlies,-193.7567,-5.4644,159.2029,-3.0829,-11.6409,14.1560,0.9480,-0.0019,-0.3184,0.9980,98,40.836086,0.0624,-0.0546
BiancaGolden_GrandPlies,-193.5246,-5.5378,159.1787,-3.0949,-11.6837,14.2511,0.9424,0.0028,-0.3344,0.9980,98,40.850899,0.0648,-0.0554
BiancaGolden_GrandPlies,-193.2641,-5.6026,159.1496,-3.2465,-11.8302,14.3715,0.9353,0.0070,-0.3537,0.9980,99,40.864136,0.0674,-0.0560
BiancaGolden_GrandPlies,-192.9954,-5.6448,159.1124,-3.4398,-11.9233,14.4713,0.9348,0.0097,-0.3549,0.9980,99,40.877598,0.0700,-0.0564
BiancaGolden_GrandPlies,-192.7265,-5.7011,159.0865,-3.5977,-11.9592,14.6198,0.9317,0.0101,-0.3631,0.9980,100,40.893597,0.0727,-0.0570
BiancaGolden_GrandPlies,-192.4541,-5.7450,159.0554,-3.7993,-11.9519,14.7793,0.9272,0.0163,-0.3743,0.9980,100,40.907104,0.0755,-0.0575
BiancaGolden_GrandPlies,-192.1874,-5.8075,159.0403,-4.0577,-11.9739,14.8706,0.9268,0.0181,-0.3751,0.9980,100,40.921135,0.0781,-0.0581
BiancaGolden_GrandPlies,-191.9226,-5.8518,159.0113,-4.3972,-11.9396,14.8372,0.9267,0.0182,-0.3753,0.9980,101,40.934406,0.0808,-0.0585
BiancaGolden_GrandPlies,-191.6586,-5.9037,158.9711,-4.6011,-11.8395,14.7990,0.9273,0.0189,-0.3738,0.9980,101,40.947704,0.0834,-0.0590
BiancaGolden_GrandPlies,-191.3927,-5.9496,158.9009,-4.7038,-11.7187,14.8071,0.9278,0.0124,-0.3729,0.9980,102,40.961689,0.0861,-0.0595
BiancaGolden_GrandPlies,-191.1238,-5.9824,158.8421,-4.7442,-11.6390,14.8420,0.9257,0.0115,-0.3780,0.9980,102,40.975281,0.0888,-0.0598
BiancaGolden_GrandPlies,-190.8361,-5.9743,158.8213,-4.8718,-11.5522,14.8723,0.9289,0.0131,-0.3700,0.9980,103,40.989700,0.0916,-0.0597
BiancaGolden_GrandPlies,-190.5381,-5.9616,158.8018,-5.0403,-11.4417,14.9603,0.9270,0.0158,-0.3748,0.9980,103,41.003345,0.0946,-0.0596
BiancaGolden_GrandPlies,-190.2622,-5.9595,158.8028,-5.2101,-11.3910,15.0763,0.9269,0.0232,-0.3747,0.9980,103,41.018208,0.0974,-0.0596
BiancaGolden_GrandPlies,-190.0315,-5.9570,158.6952,-5.3315,-11.3566,15.2002,0.9249,0.0256,-0.3794,0.9980,104,41.032154,0.0997,-0.0596
BiancaGolden_GrandPlies,-189.8460,-5.9797,158.5757,-5.4233,-11.6338,15.3635,0.9225,0.0279,-0.3851,0.9980,104,41.044647,0.1015,-0.0598
BiancaGolden_GrandPlies,-189.6371,-5.9857,158.4863,-5.4458,-11.9937,15.5385,0.9201,0.0245,-0.3910,0.9980,105,41.059944,0.1036,-0.0599
BiancaGolden_GrandPlies,-189.3843,-5.9852,158.4716,-5.3586,-12.3202,15.7283,0.9204,0.0266,-0.3901,0.9980,105,41.072887,0.1062,-0.0599
BiancaGolden_GrandPlies,-189.1103,-6.0077,158.4845,-5.1984,-12.3043,15.9209,0.9216,0.0286,-0.3872,0.9980,105,41.087204,0.1089,-0.0601
BiancaGolden_GrandPlies,-188.8453,-6.0564,158.4883,-4.9588,-12.1300,16.0348,0.9231,0.0292,-0.3833,0.9980,106,41.101521,0.1115,-0.0606
BiancaGolden_GrandPlies,-188.6184,-6.1004,158.4211,-4.7435,-11.9445,16.1087,0.9233,0.0300,-0.3829,0.9980,106,41.114994,0.1138,-0.0610
BiancaGolden_GrandPlies,-188.4312,-6.1157,158.3165,-4.7093,-11.9272,16.1649,0.9296,0.0318,-0.3672,0.9980,107,41.129051,0.1157,-0.0612
BiancaGolden_GrandPlies,-188.2474,-6.1389,158.2098,-4.8231,-12.0033,16.2889,0.9281,0.0349,-0.3707,0.9980,107,41.142494,0.1175,-0.0614
BiancaGolden_GrandPlies,-188.0514,-6.1663,158.1338,-4.9715,-12.2354,16.4875,0.9328,0.1592,-0.3232,0.9980,108,41.157089,0.1195,-0.0617
BiancaGolden_GrandPlies,-187.8240,-6.2336,158.0352,-4.9249,-12.3649,16.7465,0.9050,0.3025,-0.2993,0.9980,108,41.170570,0.1218,-0.0623
BiancaGolden_GrandPlies,-187.6153,-6.2998,157.9017,-4.8904,-12.4560,16.9813,0.8950,0.3526,-0.2734,0.9980,108,41.184547,0.1238,-0.0630
BiancaGolden_GrandPlies,-187.4056,-6.3714,157.7569,-4.9557,-12.5157,17.1452,0.8935,0.3555,-0.2743,0.9980,109,41.198689,0.1259,-0.0637
BiancaGolden_GrandPlies,-187.1953,-6.4402,157.6008,-5.0673,-12.5679,17.3349,0.8917,0.3592,-0.2754,0.9980,109,41.211361,0.1280,-0.0644
BiancaGolden_GrandPlies,-186.9704,-6.5335,157.4491,-5.1391,-12.6350,17.5711,0.9020,0.2749,-0.3330,0.9980,110,41.226273,0.1303,-0.0653
BiancaGolden_GrandPlies,-186.7277,-6.6201,157.2943,-5.2824,-12.6565,17.8093,0.8881,0.2276,-0.3994,0.9980,110,41.240009,0.1327,-0.0662
BiancaGolden_GrandPlies,-186.4643,-6.7189,157.1551,-5.4233,-12.6485,18.0108,0.8623,0.2129,-0.4594,0.9980,111,41.257874,0.1354,-0.0672
BiancaGolden_GrandPlies,-186.1640,-6.8554,157.0259,-5.5456,-12.4760,18.1794,0.8644,0.2106,-0.4566,0.9980,111,41.267822,0.1384,-0.0686
BiancaGolden_GrandPlies,-185.9104,-6.9697,156.8520,-5.7275,-12.2613,18.2972,0.8635,0.2132,-0.4571,0.9980,111,41.283108,0.1409,-0.0697
BiancaGolden_GrandPlies,-185.6793,-7.1180,156.7076,-6.1745,-12.2609,18.3473,0.9124,0.1415,-0.3841,0.9980,112,41.295715,0.1432,-0.0712
BiancaGolden_GrandPlies,-185.3953,-7.2838,156.6369,-6.4953,-12.3273,18.4599,0.9229,0.1273,-0.3635,0.9980,112,41.308262,0.1460,-0.0728
BiancaGolden_GrandPlies,-185.1195,-7.4752,156.5974,-6.6906,-12.4056,18.5780,0.9381,0.1282,-0.3219,0.9980,113,41.324409,0.1488,-0.0748
BiancaGolden_GrandPlies,-184.8384,-7.6766,156.5293,-6.8129,-12.4908,18.6953,0.9434,0.1292,-0.3055,0.9980,113,41.336594,0.1516,-0.0768
BiancaGolden_GrandPlies,-184.5727,-7.8926,156.4521,-6.9477,-12.6111,18.8449,0.9427,0.1310,-0.3068,0.9980,113,41.351990,0.1543,-0.0789
BiancaGolden_GrandPlies,-184.3220,-8.1038,156.4037,-7.2071,-12.7625,18.9715,0.9413,0.1322,-0.3106,0.9980,114,41.364552,0.1568,-0.0810
BiancaGolden_GrandPlies,-184.0534,-8.3244,156.4173,-7.6062,-12.9334,19.0207,0.9402,0.1316,-0.3143,0.9980,114,41.378014,0.1595,-0.0832
BiancaGolden_GrandPlies,-183.7761,-8.5802,156.4666,-7.9781,-13.0906,19.0541,0.9390,0.1291,-0.3188,0.9980,115,41.392864,0.1622,-0.0858
BiancaGolden_GrandPlies,-183.5615,-8.8277,156.5123,-8.3399,-13.2830,19.0181,0.9412,0.1124,-0.3185,0.9980,115,41.406872,0.1644,-0.0883
BiancaGolden_GrandPlies,-183.3992,-9.0913,156.5268,-8.6937,-13.6392,18.9665,0.9398,0.1116,-0.3230,0.9980,115,41.420528,0.1660,-0.0909
BiancaGolden_GrandPlies,-183.2675,-9.3521,156.5408,-9.0250,-13.9115,18.9249,0.9376,0.1128,-0.3289,0.9980,116,41.435135,0.1673,-0.0935
BiancaGolden_GrandPlies,-183.1281,-9.6009,156.6297,-9.3470,-14.1542,18.8828,0.9367,0.1136,-0.3312,0.9980,116,41.448353,0.1687,-0.0960
BiancaGolden_GrandPlies,-183.0079,-9.8358,156.7705,-9.6561,-14.2483,18.9079,0.9354,0.1164,-0.3338,0.9980,117,41.462856,0.1699,-0.0984
BiancaGolden_GrandPlies,-182.8929,-10.0613,156.8975,-9.8769,-14.2197,18.9613,0.9361,0.1179,-0.3315,0.9980,117,41.476242,0.1711,-0.1006
BiancaGolden_GrandPlies,-182.7687,-10.3091,157.0132,-9.9233,-14.1006,19.1078,0.9413,0.1198,-0.3157,0.9980,118,41.491669,0.1723,-0.1031
BiancaGolden_GrandPlies,-182.6497,-10.5852,157.1370,-9.8560,-13.8441,19.2602,0.9452,0.1218,-0.3028,0.9980,118,41.505070,0.1735,-0.1059
BiancaGolden_GrandPlies,-182.5733,-10.8834,157.2489,-9.7862,-13.6239,19.4299,0.9458,0.1218,-0.3009,0.9980,118,41.518360,0.1743,-0.1088
BiancaGolden_GrandPlies,-182.5652,-11.1402,157.3785,-9.8553,-13.5007,19.5053,0.9453,0.1251,-0.3012,0.9980,119,41.531738,0.1743,-0.1114
BiancaGolden_GrandPlies,-182.5063,-11.4343,157.5377,-9.9023,-13.5125,19.7014,0.9465,0.1341,-0.2937,0.9980,119,41.544865,0.1749,-0.1143
BiancaGolden_GrandPlies,-182.3573,-11.7760,157.7234,-9.7924,-13.3162,19.9629,0.9480,0.1349,-0.2882,0.9980,120,41.560085,0.1764,-0.1178
BiancaGolden_GrandPlies,-182.1825,-12.1442,157.8684,-9.6781,-12.9960,20.0351,0.9472,0.1344,-0.2911,0.9980,120,41.574875,0.1782,-0.1214
BiancaGolden_GrandPlies,-182.0030,-12.4988,158.0310,-9.7147,-12.6452,19.9214,0.9481,0.1319,-0.2893,0.9980,120,41.588154,0.1800,-0.1250
BiancaGolden_GrandPlies,-181.9380,-12.7991,158.1676,-9.9709,-12.4581,19.6956,0.9469,0.1299,-0.2940,0.9980,121,41.602409,0.1806,-0.1280
BiancaGolden_GrandPlies,-181.9142,-13.1009,158.3727,-10.4905,-12.6402,19.5592,0.9458,0.1253,-0.2997,0.9980,121,41.615555,0.1809,-0.1310
BiancaGolden_GrandPlies,-181.8674,-13.4820,158.6226,-10.6223,-13.0093,19.6945,0.9413,0.1276,-0.3125,0.9980,122,41.630257,0.1813,-0.1348
BiancaGolden_GrandPlies,-181.8897,-13.8627,158.9588,-10.7372,-13.6820,19.8910,0.9379,0.1271,-0.3229,0.9980,122,41.643188,0.1811,-0.1386
BiancaGolden_GrandPlies,-181.9403,-14.2496,159.4242,-10.9496,-14.6171,20.0080,0.9318,0.1283,-0.3397,0.9980,123,41.657299,0.1806,-0.1425
BiancaGolden_GrandPlies,-182.0202,-14.5760,160.0600,-11.1402,-15.6198,20.1892,0.9277,0.1332,-0.3488,0.9980,123,41.672138,0.1798,-0.1458
BiancaGolden_GrandPlies,-182.0675,-14.8708,160.7216,-11.3384,-16.1591,20.4654,0.9316,0.1363,-0.3370,0.9980,123,41.686337,0.1793,-0.1487
BiancaGolden_GrandPlies,-182.0698,-15.1606,161.4460,-11.3092,-16.2660,20.7251,0.9342,0.1391,-0.3285,0.9980,124,41.699333,0.1793,-0.1516
BiancaGolden_GrandPlies,-181.9538,-15.4265,162.1953,-11.1120,-15.6848,20.8445,0.9401,0.1380,-0.3118,0.9980,124,41.712463,0.1805,-0.1543
BiancaGolden_GrandPlies,-181.8473,-15.6319,162.9216,-10.9671,-14.8341,20.6886,0.9471,0.1462,-0.2858,0.9980,125,41.728050,0.1815,-0.1563
BiancaGolden_GrandPlies,-181.7949,-15.7870,163.4973,-10.7832,-13.7050,20.4093,0.9557,0.1430,-0.2574,0.9980,125,41.741917,0.1821,-0.1579
BiancaGolden_GrandPlies,-181.7090,-15.9219,164.1186,-10.4401,-12.9731,20.2470,0.9600,0.1367,-0.2445,0.9980,126,41.760109,0.1829,-0.1592
BiancaGolden_GrandPlies,-181.5296,-15.9336,164.8480,-10.1448,-12.1746,20.0649,0.9613,0.1347,-0.2403,0.9980,126,41.769062,0.1847,-0.1593
BiancaGolden_GrandPlies,-181.4239,-15.9145,165.6118,-10.1808,-11.8424,19.9094,0.9579,0.1410,-0.2500,0.9980,126,41.782684,0.1858,-0.1591
BiancaGolden_GrandPlies,-181.3103,-15.8329,166.3084,-10.2532,-11.9051,19.8485,0.9569,0.1400,-0.2544,0.9980,127,41.795536,0.1869,-0.1583
BiancaGolden_GrandPlies,-181.2292,-15.7283,166.9683,-10.1977,-12.1834,19.8156,0.9499,0.1423,-0.2784,0.9980,127,41.809082,0.1877,-0.1573
BiancaGolden_GrandPlies,-181.1715,-15.5964,167.5294,-10.0048,-12.8644,19.9617,0.9395,0.1433,-0.3110,0.9980,128,41.823860,0.1883,-0.1560
BiancaGolden_GrandPlies,-181.0954,-15.4493,168.1083,-9.7320,-13.6576,20.0660,0.9342,0.1423,-0.3270,0.9980,128,41.837086,0.1890,-0.1545
BiancaGolden_GrandPlies,-181.0110,-15.3050,168.8229,-9.4540,-14.3866,20.0852,0.9264,0.1485,-0.3461,0.9980,128,41.852474,0.1899,-0.1530
BiancaGolden_GrandPlies,-180.9125,-15.1760,169.5850,-9.4908,-14.8702,19.9334,0.9225,0.1404,-0.3596,0.9980,129,41.865906,0.1909,-0.1518
BiancaGolden_GrandPlies,-180.8392,-15.0730,170.4099,-10.1858,-15.6287,19.4419,0.9188,0.1274,-0.3736,0.9980,129,41.878464,0.1916,-0.1507
BiancaGolden_GrandPlies,-180.7087,-14.9665,171.2392,-10.8000,-16.3263,18.6633,0.9161,0.1134,-0.3845,0.9980,130,41.894180,0.1929,-0.1497
BiancaGolden_GrandPlies,-180.6506,-14.8893,172.1047,-10.8815,-17.0648,17.8819,0.9165,0.0985,-0.3876,0.9980,130,41.907112,0.1935,-0.1489
BiancaGolden_GrandPlies,-180.6608,-14.7973,173.0399,-10.3538,-17.7082,17.3813,0.9166,0.1006,-0.3869,0.9980,130,41.921673,0.1934,-0.1480
BiancaGolden_GrandPlies,-180.7148,-14.6916,174.0861,-9.6279,-18.3385,17.2960,0.9173,0.0967,-0.3863,0.9980,131,41.935600,0.1929,-0.1469
BiancaGolden_GrandPlies,-180.7400,-14.4891,175.1712,-9.3565,-18.7543,17.1450,0.9234,0.1039,-0.3694,0.9980,131,41.948650,0.1926,-0.1449
BiancaGolden_GrandPlies,-180.8629,-14.2708,176.2958,-9.3666,-18.8845,16.9979,0.9247,0.1043,-0.3662,0.9980,132,41.964546,0.1914,-0.1427
BiancaGolden_GrandPlies,-181.0515,-14.0599,177.3311,-9.1541,-18.7837,16.9645,0.9282,0.1052,-0.3568,0.9980,132,41.978245,0.1895,-0.1406
BiancaGolden_GrandPlies,-181.1659,-13.8555,178.4252,-8.6242,-18.4853,17.0854,0.9338,0.1101,-0.3403,0.9980,133,41.991409,0.1883,-0.1386
BiancaGolden_GrandPlies,-181.2280,-13.6486,179.6718,-8.4358,-17.8840,17.1973,0.9357,0.1211,-0.3314,0.9980,133,42.005619,0.1877,-0.1365
BiancaGolden_GrandPlies,-181.2956,-13.4793,180.9970,-8.5332,-17.4881,17.1078,0.9378,0.1197,-0.3260,0.9980,133,42.019161,0.1870,-0.1348
BiancaGolden_GrandPlies,-181.3862,-13.3954,182.2845,-8.5526,-17.1538,16.9910,0.9350,0.1081,-0.3379,0.9980,134,42.032856,0.1861,-0.1340
BiancaGolden_GrandPlies,-181.5966,-13.3061,183.4302,-8.2495,-17.1419,16.9144,0.9348,0.1085,-0.3382,0.9980,134,42.045959,0.1840,-0.1331
BiancaGolden_GrandPlies,-181.7561,-13.1976,184.5908,-8.0117,-17.2013,16.9568,0.9349,0.0798,-0.3457,0.9980,135,42.061344,0.1824,-0.1320
BiancaGolden_GrandPlies,-181.8718,-13.0509,185.8027,-8.0888,-17.0976,16.9448,0.9273,0.0818,-0.3653,0.9980,135,42.074837,0.1813,-0.1305
BiancaGolden_GrandPlies,-181.9669,-12.9638,187.0827,-8.4088,-16.9306,16.9951,0.9260,0.0845,-0.3680,0.9980,136,42.089043,0.1803,-0.1296
BiancaGolden_GrandPlies,-182.0818,-12.9139,188.3006,-8.4433,-16.7928,17.1382,0.9228,0.0778,-0.3772,0.9980,136,42.103306,0.1792,-0.1291
BiancaGolden_GrandPlies,-182.2399,-12.8615,189.4240,-8.1942,-16.7738,17.3725,0.9210,0.0813,-0.3809,0.9980,136,42.116875,0.1776,-0.1286
BiancaGolden_GrandPlies,-182.3525,-12.8018,190.5509,-8.0157,-16.8319,17.6515,0.9198,0.0861,-0.3829,0.9980,137,42.130733,0.1765,-0.1280
BiancaGolden_GrandPlies,-182.4530,-12.7785,191.7600,-8.0985,-16.9524,17.9785,0.9162,0.0894,-0.3905,0.9980,137,42.143921,0.1755,-0.1278
BiancaGolden_GrandPlies,-182.5807,-12.7858,192.9283,-8.4225,-17.2222,18.1829,0.9126,0.0904,-0.3987,0.9980,138,42.159000,0.1742,-0.1279
BiancaGolden_GrandPlies,-182.7176,-12.8611,194.0248,-8.5759,-17.7068,18.3439,0.9088,0.0915,-0.4070,0.9980,138,42.173607,0.1728,-0.1286
BiancaGolden_GrandPlies,-182.8623,-12.9727,195.0810,-8.4147,-18.2791,18.5043,0.9017,0.0885,-0.4231,0.9980,138,42.187061,0.1714,-0.1297
BiancaGolden_GrandPlies,-182.9979,-13.1398,196.0784,-8.1038,-18.8940,18.6590,0.8985,0.0876,-0.4302,0.9980,139,42.201221,0.1700,-0.1314
BiancaGolden_GrandPlies,-183.0953,-13.3107,197.0686,-7.9472,-19.3796,18.6993,0.8954,0.0856,-0.4370,0.9980,139,42.213753,0.1690,-0.1331
BiancaGolden_GrandPlies,-183.1691,-13.5217,197.9520,-7.9143,-19.7519,18.6386,0.8867,0.0830,-0.4549,0.9980,140,42.228661,0.1683,-0.1352
BiancaGolden_GrandPlies,-183.1853,-13.7222,198.8473,-8.0116,-20.0024,18.5029,0.8855,0.0820,-0.4574,0.9980,140,42.242294,0.1681,-0.1372
BiancaGolden_GrandPlies,-183.1898,-13.8725,199.7563,-8.3165,-20.1210,18.3112,0.8877,0.0740,-0.4544,0.9980,141,42.261192,0.1681,-0.1387
BiancaGolden_GrandPlies,-183.1152,-14.0096,200.6232,-8.9582,-19.9583,17.9667,0.8888,0.0625,-0.4540,0.9980,141,42.270477,0.1688,-0.1401
BiancaGolden_GrandPlies,-183.0321,-14.1891,201.4015,-9.4333,-19.7397,17.7718,0.8906,0.0609,-0.4507,0.9980,141,42.284588,0.1697,-0.1419
BiancaGolden_GrandPlies,-182.8936,-14.3763,202.1116,-9.6698,-19.5128,17.6043,0.8919,0.0595,-0.4483,0.9980,142,42.298100,0.1711,-0.1438
BiancaGolden_GrandPlies,-182.7224,-14.5706,202.8253,-9.6351,-19.3151,17.4882,0.8956,0.0644,-0.4403,0.9980,142,42.311272,0.1728,-0.1457
BiancaGolden_GrandPlies,-182.6148,-14.7154,203.5081,-9.5486,-19.2863,17.4070,0.8933,0.0689,-0.4442,0.9980,143,42.326275,0.1739,-0.1472
BiancaGolden_GrandPlies,-182.5769,-14.8876,204.1155,-9.3680,-19.5589,17.5292,0.8844,0.0753,-0.4607,0.9980,143,42.339241,0.1742,-0.1489
BiancaGolden_GrandPlies,-182.5425,-15.0372,204.6667,-9.1150,-20.1275,17.7507,0.8773,0.0856,-0.4723,0.9980,143,42.354324,0.1746,-0.1504
BiancaGolden_GrandPlies,-182.4562,-15.2032,205.2210,-8.8828,-20.7546,17.9142,0.8743,0.0836,-0.4781,0.9980,144,42.367203,0.1754,-0.1520
BiancaGolden_GrandPlies,-182.3071,-15.3640,205.7964,-8.7299,-21.1757,17.8741,0.8704,0.0921,-0.4837,0.9980,144,42.380634,0.1769,-0.1536
BiancaGolden_GrandPlies,-182.1266,-15.5245,206.3706,-8.5088,-21.3632,17.6375,0.8711,0.0884,-0.4830,0.9980,145,42.395485,0.1787,-0.1552
BiancaGolden_GrandPlies,-181.9144,-15.6840,206.9693,-8.2772,-21.4224,17.2449,0.8722,0.0848,-0.4817,0.9980,145,42.409019,0.1809,-0.1568
BiancaGolden_GrandPlies,-181.6603,-15.7696,207.5731,-8.1588,-21.3127,16.8033,0.8758,0.0760,-0.4766,0.9980,146,42.423515,0.1834,-0.1577
BiancaGolden_GrandPlies,-181.4662,-15.8177,208.0864,-8.1742,-21.0132,16.3762,0.8769,0.0757,-0.4747,0.9980,146,42.437458,0.1853,-0.1582
BiancaGolden_GrandPlies,-181.2639,-15.8658,208.5050,-8.0598,-20.6750,16.0452,0.8815,0.0785,-0.4656,0.9980,146,42.451824,0.1874,-0.1587
BiancaGolden_GrandPlies,-181.0925,-15.8868,208.8081,-7.7693,-20.2035,15.7798,0.8845,0.0754,-0.4603,0.9980,147,42.464947,0.1891,-0.1589
BiancaGolden_GrandPlies,-180.9613,-15.8702,209.0618,-7.4707,-19.8556,15.5710,0.8797,0.0996,-0.4649,0.9980,147,42.478504,0.1904,-0.1587
BiancaGolden_GrandPlies,-180.9418,-15.8266,209.3089,-7.2561,-19.8833,15.5196,0.8670,0.0997,-0.4882,0.9980,148,42.493420,0.1906,-0.1583
BiancaGolden_GrandPlies,-180.8950,-15.7770,209.5985,-7.1667,-20.0942,15.4650,0.8632,0.1005,-0.4948,0.9980,148,42.507431,0.1911,-0.1578
BiancaGolden_GrandPlies,-180.8582,-15.6868,209.8966,-7.2240,-20.4839,15.4268,0.8553,0.1090,-0.5065,0.9980,149,42.522038,0.1914,-0.1569
BiancaGolden_GrandPlies,-180.8280,-15.5966,210.1741,-7.2903,-20.8570,15.4144,0.8528,0.1084,-0.5108,0.9980,149,42.534897,0.1917,-0.1560
BiancaGolden_GrandPlies,-180.8140,-15.4490,210.4136,-7.3304,-21.1433,15.4064,0.8473,0.1183,-0.5177,0.9980,149,42.548973,0.1919,-0.1545
BiancaGolden_GrandPlies,-180.8192,-15.2796,210.6427,-7.3718,-21.2507,15.4197,0.8447,0.1248,-0.5205,0.9980,150,42.562782,0.1918,-0.1528
BiancaGolden_GrandPlies,-180.8913,-15.0570,210.8879,-7.4119,-21.1990,15.4375,0.8439,0.1246,-0.5218,0.9980,150,42.576839,0.1911,-0.1506
BiancaGolden_GrandPlies,-180.9573,-14.8331,211.1330,-7.3760,-21.1622,15.4241,0.8450,0.1261,-0.5197,0.9980,151,42.591297,0.1904,-0.1483
BiancaGolden_GrandPlies,-181.0803,-14.5548,211.3459,-7.3399,-20.9745,15.4104,0.8462,0.1279,-0.5172,0.9980,151,42.605011,0.1892,-0.1455
BiancaGolden_GrandPlies,-181.2288,-14.2686,211.5374,-7.2522,-20.7982,15.3438,0.8471,0.1273,-0.5159,0.9980,151,42.618782,0.1877,-0.1427
BiancaGolden_GrandPlies,-181.4112,-13.9668,211.7035,-7.1220,-20.6534,15.3042,0.8481,0.1264,-0.5146,0.9980,152,42.632172,0.1859,-0.1397
BiancaGolden_GrandPlies,-181.6247,-13.6306,211.8911,-6.9780,-20.5786,15.2536,0.8480,0.1231,-0.5155,0.9980,152,42.645714,0.1838,-0.1363
BiancaGolden_GrandPlies,-181.8993,-13.2757,212.0947,-6.7964,-20.5759,15.3136,0.8487,0.1236,-0.5143,0.9980,153,42.660530,0.1810,-0.1328
BiancaGolden_GrandPlies,-182.1357,-12.9310,212.2930,-6.6321,-20.5039,15.3751,0.8479,0.1240,-0.5154,0.9980,153,42.674591,0.1786,-0.1293
BiancaGolden_GrandPlies,-182.4459,-12.5257,212.4186,-6.4293,-20.2355,15.3964,0.8453,0.1290,-0.5185,0.9980,154,42.689438,0.1755,-0.1253
BiancaGolden_GrandPlies,-182.7586,-12.1072,212.5643,-6.3189,-20.0260,15.4383,0.8477,0.1293,-0.5145,0.9980,154,42.702122,0.1724,-0.1211
BiancaGolden_GrandPlies,-183.0956,-11.6862,212.6752,-6.1727,-19.7803,15.4598,0.8496,0.1293,-0.5113,0.9980,154,42.716625,0.1690,-0.1169
BiancaGolden_GrandPlies,-183.4735,-11.2239,212.7920,-6.0621,-19.5452,15.4079,0.8512,0.1278,-0.5091,0.9980,155,42.730381,0.1653,-0.1122
BiancaGolden_GrandPlies,-183.8644,-10.7346,212.8923,-5.9409,-19.2307,15.2690,0.8553,0.1137,-0.5055,0.9980,155,42.746563,0.1614,-0.1073
BiancaGolden_GrandPlies,-184.3109,-10.2185,212.8910,-5.7756,-18.9541,15.1367,0.8568,0.1107,-0.5036,0.9980,156,42.758984,0.1569,-0.1022
BiancaGolden_GrandPlies,-184.8000,-9.7037,212.9645,-5.6042,-18.8115,14.9781,0.8488,0.0994,-0.5192,0.9980,156,42.772243,0.1520,-0.0970
BiancaGolden_GrandPlies,-185.2839,-9.1598,212.9987,-5.3993,-18.6321,14.7742,0.8503,0.0942,-0.5179,0.9980,156,42.787193,0.1472,-0.0916
BiancaGolden_GrandPlies,-185.8456,-8.5405,212.9898,-5.2058,-18.4176,14.4961,0.8517,0.0912,-0.5160,0.9980,157,42.800026,0.1415,-0.0854
BiancaGolden_GrandPlies,-186.4011,-7.8965,213.0322,-4.9853,-18.3235,14.3210,0.8527,0.0845,-0.5155,0.9980,157,42.812828,0.1360,-0.0790
BiancaGolden_GrandPlies,-186.9139,-7.2074,213.1351,-4.9223,-18.1658,14.1250,0.8515,0.0819,-0.5179,0.9980,158,42.828419,0.1309,-0.0721
BiancaGolden_GrandPlies,-187.3568,-6.4686,213.3866,-4.9738,-18.0768,13.9321,0.8537,0.0839,-0.5140,0.9980,158,42.841232,0.1264,-0.0647
BiancaGolden_GrandPlies,-187.8913,-5.6990,213.4693,-5.0614,-17.6890,13.6838,0.8467,0.0830,-0.5255,0.9980,159,42.855717,0.1211,-0.0570
BiancaGolden_GrandPlies,-188.5079,-4.9665,213.4663,-5.0496,-17.6864,13.4936,0.8496,0.0791,-0.5214,0.9980,159,42.869152,0.1149,-0.0497
BiancaGolden_GrandPlies,-188.9481,-4.1870,213.6315,-5.0228,-17.4103,13.2001,0.8525,0.0769,-0.5171,0.9980,159,42.883434,0.1105,-0.0419
BiancaGolden_GrandPlies,-189.4034,-3.3788,213.8638,-5.1190,-17.0891,12.8042,0.8514,0.0729,-0.5194,0.9980,160,42.897484,0.1060,-0.0338
BiancaGolden_GrandPlies,-189.8652,-2.6267,213.9909,-5.1022,-16.7734,12.5130,0.8528,0.0657,-0.5180,0.9980,160,42.910805,0.1013,-0.0263
BiancaGolden_GrandPlies,-190.3828,-1.8952,213.9962,-4.8988,-16.6599,12.2781,0.8515,0.0605,-0.5209,0.9980,161,42.925419,0.0962,-0.0190
BiancaGolden_GrandPlies,-190.8548,-1.1546,213.9525,-4.7081,-16.6489,11.9935,0.8451,0.0518,-0.5321,0.9980,161,42.939129,0.0915,-0.0115
BiancaGolden_GrandPlies,-191.2852,-0.4299,213.9934,-4.5776,-16.6101,11.7028,0.8433,0.0462,-0.5355,0.9980,161,42.953621,0.0871,-0.0043
BiancaGolden_GrandPlies,-191.6966,0.2334,214.0100,-4.4045,-16.6806,11.4045,0.8431,0.0405,-0.5362,0.9980,162,42.966976,0.0830,0.0023
BiancaGolden_GrandPlies,-192.0866,0.8776,214.0178,-4.1625,-16.7436,11.1015,0.8391,0.0343,-0.5429,0.9980,162,42.980770,0.0791,0.0088
BiancaGolden_GrandPlies,-192.4367,1.4911,214.0592,-3.9494,-16.7486,10.7720,0.8388,0.0306,-0.5436,0.9980,163,42.995426,0.0756,0.0149
BiancaGolden_GrandPlies,-192.7683,2.1146,214.1034,-3.7947,-16.6760,10.3931,0.8334,0.0280,-0.5519,0.9980,163,43.008678,0.0723,0.0211
BiancaGolden_GrandPlies,-193.1327,2.6908,214.0654,-3.7224,-16.5980,10.0325,0.8357,0.0230,-0.5487,0.9980,164,43.023293,0.0687,0.0269
BiancaGolden_GrandPlies,-193.4846,3.2332,214.0249,-3.5593,-16.7182,9.6818,0.8340,0.0173,-0.5516,0.9980,164,43.037289,0.0652,0.0323
BiancaGolden_GrandPlies,-193.8094,3.7522,214.0011,-3.3593,-16.9063,9.3639,0.8316,0.0118,-0.5552,0.9980,164,43.051056,0.0619,0.0375
BiancaGolden_GrandPlies,-194.0807,4.2248,214.0560,-3.2260,-17.2198,9.0765,0.8290,0.0067,-0.5593,0.9980,165,43.064365,0.0592,0.0422
BiancaGolden_GrandPlies,-194.3337,4.6865,214.1185,-3.1595,-17.5086,8.7773,0.8227,0.0046,-0.5684,0.9980,165,43.078453,0.0567,0.0469
BiancaGolden_GrandPlies,-194.5832,5.1296,214.1920,-3.1129,-17.7824,8.4626,0.8203,0.0016,-0.5719,0.9980,166,43.093002,0.0542,0.0513
BiancaGolden_GrandPlies,-194.7945,5.5320,214.2943,-3.0407,-18.0297,8.1324,0.8244,0.0017,-0.5660,0.9980,166,43.106152,0.0521,0.0553
BiancaGolden_GrandPlies,-194.9762,5.9126,214.3747,-2.9448,-18.0748,7.8170,0.8253,0.0117,-0.5646,0.9980,166,43.120617,0.0502,0.0591
BiancaGolden_GrandPlies,-195.1203,6.2798,214.4854,-2.8686,-18.0178,7.4881,0.8267,0.0080,-0.5625,0.9980,167,43.134216,0.0488,0.0628
BiancaGolden_GrandPlies,-195.2405,6.6458,214.6069,-2.8859,-17.8692,7.2098,0.8295,0.0111,-0.5584,0.9980,167,43.147610,0.0476,0.0665
BiancaGolden_GrandPlies,-195.3578,7.0133,214.7429,-2.9540,-17.7824,6.9270,0.8313,0.0143,-0.5556,0.9980,168,43.162437,0.0464,0.0701
BiancaGolden_GrandPlies,-195.4273,7.3612,214.9069,-3.0316,-17.6848,6.6778,0.8318,0.0165,-0.5548,0.9980,168,43.176044,0.0457,0.0736
BiancaGolden_GrandPlies,-195.4787,7.7013,215.0258,-3.0726,-17.6401,6.4823,0.8346,0.0231,-0.5504,0.9980,169,43.190399,0.0452,0.0770
BiancaGolden_GrandPlies,-195.5225,8.0109,215.1250,-3.0601,-17.7105,6.3132,0.8366,0.0204,-0.5474,0.9980,169,43.204037,0.0448,0.0801
BiancaGolden_GrandPlies,-195.5243,8.3277,215.2371,-3.0282,-17.7200,6.1402,0.8367,0.0184,-0.5474,0.9980,169,43.218727,0.0448,0.0833
BiancaGolden_GrandPlies,-195.4559,8.6341,215.3390,-2.9955,-17.7143,5.9969,0.8345,0.0194,-0.5507,0.9980,170,43.231792,0.0454,0.0863
BiancaGolden_GrandPlies,-195.4258,8.9268,215.3927,-2.9588,-17.7246,5.8992,0.8330,0.0185,-0.5529,0.9980,170,43.248894,0.0457,0.0893
BiancaGolden_GrandPlies,-195.3414,9.2141,215.4332,-2.9122,-17.8787,5.8608,0.8327,0.0178,-0.5535,0.9980,171,43.261669,0.0466,0.0921
BiancaGolden_GrandPlies,-195.2191,9.4673,215.4266,-2.8448,-17.9247,5.8426,0.8341,0.0188,-0.5513,0.9980,171,43.273426,0.0478,0.0947
BiancaGolden_GrandPlies,-195.0651,9.7121,215.4288,-2.8079,-17.9453,5.7764,0.8343,0.0185,-0.5510,0.9980,171,43.288017,0.0493,0.0971
BiancaGolden_GrandPlies,-194.8683,9.9298,215.4482,-2.8081,-17.9396,5.6535,0.8351,0.0163,-0.5498,0.9980,172,43.301197,0.0513,0.0993
BiancaGolden_GrandPlies,-194.6370,10.1442,215.4549,-2.8244,-17.8605,5.4835,0.8349,0.0177,-0.5502,0.9980,172,43.314716,0.0536,0.1014
BiancaGolden_GrandPlies,-194.3887,10.3263,215.4267,-2.8273,-17.7867,5.3148,0.8385,0.0174,-0.5447,0.9980,173,43.329121,0.0561,0.1033
BiancaGolden_GrandPlies,-194.1187,10.4852,215.3812,-2.7431,-17.7581,5.1747,0.8386,0.0148,-0.5446,0.9980,173,43.343052,0.0588,0.1049
BiancaGolden_GrandPlies,-193.8183,10.6098,215.3637,-2.5656,-17.7644,5.0932,0.8389,0.0133,-0.5442,0.9980,174,43.357353,0.0618,0.1061
BiancaGolden_GrandPlies,-193.4826,10.7307,215.3389,-2.4470,-17.7439,5.0240,0.8391,0.0120,-0.5438,0.9980,174,43.370632,0.0652,0.1073
BiancaGolden_GrandPlies,-193.1239,10.8382,215.2960,-2.3250,-17.7346,4.9497,0.8371,0.0126,-0.5469,0.9980,174,43.385040,0.0688,0.1084
BiancaGolden_GrandPlies,-192.7164,10.9418,215.2352,-2.3485,-17.6319,4.9623,0.8406,0.0182,-0.5414,0.9980,175,43.399445,0.0728,0.1094
BiancaGolden_GrandPlies,-192.3028,11.0433,215.1982,-2.5137,-17.5213,4.9754,0.8418,0.0200,-0.5394,0.9980,175,43.412067,0.0770,0.1104
BiancaGolden_GrandPlies,-191.8188,11.1051,215.1860,-2.7366,-17.3752,5.0224,0.8448,0.0231,-0.5346,0.9980,176,43.426899,0.0818,0.1111
BiancaGolden_GrandPlies,-191.3083,11.1578,215.1603,-2.8933,-17.0689,5.0118,0.8473,0.0230,-0.5306,0.9980,176,43.440514,0.0869,0.1116
BiancaGolden_GrandPlies,-190.8344,11.1558,215.0601,-2.9570,-16.7665,4.9850,0.8486,0.0282,-0.5284,0.9980,176,43.454773,0.0917,0.1116
BiancaGolden_GrandPlies,-190.3717,11.1338,214.9275,-2.9234,-16.7127,4.9522,0.8478,0.0207,-0.5299,0.9980,177,43.468357,0.0963,0.1113
BiancaGolden_GrandPlies,-189.9021,11.1107,214.7928,-2.8436,-16.7869,4.9267,0.8401,0.0189,-0.5421,0.9980,177,43.481819,0.1010,0.1111
BiancaGolden_GrandPlies,-189.4418,11.0896,214.6236,-2.7976,-17.0056,4.9906,0.8366,0.0202,-0.5474,0.9980,178,43.496700,0.1056,0.1109
BiancaGolden_GrandPlies,-188.9081,11.0586,214.5043,-2.8356,-17.1134,5.0753,0.8334,0.0227,-0.5521,0.9980,178,43.510181,0.1109,0.1106
BiancaGolden_GrandPlies,-188.3517,11.0246,214.4675,-2.9809,-17.4310,5.2155,0.8296,0.0239,-0.5579,0.9980,179,43.524437,0.1165,0.1102
BiancaGolden_GrandPlies,-187.7117,10.9734,214.4860,-3.2686,-17.5545,5.2776,0.8253,0.0218,-0.5642,0.9980,179,43.538212,0.1229,0.1097
BiancaGolden_GrandPlies,-187.2588,10.9009,214.3672,-3.2662,-17.9921,5.1596,0.8166,0.0211,-0.5768,0.9980,179,43.552361,0.1274,0.1090
BiancaGolden_GrandPlies,-186.8575,10.8062,214.1254,-3.2278,-18.8526,5.1775,0.8104,0.0216,-0.5855,0.9980,180,43.566605,0.1314,0.1081
BiancaGolden_GrandPlies,-186.4092,10.6425,214.0065,-2.9830,-19.4767,5.3333,0.8130,0.0289,-0.5816,0.9980,180,43.579540,0.1359,0.1064
BiancaGolden_GrandPlies,-185.9498,10.5295,213.9610,-2.7981,-19.8229,5.2787,0.8120,0.0269,-0.5830,0.9980,181,43.594208,0.1405,0.1053
BiancaGolden_GrandPlies,-185.4899,10.4211,213.9005,-2.8638,-19.9179,5.1259,0.8139,0.0251,-0.5805,0.9980,181,43.607998,0.1451,0.1042
BiancaGolden_GrandPlies,-185.0811,10.2641,213.8369,-2.8493,-19.8738,5.1155,0.8153,0.0223,-0.5786,0.9980,182,43.622528,0.1492,0.1026
BiancaGolden_GrandPlies,-184.7063,10.1160,213.8518,-2.7201,-19.7488,5.1059,0.8169,0.0230,-0.5764,0.9980,182,43.635639,0.1529,0.1012
BiancaGolden_GrandPlies,-184.3271,9.9737,213.9384,-2.6962,-19.5935,5.1515,0.8230,0.0244,-0.5675,0.9980,182,43.650078,0.1567,0.0997
BiancaGolden_GrandPlies,-183.9843,9.8613,214.0908,-2.8447,-19.3960,5.1868,0.8242,0.0268,-0.5656,0.9980,183,43.663769,0.1602,0.0986
BiancaGolden_GrandPlies,-183.6386,9.7489,214.2646,-3.1070,-19.2521,5.2588,0.8076,-0.0109,-0.5897,0.9980,183,43.677185,0.1636,0.0975
BiancaGolden_GrandPlies,-183.2867,9.6447,214.4164,-3.3319,-18.9805,5.3333,0.8109,-0.0084,-0.5851,0.9980,184,43.693047,0.1671,0.0964
BiancaGolden_GrandPlies,-182.9527,9.5374,214.4910,-3.4852,-18.6427,5.4308,0.8151,-0.0059,-0.5792,0.9980,184,43.705711,0.1705,0.0954
BiancaGolden_GrandPlies,-182.6336,9.4339,214.5034,-3.5454,-18.2431,5.5529,0.8156,-0.0091,-0.5785,0.9980,184,43.720009,0.1737,0.0943
BiancaGolden_GrandPlies,-182.3515,9.3400,214.5000,-3.4965,-17.8982,5.6834,0.8172,-0.0073,-0.5763,0.9980,185,43.733364,0.1765,0.0934
BiancaGolden_GrandPlies,-182.0435,9.2777,214.5721,-3.4978,-17.7274,5.8158,0.8079,-0.0040,-0.5893,0.9980,185,43.750160,0.1796,0.0928
BiancaGolden_GrandPlies,-181.7468,9.2172,214.6902,-3.5953,-17.7206,5.9951,0.8062,0.0002,-0.5916,0.9980,186,43.762066,0.1825,0.0922
BiancaGolden_GrandPlies,-181.4513,9.1449,214.8120,-3.6864,-17.8757,6.2702,0.7997,0.0045,-0.6004,0.9980,186,43.774899,0.1855,0.0914
BiancaGolden_GrandPlies,-181.1892,9.0816,214.8453,-3.7432,-18.0162,6.5093,0.7965,0.0074,-0.6045,0.9980,187,43.790180,0.1881,0.0908
BiancaGolden_GrandPlies,-180.9497,9.0414,214.8484,-3.8787,-18.3013,6.6916,0.7938,0.0099,-0.6081,0.9980,187,43.802979,0.1905,0.0904
BiancaGolden_GrandPlies,-180.6914,9.0034,214.8572,-4.0613,-18.5392,6.8192,0.7861,0.0077,-0.6180,0.9980,187,43.817211,0.1931,0.0900
BiancaGolden_GrandPlies,-180.4282,8.9725,214.9401,-4.3171,-18.8210,6.9341,0.7776,0.0052,-0.6288,0.9980,188,43.830811,0.1957,0.0897
BiancaGolden_GrandPlies,-180.1662,8.9363,215.0181,-4.5340,-19.1011,6.9913,0.7738,0.0052,-0.6334,0.9980,188,43.844082,0.1983,0.0894
BiancaGolden_GrandPlies,-179.9630,8.8978,215.0258,-4.5820,-19.4359,6.9988,0.7719,0.0028,-0.6357,0.9980,189,43.859200,0.2004,0.0890
BiancaGolden_GrandPlies,-179.7558,8.8648,215.0071,-4.5787,-19.7747,6.9465,0.7690,-0.0010,-0.6393,0.9980,189,43.872730,0.2024,0.0886
BiancaGolden_GrandPlies,-179.5193,8.8367,215.0271,-4.5361,-20.0578,6.6683,0.7711,-0.0110,-0.6366,0.9980,189,43.886864,0.2048,0.0884
BiancaGolden_GrandPlies,-179.2383,8.8329,215.1099,-4.4026,-20.0654,6.0723,0.7802,-0.0215,-0.6251,0.9980,190,43.900574,0.2076,0.0883
BiancaGolden_GrandPlies,-178.9508,8.8229,215.1729,-4.1746,-19.8379,5.4250,0.7839,-0.0325,-0.6200,0.9980,190,43.914177,0.2105,0.0882
BiancaGolden_GrandPlies,-178.6872,8.8465,215.1840,-3.8772,-19.4940,4.7162,0.8140,-0.0674,-0.5769,0.9980,191,43.928612,0.2131,0.0885
BiancaGolden_GrandPlies,-178.4014,8.8815,215.2161,-3.3203,-19.0780,3.7809,0.8181,-0.0818,-0.5692,0.9980,191,43.942459,0.2160,0.0888
BiancaGolden_GrandPlies,-178.0750,8.9119,215.2082,-2.6759,-18.6251,2.9714,0.8218,-0.0995,-0.5611,0.9980,192,43.956657,0.2192,0.0891
BiancaGolden_GrandPlies,-177.7753,8.9914,215.1976,-1.8286,-18.1814,2.0070,0.8236,-0.1137,-0.5556,0.9980,192,43.970734,0.2222,0.0899
BiancaGolden_GrandPlies,-177.5064,9.0900,215.1773,-1.2063,-17.8908,1.2180,0.9005,0.0589,-0.4309,0.9980,192,43.984959,0.2249,0.0909
BiancaGolden_GrandPlies,-177.2565,9.2664,215.1655,-0.6804,-17.7879,0.5354,0.8999,0.0714,-0.4302,0.9980,193,43.998108,0.2274,0.0927
BiancaGolden_GrandPlies,-176.9768,9.4797,215.1541,-0.4129,-17.7795,-0.0446,0.8998,0.0634,-0.4317,0.9980,193,44.011360,0.2302,0.0948
BiancaGolden_GrandPlies,-176.6979,9.7428,215.1354,-0.3049,-17.8633,-0.5385,0.8777,0.0602,-0.4754,0.9980,194,44.026295,0.2330,0.0974
BiancaGolden_GrandPlies,-176.3896,10.0362,215.0990,-0.3475,-18.0757,-0.8369,0.8769,0.0556,-0.4774,0.9980,194,44.039864,0.2361,0.1004
BiancaGolden_GrandPlies,-176.0787,10.3275,215.0593,-0.2380,-18.2000,-1.1164,0.8272,0.0342,-0.5609,0.9980,194,44.054245,0.2392,0.1033
BiancaGolden_GrandPlies,-175.7051,10.6679,214.9925,-0.1791,-18.3358,-1.2417,0.8308,0.0095,-0.5564,0.9980,195,44.067867,0.2429,0.1067
BiancaGolden_GrandPlies,-175.3334,11.0102,214.9272,-0.0819,-18.2713,-1.4607,0.8467,-0.0421,-0.5305,0.9980,195,44.080963,0.2467,0.1101
BiancaGolden_GrandPlies,-174.9334,11.3639,214.8751,0.0037,-18.2295,-1.5875,0.8548,-0.0458,-0.5170,0.9980,196,44.095551,0.2507,0.1136
BiancaGolden_GrandPlies,-174.5410,11.7054,214.7793,0.1645,-18.1061,-1.7758,0.8557,-0.0500,-0.5151,0.9980,196,44.109467,0.2546,0.1171
BiancaGolden_GrandPlies,-174.1249,12.0717,214.7199,0.3364,-18.0045,-2.0045,0.8563,-0.0493,-0.5141,0.9980,197,44.123451,0.2588,0.1207
BiancaGolden_GrandPlies,-173.7174,12.4906,214.6437,0.4112,-17.9082,-2.2970,0.8566,-0.0539,-0.5132,0.9980,197,44.137016,0.2628,0.1249
BiancaGolden_GrandPlies,-173.2620,12.9113,214.5856,0.4318,-17.8460,-2.6046,0.8389,-0.0526,-0.5417,0.9980,197,44.151348,0.2674,0.1291
BiancaGolden_GrandPlies,-172.8417,13.3188,214.5334,0.4329,-17.8896,-2.9000,0.8274,-0.0576,-0.5586,0.9980,198,44.164875,0.2716,0.1332
BiancaGolden_GrandPlies,-172.3908,13.7467,214.4889,0.4839,-18.1136,-3.2916,0.8254,-0.0634,-0.5610,0.9980,198,44.178375,0.2761,0.1375
BiancaGolden_GrandPlies,-171.9269,14.1739,214.4153,0.5547,-18.2771,-3.6790,0.8108,-0.0874,-0.5788,0.9980,199,44.193871,0.2807,0.1417
BiancaGolden_GrandPlies,-171.4443,14.6558,214.3575,0.6180,-18.4940,-4.0788,0.8091,-0.0926,-0.5803,0.9980,199,44.206894,0.2856,0.1466
BiancaGolden_GrandPlies,-170.9127,15.1370,214.3584,0.6351,-18.6047,-4.4436,0.8005,-0.0963,-0.5916,0.9980,199,44.221027,0.2909,0.1514
BiancaGolden_GrandPlies,-170.3116,15.6347,214.4999,0.5418,-18.6509,-4.7806,0.8027,-0.1010,-0.5878,0.9980,200,44.234577,0.2969,0.1563
BiancaGolden_GrandPlies,-169.6692,16.1544,214.6465,0.4519,-18.3775,-5.1357,0.8026,-0.1017,-0.5878,0.9980,200,44.251564,0.3033,0.1615
BiancaGolden_GrandPlies,-169.1091,16.6832,214.6126,0.3851,-18.1400,-5.4025,0.8020,-0.1065,-0.5878,0.9980,201,44.263214,0.3089,0.1668
BiancaGolden_GrandPlies,-168.5983,17.2061,214.5961,0.5510,-18.1485,-5.7083,0.7977,-0.0977,-0.5951,0.9980,201,44.278038,0.3140,0.1721
BiancaGolden_GrandPlies,-168.0118,17.7663,214.5824,0.5672,-18.0284,-5.9788,0.7986,-0.0994,-0.5936,0.9980,202,44.292427,0.3199,0.1777
BiancaGolden_GrandPlies,-167.4630,18.2754,214.6250,0.6511,-17.9216,-6.0627,0.8003,-0.1025,-0.5907,0.9980,202,44.305740,0.3254,0.1828
BiancaGolden_GrandPlies,-166.9137,18.8058,214.5932,0.7632,-17.7293,-6.2272,0.7973,-0.0991,-0.5954,0.9980,202,44.319485,0.3309,0.1881
BiancaGolden_GrandPlies,-166.3918,19.3549,214.5092,0.7041,-17.5542,-6.3785,0.7950,-0.0946,-0.5992,0.9980,203,44.332600,0.3361,0.1935
BiancaGolden_GrandPlies,-165.9306,19.8631,214.3985,0.4855,-17.6552,-6.5769,0.7934,-0.0969,-0.6009,0.9980,203,44.345730,0.3407,0.1986
BiancaGolden_GrandPlies,-165.4125,20.3672,214.3539,0.3506,-17.7812,-6.8138,0.7858,-0.1019,-0.6100,0.9980,204,44.360447,0.3459,0.2037
BiancaGolden_GrandPlies,-164.8874,20.8496,214.3746,0.2083,-17.8828,-7.0940,0.7851,-0.1065,-0.6102,0.9980,204,44.373875,0.3511,0.2085
BiancaGolden_GrandPlies,-164.3626,21.3375,214.4118,0.1040,-17.8951,-7.4069,0.7864,-0.1095,-0.6079,0.9980,204,44.388065,0.3564,0.2134
BiancaGolden_GrandPlies,-163.8268,21.8162,214.3654,-0.0338,-17.7319,-7.6694,0.7843,-0.1107,-0.6105,0.9980,205,44.401485,0.3617,0.2182
BiancaGolden_GrandPlies,-163.3899,22.2911,214.3010,-0.1046,-17.6546,-7.9343,0.7797,-0.1107,-0.6163,0.9980,205,44.415039,0.3661,0.2229
BiancaGolden_GrandPlies,-162.9773,22.7368,214.2735,-0.1355,-17.7965,-8.1279,0.7755,-0.1144,-0.6209,0.9980,206,44.429874,0.3702,0.2274
BiancaGolden_GrandPlies,-162.5489,23.1856,214.2845,-0.1780,-17.9894,-8.3284,0.7728,-0.1155,-0.6240,0.9980,206,44.443233,0.3745,0.2319
BiancaGolden_GrandPlies,-162.1412,23.6341,214.3233,-0.4031,-18.3575,-8.4806,0.7687,-0.1150,-0.6292,0.9980,207,44.457642,0.3786,0.2363
BiancaGolden_GrandPlies,-161.7125,24.0450,214.3931,-0.6511,-18.7385,-8.5975,0.7640,-0.1141,-0.6350,0.9980,207,44.470901,0.3829,0.2405
BiancaGolden_GrandPlies,-161.2702,24.4158,214.5064,-0.7004,-18.9359,-8.6124,0.7631,-0.1147,-0.6360,0.9980,207,44.486012,0.3873,0.2442
BiancaGolden_GrandPlies,-160.8653,24.7786,214.5661,-0.6390,-19.0092,-8.6416,0.7700,-0.0686,-0.6344,0.9980,208,44.499050,0.3913,0.2478
BiancaGolden_GrandPlies,-160.4592,25.1262,214.6026,-0.7053,-18.9651,-8.7143,0.7679,-0.0587,-0.6378,0.9980,208,44.512745,0.3954,0.2513
BiancaGolden_GrandPlies,-160.0403,25.4603,214.6805,-0.8255,-18.8786,-8.8156,0.7705,-0.0599,-0.6346,0.9980,209,44.526951,0.3996,0.2546
BiancaGolden_GrandPlies,-159.6480,25.7584,214.7499,-0.8645,-18.6448,-8.8905,0.7704,-0.0602,-0.6347,0.9980,209,44.540707,0.4035,0.2576
BiancaGolden_GrandPlies,-159.2855,26.0357,214.7592,-0.8841,-18.4444,-8.9912,0.7714,-0.0615,-0.6334,0.9980,210,44.555424,0.4071,0.2604
BiancaGolden_GrandPlies,-158.9195,26.2918,214.7668,-0.9104,-18.3491,-9.0851,0.7721,-0.0630,-0.6324,0.9980,210,44.568546,0.4108,0.2629
BiancaGolden_GrandPlies,-158.5579,26.5423,214.8186,-0.9398,-18.2729,-9.2011,0.7713,-0.0687,-0.6328,0.9980,210,44.582756,0.4144,0.2654
BiancaGolden_GrandPlies,-158.1880,26.7531,214.8550,-1.0033,-18.2141,-9.3337,0.7715,-0.0706,-0.6323,0.9980,211,44.596031,0.4181,0.2675
BiancaGolden_GrandPlies,-157.8379,26.9593,214.8956,-0.9700,-18.1763,-9.4721,0.7714,-0.0732,-0.6322,0.9980,211,44.609787,0.4216,0.2696
BiancaGolden_GrandPlies,-157.5277,27.1571,214.8770,-1.0843,-18.1459,-9.6257,0.7700,-0.0723,-0.6340,0.9980,212,44.624775,0.4247,0.2716
BiancaGolden_GrandPlies,-157.2288,27.2989,214.8632,-1.4046,-18.3009,-9.7240,0.7681,-0.0737,-0.6361,0.9980,212,44.637932,0.4277,0.2730
BiancaGolden_GrandPlies,-156.9060,27.4599,214.8746,-1.5519,-18.4713,-9.9197,0.7605,-0.0747,-0.6450,0.9980,212,44.652512,0.4309,0.2746
BiancaGolden_GrandPlies,-156.6060,27.5442,214.8792,-1.5164,-18.5652,-9.9321,0.7569,-0.0750,-0.6493,0.9980,213,44.665802,0.4339,0.2754
BiancaGolden_GrandPlies,-156.3103,27.6303,214.8985,-1.4610,-18.6223,-10.0151,0.7551,-0.0757,-0.6512,0.9980,213,44.679386,0.4369,0.2763
BiancaGolden_GrandPlies,-156.0406,27.7277,214.8905,-1.5425,-18.6563,-10.1186,0.7545,-0.0755,-0.6520,0.9980,214,44.694077,0.4396,0.2773
BiancaGolden_GrandPlies,-155.7646,27.7915,214.9030,-1.7371,-18.7277,-10.2078,0.7554,-0.0775,-0.6507,0.9980,214,44.707802,0.4424,0.2779
BiancaGolden_GrandPlies,-155.4884,27.8303,214.9173,-1.8700,-18.7457,-10.2967,0.7546,-0.0788,-0.6514,0.9980,215,44.721970,0.4451,0.2783
BiancaGolden_GrandPlies,-155.2022,27.8691,214.9171,-1.9185,-18.6856,-10.3722,0.7553,-0.0789,-0.6507,0.9980,215,44.735317,0.4480,0.2787
BiancaGolden_GrandPlies,-154.9439,27.9021,214.8963,-2.0052,-18.6459,-10.4180,0.7519,-0.0813,-0.6542,0.9980,215,44.752846,0.4506,0.2790
BiancaGolden_GrandPlies,-154.7168,27.9023,214.8706,-2.0877,-18.6480,-10.4084,0.7516,-0.0787,-0.6549,0.9980,216,44.763901,0.4528,0.2790
BiancaGolden_GrandPlies,-154.4793,27.8730,214.8710,-2.1087,-18.7114,-10.3482,0.7490,-0.0767,-0.6581,0.9980,216,44.776196,0.4552,0.2787
BiancaGolden_GrandPlies,-154.2633,27.8321,214.8759,-2.2209,-18.7780,-10.2906,0.7479,-0.0746,-0.6596,0.9980,217,44.791363,0.4574,0.2783
BiancaGolden_GrandPlies,-154.0510,27.7750,214.8723,-2.3936,-18.8997,-10.2594,0.7462,-0.0693,-0.6621,0.9980,217,44.804512,0.4595,0.2778
BiancaGolden_GrandPlies,-153.8544,27.6798,214.8513,-2.4948,-18.9860,-10.1626,0.7427,-0.0666,-0.6663,0.9980,217,44.818775,0.4615,0.2768
BiancaGolden_GrandPlies,-153.6666,27.5905,214.8007,-2.6984,-19.0568,-10.1299,0.7419,-0.0675,-0.6671,0.9980,218,44.832485,0.4633,0.2759
BiancaGolden_GrandPlies,-153.4775,27.4584,214.7519,-2.8252,-19.1137,-10.0619,0.7422,-0.0663,-0.6669,0.9980,218,44.845726,0.4652,0.2746
BiancaGolden_GrandPlies,-153.2861,27.3383,214.6934,-2.8886,-19.0996,-10.0001,0.7375,-0.0681,-0.6719,0.9980,219,44.860527,0.4671,0.2734
BiancaGolden_GrandPlies,-153.1196,27.2118,214.6317,-3.0284,-19.1034,-9.9221,0.7371,-0.0661,-0.6725,0.9980,219,44.874107,0.4688,0.2721
BiancaGolden_GrandPlies,-152.9493,27.0586,214.6094,-3.2126,-19.1700,-9.8730,0.7361,-0.0641,-0.6739,0.9980,219,44.888527,0.4705,0.2706
BiancaGolden_GrandPlies,-152.7754,26.8907,214.6117,-3.3954,-19.2876,-9.8340,0.7340,-0.0619,-0.6763,0.9980,220,44.902111,0.4722,0.2689
BiancaGolden_GrandPlies,-152.5636,26.7002,214.6826,-3.5763,-19.4847,-9.7856,0.7313,-0.0627,-0.6792,0.9980,220,44.915810,0.4744,0.2670
BiancaGolden_GrandPlies,-152.3164,26.4830,214.8098,-3.8198,-19.6683,-9.7496,0.7244,-0.0681,-0.6860,0.9980,221,44.930645,0.4768,0.2648
BiancaGolden_GrandPlies,-152.1134,26.2708,214.8679,-4.0728,-19.7667,-9.7270,0.7219,-0.0574,-0.6897,0.9980,221,44.943985,0.4789,0.2627
BiancaGolden_GrandPlies,-151.8286,26.0485,214.9957,-4.3383,-19.8740,-9.7509,0.7262,-0.0565,-0.6851,0.9980,222,44.958893,0.4817,0.2605
BiancaGolden_GrandPlies,-151.5144,25.8222,215.1213,-4.5559,-19.5173,-9.7516,0.7344,-0.0637,-0.6757,0.9980,222,44.971878,0.4849,0.2582
BiancaGolden_GrandPlies,-151.2182,25.6314,215.1992,-4.8852,-19.0400,-9.8757,0.7354,-0.0627,-0.6747,0.9980,222,44.986145,0.4878,0.2563
BiancaGolden_GrandPlies,-150.9757,25.4442,215.2187,-5.2124,-18.5509,-10.0103,0.7388,-0.0681,-0.6705,0.9980,223,44.999577,0.4902,0.2544
BiancaGolden_GrandPlies,-150.7403,25.2495,215.2021,-5.3804,-18.1644,-10.1275,0.7371,-0.0677,-0.6724,0.9980,223,45.012875,0.4926,0.2525
BiancaGolden_GrandPlies,-150.5419,25.0510,215.1613,-5.4858,-17.9673,-10.2231,0.7363,-0.0674,-0.6733,0.9980,224,45.027794,0.4946,0.2505
BiancaGolden_GrandPlies,-150.3741,24.8699,215.1361,-5.5665,-18.0406,-10.2551,0.7284,-0.0686,-0.6817,0.9980,224,45.041264,0.4963,0.2487
BiancaGolden_GrandPlies,-150.1806,24.6712,215.0868,-5.5636,-18.1331,-10.2292,0.7283,-0.0606,-0.6826,0.9980,225,45.055603,0.4982,0.2467
BiancaGolden_GrandPlies,-149.9770,24.4669,214.9978,-5.4868,-18.2426,-10.1044,0.7227,-0.0674,-0.6879,0.9980,225,45.069191,0.5002,0.2447
BiancaGolden_GrandPlies,-149.7728,24.2883,214.9277,-5.5085,-18.4427,-9.9657,0.7205,-0.0631,-0.6905,0.9980,225,45.083427,0.5023,0.2429
BiancaGolden_GrandPlies,-149.5744,24.1160,214.8421,-5.7739,-18.6732,-9.8112,0.7159,-0.0671,-0.6950,0.9980,226,45.096859,0.5043,0.2412
BiancaGolden_GrandPlies,-149.4047,23.8793,214.7932,-5.8701,-18.9249,-9.6216,0.7125,-0.0672,-0.6984,0.9980,226,45.110600,0.5060,0.2388
BiancaGolden_GrandPlies,-149.2266,23.6321,214.6855,-5.7004,-19.2344,-9.5959,0.7102,-0.0684,-0.7007,0.9980,227,45.125179,0.5077,0.2363
BiancaGolden_GrandPlies,-149.0150,23.3867,214.6056,-5.4326,-19.3981,-9.5634,0.7053,-0.0677,-0.7057,0.9980,227,45.138687,0.5099,0.2339
BiancaGolden_GrandPlies,-148.7934,23.1652,214.5768,-5.2303,-19.3257,-9.5065,0.7085,-0.0694,-0.7023,0.9980,227,45.153397,0.5121,0.2317
BiancaGolden_GrandPlies,-148.5736,22.9606,214.4671,-5.1291,-19.0276,-9.3917,0.7108,-0.0671,-0.7002,0.9980,228,45.166595,0.5143,0.2296
BiancaGolden_GrandPlies,-148.4394,22.7645,214.2973,-5.0659,-18.8582,-9.1316,0.7103,-0.0709,-0.7003,0.9980,228,45.180462,0.5156,0.2276
BiancaGolden_GrandPlies,-148.2580,22.5942,214.1801,-5.0856,-18.8545,-8.9400,0.7097,-0.0692,-0.7011,0.9980,229,45.195061,0.5174,0.2259
BiancaGolden_GrandPlies,-148.0695,22.3861,214.0949,-5.0118,-18.9048,-8.7627,0.7087,-0.0675,-0.7023,0.9980,229,45.208782,0.5193,0.2239
BiancaGolden_GrandPlies,-147.9137,22.2158,214.0297,-5.0075,-19.0129,-8.6386,0.7053,-0.0619,-0.7062,0.9980,230,45.223057,0.5209,0.2222
BiancaGolden_GrandPlies,-147.7613,22.0515,213.9498,-5.0206,-19.3597,-8.6720,0.7019,-0.0620,-0.7096,0.9980,230,45.236462,0.5224,0.2205
BiancaGolden_GrandPlies,-147.5732,21.8749,213.9062,-4.9817,-19.6211,-8.6416,0.6912,-0.0558,-0.7205,0.9980,230,45.254063,0.5243,0.2187
BiancaGolden_GrandPlies,-147.3410,21.7512,213.8920,-4.8362,-19.6170,-8.6664,0.6931,-0.0556,-0.7187,0.9980,231,45.264774,0.5266,0.2175
BiancaGolden_GrandPlies,-147.1230,21.6497,213.8416,-4.8292,-19.4642,-8.6223,0.6977,-0.0742,-0.7126,0.9980,231,45.277679,0.5288,0.2165
BiancaGolden_GrandPlies,-146.8258,21.5495,213.8487,-4.9444,-19.1086,-8.5256,0.7033,-0.0717,-0.7072,0.9980,232,45.292618,0.5317,0.2155
BiancaGolden_GrandPlies,-146.5543,21.4967,213.8978,-5.2692,-18.6238,-8.4265,0.7064,-0.0688,-0.7044,0.9980,232,45.305763,0.5345,0.2150
BiancaGolden_GrandPlies,-146.2994,21.4454,213.9471,-5.5846,-18.4618,-8.3455,0.7128,-0.0617,-0.6986,0.9980,232,45.320427,0.5370,0.2145
BiancaGolden_GrandPlies,-146.1115,21.3929,213.9336,-5.7017,-18.5840,-8.2020,0.7071,-0.0583,-0.7048,0.9980,233,45.333858,0.5389,0.2139
BiancaGolden_GrandPlies,-145.9287,21.3940,213.8860,-5.7022,-19.0135,-8.0626,0.6973,-0.0495,-0.7151,0.9980,233,45.347015,0.5407,0.2139
BiancaGolden_GrandPlies,-145.7516,21.4267,213.8912,-5.7449,-19.5921,-7.9344,0.6918,-0.0465,-0.7206,0.9980,234,45.362049,0.5425,0.2143
BiancaGolden_GrandPlies,-145.5344,21.4692,213.9455,-5.8219,-20.0518,-7.8027,0.6850,-0.0440,-0.7272,0.9980,234,45.375446,0.5447,0.2147
BiancaGolden_GrandPlies,-145.3085,21.5083,213.9458,-5.7659,-20.2461,-7.6586,0.6839,-0.0388,-0.7285,0.9980,235,45.389790,0.5469,0.2151
BiancaGolden_GrandPlies,-145.1437,21.6149,213.9211,-5.7067,-20.3806,-7.5045,0.6835,-0.0404,-0.7288,0.9980,235,45.403126,0.5486,0.2161
BiancaGolden_GrandPlies,-144.9179,21.6973,213.9503,-5.6027,-20.4631,-7.3450,0.6851,-0.0373,-0.7275,0.9980,235,45.417953,0.5508,0.2170
BiancaGolden_GrandPlies,-144.6667,21.7795,214.0086,-5.3702,-20.3622,-7.1311,0.6917,-0.0408,-0.7210,0.9980,236,45.431248,0.5533,0.2178
BiancaGolden_GrandPlies,-144.3999,21.8724,214.0387,-5.1126,-20.1362,-6.9417,0.6959,-0.0468,-0.7166,0.9980,236,45.444729,0.5560,0.2187
BiancaGolden_GrandPlies,-144.1513,21.9921,214.0424,-5.0455,-19.9198,-6.8178,0.6983,-0.0446,-0.7144,0.9980,237,45.459549,0.5585,0.2199
BiancaGolden_GrandPlies,-143.8748,22.1386,213.9955,-5.2372,-19.7454,-6.7369,0.7020,-0.0483,-0.7105,0.9980,237,45.473091,0.5613,0.2214
BiancaGolden_GrandPlies,-143.5870,22.2397,213.9315,-5.3406,-19.6204,-6.6877,0.7039,-0.0482,-0.7087,0.9980,237,45.487537,0.5641,0.2224
BiancaGolden_GrandPlies,-143.2844,22.3606,213.8627,-5.3441,-19.5427,-6.6584,0.7041,-0.0482,-0.7085,0.9980,238,45.500858,0.5672,0.2236
BiancaGolden_GrandPlies,-142.9767,22.4977,213.7973,-5.3263,-19.5238,-6.6435,0.7041,-0.0456,-0.7086,0.9980,238,45.514297,0.5702,0.2250
BiancaGolden_GrandPlies,-142.6754,22.6543,213.6894,-5.3973,-19.5321,-6.6569,0.7019,-0.0471,-0.7107,0.9980,239,45.529808,0.5732,0.2265
BiancaGolden_GrandPlies,-142.3600,22.8296,213.5287,-5.5460,-19.5985,-6.7761,0.7005,-0.0475,-0.7120,0.9980,239,45.542866,0.5764,0.2283
BiancaGolden_GrandPlies,-142.0772,22.9987,213.3813,-5.6042,-19.7109,-6.8530,0.6895,-0.0510,-0.7225,0.9980,240,45.557285,0.5792,0.2300
BiancaGolden_GrandPlies,-141.7758,23.2143,213.2253,-5.6781,-20.0481,-7.0012,0.6843,-0.0509,-0.7275,0.9980,240,45.570755,0.5822,0.2321
BiancaGolden_GrandPlies,-141.4681,23.4225,213.0726,-5.8002,-20.3612,-7.1143,0.6787,-0.0554,-0.7323,0.9980,240,45.584843,0.5853,0.2342
BiancaGolden_GrandPlies,-141.1264,23.6528,212.9729,-5.9485,-20.7468,-7.3166,0.6701,-0.0600,-0.7398,0.9980,241,45.598366,0.5887,0.2365
BiancaGolden_GrandPlies,-140.7528,23.8854,212.9076,-6.0654,-20.9860,-7.5740,0.6673,-0.0632,-0.7421,0.9980,241,45.611843,0.5925,0.2389
BiancaGolden_GrandPlies,-140.3861,24.1485,212.8560,-6.1496,-21.1845,-7.9037,0.6649,-0.0661,-0.7440,0.9980,242,45.626781,0.5961,0.2415
BiancaGolden_GrandPlies,-140.0237,24.4417,212.7959,-6.2650,-21.3527,-8.2600,0.6624,-0.0684,-0.7460,0.9980,242,45.640320,0.5998,0.2444
BiancaGolden_GrandPlies,-139.6628,24.7428,212.7430,-6.3679,-21.5295,-8.5523,0.6668,-0.0740,-0.7416,0.9980,242,45.654640,0.6034,0.2474
BiancaGolden_GrandPlies,-139.2643,25.0507,212.7288,-6.3803,-21.6409,-8.8717,0.6701,-0.0777,-0.7382,0.9980,243,45.667915,0.6074,0.2505
BiancaGolden_GrandPlies,-138.8365,25.3581,212.7265,-6.3989,-21.7082,-9.1647,0.6741,-0.0583,-0.7364,0.9980,243,45.681557,0.6116,0.2536
BiancaGolden_GrandPlies,-138.3764,25.6738,212.7620,-6.4420,-21.7340,-9.4777,0.6733,-0.0620,-0.7367,0.9980,244,45.696484,0.6162,0.2567
BiancaGolden_GrandPlies,-137.8743,25.9898,212.8648,-6.5231,-21.7732,-9.8497,0.7025,-0.0500,-0.7099,0.9980,244,45.710194,0.6213,0.2599
BiancaGolden_GrandPlies,-137.3917,26.3505,212.8609,-6.6848,-21.7038,-10.2984,0.7013,-0.0517,-0.7110,0.9980,245,45.724545,0.6261,0.2635
BiancaGolden_GrandPlies,-136.9932,26.7282,212.7303,-6.8254,-21.8310,-10.7086,0.6966,-0.0550,-0.7154,0.9980,245,45.737892,0.6301,0.2673
BiancaGolden_GrandPlies,-136.5571,27.1153,212.6401,-6.9290,-22.0118,-11.1321,0.6949,-0.0575,-0.7168,0.9980,246,45.756271,0.6344,0.2712
BiancaGolden_GrandPlies,-136.0777,27.4982,212.5801,-7.0238,-22.1337,-11.6159,0.6928,-0.0624,-0.7184,0.9980,246,45.766228,0.6392,0.2750
BiancaGolden_GrandPlies,-135.6216,27.8867,212.5175,-7.0867,-22.2686,-12.0710,0.6903,-0.0683,-0.7203,0.9980,246,45.781796,0.6438,0.2789
BiancaGolden_GrandPlies,-135.1661,28.2722,212.4119,-7.0157,-22.4254,-12.5665,0.6869,-0.0740,-0.7230,0.9980,247,45.795620,0.6483,0.2827
BiancaGolden_GrandPlies,-134.6976,28.6575,212.3546,-6.9136,-22.6327,-13.0431,0.6848,-0.0789,-0.7244,0.9980,247,45.808167,0.6530,0.2866
BiancaGolden_GrandPlies,-134.1699,29.0481,212.3741,-6.8448,-22.7737,-13.5997,0.6847,-0.0848,-0.7239,0.9980,248,45.823090,0.6583,0.2905
BiancaGolden_GrandPlies,-133.6350,29.4196,212.4091,-6.8433,-22.7290,-14.1129,0.6877,-0.0920,-0.7201,0.9980,248,45.836319,0.6637,0.2942
BiancaGolden_GrandPlies,-133.0754,29.7856,212.4545,-6.7766,-22.4114,-14.7136,0.6939,-0.0865,-0.7149,0.9980,248,45.850506,0.6692,0.2979
BiancaGolden_GrandPlies,-132.5757,30.1859,212.4122,-6.7482,-22.1351,-15.2813,0.6966,-0.0940,-0.7113,0.9980,249,45.864162,0.6742,0.3019
BiancaGolden_GrandPlies,-132.1068,30.5819,212.3973,-6.6559,-21.8244,-15.7607,0.7024,-0.0917,-0.7058,0.9980,249,45.877285,0.6789,0.3058
BiancaGolden_GrandPlies,-131.6151,30.9880,212.4141,-6.5856,-21.5802,-16.2428,0.7087,-0.0999,-0.6984,0.9980,250,45.891945,0.6838,0.3099
BiancaGolden_GrandPlies,-131.1405,31.4014,212.4402,-6.6341,-21.1871,-16.6493,0.7133,-0.1038,-0.6931,0.9980,250,45.905491,0.6886,0.3140
BiancaGolden_GrandPlies,-130.6859,31.7738,212.4761,-6.5695,-20.7467,-16.8097,0.7172,-0.0916,-0.6908,0.9980,250,45.919807,0.6931,0.3177
BiancaGolden_GrandPlies,-130.2457,32.1567,212.5292,-6.3140,-20.2408,-16.8626,0.7224,-0.0943,-0.6850,0.9980,251,45.932747,0.6975,0.3216
BiancaGolden_GrandPlies,-129.8475,32.5146,212.5975,-6.0738,-19.7364,-16.8206,0.7244,-0.0749,-0.6853,0.9980,251,45.946259,0.7015,0.3251
BiancaGolden_GrandPlies,-129.4621,32.8245,212.7198,-5.7722,-19.2593,-16.7611,0.7301,-0.0788,-0.6788,0.9980,252,45.961163,0.7054,0.3282
BiancaGolden_GrandPlies,-129.0777,33.1183,212.8109,-5.5042,-18.6922,-16.8002,0.7320,-0.0751,-0.6772,0.9980,252,45.974689,0.7092,0.3312
BiancaGolden_GrandPlies,-128.7467,33.3979,212.8623,-5.3660,-18.3376,-16.9032,0.7303,-0.0714,-0.6794,0.9980,253,45.989056,0.7125,0.3340
BiancaGolden_GrandPlies,-128.4453,33.6761,212.8988,-5.3675,-18.0844,-17.0965,0.7205,-0.0749,-0.6894,0.9980,253,46.002300,0.7155,0.3368
BiancaGolden_GrandPlies,-128.1946,33.9556,212.9530,-5.3536,-18.0739,-17.2996,0.7135,-0.0775,-0.6964,0.9980,253,46.016857,0.7181,0.3396
BiancaGolden_GrandPlies,-127.9851,34.1807,213.0069,-5.2224,-18.2499,-17.4360,0.7026,-0.0800,-0.7070,0.9980,254,46.030109,0.7201,0.3418
BiancaGolden_GrandPlies,-127.7828,34.3942,213.0577,-4.9582,-18.5373,-17.6009,0.6964,-0.0823,-0.7130,0.9980,254,46.043312,0.7222,0.3439
BiancaGolden_GrandPlies,-127.6048,34.5696,213.1498,-4.6760,-19.0153,-17.7787,0.6805,-0.0976,-0.7262,0.9980,255,46.058037,0.7240,0.3457
BiancaGolden_GrandPlies,-127.4313,34.6913,213.2539,-4.3309,-19.5901,-18.0869,0.6750,-0.0985,-0.7312,0.9980,255,46.071487,0.7257,0.3469
BiancaGolden_GrandPlies,-127.2548,34.7582,213.3330,-3.8937,-19.7656,-18.5706,0.6717,-0.1148,-0.7319,0.9980,256,46.099747,0.7275,0.3476
BiancaGolden_GrandPlies,-126.7300,35.1132,213.5927,-3.2690,-19.6869,-19.5402,0.6818,-0.1232,-0.7211,0.9980,256,46.113056,0.7327,0.3511
BiancaGolden_GrandPlies,-126.5735,35.1779,213.6394,-3.3161,-19.2603,-19.9067,0.6859,-0.1270,-0.7165,0.9980,257,46.127293,0.7343,0.3518
BiancaGolden_GrandPlies,-126.4720,35.2591,213.6512,-3.4993,-18.9112,-20.2081,0.6895,-0.1292,-0.7127,0.9980,257,46.140785,0.7353,0.3526
BiancaGolden_GrandPlies,-126.5599,35.1982,213.5880,-3.7445,-18.7521,-20.1395,0.6976,-0.1357,-0.7035,0.9980,257,46.154774,0.7344,0.3520
BiancaGolden_GrandPlies,-126.5357,35.2143,213.5184,-3.7497,-18.6575,-20.3433,0.6976,-0.1326,-0.7041,0.9980,258,46.168083,0.7346,0.3521
BiancaGolden_GrandPlies,-126.5346,35.2280,213.4153,-3.7051,-18.7163,-20.5468,0.6944,-0.1315,-0.7074,0.9980,258,46.181484,0.7347,0.3523
BiancaGolden_GrandPlies,-126.5583,35.1984,213.3527,-3.6001,-18.9125,-20.7795,0.6923,-0.1339,-0.7091,0.9980,259,46.196068,0.7344,0.3520
BiancaGolden_GrandPlies,-126.5556,35.1759,213.2852,-3.4400,-19.0028,-20.9967,0.6890,-0.1362,-0.7118,0.9980,259,46.209263,0.7344,0.3518
BiancaGolden_GrandPlies,-126.5969,35.1563,213.2217,-3.2481,-19.2002,-21.1553,0.6862,-0.1353,-0.7147,0.9980,260,46.223625,0.7340,0.3516
BiancaGolden_GrandPlies,-126.6522,35.1729,213.2318,-3.0761,-19.4842,-21.2292,0.6943,-0.1346,-0.7070,0.9980,260,46.237095,0.7335,0.3517
BiancaGolden_GrandPlies,-126.7003,35.1883,213.2652,-3.0083,-19.7916,-21.2370,0.7192,-0.1442,-0.6796,0.9980,260,46.255089,0.7330,0.3519
BiancaGolden_GrandPlies,-126.6285,35.2086,213.2509,-3.0213,-20.0687,-21.1383,0.7245,-0.1406,-0.6748,0.9980,261,46.264771,0.7337,0.3521
BiancaGolden_GrandPlies,-126.6276,35.1717,213.3295,-2.9148,-19.8905,-21.1168,0.7279,-0.1343,-0.6725,0.9980,261,46.277565,0.7337,0.3517
BiancaGolden_GrandPlies,-126.6558,35.1301,213.4011,-2.8043,-19.8612,-21.1273,0.7249,-0.1335,-0.6759,0.9980,262,46.292595,0.7334,0.3513
BiancaGolden_GrandPlies,-126.8438,35.1249,213.3541,-2.8056,-20.1300,-21.1529,0.7238,-0.1327,-0.6772,0.9980,262,46.305321,0.7316,0.3512
BiancaGolden_GrandPlies,-126.9331,35.1807,213.3014,-2.9687,-20.2620,-21.2165,0.7227,-0.1270,-0.6794,0.9980,262,46.319824,0.7307,0.3518
BiancaGolden_GrandPlies,-127.0253,35.2453,213.2239,-3.1755,-20.5112,-21.2573,0.7319,-0.1259,-0.6697,0.9980,263,46.333485,0.7297,0.3525
BiancaGolden_GrandPlies,-127.0483,35.2840,213.1863,-3.3567,-20.7387,-21.2449,0.7335,-0.1185,-0.6692,0.9980,263,46.346893,0.7295,0.3528
BiancaGolden_GrandPlies,-127.0339,35.3195,213.2419,-3.5516,-20.8160,-21.2666,0.7363,-0.1196,-0.6660,0.9980,264,46.361877,0.7297,0.3532
BiancaGolden_GrandPlies,-126.9538,35.3329,213.3815,-3.6887,-20.6820,-21.3189,0.7397,-0.1215,-0.6619,0.9980,264,46.375401,0.7305,0.3533
BiancaGolden_GrandPlies,-126.8903,35.4050,213.4068,-3.8202,-20.2909,-21.4450,0.7422,-0.1239,-0.6586,0.9980,265,46.389812,0.7311,0.3540
BiancaGolden_GrandPlies,-126.8853,35.5135,213.3763,-3.9311,-20.1670,-21.5275,0.7427,-0.1316,-0.6565,0.9980,265,46.403728,0.7311,0.3551
BiancaGolden_GrandPlies,-126.8555,35.6351,213.3900,-4.0031,-20.2733,-21.6071,0.7488,-0.1299,-0.6499,0.9980,265,46.417496,0.7314,0.3564
BiancaGolden_GrandPlies,-126.7440,35.7560,213.4579,-4.0350,-20.4198,-21.6701,0.7477,-0.1319,-0.6508,0.9980,266,46.431232,0.7326,0.3576
BiancaGolden_GrandPlies,-126.6281,35.8800,213.5680,-4.0195,-20.4695,-21.7403,0.7461,-0.1312,-0.6527,0.9980,266,46.444492,0.7337,0.3588
BiancaGolden_GrandPlies,-126.4923,36.0442,213.6048,-4.0005,-20.4731,-21.8425,0.7450,-0.1335,-0.6535,0.9980,267,46.459335,0.7351,0.3604
BiancaGolden_GrandPlies,-126.3490,36.1973,213.6015,-3.8630,-20.5093,-21.9676,0.7446,-0.1344,-0.6538,0.9980,267,46.472832,0.7365,0.3620
BiancaGolden_GrandPlies,-126.1778,36.3929,213.6009,-3.6335,-20.4979,-22.0588,0.7427,-0.1355,-0.6557,0.9980,267,46.487457,0.7382,0.3639
BiancaGolden_GrandPlies,-125.9826,36.5708,213.6137,-3.3268,-20.5321,-22.0476,0.7415,-0.1390,-0.6564,0.9980,268,46.500927,0.7402,0.3657
BiancaGolden_GrandPlies,-125.7568,36.7257,213.6425,-3.0232,-20.5063,-22.0543,0.7412,-0.1415,-0.6562,0.9980,268,46.514065,0.7424,0.3673
BiancaGolden_GrandPlies,-125.4901,36.8893,213.6481,-2.7740,-20.4349,-22.1263,0.7411,-0.1448,-0.6556,0.9980,269,46.529079,0.7451,0.3689
BiancaGolden_GrandPlies,-125.2302,37.0656,213.6287,-2.5624,-20.4145,-22.2131,0.7399,-0.1467,-0.6565,0.9980,269,46.542667,0.7477,0.3707
BiancaGolden_GrandPlies,-124.9352,37.2337,213.5976,-2.3785,-20.4548,-22.3028,0.7389,-0.1490,-0.6572,0.9980,270,46.556671,0.7506,0.3723
BiancaGolden_GrandPlies,-124.5913,37.3875,213.5511,-2.2127,-20.5005,-22.4033,0.7370,-0.1539,-0.6582,0.9980,270,46.570328,0.7541,0.3739
BiancaGolden_GrandPlies,-124.1960,37.5398,213.5303,-2.0926,-20.4787,-22.5230,0.7361,-0.1556,-0.6587,0.9980,270,46.584431,0.7580,0.3754
BiancaGolden_GrandPlies,-123.7616,37.6799,213.4781,-1.9954,-20.3710,-22.6313,0.7377,-0.1582,-0.6564,0.9980,271,46.598125,0.7624,0.3768
BiancaGolden_GrandPlies,-123.2976,37.8391,213.4009,-1.9429,-20.1824,-22.7413,0.7375,-0.1542,-0.6575,0.9980,271,46.611374,0.7670,0.3784
BiancaGolden_GrandPlies,-122.7940,38.0049,213.3315,-1.9533,-20.0518,-22.8298,0.7380,-0.1550,-0.6568,0.9980,272,46.626480,0.7721,0.3800
BiancaGolden_GrandPlies,-122.2974,38.1729,213.2289,-1.9566,-19.9905,-22.8744,0.7385,-0.1503,-0.6572,0.9980,272,46.639824,0.7770,0.3817
BiancaGolden_GrandPlies,-121.7867,38.3640,213.1022,-2.0416,-20.0939,-22.9327,0.7401,-0.1513,-0.6552,0.9980,272,46.653854,0.7821,0.3836
BiancaGolden_GrandPlies,-121.2612,38.5639,212.9729,-2.1764,-20.3227,-23.0047,0.7371,-0.1514,-0.6586,0.9980,273,46.667389,0.7874,0.3856
BiancaGolden_GrandPlies,-120.7064,38.7615,212.8253,-2.3026,-20.5792,-23.1452,0.7313,-0.1504,-0.6652,0.9980,273,46.681377,0.7929,0.3876
BiancaGolden_GrandPlies,-120.1368,38.9672,212.7225,-2.4356,-20.9139,-23.3068,0.7287,-0.1509,-0.6681,0.9980,274,46.695850,0.7986,0.3897
BiancaGolden_GrandPlies,-119.5033,39.1718,212.6590,-2.5276,-21.1798,-23.4937,0.7259,-0.1472,-0.6719,0.9980,274,46.709541,0.8050,0.3917
BiancaGolden_GrandPlies,-118.8642,39.3809,212.5766,-2.5530,-21.3855,-23.6310,0.7214,-0.1471,-0.6767,0.9980,275,46.723709,0.8114,0.3938
BiancaGolden_GrandPlies,-118.1889,39.5981,212.5059,-2.5422,-21.5287,-23.7722,0.7200,-0.1484,-0.6779,0.9980,275,46.737221,0.8181,0.3960
BiancaGolden_GrandPlies,-117.4740,39.7949,212.4733,-2.4940,-21.6271,-23.8869,0.7222,-0.1580,-0.6734,0.9980,275,46.755005,0.8253,0.3979
BiancaGolden_GrandPlies,-116.6889,39.9769,212.5419,-2.4771,-21.6609,-24.0539,0.7276,-0.1558,-0.6681,0.9980,276,46.765408,0.8331,0.3998
BiancaGolden_GrandPlies,-115.8789,40.1640,212.6165,-2.4882,-21.6028,-24.2691,0.7255,-0.1663,-0.6678,0.9980,276,46.778694,0.8412,0.4016
BiancaGolden_GrandPlies,-115.1166,40.4061,212.5478,-2.5223,-21.5040,-24.5378,0.7247,-0.1690,-0.6680,0.9980,277,46.793358,0.8488,0.4041
BiancaGolden_GrandPlies,-114.3581,40.6498,212.4385,-2.5705,-21.5277,-24.7813,0.7228,-0.1685,-0.6702,0.9980,277,46.806644,0.8564,0.4065
BiancaGolden_GrandPlies,-113.5549,40.8734,212.3938,-2.5696,-21.5743,-25.0123,0.7224,-0.1718,-0.6698,0.9980,277,46.821331,0.8645,0.4087
BiancaGolden_GrandPlies,-112.6928,41.0736,212.4498,-2.5324,-21.5573,-25.2364,0.7246,-0.1713,-0.6676,0.9980,278,46.834606,0.8731,0.4107
BiancaGolden_GrandPlies,-111.8746,41.3108,212.4324,-2.5553,-21.5516,-25.4873,0.7230,-0.1739,-0.6687,0.9980,278,46.847927,0.8813,0.4131
BiancaGolden_GrandPlies,-111.0946,41.5506,212.3492,-2.5951,-21.6407,-25.7418,0.7211,-0.1766,-0.6700,0.9980,279,46.862812,0.8891,0.4155
BiancaGolden_GrandPlies,-110.3484,41.7853,212.2493,-2.5344,-21.7350,-25.9694,0.7194,-0.1765,-0.6718,0.9980,279,46.876385,0.8965,0.4179
BiancaGolden_GrandPlies,-109.5792,42.0204,212.2165,-2.4608,-21.8825,-26.1718,0.7148,-0.1789,-0.6761,0.9980,280,46.890820,0.9042,0.4202
BiancaGolden_GrandPlies,-108.8089,42.2554,212.2237,-2.4872,-22.0357,-26.3994,0.7106,-0.1769,-0.6810,0.9980,280,46.904137,0.9119,0.4226
BiancaGolden_GrandPlies,-108.0477,42.4750,212.2839,-2.5948,-22.2264,-26.6220,0.7017,-0.1743,-0.6908,0.9980,280,46.919346,0.9195,0.4247
BiancaGolden_GrandPlies,-107.3220,42.6871,212.3362,-2.6893,-22.3405,-26.8850,0.6995,-0.1763,-0.6925,0.9980,281,46.932190,0.9268,0.4269
BiancaGolden_GrandPlies,-106.6543,42.8992,212.3753,-2.7697,-22.4451,-27.1607,0.6976,-0.1801,-0.6934,0.9980,281,46.945217,0.9335,0.4290
BiancaGolden_GrandPlies,-105.9998,43.0964,212.4333,-2.8193,-22.4730,-27.4539,0.6972,-0.1835,-0.6930,0.9980,282,46.960186,0.9400,0.4310
BiancaGolden_GrandPlies,-105.3715,43.2720,212.5209,-2.7834,-22.4302,-27.6941,0.6957,-0.1891,-0.6930,0.9980,282,46.973854,0.9463,0.4327
BiancaGolden_GrandPlies,-104.7468,43.4281,212.6193,-2.7605,-22.3737,-27.9298,0.6946,-0.1916,-0.6934,0.9980,282,46.987965,0.9525,0.4343
BiancaGolden_GrandPlies,-104.1749,43.5589,212.7111,-2.7351,-22.3047,-28.1315,0.6904,-0.1970,-0.6961,0.9980,283,47.001644,0.9583,0.4356
BiancaGolden_GrandPlies,-103.6192,43.6762,212.8106,-2.5980,-22.2645,-28.3309,0.6903,-0.2004,-0.6952,0.9980,283,47.015053,0.9638,0.4368
BiancaGolden_GrandPlies,-103.0791,43.8036,212.8792,-2.4931,-22.1735,-28.5341,0.6899,-0.2022,-0.6951,0.9980,284,47.029903,0.9692,0.4380
BiancaGolden_GrandPlies,-102.5875,43.9255,212.9152,-2.4389,-22.1531,-28.6504,0.6947,-0.2475,-0.6754,0.9980,284,47.043900,0.9741,0.4393
BiancaGolden_GrandPlies,-102.1560,44.0084,212.9436,-2.2764,-22.1518,-28.6999,0.6967,-0.2569,-0.6698,0.9980,285,47.058052,0.9784,0.4401
BiancaGolden_GrandPlies,-101.7377,44.0875,212.9792,-2.0585,-22.1488,-28.7310,0.6930,-0.2626,-0.6714,0.9980,285,47.071205,0.9826,0.4409
BiancaGolden_GrandPlies,-101.3421,44.1557,213.0670,-1.9560,-22.2228,-28.8132,0.6874,-0.2621,-0.6773,0.9980,285,47.085712,0.9866,0.4416
BiancaGolden_GrandPlies,-100.9664,44.2141,213.1589,-1.9673,-22.3140,-28.8924,0.6825,-0.2603,-0.6830,0.9980,286,47.099190,0.9903,0.4421
BiancaGolden_GrandPlies,-100.6514,44.2577,213.2418,-2.0522,-22.4650,-29.0146,0.6808,-0.2611,-0.6843,0.9980,286,47.112347,0.9935,0.4426
BiancaGolden_GrandPlies,-100.3501,44.2878,213.3091,-2.0960,-22.5863,-29.1416,0.6821,-0.2589,-0.6839,0.9980,287,47.127121,0.9965,0.4429
BiancaGolden_GrandPlies,-100.0615,44.2778,213.3990,-2.0497,-22.5844,-29.2883,0.6844,-0.2584,-0.6818,0.9980,287,47.140999,0.9994,0.4428
BiancaGolden_GrandPlies,-99.7878,44.2688,213.4910,-2.0344,-22.4344,-29.4161,0.6843,-0.2592,-0.6816,0.9980,288,47.155342,1.0021,0.4427
BiancaGolden_GrandPlies,-99.5424,44.2694,213.5863,-2.1058,-22.2923,-29.5203,0.6860,-0.2601,-0.6795,0.9980,288,47.168648,1.0046,0.4427
BiancaGolden_GrandPlies,-99.3602,44.2785,213.6575,-2.3546,-22.1646,-29.6753,0.6839,-0.2586,-0.6822,0.9980,288,47.183067,1.0064,0.4428
BiancaGolden_GrandPlies,-99.2148,44.3020,213.7175,-2.5960,-22.1357,-29.8221,0.6838,-0.2597,-0.6819,0.9980,289,47.196541,1.0079,0.4430
BiancaGolden_GrandPlies,-99.1074,44.3071,213.7733,-2.8270,-22.1438,-30.0125,0.6891,-0.2611,-0.6760,0.9980,289,47.210045,1.0089,0.4431
BiancaGolden_GrandPlies,-99.0072,44.3083,213.7904,-2.9650,-22.0091,-30.2097,0.6854,-0.2608,-0.6799,0.9980,290,47.225441,1.0099,0.4431
BiancaGolden_GrandPlies,-98.9174,44.2923,213.8099,-3.0279,-21.8323,-30.4048,0.6878,-0.2609,-0.6773,0.9980,290,47.238541,1.0108,0.4429
BiancaGolden_GrandPlies,-98.8319,44.2558,213.8342,-3.0505,-21.6077,-30.5447,0.6890,-0.2636,-0.6751,0.9980,291,47.256317,1.0117,0.4426
BiancaGolden_GrandPlies,-98.7741,44.2015,213.8546,-2.9573,-21.2273,-30.6534,0.6914,-0.2660,-0.6717,0.9980,291,47.266552,1.0123,0.4420
BiancaGolden_GrandPlies,-98.7487,44.1795,213.8068,-2.9615,-20.9577,-30.7193,0.6879,-0.2668,-0.6749,0.9980,291,47.280334,1.0125,0.4418
BiancaGolden_GrandPlies,-98.7570,44.1655,213.7636,-3.0221,-20.8246,-30.7654,0.6895,-0.2677,-0.6730,0.9980,292,47.294514,1.0124,0.4417
BiancaGolden_GrandPlies,-98.7711,44.1311,213.7637,-3.0631,-20.6804,-30.7809,0.6901,-0.2707,-0.6712,0.9980,292,47.306931,1.0123,0.4413
BiancaGolden_GrandPlies,-98.7584,44.0780,213.7248,-3.0544,-20.5106,-30.7908,0.6876,-0.2687,-0.6745,0.9980,292,47.321823,1.0124,0.4408
BiancaGolden_GrandPlies,-98.7529,43.9714,213.7244,-2.9745,-20.2492,-30.7307,0.6854,-0.2688,-0.6768,0.9980,293,47.336063,1.0125,0.4397
BiancaGolden_GrandPlies,-98.7631,43.9043,213.7798,-2.9733,-20.0729,-30.6788,0.6836,-0.2663,-0.6796,0.9980,293,47.348858,1.0124,0.4390
BiancaGolden_GrandPlies,-98.7987,43.8220,213.8713,-2.9794,-20.1572,-30.5951,0.6819,-0.2626,-0.6827,0.9980,294,47.363770,1.0120,0.4382
BiancaGolden_GrandPlies,-98.8713,43.7474,213.9164,-3.0110,-20.4108,-30.4277,0.6760,-0.2525,-0.6923,0.9980,294,47.377552,1.0113,0.4375
BiancaGolden_GrandPlies,-98.9910,43.6902,213.9578,-3.0218,-20.9633,-30.2795,0.6717,-0.2477,-0.6982,0.9980,295,47.391945,1.0101,0.4369
BiancaGolden_GrandPlies,-99.0827,43.6121,213.9655,-3.1462,-21.4641,-30.2002,0.6680,-0.2453,-0.7026,0.9980,295,47.404922,1.0092,0.4361
BiancaGolden_GrandPlies,-99.1989,43.5448,213.8953,-3.2833,-21.7693,-30.2658,0.6669,-0.2454,-0.7036,0.9980,295,47.419441,1.0080,0.4354
BiancaGolden_GrandPlies,-99.2864,43.4783,213.8449,-3.4480,-21.8773,-30.3984,0.6704,-0.2492,-0.6989,0.9980,296,47.433205,1.0071,0.4348
BiancaGolden_GrandPlies,-99.3062,43.3783,213.8708,-3.5485,-21.6873,-30.5652,0.6737,-0.2530,-0.6943,0.9980,296,47.446114,1.0069,0.4338
BiancaGolden_GrandPlies,-99.3445,43.2873,213.9334,-3.5672,-21.3206,-30.7035,0.6818,-0.2609,-0.6835,0.9980,297,47.461231,1.0066,0.4329
BiancaGolden_GrandPlies,-99.3678,43.2582,213.9235,-3.6046,-20.9024,-30.8493,0.7127,-0.2776,-0.6442,0.9980,297,47.474716,1.0063,0.4326
BiancaGolden_GrandPlies,-99.4555,43.2459,213.8523,-3.6960,-20.6907,-30.9095,0.7234,-0.2584,-0.6402,0.9980,298,47.489388,1.0054,0.4325
BiancaGolden_GrandPlies,-99.5135,43.2478,213.8065,-3.8396,-20.6454,-30.9714,0.7445,-0.2576,-0.6160,0.9980,298,47.502789,1.0049,0.4325
BiancaGolden_GrandPlies,-99.5412,43.2343,213.8204,-3.9724,-20.6459,-31.0767,0.7441,-0.2583,-0.6161,0.9980,298,47.516911,1.0046,0.4323
BiancaGolden_GrandPlies,-99.5715,43.2346,213.8331,-4.1038,-20.6809,-31.1861,0.7440,-0.2595,-0.6157,0.9980,299,47.530540,1.0043,0.4323
BiancaGolden_GrandPlies,-99.5839,43.2862,213.7632,-4.3560,-20.7022,-31.3645,0.7495,-0.2645,-0.6068,0.9980,299,47.543892,1.0042,0.4329
BiancaGolden_GrandPlies,-99.6141,43.3385,213.6776,-4.5648,-20.7533,-31.4754,0.7483,-0.2780,-0.6023,0.9980,300,47.559055,1.0039,0.4334
BiancaGolden_GrandPlies,-99.5951,43.4237,213.6444,-4.7144,-20.7707,-31.5842,0.7433,-0.2869,-0.6044,0.9980,300,47.572285,1.0040,0.4342
BiancaGolden_GrandPlies,-99.5771,43.5035,213.6479,-4.9023,-20.8445,-31.6896,0.7413,-0.2863,-0.6071,0.9980,300,47.586796,1.0042,0.4350
BiancaGolden_GrandPlies,-99.5289,43.5848,213.6869,-5.0238,-20.9743,-31.7842,0.7425,-0.2789,-0.6091,0.9980,301,47.600372,1.0047,0.4358
BiancaGolden_GrandPlies,-99.4731,43.6833,213.7103,-5.0136,-21.1270,-31.8827,0.7337,-0.2729,-0.6222,0.9980,301,47.613934,1.0053,0.4368
BiancaGolden_GrandPlies,-99.3886,43.8074,213.7523,-4.9943,-21.2874,-31.9588,0.7324,-0.2737,-0.6234,0.9980,302,47.628517,1.0061,0.4381
BiancaGolden_GrandPlies,-99.2582,43.9460,213.7770,-5.0723,-21.3904,-32.0879,0.7288,-0.2725,-0.6282,0.9980,302,47.642147,1.0074,0.4395
BiancaGolden_GrandPlies,-99.1193,44.0845,213.8060,-5.1370,-21.4256,-32.2186,0.7275,-0.2756,-0.6284,0.9980,303,47.656361,1.0088,0.4408
BiancaGolden_GrandPlies,-98.9588,44.2113,213.8138,-5.0482,-21.3633,-32.3545,0.7228,-0.2819,-0.6310,0.9980,303,47.669899,1.0104,0.4421
BiancaGolden_GrandPlies,-98.7696,44.3619,213.8047,-4.9018,-21.2333,-32.5498,0.7210,-0.2905,-0.6291,0.9980,303,47.684261,1.0123,0.4436
BiancaGolden_GrandPlies,-98.5563,44.5107,213.8000,-4.7343,-21.0319,-32.7873,0.7212,-0.2949,-0.6268,0.9980,304,47.697639,1.0144,0.4451
BiancaGolden_GrandPlies,-98.3060,44.6534,213.8219,-4.5789,-20.8141,-33.0058,0.7210,-0.2994,-0.6250,0.9980,304,47.711239,1.0169,0.4465
BiancaGolden_GrandPlies,-98.0483,44.7908,213.8266,-4.4503,-20.6498,-33.2229,0.7169,-0.3001,-0.6293,0.9980,305,47.726940,1.0195,0.4479
BiancaGolden_GrandPlies,-97.7620,44.9131,213.7982,-4.3145,-20.5871,-33.4130,0.7184,-0.2984,-0.6283,0.9980,305,47.739731,1.0224,0.4491
BiancaGolden_GrandPlies,-97.4465,45.0368,213.7523,-4.2303,-20.5562,-33.6502,0.7171,-0.3021,-0.6281,0.9980,306,47.757401,1.0255,0.4504
BiancaGolden_GrandPlies,-97.1067,45.1511,213.7177,-4.1254,-20.5634,-33.8894,0.7156,-0.3054,-0.6282,0.9980,306,47.767593,1.0289,0.4515
BiancaGolden_GrandPlies,-96.7321,45.2629,213.6899,-4.0072,-20.5504,-34.1062,0.7146,-0.2968,-0.6335,0.9980,306,47.781384,1.0327,0.4526
BiancaGolden_GrandPlies,-96.3357,45.3730,213.6530,-3.9209,-20.5198,-34.3459,0.7134,-0.3000,-0.6333,0.9980,307,47.795227,1.0366,0.4537
BiancaGolden_GrandPlies,-95.9051,45.4926,213.6162,-3.9583,-20.5149,-34.6119,0.7135,-0.3005,-0.6330,0.9980,307,47.808506,1.0409,0.4549
BiancaGolden_GrandPlies,-95.4531,45.6080,213.5843,-3.9751,-20.4720,-34.9007,0.7114,-0.2996,-0.6357,0.9980,308,47.823257,1.0455,0.4561
BiancaGolden_GrandPlies,-94.9807,45.7157,213.5544,-3.9508,-20.4396,-35.1837,0.7094,-0.3044,-0.6357,0.9980,308,47.836853,1.0502,0.4572
BiancaGolden_GrandPlies,-94.4805,45.8152,213.5316,-3.8270,-20.4025,-35.4266,0.7085,-0.3080,-0.6349,0.9980,308,47.851185,1.0552,0.4582
BiancaGolden_GrandPlies,-93.9455,45.9092,213.5071,-3.6769,-20.3113,-35.6253,0.7078,-0.3112,-0.6342,0.9980,309,47.864735,1.0605,0.4591
BiancaGolden_GrandPlies,-93.3766,45.9992,213.5110,-3.5855,-20.2380,-35.8141,0.7052,-0.3127,-0.6363,0.9980,309,47.878517,1.0662,0.4600
BiancaGolden_GrandPlies,-92.7931,46.0646,213.5237,-3.5031,-20.1463,-36.0117,0.7066,-0.3130,-0.6346,0.9980,310,47.893242,1.0721,0.4606
BiancaGolden_GrandPlies,-92.1721,46.0989,213.5870,-3.4573,-20.1000,-36.2005,0.7069,-0.3126,-0.6345,0.9980,310,47.907162,1.0783,0.4610
BiancaGolden_GrandPlies,-91.4913,46.0806,213.7424,-3.3961,-20.0671,-36.4398,0.7020,-0.3073,-0.6425,0.9980,310,47.921051,1.0851,0.4608
BiancaGolden_GrandPlies,-90.7917,46.0706,213.8671,-3.4298,-19.9114,-36.6977,0.6983,-0.3086,-0.6458,0.9980,311,47.934235,1.0921,0.4607
BiancaGolden_GrandPlies,-90.1459,46.1202,213.8809,-3.5107,-19.8363,-37.0037,0.6927,-0.3168,-0.6479,0.9980,311,47.947681,1.0985,0.4612
BiancaGolden_GrandPlies,-89.4963,46.1587,213.8345,-3.5419,-19.8332,-37.2617,0.6912,-0.3200,-0.6479,0.9980,312,47.962685,1.1050,0.4616
BiancaGolden_GrandPlies,-88.8467,46.1858,213.8181,-3.5278,-19.8271,-37.5178,0.6882,-0.3227,-0.6498,0.9980,312,47.976009,1.1115,0.4619
BiancaGolden_GrandPlies,-88.1883,46.2106,213.7978,-3.4987,-19.8075,-37.7831,0.6814,-0.3216,-0.6574,0.9980,313,47.990517,1.1181,0.4621
BiancaGolden_GrandPlies,-87.5379,46.2440,213.7487,-3.5256,-19.7807,-38.0297,0.6779,-0.3212,-0.6612,0.9980,313,48.003674,1.1246,0.4624
BiancaGolden_GrandPlies,-86.9051,46.3102,213.6587,-3.5817,-19.8103,-38.2756,0.6779,-0.3173,-0.6632,0.9980,313,48.018009,1.1309,0.4631
BiancaGolden_GrandPlies,-86.2620,46.3754,213.5789,-3.7011,-19.9484,-38.4911,0.6760,-0.3180,-0.6647,0.9980,314,48.031452,1.1374,0.4638
BiancaGolden_GrandPlies,-85.6061,46.4051,213.5579,-3.8292,-20.1030,-38.6931,0.6713,-0.3111,-0.6727,0.9980,314,48.045063,1.1439,0.4641
BiancaGolden_GrandPlies,-84.9548,46.4411,213.5693,-3.9978,-20.2480,-38.9185,0.6746,-0.3001,-0.6744,0.9980,315,48.060146,1.1505,0.4644
BiancaGolden_GrandPlies,-84.3264,46.4778,213.5353,-4.1515,-20.3721,-39.1970,0.6667,-0.2960,-0.6840,0.9980,315,48.073280,1.1567,0.4648
BiancaGolden_GrandPlies,-83.7151,46.5250,213.4924,-4.2903,-20.5249,-39.4647,0.6596,-0.3031,-0.6878,0.9980,315,48.087654,1.1628,0.4652
BiancaGolden_GrandPlies,-83.1028,46.5578,213.4777,-4.4150,-20.6598,-39.7334,0.6558,-0.3036,-0.6912,0.9980,316,48.100616,1.1690,0.4656
BiancaGolden_GrandPlies,-82.5016,46.5983,213.4776,-4.4722,-20.7561,-39.9987,0.6529,-0.3054,-0.6931,0.9980,316,48.113949,1.1750,0.4660
BiancaGolden_GrandPlies,-81.9180,46.6079,213.5041,-4.4353,-20.8317,-40.2058,0.6509,-0.3074,-0.6941,0.9980,317,48.128925,1.1808,0.4661
BiancaGolden_GrandPlies,-81.3603,46.6357,213.5181,-4.3983,-20.9025,-40.4147,0.6453,-0.3027,-0.7014,0.9980,317,48.142792,1.1864,0.4664
BiancaGolden_GrandPlies,-80.8312,46.6615,213.5389,-4.3562,-21.0269,-40.6007,0.6438,-0.3026,-0.7028,0.9980,318,48.157001,1.1917,0.4666
BiancaGolden_GrandPlies,-80.3537,46.6900,213.5576,-4.3553,-21.1687,-40.7616,0.6446,-0.3024,-0.7022,0.9980,318,48.170315,1.1965,0.4669
