FileName,LocationX,LocationY,LocationZ,RotationRoll,RotationPitch,RotationYaw,GazeHitX,GazeHitY,GazeHitZ,GazeConfidence,Frame,Timestamp,RoomX_m,RoomY_m
BiancaGolden_CircleTurns,-200.0000,0.0000,30.0000,0.0000,0.0000,0.0000,0.0000,0.0000,0.0000,0.0000,0,0.016667,0.0000,0.0000
BiancaGolden_CircleTurns,-200.0000,0.0000,30.0000,0.0000,0.0000,0.0000,0.0000,0.0000,0.0000,0.0000,0,0.416667,0.0000,0.0000
BiancaGolden_CircleTurns,-200.0000,0.0000,30.0000,0.0000,0.0000,0.0000,0.0000,0.0000,0.0000,0.0000,1,0.470407,0.0000,0.0000
BiancaGolden_CircleTurns,-200.0000,0.0000,30.0000,0.0000,0.0000,0.0000,0.0000,0.0000,0.0000,0.0000,2,0.484716,0.0000,0.0000
BiancaGolden_CircleTurns,-200.0000,0.0000,30.0000,0.0000,0.0000,0.0000,0.0000,0.0000,0.0000,0.0000,2,0.499436,0.0000,0.0000
BiancaGolden_CircleTurns,-200.0000,0.0000,30.0000,0.0000,0.0000,0.0000,0.0000,0.0000,0.0000,0.0000,3,0.515128,0.0000,0.0000
BiancaGolden_CircleTurns,-200.0000,0.0000,30.0000,0.0000,0.0000,0.0000,0.0000,0.0000,0.0000,0.0000,3,0.529393,0.0000,0.0000
BiancaGolden_CircleTurns,-200.0000,0.0000,30.0000,0.0000,0.0000,0.0000,0.0000,0.0000,0.0000,0.0000,4,0.544219,0.0000,0.0000
BiancaGolden_CircleTurns,-200.0000,0.0000,30.0000,0.0000,0.0000,0.0000,0.0000,0.0000,0.0000,0.0000,4,0.555839,0.0000,0.0000
BiancaGolden_CircleTurns,-200.0000,0.0000,30.0000,0.0000,0.0000,0.0000,0.0000,0.0000,0.0000,0.0000,5,0.571720,0.0000,0.0000
BiancaGolden_CircleTurns,-200.0000,0.0000,30.0000,0.0000,0.0000,0.0000,0.0000,0.0000,0.0000,0.0000,5,0.581864,0.0000,0.0000
BiancaGolden_CircleTurns,-200.0000,0.0000,30.0000,0.0000,0.0000,0.0000,0.0000,0.0000,0.0000,0.0000,5,0.596704,0.0000,0.0000
BiancaGolden_CircleTurns,-200.0000,0.0000,30.0000,0.0000,0.0000,0.0000,0.0000,0.0000,0.0000,0.0000,6,0.612124,0.0000,0.0000
BiancaGolden_CircleTurns,-200.0000,0.0000,30.0000,0.0000,0.0000,0.0000,0.0000,0.0000,0.0000,0.0000,6,0.625417,0.0000,0.0000
BiancaGolden_CircleTurns,-200.0000,0.0000,30.0000,0.0000,0.0000,0.0000,0.0000,0.0000,0.0000,0.0000,7,0.639079,0.0000,0.0000
BiancaGolden_CircleTurns,-200.0000,0.0000,30.0000,0.0000,0.0000,0.0000,0.0000,0.0000,0.0000,0.0000,7,0.652572,0.0000,0.0000
BiancaGolden_CircleTurns,-200.0000,0.0000,30.0000,0.0000,0.0000,0.0000,0.0000,0.0000,0.0000,0.0000,7,0.667087,0.0000,0.0000
BiancaGolden_CircleTurns,-200.0000,0.0000,30.0000,0.0000,0.0000,0.0000,0.0000,0.0000,0.0000,0.0000,8,0.682901,0.0000,0.0000
BiancaGolden_CircleTurns,-200.0000,0.0000,30.0000,0.0000,0.0000,0.0000,0.0000,0.0000,0.0000,0.0000,8,0.693778,0.0000,0.0000
BiancaGolden_CircleTurns,-200.0000,0.0000,30.0000,0.0000,0.0000,0.0000,0.0000,0.0000,0.0000,0.0000,9,0.709604,0.0000,0.0000
BiancaGolden_CircleTurns,-200.0000,0.0000,30.0000,0.0000,0.0000,0.0000,0.0000,0.0000,0.0000,0.0000,9,0.721072,0.0000,0.0000
BiancaGolden_CircleTurns,-200.0000,0.0000,30.0000,0.0000,0.0000,0.0000,0.0000,0.0000,0.0000,0.0000,10,0.737220,0.0000,0.0000
BiancaGolden_CircleTurns,-200.0000,0.0000,30.0000,0.0000,0.0000,0.0000,0.0000,0.0000,0.0000,0.0000,10,0.751301,0.0000,0.0000
BiancaGolden_CircleTurns,-200.0000,0.0000,30.0000,0.0000,0.0000,0.0000,0.0000,0.0000,0.0000,0.0000,10,0.764654,0.0000,0.0000
BiancaGolden_CircleTurns,-200.0000,0.0000,30.0000,0.0000,0.0000,0.0000,0.0000,0.0000,0.0000,0.0000,11,0.777414,0.0000,0.0000
BiancaGolden_CircleTurns,-200.0000,0.0000,30.0000,0.0000,0.0000,0.0000,0.0000,0.0000,0.0000,0.0000,11,0.791398,0.0000,0.0000
BiancaGolden_CircleTurns,-200.0000,0.0000,30.0000,0.0000,0.0000,0.0000,0.0000,0.0000,0.0000,0.0000,12,0.807321,0.0000,0.0000
BiancaGolden_CircleTurns,-200.0000,0.0000,30.0000,0.0000,0.0000,0.0000,0.0000,0.0000,0.0000,0.0000,12,0.820038,0.0000,0.0000
BiancaGolden_CircleTurns,-200.0000,0.0000,30.0000,0.0000,0.0000,0.0000,0.0000,0.0000,0.0000,0.0000,12,0.833589,0.0000,0.0000
BiancaGolden_CircleTurns,-200.0000,0.0000,30.0000,0.0000,0.0000,0.0000,0.0000,0.0000,0.0000,0.0000,13,0.844984,0.0000,0.0000
BiancaGolden_CircleTurns,-200.0000,0.0000,30.0000,0.0000,0.0000,0.0000,0.0000,0.0000,0.0000,0.0000,13,0.860292,0.0000,0.0000
BiancaGolden_CircleTurns,-200.0000,0.0000,30.0000,0.0000,0.0000,0.0000,0.0000,0.0000,0.0000,0.0000,14,0.888929,0.0000,0.0000
BiancaGolden_CircleTurns,-200.0000,0.0000,30.0000,0.0000,0.0000,0.0000,0.0000,0.0000,0.0000,0.0000,14,0.902907,0.0000,0.0000
BiancaGolden_CircleTurns,-200.0000,0.0000,30.0000,0.0000,0.0000,0.0000,0.0000,0.0000,0.0000,0.0000,15,0.914989,0.0000,0.0000
BiancaGolden_CircleTurns,-200.0000,0.0000,30.0000,0.0000,0.0000,0.0000,0.0000,0.0000,0.0000,0.0000,15,0.930042,0.0000,0.0000
BiancaGolden_CircleTurns,-200.0000,0.0000,30.0000,0.0000,0.0000,0.0000,0.0000,0.0000,0.0000,0.0000,16,0.943900,0.0000,0.0000
BiancaGolden_CircleTurns,-200.0000,0.0000,30.0000,0.0000,0.0000,0.0000,0.0000,0.0000,0.0000,0.0000,16,0.958182,0.0000,0.0000
BiancaGolden_CircleTurns,-200.0000,0.0000,30.0000,0.0000,0.0000,0.0000,0.0000,0.0000,0.0000,0.0000,17,0.972745,0.0000,0.0000
BiancaGolden_CircleTurns,-200.0000,0.0000,30.0000,0.0000,0.0000,0.0000,0.0000,0.0000,0.0000,0.0000,17,0.985592,0.0000,0.0000
BiancaGolden_CircleTurns,-200.0000,0.0000,30.0000,0.0000,0.0000,0.0000,0.0000,0.0000,0.0000,0.0000,17,1.000488,0.0000,0.0000
BiancaGolden_CircleTurns,-200.0000,0.0000,30.0000,0.0000,0.0000,0.0000,0.0000,0.0000,0.0000,0.0000,18,1.012569,0.0000,0.0000
BiancaGolden_CircleTurns,-200.0000,0.0000,30.0000,0.0000,0.0000,0.0000,0.0000,0.0000,0.0000,0.0000,18,1.027044,0.0000,0.0000
BiancaGolden_CircleTurns,-200.0000,0.0000,30.0000,0.0000,0.0000,0.0000,0.0000,0.0000,0.0000,0.0000,19,1.040562,0.0000,0.0000
BiancaGolden_CircleTurns,-200.0000,0.0000,30.0000,0.0000,0.0000,0.0000,0.0000,0.0000,0.0000,0.0000,19,1.055565,0.0000,0.0000
BiancaGolden_CircleTurns,-200.0000,0.0000,30.0000,0.0000,0.0000,0.0000,0.0000,0.0000,0.0000,0.0000,19,1.069852,0.0000,0.0000
BiancaGolden_CircleTurns,-200.0000,0.0000,30.0000,0.0000,0.0000,0.0000,0.0000,0.0000,0.0000,0.0000,20,1.083655,0.0000,0.0000
BiancaGolden_CircleTurns,-200.0000,0.0000,30.0000,0.0000,0.0000,0.0000,0.0000,0.0000,0.0000,0.0000,20,1.094324,0.0000,0.0000
BiancaGolden_CircleTurns,-200.0000,0.0000,30.0000,0.0000,0.0000,0.0000,0.0000,0.0000,0.0000,0.0000,21,1.111180,0.0000,0.0000
BiancaGolden_CircleTurns,-200.0000,0.0000,30.0000,0.0000,0.0000,0.0000,0.0000,0.0000,0.0000,0.0000,21,1.125033,0.0000,0.0000
BiancaGolden_CircleTurns,-200.0000,0.0000,30.0000,0.0000,0.0000,0.0000,0.0000,0.0000,0.0000,0.0000,22,1.140639,0.0000,0.0000
BiancaGolden_CircleTurns,-200.0000,0.0000,30.0000,0.0000,0.0000,0.0000,0.9416,0.3350,-0.0352,0.9980,22,1.153174,0.0000,0.0000
BiancaGolden_CircleTurns,-187.7309,-0.7376,218.4963,-0.3427,-1.9857,5.6395,0.9417,0.3345,-0.0360,0.9980,23,1.172776,0.1227,-0.0074
BiancaGolden_CircleTurns,-187.7360,-0.7421,218.4823,-0.3337,-2.0343,5.5970,0.9420,0.3337,-0.0364,0.9980,23,1.181183,0.1226,-0.0074
BiancaGolden_CircleTurns,-187.7394,-0.7443,218.4711,-0.3594,-2.0680,5.5457,0.9423,0.3327,-0.0364,0.9980,23,1.196744,0.1226,-0.0074
BiancaGolden_CircleTurns,-187.7398,-0.7458,218.4640,-0.3786,-2.0695,5.4889,0.9426,0.3320,-0.0365,0.9980,24,1.210662,0.1226,-0.0075
BiancaGolden_CircleTurns,-187.7387,-0.7513,218.4625,-0.3858,-2.0817,5.4463,0.9429,0.3312,-0.0365,0.9980,24,1.224038,0.1226,-0.0075
BiancaGolden_CircleTurns,-187.7368,-0.7543,218.4619,-0.3859,-2.0811,5.3940,0.9431,0.3306,-0.0366,0.9980,25,1.240491,0.1226,-0.0075
BiancaGolden_CircleTurns,-187.7352,-0.7570,218.4601,-0.3810,-2.0838,5.3596,0.9433,0.3300,-0.0368,0.9980,25,1.254483,0.1226,-0.0076
BiancaGolden_CircleTurns,-187.7341,-0.7589,218.4560,-0.3725,-2.0928,5.3207,0.9436,0.3288,-0.0376,0.9980,25,1.269573,0.1227,-0.0076
BiancaGolden_CircleTurns,-187.7331,-0.7635,218.4469,-0.3613,-2.1361,5.2509,0.9413,0.3279,-0.0800,0.9980,26,1.284483,0.1227,-0.0076
BiancaGolden_CircleTurns,-187.7328,-0.7636,218.4415,-0.3699,-2.1626,5.2045,0.9752,0.1382,-0.1729,0.9980,26,1.296311,0.1227,-0.0076
BiancaGolden_CircleTurns,-187.7323,-0.7627,218.4408,-0.3722,-2.1760,5.1907,0.9753,0.1353,-0.1745,0.9980,27,1.312934,0.1227,-0.0076
BiancaGolden_CircleTurns,-187.7305,-0.7628,218.4440,-0.3971,-2.1644,5.1710,0.9755,0.1346,-0.1737,0.9980,27,1.326798,0.1227,-0.0076
BiancaGolden_CircleTurns,-187.7274,-0.7605,218.4480,-0.3829,-2.1190,5.1312,0.9760,0.1322,-0.1729,0.9980,28,1.339627,0.1227,-0.0076
BiancaGolden_CircleTurns,-187.7222,-0.7593,218.4578,-0.3865,-2.0653,5.1110,0.9777,0.1318,-0.1634,0.9980,28,1.352787,0.1228,-0.0076
BiancaGolden_CircleTurns,-187.7164,-0.7551,218.4686,-0.3771,-1.9962,5.0828,0.9777,0.1361,-0.1600,0.9980,28,1.367463,0.1228,-0.0076
BiancaGolden_CircleTurns,-187.7098,-0.7511,218.4811,-0.3430,-1.9115,5.0624,0.9776,0.1358,-0.1608,0.9980,29,1.380721,0.1229,-0.0075
BiancaGolden_CircleTurns,-187.7046,-0.7457,218.4894,-0.3254,-1.8465,5.0475,0.9777,0.1350,-0.1609,0.9980,29,1.393430,0.1230,-0.0075
BiancaGolden_CircleTurns,-187.7000,-0.7380,218.4968,-0.2850,-1.8047,5.0306,0.9778,0.1350,-0.1605,0.9980,30,1.408478,0.1230,-0.0074
BiancaGolden_CircleTurns,-187.6968,-0.7290,218.5000,-0.2927,-1.7818,5.0307,0.9773,0.1350,-0.1636,0.9980,30,1.422595,0.1230,-0.0073
BiancaGolden_CircleTurns,-187.6928,-0.7142,218.4989,-0.2539,-1.7734,5.0353,0.9765,0.1370,-0.1666,0.9980,31,1.437260,0.1231,-0.0071
BiancaGolden_CircleTurns,-187.6873,-0.7033,218.4963,-0.2465,-1.7675,5.0486,0.9750,0.1373,-0.1748,0.9980,31,1.451357,0.1231,-0.0070
BiancaGolden_CircleTurns,-187.6825,-0.6922,218.4944,-0.2500,-1.7761,5.0731,0.9749,0.1372,-0.1751,0.9980,31,1.469199,0.1232,-0.0069
BiancaGolden_CircleTurns,-187.6778,-0.6803,218.4886,-0.2583,-1.7927,5.0769,0.9746,0.1372,-0.1771,0.9980,32,1.479357,0.1232,-0.0068
BiancaGolden_CircleTurns,-187.6787,-0.6670,218.4820,-0.2632,-1.8258,5.0812,0.9744,0.1375,-0.1780,0.9980,32,1.490904,0.1232,-0.0067
BiancaGolden_CircleTurns,-187.6809,-0.6579,218.4742,-0.2657,-1.8776,5.0991,0.9735,0.1379,-0.1826,0.9980,33,1.506012,0.1232,-0.0066
BiancaGolden_CircleTurns,-187.6856,-0.6482,218.4658,-0.3102,-1.9856,5.0844,0.9730,0.1398,-0.1836,0.9980,33,1.518578,0.1231,-0.0065
BiancaGolden_CircleTurns,-187.6890,-0.6413,218.4634,-0.3264,-2.0303,5.0750,0.9730,0.1391,-0.1842,0.9980,33,1.533335,0.1231,-0.0064
BiancaGolden_CircleTurns,-187.6939,-0.6369,218.4613,-0.3513,-2.0842,5.0577,0.9739,0.1394,-0.1790,0.9980,34,1.546652,0.1231,-0.0064
BiancaGolden_CircleTurns,-187.6957,-0.6278,218.4593,-0.4225,-2.1290,5.0340,0.9739,0.1386,-0.1796,0.9980,34,1.559855,0.1230,-0.0063
BiancaGolden_CircleTurns,-187.6933,-0.6167,218.4593,-0.5277,-2.1700,4.9982,0.9738,0.1384,-0.1802,0.9980,35,1.575256,0.1231,-0.0062
BiancaGolden_CircleTurns,-187.6872,-0.6033,218.4600,-0.6008,-2.2084,4.9777,0.9631,0.1161,-0.2426,0.9980,35,1.589009,0.1231,-0.0060
BiancaGolden_GrandPlies,-187.6734,-0.5906,218.4602,-0.5965,-2.2584,4.9630,0.9577,0.0976,-0.2708,0.9980,0,1.603940,0.1233,-0.0059
BiancaGolden_GrandPlies,-187.6559,-0.5760,218.4588,-0.5892,-2.3089,4.9459,0.9562,0.0948,-0.2768,0.9980,0,1.622298,0.1234,-0.0058
BiancaGolden_GrandPlies,-187.6261,-0.5572,218.4577,-0.6138,-2.3346,4.9076,0.9580,0.0901,-0.2724,0.9980,1,1.636066,0.1237,-0.0056
BiancaGolden_GrandPlies,-187.5911,-0.5358,218.4478,-0.6194,-2.3820,4.8448,0.9562,0.0890,-0.2787,0.9980,1,1.644381,0.1241,-0.0054
BiancaGolden_GrandPlies,-187.5553,-0.5175,218.4272,-0.5652,-2.4596,4.8058,0.9557,0.0877,-0.2808,0.9980,2,1.658813,0.1244,-0.0052
BiancaGolden_GrandPlies,-187.4798,-0.4942,218.3641,-0.4776,-2.6038,4.7469,0.9552,0.0849,-0.2836,0.9980,2,1.672942,0.1252,-0.0049
BiancaGolden_GrandPlies,-187.4257,-0.4716,218.3473,-0.4101,-2.7692,4.6868,0.9544,0.0834,-0.2867,0.9980,2,1.686680,0.1257,-0.0047
BiancaGolden_GrandPlies,-187.3609,-0.4386,218.3297,-0.3624,-2.9538,4.6134,0.9525,0.0824,-0.2931,0.9980,3,1.701585,0.1264,-0.0044
BiancaGolden_GrandPlies,-187.3012,-0.4072,218.2950,-0.3448,-3.1727,4.5657,0.9529,0.0814,-0.2921,0.9980,3,1.714105,0.1270,-0.0041
BiancaGolden_GrandPlies,-187.2484,-0.3657,218.2657,-0.3356,-3.3935,4.5091,0.9508,0.0787,-0.2996,0.9980,4,1.729495,0.1275,-0.0037
BiancaGolden_GrandPlies,-187.1374,-0.3246,218.1893,-0.3785,-3.5898,4.4380,0.9499,0.0781,-0.3026,0.9980,4,1.743410,0.1286,-0.0032
BiancaGolden_GrandPlies,-187.0653,-0.2602,218.1052,-0.4280,-3.7739,4.3905,0.9482,0.0744,-0.3089,0.9980,5,1.757757,0.1293,-0.0026
BiancaGolden_GrandPlies,-187.0339,-0.1943,218.0224,-0.5602,-4.1600,4.3463,0.9440,0.0779,-0.3206,0.9980,5,1.771844,0.1297,-0.0019
BiancaGolden_GrandPlies,-187.0131,-0.1275,217.9189,-0.6740,-4.8592,4.3878,0.9398,0.0777,-0.3327,0.9980,5,1.785208,0.1299,-0.0013
BiancaGolden_GrandPlies,-186.9808,-0.0767,217.8043,-0.7706,-5.5999,4.4356,0.9352,0.0797,-0.3451,0.9980,6,1.798993,0.1302,-0.0008
BiancaGolden_GrandPlies,-186.9988,-0.0278,217.6745,-0.8510,-6.4835,4.5001,0.9306,0.0793,-0.3573,0.9980,6,1.811820,0.1300,-0.0003
BiancaGolden_GrandPlies,-186.9711,0.0317,217.5563,-0.9532,-7.3222,4.5270,0.9267,0.0796,-0.3674,0.9980,7,1.827253,0.1303,0.0003
BiancaGolden_GrandPlies,-186.9230,0.0863,217.4681,-1.0249,-7.9798,4.5508,0.9259,0.0773,-0.3698,0.9980,7,1.842401,0.1308,0.0009
BiancaGolden_GrandPlies,-186.8422,0.1652,217.4641,-1.0484,-8.2629,4.5256,0.9275,0.0768,-0.3658,0.9980,7,1.854966,0.1316,0.0017
BiancaGolden_GrandPlies,-186.7473,0.2402,217.5007,-1.1083,-8.3702,4.4750,0.9297,0.0681,-0.3621,0.9980,8,1.867989,0.1325,0.0024
BiancaGolden_GrandPlies,-186.6188,0.3267,217.5604,-1.0957,-8.1294,4.3860,0.9013,0.0411,-0.4313,0.9980,8,1.881317,0.1338,0.0033
BiancaGolden_GrandPlies,-186.5160,0.4032,217.5828,-1.0806,-7.8783,4.2624,0.9014,0.0390,-0.4313,0.9980,9,1.896232,0.1348,0.0040
BiancaGolden_GrandPlies,-186.4393,0.5081,217.5422,-1.0375,-7.6591,4.1390,0.9013,0.0374,-0.4316,0.9980,9,1.910551,0.1356,0.0051
BiancaGolden_GrandPlies,-186.3842,0.6261,217.5039,-0.9965,-7.6815,4.0487,0.8985,0.0401,-0.4372,0.9980,10,1.924089,0.1362,0.0063
BiancaGolden_GrandPlies,-186.3323,0.7447,217.4518,-0.9434,-7.8430,4.0451,0.8977,0.0404,-0.4387,0.9980,10,1.938023,0.1367,0.0074
BiancaGolden_GrandPlies,-186.2654,0.8624,217.4202,-0.8279,-8.1392,4.0909,0.8964,0.0400,-0.4414,0.9980,10,1.953085,0.1373,0.0086
BiancaGolden_GrandPlies,-186.1867,0.9822,217.3519,-0.6907,-8.2608,4.1167,0.8955,0.0398,-0.4433,0.9980,11,1.966998,0.1381,0.0098
BiancaGolden_GrandPlies,-186.0983,1.1295,217.3120,-0.6141,-8.4402,4.1512,0.8963,0.0398,-0.4417,0.9980,11,1.979223,0.1390,0.0113
BiancaGolden_GrandPlies,-185.9726,1.2594,217.2896,-0.4941,-8.6186,4.2115,0.8951,0.0395,-0.4440,0.9980,12,1.994379,0.1403,0.0126
BiancaGolden_GrandPlies,-185.8608,1.4166,217.2387,-0.3823,-8.7714,4.2355,0.8948,0.0396,-0.4447,0.9980,12,2.008051,0.1414,0.0142
BiancaGolden_GrandPlies,-185.7152,1.5738,217.1641,-0.2874,-8.8651,4.2614,0.8942,0.0413,-0.4458,0.9980,13,2.022398,0.1428,0.0157
BiancaGolden_GrandPlies,-185.5986,1.7365,217.0583,-0.2058,-9.0016,4.3237,0.8911,0.0426,-0.4517,0.9980,13,2.035931,0.1440,0.0174
BiancaGolden_GrandPlies,-185.4822,1.9093,216.9627,-0.1015,-9.3367,4.3531,0.8878,0.0408,-0.4583,0.9980,13,2.049948,0.1452,0.0191
BiancaGolden_GrandPlies,-185.3666,2.0783,216.8327,0.0005,-9.8131,4.3912,0.8862,0.0414,-0.4615,0.9980,14,2.063636,0.1463,0.0208
BiancaGolden_GrandPlies,-185.2652,2.2667,216.7401,0.0997,-10.2830,4.4414,0.8829,0.0417,-0.4678,0.9980,14,2.077090,0.1473,0.0227
BiancaGolden_GrandPlies,-185.0874,2.4747,216.6471,0.1959,-10.6909,4.5133,0.8836,0.0426,-0.4663,0.9980,15,2.092432,0.1491,0.0247
BiancaGolden_GrandPlies,-184.9299,2.6992,216.5493,0.2297,-10.7713,4.6247,0.8831,0.0439,-0.4671,0.9980,15,2.105580,0.1507,0.0270
BiancaGolden_GrandPlies,-184.7946,2.9512,216.4746,0.1463,-10.9469,4.7474,0.8845,0.0456,-0.4643,0.9980,15,2.120045,0.1521,0.0295
BiancaGolden_GrandPlies,-184.6484,3.1932,216.3926,0.1029,-11.1792,4.9000,0.8820,0.0430,-0.4694,0.9980,16,2.134083,0.1535,0.0319
BiancaGolden_GrandPlies,-184.5230,3.4367,216.2942,0.0934,-11.4743,5.0290,0.8795,0.0492,-0.4734,0.9980,16,2.150537,0.1548,0.0344
BiancaGolden_GrandPlies,-184.3903,3.7055,216.1944,0.0117,-11.7299,5.1470,0.8779,0.0509,-0.4762,0.9980,17,2.163472,0.1561,0.0371
BiancaGolden_GrandPlies,-184.2513,3.9793,216.1342,-0.0445,-11.9078,5.2482,0.8514,0.0796,-0.5185,0.9980,17,2.176042,0.1575,0.0398
BiancaGolden_GrandPlies,-184.1148,4.2623,216.0712,-0.1405,-11.9643,5.3467,0.8283,0.0956,-0.5521,0.9980,18,2.189931,0.1589,0.0426
BiancaGolden_GrandPlies,-183.9937,4.5516,216.0165,-0.2584,-12.1409,5.4608,0.8164,0.0970,-0.5693,0.9980,18,2.203162,0.1601,0.0455
BiancaGolden_GrandPlies,-183.8765,4.8272,215.9399,-0.3572,-12.3450,5.5820,0.8115,0.0988,-0.5759,0.9980,18,2.217340,0.1612,0.0483
BiancaGolden_GrandPlies,-183.7687,5.1200,215.8649,-0.5206,-12.6423,5.6650,0.8094,0.0943,-0.5797,0.9980,19,2.230986,0.1623,0.0512
BiancaGolden_GrandPlies,-183.6477,5.4169,215.7845,-0.7420,-12.8987,5.7179,0.8065,0.0967,-0.5833,0.9980,19,2.244851,0.1635,0.0542
BiancaGolden_GrandPlies,-183.5453,5.7128,215.6854,-1.0422,-13.1583,5.7710,0.8062,0.0985,-0.5833,0.9980,20,2.259189,0.1645,0.0571
BiancaGolden_GrandPlies,-183.4268,6.0071,215.5407,-1.2959,-13.4246,5.7815,0.8049,0.0909,-0.5864,0.9980,20,2.273286,0.1657,0.0601
BiancaGolden_GrandPlies,-183.3925,6.2968,215.4191,-1.5672,-13.7510,5.7687,0.8011,0.1005,-0.5900,0.9980,20,2.287635,0.1661,0.0630
BiancaGolden_GrandPlies,-183.3260,6.6171,215.3364,-1.9576,-14.2480,5.6233,0.7987,0.0914,-0.5947,0.9980,21,2.301102,0.1667,0.0662
BiancaGolden_GrandPlies,-183.2767,6.9425,215.2211,-2.3032,-14.6155,5.4763,0.7974,0.0910,-0.5966,0.9980,21,2.315252,0.1672,0.0694
BiancaGolden_GrandPlies,-183.2294,7.2866,215.1285,-2.6096,-14.9384,5.3215,0.7951,0.0906,-0.5997,0.9980,22,2.329448,0.1677,0.0729
BiancaGolden_GrandPlies,-183.2073,7.6280,215.0643,-2.7753,-15.1636,5.2258,0.7949,0.0884,-0.6003,0.9980,22,2.342823,0.1679,0.0763
BiancaGolden_GrandPlies,-183.1842,7.9692,215.0119,-2.8197,-15.3201,5.1677,0.8039,0.0869,-0.5884,0.9980,23,2.357054,0.1682,0.0797
BiancaGolden_GrandPlies,-183.1936,8.3115,214.9717,-2.6770,-15.3826,5.1529,0.8046,0.0790,-0.5885,0.9980,23,2.371513,0.1681,0.0831
BiancaGolden_GrandPlies,-183.2087,8.6596,214.9184,-2.3612,-15.3878,5.1992,0.8050,0.0728,-0.5888,0.9980,23,2.384629,0.1679,0.0866
BiancaGolden_GrandPlies,-183.2438,9.0284,214.8658,-2.1783,-15.3979,5.2235,0.8139,0.0689,-0.5769,0.9980,24,2.398496,0.1676,0.0903
BiancaGolden_GrandPlies,-183.2998,9.4137,214.8122,-2.1054,-15.4674,5.2214,0.8124,0.0696,-0.5790,0.9980,24,2.411676,0.1670,0.0941
BiancaGolden_GrandPlies,-183.3788,9.8011,214.7539,-2.0912,-15.6132,5.2964,0.8112,0.0684,-0.5808,0.9980,25,2.426194,0.1662,0.0980
BiancaGolden_GrandPlies,-183.4988,10.1700,214.6970,-1.9872,-15.7948,5.3925,0.8111,0.0689,-0.5809,0.9980,25,2.440453,0.1650,0.1017
BiancaGolden_GrandPlies,-183.5891,10.5375,214.6885,-1.8251,-16.0030,5.5076,0.8113,0.0668,-0.5808,0.9980,25,2.454436,0.1641,0.1054
BiancaGolden_GrandPlies,-183.6671,10.9035,214.7003,-1.6503,-16.1035,5.6101,0.8131,0.0662,-0.5784,0.9980,26,2.467898,0.1633,0.1090
BiancaGolden_GrandPlies,-183.7405,11.2780,214.7138,-1.4811,-16.0871,5.6815,0.8156,0.0669,-0.5747,0.9980,26,2.481286,0.1626,0.1128
BiancaGolden_GrandPlies,-183.8241,11.6053,214.6607,-1.2215,-15.9891,5.8329,0.8156,0.0672,-0.5747,0.9980,27,2.496359,0.1618,0.1161
BiancaGolden_GrandPlies,-183.9420,11.9461,214.6182,-0.9949,-15.9977,5.9410,0.8149,0.0633,-0.5762,0.9980,27,2.509850,0.1606,0.1195
BiancaGolden_GrandPlies,-184.1000,12.2615,214.5834,-0.8565,-16.1226,6.0004,0.8161,0.0576,-0.5750,0.9980,28,2.524354,0.1590,0.1226
BiancaGolden_GrandPlies,-184.2544,12.5213,214.5536,-0.7119,-16.3564,6.1300,0.8160,0.0564,-0.5753,0.9980,28,2.538516,0.1575,0.1252
BiancaGolden_GrandPlies,-184.4127,12.7805,214.5372,-0.4394,-16.6236,6.1680,0.8144,0.0527,-0.5780,0.9980,28,2.552857,0.1559,0.1278
BiancaGolden_GrandPlies,-184.5169,13.0182,214.5237,-0.2801,-16.8405,6.2025,0.8133,0.0512,-0.5795,0.9980,29,2.565387,0.1548,0.1302
BiancaGolden_GrandPlies,-184.6034,13.2770,214.5414,-0.3566,-16.9485,6.0760,0.8140,0.0499,-0.5787,0.9980,29,2.578833,0.1540,0.1328
BiancaGolden_GrandPlies,-184.6562,13.5208,214.5546,-0.5024,-16.9697,5.9373,0.8175,0.0421,-0.5744,0.9980,30,2.593914,0.1534,0.1352
BiancaGolden_GrandPlies,-184.6751,13.7523,214.5964,-0.6667,-16.9448,5.7786,0.8209,0.0398,-0.5697,0.9980,30,2.607421,0.1532,0.1375
BiancaGolden_GrandPlies,-184.6383,13.9308,214.7541,-0.6851,-16.9588,5.5995,0.8265,0.0396,-0.5616,0.9980,30,2.622169,0.1536,0.1393
BiancaGolden_GrandPlies,-184.5603,14.1208,214.7855,-0.4378,-16.6816,5.6577,0.8276,0.0347,-0.5602,0.9980,31,2.636100,0.1544,0.1412
BiancaGolden_GrandPlies,-184.5935,14.5409,214.8251,-1.1637,-16.8368,5.1097,0.8272,0.0380,-0.5607,0.9980,31,2.653039,0.1541,0.1454
BiancaGolden_GrandPlies,-184.4543,14.6635,214.9022,-1.4872,-17.0608,5.2458,0.8265,0.0376,-0.5616,0.9980,32,2.664082,0.1555,0.1466
BiancaGolden_GrandPlies,-184.3380,14.8603,214.9993,-1.3355,-17.1339,5.2768,0.8254,0.0352,-0.5634,0.9980,32,2.677854,0.1566,0.1486
BiancaGolden_GrandPlies,-184.0989,15.0474,215.0990,-1.0799,-17.0646,5.1902,0.8277,0.0343,-0.5601,0.9980,33,2.692431,0.1590,0.1505
BiancaGolden_GrandPlies,-183.8838,15.2579,215.1657,-0.9575,-16.8213,5.1677,0.8240,0.0118,-0.5665,0.9980,33,2.705174,0.1612,0.1526
BiancaGolden_GrandPlies,-183.6406,15.4830,215.1917,-0.9568,-16.6003,5.1376,0.8175,0.0115,-0.5758,0.9980,33,2.719145,0.1636,0.1548
BiancaGolden_GrandPlies,-183.3686,15.6451,215.2197,-0.8081,-16.4307,5.2481,0.8152,0.0114,-0.5791,0.9980,34,2.732489,0.1663,0.1565
BiancaGolden_GrandPlies,-183.0968,15.8120,215.2314,-0.6859,-16.3333,5.3056,0.8152,0.0115,-0.5790,0.9980,34,2.745734,0.1690,0.1581
BiancaGolden_GrandPlies,-182.7897,15.9510,215.2504,-0.5768,-16.3404,5.3571,0.8124,0.0054,-0.5831,0.9980,35,2.761521,0.1721,0.1595
BiancaGolden_GrandPlies,-182.4396,16.0485,215.2730,-0.4551,-16.3280,5.3896,0.8131,0.0040,-0.5822,0.9980,35,2.774605,0.1756,0.1605
BiancaGolden_GrandPlies,-182.0700,16.1380,215.2583,-0.3300,-16.2352,5.2403,0.8111,-0.0005,-0.5850,0.9980,35,2.788893,0.1793,0.1614
BiancaGolden_GrandPlies,-181.6631,16.1900,215.2306,-0.2698,-16.1082,4.9279,0.8119,-0.0009,-0.5838,0.9980,36,2.802049,0.1834,0.1619
BiancaGolden_GrandPlies,-181.2385,16.2273,215.1759,-0.2230,-15.9710,4.5405,0.8134,-0.0029,-0.5818,0.9980,36,2.815671,0.1876,0.1623
BiancaGolden_GrandPlies,-180.7725,16.2440,215.1164,-0.1034,-15.8287,4.1448,0.8147,-0.0082,-0.5798,0.9980,37,2.830667,0.1923,0.1624
BiancaGolden_GrandPlies,-180.2889,16.2634,215.0534,0.0473,-15.7041,3.8248,0.8160,-0.0097,-0.5779,0.9980,37,2.843883,0.1971,0.1626
BiancaGolden_GrandPlies,-179.7669,16.3215,214.9698,0.0554,-15.5666,3.6206,0.8156,-0.0096,-0.5785,0.9980,38,2.858647,0.2023,0.1632
BiancaGolden_GrandPlies,-179.2362,16.3794,214.8866,-0.0956,-15.4879,3.5449,0.8106,-0.0063,-0.5856,0.9980,38,2.872128,0.2076,0.1638
BiancaGolden_GrandPlies,-178.6726,16.4658,214.7660,-0.4495,-15.4674,3.6486,0.8062,0.0024,-0.5917,0.9980,38,2.886147,0.2133,0.1647
BiancaGolden_GrandPlies,-178.1024,16.5409,214.6467,-0.9327,-15.5803,3.8348,0.8013,0.0179,-0.5980,0.9980,39,2.899540,0.2190,0.1654
BiancaGolden_GrandPlies,-177.5098,16.6033,214.4796,-1.4171,-15.7489,4.0729,0.7980,0.0227,-0.6022,0.9980,39,2.913370,0.2249,0.1660
BiancaGolden_GrandPlies,-176.8856,16.6214,214.3265,-1.7349,-16.0405,4.2907,0.7908,0.0290,-0.6113,0.9980,40,2.928445,0.2311,0.1662
BiancaGolden_GrandPlies,-176.2502,16.6513,214.0865,-1.9593,-16.2920,4.4845,0.7847,0.0306,-0.6191,0.9980,40,2.942718,0.2375,0.1665
BiancaGolden_GrandPlies,-175.6091,16.6898,213.9368,-2.2009,-16.8448,4.5298,0.7829,0.0340,-0.6212,0.9980,41,2.956390,0.2439,0.1669
BiancaGolden_GrandPlies,-174.9003,16.6183,213.7334,-2.1871,-17.1607,4.7999,0.7798,0.0324,-0.6252,0.9980,41,2.969367,0.2510,0.1662
BiancaGolden_GrandPlies,-174.2047,16.6475,213.5876,-2.1699,-17.5062,4.8195,0.7772,0.0266,-0.6286,0.9980,41,2.983697,0.2580,0.1665
BiancaGolden_GrandPlies,-173.4327,16.6466,213.3930,-2.3842,-17.7541,4.8206,0.7743,0.0296,-0.6321,0.9980,42,2.996858,0.2657,0.1665
BiancaGolden_GrandPlies,-172.6909,16.6370,213.1782,-2.6970,-17.9983,4.9301,0.7695,0.0293,-0.6379,0.9980,42,3.010692,0.2731,0.1664
BiancaGolden_GrandPlies,-171.9759,16.6749,212.8975,-3.4019,-18.3997,4.8444,0.7660,0.0302,-0.6421,0.9980,43,3.025125,0.2802,0.1667
BiancaGolden_GrandPlies,-171.1838,16.5143,212.6775,-3.4760,-18.8778,5.1138,0.7665,0.0280,-0.6417,0.9980,43,3.039890,0.2882,0.1651
BiancaGolden_GrandPlies,-170.4074,16.5327,212.4298,-3.9009,-19.2636,4.9043,0.7636,0.0266,-0.6452,0.9980,43,3.053283,0.2959,0.1653
BiancaGolden_GrandPlies,-169.5870,16.4419,212.2439,-4.2081,-19.6643,4.9617,0.7660,0.0235,-0.6424,0.9980,44,3.066444,0.3041,0.1644
BiancaGolden_GrandPlies,-168.7150,16.3678,212.0746,-4.3789,-19.8376,5.0569,0.7645,0.0251,-0.6441,0.9980,44,3.080505,0.3128,0.1637
BiancaGolden_GrandPlies,-167.8363,16.3425,211.9501,-4.7284,-19.9514,5.0290,0.7643,0.0284,-0.6442,0.9980,45,3.095727,0.3216,0.1634
BiancaGolden_GrandPlies,-166.9081,16.2747,211.8597,-5.0445,-19.9388,5.1350,0.7638,0.0310,-0.6447,0.9980,45,3.109358,0.3309,0.1627
BiancaGolden_GrandPlies,-165.9969,16.2663,211.7666,-5.5634,-19.9591,5.0794,0.7717,0.0253,-0.6354,0.9980,46,3.122983,0.3400,0.1627
BiancaGolden_GrandPlies,-165.0283,16.2618,211.7292,-6.3448,-20.0307,5.0424,0.7730,0.0270,-0.6338,0.9980,46,3.137343,0.3497,0.1626
BiancaGolden_GrandPlies,-164.0569,16.1813,211.6999,-6.8118,-19.9890,5.0454,0.7745,0.0253,-0.6321,0.9980,46,3.154280,0.3594,0.1618
BiancaGolden_GrandPlies,-163.1476,16.0984,211.5918,-6.9727,-19.8506,5.0298,0.7739,0.0254,-0.6327,0.9980,47,3.164890,0.3685,0.1610
BiancaGolden_GrandPlies,-162.2592,16.0667,211.4939,-7.1503,-19.8832,4.9238,0.7701,0.0200,-0.6376,0.9980,47,3.178063,0.3774,0.1607
BiancaGolden_GrandPlies,-161.3735,16.0483,211.4609,-7.5289,-20.0558,4.8900,0.7660,0.0216,-0.6425,0.9980,48,3.192471,0.3863,0.1605
BiancaGolden_GrandPlies,-160.4781,15.9906,211.5577,-7.7525,-20.3657,4.9961,0.7633,0.0255,-0.6455,0.9980,48,3.207158,0.3952,0.1599
BiancaGolden_GrandPlies,-159.6221,15.9470,211.5809,-7.9947,-20.5800,5.1601,0.7607,0.0290,-0.6485,0.9980,48,3.220242,0.4038,0.1595
BiancaGolden_GrandPlies,-158.7901,15.8847,211.7099,-7.8871,-20.7477,5.3253,0.7632,0.0315,-0.6454,0.9980,49,3.234096,0.4121,0.1588
BiancaGolden_GrandPlies,-157.9495,15.8407,211.8640,-7.6685,-20.5246,5.5941,0.7635,0.0514,-0.6438,0.9980,49,3.247328,0.4205,0.1584
BiancaGolden_GrandPlies,-157.2198,15.9695,212.0364,-8.2844,-20.4898,5.6019,0.7796,0.0634,-0.6230,0.9980,50,3.261913,0.4278,0.1597
BiancaGolden_GrandPlies,-156.4842,15.9376,212.3706,-8.8003,-20.4802,5.8750,0.7907,0.0800,-0.6070,0.9980,50,3.275356,0.4352,0.1594
BiancaGolden_GrandPlies,-155.8464,15.9783,212.4178,-9.1924,-20.0755,6.4081,0.8030,0.0807,-0.5905,0.9980,51,3.289892,0.4415,0.1598
BiancaGolden_GrandPlies,-155.1856,15.9827,212.8148,-9.1779,-20.1057,6.4537,0.8121,0.0763,-0.5786,0.9980,51,3.304286,0.4481,0.1598
BiancaGolden_GrandPlies,-154.5356,15.9359,212.9541,-8.9167,-19.3924,6.6581,0.8189,0.0733,-0.5692,0.9980,51,3.317685,0.4546,0.1594
BiancaGolden_GrandPlies,-153.9747,16.0028,213.0888,-9.1665,-18.7424,6.7901,0.8242,0.0762,-0.5611,0.9980,52,3.330262,0.4603,0.1600
BiancaGolden_GrandPlies,-153.3427,16.0240,213.2505,-9.4124,-18.1146,6.7990,0.8278,0.0777,-0.5556,0.9980,52,3.343676,0.4666,0.1602
BiancaGolden_GrandPlies,-152.7722,16.1065,213.4773,-9.5726,-17.5778,6.8250,0.8179,0.0749,-0.5705,0.9980,53,3.358959,0.4723,0.1611
BiancaGolden_GrandPlies,-152.2590,16.1535,213.6571,-9.8251,-17.2621,6.9273,0.8168,0.0697,-0.5727,0.9980,53,3.372656,0.4774,0.1615
BiancaGolden_GrandPlies,-151.7678,16.2035,213.7712,-9.8588,-17.1296,7.0938,0.8121,0.0732,-0.5788,0.9980,53,3.386939,0.4823,0.1620
BiancaGolden_GrandPlies,-151.3070,16.3027,213.8454,-9.9949,-17.0933,7.2077,0.7987,0.0775,-0.5967,0.9980,54,3.400939,0.4869,0.1630
BiancaGolden_GrandPlies,-150.8647,16.4055,213.9260,-10.1733,-17.2073,7.3360,0.7987,0.0790,-0.5965,0.9980,54,3.414958,0.4914,0.1641
BiancaGolden_GrandPlies,-150.3562,16.4644,214.0570,-10.1171,-17.2406,7.4707,0.7972,0.0788,-0.5985,0.9980,55,3.429574,0.4964,0.1646
BiancaGolden_GrandPlies,-149.8654,16.5670,214.1833,-9.9642,-17.0623,7.4750,0.7963,0.0676,-0.6011,0.9980,55,3.442342,0.5013,0.1657
BiancaGolden_GrandPlies,-149.3873,16.7118,214.2848,-9.9858,-16.8201,7.3517,0.7915,0.0654,-0.6077,0.9980,56,3.456437,0.5061,0.1671
BiancaGolden_GrandPlies,-148.9758,16.8621,214.3156,-10.1227,-16.5902,7.2570,0.7889,0.0571,-0.6119,0.9980,56,3.469848,0.5102,0.1686
BiancaGolden_GrandPlies,-148.6440,17.0434,214.3090,-10.3727,-16.6355,7.1556,0.7790,0.0564,-0.6245,0.9980,56,3.484424,0.5136,0.1704
BiancaGolden_GrandPlies,-148.2851,17.1308,214.3155,-10.3271,-16.7988,7.2333,0.7791,0.0544,-0.6246,0.9980,57,3.498563,0.5171,0.1713
BiancaGolden_GrandPlies,-147.9250,17.2457,214.3687,-9.9335,-16.8333,7.2666,0.7771,0.0531,-0.6271,0.9980,57,3.512536,0.5208,0.1725
BiancaGolden_GrandPlies,-147.5809,17.4592,214.4132,-10.0372,-16.8199,7.0967,0.7772,0.0532,-0.6269,0.9980,58,3.526734,0.5242,0.1746
BiancaGolden_GrandPlies,-147.2406,17.6417,214.4872,-10.2169,-16.7840,7.0210,0.7759,0.0557,-0.6284,0.9980,58,3.540832,0.5276,0.1764
BiancaGolden_GrandPlies,-146.9091,17.8523,214.5187,-10.2918,-16.5744,6.8672,0.7717,0.0541,-0.6337,0.9980,58,3.555019,0.5309,0.1785
BiancaGolden_GrandPlies,-146.6142,18.0655,214.5298,-10.2604,-16.3185,6.6543,0.7748,0.0517,-0.6301,0.9980,59,3.568463,0.5339,0.1807
BiancaGolden_GrandPlies,-146.3362,18.3106,214.4980,-10.2993,-16.0030,6.4421,0.7773,0.0488,-0.6273,0.9980,59,3.581066,0.5366,0.1831
BiancaGolden_GrandPlies,-146.0390,18.5866,214.5311,-10.3185,-15.8076,6.1725,0.7766,0.0444,-0.6285,0.9980,60,3.595682,0.5396,0.1859
BiancaGolden_GrandPlies,-145.7527,18.9073,214.5688,-10.3188,-15.5528,5.8865,0.7771,0.0419,-0.6280,0.9980,60,3.609453,0.5425,0.1891
BiancaGolden_GrandPlies,-145.5040,19.2470,214.5978,-10.3876,-15.3334,5.6154,0.7795,0.0418,-0.6250,0.9980,61,3.624176,0.5450,0.1925
BiancaGolden_GrandPlies,-145.2755,19.5981,214.6118,-10.4188,-15.1322,5.3547,0.7814,0.0433,-0.6226,0.9980,61,3.637499,0.5472,0.1960
BiancaGolden_GrandPlies,-145.0662,20.0156,214.6114,-10.4691,-14.9963,4.9975,0.7758,0.0347,-0.6300,0.9980,61,3.655630,0.5493,0.2002
BiancaGolden_GrandPlies,-144.8682,20.4603,214.6039,-10.5565,-14.9169,4.6315,0.7761,0.0303,-0.6299,0.9980,62,3.666155,0.5513,0.2046
BiancaGolden_GrandPlies,-144.6888,20.9471,214.5994,-10.6371,-14.9036,4.2588,0.7719,0.0306,-0.6350,0.9980,62,3.678872,0.5531,0.2095
BiancaGolden_GrandPlies,-144.5123,21.4461,214.5735,-10.5608,-14.9662,3.9215,0.7681,0.0192,-0.6400,0.9980,63,3.694138,0.5549,0.2145
BiancaGolden_GrandPlies,-144.3454,21.9892,214.5390,-10.4441,-15.0862,3.6015,0.7665,0.0200,-0.6419,0.9980,63,3.707835,0.5565,0.2199
BiancaGolden_GrandPlies,-144.1831,22.5803,214.4987,-10.3366,-15.2327,3.2534,0.7633,0.0088,-0.6460,0.9980,63,3.720938,0.5582,0.2258
BiancaGolden_GrandPlies,-144.0298,23.2008,214.4659,-10.2643,-15.4365,2.9360,0.7618,0.0031,-0.6478,0.9980,64,3.734453,0.5597,0.2320
BiancaGolden_GrandPlies,-143.8720,23.8520,214.4164,-10.0802,-15.5780,2.6104,0.7539,-0.0031,-0.6570,0.9980,64,3.747934,0.5613,0.2385
BiancaGolden_GrandPlies,-143.7305,24.5197,214.3606,-9.8622,-15.6420,2.2999,0.7543,-0.0059,-0.6565,0.9980,65,3.763562,0.5627,0.2452
BiancaGolden_GrandPlies,-143.6012,25.2597,214.2768,-9.7015,-15.6540,1.9085,0.7541,-0.0121,-0.6567,0.9980,65,3.777807,0.5640,0.2526
BiancaGolden_GrandPlies,-143.4630,26.0185,214.1818,-9.6018,-15.6479,1.4895,0.7542,-0.0157,-0.6565,0.9980,66,3.791276,0.5654,0.2602
BiancaGolden_GrandPlies,-143.3143,26.8283,214.1319,-9.5895,-15.6659,1.0013,0.7514,-0.0202,-0.6595,0.9980,66,3.804823,0.5669,0.2683
BiancaGolden_GrandPlies,-143.1491,27.6500,214.0975,-9.5525,-15.7168,0.5587,0.7496,-0.0214,-0.6616,0.9980,66,3.819436,0.5685,0.2765
BiancaGolden_GrandPlies,-142.9360,28.4763,214.0623,-9.4739,-15.6963,0.0506,0.7502,-0.0302,-0.6605,0.9980,67,3.832687,0.5706,0.2848
BiancaGolden_GrandPlies,-142.6810,29.3108,214.0229,-9.2869,-15.6115,-0.5583,0.7513,-0.0353,-0.6590,0.9980,67,3.845668,0.5732,0.2931
BiancaGolden_GrandPlies,-142.4329,30.1824,213.9638,-9.0985,-15.4905,-1.2324,0.7523,-0.0439,-0.6574,0.9980,68,3.861019,0.5757,0.3018
BiancaGolden_GrandPlies,-142.2163,31.1121,213.8464,-8.9453,-15.4045,-2.0629,0.7521,-0.0552,-0.6567,0.9980,68,3.875378,0.5778,0.3111
BiancaGolden_GrandPlies,-142.0012,32.0398,213.6806,-8.7883,-15.3563,-2.8291,0.7495,-0.0615,-0.6591,0.9980,69,3.889036,0.5800,0.3204
BiancaGolden_GrandPlies,-141.7897,33.0085,213.4599,-8.5474,-15.4013,-3.7231,0.7490,-0.0634,-0.6595,0.9980,69,3.901893,0.5821,0.3301
BiancaGolden_GrandPlies,-141.5755,33.9700,213.2550,-8.3611,-15.4410,-4.5176,0.7393,-0.0724,-0.6695,0.9980,69,3.916011,0.5842,0.3397
BiancaGolden_GrandPlies,-141.3432,34.9967,213.1028,-8.3384,-15.8163,-5.4087,0.7323,-0.0820,-0.6760,0.9980,70,3.930314,0.5866,0.3500
BiancaGolden_GrandPlies,-141.0640,36.0170,213.0373,-8.3821,-16.2780,-6.2284,0.7259,-0.0828,-0.6828,0.9980,70,3.943776,0.5894,0.3602
BiancaGolden_GrandPlies,-140.7754,37.0805,212.9929,-8.5441,-16.6411,-7.1356,0.7174,-0.0857,-0.6914,0.9980,71,3.957928,0.5922,0.3708
BiancaGolden_GrandPlies,-140.5434,38.1687,212.7627,-8.7596,-16.9636,-7.9942,0.7159,-0.0787,-0.6938,0.9980,71,3.971523,0.5946,0.3817
BiancaGolden_GrandPlies,-140.3545,39.2534,212.4804,-8.7198,-17.2547,-8.7702,0.7105,-0.0871,-0.6983,0.9980,71,3.986734,0.5965,0.3925
BiancaGolden_GrandPlies,-140.2072,40.3271,212.2590,-8.4883,-17.6338,-9.3869,0.7038,-0.0946,-0.7041,0.9980,72,4.000546,0.5979,0.4033
BiancaGolden_GrandPlies,-140.0401,41.3917,212.1558,-8.2705,-18.0934,-9.9333,0.6999,-0.0905,-0.7085,0.9980,72,4.013357,0.5996,0.4139
BiancaGolden_GrandPlies,-139.8428,42.4632,212.1779,-8.1764,-18.4418,-10.3790,0.7066,-0.0913,-0.7017,0.9980,73,4.027556,0.6016,0.4246
BiancaGolden_GrandPlies,-139.6564,43.4975,212.1754,-8.1996,-18.4891,-10.6899,0.7120,-0.0888,-0.6965,0.9980,73,4.041379,0.6034,0.4350
BiancaGolden_GrandPlies,-139.4977,44.5002,212.2474,-8.2206,-18.6448,-11.0169,0.7182,-0.0805,-0.6912,0.9980,74,4.056276,0.6050,0.4450
BiancaGolden_GrandPlies,-139.4274,45.4367,212.3058,-8.1211,-18.6516,-11.2943,0.7179,-0.0875,-0.6907,0.9980,74,4.070304,0.6057,0.4544
BiancaGolden_GrandPlies,-139.3815,46.3626,212.3667,-7.8033,-18.6201,-11.6627,0.7189,-0.0959,-0.6885,0.9980,74,4.083911,0.6062,0.4636
BiancaGolden_GrandPlies,-139.3898,47.1994,212.5138,-7.1950,-18.3921,-11.9406,0.7203,-0.1040,-0.6858,0.9980,75,4.097214,0.6061,0.4720
BiancaGolden_GrandPlies,-139.4423,48.0030,212.7152,-6.5881,-18.1369,-12.1921,0.7238,-0.1066,-0.6817,0.9980,75,4.110593,0.6056,0.4800
BiancaGolden_GrandPlies,-139.5767,48.7995,212.9266,-6.0571,-17.9428,-12.3602,0.7243,-0.1105,-0.6806,0.9980,76,4.125613,0.6042,0.4880
BiancaGolden_GrandPlies,-139.8083,49.6175,213.1398,-5.6998,-17.8501,-12.5478,0.7256,-0.1099,-0.6793,0.9980,76,4.139031,0.6019,0.4962
BiancaGolden_GrandPlies,-140.0194,50.3953,213.3421,-5.4647,-17.7729,-12.7409,0.7247,-0.1152,-0.6793,0.9980,77,4.157240,0.5998,0.5040
BiancaGolden_GrandPlies,-140.2864,51.1329,213.6039,-5.2505,-17.7186,-12.9765,0.7247,-0.1209,-0.6784,0.9980,77,4.168050,0.5971,0.5113
BiancaGolden_GrandPlies,-140.5387,51.8344,213.8743,-4.9295,-17.6254,-13.2198,0.7269,-0.1203,-0.6761,0.9980,77,4.181005,0.5946,0.5183
BiancaGolden_GrandPlies,-140.8281,52.4975,214.1214,-4.5424,-17.4185,-13.4894,0.7301,-0.1181,-0.6731,0.9980,78,4.194889,0.5917,0.5250
BiancaGolden_GrandPlies,-141.1552,53.1586,214.3152,-4.1758,-17.0319,-13.8749,0.7327,-0.1256,-0.6688,0.9980,78,4.208037,0.5884,0.5316
BiancaGolden_GrandPlies,-141.5199,53.8068,214.4760,-3.8766,-16.6515,-14.2139,0.7367,-0.1350,-0.6626,0.9980,79,4.222843,0.5848,0.5381
BiancaGolden_GrandPlies,-141.9185,54.4530,214.5888,-3.6580,-16.2420,-14.5357,0.7392,-0.1407,-0.6586,0.9980,79,4.236420,0.5808,0.5445
BiancaGolden_GrandPlies,-142.3096,55.0948,214.7106,-3.5314,-15.9251,-14.8656,0.7406,-0.1453,-0.6561,0.9980,79,4.251344,0.5769,0.5509
BiancaGolden_GrandPlies,-142.7044,55.7119,214.8523,-3.5314,-15.7331,-15.1451,0.7377,-0.1368,-0.6611,0.9980,80,4.264532,0.5730,0.5571
BiancaGolden_GrandPlies,-143.1164,56.3076,214.9808,-3.5933,-15.5694,-15.3922,0.7392,-0.1401,-0.6587,0.9980,80,4.278100,0.5688,0.5631
BiancaGolden_GrandPlies,-143.5309,56.9084,215.0573,-3.6025,-15.3915,-15.6099,0.7341,-0.1402,-0.6644,0.9980,81,4.293574,0.5647,0.5691
BiancaGolden_GrandPlies,-143.9348,57.4781,215.0775,-3.5952,-15.2200,-15.8315,0.7344,-0.1473,-0.6625,0.9980,81,4.306688,0.5607,0.5748
BiancaGolden_GrandPlies,-144.3533,58.0266,215.1007,-3.5939,-15.0455,-16.0308,0.7353,-0.1507,-0.6608,0.9980,81,4.321397,0.5565,0.5803
BiancaGolden_GrandPlies,-144.7692,58.5439,215.0766,-3.6060,-14.9243,-16.2671,0.7217,-0.2059,-0.6609,0.9980,82,4.334293,0.5523,0.5854
BiancaGolden_GrandPlies,-145.2042,59.0479,215.0440,-3.6096,-14.8644,-16.4782,0.7209,-0.2076,-0.6612,0.9980,82,4.347740,0.5480,0.5905
BiancaGolden_GrandPlies,-145.6368,59.5523,214.9839,-3.6417,-14.8871,-16.6422,0.7159,-0.2109,-0.6656,0.9980,83,4.362796,0.5436,0.5955
BiancaGolden_GrandPlies,-146.0770,60.0474,214.9079,-3.7318,-15.0322,-16.7944,0.7136,-0.2105,-0.6682,0.9980,83,4.376461,0.5392,0.6005
BiancaGolden_GrandPlies,-146.5138,60.5250,214.8263,-3.8772,-15.2699,-16.8736,0.7047,-0.2058,-0.6790,0.9980,84,4.390845,0.5349,0.6053
BiancaGolden_GrandPlies,-146.9581,60.9809,214.7179,-4.0789,-15.4940,-16.9194,0.7024,-0.2033,-0.6822,0.9980,84,4.403825,0.5304,0.6098
BiancaGolden_GrandPlies,-147.4114,61.4051,214.5375,-4.2518,-15.7460,-16.8748,0.6995,-0.2008,-0.6858,0.9980,84,4.418324,0.5259,0.6141
BiancaGolden_GrandPlies,-147.8301,61.8043,214.4049,-4.3641,-16.0312,-16.8230,0.6989,-0.1982,-0.6872,0.9980,85,4.431717,0.5217,0.6180
BiancaGolden_GrandPlies,-148.2607,62.1931,214.2924,-4.5212,-16.3808,-16.7431,0.6974,-0.1949,-0.6897,0.9980,85,4.445304,0.5174,0.6219
BiancaGolden_GrandPlies,-148.6703,62.5619,214.1209,-4.7545,-16.7405,-16.6334,0.7018,-0.1940,-0.6854,0.9980,86,4.460645,0.5133,0.6256
BiancaGolden_GrandPlies,-149.0971,62.9055,213.8815,-4.9951,-17.0360,-16.5629,0.7008,-0.1941,-0.6865,0.9980,86,4.473787,0.5090,0.6291
BiancaGolden_GrandPlies,-149.4790,63.2105,213.6380,-5.2176,-17.3167,-16.4867,0.6953,-0.1911,-0.6928,0.9980,86,4.488129,0.5052,0.6321
BiancaGolden_GrandPlies,-149.7643,63.4025,213.5570,-5.3485,-17.8221,-16.4626,0.6920,-0.1883,-0.6969,0.9980,87,4.501435,0.5024,0.6340
BiancaGolden_GrandPlies,-149.9608,63.5396,213.6082,-5.4671,-18.1520,-16.3952,0.6992,-0.1922,-0.6886,0.9980,87,4.515450,0.5004,0.6354
BiancaGolden_GrandPlies,-150.1472,63.6733,213.7052,-5.5213,-18.2615,-16.4700,0.6968,-0.1904,-0.6915,0.9980,88,4.530644,0.4985,0.6367
BiancaGolden_GrandPlies,-150.4469,63.8390,213.6100,-5.6624,-18.5087,-16.4989,0.6940,-0.1927,-0.6937,0.9980,88,4.543931,0.4955,0.6384
BiancaGolden_GrandPlies,-150.7277,64.0250,213.4294,-5.9247,-18.6624,-16.6268,0.6989,-0.2033,-0.6857,0.9980,89,4.557996,0.4927,0.6403
BiancaGolden_GrandPlies,-151.0580,64.2235,213.3122,-6.2423,-19.0089,-16.7637,0.6944,-0.2056,-0.6896,0.9980,89,4.571975,0.4894,0.6422
BiancaGolden_GrandPlies,-151.3580,64.4423,213.1634,-6.5595,-19.3108,-16.9678,0.6900,-0.2042,-0.6944,0.9980,89,4.586051,0.4864,0.6444
BiancaGolden_GrandPlies,-151.7037,64.6783,213.0461,-6.8551,-19.7003,-17.1061,0.6918,-0.2059,-0.6921,0.9980,90,4.599144,0.4830,0.6468
BiancaGolden_GrandPlies,-152.0307,64.9427,212.9520,-7.0726,-20.0640,-17.2505,0.6932,-0.2072,-0.6904,0.9980,90,4.612549,0.4797,0.6494
BiancaGolden_GrandPlies,-152.3507,65.2077,212.9379,-7.1990,-20.4532,-17.3377,0.6960,-0.2108,-0.6864,0.9980,91,4.627949,0.4765,0.6521
BiancaGolden_GrandPlies,-152.6610,65.5075,213.0066,-7.4497,-20.8900,-17.4391,0.6973,-0.2126,-0.6845,0.9980,91,4.641471,0.4734,0.6551
BiancaGolden_GrandPlies,-152.9873,65.8251,213.0569,-7.6572,-21.2365,-17.5692,0.6947,-0.2129,-0.6871,0.9980,92,4.658760,0.4701,0.6583
BiancaGolden_GrandPlies,-153.3317,66.1691,213.0518,-7.8099,-21.4641,-17.7086,0.7038,-0.2191,-0.6757,0.9980,92,4.669838,0.4667,0.6617
BiancaGolden_GrandPlies,-153.6855,66.5619,213.0454,-7.9869,-21.6385,-17.8953,0.7070,-0.2241,-0.6707,0.9980,92,4.683997,0.4631,0.6656
BiancaGolden_GrandPlies,-154.0336,66.9914,213.0553,-8.1465,-21.7660,-18.1541,0.7115,-0.2293,-0.6642,0.9980,93,4.697149,0.4597,0.6699
BiancaGolden_GrandPlies,-154.3895,67.4397,213.0750,-8.2833,-21.8461,-18.3869,0.7097,-0.2305,-0.6658,0.9980,93,4.710397,0.4561,0.6744
BiancaGolden_GrandPlies,-154.7510,67.8893,213.1300,-8.4123,-21.9944,-18.5655,0.7122,-0.2314,-0.6628,0.9980,94,4.724792,0.4525,0.6789
BiancaGolden_GrandPlies,-155.1370,68.4240,213.1748,-8.5075,-22.0712,-18.7527,0.7168,-0.2184,-0.6622,0.9980,94,4.738436,0.4486,0.6842
BiancaGolden_GrandPlies,-155.5303,68.9876,213.1866,-8.6033,-22.1515,-18.9481,0.7167,-0.1797,-0.6738,0.9980,94,4.753088,0.4447,0.6899
BiancaGolden_GrandPlies,-155.9335,69.5619,213.2006,-8.6667,-22.2734,-19.0959,0.7150,-0.1812,-0.6752,0.9980,95,4.766489,0.4407,0.6956
BiancaGolden_GrandPlies,-156.3342,70.1402,213.2274,-8.6630,-22.3852,-19.2471,0.7141,-0.1775,-0.6772,0.9980,95,4.780372,0.4367,0.7014
BiancaGolden_GrandPlies,-156.7285,70.7570,213.2593,-8.4907,-22.4440,-19.3887,0.7149,-0.1805,-0.6756,0.9980,96,4.795094,0.4327,0.7076
BiancaGolden_GrandPlies,-157.0909,71.4045,213.3001,-8.2133,-22.3447,-19.5891,0.7203,-0.1878,-0.6678,0.9980,96,4.808445,0.4291,0.7140
BiancaGolden_GrandPlies,-157.4171,72.0533,213.3458,-7.9927,-22.1241,-19.8610,0.7228,-0.1944,-0.6632,0.9980,97,4.823225,0.4258,0.7205
BiancaGolden_GrandPlies,-157.7281,72.7268,213.3985,-7.8150,-21.7570,-20.1966,0.7270,-0.2036,-0.6557,0.9980,97,4.836182,0.4227,0.7273
BiancaGolden_GrandPlies,-158.0164,73.4309,213.4539,-7.6577,-21.2295,-20.6372,0.7336,-0.2081,-0.6469,0.9980,97,4.851466,0.4198,0.7343
BiancaGolden_GrandPlies,-158.3195,74.1982,213.4549,-7.5341,-20.6223,-21.0808,0.7363,-0.2171,-0.6409,0.9980,98,4.864069,0.4168,0.7420
BiancaGolden_GrandPlies,-158.6430,74.9965,213.3992,-7.3809,-20.1390,-21.4394,0.7361,-0.2217,-0.6395,0.9980,98,4.877926,0.4136,0.7500
BiancaGolden_GrandPlies,-159.0032,75.8719,213.3179,-7.3773,-19.8285,-21.7979,0.7353,-0.2196,-0.6412,0.9980,99,4.892796,0.4100,0.7587
BiancaGolden_GrandPlies,-159.3539,76.8095,213.2689,-7.5327,-19.8244,-22.1602,0.7333,-0.2232,-0.6422,0.9980,99,4.906207,0.4065,0.7681
BiancaGolden_GrandPlies,-159.6927,77.7833,213.2201,-7.7841,-19.9231,-22.5807,0.7309,-0.2145,-0.6479,0.9980,99,4.920678,0.4031,0.7778
BiancaGolden_GrandPlies,-160.0187,78.7921,213.2082,-8.0198,-20.2057,-22.9287,0.7261,-0.2165,-0.6526,0.9980,100,4.934282,0.3998,0.7879
BiancaGolden_GrandPlies,-160.3127,79.7796,213.2110,-8.0275,-20.3692,-23.2503,0.7207,-0.2200,-0.6573,0.9980,100,4.947470,0.3969,0.7978
BiancaGolden_GrandPlies,-160.5330,80.7992,213.2323,-7.7285,-20.4324,-23.5660,0.7182,-0.2254,-0.6583,0.9980,101,4.962633,0.3947,0.8080
BiancaGolden_GrandPlies,-160.7440,81.8375,213.2314,-7.4550,-20.2688,-23.9061,0.7209,-0.2323,-0.6530,0.9980,101,4.976213,0.3926,0.8184
BiancaGolden_GrandPlies,-160.9508,82.9636,213.1941,-7.3027,-19.9975,-24.2939,0.7222,-0.2393,-0.6490,0.9980,102,4.990254,0.3905,0.8296
BiancaGolden_GrandPlies,-161.1377,84.1175,213.1299,-7.3083,-19.6943,-24.7355,0.7229,-0.2459,-0.6457,0.9980,102,5.003881,0.3886,0.8412
BiancaGolden_GrandPlies,-161.3246,85.2920,213.0513,-7.2765,-19.4439,-25.1532,0.7266,-0.2444,-0.6421,0.9980,102,5.018497,0.3868,0.8529
BiancaGolden_GrandPlies,-161.4999,86.5196,212.9443,-7.1483,-19.2546,-25.5320,0.7290,-0.2518,-0.6365,0.9980,103,5.032006,0.3850,0.8652
BiancaGolden_GrandPlies,-161.6790,87.7583,212.8314,-6.9595,-19.1471,-25.8183,0.7228,-0.2507,-0.6440,0.9980,103,5.045305,0.3832,0.8776
BiancaGolden_GrandPlies,-161.8142,89.0112,212.7024,-6.6786,-19.1096,-26.0552,0.7228,-0.2551,-0.6423,0.9980,104,5.060182,0.3819,0.8901
BiancaGolden_GrandPlies,-161.8884,90.2437,212.5604,-6.3892,-18.9496,-26.2176,0.7264,-0.2596,-0.6364,0.9980,104,5.073764,0.3811,0.9024
BiancaGolden_GrandPlies,-161.9298,91.4552,212.4398,-6.1329,-18.6982,-26.4011,0.7312,-0.2581,-0.6315,0.9980,104,5.087832,0.3807,0.9146
BiancaGolden_GrandPlies,-161.8840,92.6118,212.3627,-5.9545,-18.2927,-26.5573,0.7368,-0.2612,-0.6237,0.9980,105,5.102127,0.3812,0.9261
BiancaGolden_GrandPlies,-161.8119,93.7605,212.3280,-5.8974,-17.8983,-26.7837,0.7415,-0.2649,-0.6164,0.9980,105,5.115154,0.3819,0.9376
BiancaGolden_GrandPlies,-161.7538,94.9010,212.2656,-5.9536,-17.3541,-27.0138,0.7440,-0.2687,-0.6118,0.9980,106,5.130112,0.3825,0.9490
BiancaGolden_GrandPlies,-161.7714,96.0319,212.1681,-5.8774,-16.9914,-27.1468,0.7415,-0.2742,-0.6123,0.9980,106,5.143226,0.3823,0.9603
BiancaGolden_GrandPlies,-161.8326,97.1656,212.0188,-5.7330,-16.8075,-27.2421,0.7417,-0.2760,-0.6113,0.9980,107,5.160810,0.3817,0.9717
BiancaGolden_GrandPlies,-161.9151,98.2728,211.8621,-5.6104,-16.6768,-27.3293,0.7360,-0.2800,-0.6163,0.9980,107,5.172709,0.3808,0.9827
BiancaGolden_GrandPlies,-161.9970,99.3546,211.7244,-5.5300,-16.5907,-27.4126,0.7333,-0.2795,-0.6199,0.9980,107,5.184993,0.3800,0.9935
BiancaGolden_GrandPlies,-162.1139,100.3888,211.6685,-5.5193,-16.6309,-27.4575,0.7330,-0.2789,-0.6204,0.9980,108,5.199036,0.3789,1.0039
BiancaGolden_GrandPlies,-162.1975,101.3835,211.6709,-5.5894,-16.6677,-27.5210,0.7279,-0.2747,-0.6283,0.9980,108,5.211827,0.3780,1.0138
BiancaGolden_GrandPlies,-162.3020,102.3495,211.7364,-5.7472,-16.6773,-27.5637,0.7256,-0.2754,-0.6306,0.9980,109,5.226502,0.3770,1.0235
BiancaGolden_GrandPlies,-162.4178,103.2620,211.9057,-5.9325,-16.8601,-27.5797,0.7237,-0.2737,-0.6335,0.9980,109,5.240226,0.3758,1.0326
BiancaGolden_GrandPlies,-162.5630,104.1675,212.0859,-6.0040,-17.0881,-27.5683,0.7213,-0.2768,-0.6349,0.9980,109,5.254728,0.3744,1.0417
BiancaGolden_GrandPlies,-162.7472,105.0133,212.3752,-6.0310,-17.4942,-27.4129,0.7210,-0.2761,-0.6355,0.9980,110,5.267906,0.3725,1.0501
BiancaGolden_GrandPlies,-162.9391,105.8844,212.6178,-6.0818,-17.7317,-27.3077,0.7209,-0.2772,-0.6352,0.9980,110,5.281554,0.3706,1.0588
BiancaGolden_GrandPlies,-163.1753,106.6987,212.8941,-6.0517,-17.9003,-27.0797,0.7193,-0.2799,-0.6359,0.9980,111,5.296402,0.3682,1.0670
BiancaGolden_GrandPlies,-163.4310,107.5106,213.1777,-5.9792,-17.9214,-26.8360,0.7223,-0.2786,-0.6330,0.9980,111,5.309918,0.3657,1.0751
BiancaGolden_GrandPlies,-163.7190,108.2917,213.4860,-5.9259,-17.8078,-26.5559,0.7255,-0.2770,-0.6300,0.9980,112,5.324408,0.3628,1.0829
BiancaGolden_GrandPlies,-164.0345,109.0549,213.8059,-5.9537,-17.5665,-26.3473,0.7324,-0.2859,-0.6179,0.9980,112,5.338228,0.3597,1.0905
BiancaGolden_GrandPlies,-164.3390,109.7897,214.1371,-6.0888,-17.2967,-26.2311,0.7358,-0.2932,-0.6104,0.9980,112,5.353332,0.3566,1.0979
BiancaGolden_GrandPlies,-164.6134,110.4805,214.4899,-6.2531,-16.8362,-26.1847,0.7427,-0.2968,-0.6002,0.9980,113,5.365768,0.3539,1.1048
BiancaGolden_GrandPlies,-164.8697,111.1282,214.8317,-6.4661,-16.0971,-26.1153,0.7518,-0.2974,-0.5885,0.9980,113,5.379625,0.3513,1.1113
BiancaGolden_GrandPlies,-165.1428,111.7775,215.1344,-6.7070,-15.3655,-25.9657,0.7632,-0.2966,-0.5741,0.9980,114,5.394455,0.3486,1.1178
BiancaGolden_GrandPlies,-165.4159,112.3819,215.3432,-7.1723,-14.3794,-25.7631,0.7720,-0.2939,-0.5636,0.9980,114,5.407789,0.3458,1.1238
BiancaGolden_GrandPlies,-165.6954,112.9864,215.5645,-7.5071,-13.7207,-25.5560,0.7804,-0.2911,-0.5534,0.9980,114,5.422107,0.3430,1.1299
BiancaGolden_GrandPlies,-165.9799,113.5228,215.6717,-7.8966,-13.1443,-25.2804,0.7840,-0.2914,-0.5482,0.9980,115,5.435752,0.3402,1.1352
BiancaGolden_GrandPlies,-166.2721,114.0163,215.7283,-8.0639,-12.7710,-24.9806,0.7869,-0.2884,-0.5455,0.9980,115,5.448915,0.3373,1.1402
BiancaGolden_GrandPlies,-166.5738,114.4660,215.7339,-8.0896,-12.5797,-24.6549,0.7818,-0.2903,-0.5518,0.9980,116,5.464137,0.3343,1.1447
BiancaGolden_GrandPlies,-166.8779,114.8737,215.7115,-7.9956,-12.4999,-24.3550,0.7686,-0.2876,-0.5715,0.9980,116,5.477559,0.3312,1.1487
BiancaGolden_GrandPlies,-167.1870,115.2307,215.6302,-7.9416,-12.6304,-24.0897,0.7672,-0.2844,-0.5748,0.9980,117,5.491961,0.3281,1.1523
BiancaGolden_GrandPlies,-167.4811,115.5539,215.5317,-8.0053,-12.8704,-23.9552,0.7553,-0.2800,-0.5925,0.9980,117,5.505108,0.3252,1.1555
BiancaGolden_GrandPlies,-167.7982,115.8424,215.4287,-8.1424,-13.1955,-23.8492,0.7454,-0.2845,-0.6028,0.9980,117,5.520664,0.3220,1.1584
BiancaGolden_GrandPlies,-168.0915,116.0639,215.3065,-8.2657,-13.7083,-23.8522,0.7373,-0.2939,-0.6083,0.9980,118,5.533642,0.3191,1.1606
BiancaGolden_GrandPlies,-168.4007,116.2715,215.1658,-8.3209,-14.1365,-23.8402,0.7302,-0.2925,-0.6175,0.9980,118,5.546968,0.3160,1.1627
BiancaGolden_GrandPlies,-168.6805,116.4234,215.0119,-8.2928,-14.6446,-23.8981,0.7263,-0.2913,-0.6226,0.9980,119,5.561382,0.3132,1.1642
BiancaGolden_GrandPlies,-168.9735,116.5616,214.8548,-8.2423,-15.0085,-23.8939,0.7236,-0.2925,-0.6252,0.9980,119,5.575051,0.3103,1.1656
BiancaGolden_GrandPlies,-169.2549,116.6942,214.7010,-8.1883,-15.3373,-23.8962,0.7164,-0.2998,-0.6300,0.9980,120,5.590569,0.3075,1.1669
BiancaGolden_GrandPlies,-169.4876,116.7680,214.5935,-8.0741,-15.6133,-23.9424,0.7187,-0.3080,-0.6234,0.9980,120,5.603670,0.3051,1.1677
BiancaGolden_GrandPlies,-169.7150,116.8390,214.5889,-7.9493,-15.8304,-23.9873,0.7212,-0.3173,-0.6158,0.9980,120,5.617378,0.3028,1.1684
BiancaGolden_GrandPlies,-169.9042,116.9324,214.6091,-7.8978,-15.9276,-24.1882,0.7154,-0.3804,-0.5861,0.9980,121,5.631310,0.3010,1.1693
BiancaGolden_GrandPlies,-170.1170,117.0696,214.5878,-7.9263,-15.9272,-24.4060,0.7235,-0.4017,-0.5614,0.9980,121,5.647215,0.2988,1.1707
BiancaGolden_GrandPlies,-170.2718,117.2073,214.6529,-7.9362,-15.9638,-24.7143,0.7231,-0.4056,-0.5591,0.9980,122,5.659978,0.2973,1.1721
BiancaGolden_GrandPlies,-170.4130,117.3225,214.7618,-7.8275,-15.8110,-24.9304,0.7256,-0.4131,-0.5503,0.9980,122,5.672685,0.2959,1.1732
BiancaGolden_GrandPlies,-170.5785,117.5742,214.7615,-7.8029,-15.4767,-25.2741,0.7243,-0.4178,-0.5485,0.9980,122,5.687418,0.2942,1.1757
BiancaGolden_GrandPlies,-170.7705,117.8552,214.7102,-7.9103,-15.3410,-25.5893,0.7231,-0.4181,-0.5498,0.9980,123,5.700284,0.2923,1.1786
BiancaGolden_GrandPlies,-170.9270,118.2349,214.7600,-8.2363,-15.3869,-25.9578,0.7204,-0.4227,-0.5498,0.9980,123,5.713481,0.2907,1.1823
BiancaGolden_GrandPlies,-171.0567,118.5874,214.9578,-8.5857,-15.5578,-26.4128,0.7168,-0.4270,-0.5512,0.9980,124,5.728240,0.2894,1.1859
BiancaGolden_GrandPlies,-171.1714,118.9614,215.1682,-8.6954,-15.6446,-26.8238,0.7200,-0.4303,-0.5445,0.9980,124,5.742180,0.2883,1.1896
BiancaGolden_GrandPlies,-171.2767,119.3958,215.2823,-8.6826,-15.5860,-27.3006,0.7215,-0.4310,-0.5420,0.9980,125,5.756157,0.2872,1.1940
BiancaGolden_GrandPlies,-171.3952,119.9084,215.3267,-8.6112,-15.4495,-27.7712,0.7196,-0.4313,-0.5442,0.9980,125,5.769628,0.2860,1.1991
BiancaGolden_GrandPlies,-171.4973,120.4375,215.3943,-8.4634,-15.3920,-28.1904,0.7178,-0.4389,-0.5405,0.9980,125,5.784968,0.2850,1.2044
BiancaGolden_GrandPlies,-171.6000,121.0504,215.4234,-8.1642,-15.2087,-28.6125,0.7196,-0.4454,-0.5328,0.9980,126,5.797946,0.2840,1.2105
BiancaGolden_GrandPlies,-171.7057,121.6703,215.4644,-7.7631,-15.0482,-28.9600,0.7266,-0.4417,-0.5262,0.9980,126,5.811216,0.2829,1.2167
BiancaGolden_GrandPlies,-171.8084,122.3133,215.5033,-7.4605,-14.9712,-29.3152,0.7235,-0.4475,-0.5256,0.9980,127,5.826685,0.2819,1.2231
BiancaGolden_GrandPlies,-171.9267,122.9930,215.5303,-7.0986,-14.9640,-29.6068,0.7259,-0.4476,-0.5222,0.9980,127,5.839960,0.2807,1.2299
BiancaGolden_GrandPlies,-172.0397,123.7207,215.5148,-6.7041,-15.0085,-29.9650,0.7235,-0.4510,-0.5226,0.9980,127,5.854251,0.2796,1.2372
BiancaGolden_GrandPlies,-172.1485,124.4567,215.4688,-6.3637,-15.0514,-30.3164,0.7217,-0.4490,-0.5268,0.9980,128,5.867720,0.2785,1.2446
BiancaGolden_GrandPlies,-172.2445,125.2304,215.4124,-6.1146,-15.1372,-30.7381,0.7188,-0.4504,-0.5296,0.9980,128,5.881042,0.2776,1.2523
BiancaGolden_GrandPlies,-172.3299,125.9696,215.3860,-5.9001,-15.2261,-31.2118,0.7140,-0.4590,-0.5287,0.9980,129,5.895711,0.2767,1.2597
BiancaGolden_GrandPlies,-172.3645,126.7276,215.3653,-5.7132,-15.1724,-31.8106,0.7118,-0.4624,-0.5287,0.9980,129,5.909446,0.2764,1.2673
BiancaGolden_GrandPlies,-172.3596,127.5143,215.3568,-5.6794,-15.1352,-32.4644,0.7117,-0.4666,-0.5252,0.9980,130,5.924131,0.2764,1.2751
BiancaGolden_GrandPlies,-172.3042,128.2501,215.3465,-5.5820,-14.9318,-33.1125,0.7107,-0.4701,-0.5233,0.9980,130,5.937270,0.2770,1.2825
BiancaGolden_GrandPlies,-172.2406,129.0085,215.3189,-5.3898,-14.7014,-33.7667,0.7061,-0.4795,-0.5211,0.9980,130,5.951927,0.2776,1.2901
BiancaGolden_GrandPlies,-172.1603,129.7680,215.2894,-5.3263,-14.5333,-34.4475,0.7031,-0.4870,-0.5183,0.9980,131,5.965208,0.2784,1.2977
BiancaGolden_GrandPlies,-172.0566,130.5515,215.2166,-5.3565,-14.3967,-35.1832,0.7014,-0.4893,-0.5182,0.9980,131,5.979244,0.2794,1.3055
BiancaGolden_GrandPlies,-171.9440,131.3496,215.0793,-5.5419,-14.4481,-35.9437,0.6947,-0.4977,-0.5193,0.9980,132,5.993886,0.2806,1.3135
BiancaGolden_GrandPlies,-171.7884,132.1511,214.9343,-5.8137,-14.5222,-36.7500,0.6965,-0.4936,-0.5209,0.9980,132,6.007228,0.2821,1.3215
BiancaGolden_GrandPlies,-171.6364,132.9321,214.8058,-6.4029,-14.7076,-37.5950,0.6892,-0.5020,-0.5225,0.9980,132,6.022258,0.2836,1.3293
BiancaGolden_GrandPlies,-171.4297,133.6574,214.7196,-7.2016,-14.8497,-38.6097,0.6783,-0.5349,-0.5038,0.9980,133,6.035016,0.2857,1.3366
BiancaGolden_GrandPlies,-171.2365,134.3401,214.6542,-8.0937,-14.8850,-39.7294,0.6778,-0.5576,-0.4792,0.9980,133,6.048522,0.2876,1.3434
BiancaGolden_GrandPlies,-171.0103,134.9896,214.5626,-9.0811,-14.8439,-40.9107,0.6776,-0.5695,-0.4654,0.9980,134,6.063350,0.2899,1.3499
BiancaGolden_GrandPlies,-170.7943,135.6863,214.4007,-9.8085,-14.6514,-42.0053,0.6707,-0.5792,-0.4633,0.9980,134,6.077048,0.2921,1.3569
BiancaGolden_GrandPlies,-170.5941,136.4336,214.1954,-10.6253,-14.5469,-42.9677,0.6765,-0.5828,-0.4501,0.9980,135,6.091413,0.2941,1.3643
BiancaGolden_GrandPlies,-170.3876,137.2259,213.9641,-11.3740,-14.5487,-43.8434,0.6763,-0.5854,-0.4470,0.9980,135,6.105354,0.2961,1.3723
BiancaGolden_GrandPlies,-170.1577,137.9928,213.8020,-11.9798,-14.7032,-44.5090,0.6836,-0.5766,-0.4475,0.9980,135,6.119161,0.2984,1.3799
BiancaGolden_GrandPlies,-169.8245,138.6471,213.9107,-12.5119,-14.9657,-45.0192,0.6874,-0.5712,-0.4486,0.9980,136,6.132506,0.3018,1.3865
BiancaGolden_GrandPlies,-169.4266,139.1245,214.4687,-12.6871,-15.2983,-45.3902,0.6919,-0.5738,-0.4382,0.9980,136,6.150112,0.3057,1.3912
BiancaGolden_GrandPlies,-169.0029,139.6335,214.8058,-12.8586,-14.7088,-45.9218,0.6918,-0.5827,-0.4263,0.9980,137,6.162942,0.3100,1.3963
BiancaGolden_GrandPlies,-168.7073,140.2622,214.8492,-12.6569,-13.9899,-46.2766,0.6930,-0.5818,-0.4259,0.9980,137,6.174044,0.3129,1.4026
BiancaGolden_GrandPlies,-168.3822,141.0002,214.7301,-12.3461,-13.5544,-46.6695,0.6946,-0.5806,-0.4248,0.9980,138,6.189116,0.3162,1.4100
BiancaGolden_GrandPlies,-168.0364,141.6344,214.7490,-12.0169,-13.3697,-46.8807,0.6969,-0.5762,-0.4270,0.9980,138,6.201820,0.3196,1.4163
BiancaGolden_GrandPlies,-167.7096,142.1669,215.0510,-11.5095,-13.4680,-46.8764,0.6991,-0.5701,-0.4316,0.9980,138,6.216699,0.3229,1.4217
BiancaGolden_GrandPlies,-167.3533,142.6031,215.4359,-10.8738,-13.4514,-46.7588,0.7049,-0.5644,-0.4296,0.9980,139,6.232224,0.3265,1.4260
BiancaGolden_GrandPlies,-167.0029,142.9890,215.8006,-10.1018,-13.3116,-46.5057,0.7070,-0.5637,-0.4271,0.9980,139,6.244591,0.3300,1.4299
BiancaGolden_GrandPlies,-166.6681,143.4512,216.0107,-9.3398,-13.0478,-46.2028,0.7140,-0.5565,-0.4249,0.9980,140,6.257946,0.3333,1.4345
BiancaGolden_GrandPlies,-166.3552,143.9109,216.1540,-8.7894,-12.8539,-45.9313,0.7158,-0.5496,-0.4308,0.9980,140,6.271551,0.3364,1.4391
BiancaGolden_GrandPlies,-166.0796,144.3807,216.2413,-8.3446,-12.7232,-45.6048,0.7161,-0.5488,-0.4313,0.9980,140,6.285723,0.3392,1.4438
BiancaGolden_GrandPlies,-165.7881,144.8045,216.3440,-8.0487,-12.6853,-45.3532,0.7185,-0.5433,-0.4342,0.9980,141,6.299352,0.3421,1.4480
BiancaGolden_GrandPlies,-165.5265,145.2018,216.4227,-7.8065,-12.6350,-45.1220,0.7154,-0.5438,-0.4387,0.9980,141,6.312741,0.3447,1.4520
BiancaGolden_GrandPlies,-165.2942,145.5637,216.4989,-7.5388,-12.5814,-44.9169,0.7172,-0.5416,-0.4385,0.9980,142,6.327524,0.3471,1.4556
BiancaGolden_GrandPlies,-165.0699,145.8986,216.5752,-7.1267,-12.5161,-44.6216,0.7165,-0.5368,-0.4454,0.9980,142,6.340982,0.3493,1.4590
BiancaGolden_GrandPlies,-164.8294,146.2142,216.6098,-6.6600,-12.4175,-44.2663,0.7164,-0.5374,-0.4449,0.9980,143,6.355859,0.3517,1.4621
BiancaGolden_GrandPlies,-164.6178,146.5404,216.6109,-6.2273,-12.2670,-43.7588,0.7154,-0.5363,-0.4479,0.9980,143,6.369376,0.3538,1.4654
BiancaGolden_GrandPlies,-164.3900,146.8767,216.6060,-5.8842,-12.1818,-43.0446,0.7237,-0.5249,-0.4480,0.9980,143,6.383943,0.3561,1.4688
BiancaGolden_GrandPlies,-164.1680,147.2127,216.5928,-5.6394,-12.0795,-42.0727,0.7371,-0.5074,-0.4463,0.9980,144,6.397196,0.3583,1.4721
BiancaGolden_GrandPlies,-163.9177,147.5703,216.5593,-5.6556,-11.9744,-40.6613,0.7878,-0.4258,-0.4450,0.9980,144,6.410559,0.3608,1.4757
BiancaGolden_GrandPlies,-163.6542,147.9531,216.5312,-5.9001,-11.8832,-39.2132,0.8437,-0.3008,-0.4446,0.9980,145,6.425791,0.3635,1.4795
BiancaGolden_GrandPlies,-163.3887,148.4024,216.4814,-6.3748,-11.8988,-37.3637,0.8784,-0.1996,-0.4342,0.9980,145,6.438945,0.3661,1.4840
BiancaGolden_GrandPlies,-163.1438,148.8550,216.3829,-6.6362,-11.9439,-35.2010,0.8936,-0.0816,-0.4414,0.9980,145,6.453469,0.3686,1.4885
BiancaGolden_GrandPlies,-162.9184,149.3146,216.2592,-6.7248,-12.0049,-32.6419,0.8863,0.0084,-0.4630,0.9980,146,6.466731,0.3708,1.4931
BiancaGolden_GrandPlies,-162.7129,149.7517,216.1745,-6.8583,-12.0997,-30.0249,0.8809,0.0919,-0.4642,0.9980,146,6.480296,0.3729,1.4975
BiancaGolden_GrandPlies,-162.5265,150.1906,216.0982,-7.1549,-12.1229,-27.5286,0.8781,0.1300,-0.4605,0.9980,147,6.495154,0.3747,1.5019
BiancaGolden_GrandPlies,-162.3921,150.6537,216.0238,-7.5731,-12.1000,-25.1197,0.8626,0.1761,-0.4743,0.9980,147,6.508450,0.3761,1.5065
BiancaGolden_GrandPlies,-162.2864,151.0857,216.0379,-8.0430,-12.1197,-22.7521,0.8452,0.2208,-0.4868,0.9980,148,6.522972,0.3771,1.5109
BiancaGolden_GrandPlies,-162.2078,151.5200,216.0949,-8.6501,-12.0277,-20.5733,0.8276,0.2498,-0.5027,0.9980,148,6.536577,0.3779,1.5152
BiancaGolden_GrandPlies,-162.1912,151.9107,216.1029,-9.1052,-11.8703,-18.5128,0.8174,0.2504,-0.5187,0.9980,148,6.551281,0.3781,1.5191
BiancaGolden_GrandPlies,-162.1871,152.3030,216.0741,-9.3833,-11.6228,-16.6487,0.8119,0.2748,-0.5151,0.9980,149,6.564351,0.3781,1.5230
BiancaGolden_GrandPlies,-162.1703,152.6870,216.0508,-9.5869,-11.4644,-14.9868,0.8128,0.2640,-0.5194,0.9980,149,6.577886,0.3783,1.5269
BiancaGolden_GrandPlies,-162.1366,152.9641,216.1384,-9.6381,-11.2793,-13.4294,0.8226,0.2455,-0.5128,0.9980,150,6.592659,0.3786,1.5296
BiancaGolden_GrandPlies,-162.1260,153.2428,216.2585,-9.6794,-11.0511,-12.1357,0.8263,0.2260,-0.5159,0.9980,150,6.606035,0.3787,1.5324
BiancaGolden_GrandPlies,-162.1561,153.5884,216.1956,-9.9130,-10.8312,-11.3577,0.8330,0.1895,-0.5198,0.9980,150,6.621390,0.3784,1.5359
BiancaGolden_GrandPlies,-162.1923,153.9435,216.0497,-10.3827,-10.8110,-10.8599,0.8350,0.1632,-0.5255,0.9980,151,6.634631,0.3781,1.5394
BiancaGolden_GrandPlies,-162.2092,154.2993,215.9595,-10.8315,-10.9612,-10.4449,0.8332,0.1469,-0.5331,0.9980,151,6.652806,0.3779,1.5430
BiancaGolden_GrandPlies,-162.2052,154.6036,215.9626,-11.1406,-11.2928,-10.1950,0.8301,0.1508,-0.5369,0.9980,152,6.662284,0.3779,1.5460
BiancaGolden_GrandPlies,-162.1549,154.9155,216.0200,-11.3968,-11.6557,-10.0770,0.8269,0.1414,-0.5443,0.9980,152,6.676678,0.3785,1.5492
BiancaGolden_GrandPlies,-162.0809,155.2627,216.0484,-11.7012,-11.9751,-10.0279,0.8245,0.1070,-0.5557,0.9980,153,6.692092,0.3792,1.5526
BiancaGolden_GrandPlies,-162.0024,155.6228,216.0236,-11.9296,-12.2207,-10.0860,0.8246,0.0853,-0.5593,0.9980,153,6.704339,0.3800,1.5562
BiancaGolden_GrandPlies,-161.9210,155.9843,215.9965,-12.0015,-12.4068,-10.0598,0.8241,0.0782,-0.5610,0.9980,153,6.719648,0.3808,1.5598
BiancaGolden_GrandPlies,-161.7940,156.3440,216.0001,-11.8801,-12.5467,-10.0719,0.8244,0.0622,-0.5627,0.9980,154,6.731903,0.3821,1.5634
BiancaGolden_GrandPlies,-161.6353,156.7068,216.0263,-11.6575,-12.5627,-10.1383,0.8249,0.0568,-0.5624,0.9980,154,6.744346,0.3836,1.5671
BiancaGolden_GrandPlies,-161.4343,157.0652,216.0699,-11.3497,-12.4674,-10.3615,0.8266,0.0463,-0.5609,0.9980,155,6.758814,0.3857,1.5707
BiancaGolden_GrandPlies,-161.2239,157.4343,216.0935,-11.0677,-12.3490,-10.5936,0.8289,0.0292,-0.5586,0.9980,155,6.772410,0.3878,1.5743
BiancaGolden_GrandPlies,-160.9869,157.8230,216.1132,-10.7974,-12.1811,-10.8709,0.8281,0.0209,-0.5602,0.9980,155,6.786617,0.3901,1.5782
BiancaGolden_GrandPlies,-160.7394,158.2565,216.0922,-10.5670,-12.0216,-11.1744,0.8312,0.0075,-0.5560,0.9980,156,6.800169,0.3926,1.5826
BiancaGolden_GrandPlies,-160.4592,158.6817,216.0614,-10.2900,-11.8988,-11.3867,0.8277,0.0034,-0.5612,0.9980,156,6.813496,0.3954,1.5868
BiancaGolden_GrandPlies,-160.1783,159.1023,216.0303,-9.8967,-11.8173,-11.5529,0.8270,-0.0009,-0.5623,0.9980,157,6.828297,0.3982,1.5910
BiancaGolden_GrandPlies,-159.8804,159.5335,216.0089,-9.5587,-11.8304,-11.7152,0.8278,-0.0068,-0.5610,0.9980,157,6.842091,0.4012,1.5953
BiancaGolden_GrandPlies,-159.5576,159.9616,215.9928,-9.3729,-11.9581,-11.9788,0.8266,-0.0119,-0.5627,0.9980,158,6.856060,0.4044,1.5996
BiancaGolden_GrandPlies,-159.2157,160.3953,215.9706,-9.1984,-12.0530,-12.3315,0.8266,-0.0200,-0.5624,0.9980,158,6.869440,0.4078,1.6040
BiancaGolden_GrandPlies,-158.8348,160.8001,215.9512,-8.9895,-12.0863,-12.8177,0.8283,-0.0224,-0.5599,0.9980,158,6.883896,0.4117,1.6080
BiancaGolden_GrandPlies,-158.4340,161.1853,215.9139,-8.5957,-11.9838,-13.4314,0.8280,-0.0353,-0.5596,0.9980,159,6.897221,0.4157,1.6119
BiancaGolden_GrandPlies,-157.9966,161.5706,215.8713,-8.1070,-11.8513,-14.1575,0.8239,-0.0457,-0.5649,0.9980,159,6.910764,0.4200,1.6157
BiancaGolden_GrandPlies,-157.5675,161.9883,215.8167,-7.7416,-11.6649,-14.9406,0.8244,-0.0602,-0.5628,0.9980,160,6.926536,0.4243,1.6199
BiancaGolden_GrandPlies,-157.1023,162.4090,215.7579,-7.3702,-11.4612,-15.8668,0.8244,-0.0790,-0.5605,0.9980,160,6.939090,0.4290,1.6241
BiancaGolden_GrandPlies,-156.6133,162.8294,215.6956,-7.0469,-11.2567,-16.8548,0.8223,-0.1588,-0.5465,0.9980,160,6.953655,0.4339,1.6283
BiancaGolden_GrandPlies,-156.1352,163.2605,215.6543,-6.7717,-11.1013,-17.8376,0.8006,-0.2655,-0.5372,0.9980,161,6.967674,0.4386,1.6326
BiancaGolden_GrandPlies,-155.5900,163.6553,215.6225,-6.4582,-10.9634,-18.9220,0.7668,-0.3729,-0.5225,0.9980,161,6.980467,0.4441,1.6366
BiancaGolden_GrandPlies,-155.0116,164.0498,215.6200,-6.1059,-10.8637,-19.9908,0.7594,-0.3895,-0.5211,0.9980,162,6.995109,0.4499,1.6405
BiancaGolden_GrandPlies,-154.3768,164.4250,215.6806,-5.8368,-10.7971,-21.1021,0.7212,-0.4818,-0.4978,0.9980,162,7.008886,0.4562,1.6443
BiancaGolden_GrandPlies,-153.6892,164.7166,215.9061,-5.5616,-10.9131,-22.1564,0.6782,-0.5589,-0.4771,0.9980,163,7.023345,0.4631,1.6472
BiancaGolden_GrandPlies,-152.9458,165.0303,216.1358,-5.4285,-10.7586,-23.3561,0.6210,-0.6239,-0.4744,0.9980,163,7.036358,0.4705,1.6503
BiancaGolden_GrandPlies,-152.2324,165.3848,216.2150,-5.3040,-10.4034,-24.5628,0.6092,-0.6357,-0.4740,0.9980,163,7.050856,0.4777,1.6538
BiancaGolden_GrandPlies,-151.5807,165.7627,216.1053,-5.1060,-10.0877,-25.6584,0.5989,-0.6490,-0.4692,0.9980,164,7.064459,0.4842,1.6576
BiancaGolden_GrandPlies,-150.9321,166.0994,215.9918,-4.7470,-9.8622,-26.6474,0.5949,-0.6524,-0.4695,0.9980,164,7.078094,0.4907,1.6610
BiancaGolden_GrandPlies,-150.3083,166.4388,215.9065,-4.3558,-9.8228,-27.6536,0.5990,-0.6475,-0.4711,0.9980,165,7.092845,0.4969,1.6644
BiancaGolden_GrandPlies,-149.7098,166.7404,215.8790,-4.0906,-10.0035,-28.6361,0.5951,-0.6456,-0.4786,0.9980,165,7.106446,0.5029,1.6674
BiancaGolden_GrandPlies,-149.0983,167.0545,215.8673,-3.9088,-10.2318,-29.6114,0.5989,-0.6404,-0.4809,0.9980,165,7.121143,0.5090,1.6705
BiancaGolden_GrandPlies,-148.4945,167.3650,215.8557,-3.7661,-10.4027,-30.5253,0.5978,-0.6351,-0.4892,0.9980,166,7.134291,0.5151,1.6736
BiancaGolden_GrandPlies,-147.9294,167.6854,215.7995,-3.6880,-10.6406,-31.3545,0.5997,-0.6260,-0.4985,0.9980,166,7.150898,0.5207,1.6769
BiancaGolden_GrandPlies,-147.3932,168.0096,215.7096,-3.6010,-10.8901,-32.1388,0.5891,-0.6328,-0.5025,0.9980,167,7.163239,0.5261,1.6801
BiancaGolden_GrandPlies,-146.8753,168.3089,215.6632,-3.4946,-11.1927,-32.8749,0.5936,-0.6235,-0.5088,0.9980,167,7.176548,0.5312,1.6831
BiancaGolden_GrandPlies,-146.3180,168.5780,215.6592,-3.3464,-11.3723,-33.5674,0.5983,-0.6197,-0.5079,0.9980,168,7.190918,0.5368,1.6858
BiancaGolden_GrandPlies,-145.7934,168.8292,215.6576,-3.1808,-11.3687,-34.1589,0.6051,-0.6145,-0.5063,0.9980,168,7.204751,0.5421,1.6883
BiancaGolden_GrandPlies,-145.2653,169.0788,215.6835,-3.0619,-11.3324,-34.7314,0.6073,-0.6142,-0.5038,0.9980,168,7.218478,0.5473,1.6908
BiancaGolden_GrandPlies,-144.7758,169.3006,215.7466,-2.9025,-11.3097,-35.2165,0.6029,-0.6190,-0.5033,0.9980,169,7.232105,0.5522,1.6930
BiancaGolden_GrandPlies,-144.3373,169.5024,215.8087,-2.6256,-11.3254,-35.5483,0.6106,-0.6109,-0.5040,0.9980,169,7.245366,0.5566,1.6950
BiancaGolden_GrandPlies,-143.9230,169.6956,215.8687,-2.3198,-11.4273,-35.8651,0.6127,-0.6083,-0.5046,0.9980,170,7.260427,0.5608,1.6970
BiancaGolden_GrandPlies,-143.5694,169.8660,215.9041,-2.0042,-11.6324,-36.1497,0.6121,-0.6052,-0.5090,0.9980,170,7.274273,0.5643,1.6987
BiancaGolden_GrandPlies,-143.2234,170.0179,215.9548,-1.7038,-11.8447,-36.4836,0.6188,-0.5965,-0.5111,0.9980,170,7.288410,0.5678,1.7002
BiancaGolden_GrandPlies,-142.9009,170.1347,216.0393,-1.4285,-11.9756,-36.7845,0.6275,-0.5846,-0.5143,0.9980,171,7.301937,0.5710,1.7013
BiancaGolden_GrandPlies,-142.5747,170.2445,216.1600,-1.2814,-11.9704,-37.1224,0.6250,-0.5894,-0.5119,0.9980,171,7.315631,0.5743,1.7024
BiancaGolden_GrandPlies,-142.2738,170.3212,216.2827,-1.1750,-11.8659,-37.4396,0.6224,-0.5937,-0.5101,0.9980,172,7.330130,0.5773,1.7032
BiancaGolden_GrandPlies,-142.0187,170.4082,216.3834,-1.0693,-11.7122,-37.7393,0.6199,-0.5973,-0.5088,0.9980,172,7.344099,0.5798,1.7041
BiancaGolden_GrandPlies,-141.7984,170.4791,216.4731,-0.8817,-11.6428,-37.9820,0.6179,-0.5977,-0.5108,0.9980,173,7.358819,0.5820,1.7048
BiancaGolden_GrandPlies,-141.5966,170.5590,216.5433,-0.7635,-11.6824,-38.1748,0.6323,-0.5821,-0.5112,0.9980,173,7.371799,0.5840,1.7056
BiancaGolden_GrandPlies,-141.4056,170.6415,216.5843,-0.7130,-11.6943,-38.3039,0.6325,-0.5825,-0.5104,0.9980,173,7.386622,0.5859,1.7064
BiancaGolden_GrandPlies,-141.2314,170.7287,216.6063,-0.7485,-11.6450,-38.3544,0.6333,-0.5818,-0.5103,0.9980,174,7.399946,0.5877,1.7073
BiancaGolden_GrandPlies,-141.0564,170.8183,216.6297,-0.8472,-11.5834,-38.3615,0.6346,-0.5812,-0.5094,0.9980,174,7.413454,0.5894,1.7082
BiancaGolden_GrandPlies,-140.9199,170.8835,216.6510,-1.0048,-11.5102,-38.3031,0.6484,-0.5681,-0.5068,0.9980,175,7.428245,0.5908,1.7088
BiancaGolden_GrandPlies,-140.8250,170.9651,216.6293,-1.0944,-11.4689,-38.1854,0.6506,-0.5627,-0.5100,0.9980,175,7.441785,0.5917,1.7097
BiancaGolden_GrandPlies,-140.7373,171.0575,216.5653,-1.1626,-11.4971,-38.0778,0.6509,-0.5576,-0.5152,0.9980,176,7.456065,0.5926,1.7106
BiancaGolden_GrandPlies,-140.6842,171.1636,216.4923,-1.2662,-11.5988,-37.9215,0.6513,-0.5547,-0.5179,0.9980,176,7.469696,0.5932,1.7116
BiancaGolden_GrandPlies,-140.6208,171.2276,216.4506,-1.2751,-11.6418,-37.7544,0.6493,-0.5557,-0.5192,0.9980,176,7.484081,0.5938,1.7123
BiancaGolden_GrandPlies,-140.5842,171.2942,216.4366,-1.3196,-11.6656,-37.6126,0.6501,-0.5538,-0.5202,0.9980,177,7.497829,0.5942,1.7129
BiancaGolden_GrandPlies,-140.5528,171.3493,216.4390,-1.3869,-11.7320,-37.5034,0.6490,-0.5515,-0.5241,0.9980,177,7.511363,0.5945,1.7135
BiancaGolden_GrandPlies,-140.4898,171.3309,216.6524,-1.4691,-12.0525,-37.4022,0.6520,-0.5520,-0.5198,0.9980,178,7.526920,0.5951,1.7133
BiancaGolden_GrandPlies,-140.4419,171.3709,216.7485,-1.4912,-11.8292,-37.3154,0.6582,-0.5478,-0.5164,0.9980,178,7.540846,0.5956,1.7137
BiancaGolden_GrandPlies,-140.5055,171.4947,216.4441,-1.7163,-11.5898,-37.4076,0.6580,-0.5460,-0.5185,0.9980,178,7.553996,0.5949,1.7149
BiancaGolden_GrandPlies,-140.5270,171.4722,216.2389,-1.8084,-11.4994,-37.3688,0.6566,-0.5465,-0.5198,0.9980,179,7.567067,0.5947,1.7147
BiancaGolden_GrandPlies,-140.5416,171.4907,216.3193,-1.6703,-11.5872,-37.3950,0.6521,-0.5461,-0.5259,0.9980,179,7.580585,0.5946,1.7149
BiancaGolden_GrandPlies,-140.5465,171.4770,216.4761,-1.5444,-11.8031,-37.4026,0.6511,-0.5464,-0.5268,0.9980,180,7.595767,0.5945,1.7148
BiancaGolden_GrandPlies,-140.5041,171.5226,216.4260,-1.5156,-11.8678,-37.4444,0.6508,-0.5467,-0.5269,0.9980,180,7.608847,0.5950,1.7152
BiancaGolden_GrandPlies,-140.5108,171.5042,216.4513,-1.6113,-11.8682,-37.5375,0.6538,-0.5504,-0.5192,0.9980,181,7.623614,0.5949,1.7150
BiancaGolden_GrandPlies,-140.5126,171.4924,216.4410,-1.8437,-11.8698,-37.7141,0.6528,-0.5515,-0.5194,0.9980,181,7.637384,0.5949,1.7149
BiancaGolden_GrandPlies,-140.5030,171.4904,216.4150,-2.0540,-11.8781,-37.8856,0.6514,-0.5548,-0.5176,0.9980,181,7.654512,0.5950,1.7149
BiancaGolden_GrandPlies,-140.4718,171.4857,216.3747,-2.1427,-11.7758,-38.0571,0.6508,-0.5580,-0.5149,0.9980,182,7.665720,0.5953,1.7149
BiancaGolden_GrandPlies,-140.3432,171.4241,216.2183,-1.9928,-11.5695,-38.2094,0.6227,-0.5944,-0.5089,0.9980,182,7.680227,0.5966,1.7142
BiancaGolden_GrandPlies,-140.2487,171.3712,216.0959,-1.6984,-11.3118,-38.3156,0.6136,-0.6116,-0.4995,0.9980,183,7.694875,0.5975,1.7137
BiancaGolden_GrandPlies,-140.1088,171.3333,215.9289,-1.3339,-10.9862,-38.4109,0.6121,-0.6172,-0.4944,0.9980,183,7.708046,0.5989,1.7133
BiancaGolden_GrandPlies,-139.9201,171.3198,215.7381,-1.0630,-10.6997,-38.5464,0.6104,-0.6203,-0.4926,0.9980,184,7.722886,0.6008,1.7132
BiancaGolden_GrandPlies,-139.6566,171.3182,215.6207,-1.0015,-10.5759,-38.7677,0.6074,-0.6226,-0.4934,0.9980,184,7.735152,0.6034,1.7132
BiancaGolden_GrandPlies,-139.3890,171.3365,215.5509,-0.9997,-10.6206,-39.0104,0.6027,-0.6241,-0.4972,0.9980,184,7.749518,0.6061,1.7134
BiancaGolden_GrandPlies,-139.0963,171.3761,215.4496,-1.0699,-10.8171,-39.3053,0.5980,-0.6207,-0.5071,0.9980,185,7.763129,0.6090,1.7138
BiancaGolden_GrandPlies,-138.7940,171.4284,215.3267,-1.0961,-11.2380,-39.6011,0.5902,-0.6203,-0.5165,0.9980,185,7.776097,0.6121,1.7143
BiancaGolden_GrandPlies,-138.4273,171.5023,215.2446,-1.1006,-11.7140,-39.9079,0.5838,-0.6129,-0.5324,0.9980,186,7.790723,0.6157,1.7150
BiancaGolden_GrandPlies,-137.9921,171.6034,215.2069,-1.2379,-12.1926,-40.2671,0.5789,-0.6143,-0.5361,0.9980,186,7.804447,0.6201,1.7160
BiancaGolden_GrandPlies,-137.4873,171.7189,215.1595,-1.5100,-12.4179,-40.6689,0.5799,-0.6115,-0.5382,0.9980,186,7.818372,0.6251,1.7172
BiancaGolden_GrandPlies,-136.9423,171.8116,215.1102,-1.5799,-12.4420,-41.0491,0.5778,-0.6163,-0.5351,0.9980,187,7.831563,0.6306,1.7181
BiancaGolden_GrandPlies,-136.3436,171.9050,215.0969,-1.5017,-12.2361,-41.3578,0.5891,-0.6230,-0.5145,0.9980,187,7.844813,0.6366,1.7191
BiancaGolden_GrandPlies,-135.7168,172.0471,215.1172,-1.2943,-11.9909,-41.6378,0.5870,-0.6278,-0.5112,0.9980,188,7.859966,0.6428,1.7205
BiancaGolden_GrandPlies,-135.0908,172.2193,215.0838,-1.0358,-11.7653,-41.8614,0.5937,-0.6197,-0.5133,0.9980,188,7.873520,0.6491,1.7222
BiancaGolden_GrandPlies,-134.4608,172.4165,215.0031,-0.7533,-11.6857,-42.0871,0.5902,-0.6227,-0.5138,0.9980,188,7.888116,0.6554,1.7242
BiancaGolden_GrandPlies,-133.8491,172.6071,214.8781,-0.4280,-11.7431,-42.2652,0.5855,-0.6258,-0.5153,0.9980,189,7.901378,0.6615,1.7261
BiancaGolden_GrandPlies,-133.2306,172.8041,214.7313,-0.0677,-11.8671,-42.4904,0.5810,-0.6288,-0.5167,0.9980,189,7.914655,0.6677,1.7280
BiancaGolden_GrandPlies,-132.6052,173.0020,214.5644,0.2922,-11.9847,-42.7074,0.5810,-0.6282,-0.5175,0.9980,190,7.929457,0.6739,1.7300
BiancaGolden_GrandPlies,-131.9495,173.1855,214.4199,0.6972,-12.0622,-42.9178,0.5773,-0.6318,-0.5173,0.9980,190,7.942830,0.6805,1.7319
BiancaGolden_GrandPlies,-131.2697,173.3501,214.3284,1.0810,-12.0729,-43.1169,0.5725,-0.6333,-0.5208,0.9980,191,7.957314,0.6873,1.7335
BiancaGolden_GrandPlies,-130.5691,173.5114,214.2504,1.3789,-11.9174,-43.3024,0.5783,-0.6303,-0.5179,0.9980,191,7.971321,0.6943,1.7351
BiancaGolden_GrandPlies,-129.8409,173.6697,214.1862,1.5367,-11.6418,-43.5302,0.5775,-0.6357,-0.5122,0.9980,191,7.985693,0.7016,1.7367
BiancaGolden_GrandPlies,-129.1069,173.8470,214.1080,1.5674,-11.2599,-43.8184,0.5762,-0.6411,-0.5069,0.9980,192,7.999693,0.7089,1.7385
BiancaGolden_GrandPlies,-128.3949,174.0300,213.9851,1.5641,-10.9058,-44.1374,0.5743,-0.6395,-0.5111,0.9980,192,8.012017,0.7161,1.7403
BiancaGolden_GrandPlies,-127.6835,174.1596,213.9371,1.6567,-10.7736,-44.4486,0.5689,-0.6423,-0.5136,0.9980,193,8.026539,0.7232,1.7416
BiancaGolden_GrandPlies,-126.8678,174.1772,214.2669,1.7240,-10.7266,-44.8182,0.5679,-0.6473,-0.5084,0.9980,193,8.040302,0.7313,1.7418
BiancaGolden_GrandPlies,-126.0506,174.2169,214.5353,1.6892,-10.3367,-45.3209,0.5686,-0.6496,-0.5047,0.9980,193,8.055123,0.7395,1.7422
BiancaGolden_GrandPlies,-125.3517,174.3171,214.5495,1.7852,-9.9048,-45.6962,0.5660,-0.6479,-0.5098,0.9980,194,8.068236,0.7465,1.7432
BiancaGolden_GrandPlies,-124.6597,174.4253,214.4913,1.9418,-9.6250,-46.1063,0.5628,-0.6499,-0.5107,0.9980,194,8.081223,0.7534,1.7443
BiancaGolden_GrandPlies,-124.0184,174.5409,214.5270,2.0430,-9.6913,-46.3129,0.5576,-0.6413,-0.5271,0.9980,195,8.096302,0.7598,1.7454
BiancaGolden_GrandPlies,-123.3460,174.6163,214.6927,2.0837,-9.9321,-46.6005,0.5513,-0.6392,-0.5361,0.9980,195,8.109664,0.7665,1.7462
BiancaGolden_GrandPlies,-122.6861,174.6494,214.9252,2.1682,-10.0736,-46.7686,0.5498,-0.6417,-0.5348,0.9980,196,8.124025,0.7731,1.7465
BiancaGolden_GrandPlies,-122.0163,174.6409,215.1455,2.2091,-9.9839,-46.9370,0.5483,-0.6445,-0.5329,0.9980,196,8.137984,0.7798,1.7464
BiancaGolden_GrandPlies,-121.3510,174.6114,215.3094,2.2070,-9.7299,-47.1410,0.5528,-0.6409,-0.5327,0.9980,196,8.155416,0.7865,1.7461
BiancaGolden_GrandPlies,-120.7098,174.5273,215.4898,2.2330,-9.3139,-47.3597,0.5522,-0.6461,-0.5269,0.9980,197,8.165871,0.7929,1.7453
BiancaGolden_GrandPlies,-120.0558,174.3840,215.7917,2.3084,-8.9244,-47.5925,0.5499,-0.6502,-0.5243,0.9980,197,8.177948,0.7994,1.7438
BiancaGolden_GrandPlies,-119.4136,174.1939,216.1250,2.5065,-8.4777,-47.8298,0.5501,-0.6516,-0.5222,0.9980,198,8.193133,0.8059,1.7419
BiancaGolden_GrandPlies,-118.8250,174.0198,216.3466,2.6919,-8.0603,-48.0112,0.5517,-0.6526,-0.5195,0.9980,198,8.206335,0.8118,1.7402
BiancaGolden_GrandPlies,-118.2211,173.8204,216.5437,2.7582,-7.7967,-48.2157,0.5491,-0.6542,-0.5201,0.9980,198,8.220859,0.8178,1.7382
BiancaGolden_GrandPlies,-117.6376,173.6092,216.7346,2.6732,-7.5539,-48.4418,0.5456,-0.6503,-0.5287,0.9980,199,8.234056,0.8236,1.7361
BiancaGolden_GrandPlies,-117.0948,173.3592,216.8850,2.5962,-7.4991,-48.6199,0.5433,-0.6526,-0.5281,0.9980,199,8.247273,0.8291,1.7336
BiancaGolden_GrandPlies,-116.5656,173.0750,217.0217,2.6054,-7.4594,-48.8313,0.5380,-0.6510,-0.5355,0.9980,200,8.262295,0.8343,1.7308
BiancaGolden_GrandPlies,-116.0668,172.7765,217.1505,2.6030,-7.5688,-49.0178,0.5288,-0.6473,-0.5490,0.9980,200,8.275861,0.8393,1.7278
BiancaGolden_GrandPlies,-115.5712,172.4762,217.2509,2.5619,-7.6639,-49.2526,0.5211,-0.6439,-0.5603,0.9980,201,8.290223,0.8443,1.7248
BiancaGolden_GrandPlies,-115.0898,172.1620,217.3325,2.4201,-7.8232,-49.5447,0.5177,-0.6402,-0.5675,0.9980,201,8.303619,0.8491,1.7216
BiancaGolden_GrandPlies,-114.6193,171.8279,217.3717,2.3819,-7.9686,-49.8353,0.5095,-0.6352,-0.5805,0.9980,201,8.318200,0.8538,1.7183
BiancaGolden_GrandPlies,-114.1768,171.4853,217.4121,2.4524,-8.1160,-50.0597,0.5053,-0.6365,-0.5827,0.9980,202,8.331361,0.8582,1.7149
BiancaGolden_GrandPlies,-113.7384,171.1451,217.4431,2.5894,-8.2763,-50.2690,0.5037,-0.6347,-0.5860,0.9980,202,8.344807,0.8626,1.7115
BiancaGolden_GrandPlies,-113.3180,170.8068,217.4808,2.6670,-8.4059,-50.4808,0.5007,-0.6349,-0.5885,0.9980,203,8.359879,0.8668,1.7081
BiancaGolden_GrandPlies,-112.9129,170.4760,217.5036,2.7555,-8.4785,-50.6058,0.5045,-0.6320,-0.5883,0.9980,203,8.373178,0.8709,1.7048
BiancaGolden_GrandPlies,-112.5142,170.1400,217.5001,2.7599,-8.4451,-50.7237,0.5075,-0.6292,-0.5888,0.9980,203,8.388497,0.8749,1.7014
BiancaGolden_GrandPlies,-112.1316,169.8045,217.4692,2.6967,-8.3675,-50.8384,0.5133,-0.6247,-0.5884,0.9980,204,8.401552,0.8787,1.6980
BiancaGolden_GrandPlies,-111.7737,169.4793,217.4019,2.5283,-8.1730,-50.9389,0.5147,-0.6259,-0.5860,0.9980,204,8.414755,0.8823,1.6948
BiancaGolden_GrandPlies,-111.4631,169.1679,217.3223,2.4070,-8.0159,-51.0056,0.5164,-0.6266,-0.5837,0.9980,205,8.430126,0.8854,1.6917
BiancaGolden_GrandPlies,-111.1865,168.8555,217.2352,2.4306,-7.9205,-50.9605,0.5144,-0.6220,-0.5903,0.9980,205,8.442895,0.8881,1.6886
BiancaGolden_GrandPlies,-110.9456,168.5745,217.1422,2.3769,-7.9552,-50.9225,0.5156,-0.6154,-0.5962,0.9980,206,8.457401,0.8905,1.6857
BiancaGolden_GrandPlies,-110.7408,168.3147,217.0297,2.2011,-8.1881,-50.8713,0.5167,-0.6095,-0.6013,0.9980,206,8.471103,0.8926,1.6831
BiancaGolden_GrandPlies,-110.5782,168.0597,216.8915,1.9941,-8.5553,-50.8510,0.5153,-0.6044,-0.6076,0.9980,206,8.485253,0.8942,1.6806
BiancaGolden_GrandPlies,-110.4577,167.8254,216.7161,1.7887,-9.0125,-50.8248,0.5129,-0.5986,-0.6153,0.9980,207,8.498905,0.8954,1.6783
BiancaGolden_GrandPlies,-110.3928,167.6052,216.5099,1.6146,-9.5741,-50.7922,0.5116,-0.5897,-0.6249,0.9980,207,8.513662,0.8961,1.6761
BiancaGolden_GrandPlies,-110.3619,167.3814,216.3210,1.4546,-10.1131,-50.7497,0.5154,-0.5817,-0.6293,0.9980,208,8.527275,0.8964,1.6738
BiancaGolden_GrandPlies,-110.3185,167.1395,216.1859,1.2640,-10.3862,-50.7474,0.5161,-0.5797,-0.6306,0.9980,208,8.541136,0.8968,1.6714
BiancaGolden_GrandPlies,-110.2997,166.8886,216.0756,1.0609,-10.4835,-50.7487,0.5146,-0.5915,-0.6207,0.9980,208,8.555400,0.8970,1.6689
BiancaGolden_GrandPlies,-110.2742,166.6181,215.9798,0.8829,-10.3301,-50.7780,0.5138,-0.6222,-0.5906,0.9980,209,8.568853,0.8973,1.6662
BiancaGolden_GrandPlies,-110.2631,166.3356,215.8765,0.7788,-10.0241,-50.8006,0.5166,-0.6252,-0.5851,0.9980,209,8.582450,0.8974,1.6634
BiancaGolden_GrandPlies,-110.2430,166.0567,215.7553,0.6198,-9.5676,-50.8656,0.5193,-0.6300,-0.5774,0.9980,210,8.597013,0.8976,1.6606
BiancaGolden_GrandPlies,-110.2404,165.7552,215.6151,0.5890,-9.0293,-50.9442,0.5269,-0.6516,-0.5458,0.9980,210,8.610897,0.8976,1.6576
BiancaGolden_GrandPlies,-110.2829,165.4807,215.4551,0.7081,-8.6792,-50.9737,0.5262,-0.6546,-0.5428,0.9980,211,8.625364,0.8972,1.6548
BiancaGolden_GrandPlies,-110.3589,165.1913,215.2941,0.9978,-8.4695,-50.9710,0.5212,-0.6561,-0.5458,0.9980,211,8.638416,0.8964,1.6519
BiancaGolden_GrandPlies,-110.4651,164.9242,215.0942,1.1825,-8.3937,-51.0060,0.5195,-0.6578,-0.5454,0.9980,212,8.656717,0.8953,1.6492
BiancaGolden_GrandPlies,-110.5514,164.6372,214.9077,1.2499,-8.3652,-51.1409,0.5169,-0.6594,-0.5458,0.9980,212,8.666798,0.8945,1.6464
BiancaGolden_GrandPlies,-110.6651,164.3399,214.7052,1.4057,-8.1931,-51.2428,0.5164,-0.6585,-0.5474,0.9980,212,8.680043,0.8933,1.6434
BiancaGolden_GrandPlies,-110.7797,164.0038,214.5229,1.8001,-7.8616,-51.2641,0.5157,-0.6611,-0.5450,0.9980,213,8.695576,0.8922,1.6400
BiancaGolden_GrandPlies,-110.8888,163.6442,214.3833,2.1965,-7.4915,-51.2473,0.5154,-0.6644,-0.5413,0.9980,213,8.709329,0.8911,1.6364
BiancaGolden_GrandPlies,-111.0047,163.2843,214.3466,2.5321,-7.2312,-51.2156,0.5135,-0.6637,-0.5439,0.9980,214,8.723096,0.8900,1.6328
BiancaGolden_GrandPlies,-111.0977,162.9141,214.4251,2.6781,-7.1440,-51.2179,0.5131,-0.6640,-0.5439,0.9980,214,8.739579,0.8890,1.6291
BiancaGolden_GrandPlies,-111.1647,162.5394,214.6162,2.6850,-7.1292,-51.2462,0.5143,-0.6636,-0.5433,0.9980,214,8.750295,0.8884,1.6254
BiancaGolden_GrandPlies,-111.2312,162.1734,214.7760,2.4625,-7.0818,-51.2859,0.5159,-0.6541,-0.5532,0.9980,215,8.763796,0.8877,1.6217
BiancaGolden_GrandPlies,-111.3460,161.8167,214.8764,2.3209,-7.1518,-51.2411,0.5154,-0.6515,-0.5567,0.9980,215,8.777610,0.8865,1.6182
BiancaGolden_GrandPlies,-111.4332,161.4805,215.0498,2.1132,-7.3856,-51.2647,0.5185,-0.6166,-0.5924,0.9980,216,8.792719,0.8857,1.6148
BiancaGolden_GrandPlies,-111.3882,158.8182,216.4201,0.7249,-8.4094,-51.1643,0.4897,-0.5764,-0.6542,0.9980,217,8.976643,0.8861,1.5882
BiancaGolden_GrandPlies,-110.8917,157.3239,216.5520,-0.6541,-9.8148,-51.2280,0.4894,-0.5728,-0.6576,0.9980,217,8.994070,0.8911,1.5732
BiancaGolden_GrandPlies,-110.5113,156.8156,216.4737,-1.1931,-10.1148,-51.4315,0.5294,-0.6646,-0.5273,0.9980,218,9.010112,0.8949,1.5682
BiancaGolden_GrandPlies,-109.9965,156.3845,216.3504,-1.6337,-10.0842,-51.7596,0.4975,-0.5497,-0.6710,0.9980,218,9.031976,0.9000,1.5638
BiancaGolden_GrandPlies,-109.4415,156.0318,216.0797,-2.1048,-10.1990,-52.0930,0.4955,-0.5497,-0.6725,0.9980,219,9.045171,0.9056,1.5603
BiancaGolden_GrandPlies,-109.1033,155.9492,215.8074,-2.3144,-10.3323,-52.3702,0.4908,-0.5482,-0.6771,0.9980,219,9.060785,0.9090,1.5595
BiancaGolden_GrandPlies,-108.7343,155.9298,215.5245,-2.5454,-10.7078,-52.7525,0.4730,-0.5665,-0.6748,0.9980,220,9.071584,0.9127,1.5593
BiancaGolden_GrandPlies,-108.6701,156.0120,215.4827,-2.4885,-10.9818,-52.8994,0.4671,-0.5655,-0.6797,0.9980,220,9.084876,0.9133,1.5601
BiancaGolden_GrandPlies,-108.2787,155.9572,215.2736,-2.5722,-11.3535,-53.2699,0.4680,-0.5768,-0.6695,0.9980,221,9.100681,0.9172,1.5596
BiancaGolden_GrandPlies,-107.8327,155.9201,215.0997,-2.5296,-11.6223,-53.6607,0.4676,-0.5753,-0.6711,0.9980,221,9.114838,0.9217,1.5592
BiancaGolden_GrandPlies,-107.3299,155.9215,214.9399,-2.6085,-11.7695,-54.0875,0.4633,-0.5768,-0.6728,0.9980,222,9.129674,0.9267,1.5592
BiancaGolden_GrandPlies,-106.7680,155.9729,214.7817,-2.7381,-11.9115,-54.5119,0.4559,-0.5857,-0.6702,0.9980,222,9.142001,0.9323,1.5597
BiancaGolden_GrandPlies,-106.1972,156.0429,214.6271,-2.8419,-12.1328,-54.8498,0.4559,-0.5927,-0.6639,0.9980,223,9.156059,0.9380,1.5604
BiancaGolden_GrandPlies,-105.6132,156.1040,214.4870,-2.8118,-12.3942,-55.0933,0.4511,-0.5929,-0.6671,0.9980,223,9.170074,0.9439,1.5610
BiancaGolden_GrandPlies,-104.9799,156.1653,214.3728,-2.6702,-12.6273,-55.3126,0.4606,-0.5870,-0.6658,0.9980,224,9.184233,0.9502,1.5617
BiancaGolden_GrandPlies,-104.3125,156.2298,214.2835,-2.6239,-12.8425,-55.6198,0.4600,-0.5910,-0.6627,0.9980,224,9.197229,0.9569,1.5623
BiancaGolden_GrandPlies,-103.6041,156.2740,214.2205,-2.6384,-12.9973,-55.9490,0.4566,-0.5949,-0.6615,0.9980,224,9.211578,0.9640,1.5627
BiancaGolden_GrandPlies,-102.8853,156.3170,214.1755,-2.6151,-13.0996,-56.3047,0.4545,-0.6037,-0.6549,0.9980,225,9.224587,0.9711,1.5632
BiancaGolden_GrandPlies,-102.1337,156.3606,214.0823,-2.5599,-13.1075,-56.6861,0.4487,-0.6138,-0.6495,0.9980,225,9.238279,0.9787,1.5636
BiancaGolden_GrandPlies,-101.3469,156.4156,213.9437,-2.4417,-13.0220,-57.1158,0.4443,-0.6184,-0.6482,0.9980,226,9.253290,0.9865,1.5642
BiancaGolden_GrandPlies,-100.5445,156.4666,213.8116,-2.3366,-12.9166,-57.5235,0.4404,-0.6232,-0.6463,0.9980,226,9.265280,0.9946,1.5647
BiancaGolden_GrandPlies,-99.7053,156.4953,213.7435,-2.2278,-12.7790,-57.8952,0.4543,-0.6259,-0.6339,0.9980,227,9.283309,1.0029,1.5650
BiancaGolden_GrandPlies,-98.8352,156.5132,213.6543,-2.1635,-12.5630,-58.2930,0.4519,-0.6325,-0.6291,0.9980,227,9.293037,1.0116,1.5651
BiancaGolden_GrandPlies,-97.9525,156.5129,213.5480,-2.1126,-12.3648,-58.6683,0.4472,-0.6345,-0.6304,0.9980,227,9.307363,1.0205,1.5651
BiancaGolden_GrandPlies,-97.0564,156.4774,213.5329,-2.0909,-12.2999,-59.0365,0.4404,-0.6340,-0.6357,0.9980,228,9.320312,1.0294,1.5648
BiancaGolden_GrandPlies,-96.1262,156.3992,213.7304,-1.9966,-12.4921,-59.3610,0.4366,-0.6355,-0.6368,0.9980,228,9.334194,1.0387,1.5640
BiancaGolden_GrandPlies,-95.1404,156.2953,214.0407,-1.9795,-12.6521,-59.6027,0.4368,-0.6364,-0.6358,0.9980,229,9.348884,1.0486,1.5630
BiancaGolden_GrandPlies,-94.1129,156.3849,213.9896,-2.4057,-12.5645,-60.0130,0.4360,-0.6386,-0.6341,0.9980,229,9.364763,1.0589,1.5638
BiancaGolden_GrandPlies,-93.1557,156.4665,213.7590,-2.6313,-12.3589,-60.3420,0.4439,-0.6360,-0.6312,0.9980,230,9.378537,1.0684,1.5647
BiancaGolden_GrandPlies,-92.1915,156.5464,213.5546,-2.9938,-12.2275,-60.5512,0.4411,-0.6300,-0.6392,0.9980,230,9.390259,1.0781,1.5655
BiancaGolden_GrandPlies,-91.2867,156.5982,213.5337,-3.1279,-12.2545,-60.7025,0.4382,-0.6228,-0.6482,0.9980,230,9.405771,1.0871,1.5660
BiancaGolden_GrandPlies,-90.3601,156.6247,213.6367,-3.2466,-12.4303,-60.9798,0.4352,-0.6235,-0.6495,0.9980,231,9.420480,1.0964,1.5662
BiancaGolden_GrandPlies,-89.4430,156.6597,213.6987,-3.2868,-12.5350,-61.2270,0.4354,-0.6214,-0.6514,0.9980,231,9.432818,1.1056,1.5666
BiancaGolden_GrandPlies,-88.5142,156.6833,213.7556,-3.3841,-12.5914,-61.4289,0.4360,-0.6210,-0.6513,0.9980,232,9.447618,1.1149,1.5668
BiancaGolden_GrandPlies,-87.5993,156.7366,213.7543,-3.4932,-12.5508,-61.5923,0.4349,-0.6202,-0.6528,0.9980,232,9.461212,1.1240,1.5674
BiancaGolden_GrandPlies,-86.7053,156.7603,213.7762,-3.6404,-12.5308,-61.7270,0.4384,-0.6188,-0.6519,0.9980,232,9.475636,1.1329,1.5676
BiancaGolden_GrandPlies,-85.8277,156.7547,213.8740,-3.6936,-12.5076,-61.8504,0.4319,-0.6223,-0.6528,0.9980,233,9.490328,1.1417,1.5675
BiancaGolden_GrandPlies,-84.9669,156.7320,213.9860,-3.5906,-12.5115,-61.9492,0.4292,-0.6236,-0.6534,0.9980,233,9.501848,1.1503,1.5673
BiancaGolden_GrandPlies,-84.1532,156.6815,214.0872,-3.2237,-12.5328,-61.9587,0.4252,-0.6251,-0.6546,0.9980,234,9.517612,1.1585,1.5668
BiancaGolden_GrandPlies,-83.3728,156.6527,214.1832,-2.8165,-12.6038,-61.9545,0.4192,-0.6190,-0.6642,0.9980,234,9.530047,1.1663,1.5665
BiancaGolden_GrandPlies,-82.6583,156.6196,214.2960,-2.4301,-12.7209,-61.9014,0.4156,-0.6210,-0.6646,0.9980,235,9.545583,1.1734,1.5662
BiancaGolden_GrandPlies,-81.9608,156.5783,214.3991,-2.1757,-12.8332,-61.8545,0.4141,-0.6194,-0.6670,0.9980,235,9.558275,1.1804,1.5658
BiancaGolden_GrandPlies,-81.3339,156.4866,214.5060,-2.0215,-12.8768,-61.8020,0.4107,-0.6239,-0.6649,0.9980,235,9.572501,1.1867,1.5649
BiancaGolden_GrandPlies,-80.7212,156.3874,214.6046,-1.9327,-12.8170,-61.7700,0.4115,-0.6234,-0.6649,0.9980,236,9.586802,1.1928,1.5639
BiancaGolden_GrandPlies,-80.1829,156.2662,214.6865,-1.8009,-12.6725,-61.6842,0.4122,-0.6254,-0.6626,0.9980,236,9.599530,1.1982,1.5627
BiancaGolden_GrandPlies,-79.6681,156.1678,214.7375,-1.8491,-12.5006,-61.7369,0.4124,-0.6269,-0.6610,0.9980,237,9.614990,1.2033,1.5617
BiancaGolden_GrandPlies,-79.2000,156.0412,214.8350,-1.8568,-12.4154,-61.7827,0.4156,-0.6222,-0.6635,0.9980,237,9.629630,1.2080,1.5604
BiancaGolden_GrandPlies,-78.7698,155.8988,214.9596,-1.8824,-12.4008,-61.8486,0.4152,-0.6223,-0.6636,0.9980,237,9.642252,1.2123,1.5590
BiancaGolden_GrandPlies,-78.3938,155.7760,215.0870,-1.9424,-12.4131,-61.9179,0.4090,-0.6236,-0.6662,0.9980,238,9.656114,1.2161,1.5578
BiancaGolden_GrandPlies,-78.0408,155.6447,215.1502,-2.1125,-12.4406,-62.0222,0.4092,-0.6234,-0.6662,0.9980,238,9.668493,1.2196,1.5564
BiancaGolden_GrandPlies,-77.7099,155.5319,215.1974,-2.3561,-12.4627,-62.1618,0.4094,-0.6186,-0.6706,0.9980,239,9.684737,1.2229,1.5553
BiancaGolden_GrandPlies,-77.5207,155.3835,215.2789,-2.4944,-12.6216,-62.2870,0.4039,-0.6139,-0.6783,0.9980,240,9.716825,1.2248,1.5538
BiancaGolden_GrandPlies,-77.0779,155.1359,215.3324,-2.5351,-12.6417,-62.5962,0.4028,-0.6152,-0.6777,0.9980,240,9.742208,1.2292,1.5514
BiancaGolden_GrandPlies,-76.6947,154.9221,215.3828,-2.5724,-12.6176,-62.8686,0.4024,-0.6161,-0.6771,0.9980,241,9.757127,1.2331,1.5492
BiancaGolden_GrandPlies,-76.5800,154.8057,215.3940,-2.5647,-12.5711,-62.9329,0.4028,-0.6157,-0.6773,0.9980,241,9.770436,1.2342,1.5481
BiancaGolden_GrandPlies,-76.4758,154.7216,215.4233,-2.6441,-12.4989,-62.9383,0.4027,-0.6144,-0.6785,0.9980,242,9.783652,1.2352,1.5472
BiancaGolden_GrandPlies,-76.4033,154.6975,215.3752,-2.8305,-12.4029,-62.9016,0.4099,-0.6085,-0.6795,0.9980,242,9.801080,1.2360,1.5470
BiancaGolden_GrandPlies,-76.5054,154.7809,215.2137,-2.9814,-12.4928,-62.5428,0.4130,-0.6035,-0.6821,0.9980,243,9.824147,1.2349,1.5478
BiancaGolden_GrandPlies,-76.5870,154.7654,215.1074,-3.0257,-12.7051,-62.1713,0.4185,-0.5976,-0.6839,0.9980,243,9.836467,1.2341,1.5477
BiancaGolden_GrandPlies,-76.7295,154.7893,215.0829,-3.1025,-12.8787,-61.8903,0.4204,-0.5982,-0.6822,0.9980,244,9.850768,1.2327,1.5479
BiancaGolden_GrandPlies,-76.9222,154.8233,214.9993,-3.3337,-12.9165,-61.6621,0.4248,-0.6025,-0.6757,0.9980,244,9.864397,1.2308,1.5482
BiancaGolden_GrandPlies,-77.1189,154.8802,214.8998,-3.6162,-12.8983,-61.4638,0.4277,-0.6014,-0.6748,0.9980,245,9.878822,1.2288,1.5488
BiancaGolden_GrandPlies,-77.3758,154.9711,214.7553,-4.0464,-12.8587,-61.3256,0.4308,-0.5993,-0.6748,0.9980,245,9.892622,1.2262,1.5497
BiancaGolden_GrandPlies,-77.6338,155.0589,214.6361,-4.5362,-12.8811,-61.2539,0.4305,-0.5988,-0.6754,0.9980,245,9.906270,1.2237,1.5506
BiancaGolden_GrandPlies,-77.9090,155.1184,214.6035,-4.9298,-12.9332,-61.1707,0.4334,-0.5949,-0.6770,0.9980,246,9.919811,1.2209,1.5512
BiancaGolden_GrandPlies,-78.1713,155.1279,214.6316,-5.2614,-13.0996,-61.0475,0.4375,-0.5935,-0.6755,0.9980,246,9.934575,1.2183,1.5513
BiancaGolden_GrandPlies,-78.4338,155.0422,214.8222,-5.4757,-13.2056,-60.8902,0.4342,-0.6004,-0.6716,0.9980,247,9.949255,1.2157,1.5504
BiancaGolden_GrandPlies,-78.6328,155.0060,214.8931,-5.8366,-12.9504,-60.8757,0.4399,-0.6027,-0.6657,0.9980,247,9.963977,1.2137,1.5501
BiancaGolden_GrandPlies,-78.9000,155.0436,214.7763,-6.4234,-12.7709,-60.8628,0.4409,-0.6049,-0.6631,0.9980,247,9.976844,1.2110,1.5504
BiancaGolden_GrandPlies,-79.1230,155.0961,214.6079,-7.3158,-12.6123,-61.0112,0.4412,-0.6016,-0.6659,0.9980,248,9.988698,1.2088,1.5510
BiancaGolden_GrandPlies,-79.3537,155.2178,214.5184,-8.3421,-12.8136,-61.2311,0.4458,-0.5959,-0.6680,0.9980,248,10.003400,1.2065,1.5522
BiancaGolden_GrandPlies,-79.5598,155.2877,214.4250,-9.4467,-13.1533,-61.4226,0.4500,-0.5904,-0.6700,0.9980,249,10.016778,1.2044,1.5529
BiancaGolden_GrandPlies,-79.7186,155.3663,214.3788,-10.4858,-13.4633,-61.6133,0.4544,-0.5858,-0.6711,0.9980,249,10.031087,1.2028,1.5537
BiancaGolden_GrandPlies,-79.8360,155.4287,214.2610,-11.3716,-13.5427,-61.7596,0.4549,-0.5860,-0.6705,0.9980,250,10.047453,1.2016,1.5543
BiancaGolden_GrandPlies,-79.9620,155.4927,214.1438,-12.0595,-13.5320,-61.8135,0.4609,-0.5843,-0.6679,0.9980,250,10.058632,1.2004,1.5549
BiancaGolden_GrandPlies,-80.0752,155.5211,214.0871,-12.6403,-13.4726,-61.7930,0.4658,-0.5847,-0.6642,0.9980,250,10.072495,1.1992,1.5552
BiancaGolden_GrandPlies,-80.1957,155.5061,214.1122,-13.2359,-13.3857,-61.7470,0.4702,-0.5842,-0.6616,0.9980,251,10.085808,1.1980,1.5551
BiancaGolden_GrandPlies,-80.2843,155.4945,214.1494,-13.8604,-13.2903,-61.8305,0.4466,-0.5989,-0.6647,0.9980,251,10.099446,1.1972,1.5549
BiancaGolden_GrandPlies,-80.3182,155.5502,214.0875,-14.6915,-13.1826,-62.0152,0.4483,-0.6099,-0.6535,0.9980,252,10.116282,1.1968,1.5555
BiancaGolden_GrandPlies,-80.3071,155.6261,213.9953,-15.5061,-13.1974,-62.1742,0.4518,-0.6076,-0.6532,0.9980,252,10.130057,1.1969,1.5563
BiancaGolden_GrandPlies,-80.2861,155.6656,213.9333,-16.1347,-13.2598,-62.2236,0.4590,-0.6099,-0.6460,0.9980,253,10.145211,1.1971,1.5567
BiancaGolden_GrandPlies,-80.2460,155.6440,213.9360,-16.5783,-13.3229,-62.2544,0.4602,-0.6097,-0.6454,0.9980,253,10.155771,1.1975,1.5564
BiancaGolden_GrandPlies,-80.1945,155.5570,213.9728,-16.8851,-13.3265,-62.3524,0.4612,-0.6110,-0.6433,0.9980,253,10.173487,1.1981,1.5556
BiancaGolden_GrandPlies,-80.1042,155.4521,214.0109,-17.2891,-13.2355,-62.5730,0.4499,-0.6185,-0.6442,0.9980,254,10.183090,1.1990,1.5545
BiancaGolden_GrandPlies,-80.1736,155.5021,213.9365,-17.7135,-13.0564,-62.9430,0.4464,-0.6232,-0.6421,0.9980,254,10.197467,1.1983,1.5550
BiancaGolden_GrandPlies,-79.8999,155.2172,213.8887,-18.0410,-12.8805,-63.3117,0.4395,-0.6351,-0.6352,0.9980,255,10.212923,1.2010,1.5522
BiancaGolden_GrandPlies,-79.7756,155.0930,213.7670,-18.4478,-12.7545,-63.7920,0.4335,-0.6455,-0.6288,0.9980,255,10.226825,1.2022,1.5509
BiancaGolden_GrandPlies,-79.6642,154.9551,213.6315,-18.8771,-12.7311,-64.2898,0.4318,-0.6472,-0.6282,0.9980,255,10.241296,1.2034,1.5496
BiancaGolden_GrandPlies,-79.5347,154.8146,213.4886,-19.4695,-12.7711,-64.7966,0.4296,-0.6487,-0.6282,0.9980,256,10.256097,1.2047,1.5481
BiancaGolden_GrandPlies,-79.3720,154.6895,213.3228,-20.0860,-12.8593,-65.3491,0.4330,-0.6491,-0.6255,0.9980,256,10.270858,1.2063,1.5469
BiancaGolden_GrandPlies,-79.2078,154.5251,213.1229,-20.7667,-12.9826,-65.8679,0.4324,-0.6460,-0.6291,0.9980,257,10.285341,1.2079,1.5453
BiancaGolden_GrandPlies,-79.0077,154.3382,212.9061,-21.3836,-13.0800,-66.4757,0.4302,-0.6435,-0.6331,0.9980,257,10.298483,1.2099,1.5434
BiancaGolden_GrandPlies,-78.7674,154.1654,212.7005,-22.0383,-13.1601,-67.0952,0.4281,-0.6433,-0.6348,0.9980,257,10.310161,1.2123,1.5417
BiancaGolden_GrandPlies,-78.4866,154.0271,212.4949,-22.7260,-13.2862,-67.7026,0.4250,-0.6412,-0.6389,0.9980,258,10.324459,1.2151,1.5403
BiancaGolden_GrandPlies,-78.1752,153.9207,212.2794,-23.4247,-13.5112,-68.2408,0.4229,-0.6389,-0.6427,0.9980,258,10.334685,1.2182,1.5392
BiancaGolden_GrandPlies,-77.8261,153.8332,212.0893,-24.0909,-13.8745,-68.7245,0.4263,-0.6346,-0.6447,0.9980,259,10.351306,1.2217,1.5383
BiancaGolden_GrandPlies,-77.4515,153.7362,211.9431,-24.5897,-14.3364,-69.1034,0.4243,-0.6412,-0.6394,0.9980,259,10.366778,1.2255,1.5374
BiancaGolden_GrandPlies,-77.0894,153.5848,211.8158,-24.7962,-14.7126,-69.3344,0.4260,-0.6433,-0.6361,0.9980,260,10.378989,1.2291,1.5358
BiancaGolden_GrandPlies,-76.7249,153.3942,211.6132,-24.5082,-14.8027,-69.5228,0.4199,-0.6490,-0.6344,0.9980,260,10.392481,1.2328,1.5339
BiancaGolden_GrandPlies,-76.3437,153.1646,211.3962,-24.1148,-14.6958,-69.7803,0.4037,-0.6602,-0.6334,0.9980,260,10.406474,1.2366,1.5316
BiancaGolden_GrandPlies,-75.9446,152.9077,211.1877,-23.9990,-14.3910,-70.2977,0.3936,-0.6719,-0.6273,0.9980,261,10.420424,1.2406,1.5291
BiancaGolden_GrandPlies,-75.6044,152.6048,210.9717,-24.2655,-14.1768,-70.8902,0.3902,-0.6778,-0.6231,0.9980,261,10.433242,1.2440,1.5260
BiancaGolden_GrandPlies,-75.2895,152.3093,210.7874,-24.8577,-13.9770,-71.5964,0.3813,-0.6933,-0.6115,0.9980,262,10.449137,1.2471,1.5231
BiancaGolden_GrandPlies,-74.9458,152.0840,210.5254,-26.0893,-14.0272,-72.4885,0.3770,-0.7073,-0.5980,0.9980,262,10.466805,1.2505,1.5208
BiancaGolden_GrandPlies,-74.5848,151.8877,210.1636,-27.4061,-14.1419,-73.2523,0.3778,-0.7076,-0.5971,0.9980,263,10.480202,1.2542,1.5189
BiancaGolden_GrandPlies,-74.2126,151.7406,209.7347,-28.8668,-14.3817,-73.9120,0.3795,-0.7049,-0.5992,0.9980,263,10.493944,1.2579,1.5174
BiancaGolden_GrandPlies,-73.8603,151.5472,209.4490,-30.1894,-14.8127,-74.3779,0.3916,-0.7016,-0.5953,0.9980,263,10.509357,1.2614,1.5155
BiancaGolden_GrandPlies,-73.5359,151.2959,209.2044,-31.6208,-15.2209,-74.8147,0.3938,-0.6983,-0.5977,0.9980,264,10.520189,1.2646,1.5130
BiancaGolden_GrandPlies,-73.2063,151.0429,208.8932,-32.7753,-15.4262,-75.3877,0.4158,-0.6915,-0.5907,0.9980,264,10.529886,1.2679,1.5104
BiancaGolden_GrandPlies,-72.8758,150.8082,208.5326,-33.8290,-15.4397,-76.1031,0.4115,-0.6967,-0.5875,0.9980,265,10.547072,1.2712,1.5081
BiancaGolden_GrandPlies,-72.5712,150.6169,208.1660,-34.6553,-15.4457,-76.8979,0.4047,-0.7083,-0.5784,0.9980,265,10.559861,1.2743,1.5062
BiancaGolden_GrandPlies,-72.2588,150.4727,207.7784,-35.2992,-15.5242,-77.8192,0.3961,-0.7118,-0.5800,0.9980,265,10.572405,1.2774,1.5047
BiancaGolden_GrandPlies,-71.9600,150.3547,207.4425,-35.7598,-15.7853,-78.7034,0.3833,-0.7220,-0.5760,0.9980,266,10.586282,1.2804,1.5035
BiancaGolden_GrandPlies,-71.6720,150.2614,207.1441,-36.1401,-16.1213,-79.4667,0.3813,-0.7216,-0.5779,0.9980,266,10.599573,1.2833,1.5026
BiancaGolden_GrandPlies,-71.3634,150.1999,206.8860,-36.4670,-16.5472,-80.0120,0.3826,-0.7166,-0.5832,0.9980,267,10.615263,1.2864,1.5020
BiancaGolden_GrandPlies,-71.0828,150.1293,206.6939,-36.7684,-17.0136,-80.2771,0.3896,-0.7095,-0.5872,0.9980,267,10.629402,1.2892,1.5013
BiancaGolden_GrandPlies,-70.8285,150.0516,206.5136,-37.0928,-17.4327,-80.3354,0.3961,-0.6982,-0.5964,0.9980,268,10.645550,1.2917,1.5005
BiancaGolden_GrandPlies,-70.6017,149.9513,206.3687,-37.4805,-17.8590,-80.2691,0.3981,-0.6948,-0.5990,0.9980,268,10.655944,1.2940,1.4995
BiancaGolden_GrandPlies,-70.4141,149.8258,206.2086,-37.9342,-18.2125,-80.2753,0.3976,-0.6809,-0.6150,0.9980,268,10.673703,1.2959,1.4983
BiancaGolden_GrandPlies,-70.2845,149.6964,206.0354,-38.2870,-18.4516,-80.2235,0.4076,-0.6664,-0.6243,0.9980,269,10.683969,1.2972,1.4970
BiancaGolden_GrandPlies,-70.1790,149.5594,205.8210,-38.6228,-18.5742,-80.1677,0.4105,-0.6658,-0.6231,0.9980,269,10.698393,1.2982,1.4956
BiancaGolden_GrandPlies,-70.0590,149.4259,205.6051,-39.1913,-18.6389,-80.1503,0.4216,-0.6663,-0.6151,0.9980,270,10.713577,1.2994,1.4943
BiancaGolden_GrandPlies,-69.9694,149.2681,205.3625,-39.9631,-18.6745,-80.1416,0.4278,-0.6661,-0.6110,0.9980,270,10.728863,1.3003,1.4927
BiancaGolden_GrandPlies,-69.8948,149.1176,205.0921,-40.9379,-18.7420,-80.1242,0.4334,-0.6676,-0.6054,0.9980,270,10.742028,1.3011,1.4912
BiancaGolden_GrandPlies,-69.8868,148.9466,204.8109,-41.9724,-18.8700,-79.9984,0.4486,-0.6700,-0.5915,0.9980,271,10.754879,1.3011,1.4895
BiancaGolden_GrandPlies,-69.9085,148.7943,204.5419,-43.2083,-19.0988,-79.8123,0.4588,-0.6669,-0.5871,0.9980,271,10.771679,1.3009,1.4879
BiancaGolden_GrandPlies,-69.9308,148.6564,204.2169,-44.6262,-19.3901,-79.5488,0.4615,-0.6707,-0.5807,0.9980,272,10.783799,1.3007,1.4866
BiancaGolden_GrandPlies,-69.9115,148.5217,203.8955,-46.4790,-19.8912,-79.3607,0.4719,-0.6676,-0.5759,0.9980,272,10.795946,1.3009,1.4852
BiancaGolden_GrandPlies,-69.9022,148.3693,203.5083,-48.2394,-20.2699,-79.2122,0.4775,-0.6634,-0.5760,0.9980,272,10.811001,1.3010,1.4837
BiancaGolden_GrandPlies,-69.9207,148.1369,203.1170,-50.0033,-20.6944,-79.0783,0.4861,-0.6628,-0.5695,0.9980,273,10.824689,1.3008,1.4814
BiancaGolden_GrandPlies,-69.9643,147.9105,202.6506,-51.4327,-20.8156,-78.9429,0.4887,-0.6684,-0.5607,0.9980,273,10.837796,1.3004,1.4791
BiancaGolden_GrandPlies,-70.0160,147.6407,202.1872,-52.6460,-20.8383,-78.9403,0.4873,-0.6712,-0.5587,0.9980,274,10.853111,1.2998,1.4764
BiancaGolden_GrandPlies,-70.0458,147.3635,201.7335,-53.8526,-20.8679,-78.9313,0.4930,-0.6769,-0.5465,0.9980,274,10.868216,1.2995,1.4736
BiancaGolden_GrandPlies,-70.0612,147.0723,201.2404,-54.9992,-20.8137,-78.9262,0.5002,-0.6771,-0.5398,0.9980,275,10.880934,1.2994,1.4707
BiancaGolden_GrandPlies,-70.0529,146.8093,200.7257,-56.0254,-20.7421,-78.7848,0.4900,-0.6873,-0.5363,0.9980,275,10.894594,1.2995,1.4681
BiancaGolden_GrandPlies,-70.0558,146.5534,200.2429,-57.2984,-20.8473,-78.3305,0.5027,-0.6818,-0.5315,0.9980,275,10.907829,1.2994,1.4655
BiancaGolden_GrandPlies,-70.0538,146.3218,199.7616,-58.7151,-21.0853,-77.7303,0.5153,-0.6725,-0.5312,0.9980,276,10.923207,1.2995,1.4632
BiancaGolden_GrandPlies,-70.0492,146.1034,199.2864,-60.2935,-21.3877,-76.8880,0.5153,-0.6792,-0.5226,0.9980,276,10.934969,1.2995,1.4610
BiancaGolden_GrandPlies,-70.0440,145.9034,198.8010,-61.8679,-21.6395,-76.0466,0.5211,-0.6796,-0.5163,0.9980,277,10.950439,1.2996,1.4590
BiancaGolden_GrandPlies,-70.0069,145.7034,198.3163,-63.2400,-21.7912,-75.2732,0.5328,-0.6744,-0.5111,0.9980,277,10.964282,1.2999,1.4570
BiancaGolden_GrandPlies,-70.0072,145.4799,197.8489,-64.4220,-21.8782,-74.6303,0.5224,-0.6808,-0.5133,0.9980,278,10.981154,1.2999,1.4548
BiancaGolden_GrandPlies,-70.0622,145.2294,197.4415,-65.3030,-21.8012,-74.0809,0.5307,-0.6788,-0.5075,0.9980,278,10.994121,1.2994,1.4523
BiancaGolden_GrandPlies,-70.1517,144.9630,197.0505,-66.1426,-21.6950,-73.6553,0.5158,-0.6923,-0.5047,0.9980,278,11.007453,1.2985,1.4496
BiancaGolden_GrandPlies,-70.2749,144.7091,196.6675,-66.9133,-21.5487,-73.3112,0.5004,-0.6991,-0.5108,0.9980,279,11.019033,1.2973,1.4471
BiancaGolden_GrandPlies,-70.3405,144.4980,196.2925,-67.8774,-21.5322,-73.1224,0.4949,-0.7056,-0.5071,0.9980,279,11.033279,1.2966,1.4450
BiancaGolden_GrandPlies,-70.3711,144.3172,195.8850,-68.7504,-21.5540,-73.0193,0.4839,-0.7108,-0.5105,0.9980,280,11.049290,1.2963,1.4432
BiancaGolden_GrandPlies,-70.4139,144.1522,195.5292,-69.6432,-21.6483,-72.8545,0.4884,-0.7089,-0.5089,0.9980,280,11.060538,1.2959,1.4415
BiancaGolden_GrandPlies,-70.4755,143.9607,195.1981,-70.3245,-21.7365,-72.6583,0.4923,-0.7071,-0.5076,0.9980,280,11.075635,1.2952,1.4396
BiancaGolden_GrandPlies,-70.5582,143.7820,194.8943,-70.8737,-21.8037,-72.4700,0.4614,-0.7235,-0.5134,0.9980,281,11.089824,1.2944,1.4378
BiancaGolden_GrandPlies,-70.6318,143.6176,194.6048,-71.3975,-21.8729,-72.3463,0.4555,-0.7273,-0.5133,0.9980,281,11.102378,1.2937,1.4362
BiancaGolden_GrandPlies,-70.6942,143.4662,194.3404,-71.9601,-21.9984,-72.2051,0.4496,-0.7258,-0.5207,0.9980,282,11.118152,1.2931,1.4347
BiancaGolden_GrandPlies,-70.7313,143.3360,194.1059,-72.4308,-22.1853,-72.1524,0.4440,-0.7300,-0.5196,0.9980,282,11.132983,1.2927,1.4334
BiancaGolden_GrandPlies,-70.7686,143.2218,193.8610,-72.8699,-22.3214,-72.1006,0.4445,-0.7293,-0.5201,0.9980,283,11.147216,1.2923,1.4322
BiancaGolden_GrandPlies,-70.7947,143.1235,193.6203,-73.1453,-22.4299,-72.1059,0.4394,-0.7323,-0.5202,0.9980,283,11.161087,1.2921,1.4312
BiancaGolden_GrandPlies,-70.7791,143.0576,193.3744,-73.3885,-22.5331,-72.2605,0.4391,-0.7316,-0.5215,0.9980,283,11.174245,1.2922,1.4306
BiancaGolden_GrandPlies,-70.8006,142.9857,193.1570,-73.6904,-22.6852,-72.3221,0.4276,-0.7346,-0.5268,0.9980,284,11.185966,1.2920,1.4299
BiancaGolden_GrandPlies,-70.8119,142.8935,192.9836,-74.1813,-22.9293,-72.4353,0.4322,-0.7384,-0.5176,0.9980,284,11.200335,1.2919,1.4289
BiancaGolden_GrandPlies,-70.7925,142.8359,192.8304,-74.6122,-23.1344,-72.5544,0.4316,-0.7380,-0.5187,0.9980,285,11.216473,1.2921,1.4284
BiancaGolden_GrandPlies,-70.7790,142.7682,192.7063,-74.9315,-23.2746,-72.6375,0.4320,-0.7376,-0.5190,0.9980,285,11.231437,1.2922,1.4277
BiancaGolden_GrandPlies,-70.7907,142.6871,192.5713,-75.0359,-23.3039,-72.7775,0.4273,-0.7407,-0.5185,0.9980,285,11.244731,1.2921,1.4269
BiancaGolden_GrandPlies,-70.8465,142.5947,192.4557,-74.8682,-23.2324,-73.1187,0.4137,-0.7492,-0.5172,0.9980,286,11.255339,1.2915,1.4259
BiancaGolden_GrandPlies,-70.9095,142.5031,192.3273,-74.8507,-23.2493,-73.5865,0.4060,-0.7523,-0.5189,0.9980,286,11.272618,1.2909,1.4250
BiancaGolden_GrandPlies,-70.8819,142.4462,192.2208,-75.0992,-23.4543,-74.1804,0.4052,-0.7545,-0.5163,0.9980,287,11.283643,1.2912,1.4245
BiancaGolden_GrandPlies,-70.8160,142.4333,192.1113,-75.5470,-23.9243,-74.5278,0.4096,-0.7474,-0.5231,0.9980,287,11.300669,1.2918,1.4243
BiancaGolden_GrandPlies,-70.6860,142.4585,191.9473,-75.8582,-24.4791,-74.8613,0.4129,-0.7391,-0.5322,0.9980,288,11.311954,1.2931,1.4246
BiancaGolden_GrandPlies,-70.5879,142.4717,191.8260,-75.9882,-25.0612,-74.9367,0.4102,-0.7349,-0.5401,0.9980,288,11.326002,1.2941,1.4247
BiancaGolden_GrandPlies,-70.5287,142.4104,191.7372,-75.9249,-25.6295,-74.9920,0.4127,-0.7302,-0.5446,0.9980,288,11.341348,1.2947,1.4241
BiancaGolden_GrandPlies,-70.5043,142.3147,191.6837,-75.9144,-26.1660,-75.1594,0.4165,-0.7263,-0.5469,0.9980,289,11.354709,1.2950,1.4231
BiancaGolden_GrandPlies,-70.4755,142.2012,191.6345,-75.8203,-26.6050,-75.3295,0.4117,-0.7249,-0.5523,0.9980,289,11.366365,1.2952,1.4220
BiancaGolden_GrandPlies,-70.3902,142.0620,191.5752,-75.6629,-26.9557,-75.6087,0.4125,-0.7278,-0.5478,0.9980,290,11.383693,1.2961,1.4206
BiancaGolden_GrandPlies,-70.2686,141.9658,191.5188,-75.5526,-27.2782,-75.7992,0.4113,-0.7247,-0.5528,0.9980,290,11.395404,1.2973,1.4197
BiancaGolden_GrandPlies,-70.1362,141.8612,191.4520,-75.4396,-27.6058,-75.8156,0.4111,-0.7313,-0.5442,0.9980,290,11.409629,1.2986,1.4186
BiancaGolden_GrandPlies,-69.9915,141.7686,191.3627,-75.2821,-27.8772,-75.8190,0.4113,-0.7283,-0.5481,0.9980,291,11.422749,1.3001,1.4177
BiancaGolden_GrandPlies,-69.8533,141.6548,191.2640,-75.1028,-28.1510,-75.7136,0.4139,-0.7289,-0.5454,0.9980,291,11.436632,1.3015,1.4165
BiancaGolden_GrandPlies,-69.7007,141.5132,191.1693,-74.8807,-28.4597,-75.5922,0.4171,-0.7276,-0.5446,0.9980,292,11.451850,1.3030,1.4151
BiancaGolden_GrandPlies,-69.5336,141.3694,191.0745,-74.6713,-28.7200,-75.4467,0.4207,-0.7264,-0.5435,0.9980,292,11.466007,1.3047,1.4137
BiancaGolden_GrandPlies,-69.3604,141.2142,190.9772,-74.5210,-28.9722,-75.2778,0.4229,-0.7241,-0.5448,0.9980,293,11.480557,1.3064,1.4121
BiancaGolden_GrandPlies,-69.1779,141.0495,190.8464,-74.3759,-29.1657,-75.1064,0.4239,-0.7209,-0.5482,0.9980,293,11.493746,1.3082,1.4105
BiancaGolden_GrandPlies,-68.9921,140.8575,190.7150,-74.3598,-29.4026,-74.9757,0.4248,-0.7189,-0.5502,0.9980,293,11.507773,1.3101,1.4086
BiancaGolden_GrandPlies,-68.7995,140.6503,190.5711,-74.3839,-29.6418,-74.9097,0.4293,-0.7196,-0.5458,0.9980,294,11.520969,1.3120,1.4065
BiancaGolden_GrandPlies,-68.6129,140.4534,190.4271,-74.2834,-29.9156,-74.8416,0.4324,-0.7188,-0.5444,0.9980,294,11.533327,1.3139,1.4045
BiancaGolden_GrandPlies,-68.4092,140.2350,190.2656,-74.0177,-30.1969,-74.8054,0.4339,-0.7186,-0.5435,0.9980,295,11.549626,1.3159,1.4023
BiancaGolden_GrandPlies,-68.1832,139.9988,190.0859,-73.6837,-30.5577,-74.8409,0.4322,-0.7141,-0.5507,0.9980,295,11.563025,1.3182,1.4000
BiancaGolden_GrandPlies,-67.9456,139.7755,189.9001,-73.3205,-30.9811,-74.8544,0.4310,-0.7080,-0.5595,0.9980,295,11.577023,1.3205,1.3978
BiancaGolden_GrandPlies,-67.6888,139.5752,189.7601,-72.8652,-31.4848,-74.8174,0.4276,-0.7093,-0.5604,0.9980,296,11.590466,1.3231,1.3958
BiancaGolden_GrandPlies,-67.4254,139.4097,189.6799,-72.5215,-32.1367,-74.5559,0.4288,-0.7059,-0.5638,0.9980,296,11.605462,1.3257,1.3941
BiancaGolden_GrandPlies,-67.1617,139.2534,189.6076,-72.2849,-32.8167,-74.1427,0.4392,-0.7003,-0.5627,0.9980,297,11.621364,1.3284,1.3925
BiancaGolden_GrandPlies,-66.8918,139.1229,189.5491,-72.0387,-33.4939,-73.5971,0.4481,-0.6928,-0.5650,0.9980,297,11.635523,1.3311,1.3912
BiancaGolden_GrandPlies,-66.5957,139.0066,189.5290,-71.6871,-34.1399,-73.0185,0.4507,-0.6896,-0.5668,0.9980,298,11.648406,1.3340,1.3901
BiancaGolden_GrandPlies,-66.3132,138.8560,189.5763,-71.3603,-34.7731,-72.4296,0.4549,-0.6802,-0.5749,0.9980,298,11.661485,1.3369,1.3886
BiancaGolden_GrandPlies,-66.0352,138.7056,189.6768,-71.1102,-35.3223,-71.9305,0.4599,-0.6773,-0.5743,0.9980,298,11.677251,1.3396,1.3871
BiancaGolden_GrandPlies,-65.8052,138.5606,189.8023,-70.8450,-35.7281,-71.4887,0.4616,-0.6720,-0.5790,0.9980,299,11.691534,1.3419,1.3856
BiancaGolden_GrandPlies,-65.6051,138.4354,189.9912,-70.3970,-36.0238,-71.0953,0.4577,-0.6700,-0.5845,0.9980,299,11.700891,1.3439,1.3844
BiancaGolden_GrandPlies,-65.4012,138.2988,190.1712,-69.8938,-36.2704,-70.7557,0.4537,-0.6702,-0.5873,0.9980,300,11.718634,1.3460,1.3830
BiancaGolden_GrandPlies,-65.2094,138.1607,190.3827,-69.3744,-36.4576,-70.5043,0.4479,-0.6769,-0.5841,0.9980,300,11.731819,1.3479,1.3816
BiancaGolden_GrandPlies,-65.0095,138.0287,190.6273,-68.7391,-36.5279,-70.4481,0.4469,-0.6764,-0.5855,0.9980,300,11.744962,1.3499,1.3803
BiancaGolden_GrandPlies,-64.8314,137.8960,190.8845,-68.0312,-36.4858,-70.4970,0.4440,-0.6783,-0.5855,0.9980,301,11.759185,1.3517,1.3790
BiancaGolden_GrandPlies,-64.6518,137.7699,191.1761,-67.4141,-36.4274,-70.5066,0.4390,-0.6839,-0.5827,0.9980,301,11.774515,1.3535,1.3777
BiancaGolden_GrandPlies,-64.4810,137.6486,191.4955,-66.8293,-36.2611,-70.4119,0.4414,-0.6842,-0.5806,0.9980,302,11.788058,1.3552,1.3765
BiancaGolden_GrandPlies,-64.2980,137.5515,191.8331,-66.2740,-35.9834,-70.1995,0.4426,-0.6860,-0.5775,0.9980,302,11.798391,1.3570,1.3755
BiancaGolden_GrandPlies,-64.1196,137.4711,192.1890,-65.8379,-35.7304,-69.9154,0.4458,-0.6888,-0.5716,0.9980,303,11.812936,1.3588,1.3747
BiancaGolden_GrandPlies,-63.9536,137.4213,192.5317,-65.4787,-35.4260,-69.4871,0.4523,-0.6882,-0.5674,0.9980,303,11.828784,1.3605,1.3742
BiancaGolden_GrandPlies,-63.8230,137.3971,192.8932,-65.0669,-35.0489,-69.0401,0.4571,-0.6881,-0.5636,0.9980,303,11.841839,1.3618,1.3740
BiancaGolden_GrandPlies,-63.6852,137.3450,193.2711,-64.5972,-34.7505,-68.6830,0.4642,-0.6883,-0.5575,0.9980,304,11.854239,1.3631,1.3735
BiancaGolden_GrandPlies,-63.5620,137.2829,193.6820,-64.0414,-34.3835,-68.3667,0.4774,-0.6926,-0.5408,0.9980,304,11.867699,1.3644,1.3728
BiancaGolden_GrandPlies,-63.4431,137.2071,194.1128,-63.4432,-34.1155,-68.1239,0.4803,-0.6967,-0.5328,0.9980,305,11.882491,1.3656,1.3721
BiancaGolden_GrandPlies,-63.3368,137.1606,194.5707,-62.6071,-33.7901,-67.8414,0.4839,-0.7036,-0.5204,0.9980,305,11.897625,1.3666,1.3716
BiancaGolden_GrandPlies,-63.2194,137.1022,195.0552,-61.5956,-33.4746,-67.6535,0.4860,-0.7040,-0.5179,0.9980,306,11.912082,1.3678,1.3710
BiancaGolden_GrandPlies,-63.0969,137.0575,195.5364,-60.4338,-33.0904,-67.5640,0.4819,-0.7124,-0.5102,0.9980,306,11.925570,1.3690,1.3706
BiancaGolden_GrandPlies,-62.9936,137.0055,196.0324,-59.3430,-32.7415,-67.5086,0.4834,-0.7175,-0.5015,0.9980,306,11.938250,1.3701,1.3701
BiancaGolden_GrandPlies,-62.8853,136.9616,196.5270,-58.3887,-32.4176,-67.4496,0.4786,-0.7319,-0.4851,0.9980,307,11.951561,1.3711,1.3696
BiancaGolden_GrandPlies,-62.7845,136.9207,197.0250,-57.4500,-32.0366,-67.3767,0.4780,-0.7404,-0.4725,0.9980,307,11.964956,1.3722,1.3692
BiancaGolden_GrandPlies,-62.6856,136.9054,197.5040,-56.4533,-31.6413,-67.2629,0.4852,-0.7429,-0.4611,0.9980,308,11.980156,1.3731,1.3691
BiancaGolden_GrandPlies,-62.5890,136.9120,197.9860,-55.4537,-31.1880,-67.0704,0.4900,-0.7421,-0.4573,0.9980,308,11.994013,1.3741,1.3691
BiancaGolden_GrandPlies,-62.4825,136.9159,198.4918,-54.5462,-30.7982,-66.8182,0.4931,-0.7450,-0.4492,0.9980,308,12.010495,1.3752,1.3692
BiancaGolden_GrandPlies,-62.3753,136.9301,198.9881,-53.7722,-30.3654,-66.5100,0.4981,-0.7442,-0.4450,0.9980,309,12.022861,1.3762,1.3693
BiancaGolden_GrandPlies,-62.2611,136.9397,199.4914,-53.0461,-29.9807,-66.2445,0.5006,-0.7529,-0.4273,0.9980,309,12.035679,1.3774,1.3694
BiancaGolden_GrandPlies,-62.1198,136.9726,200.0336,-52.4308,-29.6488,-65.9866,0.4930,-0.7613,-0.4210,0.9980,310,12.051138,1.3788,1.3697
BiancaGolden_GrandPlies,-61.9107,137.0631,200.7000,-51.9816,-29.4676,-65.8616,0.4942,-0.7594,-0.4233,0.9980,310,12.064258,1.3809,1.3706
BiancaGolden_GrandPlies,-61.6297,137.2499,201.4689,-51.6327,-29.5234,-65.7795,0.4955,-0.7574,-0.4253,0.9980,311,12.078952,1.3837,1.3725
BiancaGolden_GrandPlies,-61.2537,137.5173,202.4567,-51.2922,-29.8848,-65.5976,0.5020,-0.7507,-0.4295,0.9980,311,12.091085,1.3875,1.3752
BiancaGolden_GrandPlies,-60.8971,137.7856,203.5439,-50.0351,-30.0131,-65.0981,0.5080,-0.7525,-0.4191,0.9980,311,12.106866,1.3910,1.3779
BiancaGolden_GrandPlies,-60.5814,138.0169,204.5304,-47.3117,-29.4826,-64.4219,0.5242,-0.7489,-0.4055,0.9980,312,12.121695,1.3942,1.3802
BiancaGolden_GrandPlies,-60.2211,138.2533,205.4828,-43.6627,-28.5342,-63.8568,0.5274,-0.7559,-0.3879,0.9980,312,12.134398,1.3978,1.3825
BiancaGolden_GrandPlies,-59.8094,138.4856,206.4372,-40.0467,-27.5360,-63.6446,0.5274,-0.7602,-0.3794,0.9980,313,12.149753,1.4019,1.3849
BiancaGolden_GrandPlies,-59.3743,138.7258,207.3428,-36.5739,-26.5803,-63.9202,0.5242,-0.7658,-0.3726,0.9980,313,12.162526,1.4063,1.3873
BiancaGolden_GrandPlies,-58.9705,138.9700,208.1737,-33.3793,-25.7161,-64.4844,0.5069,-0.7851,-0.3559,0.9980,313,12.176312,1.4103,1.3897
BiancaGolden_GrandPlies,-58.5539,139.2557,208.9079,-30.2244,-24.9232,-65.2125,0.4997,-0.7911,-0.3529,0.9980,314,12.189632,1.4145,1.3926
BiancaGolden_GrandPlies,-58.1087,139.5974,209.5967,-27.1919,-24.2363,-65.7212,0.4923,-0.7939,-0.3568,0.9980,314,12.203990,1.4189,1.3960
BiancaGolden_GrandPlies,-57.6097,139.9859,210.1711,-24.0471,-23.6464,-66.1218,0.4817,-0.7947,-0.3694,0.9980,315,12.219268,1.4239,1.3999
BiancaGolden_GrandPlies,-57.0655,140.4044,210.7019,-21.1040,-23.2221,-66.2157,0.4848,-0.7921,-0.3710,0.9980,315,12.232229,1.4293,1.4040
BiancaGolden_GrandPlies,-56.5500,140.8103,211.2025,-18.3129,-22.9152,-66.1152,0.4858,-0.7895,-0.3750,0.9980,315,12.244755,1.4345,1.4081
BiancaGolden_GrandPlies,-56.0396,141.2174,211.5902,-15.6814,-22.8067,-65.8575,0.4799,-0.7881,-0.3855,0.9980,316,12.257523,1.4396,1.4122
BiancaGolden_GrandPlies,-55.5499,141.5797,211.9013,-13.3512,-22.8688,-65.4732,0.4759,-0.7740,-0.4176,0.9980,316,12.275720,1.4445,1.4158
BiancaGolden_GrandPlies,-55.0252,141.9279,212.1465,-11.0214,-22.8895,-65.2342,0.4692,-0.7670,-0.4377,0.9980,317,12.286049,1.4497,1.4193
BiancaGolden_GrandPlies,-54.4987,142.3046,212.4059,-8.8882,-22.9848,-65.0388,0.4560,-0.7659,-0.4532,0.9980,317,12.300039,1.4550,1.4230
BiancaGolden_GrandPlies,-53.9919,142.6277,212.5954,-7.0034,-23.1607,-64.8469,0.4451,-0.7667,-0.4626,0.9980,318,12.315064,1.4601,1.4263
BiancaGolden_GrandPlies,-53.4657,142.9228,212.7343,-5.1024,-23.3093,-64.6836,0.4436,-0.7645,-0.4677,0.9980,318,12.328446,1.4653,1.4292
BiancaGolden_GrandPlies,-52.9024,143.2369,212.8778,-3.2195,-23.4982,-64.5500,0.4402,-0.7651,-0.4700,0.9980,318,12.342924,1.4710,1.4324
BiancaGolden_GrandPlies,-52.2942,143.5810,212.9682,-1.1982,-23.6990,-64.3585,0.4393,-0.7625,-0.4751,0.9980,319,12.356340,1.4771,1.4358
BiancaGolden_GrandPlies,-51.6795,143.8930,213.0320,0.9003,-23.8898,-64.1507,0.4250,-0.7657,-0.4828,0.9980,319,12.369689,1.4832,1.4389
BiancaGolden_GrandPlies,-51.0307,144.1912,213.0402,3.3789,-24.0775,-64.0162,0.4209,-0.7679,-0.4829,0.9980,320,12.386198,1.4897,1.4419
BiancaGolden_GrandPlies,-50.3893,144.5421,212.9718,6.3655,-23.9157,-64.0245,0.4115,-0.7735,-0.4820,0.9980,320,12.399587,1.4961,1.4454
BiancaGolden_GrandPlies,-49.7367,144.8599,212.9582,9.5754,-23.7209,-64.4149,0.3983,-0.7809,-0.4811,0.9980,321,12.412110,1.5026,1.4486
BiancaGolden_GrandPlies,-49.1048,145.1147,212.9979,13.1484,-23.5076,-65.1758,0.3843,-0.7926,-0.4734,0.9980,321,12.426060,1.5090,1.4511
BiancaGolden_GrandPlies,-48.4118,145.3981,213.0123,16.8712,-23.1796,-65.9985,0.3659,-0.8041,-0.4686,0.9980,321,12.441869,1.5159,1.4540
BiancaGolden_GrandPlies,-47.6103,145.7217,212.9825,20.5770,-22.9157,-66.8521,0.3517,-0.8126,-0.4648,0.9980,322,12.452414,1.5239,1.4572
BiancaGolden_GrandPlies,-46.7421,146.1006,212.7909,23.9406,-22.5779,-67.6126,0.3372,-0.8218,-0.4592,0.9980,322,12.466931,1.5326,1.4610
BiancaGolden_GrandPlies,-45.8706,146.4558,212.5077,26.9841,-22.1917,-68.2532,0.3293,-0.8282,-0.4535,0.9980,323,12.483353,1.5413,1.4646
BiancaGolden_GrandPlies,-44.9904,146.7860,212.1659,29.9600,-21.7424,-68.6926,0.3229,-0.8349,-0.4457,0.9980,323,12.494337,1.5501,1.4679
BiancaGolden_GrandPlies,-44.0851,147.1154,211.8149,32.7995,-21.2605,-68.9791,0.3306,-0.8330,-0.4436,0.9980,323,12.511587,1.5591,1.4712
BiancaGolden_GrandPlies,-43.1255,147.4235,211.3913,35.3480,-20.7353,-69.0525,0.3343,-0.8337,-0.4396,0.9980,324,12.523258,1.5687,1.4742
BiancaGolden_GrandPlies,-42.1304,147.6985,210.9347,37.6256,-20.2635,-68.8805,0.3318,-0.8288,-0.4505,0.9980,324,12.537926,1.5787,1.4770
BiancaGolden_GrandPlies,-41.1152,147.9872,210.4367,39.8152,-19.8241,-68.7087,0.3397,-0.8207,-0.4594,0.9980,325,12.552159,1.5888,1.4799
BiancaGolden_GrandPlies,-40.1059,148.2909,209.8538,41.7288,-19.4863,-68.4624,0.3387,-0.8218,-0.4581,0.9980,325,12.566140,1.5989,1.4829
BiancaGolden_GrandPlies,-39.1513,148.6114,209.2132,43.5787,-19.3787,-68.2672,0.3339,-0.8198,-0.4653,0.9980,326,12.580733,1.6085,1.4861
BiancaGolden_GrandPlies,-38.2563,148.9410,208.5467,45.3187,-19.4066,-68.0519,0.3262,-0.8180,-0.4738,0.9980,326,12.592936,1.6174,1.4894
BiancaGolden_GrandPlies,-37.4026,149.3074,207.7818,46.8743,-19.6517,-67.8006,0.3191,-0.8126,-0.4877,0.9980,326,12.607784,1.6260,1.4931
BiancaGolden_GrandPlies,-36.6065,149.6748,206.9462,48.2240,-19.8941,-67.5404,0.3147,-0.8023,-0.5073,0.9980,327,12.619988,1.6339,1.4967
BiancaGolden_GrandPlies,-35.8781,149.9882,206.1214,49.1141,-20.3300,-67.3287,0.3018,-0.7962,-0.5244,0.9980,327,12.633176,1.6412,1.4999
BiancaGolden_GrandPlies,-35.0856,150.2470,205.4132,49.9537,-20.9456,-67.0384,0.3042,-0.7857,-0.5387,0.9980,328,12.649734,1.6491,1.5025
BiancaGolden_GrandPlies,-34.1686,150.5196,204.7517,50.7472,-21.6639,-66.4462,0.3116,-0.7742,-0.5510,0.9980,328,12.663098,1.6583,1.5052
BiancaGolden_GrandPlies,-33.1942,150.7748,204.0958,51.2707,-22.5255,-65.5480,0.3211,-0.7540,-0.5730,0.9980,328,12.676903,1.6681,1.5077
BiancaGolden_GrandPlies,-32.1729,150.9971,203.5569,51.4076,-23.8248,-64.2479,0.3267,-0.7351,-0.5941,0.9980,329,12.692244,1.6783,1.5100
BiancaGolden_GrandPlies,-31.2435,151.2561,202.9658,51.0301,-24.9705,-62.8870,0.3325,-0.7207,-0.6083,0.9980,329,12.702802,1.6876,1.5126
BiancaGolden_GrandPlies,-30.4775,151.5288,202.3242,50.3662,-26.0536,-61.5875,0.3384,-0.7109,-0.6165,0.9980,330,12.718242,1.6952,1.5153
BiancaGolden_GrandPlies,-29.8439,151.7628,201.6546,49.7856,-26.9596,-60.4819,0.3276,-0.7188,-0.6132,0.9980,330,12.731612,1.7016,1.5176
BiancaGolden_GrandPlies,-29.2459,151.9743,201.0205,49.5774,-27.9629,-59.8031,0.3271,-0.7084,-0.6254,0.9980,331,12.748137,1.7075,1.5197
BiancaGolden_GrandPlies,-28.6698,152.1353,200.4737,49.8289,-28.8964,-59.4728,0.3093,-0.7220,-0.6189,0.9980,331,12.760398,1.7133,1.5214
BiancaGolden_GrandPlies,-28.0531,152.3067,200.0485,50.5012,-29.8785,-59.3863,0.2942,-0.7246,-0.6232,0.9980,331,12.778468,1.7195,1.5231
BiancaGolden_GrandPlies,-27.4481,152.4226,199.7458,51.7270,-30.8435,-59.6417,0.2640,-0.7441,-0.6137,0.9980,332,12.789740,1.7255,1.5242
BiancaGolden_GrandPlies,-26.8216,152.5381,199.4477,52.9998,-31.6037,-59.9116,0.2432,-0.7611,-0.6013,0.9980,332,12.800153,1.7318,1.5254
BiancaGolden_GrandPlies,-26.2380,152.6053,199.1258,54.1502,-32.1863,-59.9867,0.2340,-0.7730,-0.5896,0.9980,333,12.817355,1.7376,1.5261
BiancaGolden_GrandPlies,-25.6873,152.7063,198.7737,54.8815,-32.6069,-59.9441,0.2331,-0.7705,-0.5933,0.9980,333,12.831327,1.7431,1.5271
BiancaGolden_GrandPlies,-25.2101,152.8125,198.4191,55.3661,-32.9804,-59.8687,0.2271,-0.7803,-0.5827,0.9980,333,12.843697,1.7479,1.5281
BiancaGolden_GrandPlies,-24.7950,152.9104,198.0962,55.7324,-33.2840,-59.7861,0.2255,-0.7897,-0.5706,0.9980,334,12.858880,1.7520,1.5291
BiancaGolden_GrandPlies,-24.4288,152.9847,197.8300,56.2278,-33.6895,-59.6588,0.2312,-0.7978,-0.5569,0.9980,334,12.871038,1.7557,1.5298
BiancaGolden_GrandPlies,-24.1065,153.0366,197.5936,56.7093,-34.0348,-59.5316,0.2328,-0.7964,-0.5582,0.9980,335,12.886983,1.7589,1.5304
BiancaGolden_GrandPlies,-23.8068,153.0643,197.3772,57.1063,-34.2744,-59.3751,0.2251,-0.8025,-0.5526,0.9980,335,12.900816,1.7619,1.5306
BiancaGolden_GrandPlies,-23.5469,153.0671,197.2345,57.4079,-34.4833,-59.2453,0.2260,-0.8012,-0.5541,0.9980,336,12.914263,1.7645,1.5307
BiancaGolden_GrandPlies,-23.3078,153.0578,197.1299,57.6346,-34.6430,-59.1444,0.2202,-0.8088,-0.5452,0.9980,336,12.928296,1.7669,1.5306
BiancaGolden_GrandPlies,-23.0971,153.0525,197.0577,57.7264,-34.7844,-59.1755,0.2203,-0.8080,-0.5465,0.9980,336,12.942225,1.7690,1.5305
BiancaGolden_GrandPlies,-22.9244,153.0076,197.0095,57.4900,-34.8295,-59.0961,0.2170,-0.8145,-0.5381,0.9980,337,12.955137,1.7708,1.5301
BiancaGolden_GrandPlies,-22.7777,152.9469,196.9802,57.2732,-34.9491,-58.9571,0.2157,-0.8195,-0.5310,0.9980,337,12.968925,1.7722,1.5295
BiancaGolden_GrandPlies,-22.6740,152.8595,196.9729,56.9779,-35.0898,-58.6905,0.2106,-0.8197,-0.5327,0.9980,338,12.984285,1.7733,1.5286
BiancaGolden_GrandPlies,-22.6277,152.7371,197.0025,56.7411,-35.2966,-58.3530,0.2133,-0.8162,-0.5369,0.9980,338,12.996752,1.7737,1.5274
BiancaGolden_GrandPlies,-22.6013,152.6123,197.0580,56.4458,-35.5179,-58.0461,0.2104,-0.8149,-0.5401,0.9980,338,13.011468,1.7740,1.5261
BiancaGolden_GrandPlies,-22.6112,152.4669,197.1209,56.0277,-35.6111,-57.8333,0.2103,-0.8157,-0.5389,0.9980,339,13.025194,1.7739,1.5247
BiancaGolden_GrandPlies,-22.6871,152.2810,197.2008,55.6032,-35.6351,-57.6500,0.2070,-0.8164,-0.5392,0.9980,339,13.038918,1.7731,1.5228
BiancaGolden_GrandPlies,-22.7771,152.0766,197.3111,55.3269,-35.6718,-57.5092,0.2016,-0.8183,-0.5383,0.9980,340,13.053570,1.7722,1.5208
BiancaGolden_GrandPlies,-22.9181,151.8432,197.4649,55.0698,-35.7021,-57.4114,0.1971,-0.8226,-0.5334,0.9980,340,13.067712,1.7708,1.5184
BiancaGolden_GrandPlies,-23.0855,151.6143,197.6322,54.7331,-35.7055,-57.4238,0.1956,-0.8219,-0.5349,0.9980,341,13.080528,1.7691,1.5161
BiancaGolden_GrandPlies,-23.3055,151.3723,197.7938,54.4014,-35.7242,-57.4714,0.1938,-0.8213,-0.5366,0.9980,341,13.094942,1.7669,1.5137
BiancaGolden_GrandPlies,-23.5880,151.1049,197.9615,54.0476,-35.7975,-57.5028,0.1920,-0.8206,-0.5383,0.9980,341,13.109360,1.7641,1.5110
BiancaGolden_GrandPlies,-23.9640,150.8221,198.1667,53.7347,-35.9052,-57.5764,0.1917,-0.8189,-0.5409,0.9980,342,13.122558,1.7604,1.5082
BiancaGolden_GrandPlies,-24.3623,150.5047,198.4060,53.4471,-36.0332,-57.5803,0.1934,-0.8143,-0.5472,0.9980,342,13.136540,1.7564,1.5050
BiancaGolden_GrandPlies,-24.7711,150.1576,198.6783,53.1420,-36.0573,-57.5735,0.1946,-0.8136,-0.5479,0.9980,343,13.150793,1.7523,1.5016
BiancaGolden_GrandPlies,-25.2285,149.7717,198.9940,52.7985,-36.0112,-57.4756,0.1978,-0.8125,-0.5484,0.9980,343,13.164652,1.7477,1.4977
BiancaGolden_GrandPlies,-25.7189,149.3359,199.3236,52.3367,-35.9082,-57.2019,0.2043,-0.8098,-0.5500,0.9980,344,13.180199,1.7428,1.4934
BiancaGolden_GrandPlies,-26.2287,148.8675,199.6666,51.7427,-35.8425,-56.7923,0.2128,-0.8034,-0.5561,0.9980,344,13.192862,1.7377,1.4887
BiancaGolden_GrandPlies,-26.7798,148.3599,200.0058,50.7787,-35.7290,-56.1821,0.2416,-0.7552,-0.6094,0.9980,344,13.207988,1.7322,1.4836
BiancaGolden_GrandPlies,-27.3905,147.8267,200.3095,49.5361,-35.6175,-55.5121,0.2445,-0.7185,-0.6512,0.9980,345,13.220453,1.7261,1.4783
BiancaGolden_GrandPlies,-28.0750,147.2930,200.5557,48.1109,-35.5826,-54.7346,0.2592,-0.6694,-0.6962,0.9980,345,13.233126,1.7192,1.4729
BiancaGolden_GrandPlies,-28.8293,146.7457,200.7866,46.6006,-35.6704,-53.9853,0.2676,-0.6590,-0.7029,0.9980,346,13.248481,1.7117,1.4675
BiancaGolden_GrandPlies,-29.6607,146.1331,200.9931,44.9745,-35.8943,-53.2453,0.2732,-0.6260,-0.7304,0.9980,346,13.262752,1.7034,1.4613
BiancaGolden_GrandPlies,-30.5093,145.4945,201.2109,43.4338,-36.1341,-52.6479,0.2725,-0.5892,-0.7607,0.9980,347,13.280117,1.6949,1.4549
BiancaGolden_GrandPlies,-31.4267,144.8325,201.4277,41.9782,-36.4409,-52.1629,0.2680,-0.5576,-0.7857,0.9980,347,13.290473,1.6857,1.4483
BiancaGolden_GrandPlies,-32.3712,144.1663,201.6281,40.6294,-36.6779,-51.7771,0.2692,-0.5422,-0.7960,0.9980,347,13.304212,1.6763,1.4417
BiancaGolden_GrandPlies,-33.3868,143.4627,201.7929,39.3014,-36.8730,-51.3842,0.2703,-0.5318,-0.8025,0.9980,348,13.317819,1.6661,1.4346
BiancaGolden_GrandPlies,-34.4526,142.6970,201.9337,38.0556,-37.0691,-50.9186,0.2772,-0.5234,-0.8057,0.9980,348,13.330426,1.6555,1.4270
BiancaGolden_GrandPlies,-35.5612,141.9456,202.0267,36.8095,-37.1716,-50.4894,0.2744,-0.5241,-0.8063,0.9980,348,13.345129,1.6444,1.4195
BiancaGolden_GrandPlies,-36.7316,141.1845,202.0845,35.4530,-37.2055,-50.0216,0.2750,-0.5255,-0.8051,0.9980,349,13.359657,1.6327,1.4118
BiancaGolden_GrandPlies,-37.9429,140.4075,202.1343,34.0242,-37.1567,-49.5003,0.2825,-0.5240,-0.8035,0.9980,349,13.373027,1.6206,1.4041
BiancaGolden_GrandPlies,-39.1790,139.5979,202.1377,32.5913,-37.0387,-48.8802,0.2938,-0.5199,-0.8021,0.9980,350,13.388659,1.6082,1.3960
BiancaGolden_GrandPlies,-40.4124,138.7674,202.1074,31.1426,-36.8022,-48.2986,0.3023,-0.5235,-0.7966,0.9980,350,13.401630,1.5959,1.3877
BiancaGolden_GrandPlies,-41.6839,137.9261,202.0544,29.7049,-36.4758,-47.6775,0.3157,-0.5172,-0.7955,0.9980,351,13.415081,1.5832,1.3793
BiancaGolden_GrandPlies,-42.9842,137.0487,201.9522,28.2216,-36.0957,-46.9921,0.3315,-0.5148,-0.7906,0.9980,351,13.428301,1.5702,1.3705
BiancaGolden_GrandPlies,-44.3407,136.1846,201.8094,26.8478,-35.7443,-46.1330,0.3418,-0.5069,-0.7913,0.9980,351,13.443855,1.5566,1.3618
BiancaGolden_GrandPlies,-45.7266,135.3376,201.6454,25.3918,-35.4887,-45.1949,0.3545,-0.4990,-0.7908,0.9980,352,13.456716,1.5427,1.3534
BiancaGolden_GrandPlies,-47.1560,134.5059,201.4504,23.7441,-35.3211,-44.0967,0.3641,-0.4897,-0.7923,0.9980,352,13.469707,1.5284,1.3451
BiancaGolden_GrandPlies,-48.6029,133.6646,201.2257,21.8780,-35.2050,-42.9997,0.3750,-0.4785,-0.7940,0.9980,353,13.484777,1.5140,1.3366
BiancaGolden_GrandPlies,-50.1230,132.8315,200.9978,19.7713,-35.1103,-41.9841,0.3890,-0.4659,-0.7948,0.9980,353,13.498960,1.4988,1.3283
BiancaGolden_GrandPlies,-51.6912,131.9803,200.8094,17.7062,-34.9230,-41.2081,0.3959,-0.4642,-0.7923,0.9980,354,13.513598,1.4831,1.3198
BiancaGolden_GrandPlies,-53.3088,131.1039,200.6524,15.8889,-34.6811,-40.6717,0.3812,-0.4945,-0.7811,0.9980,354,13.527571,1.4669,1.3110
BiancaGolden_GrandPlies,-54.8883,130.1252,200.5590,14.6090,-34.6833,-40.3511,0.3769,-0.5012,-0.7789,0.9980,354,13.540504,1.4511,1.3013
BiancaGolden_GrandPlies,-56.4344,129.1360,200.6206,13.9380,-34.9143,-39.9567,0.3683,-0.5116,-0.7763,0.9980,355,13.554488,1.4357,1.2914
BiancaGolden_GrandPlies,-58.0136,128.2075,200.7850,13.8189,-35.4018,-39.5568,0.3622,-0.5033,-0.7845,0.9980,355,13.567614,1.4199,1.2821
BiancaGolden_GrandPlies,-59.5741,127.2777,200.9867,13.5676,-36.1742,-39.2677,0.3587,-0.4934,-0.7924,0.9980,356,13.583488,1.4043,1.2728
BiancaGolden_GrandPlies,-61.1182,126.3437,201.2021,13.1835,-36.8545,-38.9217,0.3557,-0.4918,-0.7948,0.9980,356,13.597392,1.3888,1.2634
BiancaGolden_GrandPlies,-62.6911,125.4744,201.4032,12.4830,-37.1558,-38.4948,0.3567,-0.4934,-0.7933,0.9980,356,13.611160,1.3731,1.2547
BiancaGolden_GrandPlies,-64.3603,124.6629,201.5113,11.7539,-37.2018,-38.1011,0.3648,-0.4906,-0.7913,0.9980,357,13.624099,1.3564,1.2466
BiancaGolden_GrandPlies,-65.9827,123.8504,201.6907,11.0825,-37.2957,-37.8178,0.3714,-0.4956,-0.7851,0.9980,357,13.636793,1.3402,1.2385
BiancaGolden_GrandPlies,-67.4941,123.0409,202.0180,10.6120,-37.5067,-37.7130,0.3766,-0.4976,-0.7814,0.9980,358,13.652746,1.3251,1.2304
BiancaGolden_GrandPlies,-68.9203,122.2436,202.5386,10.4528,-37.9228,-37.5732,0.3725,-0.4940,-0.7856,0.9980,358,13.665413,1.3108,1.2224
BiancaGolden_GrandPlies,-70.1779,121.5411,203.1753,10.5292,-38.4066,-37.5388,0.3738,-0.4910,-0.7869,0.9980,359,13.681010,1.2982,1.2154
BiancaGolden_GrandPlies,-71.4732,120.8634,203.6949,10.3244,-38.5202,-37.3204,0.3806,-0.4941,-0.7817,0.9980,359,13.693817,1.2853,1.2086
BiancaGolden_GrandPlies,-72.7414,120.1817,204.1634,10.1794,-38.3631,-36.9434,0.3996,-0.4945,-0.7718,0.9980,359,13.708385,1.2726,1.2018
BiancaGolden_GrandPlies,-73.9937,119.5515,204.6367,9.9871,-38.0596,-36.5380,0.4173,-0.4973,-0.7606,0.9980,360,13.722167,1.2601,1.1955
BiancaGolden_GrandPlies,-75.2015,118.9856,205.0334,9.6825,-37.3862,-36.2368,0.4372,-0.4932,-0.7520,0.9980,360,13.734460,1.2480,1.1899
BiancaGolden_GrandPlies,-76.3956,118.4338,205.4442,9.2408,-36.8311,-36.1029,0.4412,-0.4940,-0.7492,0.9980,361,13.750202,1.2360,1.1843
BiancaGolden_GrandPlies,-77.5042,117.9084,205.8770,8.8132,-36.5060,-36.0963,0.4458,-0.4940,-0.7465,0.9980,361,13.763496,1.2250,1.1791
BiancaGolden_GrandPlies,-78.5728,117.4048,206.3346,8.4908,-36.3533,-36.1530,0.4476,-0.4925,-0.7464,0.9980,362,13.781753,1.2143,1.1740
BiancaGolden_GrandPlies,-79.6078,116.9814,206.7686,8.2468,-36.2775,-36.1911,0.4434,-0.4875,-0.7522,0.9980,362,13.791101,1.2039,1.1698
BiancaGolden_GrandPlies,-80.6441,116.5840,207.1492,8.0516,-36.2196,-36.1911,0.4427,-0.4847,-0.7544,0.9980,362,13.805318,1.1936,1.1658
BiancaGolden_GrandPlies,-81.6682,116.2332,207.4464,7.8862,-36.1442,-36.0415,0.4485,-0.4808,-0.7534,0.9980,363,13.819354,1.1833,1.1623
BiancaGolden_GrandPlies,-82.6347,115.9141,207.7114,7.7131,-35.9593,-35.8844,0.4534,-0.4792,-0.7515,0.9980,363,13.832753,1.1737,1.1591
BiancaGolden_GrandPlies,-83.5621,115.5843,207.9759,7.4659,-35.7548,-35.6002,0.4643,-0.4734,-0.7485,0.9980,364,13.847563,1.1644,1.1558
BiancaGolden_GrandPlies,-84.4069,115.3211,208.2254,7.1643,-35.4349,-35.3496,0.4741,-0.4708,-0.7440,0.9980,364,13.862313,1.1559,1.1532
BiancaGolden_GrandPlies,-85.2810,115.0683,208.4548,6.8339,-35.1014,-35.0356,0.4804,-0.4653,-0.7434,0.9980,364,13.877214,1.1472,1.1507
BiancaGolden_GrandPlies,-86.1583,114.8583,208.6281,6.6165,-34.8169,-34.7499,0.4879,-0.4582,-0.7430,0.9980,365,13.889153,1.1384,1.1486
BiancaGolden_GrandPlies,-87.0460,114.6803,208.7369,6.6093,-34.5542,-34.3673,0.4876,-0.4514,-0.7473,0.9980,365,13.900757,1.1295,1.1468
BiancaGolden_GrandPlies,-87.9295,114.5252,208.8420,6.6195,-34.4237,-33.8721,0.4925,-0.4478,-0.7462,0.9980,366,13.917852,1.1207,1.1453
BiancaGolden_GrandPlies,-88.8171,114.4035,208.9104,6.5784,-34.3324,-33.3621,0.4937,-0.4424,-0.7487,0.9980,366,13.930660,1.1118,1.1440
BiancaGolden_GrandPlies,-89.6891,114.3140,208.9578,6.3250,-34.2809,-33.0243,0.4943,-0.4347,-0.7528,0.9980,366,13.944559,1.1031,1.1431
BiancaGolden_GrandPlies,-90.5406,114.2377,209.0014,6.0174,-34.2825,-32.8039,0.4954,-0.4315,-0.7539,0.9980,367,13.959704,1.0946,1.1424
BiancaGolden_GrandPlies,-91.3942,114.1514,209.0336,5.7864,-34.3415,-32.6142,0.4916,-0.4275,-0.7586,0.9980,367,13.970678,1.0861,1.1415
BiancaGolden_GrandPlies,-92.2556,114.0720,209.0484,5.7005,-34.3706,-32.4707,0.4927,-0.4261,-0.7587,0.9980,368,13.986032,1.0774,1.1407
BiancaGolden_GrandPlies,-93.1455,113.9940,209.0473,5.6547,-34.3755,-32.3175,0.4943,-0.4257,-0.7579,0.9980,368,14.000484,1.0685,1.1399
BiancaGolden_GrandPlies,-94.0180,113.9461,209.0111,5.5797,-34.2948,-32.2469,0.4967,-0.4265,-0.7559,0.9980,369,14.014032,1.0598,1.1395
BiancaGolden_GrandPlies,-94.8854,113.9003,208.9726,5.3889,-34.1468,-32.2302,0.4976,-0.4316,-0.7524,0.9980,369,14.028623,1.0511,1.1390
BiancaGolden_GrandPlies,-95.7458,113.8874,208.9193,5.0901,-33.9264,-32.3132,0.4987,-0.4338,-0.7504,0.9980,369,14.043220,1.0425,1.1389
BiancaGolden_GrandPlies,-96.5965,113.8840,208.8586,4.7992,-33.7471,-32.4292,0.5004,-0.4358,-0.7481,0.9980,370,14.057214,1.0340,1.1388
BiancaGolden_GrandPlies,-97.4507,113.9044,208.7940,4.5148,-33.5633,-32.5491,0.5033,-0.4392,-0.7442,0.9980,370,14.069189,1.0255,1.1390
BiancaGolden_GrandPlies,-98.3049,113.9582,208.6971,4.2863,-33.3637,-32.7642,0.5044,-0.4415,-0.7421,0.9980,371,14.083066,1.0170,1.1396
BiancaGolden_GrandPlies,-99.1329,114.0047,208.5959,4.0834,-33.1768,-32.9299,0.5060,-0.4441,-0.7394,0.9980,371,14.098232,1.0087,1.1400
BiancaGolden_GrandPlies,-99.9102,114.0906,208.5004,3.9614,-32.9230,-33.1458,0.5079,-0.4475,-0.7361,0.9980,372,14.113602,1.0009,1.1409
BiancaGolden_GrandPlies,-100.6711,114.1803,208.3818,3.8411,-32.6039,-33.4040,0.5096,-0.4516,-0.7324,0.9980,372,14.128593,0.9933,1.1418
BiancaGolden_GrandPlies,-101.4392,114.2882,208.2297,3.7774,-32.2131,-33.6480,0.5105,-0.4568,-0.7285,0.9980,372,14.143113,0.9856,1.1429
BiancaGolden_GrandPlies,-102.2250,114.4085,208.0164,3.7202,-31.7204,-33.9224,0.5147,-0.4555,-0.7263,0.9980,373,14.154293,0.9778,1.1441
BiancaGolden_GrandPlies,-103.0030,114.5378,207.7626,3.7417,-31.2637,-34.2365,0.5168,-0.4626,-0.7204,0.9980,373,14.167316,0.9700,1.1454
BiancaGolden_GrandPlies,-103.7716,114.6934,207.4491,3.8898,-30.7613,-34.6013,0.5197,-0.4665,-0.7157,0.9980,374,14.182649,0.9623,1.1469
BiancaGolden_GrandPlies,-104.5490,114.8453,207.1390,3.9939,-30.3710,-34.8605,0.5231,-0.4690,-0.7116,0.9980,374,14.196107,0.9545,1.1485
BiancaGolden_GrandPlies,-105.3192,115.0025,206.8278,4.0857,-30.0326,-35.1224,0.5272,-0.4687,-0.7088,0.9980,374,14.210723,0.9468,1.1500
BiancaGolden_GrandPlies,-106.0865,115.1608,206.5410,3.9943,-29.7437,-35.2572,0.5331,-0.4644,-0.7072,0.9980,375,14.223693,0.9391,1.1516
BiancaGolden_GrandPlies,-106.7759,115.2925,206.2735,3.8290,-29.5499,-35.3939,0.5317,-0.4649,-0.7079,0.9980,375,14.233653,0.9322,1.1529
BiancaGolden_GrandPlies,-107.4222,115.3726,206.1035,3.5341,-29.3841,-35.5955,0.5345,-0.4688,-0.7032,0.9980,376,14.249904,0.9258,1.1537
BiancaGolden_GrandPlies,-108.0819,115.4539,205.9161,3.2331,-28.9789,-35.8382,0.5396,-0.4643,-0.7024,0.9980,376,14.263714,0.9192,1.1545
BiancaGolden_GrandPlies,-108.7713,115.5121,205.7164,3.0976,-28.4884,-36.0701,0.5480,-0.4584,-0.6997,0.9980,377,14.283191,0.9123,1.1551
BiancaGolden_GrandPlies,-109.5491,115.5529,205.5535,3.6288,-27.9735,-35.6844,0.5570,-0.4601,-0.6914,0.9980,377,14.304815,0.9045,1.1555
BiancaGolden_GrandPlies,-111.0090,115.6647,205.2925,4.1053,-27.3167,-35.4637,0.5618,-0.4618,-0.6864,0.9980,378,14.319892,0.8899,1.1566
BiancaGolden_GrandPlies,-111.7530,115.6449,205.3915,4.5541,-27.0348,-35.1861,0.5631,-0.4627,-0.6847,0.9980,378,14.333493,0.8825,1.1564
BiancaGolden_GrandPlies,-112.5001,115.5211,205.5963,5.0055,-26.9347,-35.0109,0.5670,-0.4658,-0.6793,0.9980,379,14.346766,0.8750,1.1552
BiancaGolden_GrandPlies,-113.2443,115.3338,205.8303,5.3761,-26.7444,-35.0406,0.5644,-0.4680,-0.6800,0.9980,379,14.360303,0.8676,1.1533
BiancaGolden_GrandPlies,-114.0048,115.0537,206.1625,5.7283,-26.5950,-35.1879,0.5610,-0.4700,-0.6815,0.9980,379,14.375702,0.8600,1.1505
BiancaGolden_GrandPlies,-114.7838,114.7651,206.5308,5.9332,-26.4090,-35.5178,0.5569,-0.4709,-0.6842,0.9980,380,14.390628,0.8522,1.1477
BiancaGolden_GrandPlies,-115.6399,114.4639,206.9547,6.1049,-26.3779,-35.9262,0.5514,-0.4701,-0.6891,0.9980,380,14.401742,0.8436,1.1446
BiancaGolden_GrandPlies,-116.5040,114.1704,207.3911,6.0978,-26.4148,-36.3197,0.5481,-0.4728,-0.6899,0.9980,381,14.418636,0.8350,1.1417
BiancaGolden_GrandPlies,-117.3486,113.8602,207.8557,6.0450,-26.4752,-36.6682,0.5456,-0.4721,-0.6924,0.9980,381,14.432607,0.8265,1.1386
BiancaGolden_GrandPlies,-118.1329,113.5264,208.3408,5.8793,-26.4258,-36.9201,0.5482,-0.4727,-0.6899,0.9980,381,14.444962,0.8187,1.1353
BiancaGolden_GrandPlies,-118.8832,113.1661,208.8363,5.5707,-26.1820,-37.1476,0.5590,-0.4685,-0.6841,0.9980,382,14.459944,0.8112,1.1317
BiancaGolden_GrandPlies,-119.6239,112.7980,209.3088,5.2175,-25.8376,-37.3256,0.5626,-0.4718,-0.6789,0.9980,382,14.472673,0.8038,1.1280
BiancaGolden_GrandPlies,-120.3583,112.4116,209.7319,4.8715,-25.4124,-37.4958,0.5694,-0.4639,-0.6787,0.9980,383,14.487642,0.7964,1.1241
BiancaGolden_GrandPlies,-121.0871,112.0166,210.1309,4.6341,-25.0472,-37.6007,0.5721,-0.4666,-0.6745,0.9980,383,14.500977,0.7891,1.1202
BiancaGolden_GrandPlies,-121.8301,111.6276,210.5241,4.3960,-24.7187,-37.7329,0.5767,-0.4640,-0.6724,0.9980,384,14.515423,0.7817,1.1163
BiancaGolden_GrandPlies,-122.6098,111.2447,210.9094,4.1213,-24.5232,-37.9147,0.5813,-0.4688,-0.6650,0.9980,384,14.530261,0.7739,1.1124
BiancaGolden_GrandPlies,-123.3883,110.8384,211.2521,3.8171,-24.3228,-38.1453,0.5729,-0.4910,-0.6563,0.9980,384,14.544392,0.7661,1.1084
BiancaGolden_GrandPlies,-124.1819,110.4110,211.5397,3.4812,-24.0778,-38.3704,0.5504,-0.5260,-0.6483,0.9980,385,14.557165,0.7582,1.1041
BiancaGolden_GrandPlies,-124.9658,109.9645,211.7935,3.2629,-23.7947,-38.5015,0.5555,-0.5294,-0.6412,0.9980,385,14.570291,0.7503,1.0996
BiancaGolden_GrandPlies,-125.7569,109.5049,212.0178,3.0982,-23.4619,-38.5354,0.5633,-0.5260,-0.6372,0.9980,386,14.585749,0.7424,1.0950
BiancaGolden_GrandPlies,-126.5441,109.0379,212.1818,2.9085,-23.1113,-38.4794,0.5675,-0.5263,-0.6332,0.9980,386,14.598897,0.7346,1.0904
BiancaGolden_GrandPlies,-127.3201,108.5363,212.3249,2.6874,-22.8004,-38.3849,0.5703,-0.5207,-0.6353,0.9980,387,14.613655,0.7268,1.0854
BiancaGolden_GrandPlies,-128.0771,108.0296,212.4804,2.3714,-22.5211,-38.2307,0.5788,-0.5137,-0.6334,0.9980,387,14.626196,0.7192,1.0803
BiancaGolden_GrandPlies,-128.8503,107.4979,212.6110,2.1596,-22.3011,-38.0570,0.5835,-0.5080,-0.6335,0.9980,387,14.641353,0.7115,1.0750
BiancaGolden_GrandPlies,-129.6718,106.9448,212.6751,1.8585,-22.1267,-37.8495,0.5892,-0.5035,-0.6319,0.9980,388,14.654325,0.7033,1.0694
BiancaGolden_GrandPlies,-130.4894,106.3635,212.7362,1.5344,-21.9612,-37.6871,0.5929,-0.5017,-0.6299,0.9980,388,14.666723,0.6951,1.0636
BiancaGolden_GrandPlies,-131.3120,105.7413,212.8019,1.2079,-21.8143,-37.5339,0.5958,-0.4928,-0.6341,0.9980,389,14.682432,0.6869,1.0574
BiancaGolden_GrandPlies,-132.1368,105.0928,212.8560,0.8974,-21.6313,-37.3806,0.6007,-0.4886,-0.6328,0.9980,389,14.696468,0.6786,1.0509
BiancaGolden_GrandPlies,-132.9773,104.4127,212.8734,0.5873,-21.4445,-37.2295,0.6044,-0.4874,-0.6302,0.9980,389,14.710158,0.6702,1.0441
BiancaGolden_GrandPlies,-133.8193,103.7104,212.8530,0.2674,-21.2477,-37.1189,0.6093,-0.4788,-0.6321,0.9980,390,14.724321,0.6618,1.0371
BiancaGolden_GrandPlies,-134.6808,102.9641,212.8027,-0.0350,-21.0197,-36.9970,0.6104,-0.4737,-0.6349,0.9980,390,14.736400,0.6532,1.0296
BiancaGolden_GrandPlies,-135.5649,102.1691,212.7052,-0.2900,-20.8125,-36.8875,0.6127,-0.4735,-0.6328,0.9980,391,14.752357,0.6444,1.0217
BiancaGolden_GrandPlies,-136.4485,101.3278,212.6001,-0.4949,-20.6563,-36.8614,0.6139,-0.4728,-0.6322,0.9980,391,14.765411,0.6355,1.0133
BiancaGolden_GrandPlies,-137.3531,100.4572,212.4937,-0.7739,-20.4756,-36.8801,0.6097,-0.4722,-0.6366,0.9980,392,14.782878,0.6265,1.0046
BiancaGolden_GrandPlies,-138.2596,99.5609,212.3659,-1.0234,-20.2996,-37.0389,0.6102,-0.4736,-0.6351,0.9980,392,14.792015,0.6174,0.9956
BiancaGolden_GrandPlies,-139.2202,98.6234,212.2178,-1.1637,-20.1841,-37.1637,0.6152,-0.4675,-0.6348,0.9980,392,14.808520,0.6078,0.9862
BiancaGolden_GrandPlies,-140.1893,97.6571,212.0716,-1.2421,-20.0808,-37.3023,0.6153,-0.4677,-0.6345,0.9980,393,14.820715,0.5981,0.9766
BiancaGolden_GrandPlies,-141.1692,96.6464,211.9466,-1.3002,-20.0065,-37.4748,0.6153,-0.4700,-0.6329,0.9980,393,14.833706,0.5883,0.9665
BiancaGolden_GrandPlies,-142.1403,95.6430,211.8111,-1.4536,-19.8876,-37.6635,0.6190,-0.4697,-0.6295,0.9980,394,14.849391,0.5786,0.9564
BiancaGolden_GrandPlies,-143.1469,94.5925,211.6524,-1.5755,-19.6442,-37.8219,0.6254,-0.4660,-0.6258,0.9980,394,14.863248,0.5685,0.9459
BiancaGolden_GrandPlies,-144.1581,93.5244,211.4902,-1.5458,-19.3145,-37.8182,0.6291,-0.4641,-0.6236,0.9980,394,14.877816,0.5584,0.9352
BiancaGolden_GrandPlies,-145.1727,92.4664,211.3059,-1.5081,-18.8051,-37.7123,0.6365,-0.4629,-0.6169,0.9980,395,14.891098,0.5483,0.9247
BiancaGolden_GrandPlies,-146.1601,91.3912,211.1241,-1.5708,-18.2831,-37.4521,0.6442,-0.4602,-0.6110,0.9980,395,14.903904,0.5384,0.9139
BiancaGolden_GrandPlies,-147.1342,90.3017,211.0221,-1.6514,-17.8316,-37.0578,0.6549,-0.4381,-0.6158,0.9980,396,14.919402,0.5287,0.9030
BiancaGolden_GrandPlies,-148.0273,89.1576,211.1159,-1.8380,-17.6648,-36.4348,0.6630,-0.4294,-0.6132,0.9980,396,14.933197,0.5197,0.8916
BiancaGolden_GrandPlies,-148.8347,87.9974,211.2926,-2.2402,-17.4977,-35.7536,0.6712,-0.4158,-0.6136,0.9980,397,14.947754,0.5117,0.8800
BiancaGolden_GrandPlies,-149.6635,86.8376,211.4995,-2.4434,-17.3046,-34.8659,0.6861,-0.3958,-0.6104,0.9980,397,14.960649,0.5034,0.8684
BiancaGolden_GrandPlies,-150.5019,85.7454,211.4795,-2.7532,-16.9805,-33.9603,0.6975,-0.3851,-0.6043,0.9980,397,14.976218,0.4950,0.8575
BiancaGolden_GrandPlies,-151.3757,84.6760,211.2820,-3.1601,-16.5661,-33.0831,0.7232,-0.3635,-0.5873,0.9980,398,14.988495,0.4862,0.8468
BiancaGolden_GrandPlies,-152.2312,83.6401,211.0473,-3.8413,-16.2684,-32.4386,0.7294,-0.3564,-0.5840,0.9980,398,15.001732,0.4777,0.8364
BiancaGolden_GrandPlies,-152.9842,82.5318,210.9630,-4.7447,-16.1193,-32.1197,0.7645,-0.3599,-0.5348,0.9980,399,15.016834,0.4702,0.8253
BiancaGolden_GrandPlies,-153.7082,81.4138,211.0978,-5.8163,-16.4663,-32.0463,0.7759,-0.3692,-0.5115,0.9980,399,15.031650,0.4629,0.8141
BiancaGolden_GrandPlies,-154.3087,80.2693,211.2877,-6.7674,-17.1766,-32.2124,0.7731,-0.3712,-0.5143,0.9980,400,15.045588,0.4569,0.8027
BiancaGolden_GrandPlies,-154.9390,79.1659,211.3000,-7.5079,-17.7184,-32.3340,0.7666,-0.3713,-0.5239,0.9980,400,15.057816,0.4506,0.7917
BiancaGolden_GrandPlies,-155.5164,78.0907,211.2485,-7.7852,-18.3623,-32.4493,0.7621,-0.3675,-0.5331,0.9980,400,15.071770,0.4448,0.7809
BiancaGolden_GrandPlies,-156.0088,77.0376,211.2571,-7.9020,-19.0221,-32.5546,0.7563,-0.3661,-0.5422,0.9980,401,15.085376,0.4399,0.7704
BiancaGolden_GrandPlies,-156.4235,75.9522,211.4485,-7.8447,-19.6402,-32.6762,0.7486,-0.3726,-0.5484,0.9980,401,15.098574,0.4358,0.7595
BiancaGolden_GrandPlies,-156.7832,74.8317,211.7034,-7.7374,-20.1498,-32.8972,0.7437,-0.3761,-0.5527,0.9980,402,15.115080,0.4322,0.7483
BiancaGolden_GrandPlies,-157.0583,73.7254,211.9874,-7.4642,-20.4162,-33.2629,0.7426,-0.3830,-0.5494,0.9980,402,15.128581,0.4294,0.7373
BiancaGolden_GrandPlies,-157.3563,72.6814,212.2677,-7.0465,-20.5534,-33.5539,0.7435,-0.3840,-0.5476,0.9980,402,15.141899,0.4264,0.7268
BiancaGolden_GrandPlies,-157.6340,71.7207,212.4846,-6.3717,-20.5951,-33.6296,0.7471,-0.3791,-0.5460,0.9980,403,15.155041,0.4237,0.7172
BiancaGolden_GrandPlies,-157.9179,70.7891,212.6565,-5.7569,-20.6626,-33.4853,0.7474,-0.3748,-0.5486,0.9980,403,15.168720,0.4208,0.7079
BiancaGolden_GrandPlies,-158.1899,69.8622,212.7988,-5.1234,-20.7685,-33.0506,0.7514,-0.3708,-0.5458,0.9980,404,15.183442,0.4181,0.6986
BiancaGolden_GrandPlies,-158.4494,68.9456,212.9091,-4.6779,-20.9075,-32.5860,0.7608,-0.3622,-0.5385,0.9980,404,15.197608,0.4155,0.6895
BiancaGolden_GrandPlies,-158.6750,67.9030,212.9796,-4.0279,-20.7243,-31.8968,0.7684,-0.3533,-0.5337,0.9980,405,15.212602,0.4133,0.6790
BiancaGolden_GrandPlies,-158.7848,66.9348,213.0675,-3.6398,-20.4249,-31.7082,0.7802,-0.3420,-0.5238,0.9980,405,15.224990,0.4122,0.6693
BiancaGolden_GrandPlies,-158.9547,65.8578,213.0962,-3.2121,-20.0083,-31.3203,0.7888,-0.3372,-0.5139,0.9980,405,15.239869,0.4105,0.6586
BiancaGolden_GrandPlies,-159.0910,64.7377,213.1333,-2.8607,-19.6635,-31.1017,0.7918,-0.3400,-0.5074,0.9980,406,15.253325,0.4091,0.6474
BiancaGolden_GrandPlies,-159.1688,63.5324,213.1806,-2.2098,-19.1440,-31.0062,0.7944,-0.3434,-0.5010,0.9980,406,15.269942,0.4083,0.6353
BiancaGolden_GrandPlies,-159.2005,62.3778,213.2127,-1.7701,-18.6589,-31.0114,0.7961,-0.3456,-0.4968,0.9980,407,15.282333,0.4080,0.6238
BiancaGolden_GrandPlies,-159.2038,61.2485,213.1074,-1.6012,-18.1462,-31.0385,0.7968,-0.3442,-0.4967,0.9980,407,15.295029,0.4080,0.6125
BiancaGolden_GrandPlies,-159.2175,60.1391,212.9298,-1.4695,-17.7469,-30.9588,0.7992,-0.3407,-0.4952,0.9980,407,15.310143,0.4078,0.6014
BiancaGolden_GrandPlies,-159.1890,59.0503,212.7042,-1.5539,-17.5192,-30.8926,0.8005,-0.3313,-0.4995,0.9980,408,15.323982,0.4081,0.5905
BiancaGolden_GrandPlies,-159.1646,57.9697,212.4385,-1.7683,-17.4350,-30.8171,0.7995,-0.3291,-0.5025,0.9980,408,15.336851,0.4084,0.5797
BiancaGolden_GrandPlies,-159.1322,56.8960,212.1479,-2.0316,-17.6699,-30.7940,0.7949,-0.3207,-0.5151,0.9980,409,15.350407,0.4087,0.5690
BiancaGolden_GrandPlies,-159.0781,55.8378,211.8103,-2.2854,-18.0715,-30.7277,0.7920,-0.3093,-0.5264,0.9980,409,15.364541,0.4092,0.5584
BiancaGolden_GrandPlies,-158.9731,54.8083,211.4688,-2.4564,-18.6025,-30.6281,0.7886,-0.2953,-0.5393,0.9980,410,15.379591,0.4103,0.5481
BiancaGolden_GrandPlies,-158.8205,53.7874,211.1380,-2.6708,-19.0457,-30.5164,0.7906,-0.2819,-0.5436,0.9980,410,15.392838,0.4118,0.5379
BiancaGolden_GrandPlies,-158.6139,52.8196,210.8231,-2.9823,-19.4276,-30.3284,0.7903,-0.2768,-0.5466,0.9980,410,15.406833,0.4139,0.5282
BiancaGolden_GrandPlies,-158.3846,51.8873,210.5158,-3.4163,-19.7158,-30.1562,0.7903,-0.2704,-0.5498,0.9980,411,15.421031,0.4162,0.5189
BiancaGolden_GrandPlies,-158.1630,51.0394,210.1889,-3.8099,-19.8843,-29.9565,0.7925,-0.2536,-0.5547,0.9980,411,15.433609,0.4184,0.5104
BiancaGolden_GrandPlies,-157.9602,50.2337,209.7994,-4.0976,-20.0281,-29.7600,0.7931,-0.2501,-0.5554,0.9980,412,15.448780,0.4204,0.5023
BiancaGolden_GrandPlies,-157.7454,49.4835,209.3643,-4.3424,-20.1241,-29.5942,0.7973,-0.2507,-0.5490,0.9980,412,15.462311,0.4225,0.4948
BiancaGolden_GrandPlies,-157.4929,48.7709,208.9937,-4.5007,-20.1474,-29.5146,0.8000,-0.2504,-0.5452,0.9980,412,15.476947,0.4251,0.4877
BiancaGolden_GrandPlies,-157.2443,48.0775,208.6875,-4.5367,-20.0609,-29.3974,0.8050,-0.2540,-0.5362,0.9980,413,15.491467,0.4276,0.4808
BiancaGolden_GrandPlies,-156.9721,47.4175,208.4665,-4.5676,-20.0337,-29.3801,0.8090,-0.2556,-0.5294,0.9980,413,15.502973,0.4303,0.4742
BiancaGolden_GrandPlies,-156.7232,46.7358,208.2931,-4.3997,-20.0228,-29.3718,0.8058,-0.2482,-0.5377,0.9980,414,15.518759,0.4328,0.4674
BiancaGolden_GrandPlies,-156.4042,45.9358,208.4024,-3.8040,-20.0948,-29.4635,0.8032,-0.2526,-0.5394,0.9980,414,15.531478,0.4360,0.4594
BiancaGolden_GrandPlies,-155.9964,45.0518,208.6667,-2.7631,-19.9993,-29.5365,0.8045,-0.2601,-0.5340,0.9980,415,15.546228,0.4400,0.4505
BiancaGolden_GrandPlies,-155.5995,44.2183,208.9349,-1.7331,-19.4045,-29.8390,0.8106,-0.2687,-0.5203,0.9980,415,15.561174,0.4440,0.4422
BiancaGolden_GrandPlies,-155.2908,43.5006,209.0758,-1.3329,-18.4395,-30.4801,0.8093,-0.2811,-0.5158,0.9980,415,15.574133,0.4471,0.4350
BiancaGolden_GrandPlies,-155.0516,42.8569,209.1353,-1.1674,-18.0922,-31.2054,0.8010,-0.3043,-0.5156,0.9980,416,15.587505,0.4495,0.4286
BiancaGolden_GrandPlies,-154.9487,42.1158,209.1742,-0.7815,-17.9445,-31.9688,0.7633,-0.3601,-0.5363,0.9980,416,15.601119,0.4505,0.4212
BiancaGolden_GrandPlies,-154.8907,41.3476,209.3104,0.0978,-18.2148,-32.5430,0.7376,-0.3801,-0.5580,0.9980,417,15.616639,0.4511,0.4135
BiancaGolden_GrandPlies,-154.8425,40.5409,209.5733,1.1086,-18.7992,-32.9498,0.7268,-0.3834,-0.5699,0.9980,417,15.628943,0.4516,0.4054
BiancaGolden_GrandPlies,-154.7202,39.7956,209.9098,1.4502,-19.4102,-33.4429,0.7181,-0.3875,-0.5781,0.9980,417,15.643313,0.4528,0.3980
BiancaGolden_GrandPlies,-154.5641,39.0962,210.3235,1.0739,-20.0216,-34.1439,0.7182,-0.3754,-0.5859,0.9980,418,15.656803,0.4544,0.3910
BiancaGolden_GrandPlies,-154.4228,38.3313,210.7066,0.8599,-20.3146,-34.8608,0.7132,-0.3805,-0.5887,0.9980,418,15.669866,0.4558,0.3833
BiancaGolden_GrandPlies,-154.3136,37.5242,211.1571,1.2393,-20.4677,-35.2400,0.7156,-0.3719,-0.5913,0.9980,419,15.685615,0.4569,0.3752
BiancaGolden_GrandPlies,-154.1626,36.6906,211.6321,1.8899,-20.2594,-35.3643,0.7228,-0.3606,-0.5895,0.9980,419,15.699396,0.4584,0.3669
BiancaGolden_GrandPlies,-153.9989,35.9072,212.0905,2.2313,-19.9449,-35.4495,0.7250,-0.3643,-0.5845,0.9980,420,15.713934,0.4600,0.3591
BiancaGolden_GrandPlies,-153.8398,35.1153,212.5031,2.3046,-19.5763,-35.5473,0.7337,-0.3607,-0.5758,0.9980,420,15.726557,0.4616,0.3512
BiancaGolden_GrandPlies,-153.7203,34.3871,212.8349,2.0146,-19.1607,-35.5816,0.7360,-0.3614,-0.5725,0.9980,420,15.742602,0.4628,0.3439
BiancaGolden_GrandPlies,-153.6381,33.6516,213.1310,1.8235,-18.9551,-35.5957,0.7436,-0.3506,-0.5694,0.9980,421,15.755645,0.4636,0.3365
BiancaGolden_GrandPlies,-153.5816,32.9446,213.3483,1.6221,-18.7972,-35.5807,0.7614,-0.3146,-0.5669,0.9980,421,15.771862,0.4642,0.3294
BiancaGolden_GrandPlies,-153.5607,32.2426,213.4955,1.6034,-18.7712,-35.4145,0.7649,-0.3032,-0.5684,0.9980,422,15.783124,0.4644,0.3224
BiancaGolden_GrandPlies,-153.5607,31.5210,213.6193,1.7167,-18.8672,-35.1150,0.7651,-0.2988,-0.5703,0.9980,422,15.796514,0.4644,0.3152
BiancaGolden_GrandPlies,-153.5325,30.8215,213.7555,1.7683,-18.9973,-34.8308,0.7568,-0.2766,-0.5923,0.9980,422,15.811754,0.4647,0.3082
BiancaGolden_GrandPlies,-153.5070,30.0968,213.8916,1.7400,-19.0956,-34.3983,0.7598,-0.2704,-0.5913,0.9980,423,15.824094,0.4649,0.3010
BiancaGolden_GrandPlies,-153.4801,29.3413,213.9782,1.5822,-19.0646,-33.9030,0.7641,-0.2645,-0.5885,0.9980,423,15.837789,0.4652,0.2934
BiancaGolden_GrandPlies,-153.4772,28.5475,214.0006,1.3517,-18.9115,-33.4582,0.7710,-0.2531,-0.5843,0.9980,424,15.852564,0.4652,0.2855
BiancaGolden_GrandPlies,-153.4963,27.7407,213.9620,1.0951,-18.7174,-33.0893,0.7735,-0.2432,-0.5853,0.9980,424,15.865295,0.4650,0.2774
BiancaGolden_GrandPlies,-153.5166,26.9305,213.8973,0.8078,-18.5441,-32.7499,0.7776,-0.2373,-0.5822,0.9980,425,15.880328,0.4648,0.2693
BiancaGolden_GrandPlies,-153.5460,26.0981,213.7868,0.4722,-18.4025,-32.3559,0.7778,-0.2298,-0.5850,0.9980,425,15.893396,0.4645,0.2610
BiancaGolden_GrandPlies,-153.5788,25.2733,213.6167,0.1179,-18.2290,-31.9475,0.7831,-0.2222,-0.5809,0.9980,425,15.908647,0.4642,0.2527
BiancaGolden_GrandPlies,-153.6191,24.4089,213.3828,-0.2179,-18.0125,-31.4089,0.7874,-0.2171,-0.5770,0.9980,426,15.921199,0.4638,0.2441
BiancaGolden_GrandPlies,-153.6701,23.5324,213.1376,-0.4489,-17.7248,-30.7974,0.7902,-0.2098,-0.5758,0.9980,426,15.935574,0.4633,0.2353
BiancaGolden_GrandPlies,-153.7716,22.6295,212.8328,-0.6127,-17.3128,-30.0580,0.7961,-0.2020,-0.5705,0.9980,427,15.949374,0.4623,0.2263
BiancaGolden_GrandPlies,-153.8684,21.7155,212.4691,-0.7067,-16.9525,-29.3910,0.8306,-0.1195,-0.5439,0.9980,427,15.963135,0.4613,0.2172
BiancaGolden_GrandPlies,-153.9775,20.7228,212.1342,-0.8245,-16.6530,-28.6166,0.8346,-0.1088,-0.5401,0.9980,428,15.979499,0.4602,0.2072
BiancaGolden_GrandPlies,-154.0749,19.7381,211.8731,-1.0523,-16.4430,-27.9638,0.8379,-0.0994,-0.5367,0.9980,428,15.991675,0.4593,0.1974
BiancaGolden_GrandPlies,-154.1972,18.7301,211.6211,-1.3241,-16.3117,-27.3241,0.8362,-0.0889,-0.5411,0.9980,428,16.005812,0.4580,0.1873
BiancaGolden_GrandPlies,-154.3273,17.6908,211.3457,-1.3863,-16.2513,-26.6350,0.8321,-0.0885,-0.5476,0.9980,429,16.018703,0.4567,0.1769
BiancaGolden_GrandPlies,-154.4782,16.7037,211.0656,-1.4040,-16.2033,-25.9387,0.8229,-0.0823,-0.5621,0.9980,429,16.031702,0.4552,0.1670
BiancaGolden_GrandPlies,-154.6164,15.7531,210.8149,-1.3651,-16.3491,-25.1395,0.8202,-0.0678,-0.5681,0.9980,430,16.046537,0.4538,0.1575
BiancaGolden_GrandPlies,-154.7105,14.7559,210.7696,-1.2722,-16.7590,-24.2137,0.8148,-0.0552,-0.5772,0.9980,430,16.062010,0.4529,0.1476
BiancaGolden_GrandPlies,-154.7135,13.7106,210.9201,-1.0143,-17.0448,-23.0946,0.8126,-0.0463,-0.5810,0.9980,430,16.076303,0.4529,0.1371
BiancaGolden_GrandPlies,-154.6985,12.7200,211.0895,-0.8402,-17.0498,-21.9976,0.8140,-0.0318,-0.5800,0.9980,431,16.088371,0.4530,0.1272
BiancaGolden_GrandPlies,-154.7524,11.7396,211.0699,-0.8708,-16.9867,-20.9698,0.8132,-0.0210,-0.5816,0.9980,431,16.102468,0.4525,0.1174
BiancaGolden_GrandPlies,-154.8099,10.7443,211.0686,-0.9431,-17.0914,-20.0651,0.8115,-0.0155,-0.5841,0.9980,432,16.116346,0.4519,0.1074
BiancaGolden_GrandPlies,-154.8234,9.7703,211.2772,-1.1888,-17.3516,-19.3888,0.8077,-0.0039,-0.5896,0.9980,432,16.132723,0.4518,0.0977
BiancaGolden_GrandPlies,-154.8653,8.8035,211.5394,-1.5037,-17.7608,-18.7547,0.8000,-0.0077,-0.5999,0.9980,432,16.144741,0.4513,0.0880
BiancaGolden_GrandPlies,-154.9227,7.8362,211.7799,-1.7669,-18.4102,-18.5838,0.7937,-0.0142,-0.6082,0.9980,433,16.159101,0.4508,0.0784
BiancaGolden_GrandPlies,-154.9611,6.8050,212.0105,-1.7146,-18.9352,-18.3525,0.7893,-0.0138,-0.6139,0.9980,433,16.171150,0.4504,0.0680
BiancaGolden_GrandPlies,-154.9354,5.8060,212.3644,-1.5478,-19.3072,-18.2905,0.7877,-0.0310,-0.6153,0.9980,434,16.186680,0.4506,0.0581
BiancaGolden_GrandPlies,-154.8469,4.8270,212.7710,-1.6217,-19.4099,-18.5008,0.7685,-0.1700,-0.6169,0.9980,434,16.200081,0.4515,0.0483
BiancaGolden_GrandPlies,-154.7601,3.8376,213.1184,-1.8876,-19.2155,-19.0116,0.7506,-0.2485,-0.6123,0.9980,435,16.215055,0.4524,0.0384
BiancaGolden_GrandPlies,-154.7037,2.8259,213.4064,-2.2139,-18.9111,-19.6115,0.7103,-0.3508,-0.6102,0.9980,435,16.228416,0.4530,0.0283
BiancaGolden_GrandPlies,-154.6267,1.8257,213.5957,-2.4347,-18.3488,-20.7019,0.7077,-0.3655,-0.6046,0.9980,435,16.244528,0.4537,0.0183
BiancaGolden_GrandPlies,-154.5486,0.8107,213.8227,-2.2836,-17.9545,-21.6997,0.7039,-0.3802,-0.6000,0.9980,436,16.256596,0.4545,0.0081
BiancaGolden_GrandPlies,-154.4611,-0.1551,214.0734,-1.9341,-17.6585,-22.6388,0.6520,-0.4680,-0.5965,0.9980,436,16.272968,0.4554,-0.0016
BiancaGolden_GrandPlies,-154.3660,-1.0599,214.2944,-1.7976,-17.4612,-23.5991,0.5708,-0.5560,-0.6042,0.9980,437,16.285141,0.4563,-0.0106
BiancaGolden_GrandPlies,-154.2921,-1.8980,214.4565,-1.4373,-17.3129,-24.4898,0.5658,-0.5668,-0.5988,0.9980,437,16.297651,0.4571,-0.0190
BiancaGolden_GrandPlies,-154.2048,-2.6130,214.6069,-0.5409,-17.2133,-24.9744,0.5469,-0.5927,-0.5913,0.9980,438,16.312613,0.4580,-0.0261
BiancaGolden_GrandPlies,-154.0422,-3.3253,214.8053,0.3897,-17.0765,-25.1060,0.5239,-0.6191,-0.5850,0.9980,438,16.325975,0.4596,-0.0333
BiancaGolden_GrandPlies,-153.7991,-3.9856,215.0449,1.1786,-16.7360,-24.9368,0.5289,-0.6224,-0.5769,0.9980,438,16.340738,0.4620,-0.0399
BiancaGolden_GrandPlies,-153.5106,-4.5727,215.2676,1.4388,-16.2597,-24.9478,0.5213,-0.6322,-0.5731,0.9980,439,16.353752,0.4649,-0.0457
BiancaGolden_GrandPlies,-153.2145,-5.1844,215.3827,1.6361,-15.5645,-24.8161,0.5253,-0.6410,-0.5596,0.9980,439,16.366470,0.4679,-0.0518
BiancaGolden_GrandPlies,-152.9296,-5.8187,215.4156,2.0745,-14.8775,-24.5206,0.5309,-0.6422,-0.5529,0.9980,440,16.381266,0.4707,-0.0582
BiancaGolden_GrandPlies,-152.6076,-6.3959,215.4415,2.4305,-14.3288,-24.2859,0.5461,-0.6355,-0.5458,0.9980,440,16.396114,0.4739,-0.0640
BiancaGolden_GrandPlies,-152.2695,-6.9607,215.4653,2.6112,-13.9667,-24.1327,0.5468,-0.6327,-0.5485,0.9980,440,16.408878,0.4773,-0.0696
BiancaGolden_GrandPlies,-151.9125,-7.5032,215.4263,2.7032,-13.8536,-23.9570,0.5474,-0.6295,-0.5514,0.9980,441,16.423283,0.4809,-0.0750
BiancaGolden_GrandPlies,-151.5610,-8.0581,215.3166,2.7400,-13.8841,-23.7781,0.5411,-0.6239,-0.5639,0.9980,441,16.435486,0.4844,-0.0806
BiancaGolden_GrandPlies,-151.2007,-8.5757,215.1163,2.5976,-14.1645,-23.6028,0.5330,-0.6040,-0.5925,0.9980,442,16.453999,0.4880,-0.0858
BiancaGolden_GrandPlies,-150.8458,-9.0594,214.8456,2.3197,-14.7142,-23.5381,0.5261,-0.5952,-0.6074,0.9980,442,16.465544,0.4915,-0.0906
BiancaGolden_GrandPlies,-150.5325,-9.5518,214.5729,2.0224,-15.4996,-23.5381,0.5142,-0.5909,-0.6216,0.9980,443,16.479420,0.4947,-0.0955
BiancaGolden_GrandPlies,-150.1968,-10.0338,214.2336,1.8697,-16.5693,-23.6884,0.5016,-0.5867,-0.6358,0.9980,443,16.492699,0.4980,-0.1003
BiancaGolden_GrandPlies,-149.8891,-10.5135,213.8347,2.1165,-17.4648,-23.7055,0.4882,-0.5824,-0.6499,0.9980,443,16.508461,0.5011,-0.1051
BiancaGolden_GrandPlies,-149.2433,-11.3837,213.1188,2.3564,-18.7477,-23.6872,0.4857,-0.5847,-0.6498,0.9980,444,16.521849,0.5076,-0.1138
BiancaGolden_GrandPlies,-149.2148,-11.3166,213.1219,2.3401,-18.8021,-23.7150,0.4822,-0.5824,-0.6544,0.9980,444,16.536085,0.5079,-0.1132
BiancaGolden_GrandPlies,-148.8278,-11.6504,212.8801,2.0663,-19.1671,-23.7720,0.4876,-0.5844,-0.6486,0.9980,445,16.551805,0.5117,-0.1165
BiancaGolden_GrandPlies,-148.4020,-11.9827,212.7123,1.7860,-19.3282,-23.8128,0.4895,-0.5839,-0.6476,0.9980,445,16.564419,0.5160,-0.1198
BiancaGolden_GrandPlies,-148.0007,-12.2888,212.5532,1.5276,-19.0944,-23.7893,0.5082,-0.5893,-0.6280,0.9980,445,16.578362,0.5200,-0.1229
BiancaGolden_GrandPlies,-147.5531,-12.6461,212.4077,1.4997,-18.7902,-23.6985,0.5437,-0.6007,-0.5861,0.9980,446,16.592028,0.5245,-0.1265
BiancaGolden_GrandPlies,-147.1488,-12.9636,212.2014,1.5979,-18.3246,-23.6025,0.5586,-0.5931,-0.5798,0.9980,446,16.602324,0.5285,-0.1296
BiancaGolden_GrandPlies,-146.7566,-13.2613,211.9440,1.7857,-17.7046,-23.4660,0.5645,-0.5930,-0.5742,0.9980,447,16.619856,0.5324,-0.1326
BiancaGolden_GrandPlies,-146.4571,-13.5491,211.6521,2.0223,-17.2256,-23.1916,0.5512,-0.6101,-0.5692,0.9980,447,16.633211,0.5354,-0.1355
BiancaGolden_GrandPlies,-146.0850,-13.8785,211.4911,2.2904,-17.0746,-22.8910,0.5461,-0.6041,-0.5804,0.9980,448,16.645504,0.5391,-0.1388
BiancaGolden_GrandPlies,-145.6184,-14.2494,211.5947,2.4202,-17.0211,-22.6603,0.5500,-0.6031,-0.5777,0.9980,448,16.658106,0.5438,-0.1425
BiancaGolden_GrandPlies,-145.1871,-14.6384,211.7956,2.4564,-16.8263,-22.4588,0.5531,-0.5989,-0.5791,0.9980,448,16.673540,0.5481,-0.1464
BiancaGolden_GrandPlies,-144.8262,-15.0151,211.8984,2.4612,-16.5828,-22.3057,0.5347,-0.5892,-0.6057,0.9980,449,16.688860,0.5517,-0.1502
BiancaGolden_GrandPlies,-144.5228,-15.3602,211.8815,2.4176,-16.2934,-22.1150,0.5383,-0.5882,-0.6036,0.9980,449,16.701061,0.5548,-0.1536
BiancaGolden_GrandPlies,-144.2231,-15.7011,211.9366,2.4512,-16.1401,-21.9153,0.5748,-0.5614,-0.5954,0.9980,450,16.715206,0.5578,-0.1570
BiancaGolden_GrandPlies,-143.8863,-16.0837,212.1526,2.4771,-16.0482,-21.4313,0.5811,-0.5559,-0.5944,0.9980,450,16.729223,0.5611,-0.1608
BiancaGolden_GrandPlies,-143.5296,-16.4505,212.4663,2.3909,-15.9353,-20.9046,0.5889,-0.5494,-0.5928,0.9980,450,16.744776,0.5647,-0.1645
BiancaGolden_GrandPlies,-143.2251,-16.8470,212.7724,2.3692,-15.8063,-20.2296,0.7459,-0.3822,-0.5455,0.9980,451,16.757986,0.5677,-0.1685
BiancaGolden_GrandPlies,-142.9865,-17.2397,213.0160,2.3491,-15.6126,-19.5479,0.8265,-0.3015,-0.4754,0.9980,451,16.773928,0.5701,-0.1724
BiancaGolden_GrandPlies,-142.7703,-17.6621,213.2513,2.4070,-15.4405,-18.8908,0.8799,-0.3031,-0.3659,0.9980,452,16.786526,0.5723,-0.1766
BiancaGolden_GrandPlies,-142.5570,-18.1105,213.5879,2.4383,-15.3273,-18.2183,0.8899,-0.2960,-0.3471,0.9980,452,16.800041,0.5744,-0.1811
BiancaGolden_GrandPlies,-142.3221,-18.5807,213.9371,2.4628,-15.1659,-17.6591,0.8947,-0.2859,-0.3433,0.9980,453,16.812172,0.5768,-0.1858
BiancaGolden_GrandPlies,-142.1103,-19.0983,214.2839,2.5079,-14.9359,-16.9791,0.9122,-0.2281,-0.3404,0.9980,453,16.826941,0.5789,-0.1910
BiancaGolden_GrandPlies,-141.8695,-19.6268,214.5785,2.5326,-14.6523,-16.4002,0.9162,-0.2192,-0.3355,0.9980,453,16.840019,0.5813,-0.1963
BiancaGolden_GrandPlies,-141.6374,-20.1894,214.8498,2.6326,-14.3506,-15.8094,0.9198,-0.2106,-0.3312,0.9980,454,16.851318,0.5836,-0.2019
BiancaGolden_GrandPlies,-141.4505,-20.7697,215.0722,2.7171,-14.0839,-15.2391,0.9196,-0.2014,-0.3372,0.9980,454,16.863045,0.5855,-0.2077
BiancaGolden_GrandPlies,-141.2897,-21.3883,215.2046,2.7956,-13.9068,-14.6463,0.9278,-0.1578,-0.3381,0.9980,455,16.880871,0.5871,-0.2139
BiancaGolden_GrandPlies,-141.1659,-22.0129,215.2838,2.8544,-13.9025,-14.0837,0.9319,-0.1185,-0.3427,0.9980,455,16.894861,0.5883,-0.2201
BiancaGolden_GrandPlies,-141.0508,-22.6354,215.3250,2.8584,-14.0830,-13.5537,0.9336,-0.0990,-0.3444,0.9980,455,16.906572,0.5895,-0.2264
BiancaGolden_GrandPlies,-140.9576,-23.2723,215.3123,2.8857,-14.4535,-12.9788,0.9318,-0.0879,-0.3521,0.9980,456,16.919945,0.5904,-0.2327
BiancaGolden_GrandPlies,-140.8652,-23.9019,215.3031,2.8967,-14.8626,-12.3629,0.9272,-0.0735,-0.3673,0.9980,456,16.933689,0.5913,-0.2390
BiancaGolden_GrandPlies,-140.7954,-24.5579,215.2219,2.7310,-15.3918,-11.7161,0.7967,0.1939,-0.5724,0.9980,457,16.949203,0.5920,-0.2456
BiancaGolden_GrandPlies,-140.7333,-25.2133,215.0869,2.3741,-15.8248,-11.0966,0.7923,0.2052,-0.5745,0.9980,457,16.963060,0.5927,-0.2521
BiancaGolden_GrandPlies,-140.6500,-25.8918,214.9498,1.9735,-16.1725,-10.5223,0.7921,0.1686,-0.5867,0.9980,458,16.979198,0.5935,-0.2589
BiancaGolden_GrandPlies,-140.5561,-26.6396,214.8475,1.6848,-16.3926,-9.8529,0.7897,0.1784,-0.5870,0.9980,458,16.990032,0.5944,-0.2664
BiancaGolden_GrandPlies,-140.4688,-27.3927,214.7538,1.5330,-16.4496,-9.1499,0.7874,0.1795,-0.5897,0.9980,458,17.006081,0.5953,-0.2739
BiancaGolden_GrandPlies,-140.3946,-28.1475,214.5542,1.4723,-16.2764,-8.4620,0.7873,0.1848,-0.5882,0.9980,459,17.018721,0.5961,-0.2815
BiancaGolden_GrandPlies,-140.3573,-28.9183,214.2400,1.3917,-16.0590,-7.6716,0.7867,0.1957,-0.5856,0.9980,459,17.033504,0.5964,-0.2892
BiancaGolden_GrandPlies,-140.3188,-29.6809,213.9071,1.3177,-15.8877,-6.8953,0.7949,0.1926,-0.5754,0.9980,460,17.047569,0.5968,-0.2968
BiancaGolden_GrandPlies,-140.3348,-30.4539,213.5829,1.1550,-15.8130,-6.0508,0.7917,0.2057,-0.5753,0.9980,460,17.061447,0.5967,-0.3045
BiancaGolden_GrandPlies,-140.3843,-31.2219,213.2528,0.9356,-15.8816,-5.2043,0.7909,0.2080,-0.5755,0.9980,460,17.076181,0.5962,-0.3122
BiancaGolden_GrandPlies,-140.4551,-32.0206,212.8840,0.7048,-16.1175,-4.3436,0.7866,0.2157,-0.5785,0.9980,461,17.089098,0.5954,-0.3202
BiancaGolden_GrandPlies,-140.5695,-32.8266,212.5233,0.5900,-16.4915,-3.3911,0.7766,0.2299,-0.5865,0.9980,461,17.102171,0.5943,-0.3283
BiancaGolden_GrandPlies,-140.7202,-33.6621,212.1440,0.5869,-16.9061,-2.3777,0.7393,0.2423,-0.6282,0.9980,462,17.117258,0.5928,-0.3366
BiancaGolden_GrandPlies,-140.8664,-34.5135,211.7996,0.6386,-17.3617,-1.3285,0.7267,0.2555,-0.6377,0.9980,462,17.131512,0.5913,-0.3451
BiancaGolden_GrandPlies,-141.0359,-35.4083,211.5211,0.7013,-17.7225,-0.2304,0.7240,0.2602,-0.6389,0.9980,463,17.145649,0.5896,-0.3541
BiancaGolden_GrandPlies,-141.2079,-36.3010,211.2481,0.7535,-17.9695,0.8150,0.7176,0.2730,-0.6407,0.9980,463,17.158573,0.5879,-0.3630
BiancaGolden_GrandPlies,-141.4213,-37.2197,210.9703,0.8437,-18.1029,1.8715,0.7146,0.2763,-0.6427,0.9980,463,17.174288,0.5858,-0.3722
BiancaGolden_GrandPlies,-141.6656,-38.1796,210.6908,1.0879,-18.1556,2.9612,0.7214,0.2804,-0.6332,0.9980,464,17.188187,0.5833,-0.3818
BiancaGolden_GrandPlies,-141.8853,-39.1350,210.4865,1.3926,-18.3439,4.0663,0.7170,0.2808,-0.6381,0.9980,464,17.199936,0.5811,-0.3913
BiancaGolden_GrandPlies,-142.0441,-40.1497,210.4846,1.8558,-18.8471,5.3080,0.7071,0.2791,-0.6497,0.9980,465,17.215923,0.5796,-0.4015
BiancaGolden_GrandPlies,-142.0205,-41.1624,210.8420,2.4598,-19.5994,6.6179,0.6971,0.2893,-0.6560,0.9980,465,17.230135,0.5798,-0.4116
BiancaGolden_GrandPlies,-141.9884,-42.1059,211.2972,2.9485,-20.0447,7.7380,0.6969,0.2998,-0.6515,0.9980,465,17.244589,0.5801,-0.4211
BiancaGolden_GrandPlies,-142.1288,-43.0629,211.3495,3.1177,-19.8574,8.9840,0.6945,0.3091,-0.6497,0.9980,466,17.256189,0.5787,-0.4306
BiancaGolden_GrandPlies,-142.4222,-43.9611,211.1869,3.1484,-19.7115,9.7450,0.7123,0.2920,-0.6383,0.9980,466,17.273142,0.5758,-0.4396
BiancaGolden_GrandPlies,-142.6559,-44.9527,211.0663,3.2003,-19.6457,10.6044,0.7197,0.2862,-0.6325,0.9980,467,17.286581,0.5734,-0.4495
BiancaGolden_GrandPlies,-142.9017,-45.9235,211.1473,3.5250,-19.6132,11.3337,0.7194,0.2869,-0.6326,0.9980,467,17.299147,0.5710,-0.4592
BiancaGolden_GrandPlies,-143.0791,-46.7943,211.4674,3.7671,-19.7680,11.9615,0.7181,0.2811,-0.6366,0.9980,468,17.313972,0.5692,-0.4679
BiancaGolden_GrandPlies,-143.1432,-47.6416,211.9401,4.0767,-20.1530,12.7230,0.7128,0.2898,-0.6387,0.9980,468,17.326618,0.5686,-0.4764
BiancaGolden_GrandPlies,-143.2275,-48.4185,212.3415,4.3179,-20.2774,13.5548,0.7107,0.2954,-0.6385,0.9980,468,17.341799,0.5677,-0.4842
BiancaGolden_GrandPlies,-143.3499,-49.1839,212.6452,4.3461,-20.2616,14.3482,0.7112,0.2930,-0.6391,0.9980,469,17.354441,0.5665,-0.4918
BiancaGolden_GrandPlies,-143.4678,-49.9650,212.9343,4.1556,-20.2496,15.0653,0.7072,0.3005,-0.6400,0.9980,469,17.367733,0.5653,-0.4996
BiancaGolden_GrandPlies,-143.5479,-50.6864,213.2598,3.9649,-20.2789,15.6244,0.6751,0.3092,-0.6698,0.9980,470,17.383646,0.5645,-0.5069
BiancaGolden_GrandPlies,-143.5910,-51.3936,213.6698,3.7253,-20.3796,16.0692,0.6457,0.3097,-0.6980,0.9980,470,17.396523,0.5641,-0.5139
BiancaGolden_GrandPlies,-143.6562,-52.0776,214.0247,3.6346,-20.4850,16.4256,0.6438,0.3127,-0.6984,0.9980,470,17.411465,0.5634,-0.5208
BiancaGolden_GrandPlies,-143.7603,-52.7543,214.2738,3.6231,-20.5165,16.6888,0.6351,0.3116,-0.7068,0.9980,471,17.425423,0.5624,-0.5275
BiancaGolden_GrandPlies,-143.9329,-53.4064,214.4250,3.6528,-20.4930,16.8927,0.6363,0.3092,-0.7068,0.9980,471,17.438816,0.5607,-0.5341
BiancaGolden_GrandPlies,-144.1096,-54.0412,214.5447,3.6443,-20.4493,17.1625,0.6371,0.3092,-0.7061,0.9980,472,17.453306,0.5589,-0.5404
BiancaGolden_GrandPlies,-144.2924,-54.6478,214.6544,3.7158,-20.3956,17.4776,0.6340,0.3124,-0.7074,0.9980,472,17.465584,0.5571,-0.5465
BiancaGolden_GrandPlies,-144.4415,-55.2228,214.7950,3.7430,-20.3345,17.8792,0.6333,0.3155,-0.7067,0.9980,473,17.480761,0.5556,-0.5522
BiancaGolden_GrandPlies,-144.5551,-55.7588,214.9328,3.7224,-20.1240,18.2875,0.6361,0.3205,-0.7019,0.9980,473,17.494947,0.5544,-0.5576
BiancaGolden_GrandPlies,-144.6487,-56.2837,214.9964,3.7684,-19.7300,18.6352,0.6439,0.3166,-0.6965,0.9980,473,17.509838,0.5535,-0.5628
BiancaGolden_GrandPlies,-144.7699,-56.8104,214.9908,3.8035,-19.2841,18.9373,0.6470,0.3194,-0.6924,0.9980,474,17.521814,0.5523,-0.5681
BiancaGolden_GrandPlies,-144.9320,-57.3307,214.9615,3.7933,-18.9807,19.1715,0.6505,0.3176,-0.6899,0.9980,474,17.536291,0.5507,-0.5733
BiancaGolden_GrandPlies,-145.1242,-57.8281,214.8664,3.7645,-18.7672,19.2865,0.6522,0.3111,-0.6912,0.9980,475,17.550701,0.5488,-0.5783
BiancaGolden_GrandPlies,-145.3098,-58.3192,214.7707,3.7176,-18.7043,19.4419,0.6509,0.3120,-0.6921,0.9980,475,17.566055,0.5469,-0.5832
BiancaGolden_GrandPlies,-145.5142,-58.7713,214.6776,3.6700,-18.7748,19.5084,0.6489,0.3128,-0.6936,0.9980,476,17.579350,0.5449,-0.5877
BiancaGolden_GrandPlies,-145.7195,-59.2064,214.5871,3.6303,-18.9050,19.6019,0.6440,0.3117,-0.6986,0.9980,476,17.592638,0.5428,-0.5921
BiancaGolden_GrandPlies,-145.9311,-59.6057,214.4930,3.5146,-19.0842,19.6548,0.6332,0.3137,-0.7075,0.9980,476,17.606577,0.5407,-0.5961
BiancaGolden_GrandPlies,-146.1308,-60.0011,214.4027,3.4746,-19.2545,19.7679,0.6288,0.3166,-0.7102,0.9980,477,17.620600,0.5387,-0.6000
BiancaGolden_GrandPlies,-146.3386,-60.3535,214.3445,3.4464,-19.4258,19.8922,0.6265,0.3173,-0.7119,0.9980,477,17.635487,0.5366,-0.6035
BiancaGolden_GrandPlies,-146.5722,-60.6890,214.2700,3.4081,-19.5779,19.9960,0.6321,0.3146,-0.7081,0.9980,478,17.648838,0.5343,-0.6069
BiancaGolden_GrandPlies,-146.8362,-61.0056,214.1769,3.2649,-19.7045,20.0902,0.6296,0.3156,-0.7100,0.9980,478,17.661165,0.5316,-0.6101
BiancaGolden_GrandPlies,-147.0963,-61.3009,214.0856,3.1210,-19.8652,20.1466,0.6283,0.3144,-0.7116,0.9980,478,17.676405,0.5290,-0.6130
BiancaGolden_GrandPlies,-147.3500,-61.5737,214.0220,2.9817,-20.0176,20.1691,0.6254,0.3127,-0.7149,0.9980,479,17.690027,0.5265,-0.6157
BiancaGolden_GrandPlies,-147.5955,-61.8182,213.9991,2.8629,-20.1404,20.0575,0.6272,0.3070,-0.7157,0.9980,479,17.702915,0.5240,-0.6182
BiancaGolden_GrandPlies,-147.8444,-62.0487,213.9599,2.8520,-20.2039,19.9241,0.6330,0.3050,-0.7115,0.9980,480,17.716963,0.5216,-0.6205
BiancaGolden_GrandPlies,-148.1185,-62.2602,213.8474,3.0000,-20.1553,19.7589,0.6387,0.3045,-0.7066,0.9980,480,17.731668,0.5188,-0.6226
BiancaGolden_GrandPlies,-148.4172,-62.4639,213.6288,3.2006,-19.9651,19.6255,0.6448,0.3029,-0.7018,0.9980,481,17.746298,0.5158,-0.6246
BiancaGolden_GrandPlies,-148.7447,-62.6617,213.2908,3.4006,-19.5867,19.4956,0.6524,0.3055,-0.6936,0.9980,481,17.758814,0.5126,-0.6266
BiancaGolden_GrandPlies,-149.0458,-62.8233,212.8238,3.5462,-19.0638,19.2984,0.6629,0.3064,-0.6831,0.9980,481,17.777594,0.5095,-0.6282
BiancaGolden_GrandPlies,-149.3618,-62.9882,212.2807,3.6504,-18.3460,19.1424,0.6694,0.3050,-0.6774,0.9980,482,17.788179,0.5064,-0.6299
BiancaGolden_GrandPlies,-149.7044,-63.1152,211.7444,3.6665,-17.8460,18.8813,0.6700,0.3095,-0.6748,0.9980,482,17.799212,0.5030,-0.6312
BiancaGolden_GrandPlies,-150.0076,-63.1927,211.3713,3.4950,-17.6305,18.6290,0.6682,0.3099,-0.6764,0.9980,483,17.814917,0.4999,-0.6319
BiancaGolden_GrandPlies,-150.3298,-63.2458,211.1772,3.0778,-17.6980,18.3591,0.6654,0.3094,-0.6793,0.9980,483,17.828777,0.4967,-0.6325
BiancaGolden_GrandPlies,-150.6733,-63.3202,210.9713,2.6803,-17.9740,18.1602,0.6551,0.3076,-0.6901,0.9980,483,17.841728,0.4933,-0.6332
BiancaGolden_GrandPlies,-151.0881,-63.5243,210.7420,2.5476,-18.3745,18.1718,0.6463,0.3165,-0.6943,0.9980,484,17.856579,0.4891,-0.6352
BiancaGolden_GrandPlies,-151.5014,-63.7606,210.4043,2.7110,-18.6944,18.3212,0.6427,0.3165,-0.6977,0.9980,484,17.868565,0.4850,-0.6376
BiancaGolden_GrandPlies,-151.8859,-64.0157,210.1394,2.9854,-18.9248,18.5706,0.6432,0.3148,-0.6980,0.9980,485,17.884172,0.4811,-0.6402
BiancaGolden_GrandPlies,-152.1472,-64.2167,210.0454,3.1373,-19.0009,18.7677,0.6514,0.3184,-0.6887,0.9980,485,17.897448,0.4785,-0.6422
BiancaGolden_GrandPlies,-152.2148,-64.3710,210.3322,3.0144,-18.8890,18.9133,0.6539,0.3232,-0.6840,0.9980,486,17.913090,0.4779,-0.6437
BiancaGolden_GrandPlies,-152.1623,-64.5074,210.7704,2.7099,-18.6393,19.0154,0.6604,0.3250,-0.6769,0.9980,486,17.925505,0.4784,-0.6451
BiancaGolden_GrandPlies,-152.1648,-64.6476,211.1783,2.2871,-18.1098,18.8213,0.6628,0.3206,-0.6767,0.9980,486,17.940622,0.4784,-0.6465
BiancaGolden_GrandPlies,-152.3471,-64.9999,211.3893,2.1745,-18.0216,18.8745,0.6603,0.3177,-0.6805,0.9980,487,17.954184,0.4765,-0.6500
BiancaGolden_GrandPlies,-152.6488,-65.4152,211.5007,2.3997,-18.2836,18.8560,0.6513,0.3149,-0.6904,0.9980,487,17.966219,0.4735,-0.6542
BiancaGolden_GrandPlies,-152.9700,-65.8579,211.7143,2.5735,-18.9380,18.8996,0.6422,0.3169,-0.6979,0.9980,488,17.983181,0.4703,-0.6586
BiancaGolden_GrandPlies,-153.2515,-66.3515,212.0224,2.9319,-19.9789,19.1766,0.6339,0.3153,-0.7063,0.9980,488,17.996424,0.4675,-0.6635
BiancaGolden_GrandPlies,-153.4194,-66.7806,212.3755,3.1352,-20.6903,19.4064,0.6277,0.3231,-0.7082,0.9980,488,18.010242,0.4658,-0.6678
BiancaGolden_GrandPlies,-153.5486,-67.2103,212.7541,3.1120,-20.9336,19.5800,0.6281,0.3264,-0.7063,0.9980,489,18.023441,0.4645,-0.6721
BiancaGolden_GrandPlies,-153.5792,-67.6575,213.1265,2.9187,-20.7402,19.7298,0.6442,0.3360,-0.6871,0.9980,489,18.036301,0.4642,-0.6766
BiancaGolden_GrandPlies,-153.6154,-68.1306,213.4414,2.6883,-20.2916,19.8270,0.6525,0.3341,-0.6802,0.9980,490,18.051809,0.4638,-0.6813
BiancaGolden_GrandPlies,-153.7028,-68.6523,213.6618,2.5171,-19.8773,19.8913,0.6553,0.3362,-0.6764,0.9980,490,18.067379,0.4630,-0.6865
BiancaGolden_GrandPlies,-153.7994,-69.2141,213.8295,2.3852,-19.5973,19.8996,0.6643,0.3339,-0.6687,0.9980,491,18.080790,0.4620,-0.6921
BiancaGolden_GrandPlies,-153.8621,-69.7785,213.9680,2.2583,-19.4198,19.8941,0.6629,0.3404,-0.6668,0.9980,491,18.093243,0.4614,-0.6978
BiancaGolden_GrandPlies,-153.9288,-70.3757,214.0439,2.1471,-19.2987,19.8562,0.6668,0.3350,-0.6657,0.9980,491,18.107082,0.4607,-0.7038
BiancaGolden_GrandPlies,-153.9782,-70.9898,214.0665,2.0491,-19.2591,19.8612,0.6699,0.3357,-0.6622,0.9980,492,18.120621,0.4602,-0.7099
BiancaGolden_GrandPlies,-153.9919,-71.6180,214.0411,1.9967,-19.2168,19.8506,0.6699,0.3362,-0.6620,0.9980,492,18.133888,0.4601,-0.7162
BiancaGolden_GrandPlies,-153.9916,-72.2682,213.9571,1.9608,-19.2001,19.8634,0.7335,0.2054,-0.6479,0.9980,493,18.149691,0.4601,-0.7227
BiancaGolden_GrandPlies,-153.9650,-72.9219,213.8547,2.0179,-19.1432,19.9499,0.7342,0.2079,-0.6463,0.9980,493,18.163250,0.4603,-0.7292
BiancaGolden_GrandPlies,-153.9085,-73.5826,213.7528,2.0669,-19.0253,20.1261,0.7569,0.1755,-0.6295,0.9980,493,18.176420,0.4609,-0.7358
BiancaGolden_GrandPlies,-153.8122,-74.2252,213.6219,2.1431,-18.8028,20.3870,0.7594,0.1808,-0.6250,0.9980,494,18.189541,0.4619,-0.7423
BiancaGolden_GrandPlies,-153.6795,-74.8866,213.4600,2.1147,-18.4957,20.7330,0.7613,0.1882,-0.6205,0.9980,494,18.203829,0.4632,-0.7489
BiancaGolden_GrandPlies,-153.5069,-75.5354,213.2702,2.0174,-18.1410,21.2578,0.7606,0.1995,-0.6177,0.9980,495,18.217995,0.4649,-0.7554
BiancaGolden_GrandPlies,-153.3321,-76.1688,213.0628,1.8785,-17.7835,21.8596,0.7619,0.2103,-0.6126,0.9980,495,18.231861,0.4667,-0.7617
BiancaGolden_GrandPlies,-153.1492,-76.8047,212.7652,1.6043,-17.3733,22.6648,0.7617,0.2243,-0.6079,0.9980,496,18.247482,0.4685,-0.7680
BiancaGolden_GrandPlies,-152.9577,-77.4741,212.3627,1.3147,-16.9850,23.5196,0.7585,0.2411,-0.6054,0.9980,496,18.260248,0.4704,-0.7747
BiancaGolden_GrandPlies,-152.7047,-78.1714,211.8885,0.8915,-16.6540,24.4524,0.7514,0.2506,-0.6104,0.9980,496,18.277704,0.4730,-0.7817
BiancaGolden_GrandPlies,-152.3723,-78.8384,211.5030,0.4050,-16.3852,25.1760,0.7428,0.2556,-0.6188,0.9980,497,18.287611,0.4763,-0.7884
BiancaGolden_GrandPlies,-151.9986,-79.5311,211.1667,-0.0069,-16.1600,25.8734,0.7414,0.2627,-0.6174,0.9980,497,18.300102,0.4800,-0.7953
BiancaGolden_GrandPlies,-151.6165,-80.2487,210.7585,-0.0437,-15.9421,26.5953,0.7412,0.2620,-0.6180,0.9980,498,18.316137,0.4838,-0.8025
BiancaGolden_GrandPlies,-151.2728,-81.0650,210.3184,0.4145,-15.9486,27.6051,0.7369,0.2717,-0.6190,0.9980,498,18.329275,0.4873,-0.8107
BiancaGolden_GrandPlies,-150.9977,-81.8586,209.8030,0.9172,-16.0911,28.6050,0.7240,0.2715,-0.6341,0.9980,498,18.343781,0.4900,-0.8186
BiancaGolden_GrandPlies,-150.6198,-82.6630,209.4873,1.2978,-16.9395,29.6779,0.7089,0.2700,-0.6516,0.9980,499,18.357037,0.4938,-0.8266
BiancaGolden_GrandPlies,-149.9785,-83.3700,209.7557,1.6704,-18.3616,30.7319,0.7072,0.2776,-0.6503,0.9980,499,18.371365,0.5002,-0.8337
BiancaGolden_GrandPlies,-149.2855,-83.9805,210.4170,1.6967,-19.2821,31.4671,0.6770,0.3616,-0.6410,0.9980,500,18.385674,0.5071,-0.8398
BiancaGolden_GrandPlies,-148.8706,-84.8404,210.4669,2.1184,-19.2393,32.3039,0.6720,0.3652,-0.6442,0.9980,500,18.399555,0.5113,-0.8484
BiancaGolden_GrandPlies,-148.6151,-85.7156,210.2142,2.6273,-19.5152,32.9703,0.6593,0.4054,-0.6332,0.9980,501,18.414059,0.5138,-0.8572
BiancaGolden_GrandPlies,-148.4104,-86.6215,209.9817,2.8693,-19.7129,33.4904,0.6723,0.4199,-0.6097,0.9980,501,18.427183,0.5159,-0.8662
BiancaGolden_GrandPlies,-148.2051,-87.5906,209.8461,3.2485,-19.9222,33.9263,0.6779,0.4131,-0.6081,0.9980,501,18.440821,0.5179,-0.8759
BiancaGolden_GrandPlies,-147.9033,-88.4248,210.0301,3.6975,-20.1731,33.9855,0.6819,0.4132,-0.6036,0.9980,502,18.454773,0.5210,-0.8842
BiancaGolden_GrandPlies,-147.5622,-89.2232,210.5202,4.2209,-20.4800,34.1386,0.6857,0.4196,-0.5948,0.9980,502,18.469082,0.5244,-0.8922
BiancaGolden_GrandPlies,-147.2137,-89.9281,210.9440,4.5882,-20.4079,34.4408,0.6989,0.4233,-0.5765,0.9980,503,18.484842,0.5279,-0.8993
BiancaGolden_GrandPlies,-147.0071,-90.5725,211.2865,4.4811,-19.9962,34.6611,0.6996,0.4299,-0.5707,0.9980,503,18.496717,0.5299,-0.9057
BiancaGolden_GrandPlies,-146.8335,-91.3185,211.4806,4.2254,-19.5706,34.9327,0.7043,0.4349,-0.5611,0.9980,504,18.512743,0.5317,-0.9132
BiancaGolden_GrandPlies,-146.6486,-92.0343,211.6260,4.0542,-19.0760,35.1047,0.7102,0.4417,-0.5482,0.9980,504,18.525469,0.5335,-0.9203
BiancaGolden_GrandPlies,-146.4233,-92.7220,211.8528,4.0206,-18.6747,35.2807,0.7174,0.4506,-0.5313,0.9980,504,18.539566,0.5358,-0.9272
BiancaGolden_GrandPlies,-146.1943,-93.3187,212.1635,4.1256,-18.3006,35.4516,0.7185,0.4548,-0.5262,0.9980,505,18.552834,0.5381,-0.9332
BiancaGolden_GrandPlies,-146.0008,-93.9056,212.4311,4.2186,-17.9836,35.6712,0.7144,0.4565,-0.5304,0.9980,505,18.565868,0.5400,-0.9391
BiancaGolden_GrandPlies,-145.9069,-94.4706,212.5696,4.1970,-17.7573,35.8969,0.7127,0.4603,-0.5294,0.9980,506,18.580795,0.5409,-0.9447
BiancaGolden_GrandPlies,-145.8434,-95.0396,212.6319,4.0871,-17.6551,36.1413,0.7062,0.4660,-0.5330,0.9980,506,18.595211,0.5416,-0.9504
BiancaGolden_GrandPlies,-145.8575,-95.6196,212.6480,4.0099,-17.8163,36.3722,0.6992,0.4658,-0.5423,0.9980,506,18.609039,0.5414,-0.9562
BiancaGolden_GrandPlies,-145.8853,-96.1834,212.6896,3.8953,-18.1568,36.6346,0.6932,0.4669,-0.5491,0.9980,507,18.622274,0.5411,-0.9618
BiancaGolden_GrandPlies,-145.9192,-96.6937,212.7546,3.8034,-18.6206,36.9117,0.6865,0.4589,-0.5641,0.9980,507,18.635517,0.5408,-0.9669
BiancaGolden_GrandPlies,-145.9573,-97.1721,212.8685,3.6519,-18.9845,37.2242,0.6820,0.4607,-0.5680,0.9980,508,18.651470,0.5404,-0.9717
BiancaGolden_GrandPlies,-145.9856,-97.5919,212.9646,3.4310,-19.1276,37.4476,0.6802,0.4645,-0.5670,0.9980,508,18.663906,0.5401,-0.9759
BiancaGolden_GrandPlies,-146.0253,-98.0095,213.0197,3.2700,-19.0519,37.6858,0.6798,0.4685,-0.5642,0.9980,508,18.677559,0.5397,-0.9801
BiancaGolden_GrandPlies,-146.0759,-98.4130,213.0296,3.1795,-18.8521,37.9008,0.6829,0.4750,-0.5550,0.9980,509,18.692183,0.5392,-0.9841
BiancaGolden_GrandPlies,-146.1610,-98.7725,212.9977,3.1721,-18.5553,38.1594,0.6834,0.4784,-0.5515,0.9980,509,18.704288,0.5384,-0.9877
BiancaGolden_GrandPlies,-146.2697,-99.1147,212.9606,3.2085,-18.3548,38.4217,0.6829,0.4795,-0.5512,0.9980,510,18.719555,0.5373,-0.9911
BiancaGolden_GrandPlies,-146.4049,-99.4427,212.8872,3.2163,-18.2832,38.6627,0.6820,0.4816,-0.5504,0.9980,510,18.734219,0.5360,-0.9944
BiancaGolden_GrandPlies,-146.5468,-99.7493,212.7980,3.2125,-18.2686,38.8609,0.6836,0.4795,-0.5502,0.9980,511,18.747681,0.5345,-0.9975
BiancaGolden_GrandPlies,-146.7185,-100.0605,212.6485,3.2591,-18.3326,39.0393,0.6819,0.4803,-0.5517,0.9980,511,18.760839,0.5328,-1.0006
BiancaGolden_GrandPlies,-146.9193,-100.3585,212.4794,3.3341,-18.4405,39.1825,0.6807,0.4796,-0.5537,0.9980,512,18.780027,0.5308,-1.0036
BiancaGolden_GrandPlies,-147.1454,-100.6378,212.2756,3.4036,-18.6167,39.2994,0.6794,0.4803,-0.5548,0.9980,512,18.792400,0.5285,-1.0064
BiancaGolden_GrandPlies,-147.3733,-100.8990,212.0760,3.4076,-18.7761,39.4126,0.6805,0.4760,-0.5571,0.9980,512,18.803196,0.5263,-1.0090
BiancaGolden_GrandPlies,-147.6053,-101.1452,211.8405,3.4094,-18.9446,39.4518,0.6828,0.4741,-0.5559,0.9980,513,18.817055,0.5239,-1.0115
BiancaGolden_GrandPlies,-147.8575,-101.3733,211.5740,3.4510,-19.0363,39.4343,0.6841,0.4735,-0.5548,0.9980,513,18.829863,0.5214,-1.0137
BiancaGolden_GrandPlies,-148.1353,-101.6148,211.2171,3.5280,-18.9637,39.3471,0.6866,0.4720,-0.5530,0.9980,513,18.844625,0.5186,-1.0161
BiancaGolden_GrandPlies,-148.4432,-101.8529,210.7623,3.6621,-18.8052,39.2022,0.6902,0.4724,-0.5482,0.9980,514,18.858362,0.5156,-1.0185
BiancaGolden_GrandPlies,-148.7881,-102.0950,210.2251,3.7713,-18.5615,39.0631,0.6919,0.4689,-0.5489,0.9980,514,18.871969,0.5121,-1.0210
BiancaGolden_GrandPlies,-149.1834,-102.3475,209.7204,3.7769,-18.5135,38.8435,0.7201,0.4221,-0.5507,0.9980,515,18.887072,0.5082,-1.0235
BiancaGolden_GrandPlies,-149.5937,-102.5911,209.2659,3.6201,-18.7060,38.4466,0.7209,0.4142,-0.5556,0.9980,515,18.899837,0.5041,-1.0259
BiancaGolden_GrandPlies,-150.0152,-102.8892,208.8935,3.4285,-18.9896,37.9426,0.7465,0.3165,-0.5853,0.9980,516,18.914223,0.4998,-1.0289
BiancaGolden_GrandPlies,-150.4248,-103.2116,208.5614,3.3940,-19.5851,37.3192,0.7561,0.2497,-0.6050,0.9980,516,18.928886,0.4958,-1.0321
BiancaGolden_GrandPlies,-150.6601,-103.4477,208.4001,3.7150,-20.4782,36.6488,0.7635,0.1932,-0.6163,0.9980,516,18.942453,0.4934,-1.0345
BiancaGolden_GrandPlies,-150.8442,-103.5578,208.5352,4.1302,-20.6928,35.9998,0.7748,0.1657,-0.6101,0.9980,517,18.956247,0.4916,-1.0356
BiancaGolden_GrandPlies,-151.0193,-103.6672,208.8179,4.5874,-20.8702,35.5665,0.7872,0.1718,-0.5922,0.9980,517,18.968246,0.4898,-1.0367
BiancaGolden_GrandPlies,-151.2215,-103.9172,208.8206,5.2117,-20.4139,35.6651,0.7892,0.1861,-0.5853,0.9980,518,18.985312,0.4878,-1.0392
BiancaGolden_GrandPlies,-151.5041,-104.1656,208.8158,5.6090,-20.1560,35.6841,0.7914,0.1916,-0.5804,0.9980,518,18.998350,0.4850,-1.0417
BiancaGolden_GrandPlies,-151.6707,-104.4122,208.9507,5.6299,-19.8213,35.8944,0.7925,0.1969,-0.5773,0.9980,519,19.012012,0.4833,-1.0441
BiancaGolden_GrandPlies,-151.8181,-104.6231,209.4085,5.4262,-19.6228,35.9963,0.7900,0.2017,-0.5790,0.9980,519,19.026266,0.4818,-1.0462
BiancaGolden_GrandPlies,-151.9634,-104.9330,209.7854,5.3605,-19.7452,36.0241,0.7865,0.2048,-0.5826,0.9980,519,19.040794,0.4804,-1.0493
BiancaGolden_GrandPlies,-152.1340,-105.3247,210.0704,5.4709,-20.1334,36.0057,0.7808,0.2171,-0.5858,0.9980,520,19.054876,0.4787,-1.0532
BiancaGolden_GrandPlies,-152.2834,-105.7112,210.2988,5.5992,-20.4516,35.9068,0.7789,0.2155,-0.5890,0.9980,520,19.067158,0.4772,-1.0571
BiancaGolden_GrandPlies,-152.4114,-106.1214,210.5524,5.7089,-20.7388,35.9240,0.7770,0.2150,-0.5916,0.9980,521,19.082695,0.4759,-1.0612
BiancaGolden_GrandPlies,-152.4784,-106.4728,210.8792,5.7695,-20.9573,35.9986,0.7771,0.2151,-0.5914,0.9980,521,19.095493,0.4752,-1.0647
BiancaGolden_GrandPlies,-152.5270,-106.7988,211.2520,5.7036,-20.9667,36.1027,0.7775,0.2209,-0.5888,0.9980,521,19.110050,0.4747,-1.0680
BiancaGolden_GrandPlies,-152.5326,-107.1666,211.5933,5.5726,-20.7541,36.3914,0.7781,0.2325,-0.5836,0.9980,522,19.124342,0.4747,-1.0717
BiancaGolden_GrandPlies,-152.5357,-107.5548,211.8297,5.5416,-20.4586,36.7304,0.7764,0.2419,-0.5820,0.9980,522,19.137016,0.4746,-1.0755
BiancaGolden_GrandPlies,-152.5297,-107.9802,212.0244,5.5802,-20.0996,37.0873,0.7772,0.2524,-0.5765,0.9980,523,19.152689,0.4747,-1.0798
BiancaGolden_GrandPlies,-152.4895,-108.4177,212.1869,5.5940,-19.7073,37.4888,0.7781,0.2588,-0.5723,0.9980,523,19.164936,0.4751,-1.0842
BiancaGolden_GrandPlies,-152.4352,-108.8484,212.3708,5.4847,-19.3762,37.7833,0.7748,0.2711,-0.5712,0.9980,524,19.180655,0.4756,-1.0885
BiancaGolden_GrandPlies,-152.3648,-109.3224,212.5366,5.3388,-19.1129,38.0407,0.7553,0.3664,-0.5433,0.9980,524,19.193768,0.4764,-1.0932
BiancaGolden_GrandPlies,-152.2640,-109.8465,212.6267,5.1359,-18.9213,38.2348,0.7351,0.4254,-0.5279,0.9980,524,19.207422,0.4774,-1.0985
BiancaGolden_GrandPlies,-152.1689,-110.3841,212.6976,4.9415,-18.7992,38.3953,0.7347,0.4499,-0.5078,0.9980,525,19.220903,0.4783,-1.1038
BiancaGolden_GrandPlies,-152.0510,-110.9155,212.7002,4.7163,-18.7552,38.5083,0.7305,0.4563,-0.5082,0.9980,525,19.234472,0.4795,-1.1092
BiancaGolden_GrandPlies,-151.9148,-111.4593,212.6711,4.4713,-18.7173,38.6323,0.7287,0.4588,-0.5084,0.9980,526,19.249052,0.4809,-1.1146
BiancaGolden_GrandPlies,-151.7464,-112.0179,212.6128,4.2775,-18.6973,38.7696,0.7256,0.4626,-0.5095,0.9980,526,19.262890,0.4825,-1.1202
BiancaGolden_GrandPlies,-151.5240,-112.6118,212.5160,4.1416,-18.6738,38.9645,0.7201,0.4620,-0.5177,0.9980,527,19.279613,0.4848,-1.1261
BiancaGolden_GrandPlies,-151.2899,-113.1904,212.4182,4.0801,-18.6510,39.1882,0.7153,0.4648,-0.5218,0.9980,527,19.289692,0.4871,-1.1319
BiancaGolden_GrandPlies,-150.9472,-113.7193,212.3354,4.1168,-18.7341,39.4639,0.7128,0.4665,-0.5237,0.9980,527,19.305777,0.4905,-1.1372
BiancaGolden_GrandPlies,-150.5632,-114.2251,212.2724,4.1649,-18.7805,39.7990,0.7095,0.4734,-0.5220,0.9980,528,19.317551,0.4944,-1.1423
BiancaGolden_GrandPlies,-150.0902,-114.6776,212.1698,4.1954,-18.5817,40.1931,0.7089,0.4808,-0.5160,0.9980,528,19.331358,0.4991,-1.1468
BiancaGolden_GrandPlies,-149.6456,-115.2070,211.8813,4.1518,-18.1723,40.5872,0.7090,0.4853,-0.5117,0.9980,529,19.346746,0.5035,-1.1521
BiancaGolden_GrandPlies,-149.1522,-115.7171,211.4980,4.0794,-17.8538,40.9317,0.7101,0.4872,-0.5083,0.9980,529,19.359627,0.5085,-1.1572
BiancaGolden_GrandPlies,-148.5910,-116.2314,211.0361,4.0133,-17.4406,41.3167,0.7080,0.4933,-0.5055,0.9980,529,19.373371,0.5141,-1.1623
BiancaGolden_GrandPlies,-147.9862,-116.7550,210.6086,4.1313,-17.1863,41.7575,0.7008,0.4976,-0.5112,0.9980,530,19.387224,0.5201,-1.1675
BiancaGolden_GrandPlies,-147.3381,-117.2653,210.1891,4.3560,-17.0047,42.1953,0.6964,0.5018,-0.5130,0.9980,530,19.400335,0.5266,-1.1727
BiancaGolden_GrandPlies,-146.6711,-117.8022,209.7852,4.6190,-17.0254,42.6917,0.6920,0.5056,-0.5153,0.9980,531,19.415495,0.5333,-1.1780
BiancaGolden_GrandPlies,-146.0682,-118.4057,209.3132,4.8348,-17.2028,43.1380,0.6833,0.5037,-0.5286,0.9980,531,19.429726,0.5393,-1.1841
BiancaGolden_GrandPlies,-145.4055,-118.9681,208.8676,4.9896,-18.0848,43.5065,0.6762,0.4957,-0.5450,0.9980,531,19.444407,0.5459,-1.1897
BiancaGolden_GrandPlies,-144.5432,-119.3220,208.7892,5.0239,-19.0719,43.8391,0.6726,0.4933,-0.5516,0.9980,532,19.457230,0.5546,-1.1932
BiancaGolden_GrandPlies,-143.6880,-119.5841,209.0281,4.8087,-19.3856,43.9826,0.6733,0.4913,-0.5525,0.9980,532,19.470724,0.5631,-1.1958
BiancaGolden_GrandPlies,-143.0265,-119.9971,208.9852,4.4368,-19.1000,43.9598,0.6815,0.4861,-0.5470,0.9980,533,19.486670,0.5697,-1.2000
BiancaGolden_GrandPlies,-142.4461,-120.6113,208.5112,4.3999,-18.8650,44.0581,0.6805,0.4876,-0.5470,0.9980,533,19.499241,0.5755,-1.2061
BiancaGolden_GrandPlies,-141.8861,-121.1900,208.0238,4.5507,-18.8277,44.1666,0.6855,0.4925,-0.5362,0.9980,534,19.514093,0.5811,-1.2119
BiancaGolden_GrandPlies,-141.3702,-121.6659,207.8084,4.9013,-18.9685,44.2666,0.6816,0.4918,-0.5419,0.9980,534,19.526674,0.5863,-1.2167
BiancaGolden_GrandPlies,-140.8632,-122.1252,207.8623,5.0698,-19.3165,44.4671,0.6740,0.4865,-0.5559,0.9980,534,19.542202,0.5914,-1.2213
BiancaGolden_GrandPlies,-140.3826,-122.5322,208.0527,5.2042,-19.8457,44.5572,0.6697,0.4843,-0.5630,0.9980,535,19.555384,0.5962,-1.2253
BiancaGolden_GrandPlies,-140.0365,-123.0687,208.1666,5.3197,-20.3608,44.6960,0.6681,0.4856,-0.5638,0.9980,535,19.568258,0.5996,-1.2307
BiancaGolden_GrandPlies,-139.7269,-123.6638,208.1513,5.4995,-20.9522,44.8353,0.6622,0.4828,-0.5730,0.9980,536,19.583830,0.6027,-1.2366
BiancaGolden_GrandPlies,-139.4904,-124.2778,208.1857,5.6652,-21.6226,45.0373,0.6569,0.4810,-0.5806,0.9980,536,19.596937,0.6051,-1.2428
BiancaGolden_GrandPlies,-139.2545,-124.7926,208.3652,5.5632,-22.1464,45.0918,0.6541,0.4826,-0.5825,0.9980,536,19.610151,0.6075,-1.2479
BiancaGolden_GrandPlies,-139.0119,-125.2857,208.6080,5.3806,-22.3198,45.1398,0.6559,0.4883,-0.5756,0.9980,537,19.624315,0.6099,-1.2529
BiancaGolden_GrandPlies,-138.7958,-125.7386,208.9191,5.0655,-22.1622,45.1913,0.6585,0.4941,-0.5676,0.9980,537,19.637444,0.6120,-1.2574
BiancaGolden_GrandPlies,-138.5855,-126.1985,209.1893,4.9037,-21.8310,45.2850,0.6639,0.5002,-0.5559,0.9980,538,19.653460,0.6141,-1.2620
BiancaGolden_GrandPlies,-138.4510,-126.6873,209.4327,4.8002,-21.2597,45.4692,0.6643,0.5069,-0.5494,0.9980,538,19.667034,0.6155,-1.2669
BiancaGolden_GrandPlies,-138.3444,-127.1995,209.6277,4.7309,-20.8311,45.7361,0.6644,0.5141,-0.5424,0.9980,539,19.681870,0.6166,-1.2720
BiancaGolden_GrandPlies,-138.3060,-127.7091,209.8279,4.5989,-20.5131,46.0414,0.6635,0.5213,-0.5368,0.9980,539,19.694038,0.6169,-1.2771
BiancaGolden_GrandPlies,-138.2844,-128.2281,210.0501,4.3798,-20.3467,46.3005,0.6589,0.5231,-0.5406,0.9980,539,19.709127,0.6172,-1.2823
BiancaGolden_GrandPlies,-138.2823,-128.7355,210.2607,4.0982,-20.2990,46.5525,0.6555,0.5249,-0.5429,0.9980,540,19.722710,0.6172,-1.2874
BiancaGolden_GrandPlies,-138.2786,-129.2344,210.4593,3.8608,-20.2604,46.7733,0.6539,0.5269,-0.5430,0.9980,540,19.735031,0.6172,-1.2923
BiancaGolden_GrandPlies,-138.2889,-129.7254,210.6461,3.6001,-20.2327,46.8776,0.6483,0.5269,-0.5496,0.9980,541,19.750553,0.6171,-1.2973
BiancaGolden_GrandPlies,-138.3088,-130.2113,210.8034,3.4097,-20.1825,46.9094,0.6462,0.5272,-0.5517,0.9980,541,19.763798,0.6169,-1.3021
BiancaGolden_GrandPlies,-138.3615,-130.6909,210.9309,3.3190,-20.1629,46.8639,0.6442,0.5255,-0.5558,0.9980,542,19.782104,0.6164,-1.3069
BiancaGolden_GrandPlies,-138.4402,-131.1558,211.0360,3.2634,-20.1513,46.7775,0.6440,0.5254,-0.5561,0.9980,542,19.792595,0.6156,-1.3116
BiancaGolden_GrandPlies,-138.5382,-131.6367,211.1378,3.3082,-20.1500,46.7102,0.6428,0.5197,-0.5628,0.9980,542,19.805258,0.6146,-1.3164
BiancaGolden_GrandPlies,-138.6715,-132.0861,211.2469,3.4171,-20.1561,46.6237,0.6430,0.5194,-0.5628,0.9980,543,19.819221,0.6133,-1.3209
BiancaGolden_GrandPlies,-138.8164,-132.5167,211.3679,3.5525,-20.0971,46.5817,0.6441,0.5200,-0.5610,0.9980,543,19.832291,0.6118,-1.3252
BiancaGolden_GrandPlies,-138.9926,-132.9070,211.4875,3.6092,-19.9733,46.5719,0.6457,0.5196,-0.5596,0.9980,544,19.847521,0.6101,-1.3291
BiancaGolden_GrandPlies,-139.1763,-133.2890,211.5973,3.5878,-19.8088,46.5400,0.6451,0.5230,-0.5571,0.9980,544,19.862162,0.6082,-1.3329
BiancaGolden_GrandPlies,-139.3699,-133.6702,211.6692,3.6136,-19.6104,46.5028,0.6464,0.5218,-0.5567,0.9980,544,19.875511,0.6063,-1.3367
BiancaGolden_GrandPlies,-139.5740,-134.0435,211.7086,3.6912,-19.4042,46.3949,0.6497,0.5200,-0.5545,0.9980,545,19.888374,0.6043,-1.3404
BiancaGolden_GrandPlies,-139.7924,-134.4045,211.7108,3.8454,-19.2104,46.2359,0.6511,0.5183,-0.5544,0.9980,545,19.901907,0.6021,-1.3440
BiancaGolden_GrandPlies,-140.0298,-134.7288,211.6871,4.0019,-19.0125,46.0258,0.6548,0.5172,-0.5511,0.9980,546,19.917118,0.5997,-1.3473
BiancaGolden_GrandPlies,-140.2863,-135.0551,211.6452,4.1079,-18.8003,45.8211,0.6545,0.5179,-0.5508,0.9980,546,19.930143,0.5971,-1.3506
BiancaGolden_GrandPlies,-140.5801,-135.3574,211.5461,4.1233,-18.6237,45.5853,0.6554,0.5184,-0.5493,0.9980,546,19.944330,0.5942,-1.3536
BiancaGolden_GrandPlies,-140.8925,-135.6490,211.3996,4.0542,-18.4723,45.3754,0.6534,0.5177,-0.5523,0.9980,547,19.957947,0.5911,-1.3565
BiancaGolden_GrandPlies,-141.2474,-135.9495,211.2178,3.9956,-18.4099,45.1650,0.6476,0.5134,-0.5631,0.9980,547,19.972918,0.5875,-1.3595
BiancaGolden_GrandPlies,-141.5914,-136.2202,211.0558,3.9356,-18.4641,44.9396,0.6443,0.5124,-0.5678,0.9980,548,19.988449,0.5841,-1.3622
BiancaGolden_GrandPlies,-141.9609,-136.4717,210.9149,3.8784,-18.5443,44.6056,0.6465,0.5069,-0.5702,0.9980,548,20.000593,0.5804,-1.3647
BiancaGolden_GrandPlies,-142.3041,-136.7091,210.7771,3.9228,-18.7464,44.2169,0.6454,0.4981,-0.5791,0.9980,549,20.015924,0.5770,-1.3671
BiancaGolden_GrandPlies,-142.6190,-136.9285,210.6809,4.0974,-18.9754,43.8041,0.6479,0.4917,-0.5818,0.9980,549,20.028475,0.5738,-1.3693
BiancaGolden_GrandPlies,-142.9381,-137.1036,210.6179,4.2953,-19.1768,43.3631,0.6473,0.4910,-0.5830,0.9980,549,20.043501,0.5706,-1.3710
BiancaGolden_GrandPlies,-143.2444,-137.2811,210.5561,4.6109,-19.4611,43.0311,0.6490,0.4913,-0.5809,0.9980,550,20.057123,0.5676,-1.3728
BiancaGolden_GrandPlies,-143.5493,-137.4481,210.4826,4.9003,-19.6301,42.9216,0.6492,0.4916,-0.5804,0.9980,550,20.070841,0.5645,-1.3745
BiancaGolden_GrandPlies,-143.8857,-137.5996,210.4338,4.9680,-19.6175,42.9245,0.6487,0.4932,-0.5797,0.9980,551,20.084768,0.5611,-1.3760
BiancaGolden_GrandPlies,-144.2208,-137.7992,210.3280,4.6550,-19.5348,42.9263,0.6494,0.4915,-0.5803,0.9980,551,20.097446,0.5578,-1.3780
BiancaGolden_GrandPlies,-144.5211,-138.0601,210.2144,4.2170,-19.5281,42.6646,0.6476,0.4730,-0.5974,0.9980,552,20.112503,0.5548,-1.3806
BiancaGolden_GrandPlies,-144.7682,-138.3614,210.2114,4.0768,-19.8148,42.2917,0.6889,0.3785,-0.6182,0.9980,552,20.126238,0.5523,-1.3836
BiancaGolden_GrandPlies,-144.9975,-138.6779,210.3238,4.3898,-20.2920,41.8289,0.6950,0.2869,-0.6593,0.9980,552,20.140305,0.5500,-1.3868
BiancaGolden_GrandPlies,-145.1974,-139.0036,210.5024,5.0798,-20.9469,41.4737,0.7070,0.2108,-0.6750,0.9980,553,20.154467,0.5480,-1.3900
BiancaGolden_GrandPlies,-145.4041,-139.2690,210.6460,5.5610,-21.3727,41.3453,0.7062,0.2077,-0.6768,0.9980,553,20.166821,0.5460,-1.3927
BiancaGolden_GrandPlies,-145.6430,-139.4810,210.7831,5.6874,-21.5822,41.2673,0.7079,0.1802,-0.6829,0.9980,554,20.181454,0.5436,-1.3948
BiancaGolden_GrandPlies,-145.8343,-139.6664,210.9625,5.4259,-21.4451,41.4367,0.7081,0.1871,-0.6809,0.9980,554,20.195284,0.5417,-1.3967
BiancaGolden_GrandPlies,-145.9785,-139.8324,211.1490,5.0927,-21.1045,41.6803,0.7101,0.2008,-0.6749,0.9980,554,20.210226,0.5402,-1.3983
BiancaGolden_GrandPlies,-146.0844,-139.9890,211.3451,4.7992,-20.6293,41.9612,0.7168,0.2177,-0.6624,0.9980,555,20.223391,0.5392,-1.3999
BiancaGolden_GrandPlies,-146.1468,-140.1611,211.5579,4.5932,-20.1315,42.1825,0.7191,0.2225,-0.6583,0.9980,555,20.236240,0.5385,-1.4016
BiancaGolden_GrandPlies,-146.1785,-140.3116,211.7808,4.5712,-19.7331,42.3610,0.7192,0.2346,-0.6540,0.9980,556,20.252230,0.5382,-1.4031
BiancaGolden_GrandPlies,-146.2243,-140.4643,211.9466,4.5847,-19.5234,42.4714,0.7191,0.2365,-0.6534,0.9980,556,20.266228,0.5378,-1.4046
BiancaGolden_GrandPlies,-146.2690,-140.6135,212.0269,4.5630,-19.4668,42.5812,0.7177,0.2356,-0.6553,0.9980,557,20.282803,0.5373,-1.4061
BiancaGolden_GrandPlies,-146.2908,-140.7402,212.0659,4.5112,-19.4946,42.6461,0.7123,0.2323,-0.6622,0.9980,557,20.292168,0.5371,-1.4074
BiancaGolden_GrandPlies,-146.2927,-140.8569,212.0595,4.4240,-19.6128,42.7013,0.7101,0.2310,-0.6651,0.9980,557,20.307636,0.5371,-1.4086
BiancaGolden_GrandPlies,-146.2525,-140.9673,212.0241,4.3984,-19.7771,42.6884,0.7090,0.2275,-0.6675,0.9980,558,20.319815,0.5375,-1.4097
BiancaGolden_GrandPlies,-146.1907,-141.1044,211.9462,4.3850,-19.9573,42.5551,0.7071,0.2205,-0.6719,0.9980,558,20.333908,0.5381,-1.4110
BiancaGolden_GrandPlies,-146.1040,-141.2151,211.8658,4.4176,-20.0862,42.3156,0.7001,0.1317,-0.7018,0.9980,559,20.347868,0.5390,-1.4122
BiancaGolden_GrandPlies,-145.9959,-141.3163,211.7386,4.6493,-20.1458,42.0815,0.6858,0.0579,-0.7255,0.9980,559,20.362917,0.5400,-1.4132
BiancaGolden_GrandPlies,-145.8679,-141.3831,211.6222,4.9892,-20.1498,41.9554,0.6750,0.0300,-0.7372,0.9980,559,20.378164,0.5413,-1.4138
BiancaGolden_GrandPlies,-145.7145,-141.3881,211.5541,5.2503,-20.1039,41.9468,0.6759,0.0316,-0.7363,0.9980,560,20.389984,0.5429,-1.4139
BiancaGolden_GrandPlies,-145.5720,-141.3994,211.4769,5.2815,-20.0131,41.9998,0.6758,0.0345,-0.7363,0.9980,560,20.404028,0.5443,-1.4140
BiancaGolden_GrandPlies,-145.3732,-141.4275,211.3885,5.1777,-19.9662,42.0551,0.6758,0.0352,-0.7363,0.9980,561,20.417946,0.5463,-1.4143
BiancaGolden_GrandPlies,-145.1716,-141.5017,211.2202,5.1248,-19.9250,42.0566,0.6760,0.0341,-0.7361,0.9980,561,20.431858,0.5483,-1.4150
BiancaGolden_GrandPlies,-144.9499,-141.6036,210.9898,5.2740,-19.9883,42.0232,0.6730,0.0279,-0.7391,0.9980,562,20.447271,0.5505,-1.4160
BiancaGolden_GrandPlies,-144.7385,-141.7229,210.7833,5.5240,-20.2000,42.0128,0.6684,0.0236,-0.7435,0.9980,562,20.460262,0.5526,-1.4172
BiancaGolden_GrandPlies,-144.5109,-141.8161,210.6119,5.7603,-20.6209,41.8865,0.6592,0.0179,-0.7517,0.9980,562,20.475094,0.5549,-1.4182
BiancaGolden_GrandPlies,-144.1702,-141.7811,210.6500,5.8951,-21.5140,41.6560,0.6566,0.0130,-0.7542,0.9980,563,20.489828,0.5583,-1.4178
BiancaGolden_GrandPlies,-143.8111,-141.7035,210.8255,5.8918,-22.1296,41.4014,0.6505,0.0021,-0.7595,0.9980,563,20.501812,0.5619,-1.4170
BiancaGolden_GrandPlies,-143.4197,-141.5637,211.0061,5.8787,-22.7357,40.9034,0.6455,-0.0070,-0.7637,0.9980,564,20.517727,0.5658,-1.4156
BiancaGolden_GrandPlies,-143.0627,-141.6173,210.8349,6.0843,-23.3770,40.6256,0.6412,-0.0204,-0.7671,0.9980,564,20.530760,0.5694,-1.4162
BiancaGolden_GrandPlies,-142.7626,-141.6351,210.5123,6.2716,-23.7805,40.0647,0.6329,-0.0377,-0.7733,0.9980,564,20.545033,0.5724,-1.4164
BiancaGolden_GrandPlies,-142.4359,-141.6843,210.3193,6.4426,-24.5873,39.4482,0.6236,-0.0588,-0.7795,0.9980,565,20.558168,0.5756,-1.4168
BiancaGolden_GrandPlies,-142.1179,-141.7058,210.1843,6.6398,-25.3590,38.5637,0.5960,-0.0933,-0.7976,0.9980,565,20.571344,0.5788,-1.4171
BiancaGolden_GrandPlies,-141.7774,-141.7084,210.1225,7.0153,-26.1926,37.7585,0.5854,-0.1157,-0.8024,0.9980,566,20.585066,0.5822,-1.4171
BiancaGolden_GrandPlies,-141.4581,-141.6759,210.1437,7.5817,-27.0480,36.7664,0.5789,-0.1329,-0.8045,0.9980,566,20.599602,0.5854,-1.4168
BiancaGolden_GrandPlies,-141.1660,-141.6633,210.1486,8.0504,-27.8049,35.9200,0.5685,-0.1441,-0.8100,0.9980,567,20.613621,0.5883,-1.4166
BiancaGolden_GrandPlies,-140.8856,-141.6487,210.1104,8.4606,-28.3550,35.1612,0.5649,-0.1498,-0.8114,0.9980,567,20.626711,0.5911,-1.4165
BiancaGolden_GrandPlies,-140.6409,-141.6174,210.0626,8.8733,-28.5808,34.4626,0.5746,-0.1436,-0.8057,0.9980,567,20.642450,0.5936,-1.4162
BiancaGolden_GrandPlies,-140.4027,-141.5784,210.0330,9.1867,-28.6316,33.9627,0.5750,-0.1508,-0.8042,0.9980,568,20.655769,0.5960,-1.4158
BiancaGolden_GrandPlies,-140.1601,-141.5166,210.0161,9.4787,-28.6906,33.4467,0.5772,-0.1557,-0.8016,0.9980,568,20.668577,0.5984,-1.4152
BiancaGolden_GrandPlies,-139.9284,-141.4416,209.9939,9.7801,-28.6221,33.0695,0.5787,-0.1589,-0.7999,0.9980,569,20.684238,0.6007,-1.4144
BiancaGolden_GrandPlies,-139.7284,-141.3911,209.9586,10.0771,-28.5855,32.7563,0.5895,-0.1566,-0.7924,0.9980,569,20.697731,0.6027,-1.4139
BiancaGolden_GrandPlies,-139.5438,-141.3409,209.9032,10.4429,-28.6264,32.4392,0.5911,-0.1604,-0.7905,0.9980,570,20.711990,0.6046,-1.4134
BiancaGolden_GrandPlies,-139.3867,-141.2961,209.8451,10.7967,-28.7285,32.1411,0.5909,-0.1616,-0.7904,0.9980,570,20.726698,0.6061,-1.4130
BiancaGolden_GrandPlies,-139.2421,-141.2574,209.7856,11.0603,-28.9081,31.9232,0.5959,-0.1653,-0.7858,0.9980,570,20.739664,0.6076,-1.4126
BiancaGolden_GrandPlies,-139.1036,-141.2258,209.7321,11.2662,-29.1172,31.6940,0.5939,-0.1704,-0.7863,0.9980,571,20.753416,0.6090,-1.4123
BiancaGolden_GrandPlies,-138.9833,-141.1894,209.6791,11.4766,-29.3786,31.4933,0.5867,-0.1636,-0.7931,0.9980,571,20.769785,0.6102,-1.4119
BiancaGolden_GrandPlies,-138.8625,-141.1253,209.6156,11.5715,-29.6223,31.3212,0.5835,-0.1538,-0.7974,0.9980,572,20.783005,0.6114,-1.4113
BiancaGolden_GrandPlies,-138.7478,-141.0404,209.5626,11.5194,-29.7976,31.2392,0.5782,-0.1482,-0.8023,0.9980,572,20.794998,0.6125,-1.4104
BiancaGolden_GrandPlies,-138.6282,-140.9121,209.5294,11.3274,-29.8602,31.2119,0.5762,-0.1446,-0.8044,0.9980,572,20.809502,0.6137,-1.4091
BiancaGolden_GrandPlies,-138.5153,-140.7818,209.5147,10.9458,-29.8041,31.3236,0.5466,-0.1413,-0.8254,0.9980,573,20.821711,0.6148,-1.4078
BiancaGolden_GrandPlies,-138.4019,-140.6495,209.5079,10.5595,-29.7466,31.5072,0.5448,-0.1360,-0.8275,0.9980,573,20.836868,0.6160,-1.4065
BiancaGolden_GrandPlies,-138.2990,-140.5527,209.5085,10.1740,-29.7085,31.7964,0.5385,-0.1298,-0.8326,0.9980,574,20.850452,0.6170,-1.4055
BiancaGolden_GrandPlies,-138.1938,-140.4789,209.4852,9.9574,-29.7777,32.0629,0.5406,-0.1231,-0.8322,0.9980,574,20.865040,0.6181,-1.4048
BiancaGolden_GrandPlies,-138.0556,-140.4029,209.4757,9.7815,-29.9445,32.2938,0.5408,-0.1200,-0.8326,0.9980,574,20.878454,0.6194,-1.4040
BiancaGolden_GrandPlies,-137.8895,-140.2914,209.4968,9.6620,-30.1227,32.5173,0.5431,-0.1233,-0.8306,0.9980,575,20.892572,0.6211,-1.4029
BiancaGolden_GrandPlies,-137.6625,-140.1351,209.5576,9.6097,-30.2684,32.8247,0.5431,-0.1186,-0.8312,0.9980,575,20.905495,0.6234,-1.4014
BiancaGolden_GrandPlies,-137.3948,-139.9696,209.6101,9.5249,-30.2505,33.2830,0.5448,-0.1089,-0.8314,0.9980,576,20.920187,0.6261,-1.3997
BiancaGolden_GrandPlies,-137.0816,-139.7829,209.6695,9.3602,-30.0981,33.8853,0.5463,-0.1000,-0.8316,0.9980,576,20.934433,0.6292,-1.3978
BiancaGolden_GrandPlies,-136.7349,-139.5822,209.7403,9.1403,-29.9294,34.5430,0.5532,-0.0459,-0.8318,0.9980,577,20.948534,0.6327,-1.3958
BiancaGolden_GrandPlies,-136.3367,-139.3246,209.8484,8.8696,-29.7970,35.2214,0.5599,0.1435,-0.8161,0.9980,577,20.961813,0.6366,-1.3932
BiancaGolden_GrandPlies,-135.8941,-139.0590,209.9419,8.5312,-29.6667,35.9412,0.5578,0.1541,-0.8155,0.9980,577,20.977837,0.6411,-1.3906
BiancaGolden_GrandPlies,-135.4120,-138.7821,209.9775,8.2024,-29.4949,36.7109,0.5387,0.2730,-0.7971,0.9980,578,20.989893,0.6459,-1.3878
BiancaGolden_GrandPlies,-134.8897,-138.5251,209.9539,7.8272,-29.3386,37.4667,0.5336,0.2824,-0.7972,0.9980,578,21.002880,0.6511,-1.3853
BiancaGolden_GrandPlies,-134.3304,-138.2625,209.8945,7.4275,-29.2485,38.1664,0.5377,0.3863,-0.7494,0.9980,579,21.018749,0.6567,-1.3826
BiancaGolden_GrandPlies,-133.7140,-138.0020,209.8018,6.8836,-29.1955,38.7308,0.5945,0.4809,-0.6445,0.9980,579,21.031609,0.6629,-1.3800
BiancaGolden_GrandPlies,-133.0527,-137.7731,209.6626,6.3322,-29.1439,39.2060,0.6107,0.5274,-0.5907,0.9980,580,21.045494,0.6695,-1.3777
BiancaGolden_GrandPlies,-132.3236,-137.5604,209.4656,5.9748,-29.1011,39.6271,0.6322,0.5504,-0.5453,0.9980,580,21.060038,0.6768,-1.3756
BiancaGolden_GrandPlies,-131.5728,-137.3806,209.2236,5.7591,-29.1505,39.9627,0.6282,0.5530,-0.5473,0.9980,580,21.074469,0.6843,-1.3738
BiancaGolden_GrandPlies,-130.8157,-137.2231,208.9528,5.7014,-29.2852,40.2694,0.6239,0.5537,-0.5516,0.9980,581,21.087303,0.6918,-1.3722
BiancaGolden_GrandPlies,-130.0429,-137.0970,208.6433,5.7173,-29.5567,40.4988,0.6265,0.5598,-0.5424,0.9980,581,21.100063,0.6996,-1.3710
BiancaGolden_GrandPlies,-129.2452,-136.9935,208.3220,5.7409,-29.8206,40.7402,0.6307,0.5378,-0.5595,0.9980,582,21.116022,0.7075,-1.3699
BiancaGolden_GrandPlies,-128.3998,-136.8837,208.0250,5.8243,-30.1111,40.9262,0.6254,0.5364,-0.5667,0.9980,582,21.129236,0.7160,-1.3688
BiancaGolden_GrandPlies,-127.4730,-136.7505,207.8811,5.9827,-30.6457,41.0882,0.6236,0.5267,-0.5776,0.9980,582,21.144375,0.7253,-1.3675
BiancaGolden_GrandPlies,-126.4666,-136.5322,207.9836,6.0760,-31.4236,41.2570,0.6173,0.5191,-0.5911,0.9980,583,21.157171,0.7353,-1.3653
BiancaGolden_GrandPlies,-125.4511,-136.2281,208.1638,5.9941,-31.9113,41.3826,0.6184,0.5196,-0.5895,0.9980,583,21.170208,0.7455,-1.3623
BiancaGolden_GrandPlies,-124.5026,-135.9111,208.2663,5.8497,-31.7969,41.2884,0.6208,0.5137,-0.5922,0.9980,584,21.185972,0.7550,-1.3591
BiancaGolden_GrandPlies,-123.6333,-135.7816,208.1264,5.8311,-31.4011,41.6120,0.6210,0.5191,-0.5873,0.9980,584,21.200003,0.7637,-1.3578
BiancaGolden_GrandPlies,-122.9093,-135.6857,208.0102,5.7341,-31.0503,41.8852,0.6208,0.5269,-0.5805,0.9980,585,21.213562,0.7709,-1.3569
BiancaGolden_GrandPlies,-122.2105,-135.6191,208.0359,5.4873,-31.0524,42.2526,0.6211,0.5285,-0.5787,0.9980,585,21.225805,0.7779,-1.3562
BiancaGolden_GrandPlies,-121.5353,-135.4035,208.2645,4.9980,-31.2662,42.2344,0.6185,0.5283,-0.5817,0.9980,585,21.242270,0.7846,-1.3540
BiancaGolden_GrandPlies,-120.8595,-135.2457,208.5478,4.6937,-31.4718,42.3180,0.6203,0.5280,-0.5801,0.9980,586,21.255865,0.7914,-1.3525
BiancaGolden_GrandPlies,-120.2217,-135.0592,208.7967,4.5907,-31.6037,42.3756,0.6197,0.5323,-0.5767,0.9980,586,21.271811,0.7978,-1.3506
BiancaGolden_GrandPlies,-119.6115,-134.9043,208.9483,4.6399,-31.3686,42.6289,0.6178,0.5342,-0.5770,0.9980,587,21.284029,0.8039,-1.3490
BiancaGolden_GrandPlies,-119.0563,-134.7148,209.1449,4.4914,-31.1743,42.8198,0.6178,0.5400,-0.5716,0.9980,587,21.297897,0.8094,-1.3471
BiancaGolden_GrandPlies,-118.5554,-134.4781,209.3542,4.2318,-30.7867,43.0981,0.6186,0.5462,-0.5648,0.9980,587,21.310465,0.8144,-1.3448
BiancaGolden_GrandPlies,-118.0668,-134.2448,209.5979,3.9047,-30.4886,43.3632,0.6160,0.5497,-0.5643,0.9980,588,21.324739,0.8193,-1.3424
BiancaGolden_GrandPlies,-117.6131,-134.0095,209.8480,3.7197,-30.2037,43.7011,0.6148,0.5544,-0.5609,0.9980,588,21.337099,0.8239,-1.3401
BiancaGolden_GrandPlies,-117.1569,-133.7732,210.0686,3.5944,-29.9676,43.9846,0.6136,0.5607,-0.5560,0.9980,589,21.352669,0.8284,-1.3377
BiancaGolden_GrandPlies,-116.7484,-133.5083,210.2472,3.4582,-29.7334,44.2364,0.6125,0.5637,-0.5542,0.9980,589,21.367941,0.8325,-1.3351
BiancaGolden_GrandPlies,-116.3767,-133.2242,210.3865,3.3050,-29.4858,44.4300,0.6109,0.5618,-0.5579,0.9980,590,21.383247,0.8362,-1.3322
BiancaGolden_GrandPlies,-116.0414,-132.9292,210.5132,3.0975,-29.2806,44.6197,0.6096,0.5653,-0.5557,0.9980,590,21.395897,0.8396,-1.3293
BiancaGolden_GrandPlies,-115.7257,-132.6371,210.6232,2.9839,-29.1263,44.8444,0.6059,0.5656,-0.5595,0.9980,591,21.412342,0.8427,-1.3264
BiancaGolden_GrandPlies,-115.4449,-132.3127,210.7148,2.9189,-29.0177,45.0534,0.6056,0.5632,-0.5622,0.9980,591,21.425791,0.8456,-1.3231
BiancaGolden_GrandPlies,-114.8856,-131.6543,210.9024,2.7455,-28.8214,45.4482,0.6040,0.5608,-0.5663,0.9980,591,21.438940,0.8511,-1.3165
BiancaGolden_GrandPlies,-114.9333,-131.6043,210.8606,2.8183,-28.9631,45.4227,0.6023,0.5623,-0.5666,0.9980,592,21.450705,0.8507,-1.3160
BiancaGolden_GrandPlies,-114.6843,-131.2137,210.9109,2.8110,-28.9948,45.6047,0.5986,0.5612,-0.5716,0.9980,592,21.463608,0.8532,-1.3121
BiancaGolden_GrandPlies,-114.4541,-130.7916,210.9603,2.8200,-29.0493,45.7407,0.5998,0.5550,-0.5764,0.9980,592,21.476931,0.8555,-1.3079
BiancaGolden_GrandPlies,-114.2453,-130.3562,210.9817,2.7933,-29.0704,45.8209,0.5989,0.5528,-0.5794,0.9980,593,21.491491,0.8575,-1.3036
BiancaGolden_GrandPlies,-114.0685,-129.9026,210.9618,2.7984,-29.1394,45.8406,0.6002,0.5467,-0.5839,0.9980,593,21.502605,0.8593,-1.2990
BiancaGolden_GrandPlies,-113.9257,-129.4388,210.9460,2.8036,-29.2534,45.8405,0.6026,0.5400,-0.5875,0.9980,594,21.518291,0.8607,-1.2944
BiancaGolden_GrandPlies,-113.8300,-128.8731,210.9206,2.7457,-29.5278,45.7047,0.6094,0.5306,-0.5891,0.9980,595,21.589031,0.8617,-1.2887
BiancaGolden_GrandPlies,-113.6065,-127.7025,210.8838,2.7615,-29.5370,45.2570,0.6222,0.5123,-0.5919,0.9980,595,21.601734,0.8639,-1.2770
BiancaGolden_GrandPlies,-113.2877,-124.4311,210.6089,2.8485,-29.6899,44.4314,0.6262,0.5082,-0.5913,0.9980,596,21.628363,0.8671,-1.2443
BiancaGolden_GrandPlies,-113.2894,-122.9208,210.3773,2.8567,-29.7637,44.0357,0.6275,0.5069,-0.5910,0.9980,596,21.645611,0.8671,-1.2292
BiancaGolden_GrandPlies,-113.3262,-122.1118,210.2146,2.8870,-29.7370,43.8032,0.6299,0.5058,-0.5894,0.9980,597,21.657366,0.8667,-1.2211
BiancaGolden_GrandPlies,-113.3691,-121.2288,210.0027,2.9973,-29.6044,43.4188,0.6325,0.5052,-0.5871,0.9980,597,21.670536,0.8663,-1.2123
BiancaGolden_GrandPlies,-113.3959,-121.1471,209.9297,3.0598,-29.4454,43.2709,0.6382,0.5021,-0.5836,0.9980,598,21.685524,0.8660,-1.2115
BiancaGolden_GrandPlies,-113.4455,-120.2325,209.6873,3.2012,-29.1986,42.8551,0.6407,0.5004,-0.5823,0.9980,598,21.699318,0.8655,-1.2023
BiancaGolden_GrandPlies,-113.5107,-119.3030,209.4255,3.3310,-28.9303,42.5070,0.6428,0.5019,-0.5787,0.9980,599,21.713976,0.8649,-1.1930
BiancaGolden_GrandPlies,-113.6185,-118.3339,209.1391,3.4589,-28.5634,42.2032,0.6470,0.5013,-0.5745,0.9980,599,21.726990,0.8638,-1.1833
BiancaGolden_GrandPlies,-113.7748,-117.3409,208.8298,3.4367,-28.2058,41.8811,0.6514,0.4995,-0.5711,0.9980,600,21.740101,0.8623,-1.1734
BiancaGolden_GrandPlies,-113.9965,-116.2860,208.4828,3.2257,-27.7909,41.5046,0.6564,0.4988,-0.5660,0.9980,600,21.754597,0.8600,-1.1629
BiancaGolden_GrandPlies,-114.2129,-115.2477,208.1520,3.0676,-27.4216,41.2105,0.6575,0.5004,-0.5634,0.9980,601,21.768288,0.8579,-1.1525
BiancaGolden_GrandPlies,-114.4872,-114.1513,207.8401,3.0230,-27.0794,40.8418,0.6601,0.4976,-0.5627,0.9980,601,21.781576,0.8551,-1.1415
BiancaGolden_GrandPlies,-114.8096,-113.0749,207.5500,2.9825,-26.8330,40.4521,0.6621,0.4917,-0.5655,0.9980,601,21.794914,0.8519,-1.1307
BiancaGolden_GrandPlies,-115.2064,-112.0053,207.2814,3.0023,-26.7541,40.0552,0.6644,0.4861,-0.5677,0.9980,602,21.812777,0.8479,-1.1201
BiancaGolden_GrandPlies,-115.6117,-110.8979,207.0760,3.0319,-26.8503,39.5791,0.6610,0.4745,-0.5814,0.9980,602,21.825165,0.8439,-1.1090
BiancaGolden_GrandPlies,-115.9931,-109.6828,207.0505,2.9567,-27.2496,39.0776,0.6627,0.4665,-0.5858,0.9980,603,21.838509,0.8401,-1.0968
BiancaGolden_GrandPlies,-116.3167,-108.3577,207.2875,2.7378,-27.6356,38.5668,0.6613,0.4601,-0.5924,0.9980,603,21.850285,0.8368,-1.0836
BiancaGolden_GrandPlies,-116.6423,-106.9890,207.4960,2.4166,-27.4774,37.9647,0.6664,0.4614,-0.5857,0.9980,604,21.863455,0.8336,-1.0699
BiancaGolden_GrandPlies,-116.9561,-105.8264,207.5348,2.3879,-27.0487,37.7016,0.6749,0.4623,-0.5752,0.9980,604,21.877083,0.8304,-1.0583
BiancaGolden_GrandPlies,-117.3564,-104.6735,207.5079,2.5584,-26.4554,37.3144,0.6797,0.4634,-0.5686,0.9980,604,21.892332,0.8264,-1.0467
BiancaGolden_GrandPlies,-117.7617,-103.5737,207.6525,2.6805,-25.9977,37.1558,0.6749,0.4698,-0.5690,0.9980,605,21.905266,0.8224,-1.0357
BiancaGolden_GrandPlies,-118.0855,-102.4463,208.0226,2.9357,-25.9953,37.1331,0.6728,0.4665,-0.5743,0.9980,605,21.918587,0.8191,-1.0245
BiancaGolden_GrandPlies,-118.3650,-101.2813,208.5904,3.0888,-26.3718,37.0651,0.6670,0.4602,-0.5859,0.9980,606,21.933256,0.8164,-1.0128
BiancaGolden_GrandPlies,-118.5605,-100.1495,209.2745,2.9427,-26.9661,36.9458,0.6655,0.4549,-0.5918,0.9980,606,21.948189,0.8144,-1.0015
BiancaGolden_GrandPlies,-118.7369,-99.0290,209.7084,2.8218,-26.8786,36.7681,0.6672,0.4504,-0.5932,0.9980,606,21.961361,0.8126,-0.9903
BiancaGolden_GrandPlies,-118.9191,-98.0181,210.0722,2.8874,-26.5542,36.6229,0.6719,0.4525,-0.5864,0.9980,607,21.975374,0.8108,-0.9802
BiancaGolden_GrandPlies,-119.0198,-96.9710,210.4176,2.8550,-26.0099,36.6198,0.6792,0.4537,-0.5769,0.9980,607,21.988857,0.8098,-0.9697
BiancaGolden_GrandPlies,-119.1334,-95.9515,210.8171,2.6977,-25.3495,36.5333,0.6837,0.4568,-0.5691,0.9980,608,22.002596,0.8087,-0.9595
BiancaGolden_GrandPlies,-119.2200,-94.9116,211.1989,2.4091,-24.8099,36.4383,0.6833,0.4548,-0.5712,0.9980,608,22.017082,0.8078,-0.9491
BiancaGolden_GrandPlies,-119.2928,-93.9269,211.5523,2.0947,-24.4287,36.3674,0.6837,0.4523,-0.5727,0.9980,609,22.030642,0.8071,-0.9393
BiancaGolden_GrandPlies,-119.3464,-92.9882,211.8532,1.9343,-24.2228,36.3267,0.6823,0.4499,-0.5763,0.9980,609,22.044233,0.8065,-0.9299
BiancaGolden_GrandPlies,-119.3792,-92.0951,212.1176,1.8794,-24.2377,36.3413,0.6756,0.4432,-0.5892,0.9980,609,22.059965,0.8062,-0.9210
BiancaGolden_GrandPlies,-119.3819,-91.2307,212.3313,1.9239,-24.4021,36.2796,0.6716,0.4381,-0.5975,0.9980,610,22.070841,0.8062,-0.9123
BiancaGolden_GrandPlies,-119.3497,-90.3825,212.5180,2.0224,-24.6599,36.1920,0.6708,0.4340,-0.6014,0.9980,610,22.085831,0.8065,-0.9038
BiancaGolden_GrandPlies,-119.2901,-89.5571,212.6841,2.0947,-24.9418,36.0082,0.6670,0.4235,-0.6130,0.9980,611,22.100681,0.8071,-0.8956
BiancaGolden_GrandPlies,-119.2001,-88.7363,212.8170,2.1485,-25.1853,35.7353,0.6628,0.4126,-0.6249,0.9980,611,22.114283,0.8080,-0.8874
BiancaGolden_GrandPlies,-119.0676,-87.9180,212.9136,2.2065,-25.3437,35.4348,0.6633,0.4039,-0.6300,0.9980,611,22.127659,0.8093,-0.8792
BiancaGolden_GrandPlies,-118.9050,-87.1002,212.9471,2.1782,-25.3808,35.0634,0.6648,0.4017,-0.6299,0.9980,612,22.142099,0.8109,-0.8710
BiancaGolden_GrandPlies,-118.7349,-86.2916,212.9666,2.1383,-25.3540,34.7060,0.6666,0.3973,-0.6307,0.9980,612,22.154818,0.8127,-0.8629
BiancaGolden_GrandPlies,-118.5117,-85.4644,212.9717,2.0090,-25.3157,34.3436,0.6697,0.3948,-0.6289,0.9980,613,22.174150,0.8149,-0.8546
BiancaGolden_GrandPlies,-118.2277,-84.6488,212.9110,1.7891,-25.2658,33.9843,0.6724,0.3861,-0.6315,0.9980,614,22.202776,0.8177,-0.8465
BiancaGolden_GrandPlies,-117.7106,-83.0658,212.7110,1.6190,-25.3258,33.4226,0.6701,0.3828,-0.6359,0.9980,614,22.228725,0.8229,-0.8307
BiancaGolden_GrandPlies,-117.1367,-81.4805,212.4470,1.6127,-25.4948,32.8795,0.6691,0.3793,-0.6391,0.9980,615,22.243574,0.8286,-0.8148
BiancaGolden_GrandPlies,-116.7947,-80.6867,212.2690,1.6502,-25.6919,32.5841,0.6695,0.3745,-0.6415,0.9980,615,22.256281,0.8321,-0.8069
BiancaGolden_GrandPlies,-116.4209,-79.8862,212.0772,1.6729,-25.8740,32.2728,0.6674,0.3692,-0.6467,0.9980,616,22.267483,0.8358,-0.7989
BiancaGolden_GrandPlies,-116.0105,-79.0819,211.8282,1.5915,-26.0260,31.9481,0.6671,0.3678,-0.6479,0.9980,616,22.281166,0.8399,-0.7908
BiancaGolden_GrandPlies,-115.5752,-78.2859,211.5236,1.4927,-26.0831,31.6641,0.6620,0.3574,-0.6588,0.9980,617,22.296331,0.8442,-0.7829
BiancaGolden_GrandPlies,-115.1142,-77.5014,211.1799,1.4151,-26.1084,31.3746,0.6593,0.3532,-0.6638,0.9980,617,22.314230,0.8489,-0.7750
BiancaGolden_GrandPlies,-114.6547,-76.7678,210.7639,1.2714,-26.3568,31.1734,0.6586,0.3456,-0.6684,0.9980,618,22.336849,0.8535,-0.7677
BiancaGolden_GrandPlies,-113.7928,-75.2740,209.9967,1.2246,-26.6960,30.6583,0.6562,0.3535,-0.6666,0.9980,618,22.350380,0.8621,-0.7527
BiancaGolden_GrandPlies,-113.3825,-74.6186,209.4718,1.2566,-26.8248,30.5610,0.6528,0.3543,-0.6696,0.9980,619,22.365074,0.8662,-0.7462
BiancaGolden_GrandPlies,-112.9861,-73.9913,208.9263,1.3170,-27.0517,30.5310,0.6493,0.3535,-0.6734,0.9980,619,22.379133,0.8701,-0.7399
BiancaGolden_GrandPlies,-112.5068,-73.3269,208.4961,1.3221,-27.4296,30.6138,0.6452,0.3532,-0.6775,0.9980,619,22.393572,0.8749,-0.7333
BiancaGolden_GrandPlies,-112.0246,-72.6633,208.1444,1.1372,-27.7602,30.6228,0.6411,0.3515,-0.6822,0.9980,620,22.407278,0.8798,-0.7266
BiancaGolden_GrandPlies,-111.4660,-72.0178,207.8647,0.8774,-28.1181,30.5741,0.6408,0.3514,-0.6826,0.9980,620,22.419733,0.8853,-0.7202
BiancaGolden_GrandPlies,-110.8872,-71.4205,207.5635,0.6497,-28.2563,30.4818,0.6414,0.3514,-0.6820,0.9980,621,22.435017,0.8911,-0.7142
BiancaGolden_GrandPlies,-110.3429,-70.8495,207.2747,0.5117,-28.2333,30.4096,0.6445,0.3539,-0.6778,0.9980,621,22.448420,0.8966,-0.7085
BiancaGolden_GrandPlies,-109.8029,-70.2773,207.0166,0.3911,-28.1040,30.3830,0.6468,0.3571,-0.6739,0.9980,622,22.463833,0.9020,-0.7028
BiancaGolden_GrandPlies,-109.2743,-69.6592,206.8649,0.1436,-27.9838,30.4594,0.6513,0.3571,-0.6696,0.9980,622,22.474630,0.9073,-0.6966
BiancaGolden_GrandPlies,-108.6289,-68.9645,206.9999,-0.3112,-28.1201,30.6616,0.6514,0.3613,-0.6672,0.9980,622,22.493166,0.9137,-0.6896
BiancaGolden_GrandPlies,-107.9179,-68.1582,207.4231,-0.9152,-28.2360,30.7719,0.6508,0.3653,-0.6656,0.9980,623,22.502775,0.9208,-0.6816
BiancaGolden_GrandPlies,-107.1609,-67.3384,207.8751,-1.5338,-28.1647,30.8498,0.6500,0.3717,-0.6628,0.9980,623,22.517147,0.9284,-0.6734
BiancaGolden_GrandPlies,-106.5043,-66.7140,208.1299,-1.7932,-27.7431,31.1803,0.6510,0.3761,-0.6594,0.9980,624,22.531824,0.9350,-0.6671
BiancaGolden_GrandPlies,-106.0416,-66.1487,208.2730,-1.8909,-27.5831,31.4056,0.6541,0.3710,-0.6592,0.9980,624,22.545546,0.9396,-0.6615
BiancaGolden_GrandPlies,-105.6750,-65.5504,208.4127,-2.1138,-27.5170,31.3106,0.6525,0.3675,-0.6627,0.9980,624,22.560114,0.9433,-0.6555
BiancaGolden_GrandPlies,-105.3200,-64.9617,208.7101,-2.4661,-27.7743,31.2290,0.6475,0.3644,-0.6693,0.9980,625,22.573893,0.9468,-0.6496
BiancaGolden_GrandPlies,-104.9442,-64.3506,209.1371,-2.6615,-28.2731,31.1607,0.6396,0.3478,-0.6856,0.9980,625,22.585552,0.9506,-0.6435
BiancaGolden_GrandPlies,-104.5095,-63.7110,209.4965,-2.7100,-28.4125,31.1850,0.6424,0.3492,-0.6822,0.9980,626,22.602247,0.9549,-0.6371
BiancaGolden_GrandPlies,-104.0859,-63.0729,209.8022,-2.5975,-28.1547,31.2048,0.6411,0.3490,-0.6835,0.9980,626,22.614679,0.9591,-0.6307
BiancaGolden_GrandPlies,-103.6623,-62.3909,210.0834,-2.5732,-27.6733,31.2066,0.6479,0.3534,-0.6748,0.9980,627,22.630657,0.9634,-0.6239
BiancaGolden_GrandPlies,-103.2707,-61.7115,210.3623,-2.6395,-26.9892,31.2091,0.6481,0.3500,-0.6764,0.9980,627,22.642797,0.9673,-0.6171
BiancaGolden_GrandPlies,-102.9040,-61.0596,210.6295,-2.6547,-26.4789,31.2189,0.6514,0.3513,-0.6725,0.9980,627,22.658140,0.9710,-0.6106
BiancaGolden_GrandPlies,-102.5647,-60.4187,210.8525,-2.5319,-26.1578,31.2084,0.6534,0.3519,-0.6702,0.9980,628,22.670662,0.9744,-0.6042
BiancaGolden_GrandPlies,-102.2598,-59.7884,211.0405,-2.4454,-25.9867,31.1998,0.6510,0.3482,-0.6745,0.9980,628,22.685169,0.9774,-0.5979
BiancaGolden_GrandPlies,-102.0065,-59.1439,211.1468,-2.2931,-25.9933,31.0924,0.6392,0.3527,-0.6834,0.9980,629,22.699469,0.9799,-0.5914
BiancaGolden_GrandPlies,-101.7819,-58.5185,211.2249,-2.1202,-26.1423,31.0411,0.6185,0.3459,-0.7055,0.9980,629,22.713417,0.9822,-0.5852
BiancaGolden_GrandPlies,-101.5599,-57.8682,211.3299,-1.9766,-26.3359,31.0200,0.6161,0.3443,-0.7084,0.9980,629,22.727495,0.9844,-0.5787
BiancaGolden_GrandPlies,-101.3536,-57.1962,211.4323,-1.8270,-26.6426,31.0706,0.6123,0.3431,-0.7123,0.9980,630,22.741287,0.9865,-0.5720
BiancaGolden_GrandPlies,-101.1658,-56.5027,211.5241,-1.7927,-26.8283,31.1557,0.6110,0.3431,-0.7134,0.9980,630,22.753693,0.9883,-0.5650
BiancaGolden_GrandPlies,-100.9820,-55.7943,211.5877,-1.7995,-26.9161,31.2058,0.5962,0.3434,-0.7257,0.9980,631,22.767956,0.9902,-0.5579
BiancaGolden_GrandPlies,-100.8063,-55.1040,211.6592,-1.7975,-26.9732,31.2744,0.5956,0.3422,-0.7268,0.9980,631,22.781878,0.9919,-0.5510
BiancaGolden_GrandPlies,-100.6518,-54.3977,211.7289,-1.7774,-27.0606,31.2265,0.5918,0.3381,-0.7318,0.9980,632,22.800688,0.9935,-0.5440
BiancaGolden_GrandPlies,-100.5085,-53.6903,211.7686,-1.7044,-27.1307,31.1178,0.5891,0.3362,-0.7348,0.9980,632,22.811245,0.9949,-0.5369
BiancaGolden_GrandPlies,-100.3813,-52.9693,211.7940,-1.5845,-27.2116,30.9874,0.5894,0.3342,-0.7355,0.9980,632,22.823637,0.9962,-0.5297
BiancaGolden_GrandPlies,-100.2619,-52.2399,211.7912,-1.4422,-27.2681,30.9020,0.5850,0.3297,-0.7410,0.9980,633,22.844252,0.9974,-0.5224
BiancaGolden_GrandPlies,-100.1860,-51.4373,211.7818,-1.4153,-27.2624,30.7700,0.5830,0.3285,-0.7431,0.9980,634,22.871632,0.9981,-0.5144
BiancaGolden_GrandPlies,-100.0464,-49.8897,211.7349,-1.4431,-27.2955,30.3301,0.5820,0.3211,-0.7471,0.9980,634,22.895811,0.9995,-0.4989
BiancaGolden_GrandPlies,-99.9618,-48.3567,211.6700,-1.3522,-27.4840,29.8610,0.5822,0.3140,-0.7500,0.9980,635,22.908800,1.0004,-0.4836
BiancaGolden_GrandPlies,-99.9885,-47.5948,211.6050,-1.0655,-27.7361,29.4791,0.5826,0.3069,-0.7526,0.9980,635,22.922695,1.0001,-0.4759
BiancaGolden_GrandPlies,-100.0185,-46.8126,211.5673,-0.6488,-27.9685,29.1439,0.5809,0.3020,-0.7559,0.9980,636,22.935499,0.9998,-0.4681
BiancaGolden_GrandPlies,-100.0637,-46.0048,211.5547,-0.2468,-28.1624,28.7939,0.5820,0.2958,-0.7575,0.9980,636,22.950006,0.9994,-0.4600
BiancaGolden_GrandPlies,-100.1300,-45.1590,211.5609,0.0030,-28.3049,28.4136,0.5831,0.2894,-0.7591,0.9980,637,22.964163,0.9987,-0.4516
BiancaGolden_GrandPlies,-100.1994,-44.3001,211.5482,0.1991,-28.3827,28.0224,0.5809,0.2890,-0.7609,0.9980,637,22.979006,0.9980,-0.4430
BiancaGolden_GrandPlies,-100.2979,-43.4338,211.5007,0.3314,-28.3266,27.6430,0.5840,0.2845,-0.7603,0.9980,637,22.993353,0.9970,-0.4343
BiancaGolden_GrandPlies,-100.4016,-42.5568,211.4387,0.4693,-28.2708,27.2386,0.5895,0.2810,-0.7573,0.9980,638,23.007416,0.9960,-0.4256
BiancaGolden_GrandPlies,-100.5244,-41.6629,211.3702,0.5720,-28.1764,26.7291,0.5936,0.2755,-0.7561,0.9980,638,23.019741,0.9948,-0.4166
BiancaGolden_GrandPlies,-100.6335,-40.7589,211.2928,0.7641,-28.0857,26.2463,0.6005,0.2708,-0.7524,0.9980,639,23.035372,0.9937,-0.4076
BiancaGolden_GrandPlies,-100.7640,-39.8331,211.1648,0.9691,-27.9196,25.7528,0.6054,0.2657,-0.7503,0.9980,639,23.049004,0.9924,-0.3983
BiancaGolden_GrandPlies,-100.9113,-38.8582,210.9977,1.0705,-27.7245,25.2099,0.6097,0.2611,-0.7484,0.9980,640,23.062237,0.9909,-0.3886
BiancaGolden_GrandPlies,-101.0776,-37.8723,210.7874,1.1529,-27.5493,24.6194,0.6109,0.2673,-0.7452,0.9980,640,23.075150,0.9892,-0.3787
BiancaGolden_GrandPlies,-101.2571,-36.8651,210.5429,1.1499,-27.4097,24.0040,0.6154,0.2597,-0.7442,0.9980,640,23.090273,0.9874,-0.3687
BiancaGolden_GrandPlies,-101.4402,-35.8446,210.2633,1.2465,-27.3260,23.3047,0.6158,0.2514,-0.7467,0.9980,641,23.102415,0.9856,-0.3584
BiancaGolden_GrandPlies,-101.6386,-34.8119,209.9565,1.3585,-27.2717,22.6444,0.6120,0.2431,-0.7526,0.9980,641,23.116949,0.9836,-0.3481
BiancaGolden_GrandPlies,-101.8490,-33.7349,209.5899,1.5563,-27.1417,21.9255,0.6156,0.2386,-0.7511,0.9980,642,23.131857,0.9815,-0.3373
BiancaGolden_GrandPlies,-102.0768,-32.6171,209.1669,1.6842,-26.8374,21.2619,0.6225,0.2316,-0.7476,0.9980,642,23.145807,0.9792,-0.3262
BiancaGolden_GrandPlies,-102.3130,-31.4756,208.7539,1.8508,-26.5336,20.5747,0.6273,0.2243,-0.7458,0.9980,642,23.159164,0.9769,-0.3148
BiancaGolden_GrandPlies,-102.6101,-30.2921,208.3751,1.8594,-26.2245,19.8507,0.6302,0.2205,-0.7445,0.9980,643,23.172823,0.9739,-0.3029
BiancaGolden_GrandPlies,-102.9295,-29.0941,207.9969,1.9019,-26.0357,19.2062,0.6253,0.2140,-0.7504,0.9980,643,23.186563,0.9707,-0.2909
BiancaGolden_GrandPlies,-103.3251,-27.8780,207.6025,1.9490,-25.8806,18.5740,0.6268,0.2132,-0.7495,0.9980,644,23.201868,0.9667,-0.2788
BiancaGolden_GrandPlies,-103.7667,-26.6335,207.1810,2.0761,-25.7745,18.0648,0.6262,0.2125,-0.7502,0.9980,644,23.215183,0.9623,-0.2663
BiancaGolden_GrandPlies,-104.1766,-25.3457,206.8362,1.9868,-25.8326,17.5701,0.6200,0.2081,-0.7565,0.9980,645,23.229160,0.9582,-0.2535
BiancaGolden_GrandPlies,-104.4657,-23.9920,206.8602,1.6483,-26.3910,17.1613,0.6067,0.2015,-0.7690,0.9980,645,23.242611,0.9553,-0.2399
BiancaGolden_GrandPlies,-104.6046,-22.4922,207.2220,1.1891,-26.9449,16.5248,0.6100,0.1984,-0.7672,0.9980,645,23.257282,0.9540,-0.2249
BiancaGolden_GrandPlies,-104.7406,-20.9906,207.5655,0.4954,-27.1392,15.8247,0.6134,0.1986,-0.7644,0.9980,646,23.269835,0.9526,-0.2099
BiancaGolden_GrandPlies,-104.9977,-19.8368,207.4975,0.3298,-26.6765,15.6931,0.6161,0.1948,-0.7632,0.9980,646,23.286818,0.9500,-0.1984
BiancaGolden_GrandPlies,-105.3212,-18.5969,207.4275,0.3722,-26.3615,15.2777,0.6183,0.1867,-0.7634,0.9980,647,23.298824,0.9468,-0.1860
BiancaGolden_GrandPlies,-105.5364,-17.3587,207.6770,0.4939,-26.3635,14.9967,0.6145,0.1837,-0.7672,0.9980,647,23.313744,0.9446,-0.1736
BiancaGolden_GrandPlies,-105.6653,-16.1124,208.1215,0.5078,-26.4984,14.8302,0.6077,0.1811,-0.7732,0.9980,647,23.326157,0.9433,-0.1611
BiancaGolden_GrandPlies,-105.7351,-14.8946,208.7881,0.5677,-27.1056,14.8054,0.6081,0.1793,-0.7733,0.9980,648,23.341173,0.9426,-0.1489
BiancaGolden_GrandPlies,-105.8259,-13.6895,209.2591,0.5832,-27.4005,14.6050,0.6029,0.1762,-0.7781,0.9980,648,23.352915,0.9417,-0.1369
BiancaGolden_GrandPlies,-105.9937,-12.5951,209.6017,0.6040,-27.5462,14.5684,0.6068,0.1735,-0.7757,0.9980,649,23.367579,0.9401,-0.1260
BiancaGolden_GrandPlies,-106.1532,-11.5466,209.8483,0.7219,-27.6126,14.5320,0.6118,0.1699,-0.7725,0.9980,649,23.381521,0.9385,-0.1155
BiancaGolden_GrandPlies,-106.2848,-10.5107,210.0510,0.6766,-27.3256,14.5394,0.6155,0.1710,-0.7694,0.9980,650,23.395617,0.9372,-0.1051
BiancaGolden_GrandPlies,-106.4000,-9.5392,210.2779,0.7943,-27.0396,14.6295,0.6208,0.1619,-0.7671,0.9980,650,23.409033,0.9360,-0.0954
BiancaGolden_GrandPlies,-106.4761,-8.5372,210.5267,0.8072,-26.8376,14.7013,0.6170,0.1595,-0.7706,0.9980,650,23.424341,0.9352,-0.0854
BiancaGolden_GrandPlies,-106.5597,-7.5910,210.7889,0.7369,-26.8177,14.8241,0.6124,0.1576,-0.7747,0.9980,651,23.437286,0.9344,-0.0759
BiancaGolden_GrandPlies,-106.6494,-6.7044,210.9973,0.6555,-26.9109,14.9887,0.6093,0.1582,-0.7770,0.9980,651,23.451836,0.9335,-0.0670
BiancaGolden_GrandPlies,-106.7522,-5.9055,211.1421,0.6474,-27.1202,15.1684,0.6069,0.1513,-0.7803,0.9980,652,23.465885,0.9325,-0.0591
BiancaGolden_GrandPlies,-106.8432,-5.1433,211.2586,0.6593,-27.3968,15.3016,0.5958,0.1461,-0.7897,0.9980,652,23.480621,0.9316,-0.0514
BiancaGolden_GrandPlies,-106.9005,-4.4176,211.3542,0.7300,-27.6850,15.3354,0.5927,0.1445,-0.7923,0.9980,653,23.495213,0.9310,-0.0442
BiancaGolden_GrandPlies,-106.9333,-3.7224,211.4833,0.8036,-27.9527,15.3091,0.5931,0.1339,-0.7939,0.9980,653,23.506765,0.9307,-0.0372
BiancaGolden_GrandPlies,-106.9245,-3.0281,211.6233,0.8452,-28.1400,15.2614,0.5955,0.1299,-0.7928,0.9980,653,23.521492,0.9308,-0.0303
BiancaGolden_GrandPlies,-106.9008,-2.3933,211.7312,0.8732,-28.1937,15.2114,0.5977,0.1269,-0.7916,0.9980,654,23.535057,0.9310,-0.0239
BiancaGolden_GrandPlies,-106.8460,-1.7828,211.8596,0.9539,-28.1515,15.1749,0.6006,0.1211,-0.7903,0.9980,654,23.549023,0.9315,-0.0178
BiancaGolden_GrandPlies,-106.7961,-1.1659,211.9565,0.9257,-28.0462,15.0797,0.6036,0.1155,-0.7889,0.9980,655,23.563276,0.9320,-0.0117
BiancaGolden_GrandPlies,-106.7590,-0.5971,212.0336,0.7868,-27.9294,15.0135,0.6042,0.1152,-0.7884,0.9980,655,23.578333,0.9324,-0.0060
BiancaGolden_GrandPlies,-106.7158,-0.0558,212.0765,0.6789,-27.8825,14.9040,0.6055,0.1031,-0.7891,0.9980,655,23.592184,0.9328,-0.0006
BiancaGolden_GrandPlies,-106.6601,0.4439,212.0908,0.6981,-27.8828,14.7933,0.6075,0.0965,-0.7884,0.9980,656,23.606441,0.9334,0.0044
BiancaGolden_GrandPlies,-106.5804,0.9197,212.1057,0.7971,-27.9008,14.6850,0.6076,0.0920,-0.7889,0.9980,656,23.618967,0.9342,0.0092
BiancaGolden_GrandPlies,-106.4752,1.3644,212.1091,0.9906,-27.8993,14.5503,0.6083,0.0897,-0.7886,0.9980,657,23.633051,0.9352,0.0136
BiancaGolden_GrandPlies,-106.3566,1.8086,212.1152,1.0930,-27.8715,14.3959,0.6051,0.0835,-0.7918,0.9980,657,23.646318,0.9364,0.0181
BiancaGolden_GrandPlies,-106.2191,2.2251,212.1206,1.1209,-27.8037,14.2358,0.6057,0.0827,-0.7914,0.9980,657,23.661655,0.9378,0.0223
BiancaGolden_GrandPlies,-106.0647,2.6342,212.1478,1.0792,-27.7649,14.1230,0.6061,0.0817,-0.7912,0.9980,658,23.674500,0.9394,0.0263
BiancaGolden_GrandPlies,-105.9004,3.0341,212.1745,0.9906,-27.7398,13.9585,0.6018,0.0798,-0.7946,0.9980,658,23.688051,0.9410,0.0303
BiancaGolden_GrandPlies,-105.7254,3.4055,212.1954,0.8244,-27.7091,13.7723,0.6014,0.0797,-0.7949,0.9980,659,23.703819,0.9427,0.0341
BiancaGolden_GrandPlies,-105.5537,3.7513,212.1914,0.6557,-27.6914,13.5478,0.6015,0.0789,-0.7950,0.9980,659,23.716204,0.9445,0.0375
BiancaGolden_GrandPlies,-105.3782,4.0748,212.1794,0.4861,-27.6608,13.3468,0.6010,0.0778,-0.7954,0.9980,660,23.730833,0.9462,0.0407
BiancaGolden_GrandPlies,-105.1832,4.3994,212.1869,0.2743,-27.6856,13.1102,0.5966,0.0764,-0.7989,0.9980,660,23.744831,0.9482,0.0440
BiancaGolden_GrandPlies,-104.9712,4.7182,212.2016,0.0027,-27.7150,12.8891,0.5958,0.0747,-0.7997,0.9980,660,23.759274,0.9503,0.0472
BiancaGolden_GrandPlies,-104.7235,5.0328,212.2155,-0.3090,-27.7692,12.6464,0.5945,0.0744,-0.8006,0.9980,661,23.771301,0.9528,0.0503
BiancaGolden_GrandPlies,-104.4686,5.3437,212.2103,-0.6503,-27.8352,12.4038,0.5878,0.0785,-0.8052,0.9980,661,23.788408,0.9553,0.0534
BiancaGolden_GrandPlies,-104.1927,5.6412,212.1888,-0.9805,-27.9385,12.1867,0.5800,0.0783,-0.8108,0.9980,662,23.799946,0.9581,0.0564
BiancaGolden_GrandPlies,-103.9097,5.9255,212.1616,-1.2252,-28.0121,11.9621,0.5683,0.0802,-0.8189,0.9980,662,23.814035,0.9609,0.0593
BiancaGolden_GrandPlies,-103.5973,6.2221,212.1371,-1.3776,-28.1037,11.7035,0.5669,0.0778,-0.8201,0.9980,662,23.827299,0.9640,0.0622
BiancaGolden_GrandPlies,-103.2557,6.4914,212.1041,-1.5172,-28.2207,11.3816,0.5659,0.0743,-0.8211,0.9980,663,23.842031,0.9674,0.0649
BiancaGolden_GrandPlies,-102.8773,6.7655,212.0573,-1.6408,-28.3089,10.9550,0.5721,0.0277,-0.8197,0.9980,663,23.854658,0.9712,0.0677
BiancaGolden_GrandPlies,-102.4800,7.0239,211.9759,-1.6929,-28.4043,10.4299,0.5812,0.0231,-0.8134,0.9980,664,23.868708,0.9752,0.0702
BiancaGolden_GrandPlies,-102.0666,7.2804,211.8550,-1.7171,-28.4861,9.8709,0.5811,0.0133,-0.8137,0.9980,664,23.882948,0.9793,0.0728
BiancaGolden_GrandPlies,-101.6364,7.5336,211.7026,-1.6993,-28.5919,9.2883,0.5801,0.0071,-0.8145,0.9980,665,23.899956,0.9836,0.0753
BiancaGolden_GrandPlies,-101.1896,7.7917,211.5166,-1.6744,-28.6786,8.6893,0.5794,0.0046,-0.8151,0.9980,665,23.911451,0.9881,0.0779
BiancaGolden_GrandPlies,-100.7128,8.0525,211.3216,-1.6515,-28.7576,8.1370,0.5791,-0.0002,-0.8152,0.9980,665,23.925066,0.9929,0.0805
BiancaGolden_GrandPlies,-100.2078,8.2937,211.0787,-1.6091,-28.7587,7.6707,0.5775,0.0029,-0.8164,0.9980,666,23.940973,0.9979,0.0829
BiancaGolden_GrandPlies,-99.6657,8.5331,210.8577,-1.6398,-28.8081,7.2752,0.5844,-0.0008,-0.8115,0.9980,666,23.953064,1.0033,0.0853
BiancaGolden_GrandPlies,-99.1264,8.7823,210.6466,-1.6811,-28.8942,6.8176,0.5878,-0.0007,-0.8090,0.9980,667,23.967182,1.0087,0.0878
BiancaGolden_GrandPlies,-98.6162,8.9866,210.4057,-1.7770,-29.0585,6.4401,0.5838,0.0049,-0.8119,0.9980,667,23.982021,1.0138,0.0899
BiancaGolden_GrandPlies,-98.1514,9.1340,210.0966,-1.8122,-29.3299,6.0879,0.5789,0.0018,-0.8154,0.9980,668,23.996464,1.0185,0.0913
BiancaGolden_GrandPlies,-97.7003,9.2678,209.7837,-1.8477,-29.6367,5.7855,0.5542,0.0061,-0.8324,0.9980,668,24.009962,1.0230,0.0927
BiancaGolden_GrandPlies,-97.2828,9.3789,209.4826,-1.8273,-30.1103,5.5328,0.5462,0.0106,-0.8376,0.9980,668,24.023746,1.0272,0.0938
BiancaGolden_GrandPlies,-96.8409,9.4969,209.2221,-1.9617,-30.5921,5.3705,0.5509,0.0108,-0.8345,0.9980,669,24.036913,1.0316,0.0950
BiancaGolden_GrandPlies,-96.3840,9.6108,209.0081,-2.2208,-31.0638,5.2333,0.5471,0.0106,-0.8370,0.9980,669,24.050407,1.0362,0.0961
BiancaGolden_GrandPlies,-95.8932,9.6776,208.8207,-2.5128,-31.3116,5.1252,0.5356,-0.0200,-0.8442,0.9980,670,24.065910,1.0411,0.0968
BiancaGolden_GrandPlies,-95.3449,9.7079,208.6825,-2.7546,-31.3359,5.0378,0.5399,-0.0193,-0.8415,0.9980,670,24.078279,1.0466,0.0971
BiancaGolden_GrandPlies,-94.8300,9.7413,208.5043,-2.9787,-31.0607,4.8562,0.5439,-0.0314,-0.8385,0.9980,670,24.094076,1.0517,0.0974
BiancaGolden_GrandPlies,-94.3641,9.7533,208.2954,-3.1949,-30.7230,4.6618,0.6440,-0.0194,-0.7648,0.9980,671,24.106428,1.0564,0.0975
BiancaGolden_GrandPlies,-93.8189,9.7968,208.1821,-3.5500,-30.4769,4.3966,0.7874,-0.0231,-0.6160,0.9980,671,24.121340,1.0618,0.0980
BiancaGolden_GrandPlies,-93.2501,9.8914,208.2867,-4.1523,-30.4292,4.0446,0.7876,-0.0264,-0.6157,0.9980,672,24.134581,1.0675,0.0989
BiancaGolden_GrandPlies,-92.7406,9.9486,208.3276,-4.5884,-30.3656,3.7319,0.7862,-0.0295,-0.6173,0.9980,672,24.149147,1.0726,0.0995
BiancaGolden_GrandPlies,-92.3150,10.0098,208.3162,-4.7985,-30.3380,3.4616,0.7852,-0.0315,-0.6185,0.9980,673,24.163269,1.0769,0.1001
BiancaGolden_GrandPlies,-91.9750,10.0505,208.2863,-4.9116,-30.4179,3.3000,0.7836,-0.0078,-0.6213,0.9980,673,24.176292,1.0802,0.1005
BiancaGolden_GrandPlies,-91.6937,10.1325,208.2921,-4.9378,-30.6814,3.1079,0.7780,0.0702,-0.6244,0.9980,673,24.191860,1.0831,0.1013
BiancaGolden_GrandPlies,-91.3564,10.2134,208.3439,-5.0644,-31.0434,2.9658,0.7865,0.0949,-0.6102,0.9980,674,24.203903,1.0864,0.1021
BiancaGolden_GrandPlies,-90.9894,10.3310,208.4711,-5.2340,-31.3134,2.6960,0.7798,0.0909,-0.6193,0.9980,674,24.217550,1.0901,0.1033
BiancaGolden_GrandPlies,-90.5890,10.4496,208.6388,-5.4652,-31.4060,2.3211,0.7811,0.0869,-0.6183,0.9980,675,24.233192,1.0941,0.1045
BiancaGolden_GrandPlies,-90.1941,10.5715,208.7964,-5.6810,-31.3644,1.9790,0.7832,0.0463,-0.6200,0.9980,675,24.246874,1.0981,0.1057
BiancaGolden_GrandPlies,-89.8117,10.7169,208.9678,-5.8183,-31.2018,1.6038,0.6836,-0.0069,-0.7299,0.9980,675,24.259981,1.1019,0.1072
BiancaGolden_GrandPlies,-89.4584,10.8870,209.1146,-5.9638,-31.0295,1.2543,0.5814,-0.0014,-0.8136,0.9980,676,24.274088,1.1054,0.1089
BiancaGolden_GrandPlies,-89.1187,11.0967,209.2770,-6.1458,-30.9248,0.8591,0.5598,-0.0124,-0.8285,0.9980,676,24.290520,1.1088,0.1110
BiancaGolden_GrandPlies,-88.8119,11.3088,209.4200,-6.2730,-30.8588,0.5374,0.5594,-0.0175,-0.8287,0.9980,677,24.302624,1.1119,0.1131
BiancaGolden_GrandPlies,-88.5002,11.5562,209.5840,-6.3343,-30.8715,0.1613,0.5601,-0.0246,-0.8280,0.9980,677,24.314455,1.1150,0.1156
BiancaGolden_GrandPlies,-88.2182,11.7998,209.7728,-6.3711,-30.9296,-0.1632,0.5607,-0.0281,-0.8275,0.9980,678,24.330383,1.1178,0.1180
BiancaGolden_GrandPlies,-87.9339,12.0566,209.9322,-6.3094,-30.8864,-0.4899,0.5733,-0.0298,-0.8188,0.9980,678,24.342720,1.1207,0.1206
BiancaGolden_GrandPlies,-87.6829,12.3468,210.0662,-6.1940,-30.7822,-0.8160,0.5871,-0.0256,-0.8091,0.9980,678,24.358217,1.1232,0.1235
BiancaGolden_GrandPlies,-87.4377,12.6590,210.2123,-6.1086,-30.6002,-1.1304,0.5904,-0.0240,-0.8067,0.9980,679,24.370131,1.1256,0.1266
BiancaGolden_GrandPlies,-87.2038,12.9821,210.3798,-6.0943,-30.3898,-1.4363,0.6015,-0.0233,-0.7985,0.9980,679,24.383242,1.1280,0.1298
BiancaGolden_GrandPlies,-86.9742,13.3307,210.5700,-6.1010,-30.1525,-1.7521,0.5984,-0.0245,-0.8008,0.9980,680,24.397524,1.1303,0.1333
BiancaGolden_GrandPlies,-86.7499,13.6719,210.7509,-6.0854,-29.7946,-2.0845,0.6036,-0.0285,-0.7968,0.9980,680,24.412018,1.1325,0.1367
BiancaGolden_GrandPlies,-86.5538,14.0456,210.9200,-6.0660,-29.3842,-2.4517,0.6099,-0.0321,-0.7918,0.9980,680,24.428152,1.1345,0.1405
BiancaGolden_GrandPlies,-86.4027,14.4287,211.0190,-5.9289,-28.9012,-2.8612,0.6158,-0.0218,-0.7876,0.9980,681,24.440784,1.1360,0.1443
BiancaGolden_GrandPlies,-86.2741,14.8143,211.1056,-5.8599,-28.4342,-3.2262,0.6211,-0.0278,-0.7832,0.9980,681,24.452667,1.1373,0.1481
BiancaGolden_GrandPlies,-86.1693,15.2565,211.1351,-5.7203,-27.9122,-3.6785,0.6273,-0.0352,-0.7780,0.9980,682,24.468107,1.1383,0.1526
BiancaGolden_GrandPlies,-86.0968,15.6972,211.1610,-5.6547,-27.5193,-4.0988,0.6307,-0.0406,-0.7750,0.9980,682,24.484001,1.1390,0.1570
BiancaGolden_GrandPlies,-86.0567,16.1784,211.1293,-5.6335,-27.1436,-4.5721,0.6341,-0.0465,-0.7719,0.9980,683,24.496347,1.1394,0.1618
BiancaGolden_GrandPlies,-86.0522,16.6628,211.0615,-5.5498,-26.8651,-5.0214,0.6233,-0.0375,-0.7811,0.9980,683,24.509050,1.1395,0.1666
BiancaGolden_GrandPlies,-86.0499,17.1823,211.0173,-5.5066,-26.7559,-5.5107,0.6107,-0.0385,-0.7909,0.9980,683,24.524878,1.1395,0.1718
BiancaGolden_GrandPlies,-86.0539,17.7198,211.0119,-5.4555,-26.7878,-5.9918,0.6078,-0.0403,-0.7931,0.9980,684,24.536907,1.1395,0.1772
BiancaGolden_GrandPlies,-86.0508,18.2817,211.0199,-5.4280,-26.8761,-6.5097,0.6035,-0.0457,-0.7961,0.9980,684,24.551115,1.1395,0.1828
BiancaGolden_GrandPlies,-86.0666,18.8443,210.9846,-5.3475,-26.9255,-6.9824,0.6040,-0.0498,-0.7954,0.9980,685,24.566105,1.1393,0.1884
BiancaGolden_GrandPlies,-86.0812,19.4582,210.9073,-5.2349,-26.9244,-7.4978,0.6026,-0.0546,-0.7962,0.9980,685,24.578157,1.1392,0.1946
BiancaGolden_GrandPlies,-86.0417,20.0659,210.9061,-5.2118,-26.9930,-7.9500,0.6065,-0.0472,-0.7937,0.9980,686,24.595142,1.1396,0.2007
BiancaGolden_GrandPlies,-85.9949,20.7267,210.9047,-5.2955,-26.8029,-8.4107,0.6068,-0.0503,-0.7932,0.9980,686,24.606964,1.1401,0.2073
BiancaGolden_GrandPlies,-85.9425,21.3652,210.9123,-5.3195,-26.7757,-8.7162,0.6072,-0.0498,-0.7930,0.9980,686,24.621193,1.1406,0.2137
BiancaGolden_GrandPlies,-85.8567,22.0162,210.9952,-5.4025,-26.7583,-9.0575,0.6092,-0.0463,-0.7916,0.9980,687,24.635904,1.1414,0.2202
BiancaGolden_GrandPlies,-85.7576,22.6874,211.1387,-5.5330,-26.7457,-9.4495,0.6123,-0.0447,-0.7894,0.9980,687,24.647615,1.1424,0.2269
BiancaGolden_GrandPlies,-85.6581,23.3351,211.2859,-5.5073,-26.6453,-9.7317,0.6142,-0.0487,-0.7877,0.9980,688,24.663099,1.1434,0.2334
BiancaGolden_GrandPlies,-85.6079,23.9806,211.3606,-5.2630,-26.4755,-9.9063,0.6155,-0.0527,-0.7863,0.9980,688,24.676161,1.1439,0.2398
BiancaGolden_GrandPlies,-85.5607,24.6450,211.4349,-4.8958,-26.2965,-9.9929,0.6174,-0.0580,-0.7845,0.9980,688,24.691116,1.1444,0.2464
BiancaGolden_GrandPlies,-85.5159,25.3016,211.5429,-4.6515,-26.1639,-10.0248,0.6190,-0.0623,-0.7829,0.9980,689,24.703476,1.1448,0.2530
BiancaGolden_GrandPlies,-85.4673,25.9493,211.6561,-4.5100,-25.9985,-10.0683,0.6222,-0.0614,-0.7804,0.9980,689,24.718769,1.1453,0.2595
BiancaGolden_GrandPlies,-85.3975,26.5598,211.7839,-4.4562,-25.7655,-10.1202,0.6253,-0.0608,-0.7780,0.9980,690,24.734331,1.1460,0.2656
BiancaGolden_GrandPlies,-85.3202,27.1437,211.9066,-4.3957,-25.4569,-10.2120,0.6298,-0.0638,-0.7742,0.9980,690,24.748035,1.1468,0.2714
BiancaGolden_GrandPlies,-85.2586,27.7064,212.0059,-4.2592,-25.1237,-10.3392,0.6326,-0.0658,-0.7717,0.9980,690,24.761583,1.1474,0.2771
BiancaGolden_GrandPlies,-85.2314,28.2200,212.0339,-4.1737,-24.7942,-10.4981,0.6337,-0.0670,-0.7707,0.9980,691,24.773294,1.1477,0.2822
BiancaGolden_GrandPlies,-85.2263,28.7418,212.0149,-4.2928,-24.7000,-10.7838,0.6191,-0.0588,-0.7831,0.9980,691,24.791897,1.1477,0.2874
BiancaGolden_GrandPlies,-85.2032,29.2375,211.9350,-4.6383,-24.9320,-11.2982,0.6124,-0.0622,-0.7881,0.9980,692,24.803383,1.1480,0.2924
BiancaGolden_GrandPlies,-85.1698,29.6983,211.8298,-4.8131,-25.3158,-11.8574,0.6007,-0.0748,-0.7960,0.9980,692,24.815737,1.1483,0.2970
BiancaGolden_GrandPlies,-85.1262,30.1108,211.6953,-4.6060,-25.8347,-12.3300,0.5916,-0.0817,-0.8020,0.9980,693,24.828728,1.1487,0.3011
BiancaGolden_GrandPlies,-85.0406,30.4895,211.5521,-4.0151,-26.3270,-12.6650,0.5839,-0.0874,-0.8071,0.9980,693,24.841970,1.1496,0.3049
BiancaGolden_GrandPlies,-84.8905,30.8689,211.4575,-3.4166,-26.8188,-12.9506,0.5765,-0.0911,-0.8120,0.9980,693,24.856880,1.1511,0.3087
BiancaGolden_GrandPlies,-84.7159,31.2685,211.4052,-3.0797,-27.2683,-13.2102,0.5595,-0.0128,-0.8288,0.9980,694,24.870445,1.1528,0.3127
BiancaGolden_GrandPlies,-84.4835,31.6454,211.3426,-2.9790,-27.6572,-13.3357,0.5468,0.0019,-0.8373,0.9980,694,24.883663,1.1552,0.3165
BiancaGolden_GrandPlies,-84.2908,32.0154,211.2599,-3.0251,-28.0817,-13.3739,0.5391,0.0093,-0.8422,0.9980,695,24.898111,1.1571,0.3202
BiancaGolden_GrandPlies,-84.0984,32.3670,211.1418,-3.1859,-28.5406,-13.3968,0.5314,0.0120,-0.8470,0.9980,695,24.912767,1.1590,0.3237
BiancaGolden_GrandPlies,-83.9167,32.6738,211.0031,-3.3418,-29.1389,-13.4074,0.5250,0.0153,-0.8510,0.9980,696,24.928909,1.1608,0.3267
BiancaGolden_GrandPlies,-83.7315,32.9495,210.8717,-3.4152,-29.7508,-13.3612,0.5188,0.0232,-0.8546,0.9980,696,24.941402,1.1627,0.3295
BiancaGolden_GrandPlies,-83.5311,33.1870,210.7919,-3.4596,-30.3687,-13.2930,0.5191,0.0313,-0.8541,0.9980,696,24.955767,1.1647,0.3319
BiancaGolden_GrandPlies,-83.2699,33.3741,210.7405,-3.5857,-30.7794,-13.1229,0.5264,0.0319,-0.8496,0.9980,697,24.967527,1.1673,0.3337
BiancaGolden_GrandPlies,-82.9634,33.5534,210.7206,-3.7751,-31.0327,-13.0345,0.5346,0.0347,-0.8444,0.9980,697,24.983528,1.1704,0.3355
BiancaGolden_GrandPlies,-82.6339,33.6615,210.7137,-4.0033,-31.0549,-12.8796,0.5337,0.0372,-0.8449,0.9980,698,24.997486,1.1737,0.3366
BiancaGolden_GrandPlies,-82.2846,33.7503,210.7069,-4.2236,-31.0677,-12.7640,0.5352,0.0273,-0.8443,0.9980,698,25.010504,1.1772,0.3375
BiancaGolden_GrandPlies,-81.9540,33.8033,210.7122,-4.5669,-31.0458,-12.7044,0.5382,0.0251,-0.8424,0.9980,698,25.024508,1.1805,0.3380
BiancaGolden_GrandPlies,-81.6169,33.8319,210.6900,-4.8202,-31.0624,-12.7062,0.5441,0.0246,-0.8387,0.9980,699,25.037621,1.1838,0.3383
BiancaGolden_GrandPlies,-81.2840,33.8413,210.6174,-5.0669,-31.0223,-12.7883,0.5459,0.0260,-0.8374,0.9980,699,25.051479,1.1872,0.3384
BiancaGolden_GrandPlies,-80.9200,33.7992,210.5670,-5.3073,-30.9604,-12.8936,0.5482,0.0256,-0.8360,0.9980,700,25.065916,1.1908,0.3380
BiancaGolden_GrandPlies,-80.4946,33.7026,210.5470,-5.4323,-30.8311,-12.9809,0.5535,0.0255,-0.8325,0.9980,700,25.079075,1.1951,0.3370
BiancaGolden_GrandPlies,-80.0452,33.6135,210.5616,-5.6260,-30.7187,-13.0901,0.5597,0.0241,-0.8283,0.9980,700,25.094784,1.1995,0.3361
BiancaGolden_GrandPlies,-79.5662,33.4714,210.5483,-5.8429,-30.5555,-13.1557,0.5626,0.0247,-0.8264,0.9980,701,25.107599,1.2043,0.3347
BiancaGolden_GrandPlies,-79.1223,33.3264,210.4880,-6.0340,-30.4113,-13.1980,0.5686,0.0228,-0.8223,0.9980,701,25.121634,1.2088,0.3333
BiancaGolden_GrandPlies,-78.6665,33.1543,210.3943,-6.2036,-30.3065,-13.2897,0.5585,0.0256,-0.8291,0.9980,702,25.137115,1.2133,0.3315
BiancaGolden_GrandPlies,-78.1973,32.9596,210.3117,-6.4051,-30.2991,-13.4194,0.5556,0.0197,-0.8312,0.9980,702,25.150177,1.2180,0.3296
BiancaGolden_GrandPlies,-77.7000,32.7201,210.2276,-6.5700,-30.3463,-13.5151,0.5549,0.0200,-0.8317,0.9980,703,25.165474,1.2230,0.3272
BiancaGolden_GrandPlies,-77.2014,32.4496,210.1520,-6.6684,-30.4188,-13.5928,0.5514,0.0170,-0.8341,0.9980,703,25.177151,1.2280,0.3245
BiancaGolden_GrandPlies,-76.6721,32.1449,210.0776,-6.6890,-30.4929,-13.6953,0.5522,0.0131,-0.8336,0.9980,703,25.192865,1.2333,0.3214
BiancaGolden_GrandPlies,-76.1217,31.8108,210.0317,-6.7898,-30.5393,-13.8463,0.5491,-0.0249,-0.8354,0.9980,704,25.205318,1.2388,0.3181
BiancaGolden_GrandPlies,-75.5286,31.4336,209.9797,-6.8375,-30.4484,-14.0509,0.5517,-0.0653,-0.8315,0.9980,704,25.219824,1.2447,0.3143
BiancaGolden_GrandPlies,-74.9562,31.0244,209.8741,-6.7816,-30.2788,-14.2070,0.5538,-0.0682,-0.8299,0.9980,705,25.233505,1.2504,0.3102
BiancaGolden_GrandPlies,-74.3824,30.5923,209.7497,-6.5930,-30.0676,-14.3203,0.5596,-0.0728,-0.8256,0.9980,705,25.248514,1.2562,0.3059
BiancaGolden_GrandPlies,-73.8217,30.1454,209.6264,-6.3662,-29.8832,-14.3841,0.5566,-0.0743,-0.8275,0.9980,705,25.261461,1.2618,0.3015
BiancaGolden_GrandPlies,-73.2515,29.6768,209.5666,-6.2381,-29.8453,-14.4142,0.5553,-0.0816,-0.8277,0.9980,706,25.275635,1.2675,0.2968
BiancaGolden_GrandPlies,-72.6947,29.2042,209.5216,-6.2345,-29.7929,-14.4913,0.5520,-0.0801,-0.8300,0.9980,706,25.292807,1.2731,0.2920
BiancaGolden_GrandPlies,-72.1809,28.6940,209.4877,-6.2866,-29.8964,-14.4860,0.5438,-0.0754,-0.8358,0.9980,707,25.305120,1.2782,0.2869
BiancaGolden_GrandPlies,-71.6099,28.1478,209.5304,-6.3746,-30.0957,-14.4707,0.5410,-0.0721,-0.8379,0.9980,707,25.315084,1.2839,0.2815
BiancaGolden_GrandPlies,-71.0025,27.5913,209.6181,-6.6070,-30.2521,-14.5576,0.5436,-0.0725,-0.8362,0.9980,708,25.332712,1.2900,0.2759
BiancaGolden_GrandPlies,-70.4671,27.0465,209.5342,-6.7995,-30.0928,-14.6870,0.5413,-0.0676,-0.8381,0.9980,708,25.343428,1.2953,0.2705
BiancaGolden_GrandPlies,-69.9829,26.4623,209.3810,-6.7123,-29.8184,-14.6938,0.5422,-0.0662,-0.8376,0.9980,708,25.358068,1.3002,0.2646
BiancaGolden_GrandPlies,-69.4460,25.8595,209.3448,-6.5347,-29.6466,-14.6747,0.5437,-0.0674,-0.8366,0.9980,709,25.370382,1.3055,0.2586
BiancaGolden_GrandPlies,-68.8637,25.2767,209.4168,-6.4902,-29.4827,-14.7234,0.5412,-0.0690,-0.8381,0.9980,709,25.382837,1.3114,0.2528
BiancaGolden_GrandPlies,-68.3240,24.7291,209.4112,-6.5358,-29.3002,-14.8081,0.5432,-0.0696,-0.8367,0.9980,710,25.398020,1.3168,0.2473
BiancaGolden_GrandPlies,-67.8509,24.1862,209.3223,-6.4952,-29.1351,-14.7843,0.5438,-0.0707,-0.8362,0.9980,710,25.409729,1.3215,0.2419
BiancaGolden_GrandPlies,-67.4011,23.6476,209.2045,-6.2730,-29.0309,-14.6828,0.5399,-0.0677,-0.8390,0.9980,710,25.423956,1.3260,0.2365
BiancaGolden_GrandPlies,-66.9526,23.1356,209.1500,-6.0817,-29.0882,-14.5223,0.5331,-0.0562,-0.8442,0.9980,711,25.437189,1.3305,0.2314
BiancaGolden_GrandPlies,-66.4850,22.6404,209.1778,-5.9788,-29.3065,-14.2992,0.5262,-0.0468,-0.8491,0.9980,711,25.450096,1.3351,0.2264
BiancaGolden_GrandPlies,-66.0093,22.1601,209.2616,-6.0006,-29.5191,-14.1029,0.5250,-0.0367,-0.8503,0.9980,712,25.466118,1.3399,0.2216
BiancaGolden_GrandPlies,-65.5329,21.6682,209.3634,-6.0157,-29.6791,-13.8777,0.5204,-0.0333,-0.8533,0.9980,712,25.479292,1.3447,0.2167
BiancaGolden_GrandPlies,-65.1105,21.2616,209.5330,-5.9577,-29.8654,-13.6041,0.5174,-0.0300,-0.8552,0.9980,713,25.505924,1.3489,0.2126
BiancaGolden_GrandPlies,-64.2241,20.3967,209.7162,-5.9164,-30.0790,-13.2779,0.5104,-0.0279,-0.8595,0.9980,713,25.518175,1.3578,0.2040
BiancaGolden_GrandPlies,-63.7766,20.0286,209.8007,-5.8791,-30.1023,-13.1304,0.5100,-0.0279,-0.8597,0.9980,714,25.533438,1.3622,0.2003
BiancaGolden_GrandPlies,-63.3265,19.6686,209.8502,-5.7740,-29.9775,-13.0560,0.5448,-0.0329,-0.8379,0.9980,714,25.544928,1.3667,0.1967
BiancaGolden_GrandPlies,-62.8514,19.3326,209.9160,-5.6123,-29.7252,-13.0009,0.5709,-0.0423,-0.8199,0.9980,715,25.562332,1.3715,0.1933
BiancaGolden_GrandPlies,-62.2930,19.0033,210.0592,-5.4618,-29.4126,-12.9674,0.5747,-0.0421,-0.8172,0.9980,715,25.573729,1.3771,0.1900
BiancaGolden_GrandPlies,-61.7418,18.7142,210.2376,-5.4702,-29.1423,-12.8728,0.5901,-0.0355,-0.8066,0.9980,715,25.591103,1.3826,0.1871
BiancaGolden_GrandPlies,-61.1946,18.4634,210.3645,-5.5441,-28.9949,-12.7691,0.5922,-0.0329,-0.8051,0.9980,716,25.604677,1.3881,0.1846
BiancaGolden_GrandPlies,-60.6701,18.2198,210.4739,-5.6260,-28.9732,-12.6513,0.5906,-0.0286,-0.8064,0.9980,716,25.617146,1.3933,0.1822
BiancaGolden_GrandPlies,-60.1388,18.0161,210.5857,-5.7381,-29.0286,-12.5333,0.5890,-0.0285,-0.8076,0.9980,717,25.633032,1.3986,0.1802
BiancaGolden_GrandPlies,-59.6059,17.8237,210.6635,-5.7343,-29.1081,-12.4050,0.5870,-0.0305,-0.8090,0.9980,717,25.647148,1.4039,0.1782
BiancaGolden_GrandPlies,-59.0237,17.6247,210.7457,-5.6116,-29.0795,-12.2382,0.5886,-0.0301,-0.8078,0.9980,717,25.661303,1.4098,0.1762
BiancaGolden_GrandPlies,-58.4352,17.4395,210.8082,-5.5114,-28.9497,-12.0970,0.5886,-0.0292,-0.8079,0.9980,718,25.672857,1.4156,0.1744
BiancaGolden_GrandPlies,-57.8495,17.2800,210.8333,-5.4407,-28.7870,-11.9798,0.5805,-0.0233,-0.8139,0.9980,718,25.685949,1.4215,0.1728
BiancaGolden_GrandPlies,-57.2653,17.1405,210.8215,-5.3871,-28.6512,-11.8697,0.5770,-0.0165,-0.8166,0.9980,719,25.702366,1.4273,0.1714
BiancaGolden_GrandPlies,-56.6834,17.0155,210.7980,-5.4027,-28.6107,-11.7801,0.5746,-0.0154,-0.8183,0.9980,719,25.717783,1.4332,0.1702
BiancaGolden_GrandPlies,-56.0905,16.8961,210.7588,-5.4197,-28.6751,-11.7418,0.5724,-0.0152,-0.8198,0.9980,720,25.729338,1.4391,0.1690
BiancaGolden_GrandPlies,-55.4916,16.7959,210.7064,-5.4055,-28.8313,-11.7596,0.5613,-0.0137,-0.8275,0.9980,720,25.742592,1.4451,0.1680
BiancaGolden_GrandPlies,-54.8851,16.7003,210.6372,-5.3394,-29.0128,-11.7881,0.5587,-0.0147,-0.8293,0.9980,720,25.757074,1.4511,0.1670
BiancaGolden_GrandPlies,-54.2695,16.6114,210.5382,-5.2132,-29.1668,-11.8330,0.5495,-0.0153,-0.8354,0.9980,721,25.769936,1.4573,0.1661
BiancaGolden_GrandPlies,-53.6439,16.5363,210.3982,-5.0717,-29.2552,-11.8942,0.5436,-0.0163,-0.8392,0.9980,721,25.787319,1.4636,0.1654
BiancaGolden_GrandPlies,-53.0103,16.4792,210.2551,-4.9203,-29.2581,-12.0238,0.5451,-0.0195,-0.8382,0.9980,722,25.799269,1.4699,0.1648
BiancaGolden_GrandPlies,-52.3761,16.4554,210.0898,-4.7863,-29.1302,-12.2326,0.5448,-0.0190,-0.8384,0.9980,722,25.812002,1.4762,0.1646
BiancaGolden_GrandPlies,-51.7765,16.4514,209.8698,-4.6809,-28.9181,-12.4289,0.5455,-0.0215,-0.8378,0.9980,722,25.826443,1.4822,0.1645
BiancaGolden_GrandPlies,-51.2301,16.5028,209.6086,-4.6632,-28.7004,-12.6906,0.5445,-0.0250,-0.8384,0.9980,723,25.839252,1.4877,0.1650
BiancaGolden_GrandPlies,-50.7315,16.5775,209.3533,-4.7688,-28.7510,-12.9660,0.5328,-0.0266,-0.8458,0.9980,723,25.852156,1.4927,0.1658
BiancaGolden_GrandPlies,-50.2145,16.6644,209.1522,-4.9831,-29.0721,-13.2751,0.5166,-0.0270,-0.8558,0.9980,724,25.868700,1.4979,0.1666
BiancaGolden_GrandPlies,-49.6680,16.7594,209.0849,-5.2591,-30.0601,-13.6868,0.5053,-0.0300,-0.8624,0.9980,724,25.892971,1.5033,0.1676
BiancaGolden_GrandPlies,-48.5030,16.8978,208.7928,-5.4134,-30.7413,-14.3287,0.4941,-0.0329,-0.8688,0.9980,725,25.905239,1.5150,0.1690
BiancaGolden_GrandPlies,-47.7888,16.9399,208.7986,-5.4089,-31.1357,-14.7343,0.4885,-0.0347,-0.8719,0.9980,725,25.919172,1.5221,0.1694
BiancaGolden_GrandPlies,-47.0030,16.9465,208.9149,-5.3550,-31.4937,-15.0573,0.4855,-0.0368,-0.8735,0.9980,726,25.934381,1.5300,0.1695
BiancaGolden_GrandPlies,-46.0278,16.9271,209.2315,-5.3841,-31.6805,-15.4310,0.4925,-0.0331,-0.8697,0.9980,726,25.949736,1.5397,0.1693
BiancaGolden_GrandPlies,-45.1668,17.0375,209.2856,-5.5427,-31.3196,-16.0561,0.4980,-0.0379,-0.8663,0.9980,727,25.963068,1.5483,0.1704
BiancaGolden_GrandPlies,-44.5410,17.0994,209.1274,-5.5052,-30.9900,-16.3078,0.4969,-0.0407,-0.8669,0.9980,727,25.976278,1.5546,0.1710
BiancaGolden_GrandPlies,-43.9230,17.2433,208.8712,-5.3382,-30.4763,-16.7374,0.4957,-0.0432,-0.8674,0.9980,727,25.992559,1.5608,0.1724
BiancaGolden_GrandPlies,-43.3602,17.3362,208.8022,-5.0956,-30.2973,-16.8164,0.4937,-0.0445,-0.8685,0.9980,728,26.004244,1.5664,0.1734
BiancaGolden_GrandPlies,-42.7307,17.4140,208.8280,-4.9354,-30.4685,-16.8740,0.4779,-0.0437,-0.8773,0.9980,728,26.018085,1.5727,0.1741
BiancaGolden_GrandPlies,-42.0560,17.5159,208.9859,-5.4659,-30.9970,-17.0652,0.4730,-0.0423,-0.8801,0.9980,729,26.046614,1.5794,0.1752
BiancaGolden_GrandPlies,-40.7207,17.6832,209.0393,-5.9660,-31.2973,-17.6120,0.4706,-0.0402,-0.8814,0.9980,729,26.056717,1.5928,0.1768
BiancaGolden_GrandPlies,-40.0483,17.7316,209.0887,-6.3360,-31.3781,-17.9038,0.4636,-0.0345,-0.8853,0.9980,730,26.073414,1.5995,0.1773
BiancaGolden_GrandPlies,-39.3799,17.8032,209.1442,-6.6463,-31.3764,-18.2568,0.4621,-0.0468,-0.8856,0.9980,730,26.085730,1.6062,0.1780
BiancaGolden_GrandPlies,-38.7198,17.8764,209.1943,-6.8636,-31.2735,-18.6970,0.4637,-0.0494,-0.8846,0.9980,731,26.101011,1.6128,0.1788
BiancaGolden_GrandPlies,-38.1174,17.9407,209.2201,-7.0073,-31.1629,-19.0942,0.4672,-0.0419,-0.8832,0.9980,731,26.115133,1.6188,0.1794
BiancaGolden_GrandPlies,-37.5146,18.0087,209.2708,-7.0372,-31.1689,-19.4479,0.4614,-0.0444,-0.8861,0.9980,732,26.130030,1.6249,0.1801
BiancaGolden_GrandPlies,-36.9568,18.0663,209.3382,-6.9994,-31.2880,-19.7161,0.4582,-0.0450,-0.8877,0.9980,732,26.143604,1.6304,0.1807
BiancaGolden_GrandPlies,-36.4289,18.1192,209.4101,-6.9817,-31.4930,-19.9091,0.4484,-0.0554,-0.8921,0.9980,732,26.157902,1.6357,0.1812
BiancaGolden_GrandPlies,-35.9658,18.1680,209.4461,-6.9028,-31.6901,-20.1080,0.4422,-0.0620,-0.8948,0.9980,733,26.182869,1.6403,0.1817
BiancaGolden_GrandPlies,-34.9539,18.2383,209.5428,-7.0304,-31.8352,-20.6508,0.4387,-0.0722,-0.8957,0.9980,734,26.196091,1.6505,0.1824
BiancaGolden_GrandPlies,-34.4853,18.2204,209.6234,-7.1438,-31.8128,-20.8990,0.4384,-0.0857,-0.8947,0.9980,734,26.209522,1.6551,0.1822
BiancaGolden_GrandPlies,-34.0057,18.1751,209.7241,-7.2347,-31.6451,-21.2291,0.4388,-0.0988,-0.8931,0.9980,734,26.220539,1.6599,0.1818
BiancaGolden_GrandPlies,-33.5554,18.1027,209.8206,-7.3458,-31.3080,-21.5835,0.4425,-0.1077,-0.8903,0.9980,735,26.236055,1.6644,0.1810
BiancaGolden_GrandPlies,-33.1208,18.0329,209.8604,-7.4888,-30.8918,-21.9778,0.4470,-0.1108,-0.8876,0.9980,735,26.250149,1.6688,0.1803
BiancaGolden_GrandPlies,-32.7193,17.9663,209.8895,-7.6564,-30.5770,-22.3314,0.4483,-0.1138,-0.8866,0.9980,736,26.265650,1.6728,0.1797
BiancaGolden_GrandPlies,-32.3459,17.8962,209.8880,-7.8987,-30.3216,-22.6703,0.4467,-0.1129,-0.8876,0.9980,736,26.279930,1.6765,0.1790
BiancaGolden_GrandPlies,-31.9805,17.8098,209.8973,-8.1095,-30.1623,-22.9774,0.4282,-0.1036,-0.8977,0.9980,737,26.300611,1.6802,0.1781
BiancaGolden_GrandPlies,-31.6285,17.6491,209.9178,-8.4390,-30.2826,-23.1885,0.4297,-0.1046,-0.8969,0.9980,737,26.322332,1.6837,0.1765
BiancaGolden_GrandPlies,-30.8629,17.4212,209.9366,-8.7928,-30.2254,-23.6996,0.4280,-0.1034,-0.8978,0.9980,738,26.335367,1.6914,0.1742
BiancaGolden_GrandPlies,-30.4994,17.2862,209.9225,-9.0087,-30.3832,-23.9305,0.4254,-0.1013,-0.8993,0.9980,738,26.347387,1.6950,0.1729
BiancaGolden_GrandPlies,-30.1277,17.1347,209.8966,-9.2334,-30.5831,-24.1830,0.4189,-0.0941,-0.9032,0.9980,738,26.360060,1.6987,0.1713
BiancaGolden_GrandPlies,-29.7660,16.9138,209.8462,-9.4405,-31.0521,-24.3245,0.4145,-0.0857,-0.9060,0.9980,739,26.386948,1.7023,0.1691
BiancaGolden_GrandPlies,-29.4094,16.7523,209.7714,-9.4793,-31.3252,-24.5470,0.4051,-0.0817,-0.9106,0.9980,740,26.402538,1.7059,0.1675
BiancaGolden_GrandPlies,-28.6981,16.4338,209.6327,-9.6782,-31.8525,-24.9123,0.4005,-0.0809,-0.9127,0.9980,740,26.417000,1.7130,0.1643
BiancaGolden_GrandPlies,-28.7064,16.4139,209.6044,-9.5134,-32.0868,-24.8683,0.3948,-0.0773,-0.9155,0.9980,741,26.428598,1.7129,0.1641
BiancaGolden_GrandPlies,-28.3441,16.2094,209.5351,-9.4610,-32.5491,-24.9928,0.3841,-0.0732,-0.9204,0.9980,741,26.440926,1.7166,0.1621
BiancaGolden_GrandPlies,-27.9799,15.9902,209.4622,-9.3738,-32.9694,-25.1352,0.3778,-0.0739,-0.9230,0.9980,741,26.455702,1.7202,0.1599
BiancaGolden_GrandPlies,-27.5998,15.7430,209.4238,-9.1949,-33.3247,-25.3682,0.3755,-0.0788,-0.9235,0.9980,742,26.467968,1.7240,0.1574
BiancaGolden_GrandPlies,-27.2100,15.4637,209.3864,-8.9095,-33.5706,-25.6935,0.3748,-0.0775,-0.9239,0.9980,742,26.481569,1.7279,0.1546
BiancaGolden_GrandPlies,-26.8036,15.1421,209.3551,-8.4905,-33.7017,-26.1224,0.3700,-0.0853,-0.9251,0.9980,743,26.495667,1.7320,0.1514
BiancaGolden_GrandPlies,-26.4069,14.7928,209.2926,-7.8729,-33.7700,-26.5917,0.3701,-0.0982,-0.9238,0.9980,743,26.508978,1.7359,0.1479
BiancaGolden_GrandPlies,-26.0491,14.4344,209.1556,-6.9969,-33.7360,-27.0374,0.3639,-0.1092,-0.9250,0.9980,744,26.535952,1.7395,0.1443
BiancaGolden_GrandPlies,-25.3433,13.8165,208.8974,-6.1811,-34.0090,-27.6725,0.3655,-0.1016,-0.9252,0.9980,744,26.549150,1.7466,0.1382
BiancaGolden_GrandPlies,-25.0393,13.4743,208.6912,-5.8467,-34.1749,-27.8401,0.3617,-0.1004,-0.9269,0.9980,745,26.564339,1.7496,0.1347
BiancaGolden_GrandPlies,-24.7610,13.1448,208.4806,-5.6917,-34.3590,-27.9242,0.3543,-0.0975,-0.9300,0.9980,745,26.578617,1.7524,0.1314
BiancaGolden_GrandPlies,-24.4804,12.7756,208.3149,-5.6492,-34.6570,-27.9155,0.3488,-0.0933,-0.9325,0.9980,745,26.592422,1.7552,0.1278
BiancaGolden_GrandPlies,-24.2014,12.4090,208.1903,-5.7876,-35.0673,-27.9705,0.3231,-0.0949,-0.9416,0.9980,746,26.604099,1.7580,0.1241
BiancaGolden_GrandPlies,-23.9396,11.9975,208.0942,-6.0986,-35.5895,-27.9739,0.2971,-0.0750,-0.9519,0.9980,746,26.618654,1.7606,0.1200
BiancaGolden_GrandPlies,-23.7089,11.5569,208.0077,-6.3757,-36.0679,-27.9243,0.2966,-0.0656,-0.9527,0.9980,747,26.632038,1.7629,0.1156
BiancaGolden_GrandPlies,-23.4473,11.1146,207.9326,-6.5374,-36.3922,-27.8728,0.3009,-0.0661,-0.9514,0.9980,747,26.645508,1.7655,0.1111
BiancaGolden_GrandPlies,-23.1706,10.6051,207.9456,-6.7286,-36.7034,-27.7346,0.2995,-0.0620,-0.9521,0.9980,748,26.662802,1.7683,0.1061
BiancaGolden_GrandPlies,-22.8287,10.0559,208.0449,-6.9311,-36.9312,-27.6346,0.2997,-0.0600,-0.9522,0.9980,748,26.672735,1.7717,0.1006
BiancaGolden_GrandPlies,-22.4672,9.4769,208.1529,-7.1484,-36.9961,-27.6492,0.3099,-0.0676,-0.9483,0.9980,748,26.688055,1.7753,0.0948
BiancaGolden_GrandPlies,-22.1418,8.9011,208.2194,-7.3216,-36.8526,-27.6787,0.3136,-0.0692,-0.9470,0.9980,749,26.702490,1.7786,0.0890
BiancaGolden_GrandPlies,-21.9019,8.3873,208.1832,-7.3543,-36.6173,-27.7460,0.3205,-0.0691,-0.9447,0.9980,749,26.714590,1.7810,0.0839
BiancaGolden_GrandPlies,-21.7227,7.8960,208.0750,-7.2833,-36.2914,-27.8256,0.3238,-0.0697,-0.9435,0.9980,750,26.728764,1.7828,0.0790
BiancaGolden_GrandPlies,-21.5625,7.4439,207.9472,-7.2434,-36.0161,-28.0001,0.3225,-0.0717,-0.9438,0.9980,750,26.742159,1.7844,0.0744
BiancaGolden_GrandPlies,-21.4122,6.9844,207.8501,-7.3549,-35.8258,-28.2953,0.3233,-0.0725,-0.9435,0.9980,750,26.757080,1.7859,0.0698
BiancaGolden_GrandPlies,-21.2176,6.5035,207.7703,-7.4969,-35.7889,-28.6337,0.3222,-0.0715,-0.9440,0.9980,751,26.769190,1.7878,0.0650
BiancaGolden_GrandPlies,-21.0254,6.0239,207.7673,-7.7598,-35.9424,-29.0335,0.3154,-0.0635,-0.9468,0.9980,751,26.785212,1.7897,0.0602
BiancaGolden_GrandPlies,-20.7935,5.5413,207.7754,-8.0844,-36.2044,-29.5491,0.3020,-0.0452,-0.9523,0.9980,752,26.798534,1.7921,0.0554
BiancaGolden_GrandPlies,-20.5605,5.0723,207.7844,-8.4052,-36.5072,-30.0711,0.3033,-0.0445,-0.9519,0.9980,752,26.811464,1.7944,0.0507
BiancaGolden_GrandPlies,-20.3145,4.6140,207.7568,-8.7308,-36.7615,-30.6642,0.3015,-0.0448,-0.9524,0.9980,753,26.829287,1.7969,0.0461
BiancaGolden_GrandPlies,-20.0550,4.1871,207.6567,-8.9507,-36.9449,-31.3749,0.3001,-0.0458,-0.9528,0.9980,753,26.841169,1.7995,0.0419
BiancaGolden_GrandPlies,-19.7920,3.7516,207.5566,-9.0615,-37.0627,-31.9960,0.3032,-0.0373,-0.9522,0.9980,753,26.853294,1.8021,0.0375
BiancaGolden_GrandPlies,-19.4921,3.3065,207.5200,-9.1435,-37.2998,-32.6036,0.2944,-0.0340,-0.9551,0.9980,754,26.866531,1.8051,0.0331
BiancaGolden_GrandPlies,-19.1115,2.8928,207.5215,-9.3107,-37.8287,-33.4727,0.2818,-0.0323,-0.9589,0.9980,754,26.894886,1.8089,0.0289
BiancaGolden_GrandPlies,-18.5432,2.1183,207.3789,-9.6933,-38.5693,-34.8282,0.2720,-0.0302,-0.9618,0.9980,755,26.908665,1.8146,0.0212
BiancaGolden_GrandPlies,-18.2765,1.7856,207.2581,-9.8478,-39.2251,-35.5797,0.2552,-0.0333,-0.9663,0.9980,755,26.921066,1.8172,0.0179
BiancaGolden_GrandPlies,-17.9983,1.4606,207.1579,-9.9531,-39.9641,-36.3366,0.2367,-0.0407,-0.9707,0.9980,756,26.936295,1.8200,0.0146
BiancaGolden_GrandPlies,-17.6752,1.1223,207.0316,-9.9368,-40.7095,-37.3566,0.2170,-0.0379,-0.9754,0.9980,757,26.962303,1.8232,0.0112
BiancaGolden_GrandPlies,-17.0520,0.4048,206.8108,-9.9528,-41.5554,-39.0854,0.2052,-0.0538,-0.9772,0.9980,757,26.977406,1.8295,0.0040
BiancaGolden_GrandPlies,-16.6796,0.0361,206.6809,-9.7883,-41.7540,-40.1760,0.1981,-0.0529,-0.9788,0.9980,757,26.990414,1.8332,0.0004
BiancaGolden_GrandPlies,-16.3189,-0.3042,206.5590,-9.6799,-41.9982,-41.2700,0.1934,-0.0535,-0.9797,0.9980,758,27.002434,1.8368,-0.0030
BiancaGolden_GrandPlies,-15.9462,-0.6019,206.4149,-9.6995,-42.2805,-42.3874,0.1907,-0.0507,-0.9803,0.9980,758,27.013172,1.8405,-0.0060
BiancaGolden_GrandPlies,-15.6067,-0.8841,206.2518,-9.7271,-42.6527,-43.4885,0.1968,-0.0450,-0.9794,0.9980,758,27.027576,1.8439,-0.0088
BiancaGolden_GrandPlies,-15.5926,-0.8229,206.2010,-9.7746,-42.6914,-43.7029,0.1957,-0.0512,-0.9793,0.9980,759,27.039627,1.8441,-0.0082
BiancaGolden_GrandPlies,-15.2424,-1.0772,206.0189,-9.7322,-43.0874,-44.8991,0.1908,-0.0537,-0.9802,0.9980,759,27.051638,1.8476,-0.0108
BiancaGolden_GrandPlies,-14.8671,-1.3261,205.8140,-9.6215,-43.4061,-46.2072,0.1967,-0.0558,-0.9789,0.9980,760,27.067257,1.8513,-0.0133
BiancaGolden_GrandPlies,-14.4480,-1.5647,205.6322,-9.4472,-43.7193,-47.7575,0.1853,-0.0569,-0.9810,0.9980,760,27.092367,1.8555,-0.0156
BiancaGolden_GrandPlies,-13.6869,-2.0323,205.2456,-9.2922,-44.3877,-50.4060,0.1800,-0.0592,-0.9819,0.9980,761,27.103098,1.8631,-0.0203
BiancaGolden_GrandPlies,-13.3020,-2.1853,205.0145,-9.1704,-44.6304,-51.9532,0.1934,-0.0565,-0.9795,0.9980,761,27.116909,1.8670,-0.0219
BiancaGolden_GrandPlies,-12.9234,-2.2612,204.7865,-9.0317,-44.8196,-53.6607,0.1969,-0.0562,-0.9788,0.9980,762,27.131310,1.8708,-0.0226
BiancaGolden_GrandPlies,-12.5312,-2.3132,204.5579,-8.9546,-44.9657,-55.4442,0.1919,-0.0588,-0.9797,0.9980,762,27.145624,1.8747,-0.0231
BiancaGolden_GrandPlies,-12.1356,-2.3585,204.3684,-8.8807,-45.2297,-57.2130,0.1499,-0.0824,-0.9853,0.9980,763,27.161800,1.8786,-0.0236
BiancaGolden_GrandPlies,-11.7100,-2.3745,204.1713,-8.7219,-45.4334,-59.1302,0.1441,-0.0844,-0.9860,0.9980,763,27.176252,1.8829,-0.0237
BiancaGolden_GrandPlies,-11.2934,-2.4053,203.9842,-8.5728,-45.6723,-61.0027,0.1182,-0.1226,-0.9854,0.9980,763,27.189911,1.8871,-0.0241
BiancaGolden_GrandPlies,-10.8760,-2.3671,203.7880,-8.4518,-45.7400,-63.1868,0.1038,-0.1461,-0.9838,0.9980,764,27.202768,1.8912,-0.0237
BiancaGolden_GrandPlies,-10.4302,-2.3548,203.6288,-8.3602,-45.8493,-65.5501,0.0882,-0.1456,-0.9854,0.9980,764,27.214895,1.8957,-0.0235
BiancaGolden_GrandPlies,-9.9519,-2.4911,203.6459,-8.1810,-46.3008,-67.9122,0.0818,-0.1438,-0.9862,0.9980,765,27.231453,1.9005,-0.0249
BiancaGolden_GrandPlies,-9.4131,-2.8063,203.7948,-8.3109,-46.5978,-70.1873,0.0697,-0.1494,-0.9863,0.9980,765,27.245939,1.9059,-0.0281
BiancaGolden_GrandPlies,-8.8384,-2.9424,203.9159,-8.1154,-46.9356,-73.1147,0.0614,-0.1588,-0.9854,0.9980,765,27.259329,1.9116,-0.0294
BiancaGolden_GrandPlies,-8.4764,-2.9892,203.6082,-8.0015,-46.5148,-75.4259,0.0699,-0.1644,-0.9839,0.9980,766,27.273144,1.9152,-0.0299
BiancaGolden_GrandPlies,-8.1790,-2.7093,203.4802,-7.3458,-46.3098,-77.6531,0.0518,-0.1589,-0.9859,0.9980,767,27.302910,1.9182,-0.0271
BiancaGolden_GrandPlies,-7.4914,-2.5515,203.4841,-6.5394,-46.9272,-81.5363,0.0436,-0.1319,-0.9903,0.9980,767,27.316929,1.9251,-0.0255
BiancaGolden_GrandPlies,-7.2083,-2.4427,203.6747,-6.1325,-47.9394,-82.8912,0.0382,-0.1200,-0.9920,0.9980,768,27.328739,1.9279,-0.0244
BiancaGolden_GrandPlies,-6.9262,-2.3611,203.8194,-6.0136,-48.6514,-84.4023,0.0476,-0.1165,-0.9920,0.9980,768,27.344501,1.9307,-0.0236
BiancaGolden_GrandPlies,-6.6560,-2.3216,203.9112,-5.9719,-48.9952,-85.8600,0.0486,-0.1190,-0.9917,0.9980,768,27.357899,1.9334,-0.0232
BiancaGolden_GrandPlies,-6.4709,-2.3293,204.0235,-5.9491,-48.9848,-87.2555,0.0450,-0.1251,-0.9911,0.9980,769,27.372137,1.9353,-0.0233
BiancaGolden_GrandPlies,-6.3089,-2.4006,204.1280,-5.8889,-48.7000,-88.7321,0.0251,-0.1420,-0.9895,0.9980,769,27.386053,1.9369,-0.0240
BiancaGolden_GrandPlies,-6.2137,-2.4864,204.2101,-5.7573,-48.2398,-90.2737,0.0197,-0.1519,-0.9882,0.9980,770,27.399979,1.9379,-0.0249
BiancaGolden_GrandPlies,-6.1789,-2.5137,204.2504,-5.5843,-47.7359,-91.7410,0.0116,-0.1608,-0.9869,0.9980,770,27.413149,1.9382,-0.0251
BiancaGolden_GrandPlies,-6.1610,-2.4364,204.2290,-5.4802,-47.3642,-93.1962,-0.0063,-0.1580,-0.9874,0.9980,771,27.432558,1.9384,-0.0244
BiancaGolden_GrandPlies,-6.2174,-2.0744,204.0475,-5.6191,-47.3886,-94.4777,-0.0407,-0.1294,-0.9908,0.9980,771,27.453398,1.9378,-0.0207
BiancaGolden_GrandPlies,-6.2162,-1.6311,203.9657,-5.7904,-47.8304,-97.3656,-0.0438,-0.0976,-0.9943,0.9980,772,27.470701,1.9378,-0.0163
BiancaGolden_GrandPlies,-6.2476,-1.3384,203.8905,-5.8797,-48.4681,-98.8631,-0.0420,-0.0789,-0.9960,0.9980,772,27.485607,1.9375,-0.0134
BiancaGolden_GrandPlies,-6.3238,-1.0928,203.8628,-5.9566,-49.2252,-100.2094,-0.0413,-0.0690,-0.9968,0.9980,773,27.500761,1.9368,-0.0109
BiancaGolden_GrandPlies,-6.4434,-0.9757,203.8641,-5.9911,-49.8184,-101.4416,-0.0375,-0.0657,-0.9971,0.9980,773,27.513441,1.9356,-0.0098
BiancaGolden_GrandPlies,-6.5403,-0.8694,203.8333,-6.0074,-50.0769,-102.8792,-0.0360,-0.0716,-0.9968,0.9980,773,27.527054,1.9346,-0.0087
BiancaGolden_GrandPlies,-6.6783,-0.7920,203.7465,-6.0813,-49.9462,-104.2880,-0.0323,-0.0932,-0.9951,0.9980,774,27.537760,1.9332,-0.0079
BiancaGolden_GrandPlies,-6.8412,-0.6797,203.6171,-6.0047,-49.7112,-105.6262,-0.0362,-0.0985,-0.9945,0.9980,774,27.550671,1.9316,-0.0068
BiancaGolden_GrandPlies,-6.9950,-0.5113,203.4439,-5.9989,-49.3804,-106.8359,-0.0297,-0.1035,-0.9942,0.9980,775,27.565952,1.9300,-0.0051
BiancaGolden_GrandPlies,-7.1439,-0.2595,203.2507,-5.9417,-49.2726,-108.0504,-0.0268,-0.0945,-0.9952,0.9980,775,27.579508,1.9286,-0.0026
BiancaGolden_GrandPlies,-7.2252,0.1295,203.0068,-6.0694,-49.6916,-109.2136,-0.0171,-0.0715,-0.9973,0.9980,776,27.607378,1.9277,0.0013
BiancaGolden_GrandPlies,-7.4276,0.8789,202.5933,-6.4885,-50.8660,-111.3026,-0.0136,-0.0505,-0.9986,0.9980,777,27.634180,1.9257,0.0088
BiancaGolden_GrandPlies,-7.6351,1.6114,202.1992,-6.9287,-51.9522,-113.3879,-0.0095,-0.0418,-0.9991,0.9980,777,27.648106,1.9236,0.0161
BiancaGolden_GrandPlies,-7.7200,1.9922,201.9971,-7.1380,-52.5018,-114.3889,-0.0043,-0.0362,-0.9993,0.9980,777,27.660385,1.9228,0.0199
BiancaGolden_GrandPlies,-7.8189,2.3836,201.8126,-7.5237,-52.9268,-115.2407,0.0005,-0.0328,-0.9995,0.9980,778,27.674543,1.9218,0.0238
BiancaGolden_GrandPlies,-7.9065,2.7775,201.6451,-7.8573,-53.2400,-116.2025,0.0016,-0.0326,-0.9995,0.9980,778,27.684517,1.9209,0.0278
BiancaGolden_GrandPlies,-7.9868,3.1857,201.4525,-8.1492,-53.4627,-117.2090,-0.0147,-0.0282,-0.9995,0.9980,779,27.696297,1.9201,0.0319
BiancaGolden_GrandPlies,-7.9614,3.2413,201.4437,-8.1660,-53.2578,-117.1369,-0.0153,-0.0302,-0.9994,0.9980,779,27.710516,1.9204,0.0324
BiancaGolden_GrandPlies,-8.0150,3.7159,201.2400,-8.3396,-53.3807,-118.0217,-0.0220,-0.0396,-0.9990,0.9980,779,27.722389,1.9199,0.0372
BiancaGolden_GrandPlies,-8.0446,4.2122,201.0590,-8.4689,-53.5700,-118.8597,-0.0192,-0.0362,-0.9992,0.9980,780,27.735226,1.9196,0.0421
BiancaGolden_GrandPlies,-8.0274,4.7478,200.8947,-8.5931,-53.7918,-119.5639,-0.0162,-0.0333,-0.9993,0.9980,780,27.747475,1.9197,0.0475
BiancaGolden_GrandPlies,-8.0046,5.2955,200.7276,-8.7528,-54.0336,-120.1605,-0.0060,-0.0555,-0.9984,0.9980,781,27.762676,1.9200,0.0530
BiancaGolden_GrandPlies,-7.9184,5.8277,200.6226,-8.9943,-54.3161,-120.5640,0.0047,-0.0699,-0.9975,0.9980,781,27.786827,1.9208,0.0583
BiancaGolden_GrandPlies,-7.8501,6.8332,200.3525,-9.3053,-54.7913,-121.9552,-0.0031,-0.0846,-0.9964,0.9980,782,27.805300,1.9215,0.0683
BiancaGolden_GrandPlies,-7.7896,7.2725,200.2773,-9.0081,-54.5358,-122.4049,-0.0085,-0.0842,-0.9964,0.9980,783,27.828951,1.9221,0.0727
BiancaGolden_GrandPlies,-7.6511,8.1817,200.0288,-8.7007,-54.4389,-123.9030,-0.0126,-0.0852,-0.9963,0.9980,783,27.840702,1.9235,0.0818
BiancaGolden_GrandPlies,-7.5165,8.5898,199.9330,-8.5133,-54.2814,-124.7677,-0.0258,-0.1100,-0.9936,0.9980,783,27.858919,1.9248,0.0859
BiancaGolden_GrandPlies,-7.3456,8.9783,199.8242,-8.3407,-54.2028,-125.5755,-0.0283,-0.1103,-0.9935,0.9980,784,27.872019,1.9265,0.0898
BiancaGolden_GrandPlies,-7.1100,9.3842,199.7462,-8.3286,-54.2758,-126.3345,-0.0285,-0.1106,-0.9935,0.9980,784,27.883083,1.9289,0.0938
BiancaGolden_GrandPlies,-6.7533,9.8222,199.6632,-8.5237,-54.5087,-127.0456,-0.0166,-0.1139,-0.9934,0.9980,785,27.897705,1.9325,0.0982
BiancaGolden_GrandPlies,-6.3538,10.2784,199.5610,-8.9372,-54.8770,-127.7757,-0.0115,-0.1072,-0.9942,0.9980,785,27.911510,1.9365,0.1028
BiancaGolden_GrandPlies,-5.8115,10.6967,199.5426,-9.1205,-55.4418,-128.7010,0.0007,-0.0992,-0.9951,0.9980,785,27.927338,1.9419,0.1070
BiancaGolden_GrandPlies,-5.2802,11.0879,199.6003,-9.7691,-56.3465,-129.4087,0.0133,-0.0907,-0.9958,0.9980,786,27.938150,1.9472,0.1109
BiancaGolden_GrandPlies,-4.8293,11.4015,199.7412,-10.3539,-57.2608,-130.0433,0.0323,-0.0705,-0.9970,0.9980,786,27.953289,1.9517,0.1140
BiancaGolden_GrandPlies,-4.3662,11.5882,199.9574,-10.7716,-58.2979,-130.8796,0.0351,-0.0400,-0.9986,0.9980,787,27.969355,1.9563,0.1159
BiancaGolden_GrandPlies,-3.9221,11.7714,200.0903,-10.7995,-58.8118,-131.8715,0.0333,-0.0389,-0.9987,0.9980,787,27.981428,1.9608,0.1177
BiancaGolden_GrandPlies,-3.4659,11.9184,200.1910,-10.5394,-58.8055,-133.0609,0.0295,-0.0338,-0.9990,0.9980,788,27.995338,1.9653,0.1192
BiancaGolden_GrandPlies,-2.9996,12.0194,200.2831,-10.1727,-58.4922,-134.4407,0.0157,-0.0320,-0.9994,0.9980,788,28.009331,1.9700,0.1202
BiancaGolden_GrandPlies,-2.5322,12.1284,200.3644,-9.8714,-58.1207,-135.7778,0.0003,-0.0393,-0.9992,0.9980,788,28.022760,1.9747,0.1213
BiancaGolden_GrandPlies,-1.9942,12.1798,200.4263,-9.3103,-57.4710,-137.4150,-0.0081,-0.0547,-0.9985,0.9980,789,28.036142,1.9801,0.1218
BiancaGolden_GrandPlies,-1.4152,12.2729,200.4443,-8.9516,-57.0044,-138.8298,-0.0135,-0.0659,-0.9977,0.9980,789,28.049393,1.9858,0.1227
BiancaGolden_GrandPlies,-0.7856,12.3354,200.4262,-8.5994,-56.6512,-140.1361,-0.0212,-0.0648,-0.9977,0.9980,790,28.063732,1.9921,0.1234
BiancaGolden_GrandPlies,-0.1093,12.3743,200.3629,-8.0963,-56.3851,-141.4392,-0.0309,-0.0668,-0.9973,0.9980,790,28.078304,1.9989,0.1237
BiancaGolden_GrandPlies,0.5669,12.3949,200.2608,-7.7685,-56.1925,-142.4787,-0.0422,-0.0682,-0.9968,0.9980,790,28.093939,2.0057,0.1239
BiancaGolden_GrandPlies,1.2966,12.3543,200.1068,-7.3750,-56.0852,-143.5878,-0.0459,-0.0667,-0.9967,0.9980,791,28.105371,2.0130,0.1235
BiancaGolden_GrandPlies,2.0396,12.2934,199.9180,-7.1749,-56.0024,-144.6268,-0.0500,-0.0663,-0.9965,0.9980,791,28.118322,2.0204,0.1229
BiancaGolden_GrandPlies,2.8284,12.1862,199.6723,-7.0618,-55.9321,-145.7444,-0.0492,-0.0689,-0.9964,0.9980,792,28.133928,2.0283,0.1219
BiancaGolden_GrandPlies,3.6180,12.1006,199.4393,-6.9472,-55.9236,-146.8729,-0.0488,-0.0659,-0.9966,0.9980,792,28.146685,2.0362,0.1210
BiancaGolden_GrandPlies,4.4654,11.9608,199.1658,-6.9611,-56.0740,-148.1252,-0.0448,-0.0623,-0.9971,0.9980,792,28.161312,2.0447,0.1196
BiancaGolden_GrandPlies,5.2815,11.7728,198.9969,-6.8525,-56.3310,-149.4440,-0.0419,-0.0622,-0.9972,0.9980,793,28.174738,2.0528,0.1177
BiancaGolden_GrandPlies,6.0469,11.5293,198.8871,-6.7551,-56.5388,-150.8072,-0.0399,-0.0646,-0.9971,0.9980,793,28.188858,2.0605,0.1153
BiancaGolden_GrandPlies,6.7960,11.2636,198.8082,-6.6297,-56.5485,-152.2226,-0.0478,-0.0693,-0.9964,0.9980,794,28.204847,2.0680,0.1126
BiancaGolden_GrandPlies,7.5180,11.0115,198.7434,-6.4930,-56.4295,-153.4784,-0.0494,-0.0809,-0.9955,0.9980,794,28.216967,2.0752,0.1101
BiancaGolden_GrandPlies,8.1845,10.7793,198.7594,-6.4174,-56.3687,-154.5070,-0.0533,-0.0814,-0.9953,0.9980,795,28.231344,2.0818,0.1078
BiancaGolden_GrandPlies,8.7558,10.4554,198.9891,-6.2682,-56.1448,-155.2792,-0.0641,-0.0818,-0.9946,0.9980,795,28.246647,2.0876,0.1046
BiancaGolden_GrandPlies,9.3552,10.1693,199.0199,-5.9748,-55.6034,-156.0910,-0.0721,-0.0834,-0.9939,0.9980,795,28.259888,2.0936,0.1017
BiancaGolden_GrandPlies,9.9715,9.9615,199.0697,-5.8433,-54.9806,-156.5776,-0.0828,-0.0789,-0.9934,0.9980,796,28.274040,2.0997,0.0996
BiancaGolden_GrandPlies,10.6251,9.7693,199.1538,-5.5848,-54.4537,-157.0897,-0.0840,-0.0904,-0.9924,0.9980,796,28.292448,2.1063,0.0977
BiancaGolden_GrandPlies,11.3194,9.6199,199.3937,-5.4619,-54.2522,-157.2758,-0.0812,-0.0855,-0.9930,0.9980,797,28.305092,2.1132,0.0962
BiancaGolden_GrandPlies,12.0407,9.5385,199.6501,-5.3297,-54.4362,-157.3897,-0.0709,-0.0827,-0.9941,0.9980,797,28.317636,2.1204,0.0954
BiancaGolden_GrandPlies,12.7592,9.4656,199.8986,-5.2188,-54.7747,-157.5388,-0.0613,-0.0781,-0.9951,0.9980,798,28.329565,2.1276,0.0947
BiancaGolden_GrandPlies,13.4860,9.4648,200.1974,-5.1267,-55.3758,-157.4133,-0.0520,-0.0714,-0.9961,0.9980,798,28.344234,2.1349,0.0946
BiancaGolden_GrandPlies,14.2149,9.4629,200.5245,-5.0848,-56.0083,-157.4159,-0.0526,-0.0685,-0.9963,0.9980,798,28.357738,2.1421,0.0946
BiancaGolden_GrandPlies,14.8878,9.4565,200.7916,-5.1184,-56.3837,-157.6022,-0.0529,-0.0683,-0.9963,0.9980,799,28.370451,2.1489,0.0946
BiancaGolden_GrandPlies,15.5177,9.4538,201.0424,-5.1519,-56.4426,-158.0035,-0.0626,-0.0712,-0.9955,0.9980,799,28.383667,2.1552,0.0945
BiancaGolden_GrandPlies,16.0806,9.4292,201.2650,-5.1494,-56.2256,-158.5948,-0.0717,-0.0751,-0.9946,0.9980,800,28.398087,2.1608,0.0943
BiancaGolden_GrandPlies,16.5739,9.3920,201.4667,-5.1321,-55.6823,-159.3444,-0.0820,-0.0778,-0.9936,0.9980,800,28.413691,2.1657,0.0939
BiancaGolden_GrandPlies,17.0598,9.3729,201.6413,-5.1332,-55.0036,-159.9490,-0.0827,-0.0864,-0.9928,0.9980,800,28.425985,2.1706,0.0937
BiancaGolden_GrandPlies,17.6035,9.3708,201.7400,-4.9766,-54.2426,-160.5146,-0.0899,-0.0870,-0.9921,0.9980,801,28.439831,2.1760,0.0937
BiancaGolden_GrandPlies,18.1973,9.3936,201.7980,-4.8245,-53.5994,-160.9691,-0.0950,-0.0895,-0.9914,0.9980,801,28.453096,2.1820,0.0939
BiancaGolden_GrandPlies,18.8375,9.4618,201.7871,-4.6062,-53.0229,-161.3041,-0.1013,-0.0896,-0.9908,0.9980,802,28.469128,2.1884,0.0946
BiancaGolden_GrandPlies,19.4506,9.5655,201.7803,-4.4090,-52.6841,-161.5642,-0.1062,-0.0878,-0.9905,0.9980,802,28.481705,2.1945,0.0957
BiancaGolden_GrandPlies,20.0481,9.6730,201.7605,-4.1918,-52.4510,-161.9018,-0.1106,-0.0854,-0.9902,0.9980,803,28.497173,2.2005,0.0967
BiancaGolden_GrandPlies,20.6594,9.8081,201.6881,-3.8790,-52.2655,-162.3548,-0.1077,-0.0702,-0.9917,0.9980,803,28.509048,2.2066,0.0981
BiancaGolden_GrandPlies,21.2529,9.9809,201.5905,-3.6201,-52.1343,-162.8230,-0.1111,-0.0688,-0.9914,0.9980,803,28.525383,2.2125,0.0998
BiancaGolden_GrandPlies,21.8396,10.1457,201.4826,-3.3726,-51.9566,-163.2343,-0.1166,-0.0766,-0.9902,0.9980,804,28.537992,2.2184,0.1015
BiancaGolden_GrandPlies,22.4121,10.3486,201.3318,-3.2621,-51.8179,-163.5734,-0.1183,-0.0810,-0.9897,0.9980,804,28.552475,2.2241,0.1035
BiancaGolden_GrandPlies,22.9763,10.5631,201.1553,-3.1750,-51.6677,-163.7363,-0.1171,-0.0842,-0.9895,0.9980,805,28.565815,2.2298,0.1056
BiancaGolden_GrandPlies,23.5422,10.8027,200.9791,-3.1047,-51.5807,-163.7868,-0.1145,-0.0836,-0.9899,0.9980,805,28.581713,2.2354,0.1080
BiancaGolden_GrandPlies,24.0987,11.0748,200.7917,-3.0078,-51.5580,-163.7115,-0.1155,-0.0832,-0.9898,0.9980,806,28.596525,2.2410,0.1107
BiancaGolden_GrandPlies,24.6528,11.3516,200.6139,-2.9113,-51.5010,-163.6181,-0.1119,-0.0827,-0.9903,0.9980,806,28.608130,2.2465,0.1135
BiancaGolden_GrandPlies,25.1838,11.6193,200.4863,-2.9116,-51.5583,-163.4101,-0.1118,-0.0829,-0.9903,0.9980,806,28.623625,2.2518,0.1162
BiancaGolden_GrandPlies,25.7381,11.8513,200.3196,-2.9116,-51.5442,-163.3459,-0.1081,-0.0827,-0.9907,0.9980,807,28.635555,2.2574,0.1185
BiancaGolden_GrandPlies,26.1696,12.0894,200.1065,-2.9932,-51.7572,-163.1740,-0.0940,-0.0799,-0.9924,0.9980,807,28.650032,2.2617,0.1209
BiancaGolden_GrandPlies,26.2574,12.2776,200.1314,-3.0307,-52.2317,-162.9078,-0.0942,-0.0794,-0.9924,0.9980,808,28.664259,2.2626,0.1228
BiancaGolden_GrandPlies,26.1070,12.4507,200.1251,-3.0281,-52.3468,-163.0092,-0.1012,-0.0850,-0.9912,0.9980,808,28.678553,2.2611,0.1245
BiancaGolden_GrandPlies,26.5363,12.8153,199.8735,-2.8185,-51.7745,-163.2187,-0.1036,-0.0925,-0.9903,0.9980,809,28.695120,2.2654,0.1282
BiancaGolden_GrandPlies,27.2722,13.2026,199.4029,-2.4261,-51.4645,-164.0245,-0.1009,-0.0958,-0.9903,0.9980,809,28.707502,2.2727,0.1320
BiancaGolden_GrandPlies,28.0068,13.6250,199.1074,-2.5218,-51.7439,-164.9666,-0.0852,-0.0897,-0.9923,0.9980,809,28.722248,2.2801,0.1363
BiancaGolden_GrandPlies,28.6442,13.8533,199.1902,-2.6494,-53.0785,-166.8128,-0.0650,-0.0876,-0.9940,0.9980,810,28.737118,2.2864,0.1385
BiancaGolden_GrandPlies,29.3346,14.0811,199.3280,-2.5538,-54.3730,-168.5239,-0.0444,-0.0796,-0.9958,0.9980,810,28.749075,2.2933,0.1408
BiancaGolden_GrandPlies,29.8228,14.2619,199.4769,-2.3700,-55.6548,-169.6994,-0.0409,-0.0789,-0.9960,0.9980,811,28.765732,2.2982,0.1426
BiancaGolden_GrandPlies,30.4003,14.4290,199.5491,-1.9877,-56.2919,-170.1698,-0.0378,-0.0817,-0.9959,0.9980,811,28.780443,2.3040,0.1443
BiancaGolden_GrandPlies,30.9051,14.5197,199.6042,-1.7018,-56.4401,-170.1977,-0.0752,-0.1000,-0.9921,0.9980,812,28.799042,2.3091,0.1452
BiancaGolden_GrandPlies,31.4462,14.4997,199.6416,-2.1113,-55.6682,-169.5559,-0.0878,-0.1034,-0.9908,0.9980,812,28.821289,2.3145,0.1450
BiancaGolden_GrandPlies,32.5278,14.6738,199.7480,-2.3613,-55.5809,-169.9490,-0.0936,-0.1055,-0.9900,0.9980,813,28.835556,2.3253,0.1467
BiancaGolden_GrandPlies,33.1014,14.7581,199.8409,-2.5091,-55.2450,-170.0264,-0.1158,-0.1158,-0.9865,0.9980,813,28.848543,2.3310,0.1476
BiancaGolden_GrandPlies,33.7430,14.8292,199.8779,-2.3511,-54.8721,-170.2300,-0.1413,-0.1352,-0.9807,0.9980,814,28.924377,2.3374,0.1483
BiancaGolden_GrandPlies,34.9701,14.8227,199.9449,-2.6588,-54.4358,-170.6892,-0.1746,-0.1345,-0.9754,0.9980,815,28.947176,2.3497,0.1482
BiancaGolden_GrandPlies,38.6171,14.5973,200.0442,-2.8608,-52.9210,-172.6480,-0.1793,-0.1235,-0.9760,0.9980,815,28.974907,2.3862,0.1460
BiancaGolden_GrandPlies,39.3201,14.4774,200.0251,-2.7192,-52.5321,-173.2852,-0.1878,-0.1264,-0.9740,0.9980,816,28.991104,2.3932,0.1448
BiancaGolden_GrandPlies,40.6858,14.2078,200.0285,-2.7334,-51.9992,-174.3895,-0.1858,-0.1264,-0.9744,0.9980,816,29.002542,2.4069,0.1421
BiancaGolden_GrandPlies,40.7250,14.1189,200.0787,-2.8148,-52.1409,-174.5387,-0.1880,-0.1256,-0.9741,0.9980,817,29.016106,2.4072,0.1412
BiancaGolden_GrandPlies,41.4253,13.9093,200.1524,-2.9165,-52.0094,-175.0740,-0.1918,-0.1305,-0.9727,0.9980,817,29.030666,2.4143,0.1391
BiancaGolden_GrandPlies,42.1613,13.6811,200.2269,-2.9778,-51.8383,-175.6078,-0.1953,-0.1283,-0.9723,0.9980,818,29.043941,2.4216,0.1368
BiancaGolden_GrandPlies,42.8807,13.4789,200.2931,-2.9158,-51.6392,-176.1880,-0.1966,-0.1207,-0.9730,0.9980,818,29.057423,2.4288,0.1348
BiancaGolden_GrandPlies,43.4990,13.2736,200.4386,-2.8264,-51.5224,-176.8326,-0.2017,-0.1168,-0.9724,0.9980,819,29.070759,2.4350,0.1327
BiancaGolden_GrandPlies,44.0326,13.0527,200.6560,-2.6916,-51.3465,-177.6114,-0.2073,-0.1118,-0.9719,0.9980,819,29.084282,2.4403,0.1305
BiancaGolden_GrandPlies,44.5975,12.8110,200.8576,-2.3704,-51.0882,-178.4466,-0.2151,-0.1049,-0.9710,0.9980,820,29.099031,2.4460,0.1281
BiancaGolden_GrandPlies,45.2620,12.6728,200.9956,-1.7158,-50.5743,-178.9610,-0.2227,-0.1002,-0.9697,0.9980,820,29.112255,2.4526,0.1267
BiancaGolden_GrandPlies,45.9923,12.4506,201.1041,-1.0525,-50.0364,-179.4013,-0.2264,-0.0914,-0.9697,0.9980,820,29.124332,2.4599,0.1245
BiancaGolden_GrandPlies,46.7107,12.2496,201.2820,-0.5490,-49.7255,-179.3915,-0.2283,-0.0944,-0.9690,0.9980,821,29.138844,2.4671,0.1225
BiancaGolden_GrandPlies,47.3848,12.0682,201.5055,-0.1610,-49.5577,-179.1941,-0.2108,-0.0940,-0.9730,0.9980,821,29.152882,2.4738,0.1207
BiancaGolden_GrandPlies,48.0869,11.9089,201.7440,0.1031,-49.5054,-178.9065,-0.2107,-0.0933,-0.9731,0.9980,822,29.166718,2.4809,0.1191
BiancaGolden_GrandPlies,48.8084,11.7880,201.9744,0.2903,-49.4808,-178.6923,-0.2091,-0.0940,-0.9734,0.9980,822,29.179186,2.4881,0.1179
BiancaGolden_GrandPlies,49.5087,11.6586,202.2386,0.3186,-49.5029,-178.5312,-0.2053,-0.0943,-0.9741,0.9980,823,29.195591,2.4951,0.1166
BiancaGolden_GrandPlies,50.1573,11.5714,202.5349,0.2837,-49.5202,-178.3614,-0.2033,-0.0930,-0.9747,0.9980,823,29.209654,2.5016,0.1157
BiancaGolden_GrandPlies,50.7448,11.4918,202.8470,0.2959,-49.4292,-178.2988,-0.2075,-0.0921,-0.9739,0.9980,823,29.223013,2.5074,0.1149
BiancaGolden_GrandPlies,51.3042,11.4275,203.1533,0.4296,-49.1718,-178.2716,-0.2144,-0.0910,-0.9725,0.9980,824,29.234779,2.5130,0.1143
BiancaGolden_GrandPlies,51.7925,11.3882,203.4437,0.5987,-48.7528,-178.2385,-0.2272,-0.0909,-0.9696,0.9980,824,29.249075,2.5179,0.1139
BiancaGolden_GrandPlies,52.2984,11.3241,203.7450,0.7856,-48.2840,-178.1832,-0.2391,-0.0950,-0.9663,0.9980,825,29.264593,2.5230,0.1132
BiancaGolden_GrandPlies,52.7725,11.2761,204.0193,0.8915,-47.7982,-177.9865,-0.2449,-0.0988,-0.9645,0.9980,825,29.279106,2.5277,0.1128
BiancaGolden_GrandPlies,53.2769,11.2654,204.2571,0.9888,-47.4063,-177.7085,-0.2457,-0.1014,-0.9640,0.9980,826,29.291527,2.5328,0.1127
BiancaGolden_GrandPlies,53.7489,11.3255,204.4608,1.1640,-47.0185,-177.3440,-0.2527,-0.0982,-0.9626,0.9980,826,29.305159,2.5375,0.1133
BiancaGolden_GrandPlies,54.2025,11.3910,204.6459,1.3976,-46.5892,-177.1146,-0.2580,-0.1001,-0.9609,0.9980,827,29.324663,2.5420,0.1139
BiancaGolden_GrandPlies,54.5996,11.4881,204.8284,1.5681,-46.2225,-176.8527,-0.2635,-0.1008,-0.9594,0.9980,827,29.334757,2.5460,0.1149
BiancaGolden_GrandPlies,54.9824,11.5940,204.9941,1.6431,-45.8709,-176.6266,-0.2634,-0.1012,-0.9593,0.9980,827,29.349333,2.5498,0.1159
BiancaGolden_GrandPlies,55.3703,11.7242,205.1444,1.7059,-45.5259,-176.3941,-0.2673,-0.1028,-0.9581,0.9980,828,29.360607,2.5537,0.1172
BiancaGolden_GrandPlies,55.7502,11.9250,205.2411,1.6942,-45.1267,-176.1273,-0.2657,-0.1034,-0.9585,0.9980,828,29.374228,2.5575,0.1193
BiancaGolden_GrandPlies,56.1196,12.1581,205.2847,1.7229,-44.6523,-175.8916,-0.2732,-0.0971,-0.9570,0.9980,828,29.388742,2.5612,0.1216
BiancaGolden_GrandPlies,56.4738,12.4133,205.3192,1.8108,-44.2217,-175.6011,-0.2799,-0.0987,-0.9549,0.9980,829,29.400692,2.5647,0.1241
BiancaGolden_GrandPlies,56.8056,12.6814,205.3013,1.8783,-43.7720,-175.3033,-0.3251,-0.1024,-0.9401,0.9980,829,29.414127,2.5681,0.1268
BiancaGolden_GrandPlies,57.1116,13.0191,205.2775,1.9470,-43.4250,-174.9126,-0.3358,-0.0986,-0.9368,0.9980,830,29.428471,2.5711,0.1302
BiancaGolden_GrandPlies,57.4106,13.3510,205.2779,1.9661,-43.1892,-174.5220,-0.3398,-0.0992,-0.9353,0.9980,830,29.443035,2.5741,0.1335
BiancaGolden_GrandPlies,57.6955,13.7193,205.2691,1.9417,-42.9557,-174.1255,-0.3372,-0.1037,-0.9357,0.9980,830,29.456585,2.5770,0.1372
BiancaGolden_GrandPlies,58.0114,14.1209,205.2296,1.7843,-42.7307,-173.6465,-0.3363,-0.1069,-0.9357,0.9980,831,29.469381,2.5801,0.1412
BiancaGolden_GrandPlies,58.2732,14.5411,205.2220,1.5050,-42.6179,-173.3206,-0.3358,-0.1108,-0.9354,0.9980,831,29.484180,2.5827,0.1454
BiancaGolden_GrandPlies,58.4877,14.9567,205.2941,1.2454,-42.6099,-173.0161,-0.3302,-0.1145,-0.9369,0.9980,832,29.500010,2.5849,0.1496
BiancaGolden_GrandPlies,58.6510,15.3746,205.4224,1.0531,-42.6757,-172.7259,-0.3213,-0.1150,-0.9400,0.9980,832,29.513552,2.5865,0.1537
BiancaGolden_GrandPlies,58.8095,15.7409,205.6033,0.7206,-42.7795,-172.6011,-0.3272,-0.1098,-0.9385,0.9980,833,29.525629,2.5881,0.1574
BiancaGolden_GrandPlies,59.1895,16.1431,205.5374,0.4705,-42.2155,-172.6779,-0.3346,-0.1122,-0.9356,0.9980,833,29.550819,2.5919,0.1614
BiancaGolden_GrandPlies,59.8708,16.9305,205.4604,0.1207,-41.3174,-172.5756,-0.3431,-0.1139,-0.9324,0.9980,834,29.567965,2.5987,0.1693
BiancaGolden_GrandPlies,60.2450,17.3086,205.4943,-0.1137,-40.8662,-172.6977,-0.3475,-0.1148,-0.9306,0.9980,834,29.581779,2.6025,0.1731
BiancaGolden_GrandPlies,60.6061,17.6562,205.5997,-0.3083,-40.6172,-172.9082,-0.3414,-0.1084,-0.9337,0.9980,835,29.595877,2.6061,0.1766
BiancaGolden_GrandPlies,61.1446,17.9804,205.7822,-0.5279,-40.9650,-173.3657,-0.3377,-0.1112,-0.9346,0.9980,835,29.617302,2.6114,0.1798
BiancaGolden_GrandPlies,61.6817,18.3224,205.8685,-0.5802,-41.1637,-173.6018,-0.3430,-0.1109,-0.9328,0.9980,836,29.633270,2.6168,0.1832
BiancaGolden_GrandPlies,62.1994,18.6404,205.9576,-0.6477,-41.2572,-173.8025,-0.3427,-0.1102,-0.9330,0.9980,836,29.644566,2.6220,0.1864
BiancaGolden_GrandPlies,62.7311,18.9005,206.0829,-0.7510,-41.3598,-174.0821,-0.3425,-0.1097,-0.9331,0.9980,837,29.658710,2.6273,0.1890
BiancaGolden_GrandPlies,63.2188,19.1402,206.2431,-0.9189,-41.4084,-174.3907,-0.3446,-0.1087,-0.9324,0.9980,837,29.669649,2.6322,0.1914
BiancaGolden_GrandPlies,63.6816,19.3715,206.4186,-0.9722,-41.3108,-174.6616,-0.3480,-0.1063,-0.9315,0.9980,837,29.683891,2.6368,0.1937
BiancaGolden_GrandPlies,64.1179,19.5950,206.6123,-1.0373,-41.1484,-174.9067,-0.3482,-0.1043,-0.9316,0.9980,838,29.697058,2.6412,0.1960
BiancaGolden_GrandPlies,64.5433,19.7668,206.8190,-1.1488,-40.8903,-175.1706,-0.3510,-0.1045,-0.9305,0.9980,838,29.708956,2.6454,0.1977
BiancaGolden_GrandPlies,64.9818,19.9247,206.9954,-1.3361,-40.5486,-175.4297,-0.3550,-0.1084,-0.9286,0.9980,839,29.724915,2.6498,0.1992
BiancaGolden_GrandPlies,65.4768,20.0946,207.1164,-1.5025,-40.2419,-175.6816,-0.3579,-0.1087,-0.9274,0.9980,839,29.737064,2.6548,0.2009
BiancaGolden_GrandPlies,65.9892,20.2325,207.1750,-1.5459,-40.0951,-176.0235,-0.3673,-0.1049,-0.9242,0.9980,840,29.763798,2.6599,0.2023
BiancaGolden_GrandPlies,66.9720,20.5428,207.3562,-1.7738,-39.8723,-176.6282,-0.3680,-0.1059,-0.9238,0.9980,840,29.774794,2.6697,0.2054
BiancaGolden_GrandPlies,67.4537,20.6584,207.3770,-1.8747,-39.8684,-176.9816,-0.3617,-0.0950,-0.9274,0.9980,840,29.789513,2.6745,0.2066
BiancaGolden_GrandPlies,67.9043,20.7734,207.3849,-1.9614,-39.8837,-177.3423,-0.3628,-0.0945,-0.9271,0.9980,841,29.803032,2.6790,0.2077
BiancaGolden_GrandPlies,68.3586,20.8831,207.3573,-2.0414,-39.8455,-177.7145,-0.3649,-0.0905,-0.9266,0.9980,841,29.820475,2.6836,0.2088
BiancaGolden_GrandPlies,68.8133,20.9615,207.2989,-2.0877,-39.7575,-178.2023,-0.3665,-0.0895,-0.9261,0.9980,842,29.832546,2.6881,0.2096
BiancaGolden_GrandPlies,69.2657,21.0651,207.2530,-2.2839,-39.7096,-178.6206,-0.3709,-0.0879,-0.9245,0.9980,842,29.844933,2.6927,0.2107
BiancaGolden_GrandPlies,69.6989,21.1213,207.1595,-2.3803,-39.5009,-179.2396,-0.3756,-0.0875,-0.9227,0.9980,843,29.861801,2.6970,0.2112
BiancaGolden_GrandPlies,70.1418,21.1540,207.0522,-2.4797,-39.2879,-179.8489,-0.3830,-0.0852,-0.9198,0.9980,843,29.873577,2.7014,0.2115
BiancaGolden_GrandPlies,70.6354,21.1444,206.9033,-2.7551,-39.0752,179.5545,-0.3861,-0.0863,-0.9184,0.9980,843,29.887678,2.7064,0.2114
BiancaGolden_GrandPlies,71.1637,21.1007,206.7513,-3.1031,-39.0623,179.0203,-0.3856,-0.0908,-0.9182,0.9980,844,29.900515,2.7116,0.2110
BiancaGolden_GrandPlies,71.7007,21.0374,206.6077,-3.4534,-39.1819,178.5370,-0.3829,-0.0895,-0.9195,0.9980,844,29.913258,2.7170,0.2104
BiancaGolden_GrandPlies,72.2577,20.9450,206.4859,-3.7560,-39.4365,177.9552,-0.3787,-0.0889,-0.9213,0.9980,845,29.928150,2.7226,0.2094
BiancaGolden_GrandPlies,72.7967,20.8096,206.3496,-4.1549,-39.7834,177.3069,-0.3676,-0.0851,-0.9261,0.9980,845,29.940876,2.7280,0.2081
BiancaGolden_GrandPlies,73.3169,20.6581,206.2600,-4.4425,-40.1838,176.6765,-0.3643,-0.0808,-0.9278,0.9980,845,29.956957,2.7332,0.2066
BiancaGolden_GrandPlies,73.7697,20.4517,206.1937,-4.5719,-40.4582,176.0127,-0.3645,-0.0791,-0.9278,0.9980,846,29.968771,2.7377,0.2045
BiancaGolden_GrandPlies,74.1939,20.2096,206.1612,-4.7044,-40.5649,175.3483,-0.3674,-0.0771,-0.9269,0.9980,846,29.983105,2.7419,0.2021
BiancaGolden_GrandPlies,74.6124,19.9219,206.1147,-4.8947,-40.4506,174.7095,-0.3721,-0.0750,-0.9252,0.9980,847,29.998249,2.7461,0.1992
BiancaGolden_GrandPlies,75.0595,19.6317,206.0725,-5.0570,-40.2184,174.2393,-0.3759,-0.0724,-0.9238,0.9980,847,30.010998,2.7506,0.1963
BiancaGolden_GrandPlies,75.5116,19.3290,206.0485,-5.1302,-40.0231,173.7933,-0.3784,-0.0700,-0.9230,0.9980,848,30.024811,2.7551,0.1933
BiancaGolden_GrandPlies,75.9704,19.0708,206.0678,-5.2682,-39.9149,173.3778,-0.3916,-0.0620,-0.9180,0.9980,848,30.039650,2.7597,0.1907
BiancaGolden_GrandPlies,76.4084,18.8316,206.1515,-5.4190,-39.8480,172.9318,-0.3946,-0.0599,-0.9169,0.9980,848,30.052797,2.7641,0.1883
BiancaGolden_GrandPlies,76.8263,18.6138,206.1920,-5.4790,-39.7048,172.5055,-0.4002,-0.0586,-0.9145,0.9980,849,30.067553,2.7683,0.1861
BiancaGolden_GrandPlies,77.2481,18.4067,206.2174,-5.6150,-39.3812,172.2579,-0.4026,-0.0693,-0.9128,0.9980,849,30.080065,2.7725,0.1841
BiancaGolden_GrandPlies,77.6403,18.2262,206.3387,-5.9755,-39.1872,172.3437,-0.4067,-0.0669,-0.9111,0.9980,850,30.108517,2.7764,0.1823
BiancaGolden_GrandPlies,78.4564,17.8235,206.5030,-6.3876,-38.9858,171.8701,-0.4046,-0.0671,-0.9120,0.9980,850,30.119848,2.7846,0.1782
BiancaGolden_GrandPlies,78.8742,17.6365,206.6487,-6.7253,-38.9605,171.8608,-0.4039,-0.0669,-0.9124,0.9980,851,30.133900,2.7887,0.1764
BiancaGolden_GrandPlies,79.2881,17.4392,206.8096,-6.9166,-39.0584,171.7169,-0.4032,-0.0667,-0.9127,0.9980,851,30.147144,2.7929,0.1744
BiancaGolden_GrandPlies,79.6726,17.3339,206.9992,-6.9104,-39.0940,171.7700,-0.4015,-0.0641,-0.9136,0.9980,852,30.159670,2.7967,0.1733
BiancaGolden_GrandPlies,79.6545,17.3829,207.0333,-6.4708,-39.1251,171.8793,-0.4020,-0.0613,-0.9136,0.9980,852,30.171635,2.7965,0.1738
BiancaGolden_GrandPlies,80.0530,17.2633,207.1564,-6.1014,-39.0347,171.9259,-0.4011,-0.0594,-0.9141,0.9980,852,30.184732,2.8005,0.1726
BiancaGolden_GrandPlies,80.4645,17.1390,207.2614,-5.6851,-38.9987,172.2025,-0.3933,-0.0624,-0.9173,0.9980,853,30.197392,2.8046,0.1714
BiancaGolden_GrandPlies,80.8592,17.0092,207.4152,-5.5700,-39.1320,172.5616,-0.3649,-0.1116,-0.9244,0.9980,853,30.211136,2.8086,0.1701
BiancaGolden_GrandPlies,81.2101,16.9488,207.5549,-5.5778,-39.2804,172.9979,-0.3424,-0.1493,-0.9276,0.9980,854,30.225473,2.8121,0.1695
BiancaGolden_GrandPlies,81.5912,16.9046,207.6551,-5.5570,-39.3311,173.4062,-0.3420,-0.1505,-0.9276,0.9980,854,30.238609,2.8159,0.1690
BiancaGolden_GrandPlies,81.9552,16.8816,207.7111,-5.4771,-39.2756,173.7458,-0.3314,-0.1781,-0.9265,0.9980,854,30.253046,2.8196,0.1688
BiancaGolden_GrandPlies,82.3549,16.8440,207.7222,-6.0370,-39.2004,174.3015,-0.3303,-0.1869,-0.9252,0.9980,855,30.276897,2.8235,0.1684
BiancaGolden_GrandPlies,83.1087,16.8214,207.8319,-6.5120,-39.2073,175.0891,-0.3338,-0.1953,-0.9222,0.9980,855,30.288591,2.8311,0.1682
BiancaGolden_GrandPlies,83.4932,16.8707,207.8438,-6.8729,-39.2526,175.5367,-0.3346,-0.2034,-0.9202,0.9980,856,30.303980,2.8349,0.1687
BiancaGolden_GrandPlies,83.8284,16.9652,207.8366,-7.1818,-39.2783,176.0413,-0.3381,-0.2058,-0.9183,0.9980,856,30.314220,2.8383,0.1697
BiancaGolden_GrandPlies,84.1606,17.0162,207.8102,-7.5238,-39.2342,176.5364,-0.3386,-0.2109,-0.9170,0.9980,857,30.332008,2.8416,0.1702
BiancaGolden_GrandPlies,84.4193,17.1939,207.8044,-7.6350,-39.0582,177.2571,-0.3416,-0.2103,-0.9160,0.9980,857,30.341770,2.8442,0.1719
BiancaGolden_GrandPlies,84.7028,17.2890,207.7605,-7.7325,-38.8297,177.7619,-0.3427,-0.2127,-0.9150,0.9980,857,30.354370,2.8470,0.1729
BiancaGolden_GrandPlies,84.7038,17.3433,207.7224,-7.9552,-38.7387,177.9217,-0.3436,-0.2078,-0.9159,0.9980,858,30.365911,2.8470,0.1734
BiancaGolden_GrandPlies,85.0219,17.5226,207.6383,-8.2346,-38.6183,178.5311,-0.3434,-0.2109,-0.9152,0.9980,858,30.379114,2.8502,0.1752
BiancaGolden_GrandPlies,85.3569,17.7286,207.5501,-8.3844,-38.5554,179.1205,-0.3416,-0.2067,-0.9168,0.9980,859,30.393509,2.8536,0.1773
BiancaGolden_GrandPlies,85.7045,17.9969,207.4557,-8.4855,-38.5074,179.7837,-0.3381,-0.2080,-0.9178,0.9980,859,30.406300,2.8570,0.1800
BiancaGolden_GrandPlies,86.0602,18.2625,207.3423,-8.5670,-38.5072,-179.5887,-0.3340,-0.2147,-0.9178,0.9980,859,30.419285,2.8606,0.1826
BiancaGolden_GrandPlies,86.4588,18.5293,207.2306,-8.8529,-38.6315,-178.8769,-0.3254,-0.2176,-0.9202,0.9980,860,30.432953,2.8646,0.1853
BiancaGolden_GrandPlies,86.8524,18.8974,207.1035,-9.0701,-38.8175,-177.9705,-0.3315,-0.2133,-0.9190,0.9980,860,30.445730,2.8685,0.1890
BiancaGolden_GrandPlies,87.1400,19.3992,207.0425,-9.0794,-38.9969,-177.0175,-0.3266,-0.2224,-0.9186,0.9980,861,30.473682,2.8714,0.1940
BiancaGolden_GrandPlies,87.7733,20.1903,206.8695,-9.3350,-38.9990,-175.5196,-0.3238,-0.2212,-0.9199,0.9980,861,30.485241,2.8777,0.2019
BiancaGolden_GrandPlies,88.0015,20.7993,206.7884,-9.4418,-38.7895,-174.6164,-0.3252,-0.2278,-0.9178,0.9980,862,30.499283,2.8800,0.2080
BiancaGolden_GrandPlies,88.2992,21.3577,206.6753,-9.6034,-38.5796,-173.8194,-0.3253,-0.2309,-0.9170,0.9980,862,30.515074,2.8830,0.2136
BiancaGolden_GrandPlies,88.6053,21.9341,206.5458,-9.8862,-38.3958,-173.0993,-0.3274,-0.2357,-0.9150,0.9980,863,30.525602,2.8861,0.2193
BiancaGolden_GrandPlies,88.9272,22.5821,206.4046,-10.2898,-38.2934,-172.3467,-0.3252,-0.2396,-0.9148,0.9980,863,30.541323,2.8893,0.2258
BiancaGolden_GrandPlies,89.2067,23.2206,206.3092,-10.6898,-38.3561,-171.6606,-0.3263,-0.2437,-0.9133,0.9980,863,30.555353,2.8921,0.2322
BiancaGolden_GrandPlies,89.4237,23.8819,206.2850,-11.3113,-38.5511,-170.9133,-0.3225,-0.2456,-0.9141,0.9980,864,30.565554,2.8942,0.2388
BiancaGolden_GrandPlies,89.6396,24.5241,206.2647,-11.9427,-38.7103,-170.4311,-0.3235,-0.2467,-0.9135,0.9980,864,30.578539,2.8964,0.2452
BiancaGolden_GrandPlies,89.6540,24.5763,206.2319,-12.2013,-38.7147,-170.6478,-0.3249,-0.2517,-0.9117,0.9980,865,30.594067,2.8965,0.2458
BiancaGolden_GrandPlies,89.9345,25.2473,206.0984,-12.6568,-38.6615,-170.3451,-0.3293,-0.2506,-0.9104,0.9980,865,30.604813,2.8993,0.2525
BiancaGolden_GrandPlies,90.2086,25.9058,206.0242,-13.0287,-38.5981,-170.1350,-0.3294,-0.2440,-0.9121,0.9980,865,30.617832,2.9021,0.2591
BiancaGolden_GrandPlies,90.4461,26.5538,206.0002,-13.4779,-38.5846,-169.9507,-0.3275,-0.2432,-0.9130,0.9980,866,30.630884,2.9045,0.2655
BiancaGolden_GrandPlies,90.6602,27.1566,206.0047,-13.9576,-38.5197,-169.7930,-0.3300,-0.2434,-0.9121,0.9980,866,30.644892,2.9066,0.2716
BiancaGolden_GrandPlies,90.8641,27.7402,205.9787,-14.4159,-38.3835,-169.6068,-0.3348,-0.2480,-0.9091,0.9980,867,30.658716,2.9086,0.2774
BiancaGolden_GrandPlies,91.0714,28.2922,205.9126,-14.7612,-38.0085,-169.4974,-0.3464,-0.2516,-0.9037,0.9980,867,30.673172,2.9107,0.2829
BiancaGolden_GrandPlies,91.3106,28.8521,205.8281,-14.9639,-37.5617,-169.3618,-0.3518,-0.2551,-0.9006,0.9980,867,30.687202,2.9131,0.2885
BiancaGolden_GrandPlies,91.5328,29.3770,205.7752,-15.1893,-37.2249,-169.2394,-0.3550,-0.2529,-0.9000,0.9980,868,30.700079,2.9153,0.2938
BiancaGolden_GrandPlies,91.7692,29.8848,205.7393,-15.4926,-37.0119,-169.1498,-0.3524,-0.2564,-0.9001,0.9980,868,30.712107,2.9177,0.2988
BiancaGolden_GrandPlies,92.0441,30.3145,205.6913,-15.8218,-36.9443,-169.1105,-0.3518,-0.2603,-0.8992,0.9980,869,30.726917,2.9204,0.3031
BiancaGolden_GrandPlies,92.3465,30.7376,205.6230,-16.2041,-36.9511,-169.0064,-0.3498,-0.2644,-0.8988,0.9980,869,30.739243,2.9235,0.3074
BiancaGolden_GrandPlies,92.6423,31.1105,205.5561,-16.5431,-37.0165,-168.9327,-0.3449,-0.2670,-0.8999,0.9980,869,30.755835,2.9264,0.3111
BiancaGolden_GrandPlies,92.9071,31.4890,205.5401,-16.8026,-37.0922,-168.8745,-0.3441,-0.2625,-0.9015,0.9980,870,30.767162,2.9291,0.3149
BiancaGolden_GrandPlies,93.1515,31.8112,205.5523,-17.0315,-37.1511,-168.8349,-0.3449,-0.2639,-0.9008,0.9980,870,30.782385,2.9315,0.3181
BiancaGolden_GrandPlies,93.4100,32.1035,205.5608,-17.2533,-37.1311,-168.8994,-0.3478,-0.2651,-0.8993,0.9980,871,30.797728,2.9341,0.3210
BiancaGolden_GrandPlies,93.6783,32.3546,205.5525,-17.4519,-37.0467,-168.9417,-0.3516,-0.2617,-0.8988,0.9980,871,30.809103,2.9368,0.3235
BiancaGolden_GrandPlies,93.9562,32.5467,205.5538,-17.6027,-36.9578,-169.0551,-0.3535,-0.2617,-0.8981,0.9980,872,30.829117,2.9396,0.3255
BiancaGolden_GrandPlies,94.2546,32.7197,205.5579,-17.6624,-36.8739,-169.1848,-0.3554,-0.2611,-0.8975,0.9980,872,30.839941,2.9425,0.3272
BiancaGolden_GrandPlies,94.5697,32.8791,205.5470,-17.6475,-36.7843,-169.2931,-0.3869,-0.2266,-0.8939,0.9980,872,30.851519,2.9457,0.3288
BiancaGolden_GrandPlies,94.8704,33.0205,205.5513,-17.5300,-36.7539,-169.4191,-0.3887,-0.2235,-0.8938,0.9980,873,30.864540,2.9487,0.3302
BiancaGolden_GrandPlies,95.1593,33.1058,205.5620,-17.2824,-36.6706,-169.5494,-0.4255,-0.1727,-0.8884,0.9980,873,30.876799,2.9516,0.3311
BiancaGolden_GrandPlies,95.4405,33.1577,205.5754,-17.1398,-36.5740,-169.5933,-0.4500,-0.1684,-0.8770,0.9980,873,30.890902,2.9544,0.3316
BiancaGolden_GrandPlies,95.6939,33.1681,205.5724,-17.1500,-36.4185,-169.7111,-0.4532,-0.1696,-0.8751,0.9980,874,30.904642,2.9569,0.3317
BiancaGolden_GrandPlies,95.9335,33.1461,205.5812,-17.2425,-36.2488,-169.8712,-0.4572,-0.1687,-0.8732,0.9980,874,30.917931,2.9593,0.3315
BiancaGolden_GrandPlies,96.1709,33.1231,205.5771,-17.3040,-36.0462,-170.0696,-0.4615,-0.1644,-0.8718,0.9980,875,30.934317,2.9617,0.3312
BiancaGolden_GrandPlies,96.4155,33.0617,205.5567,-17.2340,-35.7755,-170.3296,-0.4674,-0.1698,-0.8676,0.9980,875,30.946348,2.9642,0.3306
BiancaGolden_GrandPlies,96.6616,32.9847,205.5183,-17.1113,-35.4896,-170.6537,-0.4715,-0.1758,-0.8642,0.9980,876,30.962070,2.9666,0.3298
BiancaGolden_GrandPlies,96.9453,32.8425,205.4865,-16.9765,-35.2548,-171.0394,-0.4751,-0.1702,-0.8633,0.9980,876,30.976063,2.9695,0.3284
BiancaGolden_GrandPlies,97.2552,32.6264,205.4494,-16.9057,-35.1315,-171.3941,-0.4751,-0.1677,-0.8638,0.9980,876,30.991095,2.9726,0.3263
BiancaGolden_GrandPlies,97.5986,32.3957,205.4264,-16.8872,-35.1809,-171.6596,-0.4739,-0.1655,-0.8649,0.9980,877,31.005068,2.9760,0.3240
BiancaGolden_GrandPlies,97.9362,32.1311,205.4111,-16.9002,-35.3062,-171.9034,-0.4705,-0.1600,-0.8678,0.9980,877,31.018324,2.9794,0.3213
BiancaGolden_GrandPlies,98.2747,31.8237,205.3991,-16.8696,-35.5763,-172.1586,-0.4668,-0.1488,-0.8718,0.9980,878,31.033422,2.9827,0.3182
BiancaGolden_GrandPlies,98.6073,31.4953,205.4012,-16.6156,-35.6691,-172.5153,-0.4678,-0.1416,-0.8724,0.9980,878,31.045708,2.9861,0.3150
BiancaGolden_GrandPlies,98.9348,31.1430,205.3569,-16.1633,-35.6787,-172.9795,-0.4783,-0.1399,-0.8670,0.9980,879,31.061249,2.9893,0.3114
BiancaGolden_GrandPlies,99.3039,30.7139,205.3161,-15.6048,-35.6031,-173.6085,-0.4795,-0.1313,-0.8677,0.9980,879,31.075449,2.9930,0.3071
BiancaGolden_GrandPlies,99.6370,30.2630,205.2942,-15.0889,-35.6089,-174.1770,-0.4813,-0.1270,-0.8673,0.9980,879,31.090508,2.9964,0.3026
BiancaGolden_GrandPlies,99.9836,29.7421,205.3169,-14.7085,-35.5801,-174.7000,-0.4806,-0.1214,-0.8685,0.9980,880,31.103016,2.9998,0.2974
BiancaGolden_GrandPlies,100.3734,29.1042,205.3155,-14.5020,-35.6957,-175.1976,-0.4720,-0.1325,-0.8716,0.9980,880,31.116302,3.0037,0.2910
BiancaGolden_GrandPlies,100.7782,28.4912,205.3048,-14.2979,-35.8112,-175.3800,-0.4685,-0.1326,-0.8735,0.9980,881,31.132130,3.0078,0.2849
BiancaGolden_GrandPlies,101.1797,27.8157,205.3709,-14.0878,-35.9774,-175.3982,-0.4662,-0.1349,-0.8743,0.9980,881,31.144127,3.0118,0.2782
BiancaGolden_GrandPlies,101.5981,27.1963,205.5100,-13.8250,-36.1140,-175.2434,-0.4642,-0.1354,-0.8753,0.9980,882,31.160027,3.0160,0.2720
BiancaGolden_GrandPlies,102.1152,26.5832,205.6587,-13.4080,-36.1631,-174.7854,-0.4694,-0.1338,-0.8728,0.9980,882,31.173759,3.0212,0.2658
BiancaGolden_GrandPlies,102.6871,25.9658,205.6806,-13.0312,-36.0460,-174.5869,-0.4745,-0.1327,-0.8702,0.9980,882,31.188160,3.0269,0.2597
BiancaGolden_GrandPlies,103.2769,25.3877,205.6246,-12.8007,-35.8141,-174.5090,-0.4850,-0.1269,-0.8653,0.9980,883,31.201210,3.0328,0.2539
BiancaGolden_GrandPlies,103.7793,24.8720,205.5728,-12.5635,-35.2942,-174.6589,-0.4962,-0.1232,-0.8594,0.9980,883,31.214163,3.0378,0.2487
BiancaGolden_GrandPlies,104.2389,24.3456,205.5867,-12.3991,-34.7885,-174.9806,-0.5067,-0.1200,-0.8537,0.9980,884,31.229643,3.0424,0.2435
BiancaGolden_GrandPlies,104.6242,23.8545,205.6826,-12.4492,-34.2037,-175.4444,-0.5165,-0.1159,-0.8484,0.9980,884,31.244347,3.0462,0.2385
BiancaGolden_GrandPlies,105.0463,23.3870,205.7879,-12.4817,-33.6237,-176.0006,-0.5231,-0.1208,-0.8437,0.9980,884,31.257420,3.0505,0.2339
BiancaGolden_GrandPlies,105.5154,22.9399,205.8421,-12.3130,-33.2063,-176.2973,-0.5139,-0.1253,-0.8486,0.9980,885,31.272028,3.0552,0.2294
BiancaGolden_GrandPlies,106.0815,22.5275,205.8000,-11.9737,-32.8953,-176.3641,-0.5151,-0.1224,-0.8483,0.9980,885,31.285534,3.0608,0.2253
BiancaGolden_GrandPlies,106.6411,22.0802,205.7532,-11.6490,-32.7697,-176.4400,-0.5116,-0.1186,-0.8510,0.9980,886,31.299864,3.0664,0.2208
BiancaGolden_GrandPlies,107.1466,21.6973,205.7728,-11.4663,-32.8188,-176.4046,-0.5072,-0.1075,-0.8551,0.9980,886,31.311718,3.0715,0.2170
BiancaGolden_GrandPlies,107.6163,21.3695,205.8966,-11.3011,-33.0310,-176.3190,-0.5019,-0.1065,-0.8583,0.9980,887,31.330746,3.0762,0.2137
BiancaGolden_GrandPlies,108.1213,21.1179,206.0551,-11.0169,-33.3244,-176.1258,-0.4925,-0.1058,-0.8638,0.9980,887,31.340269,3.0812,0.2112
BiancaGolden_GrandPlies,108.5474,20.9263,206.1706,-10.6925,-33.8161,-175.7975,-0.4799,-0.1071,-0.8708,0.9980,887,31.353559,3.0855,0.2093
BiancaGolden_GrandPlies,109.0198,20.7589,206.3144,-10.3618,-34.2053,-175.4810,-0.4746,-0.1100,-0.8733,0.9980,888,31.367773,3.0902,0.2076
BiancaGolden_GrandPlies,109.4897,20.6572,206.4005,-10.0379,-34.4934,-175.1647,-0.4698,-0.1100,-0.8759,0.9980,888,31.381807,3.0949,0.2066
BiancaGolden_GrandPlies,109.9406,20.5949,206.5434,-9.7912,-34.7835,-174.8845,-0.4658,-0.1112,-0.8779,0.9980,889,31.395245,3.0994,0.2059
BiancaGolden_GrandPlies,110.3387,20.6116,206.6895,-9.6984,-35.0104,-174.6873,-0.4618,-0.1121,-0.8799,0.9980,889,31.409395,3.1034,0.2061
BiancaGolden_GrandPlies,110.6961,20.6508,206.8627,-9.7604,-35.2597,-174.5953,-0.4679,-0.1113,-0.8767,0.9980,890,31.425613,3.1070,0.2065
BiancaGolden_GrandPlies,110.9930,20.7695,206.9727,-9.7647,-35.3058,-174.6286,-0.4701,-0.1102,-0.8757,0.9980,890,31.438015,3.1099,0.2077
BiancaGolden_GrandPlies,111.2626,20.9212,207.0461,-9.7823,-35.1814,-174.7986,-0.4749,-0.1025,-0.8741,0.9980,890,31.452988,3.1126,0.2092
BiancaGolden_GrandPlies,111.5851,21.0973,207.0455,-9.6998,-34.9743,-175.0437,-0.4776,-0.1003,-0.8728,0.9980,891,31.465895,3.1159,0.2110
BiancaGolden_GrandPlies,111.9519,21.2815,207.0429,-9.5860,-34.9067,-175.1845,-0.4764,-0.1024,-0.8732,0.9980,891,31.481218,3.1195,0.2128
BiancaGolden_GrandPlies,112.3055,21.5145,207.0282,-9.4775,-34.9955,-175.2776,-0.4747,-0.1013,-0.8743,0.9980,892,31.495440,3.1231,0.2151
BiancaGolden_GrandPlies,112.6269,21.7845,206.9901,-9.3954,-35.1073,-175.3397,-0.4749,-0.0989,-0.8745,0.9980,892,31.507019,3.1263,0.2178
BiancaGolden_GrandPlies,112.9159,22.1105,206.9215,-9.2568,-35.2135,-175.4442,-0.4795,-0.0958,-0.8723,0.9980,892,31.523739,3.1292,0.2211
BiancaGolden_GrandPlies,113.1815,22.4737,206.8433,-9.0859,-35.1994,-175.5582,-0.4819,-0.0922,-0.8714,0.9980,893,31.537832,3.1318,0.2247
BiancaGolden_GrandPlies,113.4393,22.8945,206.7073,-8.7362,-35.0262,-175.7582,-0.4944,-0.0929,-0.8643,0.9980,893,31.549152,3.1344,0.2289
BiancaGolden_GrandPlies,113.6996,23.3505,206.5395,-8.3843,-34.8260,-175.9576,-0.4962,-0.0858,-0.8640,0.9980,894,31.564138,3.1370,0.2335
BiancaGolden_GrandPlies,113.9621,23.8771,206.3570,-8.1231,-34.7482,-176.3985,-0.4948,-0.0765,-0.8656,0.9980,894,31.578108,3.1396,0.2388
BiancaGolden_GrandPlies,114.1509,24.4763,206.2117,-7.8765,-34.9201,-177.2468,-0.4879,-0.0475,-0.8716,0.9980,895,31.592922,3.1415,0.2448
BiancaGolden_GrandPlies,114.3027,25.1439,206.1074,-7.4545,-35.2559,-178.2239,-0.4770,0.0272,-0.8785,0.9980,895,31.605583,3.1430,0.2514
BiancaGolden_GrandPlies,114.4738,25.8030,205.9778,-6.8535,-35.6885,-179.5816,-0.4753,0.0840,-0.8758,0.9980,895,31.619949,3.1447,0.2580
BiancaGolden_GrandPlies,114.7756,26.4675,205.7080,-6.4054,-36.0481,179.0796,-0.4625,0.1266,-0.8775,0.9980,896,31.634233,3.1478,0.2647
BiancaGolden_GrandPlies,115.1465,27.1085,205.3852,-5.9225,-36.3806,177.6911,-0.4461,0.1426,-0.8836,0.9980,896,31.647684,3.1515,0.2711
BiancaGolden_GrandPlies,115.5362,27.7188,205.1691,-5.3193,-36.7850,176.0776,-0.4340,0.1584,-0.8869,0.9980,897,31.662840,3.1554,0.2772
BiancaGolden_GrandPlies,115.8793,28.2428,205.1662,-4.5489,-37.3638,174.6992,-0.4281,0.1657,-0.8884,0.9980,897,31.675730,3.1588,0.2824
BiancaGolden_GrandPlies,116.2090,28.6442,205.2056,-3.5360,-37.7018,173.7122,-0.4380,0.1700,-0.8828,0.9980,897,31.690798,3.1621,0.2864
BiancaGolden_GrandPlies,116.5346,28.9135,205.3676,-2.4100,-37.7843,173.3410,-0.4506,0.1714,-0.8761,0.9980,898,31.703499,3.1653,0.2891
BiancaGolden_GrandPlies,116.7741,29.0995,205.6081,-1.4334,-37.3801,173.5625,-0.4734,0.1518,-0.8677,0.9980,898,31.716921,3.1677,0.2910
BiancaGolden_GrandPlies,116.9197,29.2123,205.9390,-1.0060,-36.0920,174.3216,-0.5035,0.1307,-0.8541,0.9980,899,31.732189,3.1692,0.2921
BiancaGolden_GrandPlies,117.0414,29.3490,206.2248,-0.9760,-34.3896,174.7361,-0.5286,0.1314,-0.8386,0.9980,899,31.745522,3.1704,0.2935
BiancaGolden_GrandPlies,117.2734,29.5929,206.4868,-0.8613,-32.7226,175.0006,-0.5574,0.1122,-0.8226,0.9980,900,31.760405,3.1727,0.2959
BiancaGolden_GrandPlies,117.5995,29.8693,206.7499,-0.3372,-31.3206,174.9553,-0.5737,0.1141,-0.8111,0.9980,900,31.773630,3.1760,0.2987
BiancaGolden_GrandPlies,117.9846,30.1401,207.0212,0.2783,-30.2165,174.8222,-0.5824,0.1164,-0.8045,0.9980,900,31.787796,3.1798,0.3014
BiancaGolden_GrandPlies,118.4040,30.3632,207.3269,0.8923,-29.3694,174.3630,-0.5737,0.1255,-0.8094,0.9980,901,31.801571,3.1840,0.3036
BiancaGolden_GrandPlies,118.7961,30.5660,207.6624,1.3380,-28.6093,173.7421,-0.5543,0.1748,-0.8138,0.9980,901,31.818396,3.1880,0.3057
BiancaGolden_GrandPlies,119.2130,30.7463,208.0683,1.6433,-27.9966,172.9004,-0.5619,0.1868,-0.8058,0.9980,902,31.828770,3.1921,0.3075
BiancaGolden_GrandPlies,119.6169,30.9149,208.4469,2.0473,-27.2741,172.1353,-0.5244,0.2751,-0.8058,0.9980,902,31.841162,3.1962,0.3091
BiancaGolden_GrandPlies,120.0413,31.0382,208.8259,2.4704,-26.6976,171.3579,-0.4919,0.3141,-0.8120,0.9980,903,31.857952,3.2004,0.3104
BiancaGolden_GrandPlies,120.4816,31.0987,209.2009,2.8141,-26.2476,170.5016,-0.4513,0.3488,-0.8214,0.9980,903,31.869051,3.2048,0.3110
BiancaGolden_GrandPlies,120.9179,31.1926,209.5733,3.1644,-25.7965,169.6964,-0.4257,0.3994,-0.8119,0.9980,903,31.884556,3.2092,0.3119
BiancaGolden_GrandPlies,121.4013,31.2775,209.9249,3.6404,-25.4132,168.7392,-0.3991,0.4509,-0.7984,0.9980,904,31.899769,3.2140,0.3128
BiancaGolden_GrandPlies,121.9176,31.3458,210.2488,4.1134,-25.0180,167.6203,-0.3939,0.4632,-0.7940,0.9980,904,31.913111,3.2192,0.3135
BiancaGolden_GrandPlies,122.4489,31.3652,210.5596,4.4337,-24.7097,166.4207,-0.3485,0.4948,-0.7961,0.9980,905,31.926489,3.2245,0.3137
BiancaGolden_GrandPlies,122.9747,31.3746,210.8455,4.7960,-24.4354,165.3090,-0.3308,0.5190,-0.7882,0.9980,905,31.941521,3.2297,0.3137
BiancaGolden_GrandPlies,123.4963,31.3703,211.1187,5.2641,-24.1733,164.3464,-0.3199,0.5385,-0.7795,0.9980,905,31.955202,3.2350,0.3137
BiancaGolden_GrandPlies,124.0057,31.3263,211.3833,5.7181,-23.8770,163.3495,-0.3133,0.5489,-0.7750,0.9980,906,31.967390,3.2401,0.3133
BiancaGolden_GrandPlies,124.5279,31.2318,211.6388,6.1480,-23.6713,162.3671,-0.3067,0.5479,-0.7783,0.9980,906,31.983164,3.2453,0.3123
BiancaGolden_GrandPlies,125.0439,31.1174,211.8799,6.5095,-23.3702,161.4285,-0.3040,0.5581,-0.7721,0.9980,907,31.996920,3.2504,0.3112
BiancaGolden_GrandPlies,125.5341,30.9944,212.1246,6.9213,-22.9574,160.6087,-0.3046,0.5611,-0.7697,0.9980,907,32.011166,3.2553,0.3099
BiancaGolden_GrandPlies,125.9906,30.8448,212.3730,7.3759,-22.3982,159.9703,-0.3059,0.5611,-0.7691,0.9980,908,32.027782,3.2599,0.3084
BiancaGolden_GrandPlies,126.4261,30.6325,212.6030,7.6907,-21.7768,159.4156,-0.3259,0.5394,-0.7764,0.9980,908,32.039749,3.2643,0.3063
BiancaGolden_GrandPlies,126.8513,30.3420,212.7918,7.8003,-21.1218,159.0354,-0.3310,0.5374,-0.7756,0.9980,908,32.052574,3.2685,0.3034
BiancaGolden_GrandPlies,127.2851,30.0150,212.9386,7.8564,-20.5587,158.7414,-0.3370,0.5357,-0.7742,0.9980,909,32.066078,3.2729,0.3001
BiancaGolden_GrandPlies,127.7069,29.6334,213.0316,7.8860,-20.0889,158.6839,-0.3430,0.5359,-0.7714,0.9980,909,32.079288,3.2771,0.2963
BiancaGolden_GrandPlies,128.1126,29.2133,213.0995,7.8887,-19.7401,158.8216,-0.3532,0.5287,-0.7718,0.9980,910,32.095165,3.2811,0.2921
BiancaGolden_GrandPlies,128.4345,28.7170,213.1031,7.6360,-19.4463,159.1854,-0.3607,0.5216,-0.7732,0.9980,910,32.106678,3.2843,0.2872
BiancaGolden_GrandPlies,128.7488,28.1685,213.0948,7.1220,-19.2538,159.6650,-0.3753,0.4869,-0.7888,0.9980,910,32.123547,3.2875,0.2817
BiancaGolden_GrandPlies,129.0338,27.5970,213.0065,6.5401,-19.1200,160.1968,-0.3807,0.4775,-0.7918,0.9980,911,32.134533,3.2903,0.2760
BiancaGolden_GrandPlies,129.3212,27.0198,212.8691,5.9729,-19.0794,160.7821,-0.3801,0.4685,-0.7975,0.9980,911,32.147652,3.2932,0.2702
BiancaGolden_GrandPlies,129.5965,26.4040,212.7014,5.3669,-19.3151,161.2988,-0.3807,0.4611,-0.8015,0.9980,912,32.164703,3.2960,0.2640
BiancaGolden_GrandPlies,129.8490,25.8710,212.5126,5.1120,-19.6200,161.8149,-0.3751,0.4457,-0.8128,0.9980,912,32.176361,3.2985,0.2587
BiancaGolden_GrandPlies,130.1107,25.2638,212.2712,4.9496,-19.9492,162.1305,-0.3633,0.4402,-0.8211,0.9980,913,32.191788,3.3011,0.2526
BiancaGolden_GrandPlies,130.3961,24.6978,211.9996,4.9448,-20.6315,162.2553,-0.3545,0.4389,-0.8257,0.9980,913,32.206501,3.3040,0.2470
BiancaGolden_GrandPlies,130.6410,24.1379,211.7814,5.0568,-21.4215,162.2399,-0.3314,0.4573,-0.8253,0.9980,913,32.219913,3.3064,0.2414
BiancaGolden_GrandPlies,130.8623,23.5441,211.6297,5.1473,-22.4104,162.0681,-0.3138,0.4654,-0.8276,0.9980,914,32.233009,3.3086,0.2354
BiancaGolden_GrandPlies,131.0352,22.9366,211.5169,4.9713,-23.1852,161.9382,-0.3054,0.4607,-0.8333,0.9980,914,32.247986,3.3104,0.2294
BiancaGolden_GrandPlies,131.0985,22.2980,211.5166,4.8632,-23.8627,161.9488,-0.3013,0.4647,-0.8326,0.9980,915,32.262932,3.3110,0.2230
BiancaGolden_GrandPlies,131.0951,21.5778,211.5093,4.5191,-24.0330,162.0899,-0.3109,0.4604,-0.8315,0.9980,915,32.274723,3.3110,0.2158
BiancaGolden_GrandPlies,131.1615,20.8776,211.5026,4.1946,-24.0374,162.4415,-0.3216,0.4484,-0.8340,0.9980,915,32.290962,3.3116,0.2088
BiancaGolden_GrandPlies,131.2957,20.1564,211.4109,3.9480,-24.0398,162.9110,-0.3374,0.4401,-0.8322,0.9980,916,32.303940,3.3130,0.2016
BiancaGolden_GrandPlies,131.5445,19.4530,211.2764,3.8439,-24.3809,163.4445,-0.3348,0.4377,-0.8345,0.9980,916,32.321568,3.3154,0.1945
BiancaGolden_GrandPlies,131.8319,18.8126,211.1369,4.1859,-24.8985,164.0950,-0.3315,0.4343,-0.8375,0.9980,917,32.333450,3.3183,0.1881
BiancaGolden_GrandPlies,132.0591,18.1270,211.0254,4.4383,-25.4621,164.6367,-0.3421,0.4360,-0.8324,0.9980,917,32.343388,3.3206,0.1813
BiancaGolden_GrandPlies,132.2906,17.3745,210.9169,4.1981,-26.1278,165.1923,-0.3422,0.4343,-0.8333,0.9980,918,32.359032,3.3229,0.1737
BiancaGolden_GrandPlies,132.4800,16.7272,210.8514,4.0035,-26.6784,166.2010,-0.3439,0.4247,-0.8375,0.9980,918,32.373241,3.3248,0.1673
BiancaGolden_GrandPlies,132.6316,15.9757,210.7726,3.7281,-27.1501,167.0212,-0.3764,0.3742,-0.8475,0.9980,918,32.386505,3.3263,0.1598
BiancaGolden_GrandPlies,132.7907,15.2991,210.7101,3.2498,-27.5527,168.2091,-0.3813,0.3606,-0.8512,0.9980,919,32.400024,3.3279,0.1530
BiancaGolden_GrandPlies,132.9029,14.6700,210.7004,2.8455,-27.8041,169.5595,-0.4398,0.3082,-0.8435,0.9980,919,32.415035,3.3290,0.1467
BiancaGolden_GrandPlies,133.0052,14.0858,210.7238,2.7633,-27.7892,170.9428,-0.4907,0.2065,-0.8465,0.9980,920,32.429081,3.3301,0.1409
BiancaGolden_GrandPlies,133.0823,13.5350,210.7692,2.8586,-27.6030,172.4122,-0.5213,0.0757,-0.8500,0.9980,920,32.442646,3.3308,0.1354
BiancaGolden_GrandPlies,133.1885,12.8768,210.7935,2.6217,-27.1838,173.8075,-0.5528,-0.0502,-0.8318,0.9980,921,32.458199,3.3319,0.1288
BiancaGolden_GrandPlies,133.3511,12.2391,210.8016,2.1097,-27.1218,175.2703,-0.5760,-0.0699,-0.8145,0.9980,921,32.469318,3.3335,0.1224
BiancaGolden_GrandPlies,133.5874,11.6281,210.7505,1.4035,-27.2865,176.8197,-0.5640,-0.1452,-0.8129,0.9980,921,32.485580,3.3359,0.1163
BiancaGolden_GrandPlies,133.8760,11.1147,210.6843,0.7540,-27.8026,178.3873,-0.5532,-0.1613,-0.8173,0.9980,922,32.498520,3.3388,0.1111
BiancaGolden_GrandPlies,134.1499,10.6877,210.6512,0.4459,-28.3325,179.7776,-0.5309,-0.1993,-0.8237,0.9980,922,32.511940,3.3415,0.1069
BiancaGolden_GrandPlies,134.3898,10.3366,210.6801,0.3025,-28.8313,-178.9715,-0.5240,-0.2081,-0.8259,0.9980,923,32.527477,3.3439,0.1034
BiancaGolden_GrandPlies,134.5969,9.9993,210.7105,0.2784,-29.0762,-178.0180,-0.5336,-0.1841,-0.8255,0.9980,923,32.541954,3.3460,0.1000
BiancaGolden_GrandPlies,134.7976,9.6422,210.7379,0.2050,-29.1446,-177.1513,-0.5485,-0.1917,-0.8139,0.9980,923,32.555016,3.3480,0.0964
BiancaGolden_GrandPlies,135.0232,9.3064,210.7426,-0.0552,-29.0932,-176.3120,-0.5514,-0.1899,-0.8124,0.9980,924,32.568260,3.3502,0.0931
BiancaGolden_GrandPlies,135.2851,9.0204,210.7215,-0.4462,-28.9942,-175.5003,-0.5489,-0.1991,-0.8118,0.9980,924,32.582592,3.3529,0.0902
BiancaGolden_GrandPlies,135.5628,8.7909,210.7269,-0.8148,-29.0205,-174.8269,-0.5763,-0.1883,-0.7953,0.9980,925,32.596836,3.3556,0.0879
BiancaGolden_GrandPlies,135.8457,8.6356,210.7101,-0.9632,-29.0329,-174.2759,-0.5877,-0.1786,-0.7891,0.9980,925,32.610077,3.3585,0.0864
BiancaGolden_GrandPlies,136.1145,8.5236,210.7108,-1.0804,-29.0684,-173.8240,-0.5885,-0.1732,-0.7898,0.9980,926,32.625896,3.3611,0.0852
BiancaGolden_GrandPlies,136.3790,8.4335,210.7024,-1.0854,-29.0742,-173.5480,-0.5890,-0.1549,-0.7932,0.9980,926,32.638363,3.3638,0.0843
BiancaGolden_GrandPlies,136.6426,8.3861,210.6792,-1.0538,-29.0368,-173.3652,-0.5893,-0.1553,-0.7928,0.9980,926,32.653461,3.3664,0.0839
BiancaGolden_GrandPlies,136.9283,8.3573,210.6410,-1.0378,-28.9942,-173.1910,-0.5897,-0.1558,-0.7924,0.9980,927,32.666477,3.3693,0.0836
BiancaGolden_GrandPlies,137.2153,8.3370,210.5791,-0.9955,-28.9534,-173.0708,-0.5933,-0.1417,-0.7924,0.9980,927,32.680565,3.3722,0.0834
BiancaGolden_GrandPlies,137.5230,8.3686,210.5012,-0.9232,-28.9018,-172.9522,-0.5949,-0.1325,-0.7928,0.9980,928,32.694908,3.3752,0.0837
BiancaGolden_GrandPlies,137.8206,8.4300,210.4501,-0.8718,-28.9205,-172.7827,-0.6009,-0.1207,-0.7901,0.9980,928,32.708561,3.3782,0.0843
BiancaGolden_GrandPlies,138.1065,8.5069,210.3953,-0.7763,-28.9712,-172.6880,-0.6031,-0.1160,-0.7892,0.9980,928,32.723846,3.3811,0.0851
BiancaGolden_GrandPlies,138.4063,8.6089,210.3374,-0.7282,-28.9932,-172.6149,-0.6039,-0.1050,-0.7901,0.9980,929,32.736008,3.3841,0.0861
BiancaGolden_GrandPlies,138.7178,8.7463,210.2600,-0.6538,-29.0466,-172.5427,-0.6030,-0.1053,-0.7908,0.9980,929,32.749020,3.3872,0.0875
BiancaGolden_GrandPlies,139.0221,8.9329,210.1842,-0.5314,-29.1057,-172.4322,-0.6041,-0.1033,-0.7902,0.9980,930,32.764912,3.3902,0.0893
BiancaGolden_GrandPlies,139.3202,9.1253,210.1157,-0.4347,-29.1676,-172.2979,-0.6036,-0.1024,-0.7907,0.9980,930,32.778969,3.3932,0.0913
BiancaGolden_GrandPlies,139.6189,9.3585,210.0629,-0.3338,-29.2033,-172.1606,-0.6052,-0.1018,-0.7896,0.9980,931,32.792572,3.3962,0.0936
BiancaGolden_GrandPlies,139.9367,9.6151,210.0174,-0.2531,-29.2146,-171.9419,-0.6049,-0.1043,-0.7894,0.9980,931,32.805794,3.3994,0.0962
BiancaGolden_GrandPlies,140.2468,9.8912,209.9733,-0.1976,-29.2010,-171.6766,-0.6058,-0.1032,-0.7889,0.9980,931,32.823036,3.4025,0.0989
BiancaGolden_GrandPlies,140.5901,10.2387,209.9033,-0.1409,-29.1093,-171.3426,-0.6067,-0.1067,-0.7877,0.9980,932,32.834362,3.4059,0.1024
BiancaGolden_GrandPlies,140.9468,10.5905,209.8167,-0.2036,-28.9994,-171.0749,-0.6069,-0.1117,-0.7869,0.9980,932,32.846169,3.4095,0.1059
BiancaGolden_GrandPlies,141.3367,10.9933,209.7229,-0.3764,-28.9224,-170.7447,-0.6063,-0.1159,-0.7868,0.9980,933,32.861782,3.4134,0.1099
BiancaGolden_GrandPlies,141.7337,11.4284,209.6428,-0.5659,-28.9209,-170.4618,-0.6057,-0.1196,-0.7866,0.9980,933,32.875015,3.4173,0.1143
BiancaGolden_GrandPlies,142.1887,11.9374,209.5334,-0.6989,-28.9164,-170.1922,-0.6046,-0.1205,-0.7873,0.9980,933,32.890804,3.4219,0.1194
BiancaGolden_GrandPlies,142.6425,12.4819,209.4384,-0.7681,-28.9807,-169.9379,-0.6048,-0.1187,-0.7875,0.9980,934,32.903244,3.4264,0.1248
BiancaGolden_GrandPlies,143.1622,13.0837,209.3532,-0.9000,-29.1200,-169.6859,-0.6012,-0.1212,-0.7899,0.9980,934,32.915825,3.4316,0.1308
BiancaGolden_GrandPlies,143.6754,13.7219,209.2951,-1.0567,-29.3537,-169.4907,-0.5978,-0.1211,-0.7924,0.9980,935,32.931286,3.4368,0.1372
BiancaGolden_GrandPlies,144.1805,14.3800,209.2469,-1.2082,-29.5934,-169.3918,-0.5968,-0.1229,-0.7929,0.9980,935,32.944443,3.4418,0.1438
BiancaGolden_GrandPlies,144.6511,15.0739,209.1992,-1.3708,-29.6919,-169.3130,-0.5955,-0.1245,-0.7936,0.9980,936,32.959923,3.4465,0.1507
BiancaGolden_GrandPlies,145.1054,15.7985,209.1783,-1.5142,-29.7255,-169.2325,-0.5993,-0.1240,-0.7909,0.9980,936,32.972466,3.4511,0.1580
BiancaGolden_GrandPlies,145.5054,16.5407,209.2066,-1.6018,-29.6619,-169.2067,-0.6077,-0.1267,-0.7840,0.9980,936,32.987381,3.4551,0.1654
BiancaGolden_GrandPlies,145.9447,17.2511,209.2062,-1.8006,-29.5651,-169.2296,-0.6086,-0.1282,-0.7831,0.9980,937,33.000290,3.4594,0.1725
BiancaGolden_GrandPlies,146.4172,17.9538,209.1672,-2.1634,-29.4638,-169.3108,-0.6114,-0.1294,-0.7807,0.9980,937,33.014130,3.4642,0.1795
BiancaGolden_GrandPlies,146.8685,18.6477,209.1707,-2.5563,-29.4737,-169.4297,-0.6130,-0.1268,-0.7799,0.9980,938,33.029007,3.4687,0.1865
BiancaGolden_GrandPlies,147.2900,19.2879,209.1898,-2.9082,-29.4256,-169.6129,-0.6187,-0.1274,-0.7752,0.9980,938,33.043308,3.4729,0.1929
BiancaGolden_GrandPlies,147.6934,19.8754,209.2114,-3.3199,-29.3263,-169.8697,-0.6202,-0.1347,-0.7728,0.9980,938,33.056435,3.4769,0.1988
BiancaGolden_GrandPlies,148.0851,20.4390,209.2446,-3.6667,-29.2162,-170.0376,-0.6217,-0.1358,-0.7714,0.9980,939,33.070595,3.4809,0.2044
BiancaGolden_GrandPlies,148.4693,20.9697,209.2959,-3.9441,-29.0999,-170.1338,-0.6240,-0.1361,-0.7695,0.9980,939,33.083961,3.4847,0.2097
BiancaGolden_GrandPlies,148.8570,21.4414,209.3459,-4.2153,-28.9429,-170.2994,-0.6246,-0.1422,-0.7679,0.9980,940,33.098522,3.4886,0.2144
BiancaGolden_GrandPlies,149.2668,21.9102,209.3779,-4.4275,-28.8397,-170.4051,-0.6243,-0.1451,-0.7676,0.9980,940,33.113216,3.4927,0.2191
BiancaGolden_GrandPlies,149.7040,22.3375,209.4044,-4.5859,-28.8038,-170.5485,-0.6249,-0.1458,-0.7670,0.9980,941,33.126724,3.4970,0.2234
BiancaGolden_GrandPlies,150.1444,22.7387,209.4636,-4.7191,-28.9189,-170.7029,-0.6218,-0.1442,-0.7698,0.9980,941,33.139870,3.5014,0.2274
BiancaGolden_GrandPlies,150.5678,23.0741,209.5469,-4.8367,-29.1253,-170.8958,-0.6195,-0.1493,-0.7706,0.9980,941,33.153248,3.5057,0.2307
BiancaGolden_GrandPlies,150.9777,23.3743,209.6428,-5.0462,-29.3370,-171.0821,-0.6182,-0.1486,-0.7718,0.9980,942,33.167313,3.5098,0.2337
BiancaGolden_GrandPlies,151.3827,23.6364,209.7239,-5.2230,-29.4560,-171.2315,-0.6179,-0.1513,-0.7716,0.9980,942,33.181561,3.5138,0.2364
BiancaGolden_GrandPlies,151.7844,23.8363,209.8233,-5.4422,-29.5399,-171.3337,-0.6208,-0.1538,-0.7687,0.9980,943,33.195965,3.5178,0.2384
BiancaGolden_GrandPlies,152.1818,23.9991,209.9370,-5.6833,-29.5726,-171.3639,-0.6209,-0.1559,-0.7682,0.9980,943,33.209015,3.5218,0.2400
BiancaGolden_GrandPlies,152.5485,24.1102,210.0577,-5.8570,-29.5536,-171.3772,-0.6220,-0.1616,-0.7662,0.9980,944,33.225052,3.5255,0.2411
BiancaGolden_GrandPlies,152.9052,24.2130,210.1695,-6.0277,-29.4413,-171.3509,-0.6259,-0.1634,-0.7626,0.9980,944,33.237514,3.5291,0.2421
BiancaGolden_GrandPlies,153.2210,24.3073,210.2695,-6.0848,-29.2617,-171.3458,-0.6295,-0.1636,-0.7596,0.9980,944,33.251194,3.5322,0.2431
BiancaGolden_GrandPlies,153.5407,24.3535,210.3502,-6.1712,-29.0078,-171.4260,-0.6360,-0.1719,-0.7523,0.9980,945,33.265198,3.5354,0.2435
BiancaGolden_GrandPlies,153.8552,24.3672,210.4089,-6.2879,-28.7329,-171.5823,-0.6387,-0.1730,-0.7497,0.9980,945,33.278801,3.5386,0.2437
BiancaGolden_GrandPlies,154.2007,24.3593,210.4602,-6.4372,-28.5434,-171.7495,-0.6406,-0.1719,-0.7484,0.9980,946,33.293488,3.5420,0.2436
BiancaGolden_GrandPlies,154.5451,24.3368,210.4833,-6.4946,-28.4141,-171.9130,-0.6408,-0.1716,-0.7483,0.9980,946,33.307343,3.5455,0.2434
BiancaGolden_GrandPlies,154.9157,24.2705,210.4745,-6.5157,-28.3567,-172.0764,-0.6392,-0.1698,-0.7501,0.9980,947,33.324635,3.5492,0.2427
BiancaGolden_GrandPlies,155.2765,24.1786,210.4544,-6.4954,-28.3280,-172.2778,-0.6396,-0.1674,-0.7503,0.9980,947,33.334164,3.5528,0.2418
BiancaGolden_GrandPlies,155.6304,24.0823,210.4484,-6.4781,-28.3384,-172.4826,-0.6366,-0.1655,-0.7532,0.9980,947,33.349319,3.5563,0.2408
BiancaGolden_GrandPlies,155.9505,23.9539,210.4471,-6.3952,-28.3429,-172.7142,-0.6394,-0.1619,-0.7516,0.9980,948,33.363014,3.5595,0.2395
BiancaGolden_GrandPlies,156.2644,23.8043,210.4372,-6.2987,-28.2886,-172.9883,-0.6422,-0.1533,-0.7510,0.9980,948,33.376148,3.5626,0.2380
BiancaGolden_GrandPlies,156.5770,23.6209,210.3839,-6.1244,-28.1710,-173.2991,-0.6448,-0.1489,-0.7497,0.9980,949,33.391590,3.5658,0.2362
BiancaGolden_GrandPlies,156.9136,23.4291,210.2910,-5.9239,-28.0467,-173.5890,-0.6472,-0.1474,-0.7479,0.9980,949,33.404251,3.5691,0.2343
BiancaGolden_GrandPlies,157.2259,23.2001,210.1795,-5.7852,-27.9344,-173.9326,-0.6501,-0.1418,-0.7465,0.9980,949,33.419079,3.5723,0.2320
BiancaGolden_GrandPlies,157.5506,22.9441,210.0200,-5.6780,-27.7999,-174.3860,-0.6506,-0.1402,-0.7463,0.9980,950,33.432682,3.5755,0.2294
BiancaGolden_GrandPlies,157.8709,22.6774,209.8386,-5.6449,-27.6984,-174.8204,-0.6500,-0.1370,-0.7475,0.9980,950,33.446457,3.5787,0.2268
BiancaGolden_GrandPlies,158.1898,22.3837,209.6696,-5.6617,-27.7608,-175.3160,-0.6435,-0.1325,-0.7539,0.9980,951,33.461002,3.5819,0.2238
BiancaGolden_GrandPlies,158.5032,22.0537,209.5217,-5.7711,-28.0194,-175.8241,-0.6459,-0.1264,-0.7528,0.9980,951,33.475872,3.5850,0.2205
BiancaGolden_GrandPlies,158.7902,21.7231,209.3378,-5.7506,-28.2451,-176.3038,-0.8071,-0.0808,-0.5848,0.9980,951,33.489185,3.5879,0.2172
BiancaGolden_GrandPlies,159.1293,21.3924,209.1785,-5.8225,-28.7052,-176.7099,-0.8040,-0.0748,-0.5899,0.9980,952,33.501492,3.5913,0.2139
BiancaGolden_GrandPlies,159.3741,21.1086,208.9512,-5.8614,-29.0663,-177.1257,-0.8059,-0.0668,-0.5883,0.9980,952,33.516258,3.5937,0.2111
BiancaGolden_GrandPlies,159.5989,20.8469,208.8099,-5.7864,-29.4830,-177.6257,-0.7982,-0.0586,-0.5996,0.9980,953,33.530716,3.5960,0.2085
BiancaGolden_GrandPlies,159.8112,20.5971,208.6765,-5.6013,-29.7479,-178.2253,-0.7898,-0.0534,-0.6111,0.9980,953,33.545033,3.5981,0.2060
BiancaGolden_GrandPlies,160.0511,20.3959,208.4628,-5.2512,-29.6522,-178.8155,-0.7883,-0.0263,-0.6148,0.9980,954,33.558155,3.6005,0.2040
BiancaGolden_GrandPlies,160.3786,20.1850,208.3281,-4.9608,-29.6964,-179.3508,-0.7894,-0.0207,-0.6135,0.9980,954,33.572174,3.6038,0.2019
BiancaGolden_GrandPlies,160.6058,19.9744,208.2136,-4.7653,-29.6002,-179.7262,-0.7835,0.0027,-0.6213,0.9980,954,33.585594,3.6061,0.1997
BiancaGolden_GrandPlies,160.8391,19.7538,208.2378,-4.4951,-29.5162,179.9400,-0.7829,0.0038,-0.6222,0.9980,955,33.599613,3.6084,0.1975
BiancaGolden_GrandPlies,161.0925,19.6007,208.3101,-4.2195,-29.5795,179.9157,-0.7810,-0.0115,-0.6245,0.9980,955,33.613201,3.6109,0.1960
BiancaGolden_GrandPlies,161.4292,19.4306,208.2987,-3.9167,-29.6093,179.9610,-0.7816,-0.0331,-0.6229,0.9980,956,33.628345,3.6143,0.1943
BiancaGolden_GrandPlies,161.8293,19.2657,208.2930,-3.7405,-29.7863,-179.9046,-0.8065,-0.0607,-0.5880,0.9980,956,33.642754,3.6183,0.1927
BiancaGolden_GrandPlies,162.2186,19.1371,208.3085,-3.5877,-29.9766,-179.7013,-0.8026,-0.0646,-0.5931,0.9980,956,33.656765,3.6222,0.1914
BiancaGolden_GrandPlies,162.5978,19.0098,208.3844,-3.5824,-30.3058,-179.4702,-0.7996,-0.0682,-0.5966,0.9980,957,33.669159,3.6260,0.1901
BiancaGolden_GrandPlies,162.9324,18.9401,208.5382,-3.6222,-30.5900,-179.1718,-0.7273,-0.0779,-0.6819,0.9980,957,33.683220,3.6293,0.1894
BiancaGolden_GrandPlies,163.2247,18.9029,208.7201,-3.5115,-30.6854,-178.8705,-0.6500,-0.1378,-0.7474,0.9980,958,33.697872,3.6322,0.1890
BiancaGolden_GrandPlies,163.5031,18.8534,208.9355,-3.4729,-30.5662,-178.6612,-0.6517,-0.1413,-0.7452,0.9980,958,33.712337,3.6350,0.1885
BiancaGolden_GrandPlies,163.7934,18.8337,209.1428,-3.5917,-30.3964,-178.4127,-0.6780,-0.1239,-0.7245,0.9980,959,33.726597,3.6379,0.1883
BiancaGolden_GrandPlies,164.0930,18.8272,209.3336,-3.6727,-30.2124,-178.1133,-0.6861,-0.1243,-0.7168,0.9980,959,33.739052,3.6409,0.1883
BiancaGolden_GrandPlies,164.4014,18.8461,209.4940,-3.6974,-29.9667,-177.7264,-0.6883,-0.1301,-0.7137,0.9980,959,33.752853,3.6440,0.1885
BiancaGolden_GrandPlies,164.7077,18.8570,209.6193,-3.7561,-29.7107,-177.2733,-0.7074,-0.1337,-0.6940,0.9980,960,33.766300,3.6471,0.1886
BiancaGolden_GrandPlies,165.0134,18.8826,209.7312,-3.8332,-29.5199,-176.7611,-0.7090,-0.1331,-0.6925,0.9980,960,33.781258,3.6501,0.1888
BiancaGolden_GrandPlies,165.2869,18.8991,209.8392,-3.8353,-29.3294,-176.1813,-0.7132,-0.1439,-0.6860,0.9980,961,33.795910,3.6529,0.1890
BiancaGolden_GrandPlies,165.5495,18.9076,209.9126,-3.7679,-29.0982,-175.2962,-0.7156,-0.1613,-0.6797,0.9980,961,33.808418,3.6555,0.1891
BiancaGolden_GrandPlies,165.8055,18.8544,209.9435,-3.7374,-28.7350,-173.9717,-0.7148,-0.1869,-0.6739,0.9980,962,33.826477,3.6581,0.1885
BiancaGolden_GrandPlies,166.0329,18.7122,209.9340,-4.0995,-28.3320,-172.2055,-0.7128,-0.2159,-0.6673,0.9980,962,33.836891,3.6603,0.1871
BiancaGolden_GrandPlies,166.2664,18.5597,209.9111,-4.8594,-27.9002,-170.2040,-0.7046,-0.2822,-0.6511,0.9980,962,33.851967,3.6627,0.1856
BiancaGolden_GrandPlies,166.5330,18.4091,209.8527,-5.6699,-27.5725,-168.0630,-0.6592,-0.4064,-0.6328,0.9980,963,33.865147,3.6653,0.1841
BiancaGolden_GrandPlies,166.8422,18.2734,209.7668,-6.3060,-27.3093,-165.6244,-0.6085,-0.5049,-0.6122,0.9980,963,33.877220,3.6684,0.1827
BiancaGolden_GrandPlies,167.1867,18.1031,209.6398,-6.7795,-27.1517,-162.7947,-0.5461,-0.5931,-0.5915,0.9980,964,33.892395,3.6719,0.1810
BiancaGolden_GrandPlies,167.5589,17.9029,209.4861,-7.4354,-27.0916,-159.6911,-0.4856,-0.6634,-0.5693,0.9980,964,33.906105,3.6756,0.1790
BiancaGolden_GrandPlies,167.8625,17.6984,209.3873,-8.5312,-27.0607,-156.7493,-0.4378,-0.7149,-0.5452,0.9980,964,33.920902,3.6786,0.1770
BiancaGolden_GrandPlies,168.1247,17.5209,209.4077,-10.0421,-27.0245,-153.9504,-0.4104,-0.7381,-0.5355,0.9980,965,33.933949,3.6812,0.1752
BiancaGolden_GrandPlies,168.3830,17.3798,209.3766,-11.2953,-26.7112,-151.5890,-0.3881,-0.7596,-0.5219,0.9980,965,33.947441,3.6838,0.1738
BiancaGolden_GrandPlies,168.7117,17.3229,209.2111,-12.2974,-26.1907,-149.4226,-0.3906,-0.7598,-0.5197,0.9980,966,33.962460,3.6871,0.1732
BiancaGolden_GrandPlies,169.0531,17.2377,208.9895,-13.0851,-25.6380,-147.5925,-0.4360,-0.7241,-0.5344,0.9980,966,33.976471,3.6905,0.1724
BiancaGolden_GrandPlies,169.4458,17.1716,208.8402,-13.7752,-25.2269,-146.1907,-0.4222,-0.7369,-0.5279,0.9980,966,33.990715,3.6945,0.1717
BiancaGolden_GrandPlies,169.8415,17.1322,208.7475,-14.3323,-24.9908,-145.0187,-0.4093,-0.7467,-0.5244,0.9980,967,34.002544,3.6984,0.1713
BiancaGolden_GrandPlies,170.2316,17.0760,208.7130,-14.8561,-24.9486,-143.9767,-0.4279,-0.7259,-0.5385,0.9980,967,34.017139,3.7023,0.1708
BiancaGolden_GrandPlies,170.5926,17.0180,208.7524,-15.2147,-24.9704,-143.1008,-0.4692,-0.6801,-0.5633,0.9980,968,34.032024,3.7059,0.1702
BiancaGolden_GrandPlies,170.9650,16.9073,208.8379,-15.5841,-24.9927,-142.3268,-0.4668,-0.6787,-0.5670,0.9980,968,34.045452,3.7097,0.1691
BiancaGolden_GrandPlies,171.3598,16.7456,208.9083,-15.8984,-24.8624,-141.6357,-0.4607,-0.6869,-0.5621,0.9980,969,34.059834,3.7136,0.1675
BiancaGolden_GrandPlies,171.7407,16.5811,208.9708,-16.1975,-24.5885,-140.9654,-0.4522,-0.6925,-0.5621,0.9980,969,34.072010,3.7174,0.1658
BiancaGolden_GrandPlies,172.1113,16.3924,209.0596,-16.4773,-24.2021,-140.4880,-0.4524,-0.6970,-0.5563,0.9980,969,34.086842,3.7211,0.1639
BiancaGolden_GrandPlies,172.4470,16.2110,209.1878,-16.6051,-23.8159,-140.2761,-0.4085,-0.7424,-0.5311,0.9980,970,34.100426,3.7245,0.1621
BiancaGolden_GrandPlies,172.7802,16.0160,209.3740,-16.6997,-23.5902,-140.0881,-0.3984,-0.7402,-0.5416,0.9980,970,34.114700,3.7278,0.1602
BiancaGolden_GrandPlies,173.1777,15.8233,209.4950,-16.6518,-23.3700,-140.0129,-0.4074,-0.7295,-0.5494,0.9980,971,34.128998,3.7318,0.1582
BiancaGolden_GrandPlies,173.6046,15.5897,209.6258,-16.5999,-23.3496,-139.9315,-0.4183,-0.7162,-0.5586,0.9980,971,34.143681,3.7360,0.1559
BiancaGolden_GrandPlies,174.0172,15.3428,209.7786,-16.6189,-23.4527,-139.8028,-0.4302,-0.7031,-0.5662,0.9980,971,34.157570,3.7402,0.1534
BiancaGolden_GrandPlies,174.4123,15.0711,209.9582,-16.6528,-23.5757,-139.6720,-0.4307,-0.6997,-0.5700,0.9980,972,34.170868,3.7441,0.1507
BiancaGolden_GrandPlies,174.7868,14.7888,210.1393,-16.6549,-23.6963,-139.5834,-0.4340,-0.6911,-0.5780,0.9980,972,34.184734,3.7479,0.1479
BiancaGolden_GrandPlies,175.1467,14.5117,210.3080,-16.5878,-23.7725,-139.4670,-0.4337,-0.6901,-0.5794,0.9980,973,34.199516,3.7515,0.1451
BiancaGolden_GrandPlies,175.4768,14.2187,210.4508,-16.3489,-23.8110,-139.4474,-0.4418,-0.6800,-0.5851,0.9980,973,34.212482,3.7548,0.1422
BiancaGolden_GrandPlies,175.8095,13.9116,210.5462,-16.0475,-23.7253,-139.4819,-0.4455,-0.6782,-0.5844,0.9980,974,34.228004,3.7581,0.1391
BiancaGolden_GrandPlies,176.1146,13.5924,210.5873,-15.7574,-23.5528,-139.5568,-0.4507,-0.6754,-0.5838,0.9980,974,34.239143,3.7611,0.1359
BiancaGolden_GrandPlies,176.4140,13.2811,210.6146,-15.6298,-23.3573,-139.6106,-0.4551,-0.6746,-0.5812,0.9980,974,34.256252,3.7641,0.1328
BiancaGolden_GrandPlies,176.6840,12.9498,210.6044,-15.5956,-23.1580,-139.8546,-0.4612,-0.6691,-0.5827,0.9980,975,34.267765,3.7668,0.1295
BiancaGolden_GrandPlies,176.9658,12.6315,210.5291,-15.6740,-23.0434,-140.1516,-0.4684,-0.6664,-0.5802,0.9980,975,34.281960,3.7697,0.1263
BiancaGolden_GrandPlies,177.2460,12.3445,210.4264,-15.7686,-23.0291,-140.4801,-0.4911,-0.6593,-0.5693,0.9980,976,34.297668,3.7725,0.1234
BiancaGolden_GrandPlies,177.4917,12.0746,210.3125,-15.9418,-23.1275,-140.9745,-0.5000,-0.6511,-0.5710,0.9980,976,34.309460,3.7749,0.1207
BiancaGolden_GrandPlies,177.6194,11.8240,210.2347,-16.1641,-23.2989,-141.8887,-0.5716,-0.5593,-0.6003,0.9980,977,34.328793,3.7762,0.1182
BiancaGolden_GrandPlies,177.7002,11.5917,210.1790,-16.3873,-23.4340,-143.1974,-0.5825,-0.5453,-0.6027,0.9980,977,34.338108,3.7770,0.1159
BiancaGolden_GrandPlies,177.8166,11.3840,210.0812,-16.5089,-23.6244,-144.5159,-0.6604,-0.4324,-0.6139,0.9980,977,34.353222,3.7782,0.1138
BiancaGolden_GrandPlies,177.9009,11.2658,209.9195,-16.4988,-23.8987,-146.1392,-0.7049,-0.3122,-0.6369,0.9980,978,34.364273,3.7790,0.1127
BiancaGolden_GrandPlies,177.9927,11.1753,209.7322,-16.2758,-24.2910,-148.0971,-0.7436,-0.1942,-0.6398,0.9980,978,34.378300,3.7799,0.1118
BiancaGolden_GrandPlies,177.9958,11.0788,209.6081,-15.8201,-24.6730,-150.0003,-0.7645,-0.0847,-0.6391,0.9980,979,34.394505,3.7800,0.1108
BiancaGolden_GrandPlies,177.9120,10.9810,209.6201,-15.2398,-24.9038,-152.0626,-0.7690,-0.0536,-0.6370,0.9980,979,34.405220,3.7791,0.1098
BiancaGolden_GrandPlies,177.8759,10.8879,209.5785,-14.7782,-24.9029,-154.2695,-0.7776,-0.0238,-0.6282,0.9980,979,34.421452,3.7788,0.1089
BiancaGolden_GrandPlies,177.9883,10.8499,209.3680,-14.3444,-24.8424,-156.3897,-0.7832,-0.0185,-0.6215,0.9980,980,34.434513,3.7799,0.1085
BiancaGolden_GrandPlies,178.1641,10.8510,209.0457,-13.7368,-24.7615,-158.4989,-0.7916,-0.0155,-0.6108,0.9980,980,34.448494,3.7816,0.1085
BiancaGolden_GrandPlies,178.3402,10.9216,208.8428,-13.0384,-25.0414,-160.4497,-0.7883,0.0157,-0.6151,0.9980,981,34.463062,3.7834,0.1092
BiancaGolden_GrandPlies,178.4696,11.0485,208.7925,-12.1571,-25.6321,-162.3584,-0.7806,-0.0148,-0.6248,0.9980,981,34.476398,3.7847,0.1105
BiancaGolden_GrandPlies,178.6119,11.1806,208.7732,-11.3254,-26.3069,-164.3449,-0.7732,0.0173,-0.6340,0.9980,982,34.492752,3.7861,0.1118
BiancaGolden_GrandPlies,178.7755,11.3509,208.7959,-10.5944,-27.1750,-166.3504,-0.7662,0.0494,-0.6407,0.9980,982,34.502888,3.7878,0.1135
BiancaGolden_GrandPlies,178.9543,11.5468,208.7538,-9.6923,-27.9086,-168.3819,-0.7629,0.0447,-0.6450,0.9980,982,34.518486,3.7895,0.1155
BiancaGolden_GrandPlies,179.1257,11.7618,208.7428,-8.7466,-28.5392,-170.5810,-0.7610,0.0137,-0.6486,0.9980,983,34.532227,3.7913,0.1176
BiancaGolden_GrandPlies,179.2655,12.0428,208.7458,-7.5595,-28.9759,-172.8539,-0.7581,0.0479,-0.6504,0.9980,983,34.545055,3.7927,0.1204
BiancaGolden_GrandPlies,179.4115,12.3100,208.7883,-6.2241,-29.2895,-175.0816,-0.7619,0.0748,-0.6434,0.9980,984,34.560875,3.7941,0.1231
BiancaGolden_GrandPlies,179.5485,12.5642,208.8885,-5.1508,-29.5283,-177.1411,-0.7556,0.1467,-0.6384,0.9980,984,34.573910,3.7955,0.1256
BiancaGolden_GrandPlies,179.6823,12.7877,209.0004,-4.2472,-29.7506,-179.1174,-0.7506,0.1720,-0.6380,0.9980,984,34.588577,3.7968,0.1279
BiancaGolden_GrandPlies,179.8413,13.0370,209.0673,-3.4049,-29.8802,179.1538,-0.7453,0.1945,-0.6378,0.9980,985,34.600262,3.7984,0.1304
BiancaGolden_GrandPlies,180.0121,13.2769,209.1160,-2.6228,-30.0052,177.6125,-0.7573,0.1786,-0.6282,0.9980,985,34.614681,3.8001,0.1328
BiancaGolden_GrandPlies,180.1688,13.5155,209.1338,-1.9616,-30.0743,176.1519,-0.7535,0.1962,-0.6275,0.9980,986,34.630287,3.8017,0.1352
BiancaGolden_GrandPlies,180.3163,13.8092,209.1584,-1.3092,-30.1294,174.9489,-0.7719,0.1406,-0.6200,0.9980,986,34.644100,3.8032,0.1381
BiancaGolden_GrandPlies,180.4193,14.0691,209.1759,-0.6307,-30.0927,173.8239,-0.7707,0.1546,-0.6182,0.9980,987,34.658722,3.8042,0.1407
BiancaGolden_GrandPlies,180.5230,14.3078,209.1623,-0.0406,-29.9931,172.8999,-0.7774,0.1430,-0.6126,0.9980,987,34.672470,3.8052,0.1431
BiancaGolden_GrandPlies,180.6266,14.5589,209.1236,0.4482,-29.8625,172.1309,-0.7844,0.1126,-0.6099,0.9980,987,34.685898,3.8063,0.1456
BiancaGolden_GrandPlies,180.7330,14.8075,209.0683,0.8307,-29.6472,171.5750,-0.7848,0.1195,-0.6081,0.9980,988,34.699486,3.8073,0.1481
BiancaGolden_GrandPlies,180.8258,15.0388,209.0329,1.0714,-29.5127,171.1319,-0.7921,0.0695,-0.6064,0.9980,988,34.713913,3.8083,0.1504
BiancaGolden_GrandPlies,180.9024,15.2703,209.0214,1.1536,-29.3977,170.8022,-0.7890,0.0450,-0.6128,0.9980,989,34.728802,3.8090,0.1527
BiancaGolden_GrandPlies,180.9638,15.4940,209.0065,1.1593,-29.2905,170.6510,-0.7902,0.0477,-0.6110,0.9980,989,34.741787,3.8096,0.1549
BiancaGolden_GrandPlies,181.0414,15.6927,208.9594,1.1035,-29.1691,170.4563,-0.7925,0.0483,-0.6080,0.9980,989,34.755764,3.8104,0.1569
BiancaGolden_GrandPlies,181.2016,15.9194,208.8036,1.1053,-28.9462,170.4465,-0.7965,0.0181,-0.6044,0.9980,990,34.769962,3.8120,0.1592
BiancaGolden_GrandPlies,181.3691,16.1661,208.6484,1.2428,-28.8338,170.4629,-0.7965,0.0024,-0.6046,0.9980,990,34.782879,3.8137,0.1617
BiancaGolden_GrandPlies,181.5232,16.3909,208.5892,1.3295,-28.8943,170.6510,-0.7917,-0.0064,-0.6109,0.9980,991,34.798061,3.8152,0.1639
BiancaGolden_GrandPlies,181.6163,16.5895,208.6455,1.4094,-29.1234,170.8319,-0.7894,-0.0256,-0.6133,0.9980,991,34.812889,3.8162,0.1659
BiancaGolden_GrandPlies,181.6564,16.7904,208.7750,1.3336,-29.4093,171.2295,-0.7880,-0.0314,-0.6148,0.9980,992,34.829899,3.8166,0.1679
BiancaGolden_GrandPlies,181.7583,16.9899,208.8552,1.1683,-29.5481,171.6039,-0.7889,-0.0417,-0.6131,0.9980,992,34.840633,3.8176,0.1699
BiancaGolden_GrandPlies,181.9400,17.1795,208.8097,0.9498,-29.5102,171.9768,-0.7922,-0.0460,-0.6086,0.9980,992,34.854950,3.8194,0.1718
BiancaGolden_GrandPlies,182.1444,17.3309,208.7352,0.6120,-29.4215,172.2489,-0.7959,-0.0475,-0.6036,0.9980,993,34.865326,3.8214,0.1733
BiancaGolden_GrandPlies,182.3551,17.4576,208.6326,0.1366,-29.1954,172.3966,-0.7971,-0.0495,-0.6019,0.9980,993,34.879898,3.8236,0.1746
BiancaGolden_GrandPlies,182.5789,17.5613,208.5500,-0.4263,-28.8683,172.4416,-0.7998,-0.0504,-0.5982,0.9980,994,34.895168,3.8258,0.1756
BiancaGolden_GrandPlies,182.7726,17.6659,208.5397,-0.8860,-28.6358,172.4418,-0.8002,-0.0469,-0.5979,0.9980,994,34.907364,3.8277,0.1767
BiancaGolden_GrandPlies,182.9806,17.7618,208.5528,-1.0725,-28.4691,172.5485,-0.8004,-0.0493,-0.5974,0.9980,994,34.921738,3.8298,0.1776
BiancaGolden_GrandPlies,183.2240,17.8351,208.5804,-1.0795,-28.4289,172.7212,-0.7995,-0.0534,-0.5983,0.9980,995,34.935734,3.8322,0.1784
BiancaGolden_GrandPlies,183.4855,17.8773,208.6165,-0.9503,-28.5019,172.9574,-0.7973,-0.0541,-0.6011,0.9980,995,34.950752,3.8349,0.1788
BiancaGolden_GrandPlies,183.7400,17.9206,208.6572,-0.8799,-28.5450,173.1686,-0.7973,-0.0556,-0.6010,0.9980,996,34.966003,3.8374,0.1792
BiancaGolden_GrandPlies,184.0061,17.9286,208.7081,-0.9135,-28.5372,173.2694,-0.7932,-0.0539,-0.6065,0.9980,996,34.981201,3.8401,0.1793
BiancaGolden_GrandPlies,184.2570,17.9248,208.7819,-1.0087,-28.4505,173.2482,-0.7952,-0.0525,-0.6040,0.9980,997,34.993164,3.8426,0.1792
BiancaGolden_GrandPlies,184.5156,17.8963,208.8664,-1.1116,-28.2852,173.1410,-0.7980,-0.0486,-0.6007,0.9980,997,35.007133,3.8452,0.1790
BiancaGolden_GrandPlies,184.7878,17.8261,208.9826,-1.1708,-28.0455,172.9441,-0.7962,-0.0437,-0.6035,0.9980,997,35.022682,3.8479,0.1783
BiancaGolden_GrandPlies,185.0808,17.7464,209.1036,-1.2247,-27.8334,172.8212,-0.8022,-0.0415,-0.5957,0.9980,998,35.033607,3.8508,0.1775
BiancaGolden_GrandPlies,185.4035,17.6211,209.2392,-1.2352,-27.6259,172.7190,-0.8013,-0.0426,-0.5968,0.9980,998,35.049278,3.8540,0.1762
BiancaGolden_GrandPlies,185.7448,17.4727,209.3959,-1.2857,-27.4632,172.7018,-0.8030,-0.0417,-0.5945,0.9980,999,35.062973,3.8574,0.1747
BiancaGolden_GrandPlies,186.1058,17.2914,209.5482,-1.4072,-27.3124,172.6229,-0.8041,-0.0391,-0.5932,0.9980,999,35.077442,3.8611,0.1729
BiancaGolden_GrandPlies,186.4619,17.0934,209.7485,-1.5384,-27.2338,172.4177,-0.7993,-0.0322,-0.6000,0.9980,1000,35.091114,3.8646,0.1709
BiancaGolden_GrandPlies,186.8222,16.9213,209.9290,-1.4423,-27.0521,172.2690,-0.7990,-0.0295,-0.6007,0.9980,1000,35.102741,3.8682,0.1692
BiancaGolden_GrandPlies,187.1810,16.7116,210.1095,-1.2046,-26.7642,172.1572,-0.8023,-0.0270,-0.5963,0.9980,1000,35.118603,3.8718,0.1671
BiancaGolden_GrandPlies,187.5422,16.4600,210.2611,-1.0629,-26.3887,172.0013,-0.8069,-0.0252,-0.5901,0.9980,1001,35.132271,3.8754,0.1646
BiancaGolden_GrandPlies,187.9086,16.1519,210.4009,-1.0028,-25.9815,171.8453,-0.8103,-0.0246,-0.5855,0.9980,1001,35.144897,3.8791,0.1615
BiancaGolden_GrandPlies,188.3003,15.8337,210.5077,-0.9932,-25.6125,171.7461,-0.8136,-0.0240,-0.5810,0.9980,1002,35.160439,3.8830,0.1583
BiancaGolden_GrandPlies,188.6997,15.4674,210.5767,-1.0377,-25.2973,171.7277,-0.8093,-0.0233,-0.5869,0.9980,1002,35.173504,3.8870,0.1547
BiancaGolden_GrandPlies,189.1102,15.0970,210.6395,-1.1327,-25.0492,171.6901,-0.8114,-0.0222,-0.5840,0.9980,1002,35.187477,3.8911,0.1510
BiancaGolden_GrandPlies,189.5464,14.6708,210.6538,-1.3301,-24.8716,171.5832,-0.8060,-0.0196,-0.5916,0.9980,1003,35.200668,3.8955,0.1467
BiancaGolden_GrandPlies,189.9681,14.2363,210.6587,-1.4806,-24.7910,171.3757,-0.8069,-0.0159,-0.5904,0.9980,1003,35.214012,3.8997,0.1424
BiancaGolden_GrandPlies,190.3839,13.8079,210.6722,-1.5613,-24.7024,171.1209,-0.8031,-0.0083,-0.5958,0.9980,1004,35.229507,3.9038,0.1381
BiancaGolden_GrandPlies,190.7839,13.3696,210.6685,-1.5314,-24.6345,170.8035,-0.8038,-0.0031,-0.5949,0.9980,1004,35.243114,3.9078,0.1337
BiancaGolden_GrandPlies,191.1798,12.8845,210.6401,-1.4659,-24.5600,170.4553,-0.7998,-0.0038,-0.6003,0.9980,1005,35.258072,3.9118,0.1288
BiancaGolden_GrandPlies,191.5457,12.3675,210.6523,-1.4521,-24.5364,170.1332,-0.7988,-0.0042,-0.6015,0.9980,1005,35.270794,3.9155,0.1237
BiancaGolden_GrandPlies,191.8786,11.8274,210.7063,-1.5576,-24.5572,169.8452,-0.7987,-0.0009,-0.6017,0.9980,1005,35.285324,3.9188,0.1183
BiancaGolden_GrandPlies,192.1786,11.2603,210.7720,-1.7002,-24.5852,169.5582,-0.7975,-0.0060,-0.6033,0.9980,1006,35.299385,3.9218,0.1126
BiancaGolden_GrandPlies,192.4500,10.6998,210.8288,-1.9462,-24.5856,169.3550,-0.7971,-0.0064,-0.6038,0.9980,1006,35.314644,3.9245,0.1070
BiancaGolden_GrandPlies,192.7078,10.1132,210.8829,-2.1156,-24.5430,169.1306,-0.7983,-0.0041,-0.6022,0.9980,1007,35.329037,3.9271,0.1011
BiancaGolden_GrandPlies,192.9639,9.5373,210.9094,-2.1895,-24.4393,168.9577,-0.7986,-0.0031,-0.6019,0.9980,1007,35.340229,3.9296,0.0954
BiancaGolden_GrandPlies,193.2216,8.9391,210.9273,-2.2479,-24.3481,168.8531,-0.8008,-0.0019,-0.5990,0.9980,1007,35.355038,3.9322,0.0894
BiancaGolden_GrandPlies,193.4939,8.3238,210.9292,-2.3427,-24.2341,168.7621,-0.8006,-0.0018,-0.5992,0.9980,1008,35.367813,3.9349,0.0832
BiancaGolden_GrandPlies,193.7993,7.7150,210.9135,-2.4924,-24.1993,168.6942,-0.7960,-0.0023,-0.6053,0.9980,1008,35.381935,3.9380,0.0772
BiancaGolden_GrandPlies,194.1190,7.1038,210.8925,-2.6497,-24.2911,168.6187,-0.7902,0.0004,-0.6129,0.9980,1009,35.396149,3.9412,0.0710
BiancaGolden_GrandPlies,194.4612,6.5183,210.8813,-2.7162,-24.4525,168.5340,-0.7876,0.0013,-0.6162,0.9980,1009,35.409904,3.9446,0.0652
BiancaGolden_GrandPlies,194.8155,5.9424,210.8888,-2.6348,-24.7203,168.4575,-0.7842,0.0027,-0.6205,0.9980,1010,35.424660,3.9482,0.0594
BiancaGolden_GrandPlies,195.1571,5.3855,210.9049,-2.5720,-24.9705,168.3155,-0.7804,0.0064,-0.6253,0.9980,1010,35.437202,3.9516,0.0539
BiancaGolden_GrandPlies,195.4585,4.8229,210.9263,-2.5917,-25.1066,168.1032,-0.7832,0.0109,-0.6217,0.9980,1010,35.451878,3.9546,0.0482
BiancaGolden_GrandPlies,195.7357,4.2842,210.9454,-2.6391,-25.0826,167.8331,-0.7887,0.0177,-0.6146,0.9980,1011,35.465813,3.9574,0.0428
BiancaGolden_GrandPlies,195.9730,3.7684,210.9596,-2.7049,-24.8337,167.5059,-0.7939,0.0290,-0.6074,0.9980,1011,35.479492,3.9597,0.0377
BiancaGolden_GrandPlies,196.1916,3.2512,210.9636,-2.7421,-24.5128,167.1565,-0.7977,0.0343,-0.6020,0.9980,1012,35.494011,3.9619,0.0325
BiancaGolden_GrandPlies,196.3957,2.7513,210.9497,-2.8638,-24.0945,166.7836,-0.8022,0.0410,-0.5956,0.9980,1012,35.508041,3.9640,0.0275
BiancaGolden_GrandPlies,196.5977,2.2239,210.8944,-3.0425,-23.6833,166.3380,-0.8052,0.0434,-0.5914,0.9980,1012,35.522278,3.9660,0.0222
BiancaGolden_GrandPlies,196.8100,1.7439,210.8308,-3.1538,-23.4647,166.0245,-0.8055,0.0444,-0.5910,0.9980,1013,35.534626,3.9681,0.0174
BiancaGolden_GrandPlies,197.0124,1.2471,210.8100,-3.2292,-23.4211,165.7539,-0.7996,0.0445,-0.5989,0.9980,1013,35.548264,3.9701,0.0125
BiancaGolden_GrandPlies,197.2402,0.7278,210.8201,-3.2944,-23.6204,165.6013,-0.7939,0.0427,-0.6066,0.9980,1014,35.564789,3.9724,0.0073
BiancaGolden_GrandPlies,197.4673,0.2098,210.8497,-3.3621,-24.0405,165.5816,-0.7849,0.0376,-0.6185,0.9980,1014,35.577335,3.9747,0.0021
BiancaGolden_GrandPlies,197.6999,-0.2829,210.8716,-3.3517,-24.5399,165.6577,-0.7804,0.0344,-0.6243,0.9980,1015,35.591530,3.9770,-0.0028
BiancaGolden_GrandPlies,197.9287,-0.7400,210.8896,-3.3329,-24.9408,165.7692,-0.7782,0.0228,-0.6276,0.9980,1015,35.604889,3.9793,-0.0074
BiancaGolden_GrandPlies,198.1448,-1.1483,210.9319,-3.2714,-25.2073,165.9188,-0.7766,0.0204,-0.6296,0.9980,1015,35.620029,3.9814,-0.0115
BiancaGolden_GrandPlies,198.3453,-1.5411,211.0012,-3.2030,-25.2772,166.0880,-0.7766,0.0239,-0.6295,0.9980,1016,35.632725,3.9835,-0.0154
BiancaGolden_GrandPlies,198.5281,-1.9081,211.0919,-3.1254,-25.2126,166.2423,-0.7789,0.0222,-0.6268,0.9980,1016,35.646301,3.9853,-0.0191
BiancaGolden_GrandPlies,198.7207,-2.2439,211.2035,-3.0776,-25.0644,166.4270,-0.7800,0.0199,-0.6255,0.9980,1017,35.661575,3.9872,-0.0224
BiancaGolden_GrandPlies,198.9261,-2.5708,211.3082,-3.0603,-24.9652,166.6178,-0.7811,0.0013,-0.6244,0.9980,1017,35.675442,3.9893,-0.0257
BiancaGolden_GrandPlies,199.1777,-2.8838,211.3993,-3.0008,-25.0064,166.9180,-0.7571,-0.0598,-0.6505,0.9980,1017,35.689610,3.9918,-0.0288
BiancaGolden_GrandPlies,199.4469,-3.1966,211.4728,-2.9769,-25.1619,167.2757,-0.7341,-0.0912,-0.6729,0.9980,1018,35.703037,3.9945,-0.0320
BiancaGolden_GrandPlies,199.7276,-3.4906,211.5287,-2.9378,-25.3354,167.6851,-0.7184,-0.1285,-0.6836,0.9980,1018,35.715687,3.9973,-0.0349
BiancaGolden_GrandPlies,200.0092,-3.7554,211.6051,-2.9691,-25.5131,168.1834,-0.7139,-0.1362,-0.6868,0.9980,1019,35.732079,4.0001,-0.0376
BiancaGolden_GrandPlies,200.2559,-3.9916,211.7067,-3.0278,-25.6237,168.7132,-0.7125,-0.1444,-0.6867,0.9980,1019,35.745716,4.0026,-0.0399
BiancaGolden_GrandPlies,200.5007,-4.1959,211.8382,-3.1110,-25.6283,169.3716,-0.7107,-0.1502,-0.6873,0.9980,1020,35.762798,4.0050,-0.0420
BiancaGolden_GrandPlies,200.7458,-4.3991,211.9520,-3.1552,-25.5733,170.0441,-0.7119,-0.1449,-0.6872,0.9980,1020,35.773804,4.0075,-0.0440
BiancaGolden_GrandPlies,201.0121,-4.5783,212.0331,-3.1782,-25.4670,170.7789,-0.7112,-0.1498,-0.6869,0.9980,1020,35.788338,4.0101,-0.0458
BiancaGolden_GrandPlies,201.2938,-4.7286,212.0922,-3.2719,-25.3541,171.6092,-0.7134,-0.1447,-0.6856,0.9980,1021,35.803459,4.0129,-0.0473
BiancaGolden_GrandPlies,201.5954,-4.8517,212.1311,-3.3320,-25.2459,172.4939,-0.7167,-0.1512,-0.6808,0.9980,1021,35.818325,4.0160,-0.0485
BiancaGolden_GrandPlies,201.8953,-4.9563,212.1473,-3.4265,-25.1185,173.4205,-0.7160,-0.1638,-0.6787,0.9980,1022,35.830723,4.0190,-0.0496
BiancaGolden_GrandPlies,202.1749,-5.0280,212.1836,-3.5492,-24.9804,174.3835,-0.7175,-0.1617,-0.6775,0.9980,1022,35.840996,4.0217,-0.0503
BiancaGolden_GrandPlies,202.4222,-5.0724,212.2389,-3.6922,-24.8084,175.3861,-0.7192,-0.1682,-0.6741,0.9980,1022,35.857258,4.0242,-0.0507
BiancaGolden_GrandPlies,202.6797,-5.0934,212.2298,-3.8212,-24.5775,176.3718,-0.7222,-0.1683,-0.6709,0.9980,1023,35.869793,4.0268,-0.0509
BiancaGolden_GrandPlies,202.9393,-5.0846,212.1889,-3.9353,-24.4255,177.4343,-0.7232,-0.1664,-0.6703,0.9980,1023,35.883003,4.0294,-0.0508
BiancaGolden_GrandPlies,203.1956,-5.0840,212.1291,-3.9882,-24.3068,178.3842,-0.7255,-0.1696,-0.6671,0.9980,1024,35.898296,4.0320,-0.0508
BiancaGolden_GrandPlies,203.4351,-5.0402,212.0755,-4.0189,-24.2527,179.3879,-0.7229,-0.1821,-0.6666,0.9980,1024,35.910549,4.0344,-0.0504
BiancaGolden_GrandPlies,203.6755,-4.9839,212.0075,-4.0393,-24.2185,-179.6327,-0.7174,-0.1812,-0.6727,0.9980,1025,35.925003,4.0368,-0.0498
BiancaGolden_GrandPlies,203.9086,-4.9559,211.9167,-4.0368,-24.2613,-178.7098,-0.7142,-0.1928,-0.6728,0.9980,1025,35.939278,4.0391,-0.0496
BiancaGolden_GrandPlies,204.1526,-4.9276,211.8286,-4.1512,-24.2977,-177.8323,-0.7116,-0.1734,-0.6809,0.9980,1025,35.953373,4.0415,-0.0493
BiancaGolden_GrandPlies,204.3970,-4.9342,211.7555,-4.3601,-24.4475,-177.1653,-0.7095,-0.1728,-0.6832,0.9980,1026,35.966660,4.0440,-0.0493
BiancaGolden_GrandPlies,204.6150,-4.9017,211.7003,-4.4702,-24.5456,-176.4861,-0.7109,-0.1646,-0.6837,0.9980,1026,35.980377,4.0462,-0.0490
BiancaGolden_GrandPlies,204.8572,-4.8987,211.6144,-4.3262,-24.5255,-175.8547,-0.7092,-0.1722,-0.6836,0.9980,1027,35.994537,4.0486,-0.0490
BiancaGolden_GrandPlies,205.1353,-4.9715,211.4986,-4.2654,-24.5024,-175.2047,-0.7106,-0.1718,-0.6823,0.9980,1027,36.007751,4.0514,-0.0497
BiancaGolden_GrandPlies,205.4005,-5.1214,211.4630,-4.5676,-24.5536,-174.6985,-0.7109,-0.1680,-0.6829,0.9980,1027,36.024082,4.0540,-0.0512
BiancaGolden_GrandPlies,205.6216,-5.2858,211.5480,-5.1519,-24.6104,-174.2744,-0.7118,-0.1653,-0.6826,0.9980,1028,36.037357,4.0562,-0.0529
BiancaGolden_GrandPlies,205.8240,-5.5011,211.7412,-5.9646,-24.7728,-174.0093,-0.7116,-0.1557,-0.6851,0.9980,1028,36.050194,4.0582,-0.0550
BiancaGolden_GrandPlies,206.0207,-5.7352,211.9244,-6.5656,-24.9854,-173.8798,-0.7129,-0.1593,-0.6829,0.9980,1029,36.065804,4.0602,-0.0574
BiancaGolden_GrandPlies,206.2973,-5.9556,212.0145,-6.9995,-24.8518,-173.7952,-0.7159,-0.1525,-0.6814,0.9980,1029,36.079411,4.0630,-0.0596
BiancaGolden_GrandPlies,206.5934,-6.2191,212.1092,-7.3085,-24.7591,-173.7622,-0.7249,-0.1350,-0.6755,0.9980,1030,36.092274,4.0659,-0.0622
BiancaGolden_GrandPlies,206.8915,-6.5425,212.2140,-7.4534,-24.5811,-173.8993,-0.7274,-0.1241,-0.6749,0.9980,1030,36.105789,4.0689,-0.0654
BiancaGolden_GrandPlies,207.1826,-6.8761,212.3487,-7.4483,-24.4308,-173.9560,-0.7317,-0.1151,-0.6719,0.9980,1030,36.121193,4.0718,-0.0688
BiancaGolden_GrandPlies,207.4638,-7.2634,212.4984,-7.2037,-24.1496,-174.0114,-0.7349,-0.1070,-0.6696,0.9980,1031,36.133614,4.0746,-0.0726
BiancaGolden_GrandPlies,207.7473,-7.6619,212.6363,-6.9075,-23.8221,-174.0682,-0.7376,-0.1036,-0.6673,0.9980,1031,36.147060,4.0775,-0.0766
BiancaGolden_GrandPlies,208.0471,-8.1032,212.7378,-6.5749,-23.4241,-174.1924,-0.7418,-0.0998,-0.6632,0.9980,1032,36.162659,4.0805,-0.0810
BiancaGolden_GrandPlies,208.3441,-8.5341,212.8055,-6.2927,-23.1034,-174.3624,-0.7459,-0.0821,-0.6610,0.9980,1032,36.174374,4.0834,-0.0853
BiancaGolden_GrandPlies,208.6258,-8.9751,212.8349,-5.9483,-22.8407,-174.6741,-0.7705,-0.0445,-0.6358,0.9980,1032,36.190025,4.0863,-0.0898
BiancaGolden_GrandPlies,208.8809,-9.4101,212.8619,-5.6399,-22.6452,-175.0308,-0.8017,0.0178,-0.5975,0.9980,1033,36.203972,4.0888,-0.0941
BiancaGolden_GrandPlies,209.1022,-9.8515,212.8519,-5.2766,-22.4722,-175.4722,-0.8175,0.0438,-0.5742,0.9980,1033,36.215946,4.0910,-0.0985
BiancaGolden_GrandPlies,209.3104,-10.3065,212.8290,-4.9485,-22.2806,-175.9388,-0.8191,0.0516,-0.5713,0.9980,1034,36.231548,4.0931,-0.1031
BiancaGolden_GrandPlies,209.4765,-10.7801,212.7482,-4.7169,-22.0981,-176.4587,-0.8207,0.0600,-0.5682,0.9980,1034,36.245365,4.0948,-0.1078
BiancaGolden_GrandPlies,209.6342,-11.2949,212.6488,-4.5406,-21.8969,-176.9974,-0.8207,0.0665,-0.5674,0.9980,1035,36.257778,4.0963,-0.1129
BiancaGolden_GrandPlies,209.7932,-11.8308,212.5119,-4.4114,-21.7555,-177.5378,-0.8182,0.0723,-0.5704,0.9980,1035,36.272137,4.0979,-0.1183
BiancaGolden_GrandPlies,209.9471,-12.3944,212.3388,-4.3031,-21.5976,-178.0906,-0.8164,0.0775,-0.5723,0.9980,1035,36.286766,4.0995,-0.1239
BiancaGolden_GrandPlies,210.0880,-13.0113,212.0906,-4.3478,-21.4205,-178.6909,-0.8171,0.0791,-0.5710,0.9980,1036,36.300377,4.1009,-0.1301
BiancaGolden_GrandPlies,210.2296,-13.6295,211.8592,-4.3642,-21.2631,-179.2495,-0.8114,0.0774,-0.5794,0.9980,1036,36.316776,4.1023,-0.1363
BiancaGolden_GrandPlies,210.3412,-14.2803,211.6677,-4.5034,-21.1755,-179.8820,-0.8107,0.0853,-0.5792,0.9980,1037,36.330544,4.1034,-0.1428
BiancaGolden_GrandPlies,210.4341,-14.9451,211.5422,-4.7386,-21.1438,179.4881,-0.8083,0.0922,-0.5815,0.9980,1037,36.342247,4.1043,-0.1495
BiancaGolden_GrandPlies,210.5167,-15.6301,211.4932,-5.0049,-21.2751,178.8181,-0.8029,0.0920,-0.5890,0.9980,1037,36.357552,4.1052,-0.1563
BiancaGolden_GrandPlies,210.5625,-16.3037,211.5137,-5.2674,-21.5435,178.2668,-0.7980,0.0909,-0.5958,0.9980,1038,36.376144,4.1056,-0.1630
BiancaGolden_GrandPlies,210.5443,-16.9457,211.6772,-5.2816,-21.6136,177.7736,-0.7986,0.1053,-0.5925,0.9980,1039,36.398407,4.1054,-0.1695
BiancaGolden_GrandPlies,210.6799,-18.2351,211.6600,-5.2719,-21.3818,176.7540,-0.8055,0.1022,-0.5837,0.9980,1039,36.412193,4.1068,-0.1824
BiancaGolden_GrandPlies,210.8131,-18.8596,211.5332,-4.9401,-21.0398,176.3116,-0.8084,0.1057,-0.5791,0.9980,1040,36.425991,4.1081,-0.1886
BiancaGolden_GrandPlies,210.9739,-19.4212,211.4233,-4.4303,-20.7193,176.0760,-0.8109,0.1050,-0.5756,0.9980,1040,36.441090,4.1097,-0.1942
BiancaGolden_GrandPlies,211.1345,-19.9589,211.4365,-4.0036,-20.5183,175.9784,-0.8116,0.1014,-0.5753,0.9980,1040,36.453175,4.1113,-0.1996
BiancaGolden_GrandPlies,211.3054,-20.5319,211.5163,-3.8798,-20.4754,175.7705,-0.8115,0.0936,-0.5768,0.9980,1041,36.467838,4.1131,-0.2053
BiancaGolden_GrandPlies,211.5444,-21.0636,211.6143,-3.9942,-20.5953,175.6485,-0.8072,0.0911,-0.5832,0.9980,1041,36.483875,4.1154,-0.2106
BiancaGolden_GrandPlies,211.8292,-21.5607,211.6964,-4.1544,-20.8574,175.4862,-0.8026,0.0918,-0.5894,0.9980,1042,36.496967,4.1183,-0.2156
BiancaGolden_GrandPlies,212.1426,-22.0192,211.8401,-4.2996,-21.2948,175.3588,-0.7952,0.0924,-0.5993,0.9980,1042,36.509605,4.1214,-0.2202
BiancaGolden_GrandPlies,212.4378,-22.4294,211.9956,-4.2567,-21.6092,175.2541,-0.7904,0.0929,-0.6056,0.9980,1042,36.523819,4.1244,-0.2243
BiancaGolden_GrandPlies,212.7071,-22.8095,212.1890,-4.1209,-21.7062,175.1978,-0.7931,0.0847,-0.6031,0.9980,1043,36.537132,4.1271,-0.2281
BiancaGolden_GrandPlies,212.9292,-23.1667,212.4125,-4.0821,-21.5646,175.0876,-0.8011,0.0860,-0.5923,0.9980,1043,36.549931,4.1293,-0.2317
BiancaGolden_GrandPlies,213.1068,-23.5137,212.6528,-4.2075,-21.1835,174.9196,-0.8089,0.0888,-0.5813,0.9980,1044,36.565926,4.1311,-0.2351
BiancaGolden_GrandPlies,213.2681,-23.8073,212.8831,-4.3475,-20.5597,174.6474,-0.8143,0.0923,-0.5731,0.9980,1044,36.579529,4.1327,-0.2381
BiancaGolden_GrandPlies,213.4830,-24.0542,213.0425,-4.3225,-19.9890,174.4455,-0.8173,0.0956,-0.5682,0.9980,1045,36.593868,4.1348,-0.2405
BiancaGolden_GrandPlies,213.7123,-24.2823,213.1843,-4.1473,-19.6493,174.3108,-0.8184,0.0973,-0.5664,0.9980,1045,36.608463,4.1371,-0.2428
BiancaGolden_GrandPlies,213.9409,-24.4867,213.2982,-3.9101,-19.5247,174.2723,-0.8171,0.1005,-0.5677,0.9980,1045,36.621262,4.1394,-0.2449
BiancaGolden_GrandPlies,214.1546,-24.6825,213.3824,-3.7419,-19.5102,174.2535,-0.8110,0.0999,-0.5764,0.9980,1046,36.634583,4.1415,-0.2468
BiancaGolden_GrandPlies,214.3568,-24.8572,213.4343,-3.6398,-19.5465,174.2463,-0.8122,0.0903,-0.5764,0.9980,1046,36.648289,4.1436,-0.2486
BiancaGolden_GrandPlies,214.5445,-24.9925,213.4446,-3.5725,-19.5648,174.2857,-0.8119,0.0894,-0.5769,0.9980,1047,36.663021,4.1454,-0.2499
BiancaGolden_GrandPlies,214.7175,-25.0794,213.4310,-3.5252,-19.5996,174.3616,-0.8109,0.0881,-0.5786,0.9980,1047,36.676247,4.1472,-0.2508
BiancaGolden_GrandPlies,214.8767,-25.1586,213.4171,-3.5032,-19.5856,174.4291,-0.8080,0.0799,-0.5837,0.9980,1048,36.691193,4.1488,-0.2516
BiancaGolden_GrandPlies,215.0218,-25.1867,213.3678,-3.5376,-19.5542,174.5288,-0.8081,0.0790,-0.5838,0.9980,1048,36.704365,4.1502,-0.2519
BiancaGolden_GrandPlies,215.1393,-25.1874,213.3389,-3.5121,-19.5356,174.6900,-0.8067,0.0754,-0.5862,0.9980,1048,36.719608,4.1514,-0.2519
BiancaGolden_GrandPlies,215.2644,-25.1652,213.2947,-3.4940,-19.5153,174.9295,-0.8064,0.0723,-0.5870,0.9980,1049,36.732124,4.1526,-0.2517
BiancaGolden_GrandPlies,215.3919,-25.1490,213.1801,-3.5573,-19.5028,175.1378,-0.8064,0.0678,-0.5874,0.9980,1049,36.745491,4.1539,-0.2515
BiancaGolden_GrandPlies,215.5099,-25.1044,213.0519,-3.6116,-19.5352,175.4353,-0.8060,0.0652,-0.5883,0.9980,1050,36.761608,4.1551,-0.2510
BiancaGolden_GrandPlies,215.6158,-25.0761,212.9794,-3.7095,-19.5911,175.7397,-0.8058,0.0596,-0.5892,0.9980,1050,36.774994,4.1562,-0.2508
BiancaGolden_GrandPlies,215.7560,-25.0703,212.8785,-3.8053,-19.6529,176.0469,-0.8016,0.0586,-0.5950,0.9980,1050,36.788307,4.1576,-0.2507
BiancaGolden_GrandPlies,215.8841,-25.0528,212.8112,-3.9082,-19.8682,176.3415,-0.7981,0.0561,-0.5999,0.9980,1051,36.802700,4.1588,-0.2505
BiancaGolden_GrandPlies,215.9490,-25.0506,212.9012,-3.9193,-20.2133,176.5987,-0.7935,0.0564,-0.6059,0.9980,1051,36.817738,4.1595,-0.2505
BiancaGolden_GrandPlies,216.0045,-25.0673,213.0672,-3.8990,-20.5141,176.8384,-0.7921,0.0530,-0.6081,0.9980,1052,36.832142,4.1600,-0.2507
BiancaGolden_GrandPlies,216.1403,-25.1535,213.1767,-3.8908,-20.6742,177.0818,-0.7927,0.0536,-0.6073,0.9980,1052,36.843082,4.1614,-0.2515
BiancaGolden_GrandPlies,216.3441,-25.3215,213.0787,-4.0462,-20.5955,177.3339,-0.7935,0.0488,-0.6067,0.9980,1052,36.857616,4.1634,-0.2532
BiancaGolden_GrandPlies,216.5566,-25.5269,212.9220,-4.2425,-20.5462,177.6096,-0.8017,0.0460,-0.5960,0.9980,1053,36.872162,4.1656,-0.2553
BiancaGolden_GrandPlies,216.7446,-25.7927,212.8115,-4.6987,-20.3123,177.7339,-0.8024,0.0539,-0.5943,0.9980,1053,36.884087,4.1674,-0.2579
BiancaGolden_GrandPlies,216.8675,-26.0487,212.9428,-5.1732,-20.2422,177.7701,-0.8035,0.0563,-0.5926,0.9980,1054,36.899723,4.1687,-0.2605
BiancaGolden_GrandPlies,216.9599,-26.3254,213.1719,-5.3989,-20.2533,177.7683,-0.8032,0.0572,-0.5930,0.9980,1054,36.913712,4.1696,-0.2633
BiancaGolden_GrandPlies,217.0733,-26.6278,213.3239,-5.3831,-20.2678,177.7263,-0.8032,0.0577,-0.5929,0.9980,1055,36.927853,4.1707,-0.2663
BiancaGolden_GrandPlies,217.2146,-26.9697,213.4172,-5.2896,-20.2796,177.7066,-0.8022,0.0632,-0.5937,0.9980,1055,36.941143,4.1721,-0.2697
BiancaGolden_GrandPlies,217.3863,-27.3730,213.4689,-5.1714,-20.2825,177.6998,-0.8014,0.0698,-0.5940,0.9980,1055,36.955376,4.1739,-0.2737
BiancaGolden_GrandPlies,217.5401,-27.8012,213.5414,-5.0198,-20.2840,177.7293,-0.8002,0.0726,-0.5953,0.9980,1056,36.968769,4.1754,-0.2780
BiancaGolden_GrandPlies,217.6624,-28.2354,213.6341,-4.8592,-20.2662,177.7376,-0.8018,0.0770,-0.5927,0.9980,1056,36.983879,4.1766,-0.2824
BiancaGolden_GrandPlies,217.7269,-28.6976,213.7638,-4.7038,-20.1771,177.6608,-0.8032,0.0801,-0.5903,0.9980,1057,36.997498,4.1773,-0.2870
BiancaGolden_GrandPlies,217.7721,-29.1921,213.8993,-4.5062,-19.9945,177.4841,-0.8037,0.0913,-0.5880,0.9980,1057,37.011658,4.1777,-0.2919
BiancaGolden_GrandPlies,217.8193,-29.6950,214.0055,-4.2169,-19.8216,177.3670,-0.8048,0.0989,-0.5853,0.9980,1058,37.026669,4.1782,-0.2969
BiancaGolden_GrandPlies,217.8745,-30.2205,214.0557,-3.8207,-19.6481,177.2802,-0.8034,0.1019,-0.5867,0.9980,1058,37.039848,4.1787,-0.3022
BiancaGolden_GrandPlies,217.9197,-30.7750,214.0784,-3.4582,-19.5620,177.1745,-0.8029,0.1035,-0.5871,0.9980,1058,37.054276,4.1792,-0.3078
BiancaGolden_GrandPlies,217.9377,-31.3519,214.1013,-3.1853,-19.5052,177.0496,-0.8030,0.1056,-0.5865,0.9980,1059,37.068123,4.1794,-0.3135
BiancaGolden_GrandPlies,217.9219,-31.9336,214.1130,-2.9659,-19.4823,176.9736,-0.8044,0.1032,-0.5851,0.9980,1059,37.082275,4.1792,-0.3193
BiancaGolden_GrandPlies,217.8853,-32.5289,214.1212,-2.6930,-19.4085,176.8973,-0.8011,0.1030,-0.5896,0.9980,1060,37.095940,4.1789,-0.3253
BiancaGolden_GrandPlies,217.7943,-33.1565,214.0866,-2.4109,-19.2880,176.7870,-0.8023,0.1055,-0.5875,0.9980,1060,37.109219,4.1779,-0.3316
BiancaGolden_GrandPlies,217.6868,-33.7909,214.0316,-2.1916,-19.1167,176.6882,-0.8040,0.1069,-0.5849,0.9980,1060,37.122791,4.1769,-0.3379
BiancaGolden_GrandPlies,217.5330,-34.4486,213.9190,-1.9887,-18.8792,176.5671,-0.8057,0.1116,-0.5817,0.9980,0,37.135757,4.1753,-0.3445
BiancaGolden_GrandPlies,217.3534,-35.1062,213.7707,-1.7822,-18.6073,176.4529,-0.8042,0.1125,-0.5837,0.9980,0,37.150864,4.1735,-0.3511
BiancaGolden_GrandPlies,217.1288,-35.7965,213.6052,-1.6058,-18.3211,176.2967,-0.8058,0.1158,-0.5807,0.9980,1,37.165855,4.1713,-0.3580
BiancaGolden_GrandPlies,216.9256,-36.5183,213.4355,-1.5661,-18.1040,176.1001,-0.8051,0.1174,-0.5814,0.9980,1,37.177589,4.1693,-0.3652
BiancaGolden_GrandPlies,216.7180,-37.2695,213.2471,-1.6844,-18.0087,175.8827,-0.8033,0.1174,-0.5840,0.9980,2,37.193314,4.1672,-0.3727
BiancaGolden_GrandPlies,216.5072,-38.0341,213.0302,-1.8378,-18.0430,175.6810,-0.8013,0.1144,-0.5872,0.9980,2,37.206493,4.1651,-0.3803
BiancaGolden_GrandPlies,216.2887,-38.8160,212.8238,-1.9835,-18.0618,175.5053,-0.7991,0.1094,-0.5912,0.9980,2,37.220161,4.1629,-0.3882
BiancaGolden_GrandPlies,216.0468,-39.6217,212.6215,-2.1888,-18.1400,175.2877,-0.7940,0.1098,-0.5979,0.9980,3,37.234344,4.1605,-0.3962
BiancaGolden_GrandPlies,215.7964,-40.4466,212.4785,-2.5653,-18.2389,175.0027,-0.7908,0.1122,-0.6017,0.9980,3,37.246544,4.1580,-0.4045
BiancaGolden_GrandPlies,215.5318,-41.2416,212.4197,-3.0154,-18.4905,174.6317,-0.7848,0.1087,-0.6102,0.9980,4,37.261875,4.1553,-0.4124
BiancaGolden_GrandPlies,215.1498,-41.9554,212.6564,-3.3784,-18.9674,174.3521,-0.7805,0.1147,-0.6145,0.9980,4,37.275726,4.1515,-0.4196
BiancaGolden_GrandPlies,214.6130,-42.7213,213.0907,-3.6603,-19.2090,173.7972,-0.7846,0.1218,-0.6079,0.9980,4,37.290764,4.1461,-0.4272
BiancaGolden_GrandPlies,214.1984,-43.4940,213.1690,-3.9597,-18.6507,173.2860,-0.7879,0.1270,-0.6025,0.9980,5,37.304131,4.1420,-0.4349
BiancaGolden_GrandPlies,213.9019,-44.1726,213.0859,-3.6696,-18.1160,173.1163,-0.7960,0.1341,-0.5902,0.9980,5,37.320454,4.1390,-0.4417
BiancaGolden_GrandPlies,213.5973,-44.8980,212.8980,-3.3261,-17.3672,172.8939,-0.8019,0.1381,-0.5813,0.9980,6,37.333809,4.1360,-0.4490
BiancaGolden_GrandPlies,213.3423,-45.4839,212.8364,-2.8689,-16.7548,172.8454,-0.8024,0.1422,-0.5797,0.9980,6,37.346031,4.1334,-0.4548
BiancaGolden_GrandPlies,213.0528,-46.0628,212.9370,-2.4811,-16.5456,172.7143,-0.8015,0.1442,-0.5803,0.9980,7,37.360710,4.1305,-0.4606
BiancaGolden_GrandPlies,212.8164,-46.5551,213.1588,-2.1422,-16.7218,172.6663,-0.7977,0.1371,-0.5873,0.9980,7,37.372681,4.1282,-0.4656
BiancaGolden_GrandPlies,212.5922,-47.0310,213.3047,-2.0813,-17.0607,172.5946,-0.7865,0.1333,-0.6031,0.9980,7,37.386589,4.1259,-0.4703
BiancaGolden_GrandPlies,212.4153,-47.4958,213.3791,-2.1606,-17.4771,172.4755,-0.7837,0.1345,-0.6064,0.9980,8,37.400192,4.1242,-0.4750
BiancaGolden_GrandPlies,212.2544,-47.8891,213.4209,-2.2626,-17.7694,172.3365,-0.7765,0.1299,-0.6166,0.9980,8,37.413898,4.1225,-0.4789
BiancaGolden_GrandPlies,212.1043,-48.2298,213.4750,-2.2276,-17.9272,172.2908,-0.7722,0.1310,-0.6217,0.9980,9,37.428307,4.1210,-0.4823
BiancaGolden_GrandPlies,211.9173,-48.5325,213.5847,-2.1511,-17.8932,172.1632,-0.7735,0.1288,-0.6205,0.9980,9,37.443401,4.1192,-0.4853
BiancaGolden_GrandPlies,211.7302,-48.8141,213.7364,-2.1941,-17.7824,171.9916,-0.7755,0.1296,-0.6178,0.9980,9,37.457729,4.1173,-0.4881
BiancaGolden_GrandPlies,211.5456,-49.0715,213.8995,-2.4224,-17.5853,171.7507,-0.7804,0.1324,-0.6111,0.9980,10,37.470215,4.1155,-0.4907
BiancaGolden_GrandPlies,211.4171,-49.2937,214.0206,-2.6516,-17.4365,171.5139,-0.7810,0.1342,-0.6099,0.9980,10,37.485394,4.1142,-0.4929
BiancaGolden_GrandPlies,211.3209,-49.4700,214.1084,-2.7272,-17.3909,171.3549,-0.7798,0.1359,-0.6110,0.9980,11,37.498680,4.1132,-0.4947
BiancaGolden_GrandPlies,211.2441,-49.6093,214.1874,-2.6804,-17.4747,171.2445,-0.7777,0.1371,-0.6135,0.9980,11,37.512379,4.1124,-0.4961
BiancaGolden_GrandPlies,211.1844,-49.7578,214.2551,-2.6689,-17.5920,171.1420,-0.7725,0.1330,-0.6209,0.9980,12,37.527176,4.1118,-0.4976
BiancaGolden_GrandPlies,211.1379,-49.8534,214.3121,-2.6554,-17.6878,171.0736,-0.7712,0.1328,-0.6225,0.9980,12,37.540344,4.1114,-0.4985
BiancaGolden_GrandPlies,211.0812,-49.9221,214.3617,-2.7327,-17.7226,170.9784,-0.7719,0.1324,-0.6218,0.9980,12,37.555355,4.1108,-0.4992
BiancaGolden_GrandPlies,211.0142,-49.9585,214.4028,-2.7908,-17.6306,170.8345,-0.7732,0.1340,-0.6199,0.9980,13,37.567661,4.1101,-0.4996
BiancaGolden_GrandPlies,210.9720,-49.9666,214.4005,-2.7944,-17.4919,170.7156,-0.7749,0.1358,-0.6174,0.9980,13,37.582577,4.1097,-0.4997
BiancaGolden_GrandPlies,210.9645,-49.9428,214.3482,-2.7302,-17.3112,170.6363,-0.7762,0.1368,-0.6155,0.9980,14,37.595882,4.1096,-0.4994
BiancaGolden_GrandPlies,210.9766,-49.8928,214.2569,-2.6237,-17.1573,170.5897,-0.7792,0.1369,-0.6116,0.9980,14,37.610218,4.1098,-0.4989
BiancaGolden_GrandPlies,210.9879,-49.8362,214.1478,-2.5298,-17.0307,170.5999,-0.7797,0.1347,-0.6114,0.9980,14,37.624142,4.1099,-0.4984
BiancaGolden_GrandPlies,210.9920,-49.7422,214.0275,-2.4677,-16.9392,170.6566,-0.7810,0.1335,-0.6101,0.9980,15,37.637379,4.1099,-0.4974
BiancaGolden_GrandPlies,211.0336,-49.6515,213.8445,-2.4385,-16.8477,170.7486,-0.7792,0.1309,-0.6129,0.9980,15,37.650940,4.1103,-0.4965
BiancaGolden_GrandPlies,211.1212,-49.5362,213.6001,-2.4126,-16.8443,170.9288,-0.7769,0.1269,-0.6166,0.9980,16,37.667187,4.1112,-0.4954
BiancaGolden_GrandPlies,211.2401,-49.3966,213.4044,-2.3727,-17.1165,171.2034,-0.7698,0.1220,-0.6265,0.9980,16,37.679783,4.1124,-0.4940
BiancaGolden_GrandPlies,211.2689,-49.2456,213.3859,-2.3915,-17.6715,171.4735,-0.7628,0.1161,-0.6361,0.9980,17,37.693455,4.1127,-0.4925
BiancaGolden_GrandPlies,211.2542,-49.0891,213.5895,-2.4206,-18.3462,171.8113,-0.7588,0.1085,-0.6422,0.9980,17,37.707935,4.1125,-0.4909
BiancaGolden_GrandPlies,211.3155,-49.0204,213.6728,-2.5011,-18.8017,172.1689,-0.7572,0.1021,-0.6451,0.9980,17,37.721001,4.1132,-0.4902
BiancaGolden_GrandPlies,211.4104,-48.9727,213.5065,-2.7558,-18.9940,172.4913,-0.7588,0.0974,-0.6439,0.9980,18,37.735180,4.1141,-0.4897
BiancaGolden_GrandPlies,211.4868,-48.9542,213.4049,-3.0765,-19.0820,172.7244,-0.7603,0.0950,-0.6426,0.9980,18,37.748444,4.1149,-0.4895
BiancaGolden_GrandPlies,211.4954,-48.9470,213.3704,-3.4749,-18.9029,172.7295,-0.7679,0.0965,-0.6333,0.9980,19,37.763920,4.1150,-0.4895
BiancaGolden_GrandPlies,211.4992,-48.9082,213.4520,-3.6760,-18.5644,172.6726,-0.7702,0.1057,-0.6290,0.9980,19,37.778511,4.1150,-0.4891
BiancaGolden_GrandPlies,211.5396,-48.9408,213.5378,-3.7222,-18.2665,172.4989,-0.7764,0.1096,-0.6207,0.9980,20,37.791168,4.1154,-0.4894
BiancaGolden_GrandPlies,211.6391,-49.0238,213.5756,-3.6674,-18.0801,172.3447,-0.7770,0.1108,-0.6196,0.9980,20,37.804539,4.1164,-0.4902
BiancaGolden_GrandPlies,211.7682,-49.1512,213.5971,-3.6105,-18.0445,172.3218,-0.7755,0.1169,-0.6205,0.9980,20,37.822311,4.1177,-0.4915
BiancaGolden_GrandPlies,211.9561,-49.3690,213.6241,-3.7163,-18.2156,172.3531,-0.7735,0.1151,-0.6233,0.9980,21,37.833439,4.1196,-0.4937
BiancaGolden_GrandPlies,212.1093,-49.5802,213.6908,-3.9252,-18.4190,172.3711,-0.7705,0.1134,-0.6273,0.9980,21,37.847321,4.1211,-0.4958
BiancaGolden_GrandPlies,212.2308,-49.8088,213.8411,-4.1382,-18.6867,172.3730,-0.7696,0.1141,-0.6282,0.9980,22,37.861546,4.1223,-0.4981
BiancaGolden_GrandPlies,212.3182,-50.0501,214.0076,-4.1769,-18.7580,172.2915,-0.7701,0.1144,-0.6276,0.9980,22,37.874325,4.1232,-0.5005
BiancaGolden_GrandPlies,212.3941,-50.3142,214.1383,-4.0301,-18.6109,172.1054,-0.7727,0.1225,-0.6229,0.9980,22,37.889740,4.1239,-0.5031
BiancaGolden_GrandPlies,212.4634,-50.6237,214.2464,-3.9002,-18.3037,171.8552,-0.7857,0.1347,-0.6037,0.9980,23,37.902340,4.1246,-0.5062
BiancaGolden_GrandPlies,212.5329,-50.9701,214.3210,-3.7018,-17.8215,171.5499,-0.7967,0.1885,-0.5742,0.9980,23,37.915733,4.1253,-0.5097
BiancaGolden_GrandPlies,212.6156,-51.3502,214.3528,-3.4922,-17.3543,171.2662,-0.7991,0.1936,-0.5691,0.9980,24,37.931099,4.1262,-0.5135
BiancaGolden_GrandPlies,212.7049,-51.7456,214.3874,-3.2303,-17.0272,171.0479,-0.8048,0.2024,-0.5580,0.9980,24,37.944546,4.1270,-0.5175
BiancaGolden_GrandPlies,212.8083,-52.1880,214.4262,-2.9632,-16.8420,170.8922,-0.8052,0.2056,-0.5562,0.9980,25,37.958549,4.1281,-0.5219
BiancaGolden_GrandPlies,212.8994,-52.6790,214.4461,-2.7452,-16.7515,170.7498,-0.8041,0.2069,-0.5573,0.9980,25,37.971825,4.1290,-0.5268
BiancaGolden_GrandPlies,212.9910,-53.1768,214.4426,-2.5371,-16.7305,170.6195,-0.7984,0.2084,-0.5649,0.9980,25,37.988148,4.1299,-0.5318
BiancaGolden_GrandPlies,213.0682,-53.7042,214.4137,-2.3942,-16.7046,170.4965,-0.7979,0.2121,-0.5642,0.9980,26,37.998848,4.1307,-0.5370
BiancaGolden_GrandPlies,213.1256,-54.2459,214.3913,-2.2534,-16.6695,170.2882,-0.7946,0.2172,-0.5669,0.9980,26,38.012894,4.1313,-0.5425
BiancaGolden_GrandPlies,213.1499,-54.8011,214.3720,-2.1748,-16.5954,170.0577,-0.7915,0.2213,-0.5696,0.9980,27,38.027969,4.1315,-0.5480
BiancaGolden_GrandPlies,213.1518,-55.3811,214.3440,-2.0860,-16.4523,169.7651,-0.7919,0.2263,-0.5672,0.9980,27,38.041313,4.1315,-0.5538
BiancaGolden_GrandPlies,213.1302,-55.9974,214.2821,-2.0353,-16.2538,169.4389,-0.7883,0.2212,-0.5741,0.9980,27,38.055748,4.1313,-0.5600
BiancaGolden_GrandPlies,213.1003,-56.6493,214.2103,-1.9764,-16.0274,169.0805,-0.7895,0.2221,-0.5721,0.9980,28,38.068577,4.1310,-0.5665
BiancaGolden_GrandPlies,213.0649,-57.3046,214.1302,-1.9416,-15.8369,168.7647,-0.7897,0.2271,-0.5699,0.9980,28,38.082680,4.1306,-0.5730
BiancaGolden_GrandPlies,212.9982,-58.0123,214.0382,-2.0087,-15.6790,168.3970,-0.7886,0.2312,-0.5698,0.9980,29,38.097076,4.1300,-0.5801
BiancaGolden_GrandPlies,212.9295,-58.7399,213.9321,-2.1130,-15.5790,168.0545,-0.7872,0.2343,-0.5705,0.9980,29,38.112911,4.1293,-0.5874
BiancaGolden_GrandPlies,212.8541,-59.5012,213.8216,-2.2058,-15.4832,167.7071,-0.7868,0.2340,-0.5712,0.9980,30,38.125793,4.1285,-0.5950
BiancaGolden_GrandPlies,212.7693,-60.3052,213.7024,-2.3472,-15.3968,167.2909,-0.7854,0.2383,-0.5713,0.9980,30,38.137936,4.1277,-0.6031
BiancaGolden_GrandPlies,212.6660,-61.1562,213.6020,-2.6296,-15.3905,166.8647,-0.7844,0.2273,-0.5772,0.9980,30,38.154667,4.1267,-0.6116
BiancaGolden_GrandPlies,212.5668,-62.0252,213.5127,-2.9104,-15.3686,166.4356,-0.7814,0.2311,-0.5797,0.9980,31,38.167503,4.1257,-0.6203
BiancaGolden_GrandPlies,212.4590,-62.9021,213.4602,-3.1280,-15.5350,166.0318,-0.7764,0.2343,-0.5850,0.9980,31,38.179905,4.1246,-0.6290
BiancaGolden_GrandPlies,212.3216,-63.7805,213.5123,-3.2890,-15.7994,165.6524,-0.7700,0.2371,-0.5924,0.9980,32,38.195305,4.1232,-0.6378
BiancaGolden_GrandPlies,212.1513,-64.6507,213.6987,-3.5014,-16.0223,165.2354,-0.7666,0.2443,-0.5938,0.9980,32,38.208813,4.1215,-0.6465
BiancaGolden_GrandPlies,212.0048,-65.5372,213.8823,-3.7116,-16.1140,164.7553,-0.7679,0.2465,-0.5913,0.9980,32,38.222355,4.1200,-0.6554
BiancaGolden_GrandPlies,211.9843,-66.4043,213.8384,-3.7709,-15.9637,164.3993,-0.7693,0.2515,-0.5873,0.9980,33,38.236259,4.1198,-0.6640
BiancaGolden_GrandPlies,212.0333,-67.2707,213.7258,-3.5360,-15.8335,164.1007,-0.7692,0.2559,-0.5856,0.9980,33,38.249908,4.1203,-0.6727
BiancaGolden_GrandPlies,212.0456,-68.0898,213.7421,-3.1684,-15.9395,163.9396,-0.7685,0.2593,-0.5850,0.9980,34,38.265110,4.1205,-0.6809
BiancaGolden_GrandPlies,212.0398,-68.8516,213.8922,-2.9125,-15.9084,163.8042,-0.7673,0.2607,-0.5859,0.9980,34,38.278240,4.1204,-0.6885
BiancaGolden_GrandPlies,211.9862,-69.5684,214.1136,-2.7734,-15.8251,163.6070,-0.7708,0.2646,-0.5795,0.9980,35,38.292747,4.1199,-0.6957
BiancaGolden_GrandPlies,211.9248,-70.2080,214.2791,-2.6363,-15.5348,163.4791,-0.7741,0.2682,-0.5735,0.9980,35,38.305782,4.1192,-0.7021
BiancaGolden_GrandPlies,211.8810,-70.8222,214.3989,-2.5207,-15.1585,163.3502,-0.7789,0.2679,-0.5670,0.9980,35,38.323128,4.1188,-0.7082
BiancaGolden_GrandPlies,211.8410,-71.3967,214.5498,-2.4140,-14.8443,163.2248,-0.7805,0.2704,-0.5636,0.9980,36,38.334274,4.1184,-0.7140
BiancaGolden_GrandPlies,211.7942,-71.9432,214.7223,-2.3635,-14.6083,163.1090,-0.7820,0.2718,-0.5609,0.9980,36,38.347198,4.1179,-0.7194
BiancaGolden_GrandPlies,211.7733,-72.4353,214.8697,-2.3522,-14.4211,163.0151,-0.7810,0.2681,-0.5640,0.9980,37,38.362701,4.1177,-0.7244
BiancaGolden_GrandPlies,211.7691,-72.9081,214.9807,-2.3554,-14.3142,162.9277,-0.7799,0.2684,-0.5654,0.9980,37,38.375050,4.1177,-0.7291
BiancaGolden_GrandPlies,211.8014,-73.3320,215.0443,-2.3447,-14.3214,162.8795,-0.7749,0.2677,-0.5726,0.9980,37,38.389114,4.1180,-0.7333
BiancaGolden_GrandPlies,211.8486,-73.7315,215.1098,-2.3377,-14.4464,162.8931,-0.7708,0.2662,-0.5788,0.9980,38,38.402931,4.1185,-0.7373
BiancaGolden_GrandPlies,211.8951,-74.1038,215.1839,-2.3901,-14.6902,162.8913,-0.7659,0.2601,-0.5880,0.9980,38,38.416336,4.1190,-0.7410
BiancaGolden_GrandPlies,211.9212,-74.4433,215.2748,-2.5574,-14.9336,162.8494,-0.7643,0.2593,-0.5905,0.9980,39,38.431137,4.1192,-0.7444
BiancaGolden_GrandPlies,211.9324,-74.7284,215.3784,-2.6503,-15.1051,162.8260,-0.7626,0.2592,-0.5926,0.9980,39,38.444607,4.1193,-0.7473
BiancaGolden_GrandPlies,211.9489,-74.9928,215.4585,-2.6959,-15.1406,162.7683,-0.7619,0.2619,-0.5923,0.9980,40,38.460342,4.1195,-0.7499
BiancaGolden_GrandPlies,211.9769,-75.2383,215.5184,-2.7464,-15.1177,162.6624,-0.7627,0.2656,-0.5897,0.9980,40,38.472622,4.1198,-0.7524
BiancaGolden_GrandPlies,212.0281,-75.4421,215.5444,-2.7886,-15.0384,162.5928,-0.7627,0.2685,-0.5884,0.9980,40,38.488960,4.1203,-0.7544
BiancaGolden_GrandPlies,212.0793,-75.6304,215.5653,-2.8029,-14.9434,162.5058,-0.7634,0.2697,-0.5870,0.9980,41,38.500294,4.1208,-0.7563
BiancaGolden_GrandPlies,212.1440,-75.7896,215.5781,-2.8063,-14.8462,162.4361,-0.7617,0.2696,-0.5892,0.9980,41,38.514427,4.1214,-0.7579
BiancaGolden_GrandPlies,212.2039,-75.9043,215.6006,-2.8097,-14.7812,162.3946,-0.7613,0.2694,-0.5898,0.9980,42,38.527958,4.1220,-0.7590
BiancaGolden_GrandPlies,212.2737,-75.9839,215.5942,-2.8198,-14.7734,162.3551,-0.7610,0.2699,-0.5899,0.9980,42,38.543686,4.1227,-0.7598
BiancaGolden_GrandPlies,212.3518,-76.0266,215.5384,-2.7412,-14.7844,162.3476,-0.7620,0.2732,-0.5871,0.9980,43,38.558990,4.1235,-0.7603
BiancaGolden_GrandPlies,212.5000,-76.1036,215.4287,-2.5854,-14.7719,162.3355,-0.7623,0.2730,-0.5869,0.9980,43,38.572792,4.1250,-0.7610
BiancaGolden_GrandPlies,212.5723,-76.0676,215.3057,-2.4549,-14.7618,162.4196,-0.7614,0.2720,-0.5885,0.9980,43,38.586567,4.1257,-0.7607
BiancaGolden_GrandPlies,212.6524,-76.0090,215.1946,-2.3204,-14.7254,162.5144,-0.7625,0.2702,-0.5879,0.9980,44,38.599617,4.1265,-0.7601
BiancaGolden_GrandPlies,212.7303,-75.8978,215.0461,-2.2643,-14.6845,162.6850,-0.7635,0.2692,-0.5870,0.9980,44,38.613892,4.1273,-0.7590
BiancaGolden_GrandPlies,212.7296,-75.8282,215.0027,-2.2633,-14.6144,162.7829,-0.7639,0.2657,-0.5881,0.9980,45,38.627724,4.1273,-0.7583
BiancaGolden_GrandPlies,212.8442,-75.7360,214.8243,-2.1988,-14.5749,162.9967,-0.7599,0.2625,-0.5947,0.9980,45,38.640598,4.1284,-0.7574
BiancaGolden_GrandPlies,212.9416,-75.6333,214.7161,-2.1601,-14.7514,163.2461,-0.7553,0.2559,-0.6034,0.9980,45,38.655201,4.1294,-0.7563
BiancaGolden_GrandPlies,212.8806,-75.4470,214.8924,-2.1607,-15.3750,163.4920,-0.7545,0.2510,-0.6065,0.9980,46,38.668121,4.1288,-0.7545
BiancaGolden_GrandPlies,212.7314,-75.2430,215.3647,-2.2258,-15.6198,163.7977,-0.7603,0.2501,-0.5995,0.9980,46,38.681946,4.1273,-0.7524
BiancaGolden_GrandPlies,212.7332,-75.2229,215.3133,-2.4174,-15.1558,163.7440,-0.7648,0.2487,-0.5943,0.9980,47,38.697170,4.1273,-0.7522
BiancaGolden_GrandPlies,212.8242,-75.2017,214.9574,-2.6437,-14.5942,163.8745,-0.7719,0.2471,-0.5858,0.9980,47,38.710220,4.1282,-0.7520
BiancaGolden_GrandPlies,212.9038,-75.2225,214.6372,-2.9349,-13.9815,163.9877,-0.7957,0.2550,-0.5493,0.9980,47,38.723717,4.1290,-0.7522
BiancaGolden_GrandPlies,213.0198,-75.2798,214.4194,-3.3321,-13.6015,163.9456,-0.8124,0.2682,-0.5178,0.9980,48,38.736176,4.1302,-0.7528
BiancaGolden_GrandPlies,213.0590,-75.3403,214.4491,-3.7929,-13.4826,163.6936,-0.8109,0.2688,-0.5198,0.9980,48,38.751022,4.1306,-0.7534
BiancaGolden_GrandPlies,213.1421,-75.4112,214.6083,-4.2343,-13.6214,163.4658,-0.8095,0.2718,-0.5203,0.9980,49,38.765202,4.1314,-0.7541
BiancaGolden_GrandPlies,213.2412,-75.5238,214.7271,-4.2875,-14.0661,163.2571,-0.8085,0.2675,-0.5241,0.9980,49,38.778759,4.1324,-0.7552
BiancaGolden_GrandPlies,213.4146,-75.7022,214.6659,-4.1360,-14.5070,163.2934,-0.8040,0.2663,-0.5317,0.9980,50,38.794254,4.1341,-0.7570
BiancaGolden_GrandPlies,213.5869,-75.9958,214.5475,-4.1507,-14.8350,163.2610,-0.7994,0.2650,-0.5392,0.9980,50,38.807220,4.1359,-0.7600
BiancaGolden_GrandPlies,213.7724,-76.2926,214.4656,-4.2986,-15.1984,163.2991,-0.7956,0.2665,-0.5441,0.9980,50,38.824387,4.1377,-0.7629
BiancaGolden_GrandPlies,213.8878,-76.6321,214.4586,-4.5481,-15.4363,163.2175,-0.7937,0.2679,-0.5461,0.9980,51,38.835121,4.1389,-0.7663
BiancaGolden_GrandPlies,213.9936,-76.9285,214.5340,-4.7375,-15.5685,163.0180,-0.7928,0.2712,-0.5458,0.9980,51,38.846626,4.1399,-0.7693
BiancaGolden_GrandPlies,214.0919,-77.2635,214.6524,-4.8027,-15.5491,162.7685,-0.7953,0.2810,-0.5372,0.9980,52,38.863457,4.1409,-0.7726
BiancaGolden_GrandPlies,214.2029,-77.6336,214.7484,-4.7201,-15.4362,162.4911,-0.7981,0.2863,-0.5302,0.9980,52,38.877132,4.1420,-0.7763
BiancaGolden_GrandPlies,214.3425,-78.0618,214.7871,-4.5349,-15.2510,162.2686,-0.7993,0.2906,-0.5260,0.9980,52,38.889778,4.1434,-0.7806
BiancaGolden_GrandPlies,214.4746,-78.5309,214.8185,-4.3035,-15.0555,162.0905,-0.8004,0.2927,-0.5231,0.9980,53,38.903706,4.1447,-0.7853
BiancaGolden_GrandPlies,214.6011,-78.9860,214.8663,-4.1019,-14.8688,161.9847,-0.8023,0.2973,-0.5176,0.9980,53,38.916458,4.1460,-0.7899
BiancaGolden_GrandPlies,214.6866,-79.4670,214.9496,-3.8554,-14.5465,161.8234,-0.8066,0.3031,-0.5075,0.9980,54,38.932613,4.1469,-0.7947
BiancaGolden_GrandPlies,214.7646,-79.9599,215.0240,-3.6672,-14.1368,161.5989,-0.8092,0.3074,-0.5007,0.9980,54,38.943855,4.1476,-0.7996
BiancaGolden_GrandPlies,214.8190,-80.4736,215.0933,-3.5642,-13.6682,161.3061,-0.8112,0.3124,-0.4943,0.9980,54,38.957462,4.1482,-0.8047
BiancaGolden_GrandPlies,214.8680,-81.0167,215.1362,-3.4890,-13.2397,160.9575,-0.8106,0.3126,-0.4952,0.9980,55,38.971680,4.1487,-0.8102
BiancaGolden_GrandPlies,214.9078,-81.5889,215.1371,-3.4504,-12.8161,160.6079,-0.8103,0.3143,-0.4946,0.9980,55,38.986729,4.1491,-0.8159
BiancaGolden_GrandPlies,214.9465,-82.1918,215.0652,-3.3794,-12.3732,160.2429,-0.8119,0.3202,-0.4882,0.9980,56,39.001080,4.1495,-0.8219
BiancaGolden_GrandPlies,214.9745,-82.8260,214.9173,-3.2850,-11.9417,159.9502,-0.8138,0.3189,-0.4859,0.9980,56,39.015839,4.1497,-0.8283
BiancaGolden_GrandPlies,214.9707,-83.4765,214.7202,-3.2945,-11.5410,159.6411,-0.8114,0.3188,-0.4900,0.9980,57,39.028084,4.1497,-0.8348
BiancaGolden_GrandPlies,214.9402,-84.1188,214.5508,-3.3093,-11.2759,159.3679,-0.8081,0.3156,-0.4973,0.9980,57,39.041809,4.1494,-0.8412
BiancaGolden_GrandPlies,214.8922,-84.8234,214.3887,-3.4217,-11.1474,158.9891,-0.8016,0.3151,-0.5080,0.9980,57,39.056412,4.1489,-0.8482
BiancaGolden_GrandPlies,214.8213,-85.5206,214.2402,-3.5609,-11.1849,158.6571,-0.7950,0.3169,-0.5173,0.9980,58,39.069946,4.1482,-0.8552
BiancaGolden_GrandPlies,214.7569,-86.2165,214.1414,-3.6009,-11.3766,158.3220,-0.7895,0.3196,-0.5239,0.9980,58,39.083191,4.1476,-0.8622
BiancaGolden_GrandPlies,214.6070,-86.8607,214.1965,-3.6638,-11.8573,158.0152,-0.7804,0.3189,-0.5379,0.9980,59,39.097904,4.1461,-0.8686
BiancaGolden_GrandPlies,214.4102,-87.4992,214.4428,-3.8507,-12.4179,157.6465,-0.7763,0.3157,-0.5457,0.9980,59,39.112003,4.1441,-0.8750
BiancaGolden_GrandPlies,214.2393,-88.1898,214.5836,-4.3018,-12.6266,157.0188,-0.7726,0.3182,-0.5493,0.9980,60,39.126961,4.1424,-0.8819
BiancaGolden_GrandPlies,214.2093,-88.8094,214.5184,-4.6032,-12.7852,156.5979,-0.7684,0.3209,-0.5537,0.9980,60,39.140057,4.1421,-0.8881
BiancaGolden_GrandPlies,214.2005,-89.4228,214.3373,-4.7859,-12.8785,156.0614,-0.7673,0.3264,-0.5519,0.9980,60,39.153904,4.1420,-0.8942
BiancaGolden_GrandPlies,214.2462,-89.9159,214.1807,-4.9662,-12.8703,155.5904,-0.7650,0.3310,-0.5524,0.9980,61,39.169098,4.1425,-0.8992
BiancaGolden_GrandPlies,214.3338,-90.3740,214.1206,-5.3823,-12.7988,155.0559,-0.7647,0.3529,-0.5391,0.9980,61,39.180637,4.1433,-0.9037
BiancaGolden_GrandPlies,214.3909,-90.8542,214.2338,-6.1494,-12.8483,154.4047,-0.7681,0.3621,-0.5282,0.9980,62,39.196373,4.1439,-0.9085
BiancaGolden_GrandPlies,214.4519,-91.2953,214.3559,-6.9198,-12.9143,153.7443,-0.7675,0.3669,-0.5256,0.9980,62,39.210716,4.1445,-0.9130
BiancaGolden_GrandPlies,214.5439,-91.6889,214.4615,-7.3512,-12.9268,153.2340,-0.7710,0.3767,-0.5135,0.9980,63,39.226101,4.1454,-0.9169
BiancaGolden_GrandPlies,214.6276,-92.0913,214.5368,-7.3581,-12.9120,152.8281,-0.7707,0.3792,-0.5121,0.9980,63,39.238754,4.1463,-0.9209
BiancaGolden_GrandPlies,214.7142,-92.4728,214.6177,-7.0917,-12.8390,152.5300,-0.7688,0.3846,-0.5109,0.9980,63,39.253208,4.1471,-0.9247
BiancaGolden_GrandPlies,214.7768,-92.8531,214.7251,-6.7648,-12.7476,152.2725,-0.7707,0.3799,-0.5115,0.9980,64,39.265453,4.1478,-0.9285
BiancaGolden_GrandPlies,214.8201,-93.2230,214.8521,-6.5090,-12.6349,152.0098,-0.7697,0.3834,-0.5104,0.9980,64,39.278610,4.1482,-0.9322
BiancaGolden_GrandPlies,214.8535,-93.5481,214.9921,-6.3649,-12.5514,151.8524,-0.7686,0.3805,-0.5143,0.9980,65,39.293278,4.1485,-0.9355
BiancaGolden_GrandPlies,214.8928,-93.8445,215.1068,-6.2861,-12.5025,151.7034,-0.7678,0.3811,-0.5150,0.9980,65,39.306774,4.1489,-0.9384
BiancaGolden_GrandPlies,214.9599,-94.1103,215.1927,-6.0685,-12.5472,151.6603,-0.7723,0.3705,-0.5161,0.9980,66,39.324467,4.1496,-0.9411
BiancaGolden_GrandPlies,215.0421,-94.3609,215.2435,-5.7745,-12.6523,151.7320,-0.7716,0.3694,-0.5179,0.9980,66,39.334438,4.1504,-0.9436
BiancaGolden_GrandPlies,215.1405,-94.5844,215.2542,-5.4751,-12.7628,151.8847,-0.7710,0.3623,-0.5237,0.9980,66,39.348366,4.1514,-0.9458
BiancaGolden_GrandPlies,215.2301,-94.7605,215.2448,-5.2107,-12.9278,152.1150,-0.7744,0.3512,-0.5262,0.9980,67,39.362938,4.1523,-0.9476
BiancaGolden_GrandPlies,215.3228,-94.9032,215.2606,-5.0150,-13.1177,152.3249,-0.7768,0.3454,-0.5266,0.9980,67,39.375256,4.1532,-0.9490
BiancaGolden_GrandPlies,215.4058,-94.9810,215.2832,-5.0036,-13.3623,152.5139,-0.7765,0.3416,-0.5295,0.9980,67,39.390915,4.1541,-0.9498
BiancaGolden_GrandPlies,215.5123,-95.0264,215.2533,-4.9824,-13.5535,152.6581,-0.7763,0.3396,-0.5311,0.9980,68,39.403866,4.1551,-0.9503
BiancaGolden_GrandPlies,215.6137,-95.0274,215.1675,-4.9747,-13.6744,152.8076,-0.7777,0.3348,-0.5321,0.9980,68,39.417080,4.1561,-0.9503
BiancaGolden_GrandPlies,215.7203,-94.9861,215.0391,-4.9973,-13.7335,152.9329,-0.7755,0.3310,-0.5376,0.9980,69,39.432053,4.1572,-0.9499
BiancaGolden_GrandPlies,215.8179,-94.9417,214.9064,-5.0070,-13.7598,153.0526,-0.7763,0.3287,-0.5378,0.9980,69,39.445614,4.1582,-0.9494
BiancaGolden_GrandPlies,215.9321,-94.8658,214.7256,-5.0578,-13.7763,153.2106,-0.7772,0.3276,-0.5373,0.9980,70,39.460083,4.1593,-0.9487
BiancaGolden_GrandPlies,216.0520,-94.7537,214.4949,-5.1149,-13.8615,153.4162,-0.7773,0.3241,-0.5392,0.9980,70,39.474800,4.1605,-0.9475
BiancaGolden_GrandPlies,216.1803,-94.6052,214.3145,-5.1304,-14.0505,153.6682,-0.7746,0.3227,-0.5440,0.9980,70,39.489475,4.1618,-0.9461
BiancaGolden_GrandPlies,216.3105,-94.4312,214.1349,-5.0684,-14.3477,153.9728,-0.7734,0.3175,-0.5487,0.9980,71,39.502571,4.1631,-0.9443
BiancaGolden_GrandPlies,216.4346,-94.2638,213.9646,-5.0026,-14.6664,154.2830,-0.7684,0.3114,-0.5590,0.9980,71,39.516697,4.1643,-0.9426
BiancaGolden_GrandPlies,216.5086,-94.0395,213.9051,-4.9944,-15.3682,154.6359,-0.7685,0.3076,-0.5610,0.9980,72,39.531197,4.1651,-0.9404
BiancaGolden_GrandPlies,216.4558,-93.7370,214.0836,-5.1813,-15.6348,154.9647,-0.7671,0.3061,-0.5638,0.9980,72,39.544380,4.1646,-0.9374
BiancaGolden_GrandPlies,216.4897,-93.6502,214.0946,-5.5303,-15.8591,155.0194,-0.7683,0.2991,-0.5659,0.9980,73,39.558109,4.1649,-0.9365
BiancaGolden_GrandPlies,216.6400,-93.5257,213.8151,-5.9076,-16.1133,155.3754,-0.7749,0.3013,-0.5556,0.9980,73,39.572742,4.1664,-0.9353
BiancaGolden_GrandPlies,216.7923,-93.4914,213.5187,-6.1245,-16.1607,155.5282,-0.7752,0.2989,-0.5565,0.9980,73,39.587234,4.1679,-0.9349
BiancaGolden_GrandPlies,216.9510,-93.4771,213.2746,-6.2974,-16.2292,155.6247,-0.7730,0.3100,-0.5535,0.9980,74,39.601128,4.1695,-0.9348
BiancaGolden_GrandPlies,217.0379,-93.4268,213.2101,-6.5587,-16.2594,155.5645,-0.7726,0.3163,-0.5506,0.9980,74,39.614559,4.1704,-0.9343
BiancaGolden_GrandPlies,217.1332,-93.4373,213.2880,-6.8868,-16.3416,155.4200,-0.7741,0.3181,-0.5473,0.9980,75,39.628174,4.1713,-0.9344
BiancaGolden_GrandPlies,217.2212,-93.4969,213.3101,-7.1430,-16.4106,155.2955,-0.7751,0.3172,-0.5464,0.9980,75,39.643009,4.1722,-0.9350
BiancaGolden_GrandPlies,217.3820,-93.6051,213.2550,-7.2531,-16.6130,155.3861,-0.7756,0.3178,-0.5454,0.9980,75,39.656963,4.1738,-0.9361
BiancaGolden_GrandPlies,217.5189,-93.7927,213.1945,-7.3619,-16.8492,155.4526,-0.7739,0.3158,-0.5489,0.9980,76,39.669388,4.1752,-0.9379
BiancaGolden_GrandPlies,217.6662,-94.0025,213.1718,-7.5304,-17.0958,155.4681,-0.7707,0.3196,-0.5512,0.9980,76,39.683472,4.1767,-0.9400
BiancaGolden_GrandPlies,217.7897,-94.2585,213.1853,-7.6999,-17.3169,155.4872,-0.7663,0.3249,-0.5543,0.9980,77,39.698902,4.1779,-0.9426
BiancaGolden_GrandPlies,217.8984,-94.5170,213.2168,-7.7543,-17.4522,155.4520,-0.7669,0.3262,-0.5528,0.9980,77,39.711857,4.1790,-0.9452
BiancaGolden_GrandPlies,217.9921,-94.7974,213.2683,-7.7356,-17.4912,155.4279,-0.7689,0.3253,-0.5505,0.9980,78,39.727638,4.1799,-0.9480
BiancaGolden_GrandPlies,218.0877,-95.0989,213.3393,-7.5280,-17.3520,155.3804,-0.7729,0.3294,-0.5424,0.9980,78,39.739609,4.1809,-0.9510
BiancaGolden_GrandPlies,218.2020,-95.4506,213.3663,-7.3172,-17.1754,155.2951,-0.7737,0.3320,-0.5396,0.9980,78,39.753601,4.1820,-0.9545
BiancaGolden_GrandPlies,218.3249,-95.8106,213.3785,-7.0796,-16.9804,155.2277,-0.7742,0.3356,-0.5366,0.9980,79,39.766438,4.1832,-0.9581
BiancaGolden_GrandPlies,218.4599,-96.2139,213.3912,-6.8238,-16.8401,155.1859,-0.7742,0.3398,-0.5339,0.9980,79,39.780296,4.1846,-0.9621
BiancaGolden_GrandPlies,218.5608,-96.6483,213.4460,-6.5664,-16.7382,155.1335,-0.7752,0.3461,-0.5284,0.9980,80,39.796543,4.1856,-0.9665
BiancaGolden_GrandPlies,218.6519,-97.0940,213.5031,-6.4036,-16.7044,155.0841,-0.7742,0.3457,-0.5302,0.9980,80,39.810505,4.1865,-0.9709
BiancaGolden_GrandPlies,218.7316,-97.5482,213.5462,-6.2781,-16.6528,155.0980,-0.7746,0.3474,-0.5284,0.9980,81,39.827396,4.1873,-0.9755
BiancaGolden_GrandPlies,218.7995,-98.0260,213.5685,-6.1636,-16.5324,155.0380,-0.7753,0.3501,-0.5256,0.9980,81,39.838909,4.1880,-0.9803
BiancaGolden_GrandPlies,218.8455,-98.5180,213.5699,-6.0950,-16.3445,154.9114,-0.7771,0.3508,-0.5226,0.9980,81,39.851124,4.1885,-0.9852
BiancaGolden_GrandPlies,218.8817,-99.0184,213.5770,-6.0692,-16.1094,154.7270,-0.7774,0.3544,-0.5197,0.9980,82,39.864132,4.1888,-0.9902
BiancaGolden_GrandPlies,218.8951,-99.5645,213.5640,-6.0962,-15.8741,154.4977,-0.7751,0.3540,-0.5234,0.9980,82,39.878468,4.1890,-0.9956
BiancaGolden_GrandPlies,218.8943,-100.1051,213.5494,-6.0501,-15.6631,154.3028,-0.7733,0.3612,-0.5211,0.9980,83,39.893776,4.1889,-1.0011
BiancaGolden_GrandPlies,218.8986,-100.6856,213.5097,-6.0110,-15.4609,154.0948,-0.7735,0.3637,-0.5190,0.9980,83,39.905861,4.1890,-1.0069
BiancaGolden_GrandPlies,218.8884,-101.3120,213.4381,-6.0130,-15.3317,153.8310,-0.7717,0.3666,-0.5197,0.9980,83,39.921001,4.1889,-1.0131
BiancaGolden_GrandPlies,218.8909,-101.9401,213.3764,-6.0226,-15.3799,153.5979,-0.7685,0.3696,-0.5223,0.9980,84,39.934364,4.1889,-1.0194
BiancaGolden_GrandPlies,218.8823,-102.5871,213.3575,-5.9706,-15.5367,153.3546,-0.7653,0.3710,-0.5260,0.9980,84,39.947712,4.1888,-1.0259
BiancaGolden_GrandPlies,218.8634,-103.2084,213.3940,-5.8152,-15.8363,153.1627,-0.7596,0.3700,-0.5349,0.9980,85,39.962505,4.1886,-1.0321
BiancaGolden_GrandPlies,218.8314,-103.8628,213.4474,-5.6681,-16.0567,152.9563,-0.7585,0.3679,-0.5379,0.9980,85,39.977467,4.1883,-1.0386
BiancaGolden_GrandPlies,218.7812,-104.5491,213.4531,-5.6181,-16.1794,152.7007,-0.7582,0.3686,-0.5378,0.9980,85,39.991081,4.1878,-1.0455
BiancaGolden_GrandPlies,218.7485,-105.2029,213.4631,-5.4981,-16.1876,152.5005,-0.7573,0.3728,-0.5361,0.9980,86,40.004589,4.1875,-1.0520
BiancaGolden_GrandPlies,218.6852,-105.8541,213.4964,-5.3381,-16.0702,152.2743,-0.7592,0.3729,-0.5335,0.9980,86,40.018795,4.1869,-1.0585
BiancaGolden_GrandPlies,218.6488,-106.4872,213.5553,-5.2404,-15.9262,152.1359,-0.7571,0.3736,-0.5360,0.9980,87,40.032417,4.1865,-1.0649
BiancaGolden_GrandPlies,218.6252,-107.0993,213.6387,-4.9967,-15.7872,152.0411,-0.7538,0.3743,-0.5401,0.9980,87,40.047482,4.1863,-1.0710
BiancaGolden_GrandPlies,218.6005,-107.7594,213.6932,-4.8676,-15.7186,151.9024,-0.7542,0.3756,-0.5387,0.9980,88,40.061161,4.1860,-1.0776
BiancaGolden_GrandPlies,218.6221,-108.4006,213.6766,-4.6342,-15.6214,151.8551,-0.7540,0.3767,-0.5381,0.9980,88,40.074234,4.1862,-1.0840
BiancaGolden_GrandPlies,218.6477,-109.0656,213.6417,-4.4321,-15.5763,151.8497,-0.7535,0.3772,-0.5385,0.9980,88,40.088879,4.1865,-1.0907
BiancaGolden_GrandPlies,218.6780,-109.7225,213.6235,-4.2793,-15.5993,151.8535,-0.7552,0.3754,-0.5373,0.9980,89,40.100979,4.1868,-1.0972
BiancaGolden_GrandPlies,218.7115,-110.3691,213.6320,-4.1802,-15.6931,151.8871,-0.7578,0.3751,-0.5339,0.9980,89,40.115623,4.1871,-1.1037
BiancaGolden_GrandPlies,218.7418,-110.9928,213.6469,-4.0990,-15.7543,151.9325,-0.7575,0.3753,-0.5342,0.9980,90,40.130569,4.1874,-1.1099
BiancaGolden_GrandPlies,218.7675,-111.5881,213.6545,-4.0927,-15.7723,151.9151,-0.7494,0.3709,-0.5485,0.9980,90,40.144867,4.1877,-1.1159
BiancaGolden_GrandPlies,218.7626,-112.1675,213.6616,-4.0941,-15.6959,151.8293,-0.7090,0.3432,-0.6160,0.9980,91,40.158669,4.1876,-1.1217
BiancaGolden_GrandPlies,218.7531,-112.7283,213.6875,-4.1020,-15.4997,151.6941,-0.7102,0.3456,-0.6134,0.9980,91,40.172169,4.1875,-1.1273
BiancaGolden_GrandPlies,218.7380,-113.2858,213.7093,-4.0917,-15.3068,151.5845,-0.7252,0.3224,-0.6084,0.9980,91,40.185459,4.1874,-1.1329
BiancaGolden_GrandPlies,218.7561,-113.8283,213.6913,-4.0352,-15.1153,151.5316,-0.7256,0.3231,-0.6075,0.9980,92,40.201038,4.1876,-1.1383
BiancaGolden_GrandPlies,218.7740,-114.3533,213.6697,-3.9417,-15.0321,151.5364,-0.7273,0.3301,-0.6017,0.9980,92,40.212788,4.1877,-1.1435
BiancaGolden_GrandPlies,218.7826,-114.8486,213.6697,-3.7988,-15.0171,151.5712,-0.7203,0.3436,-0.6025,0.9980,93,40.229130,4.1878,-1.1485
BiancaGolden_GrandPlies,218.7910,-115.3226,213.6376,-3.7223,-14.9869,151.6143,-0.7324,0.3538,-0.5818,0.9980,93,40.242184,4.1879,-1.1532
BiancaGolden_GrandPlies,218.8027,-115.7728,213.5489,-3.6406,-14.8639,151.6409,-0.7336,0.3632,-0.5743,0.9980,93,40.255535,4.1880,-1.1577
BiancaGolden_GrandPlies,218.8291,-116.1948,213.4358,-3.5925,-14.7529,151.6253,-0.7344,0.3644,-0.5727,0.9980,94,40.269070,4.1883,-1.1619
BiancaGolden_GrandPlies,218.8643,-116.5905,213.3441,-3.5007,-14.6334,151.6122,-0.7357,0.3739,-0.5648,0.9980,94,40.282772,4.1886,-1.1659
BiancaGolden_GrandPlies,218.9077,-116.9795,213.2625,-3.5419,-14.6315,151.4694,-0.7387,0.3769,-0.5588,0.9980,95,40.297676,4.1891,-1.1698
BiancaGolden_GrandPlies,218.9587,-117.3425,213.2062,-3.5731,-14.7143,151.3969,-0.7422,0.3759,-0.5548,0.9980,95,40.311413,4.1896,-1.1734
BiancaGolden_GrandPlies,219.0072,-117.6964,213.1899,-3.6439,-14.9355,151.2992,-0.7397,0.3751,-0.5587,0.9980,96,40.328522,4.1901,-1.1770
BiancaGolden_GrandPlies,219.0529,-118.0107,213.2136,-3.6724,-15.2046,151.2569,-0.7366,0.3764,-0.5619,0.9980,96,40.339874,4.1905,-1.1801
BiancaGolden_GrandPlies,219.0828,-118.3035,213.2503,-3.7027,-15.4687,151.1893,-0.7333,0.3778,-0.5654,0.9980,96,40.352551,4.1908,-1.1830
BiancaGolden_GrandPlies,219.1327,-118.5849,213.3022,-3.7203,-15.7319,151.1297,-0.7306,0.3770,-0.5693,0.9980,97,40.366455,4.1913,-1.1858
BiancaGolden_GrandPlies,219.1787,-118.8490,213.3748,-3.7108,-16.0089,151.0895,-0.7301,0.3775,-0.5695,0.9980,97,40.379791,4.1918,-1.1885
BiancaGolden_GrandPlies,219.2338,-119.0800,213.4978,-3.6734,-16.2675,151.0739,-0.7302,0.3737,-0.5719,0.9980,98,40.395874,4.1923,-1.1908
BiancaGolden_GrandPlies,219.2735,-119.2927,213.6491,-3.5913,-16.4486,151.0644,-0.7293,0.3733,-0.5734,0.9980,98,40.407928,4.1927,-1.1929
BiancaGolden_GrandPlies,219.3388,-119.4940,213.7797,-3.5032,-16.5504,151.0911,-0.7337,0.3758,-0.5661,0.9980,98,40.422672,4.1934,-1.1949
BiancaGolden_GrandPlies,219.4158,-119.7256,213.8756,-3.4538,-16.6256,151.1500,-0.7348,0.3748,-0.5654,0.9980,99,40.434795,4.1942,-1.1973
BiancaGolden_GrandPlies,219.5034,-119.9423,213.9618,-3.4757,-16.7121,151.2283,-0.7345,0.3793,-0.5627,0.9980,99,40.449070,4.1950,-1.1994
BiancaGolden_GrandPlies,219.5954,-120.1155,214.0700,-3.4450,-16.7539,151.4046,-0.7357,0.3774,-0.5624,0.9980,100,40.465359,4.1960,-1.2012
BiancaGolden_GrandPlies,219.6806,-120.2339,214.1930,-3.3165,-16.7440,151.6153,-0.7386,0.3768,-0.5590,0.9980,100,40.478165,4.1968,-1.2023
BiancaGolden_GrandPlies,219.7644,-120.3583,214.2696,-3.1439,-16.6320,151.8110,-0.7405,0.3787,-0.5552,0.9980,101,40.493252,4.1976,-1.2036
BiancaGolden_GrandPlies,219.8588,-120.4874,214.2744,-3.0291,-16.4683,151.9909,-0.7436,0.3779,-0.5516,0.9980,101,40.505432,4.1986,-1.2049
BiancaGolden_GrandPlies,219.9713,-120.5538,214.2186,-2.9165,-16.3263,152.2970,-0.7487,0.3765,-0.5456,0.9980,101,40.519970,4.1997,-1.2055
BiancaGolden_GrandPlies,220.0953,-120.6418,214.1477,-2.8420,-16.2097,152.5664,-0.7515,0.3713,-0.5453,0.9980,102,40.533428,4.2010,-1.2064
BiancaGolden_GrandPlies,220.2375,-120.6879,214.0122,-2.8246,-16.1952,152.9903,-0.7545,0.3615,-0.5479,0.9980,102,40.546627,4.2024,-1.2069
BiancaGolden_GrandPlies,220.3850,-120.7148,213.8159,-2.7804,-16.1921,153.7162,-0.7586,0.3494,-0.5499,0.9980,103,40.562183,4.2039,-1.2071
BiancaGolden_GrandPlies,220.5099,-120.7224,213.6230,-3.0006,-16.3340,154.5061,-0.7643,0.3349,-0.5511,0.9980,103,40.575703,4.2051,-1.2072
BiancaGolden_GrandPlies,220.6404,-120.7086,213.4141,-3.5023,-16.4202,155.3989,-0.7896,0.2747,-0.5487,0.9980,103,40.589516,4.2064,-1.2071
BiancaGolden_GrandPlies,220.7856,-120.6486,213.1818,-3.9235,-16.5673,156.2528,-0.8161,0.2094,-0.5385,0.9980,104,40.602818,4.2079,-1.2065
BiancaGolden_GrandPlies,221.0039,-120.5838,212.9036,-4.4010,-16.6753,157.0712,-0.8224,0.1992,-0.5329,0.9980,104,40.617409,4.2100,-1.2058
BiancaGolden_GrandPlies,221.1917,-120.5263,212.6319,-4.8475,-16.8534,157.6762,-0.8221,0.1896,-0.5369,0.9980,105,40.631279,4.2119,-1.2053
BiancaGolden_GrandPlies,221.2360,-120.3597,212.5000,-5.3288,-17.0307,158.1376,-0.8259,0.2016,-0.5265,0.9980,105,40.645195,4.2124,-1.2036
BiancaGolden_GrandPlies,221.3063,-120.2466,212.4222,-5.6300,-16.5887,158.3745,-0.8291,0.1987,-0.5226,0.9980,106,40.660385,4.2131,-1.2025
BiancaGolden_GrandPlies,221.4699,-120.2413,212.1806,-5.7797,-16.3414,158.5913,-0.8327,0.2012,-0.5158,0.9980,106,40.673409,4.2147,-1.2024
BiancaGolden_GrandPlies,221.6435,-120.3082,211.8938,-5.9710,-16.1744,158.8908,-0.8304,0.2054,-0.5180,0.9980,106,40.687302,4.2164,-1.2031
BiancaGolden_GrandPlies,221.7980,-120.4542,211.7138,-6.3660,-16.3517,159.1753,-0.8289,0.1995,-0.5227,0.9980,107,40.700653,4.2180,-1.2045
BiancaGolden_GrandPlies,221.8840,-120.6345,211.7068,-6.8929,-16.7046,159.5137,-0.8281,0.1899,-0.5274,0.9980,107,40.714592,4.2188,-1.2063
BiancaGolden_GrandPlies,221.9759,-120.8385,211.7528,-7.3791,-17.0840,159.9549,-0.8375,0.1295,-0.5309,0.9980,108,40.730240,4.2198,-1.2084
BiancaGolden_GrandPlies,222.0677,-121.1069,211.7592,-7.9102,-17.3152,160.3711,-0.8373,0.1221,-0.5330,0.9980,108,40.742561,4.2207,-1.2111
BiancaGolden_GrandPlies,222.1915,-121.4226,211.7422,-8.2587,-17.5227,160.7401,-0.8294,0.0566,-0.5558,0.9980,108,40.757622,4.2219,-1.2142
BiancaGolden_GrandPlies,222.3307,-121.8010,211.8017,-8.3490,-17.8196,161.1897,-0.8123,-0.0020,-0.5832,0.9980,109,40.769745,4.2233,-1.2180
BiancaGolden_GrandPlies,222.4607,-122.2089,211.9023,-8.4602,-18.1170,161.7397,-0.8043,-0.0738,-0.5896,0.9980,109,40.784386,4.2246,-1.2221
BiancaGolden_GrandPlies,222.5451,-122.6675,212.0794,-8.5533,-18.3283,162.2865,-0.7893,-0.1271,-0.6007,0.9980,110,40.798897,4.2255,-1.2267
BiancaGolden_GrandPlies,222.6127,-123.0991,212.2908,-8.6134,-18.3348,162.8890,-0.7862,-0.1370,-0.6026,0.9980,110,40.812801,4.2261,-1.2310
BiancaGolden_GrandPlies,222.7024,-123.5188,212.5510,-8.5039,-18.2019,163.4470,-0.7870,-0.1401,-0.6008,0.9980,111,40.829979,4.2270,-1.2352
BiancaGolden_GrandPlies,222.8163,-123.9091,212.8345,-8.0897,-17.8183,163.8483,-0.7881,-0.1409,-0.5992,0.9980,111,40.840084,4.2282,-1.2391
BiancaGolden_GrandPlies,222.9166,-124.3168,213.0564,-7.7362,-17.5288,164.1066,-0.7967,-0.1273,-0.5908,0.9980,111,40.854065,4.2292,-1.2432
BiancaGolden_GrandPlies,223.0173,-124.7605,213.2494,-7.3320,-17.1097,164.1525,-0.7992,-0.1044,-0.5919,0.9980,112,40.866329,4.2302,-1.2476
BiancaGolden_GrandPlies,223.0896,-125.2000,213.4388,-6.9592,-16.6785,164.2169,-0.8027,-0.0920,-0.5892,0.9980,112,40.881096,4.2309,-1.2520
BiancaGolden_GrandPlies,223.1589,-125.6762,213.5942,-6.6693,-16.1892,164.2451,-0.8063,-0.0898,-0.5847,0.9980,113,40.895725,4.2316,-1.2568
BiancaGolden_GrandPlies,223.1908,-126.1887,213.7251,-6.5539,-15.7974,164.2084,-0.8086,-0.0816,-0.5826,0.9980,113,40.911015,4.2319,-1.2619
BiancaGolden_GrandPlies,223.1816,-126.7031,213.8248,-6.5161,-15.4474,164.2490,-0.8108,-0.0821,-0.5796,0.9980,114,40.924747,4.2318,-1.2670
BiancaGolden_GrandPlies,223.1853,-127.2604,213.8914,-6.5053,-15.1924,164.3540,-0.8074,-0.0710,-0.5857,0.9980,114,40.937687,4.2319,-1.2726
BiancaGolden_GrandPlies,223.1903,-127.8487,213.9042,-6.4380,-15.0542,164.5759,-0.8047,-0.0761,-0.5888,0.9980,114,40.951775,4.2319,-1.2785
BiancaGolden_GrandPlies,223.1906,-128.4735,213.8516,-6.3734,-15.0093,164.9306,-0.7672,-0.1249,-0.6291,0.9980,115,40.965080,4.2319,-1.2847
BiancaGolden_GrandPlies,223.1693,-129.1197,213.8322,-6.4084,-15.0953,165.3789,-0.7296,-0.1620,-0.6645,0.9980,115,40.979843,4.2317,-1.2912
BiancaGolden_GrandPlies,223.0797,-129.7610,213.8033,-6.5672,-15.1030,165.8689,-0.7290,-0.1692,-0.6633,0.9980,116,40.994137,4.2308,-1.2976
BiancaGolden_GrandPlies,222.9752,-130.3938,213.8231,-6.7909,-15.1134,166.2974,-0.7175,-0.1893,-0.6703,0.9980,116,41.007034,4.2298,-1.3039
BiancaGolden_GrandPlies,222.8106,-131.0096,213.9153,-7.1100,-14.9853,166.6830,-0.7198,-0.1866,-0.6687,0.9980,116,41.020882,4.2281,-1.3101
BiancaGolden_GrandPlies,222.6390,-131.6225,213.9880,-7.4373,-14.7612,166.9357,-0.7210,-0.1920,-0.6658,0.9980,117,41.035728,4.2264,-1.3162
BiancaGolden_GrandPlies,222.4636,-132.2049,214.0280,-7.6764,-14.6018,167.2196,-0.7142,-0.1902,-0.6736,0.9980,117,41.048389,4.2246,-1.3220
BiancaGolden_GrandPlies,222.2759,-132.8176,214.0910,-7.8550,-14.5176,167.4405,-0.7116,-0.1877,-0.6771,0.9980,118,41.064453,4.2228,-1.3282
BiancaGolden_GrandPlies,222.0980,-133.4306,214.1612,-7.9636,-14.5222,167.7251,-0.7119,-0.1920,-0.6755,0.9980,118,41.077930,4.2210,-1.3343
BiancaGolden_GrandPlies,221.9416,-134.0758,214.1184,-8.1258,-14.4630,167.9794,-0.7035,-0.1885,-0.6852,0.9980,119,41.091183,4.2194,-1.3408
BiancaGolden_GrandPlies,221.8242,-134.7331,214.0050,-8.2698,-14.4299,168.2447,-0.7009,-0.1814,-0.6898,0.9980,119,41.104115,4.2182,-1.3473
BiancaGolden_GrandPlies,221.7233,-135.3612,213.8889,-8.3164,-14.4189,168.5428,-0.6991,-0.1807,-0.6918,0.9980,119,41.119350,4.2172,-1.3536
BiancaGolden_GrandPlies,221.6656,-135.9608,213.7710,-8.1688,-14.5119,168.9432,-0.6957,-0.1848,-0.6941,0.9980,120,41.133099,4.2167,-1.3596
BiancaGolden_GrandPlies,221.6141,-136.5561,213.6876,-8.0657,-14.6717,169.3210,-0.6927,-0.1701,-0.7009,0.9980,120,41.145725,4.2161,-1.3656
BiancaGolden_GrandPlies,221.5571,-137.1337,213.6131,-8.0740,-14.8003,169.6407,-0.6926,-0.1739,-0.7001,0.9980,121,41.161442,4.2156,-1.3713
BiancaGolden_GrandPlies,221.4725,-137.6741,213.5334,-8.1291,-14.7589,169.9321,-0.6937,-0.1764,-0.6984,0.9980,121,41.175381,4.2147,-1.3767
BiancaGolden_GrandPlies,221.3901,-138.1830,213.4554,-8.1492,-14.6130,170.1400,-0.6986,-0.1564,-0.6982,0.9980,121,41.188103,4.2139,-1.3818
BiancaGolden_GrandPlies,221.3245,-138.6690,213.4046,-8.2299,-14.4124,170.3203,-0.6998,-0.1453,-0.6994,0.9980,122,41.202126,4.2132,-1.3867
BiancaGolden_GrandPlies,221.2689,-139.1116,213.3643,-8.3300,-14.2795,170.4721,-0.7006,-0.1398,-0.6998,0.9980,122,41.215038,4.2127,-1.3911
BiancaGolden_GrandPlies,221.1936,-139.5238,213.2990,-8.3841,-14.1453,170.5933,-0.7001,-0.1344,-0.7013,0.9980,123,41.230114,4.2119,-1.3952
BiancaGolden_GrandPlies,221.1130,-139.8700,213.3056,-8.3805,-14.1380,170.6776,-0.6997,-0.1355,-0.7014,0.9980,123,41.244659,4.2111,-1.3987
BiancaGolden_GrandPlies,221.0388,-140.1950,213.3499,-8.4596,-14.1790,170.7059,-0.7021,-0.1319,-0.6997,0.9980,124,41.258434,4.2104,-1.4020
BiancaGolden_GrandPlies,220.9639,-140.4884,213.4176,-8.5592,-14.2288,170.6500,-0.7009,-0.1225,-0.7027,0.9980,124,41.271118,4.2096,-1.4049
BiancaGolden_GrandPlies,220.9033,-140.7356,213.4728,-8.5573,-14.2731,170.6125,-0.6937,-0.1171,-0.7107,0.9980,124,41.286247,4.2090,-1.4074
BiancaGolden_GrandPlies,220.8757,-140.9100,213.4843,-8.2753,-14.2641,170.5756,-0.6921,-0.1113,-0.7132,0.9980,125,41.300312,4.2088,-1.4091
BiancaGolden_GrandPlies,220.8860,-141.0647,213.4925,-7.9765,-14.3273,170.5127,-0.6910,-0.1045,-0.7152,0.9980,125,41.315880,4.2089,-1.4106
BiancaGolden_GrandPlies,220.8643,-141.1807,213.5808,-7.8068,-14.4361,170.3728,-0.6901,-0.1012,-0.7166,0.9980,126,41.328480,4.2086,-1.4118
BiancaGolden_GrandPlies,220.8439,-141.2504,213.6940,-7.7070,-14.5240,170.1641,-0.6931,-0.0877,-0.7155,0.9980,126,41.341267,4.2084,-1.4125
BiancaGolden_GrandPlies,220.8348,-141.2585,213.8110,-7.5861,-14.4966,169.8937,-0.6979,-0.0175,-0.7160,0.9980,126,41.356117,4.2083,-1.4126
BiancaGolden_GrandPlies,220.8709,-141.2307,213.8879,-7.4319,-14.4573,169.5267,-0.7975,0.0998,-0.5950,0.9980,127,41.368988,4.2087,-1.4123
BiancaGolden_GrandPlies,220.9121,-141.1749,213.9434,-7.2890,-14.4643,169.1578,-0.8629,0.1520,-0.4819,0.9980,127,41.382465,4.2091,-1.4117
BiancaGolden_GrandPlies,220.9366,-141.0786,213.9909,-7.0912,-14.4176,168.7725,-0.8570,0.2054,-0.4727,0.9980,128,41.397587,4.2094,-1.4108
BiancaGolden_GrandPlies,220.9738,-140.9359,214.0156,-6.9034,-14.2046,168.2716,-0.8575,0.2136,-0.4681,0.9980,128,41.412163,4.2097,-1.4094
BiancaGolden_GrandPlies,221.0156,-140.7700,214.0144,-6.7237,-13.9132,167.8059,-0.8602,0.2255,-0.4574,0.9980,129,41.426510,4.2102,-1.4077
BiancaGolden_GrandPlies,221.0931,-140.5658,213.9524,-6.4817,-13.5294,167.3100,-0.8546,0.2510,-0.4546,0.9980,129,41.438839,4.2109,-1.4057
BiancaGolden_GrandPlies,221.1795,-140.3839,213.8620,-6.2711,-13.2627,166.9046,-0.8559,0.2577,-0.4484,0.9980,129,41.452801,4.2118,-1.4038
BiancaGolden_GrandPlies,221.2749,-140.1728,213.7597,-6.0593,-13.0688,166.5956,-0.8553,0.2616,-0.4472,0.9980,130,41.466831,4.2127,-1.4017
BiancaGolden_GrandPlies,221.3671,-139.9648,213.6688,-5.8781,-13.0005,166.3928,-0.9048,0.2276,-0.3598,0.9980,130,41.481087,4.2137,-1.3996
BiancaGolden_GrandPlies,221.4665,-139.7426,213.5631,-5.6650,-12.9866,166.2822,-0.9022,0.2295,-0.3652,0.9980,131,41.494591,4.2147,-1.3974
BiancaGolden_GrandPlies,221.5267,-139.5415,213.5313,-5.5587,-13.3176,166.1510,-0.8998,0.2303,-0.3705,0.9980,131,41.508831,4.2153,-1.3954
BiancaGolden_GrandPlies,221.4230,-139.2467,213.7969,-5.6378,-13.6450,166.0533,-0.8124,0.2631,-0.5204,0.9980,131,41.523716,4.2142,-1.3925
BiancaGolden_GrandPlies,221.4532,-139.1400,213.8560,-5.9689,-13.5299,165.7860,-0.7702,0.3638,-0.5239,0.9980,132,41.536762,4.2145,-1.3914
BiancaGolden_GrandPlies,221.5044,-139.0456,213.6326,-6.6335,-13.4256,165.5259,-0.7774,0.3989,-0.4864,0.9980,132,41.550465,4.2150,-1.3905
BiancaGolden_GrandPlies,221.5493,-139.0078,213.4385,-7.2387,-13.3426,165.1939,-0.7762,0.3999,-0.4875,0.9980,133,41.565105,4.2155,-1.3901
BiancaGolden_GrandPlies,221.5242,-138.9800,213.4232,-7.8917,-13.4202,164.8089,-0.7933,0.4097,-0.4504,0.9980,133,41.579060,4.2152,-1.3898
BiancaGolden_GrandPlies,221.4351,-138.8840,213.6181,-8.3009,-13.4020,164.5431,-0.7916,0.4136,-0.4498,0.9980,134,41.592804,4.2144,-1.3888
BiancaGolden_GrandPlies,221.3386,-138.8958,213.7955,-8.5844,-13.3090,164.1889,-0.7985,0.4196,-0.4317,0.9980,134,41.606609,4.2134,-1.3890
BiancaGolden_GrandPlies,221.2712,-138.9472,213.8034,-8.7622,-13.2343,163.8416,-0.8026,0.4176,-0.4260,0.9980,134,41.621368,4.2127,-1.3895
BiancaGolden_GrandPlies,221.2265,-139.0455,213.7393,-8.8675,-13.2805,163.4832,-0.7997,0.4212,-0.4279,0.9980,135,41.634438,4.2123,-1.3905
BiancaGolden_GrandPlies,221.1843,-139.2363,213.6934,-8.8642,-13.4219,163.0386,-0.7961,0.4242,-0.4317,0.9980,135,41.646950,4.2118,-1.3924
BiancaGolden_GrandPlies,221.1297,-139.4733,213.6800,-8.8550,-13.5484,162.6344,-0.7928,0.4296,-0.4323,0.9980,136,41.662144,4.2113,-1.3947
BiancaGolden_GrandPlies,221.0527,-139.7493,213.7418,-8.7093,-13.6189,162.2717,-0.7909,0.4333,-0.4321,0.9980,136,41.676739,4.2105,-1.3975
BiancaGolden_GrandPlies,220.9275,-140.0466,213.7945,-8.5199,-13.6481,161.9420,-0.7938,0.4275,-0.4326,0.9980,136,41.690620,4.2093,-1.4005
BiancaGolden_GrandPlies,220.7898,-140.3715,213.8303,-8.2924,-13.5254,161.6331,-0.7934,0.4351,-0.4256,0.9980,137,41.703621,4.2079,-1.4037
BiancaGolden_GrandPlies,220.6783,-140.7450,213.9001,-7.9716,-13.5727,161.3282,-0.7785,0.4641,-0.4226,0.9980,137,41.717300,4.2068,-1.4074
BiancaGolden_GrandPlies,220.5434,-141.1359,213.9286,-7.5039,-13.6304,160.9534,-0.7547,0.5009,-0.4236,0.9980,138,41.732777,4.2054,-1.4114
BiancaGolden_GrandPlies,220.4410,-141.5571,213.9266,-6.9632,-13.6527,160.5790,-0.7507,0.5090,-0.4210,0.9980,138,41.745972,4.2044,-1.4156
BiancaGolden_GrandPlies,220.2776,-141.9984,213.9218,-6.3240,-13.6420,160.1430,-0.7462,0.5175,-0.4189,0.9980,139,41.760078,4.2028,-1.4200
BiancaGolden_GrandPlies,220.0990,-142.4846,213.8850,-5.8330,-13.6241,159.6368,-0.7456,0.5190,-0.4180,0.9980,139,41.773083,4.2010,-1.4248
BiancaGolden_GrandPlies,219.9265,-142.9913,213.8251,-5.3937,-13.5950,159.0985,-0.7433,0.5244,-0.4154,0.9980,139,41.788071,4.1993,-1.4299
BiancaGolden_GrandPlies,219.7533,-143.5498,213.7742,-4.9986,-13.5724,158.5061,-0.7417,0.5276,-0.4141,0.9980,140,41.800575,4.1975,-1.4355
BiancaGolden_GrandPlies,219.5396,-144.1140,213.7429,-4.6877,-13.4780,157.9904,-0.7433,0.5291,-0.4094,0.9980,140,41.817318,4.1954,-1.4411
BiancaGolden_GrandPlies,219.2869,-144.7347,213.7311,-4.4888,-13.3278,157.4034,-0.7396,0.5373,-0.4053,0.9980,141,41.830051,4.1929,-1.4473
BiancaGolden_GrandPlies,219.0187,-145.3726,213.6884,-4.2929,-13.0691,156.8689,-0.7395,0.5401,-0.4018,0.9980,141,41.842999,4.1902,-1.4537
BiancaGolden_GrandPlies,218.7566,-146.0449,213.6235,-4.0801,-12.7848,156.3365,-0.7423,0.5397,-0.3972,0.9980,141,41.857216,4.1876,-1.4604
BiancaGolden_GrandPlies,218.4700,-146.7665,213.5446,-3.8274,-12.5535,155.7476,-0.7379,0.5474,-0.3947,0.9980,142,41.870468,4.1847,-1.4677
BiancaGolden_GrandPlies,218.1841,-147.5234,213.4614,-3.6360,-12.3040,155.1934,-0.7447,0.5401,-0.3920,0.9980,142,41.883766,4.1818,-1.4752
BiancaGolden_GrandPlies,217.8692,-148.3253,213.3564,-3.4805,-12.0941,154.6100,-0.7405,0.5420,-0.3974,0.9980,143,41.899696,4.1787,-1.4833
BiancaGolden_GrandPlies,217.5572,-149.1538,213.2568,-3.2936,-11.9523,154.0023,-0.7341,0.5513,-0.3964,0.9980,143,41.912754,4.1756,-1.4915
BiancaGolden_GrandPlies,217.2371,-150.0447,213.1451,-3.1072,-11.9156,153.3441,-0.7320,0.5537,-0.3970,0.9980,144,41.927879,4.1724,-1.5004
BiancaGolden_GrandPlies,216.8850,-150.9572,213.0411,-2.9500,-11.8426,152.7256,-0.7339,0.5511,-0.3972,0.9980,144,41.940983,4.1688,-1.5096
BiancaGolden_GrandPlies,216.5215,-151.8910,212.9522,-2.8784,-11.7314,152.1360,-0.7334,0.5500,-0.3995,0.9980,144,41.956249,4.1652,-1.5189
BiancaGolden_GrandPlies,216.1496,-152.8272,212.8462,-2.7928,-11.6093,151.5243,-0.7249,0.5546,-0.4086,0.9980,145,41.968277,4.1615,-1.5283
BiancaGolden_GrandPlies,215.7217,-153.7055,212.8425,-2.7760,-11.5975,150.8699,-0.7238,0.5542,-0.4110,0.9980,145,41.981754,4.1572,-1.5371
BiancaGolden_GrandPlies,215.1254,-154.5031,213.2128,-2.9644,-11.5406,150.1068,-0.7168,0.5662,-0.4070,0.9980,146,41.996628,4.1513,-1.5450
BiancaGolden_GrandPlies,214.5111,-155.3640,213.5525,-3.3193,-11.2399,149.1343,-0.7196,0.5693,-0.3975,0.9980,146,42.010063,4.1451,-1.5536
BiancaGolden_GrandPlies,214.1843,-156.2175,213.3956,-3.5916,-10.6228,148.5016,-0.7149,0.5783,-0.3931,0.9980,146,42.024315,4.1418,-1.5622
BiancaGolden_GrandPlies,213.8807,-157.0449,213.1490,-3.3609,-10.3760,147.9060,-0.7185,0.5747,-0.3916,0.9980,147,42.037643,4.1388,-1.5704
BiancaGolden_GrandPlies,213.6536,-157.8233,212.9203,-2.8575,-10.0096,147.6146,-0.7189,0.5718,-0.3953,0.9980,147,42.051315,4.1365,-1.5782
BiancaGolden_GrandPlies,213.4333,-158.5831,212.8510,-2.3948,-10.0877,147.1851,-0.7145,0.5750,-0.3985,0.9980,148,42.066235,4.1343,-1.5858
BiancaGolden_GrandPlies,213.2038,-159.2520,212.9133,-1.9246,-10.2299,146.9579,-0.7101,0.5786,-0.4013,0.9980,148,42.080204,4.1320,-1.5925
BiancaGolden_GrandPlies,212.9453,-159.8355,213.2001,-1.5326,-10.5567,146.7339,-0.7002,0.5991,-0.3882,0.9980,149,42.093319,4.1295,-1.5984
BiancaGolden_GrandPlies,212.7001,-160.3626,213.4582,-1.2812,-10.7159,146.5771,-0.7046,0.6057,-0.3698,0.9980,149,42.107464,4.1270,-1.6036
BiancaGolden_GrandPlies,212.5219,-160.8420,213.6575,-1.1919,-10.7366,146.4334,-0.7098,0.6104,-0.3515,0.9980,149,42.122486,4.1252,-1.6084
BiancaGolden_GrandPlies,212.3851,-161.2427,213.8041,-1.0569,-10.7031,146.3306,-0.7137,0.6072,-0.3491,0.9980,150,42.135525,4.1239,-1.6124
BiancaGolden_GrandPlies,212.2359,-161.6209,213.9817,-0.9558,-10.6281,146.2384,-0.7160,0.6055,-0.3473,0.9980,150,42.148197,4.1224,-1.6162
BiancaGolden_GrandPlies,212.0970,-161.9427,214.2075,-0.9929,-10.4445,146.2286,-0.7184,0.6051,-0.3432,0.9980,151,42.164494,4.1210,-1.6194
BiancaGolden_GrandPlies,211.9569,-162.2107,214.4989,-1.1528,-10.1726,146.3037,-0.7254,0.5991,-0.3390,0.9980,151,42.177944,4.1196,-1.6221
BiancaGolden_GrandPlies,211.8145,-162.4157,214.8229,-1.3473,-9.9277,146.4563,-0.7311,0.5934,-0.3367,0.9980,152,42.192234,4.1181,-1.6242
BiancaGolden_GrandPlies,211.7062,-162.6042,215.1263,-1.5691,-9.6651,146.6104,-0.7337,0.5924,-0.3328,0.9980,152,42.204586,4.1171,-1.6260
BiancaGolden_GrandPlies,211.6153,-162.7501,215.4022,-1.8326,-9.4009,146.6991,-0.7350,0.5921,-0.3306,0.9980,152,42.220131,4.1162,-1.6275
BiancaGolden_GrandPlies,211.5604,-162.8469,215.6182,-2.0553,-9.0759,146.7147,-0.7354,0.5933,-0.3273,0.9980,153,42.232548,4.1156,-1.6285
BiancaGolden_GrandPlies,211.4928,-162.8791,215.8121,-2.1439,-8.7263,146.6462,-0.7357,0.5958,-0.3220,0.9980,153,42.245861,4.1149,-1.6288
BiancaGolden_GrandPlies,211.4560,-162.8789,215.9689,-2.2014,-8.3960,146.5190,-0.7320,0.6013,-0.3205,0.9980,154,42.261932,4.1146,-1.6288
BiancaGolden_GrandPlies,211.4493,-162.8811,216.1092,-2.2585,-8.2095,146.3696,-0.7286,0.6008,-0.3290,0.9980,154,42.274471,4.1145,-1.6288
BiancaGolden_GrandPlies,211.4510,-162.8712,216.1825,-2.3090,-8.1003,146.2392,-0.7296,0.5983,-0.3313,0.9980,154,42.288757,4.1145,-1.6287
BiancaGolden_GrandPlies,211.4581,-162.8153,216.1998,-2.3707,-8.0396,146.1556,-0.7324,0.5935,-0.3337,0.9980,155,42.302261,4.1146,-1.6282
BiancaGolden_GrandPlies,211.4591,-162.6964,216.2194,-2.2548,-7.9820,146.1837,-0.7332,0.5899,-0.3382,0.9980,155,42.319061,4.1146,-1.6270
BiancaGolden_GrandPlies,211.4686,-162.5719,216.2152,-2.1688,-7.9047,146.2305,-0.7337,0.5895,-0.3380,0.9980,156,42.331509,4.1147,-1.6257
BiancaGolden_GrandPlies,211.4908,-162.4358,216.1768,-2.0814,-7.8851,146.2849,-0.7338,0.5845,-0.3463,0.9980,156,42.343922,4.1149,-1.6244
BiancaGolden_GrandPlies,211.4790,-162.2731,216.1266,-2.0523,-7.8722,146.3497,-0.7333,0.5824,-0.3508,0.9980,157,42.359882,4.1148,-1.6227
BiancaGolden_GrandPlies,211.4751,-162.1450,216.0769,-2.0969,-7.9184,146.4227,-0.7344,0.5799,-0.3527,0.9980,157,42.371643,4.1148,-1.6214
BiancaGolden_GrandPlies,211.4890,-162.0586,215.9854,-2.1304,-8.0333,146.5726,-0.7342,0.5746,-0.3617,0.9980,157,42.386101,4.1149,-1.6206
BiancaGolden_GrandPlies,211.4439,-161.9528,215.9790,-2.2636,-8.5539,146.8103,-0.7353,0.5676,-0.3704,0.9980,158,42.401627,4.1144,-1.6195
BiancaGolden_GrandPlies,211.3796,-161.7564,216.1634,-2.1607,-8.8958,147.0605,-0.7345,0.5683,-0.3709,0.9980,158,42.413578,4.1138,-1.6176
BiancaGolden_GrandPlies,211.3651,-161.6673,216.2298,-1.6820,-8.9679,147.1083,-0.7318,0.5681,-0.3763,0.9980,159,42.429100,4.1137,-1.6167
BiancaGolden_GrandPlies,211.3406,-161.5717,216.1511,-1.1907,-9.0286,147.1400,-0.7300,0.5715,-0.3748,0.9980,159,42.442078,4.1134,-1.6157
BiancaGolden_GrandPlies,211.3075,-161.6080,215.9254,-0.8697,-8.9591,146.9835,-0.7334,0.5741,-0.3641,0.9980,159,42.456669,4.1131,-1.6161
BiancaGolden_GrandPlies,211.2415,-161.6257,215.7830,-0.8292,-8.9541,146.7959,-0.7313,0.5778,-0.3624,0.9980,160,42.470139,4.1124,-1.6163
BiancaGolden_GrandPlies,211.1128,-161.6770,215.7740,-1.0943,-8.8238,146.4598,-0.7256,0.5852,-0.3620,0.9980,160,42.484962,4.1111,-1.6168
BiancaGolden_GrandPlies,210.9553,-161.7568,215.9116,-1.3457,-8.8170,146.1317,-0.7238,0.5868,-0.3631,0.9980,161,42.498367,4.1096,-1.6176
BiancaGolden_GrandPlies,210.8246,-161.8638,216.0343,-1.4376,-8.8711,145.9649,-0.7206,0.5882,-0.3671,0.9980,161,42.511669,4.1082,-1.6186
BiancaGolden_GrandPlies,210.6518,-162.0538,216.1264,-1.4752,-9.0460,145.8210,-0.7197,0.5889,-0.3677,0.9980,162,42.526451,4.1065,-1.6205
BiancaGolden_GrandPlies,210.4656,-162.2733,216.1549,-1.5824,-9.1488,145.7381,-0.7200,0.5878,-0.3690,0.9980,162,42.539654,4.1047,-1.6227
BiancaGolden_GrandPlies,210.2367,-162.5515,216.2190,-1.6978,-9.2692,145.6573,-0.7230,0.5838,-0.3694,0.9980,162,42.553822,4.1024,-1.6255
BiancaGolden_GrandPlies,209.9902,-162.8473,216.2894,-1.8049,-9.2852,145.6213,-0.7238,0.5827,-0.3695,0.9980,163,42.566685,4.0999,-1.6285
BiancaGolden_GrandPlies,209.7040,-163.1471,216.3939,-1.8786,-9.2022,145.5548,-0.7246,0.5850,-0.3643,0.9980,163,42.580917,4.0970,-1.6315
BiancaGolden_GrandPlies,209.3934,-163.4620,216.5047,-1.8748,-8.8814,145.4676,-0.7242,0.5889,-0.3589,0.9980,164,42.596329,4.0939,-1.6346
BiancaGolden_GrandPlies,209.0740,-163.8217,216.5822,-1.8567,-8.5435,145.2622,-0.7197,0.5989,-0.3511,0.9980,164,42.610027,4.0907,-1.6382
BiancaGolden_GrandPlies,208.7252,-164.2282,216.6391,-1.7471,-8.1559,144.9871,-0.7235,0.6200,-0.3034,0.9980,164,42.623856,4.0873,-1.6423
BiancaGolden_GrandPlies,208.3775,-164.6852,216.6726,-1.4865,-7.8691,144.7766,-0.7252,0.6296,-0.2786,0.9980,165,42.637367,4.0838,-1.6469
BiancaGolden_GrandPlies,208.0242,-165.1511,216.7083,-1.1302,-7.7057,144.6670,-0.7246,0.6326,-0.2735,0.9980,165,42.650822,4.0802,-1.6515
BiancaGolden_GrandPlies,207.6228,-165.6512,216.7472,-0.6809,-7.5245,144.5688,-0.7235,0.6357,-0.2693,0.9980,166,42.665451,4.0762,-1.6565
BiancaGolden_GrandPlies,207.2193,-166.1855,216.7261,-0.3852,-7.3021,144.4238,-0.7216,0.6386,-0.2673,0.9980,166,42.678436,4.0722,-1.6619
BiancaGolden_GrandPlies,206.7718,-166.7279,216.6716,-0.1767,-7.1245,144.2477,-0.7208,0.6352,-0.2775,0.9980,167,42.693558,4.0677,-1.6673
BiancaGolden_GrandPlies,206.3303,-167.3116,216.5964,-0.0129,-6.9858,144.0503,-0.7240,0.6298,-0.2815,0.9980,167,42.706455,4.0633,-1.6731
BiancaGolden_GrandPlies,205.8836,-167.9271,216.5059,0.1172,-6.9780,143.8422,-0.7187,0.6302,-0.2939,0.9980,167,42.721535,4.0588,-1.6793
BiancaGolden_GrandPlies,205.4201,-168.5892,216.3668,0.2876,-7.0813,143.6578,-0.7146,0.6319,-0.3001,0.9980,168,42.734768,4.0542,-1.6859
BiancaGolden_GrandPlies,204.9451,-169.2737,216.2123,0.3723,-7.2747,143.4762,-0.7107,0.6332,-0.3067,0.9980,168,42.748375,4.0495,-1.6927
BiancaGolden_GrandPlies,204.4349,-169.9453,216.1120,0.4265,-7.6101,143.2780,-0.7055,0.6333,-0.3182,0.9980,169,42.763351,4.0443,-1.6995
BiancaGolden_GrandPlies,203.8499,-170.5390,216.2464,0.4310,-8.0557,143.1299,-0.7026,0.6344,-0.3224,0.9980,169,42.776100,4.0385,-1.7054
BiancaGolden_GrandPlies,203.1586,-171.1392,216.5683,0.2610,-8.2098,142.9024,-0.7043,0.6354,-0.3164,0.9980,169,42.790203,4.0316,-1.7114
BiancaGolden_GrandPlies,202.4181,-171.7357,216.7316,-0.0204,-7.7638,142.5486,-0.7067,0.6360,-0.3100,0.9980,170,42.804955,4.0242,-1.7174
BiancaGolden_GrandPlies,201.7821,-172.3610,216.6801,-0.1544,-7.2104,142.3065,-0.7064,0.6417,-0.2988,0.9980,170,42.821125,4.0178,-1.7236
BiancaGolden_GrandPlies,201.1592,-172.9677,216.4765,-0.1101,-6.5730,142.0102,-0.7042,0.6475,-0.2912,0.9980,171,42.833138,4.0116,-1.7297
BiancaGolden_GrandPlies,200.5572,-173.5509,216.3130,0.0569,-6.0953,141.6730,-0.7018,0.6548,-0.2807,0.9980,171,42.846035,4.0056,-1.7355
BiancaGolden_GrandPlies,199.9876,-174.1212,216.3016,0.3494,-5.8800,141.2926,-0.6967,0.6603,-0.2803,0.9980,172,42.860622,3.9999,-1.7412
BiancaGolden_GrandPlies,199.4067,-174.6712,216.3857,0.6632,-5.8781,140.9283,-0.6896,0.6637,-0.2897,0.9980,172,42.873714,3.9941,-1.7467
BiancaGolden_GrandPlies,198.8245,-175.2089,216.4170,0.9933,-5.9919,140.5738,-0.6919,0.6605,-0.2915,0.9980,172,42.888538,3.9882,-1.7521
BiancaGolden_GrandPlies,198.2540,-175.7598,216.3391,1.2097,-6.0452,140.2609,-0.6861,0.6614,-0.3029,0.9980,173,42.901367,3.9825,-1.7576
BiancaGolden_GrandPlies,197.7048,-176.2466,216.2465,1.4591,-6.1731,140.0145,-0.6815,0.6652,-0.3050,0.9980,173,42.914402,3.9770,-1.7625
BiancaGolden_GrandPlies,197.1635,-176.6873,216.1989,1.7703,-6.3220,139.7262,-0.6774,0.6696,-0.3045,0.9980,174,42.931046,3.9716,-1.7669
BiancaGolden_GrandPlies,196.6111,-177.0545,216.2337,2.0734,-6.2729,139.3982,-0.6733,0.6736,-0.3048,0.9980,174,42.944195,3.9661,-1.7705
BiancaGolden_GrandPlies,196.0479,-177.3725,216.3066,2.4164,-6.0424,139.0924,-0.6704,0.6788,-0.2997,0.9980,175,42.958229,3.9605,-1.7737
BiancaGolden_GrandPlies,195.4878,-177.6956,216.3443,2.6830,-5.6334,138.8023,-0.6700,0.6807,-0.2963,0.9980,175,42.972530,3.9549,-1.7770
BiancaGolden_GrandPlies,194.9513,-177.9935,216.3567,2.9226,-5.2921,138.4942,-0.6694,0.6813,-0.2963,0.9980,175,42.985241,3.9495,-1.7799
BiancaGolden_GrandPlies,194.4423,-178.2660,216.3570,3.0993,-5.0309,138.2558,-0.6660,0.6846,-0.2963,0.9980,176,42.998528,3.9444,-1.7827
BiancaGolden_GrandPlies,193.9665,-178.5413,216.3501,3.2443,-5.0411,138.0073,-0.6661,0.6823,-0.3012,0.9980,176,43.013474,3.9397,-1.7854
BiancaGolden_GrandPlies,193.4960,-178.7889,216.3328,3.4794,-5.1568,137.7891,-0.6621,0.6831,-0.3083,0.9980,177,43.027599,3.9350,-1.7879
BiancaGolden_GrandPlies,193.0339,-179.0121,216.2853,3.8156,-5.3411,137.6176,-0.6589,0.6848,-0.3113,0.9980,177,43.041946,3.9303,-1.7901
BiancaGolden_GrandPlies,192.5840,-179.2099,216.2341,4.0752,-5.4632,137.4616,-0.6601,0.6826,-0.3136,0.9980,177,43.055107,3.9258,-1.7921
BiancaGolden_GrandPlies,192.1269,-179.3957,216.2341,4.2537,-5.5790,137.2619,-0.6573,0.6853,-0.3136,0.9980,178,43.068027,3.9213,-1.7940
BiancaGolden_GrandPlies,191.6865,-179.5653,216.2244,4.3425,-5.5881,137.0442,-0.6582,0.6784,-0.3263,0.9980,178,43.081585,3.9169,-1.7957
BiancaGolden_GrandPlies,191.2232,-179.6956,216.2079,4.3229,-5.4927,136.7617,-0.6556,0.6825,-0.3230,0.9980,179,43.099144,3.9122,-1.7970
BiancaGolden_GrandPlies,190.8017,-179.8155,216.2189,4.3093,-5.2968,136.4700,-0.6517,0.6866,-0.3222,0.9980,179,43.110188,3.9080,-1.7982
BiancaGolden_GrandPlies,190.3770,-179.9024,216.2599,4.3373,-5.1405,136.1459,-0.6529,0.6860,-0.3210,0.9980,180,43.125324,3.9038,-1.7990
BiancaGolden_GrandPlies,189.9913,-179.9856,216.3134,4.4915,-5.0178,135.8578,-0.6486,0.6894,-0.3225,0.9980,180,43.139610,3.8999,-1.7999
BiancaGolden_GrandPlies,189.6022,-180.0717,216.3368,4.6215,-4.9440,135.5719,-0.6451,0.6918,-0.3243,0.9980,180,43.152470,3.8960,-1.8007
BiancaGolden_GrandPlies,189.2313,-180.1583,216.3372,4.7368,-4.9711,135.3070,-0.6422,0.6938,-0.3259,0.9980,181,43.166294,3.8923,-1.8016
BiancaGolden_GrandPlies,188.8666,-180.2570,216.2959,4.8525,-5.0552,135.1179,-0.6539,0.6811,-0.3294,0.9980,181,43.179562,3.8887,-1.8026
BiancaGolden_GrandPlies,188.4868,-180.3540,216.2765,4.9325,-5.1910,135.0070,-0.6536,0.6816,-0.3290,0.9980,182,43.194622,3.8849,-1.8035
BiancaGolden_GrandPlies,188.1125,-180.4099,216.3072,5.0744,-5.1706,135.0135,-0.6544,0.6820,-0.3267,0.9980,182,43.210125,3.8811,-1.8041
BiancaGolden_GrandPlies,187.7122,-180.4627,216.3189,5.2212,-5.0279,135.0009,-0.6571,0.6807,-0.3238,0.9980,182,43.223396,3.8771,-1.8046
BiancaGolden_GrandPlies,187.3245,-180.4880,216.2942,5.2672,-4.8439,135.0407,-0.6575,0.6814,-0.3214,0.9980,183,43.235985,3.8732,-1.8049
BiancaGolden_GrandPlies,186.9466,-180.5078,216.2176,5.2908,-4.6973,135.0346,-0.6618,0.6772,-0.3215,0.9980,183,43.248943,3.8695,-1.8051
BiancaGolden_GrandPlies,186.5956,-180.5121,216.0896,5.3704,-4.6689,135.0406,-0.6599,0.6757,-0.3286,0.9980,184,43.264690,3.8660,-1.8051
BiancaGolden_GrandPlies,186.2524,-180.5249,215.9276,5.4249,-4.6675,134.9449,-0.6605,0.6732,-0.3324,0.9980,184,43.277443,3.8625,-1.8052
BiancaGolden_GrandPlies,185.9383,-180.4991,215.7712,5.4660,-4.8655,134.9106,-0.6583,0.6731,-0.3369,0.9980,185,43.292694,3.8594,-1.8050
BiancaGolden_GrandPlies,185.6153,-180.4774,215.6510,5.5329,-5.0654,134.8141,-0.6604,0.6692,-0.3406,0.9980,185,43.305397,3.8562,-1.8048
BiancaGolden_GrandPlies,185.3448,-180.4171,215.5770,5.8145,-5.3361,134.8270,-0.6614,0.6674,-0.3424,0.9980,185,43.323421,3.8534,-1.8042
BiancaGolden_GrandPlies,185.0930,-180.3810,215.5108,6.1861,-5.7026,134.8856,-0.6593,0.6655,-0.3499,0.9980,186,43.333286,3.8509,-1.8038
BiancaGolden_GrandPlies,184.8630,-180.3347,215.4365,6.5295,-6.1596,134.9674,-0.6587,0.6627,-0.3562,0.9980,186,43.347736,3.8486,-1.8033
BiancaGolden_GrandPlies,184.6668,-180.2781,215.3319,6.8609,-6.5493,135.1516,-0.6559,0.6594,-0.3673,0.9980,187,43.360516,3.8467,-1.8028
BiancaGolden_GrandPlies,184.5094,-180.2341,215.2102,6.9208,-6.8454,135.2681,-0.6560,0.6565,-0.3724,0.9980,187,43.375820,3.8451,-1.8023
BiancaGolden_GrandPlies,184.4359,-180.1606,215.1210,6.8632,-7.1610,135.3868,-0.6545,0.6579,-0.3724,0.9980,187,43.390022,3.8444,-1.8016
BiancaGolden_GrandPlies,184.4236,-180.0630,215.0746,6.9468,-7.4683,135.4772,-0.6495,0.6610,-0.3757,0.9980,188,43.402992,3.8442,-1.8006
BiancaGolden_GrandPlies,184.4428,-179.9559,215.0365,7.1276,-7.8005,135.5544,-0.6487,0.6592,-0.3803,0.9980,188,43.416546,3.8444,-1.7996
BiancaGolden_GrandPlies,184.4931,-179.8258,215.0012,7.2920,-8.0889,135.6400,-0.6490,0.6569,-0.3837,0.9980,189,43.431370,3.8449,-1.7983
BiancaGolden_GrandPlies,184.5602,-179.7092,214.9943,7.3490,-8.3921,135.7583,-0.6518,0.6547,-0.3828,0.9980,189,43.444687,3.8456,-1.7971
BiancaGolden_GrandPlies,184.7081,-179.5890,215.0350,7.3290,-8.6186,135.9653,-0.6552,0.6502,-0.3848,0.9980,190,43.460293,3.8471,-1.7959
BiancaGolden_GrandPlies,184.8993,-179.4515,215.0928,7.1824,-8.7635,136.1229,-0.6573,0.6489,-0.3833,0.9980,190,43.472652,3.8490,-1.7945
BiancaGolden_GrandPlies,185.1326,-179.2932,215.1175,7.0734,-8.8340,136.2785,-0.6599,0.6481,-0.3801,0.9980,190,43.487217,3.8513,-1.7929
BiancaGolden_GrandPlies,185.4124,-179.1076,215.1538,6.9788,-8.8593,136.3738,-0.6612,0.6471,-0.3794,0.9980,191,43.499962,3.8541,-1.7911
BiancaGolden_GrandPlies,185.7400,-178.9064,215.2365,6.8645,-8.8190,136.4430,-0.6631,0.6488,-0.3734,0.9980,191,43.513481,3.8574,-1.7891
BiancaGolden_GrandPlies,186.0917,-178.7001,215.3428,6.7333,-8.7824,136.4891,-0.6634,0.6496,-0.3714,0.9980,192,43.527874,3.8609,-1.7870
BiancaGolden_GrandPlies,186.5006,-178.4704,215.4304,6.5767,-8.6662,136.5151,-0.6552,0.6601,-0.3674,0.9980,192,43.542107,3.8650,-1.7847
BiancaGolden_GrandPlies,186.9066,-178.2248,215.5008,6.3502,-8.5362,136.4982,-0.6572,0.6622,-0.3601,0.9980,192,43.556564,3.8691,-1.7822
BiancaGolden_GrandPlies,187.3572,-177.9444,215.5756,6.0707,-8.3598,136.4251,-0.6583,0.6629,-0.3566,0.9980,193,43.570477,3.8736,-1.7794
BiancaGolden_GrandPlies,187.7969,-177.6473,215.6814,5.7756,-8.1398,136.3742,-0.6584,0.6657,-0.3511,0.9980,193,43.583752,3.8780,-1.7765
BiancaGolden_GrandPlies,188.2769,-177.2963,215.7854,5.5902,-7.8773,136.3378,-0.6585,0.6683,-0.3460,0.9980,194,43.597473,3.8828,-1.7730
BiancaGolden_GrandPlies,188.7826,-176.9423,215.8455,5.4068,-7.5535,136.1868,-0.6592,0.6691,-0.3432,0.9980,194,43.613876,3.8878,-1.7694
BiancaGolden_GrandPlies,189.3488,-176.5786,215.8845,5.1363,-7.3564,135.9496,-0.6593,0.6690,-0.3431,0.9980,195,43.626308,3.8935,-1.7658
BiancaGolden_GrandPlies,189.9380,-176.2049,215.9173,4.9702,-7.3124,135.7318,-0.6553,0.6670,-0.3544,0.9980,195,43.639038,3.8994,-1.7620
BiancaGolden_GrandPlies,190.5562,-175.8041,215.9499,4.8670,-7.3728,135.5312,-0.6570,0.6645,-0.3562,0.9980,195,43.653477,3.9056,-1.7580
BiancaGolden_GrandPlies,191.1826,-175.3909,215.9830,4.7941,-7.4262,135.3960,-0.6561,0.6652,-0.3565,0.9980,196,43.667908,3.9118,-1.7539
BiancaGolden_GrandPlies,191.8362,-174.9498,216.0321,4.7232,-7.4474,135.3078,-0.6564,0.6645,-0.3571,0.9980,196,43.680309,3.9184,-1.7495
BiancaGolden_GrandPlies,192.5293,-174.4839,216.0776,4.5539,-7.4359,135.2234,-0.6587,0.6629,-0.3560,0.9980,197,43.696026,3.9253,-1.7448
BiancaGolden_GrandPlies,193.2343,-173.9983,216.1212,4.3056,-7.3540,135.1296,-0.6619,0.6537,-0.3667,0.9980,197,43.710285,3.9323,-1.7400
BiancaGolden_GrandPlies,193.9904,-173.4918,216.1395,3.9703,-7.2770,134.9767,-0.6650,0.6510,-0.3660,0.9980,197,43.723873,3.9399,-1.7349
BiancaGolden_GrandPlies,194.7820,-172.9765,216.1230,3.6745,-7.2179,134.7850,-0.6635,0.6521,-0.3667,0.9980,198,43.737812,3.9478,-1.7298
BiancaGolden_GrandPlies,195.6270,-172.4397,216.0893,3.3797,-7.2653,134.5991,-0.6612,0.6527,-0.3698,0.9980,198,43.750984,3.9563,-1.7244
BiancaGolden_GrandPlies,196.4748,-171.9192,216.0233,3.0952,-7.3858,134.3831,-0.6618,0.6507,-0.3722,0.9980,199,43.766232,3.9647,-1.7192
BiancaGolden_GrandPlies,197.3362,-171.3811,215.9569,2.8469,-7.4954,134.2362,-0.6661,0.6442,-0.3760,0.9980,199,43.779247,3.9734,-1.7138
BiancaGolden_GrandPlies,198.2240,-170.8215,215.8734,2.5889,-7.6643,134.1445,-0.6703,0.6376,-0.3796,0.9980,200,43.793240,3.9822,-1.7082
BiancaGolden_GrandPlies,199.1135,-170.2525,215.8084,2.3561,-7.8027,134.0773,-0.6731,0.6331,-0.3823,0.9980,200,43.807125,3.9911,-1.7025
BiancaGolden_GrandPlies,200.0298,-169.6724,215.7390,2.1339,-7.9654,134.0373,-0.6734,0.6307,-0.3858,0.9980,200,43.824104,4.0003,-1.6967
BiancaGolden_GrandPlies,200.9470,-169.0982,215.6566,2.0042,-8.1557,134.0446,-0.6735,0.6284,-0.3893,0.9980,201,43.836151,4.0095,-1.6910
BiancaGolden_GrandPlies,201.8537,-168.5192,215.5979,1.9702,-8.3763,134.1395,-0.6789,0.6207,-0.3922,0.9980,201,43.848873,4.0185,-1.6852
BiancaGolden_GrandPlies,202.7361,-167.9296,215.5948,2.1609,-8.5402,134.3778,-0.6869,0.6129,-0.3906,0.9980,202,43.863678,4.0274,-1.6793
BiancaGolden_GrandPlies,203.5820,-167.3654,215.6221,2.5594,-8.6492,134.8688,-0.7000,0.5993,-0.3883,0.9980,202,43.876057,4.0358,-1.6737
BiancaGolden_GrandPlies,204.3483,-166.8050,215.7023,2.8731,-8.6734,135.6017,-0.7118,0.5877,-0.3847,0.9980,202,43.890480,4.0435,-1.6681
BiancaGolden_GrandPlies,205.1113,-166.3033,215.7855,2.7084,-8.5969,136.4293,-0.7227,0.5746,-0.3840,0.9980,203,43.905285,4.0511,-1.6630
BiancaGolden_GrandPlies,205.9035,-165.8185,215.7563,2.3237,-8.6071,137.1620,-0.7358,0.5615,-0.3786,0.9980,203,43.917919,4.0590,-1.6582
BiancaGolden_GrandPlies,206.7515,-165.3379,215.6039,1.9942,-8.6657,137.8510,-0.7415,0.5523,-0.3810,0.9980,204,43.933086,4.0675,-1.6534
BiancaGolden_GrandPlies,207.6091,-164.8640,215.4136,1.8144,-8.8312,138.4690,-0.7464,0.5462,-0.3802,0.9980,204,43.946411,4.0761,-1.6486
BiancaGolden_GrandPlies,208.4620,-164.4081,215.2024,1.6104,-8.9723,138.8981,-0.7470,0.5431,-0.3834,0.9980,205,43.959740,4.0846,-1.6441
BiancaGolden_GrandPlies,209.3064,-164.0086,214.9366,1.2869,-9.1726,139.1490,-0.7434,0.5455,-0.3872,0.9980,205,43.976257,4.0931,-1.6401
BiancaGolden_GrandPlies,210.1016,-163.5967,214.7080,0.9353,-9.4299,139.3232,-0.7384,0.5422,-0.4010,0.9980,205,43.987759,4.1010,-1.6360
BiancaGolden_GrandPlies,210.8145,-163.1503,214.6142,0.6253,-9.8263,139.4621,-0.7384,0.5379,-0.4068,0.9980,206,44.001202,4.1081,-1.6315
BiancaGolden_GrandPlies,211.4436,-162.6901,214.7167,0.3444,-10.2123,139.5960,-0.7324,0.5416,-0.4126,0.9980,206,44.014194,4.1144,-1.6269
BiancaGolden_GrandPlies,212.0111,-162.1985,214.9549,0.0854,-10.5520,139.7570,-0.7326,0.5410,-0.4130,0.9980,207,44.029045,4.1201,-1.6220
BiancaGolden_GrandPlies,212.4980,-161.7138,215.1928,-0.1580,-10.6213,139.7907,-0.7306,0.5464,-0.4095,0.9980,207,44.044254,4.1250,-1.6171
BiancaGolden_GrandPlies,213.0224,-161.2513,215.3043,-0.3749,-10.6214,139.8762,-0.7311,0.5460,-0.4091,0.9980,208,44.058807,4.1302,-1.6125
BiancaGolden_GrandPlies,213.5402,-160.8097,215.3202,-0.5300,-10.7175,139.9407,-0.7283,0.5512,-0.4071,0.9980,208,44.072323,4.1354,-1.6081
BiancaGolden_GrandPlies,214.0412,-160.3772,215.3698,-0.6489,-10.9472,139.9663,-0.7270,0.5498,-0.4113,0.9980,208,44.086128,4.1404,-1.6038
BiancaGolden_GrandPlies,214.5047,-159.8979,215.5016,-0.6994,-11.2225,140.0182,-0.7261,0.5486,-0.4145,0.9980,209,44.099819,4.1450,-1.5990
BiancaGolden_GrandPlies,214.9178,-159.3916,215.7213,-0.6811,-11.4234,140.0470,-0.7257,0.5499,-0.4135,0.9980,209,44.112324,4.1492,-1.5939
BiancaGolden_GrandPlies,215.2835,-158.8812,215.9440,-0.6161,-11.4495,140.0788,-0.7274,0.5496,-0.4108,0.9980,210,44.128113,4.1528,-1.5888
BiancaGolden_GrandPlies,215.6208,-158.3944,216.0897,-0.6098,-11.3041,140.0685,-0.7288,0.5520,-0.4052,0.9980,210,44.140282,4.1562,-1.5839
BiancaGolden_GrandPlies,215.9642,-157.9116,216.1672,-0.6360,-11.1894,140.0992,-0.7273,0.5547,-0.4043,0.9980,210,44.154594,4.1596,-1.5791
BiancaGolden_GrandPlies,216.2847,-157.4368,216.2275,-0.6760,-11.1259,140.1070,-0.7278,0.5540,-0.4041,0.9980,211,44.168194,4.1628,-1.5744
BiancaGolden_GrandPlies,216.6045,-156.9536,216.2853,-0.7200,-11.1208,140.1494,-0.7151,0.5633,-0.4138,0.9980,211,44.182026,4.1660,-1.5695
BiancaGolden_GrandPlies,216.8793,-156.4676,216.3396,-0.8043,-11.1182,140.1591,-0.7145,0.5627,-0.4158,0.9980,212,44.197681,4.1688,-1.5647
BiancaGolden_GrandPlies,217.1402,-155.9668,216.3677,-0.9108,-11.0322,140.1364,-0.7188,0.5588,-0.4136,0.9980,212,44.210102,4.1714,-1.5597
BiancaGolden_GrandPlies,217.3661,-155.4639,216.3587,-1.0230,-10.9073,140.0520,-0.7222,0.5621,-0.4032,0.9980,213,44.226448,4.1737,-1.5546
BiancaGolden_GrandPlies,217.5631,-154.9373,216.3467,-1.2290,-10.7030,139.9164,-0.7220,0.5640,-0.4007,0.9980,213,44.239361,4.1756,-1.5494
BiancaGolden_GrandPlies,217.7444,-154.4119,216.3646,-1.4174,-10.5587,139.7734,-0.7255,0.5618,-0.3975,0.9980,213,44.253841,4.1774,-1.5441
BiancaGolden_GrandPlies,217.8804,-153.8489,216.4245,-1.5586,-10.3900,139.6251,-0.7255,0.5624,-0.3966,0.9980,214,44.266315,4.1788,-1.5385
BiancaGolden_GrandPlies,217.9924,-153.3003,216.4223,-1.6766,-10.1162,139.4608,-0.7267,0.5590,-0.3994,0.9980,214,44.279526,4.1799,-1.5330
BiancaGolden_GrandPlies,218.1018,-152.7472,216.3276,-1.8549,-9.8495,139.2835,-0.7263,0.5608,-0.3976,0.9980,215,44.294857,4.1810,-1.5275
BiancaGolden_GrandPlies,218.2052,-152.2026,216.2382,-2.0332,-9.7235,139.1237,-0.7244,0.5619,-0.3993,0.9980,215,44.307693,4.1821,-1.5220
BiancaGolden_GrandPlies,218.2745,-151.6704,216.1745,-2.1821,-9.7328,138.9513,-0.7248,0.5605,-0.4006,0.9980,216,44.325447,4.1827,-1.5167
BiancaGolden_GrandPlies,218.3130,-151.1311,216.1020,-2.3830,-9.7893,138.7513,-0.7229,0.5636,-0.3997,0.9980,216,44.336243,4.1831,-1.5113
BiancaGolden_GrandPlies,218.3104,-150.5985,216.0097,-2.6116,-9.7490,138.4673,-0.7186,0.5611,-0.4108,0.9980,216,44.349136,4.1831,-1.5060
BiancaGolden_GrandPlies,218.3023,-150.0518,215.8719,-2.8460,-9.6455,138.1444,-0.7184,0.5633,-0.4082,0.9980,217,44.364197,4.1830,-1.5005
BiancaGolden_GrandPlies,218.2690,-149.5448,215.6734,-3.1014,-9.4733,137.7513,-0.7137,0.5645,-0.4146,0.9980,217,44.376541,4.1827,-1.4954
BiancaGolden_GrandPlies,218.2032,-149.0561,215.4205,-3.5058,-9.3372,137.2353,-0.7139,0.5651,-0.4135,0.9980,217,44.391064,4.1820,-1.4906
BiancaGolden_GrandPlies,218.1251,-148.5504,215.1683,-3.8289,-9.1618,136.6987,-0.7143,0.5671,-0.4101,0.9980,218,44.406143,4.1813,-1.4855
BiancaGolden_GrandPlies,218.0043,-148.0140,215.0320,-4.1884,-9.0099,136.1101,-0.7149,0.5685,-0.4071,0.9980,218,44.419731,4.1800,-1.4801
BiancaGolden_GrandPlies,217.8952,-147.5292,214.9321,-4.4687,-8.8736,135.4815,-0.7106,0.5743,-0.4066,0.9980,219,44.432858,4.1790,-1.4753
BiancaGolden_GrandPlies,217.8089,-146.9918,214.8577,-4.5517,-8.8529,135.0031,-0.7066,0.5732,-0.4149,0.9980,219,44.448975,4.1781,-1.4699
BiancaGolden_GrandPlies,217.7236,-146.4553,214.9438,-4.2860,-8.9403,134.6501,-0.7070,0.5691,-0.4199,0.9980,220,44.461388,4.1772,-1.4646
BiancaGolden_GrandPlies,217.6146,-145.9533,215.0575,-3.9724,-8.8387,134.3834,-0.7075,0.5704,-0.4172,0.9980,220,44.474678,4.1761,-1.4595
BiancaGolden_GrandPlies,217.5495,-145.4660,215.0377,-3.7833,-8.6399,134.1774,-0.7139,0.5617,-0.4181,0.9980,221,44.491356,4.1755,-1.4547
BiancaGolden_GrandPlies,217.5347,-145.0029,214.9814,-3.4644,-8.5164,134.1359,-0.7127,0.5619,-0.4199,0.9980,221,44.501835,4.1753,-1.4500
BiancaGolden_GrandPlies,217.5802,-144.5454,214.9507,-3.0330,-8.5715,134.2095,-0.7165,0.5539,-0.4242,0.9980,221,44.518414,4.1758,-1.4455
BiancaGolden_GrandPlies,217.6505,-144.0900,215.0087,-2.6077,-8.8154,134.3666,-0.7172,0.5456,-0.4334,0.9980,222,44.530422,4.1765,-1.4409
BiancaGolden_GrandPlies,217.7477,-143.5973,215.1997,-2.3323,-9.2591,134.6284,-0.7142,0.5348,-0.4517,0.9980,222,44.545193,4.1775,-1.4360
BiancaGolden_GrandPlies,217.8511,-143.0909,215.4765,-2.2097,-9.6566,134.8544,-0.7194,0.5248,-0.4550,0.9980,223,44.558441,4.1785,-1.4309
BiancaGolden_GrandPlies,217.9610,-142.5761,215.7795,-2.4406,-9.9475,135.0081,-0.7259,0.5189,-0.4515,0.9980,223,44.574291,4.1796,-1.4258
BiancaGolden_GrandPlies,218.0965,-142.0271,216.0166,-2.8072,-10.0918,135.1219,-0.7340,0.5090,-0.4496,0.9980,223,44.588585,4.1810,-1.4203
BiancaGolden_GrandPlies,218.2460,-141.4516,216.2648,-3.0403,-10.1010,135.2049,-0.7358,0.5092,-0.4464,0.9980,224,44.600922,4.1825,-1.4145
BiancaGolden_GrandPlies,218.4306,-140.8300,216.5198,-3.2199,-9.9283,135.2189,-0.7379,0.5119,-0.4399,0.9980,224,44.612873,4.1843,-1.4083
BiancaGolden_GrandPlies,218.6175,-140.2117,216.7236,-3.3026,-9.6317,135.1681,-0.7393,0.5160,-0.4326,0.9980,225,44.627865,4.1862,-1.4021
BiancaGolden_GrandPlies,218.8294,-139.5928,216.8648,-3.3347,-9.3345,135.0924,-0.7389,0.5205,-0.4280,0.9980,225,44.643120,4.1883,-1.3959
BiancaGolden_GrandPlies,219.0598,-138.9694,216.9332,-3.3534,-9.0239,134.9905,-0.7386,0.5206,-0.4284,0.9980,225,44.656601,4.1906,-1.3897
BiancaGolden_GrandPlies,219.3062,-138.3225,216.9952,-3.3637,-8.8622,134.9600,-0.7387,0.5218,-0.4267,0.9980,226,44.670971,4.1931,-1.3832
BiancaGolden_GrandPlies,219.5518,-137.6649,216.9984,-3.3415,-8.7529,134.9130,-0.7379,0.5212,-0.4287,0.9980,226,44.682804,4.1955,-1.3766
BiancaGolden_GrandPlies,219.8025,-136.9897,216.9848,-3.3473,-8.6863,134.8980,-0.7371,0.5121,-0.4409,0.9980,227,44.697392,4.1980,-1.3699
BiancaGolden_GrandPlies,220.0521,-136.2923,216.9038,-3.4452,-8.6489,134.8804,-0.7379,0.5078,-0.4445,0.9980,227,44.712242,4.2005,-1.3629
BiancaGolden_GrandPlies,220.2962,-135.5870,216.7685,-3.5854,-8.5949,134.8105,-0.7404,0.5050,-0.4436,0.9980,228,44.725723,4.2030,-1.3559
BiancaGolden_GrandPlies,220.5722,-134.8490,216.6436,-3.6680,-8.5434,134.8329,-0.7415,0.5042,-0.4426,0.9980,228,44.740936,4.2057,-1.3485
BiancaGolden_GrandPlies,220.8425,-134.1225,216.4746,-3.7861,-8.4760,134.8336,-0.7476,0.4945,-0.4434,0.9980,228,44.753479,4.2084,-1.3412
BiancaGolden_GrandPlies,221.1435,-133.3803,216.2837,-3.8859,-8.4018,134.8736,-0.7490,0.4942,-0.4413,0.9980,229,44.766720,4.2114,-1.3338
BiancaGolden_GrandPlies,221.4626,-132.6562,216.0066,-3.8912,-8.2632,134.9502,-0.7537,0.4878,-0.4404,0.9980,229,44.781670,4.2146,-1.3266
BiancaGolden_GrandPlies,221.8144,-131.9047,215.6863,-3.8503,-8.1706,135.1388,-0.7567,0.4830,-0.4405,0.9980,230,44.795658,4.2181,-1.3190
BiancaGolden_GrandPlies,222.1930,-131.1497,215.3979,-3.7991,-8.1142,135.3989,-0.7570,0.4762,-0.4475,0.9980,230,44.810673,4.2219,-1.3115
BiancaGolden_GrandPlies,222.5945,-130.3626,215.2090,-3.8162,-8.2071,135.6938,-0.7592,0.4700,-0.4502,0.9980,231,44.826561,4.2259,-1.3036
BiancaGolden_GrandPlies,223.0232,-129.5815,215.0762,-3.9298,-8.3826,135.9989,-0.7611,0.4642,-0.4530,0.9980,231,44.836590,4.2302,-1.2958
BiancaGolden_GrandPlies,223.4683,-128.8197,214.9127,-4.0851,-8.6029,136.2977,-0.7621,0.4559,-0.4599,0.9980,231,44.851120,4.2347,-1.2882
BiancaGolden_GrandPlies,223.9292,-128.0175,214.7860,-4.1896,-8.9119,136.6941,-0.7635,0.4412,-0.4716,0.9980,232,44.864483,4.2393,-1.2802
BiancaGolden_GrandPlies,224.4030,-127.1381,214.7853,-4.0680,-9.2857,137.2225,-0.7641,0.4317,-0.4794,0.9980,232,44.879532,4.2440,-1.2714
BiancaGolden_GrandPlies,224.8521,-126.1851,215.0243,-3.9093,-9.6262,137.7688,-0.7681,0.4313,-0.4733,0.9980,233,44.892521,4.2485,-1.2619
BiancaGolden_GrandPlies,225.2383,-125.2259,215.2988,-3.9102,-9.3296,138.1814,-0.7734,0.4270,-0.4685,0.9980,233,44.905491,4.2524,-1.2523
BiancaGolden_GrandPlies,225.7736,-124.3488,215.2426,-3.8747,-9.0026,138.6426,-0.7743,0.4303,-0.4641,0.9980,233,44.920918,4.2577,-1.2435
BiancaGolden_GrandPlies,226.2984,-123.4745,215.1194,-3.6861,-8.7782,139.0191,-0.7785,0.4294,-0.4577,0.9980,234,44.933758,4.2630,-1.2347
BiancaGolden_GrandPlies,226.8494,-122.6715,215.0302,-3.6805,-8.5198,139.3316,-0.7797,0.4330,-0.4523,0.9980,234,44.947586,4.2685,-1.2267
BiancaGolden_GrandPlies,227.3831,-121.8795,214.8991,-3.8235,-8.3160,139.5248,-0.7787,0.4371,-0.4502,0.9980,235,44.961945,4.2738,-1.2188
BiancaGolden_GrandPlies,227.8948,-121.0830,214.7481,-3.9355,-8.1688,139.6926,-0.7808,0.4348,-0.4486,0.9980,235,44.977489,4.2789,-1.2108
BiancaGolden_GrandPlies,228.3659,-120.2467,214.7663,-3.9237,-8.0737,139.9081,-0.7840,0.4304,-0.4472,0.9980,235,44.990311,4.2837,-1.2025
BiancaGolden_GrandPlies,228.7900,-119.3619,214.9921,-3.9953,-8.0020,140.1235,-0.7866,0.4265,-0.4464,0.9980,236,45.003906,4.2879,-1.1936
BiancaGolden_GrandPlies,229.1647,-118.4875,215.2526,-4.2520,-7.7895,140.3178,-0.7908,0.4256,-0.4399,0.9980,236,45.018768,4.2916,-1.1849
BiancaGolden_GrandPlies,229.4961,-117.6643,215.4483,-4.7755,-7.4690,140.3496,-0.7927,0.4264,-0.4357,0.9980,237,45.032146,4.2950,-1.1766
BiancaGolden_GrandPlies,229.8533,-116.8717,215.5313,-5.2271,-7.2177,140.3879,-0.7927,0.4245,-0.4375,0.9980,237,45.045231,4.2985,-1.1687
BiancaGolden_GrandPlies,230.2051,-116.0486,215.5883,-5.3161,-7.0341,140.5032,-0.7900,0.4306,-0.4365,0.9980,238,45.059959,4.3021,-1.1605
BiancaGolden_GrandPlies,230.5146,-115.2102,215.6707,-5.1186,-6.8279,140.6626,-0.7939,0.4276,-0.4324,0.9980,238,45.074684,4.3051,-1.1521
BiancaGolden_GrandPlies,230.7322,-114.3542,215.8677,-4.6336,-6.5018,140.7789,-0.7957,0.4322,-0.4245,0.9980,238,45.089027,4.3073,-1.1435
BiancaGolden_GrandPlies,230.9180,-113.4986,216.1346,-4.1144,-5.9507,140.8694,-0.7936,0.4344,-0.4260,0.9980,239,45.101299,4.3092,-1.1350
BiancaGolden_GrandPlies,231.0246,-112.6365,216.5134,-3.5093,-4.9937,140.7905,-0.7940,0.4428,-0.4164,0.9980,239,45.115814,4.3102,-1.1264
BiancaGolden_GrandPlies,231.1208,-111.8138,216.8934,-3.1940,-3.9880,140.5347,-0.7955,0.4498,-0.4060,0.9980,240,45.129616,4.3112,-1.1181
BiancaGolden_GrandPlies,231.2709,-111.0777,217.1436,-3.0212,-3.2887,140.3241,-0.7948,0.4543,-0.4024,0.9980,240,45.144669,4.3127,-1.1108
BiancaGolden_GrandPlies,231.4225,-110.3790,217.2661,-2.7756,-2.9409,140.1643,-0.7860,0.4523,-0.4213,0.9980,241,45.158699,4.3142,-1.1038
BiancaGolden_GrandPlies,231.5530,-109.6788,217.3177,-2.4465,-2.9071,140.1612,-0.7839,0.4514,-0.4264,0.9980,241,45.172874,4.3155,-1.0968
BiancaGolden_GrandPlies,231.6729,-109.0130,217.3482,-2.1801,-3.1839,140.2346,-0.7775,0.4472,-0.4422,0.9980,241,45.185738,4.3167,-1.0901
BiancaGolden_GrandPlies,231.7739,-108.3180,217.4072,-1.9438,-3.5126,140.3913,-0.7759,0.4441,-0.4480,0.9980,242,45.199108,4.3177,-1.0832
BiancaGolden_GrandPlies,231.8312,-107.6106,217.4350,-1.8046,-3.8626,140.5424,-0.7675,0.4321,-0.4735,0.9980,242,45.212429,4.3183,-1.0761
BiancaGolden_GrandPlies,231.8859,-106.8572,217.4716,-1.7218,-4.0898,140.6949,-0.7674,0.4303,-0.4754,0.9980,243,45.226715,4.3189,-1.0686
BiancaGolden_GrandPlies,231.8947,-106.0906,217.4911,-1.7190,-4.2317,140.8041,-0.7660,0.4225,-0.4845,0.9980,243,45.242241,4.3189,-1.0609
BiancaGolden_GrandPlies,231.8946,-105.3434,217.5016,-1.8418,-4.3315,140.8545,-0.7683,0.4165,-0.4860,0.9980,243,45.254345,4.3189,-1.0534
BiancaGolden_GrandPlies,231.8760,-104.6109,217.4880,-1.9739,-4.3875,140.9256,-0.7690,0.4137,-0.4872,0.9980,244,45.269211,4.3188,-1.0461
BiancaGolden_GrandPlies,231.8438,-103.8916,217.4060,-2.1477,-4.4975,141.0233,-0.7689,0.4097,-0.4909,0.9980,244,45.282398,4.3184,-1.0389
BiancaGolden_GrandPlies,231.8019,-103.1879,217.2815,-2.3046,-4.6733,141.1481,-0.7691,0.4044,-0.4949,0.9980,245,45.297375,4.3180,-1.0319
BiancaGolden_GrandPlies,231.7437,-102.4923,217.1317,-2.4935,-4.9326,141.3278,-0.7713,0.3989,-0.4960,0.9980,245,45.310196,4.3174,-1.0249
BiancaGolden_GrandPlies,231.6473,-101.8107,216.9518,-2.7273,-5.1533,141.4709,-0.7722,0.3960,-0.4970,0.9980,246,45.328289,4.3165,-1.0181
BiancaGolden_GrandPlies,231.5294,-101.1436,216.7497,-2.9347,-5.2583,141.5624,-0.7728,0.3935,-0.4979,0.9980,246,45.339115,4.3153,-1.0114
BiancaGolden_GrandPlies,231.4020,-100.4817,216.5257,-3.0828,-5.3478,141.6494,-0.7770,0.3898,-0.4943,0.9980,246,45.352402,4.3140,-1.0048
BiancaGolden_GrandPlies,231.2369,-99.8235,216.2834,-3.1442,-5.3805,141.7357,-0.7775,0.3876,-0.4953,0.9980,247,45.366253,4.3124,-0.9982
BiancaGolden_GrandPlies,231.0605,-99.2316,215.9802,-3.2696,-5.4700,141.8081,-0.7772,0.3900,-0.4938,0.9980,247,45.379948,4.3106,-0.9923
BiancaGolden_GrandPlies,230.8468,-98.6737,215.6849,-3.5252,-5.6587,141.8308,-0.7793,0.3827,-0.4963,0.9980,248,45.394630,4.3085,-0.9867
BiancaGolden_GrandPlies,230.6343,-98.1611,215.3913,-3.7742,-5.9747,141.8891,-0.7780,0.3786,-0.5014,0.9980,248,45.406921,4.3063,-0.9816
BiancaGolden_GrandPlies,230.4041,-97.6952,215.0958,-3.9645,-6.3636,141.9613,-0.7763,0.3742,-0.5074,0.9980,248,45.422729,4.3040,-0.9770
BiancaGolden_GrandPlies,230.1577,-97.2344,214.8169,-4.1342,-6.8198,142.0476,-0.7749,0.3738,-0.5097,0.9980,249,45.434654,4.3016,-0.9723
BiancaGolden_GrandPlies,229.8917,-96.7948,214.5523,-4.1738,-7.1480,142.1462,-0.7752,0.3728,-0.5101,0.9980,249,45.448669,4.2989,-0.9679
BiancaGolden_GrandPlies,229.6019,-96.3265,214.3298,-4.1992,-7.3351,142.2007,-0.7790,0.3775,-0.5006,0.9980,250,45.463722,4.2960,-0.9633
BiancaGolden_GrandPlies,229.3052,-95.8432,214.1560,-4.1290,-7.3506,142.1895,-0.7778,0.3785,-0.5018,0.9980,250,45.478619,4.2931,-0.9584
BiancaGolden_GrandPlies,228.9845,-95.2946,214.1095,-4.0140,-7.4088,142.1356,-0.7805,0.3826,-0.4944,0.9980,251,45.492210,4.2898,-0.9529
BiancaGolden_GrandPlies,228.6666,-94.7098,214.2794,-3.7148,-7.4677,142.1348,-0.7787,0.3847,-0.4956,0.9980,251,45.505386,4.2867,-0.9471
BiancaGolden_GrandPlies,228.3322,-94.1851,214.4663,-3.4341,-7.4926,142.0764,-0.7784,0.3912,-0.4911,0.9980,251,45.521053,4.2833,-0.9419
BiancaGolden_GrandPlies,228.0470,-93.7292,214.5588,-3.3430,-7.5360,142.0029,-0.7816,0.3918,-0.4854,0.9980,252,45.533627,4.2805,-0.9373
BiancaGolden_GrandPlies,227.8039,-93.2658,214.5373,-3.1378,-7.6078,142.1188,-0.7810,0.3909,-0.4870,0.9980,252,45.547516,4.2780,-0.9327
BiancaGolden_GrandPlies,227.6163,-92.7897,214.5634,-2.8445,-7.8274,142.2745,-0.7774,0.3878,-0.4952,0.9980,253,45.562271,4.2762,-0.9279
BiancaGolden_GrandPlies,227.4402,-92.2740,214.6982,-2.5547,-8.1591,142.4259,-0.7745,0.3863,-0.5009,0.9980,253,45.575401,4.2744,-0.9227
BiancaGolden_GrandPlies,227.2552,-91.7249,214.9254,-2.3243,-8.5100,142.4921,-0.7727,0.3864,-0.5036,0.9980,253,45.589016,4.2726,-0.9172
BiancaGolden_GrandPlies,227.0844,-91.1541,215.1501,-2.1399,-8.6550,142.4871,-0.7761,0.3917,-0.4943,0.9980,254,45.601791,4.2708,-0.9115
BiancaGolden_GrandPlies,226.9123,-90.6259,215.2733,-2.0395,-8.6939,142.4002,-0.7755,0.3928,-0.4942,0.9980,254,45.616711,4.2691,-0.9063
BiancaGolden_GrandPlies,226.7929,-90.0427,215.3728,-1.9762,-8.6618,142.3569,-0.7767,0.3924,-0.4927,0.9980,255,45.630848,4.2679,-0.9004
BiancaGolden_GrandPlies,226.6622,-89.4332,215.5313,-1.8241,-8.5968,142.3706,-0.7780,0.3939,-0.4895,0.9980,255,45.645969,4.2666,-0.8943
BiancaGolden_GrandPlies,226.5285,-88.8010,215.7391,-1.6952,-8.5700,142.3901,-0.7840,0.3861,-0.4861,0.9980,256,45.660053,4.2653,-0.8880
BiancaGolden_GrandPlies,226.4066,-88.1653,215.9626,-1.5941,-8.5346,142.4678,-0.7849,0.3857,-0.4849,0.9980,256,45.673458,4.2641,-0.8817
BiancaGolden_GrandPlies,226.3223,-87.5164,216.1287,-1.5319,-8.5376,142.5531,-0.7859,0.3846,-0.4842,0.9980,256,45.687946,4.2632,-0.8752
BiancaGolden_GrandPlies,226.2652,-86.8505,216.2290,-1.4864,-8.5980,142.6589,-0.7856,0.3823,-0.4866,0.9980,257,45.700275,4.2627,-0.8685
BiancaGolden_GrandPlies,226.2465,-86.1551,216.3278,-1.4033,-8.7396,142.8010,-0.7873,0.3802,-0.4854,0.9980,257,45.713234,4.2625,-0.8616
BiancaGolden_GrandPlies,226.2391,-85.4445,216.4358,-1.2722,-8.9770,142.9902,-0.7867,0.3773,-0.4886,0.9980,258,45.728695,4.2624,-0.8544
BiancaGolden_GrandPlies,226.2335,-84.7105,216.5339,-1.1976,-9.1879,143.1621,-0.7870,0.3735,-0.4910,0.9980,258,45.743294,4.2623,-0.8471
BiancaGolden_GrandPlies,226.2464,-83.9557,216.6009,-1.2510,-9.3584,143.3571,-0.7878,0.3699,-0.4924,0.9980,258,45.756168,4.2625,-0.8396
BiancaGolden_GrandPlies,226.2546,-83.1916,216.6312,-1.3592,-9.4772,143.5382,-0.7907,0.3667,-0.4903,0.9980,259,45.770771,4.2625,-0.8319
BiancaGolden_GrandPlies,226.2931,-82.4014,216.6489,-1.5424,-9.5827,143.7354,-0.7925,0.3630,-0.4901,0.9980,259,45.784283,4.2629,-0.8240
BiancaGolden_GrandPlies,226.3524,-81.6120,216.6184,-1.7485,-9.6741,143.9288,-0.7974,0.3570,-0.4865,0.9980,260,45.799503,4.2635,-0.8161
BiancaGolden_GrandPlies,226.4116,-80.8071,216.5902,-1.9275,-9.7704,144.1029,-0.7989,0.3537,-0.4864,0.9980,260,45.810905,4.2641,-0.8081
BiancaGolden_GrandPlies,226.4807,-79.9990,216.5247,-2.1431,-9.8092,144.2558,-0.8008,0.3502,-0.4859,0.9980,261,45.829617,4.2648,-0.8000
BiancaGolden_GrandPlies,226.5802,-79.1656,216.4514,-2.2643,-9.8021,144.4666,-0.8027,0.3466,-0.4853,0.9980,261,45.840412,4.2658,-0.7917
BiancaGolden_GrandPlies,226.6749,-78.3361,216.3781,-2.3919,-9.7949,144.6809,-0.8085,0.3458,-0.4763,0.9980,261,45.852551,4.2667,-0.7834
BiancaGolden_GrandPlies,226.7815,-77.4810,216.2719,-2.4892,-9.7134,144.9326,-0.8145,0.3419,-0.4687,0.9980,262,45.867664,4.2678,-0.7748
BiancaGolden_GrandPlies,226.9145,-76.6314,216.1034,-2.6681,-9.5667,145.1424,-0.8150,0.3445,-0.4658,0.9980,262,45.881821,4.2691,-0.7663
BiancaGolden_GrandPlies,227.0818,-75.7913,215.9189,-2.7993,-9.3908,145.3164,-0.8176,0.3420,-0.4633,0.9980,263,45.894600,4.2708,-0.7579
BiancaGolden_GrandPlies,227.2954,-74.9446,215.7095,-2.7925,-9.2219,145.5510,-0.8184,0.3415,-0.4621,0.9980,263,45.908409,4.2730,-0.7494
BiancaGolden_GrandPlies,227.5582,-74.1346,215.4026,-2.7496,-9.1073,145.8405,-0.8199,0.3362,-0.4634,0.9980,263,45.923401,4.2756,-0.7413
BiancaGolden_GrandPlies,227.8542,-73.3226,215.1036,-2.7373,-9.1908,146.1800,-0.8206,0.3267,-0.4689,0.9980,264,45.937321,4.2785,-0.7332
BiancaGolden_GrandPlies,228.2070,-72.5135,214.9069,-2.7195,-9.5692,146.6298,-0.8195,0.3169,-0.4774,0.9980,264,45.950481,4.2821,-0.7251
BiancaGolden_GrandPlies,228.5951,-71.7105,214.8870,-2.8469,-10.1929,147.0810,-0.8204,0.3041,-0.4841,0.9980,265,45.965965,4.2860,-0.7171
BiancaGolden_GrandPlies,228.9666,-70.9067,214.8969,-3.2023,-10.7394,147.4675,-0.8220,0.2971,-0.4859,0.9980,265,45.979961,4.2897,-0.7091
BiancaGolden_GrandPlies,229.3481,-70.0836,214.8490,-3.4533,-11.0165,147.8522,-0.8236,0.2900,-0.4874,0.9980,266,45.992805,4.2935,-0.7008
BiancaGolden_GrandPlies,229.7092,-69.2125,214.8057,-3.5282,-11.1321,148.2864,-0.8268,0.2913,-0.4812,0.9980,266,46.006710,4.2971,-0.6921
BiancaGolden_GrandPlies,230.0077,-68.2223,215.0146,-3.3163,-10.8884,148.7534,-0.8354,0.2971,-0.4625,0.9980,266,46.020054,4.3001,-0.6822
BiancaGolden_GrandPlies,230.2868,-67.2099,215.2894,-2.9274,-10.3294,149.2607,-0.8424,0.2978,-0.4490,0.9980,267,46.035839,4.3029,-0.6721
BiancaGolden_GrandPlies,230.5973,-66.3236,215.3932,-2.7621,-9.7454,149.6042,-0.8450,0.2968,-0.4448,0.9980,267,46.048874,4.3060,-0.6632
BiancaGolden_GrandPlies,231.0441,-65.4832,215.2529,-2.5303,-9.4144,150.0864,-0.8481,0.2913,-0.4425,0.9980,268,46.063850,4.3104,-0.6548
BiancaGolden_GrandPlies,231.4496,-64.6330,215.1318,-2.3284,-9.2292,150.5651,-0.8524,0.2883,-0.4362,0.9980,268,46.077839,4.3145,-0.6463
BiancaGolden_GrandPlies,231.8771,-63.8604,215.0363,-2.1819,-9.3394,150.9607,-0.8517,0.2851,-0.4397,0.9980,268,46.089748,4.3188,-0.6386
BiancaGolden_GrandPlies,232.2605,-63.0481,214.9283,-2.1551,-9.5498,151.3361,-0.8484,0.2790,-0.4498,0.9980,269,46.102863,4.3226,-0.6305
BiancaGolden_GrandPlies,232.6049,-62.2236,214.8565,-2.1072,-9.7512,151.6657,-0.8439,0.2807,-0.4572,0.9980,269,46.117294,4.3260,-0.6222
BiancaGolden_GrandPlies,232.8638,-61.3763,214.8400,-1.9546,-9.8289,151.9994,-0.8450,0.2770,-0.4574,0.9980,270,46.131958,4.3286,-0.6138
BiancaGolden_GrandPlies,233.0504,-60.5028,214.9374,-1.7563,-9.7711,152.3100,-0.8438,0.2801,-0.4578,0.9980,270,46.145691,4.3305,-0.6050
BiancaGolden_GrandPlies,233.1950,-59.6517,215.0849,-1.7630,-9.6719,152.6067,-0.8467,0.2772,-0.4542,0.9980,271,46.160564,4.3319,-0.5965
BiancaGolden_GrandPlies,233.3062,-58.8392,215.1715,-1.9491,-9.4694,152.7943,-0.8497,0.2719,-0.4517,0.9980,271,46.174351,4.3331,-0.5884
BiancaGolden_GrandPlies,233.4342,-58.0811,215.1676,-2.2764,-9.3688,152.9028,-0.8488,0.2753,-0.4514,0.9980,271,46.188271,4.3343,-0.5808
BiancaGolden_GrandPlies,233.5309,-57.3143,215.1649,-2.5355,-9.3534,152.9749,-0.8473,0.2729,-0.4555,0.9980,272,46.201759,4.3353,-0.5731
BiancaGolden_GrandPlies,233.5801,-56.5332,215.2770,-2.6347,-9.4382,153.0295,-0.8473,0.2718,-0.4563,0.9980,272,46.214947,4.3358,-0.5653
BiancaGolden_GrandPlies,233.5858,-55.7796,215.4668,-2.6615,-9.4951,153.0870,-0.8494,0.2694,-0.4538,0.9980,273,46.230362,4.3359,-0.5578
BiancaGolden_GrandPlies,233.5596,-55.0907,215.6411,-2.7901,-9.6530,153.1645,-0.8493,0.2650,-0.4565,0.9980,273,46.244911,4.3356,-0.5509
BiancaGolden_GrandPlies,233.5335,-54.4495,215.7520,-2.9532,-9.8587,153.3621,-0.8487,0.2586,-0.4614,0.9980,273,46.257362,4.3353,-0.5445
BiancaGolden_GrandPlies,233.5000,-53.8512,215.8671,-3.0018,-10.1817,153.6993,-0.8483,0.2514,-0.4659,0.9980,274,46.272034,4.3350,-0.5385
BiancaGolden_GrandPlies,233.4462,-53.2501,215.9977,-2.8704,-10.4612,154.1577,-0.8659,0.2061,-0.4558,0.9980,274,46.283817,4.3345,-0.5325
BiancaGolden_GrandPlies,233.3548,-52.6474,216.1374,-2.6233,-10.6516,154.6776,-0.8731,0.1934,-0.4475,0.9980,275,46.299267,4.3335,-0.5265
BiancaGolden_GrandPlies,233.2380,-52.0613,216.2424,-2.4552,-10.7403,155.1902,-0.8774,0.1887,-0.4410,0.9980,275,46.312347,4.3324,-0.5206
BiancaGolden_GrandPlies,233.1074,-51.4761,216.3521,-2.3537,-10.7450,155.6461,-0.8801,0.1832,-0.4380,0.9980,276,46.334759,4.3311,-0.5148
BiancaGolden_GrandPlies,232.9261,-50.8913,216.4129,-2.1509,-10.5293,156.0867,-0.8844,0.1771,-0.4318,0.9980,276,46.353851,4.3293,-0.5089
BiancaGolden_GrandPlies,232.6166,-49.7482,216.5004,-1.9994,-10.3975,156.8203,-0.8812,0.1889,-0.4333,0.9980,277,46.371510,4.3262,-0.4975
BiancaGolden_GrandPlies,232.3924,-49.2027,216.4281,-1.9971,-10.2423,157.1494,-0.8841,0.1784,-0.4319,0.9980,278,46.397900,4.3239,-0.4920
BiancaGolden_GrandPlies,232.0172,-48.1211,216.3489,-1.8786,-10.1315,157.8857,-0.8843,0.1735,-0.4335,0.9980,278,46.412960,4.3202,-0.4812
BiancaGolden_GrandPlies,231.7909,-47.5832,216.2311,-1.7766,-10.1366,158.2202,-0.8850,0.1684,-0.4341,0.9980,279,46.427155,4.3179,-0.4758
BiancaGolden_GrandPlies,231.5629,-47.0742,216.0695,-1.7454,-10.1862,158.5514,-0.8831,0.1709,-0.4369,0.9980,279,46.441624,4.3156,-0.4707
BiancaGolden_GrandPlies,231.3301,-46.5588,215.9005,-1.7315,-10.2385,158.8459,-0.8811,0.1716,-0.4406,0.9980,279,46.453812,4.3133,-0.4656
BiancaGolden_GrandPlies,231.0903,-46.0536,215.7248,-1.7638,-10.3640,159.1423,-0.8775,0.1763,-0.4459,0.9980,280,46.467972,4.3109,-0.4605
BiancaGolden_GrandPlies,230.8128,-45.5857,215.5509,-1.7858,-10.4844,159.3915,-0.8764,0.1730,-0.4493,0.9980,280,46.484516,4.3081,-0.4559
BiancaGolden_GrandPlies,230.4809,-45.1701,215.3415,-1.8115,-10.6901,159.6407,-0.8777,0.1825,-0.4431,0.9980,281,46.551239,4.3048,-0.4517
BiancaGolden_GrandPlies,229.8453,-44.3020,214.9510,-1.7868,-10.8437,160.0629,-0.8782,0.1691,-0.4474,0.9980,282,46.562546,4.2985,-0.4430
BiancaGolden_GrandPlies,228.2315,-42.3031,213.9509,-1.8524,-11.0522,160.9492,-0.8764,0.1697,-0.4507,0.9980,282,46.590160,4.2823,-0.4230
BiancaGolden_GrandPlies,227.6086,-41.6400,213.7034,-1.8142,-11.2427,161.0997,-0.8730,0.1687,-0.4576,0.9980,283,46.617847,4.2761,-0.4164
BiancaGolden_GrandPlies,226.9759,-40.9568,213.5939,-1.5922,-11.4764,161.3947,-0.8719,0.1695,-0.4594,0.9980,283,46.632740,4.2698,-0.4096
BiancaGolden_GrandPlies,226.6589,-40.5878,213.6805,-1.4623,-11.7167,161.5139,-0.8702,0.1690,-0.4627,0.9980,284,46.645855,4.2666,-0.4059
BiancaGolden_GrandPlies,226.3813,-40.2351,213.7926,-1.2624,-11.8015,161.6517,-0.8706,0.1699,-0.4617,0.9980,284,46.661217,4.2638,-0.4024
BiancaGolden_GrandPlies,226.4321,-40.2560,213.8663,-1.3875,-11.7461,161.5832,-0.8709,0.1731,-0.4600,0.9980,285,46.675224,4.2643,-0.4026
BiancaGolden_GrandPlies,226.1988,-39.9234,213.8584,-1.4357,-11.7208,161.6627,-0.8728,0.1756,-0.4554,0.9980,285,46.688072,4.2620,-0.3992
BiancaGolden_GrandPlies,226.0098,-39.5535,213.8853,-1.3102,-11.6982,161.8008,-0.8728,0.1735,-0.4561,0.9980,286,46.702595,4.2601,-0.3955
BiancaGolden_GrandPlies,225.8358,-39.1800,213.9550,-1.0981,-11.7219,161.9932,-0.8712,0.1709,-0.4602,0.9980,286,46.715515,4.2584,-0.3918
BiancaGolden_GrandPlies,225.6520,-38.7992,214.0906,-0.9353,-11.8073,162.1699,-0.8709,0.1679,-0.4618,0.9980,287,46.730988,4.2565,-0.3880
BiancaGolden_GrandPlies,225.4779,-38.4120,214.2603,-0.8892,-11.9108,162.3628,-0.8704,0.1657,-0.4636,0.9980,287,46.744232,4.2548,-0.3841
BiancaGolden_GrandPlies,225.3117,-38.0319,214.4877,-0.8725,-12.0167,162.5607,-0.8724,0.1621,-0.4612,0.9980,288,46.759377,4.2531,-0.3803
BiancaGolden_GrandPlies,225.1638,-37.6321,214.7150,-0.8972,-12.0879,162.8159,-0.8767,0.1580,-0.4544,0.9980,288,46.770554,4.2516,-0.3763
BiancaGolden_GrandPlies,225.0199,-37.2259,214.9104,-0.8447,-12.0424,163.1133,-0.8784,0.1531,-0.4526,0.9980,288,46.784050,4.2502,-0.3723
BiancaGolden_GrandPlies,224.8624,-36.7684,215.1500,-0.7472,-11.9529,163.4344,-0.8804,0.1487,-0.4503,0.9980,289,46.799862,4.2486,-0.3677
BiancaGolden_GrandPlies,224.7223,-36.3227,215.3956,-0.6307,-11.7902,163.7810,-0.8813,0.1514,-0.4477,0.9980,289,46.811302,4.2472,-0.3632
BiancaGolden_GrandPlies,224.6135,-35.8707,215.5853,-0.6303,-11.6152,164.0688,-0.8823,0.1494,-0.4464,0.9980,290,46.825569,4.2461,-0.3587
BiancaGolden_GrandPlies,224.5447,-35.4140,215.6986,-0.8327,-11.4471,164.3332,-0.8844,0.1457,-0.4434,0.9980,290,46.839123,4.2454,-0.3541
BiancaGolden_GrandPlies,224.4819,-34.9217,215.8048,-1.0380,-11.2750,164.5361,-0.8829,0.1425,-0.4473,0.9980,291,46.857281,4.2448,-0.3492
BiancaGolden_GrandPlies,224.4132,-34.4294,215.9185,-1.1578,-11.1023,164.6748,-0.8872,0.1240,-0.4443,0.9980,291,46.866207,4.2441,-0.3443
BiancaGolden_GrandPlies,224.3540,-33.9216,216.0192,-1.2719,-10.9577,164.7595,-0.8921,0.0966,-0.4415,0.9980,291,46.880745,4.2435,-0.3392
BiancaGolden_GrandPlies,224.3197,-33.4041,216.1032,-1.2987,-10.8842,164.8556,-0.8921,0.0823,-0.4442,0.9980,292,46.894566,4.2432,-0.3340
BiancaGolden_GrandPlies,224.2707,-32.9011,216.1875,-1.3401,-10.8330,165.0136,-0.8883,0.0774,-0.4528,0.9980,292,46.908478,4.2427,-0.3290
BiancaGolden_GrandPlies,224.2404,-32.3759,216.2440,-1.3434,-10.7709,165.2514,-0.8900,0.0732,-0.4500,0.9980,293,46.922073,4.2424,-0.3238
BiancaGolden_GrandPlies,224.2106,-31.8525,216.2717,-1.3375,-10.5886,165.5438,-0.8913,0.0754,-0.4470,0.9980,293,46.936058,4.2421,-0.3185
BiancaGolden_GrandPlies,224.1848,-31.3163,216.2767,-1.3283,-10.3401,165.8301,-0.8921,0.0710,-0.4462,0.9980,294,46.951859,4.2418,-0.3132
BiancaGolden_GrandPlies,224.1835,-30.7491,216.2334,-1.3243,-10.0414,166.1348,-0.8940,0.0673,-0.4430,0.9980,294,46.964741,4.2418,-0.3075
BiancaGolden_GrandPlies,224.1851,-30.1656,216.1956,-1.2428,-9.7770,166.4281,-0.8953,0.0684,-0.4403,0.9980,294,46.978127,4.2419,-0.3017
BiancaGolden_GrandPlies,224.2168,-29.5560,216.1552,-1.1453,-9.5562,166.7875,-0.8974,0.0640,-0.4365,0.9980,295,46.992832,4.2422,-0.2956
BiancaGolden_GrandPlies,224.2729,-28.9668,216.0744,-1.0889,-9.3042,167.1173,-0.8976,0.0587,-0.4369,0.9980,295,47.006676,4.2427,-0.2897
BiancaGolden_GrandPlies,224.3587,-28.3770,215.9110,-1.0734,-9.0923,167.4650,-0.8961,0.0524,-0.4407,0.9980,296,47.020088,4.2436,-0.2838
BiancaGolden_GrandPlies,224.4999,-27.7497,215.6882,-1.0400,-8.9221,167.9252,-0.8939,0.0477,-0.4457,0.9980,296,47.034840,4.2450,-0.2775
BiancaGolden_GrandPlies,224.6474,-27.1099,215.5553,-0.9022,-9.1118,168.3864,-0.8861,0.0430,-0.4615,0.9980,297,47.052536,4.2465,-0.2711
BiancaGolden_GrandPlies,224.8644,-26.4404,215.6208,-0.9013,-9.8470,168.9246,-0.8822,0.0357,-0.4694,0.9980,297,47.077099,4.2486,-0.2644
BiancaGolden_GrandPlies,225.2051,-25.1288,215.5579,-0.8950,-10.3285,169.8486,-0.8781,0.0267,-0.4777,0.9980,298,47.093399,4.2521,-0.2513
BiancaGolden_GrandPlies,225.3104,-24.4057,215.6646,-0.8270,-10.8320,170.3429,-0.8729,0.0251,-0.4873,0.9980,298,47.106674,4.2531,-0.2441
BiancaGolden_GrandPlies,225.3481,-23.5743,215.9791,-0.6992,-11.0860,170.9487,-0.8761,0.0225,-0.4816,0.9980,299,47.118736,4.2535,-0.2357
BiancaGolden_GrandPlies,225.3423,-22.7742,216.2625,-0.6946,-10.5872,171.2599,-0.8811,0.0234,-0.4723,0.9980,299,47.130932,4.2534,-0.2277
BiancaGolden_GrandPlies,225.5075,-21.9636,216.2168,-0.7924,-10.0351,171.5559,-0.8899,0.0594,-0.4523,0.9980,299,47.146011,4.2551,-0.2196
BiancaGolden_GrandPlies,225.6513,-21.1401,216.0631,-0.7259,-9.5820,171.7132,-0.8920,0.0578,-0.4484,0.9980,300,47.158493,4.2565,-0.2114
BiancaGolden_GrandPlies,225.8223,-20.2994,216.0047,-0.5678,-9.3188,171.8833,-0.9061,0.0864,-0.4141,0.9980,300,47.172024,4.2582,-0.2030
BiancaGolden_GrandPlies,225.9527,-19.4847,215.9887,-0.4763,-9.1876,171.9522,-0.9058,0.0904,-0.4140,0.9980,301,47.187866,4.2595,-0.1948
BiancaGolden_GrandPlies,226.0799,-18.6933,215.9477,-0.4266,-9.1710,172.0388,-0.9047,0.0939,-0.4155,0.9980,301,47.201122,4.2608,-0.1869
BiancaGolden_GrandPlies,226.1831,-17.9178,215.8611,-0.4375,-9.1902,172.1638,-0.8988,0.0898,-0.4290,0.9980,302,47.218098,4.2618,-0.1792
BiancaGolden_GrandPlies,226.2671,-17.1251,215.7207,-0.4508,-9.1999,172.3768,-0.8991,0.0863,-0.4292,0.9980,302,47.230621,4.2627,-0.1713
BiancaGolden_GrandPlies,226.3305,-16.3280,215.5705,-0.3232,-9.2091,172.6373,-0.8972,0.0832,-0.4338,0.9980,302,47.245110,4.2633,-0.1633
BiancaGolden_GrandPlies,226.3748,-15.5385,215.4316,-0.1925,-9.2125,172.8751,-0.8943,0.0856,-0.4392,0.9980,303,47.259132,4.2637,-0.1554
BiancaGolden_GrandPlies,226.4127,-14.7665,215.2668,-0.1232,-9.2159,173.0689,-0.8925,0.0837,-0.4431,0.9980,303,47.271011,4.2641,-0.1477
BiancaGolden_GrandPlies,226.4174,-14.0255,215.0932,-0.0327,-9.2655,173.2047,-0.8921,0.0795,-0.4448,0.9980,304,47.285561,4.2642,-0.1403
BiancaGolden_GrandPlies,226.3946,-13.3049,214.9570,0.0871,-9.3841,173.3334,-0.8907,0.0751,-0.4484,0.9980,304,47.299271,4.2639,-0.1330
BiancaGolden_GrandPlies,226.3317,-12.5901,214.9063,0.2016,-9.5859,173.4710,-0.8913,0.0760,-0.4470,0.9980,304,47.313457,4.2633,-0.1259
BiancaGolden_GrandPlies,226.2445,-11.9138,214.8946,0.2974,-9.8258,173.5902,-0.8896,0.0739,-0.4507,0.9980,305,47.325283,4.2624,-0.1191
BiancaGolden_GrandPlies,226.1448,-11.2678,214.8435,0.2842,-10.0649,173.7104,-0.8868,0.0677,-0.4571,0.9980,305,47.344135,4.2614,-0.1127
BiancaGolden_GrandPlies,226.0326,-10.6299,214.7496,0.2735,-10.3321,173.8418,-0.8843,0.0670,-0.4622,0.9980,306,47.355312,4.2603,-0.1063
BiancaGolden_GrandPlies,225.8756,-9.9923,214.7223,0.2616,-10.6819,173.9861,-0.8814,0.0636,-0.4681,0.9980,306,47.368069,4.2588,-0.0999
BiancaGolden_GrandPlies,225.6970,-9.3585,214.7939,0.2464,-11.0669,174.0633,-0.8799,0.0645,-0.4708,0.9980,306,47.381874,4.2570,-0.0936
BiancaGolden_GrandPlies,225.4621,-8.7518,214.9454,0.1152,-11.4606,174.0669,-0.8815,0.0629,-0.4679,0.9980,307,47.396824,4.2546,-0.0875
BiancaGolden_GrandPlies,225.1869,-8.1808,215.1078,-0.1340,-11.7858,174.0324,-0.8799,0.0614,-0.4711,0.9980,307,47.407814,4.2519,-0.0818
BiancaGolden_GrandPlies,224.9322,-7.5981,215.1965,-0.3149,-12.0008,174.0612,-0.8806,0.0604,-0.4700,0.9980,308,47.425591,4.2493,-0.0760
BiancaGolden_GrandPlies,224.6432,-7.0442,215.2467,-0.4341,-12.1250,174.0888,-0.8831,0.0547,-0.4659,0.9980,308,47.437191,4.2464,-0.0704
BiancaGolden_GrandPlies,224.3490,-6.4790,215.3140,-0.4648,-12.2060,174.1980,-0.8872,0.0535,-0.4582,0.9980,309,47.453323,4.2435,-0.0648
BiancaGolden_GrandPlies,224.0247,-5.9425,215.4002,-0.4426,-12.2486,174.2790,-0.8893,0.0527,-0.4543,0.9980,309,47.466000,4.2402,-0.0594
BiancaGolden_GrandPlies,223.6907,-5.4450,215.4319,-0.4548,-12.2192,174.3467,-0.8918,0.0452,-0.4502,0.9980,309,47.481533,4.2369,-0.0545
BiancaGolden_GrandPlies,223.3472,-4.9764,215.4502,-0.5215,-12.2473,174.3960,-0.8899,0.0417,-0.4542,0.9980,310,47.492794,4.2335,-0.0498
BiancaGolden_GrandPlies,222.9923,-4.4719,215.4151,-0.3961,-12.2231,174.5843,-0.8893,0.0406,-0.4555,0.9980,310,47.507229,4.2299,-0.0447
BiancaGolden_GrandPlies,222.6274,-4.0205,215.3887,-0.2550,-12.3008,174.6913,-0.8887,0.0384,-0.4568,0.9980,311,47.521267,4.2263,-0.0402
BiancaGolden_GrandPlies,222.2535,-3.5768,215.3498,-0.2159,-12.4737,174.7534,-0.8854,0.0365,-0.4635,0.9980,311,47.534744,4.2225,-0.0358
BiancaGolden_GrandPlies,221.8948,-3.1451,215.2714,-0.2601,-12.6688,174.8413,-0.8714,0.1008,-0.4801,0.9980,311,47.550423,4.2189,-0.0315
BiancaGolden_GrandPlies,221.5274,-2.7422,215.1567,-0.4722,-12.9611,174.7828,-0.8567,0.1473,-0.4943,0.9980,312,47.563862,4.2153,-0.0274
BiancaGolden_GrandPlies,221.1486,-2.3223,215.0614,-0.5546,-13.3091,174.7768,-0.8460,0.1622,-0.5079,0.9980,312,47.577244,4.2115,-0.0232
BiancaGolden_GrandPlies,220.7568,-1.9210,214.9727,-0.4586,-13.5684,174.8199,-0.8446,0.1625,-0.5101,0.9980,313,47.593105,4.2076,-0.0192
BiancaGolden_GrandPlies,220.3410,-1.5664,214.8764,-0.4167,-13.7108,174.7974,-0.8444,0.1625,-0.5105,0.9980,313,47.604950,4.2034,-0.0157
BiancaGolden_GrandPlies,219.9129,-1.2351,214.7796,-0.4622,-13.7421,174.7988,-0.8464,0.1625,-0.5072,0.9980,314,47.621941,4.1991,-0.0124
BiancaGolden_GrandPlies,219.4835,-0.9401,214.6590,-0.5871,-13.6776,174.7606,-0.8472,0.1617,-0.5060,0.9980,314,47.635433,4.1948,-0.0094
BiancaGolden_GrandPlies,219.0645,-0.6761,214.4961,-0.7624,-13.5828,174.6801,-0.8481,0.1601,-0.5050,0.9980,314,47.648453,4.1906,-0.0068
BiancaGolden_GrandPlies,218.6650,-0.4319,214.3210,-0.8395,-13.5146,174.5685,-0.8480,0.1614,-0.5048,0.9980,315,47.661407,4.1866,-0.0043
BiancaGolden_GrandPlies,218.2700,-0.2248,214.1371,-0.8701,-13.4851,174.4677,-0.8462,0.1627,-0.5075,0.9980,315,47.674267,4.1827,-0.0022
BiancaGolden_GrandPlies,217.8679,-0.0627,213.9743,-0.8855,-13.4755,174.3583,-0.8477,0.1631,-0.5047,0.9980,316,47.689640,4.1787,-0.0006
BiancaGolden_GrandPlies,217.4549,0.0899,213.8371,-0.8745,-13.5033,174.3065,-0.8479,0.1636,-0.5042,0.9980,316,47.702267,4.1745,0.0009
BiancaGolden_GrandPlies,217.0032,0.2052,213.7705,-0.7670,-13.4688,174.3106,-0.8493,0.1631,-0.5020,0.9980,316,47.716171,4.1700,0.0021
BiancaGolden_GrandPlies,216.5652,0.2738,213.7095,-0.7252,-13.3868,174.3459,-0.8508,0.1610,-0.5003,0.9980,317,47.730553,4.1657,0.0027
BiancaGolden_GrandPlies,216.1130,0.3244,213.6243,-0.7399,-13.2666,174.3898,-0.8522,0.1605,-0.4979,0.9980,317,47.745056,4.1611,0.0032
BiancaGolden_GrandPlies,215.6444,0.3560,213.5712,-0.7774,-13.1089,174.4168,-0.8545,0.1603,-0.4940,0.9980,318,47.758682,4.1564,0.0036
BiancaGolden_GrandPlies,215.1594,0.3869,213.5587,-0.7287,-12.9312,174.4659,-0.8550,0.1607,-0.4931,0.9980,318,47.773071,4.1516,0.0039
BiancaGolden_GrandPlies,214.6666,0.4060,213.5954,-0.5591,-12.7768,174.5293,-0.8577,0.1595,-0.4888,0.9980,319,47.785862,4.1467,0.0041
BiancaGolden_GrandPlies,214.1854,0.4079,213.6352,-0.2650,-12.6364,174.7042,-0.8714,0.1066,-0.4789,0.9980,319,47.800560,4.1419,0.0041
BiancaGolden_GrandPlies,213.7394,0.3719,213.5960,0.0204,-12.5014,174.9322,-0.8839,0.0386,-0.4661,0.9980,319,47.814079,4.1374,0.0037
BiancaGolden_GrandPlies,213.3295,0.3185,213.5158,0.1106,-12.4184,175.1768,-0.8842,0.0349,-0.4658,0.9980,320,47.827499,4.1333,0.0032
BiancaGolden_GrandPlies,212.9314,0.2767,213.4890,0.2440,-12.3958,175.4582,-0.8848,0.0164,-0.4658,0.9980,320,47.844654,4.1293,0.0028
BiancaGolden_GrandPlies,212.5618,0.2309,213.5167,0.3081,-12.5539,175.7211,-0.8828,0.0127,-0.4695,0.9980,321,47.857563,4.1256,0.0023
BiancaGolden_GrandPlies,212.1802,0.1857,213.5966,0.3595,-12.7932,175.9670,-0.8783,0.0087,-0.4780,0.9980,321,47.869572,4.1218,0.0019
BiancaGolden_GrandPlies,211.8017,0.1374,213.7328,0.4409,-13.1390,176.2364,-0.8750,0.0042,-0.4841,0.9980,321,47.883633,4.1180,0.0014
BiancaGolden_GrandPlies,211.3960,0.0827,213.8498,0.5740,-13.2845,176.5834,-0.8756,-0.0013,-0.4830,0.9980,322,47.897114,4.1140,0.0008
BiancaGolden_GrandPlies,210.9660,0.0419,213.9529,0.7793,-13.2042,177.0092,-0.8776,-0.0074,-0.4793,0.9980,322,47.910942,4.1097,0.0004
BiancaGolden_GrandPlies,210.5194,0.0117,214.0463,0.9487,-12.9526,177.4690,-0.8767,-0.0035,-0.4810,0.9980,323,47.926430,4.1052,0.0001
BiancaGolden_GrandPlies,210.0649,-0.0043,214.1536,1.1553,-12.6071,177.9209,-0.8785,-0.0081,-0.4776,0.9980,323,47.939098,4.1006,-0.0000
BiancaGolden_GrandPlies,209.6470,-0.0280,214.2548,1.3442,-12.3788,178.4373,-0.8807,-0.0158,-0.4734,0.9980,324,47.952099,4.0965,-0.0003
BiancaGolden_GrandPlies,209.2478,-0.0704,214.3525,1.4068,-12.2830,178.9528,-0.8801,-0.0200,-0.4744,0.9980,324,47.965401,4.0925,-0.0007
BiancaGolden_GrandPlies,208.8929,-0.1283,214.4243,1.4198,-12.3921,179.5171,-0.8775,-0.0227,-0.4791,0.9980,324,47.982239,4.0889,-0.0013
BiancaGolden_GrandPlies,208.5802,-0.1809,214.4852,1.3898,-12.6576,-179.8561,-0.8741,-0.0337,-0.4845,0.9980,325,47.992687,4.0858,-0.0018
BiancaGolden_GrandPlies,208.2734,-0.2129,214.5284,1.4160,-13.0114,-179.1275,-0.8698,-0.0456,-0.4912,0.9980,325,48.007626,4.0827,-0.0021
BiancaGolden_GrandPlies,207.9970,-0.2748,214.5782,1.4207,-13.3872,-178.3385,-0.8504,-0.1174,-0.5128,0.9980,326,48.021736,4.0800,-0.0027
BiancaGolden_GrandPlies,207.7308,-0.3448,214.6434,1.2784,-13.7846,-177.5298,-0.8177,-0.1763,-0.5480,0.9980,326,48.035591,4.0773,-0.0034
BiancaGolden_GrandPlies,207.4785,-0.4084,214.7101,1.1222,-14.0940,-176.7074,-0.7962,-0.2253,-0.5614,0.9980,326,48.050247,4.0748,-0.0041
BiancaGolden_GrandPlies,207.2496,-0.4665,214.7718,0.9576,-14.2590,-175.8952,-0.7841,-0.2558,-0.5654,0.9980,327,48.064384,4.0725,-0.0047
BiancaGolden_GrandPlies,207.0337,-0.5213,214.8397,0.7458,-14.3359,-175.1549,-0.7818,-0.2664,-0.5638,0.9980,327,48.078121,4.0703,-0.0052
BiancaGolden_GrandPlies,206.8303,-0.5782,214.9269,0.5640,-14.2617,-174.4677,-0.7764,-0.2763,-0.5665,0.9980,328,48.092480,4.0683,-0.0058
BiancaGolden_GrandPlies,206.6494,-0.6101,215.0500,0.4978,-14.1174,-173.7447,-0.7779,-0.2784,-0.5633,0.9980,328,48.106773,4.0665,-0.0061
BiancaGolden_GrandPlies,206.4751,-0.6301,215.1780,0.4628,-13.9531,-173.0787,-0.7815,-0.2758,-0.5597,0.9980,329,48.119862,4.0648,-0.0063
BiancaGolden_GrandPlies,206.3241,-0.5954,215.2746,0.5226,-13.6513,-172.4634,-0.7898,-0.2738,-0.5489,0.9980,329,48.133205,4.0632,-0.0060
BiancaGolden_GrandPlies,206.1663,-0.5709,215.3466,0.5331,-13.3494,-171.8964,-0.7958,-0.2694,-0.5423,0.9980,329,48.148201,4.0617,-0.0057
BiancaGolden_GrandPlies,206.0190,-0.5233,215.3789,0.5810,-12.9595,-171.4066,-0.7964,-0.2763,-0.5380,0.9980,330,48.161522,4.0602,-0.0052
BiancaGolden_GrandPlies,205.8637,-0.4526,215.4381,0.6956,-12.6422,-170.8901,-0.7998,-0.2780,-0.5319,0.9980,330,48.174675,4.0586,-0.0045
BiancaGolden_GrandPlies,205.6964,-0.3523,215.4987,0.7956,-12.3386,-170.4205,-0.8025,-0.2735,-0.5303,0.9980,331,48.190758,4.0570,-0.0035
BiancaGolden_GrandPlies,205.5331,-0.2151,215.5211,0.8297,-12.0665,-170.0233,-0.8060,-0.2724,-0.5255,0.9980,331,48.204098,4.0553,-0.0022
BiancaGolden_GrandPlies,205.3544,-0.0392,215.5219,0.7782,-11.8648,-169.7141,-0.8172,-0.2390,-0.5245,0.9980,331,48.217472,4.0535,-0.0004
BiancaGolden_GrandPlies,205.1751,0.1886,215.5287,0.7514,-11.7761,-169.4785,-0.8476,-0.1523,-0.5082,0.9980,332,48.231331,4.0518,0.0019
BiancaGolden_GrandPlies,204.9782,0.4172,215.5400,0.7421,-11.7349,-169.2995,-0.8471,-0.1529,-0.5090,0.9980,332,48.244354,4.0498,0.0042
BiancaGolden_GrandPlies,204.7396,0.7089,215.5483,0.7455,-11.7827,-169.2536,-0.8713,-0.1048,-0.4794,0.9980,333,48.259956,4.0474,0.0071
BiancaGolden_GrandPlies,204.4742,1.0145,215.5764,0.7926,-11.8409,-169.2342,-0.8772,-0.0795,-0.4735,0.9980,333,48.274391,4.0447,0.0101
BiancaGolden_GrandPlies,204.1976,1.3478,215.5808,0.9202,-11.8637,-169.1895,-0.8789,-0.0789,-0.4704,0.9980,334,48.289173,4.0420,0.0135
BiancaGolden_GrandPlies,203.8975,1.6923,215.5793,1.0506,-11.8732,-169.1813,-0.8777,-0.0767,-0.4731,0.9980,334,48.301743,4.0390,0.0169
BiancaGolden_GrandPlies,203.5783,2.0777,215.5587,1.1836,-11.8576,-169.1649,-0.8769,-0.0669,-0.4761,0.9980,334,48.315697,4.0358,0.0208
BiancaGolden_GrandPlies,203.2228,2.4745,215.5436,1.3314,-11.8329,-169.2350,-0.8774,-0.0653,-0.4754,0.9980,335,48.330070,4.0322,0.0247
BiancaGolden_GrandPlies,202.8535,2.8934,215.5388,1.5156,-11.8079,-169.2851,-0.8780,-0.0589,-0.4750,0.9980,335,48.346703,4.0285,0.0289
BiancaGolden_GrandPlies,202.4658,3.3375,215.5165,1.6918,-11.8238,-169.3042,-0.8766,-0.0563,-0.4780,0.9980,336,48.356953,4.0247,0.0334
BiancaGolden_GrandPlies,202.0820,3.7881,215.4680,1.7586,-11.8266,-169.4224,-0.8756,-0.0539,-0.4801,0.9980,336,48.369862,4.0208,0.0379
BiancaGolden_GrandPlies,201.6899,4.2801,215.3888,1.8340,-11.8915,-169.5669,-0.8735,-0.0527,-0.4839,0.9980,337,48.385685,4.0169,0.0428
BiancaGolden_GrandPlies,201.2894,4.7929,215.2922,2.0064,-12.0395,-169.7247,-0.8677,-0.0536,-0.4942,0.9980,337,48.397148,4.0129,0.0479
BiancaGolden_GrandPlies,200.8723,5.3345,215.2114,2.2465,-12.2579,-169.8084,-0.8661,-0.0501,-0.4973,0.9980,337,48.412613,4.0087,0.0533
BiancaGolden_GrandPlies,200.4409,5.8667,215.1259,2.3735,-12.4779,-169.9756,-0.8623,-0.0509,-0.5038,0.9980,338,48.426418,4.0044,0.0587
BiancaGolden_GrandPlies,200.0111,6.4368,215.0170,2.4406,-12.6905,-170.1960,-0.8607,-0.0453,-0.5071,0.9980,338,48.440762,4.0001,0.0644
BiancaGolden_GrandPlies,199.5657,7.0272,214.8808,2.5059,-12.9283,-170.5356,-0.8584,-0.0397,-0.5115,0.9980,339,48.454582,3.9957,0.0703
BiancaGolden_GrandPlies,199.0923,7.6483,214.7160,2.7259,-13.1802,-170.8321,-0.8568,-0.0321,-0.5147,0.9980,339,48.468628,3.9909,0.0765
BiancaGolden_GrandPlies,198.6032,8.2625,214.5619,2.9247,-13.4342,-171.1093,-0.8377,0.0394,-0.5447,0.9980,339,48.483406,3.9860,0.0826
BiancaGolden_GrandPlies,198.0562,8.8751,214.4138,3.0253,-13.6035,-171.4161,-0.8369,0.0449,-0.5455,0.9980,340,48.496052,3.9806,0.0888
BiancaGolden_GrandPlies,197.4824,9.4905,214.2509,3.0739,-13.6739,-171.7664,-0.8332,0.0809,-0.5471,0.9980,340,48.508785,3.9748,0.0949
BiancaGolden_GrandPlies,196.8789,10.1077,214.0294,3.2754,-13.6877,-172.1183,-0.8316,0.0881,-0.5483,0.9980,341,48.524204,3.9688,0.1011
BiancaGolden_GrandPlies,196.2522,10.7296,213.7306,3.7490,-13.6697,-172.3009,-0.8309,0.0908,-0.5489,0.9980,341,48.538273,3.9625,0.1073
BiancaGolden_GrandPlies,195.6075,11.3176,213.4537,4.1995,-13.8129,-172.4307,-0.8294,0.0880,-0.5517,0.9980,342,48.552837,3.9561,0.1132
BiancaGolden_GrandPlies,194.9342,11.9091,213.2338,4.6301,-14.0072,-172.4600,-0.8256,0.0800,-0.5586,0.9980,342,48.567329,3.9493,0.1191
BiancaGolden_GrandPlies,194.2792,12.5251,213.0516,5.1443,-14.4680,-172.4748,-0.8200,0.0839,-0.5662,0.9980,342,48.580967,3.9428,0.1253
BiancaGolden_GrandPlies,193.5970,13.1607,212.9926,5.7195,-15.1369,-172.4563,-0.8105,0.0850,-0.5796,0.9980,343,48.594505,3.9360,0.1316
BiancaGolden_GrandPlies,192.9432,13.7787,212.9717,6.3753,-15.9197,-172.4175,-0.8020,0.0792,-0.5921,0.9980,343,48.607548,3.9294,0.1378
BiancaGolden_GrandPlies,192.3452,14.4281,212.8058,6.8914,-16.6724,-172.4235,-0.7946,0.0684,-0.6032,0.9980,344,48.622280,3.9235,0.1443
BiancaGolden_GrandPlies,191.7441,15.1124,212.6015,7.2587,-17.4748,-172.4908,-0.7893,0.0656,-0.6105,0.9980,344,48.636093,3.9174,0.1511
BiancaGolden_GrandPlies,191.1362,15.8202,212.5246,7.5844,-18.0799,-172.6709,-0.7914,0.0637,-0.6079,0.9980,344,48.650570,3.9114,0.1582
BiancaGolden_GrandPlies,190.5293,16.4904,212.4542,7.9389,-18.3867,-172.9086,-0.7915,0.0677,-0.6074,0.9980,345,48.663528,3.9053,0.1649
BiancaGolden_GrandPlies,189.9516,17.1361,212.3940,8.2110,-18.4026,-173.0882,-0.7952,0.0581,-0.6036,0.9980,345,48.677311,3.8995,0.1714
BiancaGolden_GrandPlies,189.3744,17.7725,212.3519,8.5133,-18.3698,-173.1363,-0.8049,0.0461,-0.5917,0.9980,346,48.692410,3.8937,0.1777
BiancaGolden_GrandPlies,188.8371,18.3554,212.3660,8.6686,-18.1182,-173.0327,-0.8125,0.0360,-0.5819,0.9980,346,48.706203,3.8884,0.1836
BiancaGolden_GrandPlies,188.2991,18.9292,212.3782,8.7681,-17.9603,-172.8701,-0.8170,0.0309,-0.5758,0.9980,347,48.721348,3.8830,0.1893
BiancaGolden_GrandPlies,187.7977,19.4557,212.3860,8.7630,-17.7748,-172.5979,-0.8146,0.0197,-0.5796,0.9980,347,48.733208,3.8780,0.1946
BiancaGolden_GrandPlies,187.3181,19.9929,212.3826,8.6835,-17.6847,-172.2935,-0.8142,0.0152,-0.5803,0.9980,347,48.748539,3.8732,0.1999
BiancaGolden_GrandPlies,186.8673,20.5073,212.3713,8.5358,-17.7119,-172.0231,-0.8067,0.0082,-0.5908,0.9980,348,48.761627,3.8687,0.2051
BiancaGolden_GrandPlies,186.4238,20.9832,212.4187,8.1848,-17.8440,-171.8654,-0.8029,-0.0027,-0.5961,0.9980,348,48.774368,3.8642,0.2098
BiancaGolden_GrandPlies,186.0025,21.4337,212.5194,7.7244,-18.0591,-171.7951,-0.8035,-0.0050,-0.5953,0.9980,349,48.790100,3.8600,0.2143
BiancaGolden_GrandPlies,185.6034,21.8719,212.6075,7.4848,-18.2887,-171.7863,-0.8009,-0.0116,-0.5986,0.9980,349,48.803158,3.8560,0.2187
BiancaGolden_GrandPlies,185.2100,22.3045,212.6638,7.4327,-18.4831,-171.6793,-0.7986,-0.0173,-0.6017,0.9980,349,48.817429,3.8521,0.2230
BiancaGolden_GrandPlies,184.8353,22.7039,212.7474,7.4973,-18.5964,-171.4626,-0.7982,-0.0211,-0.6020,0.9980,350,48.831562,3.8484,0.2270
BiancaGolden_GrandPlies,184.4695,23.0787,212.8537,7.4893,-18.6386,-171.1945,-0.7976,-0.0286,-0.6025,0.9980,350,48.848862,3.8447,0.2308
BiancaGolden_GrandPlies,184.1138,23.3971,212.9852,7.4112,-18.5859,-170.8173,-0.7968,-0.0345,-0.6033,0.9980,351,48.861324,3.8411,0.2340
BiancaGolden_GrandPlies,183.7698,23.7203,213.1203,7.3070,-18.5424,-170.4200,-0.7972,-0.0394,-0.6024,0.9980,351,48.873444,3.8377,0.2372
BiancaGolden_GrandPlies,183.4255,24.0301,213.2712,7.1993,-18.4558,-170.0288,-0.8024,-0.0418,-0.5953,0.9980,352,48.887115,3.8343,0.2403
BiancaGolden_GrandPlies,183.0806,24.3347,213.4201,7.1124,-18.3272,-169.6629,-0.8038,-0.0479,-0.5930,0.9980,352,48.901272,3.8308,0.2433
BiancaGolden_GrandPlies,182.7401,24.6169,213.5499,7.0172,-18.1617,-169.2873,-0.8050,-0.0538,-0.5908,0.9980,352,48.914539,3.8274,0.2462
BiancaGolden_GrandPlies,182.3908,24.8888,213.6697,6.8863,-17.9950,-168.9311,-0.8065,-0.0601,-0.5882,0.9980,353,48.927738,3.8239,0.2489
BiancaGolden_GrandPlies,182.0294,25.1386,213.7708,6.7220,-17.7808,-168.5833,-0.8000,-0.0595,-0.5970,0.9980,353,48.942581,3.8203,0.2514
BiancaGolden_GrandPlies,181.6455,25.3777,213.8767,6.6413,-17.5629,-168.2491,-0.8013,-0.0643,-0.5948,0.9980,354,48.956161,3.8165,0.2538
BiancaGolden_GrandPlies,181.2796,25.5944,213.9595,6.5813,-17.3364,-167.9234,-0.8002,-0.0691,-0.5957,0.9980,354,48.968975,3.8128,0.2559
BiancaGolden_GrandPlies,180.9082,25.7906,214.0293,6.5072,-17.1309,-167.5844,-0.7981,-0.0725,-0.5981,0.9980,355,48.985992,3.8091,0.2579
BiancaGolden_GrandPlies,180.5290,25.9760,214.0804,6.4099,-16.9921,-167.2769,-0.7989,-0.0778,-0.5965,0.9980,355,48.996925,3.8053,0.2598
BiancaGolden_GrandPlies,180.1159,26.1324,214.1278,6.2969,-16.8561,-166.9805,-0.7999,-0.0807,-0.5946,0.9980,355,49.013241,3.8012,0.2613
BiancaGolden_GrandPlies,179.7014,26.2859,214.1678,6.2263,-16.7315,-166.7066,-0.7978,-0.0741,-0.5984,0.9980,356,49.026470,3.7970,0.2629
BiancaGolden_GrandPlies,179.2882,26.4148,214.1724,6.1238,-16.6370,-166.4781,-0.7976,-0.0756,-0.5984,0.9980,356,49.038235,3.7929,0.2641
BiancaGolden_GrandPlies,178.8531,26.5335,214.1584,6.0189,-16.5942,-166.2646,-0.7892,-0.0725,-0.6098,0.9980,357,49.053719,3.7885,0.2653
BiancaGolden_GrandPlies,178.4034,26.6343,214.1518,5.8664,-16.5752,-166.0744,-0.7892,-0.0758,-0.6094,0.9980,357,49.066910,3.7840,0.2663
BiancaGolden_GrandPlies,177.9029,26.6925,214.1482,5.6884,-16.5367,-165.9528,-0.7888,-0.0729,-0.6103,0.9980,357,49.081879,3.7790,0.2669
BiancaGolden_GrandPlies,177.4022,26.7358,214.1193,5.5426,-16.4876,-165.8911,-0.7866,-0.0672,-0.6138,0.9980,358,49.095581,3.7740,0.2674
BiancaGolden_GrandPlies,176.8977,26.7490,214.0749,5.4153,-16.4677,-165.8815,-0.7820,-0.0565,-0.6207,0.9980,358,49.109623,3.7690,0.2675
BiancaGolden_GrandPlies,176.3859,26.7610,214.0143,5.3269,-16.4932,-165.8948,-0.7763,-0.0541,-0.6280,0.9980,359,49.124550,3.7639,0.2676
BiancaGolden_GrandPlies,175.8621,26.7435,213.9506,5.3064,-16.6191,-165.9083,-0.7740,-0.0528,-0.6310,0.9980,359,49.135975,3.7586,0.2674
BiancaGolden_GrandPlies,175.3155,26.7119,213.9084,5.3444,-16.7467,-165.9293,-0.7733,-0.0550,-0.6316,0.9980,360,49.152802,3.7532,0.2671
BiancaGolden_GrandPlies,174.7759,26.6112,213.8522,5.4008,-16.8710,-165.9746,-0.7788,-0.0983,-0.6195,0.9980,360,49.165337,3.7478,0.2661
BiancaGolden_GrandPlies,174.2090,26.4994,213.8023,5.4298,-17.0055,-165.9915,-0.7776,-0.0977,-0.6212,0.9980,360,49.179398,3.7421,0.2650
BiancaGolden_GrandPlies,173.6410,26.3696,213.7438,5.4754,-17.1309,-166.0089,-0.7746,-0.1145,-0.6220,0.9980,361,49.192238,3.7364,0.2637
BiancaGolden_GrandPlies,173.0689,26.2289,213.6779,5.5715,-17.2874,-166.0214,-0.7703,-0.1122,-0.6277,0.9980,361,49.206841,3.7307,0.2623
BiancaGolden_GrandPlies,172.4933,26.0733,213.6015,5.6911,-17.4762,-166.0285,-0.7702,-0.1073,-0.6288,0.9980,362,49.221310,3.7249,0.2607
BiancaGolden_GrandPlies,171.9180,25.8960,213.5226,5.8437,-17.6171,-166.0699,-0.7692,-0.1047,-0.6304,0.9980,362,49.234406,3.7192,0.2590
BiancaGolden_GrandPlies,171.3358,25.7027,213.4397,6.0291,-17.7618,-166.1212,-0.7686,-0.1032,-0.6314,0.9980,362,49.247711,3.7134,0.2570
BiancaGolden_GrandPlies,170.7516,25.4856,213.3656,6.1916,-17.8565,-166.1741,-0.7682,-0.1013,-0.6321,0.9980,363,49.261784,3.7075,0.2549
BiancaGolden_GrandPlies,170.1594,25.2550,213.2744,6.3550,-17.9164,-166.2254,-0.7701,-0.1048,-0.6293,0.9980,363,49.275837,3.7016,0.2526
BiancaGolden_GrandPlies,169.5724,25.0010,213.1506,6.4826,-17.9168,-166.2648,-0.7706,-0.1039,-0.6287,0.9980,364,49.289677,3.6957,0.2500
BiancaGolden_GrandPlies,168.9669,24.7169,213.0276,6.6127,-17.8871,-166.3505,-0.7710,-0.1044,-0.6282,0.9980,364,49.302814,3.6897,0.2472
BiancaGolden_GrandPlies,168.3694,24.4269,212.9051,6.7113,-17.8398,-166.4525,-0.7714,-0.1048,-0.6277,0.9980,365,49.319221,3.6837,0.2443
BiancaGolden_GrandPlies,167.7364,24.1280,212.8014,6.8699,-17.7832,-166.5541,-0.7720,-0.1025,-0.6273,0.9980,365,49.332253,3.6774,0.2413
BiancaGolden_GrandPlies,167.1069,23.8386,212.6852,7.0961,-17.7741,-166.6222,-0.7709,-0.1031,-0.6286,0.9980,365,49.348202,3.6711,0.2384
BiancaGolden_GrandPlies,166.4800,23.4950,212.5520,7.2698,-17.7419,-166.7485,-0.7696,-0.0999,-0.6307,0.9980,366,49.360912,3.6648,0.2349
BiancaGolden_GrandPlies,165.8464,23.1475,212.4128,7.3488,-17.7500,-166.9061,-0.7686,-0.0965,-0.6325,0.9980,366,49.372238,3.6585,0.2315
BiancaGolden_GrandPlies,165.2113,22.7899,212.3091,7.3835,-17.8132,-167.1105,-0.7662,-0.0997,-0.6349,0.9980,367,49.388298,3.6521,0.2279
BiancaGolden_GrandPlies,164.5332,22.4298,212.2788,7.4516,-17.9268,-167.3575,-0.7607,-0.0973,-0.6418,0.9980,367,49.400402,3.6453,0.2243
BiancaGolden_GrandPlies,163.9067,22.0619,212.2290,7.4986,-18.0124,-167.6334,-0.7601,-0.0938,-0.6431,0.9980,367,49.415600,3.6391,0.2206
BiancaGolden_GrandPlies,163.3251,21.7209,212.0700,7.5872,-18.0928,-167.8982,-0.7589,-0.0899,-0.6450,0.9980,368,49.429089,3.6333,0.2172
BiancaGolden_GrandPlies,162.7665,21.3901,211.9351,7.7177,-18.2638,-168.1043,-0.7563,-0.0870,-0.6485,0.9980,368,49.442589,3.6277,0.2139
BiancaGolden_GrandPlies,162.2506,21.0732,211.8711,7.8770,-18.5183,-168.2348,-0.7530,-0.0864,-0.6524,0.9980,369,49.457592,3.6225,0.2107
BiancaGolden_GrandPlies,161.7674,20.7792,211.7874,7.9390,-18.7776,-168.3833,-0.7465,-0.0831,-0.6602,0.9980,369,49.470715,3.6177,0.2078
BiancaGolden_GrandPlies,161.2753,20.4978,211.7365,8.0187,-19.0058,-168.5204,-0.7436,-0.0854,-0.6632,0.9980,370,49.488400,3.6128,0.2050
BiancaGolden_GrandPlies,160.7828,20.2521,211.7633,8.0890,-19.1547,-168.6254,-0.7443,-0.0829,-0.6627,0.9980,370,49.498394,3.6078,0.2025
BiancaGolden_GrandPlies,160.2616,19.9504,211.8502,8.1022,-19.1359,-168.8453,-0.7426,-0.0825,-0.6646,0.9980,370,49.513641,3.6026,0.1995
BiancaGolden_GrandPlies,159.7408,19.6899,212.0186,7.9508,-19.0836,-169.0312,-0.7445,-0.0862,-0.6621,0.9980,371,49.526527,3.5974,0.1969
BiancaGolden_GrandPlies,159.2462,19.4420,212.1471,7.7764,-18.9882,-169.1790,-0.7467,-0.0893,-0.6591,0.9980,371,49.540131,3.5925,0.1944
BiancaGolden_GrandPlies,158.7853,19.2569,212.2543,7.6598,-18.8810,-169.3095,-0.7482,-0.0887,-0.6575,0.9980,372,49.555393,3.5879,0.1926
BiancaGolden_GrandPlies,158.3215,19.0900,212.3472,7.6533,-18.7985,-169.4122,-0.7484,-0.0917,-0.6568,0.9980,372,49.567757,3.5832,0.1909
BiancaGolden_GrandPlies,157.8395,18.9419,212.4860,7.6269,-18.7109,-169.4968,-0.7465,-0.0898,-0.6593,0.9980,372,49.583569,3.5784,0.1894
BiancaGolden_GrandPlies,157.3489,18.7768,212.6318,7.5559,-18.6061,-169.6079,-0.7486,-0.0900,-0.6569,0.9980,373,49.596298,3.5735,0.1878
BiancaGolden_GrandPlies,156.8472,18.6452,212.7913,7.4499,-18.4129,-169.6782,-0.7500,-0.0904,-0.6552,0.9980,373,49.610760,3.5685,0.1865
BiancaGolden_GrandPlies,156.3448,18.5628,212.9468,7.3980,-18.2770,-169.7247,-0.7509,-0.0936,-0.6538,0.9980,374,49.625900,3.5634,0.1856
BiancaGolden_GrandPlies,155.8398,18.4901,213.1179,7.3745,-18.2213,-169.7977,-0.7501,-0.0962,-0.6542,0.9980,374,49.637478,3.5584,0.1849
BiancaGolden_GrandPlies,155.3254,18.4243,213.2910,7.3340,-18.2243,-169.8633,-0.7487,-0.0957,-0.6560,0.9980,375,49.653023,3.5533,0.1842
BiancaGolden_GrandPlies,154.8094,18.3543,213.4361,7.2908,-18.2546,-169.9162,-0.7483,-0.0956,-0.6564,0.9980,375,49.666023,3.5481,0.1835
BiancaGolden_GrandPlies,154.2644,18.3049,213.5675,7.2398,-18.2871,-169.9446,-0.7450,-0.0958,-0.6602,0.9980,375,49.680550,3.5426,0.1830
BiancaGolden_GrandPlies,153.7000,18.2533,213.6935,7.1569,-18.3278,-169.8925,-0.7408,-0.0965,-0.6647,0.9980,376,49.693295,3.5370,0.1825
BiancaGolden_GrandPlies,153.1355,18.2131,213.7792,7.0002,-18.3588,-169.8203,-0.7350,-0.1038,-0.6701,0.9980,376,49.707321,3.5314,0.1821
BiancaGolden_GrandPlies,152.5684,18.1969,213.8255,6.7855,-18.3730,-169.7168,-0.7324,-0.1075,-0.6724,0.9980,377,49.722446,3.5257,0.1820
BiancaGolden_GrandPlies,152.0008,18.1932,213.8451,6.5647,-18.4098,-169.6189,-0.7252,-0.1180,-0.6783,0.9980,377,49.736076,3.5200,0.1819
BiancaGolden_GrandPlies,151.4239,18.2072,213.8475,6.3721,-18.4789,-169.5055,-0.7231,-0.1205,-0.6802,0.9980,377,49.750065,3.5142,0.1821
BiancaGolden_GrandPlies,150.8414,18.2310,213.8704,6.1944,-18.6033,-169.3800,-0.7208,-0.1235,-0.6821,0.9980,378,49.763161,3.5084,0.1823
BiancaGolden_GrandPlies,150.2529,18.2631,213.8699,5.9799,-18.7494,-169.2371,-0.7205,-0.1191,-0.6832,0.9980,378,49.777615,3.5025,0.1826
BiancaGolden_GrandPlies,149.6538,18.2756,213.8457,5.6829,-18.8399,-169.1397,-0.7189,-0.1213,-0.6844,0.9980,379,49.791546,3.4965,0.1828
BiancaGolden_GrandPlies,149.0356,18.3104,213.7988,5.3942,-18.9184,-168.9968,-0.7174,-0.1248,-0.6853,0.9980,379,49.805031,3.4904,0.1831
BiancaGolden_GrandPlies,148.4010,18.3484,213.7677,5.1730,-18.9896,-168.8355,-0.7174,-0.1255,-0.6852,0.9980,380,49.820179,3.4840,0.1835
BiancaGolden_GrandPlies,147.7297,18.3843,213.7316,5.0041,-19.0291,-168.6419,-0.7165,-0.1300,-0.6854,0.9980,380,49.833382,3.4773,0.1838
BiancaGolden_GrandPlies,147.0521,18.4119,213.6904,4.8377,-19.0352,-168.3742,-0.7162,-0.1349,-0.6848,0.9980,380,49.851185,3.4705,0.1841
BiancaGolden_GrandPlies,146.3495,18.4499,213.6098,4.6900,-18.9863,-168.0713,-0.7128,-0.1377,-0.6877,0.9980,381,49.861397,3.4635,0.1845
BiancaGolden_GrandPlies,145.6516,18.4941,213.5091,4.5763,-18.9339,-167.7007,-0.7135,-0.1400,-0.6865,0.9980,381,49.873440,3.4565,0.1849
BiancaGolden_GrandPlies,144.9429,18.5555,213.3838,4.4701,-18.8565,-167.2547,-0.7124,-0.1469,-0.6862,0.9980,382,49.889526,3.4494,0.1856
BiancaGolden_GrandPlies,144.2492,18.6163,213.2564,4.3627,-18.8246,-166.7788,-0.7082,-0.1546,-0.6889,0.9980,382,49.903252,3.4425,0.1862
BiancaGolden_GrandPlies,143.5707,18.7009,213.0907,4.2373,-18.8556,-166.1321,-0.6934,-0.1962,-0.6933,0.9980,383,49.918232,3.4357,0.1870
BiancaGolden_GrandPlies,142.9423,18.7974,212.8635,4.1483,-18.9268,-165.3902,-0.6888,-0.2068,-0.6949,0.9980,383,49.929314,3.4294,0.1880
BiancaGolden_GrandPlies,142.3359,18.9026,212.6136,4.0897,-19.0502,-164.5189,-0.6530,-0.2876,-0.7007,0.9980,383,49.944550,3.4234,0.1890
BiancaGolden_GrandPlies,141.7277,19.0204,212.4377,4.0129,-19.5914,-163.4664,-0.6175,-0.3512,-0.7038,0.9980,384,49.959469,3.4173,0.1902
BiancaGolden_GrandPlies,141.1308,19.1329,212.3204,3.7770,-20.1018,-162.3952,-0.5785,-0.4052,-0.7079,0.9980,384,49.971130,3.4113,0.1913
BiancaGolden_GrandPlies,140.5891,19.2898,212.2217,3.4534,-20.8074,-161.2780,-0.5275,-0.4644,-0.7114,0.9980,385,49.987526,3.4059,0.1929
BiancaGolden_GrandPlies,140.0141,19.4724,212.1314,3.0167,-21.4736,-160.1704,-0.5098,-0.4759,-0.7167,0.9980,385,49.998287,3.4001,0.1947
BiancaGolden_GrandPlies,139.3774,19.6573,212.2397,2.4902,-22.1335,-159.0246,-0.4739,-0.5021,-0.7234,0.9980,385,50.014278,3.3938,0.1966
BiancaGolden_GrandPlies,138.6879,19.7940,212.4595,1.9952,-22.4999,-157.8801,-0.4629,-0.5144,-0.7219,0.9980,386,50.027317,3.3869,0.1979
BiancaGolden_GrandPlies,137.9437,19.9188,212.7276,1.6888,-22.3935,-156.6139,-0.4637,-0.5241,-0.7144,0.9980,386,50.041386,3.3794,0.1992
BiancaGolden_GrandPlies,137.4163,20.0169,212.7802,1.3587,-21.7994,-155.1795,-0.4588,-0.5377,-0.7074,0.9980,387,50.056183,3.3742,0.2002
BiancaGolden_GrandPlies,136.9622,20.1508,212.7015,0.9009,-21.4056,-153.6249,-0.4542,-0.5500,-0.7009,0.9980,387,50.070122,3.3696,0.2015
BiancaGolden_GrandPlies,136.5057,20.2397,212.6777,0.4558,-21.0715,-152.0207,-0.4524,-0.5590,-0.6948,0.9980,387,50.084141,3.3651,0.2024
BiancaGolden_GrandPlies,136.0762,20.2255,212.7937,-0.3717,-20.8071,-150.3631,-0.4360,-0.5796,-0.6885,0.9980,388,50.096729,3.3608,0.2023
BiancaGolden_GrandPlies,135.6151,20.2542,212.9136,-1.1043,-20.5485,-148.6595,-0.4201,-0.5985,-0.6822,0.9980,388,50.110703,3.3562,0.2025
BiancaGolden_GrandPlies,135.2092,20.2440,212.9798,-1.7236,-20.2303,-146.8900,-0.3887,-0.6243,-0.6776,0.9980,389,50.126846,3.3521,0.2024
BiancaGolden_GrandPlies,134.8365,20.2424,213.0023,-2.3579,-19.9171,-145.0884,-0.3005,-0.6662,-0.6825,0.9980,389,50.138062,3.3484,0.2024
BiancaGolden_GrandPlies,134.4890,20.1521,213.0424,-3.1270,-19.6620,-143.2825,-0.2270,-0.7093,-0.6673,0.9980,390,50.152657,3.3449,0.2015
BiancaGolden_GrandPlies,134.1563,20.0389,213.0935,-4.0273,-19.3843,-141.5641,-0.2050,-0.7249,-0.6577,0.9980,390,50.165974,3.3416,0.2004
BiancaGolden_GrandPlies,133.8474,19.9040,213.1384,-5.1018,-19.1335,-139.8211,-0.1489,-0.7506,-0.6438,0.9980,390,50.181744,3.3385,0.1990
BiancaGolden_GrandPlies,133.5541,19.7737,213.1419,-5.9688,-18.8771,-138.2190,-0.1246,-0.7561,-0.6424,0.9980,391,50.193722,3.3355,0.1977
BiancaGolden_GrandPlies,133.2767,19.6481,213.1439,-6.6503,-18.6942,-136.7192,-0.1152,-0.7518,-0.6493,0.9980,391,50.208218,3.3328,0.1965
BiancaGolden_GrandPlies,133.0008,19.4954,213.1704,-7.0668,-18.5108,-135.3346,-0.1121,-0.7478,-0.6543,0.9980,392,50.222481,3.3300,0.1950
BiancaGolden_GrandPlies,132.7505,19.3159,213.2281,-7.1768,-18.4132,-134.0475,-0.1059,-0.7427,-0.6612,0.9980,392,50.235977,3.3275,0.1932
BiancaGolden_GrandPlies,132.5285,19.1136,213.3054,-7.3890,-18.2971,-132.6950,-0.1221,-0.7252,-0.6776,0.9980,393,50.251259,3.3253,0.1911
BiancaGolden_GrandPlies,132.3821,18.8774,213.3732,-7.7153,-18.1982,-131.4236,-0.1040,-0.7324,-0.6729,0.9980,393,50.263813,3.3238,0.1888
BiancaGolden_GrandPlies,132.2512,18.6232,213.4409,-8.1920,-18.0490,-130.0825,-0.1015,-0.7311,-0.6747,0.9980,393,50.278320,3.3225,0.1862
BiancaGolden_GrandPlies,132.1595,18.3472,213.5105,-8.6721,-17.9175,-128.8097,-0.1114,-0.7266,-0.6780,0.9980,394,50.290913,3.3216,0.1835
BiancaGolden_GrandPlies,132.0680,18.0766,213.5632,-9.0924,-17.7243,-127.4949,-0.1202,-0.7205,-0.6830,0.9980,394,50.303696,3.3207,0.1808
BiancaGolden_GrandPlies,131.9854,17.7804,213.6477,-9.3828,-17.5227,-126.3050,-0.1245,-0.7178,-0.6850,0.9980,395,50.319454,3.3199,0.1778
BiancaGolden_GrandPlies,131.9178,17.4639,213.7589,-9.6135,-17.3044,-125.2059,-0.1115,-0.7228,-0.6820,0.9980,395,50.332375,3.3192,0.1746
BiancaGolden_GrandPlies,131.8688,17.1404,213.8758,-9.7338,-17.1074,-124.1256,-0.1135,-0.7164,-0.6883,0.9980,396,50.352112,3.3187,0.1714
BiancaGolden_GrandPlies,131.8625,16.7999,213.9412,-9.7021,-16.8747,-123.0710,-0.1206,-0.7121,-0.6916,0.9980,396,50.360996,3.3186,0.1680
BiancaGolden_GrandPlies,131.8643,16.4363,214.0026,-9.6468,-16.5944,-121.9419,-0.1120,-0.7145,-0.6907,0.9980,396,50.374767,3.3186,0.1644
BiancaGolden_GrandPlies,131.8826,16.0582,214.0777,-9.5465,-16.3258,-120.8058,-0.1252,-0.7082,-0.6949,0.9980,397,50.389065,3.3188,0.1606
BiancaGolden_GrandPlies,131.9008,15.6618,214.1519,-9.5050,-16.0038,-119.6925,-0.1396,-0.6982,-0.7022,0.9980,397,50.403202,3.3190,0.1566
BiancaGolden_GrandPlies,131.9095,15.2578,214.2243,-9.4252,-15.7282,-118.6346,-0.1305,-0.7031,-0.6990,0.9980,397,50.416954,3.3191,0.1526
BiancaGolden_GrandPlies,131.9042,14.8312,214.2944,-9.3838,-15.4542,-117.7306,-0.1274,-0.6943,-0.7083,0.9980,398,50.429207,3.3190,0.1483
BiancaGolden_GrandPlies,131.9002,14.4030,214.3508,-9.3504,-15.1983,-117.0015,-0.1351,-0.6883,-0.7127,0.9980,398,50.443314,3.3190,0.1440
BiancaGolden_GrandPlies,131.9098,13.9655,214.3629,-9.3075,-15.0133,-116.4643,-0.1431,-0.6816,-0.7176,0.9980,399,50.459713,3.3191,0.1397
BiancaGolden_GrandPlies,131.9083,13.5312,214.3474,-9.1833,-14.8055,-115.9333,-0.1544,-0.6765,-0.7201,0.9980,399,50.471157,3.3191,0.1353
BiancaGolden_GrandPlies,131.9148,13.0650,214.3049,-8.9941,-14.6440,-115.5351,-0.1658,-0.6692,-0.7243,0.9980,400,50.488716,3.3191,0.1307
BiancaGolden_GrandPlies,131.9185,12.5915,214.2414,-8.7652,-14.4525,-115.1216,-0.1823,-0.6614,-0.7276,0.9980,400,50.501137,3.3192,0.1259
BiancaGolden_GrandPlies,131.9519,12.0897,214.1429,-8.5652,-14.2987,-114.8134,-0.1809,-0.6614,-0.7279,0.9980,400,50.514061,3.3195,0.1209
BiancaGolden_GrandPlies,131.9756,11.5508,214.0674,-8.4632,-14.3121,-114.6238,-0.1785,-0.6541,-0.7350,0.9980,401,50.528141,3.3198,0.1155
BiancaGolden_GrandPlies,131.9728,11.0066,214.0436,-8.3930,-14.4554,-114.3597,-0.1764,-0.6442,-0.7442,0.9980,401,50.540707,3.3197,0.1101
BiancaGolden_GrandPlies,131.9231,10.3879,214.0896,-8.3428,-14.7830,-114.2089,-0.1838,-0.6321,-0.7528,0.9980,402,50.557323,3.3192,0.1039
BiancaGolden_GrandPlies,131.8268,9.7119,214.2438,-8.2295,-15.2001,-114.1038,-0.1862,-0.6279,-0.7557,0.9980,402,50.571606,3.3183,0.0971
BiancaGolden_GrandPlies,131.7630,8.9944,214.2842,-8.1056,-15.3744,-114.0970,-0.1897,-0.6217,-0.7599,0.9980,402,50.584549,3.3176,0.0899
BiancaGolden_GrandPlies,131.6920,8.2978,214.2793,-8.0253,-15.6713,-114.0563,-0.1904,-0.6192,-0.7618,0.9980,403,50.599400,3.3169,0.0830
BiancaGolden_GrandPlies,131.6293,7.5879,214.2011,-7.8417,-15.8249,-114.0840,-0.2001,-0.6048,-0.7708,0.9980,403,50.613400,3.3163,0.0759
BiancaGolden_GrandPlies,131.5529,6.8925,214.1105,-7.5795,-16.0463,-114.1607,-0.2020,-0.5960,-0.7772,0.9980,404,50.628075,3.3155,0.0689
BiancaGolden_GrandPlies,131.4420,6.1919,214.0305,-7.2096,-16.2406,-114.2172,-0.2009,-0.5898,-0.7822,0.9980,404,50.642136,3.3144,0.0619
BiancaGolden_GrandPlies,131.3770,5.5177,213.9999,-7.0010,-16.5096,-114.3467,-0.2038,-0.5839,-0.7858,0.9980,405,50.654411,3.3138,0.0552
BiancaGolden_GrandPlies,131.2990,4.8494,213.9347,-6.8492,-16.8066,-114.4553,-0.2037,-0.5788,-0.7896,0.9980,405,50.667557,3.3130,0.0485
BiancaGolden_GrandPlies,131.2359,4.2134,213.8512,-6.7704,-17.1598,-114.5886,-0.2090,-0.5683,-0.7958,0.9980,405,50.682957,3.3124,0.0421
BiancaGolden_GrandPlies,131.1657,3.5769,213.7368,-6.7741,-17.5545,-114.7830,-0.2156,-0.5421,-0.8122,0.9980,406,50.696545,3.3117,0.0358
BiancaGolden_GrandPlies,131.0915,2.9577,213.6259,-6.7724,-17.9186,-114.9938,-0.2099,-0.4889,-0.8467,0.9980,406,50.710747,3.3109,0.0296
BiancaGolden_GrandPlies,131.0075,2.3610,213.5230,-6.7930,-18.2570,-115.2970,-0.2039,-0.4723,-0.8575,0.9980,407,50.724396,3.3101,0.0236
BiancaGolden_GrandPlies,130.9152,1.7559,213.4445,-6.7720,-18.4501,-115.6355,-0.2064,-0.4694,-0.8585,0.9980,407,50.739933,3.3092,0.0176
BiancaGolden_GrandPlies,130.8177,1.1380,213.4035,-6.7611,-18.5623,-116.0069,-0.2092,-0.4679,-0.8587,0.9980,408,50.752571,3.3082,0.0114
BiancaGolden_GrandPlies,130.7138,0.5160,213.3995,-6.7304,-18.6046,-116.3794,-0.2130,-0.4663,-0.8586,0.9980,408,50.765282,3.3071,0.0052
BiancaGolden_GrandPlies,130.6005,-0.0771,213.4096,-6.6781,-18.6046,-116.7915,-0.2092,-0.4685,-0.8583,0.9980,408,50.779957,3.3060,-0.0008
BiancaGolden_GrandPlies,130.4817,-0.6185,213.4276,-6.5842,-18.6331,-117.2559,-0.2138,-0.4657,-0.8588,0.9980,409,50.792801,3.3048,-0.0062
BiancaGolden_GrandPlies,130.3694,-1.1213,213.4075,-6.3786,-18.6833,-117.7854,-0.2201,-0.4609,-0.8597,0.9980,409,50.806866,3.3037,-0.0112
BiancaGolden_GrandPlies,130.2296,-1.5599,213.3942,-6.0834,-18.8537,-118.3327,-0.2277,-0.4552,-0.8608,0.9980,410,50.821682,3.3023,-0.0156
BiancaGolden_GrandPlies,130.0913,-1.9410,213.3889,-5.6541,-19.1007,-119.0314,-0.2364,-0.4461,-0.8632,0.9980,410,50.834713,3.3009,-0.0194
BiancaGolden_GrandPlies,129.9451,-2.3033,213.3979,-5.2251,-19.3590,-119.8500,-0.2527,-0.4415,-0.8610,0.9980,411,50.852680,3.2995,-0.0230
BiancaGolden_GrandPlies,129.7662,-2.6206,213.4594,-4.8233,-19.5087,-120.8477,-0.3276,-0.4029,-0.8546,0.9980,411,50.863216,3.2977,-0.0262
BiancaGolden_GrandPlies,129.5681,-2.9237,213.5483,-4.4240,-19.4342,-122.0381,-0.4134,-0.3810,-0.8270,0.9980,411,50.878967,3.2957,-0.0292
BiancaGolden_GrandPlies,129.3452,-3.1639,213.6703,-4.0510,-19.3082,-123.2549,-0.4910,-0.3729,-0.7873,0.9980,412,50.889751,3.2935,-0.0316
BiancaGolden_GrandPlies,129.1158,-3.3544,213.7680,-3.5293,-19.0586,-124.7742,-0.5704,-0.3314,-0.7516,0.9980,412,50.905357,3.2912,-0.0335
BiancaGolden_GrandPlies,128.9025,-3.4644,213.8255,-2.9712,-18.8542,-126.4040,-0.5840,-0.3144,-0.7484,0.9980,413,50.919804,3.2890,-0.0346
BiancaGolden_GrandPlies,128.6822,-3.5791,213.8827,-2.4559,-18.7699,-127.9658,-0.6611,-0.2561,-0.7052,0.9980,413,50.931778,3.2868,-0.0358
BiancaGolden_GrandPlies,128.4492,-3.6355,213.9444,-1.7423,-18.7083,-129.4453,-0.6979,-0.2122,-0.6841,0.9980,413,50.944721,3.2845,-0.0364
BiancaGolden_GrandPlies,128.2069,-3.6969,214.0188,-1.1376,-18.6638,-130.9265,-0.7280,-0.1655,-0.6653,0.9980,414,50.962177,3.2821,-0.0370
BiancaGolden_GrandPlies,127.7417,-3.8583,214.1704,-0.1908,-18.5020,-133.6878,-0.7372,-0.1463,-0.6596,0.9980,414,50.975849,3.2774,-0.0386
BiancaGolden_GrandPlies,127.4741,-3.9165,214.2612,0.1491,-18.4096,-135.0290,-0.7481,-0.1137,-0.6538,0.9980,415,50.990925,3.2747,-0.0392
BiancaGolden_GrandPlies,127.2018,-3.9649,214.3359,0.4187,-18.3189,-136.3378,-0.7707,-0.0722,-0.6331,0.9980,415,51.003532,3.2720,-0.0396
BiancaGolden_GrandPlies,126.9160,-3.9882,214.3750,0.6250,-18.3192,-137.5334,-0.7726,-0.0551,-0.6325,0.9980,416,51.019630,3.2692,-0.0399
BiancaGolden_GrandPlies,126.6067,-3.9712,214.3910,0.7352,-18.3835,-138.6238,-0.7740,-0.0396,-0.6320,0.9980,416,51.032883,3.2661,-0.0397
BiancaGolden_GrandPlies,126.2942,-3.9601,214.3875,0.9148,-18.4714,-139.6824,-0.7532,-0.0325,-0.6570,0.9980,416,51.047707,3.2629,-0.0396
BiancaGolden_GrandPlies,125.9405,-3.9572,214.3305,1.1335,-18.5099,-140.5309,-0.7491,-0.0457,-0.6609,0.9980,417,51.061787,3.2594,-0.0396
BiancaGolden_GrandPlies,125.5553,-3.9302,214.2444,1.3306,-18.5635,-141.1646,-0.7498,-0.0351,-0.6608,0.9980,417,51.076691,3.2556,-0.0393
BiancaGolden_GrandPlies,125.1732,-3.9072,214.1769,1.5284,-18.6826,-141.8467,-0.7517,-0.0362,-0.6585,0.9980,418,51.093571,3.2517,-0.0391
BiancaGolden_GrandPlies,124.7502,-3.8221,214.0454,1.6882,-18.9925,-142.3176,-0.7594,-0.0366,-0.6496,0.9980,418,51.108189,3.2475,-0.0382
BiancaGolden_GrandPlies,124.3386,-3.7359,213.9071,1.7973,-19.3650,-142.8718,-0.7527,-0.0470,-0.6567,0.9980,419,51.123066,3.2434,-0.0374
BiancaGolden_GrandPlies,123.8548,-3.5919,213.7345,2.0348,-19.8344,-143.3203,-0.7462,-0.0539,-0.6635,0.9980,419,51.135971,3.2385,-0.0359
BiancaGolden_GrandPlies,123.3592,-3.4314,213.5533,2.2626,-20.3728,-143.8531,-0.7411,-0.0616,-0.6685,0.9980,420,51.152378,3.2336,-0.0343
BiancaGolden_GrandPlies,122.8182,-3.2331,213.4068,2.3858,-20.9924,-144.4224,-0.7395,-0.0509,-0.6713,0.9980,420,51.164841,3.2282,-0.0323
BiancaGolden_GrandPlies,122.1971,-3.0021,213.2851,2.6551,-21.4325,-144.9425,-0.7371,-0.0492,-0.6740,0.9980,420,51.179291,3.2220,-0.0300
BiancaGolden_GrandPlies,121.6212,-2.8653,213.1791,2.7693,-21.7552,-145.6215,-0.7305,-0.0547,-0.6808,0.9980,421,51.191986,3.2162,-0.0287
BiancaGolden_GrandPlies,121.0717,-2.6874,212.9561,2.3913,-22.1522,-146.2595,-0.7323,-0.0531,-0.6789,0.9980,421,51.205795,3.2107,-0.0269
BiancaGolden_GrandPlies,120.4192,-2.4015,212.7656,2.2399,-22.6681,-146.6367,-0.7282,-0.0617,-0.6826,0.9980,422,51.221596,3.2042,-0.0240
BiancaGolden_GrandPlies,119.7339,-2.1261,212.6223,2.3226,-23.1076,-147.0788,-0.7272,-0.0714,-0.6827,0.9980,422,51.237339,3.1973,-0.0213
BiancaGolden_GrandPlies,119.0516,-1.8333,212.4583,2.3813,-23.5930,-147.5926,-0.7271,-0.0773,-0.6821,0.9980,422,51.250561,3.1905,-0.0183
BiancaGolden_GrandPlies,118.3583,-1.5196,212.2093,2.3709,-24.1222,-148.1419,-0.7206,-0.0670,-0.6901,0.9980,423,51.263836,3.1836,-0.0152
BiancaGolden_GrandPlies,117.6443,-1.1828,211.9490,2.3535,-24.7855,-148.6430,-0.7166,-0.0646,-0.6945,0.9980,423,51.277370,3.1764,-0.0118
BiancaGolden_GrandPlies,116.9163,-0.8466,211.6763,2.2806,-25.5218,-149.1411,-0.7142,-0.0705,-0.6964,0.9980,424,51.291859,3.1692,-0.0085
BiancaGolden_GrandPlies,116.1423,-0.5094,211.3948,1.9955,-26.3904,-149.6304,-0.7161,-0.0758,-0.6939,0.9980,424,51.307899,3.1614,-0.0051
BiancaGolden_GrandPlies,115.3015,-0.1581,211.1288,1.8311,-27.2863,-150.1147,-0.7186,-0.0721,-0.6917,0.9980,425,51.318527,3.1530,-0.0016
BiancaGolden_GrandPlies,114.3158,0.2679,210.9256,2.5372,-27.8456,-150.5518,-0.7199,-0.0605,-0.6914,0.9980,425,51.334400,3.1432,0.0027
BiancaGolden_GrandPlies,113.3281,0.5757,210.7017,3.1720,-28.0977,-151.1714,-0.7184,-0.0690,-0.6922,0.9980,425,51.350937,3.1333,0.0058
BiancaGolden_GrandPlies,112.3870,0.8434,210.4627,3.0651,-28.3613,-151.9647,-0.7079,-0.0606,-0.7038,0.9980,426,51.360722,3.1239,0.0084
BiancaGolden_GrandPlies,111.5136,1.1470,210.1376,2.5515,-29.0208,-152.8024,-0.7149,-0.0649,-0.6962,0.9980,426,51.373749,3.1151,0.0115
BiancaGolden_GrandPlies,110.5426,1.5544,209.8997,2.2069,-29.9930,-153.4569,-0.7098,-0.0523,-0.7024,0.9980,427,51.388382,3.1054,0.0155
BiancaGolden_GrandPlies,109.4214,2.0794,209.7150,3.0088,-30.8387,-153.9702,-0.7188,-0.0052,-0.6952,0.9980,427,51.402298,3.0942,0.0208
BiancaGolden_GrandPlies,108.4252,2.4641,209.3988,3.9167,-31.3672,-154.8396,-0.7152,0.0072,-0.6989,0.9980,428,51.417942,3.0843,0.0246
BiancaGolden_GrandPlies,107.4182,2.9157,209.1670,4.3690,-32.0120,-155.5223,-0.7120,0.0172,-0.7020,0.9980,428,51.429714,3.0742,0.0292
BiancaGolden_GrandPlies,106.3230,3.3492,209.0553,4.8875,-32.4903,-156.0177,-0.7112,0.0184,-0.7028,0.9980,428,51.445621,3.0632,0.0335
BiancaGolden_GrandPlies,105.2588,3.7565,208.9514,5.4346,-32.9827,-156.5750,-0.7129,0.0007,-0.7013,0.9980,429,51.461273,3.0526,0.0376
BiancaGolden_GrandPlies,104.1573,4.1298,208.9101,5.7192,-33.0050,-156.8395,-0.7253,-0.0097,-0.6883,0.9980,429,51.472542,3.0416,0.0413
BiancaGolden_GrandPlies,103.1449,4.5204,208.7668,5.6593,-33.1729,-157.2540,-0.7273,-0.0207,-0.6861,0.9980,430,51.488174,3.0314,0.0452
BiancaGolden_GrandPlies,102.1533,5.0828,208.5902,5.4558,-33.1686,-157.4300,-0.7274,-0.0165,-0.6860,0.9980,430,51.500450,3.0215,0.0508
BiancaGolden_GrandPlies,101.1540,5.6173,208.4412,5.5835,-33.2054,-157.7228,-0.7300,-0.0320,-0.6827,0.9980,430,51.512367,3.0115,0.0562
BiancaGolden_GrandPlies,100.2364,6.1188,208.2929,5.6051,-33.2299,-157.9218,-0.7293,-0.0314,-0.6835,0.9980,431,51.525826,3.0024,0.0612
BiancaGolden_GrandPlies,99.3118,6.5676,208.1692,5.6411,-33.3186,-158.1326,-0.7280,-0.0466,-0.6840,0.9980,431,51.540840,2.9931,0.0657
BiancaGolden_GrandPlies,98.4545,7.0358,208.0161,5.6765,-33.3461,-158.2476,-0.7254,-0.0584,-0.6859,0.9980,432,51.555637,2.9845,0.0704
BiancaGolden_GrandPlies,97.5967,7.4850,207.9083,5.6306,-33.4856,-158.3219,-0.7191,-0.0718,-0.6911,0.9980,432,51.570454,2.9760,0.0749
BiancaGolden_GrandPlies,96.8194,7.9146,207.8417,5.4459,-33.6284,-158.3505,-0.7083,-0.0750,-0.7019,0.9980,433,51.585030,2.9682,0.0791
BiancaGolden_GrandPlies,96.0459,8.3177,207.7858,5.1738,-33.8223,-158.4273,-0.7050,-0.0729,-0.7054,0.9980,433,51.597649,2.9605,0.0832
BiancaGolden_GrandPlies,95.2860,8.6822,207.7860,4.8343,-34.0490,-158.5735,-0.6970,-0.0845,-0.7121,0.9980,433,51.612541,2.9529,0.0868
BiancaGolden_GrandPlies,94.5795,9.0236,207.8020,4.3709,-34.3106,-158.6925,-0.6947,-0.0903,-0.7136,0.9980,434,51.623718,2.9458,0.0902
BiancaGolden_GrandPlies,93.9536,9.3362,207.8174,3.8635,-34.5917,-158.7733,-0.6851,-0.1113,-0.7198,0.9980,434,51.639534,2.9395,0.0934
BiancaGolden_GrandPlies,93.3725,9.6435,207.8083,3.3784,-34.9073,-158.7448,-0.6798,-0.1207,-0.7234,0.9980,435,51.653519,2.9337,0.0964
BiancaGolden_GrandPlies,92.7916,9.9111,207.8058,2.9429,-35.0901,-158.6352,-0.6775,-0.1224,-0.7253,0.9980,435,51.665638,2.9279,0.0991
BiancaGolden_GrandPlies,92.2185,10.1581,207.8163,2.6289,-35.2008,-158.5230,-0.6733,-0.1294,-0.7279,0.9980,435,51.682140,2.9222,0.1016
BiancaGolden_GrandPlies,91.6643,10.3751,207.8475,2.3636,-35.3310,-158.3313,-0.6711,-0.1461,-0.7268,0.9980,436,51.693695,2.9166,0.1038
BiancaGolden_GrandPlies,91.1462,10.5857,207.8952,2.1107,-35.4688,-158.1422,-0.6690,-0.1528,-0.7274,0.9980,436,51.710781,2.9115,0.1059
BiancaGolden_GrandPlies,90.6533,10.7334,207.9634,1.8227,-35.6287,-157.8652,-0.6657,-0.1565,-0.7297,0.9980,437,51.723873,2.9065,0.1073
BiancaGolden_GrandPlies,90.1772,10.8559,208.0383,1.4668,-35.7707,-157.6372,-0.6613,-0.1603,-0.7328,0.9980,437,51.736988,2.9018,0.1086
BiancaGolden_GrandPlies,89.7534,10.9335,208.0950,0.9798,-35.8408,-157.4039,-0.6591,-0.1635,-0.7341,0.9980,438,51.753365,2.8975,0.1093
BiancaGolden_GrandPlies,89.3106,10.9713,208.1711,0.5503,-35.8988,-157.1460,-0.6584,-0.1678,-0.7337,0.9980,438,51.766220,2.8931,0.1097
BiancaGolden_GrandPlies,88.8580,11.0041,208.2339,0.2902,-35.8375,-156.8609,-0.6603,-0.1679,-0.7320,0.9980,438,51.779408,2.8886,0.1100
BiancaGolden_GrandPlies,88.4182,11.0294,208.3179,0.0810,-35.7498,-156.5762,-0.6618,-0.1710,-0.7299,0.9980,439,51.794533,2.8842,0.1103
BiancaGolden_GrandPlies,88.0198,11.0421,208.3659,0.0192,-35.5963,-156.3254,-0.6660,-0.1748,-0.7251,0.9980,439,51.807205,2.8802,0.1104
BiancaGolden_GrandPlies,87.6324,11.0343,208.3850,0.0024,-35.4419,-156.1299,-0.6672,-0.1782,-0.7233,0.9980,440,51.821949,2.8763,0.1103
BiancaGolden_GrandPlies,87.2630,11.0162,208.3929,-0.0384,-35.2762,-155.9737,-0.6678,-0.1800,-0.7222,0.9980,440,51.835060,2.8726,0.1102
BiancaGolden_GrandPlies,86.9220,10.9742,208.4062,-0.1511,-35.1749,-155.8836,-0.6605,-0.1752,-0.7301,0.9980,441,51.854702,2.8692,0.1097
BiancaGolden_GrandPlies,86.5838,10.8951,208.4039,-0.2859,-35.1396,-155.8292,-0.6595,-0.1765,-0.7307,0.9980,441,51.864697,2.8658,0.1090
BiancaGolden_GrandPlies,86.2732,10.8183,208.3982,-0.3897,-35.1729,-155.7282,-0.6546,-0.1746,-0.7355,0.9980,441,51.875793,2.8627,0.1082
BiancaGolden_GrandPlies,85.9835,10.7114,208.3781,-0.4949,-35.2406,-155.6744,-0.6531,-0.1752,-0.7367,0.9980,442,51.891464,2.8598,0.1071
BiancaGolden_GrandPlies,85.7195,10.6009,208.3518,-0.6224,-35.3242,-155.6180,-0.6518,-0.1762,-0.7377,0.9980,442,51.902683,2.8572,0.1060
BiancaGolden_GrandPlies,85.4618,10.4531,208.3213,-0.7296,-35.3785,-155.6509,-0.6432,-0.1726,-0.7460,0.9980,442,51.916569,2.8546,0.1045
BiancaGolden_GrandPlies,85.2252,10.2953,208.3090,-0.8625,-35.4281,-155.7093,-0.6425,-0.1729,-0.7465,0.9980,443,51.931747,2.8523,0.1030
BiancaGolden_GrandPlies,85.0540,10.0770,208.2379,-1.1511,-35.4364,-155.7626,-0.6378,-0.1717,-0.7508,0.9980,443,51.943012,2.8505,0.1008
BiancaGolden_GrandPlies,84.9306,9.8455,208.2093,-1.5946,-35.6467,-155.8296,-0.6307,-0.1696,-0.7572,0.9980,444,51.957657,2.8493,0.0985
BiancaGolden_GrandPlies,84.7469,9.6931,208.1500,-1.7525,-35.7392,-155.6978,-0.6315,-0.1666,-0.7573,0.9980,444,51.971653,2.8475,0.0969
BiancaGolden_GrandPlies,84.6802,9.5092,208.0681,-1.6712,-35.7622,-155.7564,-0.6313,-0.1605,-0.7588,0.9980,445,51.987720,2.8468,0.0951
BiancaGolden_GrandPlies,84.6308,9.2901,208.0098,-1.6829,-35.8749,-155.9573,-0.6288,-0.1564,-0.7617,0.9980,445,52.000500,2.8463,0.0929
BiancaGolden_GrandPlies,84.5959,9.0151,208.0526,-1.7762,-36.1360,-156.2670,-0.6298,-0.1486,-0.7624,0.9980,445,52.015133,2.8460,0.0902
BiancaGolden_GrandPlies,84.5463,8.7169,208.1629,-1.7978,-36.4773,-156.5191,-0.6275,-0.1449,-0.7650,0.9980,446,52.030842,2.8455,0.0872
BiancaGolden_GrandPlies,84.4563,8.3774,208.3139,-1.6679,-36.7361,-156.6756,-0.6279,-0.1427,-0.7651,0.9980,446,52.043209,2.8446,0.0838
BiancaGolden_GrandPlies,84.3395,7.9629,208.4642,-1.6443,-36.7508,-156.7684,-0.6303,-0.1402,-0.7636,0.9980,447,52.058670,2.8434,0.0796
BiancaGolden_GrandPlies,84.2992,7.4945,208.5864,-1.8802,-36.5190,-156.9296,-0.6321,-0.1413,-0.7619,0.9980,447,52.070667,2.8430,0.0749
BiancaGolden_GrandPlies,84.2561,7.0383,208.6281,-2.1691,-36.2826,-156.9924,-0.6353,-0.1432,-0.7589,0.9980,448,52.086994,2.8426,0.0704
BiancaGolden_GrandPlies,84.2412,6.5886,208.6686,-2.3162,-36.0658,-156.9980,-0.6363,-0.1444,-0.7578,0.9980,448,52.098919,2.8424,0.0659
BiancaGolden_GrandPlies,84.2052,6.1629,208.6919,-2.1199,-35.9329,-156.8158,-0.6387,-0.1435,-0.7559,0.9980,448,52.114681,2.8421,0.0616
BiancaGolden_GrandPlies,84.2116,5.7538,208.7064,-1.5938,-35.8952,-156.6458,-0.6406,-0.1343,-0.7560,0.9980,449,52.127335,2.8421,0.0575
BiancaGolden_GrandPlies,84.2231,5.3513,208.6911,-1.0705,-35.9948,-156.6570,-0.6405,-0.1291,-0.7570,0.9980,449,52.142342,2.8422,0.0535
BiancaGolden_GrandPlies,84.2384,4.9761,208.6550,-0.4740,-36.2102,-156.9249,-0.6670,-0.0576,-0.7428,0.9980,450,52.157364,2.8424,0.0498
BiancaGolden_GrandPlies,84.1869,4.6155,208.6742,0.0940,-36.3588,-157.7608,-0.6719,-0.0408,-0.7395,0.9980,450,52.170155,2.8419,0.0462
BiancaGolden_GrandPlies,84.0690,4.3058,208.6820,1.0025,-36.2923,-159.0068,-0.6869,0.0044,-0.7268,0.9980,451,52.184998,2.8407,0.0431
BiancaGolden_GrandPlies,83.9189,4.0657,208.6956,2.4503,-35.9832,-160.9235,-0.6961,0.0330,-0.7171,0.9980,451,52.198170,2.8392,0.0407
BiancaGolden_GrandPlies,83.7474,3.9169,208.7576,3.9205,-35.5669,-163.0753,-0.7068,0.0690,-0.7041,0.9980,451,52.210941,2.8375,0.0392
BiancaGolden_GrandPlies,83.5356,3.7998,208.8107,5.3267,-35.0147,-165.9034,-0.7070,0.0998,-0.7002,0.9980,452,52.224087,2.8354,0.0380
BiancaGolden_GrandPlies,83.3078,3.7311,208.8755,6.6954,-34.4319,-169.0308,-0.7121,0.1479,-0.6864,0.9980,452,52.238777,2.8331,0.0373
BiancaGolden_GrandPlies,83.0877,3.7378,208.9384,8.4196,-33.7652,-172.6044,-0.7128,0.1934,-0.6742,0.9980,453,52.255058,2.8309,0.0374
BiancaGolden_GrandPlies,82.9237,3.7174,208.9464,10.0484,-33.2280,-175.9278,-0.7012,0.2072,-0.6822,0.9980,453,52.265903,2.8292,0.0372
BiancaGolden_GrandPlies,82.8532,3.6994,208.8815,11.6060,-32.7746,-179.3021,-0.6929,0.2500,-0.6763,0.9980,453,52.282612,2.8285,0.0370
BiancaGolden_GrandPlies,82.8248,3.6578,208.7991,12.7245,-32.5821,177.4973,-0.6784,0.2104,-0.7039,0.9980,454,52.296341,2.8282,0.0366
BiancaGolden_GrandPlies,82.8044,3.6482,208.7269,13.6049,-32.6629,174.3515,-0.6648,0.2125,-0.7161,0.9980,454,52.307789,2.8280,0.0365
BiancaGolden_GrandPlies,82.7922,3.6414,208.6117,14.4482,-32.9744,171.2237,-0.6470,0.2497,-0.7204,0.9980,455,52.322830,2.8279,0.0364
BiancaGolden_GrandPlies,82.7608,3.5932,208.5179,15.3871,-33.4585,168.2112,-0.6287,0.2818,-0.7249,0.9980,455,52.335293,2.8276,0.0359
BiancaGolden_GrandPlies,82.7329,3.5518,208.3771,16.2711,-33.8307,165.5170,-0.6146,0.2640,-0.7433,0.9980,456,52.353745,2.8273,0.0355
BiancaGolden_GrandPlies,82.7162,3.4315,208.2861,16.9701,-34.5015,162.8891,-0.6030,0.2451,-0.7592,0.9980,456,52.364468,2.8272,0.0343
BiancaGolden_GrandPlies,82.6706,3.3363,208.1935,17.6892,-34.9760,160.6258,-0.5923,0.2234,-0.7741,0.9980,456,52.378876,2.8267,0.0334
BiancaGolden_GrandPlies,82.6060,3.1290,208.0899,18.2075,-35.4768,158.4971,-0.5992,0.2019,-0.7747,0.9980,457,52.392944,2.8261,0.0313
BiancaGolden_GrandPlies,82.5342,2.8726,207.9774,18.4916,-35.9304,156.6646,-0.5998,0.1851,-0.7784,0.9980,457,52.403843,2.8253,0.0287
BiancaGolden_GrandPlies,82.4264,2.6313,207.8496,18.5789,-36.2986,155.2110,-0.5936,0.1952,-0.7807,0.9980,458,52.419254,2.8243,0.0263
BiancaGolden_GrandPlies,82.2102,2.3291,207.6675,18.3157,-36.5402,154.0112,-0.5962,0.1911,-0.7798,0.9980,458,52.434490,2.8221,0.0233
BiancaGolden_GrandPlies,82.0323,2.0183,207.5268,18.0334,-36.8650,153.2486,-0.5951,0.1758,-0.7842,0.9980,458,52.447601,2.8203,0.0202
BiancaGolden_GrandPlies,81.8564,1.6967,207.2609,17.7579,-37.0591,152.7069,-0.6001,0.1419,-0.7873,0.9980,459,52.459461,2.8186,0.0170
BiancaGolden_GrandPlies,81.6969,1.3842,207.0417,17.7013,-37.4265,152.1195,-0.5923,0.1450,-0.7925,0.9980,459,52.473980,2.8170,0.0138
BiancaGolden_GrandPlies,81.5368,1.0835,206.8155,17.8734,-37.8987,151.6584,-0.5907,0.1343,-0.7956,0.9980,460,52.490993,2.8154,0.0108
BiancaGolden_GrandPlies,81.3452,0.7803,206.6080,18.1756,-38.3344,151.0095,-0.5877,0.1154,-0.8008,0.9980,460,52.503609,2.8135,0.0078
BiancaGolden_GrandPlies,81.1398,0.5012,206.4204,18.5371,-38.7672,150.3567,-0.5810,0.1204,-0.8050,0.9980,461,52.517990,2.8114,0.0050
BiancaGolden_GrandPlies,80.9245,0.2450,206.2408,18.9110,-39.0928,149.7564,-0.5917,0.0989,-0.8000,0.9980,461,52.532143,2.8092,0.0025
BiancaGolden_GrandPlies,80.7198,0.0320,206.0998,19.4659,-39.4269,149.2118,-0.5937,0.0908,-0.7996,0.9980,461,52.546165,2.8072,0.0003
BiancaGolden_GrandPlies,80.5216,-0.1903,205.9595,20.0590,-39.7550,148.6388,-0.5864,0.0952,-0.8044,0.9980,462,52.558090,2.8052,-0.0019
BiancaGolden_GrandPlies,80.3400,-0.3745,205.8248,20.6830,-40.0686,148.1561,-0.6014,0.0840,-0.7945,0.9980,462,52.572659,2.8034,-0.0037
BiancaGolden_GrandPlies,80.1800,-0.5332,205.7166,21.1705,-40.3470,147.7983,-0.5971,0.0864,-0.7975,0.9980,463,52.587482,2.8018,-0.0053
BiancaGolden_GrandPlies,80.0018,-0.6960,205.6221,21.6401,-40.4938,147.5579,-0.6057,0.0749,-0.7922,0.9980,463,52.604935,2.8000,-0.0070
BiancaGolden_GrandPlies,79.8268,-0.8813,205.5335,21.1229,-40.5055,148.3636,-0.6132,0.0605,-0.7876,0.9980,464,52.629734,2.7983,-0.0088
BiancaGolden_GrandPlies,79.5152,-1.2536,205.3449,20.7240,-40.8420,148.3320,-0.6281,0.0521,-0.7764,0.9980,464,52.645042,2.7952,-0.0125
BiancaGolden_GrandPlies,79.3967,-1.4031,205.2715,19.9203,-40.9095,148.5269,-0.6291,0.0486,-0.7758,0.9980,465,52.660351,2.7940,-0.0140
BiancaGolden_GrandPlies,79.3343,-1.5092,205.2334,19.4737,-41.0250,148.7049,-0.6270,0.0443,-0.7778,0.9980,465,52.675144,2.7933,-0.0151
BiancaGolden_GrandPlies,79.2790,-1.5975,205.1822,19.4081,-41.2470,148.9422,-0.6258,0.0385,-0.7791,0.9980,466,52.687927,2.7928,-0.0160
BiancaGolden_GrandPlies,79.2469,-1.6964,205.1337,19.3768,-41.4844,149.1591,-0.6271,0.0345,-0.7782,0.9980,466,52.698200,2.7925,-0.0170
BiancaGolden_GrandPlies,79.2154,-1.7885,205.0770,19.2158,-41.7299,149.3742,-0.6291,0.0391,-0.7763,0.9980,466,52.713432,2.7922,-0.0179
BiancaGolden_GrandPlies,79.1634,-1.8639,205.0377,18.9779,-41.8685,149.5985,-0.6291,0.0347,-0.7766,0.9980,467,52.727051,2.7916,-0.0186
BiancaGolden_GrandPlies,79.1014,-1.9257,205.0007,18.7656,-41.9723,149.9101,-0.6303,0.0349,-0.7755,0.9980,467,52.738762,2.7910,-0.0193
BiancaGolden_GrandPlies,79.0543,-1.9927,204.9806,18.5131,-42.0126,150.2498,-0.6310,0.0293,-0.7752,0.9980,468,52.756592,2.7905,-0.0199
BiancaGolden_GrandPlies,79.0262,-2.0236,204.9320,18.2253,-42.0842,150.6722,-0.6358,0.0250,-0.7715,0.9980,468,52.767071,2.7903,-0.0202
BiancaGolden_GrandPlies,79.0082,-2.0630,204.8829,18.0208,-42.1437,151.0714,-0.6355,0.0284,-0.7716,0.9980,468,52.783314,2.7901,-0.0206
BiancaGolden_GrandPlies,78.9943,-2.0983,204.8375,17.8419,-42.2216,151.4629,-0.6339,0.0274,-0.7729,0.9980,469,52.797867,2.7899,-0.0210
BiancaGolden_GrandPlies,78.9715,-2.1324,204.8059,17.5462,-42.3087,151.8089,-0.6375,0.0290,-0.7699,0.9980,469,52.810646,2.7897,-0.0213
BiancaGolden_GrandPlies,78.9358,-2.1408,204.7774,17.2994,-42.3577,152.1052,-0.6384,0.0250,-0.7693,0.9980,470,52.825657,2.7894,-0.0214
BiancaGolden_GrandPlies,78.9076,-2.1458,204.7344,17.1320,-42.3608,152.4495,-0.6358,0.0293,-0.7713,0.9980,470,52.837173,2.7891,-0.0215
BiancaGolden_GrandPlies,78.8936,-2.1393,204.6679,17.0043,-42.3292,152.8806,-0.6330,0.0266,-0.7737,0.9980,471,52.855869,2.7889,-0.0214
BiancaGolden_GrandPlies,78.8989,-2.1393,204.6055,16.8582,-42.3310,153.3005,-0.6328,0.0258,-0.7739,0.9980,471,52.865868,2.7890,-0.0214
BiancaGolden_GrandPlies,78.8892,-2.1359,204.5373,16.6908,-42.3128,153.7041,-0.6329,0.0249,-0.7738,0.9980,471,52.879017,2.7889,-0.0214
BiancaGolden_GrandPlies,78.8956,-2.0986,204.4772,16.5267,-42.3397,154.1207,-0.6328,0.0198,-0.7741,0.9980,472,52.896175,2.7890,-0.0210
BiancaGolden_GrandPlies,78.9061,-2.0595,204.4116,16.3999,-42.4036,154.5303,-0.6323,0.0202,-0.7744,0.9980,472,52.905869,2.7891,-0.0206
BiancaGolden_GrandPlies,78.9352,-2.0141,204.3276,16.2970,-42.4994,154.9345,-0.6312,0.0326,-0.7750,0.9980,473,52.921120,2.7894,-0.0201
BiancaGolden_GrandPlies,78.9514,-1.9708,204.2271,16.2704,-42.6389,155.3242,-0.6281,0.0284,-0.7776,0.9980,473,52.933983,2.7895,-0.0197
BiancaGolden_GrandPlies,78.9163,-1.8925,204.1720,16.3208,-42.8871,155.7730,-0.6247,0.0213,-0.7806,0.9980,473,52.949722,2.7892,-0.0189
BiancaGolden_GrandPlies,78.8381,-1.8183,204.1326,16.3640,-43.1541,156.2833,-0.6203,0.0167,-0.7842,0.9980,474,52.962315,2.7884,-0.0182
BiancaGolden_GrandPlies,78.7137,-1.7195,204.0539,16.3455,-43.2973,156.8765,-0.6207,0.0088,-0.7840,0.9980,474,52.978325,2.7871,-0.0172
BiancaGolden_GrandPlies,78.6098,-1.6029,203.9290,16.2979,-43.2927,157.5996,-0.6193,0.0072,-0.7851,0.9980,475,52.990826,2.7861,-0.0160
BiancaGolden_GrandPlies,78.5030,-1.4522,203.7781,16.2546,-43.2273,158.5059,-0.6176,0.0080,-0.7865,0.9980,475,53.003330,2.7850,-0.0145
BiancaGolden_GrandPlies,78.4310,-1.2829,203.6289,16.2967,-43.2028,159.4563,-0.6176,0.0062,-0.7865,0.9980,476,53.019119,2.7843,-0.0128
BiancaGolden_GrandPlies,78.3856,-1.0971,203.4936,16.1921,-43.2407,160.4514,-0.6142,-0.0024,-0.7891,0.9980,476,53.033272,2.7839,-0.0110
BiancaGolden_GrandPlies,78.4114,-0.9112,203.3509,16.0554,-43.3344,161.3022,-0.6107,-0.0064,-0.7919,0.9980,476,53.048134,2.7841,-0.0091
BiancaGolden_GrandPlies,78.4740,-0.7201,203.2263,15.8356,-43.6701,162.0339,-0.6057,-0.0046,-0.7956,0.9980,477,53.063225,2.7847,-0.0072
BiancaGolden_GrandPlies,78.5486,-0.5278,203.1671,15.5896,-44.1092,162.6449,-0.5968,-0.0030,-0.8024,0.9980,477,53.073368,2.7855,-0.0053
BiancaGolden_GrandPlies,78.6900,-0.3389,203.0512,15.2321,-44.5098,163.1610,-0.5908,-0.0107,-0.8067,0.9980,478,53.088436,2.7869,-0.0034
BiancaGolden_GrandPlies,78.8172,-0.1282,202.9621,14.8795,-45.0278,163.6262,-0.5795,-0.0184,-0.8148,0.9980,478,53.103745,2.7882,-0.0013
BiancaGolden_GrandPlies,78.9334,0.0780,202.8862,14.4880,-45.5120,164.1452,-0.5701,-0.0573,-0.8196,0.9980,478,53.117226,2.7893,0.0008
BiancaGolden_GrandPlies,79.0421,0.2732,202.8300,14.0119,-45.9010,164.6655,-0.5671,-0.0650,-0.8211,0.9980,479,53.131622,2.7904,0.0027
BiancaGolden_GrandPlies,79.1622,0.4711,202.7821,13.4327,-46.1898,165.2213,-0.5660,-0.0642,-0.8219,0.9980,479,53.144382,2.7916,0.0047
BiancaGolden_GrandPlies,79.2967,0.6643,202.7560,12.7664,-46.4143,165.7618,-0.5639,-0.0718,-0.8227,0.9980,480,53.161758,2.7930,0.0066
BiancaGolden_GrandPlies,79.4645,0.8686,202.7451,12.1417,-46.6645,166.2892,-0.5641,-0.0706,-0.8227,0.9980,480,53.172939,2.7946,0.0087
BiancaGolden_GrandPlies,79.6471,1.0479,202.7350,11.5438,-46.9568,166.8139,-0.5696,-0.0676,-0.8192,0.9980,481,53.189163,2.7965,0.0105
BiancaGolden_GrandPlies,79.8478,1.2086,202.7406,11.0672,-47.3008,167.2338,-0.5695,-0.0606,-0.8198,0.9980,481,53.203247,2.7985,0.0121
BiancaGolden_GrandPlies,80.0462,1.3526,202.7714,10.6082,-47.6027,167.6719,-0.5671,-0.0699,-0.8206,0.9980,482,53.230412,2.8005,0.0135
BiancaGolden_GrandPlies,80.3536,1.6697,202.8015,9.6149,-48.0665,168.8388,-0.5751,-0.0714,-0.8149,0.9980,482,53.245419,2.8035,0.0167
BiancaGolden_GrandPlies,80.4307,1.8118,202.8475,9.1472,-48.0892,169.5316,-0.5777,-0.0799,-0.8123,0.9980,483,53.259876,2.8043,0.0181
BiancaGolden_GrandPlies,80.4914,1.9487,202.8974,8.4987,-47.9295,170.3149,-0.5862,-0.0769,-0.8065,0.9980,483,53.271259,2.8049,0.0195
BiancaGolden_GrandPlies,80.5811,2.0689,202.9405,7.7526,-47.7014,170.8749,-0.5932,-0.0701,-0.8020,0.9980,484,53.287354,2.8058,0.0207
BiancaGolden_GrandPlies,80.7303,2.2098,202.9870,7.0625,-47.5336,171.2606,-0.5962,-0.0645,-0.8002,0.9980,484,53.300617,2.8073,0.0221
BiancaGolden_GrandPlies,80.9446,2.3597,203.0372,6.5360,-47.5203,171.5626,-0.5949,-0.0616,-0.8014,0.9980,484,53.314411,2.8094,0.0236
BiancaGolden_GrandPlies,81.1919,2.4865,203.0599,6.1775,-47.6659,171.7984,-0.5919,-0.0645,-0.8034,0.9980,485,53.326599,2.8119,0.0249
BiancaGolden_GrandPlies,81.4584,2.6285,203.0708,6.0055,-47.9019,171.9724,-0.5856,-0.0633,-0.8081,0.9980,485,53.344845,2.8146,0.0263
BiancaGolden_GrandPlies,81.7120,2.7480,203.0997,6.0042,-48.1805,172.0301,-0.5797,-0.0493,-0.8133,0.9980,486,53.359818,2.8171,0.0275
BiancaGolden_GrandPlies,81.8947,2.8536,203.1376,6.0141,-48.3964,171.9900,-0.5782,-0.0477,-0.8145,0.9980,486,53.381428,2.8189,0.0285
BiancaGolden_GrandPlies,82.3191,3.0518,203.2201,5.4668,-48.6277,172.3369,-0.5812,-0.0449,-0.8125,0.9980,487,53.395710,2.8232,0.0305
BiancaGolden_GrandPlies,82.4947,3.1402,203.3162,5.3351,-48.6436,172.4479,-0.5824,-0.0466,-0.8116,0.9980,487,53.409447,2.8249,0.0314
BiancaGolden_GrandPlies,82.7379,3.1746,203.3516,5.0567,-48.5889,172.5849,-0.5847,-0.0500,-0.8097,0.9980,488,53.424095,2.8274,0.0317
BiancaGolden_GrandPlies,82.9609,3.1751,203.4126,4.5404,-48.7247,172.8195,-0.5873,-0.0531,-0.8076,0.9980,488,53.436962,2.8296,0.0318
BiancaGolden_GrandPlies,83.1741,3.2666,203.4840,4.1755,-48.7087,173.4340,-0.5918,-0.0550,-0.8042,0.9980,489,53.453648,2.8317,0.0327
BiancaGolden_GrandPlies,83.3550,3.3021,203.5767,3.9704,-48.6135,173.8278,-0.5939,-0.0575,-0.8025,0.9980,489,53.464855,2.8335,0.0330
BiancaGolden_GrandPlies,83.5615,3.3126,203.6671,3.5873,-48.4711,174.0644,-0.5987,-0.0540,-0.7992,0.9980,489,53.479248,2.8356,0.0331
BiancaGolden_GrandPlies,83.7699,3.3549,203.7625,3.2250,-48.3319,174.4261,-0.6015,-0.0567,-0.7968,0.9980,490,53.492668,2.8377,0.0335
BiancaGolden_GrandPlies,83.9379,3.4127,203.8639,3.1115,-48.1214,174.6949,-0.6078,-0.0595,-0.7919,0.9980,490,53.506699,2.8394,0.0341
BiancaGolden_GrandPlies,84.0913,3.4836,203.9523,3.1993,-47.8084,175.0140,-0.6121,-0.0536,-0.7889,0.9980,491,53.522457,2.8409,0.0348
BiancaGolden_GrandPlies,84.2678,3.5110,204.0186,3.1068,-47.5347,175.2660,-0.6140,-0.0561,-0.7873,0.9980,491,53.536167,2.8427,0.0351
BiancaGolden_GrandPlies,84.4457,3.5377,204.0597,2.9071,-47.3891,175.4756,-0.6178,-0.0517,-0.7846,0.9980,491,53.551041,2.8445,0.0354
BiancaGolden_GrandPlies,84.6150,3.6009,204.0704,2.7562,-47.3810,175.6338,-0.6157,-0.0494,-0.7864,0.9980,492,53.564701,2.8462,0.0360
BiancaGolden_GrandPlies,84.7910,3.6597,204.0791,2.6859,-47.4484,175.7562,-0.6137,-0.0499,-0.7880,0.9980,492,53.576267,2.8479,0.0366
BiancaGolden_GrandPlies,84.9485,3.7020,204.0847,2.6757,-47.6353,175.7735,-0.6075,-0.0476,-0.7929,0.9980,493,53.593208,2.8495,0.0370
