FileName,LocationX,LocationY,LocationZ,RotationRoll,RotationPitch,RotationYaw,GazeHitX,GazeHitY,GazeHitZ,GazeConfidence,Frame,Timestamp,RoomX_m,RoomY_m
BiancaGolden_CircleTurns,-200.0000,0.0000,30.0000,0.0000,0.0000,0.0000,0.0000,0.0000,0.0000,0.0000,0,0.016667,0.0000,0.0000
BiancaGolden_CircleTurns,-200.0000,0.0000,30.0000,0.0000,0.0000,0.0000,0.0000,0.0000,0.0000,0.0000,0,0.416667,0.0000,0.0000
BiancaGolden_CircleTurns,-200.0000,0.0000,30.0000,0.0000,0.0000,0.0000,0.0000,0.0000,0.0000,0.0000,1,0.479041,0.0000,0.0000
BiancaGolden_CircleTurns,-200.0000,0.0000,30.0000,0.0000,0.0000,0.0000,0.0000,0.0000,0.0000,0.0000,2,0.486380,0.0000,0.0000
BiancaGolden_CircleTurns,-200.0000,0.0000,30.0000,0.0000,0.0000,0.0000,0.0000,0.0000,0.0000,0.0000,2,0.497259,0.0000,0.0000
BiancaGolden_CircleTurns,-200.0000,0.0000,30.0000,0.0000,0.0000,0.0000,0.0000,0.0000,0.0000,0.0000,2,0.512053,0.0000,0.0000
BiancaGolden_CircleTurns,-200.0000,0.0000,30.0000,0.0000,0.0000,0.0000,0.0000,0.0000,0.0000,0.0000,3,0.527119,0.0000,0.0000
BiancaGolden_CircleTurns,-200.0000,0.0000,30.0000,0.0000,0.0000,0.0000,0.0000,0.0000,0.0000,0.0000,3,0.542067,0.0000,0.0000
BiancaGolden_CircleTurns,-200.0000,0.0000,30.0000,0.0000,0.0000,0.0000,0.0000,0.0000,0.0000,0.0000,4,0.556959,0.0000,0.0000
BiancaGolden_CircleTurns,-200.0000,0.0000,30.0000,0.0000,0.0000,0.0000,0.0000,0.0000,0.0000,0.0000,4,0.569460,0.0000,0.0000
BiancaGolden_CircleTurns,-200.0000,0.0000,30.0000,0.0000,0.0000,0.0000,0.0000,0.0000,0.0000,0.0000,5,0.581752,0.0000,0.0000
BiancaGolden_CircleTurns,-200.0000,0.0000,30.0000,0.0000,0.0000,0.0000,0.0000,0.0000,0.0000,0.0000,5,0.595461,0.0000,0.0000
BiancaGolden_CircleTurns,-200.0000,0.0000,30.0000,0.0000,0.0000,0.0000,0.0000,0.0000,0.0000,0.0000,6,0.612667,0.0000,0.0000
BiancaGolden_CircleTurns,-200.0000,0.0000,30.0000,0.0000,0.0000,0.0000,0.0000,0.0000,0.0000,0.0000,6,0.624463,0.0000,0.0000
BiancaGolden_CircleTurns,-200.0000,0.0000,30.0000,0.0000,0.0000,0.0000,0.0000,0.0000,0.0000,0.0000,6,0.638369,0.0000,0.0000
BiancaGolden_CircleTurns,-200.0000,0.0000,30.0000,0.0000,0.0000,0.0000,0.0000,0.0000,0.0000,0.0000,7,0.651844,0.0000,0.0000
BiancaGolden_CircleTurns,-200.0000,0.0000,30.0000,0.0000,0.0000,0.0000,0.0000,0.0000,0.0000,0.0000,7,0.664913,0.0000,0.0000
BiancaGolden_CircleTurns,-200.0000,0.0000,30.0000,0.0000,0.0000,0.0000,0.0000,0.0000,0.0000,0.0000,8,0.679479,0.0000,0.0000
BiancaGolden_CircleTurns,-200.0000,0.0000,30.0000,0.0000,0.0000,0.0000,0.0000,0.0000,0.0000,0.0000,8,0.691376,0.0000,0.0000
BiancaGolden_CircleTurns,-200.0000,0.0000,30.0000,0.0000,0.0000,0.0000,0.0000,0.0000,0.0000,0.0000,8,0.707326,0.0000,0.0000
BiancaGolden_CircleTurns,-200.0000,0.0000,30.0000,0.0000,0.0000,0.0000,0.0000,0.0000,0.0000,0.0000,9,0.719691,0.0000,0.0000
BiancaGolden_CircleTurns,-200.0000,0.0000,30.0000,0.0000,0.0000,0.0000,0.0000,0.0000,0.0000,0.0000,9,0.734032,0.0000,0.0000
BiancaGolden_CircleTurns,-200.0000,0.0000,30.0000,0.0000,0.0000,0.0000,0.0000,0.0000,0.0000,0.0000,10,0.747557,0.0000,0.0000
BiancaGolden_CircleTurns,-200.0000,0.0000,30.0000,0.0000,0.0000,0.0000,0.0000,0.0000,0.0000,0.0000,10,0.762178,0.0000,0.0000
BiancaGolden_CircleTurns,-200.0000,0.0000,30.0000,0.0000,0.0000,0.0000,0.0000,0.0000,0.0000,0.0000,10,0.776735,0.0000,0.0000
BiancaGolden_CircleTurns,-200.0000,0.0000,30.0000,0.0000,0.0000,0.0000,0.0000,0.0000,0.0000,0.0000,11,0.803668,0.0000,0.0000
BiancaGolden_CircleTurns,-200.0000,0.0000,30.0000,0.0000,0.0000,0.0000,0.0000,0.0000,0.0000,0.0000,12,0.817628,0.0000,0.0000
BiancaGolden_CircleTurns,-200.0000,0.0000,30.0000,0.0000,0.0000,0.0000,0.0000,0.0000,0.0000,0.0000,12,0.830244,0.0000,0.0000
BiancaGolden_CircleTurns,-200.0000,0.0000,30.0000,0.0000,0.0000,0.0000,0.0000,0.0000,0.0000,0.0000,13,0.845809,0.0000,0.0000
BiancaGolden_CircleTurns,-200.0000,0.0000,30.0000,0.0000,0.0000,0.0000,0.0000,0.0000,0.0000,0.0000,13,0.858600,0.0000,0.0000
BiancaGolden_CircleTurns,-200.0000,0.0000,30.0000,0.0000,0.0000,0.0000,0.0000,0.0000,0.0000,0.0000,13,0.874601,0.0000,0.0000
BiancaGolden_CircleTurns,-200.0000,0.0000,30.0000,0.0000,0.0000,0.0000,0.0000,0.0000,0.0000,0.0000,14,0.888830,0.0000,0.0000
BiancaGolden_CircleTurns,-200.0000,0.0000,30.0000,0.0000,0.0000,0.0000,0.0000,0.0000,0.0000,0.0000,14,0.901958,0.0000,0.0000
BiancaGolden_CircleTurns,-200.0000,0.0000,30.0000,0.0000,0.0000,0.0000,0.0000,0.0000,0.0000,0.0000,15,0.916124,0.0000,0.0000
BiancaGolden_CircleTurns,-200.0000,0.0000,30.0000,0.0000,0.0000,0.0000,0.0000,0.0000,0.0000,0.0000,15,0.929503,0.0000,0.0000
BiancaGolden_CircleTurns,-200.0000,0.0000,30.0000,0.0000,0.0000,0.0000,0.0000,0.0000,0.0000,0.0000,15,0.943910,0.0000,0.0000
BiancaGolden_CircleTurns,-200.0000,0.0000,30.0000,0.0000,0.0000,0.0000,0.0000,0.0000,0.0000,0.0000,16,0.957686,0.0000,0.0000
BiancaGolden_CircleTurns,-200.0000,0.0000,30.0000,0.0000,0.0000,0.0000,0.0000,0.0000,0.0000,0.0000,16,0.970039,0.0000,0.0000
BiancaGolden_CircleTurns,-200.0000,0.0000,30.0000,0.0000,0.0000,0.0000,0.0000,0.0000,0.0000,0.0000,17,0.985630,0.0000,0.0000
BiancaGolden_CircleTurns,-200.0000,0.0000,30.0000,0.0000,0.0000,0.0000,0.0000,0.0000,0.0000,0.0000,17,0.996715,0.0000,0.0000
BiancaGolden_CircleTurns,-200.0000,0.0000,30.0000,0.0000,0.0000,0.0000,0.0000,0.0000,0.0000,0.0000,18,1.012775,0.0000,0.0000
BiancaGolden_CircleTurns,-200.0000,0.0000,30.0000,0.0000,0.0000,0.0000,0.0000,0.0000,0.0000,0.0000,18,1.024611,0.0000,0.0000
BiancaGolden_CircleTurns,-200.0000,0.0000,30.0000,0.0000,0.0000,0.0000,0.0000,0.0000,0.0000,0.0000,18,1.039534,0.0000,0.0000
BiancaGolden_CircleTurns,-200.0000,0.0000,30.0000,0.0000,0.0000,0.0000,0.0000,0.0000,0.0000,0.0000,19,1.052788,0.0000,0.0000
BiancaGolden_CircleTurns,-200.0000,0.0000,30.0000,0.0000,0.0000,0.0000,0.0000,0.0000,0.0000,0.0000,19,1.066984,0.0000,0.0000
BiancaGolden_CircleTurns,-200.0000,0.0000,30.0000,0.0000,0.0000,0.0000,0.0000,0.0000,0.0000,0.0000,20,1.081945,0.0000,0.0000
BiancaGolden_CircleTurns,-200.0000,0.0000,30.0000,0.0000,0.0000,0.0000,0.0000,0.0000,0.0000,0.0000,20,1.095960,0.0000,0.0000
BiancaGolden_CircleTurns,-200.0000,0.0000,30.0000,0.0000,0.0000,0.0000,0.0000,0.0000,0.0000,0.0000,20,1.110754,0.0000,0.0000
BiancaGolden_CircleTurns,-200.0000,0.0000,30.0000,0.0000,0.0000,0.0000,0.0000,0.0000,0.0000,0.0000,21,1.124190,0.0000,0.0000
BiancaGolden_CircleTurns,-200.0000,0.0000,30.0000,0.0000,0.0000,0.0000,0.0247,0.9819,-0.1876,0.9980,21,1.137881,0.0000,0.0000
BiancaGolden_CircleTurns,-425.4867,-88.4905,204.5366,0.2393,-3.4080,90.2847,0.0243,0.9817,-0.1887,0.9980,22,1.156981,-2.2549,-0.8849
BiancaGolden_CircleTurns,-425.4653,-88.4400,204.5211,0.2044,-3.4783,90.2921,0.0239,0.9814,-0.1903,0.9980,22,1.166072,-2.2547,-0.8844
BiancaGolden_CircleTurns,-425.4390,-88.3903,204.5055,0.1859,-3.5744,90.3143,0.0232,0.9812,-0.1918,0.9980,23,1.180535,-2.2544,-0.8839
BiancaGolden_CircleTurns,-425.4254,-88.3423,204.4908,0.1439,-3.6578,90.3491,0.0222,0.9808,-0.1938,0.9980,23,1.194779,-2.2543,-0.8834
BiancaGolden_CircleTurns,-425.4048,-88.2999,204.4718,0.1013,-3.7706,90.4005,0.0208,0.9804,-0.1958,0.9980,23,1.209010,-2.2540,-0.8830
BiancaGolden_CircleTurns,-425.3925,-88.2648,204.4436,0.0315,-3.8888,90.4756,0.0195,0.9801,-0.1977,0.9980,24,1.223926,-2.2539,-0.8826
BiancaGolden_CircleTurns,-425.3837,-88.2193,204.4211,0.0369,-3.9994,90.5528,0.0172,0.9798,-0.1993,0.9980,24,1.238589,-2.2538,-0.8822
BiancaGolden_CircleTurns,-425.3675,-88.1725,204.3933,0.0310,-4.0934,90.6852,0.0154,0.9796,-0.2004,0.9980,25,1.254274,-2.2537,-0.8817
BiancaGolden_CircleTurns,-425.3631,-88.1209,204.3876,-0.0095,-4.1552,90.7828,-0.0481,0.9729,-0.2263,0.9980,25,1.268981,-2.2536,-0.8812
BiancaGolden_CircleTurns,-425.3360,-88.0211,204.3737,-0.1015,-4.2294,90.9318,-0.0557,0.9611,-0.2704,0.9980,26,1.284050,-2.2534,-0.8802
BiancaGolden_CircleTurns,-425.3291,-87.9710,204.3581,-0.1866,-4.2204,90.9559,-0.0563,0.9628,-0.2642,0.9980,26,1.297559,-2.2533,-0.8797
BiancaGolden_CircleTurns,-425.3103,-87.9179,204.3327,-0.2311,-4.2628,90.9587,-0.0562,0.9624,-0.2658,0.9980,27,1.312867,-2.2531,-0.8792
BiancaGolden_CircleTurns,-425.3011,-87.8710,204.2920,-0.2311,-4.3564,90.9556,-0.0550,0.9624,-0.2662,0.9980,27,1.326918,-2.2530,-0.8787
BiancaGolden_CircleTurns,-425.2936,-87.8167,204.2771,-0.2158,-4.4559,90.9742,-0.0489,0.9628,-0.2658,0.9980,27,1.340150,-2.2529,-0.8782
BiancaGolden_CircleTurns,-425.2865,-87.7730,204.2512,-0.1691,-4.5813,91.0073,-0.0495,0.9622,-0.2678,0.9980,28,1.353926,-2.2529,-0.8777
BiancaGolden_CircleTurns,-425.2908,-87.7204,204.2293,-0.1645,-4.7083,91.0466,-0.0455,0.9616,-0.2706,0.9980,28,1.366705,-2.2529,-0.8772
BiancaGolden_CircleTurns,-425.2823,-87.6699,204.2109,-0.1753,-4.8726,91.0403,-0.0447,0.9609,-0.2734,0.9980,29,1.381681,-2.2528,-0.8767
BiancaGolden_CircleTurns,-425.2723,-87.6197,204.1683,-0.1136,-5.0382,91.0068,0.0258,0.9452,-0.3255,0.9980,29,1.395305,-2.2527,-0.8762
BiancaGolden_CircleTurns,-425.2556,-87.5730,204.1410,0.0018,-5.2370,90.9804,0.0264,0.9441,-0.3286,0.9980,29,1.409906,-2.2526,-0.8757
BiancaGolden_CircleTurns,-425.2483,-87.5328,204.1061,0.1211,-5.4439,90.9594,0.0278,0.9428,-0.3322,0.9980,30,1.424322,-2.2525,-0.8753
BiancaGolden_CircleTurns,-425.2505,-87.4924,204.0694,0.1837,-5.6663,90.9134,0.0285,0.9416,-0.3355,0.9980,30,1.436584,-2.2525,-0.8749
BiancaGolden_CircleTurns,-425.2462,-87.4545,204.0223,0.2133,-5.8665,90.8899,0.0291,0.9435,-0.3302,0.9980,31,1.451355,-2.2525,-0.8745
BiancaGolden_CircleTurns,-425.2381,-87.4167,203.9892,0.2341,-6.0681,90.8416,0.0286,0.9431,-0.3311,0.9980,31,1.466195,-2.2524,-0.8742
BiancaGolden_CircleTurns,-425.2260,-87.3790,203.9552,0.2749,-6.2801,90.7988,0.0297,0.9420,-0.3344,0.9980,32,1.482099,-2.2523,-0.8738
BiancaGolden_CircleTurns,-425.2161,-87.3355,203.9194,0.3205,-6.4827,90.7461,0.0305,0.9404,-0.3388,0.9980,32,1.492998,-2.2522,-0.8734
BiancaGolden_CircleTurns,-425.2013,-87.2908,203.8746,0.3479,-6.7486,90.7039,0.0367,0.9409,-0.3368,0.9980,32,1.506945,-2.2520,-0.8729
BiancaGolden_CircleTurns,-425.1979,-87.2554,203.8114,0.3669,-7.0095,90.6602,0.0375,0.9398,-0.3398,0.9980,33,1.520994,-2.2520,-0.8726
BiancaGolden_CircleTurns,-425.1869,-87.2170,203.7521,0.3356,-7.3642,90.6083,0.0408,0.9416,-0.3343,0.9980,33,1.534100,-2.2519,-0.8722
BiancaGolden_CircleTurns,-425.1687,-87.1819,203.6991,0.3032,-7.6676,90.5482,0.0387,0.9400,-0.3390,0.9980,34,1.548191,-2.2517,-0.8718
BiancaGolden_CircleTurns,-425.1511,-87.1330,203.6739,0.2752,-7.9518,90.4592,0.0403,0.9385,-0.3430,0.9980,34,1.562437,-2.2515,-0.8713
BiancaGolden_CircleTurns,-425.1328,-87.0864,203.6387,0.2389,-8.1968,90.3588,0.0347,0.9379,-0.3451,0.9980,34,1.575999,-2.2513,-0.8709
BiancaGolden_CircleTurns,-425.1045,-87.0364,203.5924,0.1774,-8.4165,90.2606,0.0366,0.9364,-0.3490,0.9980,35,1.589849,-2.2510,-0.8704
BiancaGolden_CircleTurns,-425.0740,-86.9727,203.5321,0.1669,-8.6563,90.1267,0.0389,0.9369,-0.3475,0.9980,35,1.603275,-2.2507,-0.8697
BiancaGolden_CircleTurns,-425.0457,-86.9126,203.4736,0.1648,-8.9437,90.0024,0.0421,0.9359,-0.3497,0.9980,36,1.618160,-2.2505,-0.8691
BiancaGolden_CircleTurns,-425.0200,-86.8478,203.3937,0.1530,-9.2632,89.8437,0.0446,0.9330,-0.3571,0.9980,36,1.631859,-2.2502,-0.8685
BiancaGolden_CircleTurns,-424.9904,-86.7981,203.3024,0.0747,-9.7097,89.6744,0.0488,0.9293,-0.3661,0.9980,36,1.645701,-2.2499,-0.8680
BiancaGolden_CircleTurns,-424.9629,-86.7618,203.1915,0.0097,-10.2039,89.4447,0.0534,0.9248,-0.3766,0.9980,37,1.659469,-2.2496,-0.8676
BiancaGolden_CircleTurns,-424.9206,-86.7351,203.0859,-0.0176,-10.8233,89.1749,0.0591,0.9209,-0.3854,0.9980,37,1.673076,-2.2492,-0.8674
BiancaGolden_CircleTurns,-424.8752,-86.6988,202.9991,-0.0547,-11.3747,88.8108,0.0878,0.8904,-0.4466,0.9980,38,1.688171,-2.2488,-0.8670
BiancaGolden_CircleTurns,-424.8008,-86.6502,202.9455,-0.0013,-11.8339,88.2706,0.0949,0.8873,-0.4513,0.9980,38,1.702146,-2.2480,-0.8665
BiancaGolden_CircleTurns,-424.7118,-86.5906,202.9061,0.1803,-12.1403,87.6267,0.1105,0.8857,-0.4509,0.9980,39,1.715852,-2.2471,-0.8659
BiancaGolden_CircleTurns,-424.5830,-86.5458,202.8918,0.3557,-12.2086,86.6460,0.1299,0.8904,-0.4362,0.9980,39,1.729395,-2.2458,-0.8655
BiancaGolden_CircleTurns,-424.3695,-86.5319,202.8781,0.4487,-12.2147,85.3686,0.1620,0.8861,-0.4343,0.9980,39,1.743938,-2.2437,-0.8653
BiancaGolden_CircleTurns,-424.0309,-86.5360,202.9050,0.6165,-12.1036,83.3538,0.2073,0.8785,-0.4305,0.9980,40,1.757089,-2.2403,-0.8654
BiancaGolden_CircleTurns,-423.5775,-86.5619,202.9381,0.9531,-11.8799,80.5129,0.2517,0.8704,-0.4232,0.9980,40,1.771018,-2.2358,-0.8656
BiancaGolden_CircleTurns,-423.0569,-86.6213,202.8891,1.3786,-11.4443,77.5706,0.2911,0.8662,-0.4061,0.9980,41,1.785808,-2.2306,-0.8662
BiancaGolden_CircleTurns,-422.5614,-86.7009,202.9507,2.5856,-11.4567,73.8589,0.3444,0.8515,-0.3953,0.9980,41,1.798807,-2.2256,-0.8670
BiancaGolden_CircleTurns,-422.1933,-86.8196,202.8853,3.5068,-11.2524,70.5933,0.4279,0.8177,-0.3852,0.9980,42,1.813005,-2.2219,-0.8682
BiancaGolden_CircleTurns,-421.8437,-86.9677,202.8924,4.0595,-11.0868,67.3504,0.4770,0.7930,-0.3790,0.9980,42,1.825937,-2.2184,-0.8697
BiancaGolden_CircleTurns,-421.4904,-87.0935,202.9295,4.4377,-10.7652,64.0859,0.5978,0.7285,-0.3346,0.9980,42,1.840427,-2.2149,-0.8709
BiancaGolden_CircleTurns,-421.1071,-87.2551,202.9708,4.8842,-10.3706,60.8986,0.6911,0.6594,-0.2958,0.9980,43,1.854031,-2.2111,-0.8726
BiancaGolden_CircleTurns,-420.7650,-87.4472,202.9716,5.4794,-10.0633,57.8412,0.7248,0.6255,-0.2888,0.9980,43,1.867648,-2.2076,-0.8745
BiancaGolden_CircleTurns,-420.4592,-87.6371,202.9431,6.0907,-9.7786,55.0305,0.7650,0.5825,-0.2748,0.9980,43,1.878378,-2.2046,-0.8764
BiancaGolden_CircleTurns,-420.4957,-87.6463,202.9281,6.1414,-9.8154,55.0516,0.8204,0.5131,-0.2523,0.9980,44,1.884350,-2.2050,-0.8765
BiancaGolden_CircleTurns,-420.2669,-87.8509,202.9085,6.6888,-9.6813,52.4486,0.8422,0.4793,-0.2470,0.9980,44,1.895351,-2.2027,-0.8785
BiancaGolden_CircleTurns,-420.0432,-88.0399,202.9312,7.0506,-9.4849,50.0763,0.8758,0.4223,-0.2336,0.9980,44,1.910670,-2.2004,-0.8804
BiancaGolden_CircleTurns,-419.8220,-88.2017,202.9929,7.3563,-9.1896,47.7473,0.9144,0.3434,-0.2146,0.9980,45,1.923846,-2.1982,-0.8820
BiancaGolden_CircleTurns,-419.6287,-88.3498,203.0509,7.8365,-8.7918,45.6908,0.9347,0.2877,-0.2086,0.9980,45,1.936590,-2.1963,-0.8835
BiancaGolden_CircleTurns,-419.4678,-88.5082,203.0784,8.4034,-8.4002,43.8119,0.9422,0.2639,-0.2063,0.9980,46,1.951437,-2.1947,-0.8851
BiancaGolden_CircleTurns,-419.3804,-88.6365,203.0707,8.9808,-8.0678,42.4374,0.9354,0.2854,-0.2087,0.9980,46,1.965777,-2.1938,-0.8864
BiancaGolden_CircleTurns,-419.2695,-88.7503,203.0745,9.4290,-7.7902,41.1933,0.9258,0.3103,-0.2159,0.9980,47,1.982840,-2.1927,-0.8875
BiancaGolden_CircleTurns,-419.1708,-88.8787,203.0852,9.6994,-7.5915,40.0668,0.9316,0.2946,-0.2129,0.9980,47,1.993834,-2.1917,-0.8888
BiancaGolden_CircleTurns,-419.1135,-88.9900,203.0769,9.7589,-7.4247,39.0807,0.9368,0.2793,-0.2107,0.9980,47,2.007534,-2.1911,-0.8899
BiancaGolden_CircleTurns,-419.0525,-89.1335,203.0604,9.8324,-7.3153,38.1303,0.9024,0.3592,-0.2381,0.9980,48,2.021643,-2.1905,-0.8913
BiancaGolden_CircleTurns,-419.0216,-89.2547,203.0439,9.9490,-7.2600,37.2100,0.8957,0.3675,-0.2501,0.9980,48,2.033953,-2.1902,-0.8925
BiancaGolden_CircleTurns,-418.9863,-89.3743,203.0173,10.0078,-7.2608,36.4750,0.8824,0.3914,-0.2610,0.9980,49,2.049110,-2.1899,-0.8937
BiancaGolden_CircleTurns,-418.9769,-89.4793,202.9906,10.0053,-7.3008,35.8553,0.8735,0.4074,-0.2665,0.9980,49,2.062720,-2.1898,-0.8948
BiancaGolden_CircleTurns,-418.9728,-89.5976,202.9817,9.9401,-7.3056,35.3087,0.8777,0.3981,-0.2667,0.9980,49,2.077119,-2.1897,-0.8960
BiancaGolden_CircleTurns,-418.9809,-89.7259,202.9802,9.8517,-7.3006,34.6908,0.8778,0.3968,-0.2685,0.9980,50,2.090728,-2.1898,-0.8973
BiancaGolden_CircleTurns,-419.0006,-89.8496,202.9811,9.7644,-7.2842,34.0934,0.8800,0.3865,-0.2760,0.9980,50,2.103948,-2.1900,-0.8985
BiancaGolden_CircleTurns,-419.0195,-89.9890,202.9766,9.7089,-7.2889,33.5562,0.9351,0.2383,-0.2622,0.9980,51,2.119495,-2.1902,-0.8999
BiancaGolden_CircleTurns,-419.0526,-90.1118,202.9498,9.7294,-7.2716,32.9577,0.9476,0.1769,-0.2662,0.9980,51,2.132661,-2.1905,-0.9011
BiancaGolden_CircleTurns,-419.1021,-90.2365,202.9400,9.6823,-7.3291,32.4520,0.9485,0.1696,-0.2675,0.9980,52,2.147048,-2.1910,-0.9024
BiancaGolden_CircleTurns,-419.1673,-90.3598,202.9264,9.6611,-7.3598,32.0271,0.9496,0.1626,-0.2681,0.9980,52,2.160857,-2.1917,-0.9036
BiancaGolden_CircleTurns,-419.2386,-90.4775,202.9188,9.6532,-7.3974,31.6035,0.9487,0.1642,-0.2703,0.9980,52,2.174899,-2.1924,-0.9048
BiancaGolden_CircleTurns,-419.3017,-90.6001,202.9152,9.5789,-7.4082,31.2436,0.9498,0.1576,-0.2704,0.9980,53,2.188298,-2.1930,-0.9060
BiancaGolden_CircleTurns,-419.3702,-90.7207,202.9111,9.4640,-7.3670,30.8255,0.9494,0.1719,-0.2629,0.9980,53,2.201586,-2.1937,-0.9072
BiancaGolden_CircleTurns,-419.4492,-90.8628,202.9041,9.3775,-7.3130,30.4082,0.9472,0.1806,-0.2650,0.9980,54,2.216855,-2.1945,-0.9086
BiancaGolden_CircleTurns,-419.5315,-90.9997,202.9134,9.2271,-7.2174,29.9512,0.9484,0.1750,-0.2645,0.9980,54,2.230462,-2.1953,-0.9100
BiancaGolden_CircleTurns,-419.6174,-91.1444,202.9056,9.1021,-7.0821,29.4490,0.9505,0.1667,-0.2624,0.9980,54,2.244707,-2.1962,-0.9114
BiancaGolden_CircleTurns,-419.7098,-91.2980,202.8945,9.0226,-6.9235,28.9153,0.9488,0.1778,-0.2611,0.9980,55,2.258562,-2.1971,-0.9130
BiancaGolden_CircleTurns,-419.8006,-91.4662,202.8477,8.9860,-6.7494,28.3677,0.9480,0.1815,-0.2615,0.9980,55,2.271860,-2.1980,-0.9147
BiancaGolden_CircleTurns,-419.9282,-91.6184,202.7879,8.9805,-6.5994,27.7912,0.9502,0.1723,-0.2596,0.9980,56,2.286834,-2.1993,-0.9162
BiancaGolden_CircleTurns,-420.0594,-91.7817,202.7405,8.8988,-6.4579,27.2072,0.9466,0.1796,-0.2676,0.9980,56,2.300508,-2.2006,-0.9178
BiancaGolden_CircleTurns,-420.1845,-91.9295,202.7053,8.8145,-6.3217,26.5746,0.9488,0.1696,-0.2666,0.9980,57,2.314296,-2.2018,-0.9193
BiancaGolden_CircleTurns,-420.3244,-92.0475,202.7016,8.7204,-6.1640,25.9196,0.9509,0.1598,-0.2649,0.9980,57,2.328029,-2.2032,-0.9205
BiancaGolden_CircleTurns,-420.4886,-92.1627,202.6928,8.6778,-6.0475,25.3097,0.9498,0.1637,-0.2665,0.9980,57,2.342351,-2.2049,-0.9216
BiancaGolden_CircleTurns,-420.6860,-92.2718,202.6848,8.5721,-5.9807,24.7761,0.9514,0.1615,-0.2623,0.9980,58,2.355808,-2.2069,-0.9227
BiancaGolden_CircleTurns,-420.8800,-92.3797,202.6720,8.4742,-5.8657,24.2097,0.9488,0.1749,-0.2631,0.9980,58,2.368989,-2.2088,-0.9238
BiancaGolden_CircleTurns,-421.1041,-92.4663,202.6724,8.3290,-5.7217,23.6805,0.9502,0.1701,-0.2612,0.9980,59,2.384264,-2.2110,-0.9247
BiancaGolden_CircleTurns,-421.3353,-92.5493,202.6478,8.2844,-5.5633,23.1695,0.9481,0.1778,-0.2634,0.9980,59,2.397855,-2.2134,-0.9255
BiancaGolden_CircleTurns,-421.5890,-92.6153,202.6397,8.2670,-5.4584,22.7039,0.9496,0.1718,-0.2621,0.9980,59,2.411980,-2.2159,-0.9262
BiancaGolden_CircleTurns,-421.8611,-92.6379,202.6776,8.2350,-5.3725,22.3241,0.9485,0.1767,-0.2629,0.9980,60,2.425915,-2.2186,-0.9264
BiancaGolden_CircleTurns,-422.1571,-92.6437,202.7149,8.2429,-5.3069,21.9551,0.9448,0.1927,-0.2649,0.9980,60,2.439019,-2.2216,-0.9264
BiancaGolden_CircleTurns,-422.4842,-92.6450,202.7161,8.2746,-5.3155,21.8120,0.9425,0.2004,-0.2674,0.9980,61,2.454139,-2.2248,-0.9264
BiancaGolden_CircleTurns,-422.8218,-92.6444,202.6944,8.1637,-5.3473,21.6156,0.9383,0.2113,-0.2738,0.9980,61,2.467473,-2.2282,-0.9264
BiancaGolden_CircleTurns,-423.1550,-92.6146,202.7175,7.8931,-5.3366,21.3818,0.9339,0.2203,-0.2816,0.9980,62,2.484866,-2.2316,-0.9261
BiancaGolden_CircleTurns,-423.4787,-92.5944,202.7740,7.6859,-5.2505,21.1651,0.9350,0.2183,-0.2794,0.9980,62,2.495562,-2.2348,-0.9259
BiancaGolden_CircleTurns,-423.8109,-92.5386,202.8252,7.6890,-5.1210,21.0332,0.9328,0.2240,-0.2822,0.9980,62,2.509820,-2.2381,-0.9254
BiancaGolden_CircleTurns,-424.1460,-92.4880,202.8429,7.6872,-4.9896,20.9220,0.9339,0.2235,-0.2792,0.9980,63,2.523685,-2.2415,-0.9249
BiancaGolden_CircleTurns,-424.4997,-92.4185,202.8330,7.6450,-4.8059,20.8371,0.9330,0.2295,-0.2772,0.9980,63,2.536681,-2.2450,-0.9242
BiancaGolden_CircleTurns,-424.8540,-92.3497,202.8367,7.5809,-4.6333,20.6753,0.9347,0.2262,-0.2743,0.9980,64,2.550952,-2.2485,-0.9235
BiancaGolden_CircleTurns,-425.2028,-92.2819,202.8408,7.5530,-4.4576,20.4280,0.9367,0.2228,-0.2702,0.9980,64,2.564645,-2.2520,-0.9228
BiancaGolden_CircleTurns,-425.5491,-92.1988,202.8477,7.5851,-4.2975,20.1426,0.9384,0.2174,-0.2687,0.9980,64,2.578929,-2.2555,-0.9220
BiancaGolden_CircleTurns,-425.8964,-92.1294,202.8577,7.6825,-4.2143,19.8179,0.9401,0.2117,-0.2673,0.9980,65,2.592733,-2.2590,-0.9213
BiancaGolden_CircleTurns,-426.2455,-92.0352,202.8499,7.7912,-4.1466,19.4905,0.9393,0.2097,-0.2717,0.9980,65,2.605685,-2.2625,-0.9204
BiancaGolden_CircleTurns,-426.6108,-91.9282,202.8269,7.8683,-4.1802,19.1327,0.9399,0.2033,-0.2742,0.9980,66,2.620930,-2.2661,-0.9193
BiancaGolden_CircleTurns,-426.9807,-91.8026,202.8176,7.8697,-4.2479,18.7662,0.9384,0.2076,-0.2763,0.9980,66,2.634398,-2.2698,-0.9180
BiancaGolden_CircleTurns,-427.3279,-91.6909,202.8327,7.8919,-4.2803,18.3954,0.9383,0.2048,-0.2788,0.9980,67,2.648619,-2.2733,-0.9169
BiancaGolden_CircleTurns,-427.6675,-91.5561,202.8707,7.9826,-4.3800,17.8898,0.9396,0.1971,-0.2797,0.9980,67,2.663037,-2.2767,-0.9156
BiancaGolden_CircleTurns,-428.0128,-91.4112,202.8985,8.1102,-4.4482,17.4537,0.9406,0.1901,-0.2812,0.9980,67,2.677262,-2.2801,-0.9141
BiancaGolden_CircleTurns,-428.3559,-91.2503,202.9203,8.2578,-4.5458,17.0417,0.9411,0.1861,-0.2824,0.9980,68,2.691178,-2.2836,-0.9125
BiancaGolden_CircleTurns,-428.7015,-91.0612,202.9467,8.3764,-4.6039,16.6648,0.9393,0.1817,-0.2909,0.9980,68,2.703448,-2.2870,-0.9106
BiancaGolden_CircleTurns,-429.0195,-90.8696,202.9794,8.5267,-4.6913,16.3434,0.9384,0.1844,-0.2922,0.9980,69,2.718919,-2.2902,-0.9087
BiancaGolden_CircleTurns,-429.3268,-90.6703,203.0098,8.6296,-4.7007,16.0494,0.9371,0.1887,-0.2935,0.9980,69,2.731611,-2.2933,-0.9067
BiancaGolden_CircleTurns,-429.6140,-90.4589,203.0711,8.7605,-4.6976,15.7645,0.9384,0.1832,-0.2928,0.9980,70,2.746473,-2.2961,-0.9046
BiancaGolden_CircleTurns,-429.9006,-90.2126,203.1319,8.8166,-4.6531,15.4463,0.9381,0.1802,-0.2958,0.9980,70,2.759416,-2.2990,-0.9021
BiancaGolden_CircleTurns,-430.1634,-89.9518,203.1780,8.8679,-4.5415,15.1613,0.9396,0.1761,-0.2936,0.9980,70,2.773881,-2.3016,-0.8995
BiancaGolden_CircleTurns,-430.4132,-89.6922,203.2209,8.8843,-4.4128,14.9033,0.9414,0.1723,-0.2898,0.9980,71,2.786948,-2.3041,-0.8969
BiancaGolden_CircleTurns,-430.6078,-89.3800,203.3004,8.8836,-4.1813,14.6576,0.9696,0.1543,-0.1897,0.9980,71,2.800529,-2.3061,-0.8938
BiancaGolden_CircleTurns,-430.8009,-89.0810,203.3927,8.9212,-3.9797,14.4337,0.9711,0.1507,-0.1851,0.9980,72,2.815982,-2.3080,-0.8908
BiancaGolden_CircleTurns,-430.9689,-88.7485,203.4832,8.9674,-3.7524,14.2082,0.9751,0.1509,-0.1625,0.9980,72,2.830334,-2.3097,-0.8875
BiancaGolden_CircleTurns,-431.1155,-88.4181,203.5444,9.0873,-3.4915,14.0052,0.9762,0.1477,-0.1588,0.9980,72,2.843232,-2.3112,-0.8842
BiancaGolden_CircleTurns,-431.2275,-88.0660,203.6070,9.2364,-3.2923,13.8219,0.9738,0.1625,-0.1591,0.9980,73,2.856726,-2.3123,-0.8807
BiancaGolden_CircleTurns,-431.3181,-87.6921,203.6992,9.3737,-3.0487,13.6163,0.9749,0.1593,-0.1557,0.9980,73,2.870550,-2.3132,-0.8769
BiancaGolden_CircleTurns,-431.3800,-87.2947,203.7995,9.5565,-2.8645,13.4363,0.9735,0.1675,-0.1558,0.9980,74,2.885371,-2.3138,-0.8729
BiancaGolden_CircleTurns,-431.4321,-86.8903,203.8379,9.7631,-2.6629,13.2589,0.9743,0.1650,-0.1537,0.9980,74,2.898507,-2.3143,-0.8689
BiancaGolden_CircleTurns,-431.4563,-86.5083,203.8668,10.0369,-2.5571,13.1325,0.9745,0.1637,-0.1532,0.9980,75,2.913783,-2.3146,-0.8651
BiancaGolden_CircleTurns,-431.4638,-86.0984,203.8618,10.2125,-2.5075,12.9740,0.9745,0.1685,-0.1480,0.9980,75,2.927093,-2.3146,-0.8610
BiancaGolden_CircleTurns,-431.4268,-85.7220,203.8788,10.4877,-2.4722,12.8465,0.9735,0.1821,-0.1384,0.9980,75,2.941308,-2.3143,-0.8572
BiancaGolden_CircleTurns,-431.3863,-85.3107,203.8531,10.7831,-2.4032,12.6348,0.9730,0.1842,-0.1387,0.9980,76,2.955113,-2.3139,-0.8531
BiancaGolden_CircleTurns,-431.3267,-84.9214,203.7971,11.0539,-2.3739,12.4899,0.9646,0.1660,-0.2047,0.9980,76,2.971031,-2.3133,-0.8492
BiancaGolden_CircleTurns,-431.2389,-84.4922,203.6947,11.3303,-2.3715,12.3642,0.9563,0.1532,-0.2491,0.9980,77,2.982939,-2.3124,-0.8449
BiancaGolden_CircleTurns,-431.1433,-84.0604,203.6135,11.5311,-2.3762,12.2889,0.9566,0.1519,-0.2487,0.9980,77,2.995771,-2.3114,-0.8406
BiancaGolden_CircleTurns,-431.0289,-83.6247,203.5063,11.7050,-2.3639,12.2481,0.9566,0.1618,-0.2422,0.9980,77,3.010214,-2.3103,-0.8362
BiancaGolden_CircleTurns,-430.8624,-83.1845,203.4170,11.8757,-2.3254,12.3270,0.9567,0.1640,-0.2405,0.9980,78,3.023771,-2.3086,-0.8318
BiancaGolden_CircleTurns,-430.6873,-82.7371,203.3402,12.0304,-2.2330,12.4520,0.9799,0.1608,-0.1177,0.9980,78,3.037204,-2.3069,-0.8274
BiancaGolden_CircleTurns,-430.4859,-82.2905,203.2697,12.1653,-2.1206,12.6535,0.9796,0.1672,-0.1112,0.9980,79,3.052948,-2.3049,-0.8229
BiancaGolden_CircleTurns,-430.2354,-81.8810,203.1688,12.3116,-1.9505,12.9986,0.9788,0.1717,-0.1118,0.9980,79,3.065963,-2.3024,-0.8188
BiancaGolden_CircleTurns,-429.9920,-81.4916,203.0346,12.4527,-1.7992,13.3043,0.9782,0.1768,-0.1088,0.9980,80,3.081002,-2.2999,-0.8149
BiancaGolden_CircleTurns,-429.7110,-81.1143,202.9026,12.4950,-1.6237,13.6039,0.9754,0.1936,-0.1053,0.9980,80,3.093705,-2.2971,-0.8111
BiancaGolden_CircleTurns,-429.4162,-80.7323,202.8013,12.5050,-1.4713,13.8798,0.9735,0.1997,-0.1113,0.9980,80,3.108434,-2.2942,-0.8073
BiancaGolden_CircleTurns,-429.0760,-80.3771,202.7300,12.4758,-1.3414,14.2371,0.9722,0.2049,-0.1132,0.9980,81,3.122199,-2.2908,-0.8038
BiancaGolden_CircleTurns,-428.7274,-80.0565,202.6495,12.4534,-1.2863,14.5837,0.9721,0.2045,-0.1148,0.9980,81,3.134565,-2.2873,-0.8006
BiancaGolden_CircleTurns,-428.3429,-79.7543,202.6263,12.4315,-1.3306,14.8958,0.9715,0.1943,-0.1361,0.9980,82,3.150497,-2.2834,-0.7975
BiancaGolden_CircleTurns,-427.9277,-79.4470,202.7031,12.3639,-1.4184,15.1661,0.9708,0.1975,-0.1361,0.9980,82,3.163948,-2.2793,-0.7945
BiancaGolden_CircleTurns,-427.4492,-79.1370,202.9491,11.9985,-1.3947,15.3153,0.9696,0.1927,-0.1509,0.9980,82,3.177186,-2.2745,-0.7914
BiancaGolden_CircleTurns,-426.9989,-78.8770,203.0648,11.5324,-1.2777,15.3110,0.9698,0.1911,-0.1514,0.9980,83,3.190875,-2.2700,-0.7888
BiancaGolden_CircleTurns,-426.5737,-78.7409,202.9378,11.0725,-1.2705,15.1597,0.9714,0.1825,-0.1521,0.9980,83,3.204059,-2.2657,-0.7874
BiancaGolden_CircleTurns,-426.1233,-78.6504,202.7658,10.6742,-1.3233,14.8916,0.9727,0.1751,-0.1525,0.9980,84,3.219265,-2.2612,-0.7865
BiancaGolden_CircleTurns,-425.6573,-78.5445,202.7164,10.3895,-1.3063,14.4981,0.9758,0.1588,-0.1502,0.9980,84,3.233607,-2.2566,-0.7854
BiancaGolden_CircleTurns,-425.2165,-78.4065,202.7527,10.2809,-1.2996,14.2566,0.9761,0.1555,-0.1519,0.9980,85,3.247334,-2.2522,-0.7841
BiancaGolden_CircleTurns,-424.7598,-78.2584,202.8744,10.4108,-1.4116,14.0843,0.9763,0.1541,-0.1523,0.9980,85,3.261514,-2.2476,-0.7826
BiancaGolden_CircleTurns,-424.3295,-78.1027,203.0019,10.3977,-1.5386,14.0375,0.9756,0.1554,-0.1551,0.9980,85,3.276165,-2.2433,-0.7810
BiancaGolden_CircleTurns,-423.9307,-77.9477,203.1509,10.2790,-1.6953,14.0492,0.9744,0.1587,-0.1591,0.9980,86,3.288891,-2.2393,-0.7795
BiancaGolden_CircleTurns,-423.5951,-77.8131,203.2093,10.1875,-1.9169,14.2381,0.9716,0.1726,-0.1618,0.9980,86,3.301815,-2.2360,-0.7781
BiancaGolden_CircleTurns,-423.2659,-77.6881,203.2066,10.0039,-2.1446,14.4822,0.9710,0.1749,-0.1630,0.9980,87,3.316854,-2.2327,-0.7769
BiancaGolden_CircleTurns,-422.9394,-77.5327,203.2749,9.5807,-2.1957,14.6375,0.9708,0.1782,-0.1605,0.9980,87,3.330411,-2.2294,-0.7753
BiancaGolden_CircleTurns,-422.6211,-77.3511,203.3783,9.0610,-2.0595,14.7355,0.9700,0.1799,-0.1638,0.9980,87,3.344568,-2.2262,-0.7735
BiancaGolden_CircleTurns,-422.3376,-77.1457,203.4903,8.5155,-1.8165,14.9252,0.9695,0.1854,-0.1603,0.9980,88,3.358348,-2.2234,-0.7715
BiancaGolden_CircleTurns,-422.0763,-76.9296,203.6098,8.1622,-1.5911,15.2331,0.9692,0.1907,-0.1557,0.9980,88,3.372156,-2.2208,-0.7693
BiancaGolden_CircleTurns,-421.8121,-76.7397,203.7210,7.8834,-1.4802,15.4681,0.9687,0.1950,-0.1536,0.9980,89,3.387206,-2.2181,-0.7674
BiancaGolden_CircleTurns,-421.6027,-76.5427,203.8314,7.6727,-1.3833,15.6606,0.9684,0.1966,-0.1537,0.9980,89,3.401256,-2.2160,-0.7654
BiancaGolden_CircleTurns,-421.4176,-76.3496,203.9108,7.4253,-1.3722,15.6982,0.9684,0.1960,-0.1541,0.9980,90,3.415935,-2.2142,-0.7635
BiancaGolden_CircleTurns,-421.2554,-76.1420,203.9891,7.1441,-1.3610,15.6806,0.9688,0.1942,-0.1543,0.9980,90,3.428148,-2.2126,-0.7614
BiancaGolden_CircleTurns,-421.1367,-75.9156,204.0608,6.8596,-1.3228,15.5121,0.9707,0.1826,-0.1560,0.9980,90,3.443043,-2.2114,-0.7592
BiancaGolden_CircleTurns,-421.0082,-75.6811,204.1241,6.6122,-1.1753,15.3163,0.9716,0.1797,-0.1539,0.9980,91,3.456681,-2.2101,-0.7568
BiancaGolden_CircleTurns,-420.9013,-75.4228,204.1745,6.3891,-0.9701,15.0947,0.9721,0.1791,-0.1515,0.9980,91,3.471986,-2.2090,-0.7542
BiancaGolden_CircleTurns,-420.8233,-75.1578,204.1948,6.1920,-0.8018,14.9079,0.9733,0.1756,-0.1479,0.9980,92,3.485405,-2.2082,-0.7516
BiancaGolden_CircleTurns,-420.7618,-74.8589,204.2055,6.0093,-0.5745,14.6720,0.9742,0.1714,-0.1468,0.9980,92,3.497683,-2.2076,-0.7486
BiancaGolden_CircleTurns,-420.6997,-74.5334,204.2448,5.7691,-0.3539,14.3736,0.9756,0.1668,-0.1425,0.9980,92,3.512069,-2.2070,-0.7453
BiancaGolden_CircleTurns,-420.6477,-74.1760,204.2918,5.5622,-0.0824,14.0932,0.9770,0.1615,-0.1391,0.9980,93,3.525728,-2.2065,-0.7418
BiancaGolden_CircleTurns,-420.6273,-73.7750,204.2980,5.3547,0.1272,13.8077,0.9767,0.1567,-0.1468,0.9980,93,3.539260,-2.2063,-0.7377
BiancaGolden_CircleTurns,-420.6172,-73.3581,204.2840,5.1526,0.3226,13.5692,0.9759,0.1589,-0.1493,0.9980,94,3.553578,-2.2062,-0.7336
BiancaGolden_CircleTurns,-420.6416,-72.8883,204.2396,4.9682,0.4330,13.3579,0.9757,0.1576,-0.1524,0.9980,94,3.567123,-2.2064,-0.7289
BiancaGolden_CircleTurns,-420.6626,-72.3741,204.1919,4.7691,0.5159,13.1571,0.9765,0.1543,-0.1502,0.9980,95,3.581522,-2.2066,-0.7237
BiancaGolden_CircleTurns,-420.6796,-71.8219,204.1573,4.5735,0.6564,12.9285,0.9764,0.1531,-0.1525,0.9980,95,3.594980,-2.2068,-0.7182
BiancaGolden_CircleTurns,-420.7203,-71.2627,204.1293,4.3173,0.8258,12.6908,0.9759,0.1574,-0.1510,0.9980,95,3.610128,-2.2072,-0.7126
BiancaGolden_CircleTurns,-420.7975,-70.6438,204.0826,4.1214,0.9824,12.4152,0.9760,0.1552,-0.1524,0.9980,96,3.623050,-2.2080,-0.7064
BiancaGolden_CircleTurns,-420.9088,-70.0093,203.9636,4.0567,1.0361,12.2139,0.9743,0.1604,-0.1584,0.9980,96,3.636293,-2.2091,-0.7001
BiancaGolden_CircleTurns,-421.0187,-69.3525,203.8413,4.0187,1.0209,12.0792,0.9741,0.1591,-0.1605,0.9980,97,3.651641,-2.2102,-0.6935
BiancaGolden_CircleTurns,-421.1778,-68.6643,203.7023,3.9464,0.9060,11.9974,0.9737,0.1576,-0.1644,0.9980,97,3.665347,-2.2118,-0.6866
BiancaGolden_CircleTurns,-421.3854,-67.9415,203.5553,3.7831,0.6853,11.8876,0.9724,0.1574,-0.1723,0.9980,98,3.679529,-2.2139,-0.6794
BiancaGolden_CircleTurns,-421.5988,-67.2123,203.4347,3.6149,0.4649,11.6732,0.9710,0.1556,-0.1818,0.9980,98,3.693097,-2.2160,-0.6721
BiancaGolden_CircleTurns,-421.8197,-66.4554,203.3444,3.5730,0.2835,11.4188,0.9717,0.1515,-0.1815,0.9980,98,3.707222,-2.2182,-0.6646
BiancaGolden_CircleTurns,-422.0309,-65.6902,203.2598,3.5419,0.1868,11.1611,0.9727,0.1453,-0.1809,0.9980,99,3.721256,-2.2203,-0.6569
BiancaGolden_CircleTurns,-422.2732,-64.8243,203.1725,3.6057,0.2303,10.8694,0.9735,0.1413,-0.1799,0.9980,99,3.734071,-2.2227,-0.6482
BiancaGolden_CircleTurns,-422.5254,-63.9431,203.0871,3.5473,0.2774,10.6274,0.9741,0.1383,-0.1792,0.9980,100,3.749404,-2.2253,-0.6394
BiancaGolden_CircleTurns,-422.8040,-63.0650,202.9711,3.4903,0.3205,10.4349,0.9746,0.1351,-0.1789,0.9980,100,3.762824,-2.2280,-0.6306
BiancaGolden_CircleTurns,-423.0964,-62.1440,202.8391,3.4619,0.3529,10.2381,0.9739,0.1422,-0.1770,0.9980,100,3.777988,-2.2310,-0.6214
BiancaGolden_CircleTurns,-423.3849,-61.2149,202.7167,3.3938,0.3726,10.0123,0.9743,0.1394,-0.1768,0.9980,101,3.791262,-2.2338,-0.6121
BiancaGolden_CircleTurns,-423.6927,-60.2616,202.5901,3.3137,0.3962,9.7829,0.9744,0.1364,-0.1790,0.9980,101,3.804132,-2.2369,-0.6026
BiancaGolden_CircleTurns,-424.0204,-59.2795,202.4286,3.1715,0.2734,9.5503,0.9739,0.1337,-0.1832,0.9980,102,3.820178,-2.2402,-0.5928
BiancaGolden_CircleTurns,-424.3319,-58.2667,202.3804,3.0022,0.0314,9.3709,0.9728,0.1351,-0.1880,0.9980,102,3.833088,-2.2433,-0.5827
BiancaGolden_CircleTurns,-424.6298,-57.2008,202.5286,2.5968,-0.2110,9.1109,0.9718,0.1334,-0.1945,0.9980,103,3.846953,-2.2463,-0.5720
BiancaGolden_CircleTurns,-424.9392,-56.1452,202.7015,1.9963,-0.2637,8.7639,0.9728,0.1261,-0.1943,0.9980,103,3.860581,-2.2494,-0.5615
BiancaGolden_CircleTurns,-425.2982,-55.1263,202.6653,1.3873,-0.2420,8.2165,0.9733,0.1232,-0.1939,0.9980,103,3.874768,-2.2530,-0.5513
BiancaGolden_CircleTurns,-425.6129,-54.1481,202.5194,1.1592,-0.3673,7.7853,0.9751,0.1170,-0.1885,0.9980,104,3.888364,-2.2561,-0.5415
BiancaGolden_CircleTurns,-425.9135,-53.1939,202.5483,1.2809,-0.3953,7.5445,0.9754,0.1165,-0.1872,0.9980,104,3.902005,-2.2591,-0.5319
BiancaGolden_CircleTurns,-426.2147,-52.1549,202.6964,1.3509,-0.3268,7.2367,0.9758,0.1140,-0.1868,0.9980,105,3.916867,-2.2621,-0.5215
BiancaGolden_CircleTurns,-426.5220,-51.1362,202.8564,1.2269,-0.2899,7.1029,0.9739,0.1128,-0.1968,0.9980,105,3.930278,-2.2652,-0.5114
BiancaGolden_CircleTurns,-426.8365,-50.1723,203.0076,1.0500,-0.4172,7.0220,0.9719,0.1239,-0.2003,0.9980,105,3.945422,-2.2684,-0.5017
BiancaGolden_CircleTurns,-427.1490,-49.2645,203.2109,0.8940,-0.6088,6.8389,0.9720,0.1194,-0.2026,0.9980,106,3.959064,-2.2715,-0.4926
BiancaGolden_CircleTurns,-427.4670,-48.3930,203.3909,0.8750,-0.8259,6.5449,0.9717,0.1170,-0.2054,0.9980,106,3.974657,-2.2747,-0.4839
BiancaGolden_CircleTurns,-427.7501,-47.5451,203.5579,1.0183,-1.0050,6.3140,0.9735,0.1117,-0.1995,0.9980,107,3.987400,-2.2775,-0.4755
BiancaGolden_CircleTurns,-428.0241,-46.6959,203.7175,1.2962,-1.0038,6.1557,0.9737,0.1104,-0.1995,0.9980,107,4.000681,-2.2802,-0.4670
BiancaGolden_CircleTurns,-428.2853,-45.8639,203.8835,1.4844,-1.0031,6.1168,0.9752,0.1061,-0.1941,0.9980,108,4.014945,-2.2829,-0.4586
BiancaGolden_CircleTurns,-428.5283,-45.0518,204.0660,1.5724,-0.9446,6.1445,0.9757,0.1079,-0.1906,0.9980,108,4.028639,-2.2853,-0.4505
BiancaGolden_CircleTurns,-428.7540,-44.2973,204.2564,1.6207,-0.8152,6.2275,0.9759,0.1094,-0.1886,0.9980,108,4.042524,-2.2875,-0.4430
BiancaGolden_CircleTurns,-428.9747,-43.5920,204.3986,1.5726,-0.6900,6.2876,0.9690,0.1154,-0.2184,0.9980,109,4.055934,-2.2897,-0.4359
BiancaGolden_CircleTurns,-429.1952,-42.9330,204.4888,1.5657,-0.5898,6.2865,0.9620,0.1226,-0.2441,0.9980,109,4.069088,-2.2920,-0.4293
BiancaGolden_CircleTurns,-429.4286,-42.3385,204.5333,1.6806,-0.5706,6.2863,0.9621,0.1209,-0.2445,0.9980,110,4.085037,-2.2943,-0.4234
BiancaGolden_CircleTurns,-429.6506,-41.7764,204.5848,1.7924,-0.5925,6.2141,0.9604,0.1216,-0.2505,0.9980,110,4.097954,-2.2965,-0.4178
BiancaGolden_CircleTurns,-429.8719,-41.2624,204.6692,1.9469,-0.6548,6.1613,0.9605,0.1177,-0.2522,0.9980,110,4.112029,-2.2987,-0.4126
BiancaGolden_CircleTurns,-430.0999,-40.7591,204.7345,2.1404,-0.6588,6.1346,0.9606,0.1148,-0.2533,0.9980,111,4.125648,-2.3010,-0.4076
BiancaGolden_CircleTurns,-430.3342,-40.3387,204.7447,2.2823,-0.7243,6.1325,0.9616,0.1140,-0.2495,0.9980,111,4.138778,-2.3033,-0.4034
BiancaGolden_CircleTurns,-430.5753,-39.9548,204.7711,2.3833,-0.8089,6.0929,0.9609,0.1162,-0.2512,0.9980,112,4.153992,-2.3058,-0.3995
BiancaGolden_CircleTurns,-430.8327,-39.5919,204.7854,2.4324,-0.8993,5.9853,0.9602,0.1131,-0.2554,0.9980,112,4.167460,-2.3083,-0.3959
BiancaGolden_CircleTurns,-431.1284,-39.3091,204.7117,2.4296,-1.1473,5.8018,0.9581,0.1109,-0.2642,0.9980,113,4.182484,-2.3113,-0.3931
BiancaGolden_CircleTurns,-431.4223,-39.0545,204.6343,2.5114,-1.4278,5.7150,0.9573,0.1078,-0.2684,0.9980,113,4.195765,-2.3142,-0.3905
BiancaGolden_CircleTurns,-431.7363,-38.8039,204.5721,2.4527,-1.6787,5.5784,0.9559,0.1047,-0.2744,0.9980,113,4.209722,-2.3174,-0.3880
BiancaGolden_CircleTurns,-432.0494,-38.5762,204.5518,2.2172,-1.8941,5.3876,0.9560,0.1030,-0.2747,0.9980,114,4.223164,-2.3205,-0.3858
BiancaGolden_CircleTurns,-432.3807,-38.3851,204.5439,1.9035,-2.0569,5.1803,0.9558,0.1030,-0.2755,0.9980,114,4.236200,-2.3238,-0.3839
BiancaGolden_CircleTurns,-432.7064,-38.2124,204.5284,1.6000,-2.1241,5.0119,0.9556,0.1012,-0.2766,0.9980,115,4.251250,-2.3271,-0.3821
BiancaGolden_CircleTurns,-433.0428,-38.0783,204.4911,1.3818,-2.1781,4.8523,0.9567,0.1008,-0.2729,0.9980,115,4.264929,-2.3304,-0.3808
BiancaGolden_CircleTurns,-433.3911,-37.9576,204.4512,1.2473,-2.1836,4.7831,0.9581,0.0954,-0.2700,0.9980,116,4.280034,-2.3339,-0.3796
BiancaGolden_CircleTurns,-433.7524,-37.8529,204.4223,1.0983,-2.1825,4.7115,0.9592,0.0949,-0.2662,0.9980,116,4.293226,-2.3375,-0.3785
BiancaGolden_CircleTurns,-434.1277,-37.7734,204.3746,0.9262,-2.2141,4.6347,0.9620,0.0952,-0.2560,0.9980,116,4.307278,-2.3413,-0.3777
BiancaGolden_CircleTurns,-434.4926,-37.7303,204.3271,0.8646,-2.2623,4.6144,0.9612,0.0974,-0.2579,0.9980,117,4.321220,-2.3449,-0.3773
BiancaGolden_CircleTurns,-434.8679,-37.6919,204.2751,0.8240,-2.3780,4.6473,0.9604,0.0987,-0.2606,0.9980,117,4.333805,-2.3487,-0.3769
BiancaGolden_CircleTurns,-435.2593,-37.6662,204.2246,0.7084,-2.5390,4.7066,0.9592,0.0966,-0.2659,0.9980,118,4.348537,-2.3526,-0.3767
BiancaGolden_CircleTurns,-435.6408,-37.6657,204.1618,0.5445,-2.7604,4.7282,0.9576,0.0970,-0.2712,0.9980,118,4.362240,-2.3564,-0.3767
BiancaGolden_CircleTurns,-436.0111,-37.6912,204.0913,0.3188,-3.0121,4.7104,0.9565,0.0921,-0.2768,0.9980,118,4.376580,-2.3601,-0.3769
BiancaGolden_CircleTurns,-436.3705,-37.7452,204.0214,0.1067,-3.2932,4.6647,0.9385,0.0751,-0.3369,0.9980,119,4.391191,-2.3637,-0.3775
BiancaGolden_CircleTurns,-436.7302,-37.7985,203.9322,-0.0636,-3.5599,4.6294,0.9364,0.0759,-0.3426,0.9980,119,4.403528,-2.3673,-0.3780
BiancaGolden_CircleTurns,-437.0611,-37.9090,203.8551,-0.2126,-3.9200,4.6525,0.9221,0.0709,-0.3805,0.9980,120,4.418512,-2.3706,-0.3791
BiancaGolden_CircleTurns,-437.3875,-38.0254,203.7425,-0.3880,-4.1903,4.6647,0.9185,0.0762,-0.3880,0.9980,120,4.431938,-2.3739,-0.3803
BiancaGolden_CircleTurns,-437.6855,-38.1917,203.5964,-0.5992,-4.5465,4.6327,0.9172,0.0717,-0.3919,0.9980,121,4.446841,-2.3769,-0.3819
BiancaGolden_CircleTurns,-437.9722,-38.3684,203.4843,-0.7710,-4.8897,4.6052,0.9157,0.0781,-0.3942,0.9980,121,4.460170,-2.3797,-0.3837
BiancaGolden_CircleTurns,-438.2388,-38.5677,203.4060,-0.9799,-5.2540,4.5150,0.9142,0.0713,-0.3990,0.9980,121,4.477156,-2.3824,-0.3857
BiancaGolden_CircleTurns,-438.4857,-38.7918,203.3507,-1.1594,-5.6648,4.4582,0.9123,0.0711,-0.4034,0.9980,122,4.488476,-2.3849,-0.3879
BiancaGolden_CircleTurns,-438.6909,-39.0122,203.3335,-1.3611,-5.9512,4.3922,0.9121,0.0741,-0.4031,0.9980,122,4.500867,-2.3869,-0.3901
BiancaGolden_CircleTurns,-438.9151,-39.2484,203.2434,-1.5850,-6.2604,4.3285,0.9117,0.0737,-0.4043,0.9980,123,4.516428,-2.3892,-0.3925
BiancaGolden_CircleTurns,-439.0707,-39.5279,203.1371,-1.7911,-6.5557,4.2945,0.9158,0.0739,-0.3948,0.9980,123,4.529344,-2.3907,-0.3953
BiancaGolden_CircleTurns,-439.2422,-39.7775,203.0482,-2.1111,-6.6779,4.2108,0.9163,0.0739,-0.3937,0.9980,123,4.543915,-2.3924,-0.3978
BiancaGolden_CircleTurns,-439.4679,-39.9937,202.8297,-2.5214,-6.7984,4.0910,0.9155,0.0746,-0.3953,0.9980,124,4.557413,-2.3947,-0.3999
BiancaGolden_CircleTurns,-439.7220,-40.2022,202.5063,-2.9937,-6.9586,4.0017,0.9147,0.0726,-0.3976,0.9980,124,4.570487,-2.3972,-0.4020
BiancaGolden_CircleTurns,-440.0076,-40.3658,202.1376,-3.5887,-7.2421,3.8874,0.9116,0.0746,-0.4042,0.9980,125,4.585377,-2.4001,-0.4037
BiancaGolden_CircleTurns,-440.3367,-40.4774,201.8463,-4.3414,-7.6655,3.7965,0.9142,0.0763,-0.3980,0.9980,125,4.599101,-2.4034,-0.4048
BiancaGolden_CircleTurns,-440.5365,-40.6591,201.8131,-4.8178,-8.1290,3.8220,0.9168,0.0806,-0.3911,0.9980,126,4.613455,-2.4054,-0.4066
BiancaGolden_CircleTurns,-440.7465,-40.8168,201.9555,-5.1816,-8.4681,3.7876,0.9137,0.0858,-0.3973,0.9980,126,4.626966,-2.4075,-0.4082
BiancaGolden_CircleTurns,-440.9690,-40.9547,202.1080,-5.5890,-8.8629,3.7743,0.8894,0.0964,-0.4468,0.9980,126,4.641239,-2.4097,-0.4095
BiancaGolden_CircleTurns,-441.3026,-41.0136,202.0396,-5.9861,-9.4361,3.7300,0.8834,0.0993,-0.4580,0.9980,127,4.654677,-2.4130,-0.4101
BiancaGolden_CircleTurns,-441.7214,-41.0189,201.7952,-6.4329,-10.0717,3.7260,0.8769,0.1014,-0.4698,0.9980,127,4.667881,-2.4172,-0.4102
BiancaGolden_CircleTurns,-442.1875,-40.9458,201.5323,-6.8249,-10.7367,3.7401,0.8714,0.1067,-0.4788,0.9980,128,4.683055,-2.4219,-0.4095
BiancaGolden_CircleTurns,-442.6616,-40.7996,201.4522,-7.2775,-11.5999,3.8125,0.8729,0.1082,-0.4757,0.9980,128,4.696640,-2.4266,-0.4080
BiancaGolden_CircleTurns,-443.0890,-40.6755,201.5044,-7.5135,-12.0761,3.9253,0.8803,0.1063,-0.4623,0.9980,128,4.711058,-2.4309,-0.4068
BiancaGolden_CircleTurns,-443.4776,-40.5221,201.6382,-7.6317,-12.3476,4.0645,0.8874,0.1076,-0.4482,0.9980,129,4.724706,-2.4348,-0.4052
BiancaGolden_CircleTurns,-443.8141,-40.3271,201.8025,-7.5481,-12.2341,4.2536,0.8941,0.1018,-0.4362,0.9980,129,4.737567,-2.4381,-0.4033
BiancaGolden_CircleTurns,-444.1305,-40.0994,201.9236,-7.4009,-11.9658,4.3279,0.8972,0.1007,-0.4299,0.9980,130,4.752971,-2.4413,-0.4010
BiancaGolden_CircleTurns,-444.4180,-39.8638,202.0180,-7.1419,-11.5534,4.3124,0.9041,0.0969,-0.4162,0.9980,130,4.766116,-2.4442,-0.3986
BiancaGolden_CircleTurns,-444.6913,-39.6108,202.0596,-6.7593,-11.0115,4.1283,0.9146,0.0911,-0.3940,0.9980,131,4.780295,-2.4469,-0.3961
BiancaGolden_CircleTurns,-444.9851,-39.3402,202.0772,-6.4530,-10.6433,3.9460,0.9164,0.0866,-0.3907,0.9980,131,4.794136,-2.4499,-0.3934
BiancaGolden_CircleTurns,-445.2898,-38.9859,202.0020,-6.0442,-10.4811,3.7050,0.9158,0.0836,-0.3930,0.9980,131,4.808741,-2.4529,-0.3899
BiancaGolden_CircleTurns,-445.5544,-38.6357,201.9900,-5.6861,-10.5179,3.5929,0.9125,0.0745,-0.4022,0.9980,132,4.821969,-2.4555,-0.3864
BiancaGolden_CircleTurns,-445.8813,-38.2065,201.9732,-5.3670,-10.8191,3.5338,0.9102,0.0731,-0.4076,0.9980,132,4.835709,-2.4588,-0.3821
BiancaGolden_CircleTurns,-446.1430,-37.7929,201.9739,-5.1857,-11.1529,3.4955,0.9027,0.0613,-0.4258,0.9980,133,4.850261,-2.4614,-0.3779
BiancaGolden_CircleTurns,-446.4332,-37.3448,201.9567,-4.9947,-11.6037,3.4678,0.9002,0.0559,-0.4319,0.9980,133,4.863954,-2.4643,-0.3734
BiancaGolden_CircleTurns,-446.6809,-36.8617,201.9249,-4.7243,-11.9730,3.4414,0.9049,0.0267,-0.4249,0.9980,133,4.878092,-2.4668,-0.3686
BiancaGolden_CircleTurns,-446.9258,-36.3624,201.8993,-4.4290,-12.2766,3.3783,0.9144,0.0066,-0.4047,0.9980,134,4.891612,-2.4693,-0.3636
BiancaGolden_CircleTurns,-447.1487,-35.8427,201.8599,-4.1324,-12.5203,3.2538,0.9097,-0.0047,-0.4153,0.9980,134,4.904652,-2.4715,-0.3584
BiancaGolden_CircleTurns,-447.3046,-35.3092,201.8343,-3.8287,-12.6503,3.1079,0.9089,-0.0081,-0.4169,0.9980,135,4.919624,-2.4730,-0.3531
BiancaGolden_CircleTurns,-447.4575,-34.7660,201.8345,-3.5598,-12.7677,2.9591,0.9086,-0.0246,-0.4169,0.9980,135,4.933186,-2.4746,-0.3477
BiancaGolden_CircleTurns,-447.5616,-34.1527,201.8265,-3.3762,-12.7584,2.7019,0.9092,-0.0281,-0.4155,0.9980,136,4.947428,-2.4756,-0.3415
BiancaGolden_CircleTurns,-447.6443,-33.5137,201.8370,-3.1983,-12.6828,2.5186,0.9081,-0.0197,-0.4184,0.9980,136,4.961047,-2.4764,-0.3351
BiancaGolden_CircleTurns,-447.6828,-32.8375,201.8440,-3.0788,-12.4500,2.3905,0.9198,-0.0075,-0.3923,0.9980,137,4.979490,-2.4768,-0.3284
BiancaGolden_CircleTurns,-447.7021,-32.1376,201.8153,-2.9847,-12.0967,2.2645,0.9124,0.0292,-0.4083,0.9980,137,4.989424,-2.4770,-0.3214
BiancaGolden_CircleTurns,-447.6970,-31.3954,201.8041,-2.9651,-11.8527,2.1219,0.9181,0.0343,-0.3949,0.9980,137,5.005774,-2.4770,-0.3140
BiancaGolden_CircleTurns,-447.6744,-30.6346,201.8144,-2.8265,-11.6613,1.9769,0.9192,0.0320,-0.3924,0.9980,138,5.019886,-2.4767,-0.3063
BiancaGolden_CircleTurns,-447.6388,-29.8229,201.8150,-2.6548,-11.5050,1.8687,0.9174,0.0374,-0.3962,0.9980,138,5.031706,-2.4764,-0.2982
BiancaGolden_CircleTurns,-447.5537,-28.9811,201.7832,-2.4198,-11.3018,1.8090,0.9185,0.0399,-0.3935,0.9980,139,5.046458,-2.4755,-0.2898
BiancaGolden_CircleTurns,-447.4620,-28.0993,201.7297,-2.2653,-11.1209,1.7679,0.9199,0.0387,-0.3902,0.9980,139,5.059892,-2.4746,-0.2810
BiancaGolden_CircleTurns,-447.3532,-27.1869,201.6888,-2.0876,-10.9172,1.7290,0.9189,0.0390,-0.3925,0.9980,139,5.074255,-2.4735,-0.2719
BiancaGolden_CircleTurns,-447.2601,-26.2374,201.6423,-2.0271,-10.7877,1.7311,0.9193,0.0391,-0.3915,0.9980,140,5.087546,-2.4726,-0.2624
BiancaGolden_CircleTurns,-447.1264,-25.2654,201.6553,-2.0162,-10.7455,1.7621,0.9164,0.0494,-0.3972,0.9980,140,5.100467,-2.4713,-0.2527
BiancaGolden_CircleTurns,-446.9626,-24.2823,201.7211,-2.0502,-10.7633,1.7666,0.9165,0.0497,-0.3970,0.9980,141,5.115304,-2.4696,-0.2428
BiancaGolden_CircleTurns,-446.7877,-23.2751,201.7672,-2.1219,-10.7483,1.7649,0.9157,0.0449,-0.3994,0.9980,141,5.128899,-2.4679,-0.2328
BiancaGolden_CircleTurns,-446.6390,-22.2622,201.7273,-2.2652,-10.7850,1.6904,0.9153,0.0444,-0.4003,0.9980,141,5.143052,-2.4664,-0.2226
BiancaGolden_CircleTurns,-446.5029,-21.2658,201.6667,-2.3251,-10.8437,1.6409,0.9149,0.0393,-0.4017,0.9980,142,5.156682,-2.4650,-0.2127
BiancaGolden_CircleTurns,-446.3469,-20.2925,201.6256,-2.2148,-10.9088,1.5363,0.9147,0.0369,-0.4024,0.9980,142,5.169934,-2.4635,-0.2029
BiancaGolden_CircleTurns,-446.1874,-19.3184,201.5821,-2.0930,-10.9591,1.3924,0.9074,0.0238,-0.4196,0.9980,143,5.184758,-2.4619,-0.1932
BiancaGolden_CircleTurns,-446.0236,-18.3541,201.5204,-1.8880,-11.1179,1.2436,0.9061,0.0215,-0.4225,0.9980,143,5.198618,-2.4602,-0.1835
BiancaGolden_CircleTurns,-445.8863,-17.3765,201.4697,-1.7747,-11.2874,1.1175,0.9024,0.0183,-0.4304,0.9980,144,5.212536,-2.4589,-0.1738
BiancaGolden_CircleTurns,-445.7721,-16.4233,201.3957,-1.6425,-11.5043,1.0299,0.9025,0.0132,-0.4305,0.9980,144,5.225935,-2.4577,-0.1642
BiancaGolden_CircleTurns,-445.6724,-15.4967,201.3118,-1.4971,-11.7546,0.9639,0.8987,0.0092,-0.4384,0.9980,144,5.240090,-2.4567,-0.1550
BiancaGolden_CircleTurns,-445.5884,-14.6036,201.2341,-1.3740,-12.1231,0.8424,0.8970,0.0059,-0.4419,0.9980,145,5.254084,-2.4559,-0.1460
BiancaGolden_CircleTurns,-445.4941,-13.7399,201.1868,-1.3019,-12.5373,0.6729,0.8944,0.0028,-0.4472,0.9980,145,5.266743,-2.4549,-0.1374
BiancaGolden_CircleTurns,-445.4088,-12.8871,201.1559,-1.3338,-12.8720,0.4655,0.8921,-0.0008,-0.4518,0.9980,146,5.282027,-2.4541,-0.1289
BiancaGolden_CircleTurns,-445.3033,-12.0895,201.1464,-1.3588,-13.1603,0.2297,0.8909,0.0000,-0.4543,0.9980,146,5.295949,-2.4530,-0.1209
BiancaGolden_CircleTurns,-445.1929,-11.3038,201.1684,-1.3249,-13.3535,0.0512,0.8934,-0.0011,-0.4492,0.9980,146,5.310158,-2.4519,-0.1130
BiancaGolden_CircleTurns,-445.0643,-10.5419,201.2016,-1.2715,-13.4479,-0.1241,0.8946,-0.0060,-0.4468,0.9980,147,5.323045,-2.4506,-0.1054
BiancaGolden_CircleTurns,-444.9127,-9.8327,201.2760,-1.1368,-13.3781,-0.2736,0.8969,-0.0089,-0.4421,0.9980,147,5.336249,-2.4491,-0.0983
BiancaGolden_CircleTurns,-444.7473,-9.1719,201.3553,-0.8760,-13.0808,-0.3912,0.9018,-0.0118,-0.4320,0.9980,148,5.351528,-2.4475,-0.0917
BiancaGolden_CircleTurns,-444.5850,-8.5198,201.4620,-0.6373,-12.7809,-0.5443,0.9086,-0.0178,-0.4173,0.9980,148,5.365194,-2.4459,-0.0852
BiancaGolden_CircleTurns,-444.4081,-7.8775,201.5832,-0.3807,-12.4623,-0.7306,0.9116,-0.0225,-0.4104,0.9980,148,5.379035,-2.4441,-0.0788
BiancaGolden_CircleTurns,-444.2189,-7.3180,201.7470,-0.0428,-12.0841,-0.9342,0.9146,-0.0271,-0.4035,0.9980,149,5.392688,-2.4422,-0.0732
BiancaGolden_CircleTurns,-444.0380,-6.7585,201.8800,0.2845,-11.8301,-1.1661,0.9137,-0.0226,-0.4058,0.9980,149,5.405895,-2.4404,-0.0676
BiancaGolden_CircleTurns,-443.9152,-6.2536,201.9658,0.5968,-11.7779,-1.4215,0.9135,-0.0265,-0.4059,0.9980,150,5.421616,-2.4392,-0.0625
BiancaGolden_CircleTurns,-443.7750,-5.7543,202.0731,0.8552,-11.7885,-1.6018,0.9118,-0.0306,-0.4095,0.9980,150,5.435089,-2.4377,-0.0575
BiancaGolden_CircleTurns,-443.5966,-5.2645,202.2195,0.9919,-11.8958,-1.8324,0.9070,-0.0379,-0.4194,0.9980,151,5.449080,-2.4360,-0.0526
BiancaGolden_CircleTurns,-443.4092,-4.7753,202.3625,1.0349,-11.9324,-2.0189,0.9070,-0.0394,-0.4193,0.9980,151,5.462586,-2.4341,-0.0478
BiancaGolden_CircleTurns,-443.2155,-4.3148,202.4502,0.8847,-11.9321,-2.1422,0.9070,-0.0322,-0.4200,0.9980,152,5.480093,-2.4322,-0.0431
BiancaGolden_CircleTurns,-443.0258,-3.8587,202.5031,0.7933,-11.8416,-2.2372,0.9080,-0.0292,-0.4181,0.9980,152,5.490977,-2.4303,-0.0386
BiancaGolden_CircleTurns,-442.8223,-3.4122,202.5513,0.6803,-11.7445,-2.2996,0.9091,-0.0288,-0.4156,0.9980,152,5.504193,-2.4282,-0.0341
BiancaGolden_CircleTurns,-442.5858,-2.9815,202.5977,0.4769,-11.5647,-2.2954,0.9092,-0.0257,-0.4155,0.9980,153,5.517981,-2.4259,-0.0298
BiancaGolden_CircleTurns,-442.3429,-2.5643,202.6336,0.2806,-11.3882,-2.2385,0.9081,-0.0174,-0.4183,0.9980,153,5.530740,-2.4234,-0.0256
BiancaGolden_CircleTurns,-442.1002,-2.1594,202.6498,0.1368,-11.2769,-2.1671,0.9075,-0.0138,-0.4199,0.9980,154,5.545966,-2.4210,-0.0216
BiancaGolden_CircleTurns,-441.8392,-1.7963,202.6979,0.1209,-11.2285,-2.0754,0.9089,-0.0112,-0.4169,0.9980,154,5.559778,-2.4184,-0.0180
BiancaGolden_CircleTurns,-441.5878,-1.3740,202.5763,0.1338,-11.0411,-1.9031,0.9036,-0.0059,-0.4283,0.9980,154,5.573446,-2.4159,-0.0137
BiancaGolden_CircleTurns,-441.3032,-1.0675,202.5683,-0.2768,-11.5512,-1.6265,0.9040,-0.0051,-0.4274,0.9980,155,5.587613,-2.4130,-0.0107
BiancaGolden_CircleTurns,-440.9471,-0.7531,202.5934,0.3383,-11.4836,-1.4088,0.9028,-0.0046,-0.4299,0.9980,155,5.600947,-2.4095,-0.0075
BiancaGolden_CircleTurns,-440.6705,-0.4098,202.5175,0.3831,-11.5043,-1.3532,0.9016,-0.0028,-0.4326,0.9980,156,5.615331,-2.4067,-0.0041
BiancaGolden_CircleTurns,-440.3641,-0.0877,202.4606,0.3292,-11.6092,-1.1191,0.9010,-0.0032,-0.4338,0.9980,156,5.629499,-2.4036,-0.0009
BiancaGolden_CircleTurns,-440.0549,0.2365,202.4221,0.1586,-11.7277,-0.9626,0.8999,0.0014,-0.4361,0.9980,156,5.643587,-2.4005,0.0024
BiancaGolden_CircleTurns,-439.7099,0.4825,202.4196,0.0534,-11.8701,-0.7019,0.9000,0.0010,-0.4358,0.9980,157,5.656910,-2.3971,0.0048
BiancaGolden_CircleTurns,-439.3417,0.7236,202.4364,0.0079,-11.9582,-0.5055,0.8992,0.0002,-0.4376,0.9980,157,5.670191,-2.3934,0.0072
BiancaGolden_CircleTurns,-438.9689,0.9495,202.4400,0.0836,-11.9810,-0.3192,0.9007,0.0004,-0.4344,0.9980,158,5.685002,-2.3897,0.0095
BiancaGolden_CircleTurns,-438.5848,1.1620,202.4150,0.2930,-11.9231,-0.0949,0.9005,0.0045,-0.4349,0.9980,158,5.698448,-2.3858,0.0116
BiancaGolden_CircleTurns,-438.1986,1.3514,202.3661,0.4029,-11.9531,0.1937,0.9006,0.0034,-0.4347,0.9980,159,5.713146,-2.3820,0.0135
BiancaGolden_CircleTurns,-437.7931,1.5358,202.3320,0.4775,-11.9921,0.5059,0.9001,0.0082,-0.4356,0.9980,159,5.726676,-2.3779,0.0154
BiancaGolden_CircleTurns,-437.3853,1.6751,202.3189,0.5437,-12.0499,0.8311,0.8979,0.0107,-0.4400,0.9980,159,5.740775,-2.3739,0.0168
BiancaGolden_CircleTurns,-436.9779,1.8084,202.2908,0.5600,-12.0724,1.1451,0.8973,0.0028,-0.4414,0.9980,160,5.754686,-2.3698,0.0181
BiancaGolden_CircleTurns,-436.5769,1.9209,202.2371,0.5872,-12.1534,1.4263,0.8966,0.0076,-0.4429,0.9980,160,5.767732,-2.3658,0.0192
BiancaGolden_CircleTurns,-436.1525,2.0121,202.1655,0.5740,-12.2463,1.7259,0.8963,0.0116,-0.4432,0.9980,161,5.782803,-2.3615,0.0201
BiancaGolden_CircleTurns,-435.7129,2.0777,202.1074,0.5894,-12.2708,1.9982,0.9004,0.0059,-0.4349,0.9980,161,5.796552,-2.3571,0.0208
BiancaGolden_CircleTurns,-435.2713,2.1247,202.0381,0.5228,-12.2727,2.2823,0.9008,0.0104,-0.4341,0.9980,161,5.810765,-2.3527,0.0212
BiancaGolden_CircleTurns,-434.8200,2.1418,201.9678,0.4330,-12.3265,2.5536,0.8997,0.0091,-0.4364,0.9980,162,5.824108,-2.3482,0.0214
BiancaGolden_CircleTurns,-434.3577,2.1146,201.9711,0.4816,-12.4864,2.6372,0.9003,-0.0003,-0.4353,0.9980,162,5.837584,-2.3436,0.0211
BiancaGolden_CircleTurns,-433.8563,2.0523,201.8761,0.3527,-12.4592,2.7748,0.8989,-0.0064,-0.4382,0.9980,163,5.852675,-2.3386,0.0205
BiancaGolden_CircleTurns,-433.4243,1.9598,201.7592,0.0079,-12.6551,2.6416,0.8975,-0.0090,-0.4409,0.9980,163,5.866666,-2.3342,0.0196
BiancaGolden_CircleTurns,-432.8977,1.8811,201.7232,-0.0578,-12.8051,2.4619,0.8969,-0.0217,-0.4417,0.9980,164,5.881120,-2.3290,0.0188
BiancaGolden_CircleTurns,-432.3453,1.7854,201.7261,-0.1321,-12.8536,2.2463,0.8960,-0.0246,-0.4434,0.9980,164,5.894202,-2.3235,0.0179
BiancaGolden_CircleTurns,-431.7505,1.7258,201.7505,-0.3429,-12.7903,2.0035,0.8962,-0.0260,-0.4430,0.9980,164,5.908545,-2.3175,0.0173
BiancaGolden_CircleTurns,-431.1107,1.6928,201.8024,-0.6000,-12.7489,1.8480,0.8974,-0.0259,-0.4404,0.9980,165,5.922162,-2.3111,0.0169
BiancaGolden_CircleTurns,-430.4287,1.6762,201.8999,-0.9941,-12.5611,1.7487,0.8997,-0.0155,-0.4361,0.9980,165,5.935170,-2.3043,0.0168
BiancaGolden_CircleTurns,-429.7348,1.6373,201.9419,-1.2991,-12.4100,1.7428,0.9004,-0.0141,-0.4348,0.9980,166,5.950247,-2.2973,0.0164
BiancaGolden_CircleTurns,-429.0491,1.6232,201.9096,-1.4245,-12.2980,1.8059,0.8998,-0.0121,-0.4361,0.9980,166,5.963879,-2.2905,0.0162
BiancaGolden_CircleTurns,-428.3644,1.5972,201.8571,-1.4744,-12.2843,1.9159,0.8976,-0.0071,-0.4409,0.9980,167,5.981777,-2.2836,0.0160
BiancaGolden_CircleTurns,-427.6987,1.5476,201.7565,-1.4243,-12.4070,1.9987,0.8957,-0.0057,-0.4446,0.9980,167,5.992994,-2.2770,0.0155
BiancaGolden_CircleTurns,-427.0341,1.5076,201.6156,-1.3654,-12.6470,2.1034,0.8912,-0.0044,-0.4537,0.9980,167,6.005932,-2.2703,0.0151
BiancaGolden_CircleTurns,-426.4044,1.5279,201.4691,-1.4607,-13.2170,2.1786,0.8882,-0.0021,-0.4595,0.9980,168,6.020659,-2.2640,0.0153
BiancaGolden_CircleTurns,-425.7481,1.4564,201.3676,-1.2346,-13.5637,2.5066,0.8839,0.0023,-0.4677,0.9980,168,6.032825,-2.2575,0.0146
BiancaGolden_CircleTurns,-425.0933,1.4448,201.3221,-1.2120,-14.1366,2.8016,0.8825,0.0036,-0.4703,0.9980,169,6.047493,-2.2509,0.0144
BiancaGolden_CircleTurns,-424.4361,1.3966,201.2283,-1.1670,-14.4452,3.0852,0.8820,0.0045,-0.4713,0.9980,169,6.061371,-2.2444,0.0140
BiancaGolden_CircleTurns,-423.7841,1.3448,201.1740,-1.1841,-14.8552,3.2967,0.8797,0.0055,-0.4754,0.9980,169,6.075419,-2.2378,0.0134
BiancaGolden_CircleTurns,-423.1309,1.2501,201.1342,-1.0195,-15.1245,3.4134,0.8778,0.0043,-0.4790,0.9980,170,6.088583,-2.2313,0.0125
BiancaGolden_CircleTurns,-422.5040,1.1654,201.2044,-0.7657,-15.3717,3.4110,0.8798,0.0030,-0.4753,0.9980,170,6.102107,-2.2250,0.0117
BiancaGolden_CircleTurns,-421.9216,1.1212,201.1993,-0.9192,-15.4719,3.3571,0.8849,-0.0038,-0.4658,0.9980,171,6.117085,-2.2192,0.0112
BiancaGolden_CircleTurns,-421.3933,1.0732,201.2106,-1.1784,-15.5733,3.4528,0.8846,-0.0010,-0.4664,0.9980,171,6.130721,-2.2139,0.0107
BiancaGolden_CircleTurns,-420.8575,1.0135,201.2016,-1.3240,-15.6067,3.5997,0.8849,-0.0005,-0.4658,0.9980,171,6.144735,-2.2086,0.0101
BiancaGolden_CircleTurns,-420.3294,0.9805,201.1938,-1.2644,-15.5725,3.8078,0.8898,-0.0007,-0.4564,0.9980,172,6.158354,-2.2033,0.0098
BiancaGolden_CircleTurns,-419.8909,0.9598,201.1223,-1.0430,-15.4984,4.0523,0.8914,0.0025,-0.4533,0.9980,172,6.171837,-2.1989,0.0096
BiancaGolden_CircleTurns,-419.2839,0.8996,201.2027,-1.0192,-15.5463,4.2660,0.8973,0.0095,-0.4413,0.9980,173,6.186732,-2.1928,0.0090
BiancaGolden_CircleTurns,-418.8130,0.9735,201.1554,-0.9872,-15.1331,4.3608,0.9032,0.0134,-0.4291,0.9980,173,6.200649,-2.1881,0.0097
BiancaGolden_CircleTurns,-418.2088,1.0613,201.2536,-1.0733,-14.5727,4.5608,0.9087,0.0209,-0.4169,0.9980,174,6.214720,-2.1821,0.0106
BiancaGolden_CircleTurns,-417.6009,1.0162,201.3934,-1.3091,-13.7880,4.9560,0.9173,0.0238,-0.3976,0.9980,174,6.228596,-2.1760,0.0102
BiancaGolden_CircleTurns,-416.9717,1.1239,201.5570,-1.2932,-12.5640,5.1751,0.9266,0.0375,-0.3742,0.9980,174,6.242812,-2.1697,0.0112
BiancaGolden_CircleTurns,-416.2303,1.2260,201.7268,-1.5846,-11.0887,5.9065,0.9296,0.0407,-0.3663,0.9980,175,6.257648,-2.1623,0.0123
BiancaGolden_CircleTurns,-415.6855,1.5298,202.1368,-2.0605,-10.1332,5.9736,0.9395,0.0539,-0.3383,0.9980,175,6.270824,-2.1569,0.0153
BiancaGolden_CircleTurns,-415.2454,1.6102,202.1341,-2.6662,-8.3837,6.5798,0.9334,0.0492,-0.3555,0.9980,176,6.285396,-2.1525,0.0161
BiancaGolden_CircleTurns,-414.7799,1.7208,202.1622,-3.4688,-7.3579,6.5135,0.9205,0.0409,-0.3885,0.9980,176,6.298789,-2.1478,0.0172
BiancaGolden_CircleTurns,-414.3489,1.8578,202.2512,-4.0192,-7.0384,6.2178,0.8835,0.0433,-0.4664,0.9980,177,6.313696,-2.1435,0.0186
BiancaGolden_CircleTurns,-414.0467,1.9110,202.3739,-4.3664,-6.8424,6.1130,0.8837,0.0432,-0.4661,0.9980,177,6.327008,-2.1405,0.0191
BiancaGolden_CircleTurns,-413.7555,2.1767,202.5601,-4.3331,-6.8277,6.1165,0.8502,0.0787,-0.5206,0.9980,177,6.341393,-2.1376,0.0218
BiancaGolden_CircleTurns,-413.3876,2.4255,202.6671,-4.5364,-6.9067,6.3251,0.8501,0.0814,-0.5202,0.9980,178,6.353960,-2.1339,0.0243
BiancaGolden_CircleTurns,-413.0640,2.6553,202.7629,-4.6316,-6.8781,6.4569,0.8307,0.1337,-0.5404,0.9980,178,6.365874,-2.1306,0.0266
BiancaGolden_CircleTurns,-412.7691,2.8765,202.7885,-4.5820,-6.7860,6.5064,0.8316,0.1340,-0.5390,0.9980,179,6.381968,-2.1277,0.0288
BiancaGolden_CircleTurns,-412.4695,3.0915,202.8148,-4.3703,-6.6779,6.6365,0.8336,0.1301,-0.5368,0.9980,179,6.394970,-2.1247,0.0309
BiancaGolden_CircleTurns,-412.1715,3.3768,202.8290,-3.9850,-6.5226,6.5762,0.8528,0.1291,-0.5060,0.9980,179,6.408745,-2.1217,0.0338
BiancaGolden_CircleTurns,-411.9052,3.6107,202.8068,-3.6787,-6.3135,6.6256,0.8542,0.1243,-0.5048,0.9980,180,6.422283,-2.1191,0.0361
BiancaGolden_CircleTurns,-411.6367,3.9092,202.8375,-3.2103,-6.1821,6.5246,0.8963,0.1211,-0.4266,0.9980,180,6.435304,-2.1164,0.0391
BiancaGolden_CircleTurns,-411.3625,4.1439,202.7067,-2.9697,-6.2290,6.1141,0.8974,0.1278,-0.4222,0.9980,181,6.450428,-2.1136,0.0414
BiancaGolden_CircleTurns,-411.1309,4.3953,202.6340,-2.8135,-6.3095,5.7967,0.8988,0.1181,-0.4221,0.9980,181,6.464592,-2.1113,0.0440
BiancaGolden_CircleTurns,-410.8992,4.7637,202.6326,-2.6241,-6.3003,5.2408,0.9015,0.1142,-0.4174,0.9980,182,6.483051,-2.1090,0.0476
BiancaGolden_CircleTurns,-410.6641,5.0967,202.6024,-2.3560,-5.9894,5.0744,0.9048,0.1106,-0.4113,0.9980,182,6.493112,-2.1066,0.0510
BiancaGolden_CircleTurns,-410.4996,5.4867,202.6219,-2.2383,-5.5975,4.8745,0.8924,0.1231,-0.4342,0.9980,182,6.508213,-2.1050,0.0549
BiancaGolden_CircleTurns,-410.3041,5.8443,202.5982,-2.0867,-5.4383,4.6256,0.8910,0.1095,-0.4407,0.9980,183,6.521635,-2.1030,0.0584
BiancaGolden_CircleTurns,-410.1431,6.2783,202.6193,-1.9157,-5.2818,4.3432,0.8954,0.0854,-0.4369,0.9980,183,6.535415,-2.1014,0.0628
BiancaGolden_CircleTurns,-409.9969,6.7079,202.6216,-1.8011,-5.2151,4.1694,0.8964,0.0827,-0.4354,0.9980,184,6.549137,-2.1000,0.0671
BiancaGolden_CircleTurns,-409.8297,7.1923,202.6308,-1.6717,-5.1123,4.0419,0.9097,0.0842,-0.4066,0.9980,184,6.562358,-2.0983,0.0719
BiancaGolden_CircleTurns,-409.6702,7.7158,202.6708,-1.5332,-5.0104,3.9396,0.9231,0.0837,-0.3754,0.9980,184,6.576781,-2.0967,0.0772
BiancaGolden_CircleTurns,-409.5203,8.2977,202.7723,-1.7161,-4.9193,3.8430,0.9239,0.0837,-0.3734,0.9980,185,6.589794,-2.0952,0.0830
BiancaGolden_CircleTurns,-409.3476,8.8773,202.8585,-2.0397,-4.8041,3.7361,0.9375,0.0825,-0.3380,0.9980,185,6.603167,-2.0935,0.0888
BiancaGolden_CircleTurns,-409.1906,9.4932,202.8786,-2.2412,-4.6920,3.6270,0.9380,0.0782,-0.3376,0.9980,186,6.618484,-2.0919,0.0949
BiancaGolden_CircleTurns,-409.0297,10.1592,202.8322,-2.3058,-4.6613,3.6329,0.9374,0.0786,-0.3394,0.9980,186,6.631797,-2.0903,0.1016
BiancaGolden_CircleTurns,-408.8563,10.8096,202.7958,-2.1065,-4.6980,3.7244,0.9315,0.0785,-0.3552,0.9980,186,6.645638,-2.0886,0.1081
BiancaGolden_CircleTurns,-408.6546,11.5124,202.7479,-1.7898,-4.8205,3.8206,0.9301,0.0770,-0.3591,0.9980,187,6.659170,-2.0865,0.1151
BiancaGolden_CircleTurns,-408.4928,12.1860,202.6250,-1.4160,-4.9990,3.8553,0.9222,0.0750,-0.3794,0.9980,187,6.672776,-2.0849,0.1219
BiancaGolden_CircleTurns,-408.2957,12.9081,202.4630,-0.9402,-5.2352,3.8975,0.9154,0.0809,-0.3944,0.9980,188,6.688583,-2.0830,0.1291
BiancaGolden_CircleTurns,-408.0936,13.7012,202.1333,-0.4974,-5.8613,3.8083,0.8773,0.0759,-0.4740,0.9980,188,6.701674,-2.0809,0.1370
BiancaGolden_CircleTurns,-407.9759,14.4661,201.7477,-0.0121,-6.7965,3.8115,0.8391,0.0408,-0.5425,0.9980,189,6.715106,-2.0798,0.1447
BiancaGolden_CircleTurns,-407.8820,15.2316,201.3745,0.6224,-7.9179,3.8123,0.8276,0.0342,-0.5603,0.9980,189,6.729213,-2.0788,0.1523
BiancaGolden_CircleTurns,-407.7736,16.0333,200.9725,1.1569,-9.1517,3.6789,0.8251,0.0609,-0.5617,0.9980,189,6.743033,-2.0777,0.1603
BiancaGolden_CircleTurns,-407.6453,16.8357,200.5955,1.3805,-10.9368,3.4155,0.8241,0.0599,-0.5633,0.9980,190,6.756743,-2.0765,0.1684
BiancaGolden_CircleTurns,-407.5542,17.6194,200.0431,1.3736,-12.8419,2.6901,0.7981,0.0434,-0.6009,0.9980,190,6.769734,-2.0755,0.1762
BiancaGolden_CircleTurns,-407.4629,18.3506,199.6655,1.7955,-15.4853,1.7888,0.8471,-0.0220,-0.5309,0.9980,191,6.784710,-2.0746,0.1835
BiancaGolden_CircleTurns,-407.2578,19.0570,199.2873,2.5193,-17.2526,1.0917,0.8320,-0.0356,-0.5537,0.9980,191,6.798101,-2.0726,0.1906
BiancaGolden_CircleTurns,-407.1595,19.9218,198.9243,2.9504,-18.8255,0.3081,0.8252,-0.1358,-0.5483,0.9980,192,6.812727,-2.0716,0.1992
BiancaGolden_CircleTurns,-407.0638,20.7128,198.5614,3.1201,-20.2503,-0.2711,0.8159,-0.1489,-0.5588,0.9980,192,6.826181,-2.0706,0.2071
BiancaGolden_CircleTurns,-406.7836,21.5060,198.6459,3.0765,-20.9693,-1.2044,0.8273,-0.1509,-0.5412,0.9980,192,6.839994,-2.0678,0.2151
BiancaGolden_CircleTurns,-406.3541,22.2086,198.7170,2.5757,-21.0027,-1.3374,0.8744,-0.1104,-0.4725,0.9980,193,6.853345,-2.0635,0.2221
BiancaGolden_CircleTurns,-405.8885,22.9032,199.0801,1.8558,-20.3280,-2.1630,0.9236,-0.0607,-0.3785,0.9980,193,6.866600,-2.0589,0.2290
BiancaGolden_CircleTurns,-405.4202,23.6533,199.1985,1.6039,-19.5812,-3.0030,0.9275,-0.0681,-0.3675,0.9980,194,6.882086,-2.0542,0.2365
BiancaGolden_CircleTurns,-405.0428,24.2622,199.2879,1.4337,-18.9011,-3.4499,0.9440,-0.0776,-0.3207,0.9980,194,6.895398,-2.0504,0.2426
BiancaGolden_CircleTurns,-404.7123,24.9205,199.3777,1.4551,-18.6225,-3.8769,0.9630,-0.0776,-0.2582,0.9980,194,6.909914,-2.0471,0.2492
BiancaGolden_CircleTurns,-404.3676,25.5269,199.4800,1.7715,-18.4864,-4.1160,0.9628,-0.0809,-0.2580,0.9980,195,6.923193,-2.0437,0.2553
BiancaGolden_CircleTurns,-403.9832,26.1809,199.6426,2.1572,-18.4581,-4.2906,0.9594,-0.0752,-0.2720,0.9980,195,6.936317,-2.0398,0.2618
BiancaGolden_CircleTurns,-403.5934,26.8176,199.8820,2.4016,-18.4891,-4.4530,0.9595,-0.0746,-0.2718,0.9980,196,6.951492,-2.0359,0.2682
BiancaGolden_CircleTurns,-403.1346,27.4837,200.2571,2.5210,-18.4786,-4.4246,0.9546,-0.0609,-0.2917,0.9980,196,6.964834,-2.0313,0.2748
BiancaGolden_CircleTurns,-402.7076,28.1292,200.5515,2.5421,-18.4073,-4.5031,0.9547,-0.0630,-0.2909,0.9980,197,6.987440,-2.0271,0.2813
BiancaGolden_CircleTurns,-402.2859,28.7698,200.8207,2.5849,-18.3600,-4.6278,0.9564,-0.0576,-0.2862,0.9980,197,6.993793,-2.0229,0.2877
BiancaGolden_CircleTurns,-401.8070,29.4436,201.0187,2.4556,-17.9992,-4.3820,0.9538,-0.0523,-0.2957,0.9980,197,7.009414,-2.0181,0.2944
BiancaGolden_CircleTurns,-401.3034,30.1216,201.2308,2.3637,-17.6598,-4.3226,0.9560,-0.0473,-0.2897,0.9980,198,7.022074,-2.0130,0.3012
BiancaGolden_CircleTurns,-400.7749,30.8115,201.3949,2.3078,-17.2945,-4.2263,0.9584,-0.0455,-0.2820,0.9980,198,7.035801,-2.0077,0.3081
BiancaGolden_CircleTurns,-400.2671,31.4915,201.4883,2.2504,-16.9642,-4.1126,0.9597,-0.0425,-0.2779,0.9980,199,7.049505,-2.0027,0.3149
BiancaGolden_CircleTurns,-399.7701,32.1543,201.5274,2.2908,-16.7214,-3.9304,0.9588,-0.0386,-0.2814,0.9980,199,7.062923,-1.9977,0.3215
BiancaGolden_CircleTurns,-399.2519,32.8139,201.5298,2.3511,-16.6048,-3.7401,0.9589,-0.0352,-0.2817,0.9980,199,7.077509,-1.9925,0.3281
BiancaGolden_CircleTurns,-398.6893,33.5005,201.4765,2.4149,-16.6220,-3.5410,0.9587,-0.0327,-0.2826,0.9980,200,7.090487,-1.9869,0.3350
BiancaGolden_CircleTurns,-398.1191,34.1747,201.4231,2.4133,-16.6506,-3.3879,0.9581,-0.0294,-0.2850,0.9980,200,7.103649,-1.9812,0.3417
BiancaGolden_CircleTurns,-397.4618,34.8666,201.3148,2.3364,-16.7978,-3.1939,0.9514,-0.0270,-0.3066,0.9980,201,7.118963,-1.9746,0.3487
BiancaGolden_CircleTurns,-396.7627,35.5418,201.1612,2.3154,-16.9530,-2.9772,0.9507,-0.0241,-0.3092,0.9980,201,7.132899,-1.9676,0.3554
BiancaGolden_CircleTurns,-396.0694,36.2205,200.9774,2.2603,-17.1119,-2.8070,0.9467,-0.0307,-0.3207,0.9980,202,7.146206,-1.9607,0.3622
BiancaGolden_CircleTurns,-395.3447,36.8931,200.7624,2.2555,-17.2524,-2.6225,0.9456,-0.0268,-0.3241,0.9980,202,7.159884,-1.9534,0.3689
BiancaGolden_CircleTurns,-394.5921,37.5543,200.4672,2.2823,-17.4571,-2.3891,0.9429,-0.0332,-0.3315,0.9980,202,7.173538,-1.9459,0.3755
BiancaGolden_CircleTurns,-393.8281,38.2087,200.1594,2.3618,-17.6196,-2.1498,0.9424,-0.0278,-0.3334,0.9980,203,7.187237,-1.9383,0.3821
BiancaGolden_CircleTurns,-393.0169,38.8761,199.7586,2.4367,-17.7366,-1.8200,0.9428,-0.0280,-0.3321,0.9980,203,7.200261,-1.9302,0.3888
BiancaGolden_CircleTurns,-392.2006,39.5345,199.3777,2.4664,-17.7634,-1.4475,0.9433,-0.0208,-0.3312,0.9980,204,7.215194,-1.9220,0.3953
BiancaGolden_CircleTurns,-391.3603,40.1809,198.9781,2.5305,-17.7038,-1.0056,0.9434,-0.0203,-0.3310,0.9980,204,7.229468,-1.9136,0.4018
BiancaGolden_CircleTurns,-390.5338,40.8162,198.5676,2.6707,-17.5750,-0.5120,0.9429,-0.0085,-0.3328,0.9980,204,7.243225,-1.9053,0.4082
BiancaGolden_CircleTurns,-389.6719,41.3731,198.2010,2.8078,-17.4837,0.2178,0.9267,-0.0029,-0.3759,0.9980,205,7.257637,-1.8967,0.4137
BiancaGolden_CircleTurns,-388.7069,42.0033,197.9766,2.9979,-17.2221,1.1124,0.9247,-0.0571,-0.3765,0.9980,205,7.270651,-1.8871,0.4200
BiancaGolden_CircleTurns,-387.7298,42.6747,197.8971,3.1416,-16.6414,2.2410,0.9172,-0.0467,-0.3958,0.9980,206,7.284839,-1.8773,0.4267
BiancaGolden_CircleTurns,-386.7785,43.2477,197.9038,3.2672,-16.0640,3.8344,0.9197,-0.0238,-0.3920,0.9980,206,7.298261,-1.8678,0.4325
BiancaGolden_CircleTurns,-385.7935,43.8715,197.8882,3.1109,-15.2281,5.2625,0.9254,0.0004,-0.3791,0.9980,207,7.312554,-1.8579,0.4387
BiancaGolden_CircleTurns,-384.9010,44.5264,198.0230,2.4883,-14.3515,6.6330,0.9013,0.1191,-0.4165,0.9980,207,7.326707,-1.8490,0.4453
BiancaGolden_CircleTurns,-384.0052,45.0450,198.2539,1.7845,-13.6335,7.6866,0.9050,0.1345,-0.4035,0.9980,207,7.340430,-1.8401,0.4505
BiancaGolden_CircleTurns,-383.2182,45.5914,198.3166,1.2325,-12.8178,8.4958,0.8319,0.1484,-0.5346,0.9980,208,7.354371,-1.8322,0.4559
BiancaGolden_CircleTurns,-382.5068,46.1166,198.4412,0.5809,-12.2184,9.1993,0.7926,0.1755,-0.5840,0.9980,208,7.367623,-1.8251,0.4612
BiancaGolden_CircleTurns,-381.9328,46.7359,198.7093,0.3039,-12.3654,9.8519,0.7840,0.1875,-0.5918,0.9980,209,7.382368,-1.8193,0.4674
BiancaGolden_CircleTurns,-381.3554,47.3878,199.0149,-0.0403,-12.9340,10.5936,0.8396,0.2106,-0.5007,0.9980,209,7.395947,-1.8136,0.4739
BiancaGolden_CircleTurns,-380.8772,48.0250,199.1519,-0.2720,-13.3545,11.4163,0.8320,0.2236,-0.5077,0.9980,209,7.410616,-1.8088,0.4803
BiancaGolden_CircleTurns,-380.3681,48.6722,199.2707,-0.4212,-13.8243,12.3132,0.8482,0.2394,-0.4726,0.9980,210,7.424792,-1.8037,0.4867
BiancaGolden_CircleTurns,-379.8673,49.3311,199.4813,-0.5204,-14.2070,13.0578,0.8440,0.2492,-0.4750,0.9980,210,7.437168,-1.7987,0.4933
BiancaGolden_CircleTurns,-379.3087,49.9867,199.6621,-0.4004,-14.3644,13.5224,0.8422,0.2495,-0.4779,0.9980,211,7.452005,-1.7931,0.4999
BiancaGolden_CircleTurns,-378.7068,50.6579,199.9382,-0.3088,-14.5509,13.5959,0.7444,0.2401,-0.6230,0.9980,211,7.466199,-1.7871,0.5066
BiancaGolden_CircleTurns,-378.1389,51.3564,200.2289,-0.4081,-14.5317,13.8262,0.7465,0.2430,-0.6194,0.9980,212,7.485749,-1.7814,0.5136
BiancaGolden_CircleTurns,-377.5082,52.1329,200.5665,-0.5978,-14.3305,13.9720,0.7152,0.3402,-0.6105,0.9980,212,7.493949,-1.7751,0.5213
BiancaGolden_CircleTurns,-376.8800,52.8839,200.8748,-0.7598,-13.9401,14.0150,0.7168,0.3420,-0.6076,0.9980,212,7.510124,-1.7688,0.5288
BiancaGolden_CircleTurns,-376.3060,53.6238,201.0928,-0.8708,-13.7456,14.0607,0.7329,0.3825,-0.5627,0.9980,213,7.523099,-1.7631,0.5362
BiancaGolden_CircleTurns,-375.7809,54.3697,201.1262,-0.9521,-13.7697,13.8367,0.7555,0.3642,-0.5446,0.9980,213,7.536150,-1.7578,0.5437
BiancaGolden_CircleTurns,-375.2504,55.1371,201.1617,-0.9609,-14.0162,13.7247,0.7576,0.3487,-0.5518,0.9980,214,7.550596,-1.7525,0.5514
BiancaGolden_CircleTurns,-374.7633,55.9099,201.1122,-0.8108,-14.7885,13.4241,0.7614,0.3399,-0.5520,0.9980,214,7.564159,-1.7476,0.5591
BiancaGolden_CircleTurns,-374.2631,56.7018,201.0841,-0.6954,-15.4222,13.1792,0.7541,0.3295,-0.5681,0.9980,215,7.579188,-1.7426,0.5670
BiancaGolden_CircleTurns,-373.7779,57.4469,200.9490,-0.2972,-16.3923,12.8200,0.7452,0.3227,-0.5836,0.9980,215,7.591972,-1.7378,0.5745
BiancaGolden_CircleTurns,-373.3376,58.2029,200.7996,0.3502,-17.4992,12.3080,0.7370,0.3057,-0.6028,0.9980,215,7.606183,-1.7334,0.5820
BiancaGolden_CircleTurns,-372.8732,58.9680,200.6702,0.9221,-18.4778,11.7890,0.7337,0.2819,-0.6182,0.9980,216,7.619906,-1.7287,0.5897
BiancaGolden_CircleTurns,-372.3870,59.7655,200.5074,1.4968,-19.4547,11.0449,0.7597,0.2322,-0.6074,0.9980,216,7.632587,-1.7239,0.5977
BiancaGolden_CircleTurns,-371.8713,60.5637,200.3794,2.0470,-20.2469,10.2055,0.7571,0.2168,-0.6163,0.9980,217,7.647892,-1.7187,0.6056
BiancaGolden_CircleTurns,-371.3468,61.3751,200.2339,2.4364,-20.8549,9.2814,0.8353,0.1117,-0.5384,0.9980,217,7.661166,-1.7135,0.6138
BiancaGolden_CircleTurns,-370.7922,62.2369,200.0382,2.7869,-21.1043,8.1961,0.8365,0.0953,-0.5397,0.9980,217,7.675898,-1.7079,0.6224
BiancaGolden_CircleTurns,-370.2537,63.1190,199.8521,3.0835,-21.1943,7.1489,0.8949,0.0093,-0.4461,0.9980,218,7.688922,-1.7025,0.6312
BiancaGolden_CircleTurns,-369.7090,64.0046,199.6515,3.2048,-21.0202,6.0431,0.9401,-0.0902,-0.3286,0.9980,218,7.701661,-1.6971,0.6400
BiancaGolden_CircleTurns,-369.1842,64.8994,199.4128,3.4027,-20.7142,4.9428,0.9398,-0.1069,-0.3247,0.9980,219,7.717190,-1.6918,0.6490
BiancaGolden_CircleTurns,-368.7016,65.8228,199.1441,3.7367,-20.5293,3.9203,0.9384,-0.1220,-0.3232,0.9980,219,7.730358,-1.6870,0.6582
BiancaGolden_CircleTurns,-368.2388,66.7827,198.8710,4.0289,-20.4448,2.9900,0.9376,-0.1365,-0.3199,0.9980,219,7.744683,-1.6824,0.6678
BiancaGolden_CircleTurns,-367.8561,67.7764,198.5528,4.3674,-20.3012,2.0936,0.9365,-0.1508,-0.3166,0.9980,220,7.758510,-1.6786,0.6778
BiancaGolden_CircleTurns,-367.4862,68.7904,198.2418,4.7048,-20.1584,1.2078,0.9383,-0.1350,-0.3185,0.9980,220,7.771509,-1.6749,0.6879
BiancaGolden_CircleTurns,-367.0975,69.8149,197.9688,5.0537,-20.0345,0.3307,0.9381,-0.1483,-0.3129,0.9980,221,7.787372,-1.6710,0.6981
BiancaGolden_CircleTurns,-366.7142,70.9466,197.8463,5.3844,-19.7369,-0.4894,0.9413,-0.1481,-0.3032,0.9980,221,7.800500,-1.6671,0.7095
BiancaGolden_CircleTurns,-366.3300,72.0603,197.7213,5.5790,-19.5517,-1.3502,0.9442,-0.1388,-0.2986,0.9980,222,7.814335,-1.6633,0.7206
BiancaGolden_CircleTurns,-366.0035,73.2244,197.5915,5.6813,-19.2755,-2.0454,0.9488,-0.1320,-0.2868,0.9980,222,7.828622,-1.6600,0.7322
BiancaGolden_CircleTurns,-365.6872,74.4108,197.4385,5.7764,-18.8573,-2.5685,0.9513,-0.1390,-0.2752,0.9980,222,7.842324,-1.6569,0.7441
BiancaGolden_CircleTurns,-365.3683,75.6950,197.4067,5.6567,-18.1501,-2.9783,0.9566,-0.1094,-0.2703,0.9980,223,7.855920,-1.6537,0.7570
BiancaGolden_CircleTurns,-365.0207,77.0191,197.4264,5.3979,-17.1147,-3.2017,0.9610,-0.1110,-0.2533,0.9980,223,7.868907,-1.6502,0.7702
BiancaGolden_CircleTurns,-364.6748,78.3542,197.4972,4.9697,-16.0716,-3.3780,0.9667,-0.1088,-0.2317,0.9980,224,7.884102,-1.6467,0.7835
BiancaGolden_CircleTurns,-364.2591,79.7410,197.8038,4.1520,-14.7507,-3.2077,0.9700,-0.0836,-0.2284,0.9980,224,7.897815,-1.6426,0.7974
BiancaGolden_CircleTurns,-363.9587,81.1067,198.0402,3.3168,-13.2686,-3.2007,0.9739,-0.0838,-0.2111,0.9980,224,7.912120,-1.6396,0.8111
BiancaGolden_CircleTurns,-363.7682,82.4282,198.1480,2.6640,-12.2306,-3.2002,0.9725,-0.0806,-0.2183,0.9980,225,7.926153,-1.6377,0.8243
BiancaGolden_CircleTurns,-363.5818,83.6852,198.2389,2.3825,-11.4684,-3.2534,0.9672,-0.0481,-0.2494,0.9980,225,7.939134,-1.6358,0.8369
BiancaGolden_CircleTurns,-363.4204,84.9527,198.3573,2.2353,-10.9651,-3.4952,0.9568,-0.0119,-0.2905,0.9980,226,7.953901,-1.6342,0.8495
BiancaGolden_CircleTurns,-363.2837,86.1586,198.5573,2.2738,-10.9063,-3.6673,0.9429,-0.0005,-0.3330,0.9980,226,7.967909,-1.6328,0.8616
BiancaGolden_CircleTurns,-363.1380,87.3352,198.8596,2.7040,-11.4718,-3.7526,0.9295,-0.0008,-0.3687,0.9980,227,7.984854,-1.6314,0.8734
BiancaGolden_CircleTurns,-362.9565,88.5220,199.2360,2.9974,-12.1528,-3.8179,0.9279,-0.0022,-0.3728,0.9980,227,7.995570,-1.6296,0.8852
BiancaGolden_CircleTurns,-362.7684,89.6980,199.5575,3.1053,-12.3997,-3.8939,0.9195,-0.0031,-0.3930,0.9980,227,8.009161,-1.6277,0.8970
BiancaGolden_CircleTurns,-362.5661,90.8078,199.8689,3.2435,-12.5993,-3.9066,0.9144,-0.0115,-0.4046,0.9980,228,8.023545,-1.6257,0.9081
BiancaGolden_CircleTurns,-362.3567,91.8661,200.1290,3.3318,-12.3946,-4.0394,0.9170,-0.0209,-0.3984,0.9980,228,8.037131,-1.6236,0.9187
BiancaGolden_CircleTurns,-362.0903,92.8858,200.4214,3.3818,-12.0142,-4.2134,0.9196,-0.0256,-0.3921,0.9980,229,8.051394,-1.6209,0.9289
BiancaGolden_CircleTurns,-361.7736,93.8606,200.8119,3.3035,-11.4309,-4.4793,0.9208,-0.0280,-0.3891,0.9980,229,8.064795,-1.6177,0.9386
BiancaGolden_CircleTurns,-361.4767,94.8635,201.1950,3.1066,-10.9817,-4.6493,0.9226,-0.0290,-0.3846,0.9980,230,8.079605,-1.6148,0.9486
BiancaGolden_CircleTurns,-361.1941,95.8229,201.5227,2.9937,-10.7088,-4.7286,0.9117,-0.0009,-0.4109,0.9980,230,8.092913,-1.6119,0.9582
BiancaGolden_CircleTurns,-360.9149,96.7657,201.7895,2.9579,-10.4949,-4.8147,0.8746,0.0629,-0.4807,0.9980,230,8.106972,-1.6091,0.9677
BiancaGolden_CircleTurns,-360.6207,97.6932,202.0131,2.9234,-10.3432,-4.9160,0.8398,0.1099,-0.5317,0.9980,231,8.120388,-1.6062,0.9769
BiancaGolden_CircleTurns,-360.2875,98.5922,202.2541,2.8741,-10.1718,-5.0228,0.8069,0.1555,-0.5698,0.9980,231,8.133706,-1.6029,0.9859
BiancaGolden_CircleTurns,-359.9765,99.4988,202.4816,2.7863,-9.9365,-5.1665,0.7849,0.1968,-0.5876,0.9980,232,8.148710,-1.5998,0.9950
BiancaGolden_CircleTurns,-359.6350,100.3781,202.6106,2.6841,-9.6556,-5.2439,0.7883,0.1963,-0.5832,0.9980,232,8.162764,-1.5963,1.0038
BiancaGolden_CircleTurns,-359.2845,101.2480,202.7076,2.6286,-9.3441,-5.2940,0.7753,0.2172,-0.5931,0.9980,232,8.176865,-1.5928,1.0125
BiancaGolden_CircleTurns,-358.9187,102.0822,202.7719,2.5721,-9.0340,-5.3155,0.7651,0.2173,-0.6062,0.9980,233,8.190643,-1.5892,1.0208
BiancaGolden_CircleTurns,-358.5537,102.9281,202.8529,2.5374,-8.7497,-5.3776,0.7624,0.2166,-0.6098,0.9980,233,8.204000,-1.5855,1.0293
BiancaGolden_CircleTurns,-358.1233,103.7564,202.8370,2.4428,-8.4634,-5.3916,0.7625,0.2094,-0.6122,0.9980,234,8.219116,-1.5812,1.0376
BiancaGolden_CircleTurns,-357.6826,104.5987,202.8449,2.3819,-8.1543,-5.3281,0.7609,0.2096,-0.6140,0.9980,234,8.232223,-1.5768,1.0460
BiancaGolden_CircleTurns,-357.2383,105.4540,202.8389,2.2394,-7.8273,-5.2010,0.7635,0.2132,-0.6096,0.9980,235,8.246792,-1.5724,1.0545
BiancaGolden_CircleTurns,-356.7966,106.2661,202.7799,2.1059,-7.5340,-4.9982,0.7625,0.2032,-0.6143,0.9980,235,8.260269,-1.5680,1.0627
BiancaGolden_CircleTurns,-356.3411,107.0856,202.6273,2.0055,-7.3401,-4.7800,0.7582,0.2186,-0.6143,0.9980,235,8.274728,-1.5634,1.0709
BiancaGolden_CircleTurns,-355.8837,107.8864,202.4697,1.8761,-7.2005,-4.5958,0.7583,0.2219,-0.6130,0.9980,236,8.288362,-1.5588,1.0789
BiancaGolden_CircleTurns,-355.4214,108.6819,202.2584,1.7370,-7.1571,-4.4407,0.7575,0.2258,-0.6126,0.9980,236,8.302181,-1.5542,1.0868
BiancaGolden_CircleTurns,-354.9537,109.4923,202.0222,1.5474,-7.1924,-4.2765,0.7543,0.2302,-0.6148,0.9980,237,8.316622,-1.5495,1.0949
BiancaGolden_CircleTurns,-354.4544,110.2866,201.7598,1.3245,-7.4520,-4.1101,0.7510,0.2342,-0.6174,0.9980,237,8.330150,-1.5445,1.1029
BiancaGolden_CircleTurns,-353.9641,111.0352,201.4792,1.1683,-7.7120,-3.9245,0.7251,0.3416,-0.5980,0.9980,237,8.345669,-1.5396,1.1104
BiancaGolden_CircleTurns,-353.4523,111.7815,201.1815,0.9756,-8.0258,-3.7757,0.7162,0.3228,-0.6187,0.9980,238,8.358270,-1.5345,1.1178
BiancaGolden_CircleTurns,-352.9208,112.5124,200.8962,0.6918,-8.4352,-3.7169,0.7113,0.3270,-0.6222,0.9980,238,8.370617,-1.5292,1.1251
BiancaGolden_CircleTurns,-352.3874,113.2062,200.5855,0.3875,-8.6867,-3.6773,0.7083,0.3309,-0.6236,0.9980,239,8.385777,-1.5239,1.1321
BiancaGolden_CircleTurns,-351.8222,113.9198,200.2834,0.1443,-8.8167,-3.7706,0.7024,0.3300,-0.6307,0.9980,239,8.399910,-1.5182,1.1392
BiancaGolden_CircleTurns,-351.2229,114.6191,200.0204,-0.1312,-8.7848,-3.8791,0.7027,0.3322,-0.6291,0.9980,240,8.416018,-1.5122,1.1462
BiancaGolden_CircleTurns,-350.6222,115.3407,199.8150,-0.5038,-8.8336,-3.9758,0.7010,0.3206,-0.6370,0.9980,240,8.429025,-1.5062,1.1534
BiancaGolden_CircleTurns,-350.0404,116.0615,199.5826,-0.8069,-8.8343,-4.0494,0.6983,0.3044,-0.6478,0.9980,240,8.444171,-1.5004,1.1606
BiancaGolden_CircleTurns,-349.4274,116.7765,199.3969,-1.0636,-8.8671,-4.1740,0.6971,0.2913,-0.6551,0.9980,241,8.455408,-1.4943,1.1678
BiancaGolden_CircleTurns,-348.8495,117.5012,199.2134,-1.1686,-8.9583,-4.2721,0.6986,0.2837,-0.6569,0.9980,241,8.471612,-1.4885,1.1750
BiancaGolden_CircleTurns,-348.2710,118.2379,199.0156,-1.3244,-9.1433,-4.3390,0.6938,0.2843,-0.6617,0.9980,242,8.483357,-1.4827,1.1824
BiancaGolden_CircleTurns,-347.7079,119.0127,198.8480,-1.4228,-9.6009,-4.3928,0.6870,0.2876,-0.6673,0.9980,242,8.496294,-1.4771,1.1901
BiancaGolden_CircleTurns,-347.1424,119.7824,198.6967,-1.4804,-10.0587,-4.4292,0.6818,0.2875,-0.6727,0.9980,242,8.511179,-1.4714,1.1978
BiancaGolden_CircleTurns,-346.5824,120.5463,198.5492,-1.5263,-10.4966,-4.4654,0.6724,0.2865,-0.6825,0.9980,243,8.524756,-1.4658,1.2055
BiancaGolden_CircleTurns,-346.0117,121.3102,198.5178,-1.3172,-11.1565,-4.5595,0.6645,0.3008,-0.6840,0.9980,243,8.537870,-1.4601,1.2131
BiancaGolden_CircleTurns,-345.4116,122.1079,198.6785,-1.1515,-11.7588,-4.7729,0.6594,0.3000,-0.6894,0.9980,244,8.552570,-1.4541,1.2211
BiancaGolden_CircleTurns,-344.8376,122.9062,198.8999,-1.2174,-12.2136,-4.9922,0.6552,0.3035,-0.6918,0.9980,244,8.566218,-1.4484,1.2291
BiancaGolden_CircleTurns,-344.2700,123.7432,199.1156,-1.3220,-12.6350,-5.2628,0.6535,0.3011,-0.6945,0.9980,245,8.580066,-1.4427,1.2374
BiancaGolden_CircleTurns,-343.7799,124.6135,199.3457,-1.3440,-12.8908,-5.5196,0.6616,0.3074,-0.6840,0.9980,245,8.593264,-1.4378,1.2461
BiancaGolden_CircleTurns,-343.3546,125.4585,199.5221,-1.2542,-13.2208,-5.6443,0.6578,0.3017,-0.6901,0.9980,245,8.608583,-1.4335,1.2546
BiancaGolden_CircleTurns,-343.0588,126.3481,199.5687,-0.7382,-13.4716,-5.7260,0.6475,0.2949,-0.7027,0.9980,246,8.621696,-1.4306,1.2635
BiancaGolden_CircleTurns,-342.6935,127.2219,199.7235,-0.2334,-13.7047,-5.7892,0.6373,0.2721,-0.7210,0.9980,246,8.634269,-1.4269,1.2722
BiancaGolden_CircleTurns,-342.2389,128.1277,200.0325,0.1350,-13.7761,-5.9633,0.6395,0.2718,-0.7191,0.9980,247,8.649231,-1.4224,1.2813
BiancaGolden_CircleTurns,-341.7569,129.0563,200.4877,-0.0101,-13.6721,-6.1115,0.6422,0.2719,-0.7167,0.9980,247,8.663010,-1.4176,1.2906
BiancaGolden_CircleTurns,-341.2990,130.0002,200.8046,-0.2043,-13.5455,-6.2531,0.6475,0.2845,-0.7070,0.9980,247,8.677624,-1.4130,1.3000
BiancaGolden_CircleTurns,-340.8829,130.9636,201.0098,-0.5878,-13.3758,-6.3086,0.6474,0.2845,-0.7071,0.9980,248,8.691009,-1.4088,1.3096
BiancaGolden_CircleTurns,-340.4950,131.9387,201.1554,-0.6651,-13.4292,-6.3792,0.6445,0.2872,-0.7086,0.9980,248,8.704443,-1.4050,1.3194
BiancaGolden_CircleTurns,-340.0949,132.9314,201.2439,-0.5903,-13.5770,-6.3939,0.6410,0.2879,-0.7115,0.9980,249,8.719073,-1.4009,1.3293
BiancaGolden_CircleTurns,-339.7020,133.9913,201.3478,-0.5066,-13.8506,-6.3763,0.6377,0.2888,-0.7141,0.9980,249,8.732712,-1.3970,1.3399
BiancaGolden_CircleTurns,-339.3180,135.0657,201.4109,-0.4298,-14.0789,-6.2442,0.6415,0.3157,-0.6991,0.9980,250,8.747025,-1.3932,1.3507
BiancaGolden_CircleTurns,-338.9844,136.1618,201.3450,-0.2768,-14.4452,-5.9778,0.6431,0.3153,-0.6979,0.9980,250,8.760418,-1.3898,1.3616
BiancaGolden_CircleTurns,-338.6407,137.2780,201.2148,-0.0435,-14.8568,-5.6681,0.6331,0.3175,-0.7059,0.9980,250,8.774627,-1.3864,1.3728
BiancaGolden_CircleTurns,-338.3242,138.4053,201.0633,0.3197,-15.4028,-5.2334,0.6533,0.3143,-0.6888,0.9980,251,8.788375,-1.3832,1.3841
BiancaGolden_CircleTurns,-337.9810,139.5682,200.9476,0.6176,-15.8926,-4.9550,0.6596,0.3097,-0.6849,0.9980,251,8.801567,-1.3798,1.3957
BiancaGolden_CircleTurns,-337.6458,140.6776,200.8514,0.7843,-16.3749,-4.7093,0.6568,0.2894,-0.6963,0.9980,252,8.816865,-1.3765,1.4068
BiancaGolden_CircleTurns,-337.2854,141.7838,200.7417,1.0309,-16.8095,-4.6055,0.6519,0.2877,-0.7016,0.9980,252,8.830791,-1.3729,1.4178
BiancaGolden_CircleTurns,-336.9473,142.8916,200.5968,1.2521,-17.1768,-4.6228,0.6474,0.2827,-0.7078,0.9980,252,8.844512,-1.3695,1.4289
BiancaGolden_CircleTurns,-336.6034,144.0020,200.4353,1.5520,-17.5717,-4.8082,0.6713,0.2607,-0.6938,0.9980,253,8.858270,-1.3660,1.4400
BiancaGolden_CircleTurns,-336.2130,145.1810,200.2287,1.8201,-17.4977,-4.9967,0.6815,0.2506,-0.6876,0.9980,253,8.871300,-1.3621,1.4518
BiancaGolden_CircleTurns,-335.8670,146.3413,200.0130,1.9437,-17.3653,-5.0770,0.7024,0.2362,-0.6714,0.9980,254,8.886704,-1.3587,1.4634
BiancaGolden_CircleTurns,-335.4984,147.5472,199.8312,1.9912,-17.0891,-5.2429,0.7070,0.2350,-0.6670,0.9980,254,8.899866,-1.3550,1.4755
BiancaGolden_CircleTurns,-335.1538,148.7797,199.6568,1.8533,-16.7043,-5.3788,0.6963,0.2463,-0.6742,0.9980,255,8.914622,-1.3515,1.4878
BiancaGolden_CircleTurns,-334.8520,150.0650,199.4130,1.7692,-16.3538,-5.4756,0.6916,0.2708,-0.6696,0.9980,255,8.927691,-1.3485,1.5007
BiancaGolden_CircleTurns,-334.6157,151.3570,199.1153,1.7664,-16.2066,-5.4723,0.6820,0.2967,-0.6684,0.9980,255,8.942144,-1.3462,1.5136
BiancaGolden_CircleTurns,-334.4269,152.6681,198.8051,1.8972,-16.1779,-5.4504,0.6749,0.2938,-0.6769,0.9980,256,8.956138,-1.3443,1.5267
BiancaGolden_CircleTurns,-334.2635,154.0410,198.5643,2.0371,-16.1912,-5.5043,0.6823,0.2622,-0.6825,0.9980,256,8.972822,-1.3426,1.5404
BiancaGolden_CircleTurns,-334.0376,155.4219,198.4344,1.9572,-16.1079,-5.5888,0.6874,0.2472,-0.6829,0.9980,257,8.983996,-1.3404,1.5542
BiancaGolden_CircleTurns,-333.8804,156.8511,198.2448,1.7958,-15.9907,-5.6709,0.6906,0.2484,-0.6792,0.9980,257,8.997075,-1.3388,1.5685
BiancaGolden_CircleTurns,-333.7186,158.3044,198.0055,1.4658,-15.8217,-5.7770,0.6959,0.2327,-0.6793,0.9980,257,9.011676,-1.3372,1.5830
BiancaGolden_CircleTurns,-333.5640,159.7543,197.7634,1.1970,-15.6411,-5.8273,0.6975,0.2324,-0.6778,0.9980,258,9.025057,-1.3356,1.5975
BiancaGolden_CircleTurns,-333.3855,161.1869,197.6133,0.9518,-15.4842,-5.8485,0.6973,0.2282,-0.6795,0.9980,258,9.038317,-1.3339,1.6119
BiancaGolden_CircleTurns,-333.0420,162.6022,197.7843,0.5193,-15.6132,-5.9576,0.7105,0.1528,-0.6869,0.9980,259,9.053432,-1.3304,1.6260
BiancaGolden_CircleTurns,-332.8225,164.0764,198.2936,-0.5011,-16.1275,-6.6196,0.7115,0.1523,-0.6860,0.9980,259,9.067512,-1.3282,1.6408
BiancaGolden_CircleTurns,-332.5326,165.3709,198.2693,-0.7787,-15.7066,-6.8439,0.8694,-0.0685,-0.4892,0.9980,260,9.081514,-1.3253,1.6537
BiancaGolden_CircleTurns,-332.4327,166.6324,198.3427,-0.7142,-16.4033,-6.9655,0.8691,-0.0715,-0.4894,0.9980,260,9.094338,-1.3243,1.6663
BiancaGolden_CircleTurns,-332.2052,167.9194,198.2745,-0.5394,-16.4324,-7.1337,0.8837,-0.1562,-0.4412,0.9980,260,9.109186,-1.3221,1.6792
BiancaGolden_CircleTurns,-331.9635,169.0461,198.4408,0.0483,-16.4902,-7.0319,0.8893,-0.1587,-0.4289,0.9980,261,9.122877,-1.3196,1.6905
BiancaGolden_CircleTurns,-331.5276,170.1355,198.9131,0.4701,-16.5230,-7.0882,0.8887,-0.1615,-0.4291,0.9980,261,9.135881,-1.3153,1.7014
BiancaGolden_CircleTurns,-331.1895,171.2231,199.1610,0.2236,-16.5237,-7.3174,0.9054,-0.1892,-0.3800,0.9980,262,9.150351,-1.3119,1.7122
BiancaGolden_CircleTurns,-330.9393,172.2444,199.2504,-0.0518,-17.0423,-7.6036,0.9086,-0.1565,-0.3872,0.9980,262,9.164817,-1.3094,1.7224
BiancaGolden_CircleTurns,-330.6436,173.2076,199.3656,-0.0115,-17.6000,-7.8306,0.8951,-0.1981,-0.3994,0.9980,262,9.178708,-1.3064,1.7321
BiancaGolden_CircleTurns,-330.3082,174.0808,199.6012,0.0526,-18.4997,-8.2320,0.8662,-0.2872,-0.4089,0.9980,263,9.192285,-1.3031,1.7408
BiancaGolden_CircleTurns,-329.9252,174.9391,199.8900,0.1660,-19.2789,-8.7508,0.7965,-0.4655,-0.3858,0.9980,263,9.205620,-1.2993,1.7494
BiancaGolden_CircleTurns,-329.5699,175.7211,200.1177,0.3560,-19.8693,-9.2038,0.7725,-0.5187,-0.3663,0.9980,264,9.220644,-1.2957,1.7572
BiancaGolden_CircleTurns,-329.2245,176.4809,200.2269,0.4819,-20.3631,-9.9337,0.7700,-0.5292,-0.3564,0.9980,264,9.234482,-1.2922,1.7648
BiancaGolden_CircleTurns,-328.8774,177.2475,200.3777,0.5760,-20.7796,-10.6489,0.7604,-0.5419,-0.3580,0.9980,265,9.248023,-1.2888,1.7725
BiancaGolden_CircleTurns,-328.4722,177.9213,200.4648,0.4485,-20.8379,-11.6090,0.7790,-0.5252,-0.3425,0.9980,265,9.262081,-1.2847,1.7792
BiancaGolden_CircleTurns,-328.0701,178.6286,200.5714,0.3555,-20.8883,-12.4439,0.7774,-0.5303,-0.3384,0.9980,265,9.276545,-1.2807,1.7863
BiancaGolden_CircleTurns,-327.6699,179.3146,200.6468,0.2422,-20.9353,-13.2570,0.7794,-0.5260,-0.3404,0.9980,266,9.289939,-1.2767,1.7931
BiancaGolden_CircleTurns,-327.3145,179.9677,200.6438,0.1932,-21.0633,-14.0726,0.7799,-0.5224,-0.3449,0.9980,266,9.302893,-1.2731,1.7997
BiancaGolden_CircleTurns,-326.9502,180.6422,200.5890,0.2668,-21.2600,-14.7839,0.7775,-0.5239,-0.3480,0.9980,267,9.317557,-1.2695,1.8064
BiancaGolden_CircleTurns,-326.5571,181.2936,200.5431,0.4256,-21.4479,-15.4383,0.7717,-0.5322,-0.3483,0.9980,267,9.332148,-1.2656,1.8129
BiancaGolden_CircleTurns,-326.1246,181.9448,200.4832,0.5395,-21.5052,-16.0535,0.7799,-0.5186,-0.3504,0.9980,268,9.345804,-1.2612,1.8194
BiancaGolden_CircleTurns,-325.7077,182.5912,200.3526,0.4622,-21.5899,-16.5844,0.7841,-0.5119,-0.3509,0.9980,268,9.359707,-1.2571,1.8259
BiancaGolden_CircleTurns,-325.2937,183.2046,200.2139,0.4819,-21.6931,-17.1122,0.7858,-0.5090,-0.3512,0.9980,268,9.373452,-1.2529,1.8320
BiancaGolden_CircleTurns,-324.8754,183.7873,200.0453,0.5007,-21.7451,-17.6024,0.7846,-0.5085,-0.3549,0.9980,269,9.387789,-1.2488,1.8379
BiancaGolden_CircleTurns,-324.4693,184.3493,199.8256,0.4355,-21.9059,-18.0259,0.7810,-0.5137,-0.3553,0.9980,269,9.400449,-1.2447,1.8435
BiancaGolden_CircleTurns,-324.0287,184.9113,199.5915,0.5482,-21.9715,-18.4144,0.7836,-0.5136,-0.3495,0.9980,270,9.415446,-1.2403,1.8491
BiancaGolden_CircleTurns,-323.5917,185.4374,199.3336,0.6008,-21.8928,-18.6417,0.7927,-0.5000,-0.3488,0.9980,270,9.428770,-1.2359,1.8544
BiancaGolden_CircleTurns,-323.1951,185.9624,199.0315,0.6591,-21.8962,-18.9410,0.7996,-0.4923,-0.3439,0.9980,270,9.443602,-1.2320,1.8596
BiancaGolden_CircleTurns,-322.8332,186.4192,198.6576,0.8426,-22.0112,-19.1444,0.8055,-0.4833,-0.3429,0.9980,271,9.457758,-1.2283,1.8642
BiancaGolden_CircleTurns,-322.4352,186.8594,198.3312,1.0429,-22.0866,-19.3505,0.8060,-0.4831,-0.3420,0.9980,271,9.473760,-1.2244,1.8686
BiancaGolden_CircleTurns,-322.0038,187.2764,198.0683,1.1485,-22.1429,-19.5699,0.8053,-0.4855,-0.3401,0.9980,272,9.486497,-1.2200,1.8728
BiancaGolden_CircleTurns,-321.5860,187.6672,197.7925,1.2013,-22.0367,-19.7306,0.8057,-0.4862,-0.3383,0.9980,272,9.499155,-1.2159,1.8767
BiancaGolden_CircleTurns,-321.2171,188.0696,197.4640,1.2404,-22.0351,-19.8294,0.8107,-0.4805,-0.3346,0.9980,273,9.513022,-1.2122,1.8807
BiancaGolden_CircleTurns,-320.8193,188.4796,197.1889,1.2560,-21.9734,-19.9297,0.8141,-0.4773,-0.3308,0.9980,273,9.526093,-1.2082,1.8848
BiancaGolden_CircleTurns,-320.4332,188.8961,197.0006,1.2764,-21.7652,-19.9909,0.8141,-0.4781,-0.3296,0.9980,273,9.540642,-1.2043,1.8890
BiancaGolden_CircleTurns,-320.0624,189.3256,196.8827,1.2579,-21.6831,-20.0393,0.8137,-0.4779,-0.3309,0.9980,274,9.554722,-1.2006,1.8933
BiancaGolden_CircleTurns,-319.6279,189.7690,196.9163,1.1511,-21.7470,-20.0810,0.8127,-0.4758,-0.3364,0.9980,274,9.566995,-1.1963,1.8977
BiancaGolden_CircleTurns,-319.0945,190.2015,197.2244,0.8134,-22.0355,-19.9717,0.8115,-0.4751,-0.3401,0.9980,275,9.582382,-1.1909,1.9020
BiancaGolden_CircleTurns,-318.3980,190.6389,197.6878,0.1384,-22.1495,-19.9276,0.8155,-0.4700,-0.3378,0.9980,275,9.596838,-1.1840,1.9064
BiancaGolden_CircleTurns,-317.9850,191.1116,197.8066,-0.4297,-22.0276,-19.7281,0.8175,-0.4644,-0.3407,0.9980,275,9.610175,-1.1798,1.9111
BiancaGolden_CircleTurns,-317.6775,191.5688,197.7449,-0.6031,-22.1762,-19.3548,0.8230,-0.4580,-0.3358,0.9980,276,9.623379,-1.1768,1.9157
BiancaGolden_CircleTurns,-317.3918,192.0243,197.7297,0.1202,-21.9983,-18.8567,0.8279,-0.4559,-0.3268,0.9980,276,9.637419,-1.1739,1.9202
BiancaGolden_CircleTurns,-317.0400,192.4554,197.8477,0.5353,-21.8504,-18.5385,0.8306,-0.4536,-0.3232,0.9980,277,9.652076,-1.1704,1.9246
BiancaGolden_CircleTurns,-316.7856,193.0853,198.0488,0.7295,-21.3673,-18.3229,0.8340,-0.4514,-0.3174,0.9980,277,9.665848,-1.1679,1.9309
BiancaGolden_CircleTurns,-316.5443,193.6012,198.2939,0.7264,-21.2006,-17.9272,0.8358,-0.4493,-0.3154,0.9980,278,9.680312,-1.1654,1.9360
BiancaGolden_CircleTurns,-316.3507,194.1174,198.5083,0.6781,-21.1122,-17.6430,0.8340,-0.4547,-0.3126,0.9980,278,9.693700,-1.1635,1.9412
BiancaGolden_CircleTurns,-316.1369,194.6373,198.6731,0.5473,-20.9108,-17.5078,0.8313,-0.4602,-0.3118,0.9980,278,9.708629,-1.1614,1.9464
BiancaGolden_CircleTurns,-315.9014,195.1696,198.8870,0.2301,-20.5179,-17.5474,0.8311,-0.4630,-0.3079,0.9980,279,9.721454,-1.1590,1.9517
BiancaGolden_CircleTurns,-315.6520,195.7362,199.1129,-0.1131,-20.2176,-17.7059,0.8197,-0.4727,-0.3235,0.9980,279,9.734357,-1.1565,1.9574
BiancaGolden_CircleTurns,-315.4158,196.3011,199.2974,-0.4109,-19.8887,-17.8670,0.8203,-0.4755,-0.3177,0.9980,280,9.749454,-1.1542,1.9630
BiancaGolden_CircleTurns,-315.1657,196.9133,199.4792,-0.5848,-19.4928,-18.0201,0.8188,-0.4794,-0.3158,0.9980,280,9.763408,-1.1517,1.9691
BiancaGolden_CircleTurns,-314.9408,197.5326,199.6409,-0.7003,-19.2181,-18.0972,0.8173,-0.4819,-0.3158,0.9980,280,9.777938,-1.1494,1.9753
BiancaGolden_CircleTurns,-314.6891,198.1744,199.7675,-0.7313,-18.9776,-18.1435,0.8174,-0.4831,-0.3138,0.9980,281,9.790764,-1.1469,1.9817
BiancaGolden_CircleTurns,-314.4741,198.8354,199.8723,-0.6685,-18.8473,-18.1648,0.8095,-0.4905,-0.3227,0.9980,281,9.803929,-1.1447,1.9884
BiancaGolden_CircleTurns,-314.2760,199.4930,199.9385,-0.4699,-18.8104,-18.1984,0.8094,-0.4911,-0.3220,0.9980,282,9.818866,-1.1428,1.9949
BiancaGolden_CircleTurns,-314.1130,200.1352,199.9651,-0.1603,-18.8173,-18.2313,0.8053,-0.4918,-0.3310,0.9980,282,9.832697,-1.1411,2.0014
BiancaGolden_CircleTurns,-313.9478,200.7718,200.0085,0.1887,-18.8994,-18.3330,0.8045,-0.4937,-0.3303,0.9980,283,9.847806,-1.1395,2.0077
BiancaGolden_CircleTurns,-313.7764,201.3938,200.0367,0.5777,-18.9385,-18.4586,0.8019,-0.4959,-0.3333,0.9980,283,9.860310,-1.1378,2.0139
BiancaGolden_CircleTurns,-313.6470,202.0413,200.0104,0.9836,-19.0114,-18.6404,0.8007,-0.4983,-0.3326,0.9980,283,9.874958,-1.1365,2.0204
BiancaGolden_CircleTurns,-313.5770,202.6618,199.9389,1.3850,-19.0069,-18.7594,0.7964,-0.5041,-0.3342,0.9980,284,9.888155,-1.1358,2.0266
BiancaGolden_CircleTurns,-313.5786,203.2978,199.7399,1.7514,-18.9284,-18.8614,0.7924,-0.5083,-0.3371,0.9980,284,9.901221,-1.1358,2.0330
BiancaGolden_CircleTurns,-313.6148,203.9166,199.4869,2.0345,-18.9553,-18.9876,0.7899,-0.5117,-0.3379,0.9980,285,9.916597,-1.1361,2.0392
BiancaGolden_CircleTurns,-313.6406,204.5471,199.2928,1.9988,-19.0045,-19.2443,0.7841,-0.5153,-0.3459,0.9980,285,9.930143,-1.1364,2.0455
BiancaGolden_CircleTurns,-313.7130,205.1866,199.1121,1.9151,-19.1451,-19.5772,0.7816,-0.5152,-0.3516,0.9980,285,9.944267,-1.1371,2.0519
BiancaGolden_CircleTurns,-313.8452,205.8239,198.8327,1.7332,-19.3678,-20.0117,0.7743,-0.5190,-0.3622,0.9980,286,9.957713,-1.1385,2.0582
BiancaGolden_CircleTurns,-313.9396,206.4538,198.5491,1.5231,-19.6329,-20.4925,0.7681,-0.5221,-0.3707,0.9980,286,9.974763,-1.1394,2.0645
BiancaGolden_CircleTurns,-313.8850,207.0388,198.5232,1.3873,-20.0372,-20.8203,0.7642,-0.5261,-0.3730,0.9980,287,9.986773,-1.1388,2.0704
BiancaGolden_CircleTurns,-313.7425,207.6557,198.7008,1.0688,-20.1473,-21.1535,0.7532,-0.5285,-0.3916,0.9980,287,10.000609,-1.1374,2.0766
BiancaGolden_CircleTurns,-313.7923,208.2705,198.7666,0.6322,-20.2794,-21.4163,0.7526,-0.5291,-0.3920,0.9980,288,10.014575,-1.1379,2.0827
BiancaGolden_CircleTurns,-313.8455,208.7939,198.5041,0.6095,-20.3027,-21.4691,0.7772,-0.4898,-0.3951,0.9980,288,10.027462,-1.1385,2.0879
BiancaGolden_CircleTurns,-313.8979,209.3088,198.3415,0.7427,-20.2830,-21.5142,0.8134,-0.4133,-0.4093,0.9980,288,10.041737,-1.1390,2.0931
BiancaGolden_CircleTurns,-313.8152,209.7901,198.3003,0.9238,-20.1177,-21.4943,0.8228,-0.3657,-0.4351,0.9980,289,10.055389,-1.1382,2.0979
BiancaGolden_CircleTurns,-313.6624,210.1537,198.4593,1.0462,-19.7257,-21.2327,0.8443,-0.2837,-0.4547,0.9980,289,10.068625,-1.1366,2.1015
BiancaGolden_CircleTurns,-313.5381,210.5148,198.6403,1.0028,-19.4379,-21.1502,0.8463,-0.2862,-0.4493,0.9980,290,10.083961,-1.1354,2.1051
BiancaGolden_CircleTurns,-313.4440,210.7400,198.8361,0.9320,-19.0953,-21.2617,0.8456,-0.2839,-0.4520,0.9980,290,10.097682,-1.1344,2.1074
BiancaGolden_CircleTurns,-313.3716,210.9337,198.9830,0.9739,-19.0755,-21.5079,0.8483,-0.2684,-0.4565,0.9980,290,10.112016,-1.1337,2.1093
BiancaGolden_CircleTurns,-313.2721,211.0870,199.1344,1.1470,-19.0322,-21.7396,0.8487,-0.2754,-0.4514,0.9980,291,10.125559,-1.1327,2.1109
BiancaGolden_CircleTurns,-313.1233,211.1916,199.3061,1.2497,-19.0439,-22.1430,0.8339,-0.3559,-0.4219,0.9980,291,10.138351,-1.1312,2.1119
BiancaGolden_CircleTurns,-312.9432,211.2467,199.4416,1.1564,-18.8928,-22.5953,0.8455,-0.3670,-0.3878,0.9980,292,10.153459,-1.1294,2.1125
BiancaGolden_CircleTurns,-312.7625,211.2456,199.5602,1.0094,-18.7254,-23.0113,0.8448,-0.3729,-0.3838,0.9980,292,10.167265,-1.1276,2.1125
BiancaGolden_CircleTurns,-312.5432,211.2334,199.6314,0.8542,-18.4738,-23.3781,0.8719,-0.3086,-0.3801,0.9980,293,10.181500,-1.1254,2.1123
BiancaGolden_CircleTurns,-312.3009,211.2087,199.7143,0.6046,-18.2530,-23.7307,0.8578,-0.3082,-0.4114,0.9980,293,10.194963,-1.1230,2.1121
BiancaGolden_CircleTurns,-312.0487,211.1768,199.7836,0.3014,-18.1072,-24.0713,0.8438,-0.3428,-0.4130,0.9980,293,10.209600,-1.1205,2.1118
BiancaGolden_CircleTurns,-311.7502,211.1150,199.8208,-0.0406,-17.9862,-24.3982,0.7386,-0.5395,-0.4043,0.9980,294,10.223927,-1.1175,2.1112
BiancaGolden_CircleTurns,-311.4521,211.0294,199.8573,-0.2850,-17.8745,-24.6581,0.7298,-0.5542,-0.4004,0.9980,294,10.237066,-1.1145,2.1103
BiancaGolden_CircleTurns,-311.0936,210.9226,199.8564,-0.6354,-17.8228,-24.9184,0.7283,-0.5563,-0.4002,0.9980,295,10.252004,-1.1109,2.1092
BiancaGolden_CircleTurns,-310.7171,210.7468,199.8386,-0.9721,-17.7400,-25.1190,0.7351,-0.5723,-0.3634,0.9980,295,10.265429,-1.1072,2.1075
BiancaGolden_CircleTurns,-310.3186,210.5660,199.7879,-1.2229,-17.5906,-25.3497,0.7384,-0.5685,-0.3626,0.9980,296,10.279356,-1.1032,2.1057
BiancaGolden_CircleTurns,-309.9077,210.3302,199.6831,-1.3919,-17.4893,-25.5568,0.7438,-0.5617,-0.3622,0.9980,296,10.293039,-1.0991,2.1033
BiancaGolden_CircleTurns,-309.4787,210.0670,199.5841,-1.5087,-17.4139,-25.7564,0.7454,-0.5597,-0.3620,0.9980,296,10.306937,-1.0948,2.1007
BiancaGolden_CircleTurns,-309.0187,209.7570,199.4807,-1.5850,-17.3428,-25.9872,0.7438,-0.5586,-0.3671,0.9980,297,10.320918,-1.0902,2.0976
BiancaGolden_CircleTurns,-308.5381,209.4144,199.3646,-1.7352,-17.2995,-26.1989,0.7416,-0.5615,-0.3671,0.9980,297,10.333899,-1.0854,2.0941
BiancaGolden_CircleTurns,-308.0215,209.0163,199.2161,-1.8776,-17.2745,-26.4285,0.7412,-0.5617,-0.3677,0.9980,298,10.348413,-1.0802,2.0902
BiancaGolden_CircleTurns,-307.4912,208.5900,199.0679,-2.0022,-17.2019,-26.6763,0.7363,-0.5643,-0.3734,0.9980,298,10.362342,-1.0749,2.0859
BiancaGolden_CircleTurns,-306.9323,208.1264,198.9078,-2.1199,-17.0590,-26.9808,0.7333,-0.5677,-0.3743,0.9980,298,10.376354,-1.0693,2.0813
BiancaGolden_CircleTurns,-306.3888,207.5885,198.7230,-2.0751,-16.9568,-27.2790,0.7315,-0.5678,-0.3776,0.9980,299,10.389685,-1.0639,2.0759
BiancaGolden_CircleTurns,-305.8397,207.0163,198.5972,-1.7753,-16.9630,-27.5789,0.7312,-0.5668,-0.3797,0.9980,299,10.402936,-1.0584,2.0702
BiancaGolden_CircleTurns,-305.2981,206.4628,198.5042,-1.5072,-17.0329,-27.8580,0.7275,-0.5692,-0.3832,0.9980,300,10.417749,-1.0530,2.0646
BiancaGolden_CircleTurns,-304.7226,205.8411,198.4862,-1.0849,-17.3215,-28.0547,0.7263,-0.5678,-0.3874,0.9980,300,10.431377,-1.0472,2.0584
BiancaGolden_CircleTurns,-304.1201,205.1796,198.5039,-0.9018,-17.5144,-28.2354,0.7233,-0.5626,-0.4005,0.9980,301,10.445908,-1.0412,2.0518
BiancaGolden_CircleTurns,-303.4972,204.4524,198.6244,-0.8280,-17.6410,-28.4148,0.7229,-0.5637,-0.3996,0.9980,301,10.459851,-1.0350,2.0445
BiancaGolden_CircleTurns,-302.9815,203.7373,198.4930,-0.6155,-17.6158,-28.5380,0.7254,-0.5613,-0.3984,0.9980,301,10.477269,-1.0298,2.0374
BiancaGolden_CircleTurns,-302.4958,203.0441,198.3583,-0.3493,-17.6874,-28.6533,0.7243,-0.5635,-0.3972,0.9980,302,10.487513,-1.0250,2.0304
BiancaGolden_CircleTurns,-302.0435,202.3550,198.2512,-0.1462,-17.6442,-28.7844,0.7264,-0.5635,-0.3935,0.9980,302,10.500665,-1.0204,2.0235
BiancaGolden_CircleTurns,-301.6253,201.6995,198.2029,-0.1168,-17.6775,-28.8621,0.7294,-0.5588,-0.3946,0.9980,303,10.515190,-1.0163,2.0170
BiancaGolden_CircleTurns,-301.1992,201.0202,198.2153,-0.1956,-17.7236,-28.8990,0.7294,-0.5578,-0.3961,0.9980,303,10.528049,-1.0120,2.0102
BiancaGolden_CircleTurns,-300.8144,200.3666,198.2322,-0.2754,-17.7706,-28.8689,0.7350,-0.5456,-0.4026,0.9980,303,10.542500,-1.0081,2.0037
BiancaGolden_CircleTurns,-300.4212,199.7542,198.3013,-0.3667,-17.8249,-28.7956,0.7358,-0.5444,-0.4027,0.9980,304,10.556570,-1.0042,1.9975
BiancaGolden_CircleTurns,-300.0457,199.1919,198.3840,-0.5070,-17.7978,-28.7085,0.7384,-0.5431,-0.3997,0.9980,304,10.569416,-1.0005,1.9919
BiancaGolden_CircleTurns,-299.6614,198.5899,198.4676,-0.6734,-17.7975,-28.6219,0.7404,-0.5403,-0.3999,0.9980,305,10.584218,-0.9966,1.9859
BiancaGolden_CircleTurns,-299.3203,198.0052,198.5789,-0.8799,-17.7836,-28.4291,0.7471,-0.5308,-0.4001,0.9980,305,10.598032,-0.9932,1.9801
BiancaGolden_CircleTurns,-298.9881,197.4505,198.6731,-0.9593,-17.7680,-28.2665,0.7491,-0.5278,-0.4004,0.9980,306,10.612436,-0.9899,1.9745
BiancaGolden_CircleTurns,-298.7192,196.9498,198.7360,-0.9890,-17.7571,-28.0278,0.7498,-0.5250,-0.4027,0.9980,306,10.626049,-0.9872,1.9695
BiancaGolden_CircleTurns,-298.4446,196.4851,198.7985,-0.9871,-17.7347,-27.8215,0.7516,-0.5220,-0.4033,0.9980,306,10.640762,-0.9844,1.9649
BiancaGolden_CircleTurns,-298.1800,196.0353,198.9360,-1.0014,-17.7554,-27.5491,0.7493,-0.5228,-0.4065,0.9980,307,10.653743,-0.9818,1.9604
BiancaGolden_CircleTurns,-297.9182,195.6155,199.1086,-1.1085,-17.8333,-27.2580,0.7514,-0.5182,-0.4086,0.9980,307,10.667101,-0.9792,1.9562
BiancaGolden_CircleTurns,-297.6657,195.2334,199.3226,-1.2686,-17.9553,-26.9399,0.7530,-0.5139,-0.4109,0.9980,308,10.682313,-0.9767,1.9523
BiancaGolden_CircleTurns,-297.4384,194.8989,199.5057,-1.4082,-17.9967,-26.6699,0.7573,-0.5058,-0.4130,0.9980,308,10.695520,-0.9744,1.9490
BiancaGolden_CircleTurns,-297.2233,194.5434,199.6595,-1.4393,-18.0157,-26.4224,0.7600,-0.5021,-0.4128,0.9980,308,10.710024,-0.9722,1.9454
BiancaGolden_CircleTurns,-297.0405,194.1730,199.7548,-1.3505,-17.9740,-26.1259,0.7590,-0.5044,-0.4118,0.9980,309,10.723645,-0.9704,1.9417
BiancaGolden_CircleTurns,-296.8309,193.8141,199.8653,-1.3543,-17.9368,-25.8956,0.7599,-0.5037,-0.4109,0.9980,309,10.736545,-0.9683,1.9381
BiancaGolden_CircleTurns,-296.6367,193.4684,199.9773,-1.4426,-17.9084,-25.6689,0.7616,-0.5004,-0.4118,0.9980,310,10.752024,-0.9664,1.9347
BiancaGolden_CircleTurns,-296.4730,193.1628,200.0322,-1.4622,-17.9642,-25.4409,0.7595,-0.5011,-0.4149,0.9980,310,10.765329,-0.9647,1.9316
BiancaGolden_CircleTurns,-296.3441,192.8516,200.0197,-1.4183,-18.1764,-25.1712,0.7568,-0.4968,-0.4247,0.9980,311,10.779834,-0.9634,1.9285
BiancaGolden_CircleTurns,-296.2151,192.5486,200.0048,-1.4061,-18.5699,-24.8875,0.7565,-0.4923,-0.4305,0.9980,311,10.793245,-0.9622,1.9255
BiancaGolden_CircleTurns,-296.0784,192.2344,199.9934,-1.3848,-18.9480,-24.6308,0.7463,-0.4956,-0.4442,0.9980,311,10.807478,-0.9608,1.9223
BiancaGolden_CircleTurns,-295.9452,191.9693,199.9776,-1.4448,-19.3621,-24.3895,0.7452,-0.4929,-0.4491,0.9980,312,10.820989,-0.9595,1.9197
BiancaGolden_CircleTurns,-295.8088,191.7119,199.9520,-1.4484,-19.7069,-24.2687,0.7464,-0.4966,-0.4430,0.9980,312,10.834824,-0.9581,1.9171
BiancaGolden_CircleTurns,-295.6380,191.4417,199.9340,-1.4692,-19.8601,-24.2160,0.7446,-0.5016,-0.4404,0.9980,313,10.849770,-0.9564,1.9144
BiancaGolden_CircleTurns,-295.4532,191.1679,199.9315,-1.5056,-19.9373,-24.1975,0.7436,-0.5027,-0.4409,0.9980,313,10.863440,-0.9545,1.9117
BiancaGolden_CircleTurns,-295.2627,190.9218,199.9233,-1.6437,-19.9511,-24.2091,0.7400,-0.5078,-0.4410,0.9980,313,10.877278,-0.9526,1.9092
BiancaGolden_CircleTurns,-295.0642,190.6917,199.9071,-1.7659,-19.9286,-24.2357,0.7395,-0.5091,-0.4403,0.9980,314,10.890627,-0.9506,1.9069
BiancaGolden_CircleTurns,-294.8638,190.4872,199.8502,-1.8755,-19.8444,-24.3452,0.7771,-0.4737,-0.4145,0.9980,314,10.903690,-0.9486,1.9049
BiancaGolden_CircleTurns,-294.6599,190.2875,199.7931,-1.9350,-19.7821,-24.4683,0.7760,-0.4749,-0.4150,0.9980,315,10.918722,-0.9466,1.9029
BiancaGolden_CircleTurns,-294.4440,190.1032,199.7427,-1.8984,-19.8062,-24.5820,0.7849,-0.4633,-0.4115,0.9980,315,10.933057,-0.9444,1.9010
BiancaGolden_CircleTurns,-294.2353,189.9413,199.6785,-1.7926,-19.8127,-24.6251,0.7869,-0.4622,-0.4089,0.9980,316,10.946575,-0.9424,1.8994
BiancaGolden_CircleTurns,-294.0330,189.8072,199.6177,-1.5813,-19.8797,-24.6179,0.7853,-0.4599,-0.4145,0.9980,316,10.960119,-0.9403,1.8981
BiancaGolden_CircleTurns,-293.8211,189.6996,199.6090,-1.4574,-20.0262,-24.6440,0.7848,-0.4575,-0.4181,0.9980,317,10.979738,-0.9382,1.8970
BiancaGolden_CircleTurns,-293.5521,189.5727,199.6587,-1.3589,-20.2118,-24.6669,0.7840,-0.4581,-0.4189,0.9980,317,10.988531,-0.9355,1.8957
BiancaGolden_CircleTurns,-293.2606,189.4880,199.6711,-1.3178,-20.2663,-24.7460,0.7833,-0.4602,-0.4178,0.9980,317,11.001583,-0.9326,1.8949
BiancaGolden_CircleTurns,-292.9173,189.4100,199.6474,-1.3247,-20.1960,-24.8910,0.7890,-0.4665,-0.3998,0.9980,318,11.016199,-0.9292,1.8941
BiancaGolden_CircleTurns,-292.5362,189.3389,199.6069,-1.3241,-19.9577,-25.0461,0.7895,-0.4727,-0.3914,0.9980,318,11.028261,-0.9254,1.8934
BiancaGolden_CircleTurns,-292.0961,189.2816,199.5703,-1.4561,-19.6125,-25.2529,0.7812,-0.4903,-0.3864,0.9980,318,11.043921,-0.9210,1.8928
BiancaGolden_CircleTurns,-291.6012,189.2698,199.4905,-1.6344,-19.0956,-25.4544,0.7755,-0.4950,-0.3918,0.9980,319,11.057076,-0.9160,1.8927
BiancaGolden_CircleTurns,-291.1143,189.3027,199.4209,-1.7805,-18.8102,-25.5916,0.7775,-0.4918,-0.3919,0.9980,319,11.071099,-0.9111,1.8930
BiancaGolden_CircleTurns,-290.6308,189.3640,199.3773,-1.9839,-18.7175,-25.6982,0.7761,-0.4915,-0.3951,0.9980,320,11.085367,-0.9063,1.8936
BiancaGolden_CircleTurns,-290.1044,189.4830,199.3375,-2.0297,-18.9121,-25.7189,0.7810,-0.4788,-0.4010,0.9980,320,11.098840,-0.9010,1.8948
BiancaGolden_CircleTurns,-289.5763,189.5719,199.2700,-1.9376,-19.1325,-25.6745,0.7747,-0.4733,-0.4194,0.9980,321,11.113920,-0.8958,1.8957
BiancaGolden_CircleTurns,-288.9979,189.6924,199.1733,-1.5845,-19.5341,-25.5295,0.7740,-0.4707,-0.4236,0.9980,321,11.127164,-0.8900,1.8969
BiancaGolden_CircleTurns,-288.4007,189.7961,199.1012,-1.2412,-19.8313,-25.4855,0.7726,-0.4717,-0.4250,0.9980,321,11.141225,-0.8840,1.8980
BiancaGolden_CircleTurns,-287.7561,189.9132,199.0433,-0.8522,-19.9730,-25.5393,0.7791,-0.4602,-0.4257,0.9980,322,11.155524,-0.8776,1.8991
BiancaGolden_CircleTurns,-287.1104,190.0349,198.9879,-0.5093,-20.0319,-25.6608,0.7781,-0.4640,-0.4234,0.9980,322,11.168510,-0.8711,1.9003
BiancaGolden_CircleTurns,-286.4005,190.1588,198.9026,-0.0823,-19.9188,-25.8635,0.7800,-0.4660,-0.4175,0.9980,323,11.183089,-0.8640,1.9016
BiancaGolden_CircleTurns,-285.6994,190.2801,198.8130,0.3336,-19.7571,-26.0462,0.7791,-0.4683,-0.4167,0.9980,323,11.197485,-0.8570,1.9028
BiancaGolden_CircleTurns,-284.9867,190.4305,198.7430,0.5523,-19.5585,-26.2886,0.7785,-0.4730,-0.4126,0.9980,323,11.211404,-0.8499,1.9043
BiancaGolden_CircleTurns,-284.2447,190.5519,198.7215,0.6945,-19.3079,-26.5579,0.7755,-0.4761,-0.4146,0.9980,324,11.225606,-0.8424,1.9055
BiancaGolden_CircleTurns,-283.5268,190.6926,198.6915,0.9085,-19.1531,-26.7827,0.7668,-0.4869,-0.4182,0.9980,324,11.238598,-0.8353,1.9069
BiancaGolden_CircleTurns,-282.8355,190.8483,198.6494,1.1337,-19.2137,-26.9906,0.7638,-0.4891,-0.4212,0.9980,325,11.252999,-0.8284,1.9085
BiancaGolden_CircleTurns,-282.1496,191.0284,198.6016,1.3696,-19.4289,-27.1715,0.7586,-0.4912,-0.4280,0.9980,325,11.266649,-0.8215,1.9103
BiancaGolden_CircleTurns,-281.4469,191.2277,198.6071,1.5297,-19.8233,-27.3558,0.7506,-0.4943,-0.4384,0.9980,326,11.281341,-0.8145,1.9123
BiancaGolden_CircleTurns,-280.6482,191.3724,198.7524,1.7248,-20.1236,-27.5233,0.7516,-0.4938,-0.4373,0.9980,326,11.294183,-0.8065,1.9137
BiancaGolden_CircleTurns,-279.8266,191.5069,198.9813,1.9029,-20.1611,-27.6619,0.7526,-0.4932,-0.4364,0.9980,326,11.308769,-0.7983,1.9151
BiancaGolden_CircleTurns,-279.0354,191.6717,199.0894,2.0231,-19.9929,-27.8223,0.7520,-0.4965,-0.4335,0.9980,327,11.322622,-0.7904,1.9167
BiancaGolden_CircleTurns,-278.2802,191.8686,199.0203,2.0511,-19.7148,-28.0238,0.7528,-0.4995,-0.4286,0.9980,327,11.334795,-0.7828,1.9187
BiancaGolden_CircleTurns,-277.5266,192.0246,198.9762,2.2844,-19.4289,-28.1421,0.7537,-0.5034,-0.4225,0.9980,328,11.350821,-0.7753,1.9202
BiancaGolden_CircleTurns,-276.7796,192.2039,198.9687,2.6386,-19.0756,-28.2132,0.7558,-0.5055,-0.4161,0.9980,328,11.363590,-0.7678,1.9220
BiancaGolden_CircleTurns,-276.0351,192.3799,198.9438,2.9325,-18.8223,-28.2440,0.7588,-0.5034,-0.4132,0.9980,328,11.377868,-0.7604,1.9238
BiancaGolden_CircleTurns,-275.2883,192.5732,198.8819,3.0888,-18.6329,-28.2803,0.7554,-0.5022,-0.4208,0.9980,329,11.391506,-0.7529,1.9257
BiancaGolden_CircleTurns,-274.5587,192.7867,198.8133,3.1155,-18.5299,-28.3362,0.7538,-0.5009,-0.4254,0.9980,329,11.404655,-0.7456,1.9279
BiancaGolden_CircleTurns,-273.8208,193.0064,198.7683,3.0456,-18.5304,-28.4072,0.7524,-0.5019,-0.4267,0.9980,330,11.419674,-0.7382,1.9301
BiancaGolden_CircleTurns,-273.0907,193.2408,198.7354,2.9317,-18.5817,-28.5071,0.7488,-0.5029,-0.4317,0.9980,330,11.433622,-0.7309,1.9324
BiancaGolden_CircleTurns,-272.3569,193.4974,198.6992,2.7002,-18.7243,-28.7079,0.7453,-0.5053,-0.4350,0.9980,331,11.447819,-0.7236,1.9350
BiancaGolden_CircleTurns,-271.6060,193.7497,198.6417,2.5877,-18.7852,-28.9447,0.7409,-0.5080,-0.4393,0.9980,331,11.461603,-0.7161,1.9375
BiancaGolden_CircleTurns,-270.8393,194.0208,198.5991,2.5578,-18.7945,-29.1660,0.7407,-0.5089,-0.4386,0.9980,332,11.479794,-0.7084,1.9402
BiancaGolden_CircleTurns,-270.0227,194.3148,198.5816,2.4945,-18.6191,-29.3869,0.7403,-0.5120,-0.4357,0.9980,332,11.489565,-0.7002,1.9431
BiancaGolden_CircleTurns,-269.2144,194.6121,198.5652,2.3679,-18.4217,-29.5931,0.7403,-0.5197,-0.4264,0.9980,332,11.503067,-0.6921,1.9461
BiancaGolden_CircleTurns,-268.3465,194.9635,198.5544,1.9840,-17.9223,-29.9178,0.7368,-0.5338,-0.4150,0.9980,333,11.516749,-0.6835,1.9496
BiancaGolden_CircleTurns,-267.4941,195.3113,198.5113,1.6069,-17.4479,-30.2822,0.7479,-0.5553,-0.3637,0.9980,333,11.529715,-0.6749,1.9531
BiancaGolden_CircleTurns,-266.6649,195.6777,198.4397,1.2882,-17.0121,-30.6806,0.7559,-0.5810,-0.3019,0.9980,333,11.545006,-0.6666,1.9568
BiancaGolden_CircleTurns,-265.7972,196.0598,198.3625,1.0872,-16.6308,-31.1415,0.7594,-0.6011,-0.2490,0.9980,334,11.560009,-0.6580,1.9606
BiancaGolden_CircleTurns,-264.9484,196.4363,198.2520,0.9487,-16.1702,-31.4256,0.7558,-0.6076,-0.2440,0.9980,334,11.571821,-0.6495,1.9644
BiancaGolden_CircleTurns,-264.0891,196.8701,198.1445,0.6784,-15.8962,-31.7924,0.7526,-0.6131,-0.2403,0.9980,335,11.587039,-0.6409,1.9687
BiancaGolden_CircleTurns,-263.2594,197.2877,197.9608,0.1525,-15.6120,-32.1544,0.7506,-0.6158,-0.2395,0.9980,335,11.600094,-0.6326,1.9729
BiancaGolden_CircleTurns,-262.4732,197.6585,197.9079,0.1232,-15.5596,-32.4506,0.7498,-0.6098,-0.2567,0.9980,336,11.614321,-0.6247,1.9766
BiancaGolden_CircleTurns,-261.6983,198.0180,197.8334,0.2610,-15.5382,-32.7430,0.7529,-0.6049,-0.2594,0.9980,336,11.628385,-0.6170,1.9802
BiancaGolden_CircleTurns,-260.9627,198.3870,197.7359,0.4522,-15.5956,-33.0476,0.7512,-0.6030,-0.2683,0.9980,336,11.643017,-0.6096,1.9839
BiancaGolden_CircleTurns,-260.2695,198.7245,197.6678,0.9790,-15.8239,-33.1594,0.7496,-0.6001,-0.2793,0.9980,337,11.656316,-0.6027,1.9872
BiancaGolden_CircleTurns,-259.5628,199.0928,197.6004,1.3575,-15.9850,-33.3125,0.7480,-0.6006,-0.2824,0.9980,337,11.669181,-0.5956,1.9909
BiancaGolden_CircleTurns,-258.9054,199.4398,197.5425,1.7312,-16.2030,-33.3860,0.7492,-0.5974,-0.2860,0.9980,338,11.684208,-0.5891,1.9944
BiancaGolden_CircleTurns,-258.2508,199.7601,197.5234,1.9003,-16.2502,-33.4092,0.7488,-0.5979,-0.2860,0.9980,338,11.698063,-0.5825,1.9976
BiancaGolden_CircleTurns,-257.5999,200.0652,197.5113,2.0025,-16.1694,-33.4468,0.7523,-0.5927,-0.2876,0.9980,338,11.712274,-0.5760,2.0007
BiancaGolden_CircleTurns,-257.0094,200.3736,197.4962,2.0700,-16.1005,-33.3642,0.7542,-0.5894,-0.2895,0.9980,339,11.725956,-0.5701,2.0037
BiancaGolden_CircleTurns,-256.4664,200.6849,197.4616,2.2044,-16.2205,-33.2227,0.7554,-0.5860,-0.2932,0.9980,339,11.739018,-0.5647,2.0068
BiancaGolden_CircleTurns,-255.9644,201.0073,197.4372,2.3273,-16.4499,-33.0598,0.7580,-0.5775,-0.3033,0.9980,340,11.754409,-0.5596,2.0101
BiancaGolden_CircleTurns,-255.5390,201.3447,197.4402,2.3697,-16.8736,-32.7933,0.7588,-0.5728,-0.3100,0.9980,340,11.767785,-0.5554,2.0134
BiancaGolden_CircleTurns,-255.1213,201.6502,197.4683,2.3962,-17.2766,-32.5262,0.7572,-0.5669,-0.3246,0.9980,341,11.782031,-0.5512,2.0165
BiancaGolden_CircleTurns,-254.7225,201.9218,197.5362,2.4109,-17.6153,-32.2542,0.7538,-0.5693,-0.3282,0.9980,341,11.795579,-0.5472,2.0192
BiancaGolden_CircleTurns,-254.3579,202.1645,197.6391,2.3651,-17.8637,-32.0107,0.7548,-0.5670,-0.3298,0.9980,341,11.809893,-0.5436,2.0216
BiancaGolden_CircleTurns,-254.0083,202.4031,197.7348,2.3008,-18.0530,-31.8476,0.7565,-0.5648,-0.3297,0.9980,342,11.823495,-0.5401,2.0240
BiancaGolden_CircleTurns,-253.7073,202.5871,197.8650,2.2397,-18.1755,-31.6847,0.7572,-0.5711,-0.3172,0.9980,342,11.836349,-0.5371,2.0259
BiancaGolden_CircleTurns,-253.4207,202.7436,198.0462,2.1501,-18.1707,-31.5202,0.7589,-0.5701,-0.3147,0.9980,343,11.851663,-0.5342,2.0274
BiancaGolden_CircleTurns,-253.1361,202.8836,198.2151,2.0282,-18.0614,-31.4092,0.7559,-0.5772,-0.3088,0.9980,343,11.865221,-0.5314,2.0288
BiancaGolden_CircleTurns,-252.8696,202.9902,198.3896,1.8416,-17.8455,-31.2705,0.7585,-0.5763,-0.3043,0.9980,344,11.880000,-0.5287,2.0299
BiancaGolden_CircleTurns,-252.6258,203.0519,198.5430,1.7224,-17.5593,-31.0956,0.7572,-0.5843,-0.2920,0.9980,344,11.894090,-0.5263,2.0305
BiancaGolden_CircleTurns,-252.3853,203.1232,198.6864,1.5966,-17.3810,-30.9355,0.7580,-0.5845,-0.2894,0.9980,344,11.907599,-0.5239,2.0312
BiancaGolden_CircleTurns,-252.1893,203.0980,198.8301,1.5186,-17.2258,-30.7355,0.7585,-0.5807,-0.2958,0.9980,345,11.921399,-0.5219,2.0310
BiancaGolden_CircleTurns,-251.9959,203.0951,198.9505,1.4507,-17.1462,-30.5570,0.7595,-0.5791,-0.2963,0.9980,345,11.933886,-0.5200,2.0310
BiancaGolden_CircleTurns,-251.8276,203.0764,199.0172,1.2311,-17.1498,-30.4546,0.7586,-0.5763,-0.3038,0.9980,346,11.948855,-0.5183,2.0308
BiancaGolden_CircleTurns,-251.6636,203.0364,199.0416,1.0156,-17.1559,-30.3281,0.7522,-0.5715,-0.3280,0.9980,346,11.963096,-0.5166,2.0304
BiancaGolden_CircleTurns,-251.5206,202.9987,199.0279,0.8572,-17.2326,-30.2555,0.7500,-0.5700,-0.3357,0.9980,347,11.980340,-0.5152,2.0300
BiancaGolden_CircleTurns,-251.3912,202.9016,199.0464,0.8036,-17.4298,-30.0788,0.7500,-0.5675,-0.3397,0.9980,347,11.991152,-0.5139,2.0290
BiancaGolden_CircleTurns,-251.2462,202.7908,199.1269,0.7482,-17.6710,-29.9510,0.7332,-0.5563,-0.3911,0.9980,347,12.005349,-0.5125,2.0279
BiancaGolden_CircleTurns,-251.1156,202.6124,199.2258,0.7777,-17.8433,-29.7745,0.6811,-0.5403,-0.4941,0.9980,348,12.018249,-0.5112,2.0261
BiancaGolden_CircleTurns,-250.9588,202.4001,199.3362,0.8661,-17.9271,-29.5944,0.6826,-0.5391,-0.4933,0.9980,348,12.031337,-0.5096,2.0240
BiancaGolden_CircleTurns,-250.8242,202.1668,199.4262,0.8312,-17.8683,-29.4839,0.6861,-0.5358,-0.4922,0.9980,349,12.046815,-0.5082,2.0217
BiancaGolden_CircleTurns,-250.7063,201.8798,199.5323,0.7979,-17.7841,-29.3463,0.6928,-0.5387,-0.4794,0.9980,349,12.059738,-0.5071,2.0188
BiancaGolden_CircleTurns,-250.6246,201.6014,199.5511,0.7166,-17.5743,-29.3027,0.6940,-0.5376,-0.4790,0.9980,349,12.073888,-0.5062,2.0160
BiancaGolden_CircleTurns,-250.5687,201.2877,199.5946,0.5672,-17.5236,-29.2327,0.6954,-0.5113,-0.5051,0.9980,350,12.087968,-0.5057,2.0129
BiancaGolden_CircleTurns,-250.5086,200.9382,199.6088,0.5639,-17.4289,-29.2040,0.6954,-0.5103,-0.5059,0.9980,350,12.101151,-0.5051,2.0094
BiancaGolden_CircleTurns,-250.4789,200.5831,199.5923,0.4418,-17.4709,-29.1790,0.6907,-0.5062,-0.5164,0.9980,351,12.115726,-0.5048,2.0058
BiancaGolden_CircleTurns,-250.4680,200.1974,199.5648,0.3290,-17.5470,-29.1170,0.6906,-0.5146,-0.5082,0.9980,351,12.129429,-0.5047,2.0020
BiancaGolden_CircleTurns,-250.4725,199.7907,199.5207,0.2542,-17.6408,-29.0016,0.7191,-0.5411,-0.4359,0.9980,351,12.143902,-0.5047,1.9979
BiancaGolden_CircleTurns,-250.5098,199.3726,199.4891,0.1154,-17.7410,-29.0021,0.7223,-0.5374,-0.4354,0.9980,352,12.157833,-0.5051,1.9937
BiancaGolden_CircleTurns,-250.6119,198.9552,199.2121,-0.0649,-17.6716,-28.7372,0.7210,-0.5354,-0.4398,0.9980,352,12.171261,-0.5061,1.9896
BiancaGolden_CircleTurns,-250.7288,198.5112,199.0129,-0.0978,-17.9754,-28.5897,0.7207,-0.5351,-0.4407,0.9980,353,12.185576,-0.5073,1.9851
BiancaGolden_CircleTurns,-250.8323,198.0436,198.7991,0.1175,-18.0665,-28.4820,0.7234,-0.5304,-0.4420,0.9980,353,12.199305,-0.5083,1.9804
BiancaGolden_CircleTurns,-251.0536,197.5248,198.6471,0.2813,-18.2758,-28.1082,0.7279,-0.5295,-0.4356,0.9980,354,12.214247,-0.5105,1.9752
BiancaGolden_CircleTurns,-251.2990,196.9995,198.4289,0.5526,-18.4788,-27.8658,0.7293,-0.5326,-0.4295,0.9980,354,12.227322,-0.5130,1.9700
BiancaGolden_CircleTurns,-251.5067,196.4973,198.2709,0.4886,-18.8186,-27.8277,0.7238,-0.5351,-0.4356,0.9980,354,12.241937,-0.5151,1.9650
BiancaGolden_CircleTurns,-251.6048,195.9102,198.2979,0.2968,-19.2264,-27.7380,0.7228,-0.5341,-0.4386,0.9980,355,12.255127,-0.5160,1.9591
BiancaGolden_CircleTurns,-251.5689,195.2957,198.6419,-0.3544,-19.3242,-27.7947,0.7183,-0.5418,-0.4365,0.9980,355,12.268442,-0.5157,1.9530
BiancaGolden_CircleTurns,-251.6840,194.7832,198.6416,-1.1104,-19.2512,-28.0403,0.7140,-0.5431,-0.4419,0.9980,356,12.283616,-0.5168,1.9478
BiancaGolden_CircleTurns,-251.9194,194.2933,198.3722,-1.6015,-19.3604,-28.2680,0.7105,-0.5448,-0.4454,0.9980,356,12.297550,-0.5192,1.9429
BiancaGolden_CircleTurns,-252.0323,193.8354,198.1760,-1.7895,-19.3471,-28.5146,0.7064,-0.5510,-0.4443,0.9980,356,12.311131,-0.5203,1.9384
BiancaGolden_CircleTurns,-252.1173,193.3822,198.1213,-1.9025,-19.2637,-28.6696,0.7056,-0.5526,-0.4435,0.9980,357,12.324681,-0.5212,1.9338
BiancaGolden_CircleTurns,-252.1606,192.9663,198.1406,-2.0933,-19.1861,-28.8134,0.7041,-0.5554,-0.4425,0.9980,357,12.338021,-0.5216,1.9297
BiancaGolden_CircleTurns,-252.2536,192.6388,198.1201,-2.3938,-19.2514,-29.0513,0.6973,-0.5525,-0.4566,0.9980,358,12.352997,-0.5225,1.9264
BiancaGolden_CircleTurns,-252.1508,192.2073,198.4056,-2.7099,-20.3443,-29.2369,0.7003,-0.5574,-0.4459,0.9980,358,12.366651,-0.5215,1.9221
BiancaGolden_CircleTurns,-252.0906,191.8761,198.6134,-3.0861,-19.5880,-29.5591,0.6954,-0.5506,-0.4618,0.9980,359,12.381185,-0.5209,1.9188
BiancaGolden_CircleTurns,-252.4127,191.6842,198.4348,-2.8309,-20.8579,-29.4379,0.6929,-0.5501,-0.4661,0.9980,359,12.394532,-0.5241,1.9168
BiancaGolden_CircleTurns,-252.2732,191.3766,198.1799,-2.3982,-21.2508,-29.6098,0.6976,-0.5426,-0.4679,0.9980,359,12.409095,-0.5227,1.9138
BiancaGolden_CircleTurns,-252.0829,191.0851,198.5930,-2.3010,-21.5556,-29.7246,0.7034,-0.5448,-0.4564,0.9980,360,12.422618,-0.5208,1.9109
BiancaGolden_CircleTurns,-251.8753,190.7229,198.8244,-2.4601,-21.5303,-29.8473,0.7028,-0.5495,-0.4518,0.9980,360,12.435968,-0.5188,1.9072
BiancaGolden_CircleTurns,-251.6868,190.4315,198.8712,-2.2723,-21.1838,-30.1560,0.7014,-0.5530,-0.4497,0.9980,361,12.451069,-0.5169,1.9043
BiancaGolden_CircleTurns,-251.4789,190.1335,198.8757,-1.6740,-21.0918,-30.3287,0.7069,-0.5525,-0.4416,0.9980,361,12.464203,-0.5148,1.9013
BiancaGolden_CircleTurns,-251.1854,189.9001,198.8751,-1.2153,-20.6819,-30.4587,0.7207,-0.5543,-0.4164,0.9980,362,12.492076,-0.5119,1.8990
BiancaGolden_CircleTurns,-250.9351,189.8504,198.7098,-1.4035,-20.2255,-30.5890,0.7200,-0.5602,-0.4096,0.9980,362,12.507062,-0.5094,1.8985
BiancaGolden_CircleTurns,-250.4023,189.6675,198.5079,-1.8270,-19.6766,-30.9787,0.7175,-0.5569,-0.4183,0.9980,363,12.520643,-0.5040,1.8967
BiancaGolden_CircleTurns,-250.1103,189.7357,198.4129,-2.1917,-19.4691,-30.9742,0.7185,-0.5518,-0.4233,0.9980,363,12.534359,-0.5011,1.8974
BiancaGolden_CircleTurns,-249.7935,189.7731,198.3891,-2.5258,-19.5173,-30.6864,0.7262,-0.5380,-0.4280,0.9980,364,12.548991,-0.4979,1.8977
BiancaGolden_CircleTurns,-249.2350,189.6861,198.7730,-3.1599,-19.6414,-30.4439,0.7273,-0.5381,-0.4259,0.9980,364,12.561941,-0.4924,1.8969
BiancaGolden_CircleTurns,-248.8790,189.7837,198.9842,-4.0144,-19.1495,-30.5380,0.7262,-0.5355,-0.4311,0.9980,364,12.576262,-0.4888,1.8978
BiancaGolden_CircleTurns,-248.8128,189.8242,198.8632,-4.1432,-19.4690,-30.4451,0.7254,-0.5340,-0.4344,0.9980,365,12.590126,-0.4881,1.8982
BiancaGolden_CircleTurns,-248.7597,189.9131,198.7179,-3.7007,-19.7208,-30.3388,0.7257,-0.5312,-0.4373,0.9980,365,12.604347,-0.4876,1.8991
BiancaGolden_CircleTurns,-248.7130,189.9999,198.6808,-3.1073,-19.9658,-30.1185,0.7276,-0.5256,-0.4409,0.9980,366,12.617736,-0.4871,1.9000
BiancaGolden_CircleTurns,-248.6822,190.0512,198.7463,-2.3612,-20.2752,-29.6589,0.7283,-0.5177,-0.4490,0.9980,366,12.631082,-0.4868,1.9005
BiancaGolden_CircleTurns,-248.6133,190.0808,198.9387,-2.1528,-20.3965,-29.1912,0.7317,-0.5108,-0.4512,0.9980,366,12.645020,-0.4861,1.9008
BiancaGolden_CircleTurns,-248.6047,190.0778,199.1937,-2.4836,-20.4248,-28.7089,0.7346,-0.5075,-0.4503,0.9980,367,12.658556,-0.4860,1.9008
BiancaGolden_CircleTurns,-248.6039,190.0808,199.3373,-2.7168,-20.3407,-28.4248,0.7323,-0.5127,-0.4483,0.9980,367,12.671742,-0.4860,1.9008
BiancaGolden_CircleTurns,-248.7449,190.0190,199.4893,-3.0179,-20.1719,-28.1702,0.7344,-0.5153,-0.4417,0.9980,368,12.686541,-0.4874,1.9002
BiancaGolden_CircleTurns,-248.8569,189.9315,199.6268,-3.1878,-19.7530,-28.1573,0.7377,-0.5169,-0.4344,0.9980,368,12.700421,-0.4886,1.8993
BiancaGolden_CircleTurns,-248.9624,189.8558,199.7480,-3.2567,-19.2758,-28.1576,0.7404,-0.5200,-0.4258,0.9980,369,12.714448,-0.4896,1.8986
BiancaGolden_CircleTurns,-249.0703,189.7722,199.8456,-3.2894,-18.6342,-28.2127,0.7385,-0.5343,-0.4113,0.9980,369,12.729352,-0.4907,1.8977
BiancaGolden_CircleTurns,-249.1884,189.6533,199.9511,-3.3345,-17.9344,-28.2255,0.7390,-0.5356,-0.4086,0.9980,369,12.742373,-0.4919,1.8965
BiancaGolden_CircleTurns,-249.2981,189.5645,200.1036,-3.4860,-17.4346,-28.2196,0.7415,-0.5363,-0.4032,0.9980,370,12.755637,-0.4930,1.8956
BiancaGolden_CircleTurns,-249.4340,189.4707,200.2116,-3.6989,-17.0663,-28.2151,0.7303,-0.5454,-0.4113,0.9980,370,12.769112,-0.4943,1.8947
BiancaGolden_CircleTurns,-249.5956,189.3768,200.2203,-3.8870,-16.9023,-28.2741,0.7273,-0.5486,-0.4125,0.9980,371,12.783776,-0.4960,1.8938
BiancaGolden_CircleTurns,-249.7412,189.2797,200.2215,-4.1067,-16.8577,-28.3898,0.7212,-0.5466,-0.4255,0.9980,371,12.797557,-0.4974,1.8928
BiancaGolden_CircleTurns,-249.8425,189.1742,200.2697,-4.2761,-16.8986,-28.5442,0.7185,-0.5394,-0.4391,0.9980,371,12.811832,-0.4984,1.8917
BiancaGolden_CircleTurns,-249.8755,189.0257,200.4074,-4.3473,-17.0210,-28.6922,0.7177,-0.5403,-0.4394,0.9980,372,12.825356,-0.4988,1.8903
BiancaGolden_CircleTurns,-249.9009,188.8917,200.5413,-4.2626,-17.0512,-28.7486,0.7179,-0.5369,-0.4432,0.9980,372,12.838787,-0.4990,1.8889
BiancaGolden_CircleTurns,-249.9179,188.7514,200.6355,-3.9514,-17.0824,-28.6864,0.7189,-0.5324,-0.4470,0.9980,373,12.853781,-0.4992,1.8875
BiancaGolden_CircleTurns,-249.9456,188.6256,200.6808,-3.6252,-17.0667,-28.5363,0.7188,-0.5303,-0.4496,0.9980,373,12.867418,-0.4995,1.8863
BiancaGolden_CircleTurns,-249.9593,188.5288,200.7376,-3.3306,-17.1306,-28.3802,0.7200,-0.5284,-0.4499,0.9980,374,12.881821,-0.4996,1.8853
BiancaGolden_CircleTurns,-249.9706,188.4244,200.7843,-3.0174,-17.1916,-28.1713,0.7205,-0.5277,-0.4498,0.9980,374,12.895388,-0.4997,1.8842
BiancaGolden_CircleTurns,-249.9941,188.2986,200.8026,-2.6809,-17.2308,-27.9876,0.7221,-0.5266,-0.4487,0.9980,374,12.910525,-0.4999,1.8830
BiancaGolden_CircleTurns,-250.0415,188.1801,200.7185,-2.2223,-17.2196,-27.7876,0.7227,-0.5261,-0.4482,0.9980,375,12.923354,-0.5004,1.8818
BiancaGolden_CircleTurns,-250.0771,188.0860,200.6491,-1.9702,-17.2580,-27.6417,0.7208,-0.5244,-0.4533,0.9980,375,12.936244,-0.5008,1.8809
BiancaGolden_CircleTurns,-250.0827,188.0240,200.6361,-2.0339,-17.3744,-27.6295,0.7196,-0.5235,-0.4562,0.9980,376,12.951586,-0.5008,1.8802
BiancaGolden_CircleTurns,-250.0726,187.9789,200.6528,-2.3386,-17.5215,-27.6703,0.7173,-0.5125,-0.4720,0.9980,376,12.964980,-0.5007,1.8798
BiancaGolden_CircleTurns,-250.0603,187.9662,200.6427,-2.5961,-17.7673,-27.6687,0.7164,-0.5106,-0.4755,0.9980,377,12.982351,-0.5006,1.8797
BiancaGolden_CircleTurns,-250.0394,187.9696,200.6036,-2.6945,-17.9826,-27.6063,0.7130,-0.5133,-0.4776,0.9980,377,12.993266,-0.5004,1.8797
BiancaGolden_CircleTurns,-249.9817,188.0148,200.5514,-2.6549,-18.1312,-27.5597,0.7135,-0.5136,-0.4765,0.9980,377,13.007354,-0.4998,1.8801
BiancaGolden_CircleTurns,-249.8640,188.0942,200.5102,-2.7170,-18.2066,-27.5616,0.7134,-0.5138,-0.4765,0.9980,378,13.020793,-0.4986,1.8809
BiancaGolden_CircleTurns,-249.6892,188.1979,200.5151,-2.9009,-18.1786,-27.6130,0.7167,-0.5162,-0.4690,0.9980,378,13.033401,-0.4969,1.8820
BiancaGolden_CircleTurns,-249.4375,188.3461,200.5371,-3.2082,-17.9951,-27.6850,0.7143,-0.5258,-0.4618,0.9980,379,13.048347,-0.4944,1.8835
BiancaGolden_CircleTurns,-249.1958,188.4967,200.5232,-3.2867,-17.7945,-27.7048,0.7142,-0.5284,-0.4591,0.9980,379,13.062517,-0.4920,1.8850
BiancaGolden_CircleTurns,-248.9430,188.6731,200.4769,-3.2608,-17.6742,-27.7090,0.7134,-0.5299,-0.4585,0.9980,379,13.076399,-0.4894,1.8867
BiancaGolden_CircleTurns,-248.5965,188.9455,200.4400,-3.3329,-17.6294,-27.8332,0.7124,-0.5311,-0.4587,0.9980,380,13.089798,-0.4860,1.8895
BiancaGolden_CircleTurns,-248.2478,189.2091,200.4119,-3.4934,-17.6139,-27.9610,0.7128,-0.5329,-0.4560,0.9980,380,13.103086,-0.4825,1.8921
BiancaGolden_CircleTurns,-247.8447,189.5448,200.3531,-3.5950,-17.5604,-28.1208,0.7095,-0.5320,-0.4622,0.9980,381,13.118343,-0.4784,1.8954
BiancaGolden_CircleTurns,-247.4264,189.9078,200.2705,-3.4747,-17.5808,-28.1988,0.7073,-0.5338,-0.4635,0.9980,381,13.131782,-0.4743,1.8991
BiancaGolden_CircleTurns,-246.9602,190.3169,200.2253,-3.3053,-17.6790,-28.3093,0.7045,-0.5361,-0.4650,0.9980,382,13.146096,-0.4696,1.9032
BiancaGolden_CircleTurns,-246.4920,190.7397,200.1940,-3.2063,-17.7921,-28.4403,0.7008,-0.5381,-0.4683,0.9980,382,13.161209,-0.4649,1.9074
BiancaGolden_CircleTurns,-245.9637,191.2421,200.1211,-3.1208,-18.0220,-28.6516,0.6969,-0.5411,-0.4707,0.9980,382,13.174461,-0.4596,1.9124
BiancaGolden_CircleTurns,-245.4203,191.7469,200.0159,-2.9715,-18.2005,-28.9166,0.6934,-0.5444,-0.4721,0.9980,383,13.187480,-0.4542,1.9175
BiancaGolden_CircleTurns,-244.8272,192.2828,199.8963,-2.7147,-18.3416,-29.2400,0.6897,-0.5488,-0.4724,0.9980,383,13.200795,-0.4483,1.9228
BiancaGolden_CircleTurns,-244.1874,192.8376,199.7984,-2.3719,-18.3775,-29.5959,0.6865,-0.5535,-0.4716,0.9980,384,13.216273,-0.4419,1.9284
BiancaGolden_CircleTurns,-243.5626,193.4118,199.7070,-2.0762,-18.4223,-29.9019,0.6843,-0.5551,-0.4728,0.9980,384,13.229931,-0.4356,1.9341
BiancaGolden_CircleTurns,-242.8955,194.0942,199.5647,-1.7621,-18.4950,-30.2363,0.6799,-0.5581,-0.4757,0.9980,384,13.244201,-0.4290,1.9409
BiancaGolden_CircleTurns,-242.2268,194.7679,199.4175,-1.6068,-18.7066,-30.5290,0.6758,-0.5618,-0.4772,0.9980,385,13.257454,-0.4223,1.9477
BiancaGolden_CircleTurns,-241.4971,195.4899,199.2869,-1.5107,-18.8190,-30.8573,0.6791,-0.5591,-0.4758,0.9980,385,13.271452,-0.4150,1.9549
BiancaGolden_CircleTurns,-240.7354,196.1837,199.2404,-1.4877,-19.0217,-31.1371,0.6814,-0.5597,-0.4717,0.9980,386,13.286068,-0.4074,1.9618
BiancaGolden_CircleTurns,-239.8817,196.8529,199.3017,-1.4553,-18.8844,-31.4234,0.6812,-0.5619,-0.4692,0.9980,386,13.299096,-0.3988,1.9685
BiancaGolden_CircleTurns,-239.0792,197.5809,199.2368,-1.3399,-18.7928,-31.6871,0.6789,-0.5659,-0.4678,0.9980,387,13.313393,-0.3908,1.9758
BiancaGolden_CircleTurns,-238.2205,198.2777,199.1425,-1.2665,-18.7112,-31.9729,0.6764,-0.5707,-0.4656,0.9980,387,13.326790,-0.3822,1.9828
BiancaGolden_CircleTurns,-237.3061,198.9656,199.1445,-1.2712,-18.5682,-32.3258,0.6771,-0.5744,-0.4600,0.9980,387,13.340985,-0.3731,1.9897
BiancaGolden_CircleTurns,-236.3837,199.6154,199.1466,-1.3922,-18.3494,-32.7237,0.6737,-0.5810,-0.4566,0.9980,388,13.354776,-0.3638,1.9962
BiancaGolden_CircleTurns,-235.5088,200.2219,199.1195,-1.3238,-18.1105,-33.0706,0.6719,-0.5871,-0.4515,0.9980,388,13.367949,-0.3551,2.0022
BiancaGolden_CircleTurns,-234.6888,200.8170,199.1117,-1.0890,-18.0547,-33.3460,0.6654,-0.5873,-0.4609,0.9980,389,13.383209,-0.3469,2.0082
BiancaGolden_CircleTurns,-233.9152,201.4404,199.1530,-0.8341,-18.2095,-33.5584,0.6659,-0.5799,-0.4694,0.9980,389,13.396564,-0.3392,2.0144
BiancaGolden_CircleTurns,-233.2139,202.0819,199.1393,-0.6819,-18.5250,-33.7268,0.6626,-0.5802,-0.4736,0.9980,389,13.411151,-0.3321,2.0208
BiancaGolden_CircleTurns,-232.5145,202.7107,199.0879,-0.6242,-18.8070,-33.8564,0.6595,-0.5788,-0.4796,0.9980,390,13.424481,-0.3251,2.0271
BiancaGolden_CircleTurns,-231.8233,203.2710,199.0942,-0.6136,-19.0514,-33.9897,0.6583,-0.5773,-0.4831,0.9980,390,13.437803,-0.3182,2.0327
BiancaGolden_CircleTurns,-231.0762,203.7938,199.1960,-0.6448,-19.0895,-34.1884,0.6591,-0.5798,-0.4789,0.9980,391,13.452656,-0.3108,2.0379
BiancaGolden_CircleTurns,-230.4040,204.2655,199.3240,-0.7478,-18.9686,-34.5088,0.6567,-0.5838,-0.4775,0.9980,391,13.466455,-0.3040,2.0427
BiancaGolden_CircleTurns,-229.7987,204.7618,199.3548,-0.7065,-18.9432,-34.8030,0.6534,-0.5925,-0.4711,0.9980,392,13.484090,-0.2980,2.0476
BiancaGolden_CircleTurns,-229.2555,205.2431,199.3626,-0.5450,-18.9724,-35.0783,0.6514,-0.5943,-0.4716,0.9980,392,13.494859,-0.2926,2.0524
BiancaGolden_CircleTurns,-228.7440,205.7086,199.3968,-0.4053,-19.0235,-35.2232,0.6504,-0.5953,-0.4717,0.9980,392,13.508268,-0.2874,2.0571
BiancaGolden_CircleTurns,-228.2189,206.1481,199.4570,-0.3388,-19.0352,-35.3047,0.6519,-0.5942,-0.4711,0.9980,393,13.522289,-0.2822,2.0615
BiancaGolden_CircleTurns,-227.7425,206.5426,199.5115,-0.3245,-18.9906,-35.3203,0.6525,-0.5925,-0.4724,0.9980,393,13.534845,-0.2774,2.0654
BiancaGolden_CircleTurns,-227.2627,206.9354,199.5545,-0.2985,-18.9146,-35.3857,0.6527,-0.5936,-0.4708,0.9980,394,13.550478,-0.2726,2.0694
BiancaGolden_CircleTurns,-226.8869,207.2864,199.5677,-0.3210,-18.7760,-35.4178,0.6511,-0.5923,-0.4746,0.9980,394,13.563574,-0.2689,2.0729
BiancaGolden_CircleTurns,-226.5217,207.6302,199.5842,-0.3015,-18.6792,-35.4646,0.6511,-0.5929,-0.4739,0.9980,394,13.577826,-0.2652,2.0763
BiancaGolden_CircleTurns,-226.1722,207.9245,199.6299,-0.3065,-18.6297,-35.4994,0.6509,-0.5942,-0.4725,0.9980,395,13.591531,-0.2617,2.0792
BiancaGolden_CircleTurns,-225.8401,208.1810,199.7131,-0.3404,-18.5360,-35.5901,0.6526,-0.5945,-0.4698,0.9980,395,13.604669,-0.2584,2.0818
BiancaGolden_CircleTurns,-225.5354,208.4213,199.7987,-0.3933,-18.4497,-35.6903,0.6520,-0.5961,-0.4685,0.9980,396,13.620207,-0.2554,2.0842
BiancaGolden_CircleTurns,-225.2844,208.6422,199.8627,-0.5025,-18.3582,-35.8184,0.6487,-0.5955,-0.4739,0.9980,396,13.633807,-0.2528,2.0864
BiancaGolden_CircleTurns,-225.0716,208.8627,199.8965,-0.6372,-18.2955,-36.0040,0.6475,-0.5974,-0.4732,0.9980,397,13.647580,-0.2507,2.0886
BiancaGolden_CircleTurns,-224.9193,209.0531,199.8932,-0.7073,-18.2400,-36.1667,0.6461,-0.5999,-0.4720,0.9980,397,13.661507,-0.2492,2.0905
BiancaGolden_CircleTurns,-224.7500,209.2419,199.9137,-0.8056,-18.1534,-36.3609,0.6443,-0.6029,-0.4706,0.9980,397,13.675287,-0.2475,2.0924
BiancaGolden_CircleTurns,-224.6144,209.4282,199.9148,-0.9398,-18.0432,-36.6282,0.6450,-0.6019,-0.4709,0.9980,398,13.689048,-0.2461,2.0943
BiancaGolden_CircleTurns,-224.4965,209.5901,199.9333,-1.0042,-17.9453,-36.8172,0.6423,-0.6008,-0.4759,0.9980,398,13.702692,-0.2450,2.0959
BiancaGolden_CircleTurns,-224.4159,209.7443,199.9575,-1.0402,-17.8586,-37.0019,0.6412,-0.6024,-0.4754,0.9980,399,13.716963,-0.2442,2.0974
BiancaGolden_CircleTurns,-224.3406,209.9170,199.9644,-1.2475,-17.7682,-37.2028,0.6392,-0.6042,-0.4757,0.9980,399,13.731103,-0.2434,2.0992
BiancaGolden_CircleTurns,-224.3158,210.0776,199.9776,-1.4064,-17.7755,-37.4126,0.6374,-0.6065,-0.4753,0.9980,399,13.745063,-0.2432,2.1008
BiancaGolden_CircleTurns,-224.3012,210.2370,199.9687,-1.4466,-17.7411,-37.6088,0.6353,-0.6149,-0.4672,0.9980,400,13.758387,-0.2430,2.1024
BiancaGolden_CircleTurns,-224.3219,210.4037,199.9744,-1.5252,-17.7416,-37.7580,0.6423,-0.6231,-0.4463,0.9980,400,13.771857,-0.2432,2.1040
BiancaGolden_CircleTurns,-224.3650,210.5705,199.9852,-1.5393,-17.7245,-37.8614,0.6484,-0.6242,-0.4359,0.9980,401,13.786473,-0.2437,2.1057
BiancaGolden_CircleTurns,-224.4067,210.7227,200.0086,-1.5047,-17.7307,-37.9416,0.6525,-0.6203,-0.4353,0.9980,401,13.800583,-0.2441,2.1072
BiancaGolden_CircleTurns,-224.4600,210.8611,200.0534,-1.3848,-17.6982,-37.8980,0.6531,-0.6187,-0.4366,0.9980,402,13.814631,-0.2446,2.1086
BiancaGolden_CircleTurns,-224.5592,211.0001,200.0844,-1.2900,-17.6834,-37.7969,0.6550,-0.6175,-0.4355,0.9980,402,13.828208,-0.2456,2.1100
BiancaGolden_CircleTurns,-224.6726,211.0914,200.1347,-1.1077,-17.6339,-37.6065,0.6575,-0.6162,-0.4335,0.9980,402,13.842285,-0.2467,2.1109
BiancaGolden_CircleTurns,-224.8078,211.1766,200.1969,-0.9465,-17.5272,-37.4480,0.6605,-0.6144,-0.4316,0.9980,403,13.855982,-0.2481,2.1118
BiancaGolden_CircleTurns,-225.0152,211.2469,200.2175,-0.7887,-17.4409,-37.2934,0.6627,-0.6137,-0.4292,0.9980,403,13.869101,-0.2502,2.1125
BiancaGolden_CircleTurns,-225.2294,211.2857,200.2783,-0.5765,-17.4561,-37.1454,0.6612,-0.6139,-0.4312,0.9980,404,13.884157,-0.2523,2.1129
BiancaGolden_CircleTurns,-225.4441,211.3025,200.3438,-0.4286,-17.4551,-37.0558,0.6595,-0.6147,-0.4326,0.9980,404,13.897856,-0.2544,2.1130
BiancaGolden_CircleTurns,-225.6179,211.2326,200.5254,-0.3213,-17.5549,-36.9835,0.6606,-0.6147,-0.4310,0.9980,404,13.912095,-0.2562,2.1123
BiancaGolden_CircleTurns,-225.7523,211.0353,200.8055,-0.1450,-17.4722,-36.9079,0.6611,-0.6150,-0.4297,0.9980,405,13.925641,-0.2575,2.1104
BiancaGolden_CircleTurns,-225.9174,210.9349,200.9307,-0.0749,-17.3970,-36.8961,0.6602,-0.6126,-0.4346,0.9980,405,13.938994,-0.2592,2.1093
BiancaGolden_CircleTurns,-226.0715,210.7918,200.9958,-0.0450,-17.4519,-36.9163,0.6604,-0.6129,-0.4338,0.9980,406,13.954238,-0.2607,2.1079
BiancaGolden_CircleTurns,-226.1865,210.6583,201.0671,-0.0581,-17.4080,-36.9163,0.6574,-0.6151,-0.4353,0.9980,406,13.967713,-0.2619,2.1066
BiancaGolden_CircleTurns,-226.3281,210.5812,201.0129,-0.2644,-17.3437,-37.0157,0.6560,-0.6152,-0.4373,0.9980,407,13.985522,-0.2633,2.1058
BiancaGolden_CircleTurns,-226.4761,210.5068,200.9019,-0.3641,-17.3157,-37.0760,0.6559,-0.6155,-0.4370,0.9980,407,13.995721,-0.2648,2.1051
BiancaGolden_CircleTurns,-226.6210,210.4602,200.7118,-0.3744,-17.2998,-37.1195,0.6560,-0.6152,-0.4373,0.9980,407,14.009267,-0.2662,2.1046
BiancaGolden_CircleTurns,-226.7225,210.4124,200.5925,-0.1889,-17.4733,-37.1202,0.6570,-0.6136,-0.4380,0.9980,408,14.023110,-0.2672,2.1041
BiancaGolden_CircleTurns,-226.7968,210.3100,200.6304,0.2616,-17.6577,-36.9363,0.6569,-0.6117,-0.4408,0.9980,408,14.036367,-0.2680,2.1031
BiancaGolden_CircleTurns,-226.8977,210.2796,200.5939,0.7499,-17.8861,-36.7475,0.6556,-0.6086,-0.4470,0.9980,409,14.051270,-0.2690,2.1028
BiancaGolden_CircleTurns,-226.9442,210.2800,200.4267,1.2363,-18.2552,-36.5543,0.6570,-0.6037,-0.4516,0.9980,409,14.064611,-0.2694,2.1028
BiancaGolden_CircleTurns,-226.9739,210.2966,200.2963,1.4873,-18.5627,-36.3193,0.6577,-0.6014,-0.4536,0.9980,410,14.079476,-0.2697,2.1030
BiancaGolden_CircleTurns,-226.9593,210.3260,200.2449,1.4616,-18.7020,-36.1319,0.6614,-0.5977,-0.4530,0.9980,410,14.092878,-0.2696,2.1033
BiancaGolden_CircleTurns,-226.9100,210.3638,200.2086,1.3548,-18.8285,-36.0143,0.6610,-0.5965,-0.4553,0.9980,410,14.106760,-0.2691,2.1036
BiancaGolden_CircleTurns,-226.8444,210.4365,200.1862,1.1382,-18.9515,-35.9967,0.6589,-0.5970,-0.4577,0.9980,411,14.120087,-0.2684,2.1044
BiancaGolden_CircleTurns,-226.7364,210.5001,200.2094,0.9731,-19.0963,-35.9831,0.6551,-0.5964,-0.4638,0.9980,411,14.133443,-0.2674,2.1050
BiancaGolden_CircleTurns,-226.5911,210.5757,200.2451,0.8900,-19.2396,-35.9557,0.6549,-0.5962,-0.4644,0.9980,412,14.148192,-0.2659,2.1058
BiancaGolden_CircleTurns,-226.3963,210.6762,200.2889,0.8023,-19.2683,-35.9623,0.6548,-0.5968,-0.4638,0.9980,412,14.162709,-0.2640,2.1068
BiancaGolden_CircleTurns,-226.1354,210.8078,200.3091,0.6475,-19.2194,-35.9966,0.6549,-0.5983,-0.4617,0.9980,412,14.176771,-0.2614,2.1081
BiancaGolden_CircleTurns,-225.7984,210.9226,200.3743,0.5216,-19.0658,-36.0287,0.6574,-0.6020,-0.4532,0.9980,413,14.189808,-0.2580,2.1092
BiancaGolden_CircleTurns,-225.4709,211.0601,200.4039,0.3872,-18.9227,-36.1492,0.6547,-0.6086,-0.4483,0.9980,413,14.203052,-0.2547,2.1106
BiancaGolden_CircleTurns,-225.1118,211.2081,200.4110,0.3613,-18.7103,-36.3207,0.6550,-0.6100,-0.4460,0.9980,414,14.217722,-0.2511,2.1121
BiancaGolden_CircleTurns,-224.7367,211.4087,200.3207,0.4694,-18.5621,-36.5292,0.6503,-0.6115,-0.4508,0.9980,414,14.232015,-0.2474,2.1141
BiancaGolden_CircleTurns,-224.2998,211.5995,200.2663,0.5972,-18.5137,-36.7656,0.6482,-0.6151,-0.4489,0.9980,415,14.246277,-0.2430,2.1160
BiancaGolden_CircleTurns,-223.8089,211.7935,200.2357,0.8113,-18.4123,-36.9968,0.6465,-0.6183,-0.4470,0.9980,415,14.260044,-0.2381,2.1179
BiancaGolden_CircleTurns,-223.3012,211.9933,200.1761,1.0234,-18.3115,-37.1941,0.6439,-0.6229,-0.4443,0.9980,415,14.274132,-0.2330,2.1199
BiancaGolden_CircleTurns,-222.7648,212.2238,200.0428,1.3313,-18.1774,-37.3868,0.6422,-0.6262,-0.4421,0.9980,416,14.287699,-0.2276,2.1222
BiancaGolden_CircleTurns,-222.2052,212.4814,199.8716,1.5755,-18.0641,-37.5820,0.6407,-0.6249,-0.4461,0.9980,416,14.299786,-0.2221,2.1248
BiancaGolden_CircleTurns,-221.5786,212.7271,199.7667,1.7432,-18.0229,-37.8034,0.6386,-0.6273,-0.4458,0.9980,417,14.315976,-0.2158,2.1273
BiancaGolden_CircleTurns,-220.8953,212.9884,199.7083,1.7850,-18.0085,-38.0016,0.6354,-0.6288,-0.4483,0.9980,417,14.328481,-0.2090,2.1299
BiancaGolden_CircleTurns,-220.1932,213.2541,199.6316,1.7977,-17.9900,-38.1971,0.6338,-0.6314,-0.4469,0.9980,417,14.342983,-0.2019,2.1325
BiancaGolden_CircleTurns,-219.4559,213.5261,199.5364,1.8301,-17.9111,-38.3922,0.6322,-0.6320,-0.4481,0.9980,418,14.357041,-0.1946,2.1353
BiancaGolden_CircleTurns,-218.7278,213.7969,199.4230,1.8790,-17.7745,-38.5884,0.6308,-0.6353,-0.4454,0.9980,418,14.369553,-0.1873,2.1380
BiancaGolden_CircleTurns,-217.9182,214.0822,199.2674,1.9380,-17.6059,-38.8012,0.6278,-0.6355,-0.4495,0.9980,419,14.384876,-0.1792,2.1408
BiancaGolden_CircleTurns,-216.9765,214.2808,199.3973,1.9270,-17.7306,-38.9939,0.6286,-0.6348,-0.4494,0.9980,419,14.399059,-0.1698,2.1428
BiancaGolden_CircleTurns,-216.0016,214.4653,199.6665,1.7994,-17.6403,-39.2698,0.6262,-0.6386,-0.4472,0.9980,420,14.412553,-0.1600,2.1447
BiancaGolden_CircleTurns,-215.0130,214.6614,199.8404,1.5180,-17.4706,-39.6081,0.6195,-0.6396,-0.4551,0.9980,420,14.426521,-0.1501,2.1466
BiancaGolden_CircleTurns,-214.2016,214.9577,199.6813,1.5664,-17.6629,-39.9414,0.6113,-0.6386,-0.4675,0.9980,420,14.440544,-0.1420,2.1496
BiancaGolden_CircleTurns,-213.3439,215.2185,199.5212,2.0334,-17.9829,-40.1237,0.6074,-0.6398,-0.4708,0.9980,421,14.454494,-0.1334,2.1522
BiancaGolden_CircleTurns,-212.4983,215.5068,199.4437,2.6543,-18.2488,-40.2163,0.6040,-0.6406,-0.4741,0.9980,421,14.471278,-0.1250,2.1551
BiancaGolden_CircleTurns,-211.6535,215.7801,199.4831,3.1791,-18.7378,-40.3522,0.6024,-0.6407,-0.4761,0.9980,422,14.483486,-0.1165,2.1578
BiancaGolden_CircleTurns,-210.8003,216.0285,199.5043,3.4883,-19.0115,-40.5719,0.5970,-0.6425,-0.4803,0.9980,422,14.496342,-0.1080,2.1603
BiancaGolden_CircleTurns,-209.9956,216.2563,199.5423,3.7570,-19.3156,-40.8453,0.5957,-0.6430,-0.4813,0.9980,422,14.510136,-0.1000,2.1626
BiancaGolden_CircleTurns,-209.1953,216.4437,199.5904,3.9855,-19.4000,-41.1641,0.5921,-0.6467,-0.4808,0.9980,423,14.524176,-0.0920,2.1644
BiancaGolden_CircleTurns,-208.4323,216.6161,199.6867,4.1304,-19.3791,-41.4701,0.5872,-0.6531,-0.4783,0.9980,423,14.537190,-0.0843,2.1662
BiancaGolden_CircleTurns,-207.6437,216.7884,199.7552,4.3202,-19.2571,-41.7102,0.5880,-0.6562,-0.4729,0.9980,424,14.552008,-0.0764,2.1679
BiancaGolden_CircleTurns,-206.9146,216.9545,199.7757,4.4041,-19.0330,-41.8233,0.5928,-0.6551,-0.4685,0.9980,424,14.565975,-0.0691,2.1695
BiancaGolden_CircleTurns,-206.2553,217.1113,199.7962,4.4767,-18.9064,-41.8085,0.5937,-0.6549,-0.4676,0.9980,425,14.580242,-0.0626,2.1711
BiancaGolden_CircleTurns,-205.6077,217.2563,199.8179,4.5625,-18.8688,-41.7753,0.5993,-0.6495,-0.4680,0.9980,425,14.593827,-0.0561,2.1726
BiancaGolden_CircleTurns,-205.0252,217.3829,199.8545,4.5664,-18.8415,-41.6530,0.5985,-0.6478,-0.4714,0.9980,425,14.607541,-0.0503,2.1738
BiancaGolden_CircleTurns,-204.4674,217.4929,199.8753,4.5798,-18.8659,-41.6173,0.5994,-0.6458,-0.4729,0.9980,426,14.621753,-0.0447,2.1749
BiancaGolden_CircleTurns,-203.9697,217.5852,199.9491,4.6185,-18.9548,-41.5589,0.5991,-0.6444,-0.4752,0.9980,426,14.634933,-0.0397,2.1759
BiancaGolden_CircleTurns,-203.5092,217.6470,200.0557,4.6898,-19.1099,-41.4842,0.5983,-0.6435,-0.4774,0.9980,427,14.649386,-0.0351,2.1765
BiancaGolden_CircleTurns,-203.0351,217.7073,200.1387,4.7034,-19.2580,-41.4719,0.5988,-0.6398,-0.4818,0.9980,427,14.663768,-0.0304,2.1771
BiancaGolden_CircleTurns,-202.6539,217.7678,200.2288,4.4497,-19.3825,-41.5130,0.5927,-0.6446,-0.4829,0.9980,427,14.677505,-0.0265,2.1777
BiancaGolden_CircleTurns,-202.2994,217.8171,200.3108,4.1517,-19.4486,-41.5916,0.5916,-0.6449,-0.4839,0.9980,428,14.691638,-0.0230,2.1782
BiancaGolden_CircleTurns,-201.9943,217.8742,200.3786,3.7700,-19.3488,-41.7151,0.5874,-0.6442,-0.4899,0.9980,428,14.704799,-0.0199,2.1787
BiancaGolden_CircleTurns,-201.7288,217.9285,200.3985,3.4293,-19.3030,-41.8823,0.5638,-0.6657,-0.4888,0.9980,429,14.719625,-0.0173,2.1793
BiancaGolden_CircleTurns,-201.4516,217.9361,200.4505,3.1574,-19.1845,-42.1034,0.5400,-0.6875,-0.4856,0.9980,429,14.733273,-0.0145,2.1794
BiancaGolden_CircleTurns,-201.2038,217.9451,200.5392,3.0165,-18.9650,-42.2791,0.5411,-0.6892,-0.4819,0.9980,430,14.747062,-0.0120,2.1795
BiancaGolden_CircleTurns,-200.9915,217.9591,200.6056,2.8692,-18.6997,-42.3464,0.5222,-0.7067,-0.4773,0.9980,430,14.761174,-0.0099,2.1796
BiancaGolden_CircleTurns,-200.8100,218.0161,200.6042,2.7011,-18.3671,-42.4523,0.5230,-0.7069,-0.4762,0.9980,430,14.775904,-0.0081,2.1802
BiancaGolden_CircleTurns,-200.7194,218.0879,200.5693,2.3536,-18.2044,-42.4716,0.5271,-0.7051,-0.4743,0.9980,431,14.789444,-0.0072,2.1809
BiancaGolden_CircleTurns,-200.5712,218.0885,200.6435,2.1236,-18.0160,-42.4621,0.5286,-0.7042,-0.4739,0.9980,431,14.801867,-0.0057,2.1809
BiancaGolden_CircleTurns,-200.4990,218.1326,200.7286,1.6166,-17.7487,-42.5416,0.5291,-0.7059,-0.4709,0.9980,432,14.817148,-0.0050,2.1813
BiancaGolden_CircleTurns,-200.4579,218.1750,200.7145,1.3705,-17.5049,-42.6515,0.5287,-0.7070,-0.4697,0.9980,432,14.830620,-0.0046,2.1818
BiancaGolden_CircleTurns,-200.4525,218.2178,200.7066,1.2125,-17.3057,-42.6696,0.5308,-0.7059,-0.4690,0.9980,432,14.845421,-0.0045,2.1822
BiancaGolden_CircleTurns,-200.4598,218.2379,200.7780,1.0990,-17.0840,-42.6934,0.5247,-0.7090,-0.4711,0.9980,0,14.857995,-0.0046,2.1824
BiancaGolden_CircleTurns,-200.4754,218.2410,200.8717,0.9395,-16.9247,-42.7181,0.5304,-0.7050,-0.4708,0.9980,0,14.872411,-0.0048,2.1824
BiancaGolden_CircleTurns,-200.5083,218.2361,200.9649,0.8461,-16.6913,-42.7148,0.5253,-0.7081,-0.4718,0.9980,1,14.887282,-0.0051,2.1824
BiancaGolden_CircleTurns,-200.6122,218.2629,200.9730,0.8536,-16.4740,-42.7119,0.5284,-0.7075,-0.4692,0.9980,1,14.900555,-0.0061,2.1826
BiancaGolden_CircleTurns,-200.7525,218.2765,200.9325,0.9645,-16.3091,-42.6767,0.5302,-0.7081,-0.4663,0.9980,2,14.914639,-0.0075,2.1828
BiancaGolden_CircleTurns,-200.8968,218.2563,200.9585,1.1270,-16.1465,-42.5866,0.5322,-0.7079,-0.4643,0.9980,2,14.928329,-0.0090,2.1826
BiancaGolden_CircleTurns,-201.0294,218.2235,201.0339,1.2337,-16.0393,-42.4685,0.5384,-0.7019,-0.4663,0.9980,2,14.942848,-0.0103,2.1822
BiancaGolden_CircleTurns,-201.1981,218.1964,201.1076,1.2607,-15.8873,-42.3420,0.5398,-0.6995,-0.4683,0.9980,3,14.956391,-0.0120,2.1820
BiancaGolden_CircleTurns,-201.4238,218.1649,201.1290,1.3742,-16.0254,-42.1375,0.5373,-0.6954,-0.4772,0.9980,3,14.972680,-0.0142,2.1816
BiancaGolden_CircleTurns,-201.5809,218.1015,201.2596,1.4020,-16.1185,-41.9943,0.5346,-0.6891,-0.4892,0.9980,4,14.985529,-0.0158,2.1810
BiancaGolden_CircleTurns,-201.7534,217.9950,201.5377,1.2099,-16.3513,-41.8351,0.5362,-0.6872,-0.4901,0.9980,4,14.998459,-0.0175,2.1800
BiancaGolden_CircleTurns,-201.9245,217.9360,201.6808,0.8818,-16.3546,-41.7583,0.5349,-0.6817,-0.4991,0.9980,5,15.012983,-0.0192,2.1794
BiancaGolden_CircleTurns,-202.1641,217.9191,201.6952,0.4883,-16.3863,-41.7179,0.5369,-0.6789,-0.5008,0.9980,5,15.026182,-0.0216,2.1792
BiancaGolden_CircleTurns,-202.3862,217.9116,201.6241,0.1415,-16.3707,-41.6363,0.5388,-0.6776,-0.5005,0.9980,5,15.040704,-0.0239,2.1791
BiancaGolden_CircleTurns,-202.5730,217.8850,201.6414,-0.2525,-16.2679,-41.5648,0.5446,-0.6731,-0.5003,0.9980,6,15.054297,-0.0257,2.1789
BiancaGolden_CircleTurns,-202.7357,217.8578,201.7288,-0.7302,-16.1143,-41.4146,0.5480,-0.6712,-0.4991,0.9980,6,15.067592,-0.0274,2.1786
BiancaGolden_CircleTurns,-202.9069,217.8371,201.7918,-1.1835,-15.9608,-41.3016,0.5479,-0.6716,-0.4987,0.9980,7,15.082685,-0.0291,2.1784
BiancaGolden_CircleTurns,-203.0787,217.8216,201.8325,-1.4134,-15.9071,-41.1459,0.5425,-0.6701,-0.5066,0.9980,7,15.096257,-0.0308,2.1782
BiancaGolden_CircleTurns,-203.2419,217.7906,201.8370,-1.5699,-15.8507,-40.9790,0.5459,-0.6675,-0.5064,0.9980,7,15.111202,-0.0324,2.1779
BiancaGolden_CircleTurns,-203.3395,217.7993,201.8501,-1.6517,-15.8230,-40.7244,0.5521,-0.6632,-0.5053,0.9980,8,15.124450,-0.0334,2.1780
BiancaGolden_CircleTurns,-203.4335,217.8186,201.8312,-1.7384,-15.7375,-40.5594,0.6033,-0.6192,-0.5025,0.9980,8,15.137621,-0.0343,2.1782
BiancaGolden_CircleTurns,-203.5341,217.8301,201.7987,-1.8131,-15.6401,-40.4451,0.6305,-0.5934,-0.5003,0.9980,9,15.152730,-0.0353,2.1783
BiancaGolden_CircleTurns,-203.6396,217.8520,201.7065,-1.7981,-15.5160,-40.3261,0.6333,-0.5917,-0.4989,0.9980,9,15.166682,-0.0364,2.1785
BiancaGolden_CircleTurns,-203.7269,217.8709,201.6286,-1.7254,-15.4388,-40.2200,0.6345,-0.5917,-0.4973,0.9980,10,15.180762,-0.0373,2.1787
BiancaGolden_CircleTurns,-203.7759,217.9187,201.5486,-1.6761,-15.3410,-40.1533,0.6375,-0.5887,-0.4970,0.9980,10,15.194278,-0.0378,2.1792
BiancaGolden_CircleTurns,-203.8081,217.9762,201.4779,-1.7449,-15.3160,-40.1008,0.6362,-0.5863,-0.5015,0.9980,10,15.208738,-0.0381,2.1798
BiancaGolden_CircleTurns,-203.8125,218.0584,201.4203,-1.8289,-15.3034,-40.0685,0.6352,-0.5856,-0.5036,0.9980,11,15.222768,-0.0381,2.1806
BiancaGolden_CircleTurns,-203.8355,218.1370,201.3440,-1.7686,-15.3303,-39.9463,0.6322,-0.5864,-0.5065,0.9980,11,15.236051,-0.0384,2.1814
BiancaGolden_CircleTurns,-203.8319,218.2115,201.2898,-1.7151,-15.4076,-39.8716,0.6304,-0.5863,-0.5088,0.9980,12,15.250574,-0.0383,2.1821
BiancaGolden_CircleTurns,-203.7898,218.2836,201.2638,-1.5831,-15.5817,-39.8936,0.6241,-0.5909,-0.5112,0.9980,12,15.264143,-0.0379,2.1828
BiancaGolden_CircleTurns,-203.7315,218.3582,201.2829,-1.4707,-15.6687,-39.9483,0.6189,-0.5890,-0.5196,0.9980,12,15.278691,-0.0373,2.1836
BiancaGolden_CircleTurns,-203.6380,218.4548,201.3047,-1.4230,-15.7257,-40.0638,0.6184,-0.5893,-0.5200,0.9980,13,15.292356,-0.0364,2.1845
BiancaGolden_CircleTurns,-203.5555,218.5426,201.3105,-1.4147,-15.7498,-40.1081,0.6192,-0.5924,-0.5154,0.9980,13,15.305247,-0.0356,2.1854
BiancaGolden_CircleTurns,-203.3910,218.6581,201.3436,-1.4234,-15.7838,-40.2723,0.6178,-0.5936,-0.5157,0.9980,14,15.320206,-0.0339,2.1866
BiancaGolden_CircleTurns,-203.2146,218.7876,201.3795,-1.5155,-15.7985,-40.4223,0.6183,-0.5966,-0.5117,0.9980,14,15.334286,-0.0321,2.1879
BiancaGolden_CircleTurns,-203.0060,218.9341,201.4181,-1.6001,-15.7653,-40.5677,0.6159,-0.5984,-0.5125,0.9980,15,15.348357,-0.0301,2.1893
BiancaGolden_CircleTurns,-202.8038,219.0762,201.4220,-1.5890,-15.7362,-40.6704,0.6157,-0.6003,-0.5104,0.9980,15,15.361883,-0.0280,2.1908
BiancaGolden_CircleTurns,-202.5701,219.2280,201.4248,-1.4972,-15.7174,-40.7466,0.6155,-0.6013,-0.5096,0.9980,15,15.375993,-0.0257,2.1923
BiancaGolden_CircleTurns,-202.2647,219.3830,201.4625,-1.3405,-15.6518,-40.7783,0.6166,-0.6024,-0.5069,0.9980,16,15.389541,-0.0226,2.1938
BiancaGolden_CircleTurns,-201.9333,219.5495,201.4991,-1.2490,-15.4900,-40.8090,0.6189,-0.6050,-0.5009,0.9980,16,15.402789,-0.0193,2.1955
BiancaGolden_CircleTurns,-201.5874,219.7154,201.5119,-1.1481,-15.3002,-40.8350,0.6198,-0.6066,-0.4978,0.9980,17,15.417949,-0.0159,2.1972
BiancaGolden_CircleTurns,-201.2485,219.8828,201.4913,-1.0002,-15.1098,-40.8246,0.6379,-0.5978,-0.4855,0.9980,17,15.431414,-0.0125,2.1988
BiancaGolden_CircleTurns,-200.8540,220.0428,201.4710,-0.9236,-14.9317,-40.8872,0.6672,-0.5793,-0.4683,0.9980,18,15.445800,-0.0085,2.2004
BiancaGolden_CircleTurns,-200.4467,220.2196,201.4386,-0.8827,-14.7571,-41.0357,0.6723,-0.5844,-0.4544,0.9980,18,15.459620,-0.0045,2.2022
BiancaGolden_CircleTurns,-200.0239,220.3917,201.3955,-0.7862,-14.6743,-41.1749,0.6715,-0.5856,-0.4541,0.9980,18,15.477129,-0.0002,2.2039
BiancaGolden_CircleTurns,-199.6177,220.5858,201.3261,-0.6334,-14.6561,-41.2957,0.6688,-0.5868,-0.4565,0.9980,19,15.487660,0.0038,2.2059
BiancaGolden_CircleTurns,-199.1730,220.8323,201.2283,-0.5232,-14.8099,-41.4380,0.6674,-0.5832,-0.4630,0.9980,19,15.502343,0.0083,2.2083
BiancaGolden_CircleTurns,-198.7081,221.0629,201.1589,-0.4764,-14.9741,-41.5674,0.6649,-0.5827,-0.4673,0.9980,20,15.517207,0.0129,2.2106
BiancaGolden_CircleTurns,-198.2281,221.2855,201.1108,-0.4094,-15.1232,-41.6327,0.6604,-0.5811,-0.4756,0.9980,20,15.530517,0.0177,2.2129
BiancaGolden_CircleTurns,-197.7121,221.5003,201.0697,-0.3467,-15.1688,-41.7431,0.6568,-0.5831,-0.4782,0.9980,20,15.544415,0.0229,2.2150
BiancaGolden_CircleTurns,-197.1563,221.6716,201.0861,-0.3415,-15.2227,-41.8617,0.6563,-0.5856,-0.4758,0.9980,21,15.557923,0.0284,2.2167
BiancaGolden_CircleTurns,-196.5351,221.8101,201.2307,-0.4235,-15.1838,-42.0304,0.6555,-0.5904,-0.4708,0.9980,21,15.571041,0.0346,2.2181
BiancaGolden_CircleTurns,-195.8714,221.9189,201.4324,-0.6095,-15.0020,-42.2299,0.6543,-0.5945,-0.4673,0.9980,22,15.585629,0.0413,2.2192
BiancaGolden_CircleTurns,-195.2443,222.0916,201.4660,-0.7052,-14.7733,-42.5050,0.6527,-0.5981,-0.4650,0.9980,22,15.598991,0.0476,2.2209
BiancaGolden_CircleTurns,-194.6541,222.2911,201.3937,-0.6463,-14.6540,-42.7327,0.6530,-0.5985,-0.4641,0.9980,23,15.613172,0.0535,2.2229
BiancaGolden_CircleTurns,-194.0037,222.4693,201.3614,-0.4396,-14.5665,-42.8539,0.6547,-0.5980,-0.4623,0.9980,23,15.626824,0.0600,2.2247
BiancaGolden_CircleTurns,-193.3759,222.6623,201.3748,-0.3142,-14.4385,-42.9421,0.6526,-0.6007,-0.4618,0.9980,23,15.640978,0.0662,2.2266
BiancaGolden_CircleTurns,-192.7522,222.8571,201.3692,-0.1355,-14.4064,-42.9009,0.6550,-0.5983,-0.4615,0.9980,24,15.654497,0.0725,2.2286
BiancaGolden_CircleTurns,-192.1342,223.0244,201.3519,-0.1063,-14.3873,-42.8902,0.6550,-0.5985,-0.4613,0.9980,24,15.667303,0.0787,2.2302
BiancaGolden_CircleTurns,-191.5242,223.2036,201.3794,-0.1738,-14.3591,-42.9265,0.6523,-0.5982,-0.4655,0.9980,25,15.682315,0.0848,2.2320
BiancaGolden_CircleTurns,-190.9442,223.3699,201.3765,-0.4775,-14.3930,-43.0612,0.6491,-0.5967,-0.4719,0.9980,25,15.695857,0.0906,2.2337
BiancaGolden_CircleTurns,-190.3364,223.5358,201.3998,-0.6447,-14.3537,-43.1790,0.6487,-0.5978,-0.4710,0.9980,25,15.710184,0.0966,2.2354
BiancaGolden_CircleTurns,-189.7346,223.6917,201.4597,-0.9918,-14.2881,-43.3479,0.6454,-0.5995,-0.4733,0.9980,26,15.724030,0.1027,2.2369
BiancaGolden_CircleTurns,-189.1824,223.8708,201.4551,-1.3372,-14.1778,-43.5310,0.6452,-0.6003,-0.4726,0.9980,26,15.737436,0.1082,2.2387
BiancaGolden_CircleTurns,-188.6706,224.0234,201.3989,-1.4440,-14.1046,-43.6109,0.6446,-0.6017,-0.4716,0.9980,27,15.751875,0.1133,2.2402
BiancaGolden_CircleTurns,-188.1435,224.2010,201.3437,-1.5343,-14.0359,-43.7285,0.6427,-0.6011,-0.4750,0.9980,27,15.765577,0.1186,2.2420
BiancaGolden_CircleTurns,-187.6254,224.3342,201.3253,-1.6469,-13.9054,-43.8289,0.6405,-0.6047,-0.4734,0.9980,28,15.779735,0.1237,2.2433
BiancaGolden_CircleTurns,-187.1377,224.4784,201.3260,-1.7636,-13.7844,-43.9230,0.6410,-0.6035,-0.4743,0.9980,28,15.793608,0.1286,2.2448
BiancaGolden_CircleTurns,-186.6819,224.6074,201.2936,-1.8007,-13.7302,-44.0225,0.6375,-0.6055,-0.4764,0.9980,28,15.808565,0.1332,2.2461
BiancaGolden_CircleTurns,-186.2486,224.7098,201.2986,-1.5955,-13.7992,-44.0073,0.6354,-0.6004,-0.4856,0.9980,29,15.821414,0.1375,2.2471
BiancaGolden_CircleTurns,-185.8129,224.8716,201.3038,-1.4899,-13.8010,-44.0538,0.6346,-0.5987,-0.4887,0.9980,29,15.834258,0.1419,2.2487
BiancaGolden_CircleTurns,-185.4249,225.0002,201.2796,-1.5890,-14.0334,-44.0501,0.6304,-0.5953,-0.4981,0.9980,30,15.849100,0.1458,2.2500
BiancaGolden_CircleTurns,-185.0652,225.0736,201.3204,-1.6262,-14.1748,-44.0021,0.6291,-0.5949,-0.5004,0.9980,30,15.862755,0.1493,2.2507
BiancaGolden_CircleTurns,-184.7028,225.1496,201.3456,-1.5690,-14.1984,-44.0344,0.6269,-0.5972,-0.5003,0.9980,30,15.876991,0.1530,2.2515
BiancaGolden_CircleTurns,-184.3942,225.2289,201.3335,-1.4785,-14.1061,-44.0573,0.6281,-0.5979,-0.4979,0.9980,31,15.890757,0.1561,2.2523
BiancaGolden_CircleTurns,-184.1169,225.2871,201.3394,-1.4194,-13.9904,-44.0118,0.6310,-0.5959,-0.4968,0.9980,31,15.903953,0.1588,2.2529
BiancaGolden_CircleTurns,-183.8427,225.3367,201.3932,-1.4395,-13.8458,-43.9577,0.6357,-0.5990,-0.4870,0.9980,32,15.918697,0.1616,2.2534
BiancaGolden_CircleTurns,-183.5929,225.3679,201.4518,-1.4708,-13.7202,-43.8937,0.6364,-0.5986,-0.4865,0.9980,32,15.932361,0.1641,2.2537
BiancaGolden_CircleTurns,-183.3684,225.4037,201.5132,-1.5649,-13.6718,-43.8958,0.6354,-0.5976,-0.4890,0.9980,33,15.946615,0.1663,2.2540
BiancaGolden_CircleTurns,-183.1649,225.4337,201.5952,-1.6850,-13.6701,-43.8332,0.6294,-0.6029,-0.4903,0.9980,33,15.960318,0.1684,2.2543
BiancaGolden_CircleTurns,-182.9798,225.4820,201.6226,-2.0042,-13.7370,-43.8700,0.6285,-0.6017,-0.4929,0.9980,33,15.978919,0.1702,2.2548
BiancaGolden_CircleTurns,-182.8014,225.4905,201.7182,-2.1903,-13.8432,-43.9186,0.6296,-0.5989,-0.4949,0.9980,34,15.988203,0.1720,2.2549
BiancaGolden_CircleTurns,-182.6325,225.4812,201.8120,-2.3902,-13.6924,-43.9137,0.6322,-0.5987,-0.4917,0.9980,34,16.003153,0.1737,2.2548
BiancaGolden_CircleTurns,-182.4547,225.4783,201.9251,-2.5821,-13.4817,-43.8442,0.6368,-0.5985,-0.4861,0.9980,35,16.019012,0.1755,2.2548
BiancaGolden_CircleTurns,-182.3029,225.4805,201.9591,-2.6953,-13.1049,-43.7309,0.6334,-0.6043,-0.4833,0.9980,35,16.031902,0.1770,2.2548
BiancaGolden_CircleTurns,-182.1682,225.5066,201.9534,-2.8500,-12.9011,-43.6493,0.6384,-0.6021,-0.4795,0.9980,36,16.047688,0.1783,2.2551
BiancaGolden_CircleTurns,-181.9269,225.4908,202.0165,-2.9662,-12.6452,-43.3775,0.6369,-0.5962,-0.4887,0.9980,36,16.060621,0.1807,2.2549
BiancaGolden_CircleTurns,-181.8242,225.4932,202.0363,-2.9967,-12.5725,-43.1874,0.6361,-0.5923,-0.4946,0.9980,36,16.076508,0.1818,2.2549
BiancaGolden_CircleTurns,-181.7863,225.4476,202.0105,-3.1876,-12.6289,-42.9271,0.6350,-0.5932,-0.4949,0.9980,37,16.090122,0.1821,2.2545
BiancaGolden_CircleTurns,-181.7846,225.3959,201.9864,-3.3307,-12.6376,-42.7159,0.6390,-0.5915,-0.4917,0.9980,37,16.103659,0.1822,2.2540
BiancaGolden_CircleTurns,-181.8007,225.3142,201.9169,-3.2091,-12.4334,-42.4165,0.6419,-0.5876,-0.4927,0.9980,38,16.119986,0.1820,2.2531
BiancaGolden_CircleTurns,-181.8210,225.2111,201.9259,-3.0304,-12.2453,-42.0479,0.6463,-0.5847,-0.4903,0.9980,38,16.134607,0.1818,2.2521
BiancaGolden_CircleTurns,-181.8446,225.1015,201.9667,-2.9215,-11.8560,-41.6906,0.6481,-0.5861,-0.4863,0.9980,39,16.150034,0.1816,2.2510
BiancaGolden_CircleTurns,-181.9117,225.0404,201.9293,-2.9717,-11.6028,-41.4345,0.6531,-0.5835,-0.4826,0.9980,39,16.164944,0.1809,2.2504
BiancaGolden_CircleTurns,-182.0010,224.9343,201.8794,-2.8402,-11.3667,-41.0438,0.6539,-0.5837,-0.4814,0.9980,40,16.179085,0.1800,2.2493
BiancaGolden_CircleTurns,-182.1078,224.8573,201.8752,-2.8647,-11.2531,-40.6886,0.6538,-0.5812,-0.4845,0.9980,40,16.193968,0.1789,2.2486
BiancaGolden_CircleTurns,-182.1993,224.7031,201.9905,-2.8893,-11.3168,-40.3349,0.6435,-0.5867,-0.4917,0.9980,40,16.207441,0.1780,2.2470
BiancaGolden_CircleTurns,-182.3019,224.4989,202.2224,-2.8606,-11.2193,-39.9267,0.6396,-0.5805,-0.5039,0.9980,41,16.221628,0.1770,2.2450
BiancaGolden_CircleTurns,-182.4648,224.3459,202.3779,-2.9985,-11.1512,-39.6324,0.6390,-0.5787,-0.5068,0.9980,41,16.235052,0.1754,2.2435
BiancaGolden_CircleTurns,-182.6907,224.1803,202.3176,-3.0176,-11.2923,-39.3458,0.6406,-0.5745,-0.5094,0.9980,42,16.250856,0.1731,2.2418
BiancaGolden_CircleTurns,-182.8925,224.0096,202.3033,-3.0980,-11.4650,-39.0905,0.6416,-0.5702,-0.5130,0.9980,42,16.264858,0.1711,2.2401
BiancaGolden_CircleTurns,-183.1016,223.8184,202.3695,-3.2807,-11.6313,-38.9015,0.6409,-0.5621,-0.5227,0.9980,43,16.279070,0.1690,2.2382
BiancaGolden_CircleTurns,-183.3045,223.6175,202.4313,-3.5272,-11.6764,-38.7529,0.6428,-0.5593,-0.5235,0.9980,43,16.292603,0.1670,2.2362
BiancaGolden_CircleTurns,-183.5124,223.4099,202.4374,-3.7671,-11.6771,-38.6224,0.6442,-0.5589,-0.5221,0.9980,43,16.306980,0.1649,2.2341
BiancaGolden_CircleTurns,-183.7008,223.2019,202.3876,-3.9075,-11.5756,-38.5335,0.6464,-0.5575,-0.5209,0.9980,44,16.319845,0.1630,2.2320
BiancaGolden_CircleTurns,-183.8812,222.9977,202.3288,-4.0801,-11.4866,-38.4395,0.6384,-0.5811,-0.5048,0.9980,44,16.333048,0.1612,2.2300
BiancaGolden_CircleTurns,-184.0495,222.8189,202.2702,-4.3324,-11.4108,-38.4104,0.6398,-0.5793,-0.5051,0.9980,45,16.347837,0.1595,2.2282
BiancaGolden_CircleTurns,-184.2149,222.6323,202.1821,-4.5249,-11.4178,-38.3250,0.7615,-0.5048,-0.4065,0.9980,45,16.362154,0.1579,2.2263
BiancaGolden_CircleTurns,-184.3620,222.4528,202.0771,-4.6226,-11.4267,-38.2078,0.7710,-0.5124,-0.3782,0.9980,45,16.376192,0.1564,2.2245
BiancaGolden_CircleTurns,-184.5041,222.3191,202.0068,-4.7086,-11.5854,-38.0640,0.7717,-0.5090,-0.3812,0.9980,46,16.389513,0.1550,2.2232
BiancaGolden_CircleTurns,-184.6281,222.1533,201.9285,-4.7486,-11.7728,-37.8797,0.7576,-0.5280,-0.3838,0.9980,46,16.403326,0.1537,2.2215
BiancaGolden_CircleTurns,-184.7605,222.0158,201.8381,-4.7348,-11.9360,-37.7180,0.7571,-0.5259,-0.3876,0.9980,47,16.417946,0.1524,2.2202
BiancaGolden_CircleTurns,-184.8799,221.9209,201.7034,-4.7761,-12.1862,-37.6364,0.7678,-0.5180,-0.3771,0.9980,47,16.431458,0.1512,2.2192
BiancaGolden_CircleTurns,-184.9567,221.8309,201.5694,-4.8997,-12.4006,-37.5956,0.7669,-0.5167,-0.3806,0.9980,47,16.445684,0.1504,2.2183
BiancaGolden_CircleTurns,-185.0077,221.7232,201.5270,-5.0724,-12.6504,-37.5875,0.7521,-0.5353,-0.3846,0.9980,48,16.459269,0.1499,2.2172
BiancaGolden_CircleTurns,-185.0211,221.6315,201.5593,-5.2614,-12.8331,-37.6556,0.7004,-0.5953,-0.3937,0.9980,48,16.475977,0.1498,2.2163
BiancaGolden_CircleTurns,-185.0364,221.5462,201.6038,-5.4338,-12.9842,-37.7661,0.6987,-0.5962,-0.3954,0.9980,49,16.488026,0.1496,2.2155
BiancaGolden_CircleTurns,-185.0294,221.4802,201.6112,-5.5403,-13.0822,-37.8953,0.6690,-0.6195,-0.4107,0.9980,49,16.501308,0.1497,2.2148
BiancaGolden_CircleTurns,-184.9933,221.4459,201.6158,-5.6218,-13.1890,-38.0207,0.6406,-0.6006,-0.4785,0.9980,50,16.516035,0.1501,2.2145
BiancaGolden_CircleTurns,-184.9024,221.4446,201.6394,-5.6642,-13.2487,-38.1549,0.5755,-0.6097,-0.5450,0.9980,50,16.529284,0.1510,2.2144
BiancaGolden_CircleTurns,-184.8005,221.4165,201.6958,-5.6082,-13.2673,-38.2123,0.5731,-0.6077,-0.5498,0.9980,50,16.543755,0.1520,2.2142
BiancaGolden_CircleTurns,-184.6501,221.4155,201.7648,-5.4615,-13.0926,-38.2362,0.6064,-0.5792,-0.5448,0.9980,51,16.557064,0.1535,2.2142
BiancaGolden_CircleTurns,-184.4872,221.4033,201.8298,-5.3387,-12.9179,-38.2591,0.6152,-0.5898,-0.5232,0.9980,51,16.570616,0.1551,2.2140
BiancaGolden_CircleTurns,-184.2600,221.4095,201.8590,-5.1805,-12.5809,-38.2807,0.6169,-0.5924,-0.5182,0.9980,52,16.585896,0.1574,2.2141
BiancaGolden_CircleTurns,-184.0151,221.4249,201.8745,-5.0169,-12.2408,-38.2880,0.6239,-0.6045,-0.4953,0.9980,52,16.599024,0.1598,2.2142
BiancaGolden_CircleTurns,-183.7683,221.4350,201.8883,-4.7826,-11.9234,-38.2476,0.6304,-0.6110,-0.4789,0.9980,53,16.613455,0.1623,2.2143
BiancaGolden_CircleTurns,-183.4978,221.4597,201.8981,-4.6186,-11.6370,-38.1913,0.6386,-0.6047,-0.4759,0.9980,53,16.626907,0.1650,2.2146
BiancaGolden_CircleTurns,-183.2074,221.4904,201.8743,-4.5126,-11.4766,-38.0992,0.6400,-0.6045,-0.4743,0.9980,53,16.641455,0.1679,2.2149
BiancaGolden_CircleTurns,-182.9063,221.5373,201.8280,-4.4526,-11.3913,-38.0328,0.6399,-0.6033,-0.4761,0.9980,54,16.655415,0.1709,2.2154
BiancaGolden_CircleTurns,-182.5945,221.5994,201.7468,-4.4796,-11.5058,-37.9862,0.6388,-0.6021,-0.4790,0.9980,54,16.668808,0.1741,2.2160
BiancaGolden_CircleTurns,-182.2646,221.6790,201.6716,-4.5554,-11.6776,-37.9918,0.6363,-0.6003,-0.4845,0.9980,55,16.683495,0.1774,2.2168
BiancaGolden_CircleTurns,-181.9260,221.7552,201.6040,-4.6954,-12.0262,-38.0445,0.6272,-0.5896,-0.5088,0.9980,55,16.697073,0.1807,2.2176
BiancaGolden_CircleTurns,-181.5736,221.8316,201.5472,-4.7695,-12.3225,-38.1132,0.6239,-0.5889,-0.5137,0.9980,55,16.711042,0.1843,2.2183
BiancaGolden_CircleTurns,-181.1832,221.9191,201.4882,-4.7856,-12.6175,-38.2508,0.6209,-0.5890,-0.5173,0.9980,56,16.724773,0.1882,2.2192
BiancaGolden_CircleTurns,-180.7828,222.0088,201.4033,-4.7592,-12.8592,-38.3705,0.6091,-0.5972,-0.5219,0.9980,56,16.737942,0.1922,2.2201
BiancaGolden_CircleTurns,-180.3693,222.1184,201.3444,-4.7610,-13.0433,-38.4992,0.6066,-0.5973,-0.5246,0.9980,57,16.753326,0.1963,2.2212
BiancaGolden_CircleTurns,-179.9356,222.2350,201.3174,-4.8176,-13.2195,-38.6367,0.5625,-0.6073,-0.5610,0.9980,57,16.766575,0.2006,2.2224
BiancaGolden_CircleTurns,-179.4772,222.3619,201.3183,-4.8304,-13.3223,-38.7712,0.5321,-0.5970,-0.6003,0.9980,58,16.780720,0.2052,2.2236
BiancaGolden_CircleTurns,-178.9860,222.4509,201.3819,-4.8007,-13.3585,-38.8592,0.4927,-0.6076,-0.6229,0.9980,58,16.794079,0.2101,2.2245
BiancaGolden_CircleTurns,-178.4464,222.5203,201.5372,-4.8123,-13.2716,-38.9256,0.4934,-0.6094,-0.6206,0.9980,58,16.808361,0.2155,2.2252
BiancaGolden_CircleTurns,-177.9009,222.6020,201.7141,-4.8881,-13.0509,-39.0466,0.5016,-0.6088,-0.6147,0.9980,59,16.822361,0.2210,2.2260
BiancaGolden_CircleTurns,-177.3659,222.7402,201.7724,-4.9876,-12.6934,-39.1745,0.5034,-0.6107,-0.6113,0.9980,59,16.835209,0.2263,2.2274
BiancaGolden_CircleTurns,-176.8616,222.8958,201.7353,-5.0684,-12.3698,-39.2168,0.5076,-0.6105,-0.6080,0.9980,60,16.850512,0.2314,2.2290
BiancaGolden_CircleTurns,-176.3198,223.0947,201.7259,-5.1767,-11.9553,-39.1831,0.5218,-0.6020,-0.6044,0.9980,60,16.864326,0.2368,2.2309
BiancaGolden_CircleTurns,-175.7624,223.2849,201.8549,-5.7257,-11.2226,-39.0039,0.5248,-0.5984,-0.6054,0.9980,60,16.878870,0.2424,2.2328
BiancaGolden_CircleTurns,-175.2148,223.4569,202.0055,-6.5244,-10.3405,-38.7096,0.5289,-0.5831,-0.6166,0.9980,61,16.891945,0.2479,2.2346
BiancaGolden_CircleTurns,-174.6762,223.6288,202.1888,-7.6896,-9.3603,-38.3343,0.5444,-0.5776,-0.6083,0.9980,61,16.904770,0.2532,2.2363
BiancaGolden_CircleTurns,-174.2488,223.7764,202.3011,-8.7796,-8.5747,-37.9916,0.5064,-0.5766,-0.6411,0.9980,62,16.920319,0.2575,2.2378
BiancaGolden_CircleTurns,-173.8741,223.9200,202.3201,-9.6124,-8.0482,-37.7284,0.5070,-0.5634,-0.6524,0.9980,62,16.933994,0.2613,2.2392
BiancaGolden_CircleTurns,-173.4722,224.0750,202.3310,-10.2783,-7.5848,-37.5393,0.5086,-0.5396,-0.6710,0.9980,63,16.947517,0.2653,2.2408
BiancaGolden_CircleTurns,-173.0446,224.2328,202.4060,-10.9735,-7.1121,-37.3921,0.5199,-0.5368,-0.6645,0.9980,63,16.961201,0.2696,2.2423
BiancaGolden_CircleTurns,-172.6066,224.3794,202.5409,-11.7277,-6.5109,-37.2972,0.5131,-0.5567,-0.6533,0.9980,64,16.979662,0.2739,2.2438
BiancaGolden_CircleTurns,-172.1618,224.5317,202.7064,-12.5983,-5.8047,-37.2734,0.5174,-0.5676,-0.6404,0.9980,64,16.989534,0.2784,2.2453
BiancaGolden_CircleTurns,-171.7371,224.6513,202.8418,-13.4565,-4.9400,-37.2937,0.5292,-0.5673,-0.6309,0.9980,64,17.005085,0.2826,2.2465
BiancaGolden_CircleTurns,-171.3482,224.7729,202.9337,-14.2535,-4.0871,-37.3397,0.5166,-0.5853,-0.6250,0.9980,65,17.018702,0.2865,2.2477
BiancaGolden_CircleTurns,-170.9608,224.8797,203.0397,-15.0362,-3.3203,-37.4366,0.5275,-0.5916,-0.6097,0.9980,65,17.031864,0.2904,2.2488
BiancaGolden_CircleTurns,-170.5864,224.9876,203.1342,-15.8277,-2.5853,-37.4957,0.5316,-0.6083,-0.5894,0.9980,66,17.047125,0.2941,2.2499
BiancaGolden_CircleTurns,-170.2439,225.0822,203.1848,-16.6313,-1.9436,-37.6027,0.5401,-0.6070,-0.5830,0.9980,66,17.060574,0.2976,2.2508
BiancaGolden_CircleTurns,-169.9052,225.1744,203.2061,-17.3113,-1.3493,-37.6751,0.5664,-0.5817,-0.5838,0.9980,66,17.074764,0.3009,2.2517
BiancaGolden_CircleTurns,-169.5846,225.2440,203.2161,-18.0630,-0.8351,-37.7776,0.5704,-0.5740,-0.5875,0.9980,67,17.087309,0.3042,2.2524
BiancaGolden_CircleTurns,-169.2733,225.3145,203.2357,-18.8797,-0.3960,-37.8812,0.5776,-0.5721,-0.5823,0.9980,67,17.100426,0.3073,2.2531
BiancaGolden_CircleTurns,-168.9362,225.3628,203.2769,-19.6243,0.0386,-38.0246,0.5836,-0.5779,-0.5704,0.9980,68,17.114798,0.3106,2.2536
BiancaGolden_CircleTurns,-168.6140,225.3918,203.3216,-20.2794,0.4537,-38.1292,0.5790,-0.5777,-0.5754,0.9980,68,17.128483,0.3139,2.2539
BiancaGolden_CircleTurns,-168.2797,225.4255,203.3586,-20.8817,0.8696,-38.2564,0.5787,-0.5741,-0.5793,0.9980,68,17.142683,0.3172,2.2543
BiancaGolden_CircleTurns,-167.9436,225.4603,203.3881,-21.4473,1.1622,-38.3958,0.5780,-0.5750,-0.5791,0.9980,69,17.156374,0.3206,2.2546
BiancaGolden_CircleTurns,-167.5806,225.5197,203.4203,-21.9284,1.2987,-38.5247,0.5808,-0.5735,-0.5777,0.9980,69,17.169630,0.3242,2.2552
BiancaGolden_CircleTurns,-167.2294,225.5787,203.4519,-22.3111,1.4352,-38.6044,0.5705,-0.5900,-0.5713,0.9980,70,17.184233,0.3277,2.2558
BiancaGolden_CircleTurns,-166.8773,225.6555,203.4769,-22.2702,1.2938,-38.4780,0.5702,-0.5880,-0.5737,0.9980,70,17.197399,0.3312,2.2566
BiancaGolden_CircleTurns,-166.5060,225.7152,203.4951,-22.1843,1.1182,-38.3189,0.5686,-0.5857,-0.5776,0.9980,70,17.212154,0.3349,2.2572
BiancaGolden_CircleTurns,-166.1499,225.7728,203.5091,-21.9213,0.8025,-38.0710,0.5672,-0.5837,-0.5810,0.9980,71,17.225084,0.3385,2.2577
BiancaGolden_CircleTurns,-165.7881,225.8262,203.5279,-21.7695,0.5860,-37.8816,0.5638,-0.5815,-0.5865,0.9980,71,17.238169,0.3421,2.2583
BiancaGolden_CircleTurns,-165.4280,225.8617,203.5163,-21.1485,0.0625,-37.4779,0.5611,-0.5799,-0.5906,0.9980,72,17.253662,0.3457,2.2586
BiancaGolden_CircleTurns,-165.0597,225.8708,203.4970,-20.7151,-0.2986,-37.1894,0.5970,-0.5145,-0.6156,0.9980,72,17.267878,0.3494,2.2587
BiancaGolden_CircleTurns,-164.6896,225.8495,203.4803,-20.3369,-0.6780,-36.9328,0.5924,-0.5140,-0.6204,0.9980,73,17.281044,0.3531,2.2585
BiancaGolden_CircleTurns,-164.3324,225.7587,203.4950,-19.9833,-1.0548,-36.8282,0.5802,-0.5302,-0.6183,0.9980,73,17.295168,0.3567,2.2576
BiancaGolden_CircleTurns,-163.9911,225.6567,203.4979,-19.6235,-1.4009,-36.7901,0.5764,-0.5239,-0.6271,0.9980,73,17.309233,0.3601,2.2566
BiancaGolden_CircleTurns,-163.6426,225.5373,203.4949,-19.2860,-1.7347,-36.7998,0.5706,-0.5253,-0.6313,0.9980,74,17.323210,0.3636,2.2554
BiancaGolden_CircleTurns,-163.2918,225.4111,203.4615,-18.9408,-2.0747,-36.8737,0.5673,-0.5304,-0.6299,0.9980,74,17.335733,0.3671,2.2541
BiancaGolden_CircleTurns,-162.9340,225.2827,203.4225,-18.6057,-2.4253,-36.8918,0.5670,-0.5216,-0.6376,0.9980,75,17.350405,0.3707,2.2528
BiancaGolden_CircleTurns,-162.5879,225.1265,203.3753,-18.3005,-2.8244,-36.8888,0.5654,-0.5326,-0.6299,0.9980,75,17.364508,0.3741,2.2513
BiancaGolden_CircleTurns,-162.2330,224.9633,203.2922,-17.8839,-3.2739,-36.8819,0.5416,-0.5568,-0.6297,0.9980,75,17.378704,0.3777,2.2496
BiancaGolden_CircleTurns,-161.8838,224.7920,203.1743,-17.3866,-3.8511,-36.9489,0.5310,-0.5570,-0.6385,0.9980,76,17.392662,0.3812,2.2479
BiancaGolden_CircleTurns,-161.5346,224.5997,203.0331,-16.8247,-4.5620,-36.9939,0.5198,-0.5570,-0.6477,0.9980,76,17.405064,0.3847,2.2460
BiancaGolden_CircleTurns,-161.1847,224.4070,202.8805,-16.2003,-5.4056,-37.0500,0.4900,-0.5565,-0.6709,0.9980,77,17.420479,0.3882,2.2441
BiancaGolden_CircleTurns,-160.8490,224.2054,202.7158,-15.6143,-6.3708,-37.0675,0.4677,-0.5425,-0.6978,0.9980,77,17.434181,0.3915,2.2421
BiancaGolden_CircleTurns,-160.5157,224.0031,202.5179,-14.8823,-7.6241,-37.1162,0.4540,-0.5246,-0.7202,0.9980,78,17.447798,0.3948,2.2400
BiancaGolden_CircleTurns,-160.2038,223.7934,202.2960,-14.1309,-8.9229,-37.1213,0.4349,-0.5204,-0.7349,0.9980,78,17.461287,0.3980,2.2379
BiancaGolden_CircleTurns,-159.9028,223.5906,202.0309,-13.3219,-10.3562,-37.0874,0.4335,-0.5219,-0.7347,0.9980,79,17.479271,0.4010,2.2359
BiancaGolden_CircleTurns,-159.6650,223.4048,201.7025,-12.4090,-12.0728,-36.9925,0.4125,-0.5165,-0.7504,0.9980,79,17.489607,0.4033,2.2340
BiancaGolden_CircleTurns,-159.4237,223.2163,201.3743,-11.5535,-13.6604,-36.9638,0.4074,-0.5006,-0.7638,0.9980,79,17.503704,0.4058,2.2322
BiancaGolden_CircleTurns,-159.2572,223.0065,201.0366,-10.6154,-15.3806,-36.9097,0.3872,-0.4979,-0.7760,0.9980,80,17.517189,0.4074,2.2301
BiancaGolden_CircleTurns,-159.1306,222.7909,200.7761,-9.6587,-16.7502,-36.9591,0.3912,-0.4849,-0.7822,0.9980,80,17.529909,0.4087,2.2279
BiancaGolden_CircleTurns,-159.0058,222.5494,200.5583,-8.8299,-17.8765,-37.0056,0.4918,-0.3932,-0.7768,0.9980,80,17.544971,0.4099,2.2255
BiancaGolden_CircleTurns,-158.9689,222.3304,200.4889,-8.1354,-18.7920,-37.0841,0.5811,-0.4884,-0.6510,0.9980,81,17.559441,0.4103,2.2233
BiancaGolden_CircleTurns,-158.9446,222.0429,200.4682,-7.5627,-19.5412,-37.1714,0.5949,-0.4938,-0.6342,0.9980,81,17.572596,0.4106,2.2204
BiancaGolden_CircleTurns,-158.9531,221.7486,200.4980,-7.1266,-19.8055,-37.2966,0.7095,-0.5107,-0.4856,0.9980,82,17.586740,0.4105,2.2175
BiancaGolden_CircleTurns,-158.9387,221.4439,200.5191,-6.7251,-19.9395,-37.4772,0.7091,-0.5146,-0.4820,0.9980,82,17.601566,0.4106,2.2144
BiancaGolden_CircleTurns,-158.9085,221.0957,200.6286,-6.4101,-19.6980,-37.6357,0.7111,-0.5196,-0.4737,0.9980,83,17.615450,0.4109,2.2110
BiancaGolden_CircleTurns,-158.8758,220.7107,200.8220,-6.1537,-19.3732,-37.7476,0.6781,-0.5686,-0.4657,0.9980,83,17.628366,0.4112,2.2071
BiancaGolden_CircleTurns,-158.8611,220.3357,200.9766,-5.9514,-19.1185,-37.8269,0.6270,-0.6229,-0.4679,0.9980,83,17.642881,0.4114,2.2034
BiancaGolden_CircleTurns,-158.8942,219.9991,201.0590,-5.7862,-18.9528,-37.8955,0.6271,-0.6240,-0.4663,0.9980,84,17.656061,0.4111,2.2000
BiancaGolden_CircleTurns,-158.9666,219.7131,200.9737,-5.6371,-18.8847,-37.9371,0.6033,-0.6435,-0.4711,0.9980,84,17.669439,0.4103,2.1971
BiancaGolden_CircleTurns,-159.0362,219.3984,200.8786,-5.5165,-18.9064,-37.9504,0.5975,-0.6383,-0.4853,0.9980,85,17.684568,0.4096,2.1940
BiancaGolden_CircleTurns,-159.0907,219.0722,200.8587,-5.3505,-18.9757,-37.9905,0.6103,-0.6361,-0.4720,0.9980,85,17.698484,0.4091,2.1907
BiancaGolden_CircleTurns,-159.1272,218.7206,200.8723,-5.0386,-19.0465,-38.0206,0.6312,-0.6417,-0.4357,0.9980,86,17.712601,0.4087,2.1872
BiancaGolden_CircleTurns,-159.1417,218.3792,200.8637,-4.7478,-19.1478,-38.0698,0.6367,-0.6496,-0.4155,0.9980,86,17.726290,0.4086,2.1838
BiancaGolden_CircleTurns,-159.1584,218.0437,200.8434,-4.5633,-19.2889,-38.1308,0.6407,-0.6441,-0.4179,0.9980,86,17.740627,0.4084,2.1804
BiancaGolden_CircleTurns,-159.1790,217.7282,200.7649,-4.4265,-19.4740,-38.2679,0.6464,-0.6345,-0.4238,0.9980,87,17.753614,0.4082,2.1773
BiancaGolden_CircleTurns,-159.2268,217.4210,200.6785,-4.2691,-19.7131,-38.4133,0.6430,-0.6363,-0.4262,0.9980,87,17.766636,0.4077,2.1742
BiancaGolden_CircleTurns,-159.2406,217.1175,200.6074,-4.0530,-19.8920,-38.6130,0.6392,-0.6375,-0.4301,0.9980,88,17.782228,0.4076,2.1712
BiancaGolden_CircleTurns,-159.2123,216.8130,200.5826,-3.8436,-19.9829,-38.8197,0.6308,-0.6452,-0.4310,0.9980,88,17.796194,0.4079,2.1681
BiancaGolden_CircleTurns,-159.1587,216.4938,200.5965,-3.6553,-19.9567,-38.9826,0.6292,-0.6488,-0.4279,0.9980,88,17.810074,0.4084,2.1649
BiancaGolden_CircleTurns,-159.1069,216.1984,200.5993,-3.5554,-19.8579,-39.2065,0.6292,-0.6530,-0.4216,0.9980,89,17.823217,0.4089,2.1620
BiancaGolden_CircleTurns,-159.0485,215.9181,200.5896,-3.5430,-19.7736,-39.5271,0.6246,-0.6573,-0.4217,0.9980,89,17.836763,0.4095,2.1592
BiancaGolden_CircleTurns,-158.9766,215.6518,200.5710,-3.4644,-19.7904,-39.9194,0.6304,-0.6521,-0.4211,0.9980,90,17.851725,0.4102,2.1565
BiancaGolden_CircleTurns,-158.8828,215.4193,200.5681,-3.3377,-19.8969,-40.2695,0.6253,-0.6557,-0.4232,0.9980,90,17.865728,0.4112,2.1542
BiancaGolden_CircleTurns,-158.7719,215.2108,200.5642,-3.1551,-20.0416,-40.6364,0.6219,-0.6581,-0.4244,0.9980,91,17.879688,0.4123,2.1521
BiancaGolden_CircleTurns,-158.6344,215.0294,200.5547,-3.0399,-20.1854,-41.0024,0.6203,-0.6607,-0.4227,0.9980,91,17.893179,0.4137,2.1503
BiancaGolden_CircleTurns,-158.4738,214.8430,200.5616,-2.9093,-20.3225,-41.4401,0.6169,-0.6610,-0.4273,0.9980,91,17.908239,0.4153,2.1484
BiancaGolden_CircleTurns,-158.2813,214.6558,200.5872,-2.7071,-20.4118,-41.9314,0.6104,-0.6668,-0.4275,0.9980,92,17.921276,0.4172,2.1466
BiancaGolden_CircleTurns,-158.0428,214.4693,200.6622,-2.3548,-20.4559,-42.4533,0.6166,-0.6634,-0.4240,0.9980,92,17.934010,0.4196,2.1447
BiancaGolden_CircleTurns,-157.7425,214.3185,200.7327,-1.9690,-20.4036,-42.9164,0.6140,-0.6684,-0.4198,0.9980,93,17.948895,0.4226,2.1432
BiancaGolden_CircleTurns,-157.4320,214.1942,200.7743,-1.6778,-20.3109,-43.3575,0.6191,-0.6654,-0.4170,0.9980,93,17.962875,0.4257,2.1419
BiancaGolden_CircleTurns,-157.1048,214.0760,200.7962,-1.4003,-20.1560,-43.7966,0.6150,-0.6719,-0.4127,0.9980,94,17.980715,0.4290,2.1408
BiancaGolden_CircleTurns,-156.7197,213.9893,200.8151,-1.1398,-19.8980,-44.2442,0.6110,-0.6780,-0.4086,0.9980,94,17.990755,0.4328,2.1399
BiancaGolden_CircleTurns,-156.3458,213.9050,200.8247,-0.8699,-19.6805,-44.6525,0.6193,-0.6738,-0.4031,0.9980,94,18.004303,0.4365,2.1391
BiancaGolden_CircleTurns,-155.9260,213.8642,200.8065,-0.5220,-19.4321,-45.0728,0.6163,-0.6790,-0.3989,0.9980,95,18.018751,0.4407,2.1386
BiancaGolden_CircleTurns,-155.4889,213.8273,200.7855,-0.2027,-19.1818,-45.4051,0.6158,-0.6792,-0.3994,0.9980,95,18.031000,0.4451,2.1383
BiancaGolden_CircleTurns,-155.0093,213.8311,200.7721,0.0595,-18.9657,-45.7163,0.6203,-0.6752,-0.3991,0.9980,96,18.046015,0.4499,2.1383
BiancaGolden_CircleTurns,-154.5220,213.8379,200.7528,0.2929,-18.7899,-46.0386,0.6168,-0.6796,-0.3971,0.9980,96,18.059568,0.4548,2.1384
BiancaGolden_CircleTurns,-154.0135,213.8905,200.7101,0.4979,-18.6329,-46.3718,0.6142,-0.6828,-0.3956,0.9980,96,18.074312,0.4599,2.1389
BiancaGolden_CircleTurns,-153.4789,213.9495,200.6823,0.6701,-18.4987,-46.7226,0.6109,-0.6868,-0.3938,0.9980,97,18.088669,0.4652,2.1395
BiancaGolden_CircleTurns,-152.9220,214.0289,200.6747,0.8617,-18.3799,-47.0527,0.6138,-0.6804,-0.4004,0.9980,97,18.101053,0.4708,2.1403
BiancaGolden_CircleTurns,-152.3470,214.1380,200.6551,1.0326,-18.2324,-47.3870,0.6136,-0.6782,-0.4043,0.9980,98,18.115892,0.4765,2.1414
BiancaGolden_CircleTurns,-151.7290,214.2915,200.6069,1.2052,-18.0734,-47.7273,0.6118,-0.6812,-0.4022,0.9980,98,18.130198,0.4827,2.1429
BiancaGolden_CircleTurns,-151.0828,214.4622,200.5506,1.3678,-17.8864,-48.0737,0.6121,-0.6804,-0.4031,0.9980,98,18.143892,0.4892,2.1446
BiancaGolden_CircleTurns,-150.4198,214.6535,200.5001,1.4624,-17.7110,-48.4234,0.6091,-0.6847,-0.4003,0.9980,99,18.157564,0.4958,2.1465
BiancaGolden_CircleTurns,-149.7308,214.8344,200.5040,1.6204,-17.5514,-48.7194,0.6061,-0.6866,-0.4017,0.9980,99,18.170713,0.5027,2.1483
BiancaGolden_CircleTurns,-148.9684,215.0991,200.5221,1.7411,-17.4122,-49.1229,0.6028,-0.6908,-0.3992,0.9980,100,18.186283,0.5103,2.1510
BiancaGolden_CircleTurns,-148.1877,215.3376,200.5643,1.9201,-17.2596,-49.4262,0.5800,-0.7317,-0.3580,0.9980,100,18.199358,0.5181,2.1534
BiancaGolden_CircleTurns,-147.4046,215.5860,200.5778,2.1692,-17.0380,-49.6732,0.5727,-0.7623,-0.3015,0.9980,101,18.213753,0.5260,2.1559
BiancaGolden_CircleTurns,-146.5480,215.8733,200.6051,2.3809,-16.7100,-49.9472,0.5817,-0.7762,-0.2433,0.9980,101,18.227598,0.5345,2.1587
BiancaGolden_CircleTurns,-145.6814,216.1566,200.6374,2.5609,-16.3799,-50.2108,0.5895,-0.7821,-0.2021,0.9980,101,18.241726,0.5432,2.1616
BiancaGolden_CircleTurns,-144.7640,216.4078,200.7290,2.6898,-16.0726,-50.4240,0.5897,-0.7837,-0.1948,0.9980,102,18.255016,0.5524,2.1641
BiancaGolden_CircleTurns,-143.7390,216.6176,200.9508,2.6482,-15.6310,-50.6893,0.5919,-0.7831,-0.1908,0.9980,102,18.268570,0.5626,2.1662
BiancaGolden_CircleTurns,-142.7653,216.8734,201.0790,2.6224,-15.1301,-50.9508,0.5899,-0.7864,-0.1832,0.9980,103,18.283991,0.5723,2.1687
BiancaGolden_CircleTurns,-141.8325,217.1765,201.0443,2.7110,-14.6885,-51.1683,0.5865,-0.7879,-0.1877,0.9980,103,18.297861,0.5817,2.1718
BiancaGolden_CircleTurns,-140.9243,217.4904,200.8694,2.9309,-14.3888,-51.3618,0.5855,-0.7878,-0.1912,0.9980,103,18.311548,0.5908,2.1749
BiancaGolden_CircleTurns,-139.9900,217.7723,200.7886,3.0708,-14.2033,-51.5157,0.5789,-0.7866,-0.2147,0.9980,104,18.325071,0.6001,2.1777
BiancaGolden_CircleTurns,-139.0495,218.0360,200.7915,3.1745,-14.2042,-51.7439,0.5761,-0.7887,-0.2149,0.9980,104,18.338163,0.6095,2.1804
BiancaGolden_CircleTurns,-138.0883,218.2779,200.8412,3.3012,-14.2174,-51.9554,0.5712,-0.7899,-0.2232,0.9980,105,18.353283,0.6191,2.1828
BiancaGolden_CircleTurns,-137.1516,218.5303,200.9165,3.4312,-14.3563,-52.1660,0.5614,-0.7945,-0.2315,0.9980,105,18.366837,0.6285,2.1853
BiancaGolden_CircleTurns,-136.2201,218.7843,200.9252,3.5099,-14.4647,-52.3548,0.5591,-0.7957,-0.2329,0.9980,106,18.381298,0.6378,2.1878
BiancaGolden_CircleTurns,-135.3298,219.0208,200.8755,3.6349,-14.5487,-52.5072,0.5541,-0.7980,-0.2372,0.9980,106,18.394890,0.6467,2.1902
BiancaGolden_CircleTurns,-134.4320,219.2790,200.8122,3.6701,-14.5357,-52.7187,0.5514,-0.8001,-0.2360,0.9980,106,18.409431,0.6557,2.1928
BiancaGolden_CircleTurns,-133.5392,219.4912,200.7802,3.6497,-14.4557,-52.8613,0.5504,-0.8013,-0.2346,0.9980,107,18.423313,0.6646,2.1949
BiancaGolden_CircleTurns,-132.6704,219.6980,200.7768,3.7429,-14.3740,-52.9543,0.5482,-0.8023,-0.2363,0.9980,107,18.436052,0.6733,2.1970
BiancaGolden_CircleTurns,-131.8042,219.8825,200.7856,3.8610,-14.3430,-53.0872,0.5427,-0.8031,-0.2459,0.9980,108,18.451176,0.6820,2.1988
BiancaGolden_CircleTurns,-130.9812,220.0377,200.8189,3.9518,-14.4065,-53.1998,0.5399,-0.8041,-0.2488,0.9980,108,18.464741,0.6902,2.2004
BiancaGolden_CircleTurns,-130.1827,220.1840,200.8759,3.9959,-14.5385,-53.3623,0.5362,-0.8047,-0.2549,0.9980,109,18.482550,0.6982,2.2018
BiancaGolden_CircleTurns,-129.4285,220.3123,200.8930,4.0948,-14.7205,-53.5538,0.5324,-0.8063,-0.2578,0.9980,109,18.493361,0.7057,2.2031
BiancaGolden_CircleTurns,-128.6833,220.4279,200.8846,4.2289,-14.8888,-53.7625,0.5288,-0.8075,-0.2616,0.9980,109,18.506758,0.7132,2.2043
BiancaGolden_CircleTurns,-127.9940,220.4801,200.8778,4.4388,-15.1241,-53.9770,0.5246,-0.8093,-0.2642,0.9980,110,18.520382,0.7201,2.2048
BiancaGolden_CircleTurns,-127.2971,220.5122,200.9141,4.6777,-15.3060,-54.2402,0.5158,-0.8145,-0.2656,0.9980,110,18.533134,0.7270,2.2051
BiancaGolden_CircleTurns,-126.6217,220.5163,200.9410,4.8952,-15.4599,-54.5597,0.5100,-0.8174,-0.2678,0.9980,111,18.548229,0.7338,2.2052
BiancaGolden_CircleTurns,-125.9887,220.4809,200.9466,5.0614,-15.6006,-54.9254,0.5039,-0.8208,-0.2690,0.9980,111,18.561970,0.7401,2.2048
BiancaGolden_CircleTurns,-125.3379,220.4350,200.9329,5.1517,-15.7118,-55.3447,0.4998,-0.8230,-0.2699,0.9980,111,18.576134,0.7466,2.2043
BiancaGolden_CircleTurns,-124.7245,220.3613,200.9189,5.1636,-15.8404,-55.7689,0.4928,-0.8267,-0.2714,0.9980,112,18.589867,0.7528,2.2036
BiancaGolden_CircleTurns,-124.1295,220.2360,200.9006,5.1982,-15.9356,-56.2395,0.4858,-0.8302,-0.2734,0.9980,112,18.603798,0.7587,2.2024
BiancaGolden_CircleTurns,-123.5312,220.1367,200.8587,5.2746,-16.0555,-56.6973,0.4778,-0.8345,-0.2745,0.9980,113,18.618093,0.7647,2.2014
BiancaGolden_CircleTurns,-122.9708,219.9855,200.7824,5.3741,-16.1872,-57.1679,0.4727,-0.8366,-0.2768,0.9980,113,18.631618,0.7703,2.1999
BiancaGolden_CircleTurns,-122.4046,219.8389,200.6919,5.4806,-16.3340,-57.6372,0.4684,-0.8400,-0.2739,0.9980,114,18.646236,0.7760,2.1984
BiancaGolden_CircleTurns,-121.8167,219.7162,200.5788,5.5344,-16.5020,-58.0871,0.4674,-0.8389,-0.2789,0.9980,114,18.659615,0.7818,2.1972
BiancaGolden_CircleTurns,-121.2633,219.5525,200.4485,5.6361,-16.7644,-58.4770,0.4694,-0.8362,-0.2837,0.9980,114,18.674389,0.7874,2.1955
BiancaGolden_CircleTurns,-120.7018,219.3862,200.3247,5.7796,-16.9964,-58.8512,0.4636,-0.8376,-0.2891,0.9980,115,18.687536,0.7930,2.1939
BiancaGolden_CircleTurns,-120.1718,219.1935,200.1911,5.9901,-17.3281,-59.1977,0.4641,-0.8367,-0.2908,0.9980,115,18.700689,0.7983,2.1919
BiancaGolden_CircleTurns,-119.6450,218.9630,200.0670,6.4332,-17.5659,-59.5141,0.4664,-0.8365,-0.2875,0.9980,116,18.715654,0.8035,2.1896
BiancaGolden_CircleTurns,-119.1140,218.7321,199.9387,6.9802,-17.7394,-59.8320,0.4733,-0.8357,-0.2786,0.9980,116,18.729378,0.8089,2.1873
BiancaGolden_CircleTurns,-118.5638,218.5162,199.7872,7.5151,-17.9142,-60.1887,0.4669,-0.8386,-0.2805,0.9980,116,18.743839,0.8144,2.1852
BiancaGolden_CircleTurns,-118.0170,218.2882,199.6307,7.9714,-18.0345,-60.6015,0.4600,-0.8418,-0.2826,0.9980,117,18.757185,0.8198,2.1829
BiancaGolden_CircleTurns,-117.5005,218.0652,199.4490,8.4687,-18.1609,-61.0696,0.4523,-0.8445,-0.2868,0.9980,117,18.770267,0.8250,2.1807
BiancaGolden_CircleTurns,-117.0166,217.8505,199.2151,9.1651,-18.4045,-61.5808,0.4528,-0.8450,-0.2844,0.9980,118,18.785145,0.8298,2.1785
BiancaGolden_CircleTurns,-116.5225,217.6191,198.9828,10.0667,-18.7763,-62.1096,0.4487,-0.8457,-0.2889,0.9980,118,18.799557,0.8348,2.1762
BiancaGolden_CircleTurns,-115.9806,217.3735,198.8232,11.0081,-19.1180,-62.7383,0.4544,-0.8394,-0.2982,0.9980,119,18.813341,0.8402,2.1737
BiancaGolden_CircleTurns,-115.4563,217.1268,198.6945,12.2334,-19.3752,-63.5843,0.4654,-0.8293,-0.3093,0.9980,119,18.827354,0.8454,2.1713
BiancaGolden_CircleTurns,-114.9429,216.8889,198.5146,13.5670,-19.6509,-64.5455,0.4489,-0.8360,-0.3156,0.9980,119,18.841198,0.8506,2.1689
BiancaGolden_CircleTurns,-114.4071,216.6533,198.2928,15.1093,-19.9321,-65.6648,0.4453,-0.8344,-0.3248,0.9980,120,18.854805,0.8559,2.1665
BiancaGolden_CircleTurns,-113.8486,216.4191,198.0804,16.8494,-20.2998,-66.7158,0.4315,-0.8382,-0.3335,0.9980,120,18.869120,0.8615,2.1642
BiancaGolden_CircleTurns,-113.2795,216.1944,197.8357,18.5465,-20.7098,-67.6745,0.4172,-0.8427,-0.3403,0.9980,121,18.882572,0.8672,2.1619
BiancaGolden_CircleTurns,-112.6715,215.9615,197.6228,20.2708,-20.9894,-68.6259,0.4291,-0.8380,-0.3371,0.9980,121,18.896418,0.8733,2.1596
BiancaGolden_CircleTurns,-112.0944,215.7039,197.3718,22.0086,-21.1110,-69.4977,0.4167,-0.8423,-0.3419,0.9980,121,18.910612,0.8791,2.1570
BiancaGolden_CircleTurns,-111.4999,215.5110,197.0584,23.7875,-21.2112,-70.3432,0.4083,-0.8450,-0.3454,0.9980,122,18.923946,0.8850,2.1551
BiancaGolden_CircleTurns,-110.9353,215.3037,196.7730,25.4367,-21.3478,-71.0655,0.4042,-0.8459,-0.3480,0.9980,122,18.937237,0.8906,2.1530
BiancaGolden_CircleTurns,-110.3547,215.0931,196.4949,27.0096,-21.3314,-71.3456,0.4271,-0.8379,-0.3399,0.9980,123,18.952160,0.8965,2.1509
BiancaGolden_CircleTurns,-109.7486,214.8789,196.2203,28.4282,-21.1214,-71.5675,0.4228,-0.8404,-0.3391,0.9980,123,18.965879,0.9025,2.1488
BiancaGolden_CircleTurns,-109.1848,214.6866,195.8730,29.7542,-20.8807,-71.8882,0.4240,-0.8391,-0.3407,0.9980,124,18.983402,0.9082,2.1469
BiancaGolden_CircleTurns,-108.6546,214.5042,195.5071,31.1344,-20.7729,-72.2517,0.4328,-0.8395,-0.3285,0.9980,124,18.993738,0.9135,2.1450
BiancaGolden_CircleTurns,-108.1524,214.3221,195.0931,32.7810,-20.7351,-72.3924,0.4299,-0.8392,-0.3329,0.9980,124,19.008137,0.9185,2.1432
BiancaGolden_CircleTurns,-107.6013,214.1529,194.7105,34.5861,-20.7175,-72.5991,0.4307,-0.8400,-0.3300,0.9980,125,19.021358,0.9240,2.1415
BiancaGolden_CircleTurns,-107.0580,213.9862,194.2551,36.4373,-20.5731,-72.8536,0.4250,-0.8410,-0.3348,0.9980,125,19.034082,0.9294,2.1399
BiancaGolden_CircleTurns,-106.5465,213.8413,193.7763,38.2279,-20.5287,-73.2997,0.4220,-0.8378,-0.3464,0.9980,126,19.049026,0.9345,2.1384
BiancaGolden_CircleTurns,-106.0640,213.6895,193.2897,40.1925,-20.6005,-73.7203,0.4178,-0.8355,-0.3568,0.9980,126,19.062931,0.9394,2.1369
BiancaGolden_CircleTurns,-105.5717,213.5362,192.8182,42.0703,-20.7684,-74.1267,0.4109,-0.8362,-0.3633,0.9980,126,19.077047,0.9443,2.1354
BiancaGolden_CircleTurns,-105.0664,213.3661,192.3308,43.9223,-20.8469,-74.5304,0.4138,-0.8362,-0.3599,0.9980,127,19.090843,0.9493,2.1337
BiancaGolden_CircleTurns,-104.5858,213.1618,191.8247,45.7469,-20.8175,-74.8498,0.4081,-0.8384,-0.3613,0.9980,127,19.104481,0.9541,2.1316
BiancaGolden_CircleTurns,-104.1372,212.9608,191.2671,47.6053,-20.8149,-75.3775,0.4016,-0.8386,-0.3681,0.9980,128,19.118769,0.9586,2.1296
BiancaGolden_CircleTurns,-103.7223,212.7414,190.7328,49.7827,-20.8330,-75.7399,0.4022,-0.8375,-0.3699,0.9980,128,19.132355,0.9628,2.1274
BiancaGolden_CircleTurns,-103.3402,212.5174,190.1852,52.1203,-20.9305,-76.1524,0.3927,-0.8401,-0.3742,0.9980,129,19.146837,0.9666,2.1252
BiancaGolden_CircleTurns,-102.9542,212.2607,189.5827,54.4749,-20.9056,-76.5944,0.3839,-0.8434,-0.3760,0.9980,129,19.161028,0.9705,2.1226
BiancaGolden_CircleTurns,-102.6134,212.0329,188.9256,56.7641,-20.8323,-77.0838,0.3774,-0.8459,-0.3769,0.9980,129,19.174223,0.9739,2.1203
BiancaGolden_CircleTurns,-102.3036,211.8055,188.2487,59.1132,-21.0225,-77.7194,0.3700,-0.8433,-0.3898,0.9980,130,19.188261,0.9770,2.1181
BiancaGolden_CircleTurns,-102.1150,211.5846,187.6768,61.5987,-21.5530,-78.3264,0.3650,-0.8399,-0.4016,0.9980,130,19.201395,0.9789,2.1158
BiancaGolden_CircleTurns,-101.9021,211.3434,187.1132,63.8641,-22.0660,-78.8979,0.3563,-0.8394,-0.4105,0.9980,131,19.216024,0.9810,2.1134
BiancaGolden_CircleTurns,-101.6550,211.1080,186.5556,65.6333,-22.2753,-79.3697,0.3529,-0.8409,-0.4104,0.9980,131,19.229486,0.9834,2.1111
BiancaGolden_CircleTurns,-101.4579,210.8515,186.0334,66.9835,-22.4772,-79.8134,0.3458,-0.8405,-0.4170,0.9980,131,19.243977,0.9854,2.1085
BiancaGolden_CircleTurns,-101.2601,210.6160,185.4806,68.4529,-22.6571,-80.2151,0.3534,-0.8450,-0.4014,0.9980,132,19.258072,0.9874,2.1062
BiancaGolden_CircleTurns,-101.1240,210.4256,184.9549,69.5825,-22.8490,-80.6188,0.3455,-0.8505,-0.3965,0.9980,132,19.271072,0.9888,2.1043
BiancaGolden_CircleTurns,-100.9834,210.2555,184.5081,70.8128,-23.0849,-81.0381,0.3404,-0.8493,-0.4036,0.9980,133,19.285559,0.9902,2.1026
BiancaGolden_CircleTurns,-100.8243,210.1465,184.1588,71.7566,-23.3382,-81.3313,0.3437,-0.8482,-0.4029,0.9980,133,19.300005,0.9918,2.1015
BiancaGolden_CircleTurns,-100.6710,210.0132,183.7495,72.6577,-23.5391,-81.5644,0.3430,-0.8461,-0.4080,0.9980,134,19.313883,0.9933,2.1001
BiancaGolden_CircleTurns,-100.5398,209.9425,183.4214,72.9674,-23.8158,-81.6128,0.3430,-0.8440,-0.4124,0.9980,134,19.327215,0.9946,2.0994
BiancaGolden_CircleTurns,-100.3881,209.8757,183.1055,73.4241,-24.0316,-81.6252,0.3431,-0.8420,-0.4163,0.9980,134,19.342049,0.9961,2.0988
BiancaGolden_CircleTurns,-100.2727,209.8435,182.8271,73.6249,-24.1909,-81.5297,0.3429,-0.8407,-0.4191,0.9980,135,19.355684,0.9973,2.0984
BiancaGolden_CircleTurns,-100.1493,209.8144,182.5629,73.8564,-24.3196,-81.5236,0.3906,-0.8474,-0.3597,0.9980,135,19.367897,0.9985,2.0981
BiancaGolden_CircleTurns,-100.0430,209.8221,182.3921,73.9371,-24.3532,-81.3161,0.4017,-0.8445,-0.3543,0.9980,136,19.382595,0.9996,2.0982
BiancaGolden_CircleTurns,-99.9678,209.8700,182.2044,74.1083,-24.3467,-81.1004,0.4044,-0.8471,-0.3448,0.9980,136,19.396561,1.0003,2.0987
BiancaGolden_CircleTurns,-99.8822,209.9118,182.0172,74.4214,-24.4575,-81.0265,0.4046,-0.8453,-0.3490,0.9980,136,19.410835,1.0012,2.0991
BiancaGolden_CircleTurns,-99.8196,209.9798,181.8475,74.7516,-24.6167,-81.0053,0.4085,-0.8423,-0.3516,0.9980,137,19.424248,1.0018,2.0998
BiancaGolden_CircleTurns,-99.7169,210.0351,181.7407,75.0002,-24.7774,-80.8655,0.4179,-0.8366,-0.3543,0.9980,137,19.438253,1.0028,2.1004
BiancaGolden_CircleTurns,-99.6376,210.0670,181.6319,75.1763,-24.6862,-80.5075,0.4239,-0.8337,-0.3538,0.9980,138,19.452892,1.0036,2.1007
BiancaGolden_CircleTurns,-99.5809,210.1349,181.5234,75.3926,-24.6640,-80.2977,0.4216,-0.8408,-0.3397,0.9980,138,19.466309,1.0042,2.1013
BiancaGolden_CircleTurns,-99.5822,210.2243,181.4492,75.6044,-24.7568,-80.2389,0.4156,-0.8463,-0.3331,0.9980,139,19.487247,1.0042,2.1022
BiancaGolden_CircleTurns,-99.5759,210.3073,181.3919,75.8898,-24.9313,-80.2291,0.4159,-0.8455,-0.3349,0.9980,139,19.494673,1.0042,2.1031
BiancaGolden_CircleTurns,-99.5673,210.3640,181.3425,76.1306,-24.9801,-80.2214,0.4140,-0.8482,-0.3303,0.9980,139,19.510756,1.0043,2.1036
BiancaGolden_CircleTurns,-99.5613,210.4357,181.3005,76.3701,-25.0488,-80.2115,0.4022,-0.8535,-0.3313,0.9980,140,19.523399,1.0044,2.1044
BiancaGolden_CircleTurns,-99.6036,210.5220,181.2936,76.6201,-25.2158,-80.3910,0.3945,-0.8555,-0.3355,0.9980,140,19.536486,1.0040,2.1052
BiancaGolden_CircleTurns,-99.6473,210.5994,181.2978,76.7920,-25.5271,-80.7226,0.3938,-0.8572,-0.3319,0.9980,141,19.551466,1.0035,2.1060
BiancaGolden_CircleTurns,-99.6555,210.6542,181.3077,76.8973,-25.7004,-80.8431,0.3908,-0.8579,-0.3337,0.9980,141,19.564434,1.0034,2.1065
BiancaGolden_CircleTurns,-99.6608,210.6955,181.3164,76.8743,-25.8047,-80.8617,0.3910,-0.8582,-0.3325,0.9980,141,19.578594,1.0034,2.1070
BiancaGolden_CircleTurns,-99.7171,210.7278,181.3628,76.6136,-25.7929,-80.8246,0.3888,-0.8579,-0.3359,0.9980,142,19.592033,1.0028,2.1073
BiancaGolden_CircleTurns,-99.7908,210.7730,181.4198,76.5764,-25.9608,-80.9713,0.3834,-0.8578,-0.3424,0.9980,142,19.605101,1.0021,2.1077
BiancaGolden_CircleTurns,-99.8765,210.8241,181.4690,76.6051,-26.2469,-81.2148,0.3760,-0.8576,-0.3510,0.9980,143,19.619919,1.0012,2.1082
BiancaGolden_CircleTurns,-99.9995,210.8676,181.5329,76.5915,-26.7375,-81.5075,0.3650,-0.8604,-0.3556,0.9980,143,19.633488,1.0000,2.1087
BiancaGolden_CircleTurns,-100.0836,210.9095,181.6431,76.3571,-27.3528,-81.9382,0.3607,-0.8591,-0.3630,0.9980,144,19.647779,0.9992,2.1091
BiancaGolden_CircleTurns,-100.1626,210.9188,181.8169,75.7487,-27.9639,-82.1270,0.3604,-0.8583,-0.3652,0.9980,144,19.662346,0.9984,2.1092
BiancaGolden_CircleTurns,-100.2564,210.9257,181.9811,75.0254,-28.3137,-82.0436,0.3777,-0.8538,-0.3584,0.9980,144,19.675556,0.9974,2.1093
BiancaGolden_CircleTurns,-100.3879,210.9225,182.1941,73.9812,-28.5867,-81.6318,0.3868,-0.8516,-0.3538,0.9980,145,19.689203,0.9961,2.1092
BiancaGolden_CircleTurns,-100.5149,210.9260,182.4247,73.1056,-28.8776,-81.3615,0.3916,-0.8497,-0.3530,0.9980,145,19.702181,0.9949,2.1093
BiancaGolden_CircleTurns,-100.6828,210.9302,182.7454,71.9338,-29.1545,-80.9726,0.3992,-0.8403,-0.3667,0.9980,146,19.716894,0.9932,2.1093
BiancaGolden_CircleTurns,-100.8556,210.9211,183.0831,70.7361,-29.3896,-80.5912,0.4029,-0.8399,-0.3637,0.9980,146,19.730347,0.9914,2.1092
BiancaGolden_CircleTurns,-101.0449,210.9061,183.4817,69.2002,-29.5795,-80.1428,0.4061,-0.8301,-0.3822,0.9980,146,19.744385,0.9896,2.1091
BiancaGolden_CircleTurns,-101.2536,210.9138,183.8757,67.6152,-29.8013,-79.6753,0.4085,-0.8270,-0.3863,0.9980,147,19.758461,0.9875,2.1091
BiancaGolden_CircleTurns,-101.4916,210.9163,184.3054,65.8273,-30.0912,-79.1498,0.4071,-0.8248,-0.3923,0.9980,147,19.771666,0.9851,2.1092
BiancaGolden_CircleTurns,-101.7671,210.9398,184.7593,63.9184,-30.4579,-78.6398,0.4028,-0.8220,-0.4025,0.9980,148,19.786083,0.9823,2.1094
BiancaGolden_CircleTurns,-102.0815,210.9635,185.2318,61.9584,-30.8795,-78.0862,0.4120,-0.8116,-0.4141,0.9980,148,19.799740,0.9792,2.1096
BiancaGolden_CircleTurns,-102.4161,210.9883,185.7113,59.9480,-31.3617,-77.4535,0.4192,-0.8068,-0.4164,0.9980,149,19.814615,0.9758,2.1099
BiancaGolden_CircleTurns,-102.7890,211.0348,186.2003,57.7039,-32.0164,-76.6316,0.4197,-0.8019,-0.4252,0.9980,149,19.828217,0.9721,2.1103
BiancaGolden_CircleTurns,-103.1725,211.0987,186.6727,55.3145,-32.7137,-75.6953,0.4179,-0.8036,-0.4237,0.9980,149,19.842083,0.9683,2.1110
BiancaGolden_CircleTurns,-103.5931,211.1769,187.1603,52.7078,-33.4922,-74.6099,0.4178,-0.8063,-0.4187,0.9980,150,19.855530,0.9641,2.1118
BiancaGolden_CircleTurns,-104.0266,211.2667,187.6407,50.2349,-34.2104,-73.5373,0.4282,-0.7986,-0.4229,0.9980,150,19.868546,0.9597,2.1127
BiancaGolden_CircleTurns,-104.5015,211.3618,188.1554,47.6167,-35.1376,-72.1443,0.4294,-0.8004,-0.4183,0.9980,151,19.883825,0.9550,2.1136
BiancaGolden_CircleTurns,-104.9822,211.5044,188.6384,44.8087,-36.1204,-70.3256,0.4346,-0.7977,-0.4182,0.9980,151,19.897697,0.9502,2.1150
BiancaGolden_CircleTurns,-105.4339,211.6445,189.1178,41.9399,-37.0375,-68.3498,0.4578,-0.7793,-0.4279,0.9980,151,19.912237,0.9457,2.1164
BiancaGolden_CircleTurns,-105.8921,211.8305,189.5772,38.5856,-37.9718,-65.6887,0.4657,-0.7780,-0.4217,0.9980,152,19.925049,0.9411,2.1183
BiancaGolden_CircleTurns,-106.3485,212.0220,190.0661,34.9459,-38.7658,-62.8109,0.4864,-0.7763,-0.4011,0.9980,152,19.938311,0.9365,2.1202
BiancaGolden_CircleTurns,-106.8252,212.2398,190.5995,30.3233,-39.4451,-59.1017,0.5138,-0.7562,-0.4053,0.9980,153,19.953260,0.9317,2.1224
BiancaGolden_CircleTurns,-107.2936,212.4552,191.1271,25.5546,-39.7364,-55.5588,0.5412,-0.7372,-0.4046,0.9980,153,19.967951,0.9271,2.1246
BiancaGolden_CircleTurns,-107.7715,212.6410,191.7065,20.3102,-39.6238,-51.9084,0.5451,-0.7496,-0.3754,0.9980,154,19.985035,0.9223,2.1264
BiancaGolden_CircleTurns,-108.3280,212.8074,192.2723,15.4433,-39.2481,-48.5157,0.5437,-0.7641,-0.3471,0.9980,154,19.994888,0.9167,2.1281
BiancaGolden_CircleTurns,-109.0042,212.8924,192.8766,10.8430,-38.5600,-45.4245,0.5625,-0.7528,-0.3418,0.9980,154,20.009117,0.9100,2.1289
BiancaGolden_CircleTurns,-109.6877,212.9610,193.4649,6.8086,-37.6837,-42.8055,0.5089,-0.7929,-0.3353,0.9980,155,20.023235,0.9031,2.1296
BiancaGolden_CircleTurns,-110.3990,212.9873,194.0416,3.2085,-36.4833,-40.6507,0.5197,-0.7902,-0.3248,0.9980,155,20.035269,0.8960,2.1299
BiancaGolden_CircleTurns,-111.1830,212.9812,194.6047,0.0382,-35.0478,-39.1457,0.5015,-0.8096,-0.3049,0.9980,156,20.050510,0.8882,2.1298
BiancaGolden_CircleTurns,-111.9885,212.9603,195.1344,-2.9161,-33.6032,-37.8634,0.4959,-0.8182,-0.2908,0.9980,156,20.064003,0.8801,2.1296
BiancaGolden_CircleTurns,-112.7912,212.9426,195.6145,-5.5838,-32.2152,-36.8321,0.4972,-0.8204,-0.2822,0.9980,156,20.078398,0.8721,2.1294
BiancaGolden_CircleTurns,-113.6652,212.9085,196.0237,-8.1369,-30.7953,-36.1566,0.4860,-0.8290,-0.2766,0.9980,157,20.092384,0.8633,2.1291
BiancaGolden_CircleTurns,-114.5713,212.8742,196.3946,-10.4344,-29.5393,-35.9178,0.4700,-0.8396,-0.2724,0.9980,157,20.105576,0.8543,2.1287
BiancaGolden_CircleTurns,-115.4520,212.7949,196.7754,-12.5169,-28.3053,-35.7948,0.4629,-0.8456,-0.2659,0.9980,158,20.120808,0.8455,2.1279
BiancaGolden_CircleTurns,-116.3111,212.7208,197.1538,-14.3597,-27.1110,-36.0348,0.4426,-0.8474,-0.2934,0.9980,158,20.134218,0.8369,2.1272
BiancaGolden_CircleTurns,-117.2337,212.6643,197.4603,-15.9025,-26.0541,-36.6140,0.4347,-0.8535,-0.2873,0.9980,159,20.148701,0.8277,2.1266
BiancaGolden_CircleTurns,-118.1524,212.5729,197.7381,-17.3132,-25.0327,-37.1642,0.4215,-0.8601,-0.2873,0.9980,159,20.162458,0.8185,2.1257
BiancaGolden_CircleTurns,-119.0376,212.4960,197.9915,-18.4503,-24.0906,-37.9533,0.4077,-0.8683,-0.2824,0.9980,159,20.176811,0.8096,2.1250
BiancaGolden_CircleTurns,-119.8847,212.4207,198.2190,-19.3363,-23.2120,-38.8498,0.3917,-0.8782,-0.2745,0.9980,160,20.190489,0.8012,2.1242
BiancaGolden_CircleTurns,-120.7441,212.3553,198.3848,-19.5853,-22.5713,-40.0091,0.3721,-0.8844,-0.2819,0.9980,160,20.203926,0.7926,2.1236
BiancaGolden_CircleTurns,-121.5975,212.3014,198.5406,-19.8818,-21.9226,-41.0508,0.3792,-0.8846,-0.2715,0.9980,161,20.218676,0.7840,2.1230
BiancaGolden_CircleTurns,-122.4357,212.2838,198.6314,-19.7444,-21.5754,-42.3075,0.3888,-0.8837,-0.2604,0.9980,161,20.232319,0.7756,2.1228
BiancaGolden_CircleTurns,-123.2727,212.2550,198.7222,-19.9326,-21.1873,-43.4573,0.3670,-0.8934,-0.2592,0.9980,162,20.246481,0.7673,2.1225
BiancaGolden_CircleTurns,-124.0732,212.2379,198.7601,-19.8395,-21.1448,-44.8906,0.3716,-0.8929,-0.2543,0.9980,162,20.260437,0.7593,2.1224
BiancaGolden_CircleTurns,-124.8440,212.2345,198.7974,-19.8596,-20.9432,-46.2034,0.3666,-0.8947,-0.2552,0.9980,162,20.275223,0.7516,2.1223
BiancaGolden_CircleTurns,-125.5705,212.1973,198.8538,-19.5899,-20.8457,-47.6288,0.3699,-0.8871,-0.2762,0.9980,163,20.288120,0.7443,2.1220
BiancaGolden_CircleTurns,-126.3028,212.1647,198.9236,-19.4144,-20.7014,-48.9767,0.3684,-0.8862,-0.2808,0.9980,163,20.301517,0.7370,2.1216
BiancaGolden_CircleTurns,-127.0100,212.1472,199.0007,-19.1944,-20.6873,-50.3082,0.3735,-0.8860,-0.2747,0.9980,164,20.316763,0.7299,2.1215
BiancaGolden_CircleTurns,-127.6864,212.1705,199.0279,-18.9733,-20.6331,-51.5940,0.3553,-0.8940,-0.2731,0.9980,164,20.330048,0.7231,2.1217
BiancaGolden_CircleTurns,-128.3412,212.2134,199.0200,-18.6837,-20.6223,-52.7978,0.3665,-0.8873,-0.2799,0.9980,164,20.345093,0.7166,2.1221
BiancaGolden_CircleTurns,-129.0101,212.2563,199.0004,-18.4603,-20.5446,-53.9213,0.3758,-0.8846,-0.2762,0.9980,165,20.357990,0.7099,2.1226
BiancaGolden_CircleTurns,-129.6692,212.3123,199.0355,-18.1142,-20.5715,-54.9098,0.3862,-0.8769,-0.2862,0.9980,165,20.371168,0.7033,2.1231
BiancaGolden_CircleTurns,-130.3157,212.3733,199.0925,-17.8615,-20.6029,-55.8458,0.3956,-0.8687,-0.2982,0.9980,166,20.386143,0.6968,2.1237
BiancaGolden_CircleTurns,-130.9404,212.4607,199.1392,-17.6504,-20.6742,-56.7879,0.3811,-0.8748,-0.2991,0.9980,166,20.400829,0.6906,2.1246
BiancaGolden_CircleTurns,-131.5811,212.5295,199.1999,-17.4891,-20.7841,-57.6964,0.3944,-0.8698,-0.2965,0.9980,167,20.414261,0.6842,2.1253
BiancaGolden_CircleTurns,-132.2360,212.6318,199.2636,-17.2087,-20.8934,-58.5679,0.4082,-0.8614,-0.3023,0.9980,167,20.427752,0.6776,2.1263
BiancaGolden_CircleTurns,-132.8874,212.7404,199.2868,-16.8294,-20.8985,-59.4354,0.4168,-0.8549,-0.3087,0.9980,167,20.442198,0.6711,2.1274
BiancaGolden_CircleTurns,-133.5408,212.8741,199.2619,-16.2917,-20.8134,-60.1872,0.4303,-0.8513,-0.3004,0.9980,168,20.456362,0.6646,2.1287
BiancaGolden_CircleTurns,-134.2015,213.0113,199.2665,-15.8923,-20.7140,-60.9545,0.4304,-0.8502,-0.3034,0.9980,168,20.473034,0.6580,2.1301
BiancaGolden_CircleTurns,-134.9005,213.1938,199.2657,-15.6500,-20.6014,-61.6456,0.4451,-0.8417,-0.3056,0.9980,169,20.484592,0.6510,2.1319
BiancaGolden_CircleTurns,-135.6290,213.3595,199.2694,-15.5443,-20.5452,-62.4514,0.4323,-0.8484,-0.3057,0.9980,169,20.497427,0.6437,2.1336
BiancaGolden_CircleTurns,-136.4126,213.5417,199.2919,-15.4278,-20.5508,-63.3267,0.4284,-0.8491,-0.3092,0.9980,169,20.512100,0.6359,2.1354
BiancaGolden_CircleTurns,-137.1571,213.7275,199.3013,-15.1747,-20.5058,-64.1905,0.4237,-0.8472,-0.3206,0.9980,170,20.524981,0.6284,2.1373
BiancaGolden_CircleTurns,-137.9440,213.9796,199.3258,-14.9826,-20.5115,-65.0421,0.4396,-0.8411,-0.3151,0.9980,170,20.538366,0.6206,2.1398
BiancaGolden_CircleTurns,-138.7953,214.2670,199.3285,-14.8471,-20.6455,-65.7734,0.4382,-0.8416,-0.3156,0.9980,171,20.553659,0.6120,2.1427
BiancaGolden_CircleTurns,-139.6628,214.5792,199.3120,-14.7472,-20.8097,-66.5044,0.4547,-0.8337,-0.3134,0.9980,171,20.567421,0.6034,2.1458
BiancaGolden_CircleTurns,-140.5162,214.8883,199.3341,-14.7219,-21.0192,-67.2853,0.4407,-0.8395,-0.3177,0.9980,172,20.581738,0.5948,2.1489
BiancaGolden_CircleTurns,-141.4209,215.2165,199.3578,-14.7558,-21.2823,-68.1995,0.4507,-0.8224,-0.3472,0.9980,172,20.594805,0.5858,2.1522
BiancaGolden_CircleTurns,-142.3407,215.5445,199.3683,-14.6662,-21.4764,-69.1550,0.4310,-0.8305,-0.3530,0.9980,172,20.610119,0.5766,2.1554
BiancaGolden_CircleTurns,-143.3797,215.8963,199.3793,-14.5235,-21.8150,-70.4720,0.3443,-0.8514,-0.3957,0.9980,173,20.623137,0.5662,2.1590
BiancaGolden_CircleTurns,-144.4812,216.2725,199.3657,-14.4138,-22.2503,-72.1097,0.2545,-0.8684,-0.4256,0.9980,173,20.635948,0.5552,2.1627
BiancaGolden_CircleTurns,-145.6850,216.6517,199.3064,-14.1859,-23.0257,-74.3713,0.2141,-0.8718,-0.4405,0.9980,174,20.651159,0.5432,2.1665
BiancaGolden_CircleTurns,-146.9471,217.0121,199.2372,-13.6686,-23.9705,-76.8891,-0.0274,-0.8677,-0.4963,0.9980,174,20.664951,0.5305,2.1701
BiancaGolden_CircleTurns,-148.2671,217.4036,199.0924,-12.6728,-24.9217,-79.9246,-0.0763,-0.8583,-0.5075,0.9980,175,20.679426,0.5173,2.1740
BiancaGolden_CircleTurns,-149.6513,217.8348,198.9173,-11.5239,-25.9038,-82.9843,-0.1155,-0.7873,-0.6057,0.9980,175,20.692720,0.5035,2.1783
BiancaGolden_CircleTurns,-151.0755,218.2885,198.6813,-10.1515,-26.9793,-86.4804,-0.1663,-0.7496,-0.6406,0.9980,175,20.707504,0.4892,2.1829
BiancaGolden_CircleTurns,-152.5437,218.7291,198.4654,-8.6185,-28.0691,-90.0559,-0.2259,-0.7455,-0.6271,0.9980,176,20.721706,0.4746,2.1873
BiancaGolden_CircleTurns,-154.0099,219.1727,198.2995,-7.1175,-29.0708,-93.8255,-0.4448,-0.6550,-0.6108,0.9980,176,20.734043,0.4599,2.1917
BiancaGolden_CircleTurns,-155.5294,219.6039,198.1590,-5.5565,-29.9083,-97.8620,-0.5558,-0.6450,-0.5244,0.9980,177,20.748541,0.4447,2.1960
BiancaGolden_CircleTurns,-157.0616,220.0467,198.0531,-4.0456,-30.5657,-101.8858,-0.6023,-0.6045,-0.5214,0.9980,177,20.762247,0.4294,2.2005
BiancaGolden_CircleTurns,-158.6086,220.5052,197.9594,-2.5067,-31.0631,-105.9626,-0.7000,-0.5502,-0.4552,0.9980,177,20.776258,0.4139,2.2051
BiancaGolden_CircleTurns,-160.1304,220.9875,197.8099,-1.0065,-31.1766,-109.9345,-0.7804,-0.4599,-0.4237,0.9980,178,20.789597,0.3987,2.2099
BiancaGolden_CircleTurns,-161.6390,221.4856,197.6595,0.4528,-31.1261,-113.6177,-0.8139,-0.4147,-0.4069,0.9980,178,20.802666,0.3836,2.2149
BiancaGolden_CircleTurns,-163.1207,221.9754,197.5462,1.7712,-30.7536,-116.8820,-0.8297,-0.3733,-0.4150,0.9980,179,20.817827,0.3688,2.2198
BiancaGolden_CircleTurns,-164.5143,222.4219,197.5100,2.8764,-30.0430,-119.3949,-0.8466,-0.3541,-0.3973,0.9980,179,20.831663,0.3549,2.2242
BiancaGolden_CircleTurns,-165.8988,222.8446,197.4828,3.9042,-29.3688,-121.6119,-0.8357,-0.3540,-0.4199,0.9980,180,20.845884,0.3410,2.2284
BiancaGolden_CircleTurns,-167.1726,223.2492,197.4599,4.4883,-28.4264,-122.5979,-0.7959,-0.4203,-0.4357,0.9980,180,20.859238,0.3283,2.2325
BiancaGolden_CircleTurns,-168.3968,223.6573,197.3991,4.8939,-27.5992,-123.1634,-0.7680,-0.4631,-0.4423,0.9980,180,20.873840,0.3160,2.2366
BiancaGolden_CircleTurns,-169.6870,224.0504,197.3624,5.6453,-27.0233,-124.7041,-0.7224,-0.5329,-0.4406,0.9980,181,20.887348,0.3031,2.2405
BiancaGolden_CircleTurns,-170.7713,224.1799,197.6547,5.5725,-26.4833,-123.5713,-0.7129,-0.5522,-0.4322,0.9980,181,20.900873,0.2923,2.2418
BiancaGolden_CircleTurns,-171.8449,224.2701,198.0734,5.7777,-25.9849,-122.3175,-0.6529,-0.6183,-0.4374,0.9980,182,20.916042,0.2816,2.2427
BiancaGolden_CircleTurns,-172.7609,224.4575,198.2682,5.5890,-25.4369,-120.5139,-0.5946,-0.6670,-0.4489,0.9980,182,20.930107,0.2724,2.2446
BiancaGolden_CircleTurns,-173.5600,224.7243,198.2565,4.9394,-25.1883,-118.7583,-0.5326,-0.7063,-0.4663,0.9980,182,20.943827,0.2644,2.2472
BiancaGolden_CircleTurns,-174.2570,224.9302,198.1981,4.0666,-24.9643,-116.3939,-0.4664,-0.7470,-0.4738,0.9980,183,20.957470,0.2574,2.2493
BiancaGolden_CircleTurns,-174.8119,225.0162,198.3397,2.7312,-24.9409,-113.0661,-0.3611,-0.8004,-0.4785,0.9980,183,20.974720,0.2519,2.2502
BiancaGolden_CircleTurns,-175.3166,225.0876,198.5571,1.4327,-24.9019,-109.6547,-0.1941,-0.8647,-0.4633,0.9980,184,20.986828,0.2468,2.2509
BiancaGolden_CircleTurns,-175.7709,225.1339,198.7373,-0.0546,-24.7998,-105.8718,-0.1365,-0.8779,-0.4590,0.9980,184,20.998791,0.2423,2.2513
BiancaGolden_CircleTurns,-176.1673,225.1647,198.9283,-1.6946,-24.5987,-101.8818,0.0636,-0.9140,-0.4006,0.9980,185,21.013798,0.2383,2.2516
BiancaGolden_CircleTurns,-176.5196,225.1735,199.2274,-3.2992,-24.3554,-97.8777,0.2324,-0.9025,-0.3626,0.9980,185,21.027140,0.2348,2.2517
BiancaGolden_CircleTurns,-176.8284,225.2205,199.5441,-4.6499,-24.0858,-94.0538,0.3772,-0.8728,-0.3096,0.9980,185,21.040600,0.2317,2.2522
BiancaGolden_CircleTurns,-177.1007,225.3133,199.8094,-5.8545,-23.8803,-90.2461,0.4799,-0.8302,-0.2837,0.9980,186,21.054089,0.2290,2.2531
BiancaGolden_CircleTurns,-177.3525,225.4251,199.9840,-6.9292,-23.6389,-86.7997,0.5569,-0.7804,-0.2844,0.9980,186,21.067762,0.2265,2.2543
BiancaGolden_CircleTurns,-177.6802,225.5305,200.1625,-7.7306,-23.4142,-83.6822,0.5942,-0.7547,-0.2781,0.9980,187,21.082529,0.2232,2.2553
BiancaGolden_CircleTurns,-178.0553,225.5716,200.3731,-8.1216,-23.1851,-80.8869,0.6609,-0.7045,-0.2586,0.9980,187,21.095669,0.2194,2.2557
BiancaGolden_CircleTurns,-178.3310,225.6143,200.5811,-8.1982,-22.7845,-78.2634,0.6976,-0.6684,-0.2580,0.9980,187,21.109690,0.2167,2.2561
BiancaGolden_CircleTurns,-178.6240,225.6820,200.7484,-8.0461,-22.4531,-75.5832,0.7469,-0.6192,-0.2422,0.9980,188,21.123695,0.2138,2.2568
BiancaGolden_CircleTurns,-178.8698,225.7036,200.8688,-8.0336,-21.8897,-72.8179,0.7827,-0.5756,-0.2369,0.9980,188,21.136787,0.2113,2.2570
BiancaGolden_CircleTurns,-179.0881,225.7442,201.0009,-8.4995,-21.3319,-70.3125,0.8063,-0.5453,-0.2290,0.9980,189,21.152094,0.2091,2.2574
BiancaGolden_CircleTurns,-179.3000,225.7799,201.0913,-9.0870,-20.7157,-67.9937,0.8287,-0.5148,-0.2194,0.9980,189,21.165266,0.2070,2.2578
BiancaGolden_CircleTurns,-179.5407,225.8700,201.1514,-9.4349,-20.2560,-65.6542,0.8388,-0.4975,-0.2209,0.9980,190,21.179352,0.2046,2.2587
BiancaGolden_CircleTurns,-179.7912,225.9485,201.1921,-9.4729,-19.9357,-63.2972,0.8279,-0.5094,-0.2348,0.9980,190,21.193789,0.2021,2.2595
BiancaGolden_CircleTurns,-180.0479,226.0083,201.2224,-9.6236,-19.6724,-61.0485,0.8156,-0.5301,-0.2317,0.9980,190,21.207073,0.1995,2.2601
BiancaGolden_CircleTurns,-180.3034,226.0623,201.2030,-10.0353,-19.4795,-59.0643,0.7990,-0.5481,-0.2473,0.9980,191,21.221010,0.1970,2.2606
BiancaGolden_CircleTurns,-180.5711,226.1050,201.1776,-10.4405,-19.2076,-57.1666,0.7845,-0.5652,-0.2553,0.9980,191,21.233706,0.1943,2.2610
BiancaGolden_CircleTurns,-180.8292,226.1155,201.1476,-10.7261,-18.9575,-55.4717,0.8010,-0.5447,-0.2484,0.9980,192,21.249525,0.1917,2.2612
BiancaGolden_CircleTurns,-181.0855,226.0770,201.1468,-10.9563,-18.6006,-53.8620,0.7856,-0.5646,-0.2532,0.9980,192,21.263420,0.1891,2.2608
BiancaGolden_CircleTurns,-181.3617,226.0170,201.1338,-11.4796,-18.2186,-52.6628,0.7662,-0.5881,-0.2590,0.9980,192,21.276545,0.1864,2.2602
BiancaGolden_CircleTurns,-181.7143,225.8675,201.0961,-11.7983,-17.8596,-51.8798,0.7491,-0.6066,-0.2663,0.9980,193,21.290201,0.1829,2.2587
BiancaGolden_CircleTurns,-181.9332,225.7247,201.0689,-12.1222,-17.4057,-51.2459,0.7155,-0.6432,-0.2726,0.9980,193,21.302582,0.1807,2.2572
BiancaGolden_CircleTurns,-182.2754,225.5060,201.0371,-12.2440,-16.8929,-50.9271,0.6943,-0.6659,-0.2730,0.9980,194,21.317739,0.1772,2.2551
BiancaGolden_CircleTurns,-182.5341,225.2553,201.0212,-12.4400,-16.4953,-50.9709,0.6941,-0.6683,-0.2676,0.9980,194,21.331070,0.1747,2.2526
BiancaGolden_CircleTurns,-182.8372,224.9812,201.0061,-12.5014,-16.1777,-51.0750,0.6729,-0.6864,-0.2757,0.9980,195,21.346235,0.1716,2.2498
BiancaGolden_CircleTurns,-183.1112,224.7008,200.9877,-12.5130,-15.9330,-51.4031,0.6436,-0.7059,-0.2958,0.9980,195,21.359365,0.1689,2.2470
BiancaGolden_CircleTurns,-183.3871,224.4246,200.8927,-12.3564,-15.7547,-51.8346,0.6258,-0.7204,-0.2989,0.9980,195,21.373812,0.1661,2.2442
BiancaGolden_CircleTurns,-183.6523,224.1509,200.7624,-12.1170,-15.6390,-52.2749,0.6171,-0.7280,-0.2986,0.9980,196,21.386520,0.1635,2.2415
BiancaGolden_CircleTurns,-183.8901,223.8541,200.6044,-11.6927,-15.6006,-52.9020,0.6045,-0.7375,-0.3011,0.9980,196,21.399757,0.1611,2.2385
BiancaGolden_CircleTurns,-184.1591,223.5131,200.4909,-11.0859,-15.5681,-53.5026,0.5959,-0.7444,-0.3011,0.9980,197,21.414640,0.1584,2.2351
BiancaGolden_CircleTurns,-184.4166,223.1584,200.3855,-10.5362,-15.5426,-54.1422,0.5793,-0.7552,-0.3066,0.9980,197,21.428738,0.1558,2.2316
BiancaGolden_CircleTurns,-184.6735,222.8312,200.2396,-10.1743,-15.5142,-54.7810,0.5720,-0.7588,-0.3115,0.9980,197,21.442579,0.1533,2.2283
BiancaGolden_CircleTurns,-184.9038,222.5151,200.0427,-9.7998,-15.5691,-55.6786,0.5604,-0.7622,-0.3239,0.9980,198,21.456249,0.1510,2.2252
BiancaGolden_CircleTurns,-185.1665,222.1968,199.8219,-9.1108,-15.5991,-56.4578,0.5566,-0.7655,-0.3227,0.9980,198,21.472864,0.1483,2.2220
BiancaGolden_CircleTurns,-185.3748,221.8625,199.6107,-8.0989,-15.5534,-57.2138,0.5478,-0.7724,-0.3213,0.9980,199,21.486649,0.1463,2.2186
BiancaGolden_CircleTurns,-185.5775,221.4946,199.3995,-7.1669,-15.4170,-57.8312,0.5382,-0.7775,-0.3253,0.9980,199,21.497942,0.1442,2.2149
BiancaGolden_CircleTurns,-185.7889,221.1232,199.2173,-6.5220,-15.2048,-58.5567,0.5292,-0.7855,-0.3207,0.9980,200,21.513094,0.1421,2.2112
BiancaGolden_CircleTurns,-186.0555,220.7914,199.0162,-6.1247,-14.9206,-59.5925,0.5286,-0.7877,-0.3166,0.9980,200,21.526648,0.1394,2.2079
BiancaGolden_CircleTurns,-186.3897,220.4771,198.7434,-5.7482,-14.7680,-60.7389,0.5173,-0.7952,-0.3163,0.9980,200,21.540138,0.1361,2.2048
BiancaGolden_CircleTurns,-186.8481,220.0626,198.4909,-4.8379,-14.7422,-62.0960,0.5056,-0.8011,-0.3203,0.9980,201,21.554234,0.1315,2.2006
BiancaGolden_CircleTurns,-187.2925,219.5646,198.5776,-3.7131,-14.7480,-63.4804,0.4857,-0.8124,-0.3227,0.9980,201,21.566872,0.1271,2.1956
BiancaGolden_CircleTurns,-187.8346,219.0395,198.9351,-3.0221,-14.8497,-65.0968,0.4554,-0.8287,-0.3254,0.9980,202,21.581854,0.1217,2.1904
BiancaGolden_CircleTurns,-188.3538,218.5180,199.2578,-2.6338,-14.9763,-67.1603,0.4134,-0.8488,-0.3297,0.9980,202,21.596313,0.1165,2.1852
BiancaGolden_CircleTurns,-188.9063,218.0897,199.4250,-2.8130,-15.0490,-70.0090,0.3656,-0.8689,-0.3337,0.9980,202,21.610064,0.1109,2.1809
BiancaGolden_CircleTurns,-189.6915,217.6990,199.4582,-2.8218,-15.2732,-72.8914,0.2405,-0.9138,-0.3274,0.9980,203,21.623770,0.1031,2.1770
BiancaGolden_CircleTurns,-190.5255,217.3358,199.4677,-2.4791,-15.6028,-76.5505,0.1165,-0.9348,-0.3356,0.9980,203,21.637386,0.0947,2.1734
BiancaGolden_CircleTurns,-191.4085,217.0399,199.5398,-2.1141,-16.0727,-80.3165,-0.0219,-0.9376,-0.3469,0.9980,204,21.652239,0.0859,2.1704
BiancaGolden_CircleTurns,-192.3660,216.7977,199.6574,-1.9194,-16.7932,-84.7604,-0.0991,-0.9284,-0.3580,0.9980,204,21.665623,0.0763,2.1680
BiancaGolden_CircleTurns,-193.3811,216.6021,199.7514,-1.5356,-17.5203,-89.4576,-0.3214,-0.8743,-0.3637,0.9980,205,21.680182,0.0662,2.1660
BiancaGolden_CircleTurns,-194.3811,216.5009,199.8207,-0.8544,-18.3427,-94.2400,-0.4267,-0.8046,-0.4131,0.9980,205,21.693363,0.0562,2.1650
BiancaGolden_CircleTurns,-195.2807,216.4805,199.9027,0.0191,-19.1283,-98.8058,-0.4844,-0.7630,-0.4280,0.9980,205,21.707640,0.0472,2.1648
BiancaGolden_CircleTurns,-196.0440,216.5400,200.0004,1.3169,-19.9300,-103.0290,-0.5472,-0.7133,-0.4379,0.9980,206,21.721624,0.0396,2.1654
BiancaGolden_CircleTurns,-196.7046,216.5439,200.1597,2.5274,-20.6929,-106.8389,-0.5965,-0.6549,-0.4641,0.9980,206,21.735369,0.0330,2.1654
BiancaGolden_CircleTurns,-197.2897,216.5203,200.3492,3.5535,-21.3498,-110.2101,-0.6261,-0.6240,-0.4675,0.9980,207,21.750187,0.0271,2.1652
BiancaGolden_CircleTurns,-197.7815,216.4853,200.5090,4.3185,-21.8805,-112.8076,-0.6499,-0.5834,-0.4871,0.9980,207,21.763288,0.0222,2.1649
BiancaGolden_CircleTurns,-198.2818,216.4381,200.6129,5.1373,-22.2274,-115.3633,-0.6622,-0.5674,-0.4895,0.9980,207,21.777796,0.0172,2.1644
BiancaGolden_CircleTurns,-198.6575,216.3549,200.6735,6.0208,-22.3040,-116.3978,-0.6465,-0.5834,-0.4917,0.9980,208,21.791418,0.0134,2.1635
BiancaGolden_CircleTurns,-198.9735,216.1854,200.7629,6.6294,-22.1569,-117.0464,-0.5922,-0.6389,-0.4911,0.9980,208,21.804834,0.0103,2.1619
BiancaGolden_CircleTurns,-199.2742,215.9832,200.8198,6.5867,-21.8727,-117.3105,-0.5380,-0.6931,-0.4798,0.9980,209,21.819973,0.0073,2.1598
BiancaGolden_CircleTurns,-199.5814,215.8108,200.8373,6.0059,-21.6376,-117.5636,-0.5379,-0.6933,-0.4796,0.9980,209,21.834215,0.0042,2.1581
BiancaGolden_CircleTurns,-199.9146,215.6818,200.8037,5.5496,-21.5468,-117.7651,-0.5056,-0.7297,-0.4604,0.9980,210,21.848240,0.0009,2.1568
BiancaGolden_CircleTurns,-200.2265,215.5437,200.8175,5.9493,-21.5402,-117.6700,-0.4781,-0.7465,-0.4628,0.9980,210,21.862070,-0.0023,2.1554
BiancaGolden_CircleTurns,-200.4019,215.3790,200.7125,6.2436,-21.5488,-117.6978,-0.4347,-0.7673,-0.4715,0.9980,210,21.876104,-0.0040,2.1538
BiancaGolden_CircleTurns,-200.6482,215.2907,200.6243,6.4812,-21.8346,-117.0012,-0.4066,-0.7781,-0.4787,0.9980,211,21.890051,-0.0065,2.1529
BiancaGolden_CircleTurns,-200.8408,215.1250,200.5129,6.3596,-22.0134,-116.6099,-0.3827,-0.7857,-0.4861,0.9980,211,21.903234,-0.0084,2.1513
BiancaGolden_CircleTurns,-201.0661,215.0112,200.4346,6.0783,-22.3797,-116.0490,-0.3753,-0.7868,-0.4900,0.9980,212,21.918121,-0.0107,2.1501
BiancaGolden_CircleTurns,-201.2942,214.8290,200.3753,5.9379,-22.6354,-115.5999,-0.3465,-0.7960,-0.4963,0.9980,212,21.932096,-0.0129,2.1483
BiancaGolden_CircleTurns,-201.4951,214.6948,200.3452,5.9988,-22.9288,-115.2242,-0.3327,-0.7892,-0.5163,0.9980,213,21.947119,-0.0150,2.1469
BiancaGolden_CircleTurns,-201.7131,214.4736,200.5193,5.7769,-24.7748,-115.0262,-0.3280,-0.7946,-0.5109,0.9980,213,21.960279,-0.0171,2.1447
BiancaGolden_CircleTurns,-201.8924,214.3080,200.2367,6.8017,-24.3760,-114.5772,-0.3165,-0.8124,-0.4897,0.9980,213,21.978920,-0.0189,2.1431
BiancaGolden_CircleTurns,-202.2152,214.3095,200.0676,6.6286,-23.6722,-113.5150,-0.3069,-0.8120,-0.4965,0.9980,214,21.990416,-0.0222,2.1431
BiancaGolden_CircleTurns,-202.4505,214.0136,200.1438,6.7975,-24.0329,-112.9605,-0.3079,-0.8122,-0.4954,0.9980,214,22.003044,-0.0245,2.1401
BiancaGolden_CircleTurns,-202.7257,213.8008,200.0232,7.0575,-23.8328,-112.3932,-0.3116,-0.8101,-0.4965,0.9980,215,22.018200,-0.0273,2.1380
BiancaGolden_CircleTurns,-203.0755,213.6373,200.0267,7.1768,-24.1836,-111.8084,-0.3039,-0.8122,-0.4980,0.9980,215,22.031860,-0.0308,2.1364
BiancaGolden_CircleTurns,-203.4799,213.4647,199.9159,7.2901,-24.2806,-111.2703,-0.3108,-0.8035,-0.5077,0.9980,215,22.045286,-0.0348,2.1346
BiancaGolden_CircleTurns,-203.8814,213.3210,199.9794,7.6680,-25.0056,-111.0840,-0.3058,-0.8029,-0.5116,0.9980,216,22.058708,-0.0388,2.1332
BiancaGolden_CircleTurns,-204.3396,213.1859,199.7852,8.2903,-25.2697,-110.7188,-0.3134,-0.7918,-0.5242,0.9980,216,22.071581,-0.0434,2.1319
BiancaGolden_CircleTurns,-204.7659,213.0288,199.7638,8.8732,-25.9188,-110.1572,-0.2952,-0.7926,-0.5336,0.9980,217,22.086184,-0.0477,2.1303
BiancaGolden_CircleTurns,-205.1651,212.8613,199.7905,9.3941,-26.5599,-108.9181,-0.2864,-0.7945,-0.5355,0.9980,217,22.099947,-0.0517,2.1286
BiancaGolden_CircleTurns,-205.5243,212.5852,199.7902,9.7435,-26.8146,-107.5344,-0.2639,-0.8092,-0.5250,0.9980,218,22.114532,-0.0552,2.1259
BiancaGolden_CircleTurns,-206.0904,212.3770,199.7076,9.9377,-26.6986,-105.2287,-0.2447,-0.8187,-0.5195,0.9980,218,22.128164,-0.0609,2.1238
BiancaGolden_CircleTurns,-206.5535,212.2002,199.5922,10.0996,-26.6052,-103.4923,-0.2302,-0.8249,-0.5162,0.9980,218,22.141829,-0.0655,2.1220
BiancaGolden_CircleTurns,-207.0147,211.9908,199.5047,9.9862,-26.8417,-101.7826,-0.1964,-0.8289,-0.5238,0.9980,219,22.155672,-0.0701,2.1199
BiancaGolden_CircleTurns,-207.3921,211.9146,199.4041,9.4053,-27.3147,-99.5499,-0.1539,-0.8405,-0.5195,0.9980,219,22.168514,-0.0739,2.1191
BiancaGolden_CircleTurns,-207.9396,211.7049,199.3149,9.3418,-27.5805,-96.7201,-0.1131,-0.8441,-0.5242,0.9980,220,22.183376,-0.0794,2.1170
BiancaGolden_CircleTurns,-208.4543,211.4448,199.5178,8.9886,-27.8764,-93.9912,0.0261,-0.8627,-0.5051,0.9980,220,22.196957,-0.0845,2.1144
BiancaGolden_CircleTurns,-209.0098,211.2686,199.5198,8.7935,-27.7030,-91.6205,0.1758,-0.8797,-0.4418,0.9980,220,22.211485,-0.0901,2.1127
BiancaGolden_CircleTurns,-209.6216,211.0970,199.4686,8.5431,-27.4620,-89.0269,0.3011,-0.8778,-0.3725,0.9980,221,22.224384,-0.0962,2.1110
BiancaGolden_CircleTurns,-210.1861,210.9194,199.4349,7.9550,-27.2098,-86.5384,0.4182,-0.8608,-0.2901,0.9980,221,22.237541,-0.1019,2.1092
BiancaGolden_CircleTurns,-210.8205,210.8447,199.2746,6.8211,-26.3916,-83.9157,0.4509,-0.8505,-0.2710,0.9980,222,22.253605,-0.1082,2.1084
BiancaGolden_CircleTurns,-211.4672,210.7077,199.2253,5.3011,-25.6627,-81.5344,0.5293,-0.8133,-0.2416,0.9980,222,22.266050,-0.1147,2.1071
BiancaGolden_CircleTurns,-212.1808,210.5256,199.2199,3.5258,-24.7198,-79.3476,0.6224,-0.7495,-0.2254,0.9980,223,22.280527,-0.1218,2.1053
BiancaGolden_CircleTurns,-212.8991,210.3426,199.2055,2.3251,-23.8974,-77.2207,0.6804,-0.7001,-0.2166,0.9980,223,22.293503,-0.1290,2.1034
BiancaGolden_CircleTurns,-213.6544,210.1971,199.1899,1.4881,-23.0288,-74.8181,0.7120,-0.6741,-0.1968,0.9980,223,22.307735,-0.1365,2.1020
BiancaGolden_CircleTurns,-214.3374,210.0136,199.2621,0.8344,-21.9971,-72.2003,0.7688,-0.6149,-0.1760,0.9980,224,22.321344,-0.1434,2.1001
BiancaGolden_CircleTurns,-214.9969,209.8107,199.3239,0.0421,-20.6173,-69.5485,0.7970,-0.5861,-0.1459,0.9980,224,22.334280,-0.1500,2.0981
BiancaGolden_CircleTurns,-215.7914,209.7012,199.4027,-0.4819,-18.8771,-66.9737,0.8285,-0.5369,-0.1590,0.9980,225,22.350170,-0.1579,2.0970
BiancaGolden_CircleTurns,-216.5370,209.4656,199.7213,-1.2786,-18.2946,-64.8156,0.8404,-0.5212,-0.1486,0.9980,225,22.362610,-0.1654,2.0947
BiancaGolden_CircleTurns,-217.1796,209.5520,199.9829,-3.1357,-18.3791,-63.3847,0.8487,-0.5076,-0.1486,0.9980,225,22.376877,-0.1718,2.0955
BiancaGolden_CircleTurns,-218.2388,209.1726,200.0726,-3.4255,-17.6240,-60.8019,0.8293,-0.5307,-0.1749,0.9980,226,22.390556,-0.1824,2.0917
BiancaGolden_CircleTurns,-219.0362,209.1879,200.3711,-4.0061,-18.1143,-59.1726,0.8063,-0.5514,-0.2142,0.9980,226,22.403816,-0.1904,2.0919
BiancaGolden_CircleTurns,-219.8728,209.0564,200.3361,-4.5721,-18.2257,-58.0715,0.8162,-0.5367,-0.2138,0.9980,227,22.418718,-0.1987,2.0906
BiancaGolden_CircleTurns,-220.8029,208.8483,200.2317,-4.7648,-18.2817,-57.0139,0.7982,-0.5600,-0.2221,0.9980,227,22.432121,-0.2080,2.0885
BiancaGolden_CircleTurns,-221.6456,208.6957,200.2360,-4.8217,-18.2030,-56.2198,0.7754,-0.5797,-0.2503,0.9980,228,22.446356,-0.2165,2.0870
BiancaGolden_CircleTurns,-222.4432,208.4474,200.2896,-4.6047,-18.0239,-55.5866,0.7678,-0.5841,-0.2633,0.9980,228,22.459917,-0.2244,2.0845
BiancaGolden_CircleTurns,-223.1724,208.2474,200.3997,-4.5860,-17.8903,-54.7704,0.7566,-0.5943,-0.2726,0.9980,228,22.477625,-0.2317,2.0825
BiancaGolden_CircleTurns,-223.8736,208.0743,200.4554,-4.5797,-17.8184,-54.1340,0.7648,-0.5848,-0.2705,0.9980,229,22.488689,-0.2387,2.0807
BiancaGolden_CircleTurns,-224.5998,207.9144,200.4558,-4.6243,-17.7005,-53.3767,0.7529,-0.5937,-0.2840,0.9980,229,22.500429,-0.2460,2.0791
BiancaGolden_CircleTurns,-225.2861,207.7700,200.4506,-4.6161,-17.7907,-52.8797,0.7368,-0.6104,-0.2909,0.9980,230,22.515892,-0.2529,2.0777
BiancaGolden_CircleTurns,-225.9256,207.6141,200.4587,-4.6570,-17.8559,-52.4629,0.7286,-0.6167,-0.2981,0.9980,230,22.528980,-0.2593,2.0761
BiancaGolden_CircleTurns,-226.5126,207.4485,200.5014,-4.7188,-17.7697,-52.1707,0.7241,-0.6187,-0.3049,0.9980,230,22.543369,-0.2651,2.0745
BiancaGolden_CircleTurns,-227.0734,207.2925,200.5846,-4.8849,-17.5798,-51.8419,0.7172,-0.6274,-0.3033,0.9980,231,22.556765,-0.2707,2.0729
BiancaGolden_CircleTurns,-227.5626,207.1472,200.7104,-5.2169,-17.2651,-51.6321,0.7135,-0.6337,-0.2988,0.9980,231,22.570074,-0.2756,2.0715
BiancaGolden_CircleTurns,-228.0376,207.0284,200.8344,-5.4852,-16.9639,-51.3908,0.7180,-0.6308,-0.2943,0.9980,232,22.584946,-0.2804,2.0703
BiancaGolden_CircleTurns,-228.4449,206.9332,201.0033,-5.7630,-16.7179,-51.1224,0.7222,-0.6273,-0.2914,0.9980,232,22.598803,-0.2844,2.0693
BiancaGolden_CircleTurns,-228.8464,206.8552,201.1321,-5.9588,-16.5647,-50.7766,0.7640,-0.6009,-0.2351,0.9980,233,22.613102,-0.2885,2.0686
BiancaGolden_CircleTurns,-229.2183,206.8276,201.2365,-6.1674,-16.5560,-50.4031,0.7736,-0.5969,-0.2128,0.9980,233,22.626528,-0.2922,2.0683
BiancaGolden_CircleTurns,-229.5783,206.7920,201.3347,-6.3086,-16.5700,-50.0591,0.7775,-0.5928,-0.2100,0.9980,233,22.641146,-0.2958,2.0679
BiancaGolden_CircleTurns,-229.8963,206.7694,201.3869,-6.2828,-16.5218,-49.7064,0.7787,-0.5905,-0.2118,0.9980,234,22.654787,-0.2990,2.0677
BiancaGolden_CircleTurns,-230.1695,206.7220,201.4666,-6.0823,-16.4293,-49.3787,0.7827,-0.5865,-0.2085,0.9980,234,22.667690,-0.3017,2.0672
BiancaGolden_CircleTurns,-230.4187,206.6596,201.5567,-5.7890,-16.1704,-49.0635,0.7815,-0.5866,-0.2124,0.9980,235,22.682518,-0.3042,2.0666
BiancaGolden_CircleTurns,-230.6322,206.6055,201.6524,-5.5394,-15.8165,-48.8034,0.7795,-0.5896,-0.2114,0.9980,235,22.695993,-0.3063,2.0661
BiancaGolden_CircleTurns,-230.8021,206.5836,201.7076,-5.3757,-15.4373,-48.6032,0.7810,-0.5889,-0.2079,0.9980,235,22.710361,-0.3080,2.0658
BiancaGolden_CircleTurns,-230.9717,206.5871,201.7290,-5.1998,-15.1716,-48.3686,0.7806,-0.5903,-0.2054,0.9980,236,22.724314,-0.3097,2.0659
BiancaGolden_CircleTurns,-231.1092,206.6174,201.6989,-4.9276,-14.9184,-48.1176,0.7814,-0.5901,-0.2030,0.9980,236,22.737526,-0.3111,2.0662
BiancaGolden_CircleTurns,-231.2087,206.6331,201.6707,-4.6553,-14.6888,-47.8719,0.7841,-0.5878,-0.1994,0.9980,237,22.752609,-0.3121,2.0663
BiancaGolden_CircleTurns,-231.2893,206.6421,201.6751,-4.5153,-14.4434,-47.6676,0.7805,-0.5909,-0.2041,0.9980,237,22.765720,-0.3129,2.0664
BiancaGolden_CircleTurns,-231.3345,206.6653,201.6483,-4.4827,-14.1184,-47.5547,0.7759,-0.5952,-0.2090,0.9980,238,22.780182,-0.3133,2.0667
BiancaGolden_CircleTurns,-231.3487,206.7025,201.5739,-4.6171,-13.9686,-47.5110,0.7751,-0.5955,-0.2113,0.9980,238,22.793568,-0.3135,2.0670
BiancaGolden_CircleTurns,-231.3223,206.6600,201.6159,-4.6756,-13.6901,-47.4748,0.7674,-0.6073,-0.2059,0.9980,238,22.807817,-0.3132,2.0666
BiancaGolden_CircleTurns,-231.2462,206.6206,201.7625,-4.8052,-13.3147,-47.6227,0.7674,-0.6103,-0.1965,0.9980,239,22.821392,-0.3125,2.0662
BiancaGolden_CircleTurns,-231.1333,206.5841,201.8957,-4.9907,-12.7625,-47.7616,0.7631,-0.6168,-0.1932,0.9980,239,22.834635,-0.3113,2.0658
BiancaGolden_CircleTurns,-231.0348,206.5993,201.9394,-5.1745,-12.1789,-47.8045,0.7611,-0.6206,-0.1886,0.9980,240,22.849722,-0.3103,2.0660
BiancaGolden_CircleTurns,-230.9409,206.6480,201.9358,-5.3178,-11.7606,-47.7875,0.7612,-0.6213,-0.1859,0.9980,240,22.863224,-0.3094,2.0665
BiancaGolden_CircleTurns,-230.8906,206.7210,201.9491,-5.3652,-11.3458,-47.6708,0.7613,-0.6203,-0.1891,0.9980,240,22.878042,-0.3089,2.0672
BiancaGolden_CircleTurns,-230.8847,206.8844,201.8711,-5.2317,-11.0746,-47.3744,0.7675,-0.6101,-0.1970,0.9980,241,22.890940,-0.3088,2.0688
BiancaGolden_CircleTurns,-230.8649,207.0075,201.8359,-5.0778,-10.7845,-46.9313,0.7742,-0.6017,-0.1964,0.9980,241,22.904432,-0.3086,2.0701
BiancaGolden_CircleTurns,-230.8622,207.1371,201.9357,-4.9183,-10.4880,-46.3175,0.7815,-0.5936,-0.1924,0.9980,242,22.919065,-0.3086,2.0714
BiancaGolden_CircleTurns,-230.8879,207.2467,202.1222,-4.8556,-10.2430,-45.6764,0.7873,-0.5812,-0.2059,0.9980,242,22.932894,-0.3089,2.0725
BiancaGolden_CircleTurns,-230.9816,207.3613,202.3293,-4.8197,-10.0282,-45.0011,0.7894,-0.5756,-0.2134,0.9980,243,22.947210,-0.3098,2.0736
BiancaGolden_CircleTurns,-231.1306,207.4994,202.5313,-4.9135,-9.7836,-44.2488,0.7940,-0.5709,-0.2089,0.9980,243,22.960829,-0.3113,2.0750
BiancaGolden_CircleTurns,-231.3160,207.6444,202.7095,-4.9774,-9.5009,-43.5942,0.7957,-0.5703,-0.2040,0.9980,243,22.979002,-0.3132,2.0764
BiancaGolden_CircleTurns,-231.5491,207.7878,202.8997,-4.9785,-9.1393,-42.8233,0.7970,-0.5699,-0.1999,0.9980,244,22.988989,-0.3155,2.0779
BiancaGolden_CircleTurns,-231.8215,207.9329,203.0895,-5.0070,-8.7036,-42.0650,0.8052,-0.5615,-0.1906,0.9980,244,23.002024,-0.3182,2.0793
BiancaGolden_CircleTurns,-232.1756,208.0634,203.2753,-5.2522,-8.2111,-41.3752,0.7996,-0.5694,-0.1908,0.9980,245,23.016857,-0.3218,2.0806
BiancaGolden_CircleTurns,-232.6118,208.1338,203.4570,-5.6935,-7.6498,-41.0562,0.7895,-0.5852,-0.1851,0.9980,245,23.029989,-0.3261,2.0813
BiancaGolden_CircleTurns,-233.1266,208.1723,203.6143,-6.0059,-7.1086,-41.1137,0.7780,-0.6000,-0.1862,0.9980,245,23.045048,-0.3313,2.0817
BiancaGolden_CircleTurns,-233.6937,208.1546,203.7386,-5.9671,-6.5508,-41.4315,0.7663,-0.6149,-0.1860,0.9980,246,23.058111,-0.3369,2.0815
BiancaGolden_CircleTurns,-234.3264,208.1208,203.8207,-5.7183,-6.0224,-41.8912,0.7496,-0.6360,-0.1830,0.9980,246,23.070917,-0.3433,2.0812
BiancaGolden_CircleTurns,-235.0003,208.0641,203.8580,-5.4848,-5.5942,-42.5842,0.7396,-0.6491,-0.1780,0.9980,247,23.085859,-0.3500,2.0806
BiancaGolden_CircleTurns,-235.6973,207.9703,203.8827,-5.3451,-5.2987,-43.5304,0.7268,-0.6608,-0.1872,0.9980,247,23.099562,-0.3570,2.0797
BiancaGolden_CircleTurns,-236.4399,207.8744,203.8642,-5.2299,-4.9979,-44.4653,0.7110,-0.6763,-0.1926,0.9980,248,23.113836,-0.3644,2.0787
BiancaGolden_CircleTurns,-237.2448,207.7618,203.7926,-5.1802,-4.8358,-45.5017,0.6927,-0.6913,-0.2056,0.9980,248,23.127131,-0.3724,2.0776
BiancaGolden_CircleTurns,-238.0679,207.6226,203.7069,-5.1600,-4.8127,-46.5722,0.6795,-0.6999,-0.2202,0.9980,248,23.141554,-0.3807,2.0762
BiancaGolden_CircleTurns,-238.8966,207.4607,203.6232,-5.2159,-4.8004,-47.5706,0.6658,-0.7126,-0.2214,0.9980,249,23.155127,-0.3890,2.0746
BiancaGolden_CircleTurns,-239.7335,207.3033,203.4933,-5.1757,-4.8694,-48.6607,0.6569,-0.7197,-0.2248,0.9980,249,23.168331,-0.3973,2.0730
BiancaGolden_CircleTurns,-240.5909,207.1522,203.3299,-5.0478,-4.9354,-49.5075,0.6562,-0.7172,-0.2346,0.9980,250,23.184322,-0.4059,2.0715
BiancaGolden_CircleTurns,-241.4491,207.0047,203.1508,-4.8854,-4.9314,-50.2239,0.6596,-0.7140,-0.2346,0.9980,250,23.196857,-0.4145,2.0700
BiancaGolden_CircleTurns,-242.3217,206.8573,202.9417,-4.6474,-4.9101,-50.7177,0.6698,-0.7012,-0.2442,0.9980,250,23.211311,-0.4232,2.0686
BiancaGolden_CircleTurns,-243.1882,206.7024,202.7585,-4.4108,-4.8684,-51.0315,0.6772,-0.6948,-0.2424,0.9980,251,23.224380,-0.4319,2.0670
BiancaGolden_CircleTurns,-244.0854,206.5328,202.6125,-4.2015,-4.8078,-51.1365,0.7025,-0.6708,-0.2379,0.9980,251,23.238316,-0.4409,2.0653
BiancaGolden_CircleTurns,-244.9935,206.3972,202.4443,-4.1287,-4.7110,-51.1991,0.7093,-0.6635,-0.2381,0.9980,252,23.252726,-0.4499,2.0640
BiancaGolden_CircleTurns,-245.9502,206.2485,202.2250,-4.1718,-4.6653,-51.0309,0.7118,-0.6615,-0.2362,0.9980,252,23.266907,-0.4595,2.0625
BiancaGolden_CircleTurns,-246.9199,206.0545,201.9962,-4.2034,-4.5531,-50.8452,0.7282,-0.6444,-0.2334,0.9980,253,23.280815,-0.4692,2.0605
BiancaGolden_CircleTurns,-247.9200,205.8432,201.8044,-4.2025,-4.4110,-50.6718,0.7357,-0.6335,-0.2398,0.9980,253,23.294136,-0.4792,2.0584
BiancaGolden_CircleTurns,-248.9466,205.6347,201.5951,-4.1937,-4.2208,-50.5018,0.7466,-0.6214,-0.2376,0.9980,253,23.308636,-0.4895,2.0563
BiancaGolden_CircleTurns,-249.9966,205.4506,201.3323,-4.1322,-4.0288,-50.2730,0.7498,-0.6173,-0.2382,0.9980,254,23.322693,-0.5000,2.0545
BiancaGolden_CircleTurns,-251.0765,205.2777,201.0489,-3.9955,-4.0396,-49.9849,0.7534,-0.6116,-0.2417,0.9980,254,23.335184,-0.5108,2.0528
BiancaGolden_CircleTurns,-252.1430,205.0670,200.8772,-3.7521,-4.2039,-49.5579,0.7565,-0.6046,-0.2494,0.9980,255,23.350189,-0.5214,2.0507
BiancaGolden_CircleTurns,-253.2279,204.8723,200.7355,-3.5817,-4.3854,-49.1389,0.7594,-0.5962,-0.2605,0.9980,255,23.364315,-0.5323,2.0487
BiancaGolden_CircleTurns,-254.3011,204.5384,200.8044,-3.4491,-4.8429,-48.6954,0.7684,-0.5846,-0.2602,0.9980,256,23.379051,-0.5430,2.0454
BiancaGolden_CircleTurns,-255.3231,204.0206,201.2664,-3.4286,-4.8728,-48.3615,0.7708,-0.5847,-0.2529,0.9980,256,23.392050,-0.5532,2.0402
BiancaGolden_CircleTurns,-256.3959,203.6689,201.4509,-3.6009,-4.7127,-48.2793,0.7640,-0.5922,-0.2561,0.9980,256,23.406651,-0.5640,2.0367
BiancaGolden_CircleTurns,-257.5743,203.3201,201.1357,-3.7447,-5.0041,-48.3747,0.7616,-0.5921,-0.2634,0.9980,257,23.420309,-0.5757,2.0332
BiancaGolden_CircleTurns,-258.7619,202.9021,200.7868,-3.3508,-5.3741,-48.4067,0.7584,-0.5974,-0.2605,0.9980,257,23.433256,-0.5876,2.0290
BiancaGolden_CircleTurns,-259.9572,202.4634,200.5857,-2.7168,-5.6703,-48.4813,0.7556,-0.6002,-0.2625,0.9980,258,23.448074,-0.5996,2.0246
BiancaGolden_CircleTurns,-261.1651,202.0286,200.5718,-2.2525,-6.0466,-48.6298,0.7440,-0.6135,-0.2646,0.9980,258,23.462618,-0.6117,2.0203
BiancaGolden_CircleTurns,-262.3096,201.5969,200.5850,-2.2278,-6.3329,-48.7503,0.7443,-0.6131,-0.2648,0.9980,259,23.480375,-0.6231,2.0160
BiancaGolden_CircleTurns,-263.4561,201.1695,200.5597,-2.4373,-6.6723,-48.7363,0.7463,-0.6137,-0.2579,0.9980,259,23.490252,-0.6346,2.0117
BiancaGolden_CircleTurns,-264.5932,200.7012,200.6746,-2.7390,-6.9388,-48.6877,0.7457,-0.6141,-0.2586,0.9980,259,23.505161,-0.6459,2.0070
BiancaGolden_CircleTurns,-265.7061,200.2260,201.0435,-3.3578,-7.0837,-48.8449,0.7436,-0.6184,-0.2541,0.9980,260,23.518724,-0.6571,2.0023
BiancaGolden_CircleTurns,-266.6999,199.8811,201.3428,-4.9540,-7.0792,-49.3368,0.7460,-0.6174,-0.2496,0.9980,260,23.531689,-0.6670,1.9988
BiancaGolden_CircleTurns,-267.8162,199.4829,201.6313,-6.0212,-7.0366,-49.7035,0.7461,-0.6227,-0.2357,0.9980,261,23.546181,-0.6782,1.9948
BiancaGolden_CircleTurns,-268.7224,199.1539,201.7682,-6.9680,-6.7469,-50.2587,0.7492,-0.6230,-0.2248,0.9980,261,23.559223,-0.6872,1.9915
BiancaGolden_CircleTurns,-269.6931,198.8390,202.0089,-7.3501,-6.5378,-50.6022,0.7479,-0.6283,-0.2143,0.9980,261,23.573967,-0.6969,1.9884
BiancaGolden_CircleTurns,-270.5879,198.3904,202.4356,-6.6896,-5.7793,-50.7905,0.7469,-0.6343,-0.1997,0.9980,262,23.587214,-0.7059,1.9839
BiancaGolden_CircleTurns,-271.2744,198.1494,202.7428,-7.0812,-4.9861,-51.1056,0.7602,-0.6212,-0.1902,0.9980,262,23.599861,-0.7127,1.9815
BiancaGolden_CircleTurns,-272.1219,197.8762,203.0738,-7.1510,-4.5857,-51.0593,0.7590,-0.6233,-0.1880,0.9980,263,23.614937,-0.7212,1.9788
BiancaGolden_CircleTurns,-272.6872,197.6448,203.1366,-7.9348,-4.3227,-51.4413,0.7655,-0.6139,-0.1928,0.9980,263,23.628775,-0.7269,1.9764
BiancaGolden_CircleTurns,-273.3482,197.4165,203.1990,-8.7878,-4.5884,-51.3895,0.7719,-0.5998,-0.2107,0.9980,263,23.642973,-0.7335,1.9742
BiancaGolden_CircleTurns,-273.9309,197.0576,203.3276,-8.9369,-4.8374,-51.1227,0.7733,-0.5943,-0.2208,0.9980,264,23.655972,-0.7393,1.9706
BiancaGolden_CircleTurns,-274.4814,196.7443,203.4830,-9.2262,-4.9472,-51.1830,0.7724,-0.5949,-0.2223,0.9980,264,23.668968,-0.7448,1.9674
BiancaGolden_CircleTurns,-275.0112,196.3757,203.5777,-9.5061,-5.1416,-51.2674,0.7720,-0.5937,-0.2269,0.9980,265,23.683956,-0.7501,1.9638
BiancaGolden_CircleTurns,-275.4942,195.9844,203.6318,-9.7659,-5.1936,-51.6160,0.7729,-0.5919,-0.2288,0.9980,265,23.697620,-0.7549,1.9598
BiancaGolden_CircleTurns,-275.9806,195.5894,203.6629,-9.9784,-5.3694,-52.2535,0.7636,-0.6040,-0.2281,0.9980,265,23.711971,-0.7598,1.9559
BiancaGolden_CircleTurns,-276.3334,195.3042,203.5719,-10.6755,-5.6336,-53.2346,0.6785,-0.6843,-0.2672,0.9980,266,23.726015,-0.7633,1.9530
BiancaGolden_CircleTurns,-276.7749,195.0479,203.4233,-11.2841,-6.4453,-53.9457,0.6065,-0.7376,-0.2969,0.9980,266,23.738478,-0.7677,1.9505
BiancaGolden_CircleTurns,-277.1191,194.7691,203.3191,-11.2567,-7.2123,-54.5962,0.5974,-0.7395,-0.3103,0.9980,267,23.753826,-0.7712,1.9477
BiancaGolden_CircleTurns,-277.4074,194.5790,203.2255,-11.5979,-8.0442,-55.1707,0.5149,-0.7844,-0.3458,0.9980,267,23.767513,-0.7741,1.9458
BiancaGolden_CircleTurns,-277.7047,194.3384,203.0984,-11.9853,-8.8040,-55.7323,0.4592,-0.8016,-0.3828,0.9980,268,23.782347,-0.7770,1.9434
BiancaGolden_CircleTurns,-277.9469,194.1476,202.9741,-12.2750,-9.5035,-56.4697,0.4132,-0.8170,-0.4022,0.9980,268,23.795578,-0.7795,1.9415
BiancaGolden_CircleTurns,-278.1845,193.9633,202.8197,-12.3410,-10.2729,-57.3011,0.3374,-0.8358,-0.4331,0.9980,268,23.809799,-0.7818,1.9396
BiancaGolden_CircleTurns,-278.3531,193.8350,202.6584,-12.2786,-10.9875,-58.1625,0.3239,-0.8358,-0.4434,0.9980,269,23.822594,-0.7835,1.9383
BiancaGolden_CircleTurns,-278.4521,193.7988,202.4877,-11.8364,-11.7256,-58.7785,0.2558,-0.8468,-0.4664,0.9980,269,23.835911,-0.7845,1.9380
BiancaGolden_CircleTurns,-278.4613,193.8150,202.3173,-11.3453,-12.3757,-59.1201,0.2019,-0.8560,-0.4758,0.9980,270,23.850819,-0.7846,1.9381
BiancaGolden_CircleTurns,-278.4171,193.8446,202.1540,-10.9501,-12.8119,-59.3604,0.1971,-0.8664,-0.4588,0.9980,270,23.864447,-0.7842,1.9384
BiancaGolden_CircleTurns,-278.2979,193.9311,202.0171,-10.7774,-13.2273,-59.5139,0.2274,-0.8617,-0.4536,0.9980,270,23.878576,-0.7830,1.9393
BiancaGolden_CircleTurns,-278.1610,194.0140,201.9216,-10.5504,-13.4940,-59.5542,0.2289,-0.8632,-0.4500,0.9980,271,23.892441,-0.7816,1.9401
BiancaGolden_CircleTurns,-277.9722,194.1634,201.8613,-10.1601,-13.4984,-59.3874,0.2690,-0.8668,-0.4198,0.9980,271,23.905670,-0.7797,1.9416
BiancaGolden_CircleTurns,-277.7333,194.3420,201.8140,-9.8218,-13.5226,-59.2910,0.2746,-0.8680,-0.4137,0.9980,272,23.920580,-0.7773,1.9434
BiancaGolden_CircleTurns,-277.4190,194.5063,201.8766,-9.4357,-13.2198,-58.9340,0.3170,-0.8602,-0.3993,0.9980,272,23.934469,-0.7742,1.9451
BiancaGolden_CircleTurns,-277.0846,194.6536,201.9833,-9.2188,-12.8195,-58.5443,0.4535,-0.8079,-0.3764,0.9980,273,23.948748,-0.7708,1.9465
BiancaGolden_CircleTurns,-276.7449,194.7269,202.2065,-9.1413,-12.5232,-58.0417,0.5704,-0.7558,-0.3216,0.9980,273,23.962454,-0.7674,1.9473
BiancaGolden_CircleTurns,-276.3777,194.6985,202.5304,-9.0731,-11.8527,-57.6452,0.6706,-0.6834,-0.2886,0.9980,274,23.979347,-0.7638,1.9470
BiancaGolden_CircleTurns,-276.0740,194.8573,202.4827,-9.0468,-11.1264,-57.2628,0.7357,-0.6227,-0.2664,0.9980,274,23.990183,-0.7607,1.9486
BiancaGolden_CircleTurns,-275.8179,194.9276,202.3622,-8.7527,-10.7275,-56.9520,0.7372,-0.6240,-0.2594,0.9980,274,24.004232,-0.7582,1.9493
BiancaGolden_CircleTurns,-275.5245,194.9695,202.2161,-8.5066,-10.2189,-56.8955,0.7357,-0.6113,-0.2916,0.9980,275,24.017555,-0.7552,1.9497
BiancaGolden_CircleTurns,-275.3612,195.0525,202.1300,-8.1286,-10.2287,-56.7036,0.4318,-0.8125,-0.3917,0.9980,275,24.031084,-0.7536,1.9505
BiancaGolden_CircleTurns,-275.1887,195.0486,202.1807,-7.5862,-10.4132,-56.3653,0.4353,-0.8101,-0.3928,0.9980,275,24.045698,-0.7519,1.9505
BiancaGolden_CircleTurns,-275.0586,195.0148,202.3030,-7.0683,-10.5778,-55.9737,0.4144,-0.8190,-0.3969,0.9980,276,24.059168,-0.7506,1.9501
BiancaGolden_CircleTurns,-275.0490,194.9696,202.4096,-6.3898,-10.6996,-55.5211,0.4158,-0.8106,-0.4124,0.9980,276,24.072943,-0.7505,1.9497
BiancaGolden_CircleTurns,-275.0286,194.9378,202.4256,-5.8769,-10.5757,-55.1478,0.4210,-0.8105,-0.4072,0.9980,277,24.087580,-0.7503,1.9494
BiancaGolden_CircleTurns,-275.0929,194.8857,202.4740,-5.4444,-10.3826,-54.7675,0.6920,-0.6284,-0.3553,0.9980,277,24.101343,-0.7509,1.9489
BiancaGolden_CircleTurns,-275.1849,194.7869,202.5850,-5.1069,-9.9348,-54.4424,0.7447,-0.5754,-0.3382,0.9980,278,24.115484,-0.7518,1.9479
BiancaGolden_CircleTurns,-275.3499,194.6714,202.8025,-4.9357,-9.4940,-54.0679,0.7580,-0.5647,-0.3264,0.9980,278,24.128860,-0.7535,1.9467
BiancaGolden_CircleTurns,-275.5684,194.5815,202.9621,-4.9024,-9.0367,-53.7991,0.7691,-0.5816,-0.2652,0.9980,278,24.143253,-0.7557,1.9458
BiancaGolden_CircleTurns,-275.8243,194.5015,203.0278,-4.9153,-8.7467,-53.4420,0.7737,-0.5765,-0.2629,0.9980,279,24.156593,-0.7582,1.9450
BiancaGolden_CircleTurns,-276.1302,194.3977,203.0600,-4.8012,-8.5709,-53.0099,0.7805,-0.5763,-0.2422,0.9980,279,24.169935,-0.7613,1.9440
BiancaGolden_CircleTurns,-276.5039,194.2488,203.0801,-4.6623,-8.3161,-52.5254,0.7801,-0.5775,-0.2409,0.9980,280,24.184681,-0.7650,1.9425
BiancaGolden_CircleTurns,-276.8634,194.1107,203.0959,-4.7494,-8.1981,-52.1336,0.7825,-0.5718,-0.2465,0.9980,280,24.198467,-0.7686,1.9411
BiancaGolden_CircleTurns,-277.2752,193.9406,203.0984,-4.9143,-8.1465,-51.6957,0.7814,-0.5714,-0.2507,0.9980,281,24.212660,-0.7728,1.9394
BiancaGolden_CircleTurns,-277.7176,193.7188,203.1098,-5.0930,-8.0470,-51.2344,0.7749,-0.5783,-0.2553,0.9980,281,24.227129,-0.7772,1.9372
BiancaGolden_CircleTurns,-278.2127,193.4484,203.1261,-5.2118,-7.8488,-50.7993,0.7775,-0.5751,-0.2545,0.9980,281,24.241220,-0.7821,1.9345
BiancaGolden_CircleTurns,-278.7072,193.1826,203.1033,-5.2627,-7.6196,-50.4239,0.7817,-0.5686,-0.2564,0.9980,282,24.254683,-0.7871,1.9318
BiancaGolden_CircleTurns,-279.2212,192.9035,203.0309,-5.3506,-7.3508,-50.0103,0.7874,-0.5626,-0.2521,0.9980,282,24.268066,-0.7922,1.9290
BiancaGolden_CircleTurns,-279.7672,192.6030,202.9209,-5.4963,-7.1297,-49.5262,0.7824,-0.5684,-0.2545,0.9980,283,24.282154,-0.7977,1.9260
BiancaGolden_CircleTurns,-280.3404,192.3148,202.7579,-5.5660,-6.9813,-49.0492,0.7780,-0.5682,-0.2682,0.9980,283,24.295858,-0.8034,1.9231
BiancaGolden_CircleTurns,-280.9482,192.0028,202.5765,-5.6108,-6.9568,-48.5502,0.7827,-0.5611,-0.2692,0.9980,283,24.310823,-0.8095,1.9200
BiancaGolden_CircleTurns,-281.5971,191.6443,202.4049,-5.5821,-7.0080,-48.0431,0.7806,-0.5611,-0.2753,0.9980,284,24.324764,-0.8160,1.9164
BiancaGolden_CircleTurns,-282.2648,191.2935,202.1938,-5.5179,-7.0948,-47.5029,0.7855,-0.5527,-0.2783,0.9980,284,24.337242,-0.8226,1.9129
BiancaGolden_CircleTurns,-282.9493,190.9051,201.9289,-5.3520,-7.2442,-46.9056,0.7888,-0.5458,-0.2827,0.9980,285,24.352261,-0.8295,1.9091
BiancaGolden_CircleTurns,-283.6546,190.5141,201.6303,-5.1285,-7.4494,-46.2845,0.7828,-0.5518,-0.2878,0.9980,285,24.365561,-0.8365,1.9051
BiancaGolden_CircleTurns,-284.3625,190.1133,201.3214,-4.8610,-7.7716,-45.6865,0.7858,-0.5424,-0.2972,0.9980,286,24.380394,-0.8436,1.9011
BiancaGolden_CircleTurns,-285.0761,189.6887,201.0440,-4.5234,-8.2782,-45.0996,0.7826,-0.5387,-0.3119,0.9980,286,24.393433,-0.8508,1.8969
BiancaGolden_CircleTurns,-285.7498,189.2836,200.7495,-4.1522,-8.8465,-44.4614,0.7760,-0.5304,-0.3414,0.9980,286,24.408022,-0.8575,1.8928
BiancaGolden_CircleTurns,-286.4334,188.8454,200.5043,-3.5570,-9.7645,-43.7892,0.7746,-0.5172,-0.3641,0.9980,287,24.421011,-0.8643,1.8885
BiancaGolden_CircleTurns,-287.0485,188.2279,200.5539,-2.7314,-10.9564,-43.0652,0.7734,-0.5052,-0.3829,0.9980,287,24.434202,-0.8705,1.8823
BiancaGolden_CircleTurns,-287.6440,187.6028,200.9008,-1.9808,-12.0911,-42.4021,0.7319,-0.4798,-0.4839,0.9980,288,24.449808,-0.8764,1.8760
BiancaGolden_CircleTurns,-288.2712,187.1402,200.8219,-1.5513,-12.9843,-41.8774,0.5612,-0.6510,-0.5111,0.9980,288,24.464111,-0.8827,1.8714
BiancaGolden_CircleTurns,-288.9405,186.7295,200.2668,-1.2960,-14.2083,-41.4731,0.5557,-0.6406,-0.5299,0.9980,289,24.481043,-0.8894,1.8673
BiancaGolden_CircleTurns,-289.5465,186.2802,199.8132,-1.0731,-15.5333,-41.1218,0.5763,-0.6000,-0.5549,0.9980,289,24.491774,-0.8955,1.8628
BiancaGolden_CircleTurns,-290.0982,185.8240,199.6380,-1.2255,-17.1366,-40.8328,0.5681,-0.5863,-0.5775,0.9980,289,24.504839,-0.9010,1.8582
BiancaGolden_CircleTurns,-290.6731,185.3621,199.7322,-1.3654,-18.7011,-40.5316,0.5733,-0.5391,-0.6170,0.9980,290,24.518414,-0.9067,1.8536
BiancaGolden_CircleTurns,-291.2255,184.9385,199.8366,-1.4131,-20.1353,-40.3279,0.5902,-0.5023,-0.6320,0.9980,290,24.531420,-0.9123,1.8494
BiancaGolden_CircleTurns,-291.7888,184.5373,199.8110,-1.2890,-21.2396,-40.1424,0.5849,-0.4966,-0.6413,0.9980,291,24.546507,-0.9179,1.8454
BiancaGolden_CircleTurns,-292.3337,184.1634,199.8279,-1.0020,-21.9374,-39.9620,0.6851,-0.4117,-0.6010,0.9980,291,24.560068,-0.9233,1.8416
BiancaGolden_CircleTurns,-292.7835,183.7563,199.9566,-0.6620,-21.9995,-39.7299,0.6911,-0.4141,-0.5923,0.9980,291,24.574692,-0.9278,1.8376
BiancaGolden_CircleTurns,-293.1826,183.3498,200.1423,-0.3677,-21.5217,-39.4781,0.7002,-0.4168,-0.5797,0.9980,292,24.588713,-0.9318,1.8335
BiancaGolden_CircleTurns,-293.5408,182.9831,200.2665,-0.2420,-20.4142,-39.1866,0.7367,-0.4418,-0.5119,0.9980,292,24.601603,-0.9354,1.8298
BiancaGolden_CircleTurns,-293.9311,182.5966,200.3293,0.0191,-19.4268,-38.8494,0.7465,-0.4556,-0.4850,0.9980,293,24.616886,-0.9393,1.8260
BiancaGolden_CircleTurns,-294.3435,182.3213,200.3844,0.1872,-18.5073,-38.4739,0.7766,-0.4712,-0.4180,0.9980,293,24.630041,-0.9434,1.8232
BiancaGolden_CircleTurns,-294.7343,182.0737,200.4509,0.2807,-17.9721,-38.0688,0.7826,-0.4640,-0.4151,0.9980,293,24.644283,-0.9473,1.8207
BiancaGolden_CircleTurns,-295.1587,181.8638,200.4736,0.3646,-17.7777,-37.4621,0.7874,-0.4539,-0.4171,0.9980,294,24.658585,-0.9516,1.8186
BiancaGolden_CircleTurns,-295.5680,181.7161,200.4526,0.3964,-17.9022,-36.7666,0.7910,-0.4445,-0.4204,0.9980,294,24.671585,-0.9557,1.8172
BiancaGolden_CircleTurns,-296.0030,181.5758,200.4297,0.2208,-18.2564,-35.9796,0.7903,-0.4365,-0.4299,0.9980,295,24.686453,-0.9600,1.8158
BiancaGolden_CircleTurns,-296.4370,181.4317,200.4525,-0.0620,-18.6741,-35.2242,0.7869,-0.4363,-0.4365,0.9980,295,24.699909,-0.9644,1.8143
BiancaGolden_CircleTurns,-296.8325,181.2913,200.5206,-0.4532,-19.1013,-34.6158,0.7898,-0.4280,-0.4394,0.9980,296,24.714331,-0.9683,1.8129
BiancaGolden_CircleTurns,-297.2242,181.1823,200.5664,-0.6994,-19.3109,-34.1054,0.7881,-0.4297,-0.4408,0.9980,296,24.727522,-0.9722,1.8118
BiancaGolden_CircleTurns,-297.5762,181.0922,200.6460,-0.9392,-19.3966,-33.5984,0.7934,-0.4227,-0.4380,0.9980,296,24.741884,-0.9758,1.8109
BiancaGolden_CircleTurns,-297.9152,181.0016,200.7598,-1.0835,-19.2328,-33.0590,0.7961,-0.4230,-0.4328,0.9980,297,24.755388,-0.9792,1.8100
BiancaGolden_CircleTurns,-298.2235,180.9307,200.8844,-1.1595,-18.8879,-32.5836,0.8029,-0.4192,-0.4239,0.9980,297,24.768953,-0.9822,1.8093
BiancaGolden_CircleTurns,-298.5405,180.8713,201.0045,-1.2253,-18.3264,-32.1574,0.7999,-0.4364,-0.4120,0.9980,298,24.783794,-0.9854,1.8087
BiancaGolden_CircleTurns,-298.8529,180.8304,201.1269,-1.0016,-17.5039,-31.7836,0.7995,-0.4504,-0.3975,0.9980,298,24.798155,-0.9885,1.8083
BiancaGolden_CircleTurns,-299.1697,180.8026,201.3212,-0.5415,-16.5255,-31.5179,0.8038,-0.4592,-0.3783,0.9980,299,24.812662,-0.9917,1.8080
BiancaGolden_CircleTurns,-299.4995,180.7423,201.5435,0.1782,-15.1853,-31.2969,0.8110,-0.4657,-0.3542,0.9980,299,24.825642,-0.9950,1.8074
BiancaGolden_CircleTurns,-299.8382,180.8204,201.7887,0.7288,-13.6885,-31.3348,0.8177,-0.4729,-0.3283,0.9980,299,24.839748,-0.9984,1.8082
BiancaGolden_CircleTurns,-300.2404,180.8821,201.9878,1.2375,-12.0954,-31.4293,0.8137,-0.4796,-0.3284,0.9980,300,24.853401,-1.0024,1.8088
BiancaGolden_CircleTurns,-300.6469,181.1497,202.0894,0.8410,-11.1906,-31.6466,0.8127,-0.4855,-0.3223,0.9980,300,24.866779,-1.0065,1.8115
BiancaGolden_CircleTurns,-301.1429,181.1785,202.2717,1.3081,-10.2643,-31.4495,0.8049,-0.4928,-0.3306,0.9980,301,24.881454,-1.0114,1.8118
BiancaGolden_CircleTurns,-301.5785,181.3897,202.4224,1.6339,-9.5300,-31.5646,0.7944,-0.4998,-0.3452,0.9980,301,24.895056,-1.0158,1.8139
BiancaGolden_CircleTurns,-302.0470,181.5908,202.5116,1.6900,-8.9499,-31.7197,0.7961,-0.5022,-0.3377,0.9980,301,24.909494,-1.0205,1.8159
BiancaGolden_CircleTurns,-302.4944,181.7947,202.5946,1.7385,-8.4966,-31.7758,0.7992,-0.5032,-0.3287,0.9980,302,24.923252,-1.0249,1.8179
BiancaGolden_CircleTurns,-302.9465,181.9806,202.7027,1.7926,-7.9464,-31.7152,0.8267,-0.4921,-0.2728,0.9980,302,24.936752,-1.0295,1.8198
BiancaGolden_CircleTurns,-303.3854,182.1671,202.8627,2.0066,-7.4368,-31.7692,0.8431,-0.5003,-0.1970,0.9980,303,24.951334,-1.0339,1.8217
BiancaGolden_CircleTurns,-303.8123,182.3580,203.0127,2.1732,-6.8476,-31.7912,0.8496,-0.5090,-0.1386,0.9980,303,24.964863,-1.0381,1.8236
BiancaGolden_CircleTurns,-304.2500,182.5674,203.1275,2.3189,-6.2629,-31.8645,0.8496,-0.5109,-0.1314,0.9980,304,24.983370,-1.0425,1.8257
BiancaGolden_CircleTurns,-304.6636,182.8141,203.2073,2.1495,-5.8257,-31.9758,0.8493,-0.5130,-0.1248,0.9980,304,24.993006,-1.0466,1.8281
BiancaGolden_CircleTurns,-305.0578,183.0635,203.3611,1.9709,-5.4542,-32.0834,0.8477,-0.5170,-0.1187,0.9980,304,25.008678,-1.0506,1.8306
BiancaGolden_CircleTurns,-305.4215,183.2913,203.4869,1.9262,-4.9980,-32.1631,0.8490,-0.5137,-0.1238,0.9980,305,25.022657,-1.0542,1.8329
BiancaGolden_CircleTurns,-305.8089,183.5468,203.5881,1.8615,-4.5927,-32.1773,0.8475,-0.5137,-0.1335,0.9980,305,25.035074,-1.0581,1.8355
BiancaGolden_CircleTurns,-306.1866,183.8309,203.6202,1.7937,-4.3150,-32.2236,0.8477,-0.5144,-0.1294,0.9980,306,25.050058,-1.0619,1.8383
BiancaGolden_CircleTurns,-306.5552,184.1305,203.6099,1.6728,-4.1071,-32.2322,0.8527,-0.5018,-0.1455,0.9980,306,25.063391,-1.0656,1.8413
BiancaGolden_CircleTurns,-306.8678,184.4484,203.6034,1.4263,-4.0161,-32.1601,0.8537,-0.5004,-0.1445,0.9980,306,25.077555,-1.0687,1.8445
BiancaGolden_CircleTurns,-307.1881,184.7462,203.6270,1.2294,-3.9637,-32.0760,0.8531,-0.4974,-0.1573,0.9980,307,25.090708,-1.0719,1.8475
BiancaGolden_CircleTurns,-307.4651,185.0609,203.6178,1.0324,-3.9516,-31.9479,0.8524,-0.4927,-0.1750,0.9980,307,25.104061,-1.0747,1.8506
BiancaGolden_CircleTurns,-307.7476,185.3626,203.6083,0.8209,-3.9903,-31.9113,0.8514,-0.4945,-0.1748,0.9980,308,25.118849,-1.0775,1.8536
BiancaGolden_CircleTurns,-308.0101,185.6786,203.6067,0.6222,-3.9779,-31.9721,0.8509,-0.4957,-0.1740,0.9980,308,25.132395,-1.0801,1.8568
BiancaGolden_CircleTurns,-308.2580,186.0105,203.5829,0.4367,-3.9353,-32.0658,0.8506,-0.4962,-0.1739,0.9980,309,25.146835,-1.0826,1.8601
BiancaGolden_CircleTurns,-308.4589,186.3408,203.5244,0.3648,-3.9274,-32.1075,0.8490,-0.4975,-0.1782,0.9980,309,25.159975,-1.0846,1.8634
BiancaGolden_CircleTurns,-308.5942,186.6609,203.5301,0.5349,-3.7267,-32.1433,0.8475,-0.5000,-0.1778,0.9980,309,25.174217,-1.0859,1.8666
BiancaGolden_CircleTurns,-308.7551,187.0368,203.5134,0.4365,-3.5126,-32.3242,0.8470,-0.5022,-0.1742,0.9980,310,25.187712,-1.0876,1.8704
BiancaGolden_CircleTurns,-308.9079,187.3725,203.5020,0.3512,-3.3064,-32.4588,0.8469,-0.5035,-0.1709,0.9980,310,25.200752,-1.0891,1.8737
BiancaGolden_CircleTurns,-309.0655,187.7017,203.4583,0.5707,-2.9422,-32.6776,0.8427,-0.5092,-0.1747,0.9980,311,25.215721,-1.0907,1.8770
BiancaGolden_CircleTurns,-309.2324,188.0221,203.3929,0.8511,-2.5662,-32.9440,0.8395,-0.5168,-0.1677,0.9980,311,25.229464,-1.0923,1.8802
BiancaGolden_CircleTurns,-309.4440,188.3248,203.3331,1.2403,-2.1449,-33.3645,0.8367,-0.5230,-0.1628,0.9980,311,25.243534,-1.0944,1.8832
BiancaGolden_CircleTurns,-309.6870,188.6196,203.3290,1.5851,-1.7788,-33.8067,0.8326,-0.5309,-0.1578,0.9980,312,25.257334,-1.0969,1.8862
BiancaGolden_CircleTurns,-309.9406,188.9107,203.3442,1.8811,-1.4803,-34.2787,0.8252,-0.5409,-0.1626,0.9980,312,25.270462,-1.0994,1.8891
BiancaGolden_CircleTurns,-310.2166,189.1841,203.3474,2.1748,-1.2722,-34.7096,0.8220,-0.5462,-0.1612,0.9980,313,25.285442,-1.1022,1.8918
BiancaGolden_CircleTurns,-310.4877,189.4386,203.4206,2.4232,-1.1527,-35.0530,0.8212,-0.5449,-0.1695,0.9980,313,25.298912,-1.1049,1.8944
BiancaGolden_CircleTurns,-310.7852,189.6654,203.5747,2.4696,-1.1157,-35.2774,0.8205,-0.5450,-0.1724,0.9980,314,25.313030,-1.1079,1.8967
BiancaGolden_CircleTurns,-311.1250,189.8766,203.7291,2.2553,-1.1989,-35.5115,0.8179,-0.5477,-0.1761,0.9980,314,25.326492,-1.1113,1.8988
BiancaGolden_CircleTurns,-311.5272,190.0711,203.8081,2.0536,-1.4198,-35.7561,0.8184,-0.5448,-0.1827,0.9980,314,25.340948,-1.1153,1.9007
BiancaGolden_CircleTurns,-311.9519,190.2122,203.8078,1.9998,-1.7981,-35.9511,0.8206,-0.5365,-0.1966,0.9980,315,25.354515,-1.1195,1.9021
BiancaGolden_CircleTurns,-312.3748,190.3119,203.8844,2.1524,-2.1176,-36.0885,0.8204,-0.5355,-0.2003,0.9980,315,25.367817,-1.1237,1.9031
BiancaGolden_CircleTurns,-312.8154,190.3702,204.0721,2.3704,-2.3150,-36.1712,0.8224,-0.5321,-0.2011,0.9980,316,25.382780,-1.1282,1.9037
BiancaGolden_CircleTurns,-313.2535,190.4123,204.2925,2.4274,-2.3449,-36.2506,0.8218,-0.5335,-0.2000,0.9980,316,25.396132,-1.1325,1.9041
BiancaGolden_CircleTurns,-313.7079,190.4321,204.4524,2.3308,-2.2864,-36.3528,0.8251,-0.5293,-0.1976,0.9980,316,25.410431,-1.1371,1.9043
BiancaGolden_CircleTurns,-314.1864,190.4012,204.5597,2.1467,-2.2220,-36.4420,0.8257,-0.5305,-0.1920,0.9980,317,25.424013,-1.1419,1.9040
BiancaGolden_CircleTurns,-314.6785,190.3452,204.6297,2.0015,-2.0921,-36.5928,0.8251,-0.5339,-0.1846,0.9980,317,25.437218,-1.1468,1.9035
BiancaGolden_CircleTurns,-315.1841,190.2744,204.6823,1.9176,-1.9143,-36.7949,0.8257,-0.5348,-0.1797,0.9980,318,25.452070,-1.1518,1.9027
BiancaGolden_CircleTurns,-315.6801,190.1946,204.7232,1.7666,-1.7498,-36.9458,0.8278,-0.5323,-0.1773,0.9980,318,25.465858,-1.1568,1.9019
BiancaGolden_CircleTurns,-316.1822,190.0985,204.7568,1.6057,-1.6159,-37.0594,0.8277,-0.5330,-0.1755,0.9980,319,25.484329,-1.1618,1.9010
BiancaGolden_CircleTurns,-316.6624,190.0012,204.7327,1.4186,-1.5272,-37.1229,0.8308,-0.5271,-0.1788,0.9980,319,25.494122,-1.1666,1.9000
BiancaGolden_CircleTurns,-317.1530,189.8701,204.6716,1.1658,-1.5829,-37.0906,0.8360,-0.5166,-0.1852,0.9980,319,25.507915,-1.1715,1.8987
BiancaGolden_CircleTurns,-317.6574,189.7056,204.6226,0.9245,-1.7218,-36.9935,0.8375,-0.5133,-0.1873,0.9980,320,25.521280,-1.1766,1.8971
BiancaGolden_CircleTurns,-318.1513,189.5059,204.6133,0.8232,-1.8533,-36.8484,0.8390,-0.5104,-0.1885,0.9980,320,25.534004,-1.1815,1.8951
BiancaGolden_CircleTurns,-318.6379,189.2611,204.5893,0.7788,-1.9228,-36.6752,0.8397,-0.5079,-0.1923,0.9980,321,25.548983,-1.1864,1.8926
BiancaGolden_CircleTurns,-319.1069,189.0072,204.5382,0.7057,-1.9458,-36.5402,0.8424,-0.5031,-0.1932,0.9980,321,25.562712,-1.1911,1.8901
BiancaGolden_CircleTurns,-319.5796,188.6833,204.4614,0.5757,-2.0090,-36.3344,0.8441,-0.4998,-0.1943,0.9980,321,25.577013,-1.1958,1.8868
BiancaGolden_CircleTurns,-320.0711,188.3555,204.3651,0.4650,-2.0882,-36.1377,0.8460,-0.4953,-0.1975,0.9980,322,25.590500,-1.2007,1.8836
BiancaGolden_CircleTurns,-320.5700,187.9884,204.2122,0.3443,-2.2689,-35.8985,0.8479,-0.4906,-0.2008,0.9980,322,25.605837,-1.2057,1.8799
BiancaGolden_CircleTurns,-321.0628,187.5746,204.0732,0.3092,-2.4780,-35.6334,0.8499,-0.4855,-0.2048,0.9980,323,25.620430,-1.2106,1.8757
BiancaGolden_CircleTurns,-321.5456,187.1061,203.9738,0.2574,-2.6972,-35.4197,0.8509,-0.4819,-0.2091,0.9980,323,25.633854,-1.2155,1.8711
BiancaGolden_CircleTurns,-322.0720,186.6182,203.9064,0.1503,-2.9562,-35.2253,0.8472,-0.4882,-0.2094,0.9980,324,25.648256,-1.2207,1.8662
BiancaGolden_CircleTurns,-322.6025,186.0894,203.8075,0.0652,-3.1927,-35.0836,0.8470,-0.4865,-0.2143,0.9980,324,25.661665,-1.2260,1.8609
BiancaGolden_CircleTurns,-323.1371,185.5532,203.6399,-0.1545,-3.5011,-35.0407,0.8445,-0.4880,-0.2205,0.9980,324,25.675787,-1.2314,1.8555
BiancaGolden_CircleTurns,-323.6803,184.9585,203.4572,-0.4883,-3.9029,-35.1021,0.8291,-0.5096,-0.2299,0.9980,325,25.689123,-1.2368,1.8496
BiancaGolden_CircleTurns,-324.2250,184.3566,203.2938,-0.7075,-4.2875,-35.1861,0.7734,-0.5648,-0.2878,0.9980,325,25.701954,-1.2422,1.8436
BiancaGolden_CircleTurns,-324.8056,183.7118,203.1111,-0.7539,-4.7461,-35.3113,0.7374,-0.5987,-0.3126,0.9980,326,25.716976,-1.2481,1.8371
BiancaGolden_CircleTurns,-325.3905,183.0310,202.9772,-0.4981,-5.2492,-35.3466,0.7213,-0.6031,-0.3404,0.9980,326,25.730335,-1.2539,1.8303
BiancaGolden_CircleTurns,-325.9345,182.3304,202.9316,-0.1317,-5.5941,-35.3546,0.7198,-0.6027,-0.3445,0.9980,326,25.744511,-1.2593,1.8233
BiancaGolden_CircleTurns,-326.4786,181.6670,202.8636,0.1066,-5.8239,-35.3355,0.7172,-0.6036,-0.3483,0.9980,327,25.757824,-1.2648,1.8167
BiancaGolden_CircleTurns,-326.9892,180.9505,202.7982,0.3549,-6.0797,-35.2469,0.7206,-0.6052,-0.3383,0.9980,327,25.771143,-1.2699,1.8095
BiancaGolden_CircleTurns,-327.4921,180.2285,202.7698,0.5068,-6.2705,-35.1734,0.7209,-0.6060,-0.3363,0.9980,328,25.786358,-1.2749,1.8023
BiancaGolden_CircleTurns,-328.0191,179.5181,202.7057,0.6363,-6.5277,-35.1407,0.7219,-0.6072,-0.3319,0.9980,328,25.800346,-1.2802,1.7952
BiancaGolden_CircleTurns,-328.5314,178.7380,202.5299,0.9373,-6.7956,-35.1002,0.7184,-0.6086,-0.3369,0.9980,329,25.814131,-1.2853,1.7874
BiancaGolden_CircleTurns,-329.0245,177.9615,202.3284,1.2805,-7.1382,-35.0775,0.7148,-0.6096,-0.3426,0.9980,329,25.827559,-1.2902,1.7796
BiancaGolden_CircleTurns,-329.4724,177.1669,202.2038,1.6176,-7.5173,-35.1754,0.6741,-0.6375,-0.3730,0.9980,329,25.841698,-1.2947,1.7717
BiancaGolden_CircleTurns,-329.9272,176.4042,202.1402,1.9095,-7.9606,-35.2903,0.6163,-0.6806,-0.3961,0.9980,330,25.854910,-1.2993,1.7640
BiancaGolden_CircleTurns,-330.4203,175.6756,202.1043,2.2474,-8.5184,-35.4067,0.5591,-0.7152,-0.4193,0.9980,330,25.868059,-1.3042,1.7568
BiancaGolden_CircleTurns,-330.9245,175.0085,202.1174,2.6587,-9.0977,-35.4856,0.5008,-0.7398,-0.4492,0.9980,331,25.883165,-1.3092,1.7501
BiancaGolden_CircleTurns,-331.4104,174.3964,202.2121,3.0809,-9.5213,-35.3696,0.4483,-0.7474,-0.4903,0.9980,331,25.897276,-1.3141,1.7440
BiancaGolden_CircleTurns,-331.8536,173.7974,202.2950,3.1901,-9.7504,-35.2916,0.4506,-0.7454,-0.4913,0.9980,331,25.911247,-1.3185,1.7380
BiancaGolden_CircleTurns,-332.2838,173.2358,202.4050,2.8574,-9.6753,-35.2241,0.4133,-0.7665,-0.4916,0.9980,332,25.924522,-1.3228,1.7324
BiancaGolden_CircleTurns,-332.7380,172.6854,202.4881,2.4722,-9.4805,-35.2393,0.3867,-0.7668,-0.5123,0.9980,332,25.938168,-1.3274,1.7269
BiancaGolden_CircleTurns,-333.2318,172.1962,202.5231,2.0159,-9.2041,-35.3443,0.3560,-0.7714,-0.5274,0.9980,333,25.952822,-1.3323,1.7220
BiancaGolden_CircleTurns,-333.7006,171.7269,202.5820,1.8583,-8.9775,-35.4240,0.3468,-0.7790,-0.5225,0.9980,333,25.966404,-1.3370,1.7173
BiancaGolden_CircleTurns,-334.1175,171.2847,202.7029,1.8824,-8.6111,-35.3967,0.3509,-0.7804,-0.5176,0.9980,334,25.984898,-1.3412,1.7128
BiancaGolden_CircleTurns,-334.5348,170.9077,202.8454,1.8381,-8.1876,-35.3376,0.3523,-0.7797,-0.5177,0.9980,334,25.995604,-1.3453,1.7091
BiancaGolden_CircleTurns,-334.9531,170.5354,202.9352,1.7378,-7.8934,-35.2783,0.3497,-0.7828,-0.5148,0.9980,334,26.008345,-1.3495,1.7054
BiancaGolden_CircleTurns,-335.3332,170.1935,203.0582,1.7205,-7.5977,-35.2085,0.3552,-0.7816,-0.5128,0.9980,335,26.022182,-1.3533,1.7019
BiancaGolden_CircleTurns,-335.6972,169.9116,203.2066,1.7167,-7.2964,-35.1615,0.3565,-0.7851,-0.5065,0.9980,335,26.035143,-1.3570,1.6991
BiancaGolden_CircleTurns,-336.0368,169.6520,203.3436,1.8023,-6.9428,-35.0170,0.3546,-0.7809,-0.5143,0.9980,336,26.050995,-1.3604,1.6965
BiancaGolden_CircleTurns,-336.3817,169.4384,203.4121,1.8669,-6.6067,-34.9225,0.3574,-0.7819,-0.5108,0.9980,336,26.065283,-1.3638,1.6944
BiancaGolden_CircleTurns,-336.7350,169.2325,203.4373,1.8754,-6.3422,-34.8532,0.3620,-0.7818,-0.5078,0.9980,336,26.077978,-1.3674,1.6923
BiancaGolden_CircleTurns,-337.0547,169.0662,203.4494,1.8546,-6.1617,-34.7793,0.3660,-0.7792,-0.5087,0.9980,337,26.091702,-1.3705,1.6907
BiancaGolden_CircleTurns,-337.3816,168.9249,203.4822,1.8347,-6.0726,-34.7199,0.3664,-0.7775,-0.5110,0.9980,337,26.104733,-1.3738,1.6892
BiancaGolden_CircleTurns,-337.7030,168.8115,203.4896,1.8379,-6.0439,-34.6357,0.3596,-0.7754,-0.5191,0.9980,338,26.119987,-1.3770,1.6881
BiancaGolden_CircleTurns,-338.0258,168.7228,203.4721,1.8565,-6.0991,-34.5828,0.3572,-0.7724,-0.5252,0.9980,338,26.133551,-1.3803,1.6872
BiancaGolden_CircleTurns,-338.3558,168.6611,203.4150,1.8911,-6.2359,-34.5534,0.3559,-0.7717,-0.5271,0.9980,339,26.147961,-1.3836,1.6866
BiancaGolden_CircleTurns,-338.6757,168.6086,203.3516,1.8861,-6.3644,-34.5450,0.3610,-0.7614,-0.5385,0.9980,339,26.161705,-1.3868,1.6861
BiancaGolden_CircleTurns,-338.9936,168.5892,203.2324,1.8973,-6.6275,-34.6196,0.3546,-0.7594,-0.5455,0.9980,339,26.175928,-1.3899,1.6859
BiancaGolden_CircleTurns,-339.3073,168.5793,203.1238,1.8311,-6.8384,-34.7496,0.3510,-0.7566,-0.5516,0.9980,340,26.189482,-1.3931,1.6858
BiancaGolden_CircleTurns,-339.6328,168.5765,203.0136,1.7629,-7.0453,-34.8964,0.3411,-0.7586,-0.5551,0.9980,340,26.202610,-1.3963,1.6858
BiancaGolden_CircleTurns,-339.9320,168.6353,202.9384,1.6649,-7.3851,-35.1368,0.3386,-0.7532,-0.5639,0.9980,341,26.217560,-1.3993,1.6864
BiancaGolden_CircleTurns,-340.2227,168.7342,202.9012,1.5631,-7.7261,-35.3646,0.3326,-0.7510,-0.5705,0.9980,341,26.231482,-1.4022,1.6873
BiancaGolden_CircleTurns,-340.5118,168.8873,202.8458,1.3755,-8.1472,-35.6244,0.3262,-0.7491,-0.5765,0.9980,342,26.245813,-1.4051,1.6889
BiancaGolden_CircleTurns,-340.7702,169.0420,202.7758,1.2176,-8.5477,-35.9053,0.3304,-0.7419,-0.5834,0.9980,342,26.259558,-1.4077,1.6904
BiancaGolden_CircleTurns,-341.0318,169.2023,202.7199,1.1859,-8.8778,-36.1587,0.3306,-0.7402,-0.5855,0.9980,342,26.273502,-1.4103,1.6920
BiancaGolden_CircleTurns,-341.2605,169.3755,202.6735,1.1865,-9.1227,-36.3922,0.3255,-0.7410,-0.5873,0.9980,343,26.286909,-1.4126,1.6938
BiancaGolden_CircleTurns,-341.4492,169.5911,202.6166,1.2523,-9.3145,-36.7123,0.3189,-0.7441,-0.5870,0.9980,343,26.300287,-1.4145,1.6959
BiancaGolden_CircleTurns,-341.6104,169.7984,202.5932,1.3197,-9.5325,-36.9946,0.3165,-0.7475,-0.5841,0.9980,344,26.315027,-1.4161,1.6980
BiancaGolden_CircleTurns,-341.7138,170.0017,202.6753,1.3553,-9.7628,-37.2807,0.3117,-0.7473,-0.5868,0.9980,344,26.328705,-1.4171,1.7000
BiancaGolden_CircleTurns,-341.7871,170.2000,202.8079,1.3242,-9.9553,-37.5209,0.3076,-0.7474,-0.5889,0.9980,344,26.342691,-1.4179,1.7020
BiancaGolden_CircleTurns,-341.8030,170.4054,202.9365,1.2488,-10.0860,-37.7789,0.3028,-0.7401,-0.6005,0.9980,345,26.356239,-1.4180,1.7041
BiancaGolden_CircleTurns,-341.8383,170.5912,202.9390,1.1729,-10.1127,-38.0294,0.2996,-0.7408,-0.6012,0.9980,345,26.369745,-1.4184,1.7059
BiancaGolden_CircleTurns,-341.8713,170.7714,202.8771,1.1331,-10.1483,-38.2665,0.3010,-0.7448,-0.5956,0.9980,346,26.384613,-1.4187,1.7077
BiancaGolden_CircleTurns,-341.8898,170.9027,202.8562,1.1557,-10.0376,-38.4307,0.3022,-0.7466,-0.5926,0.9980,346,26.398993,-1.4189,1.7090
BiancaGolden_CircleTurns,-341.9467,171.0787,202.7862,1.2655,-9.8979,-38.5144,0.3036,-0.7494,-0.5884,0.9980,347,26.413202,-1.4195,1.7108
BiancaGolden_CircleTurns,-342.0596,171.2698,202.5021,1.4992,-9.6855,-38.4657,0.3141,-0.7571,-0.5729,0.9980,347,26.426031,-1.4206,1.7127
BiancaGolden_CircleTurns,-342.2058,171.4401,202.0940,1.7668,-9.5006,-38.3136,0.3141,-0.7691,-0.5567,0.9980,347,26.440163,-1.4221,1.7144
BiancaGolden_CircleTurns,-342.3695,171.5414,201.7058,2.0152,-9.4869,-38.0832,0.3360,-0.7820,-0.5249,0.9980,348,26.453671,-1.4237,1.7154
BiancaGolden_CircleTurns,-342.4345,171.5481,201.6530,1.9205,-9.6742,-37.9095,0.4160,-0.7380,-0.5313,0.9980,348,26.470018,-1.4243,1.7155
BiancaGolden_CircleTurns,-342.4349,171.5013,202.0757,1.5866,-9.6725,-37.8079,0.4188,-0.7349,-0.5334,0.9980,349,26.482529,-1.4243,1.7150
BiancaGolden_CircleTurns,-342.4914,171.4448,202.5272,1.2203,-9.6737,-37.6902,0.6618,-0.6481,-0.3767,0.9980,349,26.495525,-1.4249,1.7144
BiancaGolden_CircleTurns,-342.6934,171.4337,202.4956,1.1764,-9.8815,-37.4598,0.6618,-0.6421,-0.3870,0.9980,349,26.510487,-1.4269,1.7143
BiancaGolden_CircleTurns,-342.9824,171.4248,202.2343,1.2510,-10.5439,-37.1380,0.6620,-0.6353,-0.3977,0.9980,350,26.523264,-1.4298,1.7142
BiancaGolden_CircleTurns,-343.2803,171.3506,202.0488,1.3348,-11.2821,-36.7524,0.7545,-0.5548,-0.3507,0.9980,350,26.536503,-1.4328,1.7135
BiancaGolden_CircleTurns,-343.4811,171.1924,202.1434,1.3418,-11.5575,-36.3630,0.7707,-0.5322,-0.3504,0.9980,351,26.551611,-1.4348,1.7119
BiancaGolden_CircleTurns,-343.6747,170.9604,202.5095,1.2636,-11.5168,-35.9881,0.7648,-0.5228,-0.3766,0.9980,351,26.565231,-1.4367,1.7096
BiancaGolden_CircleTurns,-343.9039,170.7034,202.7598,1.1915,-11.3103,-35.6891,0.7673,-0.5206,-0.3744,0.9980,352,26.579557,-1.4390,1.7070
BiancaGolden_CircleTurns,-344.2074,170.4221,202.8774,1.0379,-11.1196,-35.5332,0.7589,-0.5340,-0.3728,0.9980,352,26.593185,-1.4421,1.7042
BiancaGolden_CircleTurns,-344.5229,170.1434,202.9116,0.7623,-11.0468,-35.4428,0.7468,-0.5356,-0.3941,0.9980,352,26.607590,-1.4452,1.7014
BiancaGolden_CircleTurns,-344.8380,169.8518,202.9052,0.2880,-10.9438,-35.4761,0.7708,-0.5505,-0.3207,0.9980,353,26.621449,-1.4484,1.6985
BiancaGolden_CircleTurns,-345.1467,169.5429,202.9002,-0.2141,-10.7845,-35.4652,0.8037,-0.5276,-0.2752,0.9980,353,26.634567,-1.4515,1.6954
BiancaGolden_CircleTurns,-345.4538,169.1940,202.8459,-0.7913,-10.4740,-35.5149,0.8053,-0.5281,-0.2695,0.9980,354,26.649385,-1.4545,1.6919
BiancaGolden_CircleTurns,-345.7677,168.8023,202.7490,-1.3070,-10.1540,-35.5363,0.8358,-0.4957,-0.2360,0.9980,354,26.663162,-1.4577,1.6880
BiancaGolden_CircleTurns,-346.0651,168.4000,202.6884,-1.6893,-9.9184,-35.5077,0.8373,-0.4954,-0.2312,0.9980,354,26.677410,-1.4607,1.6840
BiancaGolden_CircleTurns,-346.3734,167.9489,202.6214,-1.9031,-9.6560,-35.4603,0.8434,-0.4786,-0.2442,0.9980,355,26.691004,-1.4637,1.6795
BiancaGolden_CircleTurns,-346.6842,167.4752,202.5678,-2.0765,-9.4945,-35.3546,0.8437,-0.4739,-0.2520,0.9980,355,26.704172,-1.4668,1.6748
BiancaGolden_CircleTurns,-347.0044,166.9540,202.4917,-2.1846,-9.3723,-35.2804,0.8490,-0.4703,-0.2408,0.9980,356,26.719116,-1.4700,1.6695
BiancaGolden_CircleTurns,-347.3478,166.4154,202.3727,-2.2697,-9.3353,-35.1991,0.8447,-0.4702,-0.2556,0.9980,356,26.733118,-1.4735,1.6642
BiancaGolden_CircleTurns,-347.7117,165.8638,202.2483,-2.3611,-9.3713,-35.0954,0.8451,-0.4680,-0.2584,0.9980,357,26.747353,-1.4771,1.6586
BiancaGolden_CircleTurns,-348.0860,165.2682,202.1472,-2.4061,-9.5427,-34.9745,0.8455,-0.4665,-0.2598,0.9980,357,26.760899,-1.4809,1.6527
BiancaGolden_CircleTurns,-348.4417,164.6502,202.0819,-2.5089,-9.6487,-34.8395,0.8436,-0.4695,-0.2605,0.9980,357,26.775347,-1.4844,1.6465
BiancaGolden_CircleTurns,-348.8011,163.9967,202.0396,-2.6271,-9.6826,-34.7047,0.8456,-0.4670,-0.2585,0.9980,358,26.788677,-1.4880,1.6400
BiancaGolden_CircleTurns,-349.1603,163.2649,201.9978,-2.6902,-9.5652,-34.5181,0.8498,-0.4592,-0.2586,0.9980,358,26.801771,-1.4916,1.6326
BiancaGolden_CircleTurns,-349.5092,162.5112,201.9565,-2.7324,-9.3310,-34.3110,0.8524,-0.4573,-0.2534,0.9980,359,26.818214,-1.4951,1.6251
BiancaGolden_CircleTurns,-349.8532,161.7212,201.8851,-2.8240,-8.9912,-34.1177,0.8571,-0.4517,-0.2478,0.9980,359,26.831640,-1.4985,1.6172
BiancaGolden_CircleTurns,-350.2205,160.9322,201.7369,-2.9537,-8.6303,-33.9670,0.8582,-0.4480,-0.2506,0.9980,360,26.845972,-1.5022,1.6093
BiancaGolden_CircleTurns,-350.5748,160.0111,201.7084,-2.9556,-8.4382,-33.7639,0.8598,-0.4468,-0.2473,0.9980,360,26.859133,-1.5057,1.6001
BiancaGolden_CircleTurns,-350.9151,159.0990,201.7647,-2.9086,-8.0926,-33.5832,0.8608,-0.4446,-0.2476,0.9980,360,26.873522,-1.5092,1.5910
BiancaGolden_CircleTurns,-351.2537,158.1441,201.8151,-2.8708,-7.7511,-33.4060,0.8612,-0.4459,-0.2439,0.9980,361,26.886772,-1.5125,1.5814
BiancaGolden_CircleTurns,-351.6017,157.1807,201.7522,-2.8271,-7.5050,-33.2382,0.8607,-0.4471,-0.2434,0.9980,361,26.900042,-1.5160,1.5718
BiancaGolden_CircleTurns,-351.9707,156.2092,201.6522,-2.8178,-7.2566,-33.0711,0.8621,-0.4442,-0.2440,0.9980,362,26.914740,-1.5197,1.5621
BiancaGolden_CircleTurns,-352.3548,155.1906,201.6385,-2.7635,-7.3197,-32.8825,0.8622,-0.4438,-0.2441,0.9980,362,26.928511,-1.5235,1.5519
BiancaGolden_CircleTurns,-352.7062,154.1712,201.6944,-2.6567,-7.1931,-32.6860,0.8597,-0.4408,-0.2580,0.9980,362,26.942493,-1.5271,1.5417
BiancaGolden_CircleTurns,-353.0792,153.1840,201.6809,-2.6012,-7.2338,-32.5047,0.8575,-0.4393,-0.2676,0.9980,363,26.955940,-1.5308,1.5318
BiancaGolden_CircleTurns,-353.4146,152.1729,201.6858,-2.5987,-7.2308,-32.3438,0.8575,-0.4377,-0.2704,0.9980,363,26.972607,-1.5341,1.5217
BiancaGolden_CircleTurns,-353.7313,151.1552,201.8790,-2.7320,-7.2382,-32.2875,0.8555,-0.4400,-0.2731,0.9980,364,26.984625,-1.5373,1.5116
BiancaGolden_CircleTurns,-354.0931,150.1920,202.0062,-2.8645,-7.1937,-32.2591,0.8561,-0.4390,-0.2727,0.9980,364,26.997408,-1.5409,1.5019
BiancaGolden_CircleTurns,-354.4422,149.2454,202.0599,-2.9364,-7.1788,-32.2031,0.8558,-0.4364,-0.2779,0.9980,364,27.012070,-1.5444,1.4925
BiancaGolden_CircleTurns,-354.8255,148.3681,201.9994,-2.8599,-7.1859,-32.0796,0.8589,-0.4297,-0.2787,0.9980,365,27.026056,-1.5483,1.4837
BiancaGolden_CircleTurns,-355.1572,147.5163,201.9972,-2.8525,-7.2590,-32.0153,0.8609,-0.4255,-0.2789,0.9980,365,27.038309,-1.5516,1.4752
BiancaGolden_CircleTurns,-355.4690,146.6937,202.0640,-3.0218,-7.1636,-32.0310,0.8614,-0.4262,-0.2762,0.9980,366,27.053596,-1.5547,1.4669
BiancaGolden_CircleTurns,-355.7713,145.9112,202.1440,-3.2843,-7.0306,-32.0783,0.8620,-0.4277,-0.2720,0.9980,366,27.067003,-1.5577,1.4591
BiancaGolden_CircleTurns,-356.0502,145.1523,202.2085,-3.5795,-6.8073,-32.1944,0.8625,-0.4293,-0.2679,0.9980,367,27.081278,-1.5605,1.4515
BiancaGolden_CircleTurns,-356.3165,144.4557,202.2731,-3.8344,-6.5636,-32.2910,0.8613,-0.4316,-0.2681,0.9980,367,27.094570,-1.5632,1.4446
BiancaGolden_CircleTurns,-356.5555,143.7776,202.3658,-4.0339,-6.3464,-32.3870,0.8618,-0.4329,-0.2645,0.9980,367,27.108953,-1.5656,1.4378
BiancaGolden_CircleTurns,-356.7998,143.1823,202.4401,-4.1784,-6.1467,-32.4625,0.8630,-0.4315,-0.2629,0.9980,368,27.122248,-1.5680,1.4318
BiancaGolden_CircleTurns,-357.0241,142.6349,202.5146,-4.3210,-6.0213,-32.4995,0.8660,-0.4246,-0.2642,0.9980,368,27.135542,-1.5702,1.4263
BiancaGolden_CircleTurns,-357.2249,142.1194,202.6032,-4.4139,-5.9151,-32.5121,0.8693,-0.4182,-0.2636,0.9980,369,27.150812,-1.5722,1.4212
BiancaGolden_CircleTurns,-357.3968,141.6482,202.7375,-4.5023,-5.8830,-32.5179,0.8691,-0.4188,-0.2632,0.9980,369,27.164322,-1.5740,1.4165
BiancaGolden_CircleTurns,-357.5704,141.1750,202.8726,-4.5486,-5.8623,-32.5641,0.8678,-0.4188,-0.2674,0.9980,369,27.178732,-1.5757,1.4118
BiancaGolden_CircleTurns,-357.7395,140.7791,202.9723,-4.4766,-5.9453,-32.6198,0.8662,-0.4193,-0.2719,0.9980,370,27.192463,-1.5774,1.4078
BiancaGolden_CircleTurns,-357.8811,140.4079,203.0521,-4.4034,-6.0393,-32.7348,0.8624,-0.4198,-0.2830,0.9980,370,27.205624,-1.5788,1.4041
BiancaGolden_CircleTurns,-358.0255,140.0572,203.0979,-4.2530,-6.1694,-32.8744,0.8587,-0.4212,-0.2920,0.9980,371,27.220366,-1.5803,1.4006
BiancaGolden_CircleTurns,-358.1454,139.7456,203.1011,-4.0454,-6.3015,-33.0486,0.8165,-0.4902,-0.3051,0.9980,371,27.234142,-1.5815,1.3975
BiancaGolden_CircleTurns,-358.2823,139.4716,203.0870,-3.7989,-6.4790,-33.2596,0.8131,-0.4936,-0.3086,0.9980,372,27.248213,-1.5828,1.3947
BiancaGolden_CircleTurns,-358.4195,139.2370,203.0725,-3.5617,-6.6575,-33.4920,0.7740,-0.5328,-0.3420,0.9980,372,27.262093,-1.5842,1.3924
BiancaGolden_CircleTurns,-358.5476,139.0342,203.0794,-3.3206,-6.8866,-33.7043,0.7355,-0.5755,-0.3575,0.9980,372,27.276136,-1.5855,1.3903
BiancaGolden_CircleTurns,-358.6757,138.8436,203.0793,-3.1620,-7.0870,-33.9107,0.7169,-0.5966,-0.3607,0.9980,373,27.289854,-1.5868,1.3884
BiancaGolden_CircleTurns,-358.7901,138.6924,203.0734,-3.0351,-7.2755,-34.1880,0.7124,-0.6004,-0.3633,0.9980,373,27.303062,-1.5879,1.3869
BiancaGolden_CircleTurns,-358.8995,138.5514,203.0210,-2.9132,-7.4328,-34.5000,0.7109,-0.6030,-0.3619,0.9980,374,27.318348,-1.5890,1.3855
BiancaGolden_CircleTurns,-358.9767,138.4416,202.9521,-2.8474,-7.5184,-34.9335,0.7055,-0.6093,-0.3620,0.9980,374,27.331614,-1.5898,1.3844
BiancaGolden_CircleTurns,-359.0549,138.3251,202.8950,-2.8402,-7.5249,-35.4409,0.7087,-0.6070,-0.3597,0.9980,375,27.345818,-1.5905,1.3833
BiancaGolden_CircleTurns,-359.1066,138.1775,202.8375,-2.6851,-7.4158,-35.9357,0.7009,-0.6189,-0.3545,0.9980,375,27.359531,-1.5911,1.3818
BiancaGolden_CircleTurns,-359.1181,138.2074,202.7336,-2.9791,-7.4130,-36.9400,0.6933,-0.6281,-0.3533,0.9980,375,27.373779,-1.5912,1.3821
BiancaGolden_CircleTurns,-359.2001,138.0547,202.6804,-3.0991,-7.3978,-37.6873,0.6818,-0.6399,-0.3544,0.9980,376,27.387222,-1.5920,1.3805
BiancaGolden_CircleTurns,-359.2489,137.9616,202.6831,-3.2146,-7.4590,-38.7215,0.6375,-0.6749,-0.3716,0.9980,376,27.400608,-1.5925,1.3796
BiancaGolden_CircleTurns,-359.3049,137.8677,202.6112,-3.4265,-7.7652,-40.2683,0.5546,-0.7371,-0.3861,0.9980,377,27.415590,-1.5930,1.3787
BiancaGolden_CircleTurns,-359.3490,137.7293,202.5590,-3.5332,-8.0550,-41.5424,0.5292,-0.7522,-0.3927,0.9980,377,27.429161,-1.5935,1.3773
BiancaGolden_CircleTurns,-359.3454,137.5897,202.6001,-3.6073,-8.4181,-43.2778,0.5039,-0.7656,-0.3999,0.9980,377,27.443743,-1.5935,1.3759
BiancaGolden_CircleTurns,-359.3597,137.4977,202.6137,-3.7506,-8.8853,-45.1354,0.3103,-0.8519,-0.4218,0.9980,378,27.456955,-1.5936,1.3750
BiancaGolden_CircleTurns,-359.3522,137.3503,202.6031,-3.8526,-9.3963,-47.0179,0.2507,-0.8689,-0.4269,0.9980,378,27.473772,-1.5935,1.3735
BiancaGolden_CircleTurns,-359.3324,137.1817,202.6856,-3.8789,-9.8026,-49.0155,0.1990,-0.8822,-0.4267,0.9980,379,27.485594,-1.5933,1.3718
BiancaGolden_CircleTurns,-359.3534,136.9688,202.7812,-3.9122,-10.1648,-51.3657,0.1579,-0.8883,-0.4313,0.9980,379,27.498590,-1.5935,1.3697
BiancaGolden_CircleTurns,-359.4124,136.7040,202.8414,-3.9800,-10.4582,-53.9529,0.0454,-0.9030,-0.4272,0.9980,380,27.513380,-1.5941,1.3670
BiancaGolden_CircleTurns,-359.5254,136.4328,202.8820,-3.8774,-10.6859,-56.9038,-0.0373,-0.9108,-0.4112,0.9980,380,27.526375,-1.5953,1.3643
BiancaGolden_CircleTurns,-359.6663,136.1658,202.8685,-3.4543,-10.8696,-59.9700,-0.1460,-0.9148,-0.3766,0.9980,380,27.540760,-1.5967,1.3617
BiancaGolden_CircleTurns,-359.8824,135.9041,202.7522,-2.7880,-11.0139,-63.1987,-0.2152,-0.9043,-0.3686,0.9980,381,27.554258,-1.5988,1.3590
BiancaGolden_CircleTurns,-360.0708,135.6661,202.6134,-2.0886,-11.1366,-66.4198,-0.2852,-0.8910,-0.3533,0.9980,381,27.567463,-1.6007,1.3567
BiancaGolden_CircleTurns,-360.3322,135.4614,202.4679,-1.0750,-11.2486,-69.7989,-0.3370,-0.8760,-0.3451,0.9980,382,27.583105,-1.6033,1.3546
BiancaGolden_CircleTurns,-360.5741,135.2501,202.3912,-0.0323,-11.4066,-72.9591,-0.3933,-0.8602,-0.3246,0.9980,382,27.596563,-1.6057,1.3525
BiancaGolden_CircleTurns,-360.8140,135.0404,202.3647,0.9863,-11.4818,-76.0075,-0.4591,-0.8355,-0.3019,0.9980,382,27.611195,-1.6081,1.3504
BiancaGolden_CircleTurns,-361.0740,134.8562,202.3267,1.9458,-11.5461,-78.8686,-0.5004,-0.8153,-0.2915,0.9980,383,27.624269,-1.6107,1.3486
BiancaGolden_CircleTurns,-361.3397,134.6781,202.2518,2.9348,-11.5395,-81.5854,-0.4992,-0.8129,-0.3000,0.9980,383,27.637920,-1.6134,1.3468
BiancaGolden_CircleTurns,-361.6440,134.5364,202.1736,3.8637,-11.6001,-83.9129,-0.4887,-0.8152,-0.3108,0.9980,384,27.652966,-1.6164,1.3454
BiancaGolden_CircleTurns,-361.9354,134.3849,202.1129,4.6024,-11.6181,-86.2481,-0.5186,-0.7989,-0.3049,0.9980,384,27.666206,-1.6194,1.3438
BiancaGolden_CircleTurns,-362.2528,134.2078,202.1014,5.3213,-11.6920,-88.1610,-0.4776,-0.8095,-0.3415,0.9980,385,27.680649,-1.6225,1.3421
BiancaGolden_CircleTurns,-362.5646,134.0206,202.1218,6.0932,-11.6471,-89.8490,-0.4611,-0.8183,-0.3433,0.9980,385,27.694180,-1.6256,1.3402
BiancaGolden_CircleTurns,-362.8709,133.8153,202.1663,6.8080,-11.5667,-91.2958,-0.4354,-0.8334,-0.3404,0.9980,385,27.708683,-1.6287,1.3382
BiancaGolden_CircleTurns,-363.1896,133.6040,202.2036,7.3554,-11.4192,-92.5774,-0.4328,-0.8378,-0.3328,0.9980,386,27.722260,-1.6319,1.3360
BiancaGolden_CircleTurns,-363.5526,133.3577,202.2628,7.7465,-11.2308,-93.5190,-0.4472,-0.8323,-0.3275,0.9980,386,27.735676,-1.6355,1.3336
BiancaGolden_CircleTurns,-363.9156,133.1147,202.3041,8.1483,-11.1054,-94.4851,-0.4601,-0.8267,-0.3238,0.9980,387,27.750832,-1.6392,1.3311
BiancaGolden_CircleTurns,-364.2876,132.8513,202.3192,8.5264,-11.0233,-95.3492,-0.4726,-0.8208,-0.3209,0.9980,387,27.764874,-1.6429,1.3285
BiancaGolden_CircleTurns,-364.6946,132.6139,202.2889,8.8894,-11.0711,-96.0490,-0.4440,-0.8319,-0.3329,0.9980,387,27.779041,-1.6469,1.3261
BiancaGolden_CircleTurns,-365.1148,132.3612,202.2293,8.9739,-11.3671,-96.4286,-0.4308,-0.8322,-0.3492,0.9980,388,27.792646,-1.6511,1.3236
BiancaGolden_CircleTurns,-365.5303,132.1096,202.2069,9.0350,-11.6272,-97.0495,-0.4068,-0.8337,-0.3734,0.9980,388,27.805750,-1.6553,1.3211
BiancaGolden_CircleTurns,-365.9496,131.8371,202.1798,8.7620,-12.0690,-97.4083,-0.4122,-0.8285,-0.3791,0.9980,389,27.820877,-1.6595,1.3184
BiancaGolden_CircleTurns,-366.3735,131.5673,202.1515,8.6229,-12.3937,-97.8274,-0.3473,-0.8477,-0.4009,0.9980,389,27.834919,-1.6637,1.3157
BiancaGolden_CircleTurns,-366.7731,131.2614,202.1125,8.2971,-12.7033,-97.8876,-0.3465,-0.8463,-0.4045,0.9980,390,27.849016,-1.6677,1.3126
BiancaGolden_CircleTurns,-367.1643,130.9347,202.0817,7.9042,-12.8411,-97.9332,-0.3273,-0.8515,-0.4096,0.9980,390,27.862637,-1.6716,1.3093
BiancaGolden_CircleTurns,-367.5758,130.5740,202.0641,7.3098,-12.8538,-97.8225,-0.3084,-0.8626,-0.4010,0.9980,390,27.877222,-1.6758,1.3057
BiancaGolden_CircleTurns,-367.9664,130.1806,202.0540,6.7386,-12.7867,-97.6525,-0.3017,-0.8660,-0.3988,0.9980,391,27.890692,-1.6797,1.3018
BiancaGolden_CircleTurns,-368.3494,129.7863,202.0111,6.3292,-12.7472,-97.5676,-0.2832,-0.8722,-0.3987,0.9980,391,27.903866,-1.6835,1.2979
BiancaGolden_CircleTurns,-368.7150,129.3258,201.9342,5.9613,-12.6990,-97.1462,-0.2758,-0.8739,-0.4004,0.9980,392,27.918728,-1.6872,1.2933
BiancaGolden_CircleTurns,-369.0697,128.8669,201.8670,5.6516,-12.7442,-96.7335,-0.2540,-0.8819,-0.3972,0.9980,392,27.932444,-1.6907,1.2887
BiancaGolden_CircleTurns,-369.4256,128.3947,201.7921,5.2796,-12.8043,-96.1223,-0.2429,-0.8841,-0.3991,0.9980,393,27.946877,-1.6943,1.2839
BiancaGolden_CircleTurns,-369.8311,127.8820,201.7315,4.7133,-12.8403,-95.6617,-0.2362,-0.8855,-0.4002,0.9980,393,27.960670,-1.6983,1.2788
BiancaGolden_CircleTurns,-370.2684,127.3472,201.6539,4.2161,-12.8149,-95.3572,-0.2319,-0.8866,-0.4002,0.9980,393,27.978294,-1.7027,1.2735
BiancaGolden_CircleTurns,-370.7810,126.7695,201.5860,3.9642,-12.7816,-95.1163,-0.2391,-0.8849,-0.3996,0.9980,394,27.989012,-1.7078,1.2677
BiancaGolden_CircleTurns,-371.2815,126.1932,201.5195,3.8529,-12.7519,-94.9684,-0.2444,-0.8823,-0.4022,0.9980,394,28.001102,-1.7128,1.2619
BiancaGolden_CircleTurns,-371.8107,125.5585,201.5188,3.9666,-12.8240,-94.8741,-0.2423,-0.8817,-0.4047,0.9980,395,28.016356,-1.7181,1.2556
BiancaGolden_CircleTurns,-372.2880,124.9057,201.5476,3.9345,-12.9768,-94.7510,-0.2440,-0.8800,-0.4074,0.9980,395,28.029650,-1.7229,1.2491
BiancaGolden_CircleTurns,-372.7614,124.1834,201.6783,3.7381,-13.1541,-94.5555,-0.2433,-0.8792,-0.4096,0.9980,395,28.043736,-1.7276,1.2418
BiancaGolden_CircleTurns,-373.2594,123.5280,201.7222,3.4535,-13.1282,-94.3429,-0.2419,-0.8764,-0.4165,0.9980,396,28.057249,-1.7326,1.2353
BiancaGolden_CircleTurns,-373.8422,122.9249,201.5651,3.3219,-13.2539,-94.1331,-0.2398,-0.8757,-0.4191,0.9980,396,28.070641,-1.7384,1.2292
BiancaGolden_CircleTurns,-374.3984,122.2580,201.4581,3.1980,-13.4042,-93.9829,-0.2381,-0.8755,-0.4206,0.9980,397,28.085541,-1.7440,1.2226
BiancaGolden_CircleTurns,-374.9468,121.5723,201.4807,3.0911,-13.4719,-93.9423,-0.2443,-0.8768,-0.4141,0.9980,397,28.099447,-1.7495,1.2157
BiancaGolden_CircleTurns,-375.5036,120.8938,201.4867,2.9528,-13.5040,-93.8416,-0.2451,-0.8769,-0.4135,0.9980,398,28.113667,-1.7550,1.2089
BiancaGolden_CircleTurns,-376.1080,120.2685,201.3548,2.9191,-13.4556,-93.7934,-0.2518,-0.8753,-0.4129,0.9980,398,28.128458,-1.7611,1.2027
BiancaGolden_CircleTurns,-376.7078,119.6648,201.2115,2.9013,-13.4786,-93.7274,-0.2498,-0.8724,-0.4201,0.9980,398,28.142794,-1.7671,1.1966
BiancaGolden_CircleTurns,-377.2718,119.1059,200.9827,3.0915,-13.5862,-93.6488,-0.2469,-0.8728,-0.4209,0.9980,399,28.155994,-1.7727,1.1911
BiancaGolden_CircleTurns,-377.8009,118.4921,200.8963,3.2399,-13.6746,-93.4277,-0.2425,-0.8761,-0.4167,0.9980,399,28.169220,-1.7780,1.1849
BiancaGolden_CircleTurns,-378.2604,117.9099,200.8293,3.3912,-13.7346,-93.0981,-0.2343,-0.8814,-0.4102,0.9980,400,28.183987,-1.7826,1.1791
BiancaGolden_CircleTurns,-378.6745,117.3574,200.7283,3.7287,-13.8438,-92.2924,-0.2193,-0.8844,-0.4119,0.9980,400,28.197643,-1.7867,1.1736
BiancaGolden_CircleTurns,-379.0236,116.8290,200.5857,3.8987,-14.0015,-91.2574,-0.1996,-0.8874,-0.4156,0.9980,401,28.212402,-1.7902,1.1683
BiancaGolden_CircleTurns,-379.2657,116.3086,200.4690,3.8159,-14.2230,-90.0010,-0.1780,-0.8896,-0.4206,0.9980,401,28.225262,-1.7927,1.1631
BiancaGolden_CircleTurns,-379.4140,115.7915,200.3996,3.4268,-14.4797,-88.4481,-0.1435,-0.8931,-0.4263,0.9980,401,28.239164,-1.7941,1.1579
BiancaGolden_CircleTurns,-379.4675,115.3007,200.4120,2.7787,-14.7364,-86.3579,-0.1031,-0.8960,-0.4319,0.9980,402,28.252481,-1.7947,1.1530
BiancaGolden_CircleTurns,-379.4608,114.8059,200.4780,2.0859,-14.9492,-83.9058,0.0113,-0.8985,-0.4388,0.9980,402,28.265514,-1.7946,1.1481
BiancaGolden_CircleTurns,-379.3814,114.3201,200.6047,1.4253,-15.0836,-81.3193,0.1500,-0.8954,-0.4193,0.9980,403,28.280470,-1.7938,1.1432
BiancaGolden_CircleTurns,-379.2300,113.8567,200.8089,0.8120,-15.1611,-78.3098,0.3175,-0.8642,-0.3903,0.9980,403,28.294195,-1.7923,1.1386
BiancaGolden_CircleTurns,-379.0369,113.4415,200.9887,0.3051,-15.2121,-75.2643,0.4440,-0.8127,-0.3774,0.9980,403,28.308308,-1.7904,1.1344
BiancaGolden_CircleTurns,-378.7658,113.0921,201.1477,-0.4867,-15.2516,-71.8319,0.5854,-0.7243,-0.3643,0.9980,404,28.322159,-1.7877,1.1309
BiancaGolden_CircleTurns,-378.5148,112.7481,201.3213,-1.4619,-15.2112,-68.6303,0.6711,-0.6509,-0.3548,0.9980,404,28.335371,-1.7851,1.1275
BiancaGolden_CircleTurns,-378.2962,112.3990,201.5396,-2.3253,-15.0043,-65.6663,0.7021,-0.6211,-0.3482,0.9980,405,28.350033,-1.7830,1.1240
BiancaGolden_CircleTurns,-378.0628,112.0645,201.7361,-2.7481,-14.7331,-63.0363,0.7382,-0.5821,-0.3410,0.9980,405,28.363285,-1.7806,1.1206
BiancaGolden_CircleTurns,-377.8292,111.7312,201.8794,-2.9337,-14.4041,-60.4597,0.8012,-0.5014,-0.3267,0.9980,405,28.377508,-1.7783,1.1173
BiancaGolden_CircleTurns,-377.5888,111.4265,201.9569,-2.8027,-14.0328,-57.9653,0.8726,-0.3819,-0.3043,0.9980,406,28.390835,-1.7759,1.1143
BiancaGolden_CircleTurns,-377.3068,111.1335,202.0039,-2.8233,-13.6169,-55.4419,0.8904,-0.3460,-0.2958,0.9980,406,28.403936,-1.7731,1.1113
BiancaGolden_CircleTurns,-377.0071,110.8494,202.0429,-3.1298,-13.2002,-52.9837,0.9107,-0.3181,-0.2634,0.9980,407,28.418919,-1.7701,1.1085
BiancaGolden_CircleTurns,-376.7220,110.5620,202.0498,-3.4404,-12.7671,-50.6893,0.9372,-0.3060,-0.1674,0.9980,407,28.432714,-1.7672,1.1056
BiancaGolden_CircleTurns,-376.4791,110.2501,202.0556,-3.7219,-12.3806,-48.5757,0.9501,-0.2676,-0.1601,0.9980,408,28.446522,-1.7648,1.1025
BiancaGolden_CircleTurns,-376.2631,109.9449,202.0650,-3.8812,-12.0685,-46.6398,0.9553,-0.2334,-0.1812,0.9980,408,28.459991,-1.7626,1.0994
BiancaGolden_CircleTurns,-376.0350,109.6473,202.0553,-3.9744,-11.8437,-44.8612,0.9584,-0.2109,-0.1922,0.9980,408,28.478010,-1.7603,1.0965
BiancaGolden_CircleTurns,-375.7597,109.3522,202.0085,-4.1503,-11.6083,-43.3334,0.9602,-0.2043,-0.1904,0.9980,409,28.487446,-1.7576,1.0935
BiancaGolden_CircleTurns,-375.4996,109.0662,201.9761,-4.3548,-11.3817,-41.7481,0.9655,-0.1841,-0.1843,0.9980,409,28.500080,-1.7550,1.0907
BiancaGolden_CircleTurns,-375.2393,108.7757,201.9199,-4.6279,-11.1278,-40.5010,0.9587,-0.2210,-0.1791,0.9980,410,28.515093,-1.7524,1.0878
BiancaGolden_CircleTurns,-375.0019,108.4647,201.8862,-4.8516,-10.8787,-39.3942,0.9521,-0.2460,-0.1816,0.9980,410,28.528368,-1.7500,1.0846
BiancaGolden_CircleTurns,-374.7667,108.1341,201.8543,-4.9759,-10.6577,-38.4102,0.9434,-0.2700,-0.1928,0.9980,410,28.542587,-1.7477,1.0813
BiancaGolden_CircleTurns,-374.5381,107.7932,201.8135,-4.9753,-10.5581,-37.5757,0.9339,-0.2894,-0.2099,0.9980,411,28.555828,-1.7454,1.0779
BiancaGolden_CircleTurns,-374.2951,107.4569,201.7656,-4.9899,-10.4744,-36.6717,0.9280,-0.3010,-0.2196,0.9980,411,28.569130,-1.7430,1.0746
BiancaGolden_CircleTurns,-374.0358,107.1716,201.6888,-4.9409,-10.4714,-35.8255,0.9319,-0.2872,-0.2213,0.9980,412,28.584208,-1.7404,1.0717
BiancaGolden_CircleTurns,-373.7100,106.8612,201.6269,-4.9614,-10.5840,-34.9957,0.9267,-0.2972,-0.2298,0.9980,412,28.597492,-1.7371,1.0686
BiancaGolden_CircleTurns,-373.3394,106.5490,201.6199,-5.1531,-10.7189,-34.3050,0.9184,-0.3132,-0.2416,0.9980,412,28.611931,-1.7334,1.0655
BiancaGolden_CircleTurns,-373.0241,106.2051,201.6315,-5.4189,-10.7755,-33.6543,0.9128,-0.3224,-0.2507,0.9980,413,28.625452,-1.7302,1.0621
BiancaGolden_CircleTurns,-372.6835,105.8622,201.6246,-5.5436,-10.7192,-33.2046,0.9099,-0.3296,-0.2518,0.9980,413,28.638823,-1.7268,1.0586
BiancaGolden_CircleTurns,-372.3572,105.4974,201.5805,-5.5354,-10.6518,-32.8890,0.9026,-0.3497,-0.2510,0.9980,414,28.654436,-1.7236,1.0550
BiancaGolden_CircleTurns,-372.0476,105.1543,201.4674,-5.4180,-10.4647,-32.6413,0.8986,-0.3596,-0.2516,0.9980,414,28.667397,-1.7205,1.0515
BiancaGolden_CircleTurns,-371.7298,104.8186,201.3337,-5.2628,-10.3622,-32.4075,0.9010,-0.3554,-0.2488,0.9980,415,28.681446,-1.7173,1.0482
BiancaGolden_CircleTurns,-371.3778,104.4684,201.2396,-5.1200,-10.1709,-32.1094,0.8938,-0.3713,-0.2516,0.9980,415,28.695004,-1.7138,1.0447
BiancaGolden_CircleTurns,-370.9840,104.1299,201.1678,-5.0437,-10.0891,-31.8971,0.8947,-0.3691,-0.2516,0.9980,415,28.709726,-1.7098,1.0413
BiancaGolden_CircleTurns,-370.6084,103.7834,201.0739,-4.8806,-10.0450,-31.5761,0.8893,-0.3806,-0.2534,0.9980,416,28.722969,-1.7061,1.0378
BiancaGolden_CircleTurns,-370.2593,103.4490,200.9794,-4.6001,-9.9932,-31.1925,0.8867,-0.3861,-0.2542,0.9980,416,28.736059,-1.7026,1.0345
BiancaGolden_CircleTurns,-369.9329,103.1679,200.8157,-4.4327,-9.8494,-30.8131,0.8887,-0.3815,-0.2542,0.9980,417,28.750767,-1.6993,1.0317
BiancaGolden_CircleTurns,-369.6031,102.8703,200.5743,-4.4629,-9.8501,-30.5177,0.8898,-0.3794,-0.2537,0.9980,417,28.764540,-1.6960,1.0287
BiancaGolden_CircleTurns,-369.2534,102.5036,200.4975,-4.5666,-9.8084,-30.3048,0.8873,-0.3834,-0.2564,0.9980,417,28.778730,-1.6925,1.0250
BiancaGolden_CircleTurns,-368.9589,102.1901,200.5914,-4.5632,-9.7658,-30.2061,0.8877,-0.3819,-0.2571,0.9980,418,28.793482,-1.6896,1.0219
BiancaGolden_CircleTurns,-368.6972,101.8586,200.7224,-4.5434,-9.8049,-30.1113,0.8783,-0.4000,-0.2618,0.9980,418,28.805641,-1.6870,1.0186
BiancaGolden_CircleTurns,-368.4492,101.6010,200.7788,-4.5335,-9.7266,-30.0498,0.8772,-0.4029,-0.2611,0.9980,419,28.820438,-1.6845,1.0160
BiancaGolden_CircleTurns,-368.2940,101.3640,200.8101,-4.5662,-9.6994,-29.9447,0.8771,-0.4023,-0.2624,0.9980,419,28.834280,-1.6829,1.0136
BiancaGolden_CircleTurns,-368.2762,101.1440,200.9170,-4.5205,-9.7737,-29.9134,0.8725,-0.4116,-0.2634,0.9980,420,28.848310,-1.6828,1.0114
BiancaGolden_CircleTurns,-368.2048,100.8652,201.1701,-4.4110,-9.7701,-30.0172,0.8696,-0.4208,-0.2583,0.9980,420,28.862425,-1.6820,1.0087
BiancaGolden_CircleTurns,-368.1152,100.5531,201.5517,-4.0686,-9.2675,-30.3574,0.8694,-0.4287,-0.2458,0.9980,420,28.876282,-1.6812,1.0055
BiancaGolden_CircleTurns,-367.9996,100.2758,201.8682,-3.5959,-8.4803,-30.6225,0.8711,-0.4340,-0.2299,0.9980,421,28.889797,-1.6800,1.0028
BiancaGolden_CircleTurns,-367.9066,99.9952,202.1107,-2.9795,-7.4025,-30.7824,0.8738,-0.4367,-0.2139,0.9980,421,28.903334,-1.6791,1.0000
BiancaGolden_CircleTurns,-367.8340,99.7496,202.3249,-2.5330,-6.4945,-30.8901,0.8753,-0.4396,-0.2014,0.9980,422,28.918272,-1.6783,0.9975
BiancaGolden_CircleTurns,-367.7824,99.4892,202.5618,-2.2066,-5.7391,-30.9568,0.9013,-0.3895,-0.1895,0.9980,422,28.932011,-1.6778,0.9949
BiancaGolden_CircleTurns,-367.7457,99.2094,202.7920,-1.8878,-5.1583,-31.0089,0.9144,-0.3675,-0.1695,0.9980,423,28.946323,-1.6775,0.9921
BiancaGolden_CircleTurns,-367.7378,98.9229,202.9994,-1.5438,-4.8285,-31.0022,0.9175,-0.3608,-0.1674,0.9980,423,28.959869,-1.6774,0.9892
BiancaGolden_CircleTurns,-367.7527,98.6377,203.1342,-1.2315,-4.6624,-30.9713,0.9171,-0.3527,-0.1857,0.9980,423,28.977320,-1.6775,0.9864
BiancaGolden_CircleTurns,-367.7773,98.3664,203.2649,-0.9378,-4.6187,-30.9220,0.9165,-0.3490,-0.1955,0.9980,424,28.988497,-1.6778,0.9837
BiancaGolden_CircleTurns,-367.8354,98.0897,203.3662,-0.7385,-4.6466,-30.8061,0.9170,-0.3453,-0.1999,0.9980,424,29.000719,-1.6784,0.9809
BiancaGolden_CircleTurns,-367.9176,97.8167,203.4043,-0.6282,-4.8882,-30.5939,0.9158,-0.3385,-0.2162,0.9980,425,29.016148,-1.6792,0.9782
BiancaGolden_CircleTurns,-368.0066,97.5371,203.4387,-0.5852,-5.0719,-30.3705,0.9136,-0.3326,-0.2339,0.9980,425,29.029339,-1.6801,0.9754
BiancaGolden_CircleTurns,-368.1165,97.2542,203.4759,-0.5906,-5.2509,-30.1354,0.9118,-0.3289,-0.2460,0.9980,425,29.043531,-1.6812,0.9725
BiancaGolden_CircleTurns,-368.2584,96.9768,203.5242,-0.6361,-5.4943,-29.8420,0.9121,-0.3243,-0.2506,0.9980,426,29.057219,-1.6826,0.9698
BiancaGolden_CircleTurns,-368.4170,96.6786,203.5571,-0.6324,-5.6646,-29.5348,0.9137,-0.3184,-0.2525,0.9980,426,29.070787,-1.6842,0.9668
BiancaGolden_CircleTurns,-368.5935,96.3710,203.5488,-0.7320,-5.7967,-29.2509,0.9151,-0.3122,-0.2551,0.9980,427,29.085537,-1.6859,0.9637
BiancaGolden_CircleTurns,-368.8036,96.0553,203.5220,-0.7686,-5.9384,-28.9892,0.9161,-0.3076,-0.2574,0.9980,427,29.099165,-1.6880,0.9606
BiancaGolden_CircleTurns,-369.0510,95.7309,203.4814,-0.7678,-6.0723,-28.7197,0.9157,-0.3023,-0.2648,0.9980,428,29.113249,-1.6905,0.9573
BiancaGolden_CircleTurns,-369.3267,95.4161,203.4569,-0.7065,-6.1031,-28.4361,0.9149,-0.3035,-0.2662,0.9980,428,29.126968,-1.6933,0.9542
BiancaGolden_CircleTurns,-369.6082,95.0937,203.4440,-0.6316,-6.1075,-28.1447,0.9157,-0.3034,-0.2635,0.9980,428,29.141632,-1.6961,0.9509
BiancaGolden_CircleTurns,-369.9339,94.7650,203.4184,-0.5990,-5.9285,-27.7927,0.9184,-0.3022,-0.2554,0.9980,429,29.154825,-1.6993,0.9477
BiancaGolden_CircleTurns,-370.3099,94.4380,203.3410,-0.5269,-5.8283,-27.4426,0.9186,-0.3050,-0.2514,0.9980,429,29.167856,-1.7031,0.9444
BiancaGolden_CircleTurns,-370.7195,94.1148,203.2339,-0.3993,-5.8663,-27.0209,0.9206,-0.2967,-0.2540,0.9980,430,29.183010,-1.7072,0.9411
BiancaGolden_CircleTurns,-371.1696,93.7916,203.1366,-0.2122,-5.9698,-26.5131,0.9226,-0.2880,-0.2568,0.9980,430,29.196781,-1.7117,0.9379
BiancaGolden_CircleTurns,-371.6583,93.4826,203.0663,-0.0998,-6.1410,-25.9553,0.9254,-0.2798,-0.2555,0.9980,430,29.211069,-1.7166,0.9348
BiancaGolden_CircleTurns,-372.1908,93.1633,202.9516,-0.0205,-6.3335,-25.2831,0.9235,-0.2725,-0.2698,0.9980,431,29.224579,-1.7219,0.9316
BiancaGolden_CircleTurns,-372.7809,92.8438,202.7640,0.0394,-6.6339,-24.6011,0.9231,-0.2684,-0.2752,0.9980,431,29.238026,-1.7278,0.9284
BiancaGolden_CircleTurns,-373.3887,92.4934,202.6155,0.1803,-6.9343,-23.9455,0.9246,-0.2579,-0.2804,0.9980,432,29.253166,-1.7339,0.9249
BiancaGolden_CircleTurns,-374.0395,92.0924,202.5572,0.3310,-7.2257,-23.3077,0.9237,-0.2574,-0.2836,0.9980,432,29.266569,-1.7404,0.9209
BiancaGolden_CircleTurns,-374.6576,91.6438,202.6284,0.4507,-7.5780,-22.7444,0.9261,-0.2592,-0.2741,0.9980,432,29.280767,-1.7466,0.9164
BiancaGolden_CircleTurns,-375.2611,91.1258,202.7818,0.5762,-7.5626,-22.2720,0.9265,-0.2600,-0.2720,0.9980,0,29.293781,-1.7526,0.9113
BiancaGolden_CircleTurns,-375.9144,90.6229,202.8568,0.6191,-7.4997,-21.9003,0.9253,-0.2645,-0.2718,0.9980,0,29.308304,-1.7591,0.9062
BiancaGolden_CircleTurns,-376.5773,90.1434,202.7854,0.5788,-7.4911,-21.5613,0.9259,-0.2765,-0.2573,0.9980,1,29.322533,-1.7658,0.9014
BiancaGolden_CircleTurns,-377.2534,89.6325,202.6722,0.5583,-7.5121,-21.2411,0.9249,-0.2810,-0.2563,0.9980,1,29.336098,-1.7725,0.8963
BiancaGolden_CircleTurns,-377.8922,89.1414,202.6168,0.5768,-7.5082,-20.8960,0.9262,-0.2757,-0.2573,0.9980,2,29.350391,-1.7789,0.8914
BiancaGolden_CircleTurns,-378.4840,88.6296,202.6564,0.5485,-7.5667,-20.5789,0.9255,-0.2809,-0.2540,0.9980,2,29.363873,-1.7848,0.8863
BiancaGolden_CircleTurns,-379.0689,88.1305,202.6987,0.5504,-7.5848,-20.2423,0.9231,-0.2849,-0.2585,0.9980,2,29.378429,-1.7907,0.8813
BiancaGolden_CircleTurns,-379.6960,87.6523,202.6475,0.6299,-7.6313,-19.9320,0.9248,-0.2794,-0.2582,0.9980,3,29.391796,-1.7970,0.8765
BiancaGolden_CircleTurns,-380.3311,87.1871,202.4690,0.8207,-7.8232,-19.5714,0.9255,-0.2745,-0.2608,0.9980,3,29.405390,-1.8033,0.8719
BiancaGolden_CircleTurns,-380.9144,86.7221,202.3121,1.0646,-7.9943,-19.1870,0.9267,-0.2673,-0.2640,0.9980,4,29.420542,-1.8091,0.8672
BiancaGolden_CircleTurns,-381.4647,86.2727,202.2435,1.3776,-8.1721,-18.7167,0.9267,-0.2654,-0.2660,0.9980,4,29.433962,-1.8146,0.8627
BiancaGolden_CircleTurns,-381.9873,85.8463,202.2766,1.4547,-8.2929,-18.2929,0.9256,-0.2676,-0.2676,0.9980,5,29.448050,-1.8199,0.8585
BiancaGolden_CircleTurns,-382.4802,85.4512,202.3264,1.3309,-8.2873,-17.9430,0.9272,-0.2615,-0.2682,0.9980,5,29.461870,-1.8248,0.8545
BiancaGolden_CircleTurns,-382.9639,85.0716,202.3088,1.1255,-8.3220,-17.6006,0.9298,-0.2555,-0.2650,0.9980,6,29.479223,-1.8296,0.8507
BiancaGolden_CircleTurns,-383.4207,84.6942,202.2590,1.0139,-8.2803,-17.2360,0.9304,-0.2562,-0.2621,0.9980,6,29.490030,-1.8342,0.8469
BiancaGolden_CircleTurns,-383.8286,84.3319,202.2759,0.9657,-8.2505,-16.8544,0.9326,-0.2504,-0.2601,0.9980,6,29.504930,-1.8383,0.8433
BiancaGolden_CircleTurns,-384.2030,83.9959,202.3627,0.9189,-8.1322,-16.4929,0.9355,-0.2469,-0.2527,0.9980,7,29.517584,-1.8420,0.8400
BiancaGolden_CircleTurns,-384.5890,83.6642,202.4194,0.9443,-8.0105,-16.1352,0.9347,-0.2510,-0.2518,0.9980,7,29.530373,-1.8459,0.8366
BiancaGolden_CircleTurns,-384.9625,83.3577,202.4632,1.0216,-7.9634,-15.7501,0.9417,-0.2374,-0.2383,0.9980,7,29.545532,-1.8496,0.8336
BiancaGolden_CircleTurns,-385.3220,83.0822,202.4772,1.1447,-7.9300,-15.3757,0.9430,-0.2301,-0.2403,0.9980,8,29.559280,-1.8532,0.8308
BiancaGolden_CircleTurns,-385.6762,82.8497,202.4802,1.2639,-8.0438,-14.9239,0.9563,-0.1647,-0.2416,0.9980,8,29.572590,-1.8568,0.8285
BiancaGolden_CircleTurns,-386.0267,82.6266,202.4984,1.3069,-8.1216,-14.4926,0.9567,-0.1579,-0.2446,0.9980,9,29.587608,-1.8603,0.8263
BiancaGolden_CircleTurns,-386.3943,82.4305,202.5204,1.2641,-8.3007,-14.1019,0.9591,-0.1403,-0.2458,0.9980,9,29.600964,-1.8639,0.8243
BiancaGolden_CircleTurns,-386.7454,82.2767,202.5551,1.1854,-8.4730,-13.7971,0.9586,-0.1348,-0.2506,0.9980,10,29.615339,-1.8675,0.8228
BiancaGolden_CircleTurns,-387.1112,82.1251,202.6261,1.0512,-8.7529,-13.5049,0.9564,-0.1341,-0.2593,0.9980,10,29.628790,-1.8711,0.8213
BiancaGolden_CircleTurns,-387.4692,81.9876,202.6963,0.9944,-8.9869,-13.2429,0.9547,-0.1402,-0.2626,0.9980,10,29.643423,-1.8747,0.8199
BiancaGolden_CircleTurns,-387.8320,81.8681,202.7395,1.0873,-9.1720,-13.0172,0.9550,-0.1434,-0.2597,0.9980,11,29.657007,-1.8783,0.8187
BiancaGolden_CircleTurns,-388.1824,81.7577,202.7764,1.2777,-9.2659,-12.7364,0.9548,-0.1493,-0.2569,0.9980,11,29.670307,-1.8818,0.8176
BiancaGolden_CircleTurns,-388.5068,81.6699,202.8324,1.4347,-9.1882,-12.4341,0.9562,-0.1449,-0.2545,0.9980,12,29.685482,-1.8851,0.8167
BiancaGolden_CircleTurns,-388.8273,81.6199,202.8710,1.4782,-9.0119,-12.1719,0.9573,-0.1482,-0.2483,0.9980,12,29.699282,-1.8883,0.8162
BiancaGolden_CircleTurns,-389.1574,81.5769,202.8788,1.4903,-8.7722,-11.8861,0.9593,-0.1484,-0.2405,0.9980,13,29.713018,-1.8916,0.8158
BiancaGolden_CircleTurns,-389.4877,81.5470,202.8741,1.5153,-8.6023,-11.6380,0.9603,-0.1448,-0.2383,0.9980,13,29.726727,-1.8949,0.8155
BiancaGolden_CircleTurns,-389.7996,81.5284,202.9237,1.5275,-8.4700,-11.4236,0.9611,-0.1421,-0.2370,0.9980,13,29.741365,-1.8980,0.8153
BiancaGolden_CircleTurns,-390.1391,81.5402,202.9495,1.5571,-8.3836,-11.2651,0.9611,-0.1416,-0.2371,0.9980,14,29.754896,-1.9014,0.8154
BiancaGolden_CircleTurns,-390.4863,81.5614,202.9125,1.5827,-8.4020,-11.0947,0.9604,-0.1458,-0.2375,0.9980,14,29.767881,-1.9049,0.8156
BiancaGolden_CircleTurns,-390.8270,81.6074,202.8724,1.6488,-8.4377,-10.9124,0.9600,-0.1479,-0.2377,0.9980,15,29.782816,-1.9083,0.8161
BiancaGolden_CircleTurns,-391.1408,81.6636,202.8854,1.6753,-8.4666,-10.7254,0.9608,-0.1450,-0.2364,0.9980,15,29.796474,-1.9114,0.8166
BiancaGolden_CircleTurns,-391.4474,81.7379,202.9161,1.6762,-8.3901,-10.5132,0.9581,-0.1468,-0.2461,0.9980,15,29.811609,-1.9145,0.8174
BiancaGolden_CircleTurns,-391.7391,81.8191,202.9306,1.6919,-8.2967,-10.3100,0.9591,-0.1426,-0.2445,0.9980,16,29.824295,-1.9174,0.8182
BiancaGolden_CircleTurns,-392.0350,81.8995,202.9365,1.7051,-8.2000,-10.0504,0.9590,-0.1437,-0.2445,0.9980,16,29.838238,-1.9204,0.8190
BiancaGolden_CircleTurns,-392.3334,82.0140,202.9478,1.6961,-8.1248,-9.8241,0.9597,-0.1398,-0.2439,0.9980,17,29.852663,-1.9233,0.8201
BiancaGolden_CircleTurns,-392.6358,82.1314,202.9574,1.6732,-8.0910,-9.5922,0.9598,-0.1386,-0.2441,0.9980,17,29.866329,-1.9264,0.8213
BiancaGolden_CircleTurns,-392.9368,82.2659,202.9529,1.6165,-8.0709,-9.3699,0.9596,-0.1397,-0.2443,0.9980,18,29.880543,-1.9294,0.8227
BiancaGolden_CircleTurns,-393.2382,82.4151,202.9734,1.5086,-8.0870,-9.1693,0.9594,-0.1412,-0.2440,0.9980,18,29.894413,-1.9324,0.8242
BiancaGolden_CircleTurns,-393.5323,82.5759,202.9923,1.3865,-8.0809,-8.9970,0.9570,-0.1463,-0.2504,0.9980,18,29.908434,-1.9353,0.8258
BiancaGolden_CircleTurns,-393.8231,82.7504,203.0127,1.3327,-8.0893,-8.8684,0.9554,-0.1513,-0.2537,0.9980,19,29.922142,-1.9382,0.8275
BiancaGolden_CircleTurns,-394.1170,82.9347,203.0203,1.3457,-8.1131,-8.7401,0.9555,-0.1493,-0.2544,0.9980,19,29.935238,-1.9412,0.8293
BiancaGolden_CircleTurns,-394.4187,83.1344,202.9999,1.4016,-8.1575,-8.6151,0.9551,-0.1486,-0.2565,0.9980,20,29.950163,-1.9442,0.8313
BiancaGolden_CircleTurns,-394.7266,83.3087,202.9577,1.6068,-8.2813,-8.5435,0.9529,-0.1569,-0.2597,0.9980,20,29.963745,-1.9473,0.8331
BiancaGolden_CircleTurns,-395.0137,83.4878,202.9267,1.9312,-8.4365,-8.5425,0.9510,-0.1676,-0.2598,0.9980,21,29.981604,-1.9501,0.8349
BiancaGolden_CircleTurns,-395.2775,83.6504,202.9195,2.4265,-8.6319,-8.7811,0.9490,-0.1771,-0.2608,0.9980,21,29.992264,-1.9528,0.8365
BiancaGolden_CircleTurns,-395.5367,83.8232,202.8942,2.9259,-8.8113,-9.1509,0.9467,-0.1850,-0.2638,0.9980,21,30.005667,-1.9554,0.8382
BiancaGolden_CircleTurns,-395.7727,84.0238,202.8463,3.4031,-9.0020,-9.5841,0.9444,-0.1887,-0.2692,0.9980,22,30.019768,-1.9577,0.8402
BiancaGolden_CircleTurns,-395.9970,84.2492,202.8142,3.7413,-9.3223,-9.9731,0.9428,-0.1914,-0.2728,0.9980,22,30.032482,-1.9600,0.8425
BiancaGolden_CircleTurns,-396.2097,84.5254,202.8081,4.0219,-9.5422,-10.1162,0.9410,-0.1931,-0.2779,0.9980,23,30.047514,-1.9621,0.8453
BiancaGolden_CircleTurns,-396.4430,84.8500,202.7624,4.0635,-9.7554,-10.0325,0.9411,-0.1877,-0.2811,0.9980,23,30.060902,-1.9644,0.8485
BiancaGolden_CircleTurns,-396.7217,85.2254,202.6054,3.8629,-9.9423,-9.7134,0.9408,-0.1788,-0.2879,0.9980,23,30.075293,-1.9672,0.8523
BiancaGolden_CircleTurns,-397.0243,85.5708,202.3590,3.5508,-10.2724,-9.2220,0.9408,-0.1691,-0.2936,0.9980,24,30.089018,-1.9702,0.8557
BiancaGolden_CircleTurns,-397.3093,85.8952,202.1678,3.2676,-10.6122,-8.7264,0.9420,-0.1564,-0.2971,0.9980,24,30.102407,-1.9731,0.8590
BiancaGolden_CircleTurns,-397.5851,86.2232,202.0595,2.9927,-10.8577,-8.2558,0.9431,-0.1482,-0.2975,0.9980,25,30.117201,-1.9759,0.8622
BiancaGolden_CircleTurns,-397.8552,86.5096,201.9346,2.8508,-10.9867,-7.8643,0.9457,-0.1431,-0.2917,0.9980,25,30.130697,-1.9786,0.8651
BiancaGolden_CircleTurns,-398.1582,86.7645,201.7664,2.8128,-11.0677,-7.5680,0.9464,-0.1420,-0.2900,0.9980,25,30.145065,-1.9816,0.8676
BiancaGolden_CircleTurns,-398.4568,86.9979,201.5695,2.7594,-11.1485,-7.3793,0.9477,-0.1403,-0.2866,0.9980,26,30.158985,-1.9846,0.8700
BiancaGolden_CircleTurns,-398.7338,87.1942,201.4159,2.6603,-11.1707,-7.2438,0.9479,-0.1471,-0.2825,0.9980,26,30.171913,-1.9873,0.8719
BiancaGolden_CircleTurns,-398.9906,87.3760,201.4031,2.5296,-11.2051,-7.2071,0.9469,-0.1510,-0.2838,0.9980,27,30.187725,-1.9899,0.8738
BiancaGolden_CircleTurns,-399.2728,87.5401,201.4852,2.4310,-11.2994,-7.1554,0.9459,-0.1502,-0.2877,0.9980,27,30.200321,-1.9927,0.8754
BiancaGolden_CircleTurns,-399.5905,87.6721,201.6219,2.3759,-11.5277,-7.1165,0.9451,-0.1557,-0.2873,0.9980,28,30.214685,-1.9959,0.8767
BiancaGolden_CircleTurns,-399.9886,87.7642,201.6620,2.5020,-11.9739,-7.0819,0.9420,-0.1674,-0.2909,0.9980,28,30.228073,-1.9999,0.8776
BiancaGolden_CircleTurns,-400.3711,87.8595,201.6508,2.6099,-12.4517,-7.0076,0.9393,-0.1672,-0.2996,0.9980,28,30.242779,-2.0037,0.8786
BiancaGolden_CircleTurns,-400.7553,87.9089,201.7048,2.8458,-12.9660,-6.9723,0.9376,-0.1674,-0.3049,0.9980,29,30.256344,-2.0076,0.8791
BiancaGolden_CircleTurns,-401.1005,87.9236,201.9221,3.1861,-13.3247,-6.9975,0.9370,-0.1805,-0.2991,0.9980,29,30.269611,-2.0110,0.8792
BiancaGolden_CircleTurns,-401.4595,87.9033,202.1525,3.5832,-13.4089,-7.1475,0.9359,-0.1856,-0.2994,0.9980,30,30.284489,-2.0146,0.8790
BiancaGolden_CircleTurns,-401.8659,87.8409,202.2980,4.0960,-13.4649,-7.3664,0.9378,-0.1963,-0.2863,0.9980,30,30.298130,-2.0187,0.8784
BiancaGolden_CircleTurns,-402.2810,87.7812,202.3751,4.5786,-13.4684,-7.6884,0.9364,-0.2046,-0.2850,0.9980,31,30.312473,-2.0228,0.8778
BiancaGolden_CircleTurns,-402.7073,87.6732,202.4042,5.0585,-13.4230,-8.1648,0.9350,-0.2133,-0.2834,0.9980,31,30.325981,-2.0271,0.8767
BiancaGolden_CircleTurns,-403.1225,87.5752,202.4123,5.4600,-13.3541,-8.6686,0.9363,-0.2218,-0.2724,0.9980,31,30.340378,-2.0312,0.8758
BiancaGolden_CircleTurns,-403.5437,87.4525,202.4022,5.7816,-13.2898,-9.1898,0.9377,-0.2180,-0.2705,0.9980,32,30.353640,-2.0354,0.8745
BiancaGolden_CircleTurns,-403.9568,87.3276,202.3842,6.0520,-13.1657,-9.5426,0.9376,-0.2213,-0.2684,0.9980,32,30.367304,-2.0396,0.8733
BiancaGolden_CircleTurns,-404.3637,87.2134,202.4021,6.1662,-13.0454,-9.7316,0.9386,-0.2186,-0.2669,0.9980,33,30.382326,-2.0436,0.8721
BiancaGolden_CircleTurns,-404.7779,87.0898,202.4094,6.2033,-12.9361,-9.7930,0.9443,-0.2023,-0.2596,0.9980,33,30.395714,-2.0478,0.8709
BiancaGolden_CircleTurns,-405.2002,86.9563,202.3843,6.1470,-12.8272,-9.6870,0.9449,-0.2003,-0.2591,0.9980,33,30.410255,-2.0520,0.8696
BiancaGolden_CircleTurns,-405.6445,86.7897,202.3562,6.0958,-12.7923,-9.5650,0.9460,-0.1945,-0.2595,0.9980,34,30.423670,-2.0564,0.8679
BiancaGolden_CircleTurns,-406.0877,86.6013,202.3100,6.0751,-12.8013,-9.3478,0.9485,-0.1821,-0.2591,0.9980,34,30.436747,-2.0609,0.8660
BiancaGolden_CircleTurns,-406.5208,86.3671,202.2597,6.0907,-12.8263,-9.0575,0.9495,-0.1750,-0.2604,0.9980,35,30.452412,-2.0652,0.8637
BiancaGolden_CircleTurns,-406.9420,86.1128,202.2020,6.0882,-12.8109,-8.8153,0.9504,-0.1711,-0.2597,0.9980,35,30.465321,-2.0694,0.8611
BiancaGolden_CircleTurns,-407.3668,85.8284,202.1596,6.0415,-12.7654,-8.6084,0.9511,-0.1680,-0.2593,0.9980,36,30.482918,-2.0737,0.8583
BiancaGolden_CircleTurns,-407.7891,85.5117,202.1025,6.0201,-12.7404,-8.4206,0.9493,-0.1657,-0.2671,0.9980,36,30.494038,-2.0779,0.8551
BiancaGolden_CircleTurns,-408.2185,85.1700,202.0572,6.0707,-12.7754,-8.2473,0.9492,-0.1621,-0.2698,0.9980,36,30.507200,-2.0822,0.8517
BiancaGolden_CircleTurns,-408.6625,84.7791,202.0045,6.2287,-12.9397,-8.0317,0.9481,-0.1624,-0.2733,0.9980,37,30.520983,-2.0866,0.8478
BiancaGolden_CircleTurns,-409.0952,84.3804,201.9579,6.4701,-13.1833,-7.8008,0.9458,-0.1586,-0.2832,0.9980,37,30.533878,-2.0910,0.8438
BiancaGolden_CircleTurns,-409.5259,83.9532,201.9071,6.7760,-13.4906,-7.5446,0.9428,-0.1631,-0.2907,0.9980,38,30.548883,-2.0953,0.8395
BiancaGolden_CircleTurns,-409.9741,83.4910,201.8034,7.0397,-13.8222,-7.1713,0.9420,-0.1585,-0.2959,0.9980,38,30.562346,-2.0997,0.8349
BiancaGolden_CircleTurns,-410.3917,83.0123,201.7132,7.2042,-14.1290,-6.8140,0.9414,-0.1527,-0.3006,0.9980,38,30.576712,-2.1039,0.8301
BiancaGolden_CircleTurns,-410.7652,82.4878,201.7110,7.3777,-14.4452,-6.4130,0.9404,-0.1523,-0.3042,0.9980,39,30.590443,-2.1077,0.8249
BiancaGolden_CircleTurns,-411.1284,81.9433,201.7419,7.5000,-14.7159,-6.0321,0.9427,-0.1494,-0.2985,0.9980,39,30.603853,-2.1113,0.8194
BiancaGolden_CircleTurns,-411.4922,81.3634,201.7160,7.5525,-14.9839,-5.7049,0.9426,-0.1446,-0.3009,0.9980,40,30.618483,-2.1149,0.8136
BiancaGolden_CircleTurns,-411.8504,80.7554,201.6293,7.5392,-15.2948,-5.4067,0.9412,-0.1402,-0.3073,0.9980,40,30.632303,-2.1185,0.8076
BiancaGolden_CircleTurns,-412.1739,80.1512,201.5697,7.4815,-15.6767,-5.1515,0.9406,-0.1396,-0.3095,0.9980,41,30.647734,-2.1217,0.8015
BiancaGolden_CircleTurns,-412.4373,79.5394,201.5798,7.3469,-16.0606,-4.9020,0.9401,-0.1351,-0.3131,0.9980,41,30.660439,-2.1244,0.7954
BiancaGolden_CircleTurns,-412.6775,78.9411,201.5726,7.1730,-16.3195,-4.6301,0.9386,-0.1361,-0.3171,0.9980,41,30.674601,-2.1268,0.7894
BiancaGolden_CircleTurns,-412.9918,78.3418,201.4440,7.0434,-16.7118,-4.3285,0.9413,-0.1335,-0.3102,0.9980,42,30.688068,-2.1299,0.7834
BiancaGolden_CircleTurns,-413.2716,77.7415,201.2825,6.9669,-17.1662,-3.9300,0.9403,-0.1253,-0.3163,0.9980,42,30.701347,-2.1327,0.7774
BiancaGolden_CircleTurns,-413.4957,77.1720,201.1601,6.8389,-17.5292,-3.4406,0.9414,-0.0705,-0.3299,0.9980,43,30.716288,-2.1350,0.7717
BiancaGolden_CircleTurns,-413.7106,76.6110,201.0637,6.6791,-17.8243,-2.9390,0.9403,-0.0302,-0.3390,0.9980,43,30.730021,-2.1371,0.7661
BiancaGolden_CircleTurns,-413.8870,76.0447,200.9383,6.5001,-17.8871,-2.3510,0.9406,-0.0208,-0.3390,0.9980,43,30.744341,-2.1389,0.7604
BiancaGolden_CircleTurns,-414.0774,75.4918,200.8010,6.3371,-17.8891,-1.7833,0.9411,-0.0101,-0.3379,0.9980,44,30.758516,-2.1408,0.7549
BiancaGolden_CircleTurns,-414.2469,74.9871,200.6863,6.0735,-17.8263,-1.1418,0.9386,0.0042,-0.3449,0.9980,44,30.771410,-2.1425,0.7499
BiancaGolden_CircleTurns,-414.4405,74.4940,200.5948,5.7504,-17.8858,-0.4973,0.9326,0.0433,-0.3583,0.9980,45,30.786058,-2.1444,0.7449
BiancaGolden_CircleTurns,-414.6649,74.0395,200.4980,5.3405,-18.0260,0.2162,0.9319,0.0486,-0.3595,0.9980,45,30.799578,-2.1466,0.7404
BiancaGolden_CircleTurns,-414.9053,73.5813,200.3785,5.0712,-18.2584,0.9558,0.9298,0.0611,-0.3631,0.9980,46,30.814632,-2.1491,0.7358
BiancaGolden_CircleTurns,-415.1641,73.1546,200.2675,4.7428,-18.4899,1.7109,0.9283,0.0715,-0.3648,0.9980,46,30.827522,-2.1516,0.7315
BiancaGolden_CircleTurns,-415.4235,72.7692,200.2209,4.4076,-18.7539,2.4848,0.9261,0.0742,-0.3700,0.9980,46,30.842016,-2.1542,0.7277
BiancaGolden_CircleTurns,-415.6651,72.3832,200.2119,4.0629,-18.9854,3.2481,0.9251,0.0799,-0.3712,0.9980,47,30.855461,-2.1567,0.7238
BiancaGolden_CircleTurns,-415.9344,72.0373,200.2307,3.6665,-19.2203,3.9721,0.9231,0.0902,-0.3739,0.9980,47,30.868580,-2.1593,0.7204
BiancaGolden_CircleTurns,-416.2097,71.6908,200.2841,3.3334,-19.3941,4.5998,0.9279,0.0667,-0.3667,0.9980,48,30.884205,-2.1621,0.7169
BiancaGolden_CircleTurns,-416.4990,71.3505,200.3591,3.0071,-19.4827,5.1664,0.9275,0.0599,-0.3689,0.9980,48,30.897142,-2.1650,0.7135
BiancaGolden_CircleTurns,-416.7863,71.0217,200.4830,2.7991,-19.4259,5.6019,0.9285,0.0665,-0.3653,0.9980,48,30.911564,-2.1679,0.7102
BiancaGolden_CircleTurns,-417.0612,70.7096,200.6007,2.6487,-19.2487,6.0157,0.9307,0.0695,-0.3590,0.9980,49,30.925722,-2.1706,0.7071
BiancaGolden_CircleTurns,-417.3316,70.4051,200.7139,2.5270,-18.9387,6.3960,0.9355,0.0477,-0.3500,0.9980,49,30.938282,-2.1733,0.7041
BiancaGolden_CircleTurns,-417.5918,70.1075,200.8514,2.4672,-18.4755,6.7019,0.9385,0.0527,-0.3412,0.9980,50,30.953444,-2.1759,0.7011
BiancaGolden_CircleTurns,-417.8281,69.8248,200.9994,2.4361,-17.9683,7.0371,0.9425,0.0436,-0.3313,0.9980,50,30.967781,-2.1783,0.6982
BiancaGolden_CircleTurns,-418.0432,69.5648,201.1372,2.3794,-17.4164,7.3364,0.9453,0.0486,-0.3226,0.9980,51,30.984703,-2.1804,0.6956
BiancaGolden_CircleTurns,-418.2609,69.3217,201.2201,2.2729,-16.8776,7.6098,0.9479,0.0460,-0.3153,0.9980,51,30.994713,-2.1826,0.6932
BiancaGolden_CircleTurns,-418.4645,69.0746,201.2864,2.1210,-16.4332,7.8909,0.9463,0.0443,-0.3203,0.9980,51,31.010832,-2.1846,0.6907
BiancaGolden_CircleTurns,-418.6737,68.8468,201.3621,2.0201,-16.0913,8.1522,0.9474,0.0484,-0.3164,0.9980,52,31.024731,-2.1867,0.6885
BiancaGolden_CircleTurns,-418.8632,68.6348,201.4483,1.8700,-15.8163,8.3921,0.9463,0.0401,-0.3209,0.9980,52,31.036705,-2.1886,0.6863
BiancaGolden_CircleTurns,-419.0321,68.4442,201.5208,1.6761,-15.6561,8.5461,0.9435,0.0359,-0.3293,0.9980,53,31.051575,-2.1903,0.6844
BiancaGolden_CircleTurns,-419.2171,68.2568,201.5683,1.5024,-15.4971,8.7128,0.9442,0.0385,-0.3270,0.9980,53,31.065208,-2.1922,0.6826
BiancaGolden_CircleTurns,-419.3934,68.0807,201.5948,1.3494,-15.3747,8.8399,0.9410,0.0312,-0.3371,0.9980,54,31.079247,-2.1939,0.6808
BiancaGolden_CircleTurns,-419.5673,67.9306,201.6132,1.2430,-15.2616,8.9589,0.9407,0.0273,-0.3381,0.9980,54,31.092564,-2.1957,0.6793
BiancaGolden_CircleTurns,-419.7394,67.7880,201.6474,1.1284,-15.1038,9.1603,0.9375,0.0303,-0.3466,0.9980,54,31.106955,-2.1974,0.6779
BiancaGolden_CircleTurns,-419.9138,67.6837,201.6881,1.0398,-14.9386,9.3540,0.9364,0.0351,-0.3491,0.9980,55,31.119907,-2.1991,0.6768
BiancaGolden_CircleTurns,-420.0928,67.5965,201.7274,0.9145,-14.7524,9.6160,0.9373,0.0389,-0.3463,0.9980,55,31.132872,-2.2009,0.6760
BiancaGolden_CircleTurns,-420.3029,67.5188,201.7645,0.7644,-14.5650,9.8205,0.9398,0.0318,-0.3403,0.9980,56,31.147797,-2.2030,0.6752
BiancaGolden_CircleTurns,-420.5259,67.4233,201.7814,0.6210,-14.4297,10.0440,0.9402,0.0350,-0.3389,0.9980,56,31.161461,-2.2053,0.6742
BiancaGolden_CircleTurns,-420.7685,67.3599,201.8031,0.5239,-14.3292,10.2213,0.9408,0.0382,-0.3368,0.9980,56,31.175821,-2.2077,0.6736
BiancaGolden_CircleTurns,-421.0179,67.3048,201.8343,0.4316,-14.1904,10.4026,0.9148,0.0185,-0.4035,0.9980,57,31.189404,-2.2102,0.6730
BiancaGolden_CircleTurns,-421.2705,67.2537,201.8820,0.3429,-14.0040,10.5887,0.9048,0.0371,-0.4242,0.9980,57,31.202095,-2.2127,0.6725
BiancaGolden_CircleTurns,-421.5569,67.1985,201.9587,0.3044,-13.7166,10.7146,0.9072,0.0392,-0.4190,0.9980,58,31.217690,-2.2156,0.6720
BiancaGolden_CircleTurns,-421.8496,67.1557,202.0541,0.2176,-13.3676,10.7944,0.9108,0.0611,-0.4084,0.9980,58,31.231194,-2.2185,0.6716
BiancaGolden_CircleTurns,-422.1390,67.1158,202.1535,0.1456,-12.9932,10.8545,0.9148,0.0613,-0.3993,0.9980,59,31.246031,-2.2214,0.6712
BiancaGolden_CircleTurns,-422.4555,67.1029,202.2796,0.0618,-12.4120,10.8031,0.9230,0.0621,-0.3797,0.9980,59,31.258909,-2.2246,0.6710
BiancaGolden_CircleTurns,-422.7829,67.0849,202.4185,0.0142,-11.7275,10.7563,0.9283,0.0618,-0.3667,0.9980,59,31.273071,-2.2278,0.6708
BiancaGolden_CircleTurns,-423.1122,67.0783,202.5749,-0.0316,-10.9551,10.6902,0.9470,0.0746,-0.3124,0.9980,60,31.286547,-2.2311,0.6708
BiancaGolden_CircleTurns,-423.4369,67.1142,202.7296,-0.1485,-10.0383,10.5776,0.9460,0.1228,-0.3000,0.9980,60,31.299555,-2.2344,0.6711
BiancaGolden_CircleTurns,-423.7835,67.1480,202.8332,-0.3079,-9.2213,10.5201,0.9461,0.1481,-0.2880,0.9980,61,31.314651,-2.2378,0.6715
BiancaGolden_CircleTurns,-424.1398,67.2148,202.9082,-0.5029,-8.4924,10.4265,0.9494,0.1466,-0.2779,0.9980,61,31.327665,-2.2414,0.6721
BiancaGolden_CircleTurns,-424.5037,67.2779,203.0014,-0.7055,-7.8835,10.2746,0.9518,0.1443,-0.2707,0.9980,61,31.342155,-2.2450,0.6728
BiancaGolden_CircleTurns,-424.8861,67.3271,203.0847,-0.8399,-7.3717,10.0921,0.9541,0.1411,-0.2640,0.9980,62,31.355396,-2.2489,0.6733
BiancaGolden_CircleTurns,-425.2676,67.4006,203.1716,-0.8196,-6.9732,9.8851,0.9569,-0.0140,-0.2902,0.9980,62,31.368513,-2.2527,0.6740
BiancaGolden_CircleTurns,-425.6622,67.4757,203.2279,-0.7532,-6.6737,9.7270,0.9861,-0.0210,-0.1645,0.9980,63,31.384033,-2.2566,0.6748
BiancaGolden_CircleTurns,-426.0727,67.6148,203.2466,-0.6931,-6.5397,9.5170,0.9862,-0.0237,-0.1636,0.9980,63,31.396866,-2.2607,0.6761
BiancaGolden_CircleTurns,-426.4990,67.7472,203.2384,-0.7191,-6.4802,9.3606,0.9860,-0.0255,-0.1650,0.9980,63,31.411795,-2.2650,0.6775
BiancaGolden_CircleTurns,-426.9223,67.8983,203.2403,-0.7026,-6.5628,9.2595,0.9856,-0.0250,-0.1670,0.9980,64,31.424871,-2.2692,0.6790
BiancaGolden_CircleTurns,-427.3670,68.0509,203.2572,-0.6821,-6.6271,9.1849,0.9811,-0.0258,-0.1919,0.9980,64,31.437935,-2.2737,0.6805
BiancaGolden_CircleTurns,-427.8250,68.2127,203.2154,-0.6959,-6.8099,9.1126,0.9774,-0.0285,-0.2095,0.9980,65,31.452919,-2.2782,0.6821
BiancaGolden_CircleTurns,-428.2871,68.3919,203.1437,-0.7013,-6.9298,9.0062,0.9745,-0.0300,-0.2223,0.9980,65,31.466311,-2.2829,0.6839
BiancaGolden_CircleTurns,-428.7805,68.5843,203.0361,-0.7268,-7.1225,8.9326,0.9720,-0.0324,-0.2327,0.9980,66,31.484673,-2.2878,0.6858
BiancaGolden_CircleTurns,-429.2694,68.7921,202.9581,-0.7161,-7.3092,8.8187,0.9714,-0.0350,-0.2348,0.9980,66,31.494619,-2.2927,0.6879
BiancaGolden_CircleTurns,-429.7423,69.0000,202.9292,-0.6302,-7.4542,8.6816,0.9702,-0.0404,-0.2390,0.9980,66,31.508230,-2.2974,0.6900
BiancaGolden_CircleTurns,-430.2117,69.2088,202.9225,-0.3900,-7.5303,8.5747,0.9699,-0.0425,-0.2399,0.9980,67,31.521879,-2.3021,0.6921
BiancaGolden_CircleTurns,-430.6837,69.4062,202.8791,-0.3335,-7.5940,8.4640,0.9715,-0.0460,-0.2327,0.9980,67,31.535168,-2.3068,0.6941
BiancaGolden_CircleTurns,-431.1373,69.6714,202.9114,0.4738,-7.3003,8.4149,0.9723,-0.0526,-0.2275,0.9980,68,31.549883,-2.3114,0.6967
BiancaGolden_CircleTurns,-431.5698,69.9219,202.9123,0.7319,-7.0199,8.2915,0.9744,-0.0532,-0.2186,0.9980,68,31.563137,-2.3157,0.6992
BiancaGolden_CircleTurns,-431.9779,70.1732,202.9742,0.9003,-6.6071,8.1355,0.9759,-0.0571,-0.2104,0.9980,68,31.577517,-2.3198,0.7017
BiancaGolden_CircleTurns,-432.3800,70.4163,203.0495,1.0132,-6.1382,7.9059,0.9775,-0.0570,-0.2033,0.9980,69,31.591242,-2.3238,0.7042
BiancaGolden_CircleTurns,-432.7908,70.6413,203.1054,1.1297,-5.7336,7.6944,0.9788,-0.0504,-0.1986,0.9980,69,31.604208,-2.3279,0.7064
BiancaGolden_CircleTurns,-433.2181,70.8532,203.1548,1.2886,-5.1831,7.3567,0.9802,-0.0532,-0.1905,0.9980,70,31.618902,-2.3322,0.7085
BiancaGolden_CircleTurns,-433.6467,71.0714,203.1846,1.4755,-4.5820,7.0678,0.9821,-0.0543,-0.1803,0.9980,70,31.632679,-2.3365,0.7107
BiancaGolden_CircleTurns,-434.0728,71.2542,203.2292,1.7400,-3.7136,6.8289,0.9851,-0.0571,-0.1625,0.9980,71,31.647091,-2.3407,0.7125
BiancaGolden_CircleTurns,-434.4723,71.4417,203.2933,2.0306,-2.6212,6.6323,0.9876,-0.0606,-0.1451,0.9980,71,31.660662,-2.3447,0.7144
BiancaGolden_CircleTurns,-434.8501,71.5989,203.3666,2.2940,-1.6434,6.4452,0.9884,-0.0600,-0.1393,0.9980,71,31.675142,-2.3485,0.7160
BiancaGolden_CircleTurns,-435.2479,71.7408,203.4792,2.3895,-0.8211,6.2158,0.9895,-0.0602,-0.1316,0.9980,72,31.688498,-2.3525,0.7174
BiancaGolden_CircleTurns,-435.6427,71.8440,203.6311,2.4324,-0.1671,5.9968,0.9895,-0.0657,-0.1287,0.9980,72,31.702051,-2.3564,0.7184
BiancaGolden_CircleTurns,-436.0477,71.9285,203.8257,2.4812,0.4014,5.7304,0.9852,-0.1240,-0.1181,0.9980,73,31.716864,-2.3605,0.7193
BiancaGolden_CircleTurns,-436.4762,71.9703,204.0287,2.5537,0.8562,5.5031,0.9835,-0.1444,-0.1093,0.9980,73,31.731083,-2.3648,0.7197
BiancaGolden_CircleTurns,-436.9065,71.9999,204.1953,2.7201,1.3053,5.2835,0.9821,-0.1476,-0.1167,0.9980,73,31.744953,-2.3691,0.7200
BiancaGolden_CircleTurns,-437.3617,71.9870,204.3634,3.0253,1.6195,5.1864,0.9825,-0.1488,-0.1118,0.9980,74,31.758665,-2.3736,0.7199
BiancaGolden_CircleTurns,-437.8132,71.9462,204.5427,3.2863,1.8503,5.1488,0.9823,-0.1442,-0.1192,0.9980,74,31.771700,-2.3781,0.7195
BiancaGolden_CircleTurns,-438.2611,71.8941,204.7264,3.4501,2.0766,5.1211,0.9795,-0.1451,-0.1397,0.9980,75,31.786604,-2.3826,0.7189
BiancaGolden_CircleTurns,-438.7121,71.8186,204.8744,3.5088,2.3107,5.0393,0.9798,-0.1425,-0.1404,0.9980,75,31.800344,-2.3871,0.7182
BiancaGolden_CircleTurns,-439.1509,71.7066,204.9766,3.4336,2.4553,4.9255,0.9801,-0.1347,-0.1455,0.9980,76,31.814537,-2.3915,0.7171
BiancaGolden_CircleTurns,-439.5597,71.5803,205.0865,3.3214,2.6135,4.8055,0.9802,-0.1359,-0.1439,0.9980,76,31.828318,-2.3956,0.7158
BiancaGolden_CircleTurns,-439.9632,71.4602,205.1868,3.2181,2.7410,4.7011,0.9787,-0.1317,-0.1576,0.9980,76,31.843058,-2.3996,0.7146
BiancaGolden_CircleTurns,-440.3461,71.3355,205.2566,2.9999,2.8158,4.6885,0.9790,-0.1303,-0.1568,0.9980,77,31.856081,-2.4035,0.7134
BiancaGolden_CircleTurns,-440.7121,71.1948,205.2855,2.8742,2.8897,4.7406,0.9773,-0.1148,-0.1783,0.9980,77,31.869246,-2.4071,0.7119
BiancaGolden_CircleTurns,-441.0614,71.0334,205.2660,2.8126,2.9127,4.8955,0.9771,-0.1114,-0.1814,0.9980,78,31.884264,-2.4106,0.7103
BiancaGolden_CircleTurns,-441.4031,70.8401,205.2225,2.7422,2.8557,5.0793,0.9764,-0.1080,-0.1870,0.9980,78,31.897648,-2.4140,0.7084
BiancaGolden_CircleTurns,-441.7322,70.6279,205.2095,2.6526,2.7705,5.2434,0.9773,-0.0978,-0.1881,0.9980,78,31.911886,-2.4173,0.7063
BiancaGolden_CircleTurns,-442.0504,70.4100,205.2250,2.5804,2.7261,5.3991,0.9778,-0.0938,-0.1872,0.9980,79,31.925423,-2.4205,0.7041
BiancaGolden_CircleTurns,-442.3379,70.1612,205.2513,2.5872,2.7799,5.6328,0.9791,-0.0817,-0.1862,0.9980,79,31.938734,-2.4234,0.7016
BiancaGolden_CircleTurns,-442.6050,69.8970,205.2983,2.5952,2.9386,5.9258,0.9801,-0.0767,-0.1833,0.9980,80,31.954149,-2.4260,0.6990
BiancaGolden_CircleTurns,-442.8596,69.6166,205.3390,2.5442,3.1744,6.2364,0.9801,-0.0830,-0.1802,0.9980,80,31.967384,-2.4286,0.6962
BiancaGolden_CircleTurns,-443.1003,69.3052,205.3603,2.3623,3.4857,6.5871,0.9804,-0.0780,-0.1808,0.9980,81,31.986000,-2.4310,0.6931
BiancaGolden_CircleTurns,-443.3340,68.9703,205.3578,2.2438,3.6972,6.9481,0.9811,-0.0709,-0.1799,0.9980,81,31.995886,-2.4333,0.6897
BiancaGolden_CircleTurns,-443.5758,68.6131,205.3254,2.2353,3.7938,7.3390,0.9801,-0.0645,-0.1877,0.9980,81,32.011929,-2.4358,0.6861
BiancaGolden_CircleTurns,-443.8060,68.2388,205.2778,2.2785,3.7441,7.7739,0.9794,-0.0586,-0.1931,0.9980,82,32.025539,-2.4381,0.6824
BiancaGolden_CircleTurns,-444.0402,67.8181,205.2068,2.3729,3.5574,8.1965,0.9786,-0.0606,-0.1964,0.9980,82,32.038361,-2.4404,0.6782
BiancaGolden_CircleTurns,-444.2512,67.3527,205.1507,2.4531,3.3336,8.6731,0.9783,-0.0580,-0.1991,0.9980,83,32.052818,-2.4425,0.6735
BiancaGolden_CircleTurns,-444.4179,66.8573,205.1671,2.5174,3.2036,9.1324,0.9788,-0.0528,-0.1978,0.9980,83,32.066147,-2.4442,0.6686
BiancaGolden_CircleTurns,-444.5961,66.3399,205.2418,2.4855,3.2704,9.5492,0.9803,-0.0462,-0.1922,0.9980,84,32.080853,-2.4460,0.6634
BiancaGolden_CircleTurns,-444.7496,65.7554,205.3898,2.3806,3.6439,9.9202,0.9813,-0.0549,-0.1846,0.9980,84,32.094017,-2.4475,0.6576
BiancaGolden_CircleTurns,-444.8895,65.1221,205.4935,2.3570,4.1063,10.2430,0.9827,-0.0514,-0.1777,0.9980,84,32.108574,-2.4489,0.6512
BiancaGolden_CircleTurns,-444.9884,64.4662,205.5700,2.2694,4.6091,10.4382,0.9831,-0.0508,-0.1761,0.9980,85,32.122078,-2.4499,0.6447
BiancaGolden_CircleTurns,-445.0855,63.8075,205.6724,2.1120,4.9885,10.6353,0.9830,-0.0634,-0.1721,0.9980,85,32.134964,-2.4509,0.6381
BiancaGolden_CircleTurns,-445.1509,63.0849,205.7759,1.9011,5.4043,10.4797,0.9818,-0.0767,-0.1736,0.9980,86,32.150005,-2.4515,0.6308
BiancaGolden_CircleTurns,-445.2134,62.3410,205.7931,1.8690,5.6854,10.3014,0.9805,-0.0862,-0.1768,0.9980,86,32.163513,-2.4521,0.6234
BiancaGolden_CircleTurns,-445.2996,61.5782,205.6820,1.8324,5.8163,10.0457,0.9798,-0.0933,-0.1770,0.9980,86,32.177353,-2.4530,0.6158
BiancaGolden_CircleTurns,-445.3602,60.8195,205.4349,1.8902,5.7556,9.5901,0.9754,-0.1039,-0.1944,0.9980,87,32.190517,-2.4536,0.6082
BiancaGolden_CircleTurns,-445.4211,60.0861,205.1916,1.9794,5.6500,9.2039,0.9727,-0.1101,-0.2042,0.9980,87,32.203724,-2.4542,0.6009
BiancaGolden_CircleTurns,-445.5281,59.4279,204.9732,1.9787,5.4152,8.8421,0.9703,-0.1144,-0.2132,0.9980,88,32.219578,-2.4553,0.5943
BiancaGolden_CircleTurns,-445.6688,58.8279,204.8304,1.6652,4.9487,8.5034,0.9698,-0.1125,-0.2163,0.9980,88,32.232449,-2.4567,0.5883
BiancaGolden_CircleTurns,-445.7991,58.2117,204.6881,1.3592,4.5851,8.2797,0.9670,-0.1139,-0.2278,0.9980,89,32.246853,-2.4580,0.5821
BiancaGolden_CircleTurns,-445.9526,57.6777,204.5739,0.9248,4.0005,8.0846,0.9654,-0.1042,-0.2392,0.9980,89,32.260159,-2.4595,0.5768
BiancaGolden_CircleTurns,-446.1217,57.1445,204.4207,0.5908,3.4373,7.9948,0.9610,-0.1013,-0.2572,0.9980,89,32.274147,-2.4612,0.5714
BiancaGolden_CircleTurns,-446.2828,56.6312,204.2690,0.3985,2.9082,7.8763,0.9598,-0.0908,-0.2656,0.9980,90,32.287415,-2.4628,0.5663
BiancaGolden_CircleTurns,-446.4456,56.1700,204.2074,0.2567,2.4541,7.7685,0.9616,-0.0882,-0.2599,0.9980,90,32.300671,-2.4645,0.5617
BiancaGolden_CircleTurns,-446.6230,55.7462,204.2465,0.1585,2.2092,7.6904,0.9610,-0.0901,-0.2615,0.9980,91,32.315559,-2.4662,0.5575
BiancaGolden_CircleTurns,-446.7947,55.3658,204.3621,0.0178,2.0960,7.5521,0.9665,-0.0878,-0.2411,0.9980,91,32.329723,-2.4679,0.5537
BiancaGolden_CircleTurns,-446.9693,55.0351,204.5018,-0.1033,2.1420,7.4375,0.9677,-0.0771,-0.2401,0.9980,91,32.343834,-2.4697,0.5504
BiancaGolden_CircleTurns,-447.1429,54.7308,204.6402,-0.3023,2.1632,7.3355,0.9688,-0.0745,-0.2365,0.9980,92,32.357330,-2.4714,0.5473
BiancaGolden_CircleTurns,-447.3499,54.4618,204.7488,-0.4437,2.1396,7.2420,0.9708,-0.0720,-0.2288,0.9980,92,32.370483,-2.4735,0.5446
BiancaGolden_CircleTurns,-447.5718,54.2156,204.8415,-0.5678,1.9694,7.1872,0.9702,-0.0693,-0.2322,0.9980,93,32.385334,-2.4757,0.5422
BiancaGolden_CircleTurns,-447.8111,54.0011,204.9310,-0.6492,1.7231,7.1073,0.9705,-0.0546,-0.2350,0.9980,93,32.398701,-2.4781,0.5400
BiancaGolden_CircleTurns,-448.0639,53.8009,205.0101,-0.7099,1.5397,7.0245,0.9700,-0.0567,-0.2362,0.9980,94,32.413437,-2.4806,0.5380
BiancaGolden_CircleTurns,-448.3282,53.6059,205.0666,-0.6601,1.4597,6.9189,0.9717,-0.0570,-0.2293,0.9980,94,32.426769,-2.4833,0.5361
BiancaGolden_CircleTurns,-448.6097,53.4382,205.0877,-0.5858,1.4589,6.8298,0.9722,-0.0598,-0.2264,0.9980,94,32.441357,-2.4861,0.5344
BiancaGolden_CircleTurns,-448.9147,53.3299,205.0715,-0.5085,1.5554,6.7646,0.9732,-0.0570,-0.2226,0.9980,95,32.454758,-2.4891,0.5333
BiancaGolden_CircleTurns,-449.2267,53.2267,205.0185,-0.4852,1.6833,6.7042,0.9739,-0.0558,-0.2200,0.9980,95,32.471504,-2.4923,0.5323
BiancaGolden_CircleTurns,-449.5337,53.1548,204.9547,-0.5997,1.8581,6.5813,0.9745,-0.0585,-0.2167,0.9980,96,32.483284,-2.4953,0.5315
BiancaGolden_CircleTurns,-449.8413,53.0834,204.9203,-0.7879,2.0847,6.3659,0.9750,-0.0600,-0.2138,0.9980,96,32.496201,-2.4984,0.5308
BiancaGolden_CircleTurns,-450.1555,53.0366,204.8935,-0.9048,2.2678,6.1190,0.9753,-0.0642,-0.2114,0.9980,96,32.511032,-2.5016,0.5304
BiancaGolden_CircleTurns,-450.4727,53.0323,204.8507,-0.9447,2.4259,5.8541,0.9758,-0.0675,-0.2080,0.9980,97,32.524036,-2.5047,0.5303
BiancaGolden_CircleTurns,-450.7995,53.0407,204.8106,-0.9987,2.5024,5.6402,0.9754,-0.0695,-0.2090,0.9980,97,32.537777,-2.5080,0.5304
BiancaGolden_CircleTurns,-451.1360,53.1307,204.7708,-1.1097,2.4595,5.3988,0.9739,-0.0701,-0.2160,0.9980,98,32.553734,-2.5114,0.5313
BiancaGolden_CircleTurns,-451.4704,53.2366,204.7208,-1.2476,2.2578,5.2005,0.9730,-0.0649,-0.2216,0.9980,98,32.566631,-2.5147,0.5324
BiancaGolden_CircleTurns,-451.8109,53.3670,204.6560,-1.3290,2.0035,5.0132,0.9715,-0.0688,-0.2269,0.9980,99,32.580780,-2.5181,0.5337
BiancaGolden_CircleTurns,-452.1535,53.5214,204.6025,-1.3984,1.6978,4.7694,0.9693,-0.0746,-0.2343,0.9980,99,32.594475,-2.5215,0.5352
BiancaGolden_CircleTurns,-452.5033,53.7264,204.5487,-1.4055,1.2971,4.4373,0.9675,-0.0807,-0.2397,0.9980,99,32.608730,-2.5250,0.5373
BiancaGolden_CircleTurns,-452.8511,53.9386,204.5109,-1.3054,0.9630,4.1064,0.9658,-0.0846,-0.2453,0.9980,100,32.622219,-2.5285,0.5394
BiancaGolden_CircleTurns,-453.1946,54.1815,204.4771,-1.0754,0.5984,3.8094,0.9646,-0.0872,-0.2490,0.9980,100,32.635448,-2.5319,0.5418
BiancaGolden_CircleTurns,-453.5328,54.4686,204.4554,-0.8729,0.2978,3.5002,0.9626,-0.0924,-0.2548,0.9980,101,32.650852,-2.5353,0.5447
BiancaGolden_CircleTurns,-453.8768,54.7777,204.4183,-0.7059,-0.0694,3.2560,0.9651,-0.0758,-0.2508,0.9980,101,32.664082,-2.5388,0.5478
BiancaGolden_CircleTurns,-454.2104,55.1416,204.3701,-0.5246,-0.5473,3.1083,0.9629,-0.0799,-0.2578,0.9980,101,32.678795,-2.5421,0.5514
BiancaGolden_CircleTurns,-454.5167,55.4926,204.3984,-0.4562,-0.9765,2.8901,0.9619,-0.0791,-0.2617,0.9980,102,32.691818,-2.5452,0.5549
BiancaGolden_CircleTurns,-454.8043,55.8679,204.5188,-0.3934,-1.3279,2.7040,0.9624,-0.0773,-0.2605,0.9980,102,32.705105,-2.5480,0.5587
BiancaGolden_CircleTurns,-455.0945,56.2486,204.5773,-0.3699,-1.6317,2.4831,0.9639,-0.0801,-0.2540,0.9980,103,32.720093,-2.5509,0.5625
BiancaGolden_CircleTurns,-455.3893,56.6252,204.5534,-0.3403,-1.9100,2.1695,0.9640,-0.0839,-0.2523,0.9980,103,32.733921,-2.5539,0.5663
BiancaGolden_CircleTurns,-455.6530,56.9794,204.5595,-0.0739,-2.0593,1.9202,0.9645,-0.0820,-0.2510,0.9980,104,32.747734,-2.5565,0.5698
BiancaGolden_CircleTurns,-455.9194,57.3364,204.6072,0.1570,-2.1068,1.7233,0.9642,-0.0853,-0.2511,0.9980,104,32.761398,-2.5592,0.5734
BiancaGolden_CircleTurns,-456.1983,57.6945,204.6077,0.3954,-2.1385,1.5802,0.9648,-0.0812,-0.2503,0.9980,104,32.775967,-2.5620,0.5769
BiancaGolden_CircleTurns,-456.4922,58.0410,204.5360,0.6554,-2.2236,1.5400,0.9657,-0.0786,-0.2475,0.9980,105,32.789745,-2.5649,0.5804
BiancaGolden_CircleTurns,-456.7814,58.3845,204.4433,0.8028,-2.3912,1.5089,0.9660,-0.0763,-0.2470,0.9980,105,32.802822,-2.5678,0.5838
BiancaGolden_CircleTurns,-457.0307,58.6977,204.4020,0.7755,-2.4530,1.4463,0.9665,-0.0718,-0.2464,0.9980,106,32.817348,-2.5703,0.5870
BiancaGolden_CircleTurns,-457.2583,58.9957,204.4269,0.6208,-2.3960,1.2834,0.9668,-0.0746,-0.2444,0.9980,106,32.831173,-2.5726,0.5900
BiancaGolden_CircleTurns,-457.4943,59.2884,204.3798,0.4531,-2.2586,1.0803,0.9702,-0.0768,-0.2300,0.9980,106,32.845547,-2.5749,0.5929
BiancaGolden_CircleTurns,-457.7646,59.5815,204.2057,0.2868,-2.2209,0.8550,0.9691,-0.0781,-0.2339,0.9980,107,32.859066,-2.5776,0.5958
BiancaGolden_CircleTurns,-458.0304,59.8620,203.9508,0.1397,-2.4346,0.6289,0.9672,-0.0810,-0.2409,0.9980,107,32.872593,-2.5803,0.5986
BiancaGolden_CircleTurns,-458.2847,60.1258,203.7628,0.0109,-2.8389,0.4296,0.9637,-0.0802,-0.2546,0.9980,108,32.887436,-2.5828,0.6013
BiancaGolden_CircleTurns,-458.5614,60.3835,203.6299,-0.1048,-3.4442,0.2715,0.9617,-0.0812,-0.2619,0.9980,108,32.901108,-2.5856,0.6038
BiancaGolden_CircleTurns,-458.8076,60.6228,203.5397,-0.2656,-4.2372,0.1884,0.9582,-0.0820,-0.2740,0.9980,109,32.915215,-2.5881,0.6062
BiancaGolden_CircleTurns,-459.1016,60.8482,203.4365,-0.4087,-4.9491,0.1112,0.9567,-0.0801,-0.2799,0.9980,109,32.928829,-2.5910,0.6085
BiancaGolden_CircleTurns,-459.4034,61.0330,203.3394,-0.4078,-5.6927,0.1244,0.9593,-0.0805,-0.2706,0.9980,109,32.943253,-2.5940,0.6103
BiancaGolden_CircleTurns,-459.6813,61.2063,203.2900,-0.3134,-6.1510,0.1306,0.9571,-0.0886,-0.2760,0.9980,110,32.956940,-2.5968,0.6121
BiancaGolden_CircleTurns,-459.9961,61.3694,203.2813,-0.2777,-6.4869,0.1585,0.9553,-0.1055,-0.2763,0.9980,110,32.973476,-2.6000,0.6137
BiancaGolden_CircleTurns,-460.2937,61.4781,203.3484,-0.2086,-6.5332,0.2172,0.9482,-0.1275,-0.2909,0.9980,111,32.985790,-2.6029,0.6148
BiancaGolden_CircleTurns,-460.5570,61.5592,203.4516,-0.0835,-6.3056,0.3064,0.9555,-0.1341,-0.2627,0.9980,111,32.998604,-2.6056,0.6156
BiancaGolden_CircleTurns,-460.8141,61.6301,203.5209,0.1181,-6.0280,0.3768,0.9578,-0.1329,-0.2547,0.9980,112,33.013092,-2.6081,0.6163
BiancaGolden_CircleTurns,-461.0549,61.6361,203.5364,0.4283,-5.5923,0.5001,0.9591,-0.1448,-0.2431,0.9980,112,33.026657,-2.6105,0.6164
BiancaGolden_CircleTurns,-461.2530,61.5792,203.5444,0.8867,-5.0107,0.6804,0.9674,-0.1458,-0.2069,0.9980,112,33.040779,-2.6125,0.6158
BiancaGolden_CircleTurns,-461.3926,61.4751,203.5965,1.3446,-4.4907,0.8472,0.9742,-0.1396,-0.1776,0.9980,113,33.054539,-2.6139,0.6148
BiancaGolden_CircleTurns,-461.4976,61.3035,203.6634,1.8146,-3.9994,1.0362,0.9778,-0.1403,-0.1558,0.9980,113,33.068157,-2.6150,0.6130
BiancaGolden_CircleTurns,-461.5398,61.0228,203.6921,2.3803,-3.5220,1.2411,0.9791,-0.1389,-0.1486,0.9980,114,33.082726,-2.6154,0.6102
BiancaGolden_CircleTurns,-461.5388,60.6768,203.6668,2.8345,-3.1738,1.3630,0.9793,-0.1449,-0.1412,0.9980,114,33.096104,-2.6154,0.6068
BiancaGolden_CircleTurns,-461.4958,60.2841,203.6189,3.1736,-2.8261,1.4303,0.9764,-0.1479,-0.1574,0.9980,114,33.111427,-2.6150,0.6028
BiancaGolden_CircleTurns,-461.3660,59.7900,203.5591,3.2259,-2.6361,1.3150,0.9769,-0.1436,-0.1584,0.9980,115,33.124149,-2.6137,0.5979
BiancaGolden_CircleTurns,-461.2101,59.2633,203.5105,3.2014,-2.4736,1.1607,0.9742,-0.1474,-0.1708,0.9980,115,33.137661,-2.6121,0.5926
BiancaGolden_CircleTurns,-460.9921,58.6814,203.4512,3.0511,-2.3810,0.9483,0.9731,-0.1480,-0.1764,0.9980,116,33.152546,-2.6099,0.5868
BiancaGolden_CircleTurns,-460.7643,58.0861,203.3702,2.9089,-2.3915,0.7640,0.9676,-0.1565,-0.1982,0.9980,116,33.166027,-2.6076,0.5809
BiancaGolden_CircleTurns,-460.5154,57.4602,203.2668,2.8869,-2.4173,0.6437,0.9667,-0.1576,-0.2014,0.9980,117,33.180420,-2.6052,0.5746
BiancaGolden_CircleTurns,-460.2329,56.7743,203.1191,2.8848,-2.6469,0.5757,0.9651,-0.1528,-0.2128,0.9980,117,33.193813,-2.6023,0.5677
BiancaGolden_CircleTurns,-459.9624,56.0907,202.9574,2.8956,-2.9301,0.5367,0.9638,-0.1478,-0.2219,0.9980,117,33.208141,-2.5996,0.5609
BiancaGolden_CircleTurns,-459.6602,55.3592,202.7589,2.9050,-3.4282,0.5063,0.9612,-0.1435,-0.2357,0.9980,118,33.221752,-2.5966,0.5536
BiancaGolden_CircleTurns,-459.3179,54.6115,202.6529,3.0250,-3.9341,0.5394,0.9583,-0.1408,-0.2488,0.9980,118,33.234913,-2.5932,0.5461
BiancaGolden_CircleTurns,-458.9564,53.8444,202.6328,3.1760,-4.4577,0.5727,0.9569,-0.1405,-0.2541,0.9980,119,33.250294,-2.5896,0.5384
BiancaGolden_CircleTurns,-458.6091,53.0650,202.5189,3.3039,-4.7982,0.6254,0.9550,-0.1389,-0.2619,0.9980,119,33.263889,-2.5861,0.5306
BiancaGolden_CircleTurns,-458.2175,52.2765,202.3968,3.3118,-5.2000,0.6524,0.9534,-0.1368,-0.2690,0.9980,119,33.278187,-2.5822,0.5228
BiancaGolden_CircleTurns,-457.7396,51.4728,202.5043,3.1358,-5.5901,0.6452,0.9543,-0.1282,-0.2699,0.9980,120,33.291698,-2.5774,0.5147
BiancaGolden_CircleTurns,-457.3347,50.7216,202.6743,2.7993,-5.7907,0.5579,0.9547,-0.1293,-0.2681,0.9980,120,33.305077,-2.5733,0.5072
BiancaGolden_CircleTurns,-457.0217,49.9451,202.6017,2.3405,-6.0656,0.3950,0.9527,-0.1389,-0.2703,0.9980,121,33.320065,-2.5702,0.4995
BiancaGolden_CircleTurns,-456.7567,49.1416,202.2981,2.0277,-6.4602,0.2103,0.9524,-0.1422,-0.2697,0.9980,121,33.333546,-2.5676,0.4914
BiancaGolden_CircleTurns,-456.5505,48.3692,201.9504,1.5885,-7.1229,-0.0411,0.9484,-0.1463,-0.2813,0.9980,122,33.347919,-2.5655,0.4837
BiancaGolden_CircleTurns,-456.3654,47.6206,201.7291,1.2046,-7.7611,-0.3491,0.9447,-0.1510,-0.2913,0.9980,122,33.361752,-2.5637,0.4762
BiancaGolden_CircleTurns,-456.1634,46.8672,201.6332,0.9036,-8.3234,-0.6867,0.9445,-0.1430,-0.2957,0.9980,122,33.376423,-2.5616,0.4687
BiancaGolden_CircleTurns,-455.9662,46.1630,201.6687,0.6890,-8.7371,-1.0908,0.9441,-0.1455,-0.2957,0.9980,123,33.389187,-2.5597,0.4616
BiancaGolden_CircleTurns,-455.8077,45.4897,201.7211,0.5563,-9.1497,-1.4090,0.9455,-0.1469,-0.2905,0.9980,123,33.402332,-2.5581,0.4549
BiancaGolden_CircleTurns,-455.6909,44.8576,201.6668,0.4028,-9.4163,-1.6391,0.9430,-0.1497,-0.2973,0.9980,124,33.418293,-2.5569,0.4486
BiancaGolden_CircleTurns,-455.6292,44.2656,201.5560,0.1603,-9.7957,-1.8466,0.9435,-0.1518,-0.2946,0.9980,124,33.431385,-2.5563,0.4427
BiancaGolden_CircleTurns,-455.5906,43.7006,201.4084,-0.0665,-10.1230,-1.9944,0.9416,-0.1543,-0.2992,0.9980,124,33.445518,-2.5559,0.4370
BiancaGolden_CircleTurns,-455.5459,43.1528,201.3126,-0.2463,-10.3819,-2.1266,0.9392,-0.1559,-0.3059,0.9980,125,33.459038,-2.5555,0.4315
BiancaGolden_CircleTurns,-455.4973,42.6292,201.2662,-0.3104,-10.5109,-2.2420,0.9393,-0.1530,-0.3070,0.9980,125,33.475464,-2.5550,0.4263
BiancaGolden_CircleTurns,-455.4827,42.1414,201.2247,-0.3082,-10.5764,-2.2626,0.9424,-0.1424,-0.3025,0.9980,126,33.487484,-2.5548,0.4214
BiancaGolden_CircleTurns,-455.4948,41.6867,201.1594,-0.3422,-10.7072,-2.2392,0.9411,-0.1408,-0.3074,0.9980,126,33.500195,-2.5549,0.4169
BiancaGolden_CircleTurns,-455.5794,41.2749,201.0798,-0.4147,-10.9768,-2.1705,0.9430,-0.1263,-0.3079,0.9980,127,33.515106,-2.5558,0.4127
BiancaGolden_CircleTurns,-455.6941,40.8827,200.9868,-0.4850,-11.3786,-2.1209,0.9436,-0.1214,-0.3081,0.9980,127,33.528027,-2.5569,0.4088
BiancaGolden_CircleTurns,-455.8266,40.5297,200.9242,-0.6062,-11.9021,-2.0895,0.9430,-0.1192,-0.3106,0.9980,127,33.542133,-2.5583,0.4053
BiancaGolden_CircleTurns,-455.9717,40.1831,200.8991,-0.8170,-12.4497,-2.0911,0.9408,-0.1184,-0.3176,0.9980,128,33.555412,-2.5597,0.4018
BiancaGolden_CircleTurns,-456.1387,39.8859,200.8875,-1.0017,-12.9636,-2.1173,0.9400,-0.1181,-0.3200,0.9980,128,33.569080,-2.5614,0.3989
BiancaGolden_CircleTurns,-456.3335,39.6177,200.8836,-1.1169,-13.4606,-2.1734,0.9376,-0.1188,-0.3269,0.9980,129,33.585011,-2.5633,0.3962
BiancaGolden_CircleTurns,-456.5422,39.3800,200.8760,-1.2348,-13.8664,-2.2360,0.9375,-0.1208,-0.3263,0.9980,129,33.598202,-2.5654,0.3938
BiancaGolden_CircleTurns,-456.7524,39.1580,200.8737,-1.3836,-14.2227,-2.3421,0.9411,-0.1249,-0.3143,0.9980,130,33.612411,-2.5675,0.3916
BiancaGolden_CircleTurns,-456.9774,38.9938,200.8951,-1.4675,-14.4425,-2.5799,0.9420,-0.1271,-0.3106,0.9980,130,33.625496,-2.5698,0.3899
BiancaGolden_CircleTurns,-457.1888,38.8119,200.9266,-1.5256,-14.7004,-2.7771,0.9406,-0.1317,-0.3130,0.9980,130,33.639996,-2.5719,0.3881
BiancaGolden_CircleTurns,-457.4386,38.6592,200.9204,-1.4121,-15.0470,-3.0480,0.9404,-0.1382,-0.3107,0.9980,131,33.653034,-2.5744,0.3866
BiancaGolden_CircleTurns,-457.6843,38.5383,200.8782,-1.3560,-15.5140,-3.3880,0.9356,-0.1454,-0.3218,0.9980,131,33.666203,-2.5768,0.3854
BiancaGolden_CircleTurns,-457.9473,38.4243,200.7907,-1.2513,-16.2152,-3.8479,0.9309,-0.1531,-0.3315,0.9980,132,33.680939,-2.5795,0.3842
BiancaGolden_CircleTurns,-458.2179,38.3271,200.6644,-1.0801,-17.0049,-4.3231,0.9260,-0.1577,-0.3430,0.9980,132,33.694439,-2.5822,0.3833
BiancaGolden_CircleTurns,-458.5682,38.2645,200.4524,-0.7387,-18.0004,-4.8401,0.9193,-0.1658,-0.3569,0.9980,132,33.709164,-2.5857,0.3826
BiancaGolden_CircleTurns,-458.9798,38.2477,200.2003,-0.3396,-18.9973,-5.3703,0.9116,-0.1736,-0.3726,0.9980,133,33.722511,-2.5898,0.3825
BiancaGolden_CircleTurns,-459.3524,38.2691,200.0558,-0.0112,-20.1275,-5.9281,0.9118,-0.1678,-0.3747,0.9980,133,33.735619,-2.5935,0.3827
BiancaGolden_CircleTurns,-459.6721,38.3205,200.0489,0.2018,-20.9305,-6.4583,0.9075,-0.1763,-0.3812,0.9980,134,33.750854,-2.5967,0.3832
BiancaGolden_CircleTurns,-459.9969,38.4163,200.0750,0.3339,-21.3391,-7.0149,0.9108,-0.1853,-0.3688,0.9980,134,33.764156,-2.6000,0.3842
BiancaGolden_CircleTurns,-460.3856,38.5379,199.9724,0.4935,-21.4673,-7.5466,0.9071,-0.2027,-0.3688,0.9980,134,33.778568,-2.6039,0.3854
BiancaGolden_CircleTurns,-460.8055,38.6632,199.8248,0.7781,-21.5091,-8.0362,0.9029,-0.2110,-0.3746,0.9980,135,33.792198,-2.6081,0.3866
BiancaGolden_CircleTurns,-461.1720,38.8047,199.7690,1.0601,-21.4814,-8.5057,0.9005,-0.2215,-0.3742,0.9980,135,33.805405,-2.6117,0.3880
BiancaGolden_CircleTurns,-461.4992,39.0139,199.8961,1.1556,-21.1584,-8.9237,0.9004,-0.2282,-0.3703,0.9980,136,33.821186,-2.6150,0.3901
BiancaGolden_CircleTurns,-461.7974,39.2329,200.0455,1.0777,-20.9623,-9.3517,0.9002,-0.2341,-0.3673,0.9980,136,33.833828,-2.6180,0.3923
BiancaGolden_CircleTurns,-462.1182,39.4771,200.1370,1.0059,-20.7509,-9.7067,0.9001,-0.2385,-0.3646,0.9980,137,33.848480,-2.6212,0.3948
BiancaGolden_CircleTurns,-462.4808,39.7326,200.1416,1.0091,-20.6380,-9.9712,0.9068,-0.2249,-0.3564,0.9980,137,33.861740,-2.6248,0.3973
BiancaGolden_CircleTurns,-462.8264,39.9957,200.1451,1.0861,-20.6373,-10.1963,0.9084,-0.2257,-0.3519,0.9980,137,33.876385,-2.6283,0.4000
BiancaGolden_CircleTurns,-463.1098,40.2746,200.2405,1.1012,-20.6790,-10.4646,0.9118,-0.2122,-0.3516,0.9980,138,33.889526,-2.6311,0.4027
BiancaGolden_CircleTurns,-463.3612,40.5602,200.3936,1.0341,-20.6214,-10.7109,0.9136,-0.2071,-0.3499,0.9980,138,33.903000,-2.6336,0.4056
BiancaGolden_CircleTurns,-463.5917,40.8554,200.5448,0.9547,-20.5095,-10.9030,0.9139,-0.2108,-0.3469,0.9980,139,33.917973,-2.6359,0.4086
BiancaGolden_CircleTurns,-463.8009,41.1610,200.6480,0.8856,-20.3043,-11.1160,0.9153,-0.2107,-0.3432,0.9980,139,33.931973,-2.6380,0.4116
BiancaGolden_CircleTurns,-464.0359,41.4635,200.7062,0.8362,-20.0259,-11.3246,0.9189,-0.2069,-0.3358,0.9980,140,33.945885,-2.6404,0.4146
BiancaGolden_CircleTurns,-464.2702,41.7571,200.7170,0.8535,-19.7304,-11.4934,0.9205,-0.2054,-0.3325,0.9980,140,33.959229,-2.6427,0.4176
BiancaGolden_CircleTurns,-464.4955,42.0358,200.7653,0.9517,-19.5022,-11.6476,0.9225,-0.1991,-0.3306,0.9980,140,33.977318,-2.6450,0.4204
BiancaGolden_CircleTurns,-464.7378,42.3102,200.8064,1.0955,-19.3689,-11.7743,0.9234,-0.1962,-0.3299,0.9980,141,33.987514,-2.6474,0.4231
BiancaGolden_CircleTurns,-464.9679,42.5801,200.8361,1.1971,-19.3161,-11.8845,0.9209,-0.1916,-0.3395,0.9980,141,34.002327,-2.6497,0.4258
BiancaGolden_CircleTurns,-465.1881,42.8275,200.8468,1.1920,-19.2907,-12.0051,0.9209,-0.1937,-0.3383,0.9980,142,34.018681,-2.6519,0.4283
BiancaGolden_CircleTurns,-465.3895,43.0404,200.8923,1.1240,-19.2162,-12.1306,0.9205,-0.1946,-0.3389,0.9980,142,34.031384,-2.6539,0.4304
BiancaGolden_CircleTurns,-465.5815,43.2246,200.9597,1.0908,-19.0649,-12.2799,0.9212,-0.1967,-0.3357,0.9980,142,34.044762,-2.6558,0.4322
BiancaGolden_CircleTurns,-465.7903,43.4027,201.0042,1.1089,-18.8668,-12.3975,0.9228,-0.1881,-0.3364,0.9980,143,34.057632,-2.6579,0.4340
BiancaGolden_CircleTurns,-466.0228,43.5477,201.0122,1.2193,-18.6574,-12.4672,0.9243,-0.1817,-0.3357,0.9980,143,34.070717,-2.6602,0.4355
BiancaGolden_CircleTurns,-466.2510,43.6815,201.0419,1.2976,-18.5429,-12.5026,0.9249,-0.1810,-0.3344,0.9980,144,34.085476,-2.6625,0.4368
BiancaGolden_CircleTurns,-466.4646,43.7298,201.1405,1.4602,-18.4674,-12.4396,0.9244,-0.1803,-0.3361,0.9980,144,34.099236,-2.6646,0.4373
BiancaGolden_CircleTurns,-466.6949,43.7502,201.2332,1.6183,-18.4150,-12.3961,0.9242,-0.1808,-0.3365,0.9980,145,34.113529,-2.6669,0.4375
BiancaGolden_CircleTurns,-466.9275,43.7656,201.2986,1.7753,-18.3457,-12.3394,0.9224,-0.1797,-0.3419,0.9980,145,34.126911,-2.6693,0.4377
BiancaGolden_CircleTurns,-467.1829,43.7444,201.3563,1.9394,-18.2892,-12.2752,0.9230,-0.1774,-0.3416,0.9980,145,34.140911,-2.6718,0.4374
BiancaGolden_CircleTurns,-467.4474,43.6876,201.4000,2.1575,-18.2615,-12.1726,0.9240,-0.1738,-0.3408,0.9980,146,34.154331,-2.6745,0.4369
BiancaGolden_CircleTurns,-467.7057,43.5892,201.4608,2.3439,-18.2047,-12.0528,0.9254,-0.1712,-0.3382,0.9980,146,34.167831,-2.6771,0.4359
BiancaGolden_CircleTurns,-467.9600,43.4331,201.5169,2.4111,-18.0463,-11.8774,0.9266,-0.1687,-0.3359,0.9980,147,34.182629,-2.6796,0.4343
BiancaGolden_CircleTurns,-468.2006,43.2550,201.5805,2.4272,-17.8331,-11.7125,0.9279,-0.1661,-0.3337,0.9980,147,34.196045,-2.6820,0.4326
BiancaGolden_CircleTurns,-468.4433,43.0574,201.6337,2.4345,-17.5550,-11.5320,0.9301,-0.1648,-0.3282,0.9980,147,34.210175,-2.6844,0.4306
BiancaGolden_CircleTurns,-468.6824,42.8212,201.6775,2.4109,-17.2239,-11.2746,0.9322,-0.1636,-0.3229,0.9980,148,34.223709,-2.6868,0.4282
BiancaGolden_CircleTurns,-468.9388,42.5545,201.7023,2.3082,-16.9088,-11.0421,0.9343,-0.1588,-0.3190,0.9980,148,34.236912,-2.6894,0.4255
BiancaGolden_CircleTurns,-469.1983,42.2752,201.7197,2.2114,-16.6577,-10.8164,0.9361,-0.1552,-0.3157,0.9980,149,34.251671,-2.6920,0.4228
BiancaGolden_CircleTurns,-469.4430,41.9278,201.7423,2.0431,-16.4615,-10.5890,0.9355,-0.1530,-0.3186,0.9980,149,34.265079,-2.6944,0.4193
BiancaGolden_CircleTurns,-469.7068,41.5788,201.7505,1.9462,-16.2697,-10.3746,0.9361,-0.1523,-0.3169,0.9980,150,34.280182,-2.6971,0.4158
BiancaGolden_CircleTurns,-469.9527,41.2019,201.7656,1.8654,-16.0880,-10.1813,0.9347,-0.1511,-0.3217,0.9980,150,34.293095,-2.6995,0.4120
BiancaGolden_CircleTurns,-470.1808,40.7909,201.7873,1.7907,-15.8726,-9.9791,0.9335,-0.1542,-0.3236,0.9980,150,34.307091,-2.7018,0.4079
BiancaGolden_CircleTurns,-470.3865,40.3691,201.8184,1.6294,-15.6083,-9.7762,0.9352,-0.1533,-0.3192,0.9980,151,34.320633,-2.7039,0.4037
BiancaGolden_CircleTurns,-470.5868,39.9195,201.8252,1.4565,-15.2969,-9.5803,0.9350,-0.1529,-0.3199,0.9980,151,34.333912,-2.7059,0.3992
BiancaGolden_CircleTurns,-470.7843,39.4233,201.7938,1.2855,-14.9887,-9.3182,0.9370,-0.1493,-0.3157,0.9980,152,34.348797,-2.7078,0.3942
BiancaGolden_CircleTurns,-470.9718,38.8929,201.7721,1.1987,-14.7323,-9.0924,0.9382,-0.1461,-0.3138,0.9980,152,34.362419,-2.7097,0.3889
BiancaGolden_CircleTurns,-471.1539,38.3485,201.7385,1.1703,-14.4947,-8.8412,0.9367,-0.1486,-0.3169,0.9980,152,34.376949,-2.7115,0.3835
BiancaGolden_CircleTurns,-471.3166,37.7546,201.6802,1.1401,-14.2739,-8.5571,0.9368,-0.1442,-0.3188,0.9980,153,34.390327,-2.7132,0.3775
BiancaGolden_CircleTurns,-471.4902,37.1333,201.5825,1.1330,-14.0610,-8.2591,0.9352,-0.1477,-0.3219,0.9980,153,34.403763,-2.7149,0.3713
BiancaGolden_CircleTurns,-471.6619,36.4896,201.5009,1.1982,-13.9023,-7.9151,0.9366,-0.1425,-0.3202,0.9980,154,34.418571,-2.7166,0.3649
BiancaGolden_CircleTurns,-471.8246,35.8086,201.4655,1.4434,-13.8053,-7.5749,0.9342,-0.1371,-0.3295,0.9980,154,34.432491,-2.7182,0.3581
BiancaGolden_CircleTurns,-471.9997,35.0399,201.4725,1.7801,-13.9022,-7.1750,0.9331,-0.1346,-0.3335,0.9980,155,34.446373,-2.7200,0.3504
BiancaGolden_CircleTurns,-472.1452,34.2624,201.4813,2.1431,-14.1574,-6.8339,0.9280,-0.1346,-0.3474,0.9980,155,34.460228,-2.7215,0.3426
BiancaGolden_CircleTurns,-472.2479,33.5193,201.5221,2.2068,-14.3875,-6.5410,0.9260,-0.1327,-0.3534,0.9980,155,34.477997,-2.7225,0.3352
BiancaGolden_CircleTurns,-472.3038,32.8042,201.6043,1.9863,-14.5519,-6.3359,0.9258,-0.1352,-0.3530,0.9980,156,34.490009,-2.7230,0.3280
BiancaGolden_CircleTurns,-472.3243,32.0483,201.6523,1.5724,-14.4982,-6.1842,0.9271,-0.1322,-0.3507,0.9980,156,34.500965,-2.7232,0.3205
BiancaGolden_CircleTurns,-472.3764,31.2405,201.5593,1.3458,-14.3514,-6.0207,0.9278,-0.1301,-0.3497,0.9980,157,34.516457,-2.7238,0.3124
BiancaGolden_CircleTurns,-472.3788,30.3870,201.4684,1.3404,-14.2398,-5.8618,0.9289,-0.1335,-0.3453,0.9980,157,34.529423,-2.7238,0.3039
BiancaGolden_CircleTurns,-472.3594,29.5475,201.4587,1.3697,-13.9882,-5.6838,0.9305,-0.1309,-0.3420,0.9980,157,34.543873,-2.7236,0.2955
BiancaGolden_CircleTurns,-472.3311,28.7260,201.4579,1.3464,-13.7852,-5.5205,0.9320,-0.1275,-0.3393,0.9980,158,34.557224,-2.7233,0.2873
BiancaGolden_CircleTurns,-472.3256,27.8887,201.3478,1.1909,-13.6109,-5.3265,0.9319,-0.1237,-0.3409,0.9980,158,34.570557,-2.7233,0.2789
BiancaGolden_CircleTurns,-472.3231,27.0270,201.1908,0.9623,-13.5421,-5.1429,0.9323,-0.1205,-0.3412,0.9980,159,34.585777,-2.7232,0.2703
BiancaGolden_CircleTurns,-472.3070,26.1626,201.0338,0.7240,-13.5578,-4.9739,0.9343,-0.1173,-0.3367,0.9980,159,34.599335,-2.7231,0.2616
BiancaGolden_CircleTurns,-472.2963,25.3292,200.9156,0.5157,-13.5610,-4.7961,0.9465,-0.0598,-0.3170,0.9980,160,34.613895,-2.7230,0.2533
BiancaGolden_CircleTurns,-472.2440,24.4909,200.8574,0.3012,-13.5435,-4.6546,0.9537,-0.0411,-0.2981,0.9980,160,34.627796,-2.7224,0.2449
BiancaGolden_CircleTurns,-472.2244,23.6872,200.7788,0.1429,-13.4640,-4.4815,0.9541,-0.0325,-0.2976,0.9980,160,34.641735,-2.7222,0.2369
BiancaGolden_CircleTurns,-472.2073,22.8724,200.6672,-0.0262,-13.5294,-4.2232,0.9536,-0.0312,-0.2994,0.9980,161,34.655247,-2.7221,0.2287
BiancaGolden_CircleTurns,-472.1755,22.0735,200.5529,-0.3108,-13.6150,-3.9779,0.9535,-0.0276,-0.3001,0.9980,161,34.668549,-2.7218,0.2207
BiancaGolden_CircleTurns,-472.1533,21.3127,200.4595,-0.7005,-13.7223,-3.7928,0.9527,-0.0254,-0.3029,0.9980,162,34.683506,-2.7215,0.2131
BiancaGolden_CircleTurns,-472.1623,20.5778,200.3414,-1.0882,-13.9058,-3.6925,0.9511,-0.0227,-0.3080,0.9980,162,34.697063,-2.7216,0.2058
BiancaGolden_CircleTurns,-472.1893,19.8742,200.2187,-1.3543,-14.1750,-3.5503,0.9487,-0.0228,-0.3153,0.9980,162,34.711723,-2.7219,0.1987
BiancaGolden_CircleTurns,-472.2059,19.1998,200.1578,-1.7275,-14.5686,-3.4077,0.9469,-0.0211,-0.3208,0.9980,163,34.725037,-2.7221,0.1920
BiancaGolden_CircleTurns,-472.1891,18.5603,200.1815,-2.2448,-14.9145,-3.2460,0.9472,-0.0213,-0.3199,0.9980,163,34.738541,-2.7219,0.1856
BiancaGolden_CircleTurns,-472.2500,18.0357,200.2501,-3.0462,-15.2418,-3.1916,0.9457,-0.0202,-0.3245,0.9980,164,34.753510,-2.7225,0.1804
BiancaGolden_CircleTurns,-472.3675,17.5388,200.2191,-3.9105,-15.5506,-3.1872,0.9433,-0.0215,-0.3312,0.9980,164,34.767956,-2.7237,0.1754
BiancaGolden_CircleTurns,-472.5557,17.0721,200.1846,-4.5955,-15.9724,-3.2617,0.9411,-0.0235,-0.3374,0.9980,165,34.781567,-2.7256,0.1707
BiancaGolden_CircleTurns,-472.7290,16.6342,200.2485,-4.8285,-16.3505,-3.3540,0.9419,-0.0249,-0.3351,0.9980,165,34.795135,-2.7273,0.1663
BiancaGolden_CircleTurns,-472.9048,16.2117,200.3785,-4.6826,-16.6091,-3.3746,0.9411,-0.0258,-0.3370,0.9980,165,34.809528,-2.7290,0.1621
BiancaGolden_CircleTurns,-473.1145,15.8998,200.5559,-4.4631,-16.7106,-3.4435,0.9425,-0.0298,-0.3329,0.9980,166,34.822945,-2.7311,0.1590
BiancaGolden_CircleTurns,-473.3198,15.6208,200.7027,-4.5343,-16.7040,-3.5459,0.9447,-0.0325,-0.3263,0.9980,166,34.836246,-2.7332,0.1562
BiancaGolden_CircleTurns,-473.5247,15.3858,200.8643,-4.5774,-16.5047,-3.6859,0.9469,-0.0357,-0.3196,0.9980,167,34.852188,-2.7352,0.1539
BiancaGolden_CircleTurns,-473.7401,15.1702,201.0071,-4.5883,-16.1643,-3.8516,0.9539,-0.0368,-0.2978,0.9980,167,34.864986,-2.7374,0.1517
BiancaGolden_CircleTurns,-474.0014,14.9876,201.1187,-4.5484,-15.7169,-4.0713,0.9561,-0.0406,-0.2901,0.9980,168,34.879143,-2.7400,0.1499
BiancaGolden_CircleTurns,-474.2578,14.8304,201.2395,-4.5762,-15.2638,-4.3786,0.9574,-0.0425,-0.2856,0.9980,168,34.892677,-2.7426,0.1483
BiancaGolden_CircleTurns,-474.5344,14.7045,201.3480,-4.6199,-14.8132,-4.7302,0.9580,-0.0478,-0.2828,0.9980,168,34.907009,-2.7453,0.1470
BiancaGolden_CircleTurns,-474.8405,14.6094,201.4124,-4.4926,-14.3999,-5.0601,0.9593,-0.0525,-0.2774,0.9980,169,34.920834,-2.7484,0.1461
BiancaGolden_CircleTurns,-475.1801,14.5596,201.4184,-4.2637,-14.0722,-5.3204,0.9604,-0.0521,-0.2737,0.9980,169,34.933899,-2.7518,0.1456
BiancaGolden_CircleTurns,-475.5075,14.5517,201.4190,-4.1510,-13.8396,-5.5351,0.9615,-0.0503,-0.2701,0.9980,170,34.948856,-2.7551,0.1455
BiancaGolden_CircleTurns,-475.8459,14.6084,201.4014,-4.2185,-13.6583,-5.7815,0.9623,-0.0501,-0.2672,0.9980,170,34.963047,-2.7585,0.1461
BiancaGolden_CircleTurns,-476.1762,14.6609,201.4188,-4.3581,-13.5136,-6.0167,0.9606,-0.0507,-0.2733,0.9980,171,34.980095,-2.7618,0.1466
BiancaGolden_CircleTurns,-476.4933,14.7680,201.4273,-4.4939,-13.4045,-6.3158,0.9586,-0.0541,-0.2797,0.9980,171,34.990784,-2.7649,0.1477
BiancaGolden_CircleTurns,-476.8108,14.8805,201.4340,-4.6241,-13.2881,-6.6332,0.9589,-0.0612,-0.2769,0.9980,171,35.004261,-2.7681,0.1488
BiancaGolden_CircleTurns,-477.1177,15.0409,201.4246,-4.7166,-13.1363,-7.0792,0.9593,-0.0626,-0.2754,0.9980,172,35.018051,-2.7712,0.1504
BiancaGolden_CircleTurns,-477.4070,15.2111,201.4315,-4.8501,-12.9939,-7.5258,0.9581,-0.0638,-0.2792,0.9980,172,35.030857,-2.7741,0.1521
BiancaGolden_CircleTurns,-477.6353,15.4480,201.5008,-5.0192,-12.7584,-8.0211,0.9589,-0.0709,-0.2748,0.9980,173,35.046146,-2.7764,0.1545
BiancaGolden_CircleTurns,-477.8304,15.6993,201.6159,-5.1095,-12.4941,-8.4573,0.9576,-0.0733,-0.2786,0.9980,173,35.059723,-2.7783,0.1570
BiancaGolden_CircleTurns,-478.0172,15.9696,201.7275,-5.1236,-12.1977,-8.8332,0.9571,-0.0738,-0.2802,0.9980,173,35.074032,-2.7802,0.1597
BiancaGolden_CircleTurns,-478.1813,16.2923,201.7810,-5.1687,-11.9479,-9.1817,0.9575,-0.0799,-0.2772,0.9980,174,35.088043,-2.7818,0.1629
BiancaGolden_CircleTurns,-478.3476,16.6234,201.7339,-5.2030,-11.7686,-9.5452,0.9573,-0.0780,-0.2782,0.9980,174,35.100513,-2.7835,0.1662
BiancaGolden_CircleTurns,-478.4526,16.9252,201.7032,-5.0795,-11.6288,-9.8713,0.9572,-0.0803,-0.2781,0.9980,175,35.115459,-2.7845,0.1693
BiancaGolden_CircleTurns,-478.5072,17.2076,201.7049,-4.7392,-11.4025,-10.1816,0.9585,-0.0768,-0.2747,0.9980,175,35.129471,-2.7851,0.1721
BiancaGolden_CircleTurns,-478.5660,17.5049,201.6608,-4.4570,-11.1585,-10.5292,0.9583,-0.0721,-0.2763,0.9980,175,35.143635,-2.7857,0.1750
BiancaGolden_CircleTurns,-478.6336,17.7961,201.4876,-4.2728,-10.8771,-10.8663,0.9592,-0.0775,-0.2720,0.9980,176,35.156685,-2.7863,0.1780
BiancaGolden_CircleTurns,-478.6901,18.0776,201.2942,-4.0606,-10.5944,-11.1523,0.9600,-0.0826,-0.2676,0.9980,176,35.170063,-2.7869,0.1808
BiancaGolden_CircleTurns,-478.7150,18.3786,201.0738,-3.8851,-10.3105,-11.4244,0.9593,-0.0830,-0.2698,0.9980,177,35.185116,-2.7872,0.1838
BiancaGolden_CircleTurns,-478.7479,18.6694,200.9029,-3.9167,-10.2050,-11.6650,0.9576,-0.0722,-0.2789,0.9980,177,35.198803,-2.7875,0.1867
BiancaGolden_CircleTurns,-478.7765,18.9523,200.7122,-3.9083,-10.2022,-11.8863,0.9565,-0.0745,-0.2820,0.9980,178,35.213223,-2.7878,0.1895
BiancaGolden_CircleTurns,-478.8334,19.2498,200.4912,-3.9116,-10.3714,-12.0490,0.9548,-0.0707,-0.2887,0.9980,178,35.226479,-2.7883,0.1925
BiancaGolden_CircleTurns,-478.8886,19.5527,200.2751,-3.9405,-10.5364,-12.1956,0.9502,-0.0644,-0.3048,0.9980,178,35.240833,-2.7889,0.1955
BiancaGolden_CircleTurns,-478.9839,19.8759,200.0736,-4.0646,-11.0034,-12.2360,0.9482,-0.0636,-0.3112,0.9980,179,35.254513,-2.7898,0.1988
BiancaGolden_CircleTurns,-479.0627,20.1761,199.9161,-4.1626,-11.4105,-12.2287,0.9454,-0.0518,-0.3217,0.9980,179,35.267696,-2.7906,0.2018
BiancaGolden_CircleTurns,-479.1531,20.4594,199.7809,-4.3012,-11.7485,-12.2710,0.9433,-0.0503,-0.3281,0.9980,180,35.282505,-2.7915,0.2046
BiancaGolden_CircleTurns,-479.2548,20.7251,199.6893,-4.4980,-12.0823,-12.3238,0.9428,-0.0464,-0.3301,0.9980,180,35.296017,-2.7925,0.2073
BiancaGolden_CircleTurns,-479.3505,20.9751,199.6672,-4.5896,-12.3577,-12.4111,0.9433,-0.0478,-0.3284,0.9980,180,35.310875,-2.7935,0.2098
BiancaGolden_CircleTurns,-479.4781,21.2403,199.6634,-4.6121,-12.5927,-12.4785,0.9430,-0.0482,-0.3294,0.9980,181,35.324020,-2.7948,0.2124
BiancaGolden_CircleTurns,-479.6168,21.5143,199.6388,-4.5839,-12.7521,-12.5079,0.9422,-0.0475,-0.3317,0.9980,181,35.337051,-2.7962,0.2151
BiancaGolden_CircleTurns,-479.7774,21.7981,199.5851,-4.4999,-12.8658,-12.4458,0.9432,-0.0376,-0.3300,0.9980,182,35.352039,-2.7978,0.2180
BiancaGolden_CircleTurns,-479.9301,22.0680,199.5648,-4.3081,-12.8914,-12.2315,0.9435,-0.0346,-0.3297,0.9980,182,35.365871,-2.7993,0.2207
BiancaGolden_CircleTurns,-480.0553,22.3164,199.5715,-4.1063,-12.8353,-12.0249,0.9460,-0.0255,-0.3230,0.9980,183,35.379883,-2.8006,0.2232
BiancaGolden_CircleTurns,-480.2245,22.5626,199.5567,-3.8989,-12.5797,-11.7673,0.9469,-0.0238,-0.3207,0.9980,183,35.393467,-2.8022,0.2256
BiancaGolden_CircleTurns,-480.4111,22.8217,199.5203,-3.7861,-12.4151,-11.6438,0.9507,-0.0239,-0.3091,0.9980,183,35.407761,-2.8041,0.2282
BiancaGolden_CircleTurns,-480.6057,23.0447,199.4844,-3.6494,-12.2330,-11.5567,0.9522,-0.0234,-0.3046,0.9980,184,35.421463,-2.8061,0.2304
BiancaGolden_CircleTurns,-480.7747,23.2437,199.4871,-3.4365,-11.9218,-11.4894,0.9541,-0.0351,-0.2974,0.9980,184,35.434425,-2.8077,0.2324
BiancaGolden_CircleTurns,-480.9567,23.4064,199.5405,-3.0877,-11.5986,-11.4107,0.9550,-0.0325,-0.2948,0.9980,185,35.449501,-2.8096,0.2341
BiancaGolden_CircleTurns,-481.2034,23.5581,199.6316,-2.7276,-11.3937,-11.2104,0.9544,-0.0287,-0.2973,0.9980,185,35.463032,-2.8120,0.2356
BiancaGolden_CircleTurns,-481.5346,23.7282,199.6812,-2.5260,-11.5109,-10.9678,0.9538,-0.0256,-0.2995,0.9980,186,35.480434,-2.8153,0.2373
BiancaGolden_CircleTurns,-481.8670,23.8744,199.7010,-2.4138,-11.6968,-10.7061,0.9515,-0.0310,-0.3062,0.9980,186,35.491264,-2.8187,0.2387
BiancaGolden_CircleTurns,-482.2244,24.0075,199.7496,-2.4585,-11.9544,-10.4618,0.9507,-0.0272,-0.3088,0.9980,186,35.504623,-2.8222,0.2401
BiancaGolden_CircleTurns,-482.5787,24.0982,199.8820,-2.5221,-12.1246,-10.2506,0.9493,-0.0264,-0.3131,0.9980,187,35.518867,-2.8258,0.2410
BiancaGolden_CircleTurns,-482.9265,24.1699,200.0599,-2.5450,-12.0707,-10.0174,0.9495,-0.0288,-0.3124,0.9980,187,35.531723,-2.8293,0.2417
BiancaGolden_CircleTurns,-483.3120,24.2126,200.1995,-2.4809,-11.9286,-9.8043,0.9490,-0.0284,-0.3140,0.9980,188,35.547733,-2.8331,0.2421
BiancaGolden_CircleTurns,-483.7210,24.2312,200.2821,-2.4038,-11.6988,-9.5500,0.9501,-0.0297,-0.3106,0.9980,188,35.560570,-2.8372,0.2423
BiancaGolden_CircleTurns,-484.1289,24.2202,200.3882,-2.3568,-11.5113,-9.3024,0.9513,-0.0314,-0.3065,0.9980,188,35.574406,-2.8413,0.2422
BiancaGolden_CircleTurns,-484.5256,24.1659,200.5247,-2.3152,-11.1696,-9.0357,0.9531,-0.0266,-0.3016,0.9980,189,35.587757,-2.8453,0.2417
BiancaGolden_CircleTurns,-484.9312,24.1051,200.6472,-2.1581,-10.8490,-8.7150,0.9549,-0.0230,-0.2961,0.9980,189,35.600979,-2.8493,0.2411
BiancaGolden_CircleTurns,-485.3495,23.9967,200.7466,-1.9543,-10.5560,-8.3153,0.9560,-0.0243,-0.2924,0.9980,190,35.617161,-2.8535,0.2400
BiancaGolden_CircleTurns,-485.7832,23.8562,200.8292,-1.7738,-10.2212,-7.9232,0.9548,-0.0243,-0.2964,0.9980,190,35.629585,-2.8578,0.2386
BiancaGolden_CircleTurns,-486.2397,23.6499,200.8966,-1.6961,-10.0272,-7.5411,0.9560,-0.0197,-0.2926,0.9980,190,35.644226,-2.8624,0.2365
BiancaGolden_CircleTurns,-486.6832,23.3902,200.9123,-1.5944,-9.7764,-7.2481,0.9567,-0.0285,-0.2898,0.9980,191,35.657665,-2.8668,0.2339
BiancaGolden_CircleTurns,-487.1530,23.0850,200.9076,-1.6103,-9.5638,-6.9814,0.9576,-0.0244,-0.2870,0.9980,191,35.670319,-2.8715,0.2308
BiancaGolden_CircleTurns,-487.6171,22.7482,200.8791,-1.6354,-9.3994,-6.7327,0.9569,-0.0238,-0.2895,0.9980,192,35.685696,-2.8762,0.2275
BiancaGolden_CircleTurns,-488.0764,22.3737,200.8310,-1.6853,-9.1997,-6.4823,0.9569,-0.0223,-0.2894,0.9980,192,35.698856,-2.8808,0.2237
BiancaGolden_CircleTurns,-488.5515,21.9781,200.7563,-1.8769,-9.0920,-6.2277,0.9571,-0.0311,-0.2880,0.9980,193,35.713364,-2.8855,0.2198
BiancaGolden_CircleTurns,-488.9984,21.5501,200.6710,-2.0908,-8.9815,-5.9760,0.9574,-0.0261,-0.2877,0.9980,193,35.727234,-2.8900,0.2155
BiancaGolden_CircleTurns,-489.4557,21.0775,200.6008,-2.3612,-8.9815,-5.7169,0.9571,-0.0217,-0.2891,0.9980,193,35.741543,-2.8946,0.2108
BiancaGolden_CircleTurns,-489.9138,20.5888,200.5220,-2.6396,-9.0492,-5.4911,0.9545,-0.0174,-0.2977,0.9980,194,35.754887,-2.8991,0.2059
BiancaGolden_CircleTurns,-490.3789,20.0513,200.4432,-2.8442,-9.2543,-5.2553,0.9513,-0.0148,-0.3080,0.9980,194,35.768044,-2.9038,0.2005
BiancaGolden_CircleTurns,-490.8213,19.5044,200.3819,-3.0296,-9.5862,-5.0423,0.9480,-0.0290,-0.3168,0.9980,195,35.782688,-2.9082,0.1950
BiancaGolden_CircleTurns,-491.2089,18.9089,200.4132,-3.2607,-9.8755,-4.8337,0.9472,-0.0271,-0.3194,0.9980,195,35.796310,-2.9121,0.1891
BiancaGolden_CircleTurns,-491.5696,18.3032,200.5333,-3.6685,-10.0524,-4.7872,0.9461,-0.0331,-0.3223,0.9980,195,35.810993,-2.9157,0.1830
BiancaGolden_CircleTurns,-491.9520,17.6897,200.5917,-4.2510,-10.1494,-4.8675,0.9453,-0.0340,-0.3243,0.9980,196,35.824120,-2.9195,0.1769
BiancaGolden_CircleTurns,-492.3624,17.0836,200.5230,-4.8535,-10.3012,-5.0199,0.9437,-0.0394,-0.3285,0.9980,196,35.837494,-2.9236,0.1708
BiancaGolden_CircleTurns,-492.7908,16.4972,200.3810,-5.6078,-10.5784,-5.3207,0.9422,-0.0434,-0.3323,0.9980,197,35.852592,-2.9279,0.1650
BiancaGolden_CircleTurns,-493.1652,15.9305,200.3032,-6.2936,-10.8422,-5.6783,0.9418,-0.0542,-0.3317,0.9980,197,35.866402,-2.9317,0.1593
BiancaGolden_CircleTurns,-493.5216,15.3757,200.3171,-7.0839,-11.0637,-6.0016,0.9410,-0.0586,-0.3332,0.9980,198,35.880871,-2.9352,0.1538
BiancaGolden_CircleTurns,-493.8664,14.9100,200.3223,-7.8921,-11.1951,-6.3944,0.9398,-0.0606,-0.3363,0.9980,198,35.894066,-2.9387,0.1491
BiancaGolden_CircleTurns,-494.2403,14.4322,200.2592,-8.3402,-11.4032,-6.5908,0.9431,-0.0535,-0.3282,0.9980,198,35.908249,-2.9424,0.1443
BiancaGolden_CircleTurns,-494.5771,13.9776,200.1508,-8.2314,-11.5124,-6.5295,0.9429,-0.0516,-0.3290,0.9980,199,35.921719,-2.9458,0.1398
BiancaGolden_CircleTurns,-494.8649,13.5443,200.0826,-7.9473,-11.5485,-6.3795,0.9436,-0.0452,-0.3279,0.9980,199,35.934872,-2.9486,0.1354
BiancaGolden_CircleTurns,-495.1260,13.1185,200.0287,-7.4864,-11.4920,-6.0470,0.9473,-0.0390,-0.3180,0.9980,200,35.950222,-2.9513,0.1312
BiancaGolden_CircleTurns,-495.3387,12.6938,199.9432,-7.1849,-11.3664,-5.7823,0.9489,-0.0334,-0.3137,0.9980,200,35.963730,-2.9534,0.1269
BiancaGolden_CircleTurns,-495.5742,12.2743,199.8011,-7.0582,-11.3097,-5.6293,0.9483,-0.0321,-0.3157,0.9980,201,35.980927,-2.9557,0.1227
BiancaGolden_CircleTurns,-495.8015,11.8593,199.6486,-6.9587,-11.4230,-5.5461,0.9471,-0.0289,-0.3197,0.9980,201,35.992100,-2.9580,0.1186
BiancaGolden_CircleTurns,-496.0216,11.4459,199.5143,-6.9765,-11.6641,-5.4705,0.9456,-0.0275,-0.3241,0.9980,201,36.005535,-2.9602,0.1145
BiancaGolden_CircleTurns,-496.2370,11.0994,199.4308,-7.2381,-11.9468,-5.4591,0.9450,-0.0231,-0.3261,0.9980,202,36.019302,-2.9624,0.1110
BiancaGolden_CircleTurns,-496.4464,10.7908,199.3486,-7.6271,-12.2267,-5.4251,0.9439,-0.0203,-0.3295,0.9980,202,36.032169,-2.9645,0.1079
BiancaGolden_CircleTurns,-496.6759,10.5266,199.2450,-7.9781,-12.4537,-5.3208,0.9433,-0.0181,-0.3314,0.9980,203,36.047379,-2.9668,0.1053
BiancaGolden_CircleTurns,-496.9116,10.2836,199.1286,-8.2145,-12.6454,-5.2111,0.9439,-0.0190,-0.3297,0.9980,203,36.060886,-2.9691,0.1028
BiancaGolden_CircleTurns,-497.1556,10.0713,199.0364,-8.3722,-12.8002,-5.1432,0.9436,-0.0187,-0.3307,0.9980,203,36.075127,-2.9716,0.1007
BiancaGolden_CircleTurns,-497.3793,9.8746,198.9932,-8.5160,-12.8696,-5.1412,0.9435,-0.0197,-0.3307,0.9980,204,36.088940,-2.9738,0.0987
BiancaGolden_CircleTurns,-497.5893,9.7130,198.9931,-8.7155,-12.8848,-5.2271,0.9449,-0.0278,-0.3262,0.9980,204,36.102264,-2.9759,0.0971
BiancaGolden_CircleTurns,-497.7894,9.5817,199.0254,-8.9356,-12.8484,-5.3860,0.9445,-0.0323,-0.3269,0.9980,205,36.117489,-2.9779,0.0958
BiancaGolden_CircleTurns,-497.9762,9.4918,199.1206,-9.1407,-12.8708,-5.6080,0.9444,-0.0356,-0.3268,0.9980,205,36.130672,-2.9798,0.0949
BiancaGolden_CircleTurns,-498.1741,9.4669,199.2528,-9.2943,-12.8706,-5.8231,0.9439,-0.0355,-0.3282,0.9980,205,36.144958,-2.9817,0.0947
BiancaGolden_CircleTurns,-498.4276,9.5246,199.3563,-9.3532,-13.0302,-5.9871,0.9427,-0.0363,-0.3318,0.9980,206,36.158672,-2.9843,0.0952
BiancaGolden_CircleTurns,-498.6717,9.5918,199.4000,-9.2279,-13.2391,-6.0328,0.9426,-0.0310,-0.3325,0.9980,206,36.172165,-2.9867,0.0959
BiancaGolden_CircleTurns,-498.8979,9.6755,199.5004,-8.9484,-13.3956,-6.0358,0.9424,-0.0325,-0.3330,0.9980,207,36.186695,-2.9890,0.0968
BiancaGolden_CircleTurns,-499.1011,9.7979,199.6840,-8.5964,-13.4000,-6.0861,0.9441,-0.0345,-0.3278,0.9980,207,36.200428,-2.9910,0.0980
BiancaGolden_CircleTurns,-499.3063,9.9583,199.8646,-8.2646,-13.2629,-6.2149,0.9455,-0.0378,-0.3233,0.9980,208,36.215267,-2.9931,0.0996
BiancaGolden_CircleTurns,-499.5305,10.1385,199.9993,-7.8781,-13.1675,-6.3309,0.9464,-0.0395,-0.3205,0.9980,208,36.228394,-2.9953,0.1014
BiancaGolden_CircleTurns,-499.7528,10.3508,200.1373,-7.4533,-13.0981,-6.4165,0.9467,-0.0408,-0.3194,0.9980,208,36.242626,-2.9975,0.1035
BiancaGolden_CircleTurns,-499.9561,10.5857,200.3004,-6.9900,-13.0008,-6.4426,0.9469,-0.0422,-0.3188,0.9980,209,36.256138,-2.9996,0.1059
BiancaGolden_CircleTurns,-500.1700,10.8384,200.4385,-6.5543,-12.9322,-6.4771,0.9477,-0.0399,-0.3166,0.9980,209,36.269119,-3.0017,0.1084
BiancaGolden_CircleTurns,-500.3954,11.1102,200.5534,-6.1363,-12.8436,-6.4765,0.9478,-0.0385,-0.3165,0.9980,210,36.284245,-3.0040,0.1111
BiancaGolden_CircleTurns,-500.6263,11.4142,200.6500,-5.7433,-12.7794,-6.4659,0.9483,-0.0405,-0.3149,0.9980,210,36.298130,-3.0063,0.1141
BiancaGolden_CircleTurns,-500.8279,11.7401,200.7411,-5.4570,-12.6625,-6.5230,0.9490,-0.0410,-0.3127,0.9980,210,36.312202,-3.0083,0.1174
BiancaGolden_CircleTurns,-501.0239,12.0813,200.8217,-5.2043,-12.5102,-6.6442,0.9498,-0.0418,-0.3100,0.9980,211,36.325760,-3.0102,0.1208
BiancaGolden_CircleTurns,-501.2067,12.4215,200.9032,-4.9324,-12.3393,-6.7538,0.9510,-0.0465,-0.3058,0.9980,211,36.339161,-3.0121,0.1242
BiancaGolden_CircleTurns,-501.3658,12.7887,200.9586,-4.6719,-12.2016,-6.8904,0.9507,-0.0509,-0.3059,0.9980,212,36.354202,-3.0137,0.1279
BiancaGolden_CircleTurns,-501.4996,13.1554,201.0115,-4.4819,-12.0509,-7.0177,0.9512,-0.0540,-0.3037,0.9980,212,36.367661,-3.0150,0.1316
BiancaGolden_CircleTurns,-501.6001,13.5576,201.0673,-4.4475,-11.9187,-7.1912,0.9482,-0.0546,-0.3129,0.9980,213,36.382195,-3.0160,0.1356
BiancaGolden_CircleTurns,-501.6837,13.9555,201.1208,-4.4093,-11.8304,-7.3543,0.9475,-0.0553,-0.3148,0.9980,213,36.395958,-3.0168,0.1396
BiancaGolden_CircleTurns,-501.7444,14.4030,201.1261,-4.3810,-11.7135,-7.5068,0.9480,-0.0469,-0.3148,0.9980,213,36.409851,-3.0174,0.1440
BiancaGolden_CircleTurns,-501.8155,14.8541,201.0906,-4.2629,-11.6649,-7.6437,0.9474,-0.0491,-0.3163,0.9980,214,36.423767,-3.0182,0.1485
BiancaGolden_CircleTurns,-501.8178,15.3447,201.0895,-4.1983,-11.7470,-7.7729,0.9178,-0.0412,-0.3948,0.9980,214,36.436726,-3.0182,0.1534
BiancaGolden_CircleTurns,-501.7781,15.8720,201.1771,-4.2101,-11.7164,-7.9313,0.8819,-0.2339,-0.4093,0.9980,215,36.452026,-3.0178,0.1587
BiancaGolden_CircleTurns,-501.7167,16.4795,201.3341,-4.3039,-11.8656,-7.9459,0.8982,-0.2503,-0.3613,0.9980,215,36.465637,-3.0172,0.1648
BiancaGolden_CircleTurns,-501.6358,17.0545,201.4446,-4.2449,-11.8552,-7.8805,0.8992,-0.2482,-0.3602,0.9980,216,36.482735,-3.0164,0.1705
BiancaGolden_CircleTurns,-501.5667,17.6300,201.5618,-3.9706,-11.8251,-7.6952,0.9015,-0.2544,-0.3500,0.9980,216,36.493549,-3.0157,0.1763
BiancaGolden_CircleTurns,-501.4915,18.2254,201.6309,-3.5443,-11.8070,-7.5690,0.9023,-0.2548,-0.3478,0.9980,216,36.507092,-3.0149,0.1823
BiancaGolden_CircleTurns,-501.4125,18.8032,201.6594,-3.1570,-11.7303,-7.5217,0.9029,-0.2560,-0.3452,0.9980,217,36.521397,-3.0141,0.1880
BiancaGolden_CircleTurns,-501.3514,19.3775,201.7052,-2.6804,-11.6380,-7.5099,0.9029,-0.2579,-0.3439,0.9980,217,36.534103,-3.0135,0.1938
BiancaGolden_CircleTurns,-501.2930,19.9527,201.7430,-2.1591,-11.6103,-7.5201,0.9029,-0.2588,-0.3431,0.9980,218,36.549088,-3.0129,0.1995
BiancaGolden_CircleTurns,-501.2584,20.5193,201.7808,-1.6735,-11.6278,-7.5231,0.8930,-0.2181,-0.3937,0.9980,218,36.563126,-3.0126,0.2052
BiancaGolden_CircleTurns,-501.2695,21.0918,201.7898,-1.1848,-11.7644,-7.5084,0.9063,-0.1444,-0.3973,0.9980,218,36.577236,-3.0127,0.2109
BiancaGolden_CircleTurns,-501.3096,21.6591,201.7150,-0.8678,-11.9681,-7.5046,0.9211,-0.1402,-0.3631,0.9980,219,36.590656,-3.0131,0.2166
BiancaGolden_CircleTurns,-501.3334,22.2034,201.6441,-0.5658,-12.0830,-7.4920,0.9298,-0.0594,-0.3633,0.9980,219,36.603951,-3.0133,0.2220
BiancaGolden_CircleTurns,-501.3466,22.7241,201.5824,-0.1715,-12.1539,-7.5017,0.9250,-0.0594,-0.3752,0.9980,220,36.618839,-3.0135,0.2272
BiancaGolden_CircleTurns,-501.3331,23.2257,201.5349,0.1667,-12.0182,-7.4871,0.9259,-0.0655,-0.3720,0.9980,220,36.632557,-3.0133,0.2323
BiancaGolden_CircleTurns,-501.3201,23.7144,201.4831,0.4855,-11.7937,-7.4992,0.9283,-0.0736,-0.3645,0.9980,221,36.647156,-3.0132,0.2371
BiancaGolden_CircleTurns,-501.3383,24.1690,201.4295,0.7978,-11.5384,-7.4411,0.9293,-0.0726,-0.3621,0.9980,221,36.660885,-3.0134,0.2417
BiancaGolden_CircleTurns,-501.3859,24.5803,201.3979,1.0677,-11.3264,-7.3208,0.9630,-0.0704,-0.2603,0.9980,221,36.675415,-3.0139,0.2458
BiancaGolden_CircleTurns,-501.4552,24.9947,201.3484,1.3893,-11.2322,-7.2013,0.9720,-0.0677,-0.2252,0.9980,222,36.688847,-3.0146,0.2499
BiancaGolden_CircleTurns,-501.5601,25.3689,201.3101,1.7340,-11.2309,-7.0165,0.9719,-0.0638,-0.2264,0.9980,222,36.701878,-3.0156,0.2537
BiancaGolden_CircleTurns,-501.7019,25.7064,201.2703,2.1367,-11.2790,-6.7740,0.9687,-0.0571,-0.2417,0.9980,223,36.716877,-3.0170,0.2571
BiancaGolden_CircleTurns,-501.8714,26.0278,201.2096,2.4962,-11.3612,-6.5157,0.9685,-0.0564,-0.2424,0.9980,223,36.730751,-3.0187,0.2603
BiancaGolden_CircleTurns,-502.0561,26.3212,201.1466,2.8075,-11.3915,-6.2646,0.9688,-0.0515,-0.2424,0.9980,223,36.745411,-3.0206,0.2632
BiancaGolden_CircleTurns,-502.2765,26.5604,201.0883,3.0552,-11.3765,-5.9669,0.9685,-0.0593,-0.2418,0.9980,224,36.758472,-3.0228,0.2656
BiancaGolden_CircleTurns,-502.4948,26.7798,201.0638,3.1780,-11.3623,-5.7688,0.9689,-0.0572,-0.2409,0.9980,224,36.771809,-3.0249,0.2678
BiancaGolden_CircleTurns,-502.7485,26.9710,201.0700,3.2053,-11.3076,-5.6387,0.9676,-0.0574,-0.2458,0.9980,225,36.786674,-3.0275,0.2697
BiancaGolden_CircleTurns,-503.0436,27.1396,201.0936,3.1403,-11.3066,-5.5392,0.9666,-0.0579,-0.2496,0.9980,225,36.800606,-3.0304,0.2714
BiancaGolden_CircleTurns,-503.3841,27.2714,201.1012,2.9899,-11.3756,-5.4594,0.9650,-0.0627,-0.2548,0.9980,226,36.814739,-3.0338,0.2727
BiancaGolden_CircleTurns,-503.7702,27.3989,201.1101,2.8635,-11.5351,-5.3721,0.9646,-0.0605,-0.2568,0.9980,226,36.828678,-3.0377,0.2740
BiancaGolden_CircleTurns,-504.1429,27.5229,201.1558,2.7433,-11.6840,-5.2512,0.9613,-0.0631,-0.2682,0.9980,226,36.842815,-3.0414,0.2752
BiancaGolden_CircleTurns,-504.5528,27.6043,201.2439,2.6375,-11.8225,-5.0627,0.9614,-0.0598,-0.2685,0.9980,227,36.855991,-3.0455,0.2760
BiancaGolden_CircleTurns,-504.9610,27.6835,201.3367,2.5528,-11.8433,-4.8730,0.9630,-0.0627,-0.2623,0.9980,227,36.869232,-3.0496,0.2768
BiancaGolden_CircleTurns,-505.3744,27.7281,201.4591,2.4974,-11.7458,-4.6482,0.9641,-0.0644,-0.2575,0.9980,228,36.884510,-3.0537,0.2773
BiancaGolden_CircleTurns,-505.8039,27.7516,201.6198,2.4577,-11.4747,-4.4210,0.9636,-0.0650,-0.2592,0.9980,228,36.898178,-3.0580,0.2775
BiancaGolden_CircleTurns,-506.2471,27.7622,201.7752,2.4411,-11.1946,-4.2077,0.9646,-0.0612,-0.2564,0.9980,229,36.912422,-3.0625,0.2776
BiancaGolden_CircleTurns,-506.7083,27.7590,201.9135,2.4600,-10.9179,-3.9735,0.9662,-0.0579,-0.2510,0.9980,229,36.925644,-3.0671,0.2776
BiancaGolden_CircleTurns,-507.2032,27.7142,202.0323,2.4911,-10.6045,-3.7551,0.9661,-0.0614,-0.2506,0.9980,229,36.940063,-3.0720,0.2771
BiancaGolden_CircleTurns,-507.7173,27.6499,202.1432,2.5191,-10.3233,-3.5436,0.9670,-0.0586,-0.2481,0.9980,230,36.953499,-3.0772,0.2765
BiancaGolden_CircleTurns,-508.2051,27.5677,202.2748,2.5881,-10.0181,-3.3058,0.9686,-0.0585,-0.2417,0.9980,230,36.973289,-3.0821,0.2757
BiancaGolden_CircleTurns,-508.7024,27.4509,202.3952,2.6830,-9.6512,-3.0193,0.9695,-0.0563,-0.2384,0.9980,231,36.982822,-3.0870,0.2745
BiancaGolden_CircleTurns,-509.1810,27.3028,202.4962,2.7825,-9.1795,-2.7127,0.9712,-0.0563,-0.2313,0.9980,231,36.996994,-3.0918,0.2730
BiancaGolden_CircleTurns,-509.6530,27.1432,202.5872,2.8664,-8.7674,-2.4421,0.9732,-0.0517,-0.2242,0.9980,231,37.011833,-3.0965,0.2714
BiancaGolden_CircleTurns,-510.1214,26.9521,202.6664,2.9011,-8.3492,-2.1650,0.9749,-0.0482,-0.2172,0.9980,232,37.024857,-3.1012,0.2695
BiancaGolden_CircleTurns,-510.5914,26.7270,202.7124,3.0131,-7.9389,-1.9454,0.9761,-0.0444,-0.2128,0.9980,232,37.037415,-3.1059,0.2673
BiancaGolden_CircleTurns,-511.0434,26.4711,202.7880,3.1466,-7.6825,-1.6999,0.9723,-0.0483,-0.2285,0.9980,233,37.052334,-3.1104,0.2647
BiancaGolden_CircleTurns,-511.4637,26.1826,202.8886,3.2866,-7.4049,-1.4569,0.9710,-0.0460,-0.2347,0.9980,233,37.065296,-3.1146,0.2618
BiancaGolden_CircleTurns,-511.9047,25.8604,202.9942,3.3312,-7.2986,-1.2793,0.9713,-0.0432,-0.2338,0.9980,234,37.079769,-3.1190,0.2586
BiancaGolden_CircleTurns,-512.3654,25.5150,203.0110,3.3481,-7.2520,-1.1232,0.9707,-0.0406,-0.2369,0.9980,234,37.092812,-3.1237,0.2552
BiancaGolden_CircleTurns,-512.8335,25.1268,203.0191,3.3453,-7.4322,-0.9679,0.9658,-0.0547,-0.2533,0.9980,234,37.107105,-3.1283,0.2513
BiancaGolden_CircleTurns,-513.2821,24.7239,203.0464,3.3612,-7.6365,-0.8714,0.9629,-0.0610,-0.2630,0.9980,235,37.120522,-3.1328,0.2472
BiancaGolden_CircleTurns,-513.7264,24.2962,203.1389,3.2738,-8.0001,-0.8444,0.9613,-0.0657,-0.2675,0.9980,235,37.133530,-3.1373,0.2430
BiancaGolden_CircleTurns,-514.1613,23.8672,203.1799,3.1670,-8.1861,-0.8315,0.9596,-0.0722,-0.2720,0.9980,236,37.148685,-3.1416,0.2387
BiancaGolden_CircleTurns,-514.5924,23.4198,203.1617,2.9715,-8.3487,-0.9185,0.9591,-0.0721,-0.2736,0.9980,236,37.162247,-3.1459,0.2342
BiancaGolden_CircleTurns,-515.0257,22.9598,203.1391,2.8025,-8.4302,-0.9386,0.9592,-0.0733,-0.2731,0.9980,236,37.176529,-3.1503,0.2296
BiancaGolden_CircleTurns,-515.4526,22.5163,203.0990,2.5422,-8.4853,-1.0038,0.9589,-0.0734,-0.2742,0.9980,237,37.189919,-3.1545,0.2252
BiancaGolden_CircleTurns,-515.8589,22.0567,203.1032,2.2462,-8.5350,-1.0485,0.9579,-0.0761,-0.2770,0.9980,237,37.203079,-3.1586,0.2206
BiancaGolden_CircleTurns,-516.2806,21.6076,203.1053,2.0037,-8.5909,-1.0662,0.9571,-0.0695,-0.2815,0.9980,238,37.217930,-3.1628,0.2161
BiancaGolden_CircleTurns,-516.7143,21.1450,203.0562,1.7406,-8.7372,-1.0894,0.9581,-0.0665,-0.2787,0.9980,238,37.231449,-3.1671,0.2114
BiancaGolden_CircleTurns,-517.1676,20.6783,202.9352,1.5529,-8.9560,-1.0803,0.9568,-0.0658,-0.2833,0.9980,238,37.245667,-3.1717,0.2068
BiancaGolden_CircleTurns,-517.6000,20.2238,202.8187,1.3161,-9.2185,-1.0709,0.9558,-0.0670,-0.2863,0.9980,239,37.259541,-3.1760,0.2022
BiancaGolden_CircleTurns,-518.0285,19.7682,202.7141,1.0644,-9.4372,-1.0546,0.9549,-0.0658,-0.2895,0.9980,239,37.272732,-3.1803,0.1977
BiancaGolden_CircleTurns,-518.4277,19.3263,202.6276,0.8586,-9.6148,-1.0493,0.9557,-0.0652,-0.2870,0.9980,240,37.287579,-3.1843,0.1933
BiancaGolden_CircleTurns,-518.8308,18.8886,202.5185,0.6867,-9.7493,-1.0388,0.9555,-0.0645,-0.2878,0.9980,240,37.300911,-3.1883,0.1889
BiancaGolden_CircleTurns,-519.2307,18.4591,202.4002,0.5517,-9.8571,-1.0131,0.9551,-0.0637,-0.2892,0.9980,241,37.315002,-3.1923,0.1846
BiancaGolden_CircleTurns,-519.6163,18.0441,202.2892,0.4463,-9.9481,-0.9817,0.9547,-0.0625,-0.2909,0.9980,241,37.328423,-3.1962,0.1804
BiancaGolden_CircleTurns,-519.9971,17.6237,202.1921,0.3685,-10.0466,-0.9188,0.9561,-0.0614,-0.2864,0.9980,241,37.343178,-3.2000,0.1762
BiancaGolden_CircleTurns,-520.3446,17.2111,202.1134,0.3354,-10.1426,-0.8561,0.9570,-0.0586,-0.2839,0.9980,242,37.356335,-3.2034,0.1721
BiancaGolden_CircleTurns,-520.7079,16.8224,202.0316,0.2917,-10.2259,-0.7951,0.9569,-0.0550,-0.2853,0.9980,242,37.369839,-3.2071,0.1682
BiancaGolden_CircleTurns,-521.0644,16.4697,201.9291,0.1765,-10.2989,-0.7660,0.9561,-0.0521,-0.2884,0.9980,243,37.384487,-3.2106,0.1647
BiancaGolden_CircleTurns,-521.4255,16.1361,201.8012,0.0457,-10.3622,-0.7473,0.9561,-0.0468,-0.2894,0.9980,243,37.398029,-3.2143,0.1614
BiancaGolden_CircleTurns,-521.7873,15.8279,201.6757,-0.0777,-10.4072,-0.7122,0.9558,-0.0461,-0.2904,0.9980,244,37.412437,-3.2179,0.1583
BiancaGolden_CircleTurns,-522.1284,15.5185,201.5822,-0.1958,-10.4669,-0.6868,0.9562,-0.0444,-0.2892,0.9980,244,37.426353,-3.2213,0.1552
BiancaGolden_CircleTurns,-522.4649,15.2350,201.5429,-0.3609,-10.5000,-0.6836,0.9574,-0.0441,-0.2853,0.9980,244,37.440247,-3.2246,0.1524
BiancaGolden_CircleTurns,-522.7959,14.9956,201.5364,-0.5171,-10.5340,-0.6814,0.9583,-0.0483,-0.2817,0.9980,245,37.453724,-3.2280,0.1500
BiancaGolden_CircleTurns,-523.1524,14.7796,201.4992,-0.6417,-10.6168,-0.6748,0.9575,-0.0482,-0.2844,0.9980,245,37.470318,-3.2315,0.1478
BiancaGolden_CircleTurns,-523.5120,14.6115,201.4702,-0.8159,-10.7715,-0.6733,0.9566,-0.0489,-0.2872,0.9980,246,37.484367,-3.2351,0.1461
BiancaGolden_CircleTurns,-523.8507,14.4309,201.4912,-1.0005,-10.9308,-0.6921,0.9559,-0.0494,-0.2896,0.9980,246,37.496853,-3.2385,0.1443
BiancaGolden_CircleTurns,-524.1762,14.2813,201.5655,-1.1972,-11.0706,-0.7429,0.9566,-0.0522,-0.2867,0.9980,246,37.511250,-3.2418,0.1428
BiancaGolden_CircleTurns,-524.5017,14.1408,201.6560,-1.4075,-11.1895,-0.8076,0.9571,-0.0558,-0.2844,0.9980,247,37.524311,-3.2450,0.1414
BiancaGolden_CircleTurns,-524.8475,14.0543,201.7476,-1.5823,-11.2612,-0.9033,0.9582,-0.0570,-0.2805,0.9980,247,37.537300,-3.2485,0.1405
BiancaGolden_CircleTurns,-525.1892,13.9889,201.8153,-1.6732,-11.3025,-0.9528,0.9594,-0.0576,-0.2762,0.9980,248,37.552364,-3.2519,0.1399
BiancaGolden_CircleTurns,-525.5465,13.9457,201.8981,-1.6007,-11.2776,-0.9754,0.9602,-0.0534,-0.2740,0.9980,248,37.565815,-3.2555,0.1395
BiancaGolden_CircleTurns,-525.8774,13.9157,202.0119,-1.5029,-11.1569,-0.9595,0.9618,-0.0537,-0.2684,0.9980,249,37.580212,-3.2588,0.1392
BiancaGolden_CircleTurns,-526.1954,13.8990,202.1458,-1.3126,-10.8672,-0.9610,0.9609,-0.0535,-0.2716,0.9980,249,37.593830,-3.2620,0.1390
BiancaGolden_CircleTurns,-526.5112,13.8933,202.2502,-1.1535,-10.5120,-0.9758,0.9627,-0.0548,-0.2651,0.9980,249,37.608025,-3.2651,0.1389
BiancaGolden_CircleTurns,-526.8164,13.8722,202.3409,-0.9495,-10.1339,-1.0346,0.9638,-0.0550,-0.2608,0.9980,250,37.621422,-3.2682,0.1387
BiancaGolden_CircleTurns,-527.1317,13.8582,202.4173,-0.7693,-9.8082,-1.0936,0.9664,-0.0576,-0.2506,0.9980,250,37.634365,-3.2713,0.1386
BiancaGolden_CircleTurns,-527.4167,13.8640,202.4862,-0.6703,-9.4552,-1.2393,0.9667,-0.0667,-0.2471,0.9980,251,37.649384,-3.2742,0.1386
BiancaGolden_CircleTurns,-527.6996,13.8822,202.5365,-0.6648,-9.1398,-1.4456,0.9676,-0.0707,-0.2424,0.9980,251,37.662594,-3.2770,0.1388
BiancaGolden_CircleTurns,-527.9671,13.9211,202.5832,-0.6534,-8.8657,-1.7008,0.9682,-0.0747,-0.2387,0.9980,251,37.677082,-3.2797,0.1392
BiancaGolden_CircleTurns,-528.2174,13.9663,202.6318,-0.6700,-8.6476,-1.9414,0.9684,-0.0755,-0.2376,0.9980,252,37.690430,-3.2822,0.1397
BiancaGolden_CircleTurns,-528.4639,14.0237,202.6878,-0.6496,-8.4257,-2.1621,0.9650,-0.0755,-0.2510,0.9980,252,37.703995,-3.2846,0.1402
BiancaGolden_CircleTurns,-528.6634,14.1174,202.7253,-0.6950,-8.3263,-2.4592,0.9651,-0.0781,-0.2498,0.9980,253,37.719070,-3.2866,0.1412
BiancaGolden_CircleTurns,-528.8458,14.2290,202.7535,-0.7280,-8.2584,-2.7234,0.9655,-0.0763,-0.2489,0.9980,253,37.732132,-3.2885,0.1423
BiancaGolden_CircleTurns,-529.0310,14.3402,202.7889,-0.7274,-8.2047,-2.9599,0.9649,-0.0801,-0.2502,0.9980,254,37.746437,-3.2903,0.1434
BiancaGolden_CircleTurns,-529.1999,14.4641,202.7827,-0.6963,-8.2810,-3.1825,0.9623,-0.0819,-0.2595,0.9980,254,37.760353,-3.2920,0.1446
BiancaGolden_CircleTurns,-529.3592,14.6046,202.7659,-0.6349,-8.3827,-3.4061,0.9602,-0.0840,-0.2665,0.9980,254,37.774181,-3.2936,0.1460
BiancaGolden_CircleTurns,-529.4878,14.7481,202.7768,-0.5787,-8.5637,-3.6537,0.9591,-0.0867,-0.2696,0.9980,255,37.788071,-3.2949,0.1475
BiancaGolden_CircleTurns,-529.5876,14.9000,202.8368,-0.5624,-8.6816,-3.9223,0.9566,-0.0874,-0.2781,0.9980,255,37.801655,-3.2959,0.1490
BiancaGolden_CircleTurns,-529.6722,15.0727,202.8731,-0.5597,-8.7982,-4.2828,0.9567,-0.0828,-0.2791,0.9980,256,37.815895,-3.2967,0.1507
BiancaGolden_CircleTurns,-529.7591,15.2426,202.8509,-0.4892,-8.8615,-4.5917,0.9571,-0.0812,-0.2781,0.9980,256,37.829327,-3.2976,0.1524
BiancaGolden_CircleTurns,-529.8273,15.4502,202.8134,-0.3833,-8.9315,-4.9370,0.9560,-0.0867,-0.2801,0.9980,256,37.843754,-3.2983,0.1545
BiancaGolden_CircleTurns,-529.8762,15.6589,202.7935,-0.2769,-9.0479,-5.2478,0.9561,-0.0886,-0.2794,0.9980,257,37.857624,-3.2988,0.1566
BiancaGolden_CircleTurns,-529.9133,15.8981,202.7866,-0.1720,-9.1576,-5.5480,0.9562,-0.0845,-0.2802,0.9980,257,37.870369,-3.2991,0.1590
BiancaGolden_CircleTurns,-529.9505,16.1583,202.7601,-0.1030,-9.3412,-5.8072,0.9550,-0.0866,-0.2836,0.9980,258,37.885208,-3.2995,0.1616
BiancaGolden_CircleTurns,-529.9999,16.4405,202.6613,0.0031,-9.5603,-6.0131,0.9535,-0.0855,-0.2890,0.9980,258,37.899567,-3.3000,0.1644
BiancaGolden_CircleTurns,-530.0545,16.7203,202.5332,0.1537,-9.8817,-6.1704,0.9515,-0.0877,-0.2950,0.9980,259,37.913742,-3.3005,0.1672
BiancaGolden_CircleTurns,-530.1128,17.0236,202.3650,0.3622,-10.2366,-6.2929,0.9523,-0.0790,-0.2946,0.9980,259,37.926636,-3.3011,0.1702
BiancaGolden_CircleTurns,-530.1714,17.3400,202.1863,0.5814,-10.6305,-6.4056,0.9505,-0.0748,-0.3015,0.9980,259,37.941406,-3.3017,0.1734
BiancaGolden_CircleTurns,-530.2041,17.6563,202.0402,0.7828,-11.0819,-6.4905,0.9483,-0.0765,-0.3079,0.9980,260,37.954296,-3.3020,0.1766
BiancaGolden_CircleTurns,-530.2303,17.9783,201.9295,0.8787,-11.4520,-6.5819,0.9477,-0.0785,-0.3094,0.9980,260,37.970726,-3.3023,0.1798
BiancaGolden_CircleTurns,-530.2316,18.3255,201.8393,1.0364,-11.8036,-6.6997,0.9474,-0.0797,-0.3101,0.9980,261,37.983612,-3.3023,0.1833
BiancaGolden_CircleTurns,-530.2440,18.6738,201.7302,1.1150,-12.1176,-6.7678,0.9455,-0.0811,-0.3153,0.9980,261,37.996387,-3.3024,0.1867
BiancaGolden_CircleTurns,-530.2558,19.0212,201.5891,1.2008,-12.4289,-6.8531,0.9457,-0.0760,-0.3161,0.9980,261,38.010262,-3.3026,0.1902
BiancaGolden_CircleTurns,-530.2869,19.3633,201.4561,1.2646,-12.7498,-6.9257,0.9465,-0.0773,-0.3134,0.9980,262,38.023533,-3.3029,0.1936
BiancaGolden_CircleTurns,-530.3267,19.7010,201.3160,1.3735,-13.0269,-7.0128,0.9463,-0.0734,-0.3148,0.9980,262,38.036777,-3.3033,0.1970
BiancaGolden_CircleTurns,-530.3885,20.0258,201.1557,1.5549,-13.3341,-7.1244,0.9472,-0.0732,-0.3122,0.9980,263,38.051937,-3.3039,0.2003
BiancaGolden_CircleTurns,-530.4679,20.3602,200.9896,1.7714,-13.5908,-7.2296,0.9461,-0.0745,-0.3152,0.9980,263,38.065437,-3.3047,0.2036
BiancaGolden_CircleTurns,-530.5832,20.6866,200.8037,1.9952,-13.9138,-7.3465,0.9444,-0.0764,-0.3197,0.9980,264,38.080112,-3.3058,0.2069
BiancaGolden_CircleTurns,-530.6774,21.0149,200.6642,2.2374,-14.1736,-7.4534,0.9432,-0.0776,-0.3230,0.9980,264,38.093166,-3.3068,0.2101
BiancaGolden_CircleTurns,-530.7616,21.3126,200.5957,2.4631,-14.3849,-7.5247,0.9461,-0.0768,-0.3145,0.9980,264,38.107933,-3.3076,0.2131
BiancaGolden_CircleTurns,-530.8680,21.6054,200.5711,2.6697,-14.5484,-7.5918,0.9485,-0.0773,-0.3073,0.9980,265,38.120922,-3.3087,0.2161
BiancaGolden_CircleTurns,-530.9795,21.8682,200.5597,2.8958,-14.7844,-7.6250,0.9486,-0.0801,-0.3062,0.9980,265,38.134109,-3.3098,0.2187
BiancaGolden_CircleTurns,-531.1131,22.1130,200.6149,3.0384,-14.9876,-7.6506,0.9486,-0.0812,-0.3059,0.9980,266,38.149036,-3.3111,0.2211
BiancaGolden_CircleTurns,-531.2576,22.3511,200.6782,3.1524,-15.1683,-7.7190,0.9504,-0.0758,-0.3016,0.9980,266,38.163445,-3.3126,0.2235
BiancaGolden_CircleTurns,-531.4109,22.5653,200.7616,3.2382,-15.3220,-7.7750,0.9499,-0.0765,-0.3030,0.9980,266,38.177021,-3.3141,0.2257
BiancaGolden_CircleTurns,-531.5666,22.7846,200.8415,3.3898,-15.3944,-7.8137,0.9517,-0.0761,-0.2976,0.9980,267,38.191200,-3.3157,0.2278
BiancaGolden_CircleTurns,-531.7351,22.9864,200.9348,3.5210,-15.4626,-7.8243,0.9552,-0.0731,-0.2868,0.9980,267,38.203716,-3.3174,0.2299
BiancaGolden_CircleTurns,-531.9081,23.1786,201.0605,3.6278,-15.4397,-7.7947,0.9556,-0.0729,-0.2856,0.9980,268,38.219528,-3.3191,0.2318
BiancaGolden_CircleTurns,-532.1201,23.3505,201.1674,3.6436,-15.3689,-7.7788,0.9564,-0.0729,-0.2827,0.9980,268,38.232857,-3.3212,0.2335
BiancaGolden_CircleTurns,-532.3449,23.5156,201.2559,3.6602,-15.3301,-7.7849,0.9568,-0.0738,-0.2814,0.9980,269,38.246616,-3.3234,0.2352
BiancaGolden_CircleTurns,-532.5622,23.6630,201.3420,3.6815,-15.2669,-7.8291,0.9570,-0.0747,-0.2803,0.9980,269,38.260769,-3.3256,0.2366
BiancaGolden_CircleTurns,-532.7886,23.8005,201.4171,3.7223,-15.1719,-7.8782,0.9579,-0.0754,-0.2769,0.9980,269,38.274509,-3.3279,0.2380
BiancaGolden_CircleTurns,-533.0171,23.9291,201.4972,3.7580,-15.0016,-7.9100,0.9585,-0.0764,-0.2747,0.9980,270,38.288296,-3.3302,0.2393
BiancaGolden_CircleTurns,-533.2392,24.0348,201.5722,3.7536,-14.8179,-7.9271,0.9598,-0.0799,-0.2692,0.9980,270,38.301914,-3.3324,0.2403
BiancaGolden_CircleTurns,-533.4608,24.1276,201.6190,3.7573,-14.5974,-7.9516,0.9589,-0.0837,-0.2711,0.9980,271,38.316505,-3.3346,0.2413
BiancaGolden_CircleTurns,-533.6804,24.1673,201.6502,3.7331,-14.4422,-8.0032,0.9588,-0.0924,-0.2686,0.9980,271,38.329987,-3.3368,0.2417
BiancaGolden_CircleTurns,-533.9046,24.2008,201.6753,3.7669,-14.3124,-8.0879,0.9589,-0.0951,-0.2672,0.9980,271,38.344372,-3.3390,0.2420
BiancaGolden_CircleTurns,-534.1203,24.1857,201.6864,3.8673,-14.2255,-8.2426,0.9413,-0.1558,-0.2995,0.9980,272,38.357914,-3.3412,0.2419
BiancaGolden_CircleTurns,-534.3500,24.1510,201.6759,4.0236,-14.1830,-8.3982,0.9251,-0.2230,-0.3073,0.9980,272,38.371029,-3.3435,0.2415
BiancaGolden_CircleTurns,-534.5578,24.1102,201.6609,4.2702,-14.1221,-8.4969,0.9072,-0.2558,-0.3341,0.9980,273,38.386299,-3.3456,0.2411
BiancaGolden_CircleTurns,-534.7701,24.0524,201.6614,4.5916,-14.0100,-8.5078,0.9013,-0.2629,-0.3443,0.9980,273,38.400158,-3.3477,0.2405
BiancaGolden_CircleTurns,-534.9731,23.9722,201.6933,4.8746,-13.8258,-8.4027,0.9032,-0.2613,-0.3406,0.9980,274,38.414326,-3.3497,0.2397
BiancaGolden_CircleTurns,-535.1777,23.8667,201.7407,5.0442,-13.6197,-8.2669,0.9046,-0.2597,-0.3381,0.9980,274,38.427879,-3.3518,0.2387
BiancaGolden_CircleTurns,-535.4040,23.7454,201.7553,5.1773,-13.4275,-8.1368,0.9056,-0.2566,-0.3378,0.9980,274,38.442604,-3.3540,0.2375
BiancaGolden_CircleTurns,-535.6578,23.5902,201.7488,5.2981,-13.3001,-7.9766,0.9050,-0.2519,-0.3429,0.9980,275,38.455605,-3.3566,0.2359
BiancaGolden_CircleTurns,-535.9391,23.3875,201.7181,5.4156,-13.2326,-7.7412,0.9074,-0.2399,-0.3451,0.9980,275,38.472237,-3.3594,0.2339
BiancaGolden_CircleTurns,-536.2127,23.1796,201.7258,5.5127,-13.1626,-7.4834,0.9077,-0.2371,-0.3463,0.9980,276,38.484039,-3.3621,0.2318
BiancaGolden_CircleTurns,-536.5028,22.9309,201.7728,5.5653,-13.0977,-7.1791,0.9094,-0.2322,-0.3450,0.9980,276,38.497261,-3.3650,0.2293
BiancaGolden_CircleTurns,-536.8092,22.6697,201.8005,5.5188,-13.0120,-6.8738,0.9107,-0.2266,-0.3454,0.9980,276,38.512318,-3.3681,0.2267
BiancaGolden_CircleTurns,-537.1219,22.3604,201.8253,5.3727,-12.9545,-6.5383,0.9066,-0.2272,-0.3557,0.9980,277,38.524822,-3.3712,0.2236
BiancaGolden_CircleTurns,-537.4480,22.0465,201.8545,5.2679,-12.8346,-6.1950,0.9084,-0.2218,-0.3545,0.9980,277,38.537933,-3.3745,0.2205
BiancaGolden_CircleTurns,-537.8102,21.6959,201.8636,5.0993,-12.7365,-5.8396,0.9073,-0.2233,-0.3562,0.9980,278,38.553173,-3.3781,0.2170
BiancaGolden_CircleTurns,-538.1934,21.3113,201.8595,4.9292,-12.7066,-5.4792,0.9071,-0.2189,-0.3596,0.9980,278,38.566772,-3.3819,0.2131
BiancaGolden_CircleTurns,-538.5602,20.9178,201.8953,4.7500,-12.6778,-5.1447,0.9086,-0.2129,-0.3593,0.9980,279,38.581329,-3.3856,0.2092
BiancaGolden_CircleTurns,-538.9392,20.4867,201.9512,4.5077,-12.6224,-4.8073,0.9095,-0.2077,-0.3600,0.9980,279,38.594635,-3.3894,0.2049
BiancaGolden_CircleTurns,-539.3435,20.0435,201.9562,4.2609,-12.5485,-4.5223,0.9082,-0.2031,-0.3660,0.9980,279,38.609249,-3.3934,0.2004
BiancaGolden_CircleTurns,-539.7684,19.5358,201.9483,4.0454,-12.5446,-4.2434,0.9094,-0.1966,-0.3666,0.9980,280,38.624069,-3.3977,0.1954
BiancaGolden_CircleTurns,-540.2166,19.0489,201.9136,3.8368,-12.5097,-4.0279,0.9282,-0.1416,-0.3441,0.9980,280,38.635769,-3.4022,0.1905
BiancaGolden_CircleTurns,-540.6672,18.5106,201.8740,3.5974,-12.5525,-3.8106,0.9403,-0.0851,-0.3294,0.9980,281,38.650673,-3.4067,0.1851
BiancaGolden_CircleTurns,-541.1306,17.9566,201.8208,3.3610,-12.5637,-3.6240,0.9403,-0.0820,-0.3303,0.9980,281,38.664246,-3.4113,0.1796
BiancaGolden_CircleTurns,-541.5968,17.3826,201.7889,3.1232,-12.6091,-3.4857,0.9440,-0.0667,-0.3232,0.9980,282,38.680145,-3.4160,0.1738
BiancaGolden_CircleTurns,-542.0401,16.8064,201.8049,2.9193,-12.6339,-3.3652,0.9446,-0.0559,-0.3233,0.9980,282,38.693394,-3.4204,0.1681
BiancaGolden_CircleTurns,-542.4989,16.2422,201.8154,2.6680,-12.6125,-3.2716,0.9443,-0.0523,-0.3250,0.9980,282,38.707531,-3.4250,0.1624
BiancaGolden_CircleTurns,-542.9568,15.6291,201.8239,2.4535,-12.6095,-3.2111,0.9444,-0.0504,-0.3248,0.9980,283,38.721237,-3.4296,0.1563
BiancaGolden_CircleTurns,-543.4301,15.0160,201.8018,2.3283,-12.5965,-3.1136,0.9459,-0.0534,-0.3199,0.9980,283,38.734402,-3.4343,0.1502
BiancaGolden_CircleTurns,-543.9139,14.4034,201.7773,2.1950,-12.6297,-3.0460,0.9458,-0.0518,-0.3207,0.9980,284,38.749367,-3.4391,0.1440
BiancaGolden_CircleTurns,-544.3929,13.7962,201.7457,1.9990,-12.6798,-2.9692,0.9459,-0.0551,-0.3199,0.9980,284,38.762390,-3.4439,0.1380
BiancaGolden_CircleTurns,-544.8882,13.2072,201.7152,1.6705,-12.7230,-2.9177,0.9450,-0.0537,-0.3226,0.9980,284,38.777069,-3.4489,0.1321
BiancaGolden_CircleTurns,-545.3840,12.6122,201.6675,1.2094,-12.7959,-2.8880,0.9436,-0.0509,-0.3271,0.9980,285,38.790211,-3.4538,0.1261
BiancaGolden_CircleTurns,-545.8798,12.0173,201.6326,0.8118,-12.8745,-2.8838,0.9428,-0.0496,-0.3295,0.9980,285,38.803593,-3.4588,0.1202
BiancaGolden_CircleTurns,-546.3716,11.4404,201.6076,0.4356,-13.0179,-2.8984,0.9423,-0.0477,-0.3314,0.9980,286,38.818111,-3.4637,0.1144
BiancaGolden_CircleTurns,-546.8499,10.9027,201.5827,0.2078,-13.1244,-2.8556,0.9422,-0.0447,-0.3322,0.9980,286,38.832287,-3.4685,0.1090
BiancaGolden_CircleTurns,-547.3054,10.3671,201.5966,-0.0188,-13.1962,-2.7228,0.9425,-0.0415,-0.3317,0.9980,287,38.846008,-3.4731,0.1037
BiancaGolden_CircleTurns,-547.7567,9.8674,201.6146,-0.2710,-13.1508,-2.5259,0.9437,-0.0349,-0.3290,0.9980,287,38.859379,-3.4776,0.0987
BiancaGolden_CircleTurns,-548.1733,9.3643,201.5955,-0.5907,-13.0615,-2.3212,0.9450,-0.0291,-0.3257,0.9980,287,38.873703,-3.4817,0.0936
BiancaGolden_CircleTurns,-548.5632,8.8998,201.5700,-0.9858,-12.8654,-2.1832,0.9475,-0.0275,-0.3187,0.9980,288,38.887981,-3.4856,0.0890
BiancaGolden_CircleTurns,-548.9731,8.4376,201.5475,-1.3986,-12.7004,-2.1194,0.9488,-0.0256,-0.3147,0.9980,288,38.900757,-3.4897,0.0844
BiancaGolden_CircleTurns,-549.3675,8.0115,201.5158,-1.7728,-12.5589,-2.0997,0.9494,-0.0246,-0.3130,0.9980,289,38.915211,-3.4937,0.0801
BiancaGolden_CircleTurns,-549.7634,7.6247,201.4761,-1.9480,-12.4441,-2.0744,0.9494,-0.0261,-0.3130,0.9980,289,38.929203,-3.4976,0.0762
BiancaGolden_CircleTurns,-550.1487,7.2712,201.4567,-2.1034,-12.4726,-1.9645,0.9494,-0.0202,-0.3135,0.9980,289,38.942719,-3.5015,0.0727
BiancaGolden_CircleTurns,-550.5422,6.9723,201.4329,-2.2759,-12.5377,-1.7992,0.9487,-0.0194,-0.3156,0.9980,290,38.956966,-3.5054,0.0697
BiancaGolden_CircleTurns,-550.9394,6.6974,201.4083,-2.4956,-12.6310,-1.6060,0.9475,-0.0146,-0.3194,0.9980,290,38.973457,-3.5094,0.0670
BiancaGolden_CircleTurns,-551.3361,6.4644,201.3825,-2.7446,-12.7828,-1.3503,0.9447,-0.0150,-0.3277,0.9980,291,38.984715,-3.5134,0.0646
BiancaGolden_CircleTurns,-551.7294,6.2445,201.3327,-2.8993,-12.8945,-1.0657,0.9440,-0.0094,-0.3297,0.9980,291,38.998081,-3.5173,0.0624
BiancaGolden_CircleTurns,-552.0893,6.0449,201.3073,-2.9073,-13.0185,-0.7285,0.9434,-0.0043,-0.3318,0.9980,292,39.012882,-3.5209,0.0604
BiancaGolden_CircleTurns,-552.4184,5.8564,201.3464,-2.9416,-13.0342,-0.4307,0.9436,-0.0004,-0.3312,0.9980,292,39.025948,-3.5242,0.0586
BiancaGolden_CircleTurns,-552.7365,5.6837,201.4124,-3.0368,-13.0209,-0.1954,0.9441,0.0017,-0.3297,0.9980,292,39.039848,-3.5274,0.0568
BiancaGolden_CircleTurns,-553.0464,5.5827,201.4796,-3.2442,-12.9363,0.0336,0.9444,0.0064,-0.3289,0.9980,293,39.053234,-3.5305,0.0558
BiancaGolden_CircleTurns,-553.3673,5.4789,201.5046,-3.4528,-12.8833,0.2958,0.9446,-0.0001,-0.3281,0.9980,293,39.066208,-3.5337,0.0548
BiancaGolden_CircleTurns,-553.7080,5.4031,201.5074,-3.5762,-12.8826,0.6031,0.9443,0.0057,-0.3289,0.9980,294,39.081669,-3.5371,0.0540
BiancaGolden_CircleTurns,-554.0262,5.3612,201.5461,-3.6895,-12.9278,0.9490,0.9451,0.0090,-0.3266,0.9980,294,39.095112,-3.5403,0.0536
BiancaGolden_CircleTurns,-554.3331,5.3263,201.6078,-3.7629,-12.9694,1.3383,0.9463,0.0153,-0.3230,0.9980,294,39.109852,-3.5433,0.0533
BiancaGolden_CircleTurns,-554.6317,5.3031,201.6525,-3.7896,-13.0006,1.7319,0.9458,0.0187,-0.3243,0.9980,295,39.123386,-3.5463,0.0530
BiancaGolden_CircleTurns,-554.9438,5.2938,201.6878,-3.8805,-13.0648,2.1134,0.9444,0.0095,-0.3287,0.9980,295,39.136547,-3.5494,0.0529
BiancaGolden_CircleTurns,-555.2510,5.2865,201.7073,-3.9640,-13.1163,2.4962,0.9444,0.0149,-0.3284,0.9980,296,39.151066,-3.5525,0.0529
BiancaGolden_CircleTurns,-555.5403,5.2676,201.7569,-3.8384,-13.0985,2.8350,0.9420,0.0035,-0.3355,0.9980,296,39.164532,-3.5554,0.0527
BiancaGolden_CircleTurns,-555.8402,5.2940,201.7696,-3.8004,-13.0324,3.0460,0.9424,0.0066,-0.3344,0.9980,297,39.179070,-3.5584,0.0529
BiancaGolden_CircleTurns,-556.1547,5.3366,201.7718,-3.8473,-12.9630,3.2264,0.9405,0.0096,-0.3398,0.9980,297,39.193550,-3.5615,0.0534
BiancaGolden_CircleTurns,-556.4517,5.3866,201.7882,-3.8936,-12.8989,3.4296,0.9406,0.0058,-0.3395,0.9980,297,39.206905,-3.5645,0.0539
BiancaGolden_CircleTurns,-556.7449,5.4772,201.8272,-4.0526,-12.7670,3.5922,0.9415,0.0063,-0.3371,0.9980,298,39.220573,-3.5674,0.0548
BiancaGolden_CircleTurns,-557.0432,5.5490,201.8717,-4.1795,-12.6674,3.8084,0.9416,0.0021,-0.3366,0.9980,298,39.234169,-3.5704,0.0555
BiancaGolden_CircleTurns,-557.3381,5.6701,201.9100,-4.2706,-12.5387,3.9832,0.9423,0.0060,-0.3348,0.9980,299,39.248547,-3.5734,0.0567
BiancaGolden_CircleTurns,-557.6341,5.8203,201.9165,-4.3866,-12.4198,4.2019,0.9423,0.0061,-0.3347,0.9980,299,39.262833,-3.5763,0.0582
BiancaGolden_CircleTurns,-557.9293,5.9948,201.9201,-4.5931,-12.3882,4.4594,0.9425,0.0039,-0.3342,0.9980,299,39.276409,-3.5793,0.0599
BiancaGolden_CircleTurns,-558.2049,6.1816,201.9201,-4.7412,-12.3223,4.7412,0.9425,0.0035,-0.3341,0.9980,300,39.290432,-3.5820,0.0618
BiancaGolden_CircleTurns,-558.4894,6.3686,201.9197,-4.7831,-12.2889,5.0310,0.9421,0.0061,-0.3353,0.9980,300,39.304043,-3.5849,0.0637
BiancaGolden_CircleTurns,-558.7621,6.5966,201.9036,-4.8275,-12.2269,5.2578,0.9419,-0.0009,-0.3358,0.9980,301,39.319572,-3.5876,0.0660
BiancaGolden_CircleTurns,-559.0508,6.8183,201.9239,-4.8949,-12.2173,5.4577,0.9423,0.0017,-0.3348,0.9980,301,39.332157,-3.5905,0.0682
BiancaGolden_CircleTurns,-559.3454,7.0910,201.9326,-4.9367,-12.1563,5.6009,0.9438,0.0038,-0.3304,0.9980,302,39.346436,-3.5935,0.0709
BiancaGolden_CircleTurns,-559.6604,7.3859,201.9173,-4.9861,-12.1209,5.7578,0.9447,0.0024,-0.3280,0.9980,302,39.359810,-3.5966,0.0739
BiancaGolden_CircleTurns,-559.9823,7.7090,201.8913,-5.0930,-12.1109,5.8676,0.9445,0.0015,-0.3286,0.9980,302,39.373928,-3.5998,0.0771
BiancaGolden_CircleTurns,-560.2765,8.0310,201.8719,-5.1340,-12.1330,6.0130,0.9429,-0.0044,-0.3331,0.9980,303,39.388180,-3.6028,0.0803
BiancaGolden_CircleTurns,-560.5549,8.3594,201.8982,-5.0625,-12.1272,6.1823,0.9432,-0.0038,-0.3322,0.9980,303,39.401344,-3.6055,0.0836
BiancaGolden_CircleTurns,-560.8075,8.7176,201.9488,-4.9580,-12.0389,6.2860,0.9436,-0.0022,-0.3312,0.9980,304,39.415752,-3.6081,0.0872
BiancaGolden_CircleTurns,-561.0510,9.0716,202.0126,-4.8515,-11.9894,6.3976,0.9427,-0.0024,-0.3335,0.9980,304,39.430183,-3.6105,0.0907
BiancaGolden_CircleTurns,-561.2413,9.4443,202.1131,-4.7157,-11.8511,6.4789,0.9425,-0.0044,-0.3343,0.9980,304,39.443691,-3.6124,0.0944
BiancaGolden_CircleTurns,-561.4430,9.8337,202.1789,-4.6118,-11.6662,6.5275,0.9422,-0.0066,-0.3348,0.9980,305,39.457359,-3.6144,0.0983
BiancaGolden_CircleTurns,-561.6837,10.2377,202.1556,-4.5370,-11.5628,6.5806,0.9421,-0.0105,-0.3351,0.9980,305,39.474144,-3.6168,0.1024
BiancaGolden_CircleTurns,-561.9095,10.6154,202.1632,-4.3409,-11.5738,6.6748,0.9417,-0.0114,-0.3363,0.9980,306,39.486351,-3.6191,0.1062
BiancaGolden_CircleTurns,-562.1580,11.0022,202.1947,-4.1270,-11.6345,6.7749,0.9407,-0.0100,-0.3390,0.9980,306,39.499245,-3.6216,0.1100
BiancaGolden_CircleTurns,-562.4207,11.3578,202.2353,-3.8956,-11.8296,6.9060,0.9392,-0.0121,-0.3430,0.9980,307,39.513496,-3.6242,0.1136
BiancaGolden_CircleTurns,-562.6887,11.7171,202.2451,-3.6352,-12.0088,7.0206,0.9380,-0.0215,-0.3460,0.9980,307,39.526604,-3.6269,0.1172
BiancaGolden_CircleTurns,-562.9396,12.0633,202.2787,-3.3978,-12.2053,7.1090,0.9365,-0.0236,-0.3498,0.9980,307,39.541229,-3.6294,0.1206
BiancaGolden_CircleTurns,-563.1629,12.4020,202.3528,-3.1843,-12.3274,7.1433,0.9383,-0.0253,-0.3450,0.9980,308,39.554417,-3.6316,0.1240
BiancaGolden_CircleTurns,-563.3625,12.7344,202.4457,-3.0390,-12.3058,7.1174,0.9391,-0.0271,-0.3425,0.9980,308,39.567745,-3.6336,0.1273
BiancaGolden_CircleTurns,-563.5586,13.0556,202.5049,-2.9003,-12.1763,7.0209,0.9403,-0.0294,-0.3390,0.9980,309,39.582733,-3.6356,0.1306
BiancaGolden_CircleTurns,-563.7544,13.3563,202.5284,-2.7687,-11.9980,6.8946,0.9459,-0.0261,-0.3234,0.9980,309,39.596680,-3.6375,0.1336
BiancaGolden_CircleTurns,-563.9470,13.6560,202.5248,-2.7874,-11.8218,6.7234,0.9534,0.0143,-0.3015,0.9980,309,39.610916,-3.6395,0.1366
BiancaGolden_CircleTurns,-564.1030,13.9392,202.5297,-2.7825,-11.6936,6.5504,0.9614,0.0127,-0.2749,0.9980,310,39.624416,-3.6410,0.1394
BiancaGolden_CircleTurns,-564.2427,14.1985,202.5379,-2.5538,-11.4972,6.3587,0.9620,0.0160,-0.2725,0.9980,310,39.637932,-3.6424,0.1420
BiancaGolden_CircleTurns,-564.4022,14.4217,202.5240,-2.2813,-11.3851,6.2135,0.9618,0.0146,-0.2733,0.9980,311,39.653023,-3.6440,0.1442
BiancaGolden_CircleTurns,-564.5700,14.6486,202.4954,-2.1131,-11.3057,6.0919,0.9607,0.0114,-0.2774,0.9980,311,39.666294,-3.6457,0.1465
BiancaGolden_CircleTurns,-564.7227,14.8439,202.4840,-1.9508,-11.2934,5.9639,0.9609,0.0089,-0.2768,0.9980,312,39.680618,-3.6472,0.1484
BiancaGolden_CircleTurns,-564.8624,15.0294,202.4895,-1.8115,-11.2696,5.8261,0.9609,-0.0014,-0.2770,0.9980,312,39.694405,-3.6486,0.1503
BiancaGolden_CircleTurns,-565.0049,15.1941,202.5124,-1.7392,-11.2858,5.6624,0.9585,-0.0035,-0.2849,0.9980,312,39.708591,-3.6500,0.1519
BiancaGolden_CircleTurns,-565.1485,15.3575,202.5186,-1.5282,-11.2583,5.5491,0.9593,-0.0045,-0.2823,0.9980,313,39.722164,-3.6515,0.1536
BiancaGolden_CircleTurns,-565.2935,15.5226,202.5499,-1.1727,-11.1574,5.4486,0.9602,-0.0016,-0.2792,0.9980,313,39.735233,-3.6529,0.1552
BiancaGolden_CircleTurns,-565.4397,15.6827,202.6091,-0.4199,-10.8694,5.4550,0.9627,-0.0014,-0.2706,0.9980,314,39.750900,-3.6544,0.1568
BiancaGolden_CircleTurns,-565.5762,15.8478,202.6870,0.3717,-10.4290,5.5286,0.9660,-0.0027,-0.2586,0.9980,314,39.764420,-3.6558,0.1585
BiancaGolden_CircleTurns,-565.7244,15.9972,202.8102,0.9654,-9.7712,5.4931,0.9667,-0.0004,-0.2559,0.9980,314,39.778454,-3.6572,0.1600
BiancaGolden_CircleTurns,-565.8860,16.1242,202.8945,1.4558,-9.3122,5.3475,0.9672,-0.0034,-0.2539,0.9980,315,39.791954,-3.6589,0.1612
BiancaGolden_CircleTurns,-566.0838,16.2065,202.9322,2.0989,-8.9327,5.2449,0.9677,-0.0036,-0.2522,0.9980,315,39.805168,-3.6608,0.1621
BiancaGolden_CircleTurns,-566.2811,16.2811,202.9709,2.7054,-8.6675,5.2218,0.9681,-0.0045,-0.2504,0.9980,316,39.820198,-3.6628,0.1628
BiancaGolden_CircleTurns,-566.4725,16.3730,203.0226,3.0475,-8.4357,5.1852,0.9669,-0.0025,-0.2552,0.9980,316,39.834148,-3.6647,0.1637
BiancaGolden_CircleTurns,-566.6560,16.4445,203.0914,3.1101,-8.2668,5.1633,0.9674,-0.0021,-0.2532,0.9980,317,39.848095,-3.6666,0.1644
BiancaGolden_CircleTurns,-566.8496,16.4872,203.1574,3.1210,-8.1450,5.1807,0.9675,-0.0030,-0.2530,0.9980,317,39.861790,-3.6685,0.1649
BiancaGolden_CircleTurns,-567.0528,16.4972,203.1833,3.1635,-8.1152,5.1401,0.9662,-0.0055,-0.2576,0.9980,317,39.876823,-3.6705,0.1650
BiancaGolden_CircleTurns,-567.2605,16.4727,203.1864,3.2688,-8.1953,5.1296,0.9638,-0.0062,-0.2665,0.9980,318,39.889854,-3.6726,0.1647
BiancaGolden_CircleTurns,-567.4586,16.4510,203.2039,3.4909,-8.2143,5.1591,0.9628,-0.0026,-0.2702,0.9980,318,39.903091,-3.6746,0.1645
BiancaGolden_CircleTurns,-567.6492,16.4112,203.2182,3.6394,-8.2316,5.2566,0.9631,-0.0003,-0.2692,0.9980,319,39.918907,-3.6765,0.1641
BiancaGolden_CircleTurns,-567.8338,16.3612,203.2434,3.7476,-8.1763,5.3801,0.9630,0.0107,-0.2693,0.9980,319,39.931469,-3.6783,0.1636
BiancaGolden_CircleTurns,-568.0290,16.2670,203.2604,3.7987,-8.0841,5.5921,0.9614,0.0133,-0.2749,0.9980,319,39.945511,-3.6803,0.1627
BiancaGolden_CircleTurns,-568.2089,16.1701,203.2884,3.9038,-8.0381,5.7798,0.9594,0.0175,-0.2814,0.9980,320,39.959259,-3.6821,0.1617
BiancaGolden_CircleTurns,-568.3996,16.0444,203.3109,3.9965,-7.9748,5.9870,0.9589,0.0207,-0.2831,0.9980,320,39.976646,-3.6840,0.1604
BiancaGolden_CircleTurns,-568.5897,15.9193,203.3146,4.0682,-7.9392,6.1608,0.9590,0.0238,-0.2824,0.9980,321,39.987717,-3.6859,0.1592
BiancaGolden_CircleTurns,-568.7577,15.7609,203.3177,4.0965,-7.9020,6.3457,0.9589,0.0271,-0.2824,0.9980,321,40.001198,-3.6876,0.1576
BiancaGolden_CircleTurns,-568.9265,15.5960,203.3345,4.1204,-7.8944,6.5191,0.9587,0.0298,-0.2829,0.9980,322,40.015118,-3.6893,0.1560
BiancaGolden_CircleTurns,-569.0725,15.3983,203.4076,4.2400,-7.9190,6.7207,0.9578,0.0338,-0.2853,0.9980,322,40.028202,-3.6907,0.1540
BiancaGolden_CircleTurns,-569.2289,15.2010,203.4582,4.3995,-7.9890,6.9976,0.9571,0.0347,-0.2876,0.9980,322,40.042717,-3.6923,0.1520
BiancaGolden_CircleTurns,-569.3642,14.9932,203.4838,4.5466,-8.0872,7.3413,0.9561,0.0395,-0.2903,0.9980,323,40.056076,-3.6936,0.1499
BiancaGolden_CircleTurns,-569.5268,14.7665,203.4520,4.6042,-8.2299,7.7469,0.9545,0.0462,-0.2945,0.9980,323,40.069126,-3.6953,0.1477
BiancaGolden_CircleTurns,-569.6573,14.5261,203.3958,4.5671,-8.4072,8.1567,0.9531,0.0527,-0.2981,0.9980,324,40.084286,-3.6966,0.1453
BiancaGolden_CircleTurns,-569.7855,14.2539,203.3556,4.5256,-8.6066,8.5385,0.9519,0.0558,-0.3013,0.9980,324,40.097813,-3.6979,0.1425
BiancaGolden_CircleTurns,-569.8848,13.9669,203.3641,4.4966,-8.8004,8.8751,0.9498,0.0517,-0.3085,0.9980,325,40.112473,-3.6988,0.1397
BiancaGolden_CircleTurns,-569.9942,13.6630,203.3695,4.5040,-8.9566,9.2019,0.9474,0.0573,-0.3148,0.9980,325,40.125996,-3.6999,0.1366
BiancaGolden_CircleTurns,-570.1143,13.3522,203.3256,4.4446,-9.1894,9.5973,0.9475,0.0543,-0.3152,0.9980,325,40.139973,-3.7011,0.1335
BiancaGolden_CircleTurns,-570.2429,13.0390,203.2335,4.3657,-9.4036,9.9931,0.9460,0.0464,-0.3207,0.9980,326,40.154377,-3.7024,0.1304
BiancaGolden_CircleTurns,-570.3840,12.7347,203.1094,4.1997,-9.7102,10.4393,0.9435,0.0552,-0.3267,0.9980,326,40.166908,-3.7038,0.1273
BiancaGolden_CircleTurns,-570.5140,12.4363,202.9855,3.9197,-10.0411,10.9523,0.9425,0.0653,-0.3277,0.9980,327,40.182495,-3.7051,0.1244
BiancaGolden_CircleTurns,-570.6556,12.1507,202.8672,3.6005,-10.4006,11.5423,0.9371,0.0764,-0.3406,0.9980,327,40.195606,-3.7066,0.1215
BiancaGolden_CircleTurns,-570.8082,11.9124,202.7292,3.1942,-10.7905,12.1799,0.9346,0.0966,-0.3424,0.9980,327,40.209961,-3.7081,0.1191
BiancaGolden_CircleTurns,-570.9615,11.6742,202.5931,2.7811,-11.2351,12.9689,0.9224,0.1771,-0.3433,0.9980,328,40.223610,-3.7096,0.1167
BiancaGolden_CircleTurns,-571.1205,11.4926,202.4600,2.3249,-11.7029,14.0056,0.9046,0.2637,-0.3350,0.9980,328,40.236580,-3.7112,0.1149
BiancaGolden_CircleTurns,-571.2985,11.3334,202.3264,1.8224,-12.1727,15.0696,0.8957,0.2831,-0.3430,0.9980,329,40.251614,-3.7130,0.1133
BiancaGolden_CircleTurns,-571.4980,11.1918,202.1879,1.2666,-12.6723,16.2760,0.8578,0.3758,-0.3507,0.9980,329,40.265167,-3.7150,0.1119
BiancaGolden_CircleTurns,-571.6974,11.0894,202.0697,0.7650,-13.1878,17.5434,0.8052,0.4571,-0.3777,0.9980,330,40.280102,-3.7170,0.1109
BiancaGolden_CircleTurns,-571.9126,11.0416,201.9817,0.3486,-13.6557,19.0461,0.7079,0.5697,-0.4175,0.9980,330,40.293091,-3.7191,0.1104
BiancaGolden_CircleTurns,-572.1341,11.0317,201.9137,-0.1295,-14.0068,20.7473,0.6585,0.6282,-0.4143,0.9980,330,40.307938,-3.7213,0.1103
BiancaGolden_CircleTurns,-572.4049,11.0801,201.8471,-0.6570,-14.2656,22.5856,0.5834,0.7306,-0.3548,0.9980,331,40.321247,-3.7240,0.1108
BiancaGolden_CircleTurns,-572.7113,11.1916,201.7934,-1.1164,-14.4229,24.7199,0.5510,0.7567,-0.3519,0.9980,331,40.334686,-3.7271,0.1119
BiancaGolden_CircleTurns,-573.0630,11.4062,201.7647,-1.6209,-14.4646,27.2215,0.5079,0.7905,-0.3422,0.9980,332,40.350262,-3.7306,0.1141
BiancaGolden_CircleTurns,-573.4542,11.7174,201.7628,-2.4971,-14.3167,30.1783,0.4423,0.8547,-0.2719,0.9980,332,40.363514,-3.7345,0.1172
BiancaGolden_CircleTurns,-573.8654,12.0150,201.7609,-3.5953,-14.1648,33.0166,0.3509,0.9049,-0.2409,0.9980,332,40.377125,-3.7387,0.1201
BiancaGolden_CircleTurns,-574.2867,12.3008,201.7565,-4.8132,-14.0102,35.8780,0.2827,0.9343,-0.2170,0.9980,333,40.391392,-3.7429,0.1230
BiancaGolden_CircleTurns,-574.7004,12.5785,201.7624,-5.7709,-13.8181,38.5539,0.1984,0.9599,-0.1979,0.9980,333,40.404003,-3.7470,0.1258
BiancaGolden_CircleTurns,-575.1201,12.8767,201.8098,-6.4759,-13.6213,41.3097,0.1557,0.9697,-0.1883,0.9980,334,40.418591,-3.7512,0.1288
BiancaGolden_CircleTurns,-575.5804,13.2330,201.8560,-7.0306,-13.3294,43.9415,0.0938,0.9801,-0.1748,0.9980,334,40.432117,-3.7558,0.1323
BiancaGolden_CircleTurns,-576.0782,13.6407,201.9259,-7.5256,-13.0086,46.6766,0.0492,0.9869,-0.1535,0.9980,335,40.446316,-3.7608,0.1364
BiancaGolden_CircleTurns,-576.5821,14.0786,201.9733,-8.2792,-12.5960,49.3064,0.0099,0.9900,-0.1408,0.9980,335,40.460457,-3.7658,0.1408
BiancaGolden_CircleTurns,-577.1162,14.4844,202.0488,-9.0568,-12.2510,51.6923,-0.0245,0.9897,-0.1412,0.9980,335,40.477783,-3.7712,0.1448
BiancaGolden_CircleTurns,-577.5688,14.8968,202.1276,-9.6021,-11.7400,54.0260,-0.0629,0.9874,-0.1453,0.9980,336,40.488331,-3.7757,0.1490
BiancaGolden_CircleTurns,-578.0717,15.3085,202.1757,-10.1572,-11.4569,56.2065,-0.0881,0.9831,-0.1604,0.9980,336,40.501183,-3.7807,0.1531
BiancaGolden_CircleTurns,-578.5672,15.7232,202.1638,-10.5792,-11.3304,58.1143,-0.1174,0.9806,-0.1568,0.9980,337,40.516556,-3.7857,0.1572
BiancaGolden_CircleTurns,-579.0620,16.1449,202.1545,-10.8600,-11.2747,59.8447,-0.1242,0.9781,-0.1673,0.9980,337,40.529778,-3.7906,0.1614
BiancaGolden_CircleTurns,-579.4958,16.5203,202.1512,-11.0855,-11.2701,61.4331,-0.1016,0.9794,-0.1742,0.9980,337,40.544224,-3.7950,0.1652
BiancaGolden_CircleTurns,-579.8591,16.9056,202.1661,-10.8984,-11.3383,62.5205,-0.0754,0.9798,-0.1851,0.9980,338,40.557777,-3.7986,0.1691
BiancaGolden_CircleTurns,-580.2121,17.3002,202.1941,-10.6349,-11.3002,63.5659,-0.0393,0.9791,-0.1994,0.9980,338,40.571690,-3.8021,0.1730
BiancaGolden_CircleTurns,-580.5519,17.6947,202.2172,-10.2713,-11.1776,64.4323,-0.0490,0.9784,-0.2008,0.9980,339,40.586437,-3.8055,0.1769
BiancaGolden_CircleTurns,-580.8944,18.0868,202.2251,-9.9644,-11.1110,64.9994,0.0161,0.9741,-0.2256,0.9980,339,40.600243,-3.8089,0.1809
BiancaGolden_CircleTurns,-581.1674,18.4715,202.2358,-9.6550,-11.0799,65.3763,0.0135,0.9738,-0.2272,0.9980,340,40.614483,-3.8117,0.1847
BiancaGolden_CircleTurns,-581.4122,18.8638,202.2448,-9.2962,-11.0239,65.5401,0.0251,0.9697,-0.2431,0.9980,340,40.628109,-3.8141,0.1886
BiancaGolden_CircleTurns,-581.6392,19.2442,202.2468,-8.9082,-10.9812,65.7357,0.0592,0.9659,-0.2521,0.9980,340,40.642548,-3.8164,0.1924
BiancaGolden_CircleTurns,-581.8510,19.6483,202.2551,-8.4779,-10.9223,65.8013,0.0957,0.9609,-0.2600,0.9980,341,40.656445,-3.8185,0.1965
BiancaGolden_CircleTurns,-582.0317,20.0508,202.2545,-8.0993,-10.9263,65.7096,0.1086,0.9601,-0.2578,0.9980,341,40.669888,-3.8203,0.2005
BiancaGolden_CircleTurns,-582.2086,20.4450,202.2214,-7.7669,-10.9594,65.5429,0.1376,0.9543,-0.2654,0.9980,342,40.684860,-3.8221,0.2044
BiancaGolden_CircleTurns,-582.3514,20.8334,202.1672,-7.3939,-11.0827,65.1549,0.1429,0.9528,-0.2678,0.9980,342,40.698517,-3.8235,0.2083
BiancaGolden_CircleTurns,-582.5106,21.2473,202.1302,-7.0757,-11.1435,64.8612,0.1568,0.9503,-0.2690,0.9980,343,40.712757,-3.8251,0.2125
BiancaGolden_CircleTurns,-582.6451,21.6948,202.1259,-6.8097,-11.1081,64.4727,0.1623,0.9493,-0.2692,0.9980,343,40.726494,-3.8265,0.2169
BiancaGolden_CircleTurns,-582.7780,22.1287,202.1052,-6.5920,-11.0505,64.1990,0.1762,0.9452,-0.2747,0.9980,343,40.740528,-3.8278,0.2213
BiancaGolden_CircleTurns,-582.9088,22.5906,202.0720,-6.4280,-11.0051,63.7890,0.1835,0.9436,-0.2756,0.9980,344,40.754147,-3.8291,0.2259
BiancaGolden_CircleTurns,-583.0253,23.0424,202.0244,-6.1890,-10.9790,63.4303,0.1903,0.9416,-0.2778,0.9980,344,40.767509,-3.8303,0.2304
BiancaGolden_CircleTurns,-583.1240,23.5247,202.0166,-6.0047,-11.0157,62.9441,0.1958,0.9401,-0.2790,0.9980,345,40.782871,-3.8312,0.2352
BiancaGolden_CircleTurns,-583.1829,23.9953,202.0453,-5.8315,-11.0327,62.4547,0.2045,0.9377,-0.2810,0.9980,345,40.796833,-3.8318,0.2400
BiancaGolden_CircleTurns,-583.1980,24.4593,202.1090,-5.7587,-11.0851,61.7338,0.2149,0.9345,-0.2836,0.9980,345,40.811008,-3.8320,0.2446
BiancaGolden_CircleTurns,-583.1800,24.9177,202.1516,-5.5667,-11.1576,60.8764,0.2333,0.9294,-0.2859,0.9980,346,40.824127,-3.8318,0.2492
BiancaGolden_CircleTurns,-583.1286,25.3464,202.1411,-5.3034,-11.1949,59.8665,0.2553,0.9228,-0.2886,0.9980,346,40.837429,-3.8313,0.2535
BiancaGolden_CircleTurns,-583.0323,25.7360,202.1299,-5.2167,-11.3694,58.3793,0.2716,0.9177,-0.2901,0.9980,347,40.852875,-3.8303,0.2574
BiancaGolden_CircleTurns,-582.8719,26.1107,202.1485,-5.0188,-11.5291,56.6827,0.3743,0.8860,-0.2737,0.9980,347,40.866322,-3.8287,0.2611
BiancaGolden_CircleTurns,-582.6776,26.4736,202.1515,-4.6390,-11.5976,54.7846,0.4092,0.8692,-0.2775,0.9980,348,40.880444,-3.8268,0.2647
BiancaGolden_CircleTurns,-582.4471,26.8027,202.1190,-4.0196,-11.6995,52.6444,0.5324,0.7956,-0.2890,0.9980,348,40.895287,-3.8245,0.2680
BiancaGolden_CircleTurns,-582.2340,27.1291,202.0869,-3.5101,-11.7737,50.3817,0.6367,0.7173,-0.2830,0.9980,348,40.908665,-3.8223,0.2713
BiancaGolden_CircleTurns,-581.9895,27.4566,202.0988,-3.1650,-11.8653,47.8418,0.6719,0.6844,-0.2832,0.9980,349,40.922054,-3.8199,0.2746
BiancaGolden_CircleTurns,-581.7157,27.7415,202.1322,-2.8100,-11.8713,44.9896,0.7711,0.5851,-0.2511,0.9980,349,40.934460,-3.8172,0.2774
BiancaGolden_CircleTurns,-581.3923,27.9873,202.1646,-2.2256,-11.9107,41.8163,0.8525,0.4743,-0.2198,0.9980,350,40.949558,-3.8139,0.2799
BiancaGolden_CircleTurns,-581.0819,28.2029,202.1667,-1.4269,-11.9145,38.7383,0.9117,0.3643,-0.1900,0.9980,350,40.962769,-3.8108,0.2820
BiancaGolden_CircleTurns,-580.7981,28.4025,202.1568,-0.3392,-11.9677,35.5075,0.9557,0.2420,-0.1673,0.9980,351,40.981339,-3.8080,0.2840
BiancaGolden_CircleTurns,-580.5503,28.6001,202.1641,0.6352,-12.0681,32.4527,0.9782,0.1345,-0.1585,0.9980,351,40.991318,-3.8055,0.2860
BiancaGolden_CircleTurns,-580.2878,28.7958,202.2105,1.3459,-12.0972,29.5094,0.9846,0.0809,-0.1550,0.9980,351,41.007401,-3.8029,0.2880
BiancaGolden_CircleTurns,-580.0095,28.9921,202.2990,1.7961,-12.0548,26.3465,0.9871,-0.0376,-0.1559,0.9980,352,41.021244,-3.8001,0.2899
BiancaGolden_CircleTurns,-579.7423,29.1315,202.3363,2.3352,-12.0074,23.2645,0.9757,-0.1565,-0.1532,0.9980,352,41.032879,-3.7974,0.2913
BiancaGolden_CircleTurns,-579.4795,29.2668,202.3382,3.0268,-11.9405,20.2402,0.9550,-0.2401,-0.1739,0.9980,353,41.047337,-3.7948,0.2927
BiancaGolden_CircleTurns,-579.2613,29.3967,202.3493,3.8344,-11.9322,17.3167,0.9339,-0.3138,-0.1712,0.9980,353,41.060482,-3.7926,0.2940
BiancaGolden_CircleTurns,-579.0679,29.5604,202.3327,4.4531,-11.8609,14.5865,0.9040,-0.3889,-0.1776,0.9980,353,41.074795,-3.7907,0.2956
BiancaGolden_CircleTurns,-578.9084,29.7431,202.2943,4.8235,-12.0031,11.8870,0.8874,-0.4249,-0.1785,0.9980,354,41.087837,-3.7891,0.2974
BiancaGolden_CircleTurns,-578.7544,29.9088,202.2645,5.1029,-12.2614,9.5887,0.8696,-0.4541,-0.1938,0.9980,354,41.101028,-3.7875,0.2991
BiancaGolden_CircleTurns,-578.5911,30.0889,202.3050,5.2759,-12.6985,7.7670,0.8730,-0.4437,-0.2026,0.9980,355,41.115845,-3.7859,0.3009
BiancaGolden_CircleTurns,-578.4015,30.2667,202.3554,5.5147,-12.8594,5.8773,0.8873,-0.4142,-0.2027,0.9980,355,41.129314,-3.7840,0.3027
BiancaGolden_CircleTurns,-578.2172,30.4563,202.3353,5.6743,-12.9805,4.2178,0.9029,-0.3802,-0.2002,0.9980,355,41.143986,-3.7822,0.3046
BiancaGolden_CircleTurns,-578.0460,30.6405,202.3032,5.9137,-13.2045,2.7563,0.8958,-0.3964,-0.2011,0.9980,356,41.157017,-3.7805,0.3064
BiancaGolden_CircleTurns,-577.8451,30.8748,202.2862,6.1573,-13.3733,1.7229,0.9259,-0.3155,-0.2078,0.9980,356,41.169987,-3.7785,0.3087
BiancaGolden_CircleTurns,-577.6323,31.0951,202.3278,6.4122,-13.4904,0.8773,0.9221,-0.3269,-0.2071,0.9980,357,41.185059,-3.7763,0.3110
BiancaGolden_CircleTurns,-577.4038,31.3308,202.3604,6.4712,-13.4673,0.1670,0.9333,-0.2878,-0.2148,0.9980,357,41.198009,-3.7740,0.3133
BiancaGolden_CircleTurns,-577.1717,31.5540,202.3770,6.3700,-13.4224,-0.6357,0.9383,-0.2668,-0.2200,0.9980,357,41.211983,-3.7717,0.3155
BiancaGolden_CircleTurns,-576.9235,31.7303,202.4086,6.4050,-13.4061,-1.3476,0.9456,-0.2253,-0.2348,0.9980,358,41.225529,-3.7692,0.3173
BiancaGolden_CircleTurns,-576.6383,31.8746,202.4526,6.8500,-13.3313,-1.7991,0.9478,-0.2115,-0.2388,0.9980,358,41.238808,-3.7664,0.3187
BiancaGolden_CircleTurns,-576.3693,32.0281,202.4810,7.3624,-13.3241,-2.2298,0.9519,-0.1869,-0.2429,0.9980,359,41.253712,-3.7637,0.3203
BiancaGolden_CircleTurns,-576.0690,32.1797,202.4863,7.8385,-13.2853,-2.6768,0.9509,-0.1928,-0.2421,0.9980,359,41.267292,-3.7607,0.3218
BiancaGolden_CircleTurns,-575.7812,32.2981,202.4776,8.1960,-13.2900,-3.0272,0.9521,-0.1849,-0.2435,0.9980,360,41.281395,-3.7578,0.3230
BiancaGolden_CircleTurns,-575.4963,32.4007,202.4433,8.4330,-13.2626,-3.3495,0.9519,-0.1782,-0.2493,0.9980,360,41.294956,-3.7550,0.3240
BiancaGolden_CircleTurns,-575.1938,32.4405,202.4310,8.5304,-13.3981,-3.7601,0.9529,-0.1653,-0.2542,0.9980,360,41.310001,-3.7519,0.3244
BiancaGolden_CircleTurns,-574.9302,32.4981,202.3650,8.5084,-13.5456,-4.2841,0.9495,-0.1607,-0.2695,0.9980,361,41.322964,-3.7493,0.3250
BiancaGolden_CircleTurns,-574.6263,32.4088,202.3666,8.7181,-13.9094,-4.7286,0.9482,-0.1692,-0.2689,0.9980,361,41.336159,-3.7463,0.3241
BiancaGolden_CircleTurns,-574.2912,32.3488,202.2897,8.6661,-14.1173,-5.6681,0.9450,-0.1826,-0.2712,0.9980,362,41.351105,-3.7429,0.3235
BiancaGolden_CircleTurns,-573.9805,32.2084,202.2272,8.6269,-14.2531,-6.4877,0.9447,-0.1737,-0.2783,0.9980,362,41.364796,-3.7398,0.3221
BiancaGolden_CircleTurns,-573.6387,32.0081,202.2041,8.8779,-14.4715,-7.2051,0.9426,-0.1839,-0.2786,0.9980,363,41.379253,-3.7364,0.3201
BiancaGolden_CircleTurns,-573.3107,31.8155,202.1402,9.2088,-14.4692,-8.1319,0.9431,-0.1996,-0.2660,0.9980,363,41.393333,-3.7331,0.3182
BiancaGolden_CircleTurns,-573.0173,31.5878,202.0598,9.3033,-14.5339,-9.1836,0.9339,-0.2425,-0.2626,0.9980,363,41.407040,-3.7302,0.3159
BiancaGolden_CircleTurns,-572.7554,31.2496,201.9597,9.4599,-14.5722,-10.4644,0.9277,-0.2649,-0.2631,0.9980,364,41.420357,-3.7276,0.3125
BiancaGolden_CircleTurns,-572.4995,30.8808,201.8785,9.7135,-14.6042,-11.7837,0.8817,-0.3821,-0.2767,0.9980,364,41.433586,-3.7250,0.3088
BiancaGolden_CircleTurns,-572.2582,30.4896,201.8369,10.1697,-14.7514,-13.1880,0.8061,-0.5064,-0.3063,0.9980,365,41.448750,-3.7226,0.3049
BiancaGolden_CircleTurns,-572.0180,30.1044,201.7943,10.6076,-14.8074,-14.5006,0.7949,-0.5235,-0.3067,0.9980,365,41.462692,-3.7202,0.3010
BiancaGolden_CircleTurns,-571.8016,29.6720,201.7504,10.9800,-14.9612,-15.6878,0.7438,-0.5813,-0.3298,0.9980,366,41.480499,-3.7180,0.2967
BiancaGolden_CircleTurns,-571.5830,29.2130,201.7112,11.1271,-15.1013,-16.8166,0.6983,-0.6344,-0.3315,0.9980,366,41.491402,-3.7158,0.2921
BiancaGolden_CircleTurns,-571.3806,28.7475,201.7087,11.1171,-15.2606,-17.9952,0.6857,-0.6471,-0.3332,0.9980,366,41.504074,-3.7138,0.2875
BiancaGolden_CircleTurns,-571.1734,28.2430,201.6929,11.1192,-15.3764,-19.0649,0.6313,-0.6906,-0.3529,0.9980,367,41.517773,-3.7117,0.2824
BiancaGolden_CircleTurns,-571.0146,27.7009,201.6869,10.9780,-15.5017,-20.1214,0.5811,-0.7239,-0.3718,0.9980,367,41.530891,-3.7101,0.2770
BiancaGolden_CircleTurns,-570.8438,27.1266,201.7103,10.7628,-15.5472,-21.1897,0.5343,-0.7457,-0.3981,0.9980,367,41.545650,-3.7084,0.2713
BiancaGolden_CircleTurns,-570.6738,26.4761,201.7743,10.4836,-15.3931,-22.1895,0.4712,-0.7718,-0.4269,0.9980,368,41.559536,-3.7067,0.2648
BiancaGolden_CircleTurns,-570.5139,25.8109,201.8333,10.2722,-15.1849,-23.1401,0.4434,-0.7703,-0.4582,0.9980,368,41.572887,-3.7051,0.2581
BiancaGolden_CircleTurns,-570.3731,25.1335,201.8591,9.9994,-14.9660,-24.0020,0.4340,-0.7760,-0.4578,0.9980,369,41.587799,-3.7037,0.2513
BiancaGolden_CircleTurns,-570.2509,24.4333,201.8638,9.7886,-14.7833,-24.7976,0.4249,-0.7804,-0.4588,0.9980,369,41.601898,-3.7025,0.2443
BiancaGolden_CircleTurns,-570.1267,23.7033,201.8962,9.5421,-14.6826,-25.5370,0.4234,-0.7779,-0.4643,0.9980,370,41.615692,-3.7013,0.2370
BiancaGolden_CircleTurns,-570.0002,22.9533,201.9182,9.2426,-14.5548,-26.3115,0.4387,-0.7642,-0.4729,0.9980,370,41.629284,-3.7000,0.2295
BiancaGolden_CircleTurns,-569.9023,22.1787,201.8919,8.8185,-14.5051,-27.0426,0.4478,-0.7558,-0.4777,0.9980,370,41.643902,-3.6990,0.2218
BiancaGolden_CircleTurns,-569.7878,21.3815,201.8564,8.3067,-14.5844,-27.7764,0.4613,-0.7472,-0.4784,0.9980,371,41.657143,-3.6979,0.2138
BiancaGolden_CircleTurns,-569.6465,20.5307,201.8497,7.9696,-14.7174,-28.3729,0.4532,-0.7522,-0.4783,0.9980,371,41.670712,-3.6965,0.2053
BiancaGolden_CircleTurns,-569.5332,19.6702,201.8793,8.0267,-14.7374,-28.9788,0.4598,-0.7453,-0.4829,0.9980,372,41.685806,-3.6953,0.1967
BiancaGolden_CircleTurns,-569.4318,18.7397,201.8554,8.0321,-14.7172,-29.4529,0.4597,-0.7432,-0.4861,0.9980,372,41.699680,-3.6943,0.1874
BiancaGolden_CircleTurns,-569.3002,17.8802,201.8195,7.8136,-14.6778,-30.0511,0.4608,-0.7414,-0.4879,0.9980,373,41.715073,-3.6930,0.1788
BiancaGolden_CircleTurns,-569.1831,16.9897,201.7813,7.5975,-14.6035,-30.4282,0.4652,-0.7315,-0.4985,0.9980,373,41.727287,-3.6918,0.1699
BiancaGolden_CircleTurns,-569.0549,16.0933,201.7141,7.2727,-14.5235,-30.6519,0.4811,-0.7116,-0.5120,0.9980,373,41.741840,-3.6905,0.1609
BiancaGolden_CircleTurns,-568.9415,15.1749,201.6453,6.9446,-14.4481,-30.8685,0.4798,-0.7122,-0.5123,0.9980,374,41.755222,-3.6894,0.1517
BiancaGolden_CircleTurns,-568.8365,14.2175,201.5681,6.7452,-14.3867,-31.0308,0.4827,-0.7074,-0.5162,0.9980,374,41.768131,-3.6884,0.1422
BiancaGolden_CircleTurns,-568.7313,13.2711,201.5081,6.5243,-14.4538,-31.1396,0.4904,-0.7008,-0.5180,0.9980,375,41.783630,-3.6873,0.1327
BiancaGolden_CircleTurns,-568.6296,12.2860,201.4319,6.4066,-14.5573,-31.0986,0.4991,-0.6912,-0.5226,0.9980,375,41.796677,-3.6863,0.1229
BiancaGolden_CircleTurns,-568.5110,11.3263,201.3834,6.3797,-14.7876,-30.9343,0.5076,-0.6827,-0.5256,0.9980,375,41.811146,-3.6851,0.1133
BiancaGolden_CircleTurns,-568.3773,10.3471,201.3662,6.3505,-14.9827,-30.6738,0.5184,-0.6697,-0.5318,0.9980,376,41.824753,-3.6838,0.1035
BiancaGolden_CircleTurns,-568.2560,9.3724,201.3586,6.1328,-15.2018,-30.2803,0.5225,-0.6633,-0.5358,0.9980,376,41.837971,-3.6826,0.0937
BiancaGolden_CircleTurns,-568.1470,8.3613,201.3272,5.9530,-15.4255,-29.7893,0.5272,-0.6562,-0.5399,0.9980,377,41.853722,-3.6815,0.0836
BiancaGolden_CircleTurns,-568.0334,7.3458,201.3261,5.7089,-15.6304,-29.2691,0.5323,-0.6439,-0.5497,0.9980,377,41.867249,-3.6803,0.0735
BiancaGolden_CircleTurns,-567.9128,6.3228,201.4067,5.4004,-15.7007,-28.7615,0.5427,-0.6320,-0.5532,0.9980,378,41.881073,-3.6791,0.0632
BiancaGolden_CircleTurns,-567.8312,5.3214,201.4534,4.9924,-15.7239,-28.2402,0.5485,-0.6251,-0.5554,0.9980,378,41.895264,-3.6783,0.0532
BiancaGolden_CircleTurns,-567.7773,4.3395,201.4247,4.6989,-15.7815,-27.7095,0.5588,-0.6179,-0.5532,0.9980,378,41.908909,-3.6778,0.0434
BiancaGolden_CircleTurns,-567.7296,3.3635,201.3656,4.4669,-15.7601,-27.0576,0.5741,-0.6080,-0.5484,0.9980,379,41.922165,-3.6773,0.0336
BiancaGolden_CircleTurns,-567.6866,2.4788,201.2696,4.2838,-15.6288,-26.2917,0.5860,-0.5986,-0.5461,0.9980,379,41.935551,-3.6769,0.0248
BiancaGolden_CircleTurns,-567.6383,1.6134,201.1870,4.0950,-15.4008,-25.3654,0.7602,-0.4798,-0.4381,0.9980,380,41.950672,-3.6764,0.0161
BiancaGolden_CircleTurns,-567.5661,0.8152,201.1385,3.8503,-15.1717,-24.3336,0.7704,-0.4659,-0.4352,0.9980,380,41.964268,-3.6757,0.0082
BiancaGolden_CircleTurns,-567.4574,0.0504,201.1278,3.4852,-14.9274,-23.2827,0.9185,-0.2780,-0.2810,0.9980,381,41.981689,-3.6746,0.0005
BiancaGolden_CircleTurns,-567.3493,-0.6934,201.1614,2.7734,-14.6940,-22.2444,0.9242,-0.2623,-0.2776,0.9980,381,41.992474,-3.6735,-0.0069
BiancaGolden_CircleTurns,-567.2457,-1.3898,201.1938,1.9789,-14.5595,-21.2642,0.9289,-0.2477,-0.2754,0.9980,381,42.006039,-3.6725,-0.0139
BiancaGolden_CircleTurns,-567.1308,-2.0645,201.2062,1.2496,-14.4965,-20.3737,0.9616,-0.1404,-0.2359,0.9980,382,42.020267,-3.6713,-0.0206
BiancaGolden_CircleTurns,-567.0054,-2.7110,201.2513,0.7349,-14.4678,-19.4738,0.9832,0.0212,-0.1814,0.9980,382,42.033539,-3.6701,-0.0271
BiancaGolden_CircleTurns,-566.8311,-3.3434,201.3851,0.2206,-14.4482,-18.7265,0.9827,0.0580,-0.1759,0.9980,383,42.047554,-3.6683,-0.0334
BiancaGolden_CircleTurns,-566.6288,-3.9860,201.5660,-0.2002,-14.4008,-18.1259,0.9828,0.0633,-0.1733,0.9980,383,42.061825,-3.6663,-0.0399
BiancaGolden_CircleTurns,-566.3821,-4.6005,201.8009,-0.4063,-14.2931,-17.7380,0.9807,0.0711,-0.1819,0.9980,383,42.075558,-3.6638,-0.0460
BiancaGolden_CircleTurns,-566.1420,-5.1990,202.0062,-0.4646,-14.1959,-17.3800,0.9803,0.0783,-0.1811,0.9980,384,42.089088,-3.6614,-0.0520
BiancaGolden_CircleTurns,-565.8525,-5.7662,202.1836,-0.3290,-14.0909,-16.9673,0.9788,0.0508,-0.1986,0.9980,384,42.102222,-3.6585,-0.0577
BiancaGolden_CircleTurns,-565.5401,-6.2940,202.3494,-0.3298,-14.0166,-16.4872,0.9768,0.0518,-0.2079,0.9980,385,42.117279,-3.6554,-0.0629
BiancaGolden_CircleTurns,-565.2325,-6.8002,202.4711,-0.3836,-13.9270,-15.9865,0.9765,0.0590,-0.2072,0.9980,385,42.130840,-3.6523,-0.0680
BiancaGolden_CircleTurns,-564.9128,-7.3067,202.5377,-0.3512,-13.8758,-15.5649,0.9757,0.0604,-0.2108,0.9980,385,42.145126,-3.6491,-0.0731
BiancaGolden_CircleTurns,-564.5968,-7.8370,202.5829,-0.2609,-13.8105,-15.1195,0.9752,0.0671,-0.2111,0.9980,386,42.158932,-3.6460,-0.0784
BiancaGolden_CircleTurns,-564.2605,-8.3554,202.6137,-0.1234,-13.7811,-14.7291,0.9727,0.0639,-0.2233,0.9980,386,42.172977,-3.6426,-0.0836
BiancaGolden_CircleTurns,-563.8997,-8.8541,202.6369,0.0385,-13.7943,-14.3682,0.9722,0.0704,-0.2235,0.9980,387,42.187878,-3.6390,-0.0885
BiancaGolden_CircleTurns,-563.5089,-9.3385,202.6667,0.0512,-13.8164,-13.9521,0.9737,0.0375,-0.2247,0.9980,387,42.202606,-3.6351,-0.0934
BiancaGolden_CircleTurns,-563.0952,-9.7833,202.6808,-0.1251,-13.8153,-13.5943,0.9739,0.0422,-0.2228,0.9980,388,42.216831,-3.6310,-0.0978
BiancaGolden_CircleTurns,-562.6785,-10.2260,202.6581,-0.4356,-13.7870,-13.3061,0.9729,0.0309,-0.2290,0.9980,388,42.230850,-3.6268,-0.1023
BiancaGolden_CircleTurns,-562.2405,-10.6742,202.6184,-0.7603,-13.7712,-13.0838,0.9732,0.0328,-0.2277,0.9980,388,42.244087,-3.6224,-0.1067
BiancaGolden_CircleTurns,-561.7721,-11.1091,202.5707,-1.0522,-13.7652,-12.9717,0.9733,0.0339,-0.2270,0.9980,389,42.258503,-3.6177,-0.1111
BiancaGolden_CircleTurns,-561.2769,-11.5248,202.5309,-1.2726,-13.7835,-12.8995,0.9731,0.0342,-0.2277,0.9980,389,42.271275,-3.6128,-0.1152
BiancaGolden_CircleTurns,-560.7675,-11.9239,202.4831,-1.4161,-13.8157,-12.8142,0.9724,0.0281,-0.2316,0.9980,390,42.285885,-3.6077,-0.1192
BiancaGolden_CircleTurns,-560.2416,-12.2921,202.4243,-1.5643,-13.8188,-12.7054,0.9726,0.0296,-0.2304,0.9980,390,42.299023,-3.6024,-0.1229
BiancaGolden_CircleTurns,-559.6600,-12.6559,202.3768,-1.7300,-13.7979,-12.5939,0.9727,0.0210,-0.2311,0.9980,391,42.313400,-3.5966,-0.1266
BiancaGolden_CircleTurns,-559.0716,-13.0153,202.3282,-1.9023,-13.7401,-12.4927,0.9732,0.0112,-0.2299,0.9980,391,42.327011,-3.5907,-0.1302
BiancaGolden_CircleTurns,-558.4265,-13.3428,202.2783,-2.0765,-13.6324,-12.5113,0.9735,0.0116,-0.2284,0.9980,391,42.341164,-3.5843,-0.1334
BiancaGolden_CircleTurns,-557.8310,-13.6747,202.2064,-2.1943,-13.5686,-12.4793,0.9729,0.0110,-0.2310,0.9980,392,42.354580,-3.5783,-0.1367
BiancaGolden_CircleTurns,-557.2020,-13.9664,202.0953,-2.2179,-13.5044,-12.4867,0.9729,0.0089,-0.2309,0.9980,392,42.367683,-3.5720,-0.1397
BiancaGolden_CircleTurns,-556.5432,-14.2059,201.9412,-2.1935,-13.4838,-12.4960,0.9720,0.0099,-0.2350,0.9980,393,42.382664,-3.5654,-0.1421
BiancaGolden_CircleTurns,-555.8739,-14.4254,201.8007,-2.2301,-13.4418,-12.4622,0.9720,0.0099,-0.2348,0.9980,393,42.396641,-3.5587,-0.1443
BiancaGolden_CircleTurns,-555.2032,-14.6221,201.6500,-2.2967,-13.4483,-12.4586,0.9720,0.0123,-0.2346,0.9980,393,42.410328,-3.5520,-0.1462
BiancaGolden_CircleTurns,-554.5374,-14.8247,201.4741,-2.3518,-13.4642,-12.4897,0.9717,0.0100,-0.2359,0.9980,394,42.424118,-3.5454,-0.1482
BiancaGolden_CircleTurns,-553.8514,-15.0145,201.2718,-2.2341,-13.5111,-12.6284,0.9707,0.0078,-0.2400,0.9980,394,42.437931,-3.5385,-0.1501
BiancaGolden_CircleTurns,-553.1454,-15.2110,201.0960,-2.0824,-13.5370,-12.7764,0.9692,-0.0020,-0.2463,0.9980,395,42.451996,-3.5315,-0.1521
BiancaGolden_CircleTurns,-552.3949,-15.3855,200.9938,-1.9095,-13.5532,-12.9521,0.9690,-0.0057,-0.2470,0.9980,395,42.465336,-3.5239,-0.1539
BiancaGolden_CircleTurns,-551.6070,-15.5217,201.0026,-1.8634,-13.5423,-13.1608,0.9691,-0.0083,-0.2466,0.9980,396,42.483665,-3.5161,-0.1552
BiancaGolden_CircleTurns,-550.8654,-15.6275,200.9455,-1.8343,-13.5121,-13.3336,0.9688,-0.0107,-0.2475,0.9980,396,42.493557,-3.5087,-0.1563
BiancaGolden_CircleTurns,-550.0861,-15.7183,200.8569,-1.8142,-13.5614,-13.4752,0.9688,-0.0126,-0.2474,0.9980,396,42.507061,-3.5009,-0.1572
BiancaGolden_CircleTurns,-549.2199,-15.8198,200.9019,-1.7732,-13.5482,-13.5911,0.9702,-0.0113,-0.2421,0.9980,397,42.520855,-3.4922,-0.1582
BiancaGolden_CircleTurns,-548.2785,-15.9326,201.1308,-1.7422,-13.2874,-13.7629,0.9728,-0.0169,-0.2312,0.9980,397,42.533897,-3.4828,-0.1593
BiancaGolden_CircleTurns,-547.4145,-16.0044,201.1957,-1.7095,-12.6118,-13.9794,0.9745,-0.0197,-0.2236,0.9980,398,42.548931,-3.4741,-0.1600
BiancaGolden_CircleTurns,-546.6318,-16.0851,201.0526,-1.5692,-12.1303,-14.1103,0.9754,-0.0201,-0.2197,0.9980,398,42.562332,-3.4663,-0.1609
BiancaGolden_CircleTurns,-545.8300,-16.1873,200.9885,-1.3253,-11.8400,-14.1758,0.9757,-0.0193,-0.2182,0.9980,398,42.576279,-3.4583,-0.1619
BiancaGolden_CircleTurns,-545.0435,-16.2757,201.1188,-1.0264,-11.6823,-14.1190,0.9754,-0.0184,-0.2198,0.9980,399,42.589840,-3.4504,-0.1628
BiancaGolden_CircleTurns,-544.2793,-16.3761,201.2930,-0.8069,-11.7345,-14.0682,0.9735,-0.0165,-0.2281,0.9980,399,42.603455,-3.4428,-0.1638
BiancaGolden_CircleTurns,-543.5060,-16.4999,201.4958,-0.6269,-11.9263,-13.9876,0.9695,-0.0072,-0.2450,0.9980,400,42.618298,-3.4351,-0.1650
BiancaGolden_CircleTurns,-542.7685,-16.6338,201.7448,-0.5331,-12.2187,-13.9343,0.9682,-0.0070,-0.2500,0.9980,400,42.631962,-3.4277,-0.1663
BiancaGolden_CircleTurns,-542.0365,-16.7739,202.0136,-0.5390,-12.5236,-13.9418,0.9652,-0.0094,-0.2613,0.9980,401,42.646873,-3.4204,-0.1677
BiancaGolden_CircleTurns,-541.3119,-16.9257,202.2810,-0.7195,-12.7758,-13.9968,0.9648,-0.0115,-0.2628,0.9980,401,42.659523,-3.4131,-0.1693
BiancaGolden_CircleTurns,-540.6205,-17.0907,202.4369,-0.8815,-12.7921,-14.1362,0.9655,-0.0153,-0.2601,0.9980,401,42.674366,-3.4062,-0.1709
BiancaGolden_CircleTurns,-539.9340,-17.2874,202.5272,-0.9317,-12.6214,-14.2818,0.9668,-0.0181,-0.2548,0.9980,402,42.688007,-3.3993,-0.1729
BiancaGolden_CircleTurns,-539.2338,-17.5152,202.5967,-0.8548,-12.2793,-14.4229,0.9688,-0.0249,-0.2468,0.9980,402,42.700413,-3.3923,-0.1752
BiancaGolden_CircleTurns,-538.5384,-17.7729,202.6892,-0.6512,-11.7305,-14.5685,0.9703,-0.0275,-0.2404,0.9980,403,42.715206,-3.3854,-0.1777
BiancaGolden_CircleTurns,-537.8623,-18.0169,202.8546,-0.4042,-11.2903,-14.6873,0.9707,-0.0296,-0.2383,0.9980,403,42.729496,-3.3786,-0.1802
BiancaGolden_CircleTurns,-537.1967,-18.2632,203.0265,-0.1438,-11.0336,-14.7104,0.9710,-0.0288,-0.2372,0.9980,403,42.743809,-3.3720,-0.1826
BiancaGolden_CircleTurns,-536.5195,-18.5133,203.2239,0.0397,-10.9291,-14.6505,0.9713,-0.0264,-0.2363,0.9980,404,42.756737,-3.3652,-0.1851
BiancaGolden_CircleTurns,-535.8711,-18.7682,203.3949,0.1089,-10.8564,-14.4982,0.9696,-0.0210,-0.2439,0.9980,404,42.770039,-3.3587,-0.1877
BiancaGolden_CircleTurns,-535.2702,-19.0191,203.4695,-0.1369,-10.8771,-14.3146,0.9701,-0.0097,-0.2425,0.9980,405,42.784599,-3.3527,-0.1902
BiancaGolden_CircleTurns,-534.6625,-19.3050,203.5157,-0.2904,-10.7541,-14.2030,0.9710,-0.0033,-0.2392,0.9980,405,42.798645,-3.3466,-0.1930
BiancaGolden_CircleTurns,-534.0988,-19.6111,203.5008,-0.4598,-10.5845,-14.0572,0.9703,-0.0024,-0.2419,0.9980,406,42.813339,-3.3410,-0.1961
BiancaGolden_CircleTurns,-533.5260,-19.9845,203.4796,-0.4794,-10.3488,-13.9455,0.9702,0.0001,-0.2423,0.9980,406,42.826199,-3.3353,-0.1998
BiancaGolden_CircleTurns,-532.9814,-20.3487,203.4882,-0.4237,-10.1271,-13.8351,0.9707,0.0019,-0.2404,0.9980,406,42.841034,-3.3298,-0.2035
BiancaGolden_CircleTurns,-532.4456,-20.7136,203.5251,-0.3707,-9.9924,-13.7094,0.9698,0.0047,-0.2437,0.9980,407,42.857162,-3.3245,-0.2071
BiancaGolden_CircleTurns,-531.9599,-21.0928,203.5344,-0.4438,-9.9792,-13.5642,0.9682,0.0076,-0.2503,0.9980,407,42.867203,-3.3196,-0.2109
BiancaGolden_CircleTurns,-531.4919,-21.4780,203.5276,-0.6105,-10.0722,-13.4287,0.9664,0.0113,-0.2569,0.9980,408,42.882141,-3.3149,-0.2148
BiancaGolden_CircleTurns,-531.0546,-21.9056,203.5137,-0.8230,-10.2665,-13.2885,0.9652,0.0140,-0.2612,0.9980,408,42.897034,-3.3105,-0.2191
BiancaGolden_CircleTurns,-530.6250,-22.3470,203.4991,-1.0804,-10.4525,-13.1677,0.9650,0.0159,-0.2618,0.9980,408,42.910671,-3.3063,-0.2235
BiancaGolden_CircleTurns,-530.2033,-22.8107,203.4877,-1.2436,-10.5348,-13.0704,0.9631,0.0188,-0.2686,0.9980,409,42.923862,-3.3020,-0.2281
BiancaGolden_CircleTurns,-529.7767,-23.2957,203.4759,-1.3377,-10.4933,-12.9444,0.9641,0.0205,-0.2646,0.9980,409,42.936668,-3.2978,-0.2330
BiancaGolden_CircleTurns,-529.3523,-23.8298,203.4704,-1.4198,-10.2732,-12.8330,0.9643,0.0211,-0.2639,0.9980,410,42.951618,-3.2935,-0.2383
BiancaGolden_CircleTurns,-528.9386,-24.3660,203.4361,-1.5077,-10.0416,-12.7724,0.9661,0.0188,-0.2576,0.9980,410,42.965508,-3.2894,-0.2437
BiancaGolden_CircleTurns,-528.5423,-24.9200,203.3645,-1.5747,-9.7540,-12.7187,0.9673,0.0120,-0.2532,0.9980,411,42.983250,-3.2854,-0.2492
BiancaGolden_CircleTurns,-528.1790,-25.4975,203.2477,-1.5777,-9.4527,-12.6898,0.9685,0.0127,-0.2487,0.9980,411,42.994251,-3.2818,-0.2550
BiancaGolden_CircleTurns,-527.8360,-26.0908,203.1063,-1.5564,-9.1769,-12.6333,0.9685,0.0116,-0.2486,0.9980,411,43.007797,-3.2784,-0.2609
BiancaGolden_CircleTurns,-527.4965,-26.6888,202.9668,-1.6182,-8.9740,-12.5474,0.9692,0.0134,-0.2460,0.9980,412,43.020958,-3.2750,-0.2669
BiancaGolden_CircleTurns,-527.1777,-27.3093,202.7958,-1.7390,-8.8396,-12.4468,0.9691,0.0157,-0.2463,0.9980,412,43.034943,-3.2718,-0.2731
BiancaGolden_CircleTurns,-526.8869,-27.9588,202.6262,-1.8470,-8.8069,-12.3218,0.9689,0.0184,-0.2469,0.9980,413,43.050068,-3.2689,-0.2796
BiancaGolden_CircleTurns,-526.6011,-28.6221,202.4833,-1.9817,-8.8745,-12.1773,0.9638,0.0219,-0.2659,0.9980,413,43.062740,-3.2660,-0.2862
BiancaGolden_CircleTurns,-526.2719,-29.3320,202.4904,-2.1306,-8.9661,-11.9718,0.9641,0.0246,-0.2644,0.9980,413,43.077587,-3.2627,-0.2933
BiancaGolden_CircleTurns,-525.9551,-30.0332,202.5293,-2.3467,-8.9235,-11.8326,0.9628,0.0278,-0.2686,0.9980,414,43.091621,-3.2596,-0.3003
BiancaGolden_CircleTurns,-525.6532,-30.7492,202.5296,-2.6487,-8.8078,-11.7130,0.9640,0.0300,-0.2643,0.9980,414,43.103580,-3.2565,-0.3075
BiancaGolden_CircleTurns,-525.3536,-31.4777,202.4351,-2.8747,-8.5930,-11.5971,0.9655,0.0250,-0.2594,0.9980,415,43.118561,-3.2535,-0.3148
BiancaGolden_CircleTurns,-525.0539,-32.2232,202.3543,-2.9212,-8.3227,-11.4151,0.9670,0.0279,-0.2534,0.9980,415,43.132080,-3.2505,-0.3222
BiancaGolden_CircleTurns,-524.7202,-32.9895,202.3377,-2.9115,-7.9591,-11.2212,0.9672,0.0317,-0.2522,0.9980,416,43.146858,-3.2472,-0.3299
BiancaGolden_CircleTurns,-524.3552,-33.8021,202.4196,-2.8573,-7.5566,-10.9911,0.9684,0.0268,-0.2482,0.9980,416,43.160118,-3.2436,-0.3380
BiancaGolden_CircleTurns,-523.9422,-34.6358,202.6137,-2.8823,-7.1801,-10.7742,0.9706,0.0290,-0.2390,0.9980,416,43.174126,-3.2394,-0.3464
BiancaGolden_CircleTurns,-523.5447,-35.4546,202.8420,-2.9320,-6.6381,-10.6250,0.9710,0.0265,-0.2377,0.9980,417,43.187706,-3.2354,-0.3545
BiancaGolden_CircleTurns,-523.2513,-36.2174,202.7188,-3.0538,-6.1852,-10.5084,0.9714,0.0290,-0.2357,0.9980,417,43.201202,-3.2325,-0.3622
BiancaGolden_CircleTurns,-522.9159,-37.0110,202.5142,-3.0880,-6.0594,-10.3597,0.9705,0.0362,-0.2385,0.9980,418,43.216064,-3.2292,-0.3701
BiancaGolden_CircleTurns,-522.5134,-37.8179,202.5961,-3.0925,-5.9100,-10.1538,0.9676,0.0416,-0.2490,0.9980,418,43.229748,-3.2251,-0.3782
BiancaGolden_CircleTurns,-522.1389,-38.6198,202.8573,-3.0466,-5.8425,-9.8932,0.9680,0.0457,-0.2469,0.9980,418,43.244289,-3.2214,-0.3862
BiancaGolden_CircleTurns,-521.7675,-39.4064,202.9261,-2.9228,-5.6867,-9.6267,0.9622,0.0509,-0.2674,0.9980,419,43.258049,-3.2177,-0.3941
BiancaGolden_CircleTurns,-521.4227,-40.1758,202.8270,-2.7496,-5.6514,-9.3455,0.9605,0.0430,-0.2748,0.9980,419,43.271175,-3.2142,-0.4018
BiancaGolden_CircleTurns,-521.0305,-40.9350,202.8217,-2.6468,-5.7569,-9.0876,0.9595,0.0473,-0.2777,0.9980,420,43.286350,-3.2103,-0.4093
BiancaGolden_CircleTurns,-520.6392,-41.6987,202.9686,-2.7107,-5.8029,-8.8576,0.9565,0.0480,-0.2878,0.9980,420,43.300919,-3.2064,-0.4170
BiancaGolden_CircleTurns,-520.2254,-42.4330,203.1857,-2.8735,-5.9044,-8.7162,0.9557,0.0486,-0.2902,0.9980,421,43.314209,-3.2023,-0.4243
BiancaGolden_CircleTurns,-519.8253,-43.1407,203.3124,-3.0461,-5.9418,-8.6157,0.9552,0.0508,-0.2915,0.9980,421,43.327419,-3.1983,-0.4314
BiancaGolden_CircleTurns,-519.4241,-43.8035,203.3804,-3.2616,-6.0723,-8.5312,0.9543,0.0469,-0.2951,0.9980,421,43.342064,-3.1942,-0.4380
BiancaGolden_CircleTurns,-519.0206,-44.4340,203.4396,-3.4888,-6.1795,-8.3790,0.9542,0.0498,-0.2948,0.9980,422,43.355320,-3.1902,-0.4443
BiancaGolden_CircleTurns,-518.6034,-45.0417,203.5030,-3.7062,-6.1956,-8.2341,0.9543,0.0521,-0.2941,0.9980,422,43.368534,-3.1860,-0.4504
BiancaGolden_CircleTurns,-518.1498,-45.6353,203.5736,-3.7858,-6.1484,-8.0536,0.9550,0.0553,-0.2914,0.9980,423,43.383709,-3.1815,-0.4564
BiancaGolden_CircleTurns,-517.6571,-46.2159,203.6754,-3.7391,-5.9786,-7.8346,0.9559,0.0551,-0.2884,0.9980,423,43.397503,-3.1766,-0.4622
BiancaGolden_CircleTurns,-517.1188,-46.7863,203.8984,-3.7236,-5.7757,-7.6596,0.9570,0.0572,-0.2845,0.9980,423,43.411896,-3.1712,-0.4679
BiancaGolden_CircleTurns,-516.6043,-47.3338,204.0956,-3.8422,-5.5745,-7.5329,0.9558,0.0551,-0.2888,0.9980,424,43.425838,-3.1660,-0.4733
BiancaGolden_CircleTurns,-516.0979,-47.8282,204.1940,-3.9908,-5.4514,-7.4127,0.9551,0.0554,-0.2910,0.9980,424,43.438778,-3.1610,-0.4783
BiancaGolden_CircleTurns,-515.5787,-48.2948,204.2292,-4.1215,-5.5108,-7.2634,0.9546,0.0595,-0.2919,0.9980,425,43.453907,-3.1558,-0.4829
BiancaGolden_CircleTurns,-515.0359,-48.7190,204.2911,-4.2520,-5.5991,-7.1112,0.9548,0.0573,-0.2918,0.9980,425,43.467869,-3.1504,-0.4872
BiancaGolden_CircleTurns,-514.4650,-49.1410,204.3721,-4.3033,-5.7618,-6.9150,0.9543,0.0570,-0.2934,0.9980,426,43.484386,-3.1446,-0.4914
BiancaGolden_CircleTurns,-513.8687,-49.5265,204.4384,-4.2636,-5.8257,-6.6907,0.9539,0.0604,-0.2940,0.9980,426,43.496044,-3.1387,-0.4953
BiancaGolden_CircleTurns,-513.2837,-49.9149,204.4725,-4.2256,-5.8555,-6.4812,0.9506,0.0624,-0.3040,0.9980,426,43.509411,-3.1328,-0.4991
BiancaGolden_CircleTurns,-512.6937,-50.2687,204.4512,-4.1067,-5.9007,-6.2531,0.9493,0.0619,-0.3082,0.9980,427,43.522800,-3.1269,-0.5027
BiancaGolden_CircleTurns,-512.0821,-50.5972,204.4136,-3.9313,-5.9480,-5.9827,0.9494,0.0613,-0.3080,0.9980,427,43.535637,-3.1208,-0.5060
BiancaGolden_CircleTurns,-511.4477,-50.9199,204.4011,-3.7666,-6.0372,-5.7232,0.9480,0.0645,-0.3116,0.9980,428,43.550964,-3.1145,-0.5092
BiancaGolden_CircleTurns,-510.8079,-51.2266,204.4027,-3.6514,-6.0887,-5.5010,0.9472,0.0616,-0.3146,0.9980,428,43.564289,-3.1081,-0.5123
BiancaGolden_CircleTurns,-510.1683,-51.5328,204.3727,-3.5437,-6.1556,-5.3222,0.9466,0.0639,-0.3159,0.9980,428,43.578865,-3.1017,-0.5153
BiancaGolden_CircleTurns,-509.5020,-51.8216,204.2965,-3.4267,-6.2214,-5.1574,0.9462,0.0588,-0.3182,0.9980,429,43.592163,-3.0950,-0.5182
BiancaGolden_CircleTurns,-508.8321,-52.1072,204.2232,-3.3126,-6.3001,-5.0217,0.9489,0.0555,-0.3106,0.9980,429,43.605263,-3.0883,-0.5211
BiancaGolden_CircleTurns,-508.1393,-52.3528,204.1131,-3.2552,-6.3790,-4.9936,0.9491,0.0485,-0.3112,0.9980,430,43.620777,-3.0814,-0.5235
BiancaGolden_CircleTurns,-507.4591,-52.5791,203.9670,-3.2394,-6.3996,-5.0171,0.9500,0.0466,-0.3089,0.9980,430,43.634399,-3.0746,-0.5258
BiancaGolden_CircleTurns,-506.7815,-52.7992,203.7882,-3.1774,-6.4319,-5.0360,0.9499,0.0452,-0.3092,0.9980,431,43.648933,-3.0678,-0.5280
BiancaGolden_CircleTurns,-506.0921,-52.9872,203.5786,-3.0809,-6.4385,-5.0993,0.9490,0.0434,-0.3123,0.9980,431,43.662186,-3.0609,-0.5299
BiancaGolden_CircleTurns,-505.3945,-53.1651,203.3822,-2.9521,-6.4334,-5.2015,0.9488,0.0401,-0.3134,0.9980,431,43.676235,-3.0539,-0.5317
BiancaGolden_CircleTurns,-504.7340,-53.3029,203.1647,-2.9622,-6.4804,-5.3855,0.9422,0.0389,-0.3328,0.9980,432,43.690269,-3.0473,-0.5330
BiancaGolden_CircleTurns,-504.0749,-53.4154,202.9627,-3.0958,-6.6995,-5.6069,0.9390,-0.0020,-0.3439,0.9980,432,43.703255,-3.0407,-0.5342
BiancaGolden_CircleTurns,-503.4354,-53.4995,202.8301,-3.2615,-7.0720,-5.8803,0.9201,-0.1930,-0.3408,0.9980,432,43.717957,-3.0344,-0.5350
BiancaGolden_CircleTurns,-502.8109,-53.5261,202.7609,-3.4327,-7.5683,-6.2192,0.9238,-0.1978,-0.3277,0.9980,0,43.731403,-3.0281,-0.5353
BiancaGolden_CircleTurns,-502.1676,-53.5344,202.7014,-3.4548,-8.0358,-6.5122,0.9206,-0.2019,-0.3343,0.9980,0,43.746326,-3.0217,-0.5353
BiancaGolden_CircleTurns,-501.4549,-53.5355,202.7800,-3.3527,-8.4329,-6.7501,0.9312,-0.1621,-0.3265,0.9980,1,43.760700,-3.0145,-0.5354
BiancaGolden_CircleTurns,-500.6866,-53.5522,203.1620,-3.2252,-8.5819,-7.0776,0.9468,-0.0786,-0.3121,0.9980,1,43.775791,-3.0069,-0.5355
BiancaGolden_CircleTurns,-499.9167,-53.5434,203.5280,-3.0979,-8.3737,-7.4147,0.9509,-0.0887,-0.2965,0.9980,2,43.789268,-2.9992,-0.5354
BiancaGolden_CircleTurns,-499.1902,-53.4671,203.5070,-2.9128,-7.4240,-7.9476,0.9520,-0.1043,-0.2879,0.9980,2,43.802330,-2.9919,-0.5347
BiancaGolden_CircleTurns,-498.5095,-53.4066,203.3084,-2.6455,-6.8682,-8.2994,0.9547,-0.1097,-0.2768,0.9980,3,43.816429,-2.9851,-0.5341
BiancaGolden_CircleTurns,-497.8333,-53.3410,203.2157,-2.2138,-6.2276,-8.5272,0.9651,-0.1311,-0.2267,0.9980,3,43.829742,-2.9783,-0.5334
BiancaGolden_CircleTurns,-497.1885,-53.2903,203.2231,-1.7914,-5.7193,-8.6815,0.9660,-0.1317,-0.2227,0.9980,3,43.844536,-2.9719,-0.5329
BiancaGolden_CircleTurns,-496.5706,-53.2167,203.3101,-1.3785,-5.4744,-8.6546,0.9618,-0.1579,-0.2234,0.9980,4,43.858025,-2.9657,-0.5322
BiancaGolden_CircleTurns,-495.9501,-53.1464,203.4496,-1.1200,-5.4074,-8.5176,0.9650,-0.1081,-0.2391,0.9980,4,43.870525,-2.9595,-0.5315
BiancaGolden_CircleTurns,-495.3587,-53.0593,203.5967,-1.0413,-5.5443,-8.3431,0.9660,-0.0540,-0.2530,0.9980,5,43.885853,-2.9536,-0.5306
BiancaGolden_CircleTurns,-494.8127,-52.9788,203.6326,-1.2402,-5.9206,-8.0367,0.9629,-0.0118,-0.2695,0.9980,5,43.899387,-2.9481,-0.5298
BiancaGolden_CircleTurns,-494.2567,-52.9301,203.6116,-1.4312,-6.2298,-7.8366,0.9622,-0.0085,-0.2722,0.9980,6,43.913837,-2.9426,-0.5293
BiancaGolden_CircleTurns,-493.6815,-52.8953,203.5997,-1.5367,-6.4021,-7.6799,0.9597,-0.0018,-0.2810,0.9980,6,43.927467,-2.9368,-0.5290
BiancaGolden_CircleTurns,-493.0949,-52.9105,203.6304,-1.5322,-6.3849,-7.5390,0.9609,0.0095,-0.2766,0.9980,6,43.941502,-2.9309,-0.5291
BiancaGolden_CircleTurns,-492.5068,-52.9330,203.7208,-1.4241,-6.1366,-7.4308,0.9645,0.0140,-0.2638,0.9980,7,43.955036,-2.9251,-0.5293
BiancaGolden_CircleTurns,-491.9011,-52.9772,203.8629,-1.2056,-5.7582,-7.3264,0.9683,0.0187,-0.2490,0.9980,7,43.968399,-2.9190,-0.5298
BiancaGolden_CircleTurns,-491.3389,-53.0188,203.9477,-1.0067,-5.3953,-7.1691,0.9713,0.0329,-0.2356,0.9980,8,43.983280,-2.9134,-0.5302
BiancaGolden_CircleTurns,-490.8263,-53.0683,203.9587,-0.8288,-5.2789,-7.0143,0.9705,0.0353,-0.2386,0.9980,8,44.000591,-2.9083,-0.5307
BiancaGolden_CircleTurns,-490.3402,-53.1442,203.9535,-0.7030,-5.4389,-6.8565,0.9719,0.0376,-0.2322,0.9980,8,44.011890,-2.9034,-0.5314
BiancaGolden_CircleTurns,-489.8609,-53.2220,203.9705,-0.5953,-5.6641,-6.7353,0.9699,0.0383,-0.2404,0.9980,9,44.024433,-2.8986,-0.5322
BiancaGolden_CircleTurns,-489.4143,-53.3312,203.9957,-0.5365,-6.0476,-6.6488,0.9654,0.0348,-0.2584,0.9980,9,44.037960,-2.8941,-0.5333
BiancaGolden_CircleTurns,-488.9923,-53.4803,204.0151,-0.5754,-6.4857,-6.6280,0.9642,0.0312,-0.2632,0.9980,10,44.052555,-2.8899,-0.5348
BiancaGolden_CircleTurns,-488.5582,-53.6228,204.0275,-0.5764,-6.7583,-6.6203,0.9647,0.0273,-0.2620,0.9980,10,44.066158,-2.8856,-0.5362
BiancaGolden_CircleTurns,-488.1561,-53.7732,204.0302,-0.7011,-6.9491,-6.6645,0.9645,0.0269,-0.2628,0.9980,11,44.080814,-2.8816,-0.5377
BiancaGolden_CircleTurns,-487.7464,-53.9237,204.0558,-0.8692,-7.0406,-6.7123,0.9654,0.0263,-0.2594,0.9980,11,44.094189,-2.8775,-0.5392
BiancaGolden_CircleTurns,-487.3509,-54.1115,204.0810,-1.0007,-6.9898,-6.7576,0.9676,0.0198,-0.2518,0.9980,11,44.108437,-2.8735,-0.5411
BiancaGolden_CircleTurns,-486.9656,-54.3099,204.1053,-0.9929,-6.8944,-6.7517,0.9682,0.0180,-0.2495,0.9980,12,44.121956,-2.8697,-0.5431
BiancaGolden_CircleTurns,-486.5831,-54.5316,204.1135,-0.9487,-6.7470,-6.7536,0.9685,0.0185,-0.2484,0.9980,12,44.135086,-2.8658,-0.5453
BiancaGolden_CircleTurns,-486.2109,-54.7467,204.1105,-0.9353,-6.6852,-6.7546,0.9714,0.0182,-0.2366,0.9980,13,44.150414,-2.8621,-0.5475
BiancaGolden_CircleTurns,-485.8340,-54.9956,204.0969,-0.8703,-6.4319,-6.7372,0.9721,0.0188,-0.2337,0.9980,13,44.163780,-2.8583,-0.5500
BiancaGolden_CircleTurns,-485.4521,-55.2402,204.0737,-0.8732,-6.2701,-6.7048,0.9743,0.0219,-0.2243,0.9980,13,44.178520,-2.8545,-0.5524
BiancaGolden_CircleTurns,-485.0536,-55.5271,204.0487,-0.9474,-6.0732,-6.6987,0.9759,0.0876,-0.2000,0.9980,14,44.191853,-2.8505,-0.5553
BiancaGolden_CircleTurns,-484.6634,-55.8280,203.9988,-1.0145,-5.9232,-6.6677,0.9775,0.1168,-0.1759,0.9980,14,44.205101,-2.8466,-0.5583
BiancaGolden_CircleTurns,-484.2718,-56.1416,203.9349,-1.0383,-5.8256,-6.6425,0.9769,0.1225,-0.1754,0.9980,15,44.219978,-2.8427,-0.5614
BiancaGolden_CircleTurns,-483.8886,-56.4867,203.8534,-1.0347,-5.8233,-6.5534,0.9758,0.1286,-0.1768,0.9980,15,44.234058,-2.8389,-0.5649
BiancaGolden_CircleTurns,-483.4957,-56.8380,203.8063,-1.0252,-5.9000,-6.4218,0.9754,0.1308,-0.1773,0.9980,16,44.248196,-2.8350,-0.5684
BiancaGolden_CircleTurns,-483.0835,-57.2022,203.7643,-0.9930,-5.9189,-6.2870,0.9744,0.1350,-0.1798,0.9980,16,44.261585,-2.8308,-0.5720
BiancaGolden_CircleTurns,-482.6532,-57.6025,203.7008,-0.9669,-5.9789,-6.0447,0.9732,0.1394,-0.1831,0.9980,16,44.276371,-2.8265,-0.5760
BiancaGolden_CircleTurns,-482.2295,-58.0066,203.6442,-1.0146,-5.9907,-5.8025,0.9722,0.1431,-0.1855,0.9980,17,44.289467,-2.8223,-0.5801
BiancaGolden_CircleTurns,-481.8074,-58.4286,203.5990,-1.1045,-5.9711,-5.5801,0.9709,0.1462,-0.1899,0.9980,17,44.302689,-2.8181,-0.5843
BiancaGolden_CircleTurns,-481.3612,-58.8922,203.5786,-1.2334,-5.9393,-5.3609,0.9701,0.1504,-0.1902,0.9980,18,44.318020,-2.8136,-0.5889
BiancaGolden_CircleTurns,-480.9170,-59.3795,203.5416,-1.2352,-5.9612,-5.1120,0.9705,0.1490,-0.1895,0.9980,18,44.331299,-2.8092,-0.5938
BiancaGolden_CircleTurns,-480.4780,-59.8672,203.4863,-1.2536,-6.0024,-4.8424,0.9687,0.1545,-0.1942,0.9980,19,44.346142,-2.8048,-0.5987
BiancaGolden_CircleTurns,-480.0375,-60.3702,203.4040,-1.3876,-6.0803,-4.5068,0.9674,0.1596,-0.1967,0.9980,19,44.359566,-2.8004,-0.6037
BiancaGolden_CircleTurns,-479.5932,-60.8800,203.3485,-1.5252,-6.1583,-4.1823,0.9665,0.1633,-0.1979,0.9980,19,44.373932,-2.7959,-0.6088
BiancaGolden_CircleTurns,-479.1384,-61.4320,203.3123,-1.7614,-6.2319,-3.7834,0.9646,0.1686,-0.2027,0.9980,20,44.387226,-2.7914,-0.6143
BiancaGolden_CircleTurns,-478.6789,-62.0279,203.2486,-1.9330,-6.3283,-3.4054,0.9644,0.1694,-0.2033,0.9980,20,44.400566,-2.7868,-0.6203
BiancaGolden_CircleTurns,-478.2110,-62.6255,203.1648,-2.1526,-6.3934,-3.0540,0.9633,0.1757,-0.2030,0.9980,21,44.415878,-2.7821,-0.6263
BiancaGolden_CircleTurns,-477.7270,-63.2527,203.0828,-2.3575,-6.4267,-2.6954,0.9632,0.1770,-0.2024,0.9980,21,44.429588,-2.7773,-0.6325
BiancaGolden_CircleTurns,-477.2334,-63.8882,203.0021,-2.5805,-6.4519,-2.3465,0.9641,0.1745,-0.2000,0.9980,21,44.443905,-2.7723,-0.6389
BiancaGolden_CircleTurns,-476.7217,-64.5520,202.9066,-2.8016,-6.3877,-1.9808,0.9628,0.1817,-0.2001,0.9980,22,44.457706,-2.7672,-0.6455
BiancaGolden_CircleTurns,-476.1917,-65.2561,202.7932,-3.0646,-6.3261,-1.5700,0.9624,0.1879,-0.1961,0.9980,22,44.470745,-2.7619,-0.6526
BiancaGolden_CircleTurns,-475.6175,-65.9756,202.7295,-3.3487,-6.2826,-1.1544,0.9645,0.1817,-0.1919,0.9980,23,44.485554,-2.7562,-0.6598
BiancaGolden_CircleTurns,-475.0006,-66.7209,202.7495,-3.7365,-6.2566,-0.6488,0.9630,0.1926,-0.1887,0.9980,23,44.504951,-2.7500,-0.6672
BiancaGolden_CircleTurns,-474.3819,-67.4218,202.7049,-4.3866,-6.1973,-0.0567,0.9608,0.2031,-0.1888,0.9980,24,44.515831,-2.7438,-0.6742
BiancaGolden_CircleTurns,-473.8226,-68.0357,202.4647,-5.5640,-6.4296,0.6088,0.9546,0.2197,-0.2014,0.9980,24,44.529526,-2.7382,-0.6804
BiancaGolden_CircleTurns,-472.7305,-69.2891,201.9471,-8.3623,-7.4556,2.0587,0.9483,0.2350,-0.2134,0.9980,24,44.543957,-2.7273,-0.6929
BiancaGolden_CircleTurns,-472.0537,-70.2771,202.0156,-8.8725,-8.1834,3.4283,0.9506,0.2237,-0.2153,0.9980,25,44.556793,-2.7205,-0.7028
BiancaGolden_CircleTurns,-471.8938,-70.5146,202.5161,-6.8828,-7.8543,3.4656,0.9557,0.2134,-0.2026,0.9980,25,44.569675,-2.7189,-0.7051
BiancaGolden_CircleTurns,-471.2027,-71.0315,202.6616,-6.4379,-7.0775,3.0747,0.9552,0.2181,-0.2001,0.9980,26,44.584839,-2.7120,-0.7103
BiancaGolden_CircleTurns,-470.6518,-71.7198,202.5505,-6.7513,-6.9908,3.2609,0.9567,0.2124,-0.1992,0.9980,26,44.597561,-2.7065,-0.7172
BiancaGolden_CircleTurns,-470.0767,-72.2634,202.5659,-6.9073,-6.8647,3.6365,0.9607,0.1952,-0.1974,0.9980,26,44.611622,-2.7008,-0.7226
BiancaGolden_CircleTurns,-469.5241,-72.8542,202.6474,-6.7145,-6.8048,4.1959,0.9598,0.2024,-0.1943,0.9980,27,44.625195,-2.6952,-0.7285
BiancaGolden_CircleTurns,-468.9309,-73.4132,202.8238,-6.1581,-6.5575,4.8113,0.9612,0.1968,-0.1934,0.9980,27,44.638149,-2.6893,-0.7341
BiancaGolden_CircleTurns,-468.3642,-73.8127,203.0500,-6.2544,-6.3503,4.9907,0.9605,0.1968,-0.1969,0.9980,28,44.652851,-2.6836,-0.7381
BiancaGolden_CircleTurns,-467.7930,-74.2290,203.2300,-6.5204,-6.3281,5.2183,0.9595,0.2024,-0.1961,0.9980,28,44.666344,-2.6779,-0.7423
BiancaGolden_CircleTurns,-467.2055,-74.6370,203.3840,-6.4679,-6.2482,5.5791,0.9581,0.2038,-0.2014,0.9980,29,44.680618,-2.6721,-0.7464
BiancaGolden_CircleTurns,-466.6311,-75.0481,203.4865,-6.1162,-6.1532,5.9827,0.9573,0.2060,-0.2027,0.9980,29,44.693954,-2.6663,-0.7505
BiancaGolden_CircleTurns,-466.0700,-75.4073,203.5558,-5.6839,-6.1012,6.3580,0.9564,0.2079,-0.2053,0.9980,29,44.708836,-2.6607,-0.7541
BiancaGolden_CircleTurns,-465.5363,-75.7349,203.5888,-5.2788,-6.1919,6.7189,0.9533,0.2084,-0.2185,0.9980,30,44.721561,-2.6554,-0.7573
BiancaGolden_CircleTurns,-465.0137,-76.0236,203.6621,-5.2923,-6.5053,6.9945,0.9514,0.2096,-0.2256,0.9980,30,44.734482,-2.6501,-0.7602
BiancaGolden_CircleTurns,-464.4822,-76.2905,203.7340,-5.4240,-6.8782,7.1310,0.9495,0.2093,-0.2340,0.9980,31,44.749390,-2.6448,-0.7629
BiancaGolden_CircleTurns,-463.9917,-76.5855,203.8256,-5.2819,-7.2773,7.1939,0.9501,0.1970,-0.2420,0.9980,31,44.762920,-2.6399,-0.7659
BiancaGolden_CircleTurns,-463.4957,-76.7928,203.8539,-5.2426,-7.7600,7.0764,0.9511,0.1818,-0.2495,0.9980,31,44.777168,-2.6350,-0.7679
BiancaGolden_CircleTurns,-463.0176,-76.9447,203.8247,-5.0381,-8.1242,6.8989,0.9512,0.1792,-0.2513,0.9980,32,44.790897,-2.6302,-0.7694
BiancaGolden_CircleTurns,-462.5365,-77.0469,203.7621,-4.7396,-8.3250,6.8651,0.9523,0.1732,-0.2514,0.9980,32,44.804253,-2.6254,-0.7705
BiancaGolden_CircleTurns,-462.0467,-77.1299,203.7078,-4.3822,-8.3727,6.8979,0.9535,0.1742,-0.2459,0.9980,33,44.818668,-2.6205,-0.7713
BiancaGolden_CircleTurns,-461.5736,-77.1725,203.6883,-4.1023,-8.2873,6.9992,0.9549,0.1714,-0.2425,0.9980,33,44.832996,-2.6157,-0.7717
BiancaGolden_CircleTurns,-461.0992,-77.1673,203.6916,-4.0245,-8.1865,7.1082,0.9550,0.1725,-0.2413,0.9980,34,44.846413,-2.6110,-0.7717
BiancaGolden_CircleTurns,-460.6518,-77.1478,203.6738,-4.1791,-8.1293,7.1569,0.9552,0.1739,-0.2396,0.9980,34,44.859909,-2.6065,-0.7715
BiancaGolden_CircleTurns,-460.2462,-77.0739,203.6084,-4.4766,-8.1821,7.0213,0.9567,0.1715,-0.2351,0.9980,34,44.874626,-2.6025,-0.7707
BiancaGolden_CircleTurns,-459.8456,-77.0021,203.5021,-4.5786,-8.2742,6.9069,0.9573,0.1708,-0.2331,0.9980,35,44.887703,-2.5985,-0.7700
BiancaGolden_CircleTurns,-459.4645,-76.8527,203.3533,-4.6538,-8.4231,6.7576,0.9574,0.1687,-0.2345,0.9980,35,44.901173,-2.5946,-0.7685
BiancaGolden_CircleTurns,-459.1016,-76.6283,203.2110,-4.8231,-8.5161,6.6235,0.9573,0.1666,-0.2361,0.9980,36,44.916290,-2.5910,-0.7663
BiancaGolden_CircleTurns,-458.7655,-76.3898,203.0513,-5.1155,-8.6170,6.4774,0.9576,0.1626,-0.2378,0.9980,36,44.929405,-2.5877,-0.7639
BiancaGolden_CircleTurns,-458.4531,-76.1146,202.8772,-5.4653,-8.7433,6.2870,0.9565,0.1584,-0.2451,0.9980,36,44.943905,-2.5845,-0.7611
BiancaGolden_CircleTurns,-458.2257,-75.8164,202.7466,-5.6653,-9.0038,6.0540,0.9566,0.1539,-0.2473,0.9980,37,44.957355,-2.5823,-0.7582
BiancaGolden_CircleTurns,-458.0083,-75.4451,202.6587,-5.8085,-9.3238,5.7339,0.9551,0.1507,-0.2551,0.9980,37,44.970585,-2.5801,-0.7545
BiancaGolden_CircleTurns,-457.7656,-75.0703,202.7142,-5.8518,-9.8037,5.4922,0.9558,0.1474,-0.2544,0.9980,38,44.985340,-2.5777,-0.7507
BiancaGolden_CircleTurns,-457.5339,-74.6403,202.7492,-5.7047,-9.8590,5.2919,0.9549,0.1564,-0.2524,0.9980,38,45.002853,-2.5753,-0.7464
BiancaGolden_CircleTurns,-457.2627,-74.2185,202.8673,-5.5425,-9.9160,5.1241,0.9574,0.1518,-0.2457,0.9980,39,45.013905,-2.5726,-0.7422
BiancaGolden_CircleTurns,-456.9503,-73.7747,203.1015,-5.4692,-9.5157,4.8447,0.9613,0.1460,-0.2336,0.9980,39,45.026634,-2.5695,-0.7377
BiancaGolden_CircleTurns,-456.7278,-73.3411,203.2406,-5.4406,-9.0413,4.5078,0.9649,0.1402,-0.2222,0.9980,39,45.041088,-2.5673,-0.7334
BiancaGolden_CircleTurns,-456.5606,-72.9259,203.2226,-5.2442,-8.6988,4.2013,0.9656,0.1454,-0.2157,0.9980,40,45.054195,-2.5656,-0.7293
BiancaGolden_CircleTurns,-456.4305,-72.5281,203.2256,-4.7939,-8.5505,4.0029,0.9662,0.1425,-0.2149,0.9980,40,45.067387,-2.5643,-0.7253
BiancaGolden_CircleTurns,-456.2864,-72.1324,203.2777,-4.3570,-8.4677,3.8595,0.9666,0.1407,-0.2141,0.9980,41,45.082516,-2.5629,-0.7213
BiancaGolden_CircleTurns,-456.1463,-71.7532,203.3323,-3.9724,-8.3910,3.7793,0.9658,0.1393,-0.2185,0.9980,41,45.095875,-2.5615,-0.7175
BiancaGolden_CircleTurns,-456.0003,-71.4117,203.3575,-3.5487,-8.3382,3.7566,0.9627,0.1391,-0.2322,0.9980,41,45.110470,-2.5600,-0.7141
BiancaGolden_CircleTurns,-455.8585,-71.0762,203.3708,-3.0726,-8.2724,3.7755,0.9615,0.1482,-0.2315,0.9980,42,45.124012,-2.5586,-0.7108
BiancaGolden_CircleTurns,-455.7144,-70.7743,203.4196,-2.6905,-8.2384,3.7480,0.9612,0.1470,-0.2333,0.9980,42,45.137272,-2.5571,-0.7077
BiancaGolden_CircleTurns,-455.6017,-70.5141,203.4519,-2.4088,-8.2121,3.6901,0.9591,0.1458,-0.2428,0.9980,43,45.152515,-2.5560,-0.7051
BiancaGolden_CircleTurns,-455.4951,-70.2817,203.4702,-2.1462,-8.2290,3.5926,0.9590,0.1429,-0.2446,0.9980,43,45.166630,-2.5550,-0.7028
BiancaGolden_CircleTurns,-455.3903,-70.0695,203.4809,-1.9207,-8.3110,3.4414,0.9586,0.1443,-0.2455,0.9980,44,45.180504,-2.5539,-0.7007
BiancaGolden_CircleTurns,-455.2829,-69.9021,203.5057,-1.8034,-8.3720,3.2610,0.9590,0.1413,-0.2455,0.9980,44,45.193966,-2.5528,-0.6990
BiancaGolden_CircleTurns,-455.1773,-69.7531,203.5122,-1.7174,-8.3653,3.0776,0.9612,0.1347,-0.2407,0.9980,44,45.208057,-2.5518,-0.6975
BiancaGolden_CircleTurns,-455.0780,-69.6324,203.5014,-1.6453,-8.2659,2.9366,0.9618,0.1326,-0.2397,0.9980,45,45.221340,-2.5508,-0.6963
BiancaGolden_CircleTurns,-454.9512,-69.5188,203.5184,-1.5518,-8.1392,2.8180,0.9622,0.1363,-0.2359,0.9980,45,45.234707,-2.5495,-0.6952
BiancaGolden_CircleTurns,-454.8288,-69.4149,203.5437,-1.5657,-7.9291,2.7154,0.9615,0.1377,-0.2376,0.9980,46,45.249794,-2.5483,-0.6941
BiancaGolden_CircleTurns,-454.6853,-69.3427,203.5891,-1.6969,-7.7174,2.5981,0.9625,0.1357,-0.2350,0.9980,46,45.263596,-2.5469,-0.6934
BiancaGolden_CircleTurns,-454.5388,-69.2902,203.6340,-1.8244,-7.5736,2.4636,0.9617,0.1389,-0.2364,0.9980,46,45.277725,-2.5454,-0.6929
BiancaGolden_CircleTurns,-454.3769,-69.2539,203.6959,-1.9126,-7.4719,2.3219,0.9620,0.1369,-0.2363,0.9980,47,45.291260,-2.5438,-0.6925
BiancaGolden_CircleTurns,-454.2094,-69.2486,203.7589,-2.0088,-7.4165,2.1901,0.9625,0.1350,-0.2353,0.9980,47,45.304489,-2.5421,-0.6925
BiancaGolden_CircleTurns,-454.0357,-69.2381,203.7996,-2.1532,-7.3692,2.0562,0.9634,0.1313,-0.2338,0.9980,48,45.319550,-2.5404,-0.6924
BiancaGolden_CircleTurns,-453.8436,-69.2519,203.7973,-2.3447,-7.3589,1.9270,0.9635,0.1325,-0.2328,0.9980,48,45.333374,-2.5384,-0.6925
BiancaGolden_CircleTurns,-453.6366,-69.2692,203.8052,-2.4607,-7.3210,1.8078,0.9637,0.1313,-0.2325,0.9980,49,45.347641,-2.5364,-0.6927
BiancaGolden_CircleTurns,-453.3958,-69.3187,203.8398,-2.4591,-7.3028,1.7413,0.9633,0.1326,-0.2335,0.9980,49,45.361023,-2.5340,-0.6932
BiancaGolden_CircleTurns,-453.1564,-69.3692,203.8781,-2.4905,-7.2621,1.6889,0.9629,0.1317,-0.2355,0.9980,49,45.375435,-2.5316,-0.6937
BiancaGolden_CircleTurns,-452.9064,-69.4218,203.8662,-2.5310,-7.2669,1.6288,0.9632,0.1280,-0.2363,0.9980,50,45.388798,-2.5291,-0.6942
BiancaGolden_CircleTurns,-452.6541,-69.4950,203.8188,-2.5194,-7.3023,1.5913,0.9629,0.1274,-0.2380,0.9980,50,45.402145,-2.5265,-0.6949
BiancaGolden_CircleTurns,-452.3917,-69.5946,203.7796,-2.5057,-7.4017,1.5554,0.9613,0.1344,-0.2405,0.9980,51,45.417027,-2.5239,-0.6959
BiancaGolden_CircleTurns,-452.1043,-69.7168,203.7479,-2.4902,-7.5226,1.5045,0.9609,0.1337,-0.2425,0.9980,51,45.430565,-2.5210,-0.6972
BiancaGolden_CircleTurns,-451.8191,-69.8516,203.7059,-2.4660,-7.6387,1.4649,0.9583,0.1332,-0.2527,0.9980,51,45.445179,-2.5182,-0.6985
BiancaGolden_CircleTurns,-451.5103,-70.0021,203.6510,-2.4212,-7.7285,1.4299,0.9584,0.1298,-0.2542,0.9980,52,45.458817,-2.5151,-0.7000
BiancaGolden_CircleTurns,-451.1990,-70.1710,203.5916,-2.4063,-7.7980,1.4054,0.9587,0.1296,-0.2533,0.9980,52,45.472057,-2.5120,-0.7017
BiancaGolden_CircleTurns,-450.8648,-70.3517,203.5536,-2.4992,-7.8165,1.3775,0.9582,0.1362,-0.2516,0.9980,53,45.487492,-2.5086,-0.7035
BiancaGolden_CircleTurns,-450.5369,-70.5485,203.5070,-2.5909,-7.8208,1.3498,0.9581,0.1364,-0.2517,0.9980,53,45.504131,-2.5054,-0.7055
BiancaGolden_CircleTurns,-450.2009,-70.7671,203.4483,-2.6114,-7.8299,1.3583,0.9584,0.1376,-0.2503,0.9980,54,45.515156,-2.5020,-0.7077
BiancaGolden_CircleTurns,-449.8698,-71.0053,203.3739,-2.5367,-7.8416,1.4379,0.9574,0.1440,-0.2502,0.9980,54,45.528084,-2.4987,-0.7101
BiancaGolden_CircleTurns,-449.5323,-71.2605,203.2972,-2.4914,-7.8876,1.5508,0.9574,0.1482,-0.2478,0.9980,54,45.542892,-2.4953,-0.7126
BiancaGolden_CircleTurns,-449.1823,-71.5349,203.2342,-2.4966,-7.9384,1.6812,0.9564,0.1517,-0.2497,0.9980,55,45.555882,-2.4918,-0.7153
BiancaGolden_CircleTurns,-448.8367,-71.8589,203.1700,-2.5581,-8.0560,1.8773,0.9547,0.1570,-0.2528,0.9980,55,45.569012,-2.4884,-0.7186
BiancaGolden_CircleTurns,-448.4978,-72.1842,203.0983,-2.6202,-8.1976,2.0759,0.9531,0.1608,-0.2564,0.9980,56,45.584152,-2.4850,-0.7218
BiancaGolden_CircleTurns,-448.1578,-72.5433,203.0123,-2.7092,-8.4055,2.2790,0.9514,0.1613,-0.2624,0.9980,56,45.598022,-2.4816,-0.7254
BiancaGolden_CircleTurns,-447.8202,-72.9150,202.9358,-2.8321,-8.6143,2.4914,0.9510,0.1623,-0.2631,0.9980,56,45.612217,-2.4782,-0.7292
BiancaGolden_CircleTurns,-447.4911,-73.3182,202.8563,-2.9690,-8.8307,2.6907,0.9486,0.1647,-0.2703,0.9980,57,45.625439,-2.4749,-0.7332
BiancaGolden_CircleTurns,-447.1602,-73.7425,202.8012,-3.1353,-9.0362,2.8830,0.9497,0.1626,-0.2677,0.9980,57,45.638824,-2.4716,-0.7374
BiancaGolden_CircleTurns,-446.8093,-74.1748,202.8222,-3.2859,-9.1493,3.0824,0.9488,0.1663,-0.2685,0.9980,58,45.653713,-2.4681,-0.7417
BiancaGolden_CircleTurns,-446.4720,-74.6064,202.8325,-3.4488,-9.2124,3.2895,0.9483,0.1725,-0.2665,0.9980,58,45.667381,-2.4647,-0.7461
BiancaGolden_CircleTurns,-446.1127,-75.0488,202.8239,-3.6548,-9.1288,3.4971,0.9492,0.1754,-0.2612,0.9980,59,45.681473,-2.4611,-0.7505
BiancaGolden_CircleTurns,-445.7057,-75.5333,202.9059,-3.8613,-8.9252,3.7114,0.9500,0.1789,-0.2559,0.9980,59,45.695107,-2.4571,-0.7553
BiancaGolden_CircleTurns,-445.3076,-76.0029,202.9972,-4.0585,-8.6332,3.8927,0.9506,0.1817,-0.2516,0.9980,59,45.709370,-2.4531,-0.7600
BiancaGolden_CircleTurns,-444.9297,-76.4954,203.0490,-4.2132,-8.3863,4.0794,0.9530,0.1755,-0.2469,0.9980,60,45.723019,-2.4493,-0.7650
BiancaGolden_CircleTurns,-444.5647,-76.9892,203.0247,-4.3138,-8.2012,4.2714,0.9535,0.1776,-0.2436,0.9980,60,45.736610,-2.4456,-0.7699
BiancaGolden_CircleTurns,-444.1793,-77.5085,203.0149,-4.3422,-8.1083,4.4533,0.9533,0.1814,-0.2414,0.9980,61,45.751385,-2.4418,-0.7751
BiancaGolden_CircleTurns,-443.7997,-78.0387,203.0132,-4.3975,-7.9869,4.6735,0.9532,0.1845,-0.2394,0.9980,61,45.764900,-2.4380,-0.7804
BiancaGolden_CircleTurns,-443.4225,-78.5662,202.9775,-4.4685,-7.8743,4.8441,0.9530,0.1869,-0.2385,0.9980,61,45.778843,-2.4342,-0.7857
BiancaGolden_CircleTurns,-443.0585,-79.1038,202.9161,-4.5400,-7.8158,4.9829,0.9534,0.1849,-0.2384,0.9980,62,45.792503,-2.4306,-0.7910
BiancaGolden_CircleTurns,-442.7042,-79.6294,202.8629,-4.6085,-7.8092,5.0824,0.9534,0.1824,-0.2404,0.9980,62,45.805626,-2.4270,-0.7963
BiancaGolden_CircleTurns,-442.3663,-80.1658,202.8201,-4.6118,-7.8779,5.1911,0.9526,0.1771,-0.2474,0.9980,63,45.820824,-2.4237,-0.8017
BiancaGolden_CircleTurns,-442.0256,-80.6890,202.7875,-4.5888,-7.9484,5.3183,0.9515,0.1789,-0.2501,0.9980,63,45.836071,-2.4203,-0.8069
BiancaGolden_CircleTurns,-441.6989,-81.2058,202.8063,-4.4448,-8.0865,5.4454,0.9516,0.1763,-0.2519,0.9980,64,45.848415,-2.4170,-0.8121
BiancaGolden_CircleTurns,-441.3964,-81.6942,202.8069,-4.3364,-8.1633,5.6104,0.9493,0.1768,-0.2598,0.9980,64,45.862160,-2.4140,-0.8169
BiancaGolden_CircleTurns,-441.0831,-82.1674,202.7957,-4.1713,-8.2363,5.7851,0.9489,0.1782,-0.2603,0.9980,64,45.876369,-2.4108,-0.8217
BiancaGolden_CircleTurns,-440.7348,-82.6380,202.8275,-4.0920,-8.2523,5.9585,0.9496,0.1779,-0.2581,0.9980,65,45.889801,-2.4073,-0.8264
BiancaGolden_CircleTurns,-440.3551,-83.0920,202.9517,-4.1200,-8.1453,6.0332,0.9510,0.1785,-0.2523,0.9980,65,45.903053,-2.4036,-0.8309
BiancaGolden_CircleTurns,-439.9653,-83.5383,203.0788,-4.2192,-7.9604,6.0535,0.9525,0.1776,-0.2473,0.9980,66,45.918388,-2.3997,-0.8354
BiancaGolden_CircleTurns,-439.5911,-83.9364,203.1828,-4.3802,-7.6757,5.9678,0.9543,0.1725,-0.2442,0.9980,66,45.932381,-2.3959,-0.8394
BiancaGolden_CircleTurns,-439.2354,-84.3431,203.2373,-4.3756,-7.5414,5.9827,0.9543,0.1737,-0.2431,0.9980,67,45.946381,-2.3924,-0.8434
BiancaGolden_CircleTurns,-438.8603,-84.6899,203.2843,-4.2935,-7.4725,6.0579,0.9545,0.1752,-0.2411,0.9980,67,45.960209,-2.3886,-0.8469
BiancaGolden_CircleTurns,-438.4674,-85.0161,203.3597,-4.3000,-7.3537,6.1434,0.9539,0.1757,-0.2435,0.9980,67,45.974842,-2.3847,-0.8502
BiancaGolden_CircleTurns,-438.0815,-85.3358,203.4277,-4.2821,-7.2485,6.2551,0.9536,0.1773,-0.2432,0.9980,68,45.991814,-2.3808,-0.8534
BiancaGolden_CircleTurns,-437.6690,-85.6236,203.5134,-4.2503,-7.1496,6.3955,0.9534,0.1797,-0.2422,0.9980,68,46.000988,-2.3767,-0.8562
BiancaGolden_CircleTurns,-437.2226,-85.8932,203.6241,-4.2613,-7.0970,6.5522,0.9532,0.1823,-0.2411,0.9980,69,46.015057,-2.3722,-0.8589
BiancaGolden_CircleTurns,-436.7560,-86.1481,203.7260,-4.1994,-7.0273,6.7145,0.9524,0.1847,-0.2427,0.9980,69,46.029045,-2.3676,-0.8615
BiancaGolden_CircleTurns,-436.2794,-86.3889,203.8145,-4.0985,-6.9250,6.8614,0.9503,0.1880,-0.2481,0.9980,69,46.043110,-2.3628,-0.8639
BiancaGolden_CircleTurns,-435.7708,-86.5794,203.8568,-4.0136,-6.7697,7.0833,0.9501,0.1913,-0.2465,0.9980,70,46.056435,-2.3577,-0.8658
BiancaGolden_CircleTurns,-435.2335,-86.7493,203.9035,-4.0612,-6.6480,7.2724,0.9484,0.1940,-0.2509,0.9980,70,46.069843,-2.3523,-0.8675
BiancaGolden_CircleTurns,-434.6699,-86.9141,203.9861,-4.1188,-6.4597,7.4401,0.9484,0.1970,-0.2485,0.9980,71,46.084694,-2.3467,-0.8691
BiancaGolden_CircleTurns,-434.1224,-87.0399,204.0034,-4.1837,-6.3004,7.6031,0.9466,0.1954,-0.2563,0.9980,71,46.098213,-2.3412,-0.8704
BiancaGolden_CircleTurns,-433.5728,-87.1646,203.9650,-4.1349,-6.2861,7.8198,0.9459,0.1966,-0.2580,0.9980,72,46.112572,-2.3357,-0.8716
BiancaGolden_CircleTurns,-433.0323,-87.2497,203.9133,-4.0760,-6.3535,8.0623,0.9433,0.2030,-0.2625,0.9980,72,46.125923,-2.3303,-0.8725
BiancaGolden_CircleTurns,-432.4823,-87.3305,203.9093,-4.0309,-6.5286,8.3156,0.9417,0.2041,-0.2673,0.9980,72,46.140564,-2.3248,-0.8733
BiancaGolden_CircleTurns,-431.9421,-87.3913,203.9284,-4.0118,-6.7516,8.5966,0.9387,0.2038,-0.2781,0.9980,73,46.153866,-2.3194,-0.8739
BiancaGolden_CircleTurns,-431.4103,-87.4319,203.9126,-3.9648,-6.9577,8.8362,0.9368,0.2069,-0.2820,0.9980,73,46.167164,-2.3141,-0.8743
BiancaGolden_CircleTurns,-430.8928,-87.4565,203.8593,-3.9076,-7.1849,9.0919,0.9353,0.2100,-0.2848,0.9980,74,46.183002,-2.3089,-0.8746
BiancaGolden_CircleTurns,-430.3741,-87.4253,203.7921,-3.9063,-7.3510,9.2933,0.9356,0.2067,-0.2864,0.9980,74,46.196274,-2.3037,-0.8743
BiancaGolden_CircleTurns,-429.8378,-87.3850,203.7443,-3.9615,-7.4224,9.4225,0.9368,0.2007,-0.2865,0.9980,74,46.210629,-2.2984,-0.8739
BiancaGolden_CircleTurns,-429.3128,-87.3294,203.6913,-4.0458,-7.3658,9.5440,0.9373,0.2013,-0.2844,0.9980,75,46.223980,-2.2931,-0.8733
BiancaGolden_CircleTurns,-428.8047,-87.2553,203.5822,-4.0559,-7.2431,9.5726,0.9376,0.2022,-0.2828,0.9980,75,46.237259,-2.2880,-0.8726
BiancaGolden_CircleTurns,-428.3101,-87.1746,203.4358,-4.0297,-7.1485,9.6312,0.9397,0.1952,-0.2809,0.9980,76,46.252304,-2.2831,-0.8717
BiancaGolden_CircleTurns,-427.8527,-87.0366,203.2106,-3.9651,-7.1200,9.5811,0.9391,0.1951,-0.2828,0.9980,76,46.265774,-2.2785,-0.8704
BiancaGolden_CircleTurns,-427.4405,-86.8740,202.9878,-4.0294,-7.2363,9.5708,0.9375,0.1929,-0.2896,0.9980,77,46.280178,-2.2744,-0.8687
BiancaGolden_CircleTurns,-427.0343,-86.6791,202.8717,-4.2714,-7.5425,9.5101,0.9366,0.1939,-0.2919,0.9980,77,46.293713,-2.2703,-0.8668
BiancaGolden_CircleTurns,-426.6326,-86.4727,202.8153,-4.6689,-7.9109,9.4350,0.9364,0.1858,-0.2976,0.9980,77,46.307716,-2.2663,-0.8647
BiancaGolden_CircleTurns,-426.2467,-86.2090,202.8282,-5.0676,-8.2651,9.2773,0.9357,0.1849,-0.3005,0.9980,78,46.321186,-2.2625,-0.8621
BiancaGolden_CircleTurns,-425.8023,-85.9432,202.8977,-5.0927,-8.4675,9.1622,0.9357,0.1841,-0.3010,0.9980,78,46.334351,-2.2580,-0.8594
BiancaGolden_CircleTurns,-425.2679,-85.6688,203.0916,-4.9355,-8.4917,9.1429,0.9389,0.1831,-0.2915,0.9980,79,46.349281,-2.2527,-0.8567
BiancaGolden_CircleTurns,-424.6667,-85.3615,203.4765,-4.6260,-8.1204,9.1198,0.9426,0.1855,-0.2775,0.9980,79,46.362919,-2.2467,-0.8536
BiancaGolden_CircleTurns,-424.1215,-85.0096,203.6114,-4.4822,-7.4346,9.0264,0.9452,0.1878,-0.2671,0.9980,79,46.377415,-2.2412,-0.8501
BiancaGolden_CircleTurns,-423.6675,-84.6691,203.4891,-4.3823,-6.9917,8.9288,0.9467,0.1921,-0.2585,0.9980,80,46.390942,-2.2367,-0.8467
BiancaGolden_CircleTurns,-423.1378,-84.3300,203.3473,-4.1345,-6.7079,8.8610,0.9481,0.1903,-0.2548,0.9980,80,46.404350,-2.2314,-0.8433
BiancaGolden_CircleTurns,-422.6208,-83.9996,203.3592,-3.8854,-6.4780,8.7812,0.9482,0.1890,-0.2551,0.9980,81,46.419109,-2.2262,-0.8400
BiancaGolden_CircleTurns,-422.1394,-83.6663,203.4007,-3.5937,-6.4584,8.7499,0.9483,0.1831,-0.2594,0.9980,81,46.432587,-2.2214,-0.8367
BiancaGolden_CircleTurns,-421.6956,-83.3067,203.3470,-3.3691,-6.5288,8.7524,0.9449,0.1824,-0.2720,0.9980,82,46.446915,-2.2170,-0.8331
BiancaGolden_CircleTurns,-421.2727,-82.9339,203.2475,-3.2028,-6.8299,8.7943,0.9415,0.1754,-0.2877,0.9980,82,46.460651,-2.2127,-0.8293
BiancaGolden_CircleTurns,-420.8308,-82.5669,203.2227,-3.1808,-7.0960,8.8604,0.9405,0.1753,-0.2911,0.9980,82,46.474800,-2.2083,-0.8257
BiancaGolden_CircleTurns,-420.3595,-82.2016,203.2718,-3.2026,-7.2238,8.8516,0.9406,0.1754,-0.2908,0.9980,83,46.491928,-2.2036,-0.8220
BiancaGolden_CircleTurns,-419.8782,-81.8536,203.3252,-3.2298,-7.2101,8.7990,0.9419,0.1738,-0.2874,0.9980,83,46.502728,-2.1988,-0.8185
BiancaGolden_CircleTurns,-419.3822,-81.5067,203.4055,-3.2434,-7.0310,8.7017,0.9429,0.1764,-0.2826,0.9980,84,46.517002,-2.1938,-0.8151
BiancaGolden_CircleTurns,-418.8894,-81.1604,203.4731,-3.2185,-6.8066,8.5823,0.9441,0.1751,-0.2794,0.9980,84,46.530544,-2.1889,-0.8116
BiancaGolden_CircleTurns,-418.4340,-80.8023,203.5158,-3.1905,-6.6136,8.5023,0.9433,0.1729,-0.2835,0.9980,84,46.544514,-2.1843,-0.8080
BiancaGolden_CircleTurns,-418.0239,-80.4613,203.4796,-3.1464,-6.5787,8.4967,0.9427,0.1723,-0.2855,0.9980,85,46.557888,-2.1802,-0.8046
BiancaGolden_CircleTurns,-417.6257,-80.1436,203.4273,-2.9764,-6.6785,8.5637,0.9399,0.1735,-0.2942,0.9980,85,46.571335,-2.1763,-0.8014
BiancaGolden_CircleTurns,-417.2383,-79.8589,203.4049,-2.6696,-6.8947,8.6823,0.9382,0.1742,-0.2991,0.9980,86,46.586227,-2.1724,-0.7986
BiancaGolden_CircleTurns,-416.8734,-79.5855,203.4122,-2.4125,-7.1490,8.7864,0.9370,0.1742,-0.3029,0.9980,86,46.600052,-2.1687,-0.7959
BiancaGolden_CircleTurns,-416.4994,-79.3246,203.4302,-2.2992,-7.4046,8.8250,0.9346,0.1773,-0.3082,0.9980,87,46.614285,-2.1650,-0.7932
BiancaGolden_CircleTurns,-416.1228,-79.0858,203.4212,-2.3071,-7.5676,8.8378,0.9342,0.1769,-0.3098,0.9980,87,46.627914,-2.1612,-0.7909
BiancaGolden_CircleTurns,-415.7357,-78.8558,203.4486,-2.3010,-7.6590,8.8213,0.9355,0.1719,-0.3087,0.9980,87,46.642174,-2.1574,-0.7886
BiancaGolden_CircleTurns,-415.3334,-78.6466,203.5285,-2.3069,-7.6409,8.7876,0.9361,0.1714,-0.3072,0.9980,88,46.655621,-2.1533,-0.7865
BiancaGolden_CircleTurns,-414.9344,-78.4333,203.6209,-2.3386,-7.5477,8.7476,0.9373,0.1693,-0.3047,0.9980,88,46.668907,-2.1493,-0.7843
BiancaGolden_CircleTurns,-414.5304,-78.2333,203.7007,-2.3829,-7.3951,8.7367,0.9380,0.1694,-0.3025,0.9980,89,46.684021,-2.1453,-0.7823
BiancaGolden_CircleTurns,-414.1672,-78.0495,203.7327,-2.4100,-7.2626,8.7280,0.9377,0.1735,-0.3009,0.9980,89,46.697590,-2.1417,-0.7805
BiancaGolden_CircleTurns,-413.8235,-77.8947,203.7375,-2.3127,-7.2539,8.7864,0.9377,0.1768,-0.2992,0.9980,89,46.712074,-2.1382,-0.7789
BiancaGolden_CircleTurns,-413.5048,-77.7830,203.7483,-2.0367,-7.3381,8.9071,0.9361,0.1785,-0.3031,0.9980,90,46.725567,-2.1350,-0.7778
BiancaGolden_CircleTurns,-413.2010,-77.6844,203.7481,-1.7462,-7.5670,9.0717,0.9359,0.1728,-0.3070,0.9980,90,46.738865,-2.1320,-0.7768
BiancaGolden_CircleTurns,-412.8864,-77.5930,203.7539,-1.5999,-7.7776,9.2067,0.9348,0.1744,-0.3095,0.9980,91,46.754211,-2.1289,-0.7759
BiancaGolden_CircleTurns,-412.5787,-77.5098,203.7627,-1.7123,-7.9324,9.2906,0.9324,0.1756,-0.3160,0.9980,91,46.767559,-2.1258,-0.7751
BiancaGolden_CircleTurns,-412.2672,-77.4397,203.7729,-1.8008,-8.0047,9.3601,0.9321,0.1768,-0.3161,0.9980,92,46.781857,-2.1227,-0.7744
BiancaGolden_CircleTurns,-411.9856,-77.4168,203.7451,-1.8622,-8.0249,9.4241,0.9316,0.1778,-0.3169,0.9980,92,46.795334,-2.1199,-0.7742
BiancaGolden_CircleTurns,-411.7250,-77.4057,203.6840,-1.8361,-8.0599,9.4949,0.9320,0.1751,-0.3173,0.9980,92,46.809639,-2.1172,-0.7741
BiancaGolden_CircleTurns,-411.4482,-77.4136,203.6330,-1.7789,-8.1564,9.6139,0.9324,0.1764,-0.3155,0.9980,93,46.823231,-2.1145,-0.7741
BiancaGolden_CircleTurns,-411.1376,-77.3916,203.6460,-1.8835,-8.0833,9.6594,0.9308,0.1792,-0.3185,0.9980,93,46.836845,-2.1114,-0.7739
BiancaGolden_CircleTurns,-410.8374,-77.4049,203.6795,-1.9892,-7.9081,9.7044,0.9318,0.1813,-0.3144,0.9980,94,46.851837,-2.1084,-0.7740
BiancaGolden_CircleTurns,-410.5526,-77.4442,203.6727,-1.9598,-7.6625,9.8258,0.9349,0.1830,-0.3042,0.9980,94,46.867104,-2.1055,-0.7744
BiancaGolden_CircleTurns,-410.2759,-77.4842,203.6507,-1.9099,-7.5260,9.9213,0.9350,0.1844,-0.3029,0.9980,95,46.879772,-2.1028,-0.7748
BiancaGolden_CircleTurns,-409.9619,-77.5410,203.6668,-1.9024,-7.4568,10.0103,0.9372,0.1826,-0.2972,0.9980,95,46.893150,-2.0996,-0.7754
BiancaGolden_CircleTurns,-409.6349,-77.6031,203.7132,-1.8673,-7.3013,10.1225,0.9376,0.1851,-0.2943,0.9980,95,46.907200,-2.0963,-0.7760
BiancaGolden_CircleTurns,-409.3122,-77.7068,203.7256,-1.7156,-7.1159,10.2826,0.9354,0.1875,-0.2999,0.9980,96,46.920872,-2.0931,-0.7771
BiancaGolden_CircleTurns,-408.9837,-77.8213,203.7050,-1.5092,-6.9294,10.4711,0.9351,0.1907,-0.2987,0.9980,96,46.934036,-2.0898,-0.7782
BiancaGolden_CircleTurns,-408.6658,-77.9792,203.6682,-1.3113,-6.8550,10.7062,0.9363,0.1863,-0.2977,0.9980,97,46.949051,-2.0867,-0.7798
BiancaGolden_CircleTurns,-408.3539,-78.1326,203.6531,-1.1960,-6.8444,10.9297,0.9346,0.1899,-0.3008,0.9980,97,46.963203,-2.0835,-0.7813
BiancaGolden_CircleTurns,-408.0467,-78.3479,203.6539,-1.1360,-6.9947,11.1635,0.9331,0.1927,-0.3037,0.9980,97,46.977291,-2.0805,-0.7835
BiancaGolden_CircleTurns,-407.7451,-78.5796,203.6386,-1.1234,-7.1695,11.3733,0.9319,0.1953,-0.3056,0.9980,98,46.994213,-2.0775,-0.7858
BiancaGolden_CircleTurns,-407.4234,-78.8148,203.6255,-1.1563,-7.3222,11.5388,0.9295,0.1955,-0.3127,0.9980,98,47.004761,-2.0742,-0.7881
BiancaGolden_CircleTurns,-407.1015,-79.0696,203.5974,-1.3404,-7.3861,11.6854,0.9248,0.1981,-0.3247,0.9980,99,47.019138,-2.0710,-0.7907
BiancaGolden_CircleTurns,-406.7594,-79.3278,203.5881,-1.4640,-7.3961,11.8548,0.9244,0.2018,-0.3236,0.9980,99,47.032642,-2.0676,-0.7933
BiancaGolden_CircleTurns,-406.4161,-79.6052,203.5890,-1.6013,-7.3105,12.0482,0.9253,0.1989,-0.3230,0.9980,100,47.046658,-2.0642,-0.7961
BiancaGolden_CircleTurns,-406.0948,-79.8746,203.5679,-1.7643,-7.2668,12.2149,0.9267,0.1986,-0.3191,0.9980,100,47.061211,-2.0609,-0.7987
BiancaGolden_CircleTurns,-405.7733,-80.1804,203.5313,-1.8765,-7.2800,12.3869,0.9269,0.2020,-0.3163,0.9980,100,47.074684,-2.0577,-0.8018
BiancaGolden_CircleTurns,-405.4491,-80.4807,203.5407,-1.9467,-7.3840,12.5915,0.9259,0.2049,-0.3173,0.9980,101,47.088417,-2.0545,-0.8048
BiancaGolden_CircleTurns,-405.0787,-80.7802,203.6561,-2.0774,-7.4410,12.7495,0.9259,0.2077,-0.3156,0.9980,101,47.101341,-2.0508,-0.8078
BiancaGolden_CircleTurns,-404.7412,-81.0895,203.7581,-2.2955,-7.3364,12.8684,0.9271,0.1970,-0.3189,0.9980,102,47.116459,-2.0474,-0.8109
BiancaGolden_CircleTurns,-404.3976,-81.4231,203.7938,-2.3877,-7.3411,12.9903,0.9270,0.1991,-0.3179,0.9980,102,47.130161,-2.0440,-0.8142
BiancaGolden_CircleTurns,-404.0284,-81.7516,203.8467,-2.3770,-7.2748,13.1141,0.9269,0.2004,-0.3174,0.9980,102,47.144424,-2.0403,-0.8175
BiancaGolden_CircleTurns,-403.6647,-82.0684,203.8775,-2.2406,-7.0829,13.2681,0.9270,0.2038,-0.3149,0.9980,103,47.158009,-2.0366,-0.8207
BiancaGolden_CircleTurns,-403.2691,-82.3937,203.9086,-2.0960,-6.9312,13.4999,0.9277,0.2008,-0.3149,0.9980,103,47.171227,-2.0327,-0.8239
BiancaGolden_CircleTurns,-402.8645,-82.6952,203.9602,-2.0486,-6.7331,13.7495,0.9278,0.2048,-0.3120,0.9980,104,47.186535,-2.0286,-0.8270
BiancaGolden_CircleTurns,-402.5003,-82.9930,203.9754,-2.1955,-6.5550,13.9490,0.9262,0.2061,-0.3156,0.9980,104,47.199986,-2.0250,-0.8299
BiancaGolden_CircleTurns,-402.1901,-83.3580,203.8959,-2.2025,-6.6653,14.2068,0.9247,0.2102,-0.3173,0.9980,105,47.214367,-2.0219,-0.8336
BiancaGolden_CircleTurns,-401.8308,-83.7356,203.8539,-1.9834,-6.8324,14.5179,0.9234,0.2142,-0.3185,0.9980,105,47.227921,-2.0183,-0.8374
BiancaGolden_CircleTurns,-401.4418,-84.1058,203.8688,-1.8113,-6.9090,14.8117,0.9228,0.2117,-0.3221,0.9980,105,47.242393,-2.0144,-0.8411
BiancaGolden_CircleTurns,-401.0085,-84.4522,203.9432,-1.8862,-6.7687,15.0442,0.9236,0.2153,-0.3173,0.9980,106,47.256306,-2.0101,-0.8445
BiancaGolden_CircleTurns,-400.6184,-84.8240,203.9803,-2.0927,-6.4714,15.2011,0.9205,0.2155,-0.3260,0.9980,106,47.269001,-2.0062,-0.8482
BiancaGolden_CircleTurns,-400.2467,-85.2394,203.8889,-1.9672,-6.3069,15.4419,0.9223,0.2131,-0.3225,0.9980,107,47.284035,-2.0025,-0.8524
BiancaGolden_CircleTurns,-399.8904,-85.6586,203.7687,-1.6957,-6.2906,15.7582,0.9210,0.2178,-0.3230,0.9980,107,47.297653,-1.9989,-0.8566
BiancaGolden_CircleTurns,-399.5024,-86.0664,203.7158,-1.5721,-6.3292,16.0847,0.9158,0.2247,-0.3328,0.9980,108,47.312416,-1.9950,-0.8607
BiancaGolden_CircleTurns,-399.1125,-86.4634,203.7097,-1.5679,-6.3244,16.3574,0.9149,0.2286,-0.3328,0.9980,108,47.325626,-1.9911,-0.8646
BiancaGolden_CircleTurns,-398.7140,-86.8580,203.7092,-1.7230,-6.3372,16.5797,0.9138,0.2317,-0.3337,0.9980,108,47.340176,-1.9871,-0.8686
BiancaGolden_CircleTurns,-398.3342,-87.2469,203.6397,-1.7907,-6.3871,16.7618,0.9107,0.2348,-0.3399,0.9980,109,47.353390,-1.9833,-0.8725
BiancaGolden_CircleTurns,-397.9765,-87.6390,203.5162,-1.7685,-6.6013,16.9967,0.9100,0.2280,-0.3462,0.9980,109,47.366657,-1.9798,-0.8764
BiancaGolden_CircleTurns,-397.6129,-88.0051,203.4224,-1.7202,-6.8776,17.2540,0.9083,0.2293,-0.3499,0.9980,110,47.381771,-1.9761,-0.8801
BiancaGolden_CircleTurns,-397.2473,-88.3463,203.3994,-1.8464,-7.1658,17.4945,0.9059,0.2327,-0.3538,0.9980,110,47.396030,-1.9725,-0.8835
BiancaGolden_CircleTurns,-396.8800,-88.6697,203.4178,-2.0406,-7.4277,17.6817,0.9058,0.2291,-0.3563,0.9980,110,47.410015,-1.9688,-0.8867
BiancaGolden_CircleTurns,-396.4971,-88.9750,203.4158,-2.2005,-7.6102,17.8344,0.9045,0.2311,-0.3584,0.9980,111,47.423103,-1.9650,-0.8898
BiancaGolden_CircleTurns,-396.1116,-89.2602,203.4235,-2.2666,-7.7345,17.9597,0.9275,0.1980,-0.3172,0.9980,111,47.436386,-1.9611,-0.8926
BiancaGolden_CircleTurns,-395.7233,-89.4983,203.4547,-2.3164,-7.7042,18.0048,0.9278,0.1990,-0.3154,0.9980,112,47.451435,-1.9572,-0.8950
BiancaGolden_CircleTurns,-395.3428,-89.7284,203.4570,-2.3454,-7.5978,18.0480,0.9346,0.1850,-0.3037,0.9980,112,47.465572,-1.9534,-0.8973
BiancaGolden_CircleTurns,-394.9635,-89.9392,203.4277,-2.2590,-7.4831,18.1366,0.9349,0.1866,-0.3018,0.9980,113,47.479687,-1.9496,-0.8994
BiancaGolden_CircleTurns,-394.5659,-90.1099,203.4107,-2.0864,-7.3873,18.2535,0.9443,0.1916,-0.2674,0.9980,113,47.498055,-1.9457,-0.9011
BiancaGolden_CircleTurns,-394.1486,-90.2876,203.4721,-1.9869,-7.3619,18.4054,0.9441,0.1929,-0.2675,0.9980,113,47.507374,-1.9415,-0.9029
BiancaGolden_CircleTurns,-393.7357,-90.4077,203.5710,-2.0260,-7.3612,18.4759,0.9409,0.2073,-0.2678,0.9980,114,47.522186,-1.9374,-0.9041
BiancaGolden_CircleTurns,-393.3347,-90.5248,203.6153,-2.1188,-7.3884,18.5446,0.9403,0.2082,-0.2694,0.9980,114,47.535759,-1.9333,-0.9052
BiancaGolden_CircleTurns,-392.9219,-90.6092,203.6185,-2.1478,-7.4765,18.5989,0.9368,0.2199,-0.2720,0.9980,115,47.550503,-1.9292,-0.9061
BiancaGolden_CircleTurns,-392.4913,-90.6815,203.6442,-2.0933,-7.5831,18.6657,0.9251,0.2313,-0.3011,0.9980,115,47.563534,-1.9249,-0.9068
BiancaGolden_CircleTurns,-392.0680,-90.7369,203.6798,-2.0049,-7.6269,18.7501,0.9246,0.2323,-0.3019,0.9980,115,47.577343,-1.9207,-0.9074
BiancaGolden_CircleTurns,-391.6596,-90.7866,203.6619,-1.8670,-7.6849,18.8410,0.9299,0.2372,-0.2812,0.9980,116,47.591183,-1.9166,-0.9079
BiancaGolden_CircleTurns,-391.2620,-90.8251,203.6194,-1.6951,-7.8018,18.9539,0.9289,0.2381,-0.2836,0.9980,116,47.604221,-1.9126,-0.9083
BiancaGolden_CircleTurns,-390.8495,-90.8418,203.5957,-1.5286,-7.9588,19.0502,0.9295,0.2418,-0.2784,0.9980,117,47.618649,-1.9085,-0.9084
BiancaGolden_CircleTurns,-390.4373,-90.8606,203.5959,-1.4351,-8.0984,19.1393,0.9323,0.2331,-0.2766,0.9980,117,47.632385,-1.9044,-0.9086
BiancaGolden_CircleTurns,-390.0187,-90.8512,203.5941,-1.3516,-8.2094,19.1653,0.9320,0.2327,-0.2779,0.9980,118,47.646389,-1.9002,-0.9085
BiancaGolden_CircleTurns,-389.6205,-90.8415,203.5659,-1.3255,-8.3066,19.1918,0.9318,0.2323,-0.2787,0.9980,118,47.660278,-1.8962,-0.9084
BiancaGolden_CircleTurns,-389.2419,-90.7889,203.4947,-1.3521,-8.3431,19.1268,0.9320,0.2308,-0.2793,0.9980,118,47.674400,-1.8924,-0.9079
BiancaGolden_CircleTurns,-388.8774,-90.7256,203.3981,-1.4135,-8.3735,19.0318,0.9322,0.2296,-0.2798,0.9980,119,47.687603,-1.8888,-0.9073
BiancaGolden_CircleTurns,-388.5272,-90.6395,203.2833,-1.4350,-8.4010,18.9574,0.9330,0.2269,-0.2792,0.9980,119,47.700809,-1.8853,-0.9064
BiancaGolden_CircleTurns,-388.1991,-90.5323,203.1442,-1.4312,-8.4136,18.8773,0.9316,0.2267,-0.2840,0.9980,120,47.716019,-1.8820,-0.9053
BiancaGolden_CircleTurns,-387.8976,-90.4070,203.0026,-1.4467,-8.4277,18.8131,0.9315,0.2250,-0.2857,0.9980,120,47.729443,-1.8790,-0.9041
BiancaGolden_CircleTurns,-387.6076,-90.2610,202.8678,-1.5547,-8.4899,18.7153,0.9311,0.2228,-0.2889,0.9980,120,47.743500,-1.8761,-0.9026
BiancaGolden_CircleTurns,-387.3348,-90.0915,202.7408,-1.8183,-8.6530,18.5496,0.9298,0.2231,-0.2926,0.9980,121,47.756985,-1.8733,-0.9009
BiancaGolden_CircleTurns,-387.0639,-89.8847,202.7100,-2.1446,-8.8644,18.3464,0.9284,0.2238,-0.2965,0.9980,121,47.770466,-1.8706,-0.8988
BiancaGolden_CircleTurns,-386.7682,-89.6570,202.7956,-2.3760,-9.1420,18.1333,0.9307,0.2180,-0.2938,0.9980,122,47.785282,-1.8677,-0.8966
BiancaGolden_CircleTurns,-386.3965,-89.3701,203.0976,-2.3838,-9.2840,18.0184,0.9288,0.2227,-0.2961,0.9980,122,47.798691,-1.8640,-0.8937
BiancaGolden_CircleTurns,-386.0566,-89.0638,203.2940,-2.3274,-9.1281,17.9373,0.9317,0.2241,-0.2858,0.9980,123,47.812901,-1.8606,-0.8906
BiancaGolden_CircleTurns,-385.7651,-88.7321,203.2601,-2.2700,-8.8598,17.8887,0.9349,0.2237,-0.2756,0.9980,123,47.826313,-1.8577,-0.8873
BiancaGolden_CircleTurns,-385.4571,-88.4347,203.1715,-2.2110,-8.6010,17.8454,0.9370,0.2217,-0.2701,0.9980,123,47.840843,-1.8546,-0.8843
BiancaGolden_CircleTurns,-385.1458,-88.1395,203.1402,-2.1452,-8.3276,17.7250,0.9389,0.2191,-0.2655,0.9980,124,47.854733,-1.8515,-0.8814
BiancaGolden_CircleTurns,-384.8140,-87.8861,203.2258,-1.9176,-8.0434,17.5693,0.9403,0.2153,-0.2635,0.9980,124,47.867496,-1.8481,-0.8789
BiancaGolden_CircleTurns,-384.5278,-87.6343,203.2686,-1.5272,-7.9308,17.3680,0.9361,0.1714,-0.3071,0.9980,125,47.883648,-1.8453,-0.8763
BiancaGolden_CircleTurns,-384.2683,-87.3789,203.1951,-1.3188,-8.0570,17.1581,0.9394,0.1691,-0.2982,0.9980,125,47.896118,-1.8427,-0.8738
BiancaGolden_CircleTurns,-383.9933,-87.1365,203.0807,-1.0878,-8.3326,17.0270,0.9386,0.1659,-0.3024,0.9980,125,47.910389,-1.8399,-0.8714
BiancaGolden_CircleTurns,-383.7144,-86.8768,203.0629,-0.9625,-8.5800,16.8859,0.9391,0.1610,-0.3036,0.9980,126,47.923561,-1.8371,-0.8688
BiancaGolden_CircleTurns,-383.3844,-86.6265,203.1098,-1.0357,-8.6653,16.5704,0.9440,0.1729,-0.2810,0.9980,126,47.936699,-1.8338,-0.8663
BiancaGolden_CircleTurns,-383.0429,-86.3760,203.1166,-1.1601,-8.6307,16.2147,0.9460,0.1665,-0.2783,0.9980,127,47.951660,-1.8304,-0.8638
BiancaGolden_CircleTurns,-382.6912,-86.1395,203.0765,-1.1928,-8.4645,15.8080,0.9420,0.0195,-0.3349,0.9980,127,47.965694,-1.8269,-0.8614
BiancaGolden_CircleTurns,-382.3490,-85.9031,203.0348,-1.1590,-8.3556,15.4401,0.9427,0.0136,-0.3332,0.9980,128,47.979774,-1.8235,-0.8590
BiancaGolden_CircleTurns,-382.0078,-85.6605,203.0410,-1.1290,-8.2496,15.0717,0.9498,0.1181,-0.2896,0.9980,128,47.998455,-1.8201,-0.8566
BiancaGolden_CircleTurns,-381.6893,-85.4189,203.0921,-1.1994,-8.2458,14.6998,0.9499,0.1124,-0.2915,0.9980,128,48.008049,-1.8169,-0.8542
BiancaGolden_CircleTurns,-381.3747,-85.1804,203.0885,-1.2010,-8.3603,14.3668,0.9456,0.1376,-0.2949,0.9980,129,48.022259,-1.8137,-0.8518
BiancaGolden_CircleTurns,-381.0647,-84.9435,203.0568,-1.1602,-8.5444,14.0778,0.9240,0.1547,-0.3497,0.9980,129,48.036076,-1.8106,-0.8494
BiancaGolden_CircleTurns,-380.7686,-84.7020,203.0222,-1.1860,-8.8679,13.7840,0.9235,0.1496,-0.3532,0.9980,130,48.050068,-1.8077,-0.8470
BiancaGolden_CircleTurns,-380.4598,-84.4638,203.0090,-1.2266,-9.1246,13.4970,0.9516,0.1488,-0.2690,0.9980,130,48.063435,-1.8046,-0.8446
BiancaGolden_CircleTurns,-380.1527,-84.2251,202.9997,-1.1958,-9.3537,13.1821,0.9517,0.1440,-0.2710,0.9980,130,48.078022,-1.8015,-0.8423
BiancaGolden_CircleTurns,-379.8419,-83.9981,203.0082,-1.1837,-9.4774,12.9050,0.9627,0.1474,-0.2267,0.9980,131,48.091053,-1.7984,-0.8400
BiancaGolden_CircleTurns,-379.5402,-83.7716,203.0006,-1.1606,-9.5283,12.5866,0.9633,0.1434,-0.2268,0.9980,131,48.103954,-1.7954,-0.8377
BiancaGolden_CircleTurns,-379.2464,-83.5465,202.9949,-1.1448,-9.5264,12.2793,0.9558,0.1518,-0.2517,0.9980,132,48.119003,-1.7925,-0.8355
BiancaGolden_CircleTurns,-378.9430,-83.3220,203.0215,-1.1402,-9.5719,11.9736,0.9562,0.1467,-0.2534,0.9980,132,48.132359,-1.7894,-0.8332
BiancaGolden_CircleTurns,-378.6674,-83.0938,203.0659,-1.1149,-9.6764,11.6783,0.9563,0.1424,-0.2554,0.9980,133,48.146671,-1.7867,-0.8309
BiancaGolden_CircleTurns,-378.4050,-82.8868,203.0827,-0.9487,-9.8053,11.4381,0.9575,0.1392,-0.2526,0.9980,133,48.160053,-1.7840,-0.8289
BiancaGolden_CircleTurns,-378.1471,-82.6876,203.0629,-0.7344,-9.9633,11.2534,0.9556,0.1472,-0.2554,0.9980,133,48.174225,-1.7815,-0.8269
BiancaGolden_CircleTurns,-377.8802,-82.4956,203.0539,-0.4555,-10.1401,11.1660,0.9551,0.1457,-0.2578,0.9980,134,48.187840,-1.7788,-0.8250
BiancaGolden_CircleTurns,-377.6165,-82.3111,203.0938,-0.2097,-10.2976,11.1092,0.9526,0.1525,-0.2633,0.9980,134,48.200836,-1.7762,-0.8231
BiancaGolden_CircleTurns,-377.3794,-82.1570,203.1334,-0.0377,-10.4136,11.1015,0.9520,0.1589,-0.2617,0.9980,135,48.215763,-1.7738,-0.8216
BiancaGolden_CircleTurns,-377.1326,-82.0317,203.1225,0.1287,-10.5141,11.0516,0.9510,0.1608,-0.2639,0.9980,135,48.229729,-1.7713,-0.8203
BiancaGolden_CircleTurns,-376.9048,-81.9116,203.0777,0.2789,-10.6502,10.9925,0.9506,0.1602,-0.2659,0.9980,135,48.243916,-1.7690,-0.8191
BiancaGolden_CircleTurns,-376.6758,-81.8290,203.0180,0.4510,-10.7712,10.9695,0.9499,0.1659,-0.2649,0.9980,136,48.257050,-1.7668,-0.8183
BiancaGolden_CircleTurns,-376.4477,-81.7609,203.0040,0.5470,-10.8102,10.9724,0.9500,0.1661,-0.2643,0.9980,136,48.270153,-1.7645,-0.8176
BiancaGolden_CircleTurns,-376.2042,-81.6914,203.0210,0.6161,-10.7742,10.9880,0.9491,0.1714,-0.2643,0.9980,137,48.285805,-1.7620,-0.8169
BiancaGolden_CircleTurns,-375.9786,-81.6711,203.0169,0.6768,-10.6824,11.1123,0.9478,0.1704,-0.2695,0.9980,137,48.298740,-1.7598,-0.8167
BiancaGolden_CircleTurns,-375.7622,-81.6429,202.9957,0.7555,-10.6351,11.2567,0.9472,0.1739,-0.2694,0.9980,138,48.313034,-1.7576,-0.8164
BiancaGolden_CircleTurns,-375.5526,-81.6401,202.9849,0.7703,-10.6313,11.4716,0.9460,0.1779,-0.2709,0.9980,138,48.326431,-1.7555,-0.8164
BiancaGolden_CircleTurns,-375.3386,-81.6407,202.9894,0.7036,-10.5905,11.7120,0.9463,0.1786,-0.2695,0.9980,138,48.341068,-1.7534,-0.8164
BiancaGolden_CircleTurns,-375.0963,-81.6774,202.9983,0.6626,-10.5132,11.9886,0.9462,0.1844,-0.2658,0.9980,139,48.354530,-1.7510,-0.8168
BiancaGolden_CircleTurns,-374.8567,-81.7299,202.9824,0.6298,-10.3843,12.3234,0.9459,0.1935,-0.2606,0.9980,139,48.367683,-1.7486,-0.8173
BiancaGolden_CircleTurns,-374.6000,-81.8133,202.9796,0.5789,-10.2082,12.6781,0.9455,0.2002,-0.2568,0.9980,140,48.382778,-1.7460,-0.8181
BiancaGolden_CircleTurns,-374.3484,-81.9306,202.9745,0.4469,-9.9463,12.9926,0.9454,0.2040,-0.2543,0.9980,140,48.395950,-1.7435,-0.8193
BiancaGolden_CircleTurns,-374.1087,-82.0418,202.9555,0.3495,-9.7559,13.2767,0.9448,0.2085,-0.2527,0.9980,140,48.410423,-1.7411,-0.8204
BiancaGolden_CircleTurns,-373.8662,-82.1988,202.9142,0.3145,-9.6602,13.5429,0.9443,0.2025,-0.2594,0.9980,141,48.424114,-1.7387,-0.8220
BiancaGolden_CircleTurns,-373.6298,-82.3642,202.8579,0.3315,-9.6035,13.8295,0.9438,0.2062,-0.2584,0.9980,141,48.436905,-1.7363,-0.8236
BiancaGolden_CircleTurns,-373.4049,-82.5649,202.8000,0.3806,-9.6341,14.1312,0.9432,0.2055,-0.2611,0.9980,142,48.452446,-1.7340,-0.8256
BiancaGolden_CircleTurns,-373.1824,-82.7750,202.7481,0.4370,-9.6925,14.4356,0.9425,0.2027,-0.2657,0.9980,142,48.465668,-1.7318,-0.8278
BiancaGolden_CircleTurns,-372.9516,-83.0263,202.7196,0.4044,-9.8084,14.7302,0.9411,0.2074,-0.2670,0.9980,143,48.480011,-1.7295,-0.8303
BiancaGolden_CircleTurns,-372.7144,-83.2827,202.6884,0.3359,-9.8854,15.0192,0.9403,0.2096,-0.2680,0.9980,143,48.497791,-1.7271,-0.8328
BiancaGolden_CircleTurns,-372.4645,-83.5586,202.6910,0.2669,-9.9384,15.2732,0.9407,0.2114,-0.2654,0.9980,143,48.508400,-1.7246,-0.8356
BiancaGolden_CircleTurns,-372.2052,-83.8538,202.7146,0.1635,-9.9157,15.4835,0.9423,0.2082,-0.2620,0.9980,144,48.521057,-1.7221,-0.8385
BiancaGolden_CircleTurns,-371.9151,-84.1455,202.7556,0.0561,-9.7778,15.6658,0.9442,0.2059,-0.2572,0.9980,144,48.535084,-1.7192,-0.8415
BiancaGolden_CircleTurns,-371.5941,-84.4412,202.8216,0.0310,-9.4687,15.8695,0.9435,0.2103,-0.2559,0.9980,145,48.549164,-1.7159,-0.8444
BiancaGolden_CircleTurns,-371.2612,-84.7431,202.8639,0.0163,-9.1173,16.1705,0.9459,0.2032,-0.2530,0.9980,145,48.562645,-1.7126,-0.8474
BiancaGolden_CircleTurns,-370.9105,-85.0417,202.9481,-0.0486,-8.8642,16.4397,0.9461,0.2085,-0.2477,0.9980,145,48.576649,-1.7091,-0.8504
BiancaGolden_CircleTurns,-370.4967,-85.3345,203.1203,-0.1947,-8.5428,16.7202,0.9464,0.2125,-0.2433,0.9980,146,48.590179,-1.7050,-0.8533
BiancaGolden_CircleTurns,-370.1189,-85.6277,203.2136,-0.3466,-8.2711,16.9311,0.9451,0.2165,-0.2446,0.9980,146,48.603439,-1.7012,-0.8563
BiancaGolden_CircleTurns,-369.7300,-85.9473,203.2175,-0.4738,-8.1199,17.1643,0.9446,0.2208,-0.2430,0.9980,147,48.618393,-1.6973,-0.8595
BiancaGolden_CircleTurns,-369.3146,-86.2576,203.2369,-0.5967,-8.0129,17.4000,0.9461,0.2141,-0.2429,0.9980,147,48.631992,-1.6931,-0.8626
BiancaGolden_CircleTurns,-368.9050,-86.5774,203.2594,-0.7620,-7.9387,17.5913,0.9447,0.2096,-0.2523,0.9980,148,48.646175,-1.6891,-0.8658
BiancaGolden_CircleTurns,-368.4759,-86.9059,203.2850,-0.8935,-7.8871,17.7670,0.9441,0.2126,-0.2518,0.9980,148,48.659790,-1.6848,-0.8691
BiancaGolden_CircleTurns,-368.0255,-87.2399,203.3169,-1.0199,-7.8456,17.9321,0.9423,0.2178,-0.2540,0.9980,148,48.674263,-1.6803,-0.8724
BiancaGolden_CircleTurns,-367.5936,-87.5739,203.2945,-1.1048,-7.8147,18.0847,0.9429,0.2118,-0.2572,0.9980,149,48.687862,-1.6759,-0.8757
BiancaGolden_CircleTurns,-367.1399,-87.9278,203.2377,-1.1388,-7.8923,18.2422,0.9384,0.2138,-0.2716,0.9980,149,48.700806,-1.6714,-0.8793
BiancaGolden_CircleTurns,-366.6852,-88.2821,203.2168,-1.1818,-7.9874,18.4327,0.9379,0.2142,-0.2728,0.9980,150,48.715729,-1.6669,-0.8828
BiancaGolden_CircleTurns,-366.2043,-88.6355,203.2558,-1.2545,-8.0491,18.5836,0.9377,0.2139,-0.2737,0.9980,150,48.729492,-1.6620,-0.8864
BiancaGolden_CircleTurns,-365.7114,-89.0133,203.3095,-1.3446,-8.0989,18.7366,0.9370,0.2160,-0.2744,0.9980,150,48.743946,-1.6571,-0.8901
BiancaGolden_CircleTurns,-365.2169,-89.4164,203.2924,-1.2939,-8.1501,18.8796,0.9366,0.2152,-0.2764,0.9980,151,48.757317,-1.6522,-0.8942
BiancaGolden_CircleTurns,-364.7145,-89.8283,203.2657,-1.1584,-8.2112,19.0275,0.9369,0.2111,-0.2785,0.9980,151,48.770451,-1.6471,-0.8983
BiancaGolden_CircleTurns,-364.2144,-90.2461,203.2469,-1.0103,-8.2636,19.1912,0.9350,0.2124,-0.2838,0.9980,152,48.785500,-1.6421,-0.9025
BiancaGolden_CircleTurns,-363.7042,-90.6821,203.2565,-0.8741,-8.3189,19.3264,0.9334,0.2139,-0.2882,0.9980,152,48.799496,-1.6370,-0.9068
BiancaGolden_CircleTurns,-363.2005,-91.1332,203.2466,-0.7547,-8.3659,19.4560,0.9338,0.2107,-0.2891,0.9980,153,48.813400,-1.6320,-0.9113
BiancaGolden_CircleTurns,-362.6989,-91.5802,203.2203,-0.6938,-8.4353,19.5786,0.9351,0.2124,-0.2836,0.9980,153,48.826973,-1.6270,-0.9158
BiancaGolden_CircleTurns,-362.1968,-92.0405,203.1881,-0.6894,-8.5467,19.6687,0.9346,0.2137,-0.2842,0.9980,153,48.841446,-1.6220,-0.9204
BiancaGolden_CircleTurns,-361.6960,-92.4899,203.1706,-0.7392,-8.5815,19.7451,0.9347,0.2137,-0.2841,0.9980,154,48.854828,-1.6170,-0.9249
BiancaGolden_CircleTurns,-361.1981,-92.9412,203.1348,-0.7684,-8.5742,19.8333,0.9337,0.2126,-0.2882,0.9980,154,48.868309,-1.6120,-0.9294
BiancaGolden_CircleTurns,-360.7079,-93.3746,203.0974,-0.8799,-8.5710,19.9313,0.9334,0.2138,-0.2881,0.9980,155,48.883499,-1.6071,-0.9337
BiancaGolden_CircleTurns,-360.2261,-93.7906,203.0745,-1.0782,-8.5431,20.0377,0.9339,0.2167,-0.2845,0.9980,155,48.897751,-1.6023,-0.9379
BiancaGolden_CircleTurns,-359.7686,-94.2117,203.0258,-1.2132,-8.5352,20.1752,0.9331,0.2187,-0.2856,0.9980,155,48.911934,-1.5977,-0.9421
BiancaGolden_CircleTurns,-359.3148,-94.6145,202.9825,-1.3029,-8.5905,20.2886,0.9326,0.2205,-0.2856,0.9980,156,48.924835,-1.5931,-0.9461
BiancaGolden_CircleTurns,-358.8750,-95.0046,202.9263,-1.3700,-8.6797,20.3961,0.9323,0.2174,-0.2889,0.9980,156,48.938179,-1.5888,-0.9500
BiancaGolden_CircleTurns,-358.4667,-95.3563,202.8495,-1.4743,-8.7693,20.5055,0.9319,0.2197,-0.2885,0.9980,157,48.953175,-1.5847,-0.9536
BiancaGolden_CircleTurns,-358.0601,-95.7153,202.7853,-1.5356,-8.9080,20.6434,0.9298,0.2208,-0.2944,0.9980,157,48.966862,-1.5806,-0.9572
BiancaGolden_CircleTurns,-357.6820,-96.0199,202.7598,-1.5776,-9.1161,20.8166,0.9278,0.2242,-0.2983,0.9980,158,48.981171,-1.5768,-0.9602
BiancaGolden_CircleTurns,-357.3305,-96.3028,202.7862,-1.6730,-9.3364,20.9982,0.9262,0.2269,-0.3012,0.9980,158,48.997917,-1.5733,-0.9630
BiancaGolden_CircleTurns,-356.9685,-96.5917,202.8104,-1.6801,-9.5122,21.1848,0.9254,0.2285,-0.3025,0.9980,158,49.009834,-1.5697,-0.9659
BiancaGolden_CircleTurns,-356.6155,-96.8334,202.8125,-1.6853,-9.5919,21.2899,0.9244,0.2340,-0.3011,0.9980,159,49.022957,-1.5662,-0.9683
BiancaGolden_CircleTurns,-356.2883,-97.0844,202.7871,-1.7284,-9.6838,21.4341,0.9240,0.2365,-0.3004,0.9980,159,49.036407,-1.5629,-0.9708
BiancaGolden_CircleTurns,-355.9843,-97.3013,202.7473,-1.7404,-9.7150,21.5844,0.9229,0.2403,-0.3009,0.9980,160,49.050770,-1.5598,-0.9730
BiancaGolden_CircleTurns,-355.6544,-97.5235,202.7556,-1.7190,-9.7424,21.6813,0.9249,0.2340,-0.2998,0.9980,160,49.064434,-1.5565,-0.9752
BiancaGolden_CircleTurns,-355.3021,-97.7056,202.8386,-1.7082,-9.6771,21.7321,0.9251,0.2341,-0.2990,0.9980,160,49.078556,-1.5530,-0.9771
BiancaGolden_CircleTurns,-354.9509,-97.8701,202.9554,-1.7663,-9.6188,21.7245,0.9256,0.2324,-0.2988,0.9980,161,49.092186,-1.5495,-0.9787
BiancaGolden_CircleTurns,-354.6014,-98.0115,202.9902,-1.8189,-9.5694,21.7658,0.9257,0.2307,-0.2996,0.9980,161,49.105518,-1.5460,-0.9801
BiancaGolden_CircleTurns,-354.2665,-98.1224,203.0381,-1.9708,-9.5971,21.7678,0.9256,0.2337,-0.2977,0.9980,162,49.120621,-1.5427,-0.9812
BiancaGolden_CircleTurns,-353.8981,-98.2396,203.0992,-1.9773,-9.5518,21.8138,0.9284,0.2294,-0.2922,0.9980,162,49.134621,-1.5390,-0.9824
BiancaGolden_CircleTurns,-353.5169,-98.2826,203.1939,-1.9327,-9.3631,21.7948,0.9277,0.2356,-0.2895,0.9980,163,49.149029,-1.5352,-0.9828
BiancaGolden_CircleTurns,-353.1634,-98.3105,203.2523,-1.9627,-9.1788,21.7550,0.9283,0.2354,-0.2879,0.9980,163,49.162868,-1.5316,-0.9831
BiancaGolden_CircleTurns,-352.8372,-98.2925,203.2432,-2.0330,-9.0654,21.7210,0.9296,0.2304,-0.2877,0.9980,163,49.176655,-1.5284,-0.9829
BiancaGolden_CircleTurns,-352.4901,-98.3023,203.2532,-1.9707,-9.0632,21.7318,0.9264,0.2353,-0.2941,0.9980,164,49.190746,-1.5249,-0.9830
BiancaGolden_CircleTurns,-352.1574,-98.2760,203.2718,-1.9846,-9.0435,21.7176,0.9270,0.2313,-0.2951,0.9980,164,49.203487,-1.5216,-0.9828
BiancaGolden_CircleTurns,-351.7902,-98.2523,203.3351,-1.7706,-9.0068,21.7812,0.9262,0.2304,-0.2983,0.9980,165,49.218594,-1.5179,-0.9825
BiancaGolden_CircleTurns,-351.4543,-98.1712,203.3458,-1.5130,-8.8378,21.7777,0.9266,0.2292,-0.2981,0.9980,165,49.232388,-1.5145,-0.9817
BiancaGolden_CircleTurns,-351.1563,-98.0561,203.2952,-1.4744,-8.7866,21.7024,0.9267,0.2286,-0.2983,0.9980,166,49.247040,-1.5116,-0.9806
BiancaGolden_CircleTurns,-350.8728,-97.9406,203.2193,-1.4530,-8.8013,21.6717,0.9243,0.2344,-0.3012,0.9980,166,49.260609,-1.5087,-0.9794
BiancaGolden_CircleTurns,-350.5838,-97.8232,203.1603,-1.3242,-8.8321,21.6589,0.9245,0.2330,-0.3016,0.9980,166,49.274433,-1.5058,-0.9782
BiancaGolden_CircleTurns,-350.3185,-97.6830,203.0574,-1.1632,-8.8730,21.6018,0.9250,0.2316,-0.3012,0.9980,167,49.287926,-1.5032,-0.9768
BiancaGolden_CircleTurns,-350.0683,-97.5330,202.9369,-0.9975,-8.9023,21.5673,0.9246,0.2304,-0.3032,0.9980,167,49.301704,-1.5007,-0.9753
BiancaGolden_CircleTurns,-349.8508,-97.3512,202.8244,-0.8117,-9.0496,21.5357,0.9240,0.2295,-0.3058,0.9980,168,49.316338,-1.4985,-0.9735
BiancaGolden_CircleTurns,-349.6108,-97.1656,202.7911,-0.6630,-9.2261,21.5233,0.9199,0.2301,-0.3176,0.9980,168,49.329796,-1.4961,-0.9717
BiancaGolden_CircleTurns,-349.4026,-96.9346,202.8297,-0.5852,-9.4033,21.5072,0.9184,0.2293,-0.3225,0.9980,168,49.344254,-1.4940,-0.9693
BiancaGolden_CircleTurns,-349.1548,-96.6951,202.9354,-0.5394,-9.7074,21.5064,0.9186,0.2282,-0.3227,0.9980,169,49.357433,-1.4915,-0.9670
BiancaGolden_CircleTurns,-348.8874,-96.4264,203.0771,-0.5064,-9.8079,21.4533,0.9186,0.2334,-0.3189,0.9980,169,49.370907,-1.4889,-0.9643
BiancaGolden_CircleTurns,-348.6432,-96.1073,203.2192,-0.5202,-9.7043,21.3688,0.9206,0.2360,-0.3110,0.9980,170,49.386002,-1.4864,-0.9611
BiancaGolden_CircleTurns,-348.3860,-95.7589,203.3062,-0.5386,-9.4692,21.2666,0.9233,0.2343,-0.3043,0.9980,170,49.399445,-1.4839,-0.9576
BiancaGolden_CircleTurns,-348.1530,-95.4014,203.3552,-0.4806,-9.1528,21.1247,0.9254,0.2330,-0.2990,0.9980,171,49.413746,-1.4815,-0.9540
BiancaGolden_CircleTurns,-347.9102,-95.0472,203.4179,-0.2829,-8.8572,21.0358,0.9305,0.2231,-0.2906,0.9980,171,49.427483,-1.4791,-0.9505
BiancaGolden_CircleTurns,-347.6867,-94.6686,203.4777,-0.0212,-8.5889,20.9156,0.9320,0.2203,-0.2879,0.9980,171,49.441574,-1.4769,-0.9467
BiancaGolden_CircleTurns,-347.5302,-94.2935,203.4246,0.2405,-8.4648,20.7666,0.9311,0.2257,-0.2866,0.9980,172,49.455296,-1.4753,-0.9429
BiancaGolden_CircleTurns,-347.3474,-93.9375,203.3689,0.5788,-8.4191,20.6729,0.9300,0.2260,-0.2898,0.9980,172,49.468536,-1.4735,-0.9394
BiancaGolden_CircleTurns,-347.1472,-93.6011,203.3453,1.0032,-8.4180,20.5635,0.9311,0.2222,-0.2893,0.9980,173,49.483631,-1.4715,-0.9360
BiancaGolden_CircleTurns,-346.9529,-93.2484,203.3442,1.2451,-8.4259,20.3470,0.9292,0.2197,-0.2973,0.9980,173,49.500816,-1.4695,-0.9325
BiancaGolden_CircleTurns,-346.7635,-92.9048,203.3055,1.3831,-8.4199,20.1440,0.9297,0.2144,-0.2995,0.9980,173,49.511826,-1.4676,-0.9290
BiancaGolden_CircleTurns,-346.5690,-92.5844,203.1836,1.3374,-8.4758,19.9290,0.9289,0.2106,-0.3047,0.9980,174,49.524727,-1.4657,-0.9258
BiancaGolden_CircleTurns,-346.3432,-92.2735,203.1180,1.3306,-8.5450,19.7302,0.9278,0.2067,-0.3106,0.9980,174,49.538277,-1.4634,-0.9227
BiancaGolden_CircleTurns,-346.1080,-91.9658,203.0963,1.3148,-8.6752,19.5249,0.9250,0.2093,-0.3171,0.9980,175,49.553307,-1.4611,-0.9197
BiancaGolden_CircleTurns,-345.8600,-91.6743,203.0810,1.3263,-8.8427,19.3540,0.9221,0.2131,-0.3228,0.9980,175,49.566036,-1.4586,-0.9167
BiancaGolden_CircleTurns,-345.6082,-91.4126,203.0316,1.3314,-9.0906,19.2072,0.9215,0.2106,-0.3262,0.9980,176,49.580467,-1.4561,-0.9141
BiancaGolden_CircleTurns,-345.3546,-91.1556,202.9797,1.3803,-9.2892,19.0822,0.9203,0.2088,-0.3307,0.9980,176,49.593967,-1.4535,-0.9116
BiancaGolden_CircleTurns,-345.0935,-90.9546,202.9369,1.5858,-9.4899,19.0036,0.9201,0.2062,-0.3329,0.9980,176,49.608894,-1.4509,-0.9095
BiancaGolden_CircleTurns,-344.8430,-90.7465,202.8869,1.7591,-9.6409,18.9017,0.9219,0.2093,-0.3261,0.9980,177,49.622498,-1.4484,-0.9075
BiancaGolden_CircleTurns,-344.5817,-90.5868,202.8511,1.9261,-9.7987,18.7861,0.9218,0.2065,-0.3280,0.9980,177,49.635082,-1.4458,-0.9059
BiancaGolden_CircleTurns,-344.3165,-90.4808,202.8640,2.0364,-9.9691,18.6397,0.9201,0.2084,-0.3317,0.9980,178,49.650101,-1.4432,-0.9048
BiancaGolden_CircleTurns,-344.0402,-90.3882,202.9425,2.1033,-10.1786,18.4494,0.9197,0.2050,-0.3347,0.9980,178,49.663712,-1.4404,-0.9039
BiancaGolden_CircleTurns,-343.7545,-90.3274,203.0384,2.1819,-10.3724,18.2723,0.9196,0.2059,-0.3344,0.9980,178,49.677837,-1.4375,-0.9033
BiancaGolden_CircleTurns,-343.4643,-90.2931,203.1252,2.2593,-10.4965,18.0677,0.9184,0.2110,-0.3348,0.9980,179,49.691425,-1.4346,-0.9029
BiancaGolden_CircleTurns,-343.1716,-90.2827,203.1775,2.2759,-10.5842,17.8816,0.9189,0.2111,-0.3333,0.9980,179,49.704540,-1.4317,-0.9028
BiancaGolden_CircleTurns,-342.8860,-90.2921,203.2232,2.2287,-10.5459,17.6568,0.9226,0.2107,-0.3230,0.9980,180,49.720181,-1.4289,-0.9029
BiancaGolden_CircleTurns,-342.5847,-90.3250,203.2877,2.1345,-10.4661,17.4594,0.9237,0.2092,-0.3209,0.9980,180,49.733067,-1.4258,-0.9032
BiancaGolden_CircleTurns,-342.2781,-90.3726,203.3505,2.0439,-10.3267,17.2605,0.9253,0.2066,-0.3181,0.9980,181,49.748081,-1.4228,-0.9037
BiancaGolden_CircleTurns,-341.9594,-90.4624,203.4015,1.9313,-10.1515,17.0638,0.9273,0.2026,-0.3148,0.9980,181,49.760921,-1.4196,-0.9046
BiancaGolden_CircleTurns,-341.6309,-90.5740,203.4211,1.8795,-9.9586,16.8662,0.9291,0.2046,-0.3081,0.9980,181,49.775520,-1.4163,-0.9057
BiancaGolden_CircleTurns,-341.2941,-90.6888,203.4315,1.8116,-9.7481,16.6654,0.9309,0.2013,-0.3048,0.9980,182,49.788879,-1.4129,-0.9069
BiancaGolden_CircleTurns,-340.9400,-90.8363,203.4251,1.6504,-9.5394,16.4919,0.9311,0.2001,-0.3051,0.9980,182,49.802689,-1.4094,-0.9084
BiancaGolden_CircleTurns,-340.5703,-90.9713,203.4205,1.5101,-9.3585,16.3163,0.9322,0.1981,-0.3029,0.9980,183,49.817364,-1.4057,-0.9097
BiancaGolden_CircleTurns,-340.1762,-91.1498,203.4062,1.3610,-9.2139,16.1681,0.9304,0.2014,-0.3063,0.9980,183,49.831032,-1.4018,-0.9115
BiancaGolden_CircleTurns,-339.7708,-91.3236,203.3807,1.2727,-9.0854,16.0222,0.9293,0.2074,-0.3056,0.9980,183,49.844887,-1.3977,-0.9132
BiancaGolden_CircleTurns,-339.3497,-91.5197,203.3500,1.1689,-9.0158,15.9141,0.9297,0.2075,-0.3045,0.9980,184,49.858540,-1.3935,-0.9152
BiancaGolden_CircleTurns,-338.9074,-91.7090,203.3152,1.0683,-8.9443,15.8134,0.9247,0.2182,-0.3120,0.9980,184,49.871593,-1.3891,-0.9171
BiancaGolden_CircleTurns,-338.4451,-91.9120,203.2858,0.9366,-8.8732,15.7678,0.9242,0.2207,-0.3117,0.9980,185,49.887585,-1.3845,-0.9191
BiancaGolden_CircleTurns,-337.9633,-92.1432,203.2549,0.9293,-8.7912,15.7477,0.9227,0.2247,-0.3133,0.9980,185,49.901539,-1.3796,-0.9214
BiancaGolden_CircleTurns,-337.4361,-92.4065,203.2162,1.0365,-8.6273,15.7661,0.9236,0.2247,-0.3107,0.9980,186,49.914822,-1.3744,-0.9241
BiancaGolden_CircleTurns,-336.9147,-92.6751,203.1863,1.0887,-8.4638,15.7640,0.9234,0.2294,-0.3078,0.9980,186,49.927986,-1.3691,-0.9268
BiancaGolden_CircleTurns,-336.3725,-92.9625,203.1464,1.1323,-8.2833,15.7823,0.9243,0.2314,-0.3036,0.9980,186,49.941986,-1.3637,-0.9296
BiancaGolden_CircleTurns,-335.8301,-93.2775,203.0925,1.1825,-8.1457,15.7995,0.9243,0.2320,-0.3031,0.9980,187,49.955399,-1.3583,-0.9328
BiancaGolden_CircleTurns,-335.2808,-93.6238,203.0350,1.2576,-8.1044,15.8445,0.9242,0.2274,-0.3069,0.9980,187,49.968113,-1.3528,-0.9362
BiancaGolden_CircleTurns,-334.7305,-93.9854,202.9920,1.3552,-8.1234,15.8656,0.9227,0.2238,-0.3138,0.9980,188,49.983631,-1.3473,-0.9399
BiancaGolden_CircleTurns,-334.1818,-94.3424,202.9829,1.3568,-8.1781,15.9016,0.9223,0.2247,-0.3145,0.9980,188,50.002167,-1.3418,-0.9434
BiancaGolden_CircleTurns,-333.6210,-94.7147,202.9493,1.3619,-8.2150,15.9596,0.9195,0.2292,-0.3194,0.9980,188,50.011440,-1.3362,-0.9471
BiancaGolden_CircleTurns,-333.0294,-95.1421,202.9281,1.5435,-8.2479,16.0985,0.9182,0.2337,-0.3199,0.9980,189,50.025726,-1.3303,-0.9514
BiancaGolden_CircleTurns,-332.4473,-95.5572,202.9002,1.6735,-8.2184,16.2206,0.9182,0.2356,-0.3185,0.9980,189,50.039520,-1.3245,-0.9556
BiancaGolden_CircleTurns,-331.8578,-96.0097,202.9011,1.8915,-8.1925,16.3528,0.9178,0.2367,-0.3188,0.9980,190,50.054752,-1.3186,-0.9601
BiancaGolden_CircleTurns,-331.2967,-96.4773,202.8816,1.9897,-8.1680,16.4654,0.9142,0.2426,-0.3246,0.9980,190,50.068352,-1.3130,-0.9648
BiancaGolden_CircleTurns,-330.6892,-96.9610,202.9136,2.1642,-8.1938,16.5987,0.9140,0.2446,-0.3238,0.9980,191,50.081112,-1.3069,-0.9696
BiancaGolden_CircleTurns,-330.1012,-97.4549,202.9221,2.3460,-8.1502,16.7493,0.9137,0.2455,-0.3240,0.9980,191,50.094894,-1.3010,-0.9745
BiancaGolden_CircleTurns,-329.5643,-97.9815,202.8172,2.4808,-8.1694,16.9283,0.9117,0.2493,-0.3266,0.9980,191,50.109070,-1.2956,-0.9798
BiancaGolden_CircleTurns,-329.0206,-98.5550,202.6562,2.6599,-8.3324,17.1386,0.9085,0.2489,-0.3356,0.9980,192,50.121990,-1.2902,-0.9856
BiancaGolden_CircleTurns,-328.4049,-99.1078,202.7184,2.8075,-8.4999,17.3041,0.9070,0.2498,-0.3390,0.9980,192,50.134903,-1.2840,-0.9911
BiancaGolden_CircleTurns,-327.7833,-99.6680,202.8629,2.8602,-8.5180,17.4428,0.9070,0.2509,-0.3382,0.9980,193,50.149845,-1.2778,-0.9967
BiancaGolden_CircleTurns,-327.1822,-100.2643,202.9063,2.8747,-8.4763,17.5832,0.9071,0.2521,-0.3371,0.9980,193,50.163334,-1.2718,-1.0026
BiancaGolden_CircleTurns,-326.6029,-100.8658,202.8598,2.8274,-8.5169,17.7079,0.9063,0.2538,-0.3380,0.9980,193,50.178005,-1.2660,-1.0087
BiancaGolden_CircleTurns,-326.0193,-101.4611,202.8571,2.7673,-8.5710,17.8068,0.9063,0.2557,-0.3366,0.9980,194,50.191109,-1.2602,-1.0146
BiancaGolden_CircleTurns,-325.4236,-102.0459,202.8879,2.7091,-8.4835,17.8910,0.9050,0.2570,-0.3389,0.9980,194,50.204151,-1.2542,-1.0205
BiancaGolden_CircleTurns,-324.8523,-102.6312,202.8665,2.6392,-8.3624,17.9889,0.9050,0.2589,-0.3377,0.9980,195,50.219711,-1.2485,-1.0263
BiancaGolden_CircleTurns,-324.2832,-103.2001,202.8304,2.5585,-8.2732,18.0843,0.9047,0.2606,-0.3370,0.9980,195,50.233124,-1.2428,-1.0320
BiancaGolden_CircleTurns,-323.7188,-103.7672,202.8161,2.5148,-8.2280,18.1821,0.9072,0.2561,-0.3337,0.9980,196,50.247322,-1.2372,-1.0377
BiancaGolden_CircleTurns,-323.1621,-104.3055,202.8249,2.4516,-8.1656,18.1824,0.9075,0.2559,-0.3330,0.9980,196,50.261086,-1.2316,-1.0431
BiancaGolden_CircleTurns,-322.6070,-104.8257,202.8461,2.4761,-8.1256,18.1734,0.9082,0.2531,-0.3333,0.9980,196,50.274929,-1.2261,-1.0483
BiancaGolden_CircleTurns,-322.0743,-105.3205,202.8550,2.4367,-8.1607,18.1794,0.9068,0.2568,-0.3344,0.9980,197,50.287830,-1.2207,-1.0532
BiancaGolden_CircleTurns,-321.5317,-105.7777,202.8642,2.2891,-8.2011,18.1808,0.9059,0.2536,-0.3391,0.9980,197,50.301208,-1.2153,-1.0578
BiancaGolden_CircleTurns,-321.0062,-106.2365,202.8338,2.0983,-8.2312,18.1799,0.9048,0.2569,-0.3396,0.9980,198,50.316441,-1.2101,-1.0624
BiancaGolden_CircleTurns,-320.4792,-106.6310,202.7862,1.9662,-8.2466,18.1685,0.9052,0.2568,-0.3387,0.9980,198,50.329941,-1.2048,-1.0663
BiancaGolden_CircleTurns,-319.9315,-107.0058,202.7920,1.7711,-8.1829,18.1155,0.9059,0.2562,-0.3373,0.9980,198,50.343758,-1.1993,-1.0701
BiancaGolden_CircleTurns,-319.3840,-107.2933,202.8582,1.4231,-8.0836,17.9880,0.9043,0.2604,-0.3383,0.9980,199,50.357662,-1.1938,-1.0729
BiancaGolden_CircleTurns,-318.8278,-107.5545,202.9033,1.0431,-7.9871,17.8652,0.9041,0.2574,-0.3410,0.9980,199,50.370537,-1.1883,-1.0755
BiancaGolden_CircleTurns,-318.3148,-107.7443,202.9035,0.6860,-7.9010,17.7581,0.9046,0.2601,-0.3378,0.9980,200,50.385899,-1.1831,-1.0774
BiancaGolden_CircleTurns,-317.8043,-107.9119,202.9047,0.4255,-7.9333,17.7113,0.9033,0.2581,-0.3427,0.9980,200,50.400414,-1.1780,-1.0791
BiancaGolden_CircleTurns,-317.3169,-108.0290,202.9063,0.2357,-8.0682,17.7106,0.9015,0.2582,-0.3472,0.9980,201,50.414158,-1.1732,-1.0803
BiancaGolden_CircleTurns,-316.8447,-108.1165,202.9218,0.1743,-8.3449,17.7376,0.8975,0.2645,-0.3529,0.9980,201,50.427235,-1.1684,-1.0812
BiancaGolden_CircleTurns,-316.3928,-108.1904,202.9257,0.2392,-8.6916,17.8441,0.8944,0.2657,-0.3598,0.9980,201,50.441425,-1.1639,-1.0819
BiancaGolden_CircleTurns,-315.9638,-108.2271,202.9162,0.4416,-9.1222,18.0161,0.8887,0.2754,-0.3666,0.9980,202,50.454941,-1.1596,-1.0823
BiancaGolden_CircleTurns,-315.5408,-108.2533,202.8859,0.6232,-9.5399,18.1782,0.8861,0.2759,-0.3725,0.9980,202,50.468704,-1.1554,-1.0825
BiancaGolden_CircleTurns,-315.1383,-108.2514,202.8443,0.8368,-9.8931,18.3100,0.8889,0.2559,-0.3801,0.9980,203,50.483353,-1.1514,-1.0825
BiancaGolden_CircleTurns,-314.7247,-108.2484,202.8399,1.0978,-10.1856,18.4174,0.8876,0.2563,-0.3827,0.9980,203,50.500793,-1.1472,-1.0825
BiancaGolden_CircleTurns,-314.3368,-108.2125,202.8614,1.4242,-10.3617,18.5383,0.9117,0.0673,-0.4054,0.9980,203,50.512115,-1.1434,-1.0821
BiancaGolden_CircleTurns,-313.9628,-108.1725,202.9040,1.7107,-10.5184,18.6191,0.9147,0.0640,-0.3991,0.9980,204,50.525097,-1.1396,-1.0817
BiancaGolden_CircleTurns,-313.6143,-108.1084,202.9158,1.9495,-10.5622,18.7183,0.9146,0.0320,-0.4030,0.9980,204,50.538998,-1.1361,-1.0811
BiancaGolden_CircleTurns,-313.2910,-108.0115,202.9018,2.1120,-10.5297,18.8062,0.9184,0.0335,-0.3943,0.9980,205,50.553715,-1.1329,-1.0801
BiancaGolden_CircleTurns,-312.9893,-107.9195,202.8656,2.2561,-10.4947,18.8720,0.9194,0.0346,-0.3918,0.9980,205,50.567543,-1.1299,-1.0792
BiancaGolden_CircleTurns,-312.7015,-107.8236,202.8181,2.4317,-10.3866,18.9636,0.9197,0.0954,-0.3809,0.9980,206,50.580776,-1.1270,-1.0782
BiancaGolden_CircleTurns,-312.4428,-107.7105,202.7670,2.5660,-10.2886,19.0151,0.8736,0.2828,-0.3960,0.9980,206,50.594105,-1.1244,-1.0771
BiancaGolden_CircleTurns,-312.2148,-107.5948,202.6739,2.6371,-10.2030,19.0390,0.8752,0.2835,-0.3920,0.9980,206,50.608776,-1.1221,-1.0759
BiancaGolden_CircleTurns,-312.0087,-107.4779,202.5650,2.6642,-10.2021,19.0324,0.9011,0.2737,-0.3364,0.9980,207,50.622307,-1.1201,-1.0748
BiancaGolden_CircleTurns,-311.8182,-107.3378,202.4707,2.5551,-10.2805,18.9703,0.9104,0.2593,-0.3223,0.9980,207,50.636265,-1.1182,-1.0734
BiancaGolden_CircleTurns,-311.6185,-107.1681,202.4811,2.4235,-10.4042,18.8663,0.9107,0.2673,-0.3148,0.9980,208,50.651039,-1.1162,-1.0717
BiancaGolden_CircleTurns,-311.4244,-106.9736,202.5472,2.2971,-10.5175,18.7323,0.9121,0.2668,-0.3113,0.9980,208,50.663918,-1.1142,-1.0697
BiancaGolden_CircleTurns,-311.1655,-106.7343,202.7257,2.1425,-10.5423,18.6432,0.9129,0.2655,-0.3101,0.9980,208,50.678329,-1.1117,-1.0673
BiancaGolden_CircleTurns,-310.9433,-106.4742,202.8912,1.9017,-10.4553,18.5186,0.9121,0.2717,-0.3072,0.9980,209,50.692570,-1.1094,-1.0647
BiancaGolden_CircleTurns,-310.7324,-106.1937,203.0088,1.7400,-10.2681,18.4157,0.9134,0.2706,-0.3042,0.9980,209,50.704952,-1.1073,-1.0619
BiancaGolden_CircleTurns,-310.6229,-105.9678,202.9043,1.7040,-10.1142,18.3233,0.9156,0.2641,-0.3030,0.9980,210,50.721424,-1.1062,-1.0597
BiancaGolden_CircleTurns,-310.4974,-105.7518,202.7457,1.8181,-10.0616,18.2786,0.9151,0.2630,-0.3057,0.9980,210,50.734501,-1.1050,-1.0575
BiancaGolden_CircleTurns,-310.3716,-105.5635,202.5572,2.0926,-9.8731,18.2839,0.9157,0.2628,-0.3039,0.9980,211,50.747955,-1.1037,-1.0556
BiancaGolden_CircleTurns,-310.2111,-105.4003,202.4517,2.5049,-9.7847,18.3204,0.9168,0.2628,-0.3006,0.9980,211,50.761581,-1.1021,-1.0540
BiancaGolden_CircleTurns,-309.9949,-105.2154,202.4511,2.8722,-9.6000,18.3497,0.9167,0.2670,-0.2973,0.9980,211,50.776295,-1.0999,-1.0522
BiancaGolden_CircleTurns,-309.7357,-105.0592,202.5759,3.1575,-9.3959,18.3496,0.9179,0.2660,-0.2943,0.9980,212,50.789680,-1.0974,-1.0506
BiancaGolden_CircleTurns,-309.5153,-104.9292,202.6321,3.3723,-9.2139,18.3206,0.9162,0.2649,-0.3007,0.9980,212,50.803288,-1.0952,-1.0493
BiancaGolden_CircleTurns,-309.3218,-104.8441,202.5983,3.5900,-9.2699,18.2072,0.9138,0.2649,-0.3078,0.9980,213,50.818348,-1.0932,-1.0484
BiancaGolden_CircleTurns,-309.1311,-104.7840,202.5229,3.7502,-9.4351,18.1019,0.9109,0.2579,-0.3220,0.9980,213,50.831497,-1.0913,-1.0478
BiancaGolden_CircleTurns,-308.8995,-104.7262,202.5007,3.8376,-9.7196,18.0008,0.9101,0.2565,-0.3254,0.9980,214,50.845856,-1.0890,-1.0473
BiancaGolden_CircleTurns,-308.6252,-104.6797,202.6013,3.9232,-9.9295,17.9504,0.9091,0.2579,-0.3270,0.9980,214,50.859135,-1.0863,-1.0468
BiancaGolden_CircleTurns,-308.3356,-104.6574,202.7653,3.9853,-10.0210,17.9633,0.9099,0.2590,-0.3242,0.9980,214,50.874084,-1.0834,-1.0466
BiancaGolden_CircleTurns,-308.0524,-104.6898,202.8462,4.1806,-10.0938,18.0267,0.9096,0.2594,-0.3245,0.9980,215,50.887325,-1.0805,-1.0469
BiancaGolden_CircleTurns,-307.7787,-104.7424,202.8438,4.4059,-10.1554,18.0847,0.9079,0.2646,-0.3251,0.9980,215,50.900227,-1.0778,-1.0474
BiancaGolden_CircleTurns,-307.4998,-104.8348,202.8446,4.5549,-10.2650,18.1428,0.9076,0.2646,-0.3261,0.9980,216,50.916313,-1.0750,-1.0483
BiancaGolden_CircleTurns,-307.2141,-104.9145,202.9025,4.4817,-10.3355,18.1348,0.9088,0.2596,-0.3266,0.9980,216,50.930447,-1.0721,-1.0491
BiancaGolden_CircleTurns,-306.9254,-105.0044,202.9765,4.1624,-10.3222,18.0433,0.9078,0.2616,-0.3277,0.9980,216,50.944099,-1.0693,-1.0500
BiancaGolden_CircleTurns,-306.6542,-105.1310,202.9831,3.8574,-10.3673,17.9538,0.9071,0.2593,-0.3316,0.9980,217,50.957142,-1.0665,-1.0513
BiancaGolden_CircleTurns,-306.3815,-105.2560,202.9380,3.4956,-10.4442,17.7854,0.9063,0.2578,-0.3349,0.9980,217,50.971004,-1.0638,-1.0526
BiancaGolden_CircleTurns,-306.1104,-105.3931,202.9111,3.1998,-10.5640,17.6703,0.9055,0.2578,-0.3370,0.9980,218,50.985725,-1.0611,-1.0539
BiancaGolden_CircleTurns,-305.8396,-105.5175,202.9126,2.9547,-10.6883,17.6159,0.9055,0.2576,-0.3371,0.9980,218,51.002316,-1.0584,-1.0552
BiancaGolden_CircleTurns,-305.5534,-105.6587,202.9220,2.7794,-10.7447,17.6279,0.9052,0.2591,-0.3369,0.9980,219,51.014843,-1.0555,-1.0566
BiancaGolden_CircleTurns,-305.2652,-105.8136,202.8861,2.6863,-10.7324,17.7031,0.9061,0.2617,-0.3323,0.9980,219,51.026684,-1.0527,-1.0581
BiancaGolden_CircleTurns,-304.9598,-105.9860,202.8581,2.6556,-10.6586,17.8237,0.9063,0.2646,-0.3296,0.9980,219,51.041416,-1.0496,-1.0599
BiancaGolden_CircleTurns,-304.6484,-106.1696,202.8120,2.6588,-10.4774,17.9883,0.9051,0.2724,-0.3265,0.9980,220,51.054970,-1.0465,-1.0617
BiancaGolden_CircleTurns,-304.3391,-106.3724,202.7389,2.6955,-10.2706,18.1413,0.9052,0.2795,-0.3203,0.9980,220,51.068310,-1.0434,-1.0637
BiancaGolden_CircleTurns,-304.0358,-106.6194,202.6381,2.7227,-10.1433,18.3206,0.9050,0.2819,-0.3186,0.9980,221,51.082714,-1.0404,-1.0662
BiancaGolden_CircleTurns,-303.7181,-106.8844,202.5345,2.7962,-10.0455,18.4753,0.9053,0.2811,-0.3186,0.9980,221,51.096741,-1.0372,-1.0688
BiancaGolden_CircleTurns,-303.4145,-107.1761,202.4499,2.8357,-10.0541,18.6266,0.9018,0.2866,-0.3235,0.9980,221,51.111279,-1.0341,-1.0718
BiancaGolden_CircleTurns,-303.1203,-107.5050,202.3577,2.9582,-10.1774,18.8241,0.9001,0.2851,-0.3294,0.9980,222,51.125427,-1.0312,-1.0751
BiancaGolden_CircleTurns,-302.8246,-107.8464,202.2687,3.1275,-10.3521,19.0231,0.8984,0.2877,-0.3318,0.9980,222,51.137600,-1.0282,-1.0785
BiancaGolden_CircleTurns,-302.5320,-108.2193,202.1744,3.2871,-10.5686,19.2781,0.8955,0.2907,-0.3371,0.9980,223,51.152611,-1.0253,-1.0822
BiancaGolden_CircleTurns,-302.2245,-108.6238,202.1131,3.3840,-10.8290,19.5471,0.8930,0.2945,-0.3403,0.9980,223,51.166710,-1.0222,-1.0862
BiancaGolden_CircleTurns,-301.8601,-109.0076,202.1965,3.3737,-11.0145,19.8130,0.8923,0.2991,-0.3382,0.9980,224,51.180866,-1.0186,-1.0901
BiancaGolden_CircleTurns,-301.4966,-109.4045,202.3197,3.2748,-10.8824,20.0773,0.8915,0.3028,-0.3369,0.9980,224,51.194382,-1.0150,-1.0940
BiancaGolden_CircleTurns,-301.0492,-109.8085,202.5307,3.1292,-10.8609,20.3203,0.8916,0.3060,-0.3337,0.9980,224,51.211472,-1.0105,-1.0981
BiancaGolden_CircleTurns,-300.5841,-110.1870,202.7852,2.8866,-10.4901,20.5441,0.8938,0.3027,-0.3310,0.9980,225,51.224846,-1.0058,-1.1019
BiancaGolden_CircleTurns,-300.2213,-110.6300,202.8050,2.5538,-10.0173,20.7050,0.8936,0.3063,-0.3282,0.9980,225,51.237610,-1.0022,-1.1063
BiancaGolden_CircleTurns,-299.8519,-111.0856,202.7366,2.3702,-9.8381,20.9035,0.8933,0.3095,-0.3258,0.9980,226,51.252289,-0.9985,-1.1109
BiancaGolden_CircleTurns,-299.4416,-111.4974,202.7548,2.1631,-9.6923,21.0628,0.8927,0.3114,-0.3258,0.9980,226,51.265068,-0.9944,-1.1150
BiancaGolden_CircleTurns,-299.0456,-111.9022,202.8994,1.8833,-9.6402,21.2186,0.8940,0.3069,-0.3265,0.9980,227,51.279980,-0.9905,-1.1190
BiancaGolden_CircleTurns,-298.6410,-112.3094,202.9857,1.6534,-9.6117,21.4264,0.8913,0.3099,-0.3309,0.9980,227,51.292408,-0.9864,-1.1231
BiancaGolden_CircleTurns,-298.2690,-112.7357,202.9847,1.4172,-9.7291,21.6182,0.8880,0.3130,-0.3367,0.9980,227,51.307529,-0.9827,-1.1274
BiancaGolden_CircleTurns,-297.8950,-113.1740,202.9746,1.2672,-9.8909,21.8029,0.8865,0.3153,-0.3387,0.9980,228,51.320511,-0.9790,-1.1317
BiancaGolden_CircleTurns,-297.4987,-113.5888,202.9925,1.1795,-10.0113,21.9483,0.8851,0.3117,-0.3455,0.9980,228,51.333202,-0.9750,-1.1359
BiancaGolden_CircleTurns,-297.0896,-113.9877,203.0588,1.0448,-10.0111,22.1276,0.8848,0.3154,-0.3430,0.9980,229,51.348019,-0.9709,-1.1399
BiancaGolden_CircleTurns,-296.6612,-114.3637,203.1078,0.8185,-9.8474,22.2983,0.8847,0.3187,-0.3403,0.9980,229,51.361855,-0.9666,-1.1436
BiancaGolden_CircleTurns,-296.2489,-114.7441,203.1240,0.6311,-9.6114,22.4764,0.8846,0.3224,-0.3370,0.9980,229,51.376030,-0.9625,-1.1474
BiancaGolden_CircleTurns,-295.8396,-115.1059,203.1170,0.4801,-9.2890,22.6971,0.8849,0.3245,-0.3341,0.9980,230,51.390079,-0.9584,-1.1511
BiancaGolden_CircleTurns,-295.4264,-115.4719,203.1115,0.4093,-9.0438,22.9541,0.8833,0.3268,-0.3362,0.9980,230,51.403152,-0.9543,-1.1547
BiancaGolden_CircleTurns,-295.0181,-115.8376,203.1170,0.4159,-8.8410,23.2723,0.8823,0.3314,-0.3344,0.9980,231,51.418091,-0.9502,-1.1584
BiancaGolden_CircleTurns,-294.6114,-116.1938,203.1211,0.4241,-8.7289,23.5537,0.8808,0.3357,-0.3339,0.9980,231,51.432072,-0.9461,-1.1619
BiancaGolden_CircleTurns,-294.2237,-116.5490,203.0824,0.4436,-8.6911,23.8611,0.8790,0.3393,-0.3349,0.9980,232,51.446308,-0.9422,-1.1655
BiancaGolden_CircleTurns,-293.8389,-116.8998,203.0420,0.4525,-8.7305,24.1704,0.8778,0.3355,-0.3420,0.9980,232,51.459370,-0.9384,-1.1690
BiancaGolden_CircleTurns,-293.4577,-117.2386,203.0133,0.4460,-8.8140,24.4666,0.8764,0.3357,-0.3452,0.9980,232,51.473652,-0.9346,-1.1724
BiancaGolden_CircleTurns,-293.0731,-117.5612,203.0038,0.4003,-8.8538,24.7205,0.8722,0.3377,-0.3539,0.9980,233,51.489994,-0.9307,-1.1756
BiancaGolden_CircleTurns,-292.6949,-117.8912,202.9851,0.3906,-8.8736,24.9464,0.8710,0.3410,-0.3537,0.9980,233,51.501114,-0.9269,-1.1789
BiancaGolden_CircleTurns,-292.3342,-118.1875,202.9702,0.3747,-8.8604,25.1546,0.8724,0.3358,-0.3551,0.9980,234,51.515232,-0.9233,-1.1819
BiancaGolden_CircleTurns,-291.9889,-118.4668,202.9468,0.4120,-8.8131,25.3674,0.8695,0.3380,-0.3601,0.9980,234,51.528381,-0.9199,-1.1847
BiancaGolden_CircleTurns,-291.6390,-118.7493,202.9107,0.3676,-8.7582,25.5658,0.8694,0.3395,-0.3590,0.9980,234,51.542755,-0.9164,-1.1875
BiancaGolden_CircleTurns,-291.2909,-119.0037,202.8891,0.2890,-8.6835,25.7156,0.8688,0.3420,-0.3579,0.9980,235,51.556061,-0.9129,-1.1900
BiancaGolden_CircleTurns,-290.9560,-119.2382,202.8910,0.1922,-8.6104,25.8692,0.8691,0.3425,-0.3569,0.9980,235,51.569569,-0.9096,-1.1924
BiancaGolden_CircleTurns,-290.6125,-119.4348,202.9163,0.0969,-8.5117,26.0316,0.8683,0.3459,-0.3555,0.9980,236,51.583843,-0.9061,-1.1943
BiancaGolden_CircleTurns,-290.2721,-119.6039,202.9559,0.0265,-8.4164,26.2223,0.8681,0.3475,-0.3546,0.9980,236,51.597992,-0.9027,-1.1960
BiancaGolden_CircleTurns,-289.9376,-119.7552,202.9783,-0.0333,-8.2744,26.4024,0.8685,0.3478,-0.3531,0.9980,237,51.612625,-0.8994,-1.1976
BiancaGolden_CircleTurns,-289.5901,-119.8870,202.9780,-0.0031,-8.1107,26.5726,0.8688,0.3477,-0.3525,0.9980,237,51.625584,-0.8959,-1.1989
BiancaGolden_CircleTurns,-289.2476,-119.9700,202.9758,-0.0065,-7.9346,26.7386,0.8699,0.3431,-0.3542,0.9980,237,51.639820,-0.8925,-1.1997
BiancaGolden_CircleTurns,-288.8902,-120.0350,202.9908,-0.0482,-7.7738,26.8910,0.8685,0.3451,-0.3557,0.9980,238,51.653950,-0.8889,-1.2004
BiancaGolden_CircleTurns,-288.5320,-120.0753,203.0226,-0.1300,-7.6581,27.0633,0.8689,0.3438,-0.3561,0.9980,238,51.666260,-0.8853,-1.2008
BiancaGolden_CircleTurns,-288.1401,-120.0594,203.1150,-0.1796,-7.5890,27.2290,0.8680,0.3466,-0.3556,0.9980,239,51.681442,-0.8814,-1.2006
BiancaGolden_CircleTurns,-287.7690,-120.0438,203.1780,-0.3025,-7.5421,27.3753,0.8644,0.3474,-0.3635,0.9980,239,51.695724,-0.8777,-1.2004
BiancaGolden_CircleTurns,-287.4125,-119.9728,203.2127,-0.4608,-7.5639,27.4767,0.8593,0.3514,-0.3717,0.9980,239,51.709785,-0.8741,-1.1997
BiancaGolden_CircleTurns,-287.0591,-119.8986,203.2268,-0.5331,-7.6299,27.6140,0.8573,0.3532,-0.3745,0.9980,240,51.722832,-0.8706,-1.1990
BiancaGolden_CircleTurns,-286.7084,-119.7684,203.2620,-0.5498,-7.7013,27.7561,0.8555,0.3459,-0.3854,0.9980,240,51.735775,-0.8671,-1.1977
BiancaGolden_CircleTurns,-286.3608,-119.6349,203.3133,-0.5636,-7.7276,27.9019,0.8545,0.3478,-0.3857,0.9980,241,51.751572,-0.8636,-1.1963
BiancaGolden_CircleTurns,-286.0339,-119.5060,203.3339,-0.5553,-7.7456,28.0394,0.8653,0.3008,-0.4010,0.9980,241,51.765419,-0.8603,-1.1951
BiancaGolden_CircleTurns,-285.7212,-119.3280,203.3035,-0.3773,-7.8037,28.1788,0.8734,0.2680,-0.4066,0.9980,242,51.779148,-0.8572,-1.1933
BiancaGolden_CircleTurns,-285.4168,-119.1268,203.3128,-0.2199,-7.8312,28.3705,0.8690,0.2254,-0.4406,0.9980,242,51.792332,-0.8542,-1.1913
BiancaGolden_CircleTurns,-285.1187,-118.8969,203.3509,-0.1114,-7.7776,28.5630,0.8661,0.2090,-0.4541,0.9980,242,51.806622,-0.8512,-1.1890
BiancaGolden_CircleTurns,-284.8474,-118.6855,203.3113,-0.0974,-7.6754,28.7037,0.8663,0.2115,-0.4526,0.9980,243,51.820850,-0.8485,-1.1869
BiancaGolden_CircleTurns,-284.6037,-118.4480,203.1893,-0.0869,-7.5782,28.8436,0.8658,0.2071,-0.4555,0.9980,243,51.833942,-0.8460,-1.1845
BiancaGolden_CircleTurns,-284.3893,-118.1924,203.0551,-0.1017,-7.4849,28.9547,0.8643,0.2084,-0.4578,0.9980,244,51.848850,-0.8439,-1.1819
BiancaGolden_CircleTurns,-284.1967,-117.9233,202.9233,-0.1342,-7.3887,29.0928,0.8634,0.2096,-0.4590,0.9980,244,51.861988,-0.8420,-1.1792
BiancaGolden_CircleTurns,-283.9983,-117.6524,202.7818,-0.1413,-7.3062,29.2215,0.8654,0.2060,-0.4568,0.9980,244,51.876877,-0.8400,-1.1765
BiancaGolden_CircleTurns,-283.8422,-117.3859,202.5865,-0.1495,-7.2984,29.3663,0.8633,0.1987,-0.4639,0.9980,245,51.889854,-0.8384,-1.1739
BiancaGolden_CircleTurns,-283.6531,-117.0932,202.5333,-0.2270,-7.4883,29.4305,0.8610,0.1961,-0.4692,0.9980,245,51.903671,-0.8365,-1.1709
BiancaGolden_CircleTurns,-283.3839,-116.7463,202.8094,-0.5209,-7.7986,29.4435,0.8599,0.1971,-0.4709,0.9980,246,51.918995,-0.8338,-1.1675
BiancaGolden_CircleTurns,-283.1664,-116.4055,203.0206,-0.9042,-7.7990,29.3785,0.8520,0.1873,-0.4888,0.9980,246,51.931843,-0.8317,-1.1641
BiancaGolden_CircleTurns,-282.9310,-116.0651,203.1116,-1.2852,-8.0811,29.2272,0.8517,0.1856,-0.4901,0.9980,247,51.946640,-0.8293,-1.1607
BiancaGolden_CircleTurns,-282.7706,-115.7218,203.0027,-1.4254,-8.1335,29.1215,0.8483,0.1822,-0.4972,0.9980,247,51.960278,-0.8277,-1.1572
BiancaGolden_CircleTurns,-282.6127,-115.3652,202.8756,-1.6359,-8.3184,29.0634,0.8472,0.1782,-0.5005,0.9980,247,51.973515,-0.8261,-1.1537
BiancaGolden_CircleTurns,-282.4253,-114.9637,202.6872,-1.8441,-8.3309,29.0646,0.8455,0.1800,-0.5028,0.9980,248,51.990772,-0.8243,-1.1496
BiancaGolden_CircleTurns,-282.2519,-114.6095,202.6060,-1.9961,-8.4400,29.1601,0.8251,0.0713,-0.5605,0.9980,248,52.001305,-0.8225,-1.1461
BiancaGolden_CircleTurns,-282.0760,-114.3119,202.5957,-2.0967,-8.7150,29.1557,0.8220,0.0672,-0.5654,0.9980,249,52.015408,-0.8208,-1.1431
BiancaGolden_CircleTurns,-281.8915,-114.0632,202.6351,-2.0115,-9.1273,29.0486,0.8159,0.0316,-0.5773,0.9980,249,52.029419,-0.8189,-1.1406
BiancaGolden_CircleTurns,-281.7264,-113.8644,202.6542,-1.6657,-9.6138,28.8530,0.8181,0.0082,-0.5750,0.9980,249,52.043068,-0.8173,-1.1386
BiancaGolden_CircleTurns,-281.5760,-113.6721,202.5818,-1.1407,-9.9850,28.6299,0.8229,-0.0012,-0.5682,0.9980,250,52.056423,-0.8158,-1.1367
BiancaGolden_CircleTurns,-281.4058,-113.4630,202.5223,-0.7096,-10.1851,28.4688,0.8283,-0.0153,-0.5601,0.9980,250,52.069431,-0.8141,-1.1346
BiancaGolden_CircleTurns,-281.2068,-113.2423,202.5266,-0.4878,-10.1115,28.3399,0.8307,-0.0165,-0.5565,0.9980,251,52.084831,-0.8121,-1.1324
BiancaGolden_CircleTurns,-281.0002,-113.0331,202.5848,-0.4166,-9.7996,28.1913,0.8329,-0.0175,-0.5532,0.9980,251,52.098862,-0.8100,-1.1303
BiancaGolden_CircleTurns,-280.7789,-112.8529,202.6458,-0.3676,-9.5442,28.0677,0.8336,-0.0066,-0.5524,0.9980,252,52.112667,-0.8078,-1.1285
BiancaGolden_CircleTurns,-280.5713,-112.6940,202.7106,-0.3161,-9.3251,27.9521,0.8352,-0.0042,-0.5500,0.9980,252,52.126465,-0.8057,-1.1269
BiancaGolden_CircleTurns,-280.3647,-112.5611,202.7638,-0.1925,-9.2699,27.8668,0.8411,-0.0013,-0.5408,0.9980,252,52.140537,-0.8036,-1.1256
BiancaGolden_CircleTurns,-280.1394,-112.4532,202.7995,0.0181,-9.2193,27.8928,0.8412,0.0038,-0.5407,0.9980,253,52.154316,-0.8014,-1.1245
BiancaGolden_CircleTurns,-279.9092,-112.3506,202.8423,0.1721,-9.1882,27.9263,0.8403,-0.0042,-0.5421,0.9980,253,52.167297,-0.7991,-1.1235
BiancaGolden_CircleTurns,-279.6504,-112.2671,202.8965,0.2203,-9.1225,27.9942,0.8408,-0.0036,-0.5414,0.9980,254,52.182640,-0.7965,-1.1227
BiancaGolden_CircleTurns,-279.3751,-112.1774,202.9694,0.1673,-9.0401,27.9864,0.8398,0.0043,-0.5429,0.9980,254,52.196362,-0.7938,-1.1218
BiancaGolden_CircleTurns,-279.1024,-112.1244,203.0085,0.0846,-8.9743,27.9765,0.8423,0.0074,-0.5389,0.9980,254,52.211174,-0.7910,-1.1212
BiancaGolden_CircleTurns,-278.8506,-112.0687,202.9956,0.0678,-8.9412,27.9540,0.8419,0.0078,-0.5395,0.9980,255,52.223942,-0.7885,-1.1207
BiancaGolden_CircleTurns,-278.5735,-112.0208,202.9929,-0.0187,-8.9648,27.9617,0.8297,-0.0003,-0.5582,0.9980,255,52.237419,-0.7857,-1.1202
BiancaGolden_CircleTurns,-278.2845,-111.9346,203.0159,-0.2445,-8.9053,27.9630,0.8294,-0.0002,-0.5586,0.9980,256,52.252602,-0.7828,-1.1193
BiancaGolden_CircleTurns,-277.9808,-111.8612,203.0375,-0.5307,-8.7803,27.9661,0.8299,0.0026,-0.5579,0.9980,256,52.265656,-0.7798,-1.1186
BiancaGolden_CircleTurns,-277.6662,-111.7885,203.0159,-0.7506,-8.6094,28.0078,0.8345,-0.0014,-0.5511,0.9980,257,52.280155,-0.7767,-1.1179
BiancaGolden_CircleTurns,-277.3376,-111.7512,202.9214,-0.7166,-8.4333,28.1232,0.8407,-0.0015,-0.5414,0.9980,257,52.293037,-0.7734,-1.1175
BiancaGolden_CircleTurns,-276.9929,-111.7146,202.8436,-0.6295,-8.3524,28.2463,0.8417,-0.0005,-0.5399,0.9980,257,52.307594,-0.7699,-1.1171
BiancaGolden_CircleTurns,-276.6403,-111.6689,202.7853,-0.4913,-8.3106,28.3767,0.8392,-0.0017,-0.5439,0.9980,258,52.322292,-0.7664,-1.1167
BiancaGolden_CircleTurns,-276.2893,-111.6571,202.7028,-0.3292,-8.3655,28.5772,0.8387,-0.0001,-0.5446,0.9980,258,52.334232,-0.7629,-1.1166
BiancaGolden_CircleTurns,-275.9492,-111.6503,202.5952,-0.1832,-8.4886,28.7970,0.8381,-0.0022,-0.5455,0.9980,259,52.349335,-0.7595,-1.1165
BiancaGolden_CircleTurns,-275.6003,-111.6691,202.4555,0.0044,-8.7413,29.0327,0.8358,-0.0057,-0.5489,0.9980,259,52.362949,-0.7560,-1.1167
BiancaGolden_CircleTurns,-275.2690,-111.7077,202.3049,0.1081,-9.0266,29.2698,0.8282,-0.0059,-0.5605,0.9980,259,52.376842,-0.7527,-1.1171
BiancaGolden_CircleTurns,-274.9378,-111.8102,202.1340,0.2071,-9.4740,29.5309,0.8260,-0.0136,-0.5634,0.9980,260,52.390915,-0.7494,-1.1181
BiancaGolden_CircleTurns,-274.6253,-111.9303,201.9518,0.3643,-9.9336,29.7476,0.8247,-0.0134,-0.5654,0.9980,260,52.403652,-0.7463,-1.1193
BiancaGolden_CircleTurns,-274.3011,-112.0884,201.8092,0.5448,-10.4769,30.0044,0.8214,-0.0131,-0.5703,0.9980,261,52.418991,-0.7430,-1.1209
BiancaGolden_CircleTurns,-274.0132,-112.2888,201.6657,0.7095,-10.9626,30.2441,0.8171,-0.0133,-0.5764,0.9980,261,52.433277,-0.7401,-1.1229
BiancaGolden_CircleTurns,-273.6939,-112.5309,201.6056,0.8602,-11.5529,30.4996,0.8131,-0.0146,-0.5819,0.9980,262,52.446430,-0.7369,-1.1253
BiancaGolden_CircleTurns,-273.2895,-112.7251,201.7649,0.9457,-12.0423,30.6585,0.8121,-0.0205,-0.5831,0.9980,262,52.460300,-0.7329,-1.1273
BiancaGolden_CircleTurns,-272.8040,-112.8806,202.1920,0.8405,-12.0714,30.8332,0.8092,-0.0336,-0.5866,0.9980,262,52.474636,-0.7280,-1.1288
BiancaGolden_CircleTurns,-272.3980,-113.0835,202.4940,0.7540,-12.0190,30.9455,0.8061,-0.0341,-0.5909,0.9980,263,52.491089,-0.7240,-1.1308
BiancaGolden_CircleTurns,-272.0670,-113.4131,202.3816,0.7001,-11.6725,31.0706,0.8118,-0.0291,-0.5832,0.9980,263,52.501762,-0.7207,-1.1341
BiancaGolden_CircleTurns,-271.7141,-113.6742,202.3314,0.4850,-11.5388,31.1270,0.8116,-0.0255,-0.5837,0.9980,264,52.516289,-0.7171,-1.1367
BiancaGolden_CircleTurns,-271.3435,-113.9182,202.3795,0.0494,-11.3002,31.1179,0.8091,-0.0254,-0.5871,0.9980,264,52.530415,-0.7134,-1.1392
BiancaGolden_CircleTurns,-270.9639,-114.1341,202.5278,-0.5355,-11.0350,31.0303,0.8102,-0.0352,-0.5851,0.9980,264,52.543957,-0.7096,-1.1413
BiancaGolden_CircleTurns,-270.6060,-114.4055,202.6162,-1.0353,-10.8828,30.9489,0.8107,-0.0377,-0.5842,0.9980,265,52.557426,-0.7061,-1.1441
BiancaGolden_CircleTurns,-270.2634,-114.6999,202.6601,-1.2757,-10.9253,30.8731,0.8096,-0.0410,-0.5855,0.9980,265,52.570999,-0.7026,-1.1470
BiancaGolden_CircleTurns,-269.9235,-114.9918,202.6714,-1.3174,-11.0630,30.7764,0.8088,-0.0415,-0.5866,0.9980,266,52.586941,-0.6992,-1.1499
BiancaGolden_CircleTurns,-269.5695,-115.2510,202.7010,-1.3135,-11.1596,30.7743,0.8099,-0.0442,-0.5848,0.9980,266,52.600292,-0.6957,-1.1525
BiancaGolden_CircleTurns,-269.1959,-115.4847,202.7234,-1.2143,-11.1451,30.8627,0.8097,-0.0465,-0.5850,0.9980,267,52.614162,-0.6920,-1.1548
BiancaGolden_CircleTurns,-268.8081,-115.7328,202.7254,-1.1612,-11.0422,31.0150,0.8111,-0.0442,-0.5833,0.9980,267,52.627586,-0.6881,-1.1573
BiancaGolden_CircleTurns,-268.3907,-115.9833,202.7219,-1.1379,-10.8727,31.1422,0.8116,-0.0354,-0.5831,0.9980,267,52.642017,-0.6839,-1.1598
BiancaGolden_CircleTurns,-267.9768,-116.2500,202.7248,-1.1614,-10.7594,31.2000,0.8121,-0.0349,-0.5824,0.9980,268,52.655567,-0.6798,-1.1625
BiancaGolden_CircleTurns,-267.5565,-116.5098,202.7283,-1.1501,-10.7076,31.2217,0.8179,-0.0387,-0.5740,0.9980,268,52.668896,-0.6756,-1.1651
BiancaGolden_CircleTurns,-267.1266,-116.7791,202.7009,-1.0607,-10.7535,31.2568,0.8176,-0.0390,-0.5745,0.9980,269,52.683361,-0.6713,-1.1678
BiancaGolden_CircleTurns,-266.6870,-117.0469,202.6693,-0.9569,-10.8571,31.3133,0.8173,-0.0393,-0.5749,0.9980,269,52.697063,-0.6669,-1.1705
BiancaGolden_CircleTurns,-266.2383,-117.3298,202.6167,-0.8217,-10.9846,31.3909,0.8196,-0.0415,-0.5714,0.9980,269,52.711338,-0.6624,-1.1733
BiancaGolden_CircleTurns,-265.7933,-117.6191,202.5653,-0.6899,-11.0921,31.5087,0.8211,-0.0497,-0.5687,0.9980,270,52.725548,-0.6579,-1.1762
BiancaGolden_CircleTurns,-265.3468,-117.9189,202.5306,-0.5051,-11.2315,31.6636,0.8193,-0.0500,-0.5712,0.9980,270,52.738853,-0.6535,-1.1792
BiancaGolden_CircleTurns,-264.9068,-118.2232,202.5048,-0.4165,-11.4318,31.8558,0.8076,-0.0407,-0.5883,0.9980,271,52.753731,-0.6491,-1.1822
BiancaGolden_CircleTurns,-264.4816,-118.5027,202.4865,-0.4793,-11.5906,32.0270,0.8054,-0.0378,-0.5915,0.9980,271,52.766869,-0.6448,-1.1850
BiancaGolden_CircleTurns,-264.0509,-118.7892,202.4688,-0.6799,-11.7317,32.2033,0.8033,-0.0280,-0.5949,0.9980,272,52.781521,-0.6405,-1.1879
BiancaGolden_CircleTurns,-263.6272,-119.0589,202.4414,-0.9432,-11.7655,32.3659,0.8016,-0.0240,-0.5974,0.9980,272,52.794621,-0.6363,-1.1906
BiancaGolden_CircleTurns,-263.2037,-119.3155,202.4242,-1.2061,-11.7838,32.5569,0.8106,-0.0189,-0.5853,0.9980,272,52.808849,-0.6320,-1.1932
BiancaGolden_CircleTurns,-262.7902,-119.5613,202.4057,-1.3977,-11.7547,32.7739,0.8119,-0.0165,-0.5836,0.9980,273,52.822392,-0.6279,-1.1956
BiancaGolden_CircleTurns,-262.4109,-119.7717,202.3601,-1.6675,-11.7249,33.0303,0.8106,-0.0106,-0.5856,0.9980,273,52.836662,-0.6241,-1.1977
BiancaGolden_CircleTurns,-262.0547,-119.9626,202.2865,-1.9590,-11.6962,33.3211,0.8103,-0.0040,-0.5860,0.9980,274,52.851025,-0.6205,-1.1996
BiancaGolden_CircleTurns,-261.7110,-120.1199,202.1893,-2.0984,-11.6462,33.7134,0.8004,-0.0005,-0.5994,0.9980,274,52.865780,-0.6171,-1.2012
BiancaGolden_CircleTurns,-261.3777,-120.2684,202.1023,-2.1514,-11.5966,34.1946,0.7964,0.0126,-0.6046,0.9980,275,52.880264,-0.6138,-1.2027
BiancaGolden_CircleTurns,-261.0449,-120.3760,202.0362,-2.2145,-11.5513,34.6664,0.7949,0.0215,-0.6064,0.9980,275,52.893543,-0.6104,-1.2038
BiancaGolden_CircleTurns,-260.7408,-120.4380,202.0234,-2.4417,-11.5567,35.2134,0.7839,0.0889,-0.6145,0.9980,275,52.907875,-0.6074,-1.2044
BiancaGolden_CircleTurns,-260.4421,-120.4808,202.0031,-2.7753,-11.6155,35.6768,0.7737,0.1331,-0.6194,0.9980,276,52.921345,-0.6044,-1.2048
BiancaGolden_CircleTurns,-260.1635,-120.4865,201.9993,-3.0692,-11.7684,36.0513,0.7704,0.1378,-0.6226,0.9980,276,52.934292,-0.6016,-1.2049
BiancaGolden_CircleTurns,-259.8979,-120.5008,201.9791,-3.2333,-11.9485,36.4101,0.7578,0.2885,-0.5853,0.9980,277,52.949165,-0.5990,-1.2050
BiancaGolden_CircleTurns,-259.6603,-120.4622,201.9543,-3.3045,-12.1293,36.6617,0.7734,0.4623,-0.4338,0.9980,277,52.962448,-0.5966,-1.2046
BiancaGolden_CircleTurns,-259.4398,-120.4009,201.9511,-3.3089,-12.2720,36.9432,0.7713,0.4659,-0.4337,0.9980,277,52.976513,-0.5944,-1.2040
BiancaGolden_CircleTurns,-259.2114,-120.3123,201.9704,-3.2491,-12.2772,37.2343,0.7866,0.4465,-0.4266,0.9980,278,52.993858,-0.5921,-1.2031
BiancaGolden_CircleTurns,-259.0035,-120.2088,202.0377,-3.0683,-12.2396,37.5526,0.7713,0.5114,-0.3788,0.9980,278,53.003674,-0.5900,-1.2021
BiancaGolden_CircleTurns,-258.7816,-120.0714,202.0909,-2.7822,-12.1095,37.9294,0.7686,0.5162,-0.3779,0.9980,279,53.018105,-0.5878,-1.2007
BiancaGolden_CircleTurns,-258.6046,-119.9333,202.1334,-2.4884,-12.0736,38.3283,0.8039,0.4876,-0.3406,0.9980,279,53.032642,-0.5860,-1.1993
BiancaGolden_CircleTurns,-258.4238,-119.7715,202.1558,-2.2799,-12.0801,38.6858,0.7964,0.5145,-0.3180,0.9980,280,53.046558,-0.5842,-1.1977
BiancaGolden_CircleTurns,-258.2576,-119.5937,202.1887,-2.1228,-12.1019,38.9480,0.8068,0.4975,-0.3187,0.9980,280,53.059177,-0.5826,-1.1959
BiancaGolden_CircleTurns,-258.0844,-119.4144,202.2300,-1.9780,-12.1531,39.1565,0.8308,0.4544,-0.3213,0.9980,280,53.073910,-0.5808,-1.1941
BiancaGolden_CircleTurns,-257.8965,-119.1893,202.2809,-1.8086,-12.1226,39.2865,0.8306,0.4560,-0.3196,0.9980,281,53.087204,-0.5790,-1.1919
BiancaGolden_CircleTurns,-257.7168,-118.9512,202.2948,-1.5964,-12.0538,39.3978,0.8285,0.4569,-0.3238,0.9980,281,53.099400,-0.5772,-1.1895
BiancaGolden_CircleTurns,-257.5363,-118.6839,202.3021,-1.4060,-11.9474,39.5312,0.7963,0.5066,-0.3306,0.9980,282,53.114452,-0.5754,-1.1868
BiancaGolden_CircleTurns,-257.3520,-118.4073,202.3024,-1.2682,-11.8348,39.6509,0.7979,0.5096,-0.3220,0.9980,282,53.128021,-0.5735,-1.1841
BiancaGolden_CircleTurns,-257.1636,-118.0734,202.2957,-1.1627,-11.7008,39.7578,0.8204,0.4406,-0.3644,0.9980,282,53.142418,-0.5716,-1.1807
BiancaGolden_CircleTurns,-256.9646,-117.7346,202.3084,-1.1136,-11.6137,39.8618,0.8203,0.4418,-0.3632,0.9980,283,53.156368,-0.5696,-1.1773
BiancaGolden_CircleTurns,-256.7665,-117.3768,202.3046,-1.0404,-11.5537,39.9409,0.8202,0.4417,-0.3636,0.9980,283,53.169384,-0.5677,-1.1738
BiancaGolden_CircleTurns,-256.5854,-116.9891,202.2576,-0.9345,-11.5856,39.9607,0.8195,0.4420,-0.3648,0.9980,284,53.184036,-0.5659,-1.1699
BiancaGolden_CircleTurns,-256.4070,-116.5826,202.2023,-0.8664,-11.6868,40.0135,0.8293,0.4492,-0.3323,0.9980,284,53.197712,-0.5641,-1.1658
BiancaGolden_CircleTurns,-256.2027,-116.1453,202.1683,-0.7799,-11.7979,40.0854,0.8482,0.4416,-0.2925,0.9980,284,53.211979,-0.5620,-1.1615
BiancaGolden_CircleTurns,-256.0102,-115.7111,202.1421,-0.7036,-11.9393,40.1350,0.8613,0.4190,-0.2875,0.9980,285,53.225616,-0.5601,-1.1571
BiancaGolden_CircleTurns,-255.8214,-115.2388,202.1131,-0.6139,-12.1901,40.1491,0.8605,0.4176,-0.2919,0.9980,285,53.239174,-0.5582,-1.1524
BiancaGolden_CircleTurns,-255.6354,-114.7611,202.0520,-0.4813,-12.4942,40.1262,0.8573,0.4185,-0.2998,0.9980,286,53.254337,-0.5564,-1.1476
BiancaGolden_CircleTurns,-255.4543,-114.2610,201.9678,-0.3345,-12.7470,40.0716,0.8577,0.4158,-0.3024,0.9980,286,53.267746,-0.5545,-1.1426
BiancaGolden_CircleTurns,-255.2408,-113.7032,201.8945,-0.2230,-12.9391,39.9417,0.8521,0.4162,-0.3173,0.9980,287,53.281502,-0.5524,-1.1370
BiancaGolden_CircleTurns,-255.0302,-113.1055,201.8423,-0.1563,-12.9818,39.7611,0.8566,0.4084,-0.3153,0.9980,287,53.294838,-0.5503,-1.1311
BiancaGolden_CircleTurns,-254.8167,-112.4910,201.7805,-0.0264,-12.9007,39.5598,0.8590,0.4058,-0.3120,0.9980,287,53.309578,-0.5482,-1.1249
BiancaGolden_CircleTurns,-254.6157,-111.8608,201.6626,0.1469,-12.7804,39.3617,0.8618,0.4034,-0.3075,0.9980,288,53.322830,-0.5462,-1.1186
BiancaGolden_CircleTurns,-254.4355,-111.2072,201.5126,0.3565,-12.6803,39.1578,0.8626,0.4019,-0.3072,0.9980,288,53.336269,-0.5444,-1.1121
BiancaGolden_CircleTurns,-254.2709,-110.5392,201.3706,0.5405,-12.6973,38.9501,0.8639,0.3978,-0.3089,0.9980,289,53.351665,-0.5427,-1.1054
BiancaGolden_CircleTurns,-254.1207,-109.8061,201.2936,0.5694,-12.8127,38.7078,0.8641,0.3959,-0.3107,0.9980,289,53.365131,-0.5412,-1.0981
BiancaGolden_CircleTurns,-253.9980,-109.0782,201.2035,0.5131,-12.9344,38.4073,0.8612,0.3995,-0.3143,0.9980,290,53.379047,-0.5400,-1.0908
BiancaGolden_CircleTurns,-253.8820,-108.3544,201.0635,0.5588,-13.1348,38.1036,0.8624,0.3946,-0.3172,0.9980,290,53.392643,-0.5388,-1.0835
BiancaGolden_CircleTurns,-253.7721,-107.6402,200.9510,0.7890,-13.3628,37.8408,0.8631,0.3890,-0.3221,0.9980,290,53.406738,-0.5377,-1.0764
BiancaGolden_CircleTurns,-253.6522,-106.8500,200.9748,1.0347,-13.6864,37.5664,0.8621,0.3855,-0.3289,0.9980,291,53.420502,-0.5365,-1.0685
BiancaGolden_CircleTurns,-253.5616,-106.0175,201.0821,1.1020,-13.8230,37.2070,0.8659,0.3762,-0.3297,0.9980,291,53.434269,-0.5356,-1.0602
BiancaGolden_CircleTurns,-253.5426,-105.2350,201.0072,1.1023,-13.8936,36.8362,0.8683,0.3701,-0.3302,0.9980,292,53.449226,-0.5354,-1.0524
BiancaGolden_CircleTurns,-253.5425,-104.5048,200.7596,1.2509,-13.9588,36.4549,0.8701,0.3672,-0.3286,0.9980,292,53.462513,-0.5354,-1.0450
BiancaGolden_CircleTurns,-253.5326,-103.7868,200.5647,1.6402,-13.9283,36.0548,0.8671,0.3740,-0.3290,0.9980,292,53.476746,-0.5353,-1.0379
BiancaGolden_CircleTurns,-253.5333,-103.0597,200.4540,2.0064,-13.8833,35.6721,0.8706,0.3671,-0.3275,0.9980,293,53.493755,-0.5353,-1.0306
BiancaGolden_CircleTurns,-253.5374,-102.3545,200.3755,2.4369,-13.8832,35.2464,0.8740,0.3592,-0.3273,0.9980,293,53.505074,-0.5354,-1.0235
BiancaGolden_CircleTurns,-253.5437,-101.6733,200.3704,2.8323,-13.9549,34.7653,0.8969,0.3202,-0.3051,0.9980,294,53.518364,-0.5354,-1.0167
BiancaGolden_CircleTurns,-253.5408,-100.9881,200.4135,3.1892,-14.0792,34.2539,0.8997,0.3112,-0.3060,0.9980,294,53.532837,-0.5354,-1.0099
BiancaGolden_CircleTurns,-253.5357,-100.3208,200.4922,3.4623,-14.2044,33.7092,0.9203,0.2775,-0.2758,0.9980,295,53.546646,-0.5354,-1.0032
BiancaGolden_CircleTurns,-253.5198,-99.6291,200.5786,3.8604,-14.3106,33.1624,0.9206,0.2758,-0.2765,0.9980,295,53.559502,-0.5352,-0.9963
BiancaGolden_CircleTurns,-253.4656,-98.9293,200.7542,4.3171,-14.2919,32.6737,0.9234,0.2698,-0.2731,0.9980,295,53.574467,-0.5347,-0.9893
BiancaGolden_CircleTurns,-253.4282,-98.2781,200.9249,4.8027,-14.2180,32.2894,0.9260,0.2648,-0.2691,0.9980,296,53.587711,-0.5343,-0.9828
BiancaGolden_CircleTurns,-253.3700,-97.6450,201.0172,5.3341,-14.1208,31.9600,0.9259,0.2671,-0.2670,0.9980,296,53.601151,-0.5337,-0.9765
BiancaGolden_CircleTurns,-253.3056,-97.0220,201.0939,5.8614,-14.0631,31.6755,0.9257,0.2702,-0.2648,0.9980,297,53.616570,-0.5331,-0.9702
BiancaGolden_CircleTurns,-253.2293,-96.4100,201.2135,6.3048,-14.0200,31.4621,0.9275,0.2669,-0.2616,0.9980,297,53.629971,-0.5323,-0.9641
BiancaGolden_CircleTurns,-253.1322,-95.8402,201.3385,6.8007,-13.9515,31.2416,0.9291,0.2625,-0.2607,0.9980,297,53.644054,-0.5313,-0.9584
BiancaGolden_CircleTurns,-252.9953,-95.3286,201.4567,7.3239,-13.8386,31.0010,0.9243,0.2642,-0.2753,0.9980,298,53.657009,-0.5300,-0.9533
BiancaGolden_CircleTurns,-252.8394,-94.8225,201.5953,7.7959,-13.7638,30.6520,0.9259,0.2606,-0.2733,0.9980,298,53.671158,-0.5284,-0.9482
BiancaGolden_CircleTurns,-252.6710,-94.3141,201.7425,8.1479,-13.6857,30.1955,0.9286,0.2529,-0.2715,0.9980,299,53.686005,-0.5267,-0.9431
BiancaGolden_CircleTurns,-252.4795,-93.8334,201.9049,8.3732,-13.6312,29.7105,0.9312,0.2443,-0.2706,0.9980,299,53.698891,-0.5248,-0.9383
BiancaGolden_CircleTurns,-252.2740,-93.3524,202.0250,8.5502,-13.6088,29.1374,0.9336,0.2358,-0.2700,0.9980,300,53.713860,-0.5227,-0.9335
BiancaGolden_CircleTurns,-252.0411,-92.8911,202.1523,8.6065,-13.5865,28.6117,0.9261,0.2369,-0.2935,0.9980,300,53.727982,-0.5204,-0.9289
BiancaGolden_CircleTurns,-251.8035,-92.4553,202.2407,8.6459,-13.5670,28.0502,0.9286,0.2277,-0.2930,0.9980,300,53.741383,-0.5180,-0.9246
BiancaGolden_CircleTurns,-251.5684,-92.0530,202.2727,8.8142,-13.5759,27.4931,0.9267,0.2311,-0.2964,0.9980,301,53.754589,-0.5157,-0.9205
BiancaGolden_CircleTurns,-251.3223,-91.6835,202.2839,8.9772,-13.6037,26.9984,0.9285,0.2221,-0.2975,0.9980,301,53.768303,-0.5132,-0.9168
BiancaGolden_CircleTurns,-251.0658,-91.2980,202.3010,9.0414,-13.6893,26.4483,0.9261,0.2161,-0.3092,0.9980,302,53.783413,-0.5107,-0.9130
BiancaGolden_CircleTurns,-250.7752,-90.8937,202.3525,9.1211,-13.8358,25.9601,0.9275,0.2090,-0.3100,0.9980,302,53.796822,-0.5078,-0.9089
BiancaGolden_CircleTurns,-250.4732,-90.4811,202.3856,9.1901,-13.9048,25.5309,0.9244,0.2081,-0.3196,0.9980,302,53.811516,-0.5047,-0.9048
BiancaGolden_CircleTurns,-250.1416,-90.0632,202.3904,9.3010,-13.9505,25.1885,0.9220,0.2120,-0.3240,0.9980,303,53.824440,-0.5014,-0.9006
BiancaGolden_CircleTurns,-249.8113,-89.6395,202.3795,9.3771,-14.0087,24.8879,0.9183,0.2093,-0.3359,0.9980,303,53.838234,-0.4981,-0.8964
BiancaGolden_CircleTurns,-249.4616,-89.2149,202.3430,9.4019,-14.0480,24.6647,0.9128,0.2256,-0.3405,0.9980,304,53.852627,-0.4946,-0.8921
BiancaGolden_CircleTurns,-249.0873,-88.7919,202.2868,9.4099,-14.0786,24.5251,0.9109,0.2347,-0.3394,0.9980,304,53.866150,-0.4909,-0.8879
BiancaGolden_CircleTurns,-248.6879,-88.3540,202.2329,9.4020,-14.0651,24.4221,0.9107,0.2375,-0.3380,0.9980,305,53.880432,-0.4869,-0.8835
BiancaGolden_CircleTurns,-248.2713,-87.9231,202.1695,9.4074,-14.0557,24.3437,0.9109,0.2390,-0.3364,0.9980,305,53.894470,-0.4827,-0.8792
BiancaGolden_CircleTurns,-247.8260,-87.4911,202.0720,9.4163,-14.0367,24.3293,0.9108,0.2384,-0.3371,0.9980,305,53.909355,-0.4783,-0.8749
BiancaGolden_CircleTurns,-247.3702,-87.0648,201.9820,9.4551,-14.0823,24.2966,0.9104,0.2394,-0.3375,0.9980,306,53.922356,-0.4737,-0.8706
BiancaGolden_CircleTurns,-246.8857,-86.6393,201.8570,9.5073,-14.1195,24.3757,0.9091,0.2460,-0.3361,0.9980,306,53.936115,-0.4689,-0.8664
BiancaGolden_CircleTurns,-246.3832,-86.2361,201.7172,9.6544,-14.2408,24.4840,0.9081,0.2473,-0.3378,0.9980,307,53.951469,-0.4638,-0.8624
BiancaGolden_CircleTurns,-245.8690,-85.8422,201.5714,9.7967,-14.3663,24.5946,0.9045,0.2542,-0.3424,0.9980,307,53.964680,-0.4587,-0.8584
BiancaGolden_CircleTurns,-245.3515,-85.4648,201.4348,9.8443,-14.5473,24.6648,0.9030,0.2548,-0.3460,0.9980,307,53.978683,-0.4535,-0.8546
BiancaGolden_CircleTurns,-244.8402,-85.1457,201.2600,9.9163,-14.7808,24.7455,0.8984,0.2591,-0.3546,0.9980,308,53.996498,-0.4484,-0.8515
BiancaGolden_CircleTurns,-244.3420,-84.8501,201.0321,10.0860,-15.1159,24.8185,0.8957,0.2596,-0.3609,0.9980,308,54.005875,-0.4434,-0.8485
BiancaGolden_CircleTurns,-243.7667,-84.5517,200.9213,10.3473,-15.5468,24.9430,0.8947,0.2616,-0.3621,0.9980,309,54.019928,-0.4377,-0.8455
BiancaGolden_CircleTurns,-243.2041,-84.2136,200.9136,10.4771,-15.8839,25.0462,0.8927,0.2627,-0.3662,0.9980,309,54.033569,-0.4320,-0.8421
BiancaGolden_CircleTurns,-242.6408,-83.9491,200.8645,10.4546,-16.1538,25.1654,0.8932,0.2579,-0.3685,0.9980,310,54.047791,-0.4264,-0.8395
BiancaGolden_CircleTurns,-242.0768,-83.7243,200.7011,10.4488,-16.3786,25.2881,0.8898,0.2579,-0.3765,0.9980,310,54.060459,-0.4208,-0.8372
BiancaGolden_CircleTurns,-241.5210,-83.5222,200.5359,10.2967,-16.5644,25.4192,0.8877,0.2599,-0.3800,0.9980,310,54.077183,-0.4152,-0.8352
BiancaGolden_CircleTurns,-240.9462,-83.3014,200.3932,10.0122,-16.7219,25.5646,0.8860,0.2638,-0.3813,0.9980,311,54.088020,-0.4095,-0.8330
BiancaGolden_CircleTurns,-240.3237,-83.0478,200.4405,9.6003,-16.7692,25.7672,0.8476,0.2835,-0.4486,0.9980,311,54.102146,-0.4032,-0.8305
BiancaGolden_CircleTurns,-239.7579,-82.8126,200.5499,9.0934,-16.7342,25.9630,0.8260,0.2795,-0.4895,0.9980,312,54.117191,-0.3976,-0.8281
BiancaGolden_CircleTurns,-239.1333,-82.6023,200.6574,8.8202,-16.8223,26.2369,0.8124,0.2776,-0.5128,0.9980,312,54.131210,-0.3913,-0.8260
BiancaGolden_CircleTurns,-238.5269,-82.3996,200.8080,8.7107,-16.7790,26.6065,0.7954,0.2831,-0.5359,0.9980,312,54.145157,-0.3853,-0.8240
BiancaGolden_CircleTurns,-238.0693,-82.2760,200.7739,8.4731,-16.7370,26.9356,0.7873,0.2851,-0.5467,0.9980,313,54.157833,-0.3807,-0.8228
BiancaGolden_CircleTurns,-237.6774,-82.2356,200.6079,8.0813,-16.8777,27.2144,0.7836,0.2895,-0.5496,0.9980,313,54.171787,-0.3768,-0.8224
BiancaGolden_CircleTurns,-237.3120,-82.1604,200.5443,7.5846,-17.0121,27.4285,0.7767,0.2896,-0.5594,0.9980,314,54.186871,-0.3731,-0.8216
BiancaGolden_CircleTurns,-236.9259,-82.0082,200.7190,7.1516,-17.2709,27.5593,0.7759,0.2922,-0.5591,0.9980,314,54.199734,-0.3693,-0.8201
BiancaGolden_CircleTurns,-236.5430,-81.8698,200.9038,6.7686,-17.2932,27.7850,0.7740,0.2973,-0.5590,0.9980,315,54.214706,-0.3654,-0.8187
BiancaGolden_CircleTurns,-236.2247,-81.7509,201.0847,6.4725,-17.2505,28.0571,0.7751,0.2974,-0.5575,0.9980,315,54.227409,-0.3622,-0.8175
BiancaGolden_CircleTurns,-235.9230,-81.6548,201.1941,6.2272,-17.1671,28.3002,0.7759,0.3030,-0.5533,0.9980,315,54.241711,-0.3592,-0.8165
BiancaGolden_CircleTurns,-235.6728,-81.5644,201.3137,6.0857,-16.8614,28.5667,0.7747,0.3058,-0.5535,0.9980,316,54.255821,-0.3567,-0.8156
BiancaGolden_CircleTurns,-235.4484,-81.4786,201.4225,5.9626,-16.4873,28.8643,0.7759,0.3134,-0.5475,0.9980,316,54.269268,-0.3545,-0.8148
BiancaGolden_CircleTurns,-235.2392,-81.3886,201.4989,5.8011,-16.0544,29.2242,0.7814,0.3099,-0.5416,0.9980,317,54.283691,-0.3524,-0.8139
BiancaGolden_CircleTurns,-235.0335,-81.2757,201.5951,5.6106,-15.6520,29.5532,0.7831,0.3153,-0.5361,0.9980,317,54.297981,-0.3503,-0.8128
BiancaGolden_CircleTurns,-234.8177,-81.1671,201.7223,5.4052,-15.2745,29.9304,0.7826,0.3117,-0.5389,0.9980,318,54.312523,-0.3482,-0.8117
BiancaGolden_CircleTurns,-234.6196,-81.0711,201.8253,5.2388,-14.9198,30.2584,0.7822,0.3171,-0.5363,0.9980,318,54.324478,-0.3462,-0.8107
BiancaGolden_CircleTurns,-234.4326,-80.9745,201.8927,5.0807,-14.7259,30.5217,0.7863,0.3109,-0.5339,0.9980,318,54.338974,-0.3443,-0.8097
BiancaGolden_CircleTurns,-234.2381,-80.8624,201.9621,4.8436,-14.6094,30.7552,0.7846,0.3147,-0.5342,0.9980,319,54.352791,-0.3424,-0.8086
BiancaGolden_CircleTurns,-234.0449,-80.7504,202.0491,4.5649,-14.5849,30.9397,0.7794,0.3068,-0.5462,0.9980,319,54.366093,-0.3404,-0.8075
BiancaGolden_CircleTurns,-233.8482,-80.6189,202.1307,4.2456,-14.6414,31.0437,0.7750,0.2952,-0.5588,0.9980,320,54.381416,-0.3385,-0.8062
BiancaGolden_CircleTurns,-233.6715,-80.5022,202.1728,3.9673,-14.7426,31.0918,0.7720,0.2943,-0.5634,0.9980,320,54.395569,-0.3367,-0.8050
BiancaGolden_CircleTurns,-233.5026,-80.3728,202.1770,3.7358,-14.8409,31.0934,0.7702,0.2943,-0.5658,0.9980,320,54.409588,-0.3350,-0.8037
BiancaGolden_CircleTurns,-233.3312,-80.2261,202.1843,3.4980,-14.9682,31.0589,0.7713,0.2944,-0.5643,0.9980,321,54.423389,-0.3333,-0.8023
BiancaGolden_CircleTurns,-233.1520,-80.0652,202.2449,3.2891,-15.0217,31.0258,0.7708,0.2866,-0.5690,0.9980,321,54.436012,-0.3315,-0.8007
BiancaGolden_CircleTurns,-232.9721,-79.8791,202.3218,3.1250,-14.9589,30.9480,0.7775,0.2839,-0.5611,0.9980,322,54.451553,-0.3297,-0.7988
BiancaGolden_CircleTurns,-232.7940,-79.6821,202.3697,2.9505,-14.7695,30.8438,0.7773,0.2776,-0.5645,0.9980,322,54.464108,-0.3279,-0.7968
BiancaGolden_CircleTurns,-232.6269,-79.4855,202.3886,2.8140,-14.5526,30.7148,0.7794,0.2773,-0.5618,0.9980,322,54.478855,-0.3263,-0.7949
BiancaGolden_CircleTurns,-232.4554,-79.2856,202.4061,2.7136,-14.3430,30.5822,0.7836,0.2746,-0.5574,0.9980,323,54.495739,-0.3246,-0.7929
BiancaGolden_CircleTurns,-232.2986,-79.0576,202.4149,2.6175,-14.0999,30.4138,0.7845,0.2722,-0.5573,0.9980,323,54.505245,-0.3230,-0.7906
BiancaGolden_CircleTurns,-232.1375,-78.8123,202.4321,2.4687,-13.9293,30.2390,0.7852,0.2721,-0.5563,0.9980,324,54.519722,-0.3214,-0.7881
BiancaGolden_CircleTurns,-231.9838,-78.5582,202.4383,2.2990,-13.8160,30.0819,0.7878,0.2646,-0.5561,0.9980,324,54.534672,-0.3198,-0.7856
BiancaGolden_CircleTurns,-231.8362,-78.2766,202.4237,2.1415,-13.7529,29.8820,0.7865,0.2594,-0.5605,0.9980,325,54.548080,-0.3184,-0.7828
BiancaGolden_CircleTurns,-231.6835,-77.9919,202.4176,1.9709,-13.7384,29.6487,0.7862,0.2522,-0.5642,0.9980,325,54.561428,-0.3168,-0.7799
BiancaGolden_CircleTurns,-231.5305,-77.6783,202.4158,1.8038,-13.7239,29.3116,0.7879,0.2463,-0.5643,0.9980,325,54.575634,-0.3153,-0.7768
BiancaGolden_CircleTurns,-231.3697,-77.3511,202.3929,1.6579,-13.7024,28.8247,0.7913,0.2376,-0.5634,0.9980,326,54.589458,-0.3137,-0.7735
BiancaGolden_CircleTurns,-231.2133,-77.0057,202.3803,1.6386,-13.6536,28.3100,0.8019,0.2282,-0.5521,0.9980,326,54.602905,-0.3121,-0.7701
BiancaGolden_CircleTurns,-231.0620,-76.6451,202.3503,1.7482,-13.6030,27.7500,0.8395,0.2092,-0.5015,0.9980,327,54.618210,-0.3106,-0.7665
BiancaGolden_CircleTurns,-230.9416,-76.2475,202.3302,1.8100,-13.6458,27.1972,0.8816,0.1997,-0.4278,0.9980,327,54.631107,-0.3094,-0.7625
BiancaGolden_CircleTurns,-230.8330,-75.8156,202.2975,1.8461,-13.7239,26.6526,0.9043,0.2003,-0.3769,0.9980,328,54.646103,-0.3083,-0.7582
BiancaGolden_CircleTurns,-230.7442,-75.3486,202.2203,1.7778,-13.8546,26.1573,0.9067,0.1920,-0.3754,0.9980,328,54.659046,-0.3074,-0.7535
BiancaGolden_CircleTurns,-230.6820,-74.8183,202.1291,1.5461,-14.0913,25.5821,0.9063,0.1741,-0.3852,0.9980,329,54.687706,-0.3068,-0.7482
BiancaGolden_CircleTurns,-230.5126,-73.8342,202.0181,1.3234,-14.2830,24.4999,0.9043,0.1725,-0.3906,0.9980,329,54.701946,-0.3051,-0.7383
BiancaGolden_CircleTurns,-230.3968,-72.7808,201.8388,1.1932,-14.5122,23.2805,0.9029,0.1740,-0.3931,0.9980,330,54.714828,-0.3040,-0.7278
BiancaGolden_CircleTurns,-230.4260,-72.7133,201.8007,1.2922,-14.5615,23.1506,0.9019,0.1772,-0.3940,0.9980,330,54.728889,-0.3043,-0.7271
BiancaGolden_CircleTurns,-230.3982,-72.1070,201.7083,1.3666,-14.6939,22.4958,0.9035,0.1661,-0.3952,0.9980,330,54.743408,-0.3040,-0.7211
BiancaGolden_CircleTurns,-230.3702,-71.4561,201.6135,1.4301,-14.7832,21.8171,0.9038,0.1645,-0.3950,0.9980,331,54.756462,-0.3037,-0.7146
BiancaGolden_CircleTurns,-230.3587,-70.7817,201.4934,1.5393,-14.8074,21.1493,0.9052,0.1565,-0.3951,0.9980,331,54.770054,-0.3036,-0.7078
BiancaGolden_CircleTurns,-230.3500,-70.0907,201.3554,1.6617,-14.9058,20.4852,0.9034,0.1663,-0.3952,0.9980,332,54.784187,-0.3035,-0.7009
BiancaGolden_CircleTurns,-230.3497,-69.3632,201.1938,1.8160,-14.9419,19.8030,0.9052,0.1535,-0.3963,0.9980,332,54.797874,-0.3035,-0.6936
BiancaGolden_CircleTurns,-230.3506,-68.6175,201.0531,2.0092,-15.0445,19.0335,0.9072,0.1412,-0.3962,0.9980,333,54.812668,-0.3035,-0.6862
BiancaGolden_CircleTurns,-230.3690,-67.8386,200.9034,2.1961,-15.1222,18.2367,0.9047,0.1448,-0.4006,0.9980,333,54.825768,-0.3037,-0.6784
BiancaGolden_CircleTurns,-230.4026,-67.0377,200.7667,2.3171,-15.3415,17.4022,0.9052,0.1312,-0.4041,0.9980,333,54.840153,-0.3040,-0.6704
BiancaGolden_CircleTurns,-230.4546,-66.1977,200.6101,2.4642,-15.5871,16.5920,0.9005,0.1359,-0.4131,0.9980,334,54.853741,-0.3045,-0.6620
BiancaGolden_CircleTurns,-230.5040,-65.3546,200.4427,2.6563,-15.8726,15.8229,0.9003,0.1269,-0.4164,0.9980,334,54.866905,-0.3050,-0.6535
BiancaGolden_CircleTurns,-230.5586,-64.4448,200.2928,2.7988,-16.0874,15.0664,0.9040,0.1239,-0.4093,0.9980,335,54.882153,-0.3056,-0.6444
BiancaGolden_CircleTurns,-230.5781,-63.5219,200.2118,2.8437,-16.3077,14.2787,0.9020,0.1255,-0.4132,0.9980,335,54.895561,-0.3058,-0.6352
BiancaGolden_CircleTurns,-230.4736,-62.5314,200.3658,2.8181,-16.5330,13.4928,0.9033,0.1126,-0.4140,0.9980,335,54.909889,-0.3047,-0.6253
BiancaGolden_CircleTurns,-230.3441,-61.5127,200.6157,2.7748,-16.6079,12.6958,0.9090,0.1093,-0.4023,0.9980,336,54.923004,-0.3034,-0.6151
BiancaGolden_CircleTurns,-230.2542,-60.4346,200.7470,2.5371,-16.3332,11.8258,0.9120,0.1185,-0.3926,0.9980,336,54.936501,-0.3025,-0.6043
BiancaGolden_CircleTurns,-230.2150,-59.4611,200.6752,2.5119,-16.3144,11.0743,0.9140,0.1104,-0.3903,0.9980,337,54.951241,-0.3021,-0.5946
BiancaGolden_CircleTurns,-230.1657,-58.4547,200.5051,2.5048,-16.1530,10.2818,0.9149,0.1113,-0.3880,0.9980,337,54.964577,-0.3017,-0.5845
BiancaGolden_CircleTurns,-230.1228,-57.4543,200.3856,2.5233,-15.9707,9.4971,0.9165,0.1005,-0.3872,0.9980,337,54.978966,-0.3012,-0.5745
BiancaGolden_CircleTurns,-230.0656,-56.4727,200.3221,2.6709,-15.9236,8.7918,0.9158,0.1010,-0.3888,0.9980,338,54.996319,-0.3007,-0.5647
BiancaGolden_CircleTurns,-229.9695,-55.4976,200.3497,2.8911,-15.9718,8.1823,0.9153,0.0905,-0.3924,0.9980,338,55.006145,-0.2997,-0.5550
BiancaGolden_CircleTurns,-229.8901,-54.5437,200.4076,3.1692,-16.2044,7.5723,0.9131,0.0992,-0.3956,0.9980,339,55.020565,-0.2989,-0.5454
BiancaGolden_CircleTurns,-229.8238,-53.5936,200.4310,3.3759,-16.5318,6.9685,0.9098,0.0994,-0.4029,0.9980,339,55.034405,-0.2982,-0.5359
BiancaGolden_CircleTurns,-229.7370,-52.6866,200.4583,3.5453,-16.9545,6.3995,0.9076,0.0996,-0.4077,0.9980,340,55.048016,-0.2974,-0.5269
BiancaGolden_CircleTurns,-229.6551,-51.8201,200.5004,3.7538,-17.2691,5.8602,0.9069,0.0998,-0.4094,0.9980,340,55.061577,-0.2966,-0.5182
BiancaGolden_CircleTurns,-229.5472,-50.9935,200.5376,3.9794,-17.4227,5.3386,0.9074,0.0909,-0.4102,0.9980,340,55.075912,-0.2955,-0.5099
BiancaGolden_CircleTurns,-229.4309,-50.1859,200.5730,4.2067,-17.4719,4.8081,0.9085,0.0837,-0.4094,0.9980,341,55.089714,-0.2943,-0.5019
BiancaGolden_CircleTurns,-229.2783,-49.4171,200.6222,4.5075,-17.4111,4.3943,0.9091,0.0824,-0.4083,0.9980,341,55.103161,-0.2928,-0.4942
BiancaGolden_CircleTurns,-229.1021,-48.7012,200.7006,5.0273,-17.3192,4.1033,0.9098,0.1032,-0.4021,0.9980,342,55.117943,-0.2910,-0.4870
BiancaGolden_CircleTurns,-228.9401,-48.0242,200.7998,5.5414,-17.3106,3.9513,0.9105,0.1029,-0.4006,0.9980,342,55.131702,-0.2894,-0.4802
BiancaGolden_CircleTurns,-228.7986,-47.4229,200.8679,6.0319,-17.3830,3.9172,0.9083,0.1082,-0.4040,0.9980,343,55.146515,-0.2880,-0.4742
BiancaGolden_CircleTurns,-228.6765,-46.8304,200.8924,6.5181,-17.5325,3.8150,0.9063,0.1079,-0.4086,0.9980,343,55.159702,-0.2868,-0.4683
BiancaGolden_CircleTurns,-228.5614,-46.3689,200.9111,7.0024,-17.7809,3.8409,0.9042,0.1104,-0.4125,0.9980,343,55.174515,-0.2856,-0.4637
BiancaGolden_CircleTurns,-228.4418,-45.9485,200.9160,7.3747,-17.9970,3.7553,0.9039,0.1068,-0.4142,0.9980,344,55.188107,-0.2844,-0.4595
BiancaGolden_CircleTurns,-228.2898,-45.5604,200.9496,7.4517,-18.1690,3.5477,0.9045,0.1027,-0.4140,0.9980,344,55.200829,-0.2829,-0.4556
BiancaGolden_CircleTurns,-228.1139,-45.2397,200.9846,7.2872,-18.1709,3.2511,0.9056,0.0975,-0.4127,0.9980,345,55.215530,-0.2811,-0.4524
BiancaGolden_CircleTurns,-227.9649,-44.9101,200.9798,7.2196,-18.1289,2.9310,0.9081,0.0909,-0.4087,0.9980,345,55.229576,-0.2796,-0.4491
BiancaGolden_CircleTurns,-227.8407,-44.6442,200.8945,7.0835,-18.0674,2.5869,0.9090,0.0865,-0.4077,0.9980,345,55.243702,-0.2784,-0.4464
BiancaGolden_CircleTurns,-227.7481,-44.4522,200.7312,6.8481,-18.0155,2.2840,0.9087,0.0827,-0.4092,0.9980,346,55.257767,-0.2775,-0.4445
BiancaGolden_CircleTurns,-227.6833,-44.2610,200.6111,6.6207,-18.1341,2.0144,0.9077,0.0871,-0.4105,0.9980,346,55.270657,-0.2768,-0.4426
BiancaGolden_CircleTurns,-227.6002,-44.0597,200.5143,6.4015,-18.3106,1.7602,0.9066,0.0859,-0.4131,0.9980,347,55.285816,-0.2760,-0.4406
BiancaGolden_CircleTurns,-227.5127,-43.8823,200.4311,6.0946,-18.4856,1.5263,0.9045,0.0866,-0.4175,0.9980,347,55.299564,-0.2751,-0.4388
BiancaGolden_CircleTurns,-227.4546,-43.7394,200.3238,5.8025,-18.7718,1.3675,0.9030,0.0853,-0.4211,0.9980,348,55.313095,-0.2745,-0.4374
BiancaGolden_CircleTurns,-227.3925,-43.6009,200.1964,5.5806,-19.0174,1.2634,0.9004,0.0936,-0.4249,0.9980,348,55.327305,-0.2739,-0.4360
BiancaGolden_CircleTurns,-227.3486,-43.4799,200.0645,5.3662,-19.2860,1.2310,0.8986,0.0947,-0.4284,0.9980,348,55.341309,-0.2735,-0.4348
BiancaGolden_CircleTurns,-227.3228,-43.3744,199.9336,5.1793,-19.5182,1.2827,0.8953,0.1085,-0.4321,0.9980,349,55.355225,-0.2732,-0.4337
BiancaGolden_CircleTurns,-227.3118,-43.3026,199.8082,5.0116,-19.7521,1.3912,0.8932,0.1116,-0.4355,0.9980,349,55.368500,-0.2731,-0.4330
BiancaGolden_CircleTurns,-227.3180,-43.2490,199.6653,4.8758,-19.9814,1.5698,0.8923,0.1158,-0.4364,0.9980,350,55.383728,-0.2732,-0.4325
BiancaGolden_CircleTurns,-227.3487,-43.2277,199.5290,4.8339,-20.2610,1.8127,0.8878,0.1315,-0.4410,0.9980,350,55.396954,-0.2735,-0.4323
BiancaGolden_CircleTurns,-227.3994,-43.2409,199.3975,4.7600,-20.5634,2.1288,0.8867,0.1365,-0.4416,0.9980,350,55.411011,-0.2740,-0.4324
BiancaGolden_CircleTurns,-227.4275,-43.2581,199.3055,4.6709,-20.8568,2.3948,0.8837,0.1430,-0.4456,0.9980,351,55.424473,-0.2743,-0.4326
BiancaGolden_CircleTurns,-227.4697,-43.3272,199.2656,4.4711,-21.1323,2.8041,0.8822,0.1487,-0.4467,0.9980,351,55.437748,-0.2747,-0.4333
BiancaGolden_CircleTurns,-227.5173,-43.3992,199.2089,4.3089,-21.3477,3.1685,0.8813,0.1516,-0.4475,0.9980,352,55.453148,-0.2752,-0.4340
BiancaGolden_CircleTurns,-227.5636,-43.4964,199.1536,4.0056,-21.4773,3.4508,0.8868,0.1454,-0.4386,0.9980,352,55.467785,-0.2756,-0.4350
BiancaGolden_CircleTurns,-227.6237,-43.7237,199.1672,3.9870,-21.2786,3.2379,0.8941,0.1321,-0.4280,0.9980,353,55.481125,-0.2762,-0.4372
BiancaGolden_CircleTurns,-227.6855,-44.0832,199.2196,4.7037,-21.0129,2.6841,0.8995,0.1120,-0.4224,0.9980,353,55.497356,-0.2769,-0.4408
BiancaGolden_CircleTurns,-227.7643,-44.5100,199.2160,6.2662,-20.5148,1.5328,0.9035,0.0917,-0.4187,0.9980,353,55.509518,-0.2776,-0.4451
BiancaGolden_CircleTurns,-227.8630,-44.9035,199.2060,7.6404,-20.1575,0.3621,0.9132,0.0544,-0.4039,0.9980,354,55.521885,-0.2786,-0.4490
BiancaGolden_CircleTurns,-227.9941,-45.2766,199.1965,8.8219,-19.8153,-0.8066,0.9157,0.0404,-0.3998,0.9980,354,55.535488,-0.2799,-0.4528
BiancaGolden_CircleTurns,-228.1144,-45.6157,199.2321,9.5516,-19.6056,-1.7357,0.9156,0.0460,-0.3994,0.9980,355,55.550194,-0.2811,-0.4562
BiancaGolden_CircleTurns,-228.2018,-45.9636,199.2690,10.0968,-19.3927,-2.3996,0.9155,0.0514,-0.3991,0.9980,355,55.564373,-0.2820,-0.4596
BiancaGolden_CircleTurns,-228.2915,-46.3041,199.3241,10.2549,-19.2536,-2.6484,0.9159,0.0494,-0.3982,0.9980,355,55.578983,-0.2829,-0.4630
BiancaGolden_CircleTurns,-228.3257,-46.6201,199.3989,10.2523,-19.1983,-2.7724,0.9113,0.0579,-0.4076,0.9980,356,55.591846,-0.2833,-0.4662
BiancaGolden_CircleTurns,-228.3841,-46.9510,199.4850,10.1355,-19.1263,-2.8127,0.9083,0.0727,-0.4119,0.9980,356,55.605637,-0.2838,-0.4695
BiancaGolden_CircleTurns,-228.5334,-47.2842,199.4997,9.7769,-19.3479,-2.6671,0.9055,0.0924,-0.4141,0.9980,357,55.619904,-0.2853,-0.4728
BiancaGolden_CircleTurns,-228.7005,-47.6455,199.4417,9.5599,-19.6022,-2.6134,0.9008,0.1029,-0.4218,0.9980,357,55.633610,-0.2870,-0.4765
BiancaGolden_CircleTurns,-228.8929,-47.9800,199.3617,9.1013,-20.1125,-2.4601,0.8936,0.1169,-0.4334,0.9980,358,55.647896,-0.2889,-0.4798
BiancaGolden_CircleTurns,-229.0298,-48.2817,199.3768,8.6158,-20.4286,-2.3712,0.8899,0.1338,-0.4361,0.9980,358,55.661911,-0.2903,-0.4828
BiancaGolden_CircleTurns,-229.1891,-48.5914,199.4189,8.0863,-20.6276,-2.2069,0.8886,0.1366,-0.4378,0.9980,358,55.675686,-0.2919,-0.4859
BiancaGolden_CircleTurns,-229.3716,-48.9099,199.4256,7.7735,-20.7984,-2.0667,0.8874,0.1422,-0.4386,0.9980,359,55.689266,-0.2937,-0.4891
BiancaGolden_CircleTurns,-229.5655,-49.2196,199.4393,7.5519,-20.9583,-1.8474,0.8924,0.1534,-0.4244,0.9980,359,55.702335,-0.2957,-0.4922
BiancaGolden_CircleTurns,-229.7196,-49.5199,199.4731,7.4117,-20.9434,-1.5015,0.8923,0.1632,-0.4210,0.9980,360,55.717899,-0.2972,-0.4952
BiancaGolden_CircleTurns,-229.9008,-49.7951,199.4745,7.1321,-20.7263,-1.1113,0.8941,0.1699,-0.4145,0.9980,360,55.731926,-0.2990,-0.4980
BiancaGolden_CircleTurns,-230.0916,-50.0502,199.4524,6.7673,-20.4966,-0.7262,0.8947,0.1771,-0.4101,0.9980,360,55.745502,-0.3009,-0.5005
BiancaGolden_CircleTurns,-230.2707,-50.3099,199.4801,6.4115,-20.2836,-0.2939,0.8959,0.1823,-0.4052,0.9980,361,55.758751,-0.3027,-0.5031
BiancaGolden_CircleTurns,-230.4293,-50.5435,199.5429,6.0381,-20.0973,0.1872,0.8970,0.1839,-0.4019,0.9980,361,55.771854,-0.3043,-0.5054
BiancaGolden_CircleTurns,-230.6231,-50.7628,199.5788,5.5509,-19.9871,0.6506,0.8954,0.1884,-0.4034,0.9980,362,55.787277,-0.3062,-0.5076
BiancaGolden_CircleTurns,-230.8447,-50.9885,199.5870,4.9959,-19.9929,1.1016,0.8925,0.1943,-0.4071,0.9980,362,55.800865,-0.3084,-0.5099
BiancaGolden_CircleTurns,-231.0880,-51.2149,199.5970,4.5242,-20.1035,1.5667,0.8915,0.1957,-0.4086,0.9980,363,55.815151,-0.3109,-0.5121
BiancaGolden_CircleTurns,-231.3258,-51.4091,199.6482,4.0085,-20.2635,2.0391,0.8895,0.2036,-0.4091,0.9980,363,55.828537,-0.3133,-0.5141
BiancaGolden_CircleTurns,-231.5580,-51.5868,199.7230,3.5033,-20.3821,2.5095,0.8877,0.2122,-0.4087,0.9980,363,55.842827,-0.3156,-0.5159
BiancaGolden_CircleTurns,-231.7939,-51.7515,199.7896,2.9593,-20.4527,3.0219,0.8849,0.2084,-0.4166,0.9980,364,55.856392,-0.3179,-0.5175
BiancaGolden_CircleTurns,-232.0417,-51.9033,199.8391,2.3399,-20.4403,3.5417,0.8836,0.2175,-0.4146,0.9980,364,55.869820,-0.3204,-0.5190
BiancaGolden_CircleTurns,-232.3005,-52.0383,199.8933,1.7223,-20.4155,4.0729,0.8879,0.2073,-0.4107,0.9980,365,55.884647,-0.3230,-0.5204
BiancaGolden_CircleTurns,-232.5539,-52.1628,199.9657,1.0921,-20.3031,4.5376,0.8900,0.2038,-0.4078,0.9980,365,55.898483,-0.3255,-0.5216
BiancaGolden_CircleTurns,-232.7993,-52.3132,200.0412,0.5254,-20.1765,4.8922,0.8903,0.2094,-0.4043,0.9980,366,55.913399,-0.3280,-0.5231
BiancaGolden_CircleTurns,-233.0387,-52.4443,200.1100,0.0178,-20.0223,5.2032,0.8964,0.1875,-0.4016,0.9980,366,55.926949,-0.3304,-0.5244
BiancaGolden_CircleTurns,-233.2896,-52.5686,200.1394,-0.4165,-19.8086,5.3716,0.8968,0.1658,-0.4101,0.9980,366,55.940769,-0.3329,-0.5257
BiancaGolden_CircleTurns,-233.5341,-52.6645,200.1689,-0.8657,-19.5678,5.5675,0.8993,0.1624,-0.4061,0.9980,367,55.954269,-0.3353,-0.5266
BiancaGolden_CircleTurns,-233.7737,-52.7447,200.2325,-1.3480,-19.3394,5.7488,0.9029,0.1514,-0.4024,0.9980,367,55.967731,-0.3377,-0.5274
BiancaGolden_CircleTurns,-233.9878,-52.8098,200.3006,-1.7146,-19.0854,5.8699,0.9054,0.1459,-0.3986,0.9980,368,55.982738,-0.3399,-0.5281
BiancaGolden_CircleTurns,-234.1808,-52.8915,200.3862,-2.0535,-18.8004,6.0142,0.9078,0.1466,-0.3930,0.9980,368,56.000038,-0.3418,-0.5289
BiancaGolden_CircleTurns,-234.3702,-52.9254,200.4492,-2.2915,-18.4842,6.0369,0.9077,0.1449,-0.3939,0.9980,368,56.011349,-0.3437,-0.5293
BiancaGolden_CircleTurns,-234.5511,-52.9645,200.4906,-2.5161,-18.1437,6.0792,0.9083,0.1388,-0.3945,0.9980,369,56.024364,-0.3455,-0.5296
BiancaGolden_CircleTurns,-234.7073,-52.9506,200.5314,-2.6975,-17.7833,6.0632,0.9095,0.1325,-0.3941,0.9980,369,56.037853,-0.3471,-0.5295
BiancaGolden_CircleTurns,-234.8202,-52.9179,200.5843,-2.8545,-17.3527,6.0477,0.9115,0.1330,-0.3892,0.9980,370,56.052464,-0.3482,-0.5292
BiancaGolden_CircleTurns,-234.9209,-52.8624,200.6362,-3.0097,-16.9623,6.0425,0.9109,0.1345,-0.3902,0.9980,370,56.067249,-0.3492,-0.5286
BiancaGolden_CircleTurns,-235.0074,-52.7998,200.6814,-3.2267,-16.5915,6.0944,0.9131,0.1349,-0.3848,0.9980,371,56.080055,-0.3501,-0.5280
BiancaGolden_CircleTurns,-235.0683,-52.7014,200.7293,-3.3808,-16.2675,6.0856,0.9113,0.1406,-0.3870,0.9980,371,56.093327,-0.3507,-0.5270
BiancaGolden_CircleTurns,-235.1229,-52.5827,200.7759,-3.5781,-16.0017,6.0726,0.9125,0.1343,-0.3863,0.9980,371,56.107822,-0.3512,-0.5258
BiancaGolden_CircleTurns,-235.1577,-52.4463,200.8142,-3.7467,-15.8176,6.0008,0.9137,0.1265,-0.3863,0.9980,372,56.121689,-0.3516,-0.5245
BiancaGolden_CircleTurns,-235.1521,-52.2673,200.8720,-3.8801,-15.7099,5.9021,0.9143,0.1254,-0.3852,0.9980,372,56.136032,-0.3515,-0.5227
BiancaGolden_CircleTurns,-235.1057,-52.0611,200.9681,-3.9791,-15.5177,5.8068,0.9122,0.1251,-0.3901,0.9980,373,56.149719,-0.3511,-0.5206
BiancaGolden_CircleTurns,-235.0739,-51.8349,200.9861,-3.9860,-15.3442,5.7395,0.9105,0.1249,-0.3942,0.9980,373,56.163822,-0.3507,-0.5183
BiancaGolden_CircleTurns,-234.9735,-51.5774,200.9830,-4.0087,-15.0735,5.6915,0.9128,0.1243,-0.3890,0.9980,373,56.177761,-0.3497,-0.5158
BiancaGolden_CircleTurns,-234.8548,-51.2998,201.0111,-4.0336,-14.7609,5.6117,0.9133,0.1197,-0.3894,0.9980,374,56.191566,-0.3485,-0.5130
BiancaGolden_CircleTurns,-234.6941,-50.9934,201.0690,-4.1220,-14.4329,5.5343,0.9132,0.1182,-0.3901,0.9980,374,56.204536,-0.3469,-0.5099
BiancaGolden_CircleTurns,-234.5382,-50.6574,201.0734,-4.1691,-14.2057,5.4226,0.9109,0.1163,-0.3959,0.9980,375,56.220184,-0.3454,-0.5066
BiancaGolden_CircleTurns,-234.4036,-50.3018,201.0247,-4.2047,-14.0720,5.3345,0.9067,0.1158,-0.4056,0.9980,375,56.233482,-0.3440,-0.5030
BiancaGolden_CircleTurns,-234.2214,-49.9196,200.9766,-4.1972,-14.0796,5.2289,0.9070,0.1127,-0.4057,0.9980,376,56.247879,-0.3422,-0.4992
BiancaGolden_CircleTurns,-234.0132,-49.5094,200.9700,-4.2152,-14.0724,5.0797,0.9070,0.1095,-0.4067,0.9980,376,56.261456,-0.3401,-0.4951
BiancaGolden_CircleTurns,-233.7721,-49.0665,200.9794,-4.1838,-14.1374,4.8865,0.9010,0.1056,-0.4207,0.9980,376,56.275547,-0.3377,-0.4907
BiancaGolden_CircleTurns,-233.5171,-48.6105,200.9567,-4.1301,-14.1657,4.7227,0.8978,0.1026,-0.4284,0.9980,377,56.288654,-0.3352,-0.4861
BiancaGolden_CircleTurns,-233.2286,-48.0843,200.9412,-4.0439,-14.2217,4.5374,0.8956,0.0987,-0.4337,0.9980,377,56.301838,-0.3323,-0.4808
BiancaGolden_CircleTurns,-232.9245,-47.5556,200.9205,-4.0310,-14.2501,4.3691,0.8949,0.1013,-0.4346,0.9980,378,56.316906,-0.3292,-0.4756
BiancaGolden_CircleTurns,-232.5772,-46.9834,200.8941,-3.8876,-14.2344,4.2209,0.8949,0.0984,-0.4353,0.9980,378,56.330814,-0.3258,-0.4698
BiancaGolden_CircleTurns,-232.2297,-46.4023,200.9043,-3.7524,-14.2776,4.0691,0.8953,0.0907,-0.4362,0.9980,378,56.345341,-0.3223,-0.4640
BiancaGolden_CircleTurns,-231.8662,-45.7698,200.8932,-3.6061,-14.2704,3.8558,0.8945,0.0869,-0.4385,0.9980,379,56.358738,-0.3187,-0.4577
BiancaGolden_CircleTurns,-231.5071,-45.1248,200.8453,-3.4047,-14.3495,3.6520,0.8932,0.0835,-0.4419,0.9980,379,56.371685,-0.3151,-0.4512
BiancaGolden_CircleTurns,-231.1483,-44.4461,200.7485,-3.1527,-14.4083,3.4863,0.8912,0.0837,-0.4459,0.9980,380,56.386574,-0.3115,-0.4445
BiancaGolden_CircleTurns,-230.7608,-43.7436,200.6858,-2.9362,-14.5766,3.3706,0.8878,0.0859,-0.4522,0.9980,380,56.400360,-0.3076,-0.4374
BiancaGolden_CircleTurns,-230.3211,-43.0047,200.7387,-2.7389,-14.6361,3.2985,0.8880,0.0849,-0.4519,0.9980,381,56.414749,-0.3032,-0.4300
BiancaGolden_CircleTurns,-229.9236,-42.2169,200.6825,-2.5585,-14.6934,3.2676,0.8875,0.0839,-0.4531,0.9980,381,56.428806,-0.2992,-0.4222
BiancaGolden_CircleTurns,-229.4860,-41.4428,200.6265,-2.3539,-14.7795,3.2616,0.8861,0.0894,-0.4547,0.9980,381,56.442745,-0.2949,-0.4144
BiancaGolden_CircleTurns,-229.0403,-40.6166,200.6116,-2.2106,-14.8928,3.3071,0.8851,0.0893,-0.4567,0.9980,382,56.455963,-0.2904,-0.4062
BiancaGolden_CircleTurns,-228.5798,-39.7907,200.6139,-2.1233,-15.0199,3.3253,0.8805,0.0828,-0.4667,0.9980,382,56.469296,-0.2858,-0.3979
BiancaGolden_CircleTurns,-228.1469,-38.9361,200.5625,-2.0486,-15.1665,3.3204,0.8685,0.0434,-0.4938,0.9980,383,56.484173,-0.2815,-0.3894
BiancaGolden_CircleTurns,-227.7253,-38.0640,200.4824,-1.8157,-15.2859,3.3220,0.8676,0.0427,-0.4954,0.9980,383,56.501572,-0.2773,-0.3806
BiancaGolden_CircleTurns,-227.3118,-37.1861,200.4056,-1.4848,-15.3938,3.3750,0.8546,0.0217,-0.5188,0.9980,384,56.512714,-0.2731,-0.3719
BiancaGolden_CircleTurns,-226.8849,-36.2962,200.3690,-1.1859,-15.4477,3.4681,0.8476,0.0157,-0.5304,0.9980,384,56.525593,-0.2688,-0.3630
BiancaGolden_CircleTurns,-226.4649,-35.4046,200.3499,-0.9877,-15.4073,3.5358,0.8486,0.0115,-0.5289,0.9980,384,56.540314,-0.2646,-0.3540
BiancaGolden_CircleTurns,-226.0538,-34.5115,200.3411,-0.7922,-15.2923,3.6496,0.8500,0.0093,-0.5268,0.9980,385,56.553715,-0.2605,-0.3451
BiancaGolden_CircleTurns,-225.6734,-33.6156,200.3151,-0.6543,-15.1604,3.7899,0.8490,0.0056,-0.5284,0.9980,385,56.566650,-0.2567,-0.3362
BiancaGolden_CircleTurns,-225.3010,-32.7313,200.2868,-0.5528,-15.1561,3.9343,0.8478,0.0067,-0.5302,0.9980,386,56.582199,-0.2530,-0.3273
BiancaGolden_CircleTurns,-224.9471,-31.8735,200.2658,-0.4555,-15.2849,4.0456,0.8437,0.0052,-0.5368,0.9980,386,56.595413,-0.2495,-0.3187
BiancaGolden_CircleTurns,-224.5973,-31.0112,200.2658,-0.3470,-15.4192,4.0778,0.8419,-0.0037,-0.5397,0.9980,386,56.609890,-0.2460,-0.3101
BiancaGolden_CircleTurns,-224.2466,-30.1597,200.3036,-0.1932,-15.5867,4.0749,0.8060,-0.0310,-0.5911,0.9980,387,56.623959,-0.2425,-0.3016
BiancaGolden_CircleTurns,-223.9027,-29.3186,200.3259,0.0497,-15.6813,4.0721,0.7927,-0.0539,-0.6073,0.9980,387,56.636684,-0.2390,-0.2932
BiancaGolden_CircleTurns,-223.5583,-28.4796,200.3269,0.3507,-15.7883,4.0882,0.7701,-0.0765,-0.6333,0.9980,388,56.651657,-0.2356,-0.2848
BiancaGolden_CircleTurns,-223.2243,-27.6634,200.3241,0.6212,-15.9147,4.1314,0.7424,-0.1117,-0.6606,0.9980,388,56.665131,-0.2322,-0.2766
BiancaGolden_CircleTurns,-222.8996,-26.8599,200.3028,0.8920,-16.0727,4.1672,0.7391,-0.1141,-0.6639,0.9980,389,56.679520,-0.2290,-0.2686
BiancaGolden_CircleTurns,-222.5818,-26.0916,200.2704,1.2778,-16.4168,4.2204,0.7105,-0.1390,-0.6898,0.9980,389,56.693176,-0.2258,-0.2609
BiancaGolden_CircleTurns,-222.2682,-25.3334,200.2264,1.6317,-16.7645,4.2607,0.7016,-0.1493,-0.6967,0.9980,389,56.707718,-0.2227,-0.2533
BiancaGolden_CircleTurns,-221.9680,-24.6107,200.1576,1.9764,-17.3320,4.2452,0.6636,-0.1735,-0.7277,0.9980,390,56.721180,-0.2197,-0.2461
BiancaGolden_CircleTurns,-221.6699,-23.9197,200.0762,2.3595,-17.9881,4.2286,0.6465,-0.2114,-0.7331,0.9980,390,56.734219,-0.2167,-0.2392
BiancaGolden_CircleTurns,-221.4002,-23.2569,199.9533,2.8135,-18.8148,4.1467,0.6352,-0.2177,-0.7410,0.9980,391,56.749428,-0.2140,-0.2326
BiancaGolden_CircleTurns,-221.1475,-22.6219,199.7982,3.3051,-19.7349,4.0219,0.5783,-0.2304,-0.7826,0.9980,391,56.763042,-0.2115,-0.2262
BiancaGolden_CircleTurns,-220.9164,-22.0249,199.6457,3.7067,-20.6166,3.8123,0.5529,-0.2291,-0.8011,0.9980,391,56.777473,-0.2092,-0.2202
BiancaGolden_CircleTurns,-220.6757,-21.4547,199.5628,4.0203,-21.2585,3.5145,0.5456,-0.2369,-0.8039,0.9980,392,56.790890,-0.2068,-0.2145
BiancaGolden_CircleTurns,-220.3855,-20.9005,199.5644,4.3769,-21.5473,3.2353,0.5419,-0.2421,-0.8048,0.9980,392,56.804070,-0.2039,-0.2090
BiancaGolden_CircleTurns,-220.0931,-20.3556,199.5948,4.7250,-21.5822,3.0289,0.5441,-0.2499,-0.8010,0.9980,393,56.819172,-0.2009,-0.2036
BiancaGolden_CircleTurns,-219.8379,-19.8480,199.6002,4.9251,-21.4699,2.8530,0.5433,-0.2519,-0.8008,0.9980,393,56.832760,-0.1984,-0.1985
BiancaGolden_CircleTurns,-219.6574,-19.3882,199.5493,4.9326,-21.2670,2.6138,0.5434,-0.2542,-0.8000,0.9980,394,56.846764,-0.1966,-0.1939
BiancaGolden_CircleTurns,-219.4786,-18.9285,199.5004,5.0144,-21.2181,2.4540,0.5451,-0.2566,-0.7981,0.9980,394,56.860218,-0.1948,-0.1893
BiancaGolden_CircleTurns,-219.2973,-18.4960,199.4846,5.1524,-21.1905,2.3462,0.5440,-0.2469,-0.8019,0.9980,394,56.874638,-0.1930,-0.1850
BiancaGolden_CircleTurns,-219.1253,-18.0864,199.4723,5.2715,-21.1710,2.3277,0.5468,-0.2462,-0.8002,0.9980,395,56.888027,-0.1913,-0.1809
BiancaGolden_CircleTurns,-218.9753,-17.7168,199.4607,5.2887,-21.1808,2.2674,0.5485,-0.2408,-0.8007,0.9980,395,56.901394,-0.1898,-0.1772
BiancaGolden_CircleTurns,-218.8366,-17.3816,199.4255,5.3462,-21.2496,2.1610,0.5473,-0.2438,-0.8006,0.9980,396,56.916595,-0.1884,-0.1738
BiancaGolden_CircleTurns,-218.7037,-17.0939,199.3961,5.5081,-21.3124,2.0118,0.5460,-0.2537,-0.7984,0.9980,396,56.930450,-0.1870,-0.1709
BiancaGolden_CircleTurns,-218.5851,-16.8308,199.3762,5.6887,-21.3589,1.8539,0.5381,-0.2611,-0.8014,0.9980,396,56.944508,-0.1859,-0.1683
BiancaGolden_CircleTurns,-218.4696,-16.5789,199.3683,5.8071,-21.3698,1.6410,0.5369,-0.2719,-0.7986,0.9980,397,56.958015,-0.1847,-0.1658
BiancaGolden_CircleTurns,-218.3645,-16.3562,199.3457,5.9078,-21.3661,1.4331,0.5459,-0.2852,-0.7878,0.9980,397,56.971092,-0.1836,-0.1636
BiancaGolden_CircleTurns,-218.3015,-16.1687,199.3116,5.9988,-21.3569,1.1521,0.5667,-0.3209,-0.7589,0.9980,398,56.986267,-0.1830,-0.1617
BiancaGolden_CircleTurns,-218.2515,-16.0284,199.2818,6.1062,-21.4219,0.8172,0.5643,-0.3253,-0.7588,0.9980,398,57.002888,-0.1825,-0.1603
BiancaGolden_CircleTurns,-218.2068,-15.8964,199.2845,6.2007,-21.4636,0.4510,0.5787,-0.3790,-0.7221,0.9980,399,57.014416,-0.1821,-0.1590
BiancaGolden_CircleTurns,-218.1468,-15.7680,199.3275,6.3262,-21.4482,0.1296,0.5873,-0.3963,-0.7057,0.9980,399,57.027435,-0.1815,-0.1577
BiancaGolden_CircleTurns,-218.0864,-15.6445,199.3795,6.4066,-21.3558,-0.1295,0.5936,-0.3989,-0.6989,0.9980,399,57.043068,-0.1809,-0.1564
BiancaGolden_CircleTurns,-218.0477,-15.5372,199.4376,6.4309,-21.2005,-0.3521,0.6043,-0.4091,-0.6837,0.9980,400,57.055969,-0.1805,-0.1554
BiancaGolden_CircleTurns,-218.0427,-15.4575,199.4643,6.3879,-21.1048,-0.5532,0.6004,-0.4179,-0.6818,0.9980,400,57.068287,-0.1804,-0.1546
BiancaGolden_CircleTurns,-218.0659,-15.3979,199.4723,6.3880,-21.0434,-0.7433,0.5995,-0.4199,-0.6814,0.9980,401,57.083149,-0.1807,-0.1540
BiancaGolden_CircleTurns,-218.0754,-15.3584,199.5090,6.4522,-21.0391,-0.8923,0.5884,-0.4246,-0.6881,0.9980,401,57.096836,-0.1808,-0.1536
BiancaGolden_CircleTurns,-218.0549,-15.3138,199.5873,6.5115,-20.9422,-0.9119,0.5891,-0.4215,-0.6894,0.9980,401,57.111195,-0.1805,-0.1531
BiancaGolden_CircleTurns,-218.0323,-15.2879,199.6836,6.5004,-20.8031,-0.8777,0.5904,-0.4244,-0.6865,0.9980,402,57.124695,-0.1803,-0.1529
BiancaGolden_CircleTurns,-218.0167,-15.2799,199.7485,6.4305,-20.6473,-0.7985,0.5901,-0.4204,-0.6892,0.9980,402,57.138023,-0.1802,-0.1528
BiancaGolden_CircleTurns,-218.0092,-15.3118,199.7910,6.2728,-20.5543,-0.7316,0.5908,-0.4175,-0.6904,0.9980,403,57.153713,-0.1801,-0.1531
BiancaGolden_CircleTurns,-217.9997,-15.3756,199.8211,5.9831,-20.5286,-0.7062,0.5833,-0.3969,-0.7087,0.9980,403,57.167179,-0.1800,-0.1538
BiancaGolden_CircleTurns,-217.9585,-15.4513,199.8481,5.6035,-20.6086,-0.7599,0.5798,-0.3943,-0.7130,0.9980,404,57.180965,-0.1796,-0.1545
BiancaGolden_CircleTurns,-217.9053,-15.5394,199.8697,5.2084,-20.7830,-0.8214,0.5765,-0.3920,-0.7169,0.9980,404,57.194386,-0.1791,-0.1554
BiancaGolden_CircleTurns,-217.8308,-15.6270,199.8884,4.9288,-20.9601,-0.7597,0.5744,-0.4039,-0.7120,0.9980,404,57.208538,-0.1783,-0.1563
BiancaGolden_CircleTurns,-217.7524,-15.7382,199.8824,4.6695,-21.1654,-0.5440,0.5771,-0.3986,-0.7128,0.9980,405,57.222462,-0.1775,-0.1574
BiancaGolden_CircleTurns,-217.6655,-15.8410,199.8934,4.2108,-21.3014,-0.3077,0.5810,-0.3830,-0.7181,0.9980,405,57.235531,-0.1767,-0.1584
BiancaGolden_CircleTurns,-217.5656,-15.9608,199.9202,3.6249,-21.3541,-0.0133,0.5846,-0.3704,-0.7219,0.9980,406,57.250561,-0.1757,-0.1596
BiancaGolden_CircleTurns,-217.4462,-16.0854,199.9761,3.1079,-21.3069,0.3926,0.5892,-0.3609,-0.7229,0.9980,406,57.263954,-0.1745,-0.1609
BiancaGolden_CircleTurns,-217.3239,-16.2209,200.0303,2.7133,-21.1632,0.9514,0.5828,-0.3492,-0.7337,0.9980,406,57.278370,-0.1732,-0.1622
BiancaGolden_CircleTurns,-217.2097,-16.3396,200.0721,2.3171,-21.0899,1.6362,0.5814,-0.3429,-0.7378,0.9980,407,57.291855,-0.1721,-0.1634
BiancaGolden_CircleTurns,-217.1195,-16.4476,200.0870,1.8192,-21.0163,2.3580,0.5914,-0.3474,-0.7277,0.9980,407,57.305325,-0.1712,-0.1645
BiancaGolden_CircleTurns,-217.0428,-16.5771,200.0846,1.2401,-20.9950,3.1413,0.5953,-0.3342,-0.7307,0.9980,408,57.320259,-0.1704,-0.1658
BiancaGolden_CircleTurns,-216.9386,-16.7049,200.1055,0.6659,-20.9902,3.9055,0.5888,-0.2915,-0.7539,0.9980,408,57.334103,-0.1694,-0.1670
BiancaGolden_CircleTurns,-216.8504,-16.8550,200.1290,0.1099,-20.9732,4.6899,0.5917,-0.2805,-0.7558,0.9980,409,57.347572,-0.1685,-0.1685
BiancaGolden_CircleTurns,-216.7643,-16.9945,200.1307,-0.3056,-20.9307,5.4072,0.5911,-0.2354,-0.7715,0.9980,409,57.361210,-0.1676,-0.1699
BiancaGolden_CircleTurns,-216.6965,-17.1563,200.1037,-0.6916,-20.9339,6.1773,0.5860,-0.2193,-0.7801,0.9980,409,57.375507,-0.1670,-0.1716
BiancaGolden_CircleTurns,-216.6178,-17.2895,200.0563,-1.0795,-20.9536,6.9236,0.5874,-0.2081,-0.7821,0.9980,410,57.389275,-0.1662,-0.1729
BiancaGolden_CircleTurns,-216.5355,-17.4486,200.0342,-1.5213,-20.9514,7.6278,0.5876,-0.1993,-0.7842,0.9980,410,57.402565,-0.1654,-0.1745
BiancaGolden_CircleTurns,-216.4401,-17.6261,200.0198,-1.9694,-20.9322,8.2385,0.5884,-0.1910,-0.7857,0.9980,411,57.418163,-0.1644,-0.1763
BiancaGolden_CircleTurns,-216.3602,-17.8414,199.9859,-2.2619,-20.9461,8.7898,0.5889,-0.2046,-0.7819,0.9980,411,57.431023,-0.1636,-0.1784
BiancaGolden_CircleTurns,-216.2662,-18.0682,199.9669,-2.5618,-20.9647,9.3010,0.5879,-0.2167,-0.7793,0.9980,411,57.445396,-0.1627,-0.1807
BiancaGolden_CircleTurns,-216.1721,-18.3169,199.9544,-2.6666,-20.9402,9.7596,0.5967,-0.2170,-0.7725,0.9980,412,57.458698,-0.1617,-0.1832
BiancaGolden_CircleTurns,-216.0987,-18.5751,199.9261,-2.7422,-21.0145,10.2530,0.5976,-0.2116,-0.7734,0.9980,412,57.471886,-0.1610,-0.1858
BiancaGolden_CircleTurns,-216.0153,-18.8358,199.8954,-2.7205,-21.1209,10.8041,0.5936,-0.1987,-0.7799,0.9980,413,57.486794,-0.1602,-0.1884
BiancaGolden_CircleTurns,-215.9192,-19.0908,199.9171,-2.7498,-21.2756,11.3840,0.5774,-0.1914,-0.7937,0.9980,413,57.504333,-0.1592,-0.1909
BiancaGolden_CircleTurns,-215.7910,-19.3273,199.9816,-2.8998,-21.3777,11.9589,0.5771,-0.1826,-0.7960,0.9980,414,57.515064,-0.1579,-0.1933
BiancaGolden_CircleTurns,-215.6586,-19.5886,200.1051,-3.2584,-21.4481,12.5565,0.5762,-0.1667,-0.8001,0.9980,414,57.528725,-0.1566,-0.1959
BiancaGolden_CircleTurns,-215.5467,-19.8690,200.1734,-3.6261,-21.5014,13.1475,0.5776,-0.1568,-0.8011,0.9980,414,57.543018,-0.1555,-0.1987
BiancaGolden_CircleTurns,-215.4455,-20.1905,200.1885,-3.9578,-21.5248,13.7346,0.5882,-0.1438,-0.7958,0.9980,415,57.555832,-0.1545,-0.2019
BiancaGolden_CircleTurns,-215.3438,-20.5160,200.2036,-4.2588,-21.5614,14.3295,0.5917,-0.1333,-0.7950,0.9980,415,57.569229,-0.1534,-0.2052
BiancaGolden_CircleTurns,-215.2402,-20.8228,200.2023,-4.5507,-21.5156,14.8500,0.5910,-0.1240,-0.7971,0.9980,416,57.584213,-0.1524,-0.2082
BiancaGolden_CircleTurns,-215.1314,-21.1532,200.2154,-5.0221,-21.5064,15.3554,0.5947,-0.1140,-0.7958,0.9980,416,57.598145,-0.1513,-0.2115
BiancaGolden_CircleTurns,-215.0212,-21.5031,200.2100,-5.4845,-21.4726,15.8304,0.5973,-0.1045,-0.7952,0.9980,417,57.612453,-0.1502,-0.2150
BiancaGolden_CircleTurns,-214.9193,-21.8690,200.1800,-5.8650,-21.4651,16.2501,0.5966,-0.0979,-0.7965,0.9980,417,57.626637,-0.1492,-0.2187
BiancaGolden_CircleTurns,-214.8143,-22.2392,200.1497,-6.1639,-21.4716,16.6460,0.5755,-0.0909,-0.8127,0.9980,417,57.640114,-0.1481,-0.2224
BiancaGolden_CircleTurns,-214.7102,-22.6511,200.1196,-6.3928,-21.5225,17.0605,0.5637,-0.0701,-0.8230,0.9980,418,57.653538,-0.1471,-0.2265
BiancaGolden_CircleTurns,-214.5897,-23.0872,200.0984,-6.6404,-21.6308,17.5061,0.5694,-0.0462,-0.8208,0.9980,418,57.666637,-0.1459,-0.2309
BiancaGolden_CircleTurns,-214.4792,-23.5477,200.0510,-6.8929,-21.7446,17.9125,0.5661,-0.0411,-0.8233,0.9980,419,57.682148,-0.1448,-0.2355
BiancaGolden_CircleTurns,-214.3610,-24.0557,199.9651,-7.1048,-21.9380,18.3217,0.5637,-0.0351,-0.8253,0.9980,419,57.696228,-0.1436,-0.2406
BiancaGolden_CircleTurns,-214.2249,-24.5556,199.8637,-7.4151,-22.1490,18.6849,0.5605,-0.0419,-0.8271,0.9980,419,57.709999,-0.1422,-0.2456
BiancaGolden_CircleTurns,-214.0782,-25.0652,199.7611,-7.7921,-22.3730,19.0448,0.5509,-0.0359,-0.8338,0.9980,420,57.724171,-0.1408,-0.2507
BiancaGolden_CircleTurns,-213.9167,-25.5717,199.6251,-8.2856,-22.4716,19.4584,0.5496,-0.0289,-0.8349,0.9980,420,57.736568,-0.1392,-0.2557
BiancaGolden_CircleTurns,-213.7150,-26.0417,199.4869,-8.7874,-22.4298,19.9043,0.5499,-0.0177,-0.8350,0.9980,421,57.751381,-0.1371,-0.2604
BiancaGolden_CircleTurns,-213.5010,-26.5108,199.3693,-9.4273,-22.1939,20.3509,0.5525,-0.0111,-0.8334,0.9980,421,57.764858,-0.1350,-0.2651
BiancaGolden_CircleTurns,-213.3121,-26.9639,199.2804,-10.2964,-22.0308,20.6242,0.5507,-0.0015,-0.8347,0.9980,422,57.779301,-0.1331,-0.2696
BiancaGolden_CircleTurns,-213.1724,-27.4113,199.1440,-11.1415,-21.9898,20.6769,0.5424,0.0247,-0.8398,0.9980,422,57.792358,-0.1317,-0.2741
BiancaGolden_CircleTurns,-213.0708,-27.8392,199.0192,-11.7755,-22.2460,20.8256,0.5333,0.0304,-0.8454,0.9980,422,57.807289,-0.1307,-0.2784
BiancaGolden_CircleTurns,-212.9669,-28.2078,198.8985,-12.3407,-22.6278,21.0973,0.5151,0.0058,-0.8571,0.9980,423,57.820049,-0.1297,-0.2821
BiancaGolden_CircleTurns,-212.8529,-28.5169,198.7693,-12.9039,-22.9737,21.4325,0.5078,0.0137,-0.8614,0.9980,423,57.833378,-0.1285,-0.2852
BiancaGolden_CircleTurns,-212.7356,-28.7993,198.6386,-13.5171,-23.2702,21.8619,0.5027,0.0209,-0.8642,0.9980,424,57.848400,-0.1274,-0.2880
BiancaGolden_CircleTurns,-212.5980,-29.0373,198.5072,-14.0949,-23.4212,22.1631,0.5025,0.0261,-0.8642,0.9980,424,57.862328,-0.1260,-0.2904
BiancaGolden_CircleTurns,-212.4324,-29.2801,198.4435,-14.6130,-23.6126,22.3410,0.5035,0.0362,-0.8633,0.9980,424,57.876389,-0.1243,-0.2928
BiancaGolden_CircleTurns,-212.2724,-29.4861,198.4266,-15.0150,-23.8027,22.4202,0.5016,0.0434,-0.8640,0.9980,425,57.889675,-0.1227,-0.2949
BiancaGolden_CircleTurns,-212.1518,-29.6353,198.4049,-15.3260,-24.0743,22.4527,0.5011,0.0468,-0.8641,0.9980,425,57.903637,-0.1215,-0.2964
BiancaGolden_CircleTurns,-212.0669,-29.7289,198.3488,-15.5692,-24.3479,22.5308,0.4965,0.0486,-0.8667,0.9980,426,57.917976,-0.1207,-0.2973
BiancaGolden_CircleTurns,-211.9914,-29.7620,198.2972,-15.8480,-24.5786,22.5968,0.4909,0.0521,-0.8696,0.9980,426,57.931973,-0.1199,-0.2976
BiancaGolden_CircleTurns,-211.8975,-29.7776,198.2747,-16.1276,-24.7716,22.6860,0.4877,0.0536,-0.8714,0.9980,427,57.946545,-0.1190,-0.2978
BiancaGolden_CircleTurns,-211.8008,-29.7627,198.2948,-16.3467,-24.9416,22.6927,0.4858,0.0502,-0.8726,0.9980,427,57.960693,-0.1180,-0.2976
BiancaGolden_CircleTurns,-211.7267,-29.7158,198.3076,-16.3489,-25.0334,22.6449,0.4809,0.0489,-0.8754,0.9980,427,57.974144,-0.1173,-0.2972
BiancaGolden_CircleTurns,-211.6503,-29.6267,198.3163,-16.3045,-25.0790,22.6208,0.4753,0.0622,-0.8776,0.9980,428,57.991543,-0.1165,-0.2963
BiancaGolden_CircleTurns,-211.5729,-29.4893,198.3014,-16.1828,-25.0592,22.5944,0.4755,0.0619,-0.8776,0.9980,428,58.001060,-0.1157,-0.2949
BiancaGolden_CircleTurns,-211.4752,-29.3229,198.3016,-16.1872,-25.0650,22.5420,0.4750,0.0612,-0.8779,0.9980,429,58.015270,-0.1148,-0.2932
BiancaGolden_CircleTurns,-211.4018,-29.1327,198.2468,-16.1770,-25.1068,22.4945,0.4743,0.0658,-0.8779,0.9980,429,58.029339,-0.1140,-0.2913
BiancaGolden_CircleTurns,-211.3287,-28.9249,198.1705,-16.2065,-25.3601,22.4666,0.4762,0.0629,-0.8771,0.9980,429,58.043617,-0.1133,-0.2892
BiancaGolden_CircleTurns,-211.2421,-28.6954,198.0615,-16.2907,-25.7558,22.4048,0.4802,0.0614,-0.8750,0.9980,430,58.057007,-0.1124,-0.2870
BiancaGolden_CircleTurns,-211.1392,-28.4327,197.9289,-16.3713,-26.4029,22.2646,0.4701,0.0552,-0.8809,0.9980,430,58.070896,-0.1114,-0.2843
BiancaGolden_CircleTurns,-210.9935,-28.1474,197.7859,-16.3348,-27.1458,22.0721,0.4603,0.0484,-0.8864,0.9980,431,58.085751,-0.1099,-0.2815
BiancaGolden_CircleTurns,-210.8366,-27.8577,197.6163,-16.2548,-27.8666,21.8316,0.4393,0.0488,-0.8970,0.9980,431,58.099308,-0.1084,-0.2786
BiancaGolden_CircleTurns,-210.6668,-27.5330,197.4318,-16.1457,-28.6400,21.4731,0.4273,0.0401,-0.9032,0.9980,432,58.113544,-0.1067,-0.2753
BiancaGolden_CircleTurns,-210.5003,-27.1553,197.2010,-16.0308,-29.5634,20.9909,0.4224,0.0315,-0.9058,0.9980,432,58.127380,-0.1050,-0.2716
BiancaGolden_CircleTurns,-210.3494,-26.7620,196.9862,-16.0285,-30.4464,20.5580,0.4110,-0.0023,-0.9116,0.9980,432,58.141056,-0.1035,-0.2676
BiancaGolden_CircleTurns,-210.1817,-26.3098,196.7429,-15.9822,-31.5106,20.0138,0.4007,-0.0144,-0.9161,0.9980,0,58.155056,-0.1018,-0.2631
BiancaGolden_CircleTurns,-210.0108,-25.8421,196.5007,-15.8177,-32.6688,19.4940,0.3924,-0.0259,-0.9194,0.9980,0,58.168453,-0.1001,-0.2584
BiancaGolden_CircleTurns,-209.8396,-25.3782,196.2539,-15.5799,-33.7274,19.0048,0.3771,-0.0384,-0.9254,0.9980,1,58.184158,-0.0984,-0.2538
BiancaGolden_CircleTurns,-209.6620,-24.8621,196.0270,-15.2222,-34.8188,18.4529,0.3749,-0.0640,-0.9248,0.9980,1,58.197674,-0.0966,-0.2486
BiancaGolden_CircleTurns,-209.4591,-24.3199,195.8473,-14.9660,-35.6831,17.7912,0.3653,-0.0744,-0.9279,0.9980,2,58.213470,-0.0946,-0.2432
BiancaGolden_CircleTurns,-209.2030,-23.7755,195.7446,-14.6139,-36.4733,17.0661,0.3557,-0.0852,-0.9307,0.9980,2,58.226269,-0.0920,-0.2378
BiancaGolden_CircleTurns,-208.9057,-23.2146,195.6970,-14.2538,-37.1324,16.3369,0.3515,-0.0800,-0.9328,0.9980,2,58.240807,-0.0891,-0.2321
BiancaGolden_CircleTurns,-208.6433,-22.6592,195.5886,-13.7057,-37.7403,15.5911,0.3427,-0.0917,-0.9349,0.9980,3,58.254528,-0.0864,-0.2266
BiancaGolden_CircleTurns,-208.3966,-22.0977,195.4163,-13.1678,-38.3751,14.8680,0.3195,-0.0576,-0.9458,0.9980,3,58.267696,-0.0840,-0.2210
BiancaGolden_CircleTurns,-208.1511,-21.5484,195.2214,-12.5783,-38.9917,14.0213,0.3148,-0.1002,-0.9438,0.9980,4,58.282150,-0.0815,-0.2155
BiancaGolden_CircleTurns,-207.9298,-21.0377,195.0001,-11.9221,-39.6819,13.2524,0.3145,-0.1232,-0.9412,0.9980,4,58.295582,-0.0793,-0.2104
BiancaGolden_CircleTurns,-207.6812,-20.5404,194.7998,-11.2816,-40.3915,12.5024,0.3037,-0.1343,-0.9432,0.9980,4,58.310062,-0.0768,-0.2054
BiancaGolden_CircleTurns,-207.4866,-20.0645,194.5680,-10.7109,-41.0033,11.7225,0.2973,-0.1597,-0.9413,0.9980,5,58.323086,-0.0749,-0.2006
BiancaGolden_CircleTurns,-207.1933,-19.5864,194.4085,-10.2709,-41.7321,10.8769,0.2891,-0.1798,-0.9403,0.9980,5,58.336636,-0.0719,-0.1959
BiancaGolden_CircleTurns,-206.8727,-19.1498,194.2721,-10.0020,-42.4087,10.0422,0.2880,-0.1963,-0.9373,0.9980,6,58.351265,-0.0687,-0.1915
BiancaGolden_CircleTurns,-206.5531,-18.7025,194.1217,-9.7581,-42.9413,9.1389,0.2789,-0.2042,-0.9383,0.9980,6,58.364895,-0.0655,-0.1870
BiancaGolden_CircleTurns,-206.2249,-18.2880,193.9503,-9.5612,-43.3077,8.1420,0.2669,-0.2415,-0.9330,0.9980,6,58.378746,-0.0622,-0.1829
BiancaGolden_CircleTurns,-205.8927,-17.8703,193.7706,-9.2648,-43.6838,7.1184,0.2578,-0.2498,-0.9334,0.9980,7,58.392048,-0.0589,-0.1787
BiancaGolden_CircleTurns,-205.5614,-17.4856,193.5844,-8.9808,-44.0137,6.0123,0.2510,-0.2473,-0.9359,0.9980,7,58.405621,-0.0556,-0.1749
BiancaGolden_CircleTurns,-205.2279,-17.1245,193.4061,-8.6753,-44.3795,4.9293,0.2406,-0.2558,-0.9363,0.9980,8,58.421009,-0.0523,-0.1712
BiancaGolden_CircleTurns,-204.8893,-16.7627,193.2232,-8.2894,-44.8176,3.8276,0.2524,-0.2520,-0.9342,0.9980,8,58.433907,-0.0489,-0.1676
BiancaGolden_CircleTurns,-204.5443,-16.4541,193.0188,-7.9066,-45.2245,2.8040,0.2461,-0.2550,-0.9351,0.9980,9,58.448807,-0.0454,-0.1645
BiancaGolden_CircleTurns,-204.1772,-16.1452,192.8230,-7.4895,-45.6121,1.6868,0.2675,-0.2412,-0.9329,0.9980,9,58.461739,-0.0418,-0.1615
BiancaGolden_CircleTurns,-203.8085,-15.8693,192.6124,-7.0271,-46.0476,0.5233,0.2586,-0.2493,-0.9333,0.9980,9,58.476170,-0.0381,-0.1587
BiancaGolden_CircleTurns,-203.4450,-15.6135,192.3777,-6.5152,-46.4712,-0.6909,0.2560,-0.2379,-0.9369,0.9980,10,58.489475,-0.0344,-0.1561
BiancaGolden_CircleTurns,-203.1125,-15.3971,192.1081,-6.0327,-46.9086,-1.9025,0.2417,-0.2409,-0.9400,0.9980,10,58.506187,-0.0311,-0.1540
BiancaGolden_CircleTurns,-202.7918,-15.2134,191.8459,-5.5094,-47.4369,-3.1269,0.2288,-0.2509,-0.9406,0.9980,11,58.518635,-0.0279,-0.1521
BiancaGolden_CircleTurns,-202.4844,-15.0397,191.5903,-4.8883,-47.9579,-4.4965,0.2233,-0.2473,-0.9429,0.9980,11,58.531967,-0.0248,-0.1504
BiancaGolden_CircleTurns,-202.2140,-14.9162,191.3406,-4.2203,-48.5150,-5.9322,0.2206,-0.2544,-0.9416,0.9980,12,58.546455,-0.0221,-0.1492
BiancaGolden_CircleTurns,-201.9573,-14.8377,191.0758,-3.4985,-49.0456,-7.4172,0.2113,-0.2544,-0.9437,0.9980,12,58.559341,-0.0196,-0.1484
BiancaGolden_CircleTurns,-201.6995,-14.7710,190.8370,-2.7986,-49.5599,-8.8485,0.2050,-0.2515,-0.9459,0.9980,12,58.573097,-0.0170,-0.1477
BiancaGolden_CircleTurns,-201.4443,-14.6899,190.6053,-2.0731,-49.9876,-10.2318,0.2038,-0.2417,-0.9487,0.9980,13,58.587059,-0.0144,-0.1469
BiancaGolden_CircleTurns,-201.2208,-14.6169,190.4049,-1.5635,-50.3882,-11.4254,0.2131,-0.2441,-0.9460,0.9980,13,58.599968,-0.0122,-0.1462
BiancaGolden_CircleTurns,-201.0032,-14.5411,190.2104,-1.1656,-50.6379,-12.4883,0.2074,-0.2488,-0.9461,0.9980,14,58.615059,-0.0100,-0.1454
BiancaGolden_CircleTurns,-200.8046,-14.4788,190.0351,-0.9038,-50.7704,-13.3808,0.2239,-0.2264,-0.9479,0.9980,14,58.628918,-0.0080,-0.1448
BiancaGolden_CircleTurns,-200.6021,-14.4159,189.8650,-0.6174,-50.8651,-14.3078,0.2383,-0.2111,-0.9480,0.9980,14,58.643295,-0.0060,-0.1442
BiancaGolden_CircleTurns,-200.4383,-14.3537,189.7520,-0.4476,-50.7444,-15.0079,0.3239,-0.1742,-0.9299,0.9980,15,58.657112,-0.0044,-0.1435
BiancaGolden_CircleTurns,-200.2701,-14.2925,189.6502,-0.3563,-50.6672,-15.5075,0.4136,-0.1266,-0.9016,0.9980,15,58.669487,-0.0027,-0.1429
BiancaGolden_CircleTurns,-200.1136,-14.2317,189.5515,-0.4096,-50.6247,-15.8012,0.4141,-0.1257,-0.9015,0.9980,16,58.684174,-0.0011,-0.1423
BiancaGolden_CircleTurns,-200.0176,-14.1597,189.4491,-0.6860,-50.6073,-15.8150,0.4962,-0.0503,-0.8667,0.9980,16,58.697876,-0.0002,-0.1416
BiancaGolden_CircleTurns,-199.9339,-14.0831,189.3473,-0.8433,-50.6482,-15.9030,0.5716,0.0169,-0.8204,0.9980,16,58.712261,0.0007,-0.1408
BiancaGolden_CircleTurns,-199.8706,-14.0386,189.2702,-1.2746,-50.7654,-15.6900,0.5708,0.0180,-0.8209,0.9980,17,58.726097,0.0013,-0.1404
BiancaGolden_CircleTurns,-199.7875,-13.9995,189.2143,-1.6572,-50.8989,-15.6694,0.6857,0.0857,-0.7228,0.9980,17,58.738941,0.0021,-0.1400
BiancaGolden_CircleTurns,-199.7164,-13.9745,189.1685,-2.1225,-51.0153,-15.5624,0.7015,0.0821,-0.7079,0.9980,18,58.754547,0.0028,-0.1397
BiancaGolden_CircleTurns,-199.6549,-13.9783,189.1161,-2.4092,-51.0151,-15.4407,0.7018,0.0825,-0.7076,0.9980,18,58.768436,0.0035,-0.1398
BiancaGolden_CircleTurns,-199.5952,-13.9829,189.0678,-2.5798,-51.0334,-15.3790,0.6997,0.0851,-0.7093,0.9980,19,58.782856,0.0040,-0.1398
BiancaGolden_CircleTurns,-199.5376,-13.9904,189.0341,-2.8336,-51.0282,-15.2064,0.7000,0.0872,-0.7088,0.9980,19,58.796158,0.0046,-0.1399
BiancaGolden_CircleTurns,-199.4972,-13.9956,188.9893,-3.0433,-51.0677,-15.1450,0.6996,0.0885,-0.7090,0.9980,19,58.810402,0.0050,-0.1400
BiancaGolden_CircleTurns,-199.4854,-14.0113,188.9393,-3.3513,-51.1660,-14.9973,0.7002,0.0899,-0.7082,0.9980,20,58.822903,0.0051,-0.1401
BiancaGolden_CircleTurns,-199.4774,-14.0279,188.8913,-3.6273,-51.2979,-14.8868,0.7001,0.0959,-0.7076,0.9980,20,58.836456,0.0052,-0.1403
BiancaGolden_CircleTurns,-199.4795,-14.0303,188.8656,-3.8960,-51.4525,-14.7241,0.6985,0.0988,-0.7087,0.9980,21,58.851707,0.0052,-0.1403
BiancaGolden_CircleTurns,-199.4411,-14.0368,188.8685,-4.1103,-51.6095,-14.4847,0.6992,0.1063,-0.7070,0.9980,21,58.866039,0.0056,-0.1404
BiancaGolden_CircleTurns,-199.3870,-14.0538,188.8752,-4.3836,-51.6203,-14.1367,0.7036,0.1131,-0.7015,0.9980,22,58.879898,0.0061,-0.1405
BiancaGolden_CircleTurns,-199.3464,-14.0630,188.8754,-4.7433,-51.4426,-13.7289,0.7090,0.1204,-0.6948,0.9980,22,58.892555,0.0065,-0.1406
BiancaGolden_CircleTurns,-199.3140,-14.0825,188.8639,-5.1843,-51.1638,-13.3988,0.7136,0.1241,-0.6895,0.9980,22,58.907116,0.0069,-0.1408
BiancaGolden_CircleTurns,-199.2578,-14.0988,188.8849,-5.5985,-50.9053,-13.1589,0.7168,0.1271,-0.6856,0.9980,23,58.920330,0.0074,-0.1410
BiancaGolden_CircleTurns,-199.1928,-14.1299,188.9307,-5.8547,-50.6615,-12.8691,0.7200,0.1320,-0.6813,0.9980,23,58.933743,0.0081,-0.1413
BiancaGolden_CircleTurns,-199.1179,-14.1569,188.9767,-6.0143,-50.3380,-12.3848,0.7247,0.1369,-0.6754,0.9980,24,58.948875,0.0088,-0.1416
BiancaGolden_CircleTurns,-199.0163,-14.1724,189.0161,-6.2787,-49.9068,-11.8660,0.7331,0.1360,-0.6664,0.9980,24,58.962437,0.0098,-0.1417
BiancaGolden_CircleTurns,-198.8990,-14.1917,189.0579,-6.7178,-49.2682,-11.3187,0.7394,0.1402,-0.6585,0.9980,24,58.977692,0.0110,-0.1419
BiancaGolden_CircleTurns,-198.7643,-14.2056,189.1154,-7.1625,-48.6607,-10.8350,0.7461,0.1396,-0.6510,0.9980,25,58.991055,0.0124,-0.1421
BiancaGolden_CircleTurns,-198.6240,-14.2464,189.1645,-7.5734,-48.0138,-10.2680,0.7524,0.1450,-0.6425,0.9980,25,59.008106,0.0138,-0.1425
BiancaGolden_CircleTurns,-198.4999,-14.2544,189.2044,-7.9173,-47.4210,-9.7117,0.7517,0.1499,-0.6422,0.9980,26,59.019081,0.0150,-0.1425
BiancaGolden_CircleTurns,-198.4030,-14.2608,189.2377,-8.2308,-46.9062,-9.1377,0.7499,0.1595,-0.6420,0.9980,26,59.031937,0.0160,-0.1426
BiancaGolden_CircleTurns,-198.2902,-14.2526,189.2938,-8.5426,-46.3350,-8.4653,0.7532,0.1591,-0.6382,0.9980,27,59.046230,0.0171,-0.1425
BiancaGolden_CircleTurns,-198.1230,-14.2531,189.3963,-8.8277,-45.6266,-7.7274,0.7464,0.1629,-0.6452,0.9980,27,59.059994,0.0188,-0.1425
BiancaGolden_CircleTurns,-197.9300,-14.2285,189.5016,-9.2164,-44.7672,-6.9453,0.7525,0.1649,-0.6376,0.9980,27,59.073780,0.0207,-0.1423
BiancaGolden_CircleTurns,-197.7771,-14.1863,189.5931,-9.7371,-43.9339,-6.0831,0.7588,0.1763,-0.6270,0.9980,28,59.088177,0.0222,-0.1419
BiancaGolden_CircleTurns,-197.6972,-14.1309,189.6637,-10.2674,-43.2362,-5.1165,0.7581,0.1779,-0.6274,0.9980,28,59.100529,0.0230,-0.1413
BiancaGolden_CircleTurns,-197.6217,-14.0562,189.7406,-10.7848,-42.5945,-4.1487,0.7554,0.1826,-0.6294,0.9980,29,59.115429,0.0238,-0.1406
BiancaGolden_CircleTurns,-197.5315,-13.9951,189.8667,-11.2792,-41.8846,-3.0793,0.7474,0.1897,-0.6367,0.9980,29,59.129131,0.0247,-0.1400
BiancaGolden_CircleTurns,-197.3788,-13.9186,190.0471,-11.8316,-40.9314,-2.1336,0.7533,0.1930,-0.6287,0.9980,29,59.144176,0.0262,-0.1392
BiancaGolden_CircleTurns,-197.2315,-13.8425,190.2422,-12.4645,-39.8364,-1.2517,0.7603,0.1935,-0.6201,0.9980,30,59.157471,0.0277,-0.1384
BiancaGolden_CircleTurns,-197.1242,-13.7692,190.4359,-13.0724,-38.7467,-0.3738,0.7553,0.1935,-0.6261,0.9980,30,59.170494,0.0288,-0.1377
BiancaGolden_CircleTurns,-197.0742,-13.6888,190.6076,-13.5640,-37.7086,0.4516,0.7524,0.1846,-0.6323,0.9980,31,59.185860,0.0293,-0.1369
BiancaGolden_CircleTurns,-197.0342,-13.6114,190.7844,-13.9476,-36.8169,1.2118,0.7494,0.1854,-0.6356,0.9980,31,59.199226,0.0297,-0.1361
BiancaGolden_CircleTurns,-197.0192,-13.5284,190.9519,-14.2342,-36.0273,1.8395,0.7443,0.1862,-0.6414,0.9980,32,59.213634,0.0298,-0.1353
BiancaGolden_CircleTurns,-197.0123,-13.4352,191.1215,-14.4603,-35.3605,2.3980,0.7501,0.1937,-0.6323,0.9980,32,59.227436,0.0299,-0.1344
BiancaGolden_CircleTurns,-197.0000,-13.3573,191.3016,-14.6020,-34.6948,2.9296,0.7466,0.1894,-0.6377,0.9980,32,59.241394,0.0300,-0.1336
BiancaGolden_CircleTurns,-196.9806,-13.2821,191.4862,-14.6615,-34.0260,3.4395,0.7442,0.1806,-0.6431,0.9980,33,59.254414,0.0302,-0.1328
BiancaGolden_CircleTurns,-196.9514,-13.1769,191.6667,-14.6941,-33.3089,3.8526,0.7506,0.1875,-0.6336,0.9980,33,59.268291,0.0305,-0.1318
BiancaGolden_CircleTurns,-196.9552,-13.0906,191.8723,-14.7755,-32.6075,4.3198,0.7364,0.1683,-0.6553,0.9980,34,59.283070,0.0304,-0.1309
BiancaGolden_CircleTurns,-196.9647,-12.9747,192.0597,-14.8305,-31.8252,4.6686,0.7372,0.1739,-0.6529,0.9980,34,59.296165,0.0304,-0.1297
BiancaGolden_CircleTurns,-197.0065,-12.8711,192.2399,-14.8607,-31.0941,4.9548,0.7442,0.1782,-0.6437,0.9980,34,59.310768,0.0299,-0.1287
BiancaGolden_CircleTurns,-197.0365,-12.7660,192.4327,-14.8693,-30.4018,5.2116,0.7835,0.1486,-0.6034,0.9980,35,59.324722,0.0296,-0.1277
BiancaGolden_CircleTurns,-197.0617,-12.6593,192.6402,-14.7377,-29.6219,5.3987,0.7915,0.1517,-0.5921,0.9980,35,59.337471,0.0294,-0.1266
BiancaGolden_CircleTurns,-197.0897,-12.5290,192.8826,-14.5233,-28.7925,5.6035,0.7995,0.1565,-0.5799,0.9980,36,59.353252,0.0291,-0.1253
BiancaGolden_CircleTurns,-197.1251,-12.3892,193.1170,-14.3378,-27.9109,5.9149,0.8559,0.1377,-0.4985,0.9980,36,59.366020,0.0287,-0.1239
BiancaGolden_CircleTurns,-197.1981,-12.2261,193.3426,-14.1542,-27.0046,6.2838,0.8630,0.1432,-0.4845,0.9980,37,59.380489,0.0280,-0.1223
BiancaGolden_CircleTurns,-197.2605,-12.0356,193.5557,-14.0317,-26.0778,6.5942,0.9034,0.1327,-0.4078,0.9980,37,59.394009,0.0274,-0.1204
BiancaGolden_CircleTurns,-197.3552,-11.8794,193.7756,-13.8998,-25.1761,6.9423,0.9092,0.1384,-0.3927,0.9980,37,59.408848,0.0264,-0.1188
BiancaGolden_CircleTurns,-197.4430,-11.7227,194.0168,-13.6881,-24.2522,7.2744,0.9141,0.1441,-0.3791,0.9980,38,59.422417,0.0256,-0.1172
BiancaGolden_CircleTurns,-197.5406,-11.5715,194.2629,-13.4228,-23.3784,7.5512,0.9427,0.1299,-0.3075,0.9980,38,59.435944,0.0246,-0.1157
BiancaGolden_CircleTurns,-197.6526,-11.4183,194.4933,-13.0993,-22.5490,7.8885,0.9401,0.1305,-0.3150,0.9980,39,59.449955,0.0235,-0.1142
BiancaGolden_CircleTurns,-197.7842,-11.2318,194.6999,-12.7203,-21.8379,8.3080,0.9390,0.1336,-0.3169,0.9980,39,59.463974,0.0222,-0.1123
BiancaGolden_CircleTurns,-197.9226,-11.0480,194.9131,-12.4784,-21.1493,8.7988,0.9415,0.1426,-0.3055,0.9980,39,59.478058,0.0208,-0.1105
BiancaGolden_CircleTurns,-198.0540,-10.8834,195.1479,-12.3202,-20.4608,9.3006,0.9393,0.1468,-0.3100,0.9980,40,59.491554,0.0195,-0.1088
BiancaGolden_CircleTurns,-198.1853,-10.7201,195.3678,-12.1234,-19.7049,9.7685,0.9422,0.1545,-0.2973,0.9980,40,59.508457,0.0181,-0.1072
BiancaGolden_CircleTurns,-198.3215,-10.5767,195.5927,-11.8917,-18.9451,10.1898,0.9344,0.1560,-0.3204,0.9980,41,59.520405,0.0168,-0.1058
BiancaGolden_CircleTurns,-198.4524,-10.4260,195.8030,-11.6132,-18.2331,10.6062,0.9321,0.1556,-0.3270,0.9980,41,59.533562,0.0155,-0.1043
BiancaGolden_CircleTurns,-198.6063,-10.2791,196.0010,-11.4608,-17.5286,10.9807,0.9343,0.1403,-0.3276,0.9980,42,59.548176,0.0139,-0.1028
BiancaGolden_CircleTurns,-198.7621,-10.1395,196.1962,-11.4485,-16.8763,11.2769,0.9297,0.1446,-0.3388,0.9980,42,59.561321,0.0124,-0.1014
BiancaGolden_CircleTurns,-198.9006,-9.9922,196.4118,-11.3667,-16.2013,11.6082,0.9277,0.1457,-0.3437,0.9980,42,59.575672,0.0110,-0.0999
BiancaGolden_CircleTurns,-199.0343,-9.8565,196.6383,-11.2827,-15.5294,11.9591,0.9308,0.1521,-0.3325,0.9980,43,59.589138,0.0097,-0.0986
BiancaGolden_CircleTurns,-199.1525,-9.7269,196.8566,-11.1044,-14.8571,12.3135,0.9318,0.1419,-0.3340,0.9980,43,59.602509,0.0085,-0.0973
BiancaGolden_CircleTurns,-199.2883,-9.6279,197.0370,-10.9218,-14.1569,12.6640,0.9312,0.1467,-0.3338,0.9980,44,59.617573,0.0071,-0.0963
BiancaGolden_CircleTurns,-199.4045,-9.5212,197.2344,-10.6574,-13.5210,12.9776,0.9250,0.1487,-0.3496,0.9980,44,59.631496,0.0060,-0.0952
BiancaGolden_CircleTurns,-199.5359,-9.4113,197.4438,-10.3316,-12.9472,13.2698,0.9281,0.1540,-0.3391,0.9980,44,59.645477,0.0046,-0.0941
BiancaGolden_CircleTurns,-199.6699,-9.3119,197.6293,-10.0031,-12.3264,13.5907,0.9319,0.1387,-0.3351,0.9980,45,59.659107,0.0033,-0.0931
BiancaGolden_CircleTurns,-199.7790,-9.2123,197.8295,-9.6849,-11.5749,13.8272,0.9366,0.1413,-0.3208,0.9980,45,59.672546,0.0022,-0.0921
BiancaGolden_CircleTurns,-199.8741,-9.1353,198.0500,-9.3790,-10.7290,13.9563,0.9572,0.1388,-0.2538,0.9980,46,59.688492,0.0013,-0.0914
BiancaGolden_CircleTurns,-200.0022,-9.0613,198.2765,-9.1025,-9.7832,14.0690,0.9719,0.1375,-0.1909,0.9980,46,59.701427,-0.0000,-0.0906
BiancaGolden_CircleTurns,-200.1359,-8.9892,198.4932,-8.7575,-8.8294,14.1301,0.9746,0.1398,-0.1747,0.9980,47,59.715405,-0.0014,-0.0899
BiancaGolden_CircleTurns,-200.2418,-8.9134,198.7053,-8.4943,-7.8762,14.1916,0.9775,0.1335,-0.1634,0.9980,47,59.729202,-0.0024,-0.0891
BiancaGolden_CircleTurns,-200.3743,-8.8524,198.8941,-8.3119,-7.0588,14.2484,0.9792,0.1341,-0.1520,0.9980,47,59.743385,-0.0037,-0.0885
BiancaGolden_CircleTurns,-200.5276,-8.7916,199.0159,-8.1547,-6.4325,14.2342,0.9788,0.1316,-0.1570,0.9980,48,59.757339,-0.0053,-0.0879
BiancaGolden_CircleTurns,-200.7082,-8.7332,199.1131,-7.8930,-5.8162,14.2089,0.9746,0.1285,-0.1834,0.9980,48,59.770660,-0.0071,-0.0873
BiancaGolden_CircleTurns,-200.8424,-8.6826,199.2878,-7.5399,-5.1287,14.1934,0.9773,0.1285,-0.1686,0.9980,49,59.786125,-0.0084,-0.0868
BiancaGolden_CircleTurns,-200.9301,-8.6375,199.5059,-7.2205,-4.2977,14.1874,0.9752,0.1144,-0.1892,0.9980,49,59.799004,-0.0093,-0.0864
BiancaGolden_CircleTurns,-201.0472,-8.5785,199.6589,-7.0401,-3.5648,14.2039,0.9723,0.1111,-0.2058,0.9980,50,59.813324,-0.0105,-0.0858
BiancaGolden_CircleTurns,-201.1975,-8.5206,199.7293,-6.8463,-2.9876,14.2368,0.9734,0.1118,-0.1998,0.9980,50,59.826355,-0.0120,-0.0852
BiancaGolden_CircleTurns,-201.3562,-8.4639,199.7686,-6.6691,-2.6584,14.2892,0.9743,0.1128,-0.1947,0.9980,50,59.840900,-0.0136,-0.0846
BiancaGolden_CircleTurns,-201.4823,-8.4119,199.8329,-6.5240,-2.3775,14.3544,0.9681,0.1016,-0.2290,0.9980,51,59.854740,-0.0148,-0.0841
BiancaGolden_CircleTurns,-201.5821,-8.3839,199.8884,-6.3884,-2.2257,14.4093,0.9688,0.1025,-0.2256,0.9980,51,59.868404,-0.0158,-0.0838
BiancaGolden_CircleTurns,-201.6680,-8.3466,199.9453,-6.2196,-2.0506,14.4884,0.9670,0.1024,-0.2331,0.9980,52,59.882393,-0.0167,-0.0835
BiancaGolden_CircleTurns,-201.7509,-8.3132,199.9596,-6.0543,-2.0091,14.5419,0.9612,0.1026,-0.2562,0.9980,52,59.896038,-0.0175,-0.0831
BiancaGolden_CircleTurns,-201.8410,-8.2725,199.9240,-5.8758,-2.2825,14.6225,0.9598,0.1032,-0.2610,0.9980,52,59.910530,-0.0184,-0.0827
BiancaGolden_CircleTurns,-201.9272,-8.2356,199.9020,-5.7348,-2.5177,14.7067,0.9538,0.1008,-0.2832,0.9980,53,59.924007,-0.0193,-0.0824
BiancaGolden_CircleTurns,-202.0075,-8.1939,199.8794,-5.5937,-2.8205,14.8044,0.9517,0.1031,-0.2891,0.9980,53,59.937443,-0.0201,-0.0819
BiancaGolden_CircleTurns,-202.0502,-8.1685,199.8788,-5.4779,-3.1008,14.8975,0.9509,0.1030,-0.2920,0.9980,54,59.952122,-0.0205,-0.0817
BiancaGolden_CircleTurns,-202.0820,-8.1521,199.8588,-5.3028,-3.2558,14.9487,0.9467,0.1032,-0.3053,0.9980,54,59.966030,-0.0208,-0.0815
BiancaGolden_CircleTurns,-202.0938,-8.1523,199.8236,-5.1098,-3.4164,14.9860,0.9459,0.0987,-0.3091,0.9980,55,59.980091,-0.0209,-0.0815
BiancaGolden_CircleTurns,-202.1367,-8.1451,199.8150,-4.9949,-3.5806,14.9863,0.9454,0.0961,-0.3114,0.9980,55,59.993771,-0.0214,-0.0815
BiancaGolden_CircleTurns,-202.1678,-8.1475,199.8000,-4.9321,-3.7227,14.9746,0.9445,0.0955,-0.3144,0.9980,56,60.012604,-0.0217,-0.0815
BiancaGolden_CircleTurns,-202.2173,-8.1656,199.7697,-4.9016,-3.9105,14.9579,0.9439,0.0949,-0.3164,0.9980,56,60.022949,-0.0222,-0.0817
BiancaGolden_CircleTurns,-202.2564,-8.1765,199.7604,-4.8270,-4.0461,14.9544,0.9440,0.0913,-0.3172,0.9980,56,60.037746,-0.0226,-0.0818
BiancaGolden_CircleTurns,-202.2985,-8.1929,199.7698,-4.7689,-4.1359,14.9601,0.9444,0.0932,-0.3152,0.9980,57,60.051003,-0.0230,-0.0819
BiancaGolden_CircleTurns,-202.3410,-8.2045,199.7786,-4.7383,-4.2048,14.9871,0.9475,0.0901,-0.3067,0.9980,57,60.063610,-0.0234,-0.0820
BiancaGolden_CircleTurns,-202.3838,-8.2371,199.7973,-4.7583,-4.1887,14.9939,0.9476,0.0900,-0.3065,0.9980,57,60.078327,-0.0238,-0.0824
BiancaGolden_CircleTurns,-202.4347,-8.2654,199.8028,-4.7706,-4.1565,14.9759,0.9476,0.0933,-0.3055,0.9980,58,60.091686,-0.0243,-0.0827
BiancaGolden_CircleTurns,-202.4787,-8.3070,199.8065,-4.8218,-4.1073,14.9602,0.9482,0.0894,-0.3047,0.9980,58,60.104965,-0.0248,-0.0831
BiancaGolden_CircleTurns,-202.5256,-8.3406,199.7959,-4.8985,-4.0368,14.8951,0.9514,0.0925,-0.2938,0.9980,59,60.120167,-0.0253,-0.0834
BiancaGolden_CircleTurns,-202.5880,-8.3692,199.7923,-4.8836,-4.0241,14.8946,0.9521,0.0934,-0.2912,0.9980,59,60.133255,-0.0259,-0.0837
BiancaGolden_CircleTurns,-202.6499,-8.3903,199.8330,-4.9040,-3.9233,14.9177,0.9529,0.0951,-0.2881,0.9980,60,60.147652,-0.0265,-0.0839
BiancaGolden_CircleTurns,-202.7016,-8.4056,199.8947,-5.0167,-3.7164,14.9792,0.9536,0.0959,-0.2855,0.9980,60,60.161144,-0.0270,-0.0841
BiancaGolden_CircleTurns,-202.7602,-8.4265,199.9397,-5.1368,-3.5388,14.9845,0.9538,0.0953,-0.2850,0.9980,60,60.174835,-0.0276,-0.0843
BiancaGolden_CircleTurns,-202.8232,-8.4526,199.9440,-5.1995,-3.3743,14.9888,0.9527,0.0952,-0.2887,0.9980,61,60.188614,-0.0282,-0.0845
BiancaGolden_CircleTurns,-202.8868,-8.4817,199.9520,-5.2356,-3.2697,14.9874,0.9549,0.0910,-0.2827,0.9980,61,60.201584,-0.0289,-0.0848
BiancaGolden_CircleTurns,-202.9572,-8.4963,199.9654,-5.2833,-3.1906,14.9682,0.9556,0.0888,-0.2811,0.9980,62,60.216270,-0.0296,-0.0850
BiancaGolden_CircleTurns,-203.0177,-8.5198,200.0045,-5.3318,-3.1090,14.9745,0.9561,0.0891,-0.2791,0.9980,62,60.230335,-0.0302,-0.0852
BiancaGolden_CircleTurns,-203.0748,-8.5370,200.0444,-5.3331,-2.9863,14.9817,0.9569,0.0881,-0.2766,0.9980,62,60.244713,-0.0307,-0.0854
BiancaGolden_CircleTurns,-203.1248,-8.5602,200.1021,-5.2957,-2.8391,14.9967,0.9568,0.0880,-0.2771,0.9980,63,60.258434,-0.0312,-0.0856
BiancaGolden_CircleTurns,-203.1816,-8.5813,200.1208,-5.2445,-2.6541,15.0273,0.9554,0.0885,-0.2817,0.9980,63,60.271107,-0.0318,-0.0858
BiancaGolden_CircleTurns,-203.2364,-8.5944,200.1349,-5.2161,-2.4980,15.0388,0.9561,0.0887,-0.2793,0.9980,64,60.285671,-0.0324,-0.0859
BiancaGolden_CircleTurns,-203.2822,-8.6137,200.1509,-5.2002,-2.3546,15.0523,0.9552,0.0920,-0.2814,0.9980,64,60.299934,-0.0328,-0.0861
BiancaGolden_CircleTurns,-203.3269,-8.6258,200.2091,-5.2175,-2.2003,15.0409,0.9557,0.0916,-0.2798,0.9980,65,60.313717,-0.0333,-0.0863
BiancaGolden_CircleTurns,-203.3656,-8.6419,200.2563,-5.2075,-2.0720,15.0143,0.9565,0.0912,-0.2769,0.9980,65,60.326778,-0.0337,-0.0864
BiancaGolden_CircleTurns,-203.4149,-8.6559,200.2691,-5.1783,-1.9067,14.9864,0.9548,0.0912,-0.2828,0.9980,65,60.341110,-0.0341,-0.0866
BiancaGolden_CircleTurns,-203.4506,-8.6720,200.2950,-5.1425,-1.7722,14.9483,0.9552,0.0912,-0.2814,0.9980,66,60.355545,-0.0345,-0.0867
BiancaGolden_CircleTurns,-203.4849,-8.6844,200.3316,-5.1035,-1.6077,14.9221,0.9547,0.0909,-0.2833,0.9980,66,60.367676,-0.0348,-0.0868
BiancaGolden_CircleTurns,-203.5118,-8.7025,200.3560,-5.0348,-1.5042,14.9217,0.9551,0.0910,-0.2821,0.9980,67,60.382824,-0.0351,-0.0870
BiancaGolden_CircleTurns,-203.5302,-8.7218,200.3607,-4.9204,-1.4554,14.9502,0.9510,0.0899,-0.2957,0.9980,67,60.396030,-0.0353,-0.0872
BiancaGolden_CircleTurns,-203.5484,-8.7290,200.3499,-4.8720,-1.4910,14.9678,0.9505,0.0900,-0.2974,0.9980,67,60.411015,-0.0355,-0.0873
BiancaGolden_CircleTurns,-203.5619,-8.7498,200.3270,-4.8630,-1.5668,14.9888,0.9495,0.0880,-0.3013,0.9980,68,60.424744,-0.0356,-0.0875
BiancaGolden_CircleTurns,-203.5583,-8.7682,200.2777,-4.8935,-1.8151,14.9898,0.9471,0.0942,-0.3069,0.9980,68,60.437729,-0.0356,-0.0877
BiancaGolden_CircleTurns,-203.5974,-8.7806,200.3245,-4.9268,-2.0995,14.9483,0.9452,0.0933,-0.3129,0.9980,69,60.452572,-0.0360,-0.0878
BiancaGolden_CircleTurns,-203.5896,-8.8021,200.2885,-4.9756,-2.4624,14.9098,0.9427,0.0921,-0.3207,0.9980,69,60.467152,-0.0359,-0.0880
BiancaGolden_CircleTurns,-203.5170,-8.8452,200.1663,-5.0127,-2.8985,14.8167,0.9403,0.0901,-0.3281,0.9980,70,60.479965,-0.0352,-0.0885
BiancaGolden_CircleTurns,-203.4910,-8.8798,200.1012,-4.9836,-3.3539,14.7382,0.9380,0.0874,-0.3354,0.9980,70,60.494267,-0.0349,-0.0888
BiancaGolden_CircleTurns,-203.4590,-8.9042,200.0289,-4.9517,-3.8072,14.6234,0.9348,0.0858,-0.3445,0.9980,70,60.511475,-0.0346,-0.0890
BiancaGolden_CircleTurns,-203.4161,-8.9308,199.9407,-4.9590,-4.3664,14.4898,0.9321,0.0829,-0.3526,0.9980,71,60.521648,-0.0342,-0.0893
BiancaGolden_CircleTurns,-203.3644,-8.9612,199.8448,-4.9501,-4.9191,14.3665,0.9301,0.0806,-0.3583,0.9980,71,60.534782,-0.0336,-0.0896
BiancaGolden_CircleTurns,-203.3124,-8.9884,199.7473,-4.9395,-5.5377,14.2386,0.9285,0.0805,-0.3625,0.9980,72,60.549507,-0.0331,-0.0899
BiancaGolden_CircleTurns,-203.2523,-9.0149,199.6199,-4.9680,-6.3359,14.1064,0.9230,0.0843,-0.3755,0.9980,72,60.563686,-0.0325,-0.0901
BiancaGolden_CircleTurns,-203.1962,-9.0336,199.4916,-5.0242,-7.2387,13.9232,0.9166,0.0811,-0.3915,0.9980,72,60.577408,-0.0320,-0.0903
BiancaGolden_CircleTurns,-203.1502,-9.0607,199.3457,-5.1348,-8.2228,13.7903,0.9089,0.0763,-0.4099,0.9980,73,60.591026,-0.0315,-0.0906
BiancaGolden_CircleTurns,-203.1054,-9.0878,199.1566,-5.1744,-9.3825,13.5998,0.9118,0.0749,-0.4038,0.9980,73,60.603676,-0.0311,-0.0909
BiancaGolden_CircleTurns,-203.0534,-9.1111,198.9642,-5.1992,-10.6052,13.4208,0.9041,0.0686,-0.4219,0.9980,74,60.618893,-0.0305,-0.0911
BiancaGolden_CircleTurns,-203.0037,-9.1317,198.7490,-5.2382,-11.9202,13.2247,0.9026,0.0644,-0.4257,0.9980,74,60.633018,-0.0300,-0.0913
BiancaGolden_CircleTurns,-202.9860,-9.1693,198.5186,-5.2283,-13.3804,13.1074,0.8923,0.0605,-0.4473,0.9980,75,60.646820,-0.0299,-0.0917
BiancaGolden_CircleTurns,-202.9703,-9.1852,198.2998,-5.1571,-14.7870,13.0275,0.8859,0.0654,-0.4593,0.9980,75,60.660374,-0.0297,-0.0919
BiancaGolden_CircleTurns,-202.9479,-9.1986,198.0921,-5.0674,-16.1153,12.9979,0.8846,0.0703,-0.4611,0.9980,75,60.674725,-0.0295,-0.0920
BiancaGolden_CircleTurns,-202.9274,-9.1930,197.9112,-5.1291,-17.4183,13.0226,0.8902,0.0721,-0.4498,0.9980,76,60.688183,-0.0293,-0.0919
BiancaGolden_CircleTurns,-202.9105,-9.1940,197.7198,-5.2104,-18.6407,13.0421,0.8873,0.0752,-0.4550,0.9980,76,60.701832,-0.0291,-0.0919
BiancaGolden_CircleTurns,-202.8898,-9.1858,197.5340,-5.3892,-19.7938,13.0532,0.8896,0.0805,-0.4495,0.9980,77,60.716576,-0.0289,-0.0919
BiancaGolden_CircleTurns,-202.8592,-9.1766,197.3935,-5.5457,-20.7497,13.0581,0.9023,0.0860,-0.4225,0.9980,77,60.731079,-0.0286,-0.0918
BiancaGolden_CircleTurns,-202.8134,-9.1674,197.3092,-5.6038,-21.3498,12.9755,0.9000,0.0828,-0.4281,0.9980,77,60.744335,-0.0281,-0.0917
BiancaGolden_CircleTurns,-202.7343,-9.1601,197.3004,-5.6115,-21.6242,12.7937,0.9097,0.0804,-0.4074,0.9980,78,60.757835,-0.0273,-0.0916
BiancaGolden_CircleTurns,-202.6609,-9.1612,197.3285,-5.3885,-21.4469,12.6212,0.9251,0.0740,-0.3725,0.9980,78,60.771271,-0.0266,-0.0916
BiancaGolden_CircleTurns,-202.6274,-9.1634,197.3459,-5.1951,-21.2101,12.4902,0.9310,0.0726,-0.3578,0.9980,79,60.786591,-0.0263,-0.0916
BiancaGolden_CircleTurns,-202.6325,-9.1738,197.3297,-5.0304,-21.0896,12.3996,0.9383,0.0720,-0.3383,0.9980,79,60.799793,-0.0263,-0.0917
BiancaGolden_CircleTurns,-202.6445,-9.1656,197.3214,-4.8915,-20.9722,12.2710,0.9447,0.0738,-0.3196,0.9980,80,60.814217,-0.0264,-0.0917
BiancaGolden_CircleTurns,-202.6487,-9.1679,197.3345,-4.7045,-20.7946,12.1269,0.9461,0.0719,-0.3158,0.9980,80,60.827778,-0.0265,-0.0917
BiancaGolden_CircleTurns,-202.6498,-9.1706,197.3859,-4.5768,-20.5804,11.9893,0.9493,0.0674,-0.3071,0.9980,80,60.842094,-0.0265,-0.0917
BiancaGolden_CircleTurns,-202.6102,-9.1719,197.3343,-4.4480,-20.1728,11.8444,0.9522,0.0711,-0.2972,0.9980,81,60.855587,-0.0261,-0.0917
BiancaGolden_CircleTurns,-202.6079,-9.1763,197.4031,-4.3562,-19.8607,11.7482,0.9539,0.0702,-0.2919,0.9980,81,60.868839,-0.0261,-0.0918
BiancaGolden_CircleTurns,-202.6116,-9.1788,197.4892,-4.3058,-19.5067,11.6799,0.9536,0.0736,-0.2919,0.9980,82,60.883881,-0.0261,-0.0918
BiancaGolden_CircleTurns,-202.6552,-9.1792,197.5608,-4.3309,-19.2536,11.6481,0.9525,0.0767,-0.2946,0.9980,82,60.897667,-0.0266,-0.0918
BiancaGolden_CircleTurns,-202.6610,-9.1809,197.5660,-4.3818,-19.0788,11.6519,0.9532,0.0768,-0.2924,0.9980,82,60.911823,-0.0266,-0.0918
BiancaGolden_CircleTurns,-202.6444,-9.1850,197.5992,-4.4081,-18.9467,11.6484,0.9531,0.0827,-0.2911,0.9980,83,60.925522,-0.0264,-0.0919
BiancaGolden_CircleTurns,-202.6517,-9.1898,197.6128,-4.4913,-18.8675,11.6855,0.9542,0.0834,-0.2873,0.9980,83,60.938564,-0.0265,-0.0919
BiancaGolden_CircleTurns,-202.6525,-9.1891,197.6263,-4.5724,-18.8219,11.7303,0.9543,0.0842,-0.2869,0.9980,84,60.953598,-0.0265,-0.0919
BiancaGolden_CircleTurns,-202.6508,-9.1872,197.6382,-4.6393,-18.7934,11.7774,0.9504,0.0928,-0.2970,0.9980,84,60.967152,-0.0265,-0.0919
BiancaGolden_CircleTurns,-202.6549,-9.1893,197.6450,-4.6769,-18.7902,11.8356,0.9479,0.0938,-0.3043,0.9980,85,60.981560,-0.0265,-0.0919
BiancaGolden_CircleTurns,-202.6586,-9.1901,197.6398,-4.7309,-18.7971,11.8888,0.9478,0.0947,-0.3044,0.9980,85,60.995052,-0.0266,-0.0919
BiancaGolden_CircleTurns,-202.6565,-9.1884,197.6363,-4.7866,-18.7984,11.9476,0.9490,0.0877,-0.3028,0.9980,86,61.012589,-0.0266,-0.0919
BiancaGolden_CircleTurns,-202.6450,-9.1814,197.6354,-4.8299,-18.7818,12.0094,0.9485,0.0884,-0.3042,0.9980,86,61.023117,-0.0265,-0.0918
BiancaGolden_CircleTurns,-202.6338,-9.1769,197.6390,-4.8352,-18.7600,12.0458,0.9484,0.0888,-0.3044,0.9980,86,61.037334,-0.0263,-0.0918
BiancaGolden_CircleTurns,-202.6175,-9.1732,197.6346,-4.8165,-18.7372,12.1024,0.9485,0.0896,-0.3040,0.9980,87,61.051956,-0.0262,-0.0917
BiancaGolden_CircleTurns,-202.6034,-9.1715,197.6264,-4.8152,-18.7137,12.1462,0.9467,0.0948,-0.3080,0.9980,87,61.063992,-0.0260,-0.0917
BiancaGolden_CircleTurns,-202.5903,-9.1747,197.6149,-4.8262,-18.6802,12.1514,0.9469,0.0949,-0.3073,0.9980,88,61.079296,-0.0259,-0.0917
BiancaGolden_CircleTurns,-202.5730,-9.1851,197.6080,-4.8332,-18.6401,12.1569,0.9465,0.0947,-0.3084,0.9980,88,61.093231,-0.0257,-0.0919
BiancaGolden_CircleTurns,-202.5549,-9.1905,197.6108,-4.8430,-18.6273,12.1420,0.9470,0.0945,-0.3072,0.9980,88,61.106873,-0.0255,-0.0919
BiancaGolden_CircleTurns,-202.5352,-9.1948,197.6197,-4.8344,-18.5900,12.1177,0.9466,0.0896,-0.3097,0.9980,89,61.120285,-0.0254,-0.0919
BiancaGolden_CircleTurns,-202.5138,-9.2021,197.6276,-4.7549,-18.5627,12.1305,0.9469,0.0897,-0.3089,0.9980,89,61.133617,-0.0251,-0.0920
BiancaGolden_CircleTurns,-202.4844,-9.2167,197.6334,-4.6491,-18.5194,12.1635,0.9470,0.0902,-0.3084,0.9980,90,61.148888,-0.0248,-0.0922
BiancaGolden_CircleTurns,-202.4571,-9.2293,197.6405,-4.6295,-18.5047,12.2017,0.9472,0.0904,-0.3077,0.9980,90,61.163002,-0.0246,-0.0923
BiancaGolden_CircleTurns,-202.4283,-9.2429,197.6495,-4.6836,-18.4452,12.2007,0.9455,0.0936,-0.3119,0.9980,90,61.177700,-0.0243,-0.0924
BiancaGolden_CircleTurns,-202.4046,-9.2600,197.6502,-4.6769,-18.4327,12.1931,0.9456,0.0937,-0.3117,0.9980,91,61.191528,-0.0240,-0.0926
BiancaGolden_CircleTurns,-202.3814,-9.2764,197.6509,-4.6926,-18.4146,12.1976,0.9447,0.0880,-0.3158,0.9980,91,61.203552,-0.0238,-0.0928
BiancaGolden_CircleTurns,-202.3582,-9.3029,197.6554,-4.6952,-18.4662,12.1798,0.9445,0.0882,-0.3163,0.9980,92,61.219021,-0.0236,-0.0930
BiancaGolden_CircleTurns,-202.3458,-9.3415,197.6639,-4.6824,-18.5015,12.1912,0.9438,0.0869,-0.3188,0.9980,92,61.231888,-0.0235,-0.0934
BiancaGolden_CircleTurns,-202.3323,-9.3585,197.6904,-4.6822,-18.5795,12.2061,0.9432,0.0870,-0.3205,0.9980,93,61.246086,-0.0233,-0.0936
BiancaGolden_CircleTurns,-202.3213,-9.3774,197.7127,-4.7278,-18.6709,12.2234,0.9436,0.0935,-0.3177,0.9980,93,61.259995,-0.0232,-0.0938
BiancaGolden_CircleTurns,-202.2923,-9.3912,197.7431,-4.7827,-18.6763,12.1925,0.9432,0.0931,-0.3189,0.9980,93,61.274429,-0.0229,-0.0939
BiancaGolden_CircleTurns,-202.2680,-9.4154,197.7679,-4.8116,-18.6463,12.1726,0.9437,0.0925,-0.3175,0.9980,94,61.287766,-0.0227,-0.0942
BiancaGolden_CircleTurns,-202.2349,-9.4198,197.7930,-4.8321,-18.5541,12.1300,0.9434,0.0910,-0.3190,0.9980,94,61.300964,-0.0223,-0.0942
BiancaGolden_CircleTurns,-202.2118,-9.4434,197.8075,-4.8327,-18.4717,12.0948,0.9416,0.0903,-0.3244,0.9980,95,61.315807,-0.0221,-0.0944
BiancaGolden_CircleTurns,-202.1950,-9.4440,197.8308,-4.8817,-18.3838,12.0359,0.9421,0.0895,-0.3232,0.9980,95,61.329792,-0.0219,-0.0944
BiancaGolden_CircleTurns,-202.1648,-9.4532,197.8570,-4.8780,-18.3086,11.9811,0.9424,0.0897,-0.3222,0.9980,95,61.343876,-0.0216,-0.0945
BiancaGolden_CircleTurns,-202.1461,-9.4601,197.8667,-4.8733,-18.2543,11.9545,0.9420,0.0897,-0.3235,0.9980,96,61.357464,-0.0215,-0.0946
BiancaGolden_CircleTurns,-202.1075,-9.4626,197.8908,-4.8205,-18.1998,11.9016,0.9435,0.0888,-0.3192,0.9980,96,61.370987,-0.0211,-0.0946
BiancaGolden_CircleTurns,-202.0861,-9.4659,197.9097,-4.7909,-18.1516,11.8473,0.9434,0.0880,-0.3199,0.9980,97,61.386021,-0.0209,-0.0947
BiancaGolden_CircleTurns,-202.0566,-9.4591,197.9219,-4.7487,-18.1187,11.7824,0.9433,0.0897,-0.3196,0.9980,97,61.399918,-0.0206,-0.0946
BiancaGolden_CircleTurns,-202.0333,-9.4612,197.9242,-4.7315,-18.1068,11.7225,0.9436,0.0883,-0.3191,0.9980,98,61.413376,-0.0203,-0.0946
BiancaGolden_CircleTurns,-202.0057,-9.4551,197.9384,-4.6929,-18.0842,11.6370,0.9424,0.0908,-0.3220,0.9980,98,61.427116,-0.0201,-0.0946
BiancaGolden_CircleTurns,-201.9718,-9.4595,197.9334,-4.6322,-18.0602,11.5497,0.9427,0.0896,-0.3214,0.9980,98,61.441196,-0.0197,-0.0946
BiancaGolden_CircleTurns,-201.9413,-9.4512,197.9307,-4.5668,-18.0318,11.4511,0.9433,0.0878,-0.3201,0.9980,99,61.455395,-0.0194,-0.0945
BiancaGolden_CircleTurns,-201.8982,-9.4538,197.9374,-4.4751,-18.0015,11.3435,0.9435,0.0872,-0.3197,0.9980,99,61.468067,-0.0190,-0.0945
BiancaGolden_CircleTurns,-201.8577,-9.4499,197.9505,-4.3831,-17.9846,11.2657,0.9427,0.0848,-0.3227,0.9980,100,61.483120,-0.0186,-0.0945
BiancaGolden_CircleTurns,-201.8096,-9.4489,197.9587,-4.2628,-17.9849,11.1917,0.9427,0.0840,-0.3229,0.9980,100,61.497303,-0.0181,-0.0945
BiancaGolden_CircleTurns,-201.7792,-9.4492,197.9500,-4.1913,-18.0043,11.1420,0.9417,0.0840,-0.3258,0.9980,101,61.514622,-0.0178,-0.0945
BiancaGolden_CircleTurns,-201.7314,-9.4467,197.9442,-4.1446,-18.0248,11.0751,0.9398,0.0834,-0.3315,0.9980,101,61.525398,-0.0173,-0.0945
BiancaGolden_CircleTurns,-201.6885,-9.4479,197.9390,-4.0994,-18.0430,11.0240,0.9389,0.0842,-0.3337,0.9980,101,61.538742,-0.0169,-0.0945
BiancaGolden_CircleTurns,-201.6339,-9.4428,197.9330,-4.0462,-18.0580,10.9856,0.9386,0.0868,-0.3339,0.9980,102,61.552731,-0.0163,-0.0944
BiancaGolden_CircleTurns,-201.5906,-9.4474,197.9275,-4.0128,-18.0823,10.9576,0.9385,0.0869,-0.3342,0.9980,102,61.565403,-0.0159,-0.0945
BiancaGolden_CircleTurns,-201.5357,-9.4483,197.9255,-4.0026,-18.1010,10.9609,0.9384,0.0864,-0.3347,0.9980,103,61.580559,-0.0154,-0.0945
BiancaGolden_CircleTurns,-201.4840,-9.4519,197.9172,-3.9984,-18.1319,10.9312,0.9360,0.0869,-0.3411,0.9980,103,61.593967,-0.0148,-0.0945
BiancaGolden_CircleTurns,-201.4397,-9.4631,197.9093,-4.0106,-18.1517,10.9097,0.9356,0.0911,-0.3411,0.9980,103,61.608398,-0.0144,-0.0946
BiancaGolden_CircleTurns,-201.3827,-9.4781,197.9071,-4.0240,-18.1642,10.8719,0.9356,0.0908,-0.3412,0.9980,104,61.622028,-0.0138,-0.0948
BiancaGolden_CircleTurns,-201.3360,-9.4910,197.9024,-4.0497,-18.1636,10.8527,0.9348,0.0903,-0.3435,0.9980,104,61.635628,-0.0134,-0.0949
BiancaGolden_CircleTurns,-201.2874,-9.5114,197.9076,-4.0861,-18.1576,10.8239,0.9347,0.0890,-0.3441,0.9980,105,61.650799,-0.0129,-0.0951
BiancaGolden_CircleTurns,-201.2424,-9.5273,197.9070,-4.1084,-18.1467,10.7760,0.9336,0.0902,-0.3467,0.9980,105,61.664371,-0.0124,-0.0953
BiancaGolden_CircleTurns,-201.1854,-9.5416,197.9175,-4.1607,-18.1351,10.7291,0.9338,0.0894,-0.3463,0.9980,105,61.677895,-0.0119,-0.0954
BiancaGolden_CircleTurns,-201.1385,-9.5663,197.9220,-4.2310,-18.1060,10.6724,0.9339,0.0906,-0.3459,0.9980,106,61.691589,-0.0114,-0.0957
BiancaGolden_CircleTurns,-201.0896,-9.5808,197.9213,-4.2463,-18.0824,10.6060,0.9341,0.0893,-0.3455,0.9980,106,61.704906,-0.0109,-0.0958
BiancaGolden_CircleTurns,-201.0402,-9.6035,197.9287,-4.3236,-18.0567,10.5149,0.9339,0.0898,-0.3460,0.9980,107,61.720127,-0.0104,-0.0960
BiancaGolden_CircleTurns,-200.9838,-9.6150,197.9418,-4.3526,-17.9970,10.4178,0.9345,0.0903,-0.3444,0.9980,107,61.733521,-0.0098,-0.0961
BiancaGolden_CircleTurns,-200.9239,-9.6390,197.9597,-4.3181,-17.9065,10.3466,0.9346,0.0924,-0.3436,0.9980,108,61.747684,-0.0092,-0.0964
BiancaGolden_CircleTurns,-200.8726,-9.6582,197.9578,-4.2629,-17.8481,10.3080,0.9348,0.0915,-0.3433,0.9980,108,61.761456,-0.0087,-0.0966
BiancaGolden_CircleTurns,-200.8240,-9.6605,197.9602,-4.2892,-17.8233,10.2519,0.9327,0.0956,-0.3478,0.9980,108,61.776302,-0.0082,-0.0966
BiancaGolden_CircleTurns,-200.7864,-9.6656,197.9423,-4.3708,-17.8283,10.2160,0.9319,0.0966,-0.3495,0.9980,109,61.789818,-0.0079,-0.0967
BiancaGolden_CircleTurns,-200.7403,-9.6791,197.9315,-4.4198,-17.8727,10.1754,0.9313,0.0999,-0.3504,0.9980,109,61.803413,-0.0074,-0.0968
BiancaGolden_CircleTurns,-200.7102,-9.6930,197.9226,-4.4341,-17.9360,10.1527,0.9310,0.0990,-0.3514,0.9980,110,61.818378,-0.0071,-0.0969
BiancaGolden_CircleTurns,-200.6552,-9.6982,197.9287,-4.4327,-17.9971,10.1231,0.9309,0.0984,-0.3518,0.9980,110,61.831860,-0.0066,-0.0970
BiancaGolden_CircleTurns,-200.6072,-9.7039,197.9331,-4.4253,-18.0174,10.0786,0.9319,0.0983,-0.3491,0.9980,111,61.846523,-0.0061,-0.0970
BiancaGolden_CircleTurns,-200.5650,-9.7042,197.9358,-4.4294,-18.0178,10.0746,0.9303,0.0956,-0.3542,0.9980,111,61.859112,-0.0056,-0.0970
BiancaGolden_CircleTurns,-200.5213,-9.7150,197.9272,-4.4048,-18.0115,10.0643,0.9324,0.0928,-0.3492,0.9980,111,61.873489,-0.0052,-0.0972
BiancaGolden_CircleTurns,-200.4766,-9.7221,197.9208,-4.3998,-17.9924,10.0678,0.9314,0.0952,-0.3513,0.9980,112,61.887539,-0.0048,-0.0972
BiancaGolden_CircleTurns,-200.4276,-9.7320,197.9313,-4.4230,-17.9989,10.0573,0.9318,0.0937,-0.3508,0.9980,112,61.900528,-0.0043,-0.0973
BiancaGolden_CircleTurns,-200.3841,-9.7307,197.9276,-4.4330,-17.9483,10.0091,0.9320,0.0935,-0.3501,0.9980,113,61.915775,-0.0038,-0.0973
BiancaGolden_CircleTurns,-200.3414,-9.7353,197.9240,-4.4535,-17.9031,9.9937,0.9317,0.0994,-0.3494,0.9980,113,61.929527,-0.0034,-0.0974
BiancaGolden_CircleTurns,-200.2927,-9.7415,197.9151,-4.4934,-17.8592,9.9547,0.9323,0.0948,-0.3489,0.9980,113,61.943733,-0.0029,-0.0974
BiancaGolden_CircleTurns,-200.2438,-9.7493,197.9084,-4.5115,-17.8146,9.9198,0.9299,0.0944,-0.3556,0.9980,114,61.957352,-0.0024,-0.0975
BiancaGolden_CircleTurns,-200.1896,-9.7663,197.8985,-4.5246,-17.7991,9.8864,0.9324,0.0938,-0.3491,0.9980,114,61.970158,-0.0019,-0.0977
BiancaGolden_CircleTurns,-200.1366,-9.7817,197.8918,-4.4917,-17.8048,9.8697,0.9298,0.0934,-0.3561,0.9980,115,61.985218,-0.0014,-0.0978
BiancaGolden_CircleTurns,-200.0887,-9.7946,197.8801,-4.4525,-17.8321,9.8369,0.9296,0.0935,-0.3565,0.9980,115,61.999283,-0.0009,-0.0979
BiancaGolden_CircleTurns,-200.0361,-9.8092,197.8629,-4.4675,-17.8577,9.8446,0.9272,0.0987,-0.3614,0.9980,116,62.017673,-0.0004,-0.0981
BiancaGolden_CircleTurns,-199.9819,-9.8265,197.8468,-4.4877,-17.8718,9.8203,0.9270,0.0985,-0.3618,0.9980,116,62.027176,0.0002,-0.0983
BiancaGolden_CircleTurns,-199.9387,-9.8523,197.8216,-4.5400,-17.8868,9.8132,0.9281,0.0946,-0.3602,0.9980,116,62.042473,0.0006,-0.0985
BiancaGolden_CircleTurns,-199.8928,-9.8728,197.8036,-4.5573,-17.8989,9.7742,0.9279,0.0939,-0.3607,0.9980,117,62.056053,0.0011,-0.0987
BiancaGolden_CircleTurns,-199.8555,-9.9012,197.7931,-4.5734,-17.9338,9.7314,0.9284,0.0986,-0.3584,0.9980,117,62.068836,0.0014,-0.0990
BiancaGolden_CircleTurns,-199.8105,-9.9280,197.7828,-4.5846,-17.9430,9.6998,0.9279,0.0979,-0.3597,0.9980,118,62.083694,0.0019,-0.0993
