FileName,LocationX,LocationY,LocationZ,RotationRoll,RotationPitch,RotationYaw,GazeHitX,GazeHitY,GazeHitZ,GazeConfidence,Frame,Timestamp,RoomX_m,RoomY_m
BiancaGolden_CircleTurns,-200.0000,0.0000,30.0000,0.0000,0.0000,0.0000,0.0000,0.0000,0.0000,0.0000,0,0.016667,0.0000,0.0000
BiancaGolden_CircleTurns,-200.0000,0.0000,30.0000,0.0000,0.0000,0.0000,0.0000,0.0000,0.0000,0.0000,0,0.416667,0.0000,0.0000
BiancaGolden_CircleTurns,-200.0000,0.0000,30.0000,0.0000,0.0000,0.0000,0.0000,0.0000,0.0000,0.0000,1,0.467847,0.0000,0.0000
BiancaGolden_CircleTurns,-200.0000,0.0000,30.0000,0.0000,0.0000,0.0000,0.0000,0.0000,0.0000,0.0000,2,0.484491,0.0000,0.0000
BiancaGolden_CircleTurns,-200.0000,0.0000,30.0000,0.0000,0.0000,0.0000,0.0000,0.0000,0.0000,0.0000,2,0.498508,0.0000,0.0000
BiancaGolden_CircleTurns,-200.0000,0.0000,30.0000,0.0000,0.0000,0.0000,0.0000,0.0000,0.0000,0.0000,3,0.513532,0.0000,0.0000
BiancaGolden_CircleTurns,-200.0000,0.0000,30.0000,0.0000,0.0000,0.0000,0.0000,0.0000,0.0000,0.0000,3,0.527036,0.0000,0.0000
BiancaGolden_CircleTurns,-200.0000,0.0000,30.0000,0.0000,0.0000,0.0000,0.0000,0.0000,0.0000,0.0000,4,0.541071,0.0000,0.0000
BiancaGolden_CircleTurns,-200.0000,0.0000,30.0000,0.0000,0.0000,0.0000,0.0000,0.0000,0.0000,0.0000,4,0.560468,0.0000,0.0000
BiancaGolden_CircleTurns,-200.0000,0.0000,30.0000,0.0000,0.0000,0.0000,0.0000,0.0000,0.0000,0.0000,5,0.572535,0.0000,0.0000
BiancaGolden_CircleTurns,-200.0000,0.0000,30.0000,0.0000,0.0000,0.0000,0.0000,0.0000,0.0000,0.0000,5,0.585412,0.0000,0.0000
BiancaGolden_CircleTurns,-200.0000,0.0000,30.0000,0.0000,0.0000,0.0000,0.0000,0.0000,0.0000,0.0000,5,0.599640,0.0000,0.0000
BiancaGolden_CircleTurns,-200.0000,0.0000,30.0000,0.0000,0.0000,0.0000,0.0000,0.0000,0.0000,0.0000,6,0.609179,0.0000,0.0000
BiancaGolden_CircleTurns,-200.0000,0.0000,30.0000,0.0000,0.0000,0.0000,0.0000,0.0000,0.0000,0.0000,6,0.625946,0.0000,0.0000
BiancaGolden_CircleTurns,-200.0000,0.0000,30.0000,0.0000,0.0000,0.0000,0.0000,0.0000,0.0000,0.0000,7,0.639106,0.0000,0.0000
BiancaGolden_CircleTurns,-200.0000,0.0000,30.0000,0.0000,0.0000,0.0000,0.0000,0.0000,0.0000,0.0000,7,0.652089,0.0000,0.0000
BiancaGolden_CircleTurns,-200.0000,0.0000,30.0000,0.0000,0.0000,0.0000,0.0000,0.0000,0.0000,0.0000,7,0.667349,0.0000,0.0000
BiancaGolden_CircleTurns,-200.0000,0.0000,30.0000,0.0000,0.0000,0.0000,0.0000,0.0000,0.0000,0.0000,8,0.679999,0.0000,0.0000
BiancaGolden_CircleTurns,-200.0000,0.0000,30.0000,0.0000,0.0000,0.0000,0.0000,0.0000,0.0000,0.0000,8,0.693209,0.0000,0.0000
BiancaGolden_CircleTurns,-200.0000,0.0000,30.0000,0.0000,0.0000,0.0000,0.0000,0.0000,0.0000,0.0000,9,0.708201,0.0000,0.0000
BiancaGolden_CircleTurns,-200.0000,0.0000,30.0000,0.0000,0.0000,0.0000,0.0000,0.0000,0.0000,0.0000,9,0.719760,0.0000,0.0000
BiancaGolden_CircleTurns,-200.0000,0.0000,30.0000,0.0000,0.0000,0.0000,0.0000,0.0000,0.0000,0.0000,10,0.735275,0.0000,0.0000
BiancaGolden_CircleTurns,-200.0000,0.0000,30.0000,0.0000,0.0000,0.0000,0.0000,0.0000,0.0000,0.0000,10,0.747596,0.0000,0.0000
BiancaGolden_CircleTurns,-200.0000,0.0000,30.0000,0.0000,0.0000,0.0000,0.0000,0.0000,0.0000,0.0000,10,0.763243,0.0000,0.0000
BiancaGolden_CircleTurns,-200.0000,0.0000,30.0000,0.0000,0.0000,0.0000,0.0000,0.0000,0.0000,0.0000,11,0.774855,0.0000,0.0000
BiancaGolden_CircleTurns,-200.0000,0.0000,30.0000,0.0000,0.0000,0.0000,0.0000,0.0000,0.0000,0.0000,11,0.789686,0.0000,0.0000
BiancaGolden_CircleTurns,-200.0000,0.0000,30.0000,0.0000,0.0000,0.0000,0.0000,0.0000,0.0000,0.0000,12,0.803643,0.0000,0.0000
BiancaGolden_CircleTurns,-200.0000,0.0000,30.0000,0.0000,0.0000,0.0000,0.0000,0.0000,0.0000,0.0000,12,0.818013,0.0000,0.0000
BiancaGolden_CircleTurns,-200.0000,0.0000,30.0000,0.0000,0.0000,0.0000,0.0000,0.0000,0.0000,0.0000,12,0.832856,0.0000,0.0000
BiancaGolden_CircleTurns,-200.0000,0.0000,30.0000,0.0000,0.0000,0.0000,0.0000,0.0000,0.0000,0.0000,13,0.846721,0.0000,0.0000
BiancaGolden_CircleTurns,-200.0000,0.0000,30.0000,0.0000,0.0000,0.0000,0.0000,0.0000,0.0000,0.0000,13,0.859464,0.0000,0.0000
BiancaGolden_CircleTurns,-200.0000,0.0000,30.0000,0.0000,0.0000,0.0000,0.0000,0.0000,0.0000,0.0000,14,0.874915,0.0000,0.0000
BiancaGolden_CircleTurns,-200.0000,0.0000,30.0000,0.0000,0.0000,0.0000,0.0000,0.0000,0.0000,0.0000,14,0.886584,0.0000,0.0000
BiancaGolden_CircleTurns,-200.0000,0.0000,30.0000,0.0000,0.0000,0.0000,0.0000,0.0000,0.0000,0.0000,15,0.902692,0.0000,0.0000
BiancaGolden_CircleTurns,-200.0000,0.0000,30.0000,0.0000,0.0000,0.0000,0.0000,0.0000,0.0000,0.0000,15,0.914293,0.0000,0.0000
BiancaGolden_CircleTurns,-200.0000,0.0000,30.0000,0.0000,0.0000,0.0000,0.0000,0.0000,0.0000,0.0000,15,0.930250,0.0000,0.0000
BiancaGolden_CircleTurns,-200.0000,0.0000,30.0000,0.0000,0.0000,0.0000,0.0000,0.0000,0.0000,0.0000,16,0.942437,0.0000,0.0000
BiancaGolden_CircleTurns,-200.0000,0.0000,30.0000,0.0000,0.0000,0.0000,0.0000,0.0000,0.0000,0.0000,16,0.956537,0.0000,0.0000
BiancaGolden_CircleTurns,-200.0000,0.0000,30.0000,0.0000,0.0000,0.0000,0.0000,0.0000,0.0000,0.0000,17,0.970353,0.0000,0.0000
BiancaGolden_CircleTurns,-200.0000,0.0000,30.0000,0.0000,0.0000,0.0000,0.0000,0.0000,0.0000,0.0000,17,0.983811,0.0000,0.0000
BiancaGolden_CircleTurns,-200.0000,0.0000,30.0000,0.0000,0.0000,0.0000,0.0000,0.0000,0.0000,0.0000,17,1.000515,0.0000,0.0000
BiancaGolden_CircleTurns,-200.0000,0.0000,30.0000,0.0000,0.0000,0.0000,0.0000,0.0000,0.0000,0.0000,18,1.011686,0.0000,0.0000
BiancaGolden_CircleTurns,-200.0000,0.0000,30.0000,0.0000,0.0000,0.0000,0.0000,0.0000,0.0000,0.0000,18,1.026222,0.0000,0.0000
BiancaGolden_CircleTurns,-200.0000,0.0000,30.0000,0.0000,0.0000,0.0000,0.0000,0.0000,0.0000,0.0000,19,1.039565,0.0000,0.0000
BiancaGolden_CircleTurns,-200.0000,0.0000,30.0000,0.0000,0.0000,0.0000,0.0000,0.0000,0.0000,0.0000,19,1.053872,0.0000,0.0000
BiancaGolden_CircleTurns,-200.0000,0.0000,30.0000,0.0000,0.0000,0.0000,0.0000,0.0000,0.0000,0.0000,19,1.067553,0.0000,0.0000
BiancaGolden_CircleTurns,-200.0000,0.0000,30.0000,0.0000,0.0000,0.0000,0.0000,0.0000,0.0000,0.0000,20,1.082806,0.0000,0.0000
BiancaGolden_CircleTurns,-200.0000,0.0000,30.0000,0.0000,0.0000,0.0000,0.0000,0.0000,0.0000,0.0000,20,1.094040,0.0000,0.0000
BiancaGolden_CircleTurns,-200.0000,0.0000,30.0000,0.0000,0.0000,0.0000,0.0000,0.0000,0.0000,0.0000,21,1.111081,0.0000,0.0000
BiancaGolden_CircleTurns,-200.0000,0.0000,30.0000,0.0000,0.0000,0.0000,0.0000,0.0000,0.0000,0.0000,21,1.124769,0.0000,0.0000
BiancaGolden_CircleTurns,-200.0000,0.0000,30.0000,0.0000,0.0000,0.0000,0.3531,-0.9332,-0.0663,0.9980,22,1.139177,0.0000,0.0000
BiancaGolden_CircleTurns,-396.2495,142.7106,225.6234,-0.8865,-0.0140,-69.9674,0.3526,-0.9334,-0.0666,0.9980,22,1.156988,-1.9625,1.4271
BiancaGolden_CircleTurns,-396.2495,142.6785,225.6212,-0.9008,-0.0197,-70.0049,0.3522,-0.9335,-0.0670,0.9980,22,1.167193,-1.9625,1.4268
BiancaGolden_CircleTurns,-396.2562,142.6407,225.6168,-0.8997,-0.0407,-70.0377,0.3515,-0.9338,-0.0671,0.9980,23,1.182184,-1.9626,1.4264
BiancaGolden_CircleTurns,-396.2514,142.6013,225.6216,-0.9111,-0.0478,-70.0737,0.3511,-0.9339,-0.0672,0.9980,23,1.195987,-1.9625,1.4260
BiancaGolden_CircleTurns,-396.2440,142.5592,225.6234,-0.9304,-0.0550,-70.1114,0.3507,-0.9341,-0.0673,0.9980,24,1.211796,-1.9624,1.4256
BiancaGolden_CircleTurns,-396.2553,142.5154,225.6397,-0.8966,-0.0595,-70.1243,0.3500,-0.9344,-0.0664,0.9980,24,1.226699,-1.9626,1.4252
BiancaGolden_CircleTurns,-396.2561,142.4665,225.6366,-0.8178,-0.0113,-70.1613,0.3490,-0.9348,-0.0659,0.9980,25,1.241924,-1.9626,1.4247
BiancaGolden_CircleTurns,-396.2462,142.3847,225.6266,-0.8018,0.0176,-70.2228,0.3484,-0.9350,-0.0664,0.9980,25,1.255640,-1.9625,1.4238
BiancaGolden_CircleTurns,-396.2403,142.3514,225.6308,-0.8568,0.0047,-70.2765,0.3488,-0.9349,-0.0661,0.9980,26,1.270328,-1.9624,1.4235
BiancaGolden_CircleTurns,-396.2657,142.2928,225.6477,-0.8025,0.0033,-70.2196,0.3576,-0.9314,-0.0673,0.9980,26,1.285463,-1.9627,1.4229
BiancaGolden_CircleTurns,-396.2542,142.2450,225.6512,-0.7707,0.0589,-70.2842,0.3730,-0.9123,-0.1690,0.9980,26,1.299429,-1.9625,1.4225
BiancaGolden_CircleTurns,-396.2447,142.1919,225.6477,-0.8057,0.0936,-70.3129,0.3732,-0.9122,-0.1692,0.9980,27,1.312317,-1.9624,1.4219
BiancaGolden_CircleTurns,-396.2443,142.1430,225.6428,-0.8301,0.1051,-70.3358,0.3728,-0.9123,-0.1695,0.9980,27,1.325375,-1.9624,1.4214
BiancaGolden_CircleTurns,-396.2384,142.0905,225.6422,-0.8259,0.1025,-70.3507,0.3728,-0.9122,-0.1699,0.9980,28,1.340542,-1.9624,1.4209
BiancaGolden_CircleTurns,-396.2374,142.0354,225.6364,-0.8606,0.0624,-70.3403,0.3716,-0.9116,-0.1760,0.9980,28,1.354599,-1.9624,1.4204
BiancaGolden_CircleTurns,-396.2259,141.9751,225.6373,-0.8796,0.0060,-70.3705,0.3708,-0.9118,-0.1766,0.9980,29,1.368431,-1.9623,1.4198
BiancaGolden_CircleTurns,-396.2245,141.9032,225.6259,-0.8815,-0.0305,-70.3414,0.3707,-0.9114,-0.1785,0.9980,29,1.382997,-1.9622,1.4190
BiancaGolden_CircleTurns,-396.2067,141.8294,225.6157,-0.9060,-0.0987,-70.3442,0.3706,-0.9112,-0.1801,0.9980,29,1.396951,-1.9621,1.4183
BiancaGolden_CircleTurns,-396.1983,141.7586,225.6028,-0.9403,-0.1886,-70.3256,0.3709,-0.9104,-0.1830,0.9980,30,1.410114,-1.9620,1.4176
BiancaGolden_CircleTurns,-396.1836,141.6803,225.5895,-0.9338,-0.2883,-70.2916,0.3716,-0.9098,-0.1849,0.9980,30,1.422621,-1.9618,1.4168
BiancaGolden_CircleTurns,-396.1625,141.6017,225.5707,-0.8785,-0.3923,-70.2341,0.3738,-0.9082,-0.1882,0.9980,31,1.438030,-1.9616,1.4160
BiancaGolden_CircleTurns,-396.1292,141.5183,225.5531,-0.8213,-0.5071,-70.1028,0.3791,-0.9056,-0.1901,0.9980,31,1.451595,-1.9613,1.4152
BiancaGolden_CircleTurns,-396.0876,141.4393,225.5298,-0.8201,-0.6184,-69.9234,0.3873,-0.9016,-0.1927,0.9980,32,1.469863,-1.9609,1.4144
BiancaGolden_CircleTurns,-396.0350,141.3519,225.5151,-0.7468,-0.7561,-69.5512,0.3952,-0.8976,-0.1952,0.9980,32,1.480220,-1.9604,1.4135
BiancaGolden_CircleTurns,-395.9505,141.2695,225.4965,-0.7287,-0.8548,-69.0385,0.3987,-0.8957,-0.1969,0.9980,32,1.493365,-1.9595,1.4127
BiancaGolden_CircleTurns,-395.8522,141.2011,225.4899,-0.9163,-0.9549,-68.5133,0.4089,-0.8908,-0.1983,0.9980,33,1.506743,-1.9585,1.4120
BiancaGolden_CircleTurns,-395.7661,141.1166,225.4874,-1.2548,-1.0500,-67.9168,0.4175,-0.8870,-0.1974,0.9980,33,1.521704,-1.9577,1.4112
BiancaGolden_CircleTurns,-395.6979,141.0203,225.4679,-1.3994,-1.1337,-67.3946,0.4246,-0.8834,-0.1985,0.9980,34,1.535535,-1.9570,1.4102
BiancaGolden_CircleTurns,-395.6549,140.9145,225.4447,-1.4271,-1.2373,-66.9150,0.4253,-0.8834,-0.1968,0.9980,34,1.548464,-1.9565,1.4091
BiancaGolden_CircleTurns,-395.6096,140.8044,225.4258,-1.3615,-1.3390,-66.4949,0.4263,-0.8828,-0.1973,0.9980,34,1.562896,-1.9561,1.4080
BiancaGolden_CircleTurns,-395.5682,140.7009,225.3927,-1.3007,-1.4369,-66.1066,0.4212,-0.8845,-0.2008,0.9980,35,1.577817,-1.9557,1.4070
BiancaGolden_CircleTurns,-395.5265,140.5852,225.3666,-1.1745,-1.5434,-65.7537,0.4264,-0.8815,-0.2030,0.9980,35,1.590774,-1.9553,1.4059
BiancaGolden_CircleTurns,-395.4942,140.4766,225.3618,-1.1465,-1.6694,-65.3975,0.4218,-0.8844,-0.1997,0.9980,36,1.605674,-1.9549,1.4048
BiancaGolden_CircleTurns,-395.4712,140.3649,225.3251,-1.0773,-1.7841,-65.0809,0.4224,-0.8842,-0.1994,0.9980,36,1.617854,-1.9547,1.4036
BiancaGolden_CircleTurns,-395.4464,140.2528,225.2883,-1.0223,-1.8922,-64.7744,0.4256,-0.8835,-0.1955,0.9980,36,1.632524,-1.9545,1.4025
BiancaGolden_CircleTurns,-395.4259,140.1362,225.2631,-0.9231,-2.0046,-64.4279,0.4315,-0.8813,-0.1926,0.9980,37,1.646097,-1.9543,1.4014
BiancaGolden_CircleTurns,-395.3904,140.0178,225.2465,-0.8369,-2.0869,-64.0440,0.4733,-0.8595,-0.1933,0.9980,37,1.658504,-1.9539,1.4002
BiancaGolden_CircleTurns,-395.3488,139.9082,225.2338,-0.7921,-2.1639,-63.5769,0.4808,-0.8548,-0.1952,0.9980,38,1.673823,-1.9535,1.3991
BiancaGolden_CircleTurns,-395.3121,139.7949,225.2157,-0.8703,-2.2797,-63.0721,0.5517,-0.8107,-0.1958,0.9980,38,1.687912,-1.9531,1.3979
BiancaGolden_CircleTurns,-395.2745,139.6847,225.1842,-0.9443,-2.3483,-62.5398,0.5879,-0.7847,-0.1964,0.9980,39,1.701912,-1.9527,1.3968
BiancaGolden_CircleTurns,-395.2436,139.5773,225.1543,-1.0625,-2.4561,-61.9673,0.5953,-0.7787,-0.1981,0.9980,39,1.715480,-1.9524,1.3958
BiancaGolden_CircleTurns,-395.2037,139.4675,225.1265,-1.1280,-2.5641,-61.4275,0.5967,-0.7771,-0.2000,0.9980,39,1.730089,-1.9520,1.3947
BiancaGolden_CircleTurns,-395.1736,139.3556,225.1225,-1.2424,-2.6855,-60.7812,0.6014,-0.7731,-0.2015,0.9980,40,1.744342,-1.9517,1.3936
BiancaGolden_CircleTurns,-395.1230,139.2534,225.1052,-1.2330,-2.7773,-60.0409,0.6137,-0.7630,-0.2030,0.9980,40,1.756689,-1.9512,1.3925
BiancaGolden_CircleTurns,-395.0314,139.1692,225.1050,-1.2891,-2.8767,-59.1241,0.6192,-0.7591,-0.2009,0.9980,41,1.771749,-1.9503,1.3917
BiancaGolden_CircleTurns,-394.9341,139.0968,225.0931,-1.3276,-2.9313,-58.0497,0.6338,-0.7469,-0.2012,0.9980,41,1.785986,-1.9493,1.3910
BiancaGolden_CircleTurns,-394.8038,139.0633,225.0800,-1.3118,-2.9441,-56.6938,0.6590,-0.7247,-0.2013,0.9980,41,1.799826,-1.9480,1.3906
BiancaGolden_CircleTurns,-394.6253,139.0692,225.0700,-1.1621,-2.9548,-54.8451,0.7044,-0.6785,-0.2084,0.9980,42,1.813459,-1.9463,1.3907
BiancaGolden_CircleTurns,-394.3614,139.1295,225.0716,-1.2814,-2.9097,-52.5127,0.8026,-0.5465,-0.2389,0.9980,42,1.826524,-1.9436,1.3913
BiancaGolden_CircleTurns,-394.0600,139.1948,225.0889,-1.8948,-2.8667,-50.0968,0.8271,-0.5113,-0.2334,0.9980,43,1.841784,-1.9406,1.3919
BiancaGolden_CircleTurns,-393.8007,139.2522,225.0729,-2.7506,-2.7733,-47.7246,0.8910,-0.3945,-0.2248,0.9980,43,1.855494,-1.9380,1.3925
BiancaGolden_CircleTurns,-393.6125,139.3008,225.0366,-3.4137,-2.7720,-45.4923,0.9337,-0.2835,-0.2189,0.9980,44,1.869774,-1.9361,1.3930
BiancaGolden_CircleTurns,-393.4597,139.3277,224.9839,-3.7869,-2.8126,-43.2977,0.9590,-0.1779,-0.2206,0.9980,44,1.878925,-1.9346,1.3933
BiancaGolden_CircleTurns,-393.2954,139.3349,224.9468,-3.8815,-2.9445,-41.1388,0.9661,-0.1300,-0.2229,0.9980,44,1.897613,-1.9330,1.3933
BiancaGolden_CircleTurns,-393.1118,139.3449,224.9371,-4.0390,-2.9783,-39.1208,0.9706,-0.0975,-0.2200,0.9980,45,1.911285,-1.9311,1.3934
BiancaGolden_CircleTurns,-392.9297,139.3353,224.9345,-4.3292,-2.9550,-37.2362,0.9728,-0.0679,-0.2214,0.9980,45,1.924268,-1.9293,1.3934
BiancaGolden_CircleTurns,-392.7635,139.3463,224.9070,-4.6978,-2.8876,-35.5560,0.9708,-0.0709,-0.2293,0.9980,46,1.939276,-1.9276,1.3935
BiancaGolden_CircleTurns,-392.6412,139.3344,224.8704,-4.9269,-2.8932,-33.9791,0.9679,-0.0879,-0.2353,0.9980,46,1.953076,-1.9264,1.3933
BiancaGolden_CircleTurns,-392.5334,139.3011,224.8180,-5.0256,-2.9111,-32.4449,0.9650,-0.1055,-0.2403,0.9980,47,1.971433,-1.9253,1.3930
BiancaGolden_CircleTurns,-392.4418,139.2594,224.7754,-5.0962,-3.0089,-31.1270,0.9605,-0.1291,-0.2463,0.9980,47,1.981514,-1.9244,1.3926
BiancaGolden_CircleTurns,-392.3487,139.2102,224.7232,-5.2463,-3.1141,-29.9557,0.9557,-0.1478,-0.2547,0.9980,47,1.994899,-1.9235,1.3921
BiancaGolden_CircleTurns,-392.2840,139.1322,224.6717,-5.3538,-3.2438,-28.8749,0.9576,-0.1312,-0.2565,0.9980,48,2.008540,-1.9228,1.3913
BiancaGolden_CircleTurns,-392.2202,139.0565,224.6153,-5.3680,-3.3606,-27.9037,0.9527,-0.1531,-0.2626,0.9980,48,2.021307,-1.9222,1.3906
BiancaGolden_CircleTurns,-392.1762,138.9485,224.5694,-5.2922,-3.4564,-27.0940,0.9485,-0.1708,-0.2669,0.9980,49,2.037083,-1.9218,1.3895
BiancaGolden_CircleTurns,-392.1262,138.8534,224.5351,-5.2076,-3.5231,-26.2502,0.9444,-0.1936,-0.2658,0.9980,49,2.050270,-1.9213,1.3885
BiancaGolden_CircleTurns,-392.0690,138.7351,224.5067,-5.1740,-3.5109,-25.4902,0.9409,-0.2139,-0.2625,0.9980,49,2.064639,-1.9207,1.3874
BiancaGolden_CircleTurns,-392.0112,138.6095,224.4777,-5.2810,-3.4989,-24.7416,0.9375,-0.2254,-0.2652,0.9980,50,2.078403,-1.9201,1.3861
BiancaGolden_CircleTurns,-391.9680,138.4698,224.4396,-5.3020,-3.5093,-24.1225,0.9397,-0.2149,-0.2661,0.9980,50,2.091841,-1.9197,1.3847
BiancaGolden_CircleTurns,-391.9417,138.3139,224.4000,-5.2920,-3.5758,-23.5408,0.9375,-0.2245,-0.2660,0.9980,51,2.106476,-1.9194,1.3831
BiancaGolden_CircleTurns,-391.9192,138.1688,224.3435,-5.2979,-3.6924,-22.9894,0.9337,-0.2351,-0.2702,0.9980,51,2.120122,-1.9192,1.3817
BiancaGolden_CircleTurns,-391.9085,138.0167,224.2795,-5.3602,-3.8391,-22.5397,0.9275,-0.2521,-0.2760,0.9980,52,2.134540,-1.9191,1.3802
BiancaGolden_CircleTurns,-391.8999,137.8476,224.2294,-5.3932,-4.0605,-22.1780,0.9250,-0.2576,-0.2794,0.9980,52,2.148148,-1.9190,1.3785
BiancaGolden_CircleTurns,-391.8724,137.6810,224.1647,-5.3965,-4.2034,-21.8310,0.9228,-0.2667,-0.2779,0.9980,52,2.162151,-1.9187,1.3768
BiancaGolden_CircleTurns,-391.8697,137.5116,224.1024,-5.4208,-4.3766,-21.5053,0.9231,-0.2629,-0.2806,0.9980,53,2.175836,-1.9187,1.3751
BiancaGolden_CircleTurns,-391.8570,137.3379,224.0275,-5.3295,-4.5304,-21.2649,0.9182,-0.2788,-0.2815,0.9980,53,2.188974,-1.9186,1.3734
BiancaGolden_CircleTurns,-391.8540,137.1604,223.9694,-5.2394,-4.7120,-21.0266,0.9177,-0.2824,-0.2794,0.9980,54,2.204116,-1.9185,1.3716
BiancaGolden_CircleTurns,-391.8380,136.9785,223.9181,-5.1420,-4.8359,-20.7402,0.9188,-0.2855,-0.2726,0.9980,54,2.217799,-1.9184,1.3698
BiancaGolden_CircleTurns,-391.8068,136.8098,223.8766,-4.9845,-4.9205,-20.5547,0.9170,-0.2921,-0.2715,0.9980,54,2.232021,-1.9181,1.3681
BiancaGolden_CircleTurns,-391.7566,136.6383,223.8348,-4.9004,-4.9258,-20.3505,0.9161,-0.2974,-0.2688,0.9980,55,2.245453,-1.9176,1.3664
BiancaGolden_CircleTurns,-391.7019,136.4787,223.8018,-4.9166,-4.9477,-20.1977,0.9165,-0.2959,-0.2691,0.9980,55,2.258702,-1.9170,1.3648
BiancaGolden_CircleTurns,-391.6225,136.3026,223.7907,-4.9257,-4.9625,-20.1064,0.9155,-0.3063,-0.2608,0.9980,56,2.273988,-1.9162,1.3630
BiancaGolden_CircleTurns,-391.5401,136.1394,223.7739,-4.8704,-5.0149,-20.0247,0.9157,-0.3048,-0.2620,0.9980,56,2.287594,-1.9154,1.3614
BiancaGolden_CircleTurns,-391.4364,135.9830,223.7529,-4.7442,-5.0869,-19.9128,0.9164,-0.3033,-0.2614,0.9980,57,2.301646,-1.9144,1.3598
BiancaGolden_CircleTurns,-391.3037,135.8361,223.7397,-4.5477,-5.1365,-19.7965,0.9268,-0.2782,-0.2521,0.9980,57,2.314795,-1.9130,1.3584
BiancaGolden_CircleTurns,-391.1512,135.6940,223.7362,-4.3932,-5.1647,-19.6528,0.9273,-0.2757,-0.2532,0.9980,57,2.329205,-1.9115,1.3569
BiancaGolden_CircleTurns,-390.9857,135.5392,223.7511,-4.2202,-5.2170,-19.4729,0.9280,-0.2732,-0.2535,0.9980,58,2.342507,-1.9099,1.3554
BiancaGolden_CircleTurns,-390.7718,135.3925,223.7755,-4.0117,-5.2257,-19.2859,0.9180,-0.3085,-0.2493,0.9980,58,2.355996,-1.9077,1.3539
BiancaGolden_CircleTurns,-390.5621,135.2797,223.7760,-3.8812,-5.2556,-19.0759,0.9216,-0.3069,-0.2377,0.9980,59,2.370956,-1.9056,1.3528
BiancaGolden_CircleTurns,-390.3306,135.1647,223.7706,-3.8184,-5.3109,-18.8564,0.9514,-0.2034,-0.2311,0.9980,59,2.384923,-1.9033,1.3516
BiancaGolden_CircleTurns,-390.0748,135.0479,223.7796,-3.7467,-5.3851,-18.6297,0.9519,-0.1999,-0.2324,0.9980,59,2.399162,-1.9007,1.3505
BiancaGolden_CircleTurns,-389.7966,134.9242,223.7842,-3.7008,-5.4576,-18.4093,0.9473,-0.1866,-0.2603,0.9980,60,2.412954,-1.8980,1.3492
BiancaGolden_CircleTurns,-389.5005,134.8068,223.7807,-3.6270,-5.4893,-18.2064,0.9478,-0.1833,-0.2608,0.9980,60,2.425830,-1.8950,1.3481
BiancaGolden_CircleTurns,-389.1851,134.6807,223.7515,-3.4311,-5.4951,-17.9731,0.9395,-0.2367,-0.2478,0.9980,61,2.440722,-1.8919,1.3468
BiancaGolden_CircleTurns,-388.8520,134.5455,223.7116,-3.2310,-5.4829,-17.7365,0.9346,-0.2638,-0.2388,0.9980,61,2.454451,-1.8885,1.3455
BiancaGolden_CircleTurns,-388.5029,134.4258,223.6575,-3.0935,-5.4603,-17.5560,0.9336,-0.2623,-0.2441,0.9980,62,2.472007,-1.8850,1.3443
BiancaGolden_CircleTurns,-388.1383,134.3218,223.6031,-3.0353,-5.4844,-17.4322,0.9345,-0.2636,-0.2393,0.9980,62,2.482600,-1.8814,1.3432
BiancaGolden_CircleTurns,-387.7385,134.2050,223.5546,-3.0023,-5.4939,-17.2921,0.9352,-0.2621,-0.2383,0.9980,62,2.496305,-1.8774,1.3420
BiancaGolden_CircleTurns,-387.3289,134.0757,223.4990,-2.8957,-5.4337,-17.1769,0.9344,-0.2680,-0.2346,0.9980,63,2.510245,-1.8733,1.3408
BiancaGolden_CircleTurns,-386.8918,133.9532,223.4085,-2.7979,-5.2822,-17.1326,0.9339,-0.2721,-0.2321,0.9980,63,2.523362,-1.8689,1.3395
BiancaGolden_CircleTurns,-386.4470,133.8373,223.2719,-2.7088,-5.1230,-17.1212,0.9319,-0.2745,-0.2371,0.9980,64,2.539111,-1.8645,1.3384
BiancaGolden_CircleTurns,-386.0181,133.7386,223.1545,-2.6184,-5.0773,-17.1094,0.9320,-0.2747,-0.2364,0.9980,64,2.551724,-1.8602,1.3374
BiancaGolden_CircleTurns,-385.5501,133.6460,223.0463,-2.5623,-5.0384,-17.1134,0.9306,-0.2748,-0.2417,0.9980,64,2.566043,-1.8555,1.3365
BiancaGolden_CircleTurns,-385.0936,133.5880,222.9675,-2.5947,-4.8250,-17.1704,0.9323,-0.2791,-0.2301,0.9980,65,2.579920,-1.8509,1.3359
BiancaGolden_CircleTurns,-384.6155,133.5247,222.8546,-2.6240,-4.4537,-17.1969,0.9313,-0.2800,-0.2329,0.9980,65,2.592958,-1.8462,1.3352
BiancaGolden_CircleTurns,-384.1474,133.4352,222.8787,-2.6619,-4.1131,-17.2052,0.9320,-0.2816,-0.2281,0.9980,66,2.608365,-1.8415,1.3344
BiancaGolden_CircleTurns,-383.6598,133.3510,223.1221,-2.7566,-3.8367,-17.2990,0.9296,-0.2912,-0.2260,0.9980,66,2.621994,-1.8366,1.3335
BiancaGolden_CircleTurns,-383.1786,133.2805,223.4967,-2.8562,-3.2563,-17.4311,0.9332,-0.2929,-0.2084,0.9980,67,2.636192,-1.8318,1.3328
BiancaGolden_CircleTurns,-382.7742,133.2760,223.7188,-2.9569,-2.2236,-17.4810,0.9389,-0.2828,-0.1962,0.9980,67,2.650012,-1.8277,1.3328
BiancaGolden_CircleTurns,-382.4118,133.2810,223.8854,-3.0905,-1.2256,-17.4674,0.9430,-0.2820,-0.1768,0.9980,67,2.663717,-1.8241,1.3328
BiancaGolden_CircleTurns,-382.1265,133.2526,224.1007,-3.0776,0.0074,-17.3324,0.9455,-0.2814,-0.1640,0.9980,68,2.677225,-1.8213,1.3325
BiancaGolden_CircleTurns,-381.8321,133.2529,224.4568,-3.1878,1.2199,-17.3026,0.9466,-0.2820,-0.1561,0.9980,68,2.690602,-1.8183,1.3325
BiancaGolden_CircleTurns,-381.5838,133.2640,224.7889,-3.2734,2.4374,-17.2219,0.9501,-0.2800,-0.1378,0.9980,69,2.705666,-1.8158,1.3326
BiancaGolden_CircleTurns,-381.4070,133.3011,225.0716,-3.4017,3.4984,-17.0766,0.9458,-0.2772,-0.1691,0.9980,69,2.719127,-1.8141,1.3330
BiancaGolden_CircleTurns,-381.2452,133.3426,225.3050,-3.4598,4.4773,-16.9440,0.9485,-0.2738,-0.1596,0.9980,69,2.733551,-1.8125,1.3334
BiancaGolden_CircleTurns,-381.0953,133.3657,225.5083,-3.4747,5.3806,-16.7787,0.9511,-0.2719,-0.1467,0.9980,70,2.746879,-1.8110,1.3337
BiancaGolden_CircleTurns,-380.9534,133.3903,225.6892,-3.3087,6.1655,-16.5938,0.9530,-0.2702,-0.1373,0.9980,70,2.760015,-1.8095,1.3339
BiancaGolden_CircleTurns,-380.7754,133.3876,225.8783,-3.0733,6.7111,-16.4061,0.9469,-0.2663,-0.1802,0.9980,71,2.775270,-1.8078,1.3339
BiancaGolden_CircleTurns,-380.6250,133.4111,226.0743,-2.9578,7.0195,-16.2821,0.9421,-0.2743,-0.1931,0.9980,71,2.788792,-1.8063,1.3341
BiancaGolden_CircleTurns,-380.4849,133.4196,226.2098,-2.8470,7.0670,-16.1965,0.9417,-0.2747,-0.1941,0.9980,72,2.802917,-1.8048,1.3342
BiancaGolden_CircleTurns,-380.3313,133.4018,226.3087,-2.6442,7.0080,-16.1636,0.9307,-0.2796,-0.2357,0.9980,72,2.816775,-1.8033,1.3340
BiancaGolden_CircleTurns,-380.1756,133.3547,226.3593,-2.2882,6.7263,-16.1878,0.9282,-0.2819,-0.2430,0.9980,72,2.830725,-1.8018,1.3335
BiancaGolden_CircleTurns,-380.0354,133.2917,226.3886,-1.8297,6.2924,-16.1968,0.9252,-0.2837,-0.2519,0.9980,73,2.844612,-1.8004,1.3329
BiancaGolden_CircleTurns,-379.8674,133.2154,226.3802,-1.2887,5.7543,-16.1519,0.9151,-0.2855,-0.2848,0.9980,73,2.857672,-1.7987,1.3322
BiancaGolden_CircleTurns,-379.6801,133.1395,226.3602,-0.7576,5.1029,-16.0761,0.9119,-0.2815,-0.2986,0.9980,74,2.872751,-1.7968,1.3314
BiancaGolden_CircleTurns,-379.4952,133.0768,226.2962,-0.3621,4.3879,-15.9420,0.9091,-0.2800,-0.3085,0.9980,74,2.886344,-1.7950,1.3308
BiancaGolden_CircleTurns,-379.3100,132.9982,226.2019,-0.1020,3.7253,-15.7689,0.9056,-0.2761,-0.3221,0.9980,74,2.900616,-1.7931,1.3300
BiancaGolden_CircleTurns,-379.1428,132.9095,226.0713,0.0333,2.9012,-15.5480,0.9020,-0.2714,-0.3359,0.9980,75,2.914010,-1.7914,1.3291
BiancaGolden_CircleTurns,-378.9935,132.8024,225.9671,0.1137,2.1162,-15.3547,0.8986,-0.2671,-0.3482,0.9980,75,2.927447,-1.7899,1.3280
BiancaGolden_CircleTurns,-378.8532,132.6607,225.9033,-0.0511,1.3156,-15.1671,0.8997,-0.2644,-0.3473,0.9980,76,2.942411,-1.7885,1.3266
BiancaGolden_CircleTurns,-378.7582,132.5064,225.7889,-0.1440,0.6147,-15.0256,0.9020,-0.2618,-0.3432,0.9980,76,2.956116,-1.7876,1.3251
BiancaGolden_CircleTurns,-378.7050,132.3065,225.6333,-0.3980,-0.1215,-14.9299,0.8989,-0.2598,-0.3527,0.9980,77,2.973849,-1.7871,1.3231
BiancaGolden_CircleTurns,-378.6800,132.0811,225.4629,-0.6192,-0.7009,-14.9422,0.8992,-0.2597,-0.3521,0.9980,77,2.984873,-1.7868,1.3208
BiancaGolden_CircleTurns,-378.7060,131.7951,225.3211,-0.9218,-1.2523,-15.1175,0.8957,-0.2646,-0.3574,0.9980,77,2.998011,-1.7871,1.3180
BiancaGolden_CircleTurns,-378.7320,131.4798,225.2216,-1.1986,-1.6780,-15.4230,0.8918,-0.2686,-0.3641,0.9980,78,3.011644,-1.7873,1.3148
BiancaGolden_CircleTurns,-378.7669,131.1428,225.1254,-1.4452,-2.0864,-15.8158,0.8924,-0.2793,-0.3545,0.9980,78,3.024454,-1.7877,1.3114
BiancaGolden_CircleTurns,-378.8231,130.7735,225.0058,-1.6682,-2.4459,-16.2481,0.8893,-0.2874,-0.3557,0.9980,79,3.040027,-1.7882,1.3077
BiancaGolden_CircleTurns,-378.9008,130.3884,224.8684,-1.7589,-2.8473,-16.7437,0.8864,-0.2954,-0.3565,0.9980,79,3.053221,-1.7890,1.3039
BiancaGolden_CircleTurns,-378.9888,129.9978,224.7090,-1.6866,-3.3622,-17.0990,0.8868,-0.3019,-0.3500,0.9980,79,3.067597,-1.7899,1.3000
BiancaGolden_CircleTurns,-379.0555,129.5607,224.5697,-1.4276,-4.0556,-17.3606,0.8853,-0.3055,-0.3507,0.9980,80,3.081380,-1.7906,1.2956
BiancaGolden_CircleTurns,-379.1437,129.1396,224.4187,-1.0834,-4.7830,-17.5539,0.8802,-0.3053,-0.3633,0.9980,80,3.094535,-1.7914,1.2914
BiancaGolden_CircleTurns,-379.2040,128.7118,224.2795,-0.6687,-5.5639,-17.5159,0.8873,-0.2906,-0.3582,0.9980,81,3.109546,-1.7920,1.2871
BiancaGolden_CircleTurns,-379.1757,128.2896,224.1527,-0.2920,-6.0276,-17.1311,0.8940,-0.2689,-0.3583,0.9980,81,3.123308,-1.7918,1.2829
BiancaGolden_CircleTurns,-379.0596,127.9292,224.0826,-0.2436,-6.0376,-16.4085,0.9006,-0.2290,-0.3694,0.9980,82,3.137471,-1.7906,1.2793
BiancaGolden_CircleTurns,-378.9359,127.5815,223.9900,-0.3832,-5.9304,-15.3080,0.9099,-0.1900,-0.3687,0.9980,82,3.152120,-1.7894,1.2758
BiancaGolden_CircleTurns,-378.8574,127.2842,223.9077,-0.5485,-5.9074,-13.8114,0.9130,-0.1568,-0.3766,0.9980,82,3.165600,-1.7886,1.2728
BiancaGolden_CircleTurns,-378.9464,127.0183,223.7494,-0.7895,-6.4021,-11.8396,0.9147,-0.1285,-0.3832,0.9980,83,3.178872,-1.7895,1.2702
BiancaGolden_CircleTurns,-379.0492,126.7044,223.6175,-1.2156,-7.1459,-10.2197,0.9145,-0.1100,-0.3893,0.9980,83,3.192115,-1.7905,1.2670
BiancaGolden_CircleTurns,-379.1301,126.3152,223.5751,-1.8168,-7.8622,-8.9559,0.9123,-0.1002,-0.3972,0.9980,84,3.207187,-1.7913,1.2632
BiancaGolden_CircleTurns,-379.1872,125.8684,223.6267,-2.2747,-8.4764,-8.0709,0.9111,-0.0885,-0.4026,0.9980,84,3.221092,-1.7919,1.2587
BiancaGolden_CircleTurns,-379.2107,125.3226,223.6830,-2.3461,-8.8024,-7.4294,0.9051,-0.1372,-0.4024,0.9980,85,3.235386,-1.7921,1.2532
BiancaGolden_CircleTurns,-379.2396,124.7494,223.6885,-1.9228,-9.0327,-6.9496,0.9048,-0.1325,-0.4046,0.9980,85,3.248699,-1.7924,1.2475
BiancaGolden_CircleTurns,-379.2635,124.1860,223.6360,-1.4703,-9.1838,-6.5375,0.9100,-0.1468,-0.3877,0.9980,85,3.263010,-1.7926,1.2419
BiancaGolden_CircleTurns,-379.2939,123.6346,223.5859,-1.0956,-9.3916,-6.2780,0.9075,-0.1684,-0.3847,0.9980,86,3.276341,-1.7929,1.2363
BiancaGolden_CircleTurns,-379.3362,123.0490,223.5081,-0.7251,-9.5954,-6.2846,0.9045,-0.1777,-0.3878,0.9980,86,3.289658,-1.7934,1.2305
BiancaGolden_CircleTurns,-379.3772,122.4704,223.4235,-0.4601,-9.8153,-6.3523,0.9023,-0.1815,-0.3910,0.9980,87,3.304705,-1.7938,1.2247
BiancaGolden_CircleTurns,-379.4070,121.8751,223.3446,-0.2564,-10.0448,-6.4711,0.9009,-0.2106,-0.3796,0.9980,87,3.318241,-1.7941,1.2188
BiancaGolden_CircleTurns,-379.4196,121.2925,223.2820,-0.0953,-10.1854,-6.7291,0.8994,-0.2148,-0.3807,0.9980,87,3.332459,-1.7942,1.2129
BiancaGolden_CircleTurns,-379.4369,120.7211,223.2385,0.1188,-10.2937,-6.9483,0.8984,-0.2184,-0.3810,0.9980,88,3.346204,-1.7944,1.2072
BiancaGolden_CircleTurns,-379.4360,120.1913,223.1952,0.3160,-10.3032,-7.2002,0.9013,-0.2253,-0.3699,0.9980,88,3.359783,-1.7944,1.2019
BiancaGolden_CircleTurns,-379.4449,119.6551,223.1423,0.4659,-10.3086,-7.3527,0.9028,-0.2271,-0.3653,0.9980,89,3.374330,-1.7944,1.1966
BiancaGolden_CircleTurns,-379.4524,119.1547,223.0680,0.5574,-10.3107,-7.4691,0.9023,-0.2277,-0.3660,0.9980,89,3.387911,-1.7945,1.1915
BiancaGolden_CircleTurns,-379.4705,118.6563,222.9754,0.6150,-10.3628,-7.5021,0.9019,-0.2275,-0.3673,0.9980,90,3.402505,-1.7947,1.1866
BiancaGolden_CircleTurns,-379.4980,118.2073,222.8940,0.5488,-10.4535,-7.5050,0.9041,-0.2266,-0.3622,0.9980,90,3.415665,-1.7950,1.1821
BiancaGolden_CircleTurns,-379.5087,117.7591,222.8383,0.4866,-10.5740,-7.4972,0.9051,-0.2207,-0.3633,0.9980,90,3.430193,-1.7951,1.1776
BiancaGolden_CircleTurns,-379.4920,117.3079,222.8667,0.6248,-10.6854,-7.4160,0.9077,-0.2158,-0.3599,0.9980,91,3.443549,-1.7949,1.1731
BiancaGolden_CircleTurns,-379.5177,116.9143,222.7383,0.4591,-10.6788,-7.3827,0.9084,-0.2108,-0.3610,0.9980,91,3.460015,-1.7952,1.1691
BiancaGolden_CircleTurns,-379.5748,116.4781,222.7817,0.5290,-10.9155,-7.2025,0.9090,-0.2101,-0.3598,0.9980,92,3.472284,-1.7957,1.1648
BiancaGolden_CircleTurns,-379.5813,116.0704,222.7595,0.8054,-10.8698,-7.1010,0.9092,-0.2065,-0.3616,0.9980,92,3.485249,-1.7958,1.1607
BiancaGolden_CircleTurns,-379.6811,115.7565,222.6658,0.9478,-10.8618,-6.9023,0.9093,-0.2054,-0.3620,0.9980,92,3.499894,-1.7968,1.1576
BiancaGolden_CircleTurns,-379.7415,115.4648,222.6070,0.9556,-11.0156,-6.7833,0.9097,-0.1991,-0.3643,0.9980,93,3.513098,-1.7974,1.1546
BiancaGolden_CircleTurns,-379.8270,115.1362,222.5341,1.1652,-11.1639,-6.3867,0.9129,-0.1928,-0.3597,0.9980,93,3.526401,-1.7983,1.1514
BiancaGolden_CircleTurns,-379.9255,114.9364,222.4750,1.3521,-11.4674,-5.9419,0.9129,-0.1842,-0.3643,0.9980,94,3.541349,-1.7993,1.1494
BiancaGolden_CircleTurns,-379.9993,114.7269,222.4200,1.4566,-11.7576,-5.5012,0.9143,-0.1751,-0.3652,0.9980,94,3.555102,-1.8000,1.1473
BiancaGolden_CircleTurns,-380.0529,114.5302,222.3297,1.5736,-12.0260,-4.9280,0.9142,-0.1635,-0.3708,0.9980,95,3.569726,-1.8005,1.1453
BiancaGolden_CircleTurns,-380.0966,114.3702,222.2151,1.6141,-12.3951,-4.1762,0.9127,-0.1605,-0.3757,0.9980,95,3.583050,-1.8010,1.1437
BiancaGolden_CircleTurns,-380.1029,114.1889,222.0872,1.6373,-12.7514,-3.5108,0.9130,-0.1512,-0.3790,0.9980,95,3.597523,-1.8010,1.1419
BiancaGolden_CircleTurns,-380.0664,113.9801,221.9791,1.6813,-13.1461,-2.9224,0.9112,-0.1486,-0.3842,0.9980,96,3.610754,-1.8007,1.1398
BiancaGolden_CircleTurns,-380.0261,113.7740,221.9053,1.8741,-13.6125,-2.6380,0.9079,-0.1583,-0.3881,0.9980,96,3.624068,-1.8003,1.1377
BiancaGolden_CircleTurns,-379.9101,113.4849,221.8091,2.4018,-13.9790,-2.3012,0.9043,-0.1627,-0.3947,0.9980,97,3.639270,-1.7991,1.1348
BiancaGolden_CircleTurns,-379.8018,113.2902,221.6852,2.6483,-14.4520,-2.3027,0.9071,-0.1661,-0.3867,0.9980,97,3.652714,-1.7980,1.1329
BiancaGolden_CircleTurns,-379.6826,113.0897,221.5597,2.7230,-14.8601,-2.2733,0.9038,-0.1685,-0.3933,0.9980,97,3.667098,-1.7968,1.1309
BiancaGolden_CircleTurns,-379.5618,112.9101,221.4856,2.7706,-15.2815,-2.4249,0.9014,-0.1726,-0.3970,0.9980,98,3.680563,-1.7956,1.1291
BiancaGolden_CircleTurns,-379.4033,112.7176,221.5283,2.8930,-15.5309,-2.6742,0.9002,-0.1929,-0.3903,0.9980,98,3.694207,-1.7940,1.1272
BiancaGolden_CircleTurns,-379.2153,112.5234,221.5887,3.0727,-15.5867,-2.8447,0.9045,-0.1968,-0.3784,0.9980,99,3.709109,-1.7922,1.1252
BiancaGolden_CircleTurns,-379.0427,112.3891,221.6458,3.1244,-15.5117,-3.1116,0.9059,-0.2019,-0.3723,0.9980,99,3.722782,-1.7904,1.1239
BiancaGolden_CircleTurns,-378.8908,112.2764,221.6351,2.8555,-15.4396,-3.4058,0.9058,-0.2049,-0.3708,0.9980,100,3.737576,-1.7889,1.1228
BiancaGolden_CircleTurns,-378.6640,112.1302,221.7251,2.9251,-15.3398,-3.7372,0.9056,-0.2108,-0.3680,0.9980,100,3.750792,-1.7866,1.1213
BiancaGolden_CircleTurns,-378.4756,112.0512,221.7574,3.0560,-15.1878,-4.0907,0.9063,-0.2123,-0.3655,0.9980,100,3.765032,-1.7848,1.1205
BiancaGolden_CircleTurns,-378.2599,111.9689,221.8488,3.2757,-15.0628,-4.1513,0.9071,-0.2174,-0.3604,0.9980,101,3.778512,-1.7826,1.1197
BiancaGolden_CircleTurns,-378.0130,111.9720,221.8640,3.2334,-14.7546,-4.3213,0.9108,-0.2166,-0.3513,0.9980,101,3.791597,-1.7801,1.1197
BiancaGolden_CircleTurns,-377.7616,112.0016,221.9111,2.9747,-14.4290,-4.3157,0.9140,-0.2080,-0.3484,0.9980,102,3.806543,-1.7776,1.1200
BiancaGolden_CircleTurns,-377.4436,112.0358,221.9395,2.8420,-13.9062,-4.2924,0.9162,-0.2074,-0.3428,0.9980,102,3.820227,-1.7744,1.1204
BiancaGolden_CircleTurns,-377.1815,112.1101,221.9250,2.7310,-13.5290,-4.4157,0.9177,-0.2080,-0.3386,0.9980,103,3.834805,-1.7718,1.1211
BiancaGolden_CircleTurns,-376.8996,112.1786,221.8966,2.6222,-13.2526,-4.4561,0.9154,-0.2076,-0.3448,0.9980,103,3.848549,-1.7690,1.1218
BiancaGolden_CircleTurns,-376.6373,112.3105,221.8354,2.5670,-13.0366,-4.4836,0.9153,-0.2088,-0.3444,0.9980,103,3.862445,-1.7664,1.1231
BiancaGolden_CircleTurns,-376.3430,112.4682,221.8067,2.5470,-12.8950,-4.5559,0.9166,-0.2067,-0.3423,0.9980,104,3.875968,-1.7634,1.1247
BiancaGolden_CircleTurns,-376.0218,112.6363,221.7749,2.5565,-12.7313,-4.5532,0.9161,-0.2028,-0.3460,0.9980,104,3.889180,-1.7602,1.1264
BiancaGolden_CircleTurns,-375.6902,112.8551,221.7378,2.5397,-12.6253,-4.6046,0.9166,-0.2031,-0.3444,0.9980,105,3.904645,-1.7569,1.1286
BiancaGolden_CircleTurns,-375.3384,113.0886,221.6816,2.5359,-12.5246,-4.6172,0.9160,-0.2030,-0.3460,0.9980,105,3.918216,-1.7534,1.1309
BiancaGolden_CircleTurns,-374.9838,113.3461,221.6147,2.5710,-12.4401,-4.6236,0.9169,-0.1969,-0.3472,0.9980,105,3.932777,-1.7498,1.1335
BiancaGolden_CircleTurns,-374.6134,113.6417,221.5699,2.5753,-12.4303,-4.6981,0.9149,-0.1984,-0.3514,0.9980,106,3.946503,-1.7461,1.1364
BiancaGolden_CircleTurns,-374.2356,113.9325,221.5245,2.6260,-12.3997,-4.7610,0.9103,-0.2015,-0.3617,0.9980,106,3.962605,-1.7424,1.1393
BiancaGolden_CircleTurns,-373.8346,114.2749,221.4871,2.7023,-12.4512,-4.9009,0.9100,-0.2036,-0.3611,0.9980,107,3.974461,-1.7383,1.1427
BiancaGolden_CircleTurns,-373.4209,114.6194,221.4917,2.7893,-12.4384,-5.0123,0.9100,-0.2057,-0.3599,0.9980,107,3.987546,-1.7342,1.1462
BiancaGolden_CircleTurns,-372.9318,114.9920,221.5884,2.9141,-12.3827,-5.1217,0.9109,-0.2069,-0.3569,0.9980,108,4.002001,-1.7293,1.1499
BiancaGolden_CircleTurns,-372.3989,115.3851,221.7492,3.0859,-12.2133,-5.2068,0.9124,-0.2075,-0.3527,0.9980,108,4.015397,-1.7240,1.1539
BiancaGolden_CircleTurns,-371.8608,115.8088,221.8534,3.1830,-11.7719,-5.2392,0.9150,-0.2081,-0.3457,0.9980,108,4.030065,-1.7186,1.1581
BiancaGolden_CircleTurns,-371.3854,116.2462,221.8587,3.1658,-11.3169,-5.2885,0.9135,-0.2083,-0.3495,0.9980,109,4.043707,-1.7139,1.1625
BiancaGolden_CircleTurns,-370.8609,116.6523,221.9458,3.0527,-10.9428,-5.2730,0.9166,-0.2052,-0.3432,0.9980,109,4.056515,-1.7086,1.1665
BiancaGolden_CircleTurns,-370.3069,117.1034,222.1283,2.9342,-10.4192,-5.3640,0.9196,-0.2071,-0.3339,0.9980,110,4.071920,-1.7031,1.1710
BiancaGolden_CircleTurns,-369.7535,117.5374,222.2999,2.8270,-9.8327,-5.4783,0.9234,-0.2069,-0.3233,0.9980,110,4.085279,-1.6975,1.1754
BiancaGolden_CircleTurns,-369.2308,117.9658,222.4197,2.8421,-9.0863,-5.5375,0.9254,-0.2093,-0.3159,0.9980,110,4.099670,-1.6923,1.1797
BiancaGolden_CircleTurns,-368.7355,118.4114,222.5135,2.8213,-8.3876,-5.6601,0.9248,-0.2165,-0.3130,0.9980,111,4.113058,-1.6874,1.1841
BiancaGolden_CircleTurns,-368.2506,118.8504,222.6008,2.8340,-7.6383,-5.8075,0.9253,-0.2199,-0.3089,0.9980,111,4.126493,-1.6825,1.1885
BiancaGolden_CircleTurns,-367.7972,119.3014,222.6933,2.9059,-6.8700,-5.9604,0.9245,-0.2231,-0.3090,0.9980,112,4.141824,-1.6780,1.1930
BiancaGolden_CircleTurns,-367.3708,119.7366,222.8181,2.9136,-6.1399,-6.1051,0.9259,-0.2265,-0.3022,0.9980,112,4.155173,-1.6737,1.1974
BiancaGolden_CircleTurns,-366.9708,120.1810,222.9963,2.8851,-5.3890,-6.3323,0.9293,-0.2297,-0.2893,0.9980,113,4.169933,-1.6697,1.2018
BiancaGolden_CircleTurns,-366.5776,120.6250,223.2013,2.8058,-4.5951,-6.5161,0.9277,-0.2324,-0.2921,0.9980,113,4.183101,-1.6658,1.2063
BiancaGolden_CircleTurns,-366.1829,121.0969,223.4262,2.6624,-3.6943,-6.6768,0.9275,-0.2334,-0.2919,0.9980,113,4.197452,-1.6618,1.2110
BiancaGolden_CircleTurns,-365.8214,121.5781,223.6084,2.3904,-2.7842,-6.8278,0.9240,-0.2322,-0.3038,0.9980,114,4.210982,-1.6582,1.2158
BiancaGolden_CircleTurns,-365.5045,122.0326,223.7625,2.0895,-2.0703,-6.9639,0.9220,-0.2374,-0.3059,0.9980,114,4.224216,-1.6550,1.2203
BiancaGolden_CircleTurns,-365.1786,122.4909,223.9221,1.7202,-1.5237,-7.2205,0.9241,-0.2405,-0.2971,0.9980,115,4.239374,-1.6518,1.2249
BiancaGolden_CircleTurns,-364.8452,122.9374,224.1185,1.6301,-0.9767,-7.4211,0.9075,-0.2563,-0.3328,0.9980,115,4.252916,-1.6485,1.2294
BiancaGolden_CircleTurns,-364.5022,123.3869,224.3315,1.6718,-0.4267,-7.5042,0.8928,-0.2624,-0.3663,0.9980,115,4.267467,-1.6450,1.2339
BiancaGolden_CircleTurns,-364.1670,123.8534,224.5388,1.6916,0.0964,-7.5668,0.8818,-0.2565,-0.3958,0.9980,116,4.280803,-1.6417,1.2385
BiancaGolden_CircleTurns,-363.8552,124.3030,224.7201,1.6297,0.4958,-7.6119,0.8702,-0.2590,-0.4191,0.9980,116,4.293917,-1.6386,1.2430
BiancaGolden_CircleTurns,-363.5645,124.7160,224.8621,1.5099,0.7262,-7.6689,0.8580,-0.2556,-0.4455,0.9980,117,4.309200,-1.6356,1.2472
BiancaGolden_CircleTurns,-363.2843,125.1078,224.9799,1.5369,0.8220,-7.7647,0.8586,-0.2568,-0.4437,0.9980,117,4.322668,-1.6328,1.2511
BiancaGolden_CircleTurns,-362.9937,125.4839,225.0894,1.6622,0.9187,-7.7711,0.8524,-0.2536,-0.4573,0.9980,118,4.337529,-1.6299,1.2548
BiancaGolden_CircleTurns,-362.7020,125.8632,225.2024,1.7049,0.9956,-7.8281,0.8456,-0.2536,-0.4698,0.9980,118,4.350600,-1.6270,1.2586
BiancaGolden_CircleTurns,-362.4224,126.2172,225.2920,1.6036,1.0613,-7.9103,0.8398,-0.2583,-0.4776,0.9980,118,4.364893,-1.6242,1.2622
BiancaGolden_CircleTurns,-362.1528,126.5485,225.3461,1.4677,1.1609,-8.0053,0.8374,-0.2589,-0.4813,0.9980,119,4.378316,-1.6215,1.2655
BiancaGolden_CircleTurns,-361.8952,126.8504,225.3631,1.3720,1.1548,-8.1102,0.8296,-0.2563,-0.4960,0.9980,119,4.391601,-1.6190,1.2685
BiancaGolden_CircleTurns,-361.6268,127.1460,225.3875,1.3988,1.0792,-8.2045,0.8282,-0.2576,-0.4977,0.9980,120,4.407074,-1.6163,1.2715
BiancaGolden_CircleTurns,-361.3616,127.4255,225.4062,1.4406,0.9308,-8.2768,0.8246,-0.2577,-0.5035,0.9980,120,4.421970,-1.6136,1.2743
BiancaGolden_CircleTurns,-361.1099,127.6872,225.4257,1.4233,0.7366,-8.3346,0.8186,-0.2580,-0.5132,0.9980,121,4.434653,-1.6111,1.2769
BiancaGolden_CircleTurns,-360.8531,127.9297,225.4194,1.3433,0.4763,-8.4146,0.8118,-0.2583,-0.5236,0.9980,121,4.447881,-1.6085,1.2793
BiancaGolden_CircleTurns,-360.5733,128.1479,225.4303,1.2818,0.1839,-8.5092,0.7927,-0.2888,-0.5368,0.9980,121,4.465391,-1.6057,1.2815
BiancaGolden_CircleTurns,-360.2778,128.3526,225.4497,1.2350,-0.0702,-8.5973,0.7638,-0.3428,-0.5469,0.9980,122,4.477527,-1.6028,1.2835
BiancaGolden_CircleTurns,-359.9614,128.5405,225.4628,1.2095,-0.3228,-8.7101,0.7612,-0.3436,-0.5501,0.9980,122,4.490518,-1.5996,1.2854
BiancaGolden_CircleTurns,-359.6601,128.7183,225.4793,1.2763,-0.5663,-8.7506,0.7494,-0.3588,-0.5565,0.9980,123,4.505821,-1.5966,1.2872
BiancaGolden_CircleTurns,-359.3237,128.8842,225.4678,1.2836,-0.7183,-8.7827,0.7368,-0.3664,-0.5682,0.9980,123,4.519175,-1.5932,1.2888
BiancaGolden_CircleTurns,-359.0160,129.0489,225.4553,1.1603,-0.8854,-8.8293,0.7350,-0.3653,-0.5713,0.9980,123,4.533456,-1.5902,1.2905
BiancaGolden_CircleTurns,-358.7042,129.1950,225.4135,1.0182,-1.0043,-8.8408,0.7297,-0.3737,-0.5727,0.9980,124,4.546372,-1.5870,1.2919
BiancaGolden_CircleTurns,-358.4010,129.3258,225.3629,0.9156,-1.1557,-8.8077,0.7290,-0.3721,-0.5745,0.9980,124,4.559214,-1.5840,1.2933
BiancaGolden_CircleTurns,-358.1006,129.4390,225.3526,0.8416,-1.3395,-8.7391,0.7285,-0.3707,-0.5761,0.9980,125,4.574108,-1.5810,1.2944
BiancaGolden_CircleTurns,-357.7824,129.5458,225.3842,0.7237,-1.4333,-8.7289,0.7318,-0.3656,-0.5752,0.9980,125,4.587550,-1.5778,1.2955
BiancaGolden_CircleTurns,-357.4409,129.6091,225.4110,0.5734,-1.4029,-8.7539,0.7364,-0.3672,-0.5682,0.9980,126,4.601649,-1.5744,1.2961
BiancaGolden_CircleTurns,-357.1095,129.6850,225.3965,0.4474,-1.2595,-8.8530,0.7342,-0.3734,-0.5670,0.9980,126,4.615042,-1.5711,1.2969
BiancaGolden_CircleTurns,-356.7886,129.7242,225.3520,0.2311,-1.2694,-8.9309,0.7289,-0.3823,-0.5679,0.9980,126,4.629989,-1.5679,1.2972
BiancaGolden_CircleTurns,-356.4591,129.7404,225.3498,0.1099,-1.2669,-9.0437,0.7026,-0.4302,-0.5668,0.9980,127,4.642954,-1.5646,1.2974
BiancaGolden_CircleTurns,-356.1077,129.7482,225.3761,0.1390,-1.1372,-9.1946,0.7038,-0.4328,-0.5634,0.9980,127,4.656171,-1.5611,1.2975
BiancaGolden_CircleTurns,-355.7268,129.7673,225.4182,0.1810,-0.9329,-9.3274,0.6807,-0.4753,-0.5574,0.9980,128,4.671098,-1.5573,1.2977
BiancaGolden_CircleTurns,-355.3442,129.7729,225.4498,0.2694,-0.6364,-9.3885,0.6802,-0.4775,-0.5562,0.9980,128,4.684369,-1.5534,1.2977
BiancaGolden_CircleTurns,-354.9871,129.7718,225.4736,0.2927,-0.5083,-9.4498,0.6756,-0.4838,-0.5564,0.9980,128,4.698848,-1.5499,1.2977
BiancaGolden_CircleTurns,-354.6187,129.7496,225.4905,0.3039,-0.4614,-9.4951,0.6709,-0.4915,-0.5553,0.9980,129,4.711877,-1.5462,1.2975
BiancaGolden_CircleTurns,-354.2089,129.7035,225.5042,0.3423,-0.3785,-9.6166,0.6714,-0.4935,-0.5529,0.9980,129,4.725583,-1.5421,1.2970
BiancaGolden_CircleTurns,-353.7772,129.6466,225.5297,0.3910,-0.2258,-9.7189,0.6717,-0.4955,-0.5507,0.9980,130,4.740781,-1.5378,1.2965
BiancaGolden_CircleTurns,-353.3343,129.5783,225.5404,0.4329,-0.0694,-9.8472,0.6729,-0.4907,-0.5536,0.9980,130,4.753808,-1.5333,1.2958
BiancaGolden_CircleTurns,-352.8794,129.5051,225.5327,0.4051,0.0343,-9.9515,0.6746,-0.4883,-0.5536,0.9980,131,4.768450,-1.5288,1.2951
BiancaGolden_CircleTurns,-352.4186,129.4125,225.5145,0.4226,0.0996,-10.0411,0.6748,-0.4882,-0.5534,0.9980,131,4.781430,-1.5242,1.2941
BiancaGolden_CircleTurns,-351.9287,129.2997,225.5054,0.4777,0.1054,-10.1044,0.6752,-0.4873,-0.5538,0.9980,131,4.795689,-1.5193,1.2930
BiancaGolden_CircleTurns,-351.4240,129.1714,225.4963,0.5631,0.0927,-10.1349,0.6725,-0.4859,-0.5582,0.9980,132,4.809420,-1.5142,1.2917
BiancaGolden_CircleTurns,-350.9002,129.0493,225.4711,0.6133,0.0474,-10.1770,0.6712,-0.4857,-0.5600,0.9980,132,4.822248,-1.5090,1.2905
BiancaGolden_CircleTurns,-350.3725,128.9094,225.4250,0.6255,-0.0662,-10.1875,0.6701,-0.4814,-0.5650,0.9980,133,4.837223,-1.5037,1.2891
BiancaGolden_CircleTurns,-349.8216,128.7525,225.3727,0.6079,-0.2215,-10.1879,0.6632,-0.4803,-0.5741,0.9980,133,4.850922,-1.4982,1.2875
BiancaGolden_CircleTurns,-349.2387,128.5786,225.2911,0.5810,-0.4331,-10.1856,0.6633,-0.4784,-0.5755,0.9980,133,4.865084,-1.4924,1.2858
BiancaGolden_CircleTurns,-348.6419,128.3894,225.2110,0.5366,-0.6482,-10.1789,0.6590,-0.4768,-0.5817,0.9980,134,4.878641,-1.4864,1.2839
BiancaGolden_CircleTurns,-348.0266,128.1874,225.1146,0.4973,-0.8655,-10.1758,0.6565,-0.4758,-0.5854,0.9980,134,4.891816,-1.4803,1.2819
BiancaGolden_CircleTurns,-347.4135,127.9852,224.9838,0.4758,-1.1047,-10.1594,0.6537,-0.4741,-0.5898,0.9980,135,4.907100,-1.4741,1.2799
BiancaGolden_CircleTurns,-346.7845,127.7726,224.8236,0.4388,-1.4508,-10.0869,0.6497,-0.4728,-0.5953,0.9980,135,4.920506,-1.4678,1.2777
BiancaGolden_CircleTurns,-346.1495,127.5487,224.6600,0.4561,-1.8946,-10.0250,0.6459,-0.4709,-0.6008,0.9980,136,4.934679,-1.4615,1.2755
BiancaGolden_CircleTurns,-345.5060,127.3128,224.4736,0.4762,-2.3388,-9.9717,0.6417,-0.4702,-0.6059,0.9980,136,4.948334,-1.4551,1.2731
BiancaGolden_CircleTurns,-344.8558,127.0456,224.2770,0.5507,-2.8470,-9.8923,0.6365,-0.4717,-0.6102,0.9980,136,4.966045,-1.4486,1.2705
BiancaGolden_CircleTurns,-344.1939,126.7803,224.0945,0.6068,-3.3303,-9.8174,0.6338,-0.4703,-0.6141,0.9980,137,4.976652,-1.4419,1.2678
BiancaGolden_CircleTurns,-343.4957,126.4938,223.9251,0.6171,-3.7382,-9.7525,0.6308,-0.4691,-0.6181,0.9980,137,4.988807,-1.4350,1.2649
BiancaGolden_CircleTurns,-342.7813,126.2050,223.7681,0.5821,-4.0272,-9.7315,0.6314,-0.4679,-0.6184,0.9980,138,5.004124,-1.4278,1.2621
BiancaGolden_CircleTurns,-342.0862,125.8910,223.5914,0.5243,-4.2662,-9.6661,0.6337,-0.4651,-0.6182,0.9980,138,5.017304,-1.4209,1.2589
BiancaGolden_CircleTurns,-341.3983,125.5706,223.4090,0.4678,-4.5027,-9.6104,0.6338,-0.4685,-0.6154,0.9980,138,5.031894,-1.4140,1.2557
BiancaGolden_CircleTurns,-340.7288,125.2246,223.2115,0.4450,-4.7100,-9.5382,0.6317,-0.4679,-0.6181,0.9980,139,5.044998,-1.4073,1.2522
BiancaGolden_CircleTurns,-340.0650,124.8713,223.0430,0.4174,-4.9409,-9.4287,0.6310,-0.4669,-0.6196,0.9980,139,5.058524,-1.4007,1.2487
BiancaGolden_CircleTurns,-339.3716,124.5190,222.9585,0.3648,-5.1977,-9.3065,0.6302,-0.4651,-0.6217,0.9980,140,5.073343,-1.3937,1.2452
BiancaGolden_CircleTurns,-338.6341,124.1490,223.0350,0.3535,-5.3680,-9.1750,0.6340,-0.4672,-0.6163,0.9980,140,5.086854,-1.3863,1.2415
BiancaGolden_CircleTurns,-337.8723,123.7854,223.1345,0.2399,-5.1642,-9.0146,0.6443,-0.4668,-0.6057,0.9980,141,5.101240,-1.3787,1.2379
BiancaGolden_CircleTurns,-337.1331,123.4311,223.2066,0.1354,-4.4425,-8.8842,0.6904,-0.4580,-0.5600,0.9980,141,5.114622,-1.3713,1.2343
BiancaGolden_CircleTurns,-336.3751,123.0531,223.3504,0.0485,-3.7259,-8.7038,0.7567,-0.4274,-0.4947,0.9980,141,5.129041,-1.3638,1.2305
BiancaGolden_CircleTurns,-335.5991,122.6703,223.6296,0.0983,-2.8866,-8.4871,0.8019,-0.4331,-0.4117,0.9980,142,5.142614,-1.3560,1.2267
BiancaGolden_CircleTurns,-334.8505,122.3137,223.8558,0.3320,-1.8574,-8.2133,0.8094,-0.4314,-0.3984,0.9980,142,5.156139,-1.3485,1.2231
BiancaGolden_CircleTurns,-334.1708,121.9974,223.9178,0.5172,-1.0148,-7.9232,0.8167,-0.4276,-0.3875,0.9980,143,5.170805,-1.3417,1.2200
BiancaGolden_CircleTurns,-333.5113,121.6872,223.8803,0.6351,-0.5699,-7.5902,0.8891,-0.3227,-0.3246,0.9980,143,5.184958,-1.3351,1.2169
BiancaGolden_CircleTurns,-332.8300,121.3770,223.8370,0.7434,-0.4167,-7.2951,0.8891,-0.3188,-0.3285,0.9980,143,5.198602,-1.3283,1.2138
BiancaGolden_CircleTurns,-332.1725,121.0672,223.8769,0.9475,-0.7083,-6.9836,0.8817,-0.3415,-0.3256,0.9980,144,5.212394,-1.3217,1.2107
BiancaGolden_CircleTurns,-331.5492,120.7703,223.9572,1.2266,-1.2908,-6.7126,0.8791,-0.3389,-0.3351,0.9980,144,5.225248,-1.3155,1.2077
BiancaGolden_CircleTurns,-330.8870,120.4659,224.0428,1.5985,-2.0731,-6.4492,0.8768,-0.3367,-0.3434,0.9980,145,5.240246,-1.3089,1.2047
BiancaGolden_CircleTurns,-330.2164,120.1812,224.1967,1.8590,-2.6697,-6.2380,0.9046,-0.2998,-0.3030,0.9980,145,5.253872,-1.3022,1.2018
BiancaGolden_CircleTurns,-329.5171,119.9410,224.3776,1.9656,-2.8460,-6.1011,0.9144,-0.2908,-0.2815,0.9980,146,5.268147,-1.2952,1.1994
BiancaGolden_CircleTurns,-328.8267,119.7211,224.5764,1.9530,-2.6986,-5.9509,0.9254,-0.2893,-0.2448,0.9980,146,5.281600,-1.2883,1.1972
BiancaGolden_CircleTurns,-328.1407,119.4967,224.7042,1.9443,-2.3189,-5.8377,0.9276,-0.2881,-0.2377,0.9980,146,5.296050,-1.2814,1.1950
BiancaGolden_CircleTurns,-327.4818,119.2786,224.7408,2.1075,-1.9380,-5.7291,0.9306,-0.2834,-0.2317,0.9980,147,5.309527,-1.2748,1.1928
BiancaGolden_CircleTurns,-326.8612,119.0844,224.7618,2.2603,-1.6321,-5.5695,0.9321,-0.2816,-0.2279,0.9980,147,5.322721,-1.2686,1.1908
BiancaGolden_CircleTurns,-326.2070,118.9190,224.8641,2.4093,-1.4364,-5.4229,0.9332,-0.2799,-0.2256,0.9980,148,5.338305,-1.2621,1.1892
BiancaGolden_CircleTurns,-325.5362,118.7850,225.0055,2.4867,-1.1340,-5.2988,0.9326,-0.2798,-0.2279,0.9980,148,5.351299,-1.2554,1.1879
BiancaGolden_CircleTurns,-324.8444,118.7044,225.1549,2.4035,-0.7593,-5.1990,0.9328,-0.2807,-0.2262,0.9980,148,5.367293,-1.2484,1.1870
BiancaGolden_CircleTurns,-324.1728,118.5969,225.2409,2.3660,-0.4834,-5.1390,0.9294,-0.2882,-0.2305,0.9980,149,5.380501,-1.2417,1.1860
BiancaGolden_CircleTurns,-323.5434,118.5209,225.2787,2.4192,-0.4951,-5.1473,0.9236,-0.2941,-0.2459,0.9980,149,5.394107,-1.2354,1.1852
BiancaGolden_CircleTurns,-322.8657,118.4754,225.2779,2.4233,-0.6456,-5.2197,0.9227,-0.2952,-0.2482,0.9980,150,5.408542,-1.2287,1.1848
BiancaGolden_CircleTurns,-322.1732,118.4865,225.2825,2.3928,-0.7781,-5.2968,0.9215,-0.2958,-0.2518,0.9980,150,5.422086,-1.2217,1.1849
BiancaGolden_CircleTurns,-321.4439,118.5196,225.3554,2.3286,-0.7911,-5.3524,0.9223,-0.2956,-0.2489,0.9980,151,5.436244,-1.2144,1.1852
BiancaGolden_CircleTurns,-320.6872,118.5931,225.4353,2.2322,-0.6177,-5.3919,0.9204,-0.2949,-0.2565,0.9980,151,5.449706,-1.2069,1.1859
BiancaGolden_CircleTurns,-319.9408,118.6963,225.4528,2.2124,-0.3652,-5.4037,0.9219,-0.2927,-0.2537,0.9980,152,5.467880,-1.1994,1.1870
BiancaGolden_CircleTurns,-319.1988,118.8249,225.3954,2.2495,-0.1929,-5.3685,0.9213,-0.2940,-0.2545,0.9980,152,5.477656,-1.1920,1.1882
BiancaGolden_CircleTurns,-318.4936,118.9715,225.3187,2.2799,-0.2836,-5.3236,0.9200,-0.2938,-0.2596,0.9980,152,5.493440,-1.1849,1.1897
BiancaGolden_CircleTurns,-317.7952,119.1239,225.2590,2.3414,-0.6068,-5.3037,0.9197,-0.2916,-0.2629,0.9980,153,5.506717,-1.1780,1.1912
BiancaGolden_CircleTurns,-317.0762,119.3096,225.1822,2.3703,-0.9945,-5.3126,0.9166,-0.2953,-0.2696,0.9980,153,5.519442,-1.1708,1.1931
BiancaGolden_CircleTurns,-316.3432,119.5276,225.0968,2.3605,-1.3639,-5.3770,0.9129,-0.2941,-0.2829,0.9980,154,5.534682,-1.1634,1.1953
BiancaGolden_CircleTurns,-315.5961,119.7688,224.9508,2.3274,-1.7504,-5.5005,0.9104,-0.2977,-0.2872,0.9980,154,5.547703,-1.1560,1.1977
BiancaGolden_CircleTurns,-314.8282,120.0221,224.8343,2.3618,-1.9860,-5.6593,0.9098,-0.3005,-0.2863,0.9980,154,5.561872,-1.1483,1.2002
BiancaGolden_CircleTurns,-314.0382,120.3043,224.7345,2.4338,-1.9480,-5.8176,0.9102,-0.3037,-0.2817,0.9980,155,5.576011,-1.1404,1.2030
BiancaGolden_CircleTurns,-313.2639,120.6116,224.6289,2.4863,-1.6786,-5.9941,0.9117,-0.3072,-0.2728,0.9980,155,5.588001,-1.1326,1.2061
BiancaGolden_CircleTurns,-312.5120,120.9547,224.4152,2.4831,-1.2181,-6.1862,0.9135,-0.3099,-0.2637,0.9980,156,5.602752,-1.1251,1.2095
BiancaGolden_CircleTurns,-311.7710,121.2989,224.1199,2.4515,-0.8490,-6.3604,0.9142,-0.3097,-0.2613,0.9980,156,5.616298,-1.1177,1.2130
BiancaGolden_CircleTurns,-311.0933,121.6865,223.7426,2.3773,-0.6879,-6.5433,0.9139,-0.3029,-0.2702,0.9980,156,5.630950,-1.1109,1.2169
BiancaGolden_CircleTurns,-310.4454,122.0948,223.3828,2.2856,-0.9595,-6.7649,0.9101,-0.3061,-0.2792,0.9980,157,5.644001,-1.1045,1.2209
BiancaGolden_CircleTurns,-309.7900,122.5169,223.1046,2.2220,-1.4274,-7.0055,0.9056,-0.3109,-0.2885,0.9980,157,5.657282,-1.0979,1.2252
BiancaGolden_CircleTurns,-309.1102,122.9681,222.8998,2.1375,-1.9726,-7.3559,0.9011,-0.3173,-0.2957,0.9980,158,5.672061,-1.0911,1.2297
BiancaGolden_CircleTurns,-308.4212,123.4240,222.7153,2.0874,-2.3826,-7.7504,0.8984,-0.3241,-0.2964,0.9980,158,5.685712,-1.0842,1.2342
BiancaGolden_CircleTurns,-307.7391,123.8692,222.5448,2.0642,-2.7172,-8.2159,0.8925,-0.3319,-0.3053,0.9980,158,5.700838,-1.0774,1.2387
BiancaGolden_CircleTurns,-307.0394,124.3190,222.4957,2.1294,-3.2800,-8.7242,0.8855,-0.3404,-0.3162,0.9980,159,5.713296,-1.0704,1.2432
BiancaGolden_CircleTurns,-306.2400,124.7895,222.7704,2.0669,-3.9337,-9.3257,0.8864,-0.3382,-0.3159,0.9980,159,5.726612,-1.0624,1.2479
BiancaGolden_CircleTurns,-305.3760,125.2927,223.0819,1.8039,-3.8979,-9.9948,0.8822,-0.3472,-0.3180,0.9980,160,5.741557,-1.0538,1.2529
BiancaGolden_CircleTurns,-304.6834,125.8173,223.0503,1.1273,-3.8987,-10.7653,0.8797,-0.3539,-0.3176,0.9980,160,5.755051,-1.0468,1.2582
BiancaGolden_CircleTurns,-303.9849,126.2596,222.9219,0.7738,-3.9777,-11.3247,0.8814,-0.3631,-0.3021,0.9980,161,5.769407,-1.0398,1.2626
BiancaGolden_CircleTurns,-303.3165,126.6850,222.8452,0.9132,-4.0149,-11.8279,0.8806,-0.3660,-0.3009,0.9980,161,5.783015,-1.0332,1.2668
BiancaGolden_CircleTurns,-302.7079,127.1356,222.8533,1.1494,-4.2948,-12.3049,0.8794,-0.3678,-0.3022,0.9980,161,5.797315,-1.0271,1.2714
BiancaGolden_CircleTurns,-302.1062,127.5806,222.8847,1.3741,-4.7332,-12.7312,0.8806,-0.3606,-0.3074,0.9980,162,5.810768,-1.0211,1.2758
BiancaGolden_CircleTurns,-301.4578,128.0353,223.0016,1.4596,-5.0401,-13.1521,0.8781,-0.3654,-0.3089,0.9980,162,5.823880,-1.0146,1.2804
BiancaGolden_CircleTurns,-300.7856,128.4603,223.2683,1.4536,-5.1306,-13.4725,0.8795,-0.3681,-0.3017,0.9980,163,5.839154,-1.0079,1.2846
BiancaGolden_CircleTurns,-300.1036,128.8825,223.5166,1.4181,-4.8912,-13.8128,0.8865,-0.3612,-0.2893,0.9980,163,5.852573,-1.0010,1.2888
BiancaGolden_CircleTurns,-299.4816,129.3039,223.6790,1.2240,-4.4850,-14.1679,0.8913,-0.3624,-0.2726,0.9980,163,5.867377,-0.9948,1.2930
BiancaGolden_CircleTurns,-298.8640,129.7016,223.7619,0.9956,-3.9322,-14.5276,0.8949,-0.3594,-0.2645,0.9980,164,5.880399,-0.9886,1.2970
BiancaGolden_CircleTurns,-298.2768,130.0761,223.9173,0.8296,-3.3232,-14.8655,0.9001,-0.3522,-0.2565,0.9980,164,5.893563,-0.9828,1.3008
BiancaGolden_CircleTurns,-297.6830,130.4197,224.1303,0.7800,-2.7788,-15.1342,0.9007,-0.3571,-0.2474,0.9980,165,5.908623,-0.9768,1.3042
BiancaGolden_CircleTurns,-297.1009,130.7629,224.3142,0.8766,-2.2481,-15.3903,0.8982,-0.3547,-0.2597,0.9980,165,5.922225,-0.9710,1.3076
BiancaGolden_CircleTurns,-296.5357,131.1015,224.4634,0.9189,-1.8542,-15.6103,0.8985,-0.3567,-0.2556,0.9980,166,5.936623,-0.9654,1.3110
BiancaGolden_CircleTurns,-295.9984,131.4301,224.5736,1.0379,-1.6216,-15.7548,0.9002,-0.3495,-0.2599,0.9980,166,5.950221,-0.9600,1.3143
BiancaGolden_CircleTurns,-295.4852,131.7491,224.6820,1.1393,-1.5614,-15.9231,0.8974,-0.3491,-0.2700,0.9980,166,5.967464,-0.9549,1.3175
BiancaGolden_CircleTurns,-294.9719,132.0210,224.8031,1.2056,-1.5967,-16.0396,0.8963,-0.3421,-0.2822,0.9980,167,5.978228,-0.9497,1.3202
BiancaGolden_CircleTurns,-294.4533,132.2946,224.9282,1.1999,-1.5944,-16.2104,0.8955,-0.3447,-0.2814,0.9980,167,5.990884,-0.9445,1.3229
BiancaGolden_CircleTurns,-293.9418,132.5353,225.0360,1.1733,-1.5439,-16.3784,0.8943,-0.3477,-0.2818,0.9980,168,6.006083,-0.9394,1.3254
BiancaGolden_CircleTurns,-293.4374,132.7638,225.1120,1.1824,-1.4234,-16.5658,0.8943,-0.3497,-0.2791,0.9980,168,6.019493,-0.9344,1.3276
BiancaGolden_CircleTurns,-292.9408,132.9732,225.1623,1.1711,-1.3013,-16.7355,0.8937,-0.3493,-0.2817,0.9980,168,6.033973,-0.9294,1.3297
BiancaGolden_CircleTurns,-292.4511,133.1875,225.2050,1.1553,-1.2420,-16.9217,0.8916,-0.3503,-0.2870,0.9980,169,6.047199,-0.9245,1.3319
BiancaGolden_CircleTurns,-291.9782,133.3701,225.2216,1.1337,-1.3078,-17.0617,0.8899,-0.3440,-0.2995,0.9980,169,6.060524,-0.9198,1.3337
BiancaGolden_CircleTurns,-291.5187,133.5419,225.2204,1.1369,-1.4683,-17.2023,0.8874,-0.3459,-0.3047,0.9980,170,6.075827,-0.9152,1.3354
BiancaGolden_CircleTurns,-291.0742,133.7009,225.2015,1.1188,-1.7778,-17.3588,0.8848,-0.3449,-0.3132,0.9980,170,6.089165,-0.9107,1.3370
BiancaGolden_CircleTurns,-290.6249,133.8354,225.1615,1.1393,-2.0692,-17.5209,0.8840,-0.3433,-0.3174,0.9980,171,6.103412,-0.9062,1.3384
BiancaGolden_CircleTurns,-290.1719,133.9496,225.1138,1.1375,-2.4321,-17.7084,0.8798,-0.3458,-0.3262,0.9980,171,6.116879,-0.9017,1.3395
BiancaGolden_CircleTurns,-289.7100,134.0530,225.0778,1.1895,-2.8004,-17.9228,0.8766,-0.3505,-0.3298,0.9980,171,6.131330,-0.8971,1.3405
BiancaGolden_CircleTurns,-289.2476,134.1510,225.0178,1.2370,-3.1915,-18.1353,0.8733,-0.3534,-0.3353,0.9980,172,6.144859,-0.8925,1.3415
BiancaGolden_CircleTurns,-288.7913,134.2243,224.9351,1.3827,-3.6423,-18.3268,0.8757,-0.3490,-0.3336,0.9980,172,6.158233,-0.8879,1.3422
BiancaGolden_CircleTurns,-288.3128,134.2748,224.8182,1.5420,-4.1743,-18.5167,0.8704,-0.3518,-0.3443,0.9980,173,6.173223,-0.8831,1.3427
BiancaGolden_CircleTurns,-287.8251,134.3131,224.6652,1.7714,-4.8415,-18.7174,0.8664,-0.3533,-0.3530,0.9980,173,6.186771,-0.8783,1.3431
BiancaGolden_CircleTurns,-287.3483,134.3547,224.4888,1.9375,-5.5643,-18.9574,0.8602,-0.3543,-0.3668,0.9980,173,6.201065,-0.8735,1.3435
BiancaGolden_CircleTurns,-286.8600,134.3517,224.3088,2.1733,-6.4260,-19.0761,0.8542,-0.3591,-0.3761,0.9980,174,6.215161,-0.8686,1.3435
BiancaGolden_CircleTurns,-286.3469,134.3601,224.1251,2.3319,-7.2717,-19.4420,0.9198,-0.2493,-0.3031,0.9980,174,6.227886,-0.8635,1.3436
BiancaGolden_CircleTurns,-285.8473,134.3168,223.9732,2.5453,-8.1780,-19.6425,0.9137,-0.2551,-0.3163,0.9980,175,6.244573,-0.8585,1.3432
BiancaGolden_CircleTurns,-285.3222,134.2592,223.7968,2.7715,-8.9975,-20.0396,0.9069,-0.2600,-0.3316,0.9980,175,6.256621,-0.8532,1.3426
BiancaGolden_CircleTurns,-284.8167,134.1939,223.6516,3.0403,-9.9055,-20.3913,0.8902,-0.2990,-0.3438,0.9980,176,6.270681,-0.8482,1.3419
BiancaGolden_CircleTurns,-284.3256,134.1150,223.4992,3.3354,-10.7408,-20.7951,0.8863,-0.3066,-0.3470,0.9980,176,6.284154,-0.8433,1.3411
BiancaGolden_CircleTurns,-283.8027,133.9863,223.3375,3.6657,-11.5487,-21.3004,0.8909,-0.3174,-0.3250,0.9980,176,6.298405,-0.8380,1.3399
BiancaGolden_CircleTurns,-283.2727,133.8324,223.1956,3.9411,-12.1883,-21.8899,0.9009,-0.3128,-0.3007,0.9980,177,6.311909,-0.8327,1.3383
BiancaGolden_CircleTurns,-282.7259,133.6527,223.0418,4.2192,-12.5972,-22.5563,0.8961,-0.3230,-0.3044,0.9980,177,6.325227,-0.8273,1.3365
BiancaGolden_CircleTurns,-282.1446,133.4437,222.9053,4.6318,-12.7944,-23.1976,0.8925,-0.3319,-0.3055,0.9980,178,6.340170,-0.8214,1.3344
BiancaGolden_CircleTurns,-281.5232,133.2525,222.7338,5.0191,-12.8386,-23.7403,0.8831,-0.3385,-0.3250,0.9980,178,6.353692,-0.8152,1.3325
BiancaGolden_CircleTurns,-280.9661,133.0840,222.5515,5.2444,-12.7684,-24.1876,0.8820,-0.3255,-0.3407,0.9980,179,6.368200,-0.8097,1.3308
BiancaGolden_CircleTurns,-280.4091,132.8906,222.3516,5.4089,-12.7369,-24.5506,0.8528,-0.3881,-0.3495,0.9980,179,6.381695,-0.8041,1.3289
BiancaGolden_CircleTurns,-279.8426,132.6963,222.1888,5.4282,-12.7254,-24.8913,0.8289,-0.3885,-0.4025,0.9980,179,6.395853,-0.7984,1.3270
BiancaGolden_CircleTurns,-279.2864,132.5228,222.0190,5.4667,-12.6844,-25.1895,0.8280,-0.3915,-0.4015,0.9980,180,6.409976,-0.7929,1.3252
BiancaGolden_CircleTurns,-278.7053,132.3191,221.8557,5.4781,-12.6217,-25.3782,0.8217,-0.4085,-0.3974,0.9980,180,6.422888,-0.7871,1.3232
BiancaGolden_CircleTurns,-278.0970,132.1351,221.6771,5.4001,-12.4603,-25.4690,0.8268,-0.4092,-0.3860,0.9980,181,6.437781,-0.7810,1.3214
BiancaGolden_CircleTurns,-277.5060,131.9428,221.5048,5.2825,-12.3339,-25.5210,0.8357,-0.3912,-0.3855,0.9980,181,6.451149,-0.7751,1.3194
BiancaGolden_CircleTurns,-276.9380,131.7524,221.3012,5.0946,-12.1732,-25.3528,0.8315,-0.3833,-0.4022,0.9980,182,6.469631,-0.7694,1.3175
BiancaGolden_CircleTurns,-276.3962,131.5571,221.1209,4.9754,-12.1662,-25.0701,0.8360,-0.3716,-0.4038,0.9980,182,6.479132,-0.7640,1.3156
BiancaGolden_CircleTurns,-275.8402,131.3887,220.9624,4.7431,-12.2403,-24.7463,0.8390,-0.3636,-0.4048,0.9980,182,6.492531,-0.7584,1.3139
BiancaGolden_CircleTurns,-275.2756,131.2124,220.9311,4.2425,-12.3136,-24.3181,0.8462,-0.3540,-0.3982,0.9980,183,6.506285,-0.7528,1.3121
BiancaGolden_CircleTurns,-274.6562,131.0276,221.0531,3.6225,-12.1514,-23.8819,0.8575,-0.3397,-0.3864,0.9980,183,6.519257,-0.7466,1.3103
BiancaGolden_CircleTurns,-274.0204,130.8252,221.3216,2.8586,-11.4319,-23.3724,0.8665,-0.3342,-0.3708,0.9980,183,6.534441,-0.7402,1.3083
BiancaGolden_CircleTurns,-273.3661,130.6091,221.5775,2.3341,-10.4856,-22.9478,0.8771,-0.3296,-0.3492,0.9980,184,6.548106,-0.7337,1.3061
BiancaGolden_CircleTurns,-272.7952,130.3861,221.8172,1.8945,-9.1711,-22.4656,0.8804,-0.3289,-0.3417,0.9980,184,6.561021,-0.7280,1.3039
BiancaGolden_CircleTurns,-272.3116,130.2158,221.9626,1.5331,-8.0226,-22.0125,0.8884,-0.3231,-0.3261,0.9980,185,6.576774,-0.7231,1.3022
BiancaGolden_CircleTurns,-271.8578,130.0756,222.1369,1.1216,-7.0873,-21.5922,0.8911,-0.3235,-0.3183,0.9980,185,6.589838,-0.7186,1.3008
BiancaGolden_CircleTurns,-271.4123,129.9525,222.3962,0.8583,-6.2983,-21.1552,0.8922,-0.3204,-0.3183,0.9980,186,6.604048,-0.7141,1.2995
BiancaGolden_CircleTurns,-270.9691,129.8327,222.7042,0.6410,-5.6261,-20.6844,0.8914,-0.3191,-0.3219,0.9980,186,6.617682,-0.7097,1.2983
BiancaGolden_CircleTurns,-270.5275,129.7421,223.0297,0.3428,-4.9867,-20.2689,0.8957,-0.3126,-0.3164,0.9980,186,6.631744,-0.7053,1.2974
BiancaGolden_CircleTurns,-270.0904,129.6283,223.3155,0.0321,-4.3142,-19.8782,0.8872,-0.3262,-0.3264,0.9980,187,6.645233,-0.7009,1.2963
BiancaGolden_CircleTurns,-269.6718,129.5026,223.5618,-0.1605,-3.6990,-19.5562,0.8920,-0.3227,-0.3164,0.9980,187,6.658634,-0.6967,1.2950
BiancaGolden_CircleTurns,-269.2607,129.3668,223.7303,-0.3391,-3.0917,-19.3097,0.8858,-0.3358,-0.3202,0.9980,188,6.673862,-0.6926,1.2937
BiancaGolden_CircleTurns,-268.8702,129.2445,223.8492,-0.4232,-2.6060,-19.0874,0.8832,-0.3334,-0.3298,0.9980,188,6.688004,-0.6887,1.2924
BiancaGolden_CircleTurns,-268.4785,129.1473,223.9052,-0.4952,-2.3546,-18.9365,0.8729,-0.3409,-0.3490,0.9980,189,6.701383,-0.6848,1.2915
BiancaGolden_CircleTurns,-268.0948,129.0464,223.9305,-0.4312,-2.1834,-18.6862,0.8539,-0.3390,-0.3949,0.9980,189,6.715032,-0.6809,1.2905
BiancaGolden_CircleTurns,-267.7045,128.9724,223.9634,-0.5374,-2.1088,-18.4903,0.8335,-0.3277,-0.4449,0.9980,189,6.729229,-0.6770,1.2897
BiancaGolden_CircleTurns,-267.3072,128.8896,224.0304,-0.6775,-2.0879,-18.2714,0.8345,-0.3227,-0.4467,0.9980,190,6.742826,-0.6731,1.2889
BiancaGolden_CircleTurns,-266.9121,128.8052,224.1697,-0.8954,-2.1903,-18.0502,0.8100,-0.3288,-0.4855,0.9980,190,6.756031,-0.6691,1.2881
BiancaGolden_CircleTurns,-266.4891,128.7546,224.2950,-1.1904,-2.1602,-17.8908,0.7849,-0.3238,-0.5283,0.9980,191,6.771125,-0.6649,1.2875
BiancaGolden_CircleTurns,-266.0762,128.7050,224.3935,-1.6240,-1.9572,-17.7790,0.7659,-0.3101,-0.5633,0.9980,191,6.785090,-0.6608,1.2870
BiancaGolden_CircleTurns,-265.6629,128.6355,224.5025,-2.0475,-1.6605,-17.6549,0.7682,-0.3083,-0.5610,0.9980,191,6.798959,-0.6566,1.2864
BiancaGolden_CircleTurns,-265.2354,128.5602,224.6391,-2.5102,-1.3453,-17.5978,0.7631,-0.3109,-0.5666,0.9980,192,6.812641,-0.6524,1.2856
BiancaGolden_CircleTurns,-264.8156,128.5013,224.7816,-2.8195,-1.0982,-17.5536,0.7608,-0.3181,-0.5657,0.9980,192,6.825629,-0.6482,1.2850
BiancaGolden_CircleTurns,-264.3958,128.4552,224.8715,-3.0330,-0.8947,-17.5256,0.7611,-0.3159,-0.5666,0.9980,193,6.840682,-0.6440,1.2846
BiancaGolden_CircleTurns,-264.0065,128.4389,224.8849,-3.2644,-0.9332,-17.5257,0.7524,-0.3144,-0.5788,0.9980,193,6.854476,-0.6401,1.2844
BiancaGolden_CircleTurns,-263.6170,128.4167,224.8289,-3.6573,-1.1938,-17.5643,0.7373,-0.3142,-0.5981,0.9980,194,6.868693,-0.6362,1.2842
BiancaGolden_CircleTurns,-263.2316,128.3813,224.7461,-4.2032,-1.8975,-17.7269,0.7237,-0.3177,-0.6126,0.9980,194,6.882362,-0.6323,1.2838
BiancaGolden_CircleTurns,-262.8184,128.3288,224.6128,-4.6513,-2.9043,-17.9993,0.7114,-0.3172,-0.6271,0.9980,194,6.896395,-0.6282,1.2833
BiancaGolden_CircleTurns,-262.3666,128.2681,224.4795,-4.8007,-3.8092,-18.2308,0.6942,-0.3285,-0.6405,0.9980,195,6.910044,-0.6237,1.2827
BiancaGolden_CircleTurns,-261.8573,128.2079,224.3733,-4.5277,-4.6188,-18.5056,0.6854,-0.3331,-0.6475,0.9980,195,6.923250,-0.6186,1.2821
BiancaGolden_CircleTurns,-261.3560,128.1681,224.3217,-4.0474,-5.2030,-18.6801,0.6764,-0.3462,-0.6501,0.9980,196,6.938343,-0.6136,1.2817
BiancaGolden_CircleTurns,-260.8235,128.1541,224.2714,-3.6678,-5.7294,-18.8746,0.6723,-0.3505,-0.6520,0.9980,196,6.951853,-0.6082,1.2815
BiancaGolden_CircleTurns,-260.1958,128.1760,224.2121,-3.3834,-5.9886,-19.0748,0.6699,-0.3569,-0.6511,0.9980,197,6.969867,-0.6020,1.2818
BiancaGolden_CircleTurns,-259.5615,128.1905,224.1448,-3.1692,-6.1378,-19.2467,0.6766,-0.3642,-0.6400,0.9980,197,6.980104,-0.5956,1.2819
BiancaGolden_CircleTurns,-258.9290,128.2155,224.0378,-2.9585,-6.2523,-19.3962,0.6730,-0.3671,-0.6421,0.9980,197,6.993687,-0.5893,1.2822
BiancaGolden_CircleTurns,-258.2826,128.2745,223.9085,-2.8169,-6.4360,-19.5933,0.6728,-0.3632,-0.6445,0.9980,198,7.007214,-0.5828,1.2827
BiancaGolden_CircleTurns,-257.6405,128.3564,223.7628,-2.6925,-6.7519,-19.7591,0.6759,-0.3675,-0.6388,0.9980,198,7.020278,-0.5764,1.2836
BiancaGolden_CircleTurns,-257.0004,128.4442,223.5679,-2.4568,-7.1177,-19.8552,0.6702,-0.3688,-0.6441,0.9980,199,7.035349,-0.5700,1.2844
BiancaGolden_CircleTurns,-256.3361,128.5568,223.3956,-2.1860,-7.6190,-19.9462,0.6648,-0.3675,-0.6503,0.9980,199,7.049324,-0.5634,1.2856
BiancaGolden_CircleTurns,-255.6433,128.6773,223.2608,-1.9797,-8.1068,-20.0717,0.6629,-0.3631,-0.6548,0.9980,199,7.063339,-0.5564,1.2868
BiancaGolden_CircleTurns,-254.9200,128.7954,223.1930,-1.8224,-8.4524,-20.1691,0.6600,-0.3667,-0.6558,0.9980,200,7.077112,-0.5492,1.2880
BiancaGolden_CircleTurns,-254.1563,128.9174,223.1352,-1.6201,-8.5564,-20.3619,0.6640,-0.3727,-0.6482,0.9980,200,7.089802,-0.5416,1.2892
BiancaGolden_CircleTurns,-253.3809,129.0442,223.0924,-1.4439,-8.4342,-20.5959,0.6742,-0.3687,-0.6400,0.9980,201,7.105368,-0.5338,1.2904
BiancaGolden_CircleTurns,-252.6130,129.1687,223.0449,-1.2947,-8.2510,-20.8364,0.6817,-0.3773,-0.6269,0.9980,201,7.119205,-0.5261,1.2917
BiancaGolden_CircleTurns,-251.8138,129.3123,223.0242,-1.1697,-7.9518,-21.1331,0.7292,-0.4081,-0.5493,0.9980,201,7.132743,-0.5181,1.2931
BiancaGolden_CircleTurns,-250.9744,129.4517,223.0781,-1.0342,-7.6077,-21.4493,0.7471,-0.4322,-0.5050,0.9980,202,7.146649,-0.5097,1.2945
BiancaGolden_CircleTurns,-250.1053,129.5914,223.1588,-0.8388,-7.2766,-21.7467,0.7769,-0.4840,-0.4027,0.9980,202,7.159556,-0.5011,1.2959
BiancaGolden_CircleTurns,-249.2330,129.7344,223.2150,-0.6035,-6.8206,-22.0635,0.7781,-0.4902,-0.3927,0.9980,203,7.174647,-0.4923,1.2973
BiancaGolden_CircleTurns,-248.3633,129.8926,223.2079,-0.3952,-6.1595,-22.3566,0.7808,-0.4971,-0.3785,0.9980,203,7.188375,-0.4836,1.2989
BiancaGolden_CircleTurns,-247.5066,130.0723,223.1445,-0.1979,-5.4412,-22.6377,0.8052,-0.4851,-0.3411,0.9980,204,7.202411,-0.4751,1.3007
BiancaGolden_CircleTurns,-246.6216,130.2521,223.0815,-0.0202,-4.7102,-22.9084,0.8281,-0.4816,-0.2869,0.9980,204,7.215975,-0.4662,1.3025
BiancaGolden_CircleTurns,-245.7470,130.4378,222.9318,0.1576,-3.8574,-23.1810,0.8307,-0.4825,-0.2779,0.9980,204,7.230439,-0.4575,1.3044
BiancaGolden_CircleTurns,-244.8954,130.6053,222.8053,0.3088,-3.3203,-23.4468,0.8292,-0.4850,-0.2779,0.9980,205,7.243901,-0.4490,1.3061
BiancaGolden_CircleTurns,-244.0910,130.7486,222.5814,0.5300,-2.9106,-23.7360,0.8274,-0.4904,-0.2737,0.9980,205,7.257139,-0.4409,1.3075
BiancaGolden_CircleTurns,-243.2986,130.8767,222.3896,0.6925,-2.7186,-24.0374,0.8234,-0.4899,-0.2864,0.9980,206,7.272203,-0.4330,1.3088
BiancaGolden_CircleTurns,-242.4815,130.9681,222.2338,0.8889,-2.6279,-24.3770,0.8214,-0.4881,-0.2951,0.9980,206,7.285956,-0.4248,1.3097
BiancaGolden_CircleTurns,-241.7151,131.0541,222.1467,1.0067,-2.6257,-24.6765,0.8177,-0.4831,-0.3131,0.9980,206,7.300312,-0.4172,1.3105
BiancaGolden_CircleTurns,-240.9431,131.1408,222.0352,1.1173,-2.6997,-25.0286,0.8116,-0.4830,-0.3285,0.9980,207,7.313602,-0.4094,1.3114
BiancaGolden_CircleTurns,-240.1754,131.1975,222.0290,1.0209,-3.0044,-25.3384,0.8095,-0.4818,-0.3354,0.9980,207,7.327024,-0.4018,1.3120
BiancaGolden_CircleTurns,-239.3887,131.2232,222.1488,0.8532,-3.2144,-25.6018,0.8069,-0.4847,-0.3376,0.9980,208,7.341972,-0.3939,1.3122
BiancaGolden_CircleTurns,-238.6652,131.2457,222.2978,0.8342,-3.3472,-25.8356,0.8014,-0.4824,-0.3536,0.9980,208,7.355688,-0.3867,1.3125
BiancaGolden_CircleTurns,-237.9590,131.2217,222.4382,0.8058,-3.5235,-26.0183,0.8025,-0.4759,-0.3599,0.9980,209,7.369838,-0.3796,1.3122
BiancaGolden_CircleTurns,-237.2881,131.2045,222.5020,0.8525,-3.6827,-26.2013,0.7981,-0.4747,-0.3710,0.9980,209,7.383554,-0.3729,1.3120
BiancaGolden_CircleTurns,-236.6751,131.1647,222.6273,0.9137,-4.0830,-26.3863,0.7927,-0.4741,-0.3832,0.9980,209,7.397852,-0.3668,1.3116
BiancaGolden_CircleTurns,-236.0574,131.0907,222.8665,1.0322,-4.6925,-26.5293,0.7914,-0.4694,-0.3916,0.9980,210,7.411408,-0.3606,1.3109
BiancaGolden_CircleTurns,-235.4349,131.0113,223.1583,1.0429,-5.2004,-26.7007,0.7878,-0.4703,-0.3977,0.9980,210,7.424547,-0.3543,1.3101
BiancaGolden_CircleTurns,-234.7948,130.9020,223.4386,1.0188,-5.5811,-26.8602,0.7879,-0.4664,-0.4022,0.9980,211,7.440421,-0.3479,1.3090
BiancaGolden_CircleTurns,-234.1696,130.7954,223.6726,0.9543,-5.8587,-27.1042,0.7864,-0.4684,-0.4027,0.9980,211,7.453513,-0.3417,1.3080
BiancaGolden_CircleTurns,-233.5419,130.6655,223.8949,0.7384,-5.9540,-27.3196,0.7865,-0.4714,-0.3990,0.9980,212,7.471554,-0.3354,1.3067
BiancaGolden_CircleTurns,-232.9173,130.5345,224.0999,0.5202,-5.8142,-27.5601,0.7893,-0.4705,-0.3945,0.9980,212,7.482563,-0.3292,1.3053
BiancaGolden_CircleTurns,-232.2959,130.3893,224.2458,0.3532,-5.5135,-27.7983,0.7904,-0.4734,-0.3888,0.9980,212,7.495039,-0.3230,1.3039
BiancaGolden_CircleTurns,-231.6825,130.2171,224.3110,0.2150,-5.1515,-27.9730,0.7918,-0.4773,-0.3810,0.9980,213,7.508900,-0.3168,1.3022
BiancaGolden_CircleTurns,-231.0896,130.0608,224.3677,0.0816,-4.9342,-28.2055,0.7896,-0.4801,-0.3821,0.9980,213,7.521977,-0.3109,1.3006
BiancaGolden_CircleTurns,-230.5190,129.8734,224.4058,-0.1353,-4.9151,-28.5176,0.7865,-0.4844,-0.3832,0.9980,214,7.537241,-0.3052,1.2987
BiancaGolden_CircleTurns,-229.9547,129.6631,224.4266,-0.2905,-4.9740,-28.8949,0.7362,-0.5273,-0.4241,0.9980,214,7.550828,-0.2995,1.2966
BiancaGolden_CircleTurns,-229.4036,129.3989,224.3404,-0.2794,-5.1723,-29.4306,0.6624,-0.5837,-0.4695,0.9980,214,7.564879,-0.2940,1.2940
BiancaGolden_CircleTurns,-228.8533,129.1279,224.2266,-0.2216,-5.3875,-30.0125,0.6543,-0.5905,-0.4725,0.9980,215,7.578594,-0.2885,1.2913
BiancaGolden_CircleTurns,-228.2801,128.8406,224.1054,-0.1602,-5.5983,-30.6444,0.5967,-0.6264,-0.5016,0.9980,215,7.591539,-0.2828,1.2884
BiancaGolden_CircleTurns,-227.6740,128.5524,224.0128,-0.1275,-5.7093,-31.2384,0.4521,-0.7080,-0.5425,0.9980,216,7.606484,-0.2767,1.2855
BiancaGolden_CircleTurns,-227.0645,128.2501,223.9232,-0.0931,-5.6590,-31.7564,0.4494,-0.7125,-0.5388,0.9980,216,7.620269,-0.2706,1.2825
BiancaGolden_CircleTurns,-226.4334,127.9321,223.8418,-0.0350,-5.4069,-32.1197,0.4087,-0.7232,-0.5567,0.9980,217,7.634694,-0.2643,1.2793
BiancaGolden_CircleTurns,-225.7711,127.6235,223.7631,-0.0222,-4.9896,-32.3977,0.4194,-0.7205,-0.5523,0.9980,217,7.648157,-0.2577,1.2762
BiancaGolden_CircleTurns,-225.1095,127.2861,223.6645,-0.0486,-4.5444,-32.4818,0.4218,-0.7218,-0.5488,0.9980,217,7.662486,-0.2511,1.2729
BiancaGolden_CircleTurns,-224.4705,126.9793,223.5586,-0.2217,-4.1862,-32.5753,0.4281,-0.7203,-0.5458,0.9980,218,7.676158,-0.2447,1.2698
BiancaGolden_CircleTurns,-223.8062,126.6637,223.3633,-0.4704,-3.8632,-32.6354,0.4375,-0.7141,-0.5465,0.9980,218,7.689758,-0.2381,1.2666
BiancaGolden_CircleTurns,-223.1915,126.2884,223.1425,-0.6483,-3.6894,-32.6015,0.4370,-0.7119,-0.5497,0.9980,219,7.704335,-0.2319,1.2629
BiancaGolden_CircleTurns,-222.5966,125.9067,222.9208,-0.6623,-3.7366,-32.6038,0.4377,-0.7053,-0.5577,0.9980,219,7.717956,-0.2260,1.2591
BiancaGolden_CircleTurns,-222.0011,125.5033,222.6753,-0.5020,-3.8229,-32.5780,0.4347,-0.7028,-0.5632,0.9980,219,7.732081,-0.2200,1.2550
BiancaGolden_CircleTurns,-221.4215,125.0999,222.4167,-0.3600,-4.0301,-32.5875,0.4333,-0.7027,-0.5643,0.9980,220,7.745736,-0.2142,1.2510
BiancaGolden_CircleTurns,-220.8469,124.6601,222.1672,-0.2123,-4.1885,-32.5377,0.4300,-0.7010,-0.5690,0.9980,220,7.759100,-0.2085,1.2466
BiancaGolden_CircleTurns,-220.2210,124.2427,221.9471,-0.0594,-4.3582,-32.4891,0.4326,-0.7018,-0.5660,0.9980,221,7.774062,-0.2022,1.2424
BiancaGolden_CircleTurns,-219.6477,123.7681,221.7394,0.2470,-4.2719,-32.2232,0.4314,-0.6942,-0.5762,0.9980,221,7.788007,-0.1965,1.2377
BiancaGolden_CircleTurns,-219.0836,123.3389,221.5598,0.3901,-4.3133,-31.9580,0.4341,-0.6869,-0.5829,0.9980,222,7.802043,-0.1908,1.2334
BiancaGolden_CircleTurns,-218.5098,122.8989,221.4978,0.2763,-4.4831,-31.7520,0.4314,-0.6840,-0.5883,0.9980,222,7.815616,-0.1851,1.2290
BiancaGolden_CircleTurns,-217.9656,122.4606,221.5124,-0.0240,-4.6631,-31.5313,0.4329,-0.6790,-0.5929,0.9980,222,7.830006,-0.1797,1.2246
BiancaGolden_CircleTurns,-217.3712,121.9965,221.5709,-0.3839,-4.8513,-31.3939,0.4338,-0.6730,-0.5990,0.9980,223,7.843582,-0.1737,1.2200
BiancaGolden_CircleTurns,-216.7784,121.5276,221.7280,-0.7758,-4.9585,-31.2676,0.4322,-0.6710,-0.6024,0.9980,223,7.856900,-0.1678,1.2153
BiancaGolden_CircleTurns,-216.2353,121.0829,221.8205,-0.9211,-4.9917,-31.1462,0.4193,-0.6783,-0.6035,0.9980,224,7.871886,-0.1624,1.2108
BiancaGolden_CircleTurns,-215.6787,120.6718,221.9117,-1.0515,-5.2127,-31.0940,0.4189,-0.6763,-0.6060,0.9980,224,7.885746,-0.1568,1.2067
BiancaGolden_CircleTurns,-215.1129,120.2963,222.0822,-1.1461,-5.3689,-31.0443,0.4140,-0.6754,-0.6103,0.9980,224,7.899758,-0.1511,1.2030
BiancaGolden_CircleTurns,-214.5378,119.9672,222.3963,-1.3444,-5.5670,-31.0178,0.4153,-0.6733,-0.6116,0.9980,225,7.913396,-0.1454,1.1997
BiancaGolden_CircleTurns,-213.9482,119.6524,222.7100,-1.5923,-5.5838,-31.0005,0.4165,-0.6743,-0.6097,0.9980,225,7.926679,-0.1395,1.1965
BiancaGolden_CircleTurns,-213.3742,119.3627,222.9530,-1.7140,-5.3686,-30.9578,0.4205,-0.6763,-0.6048,0.9980,226,7.941694,-0.1337,1.1936
BiancaGolden_CircleTurns,-212.8029,119.1092,223.1076,-1.6377,-5.0075,-30.8696,0.4236,-0.6819,-0.5964,0.9980,226,7.955165,-0.1280,1.1911
BiancaGolden_CircleTurns,-212.2279,118.8546,223.2340,-1.4744,-4.6661,-30.7301,0.4292,-0.6849,-0.5888,0.9980,227,7.973144,-0.1223,1.1885
BiancaGolden_CircleTurns,-211.6303,118.5989,223.4423,-1.1094,-4.2538,-30.4394,0.4392,-0.6835,-0.5831,0.9980,227,7.983986,-0.1163,1.1860
BiancaGolden_CircleTurns,-211.0192,118.3873,223.6637,-0.8722,-3.8646,-30.2345,0.4916,-0.7044,-0.5120,0.9980,227,7.996990,-0.1102,1.1839
BiancaGolden_CircleTurns,-210.4128,118.1843,223.8614,-0.7483,-3.6070,-30.0502,0.5743,-0.6932,-0.4355,0.9980,228,8.010567,-0.1041,1.1818
BiancaGolden_CircleTurns,-209.7907,117.9755,223.9862,-0.6032,-3.3272,-29.9130,0.5771,-0.6933,-0.4315,0.9980,228,8.023702,-0.0979,1.1798
BiancaGolden_CircleTurns,-209.1630,117.7815,224.1066,-0.4244,-3.1208,-29.7448,0.7072,-0.6285,-0.3237,0.9980,229,8.038854,-0.0916,1.1778
BiancaGolden_CircleTurns,-208.5669,117.6194,224.1978,-0.1721,-3.1142,-29.5725,0.7720,-0.5812,-0.2576,0.9980,229,8.052775,-0.0857,1.1762
BiancaGolden_CircleTurns,-207.9517,117.4681,224.2613,0.1213,-3.3131,-29.3627,0.8211,-0.5278,-0.2171,0.9980,229,8.066981,-0.0795,1.1747
BiancaGolden_CircleTurns,-207.2912,117.3398,224.3106,0.2995,-3.5415,-29.2155,0.8219,-0.5254,-0.2201,0.9980,230,8.080496,-0.0729,1.1734
BiancaGolden_CircleTurns,-206.6323,117.2117,224.3630,0.3806,-3.7188,-29.0589,0.8256,-0.5205,-0.2181,0.9980,230,8.093231,-0.0663,1.1721
BiancaGolden_CircleTurns,-205.9356,117.0578,224.4010,0.4837,-3.8053,-28.9225,0.8261,-0.5192,-0.2192,0.9980,231,8.108442,-0.0594,1.1706
BiancaGolden_CircleTurns,-205.2426,116.9314,224.4293,0.5398,-3.8785,-28.8348,0.8256,-0.5184,-0.2229,0.9980,231,8.122100,-0.0524,1.1693
BiancaGolden_CircleTurns,-204.5389,116.7964,224.4686,0.6813,-3.9087,-28.7834,0.8253,-0.5187,-0.2231,0.9980,232,8.136380,-0.0454,1.1680
BiancaGolden_CircleTurns,-203.8231,116.6893,224.4717,0.7657,-3.9244,-28.7887,0.8207,-0.5180,-0.2410,0.9980,232,8.149878,-0.0382,1.1669
BiancaGolden_CircleTurns,-203.0967,116.5837,224.4455,0.8177,-4.0002,-28.8061,0.8193,-0.5183,-0.2450,0.9980,232,8.164129,-0.0310,1.1658
BiancaGolden_CircleTurns,-202.3623,116.4913,224.4281,0.8073,-4.2363,-28.8622,0.8176,-0.5191,-0.2492,0.9980,233,8.177628,-0.0236,1.1649
BiancaGolden_CircleTurns,-201.6068,116.4030,224.4160,0.7573,-4.4806,-28.9602,0.8156,-0.5208,-0.2522,0.9980,233,8.191081,-0.0161,1.1640
BiancaGolden_CircleTurns,-200.8264,116.3333,224.3783,0.6980,-4.6541,-29.0838,0.8092,-0.5281,-0.2574,0.9980,234,8.207667,-0.0083,1.1633
BiancaGolden_CircleTurns,-200.0097,116.2799,224.3217,0.6761,-4.6932,-29.2255,0.8080,-0.5301,-0.2573,0.9980,234,8.219520,-0.0001,1.1628
BiancaGolden_CircleTurns,-199.2057,116.2117,224.2448,0.6645,-4.6869,-29.3212,0.8069,-0.5322,-0.2565,0.9980,234,8.233703,0.0079,1.1621
BiancaGolden_CircleTurns,-198.3690,116.1666,224.1527,0.5953,-4.6349,-29.4724,0.8051,-0.5346,-0.2570,0.9980,235,8.247463,0.0163,1.1617
BiancaGolden_CircleTurns,-197.5469,116.1324,224.0037,0.5513,-4.6068,-29.6571,0.8052,-0.5335,-0.2589,0.9980,235,8.260226,0.0245,1.1613
BiancaGolden_CircleTurns,-196.7317,116.1181,223.8121,0.4951,-4.7127,-29.8450,0.8028,-0.5352,-0.2629,0.9980,236,8.275622,0.0327,1.1612
BiancaGolden_CircleTurns,-195.9392,116.1254,223.5734,0.4722,-4.9489,-30.0637,0.7995,-0.5375,-0.2680,0.9980,236,8.289112,0.0406,1.1613
BiancaGolden_CircleTurns,-195.1549,116.1553,223.3219,0.4340,-5.2496,-30.2858,0.8179,-0.4981,-0.2881,0.9980,237,8.303400,0.0485,1.1616
BiancaGolden_CircleTurns,-194.3922,116.2056,223.0452,0.4793,-5.6320,-30.5121,0.8135,-0.5003,-0.2964,0.9980,237,8.316671,0.0561,1.1621
BiancaGolden_CircleTurns,-193.6293,116.2736,222.7881,0.5859,-6.1553,-30.7486,0.8179,-0.4753,-0.3243,0.9980,237,8.331011,0.0637,1.1627
BiancaGolden_CircleTurns,-192.8508,116.3358,222.5599,0.6684,-6.5214,-30.9703,0.8150,-0.4782,-0.3272,0.9980,238,8.344522,0.0715,1.1634
BiancaGolden_CircleTurns,-192.0563,116.4052,222.3218,0.6824,-6.7007,-31.2109,0.8171,-0.4734,-0.3289,0.9980,238,8.357901,0.0794,1.1641
BiancaGolden_CircleTurns,-191.2510,116.4767,222.0639,0.6675,-6.6996,-31.4616,0.8249,-0.4610,-0.3272,0.9980,239,8.373743,0.0875,1.1648
BiancaGolden_CircleTurns,-190.4253,116.5435,221.8630,0.6488,-6.5922,-31.6748,0.8277,-0.4624,-0.3179,0.9980,239,8.386134,0.0957,1.1654
BiancaGolden_CircleTurns,-189.5685,116.5972,221.7387,0.5984,-6.5397,-31.9358,0.8264,-0.4659,-0.3162,0.9980,239,8.400420,0.1043,1.1660
BiancaGolden_CircleTurns,-188.6507,116.6053,221.8998,0.4940,-6.5349,-32.1818,0.8249,-0.4705,-0.3135,0.9980,240,8.413972,0.1135,1.1661
BiancaGolden_CircleTurns,-187.7215,116.6533,222.1520,0.2337,-6.3857,-32.5210,0.8249,-0.4729,-0.3095,0.9980,240,8.427026,0.1228,1.1665
BiancaGolden_CircleTurns,-186.9145,116.7603,222.0544,-0.1623,-6.1709,-32.8756,0.8208,-0.4728,-0.3204,0.9980,241,8.442149,0.1309,1.1676
BiancaGolden_CircleTurns,-186.2248,116.8356,221.7743,-0.4704,-6.2017,-33.0782,0.8190,-0.4734,-0.3243,0.9980,241,8.455600,0.1378,1.1684
BiancaGolden_CircleTurns,-185.5069,116.9203,221.5889,-0.6009,-6.4514,-33.3778,0.8155,-0.4756,-0.3298,0.9980,242,8.473602,0.1449,1.1692
BiancaGolden_CircleTurns,-184.7614,116.9682,221.6351,-0.7447,-6.7907,-33.6409,0.8145,-0.4765,-0.3308,0.9980,242,8.483930,0.1524,1.1697
BiancaGolden_CircleTurns,-183.9728,116.9882,221.8580,-0.8069,-7.0559,-33.9278,0.8126,-0.4795,-0.3313,0.9980,242,8.497451,0.1603,1.1699
BiancaGolden_CircleTurns,-183.1794,116.9900,222.1180,-0.8965,-7.0892,-34.1626,0.8102,-0.4820,-0.3336,0.9980,243,8.512054,0.1682,1.1699
BiancaGolden_CircleTurns,-182.4011,116.9879,222.3842,-0.9735,-6.9474,-34.3928,0.8090,-0.4852,-0.3318,0.9980,243,8.524154,0.1760,1.1699
BiancaGolden_CircleTurns,-181.6559,116.9690,222.6268,-1.0249,-6.8426,-34.6054,0.8098,-0.4796,-0.3379,0.9980,244,8.538893,0.1834,1.1697
BiancaGolden_CircleTurns,-180.9466,116.9272,222.8336,-0.9398,-6.7019,-34.8001,0.8084,-0.4831,-0.3364,0.9980,244,8.552711,0.1905,1.1693
BiancaGolden_CircleTurns,-180.2517,116.8774,223.0226,-0.7855,-6.5862,-35.0065,0.8065,-0.4869,-0.3352,0.9980,244,8.567204,0.1975,1.1688
BiancaGolden_CircleTurns,-179.5899,116.8077,223.2069,-0.5945,-6.4930,-35.1979,0.8048,-0.4913,-0.3330,0.9980,245,8.580970,0.2041,1.1681
BiancaGolden_CircleTurns,-178.9247,116.7250,223.3910,-0.4321,-6.3658,-35.4379,0.8026,-0.4960,-0.3313,0.9980,245,8.593652,0.2108,1.1672
BiancaGolden_CircleTurns,-178.2651,116.6115,223.5561,-0.3441,-6.2215,-35.6824,0.8010,-0.4977,-0.3327,0.9980,246,8.608764,0.2173,1.1661
BiancaGolden_CircleTurns,-177.6142,116.4804,223.7002,-0.2763,-6.0776,-35.9347,0.8012,-0.4978,-0.3320,0.9980,246,8.622380,0.2239,1.1648
BiancaGolden_CircleTurns,-176.9962,116.3431,223.8400,-0.2056,-6.0105,-36.1808,0.8020,-0.4960,-0.3328,0.9980,247,8.636838,0.2300,1.1634
BiancaGolden_CircleTurns,-176.3999,116.1872,223.9387,-0.1348,-6.0184,-36.4409,0.7991,-0.4998,-0.3341,0.9980,247,8.650334,0.2360,1.1619
BiancaGolden_CircleTurns,-175.8101,116.0050,224.0177,-0.0766,-6.0937,-36.7200,0.7951,-0.5024,-0.3396,0.9980,247,8.664573,0.2419,1.1600
BiancaGolden_CircleTurns,-175.2156,115.8236,224.0889,-0.0495,-6.1721,-36.9863,0.7926,-0.5059,-0.3402,0.9980,248,8.678284,0.2478,1.1582
BiancaGolden_CircleTurns,-174.6100,115.6172,224.1653,-0.0839,-6.2149,-37.2745,0.7916,-0.5075,-0.3402,0.9980,248,8.691164,0.2539,1.1562
BiancaGolden_CircleTurns,-173.9946,115.3998,224.2146,-0.1702,-6.1411,-37.5561,0.7935,-0.5047,-0.3399,0.9980,249,8.706240,0.2601,1.1540
BiancaGolden_CircleTurns,-173.3714,115.1528,224.2369,-0.3113,-6.0270,-37.8473,0.7919,-0.5084,-0.3383,0.9980,249,8.719814,0.2663,1.1515
BiancaGolden_CircleTurns,-172.7672,114.9024,224.2468,-0.4363,-5.9394,-38.1198,0.7931,-0.5060,-0.3391,0.9980,249,8.734004,0.2723,1.1490
BiancaGolden_CircleTurns,-172.1725,114.6348,224.2396,-0.5554,-5.9287,-38.3733,0.7892,-0.5069,-0.3469,0.9980,250,8.747900,0.2783,1.1463
BiancaGolden_CircleTurns,-171.5744,114.3619,224.1976,-0.6392,-5.9985,-38.5756,0.7875,-0.5054,-0.3527,0.9980,250,8.760860,0.2843,1.1436
BiancaGolden_CircleTurns,-170.9643,114.0809,224.1625,-0.7145,-6.1097,-38.7412,0.7860,-0.5061,-0.3550,0.9980,251,8.776337,0.2904,1.1408
BiancaGolden_CircleTurns,-170.3574,113.7686,224.1363,-0.7455,-6.2452,-38.8309,0.7848,-0.5060,-0.3578,0.9980,251,8.789698,0.2964,1.1377
BiancaGolden_CircleTurns,-169.7384,113.4567,224.1108,-0.8376,-6.3101,-38.9564,0.7866,-0.4967,-0.3670,0.9980,252,8.804223,0.3026,1.1346
BiancaGolden_CircleTurns,-169.1087,113.1167,224.0840,-0.9959,-6.3173,-39.0871,0.7876,-0.4964,-0.3651,0.9980,252,8.817565,0.3089,1.1312
BiancaGolden_CircleTurns,-168.4779,112.7513,224.0374,-1.1621,-6.2055,-39.1847,0.7876,-0.4978,-0.3630,0.9980,252,8.832951,0.3152,1.1275
BiancaGolden_CircleTurns,-167.8543,112.3771,223.9642,-1.2704,-6.0918,-39.2786,0.7883,-0.4998,-0.3590,0.9980,253,8.845047,0.3215,1.1238
BiancaGolden_CircleTurns,-167.2252,111.9697,223.8259,-1.3508,-5.8540,-39.3708,0.7876,-0.5028,-0.3562,0.9980,253,8.858072,0.3277,1.1197
BiancaGolden_CircleTurns,-166.6256,111.5452,223.6459,-1.3988,-5.5982,-39.4412,0.7876,-0.5048,-0.3534,0.9980,254,8.872966,0.3337,1.1155
BiancaGolden_CircleTurns,-166.0351,111.1127,223.4267,-1.3990,-5.3464,-39.5303,0.7878,-0.5066,-0.3503,0.9980,254,8.886846,0.3396,1.1111
BiancaGolden_CircleTurns,-165.5075,110.6613,223.1751,-1.3000,-5.1431,-39.5797,0.7874,-0.5065,-0.3512,0.9980,255,8.901276,0.3449,1.1066
BiancaGolden_CircleTurns,-165.0219,110.2378,222.9009,-1.1723,-5.1103,-39.5995,0.7868,-0.5071,-0.3518,0.9980,255,8.914485,0.3498,1.1024
BiancaGolden_CircleTurns,-164.5200,109.8054,222.5963,-1.0949,-5.1348,-39.6284,0.7876,-0.5029,-0.3562,0.9980,255,8.928744,0.3548,1.0981
BiancaGolden_CircleTurns,-164.0767,109.3848,222.2214,-1.0509,-5.2684,-39.5891,0.7871,-0.4966,-0.3657,0.9980,256,8.942135,0.3592,1.0938
BiancaGolden_CircleTurns,-163.6681,108.9463,221.8724,-0.9307,-5.5496,-39.4960,0.7866,-0.4950,-0.3692,0.9980,256,8.958555,0.3633,1.0895
BiancaGolden_CircleTurns,-163.2738,108.5323,221.5045,-0.7532,-5.7386,-39.3878,0.7844,-0.4912,-0.3788,0.9980,257,8.970816,0.3673,1.0853
BiancaGolden_CircleTurns,-162.9018,108.1321,221.1121,-0.6323,-5.9871,-39.2616,0.7818,-0.4892,-0.3866,0.9980,257,8.984269,0.3710,1.0813
BiancaGolden_CircleTurns,-162.4967,107.6892,220.9473,-0.6772,-6.4725,-39.1409,0.7800,-0.4874,-0.3925,0.9980,257,8.998574,0.3750,1.0769
BiancaGolden_CircleTurns,-162.0183,107.1922,221.1521,-0.7229,-6.8595,-39.1371,0.7816,-0.4884,-0.3881,0.9980,258,9.011698,0.3798,1.0719
BiancaGolden_CircleTurns,-161.4977,106.6893,221.5099,-0.7579,-6.7460,-39.1212,0.7840,-0.4937,-0.3763,0.9980,258,9.024973,0.3850,1.0669
BiancaGolden_CircleTurns,-160.9575,106.2938,221.6340,-0.9168,-6.1306,-39.2295,0.7873,-0.4945,-0.3682,0.9980,259,9.039800,0.3904,1.0629
BiancaGolden_CircleTurns,-160.5214,105.9000,221.6249,-0.9531,-5.6928,-39.1444,0.7888,-0.4949,-0.3646,0.9980,259,9.053570,0.3948,1.0590
BiancaGolden_CircleTurns,-160.0786,105.5427,221.7032,-0.8782,-5.4140,-39.0862,0.7893,-0.4944,-0.3641,0.9980,260,9.068506,0.3992,1.0554
BiancaGolden_CircleTurns,-159.6105,105.1794,221.9086,-0.7900,-5.3674,-39.0016,0.7903,-0.4939,-0.3625,0.9980,260,9.081796,0.4039,1.0518
BiancaGolden_CircleTurns,-159.0685,104.8235,222.2378,-0.8245,-5.2833,-38.9617,0.7852,-0.5036,-0.3604,0.9980,260,9.095639,0.4093,1.0482
BiancaGolden_CircleTurns,-158.5513,104.4771,222.5191,-0.7699,-5.1066,-38.9124,0.7853,-0.5035,-0.3604,0.9980,261,9.109282,0.4145,1.0448
BiancaGolden_CircleTurns,-158.0523,104.1701,222.7207,-0.6164,-5.0882,-38.8546,0.7785,-0.5286,-0.3384,0.9980,261,9.122217,0.4195,1.0417
BiancaGolden_CircleTurns,-157.5513,103.8839,222.9018,-0.3815,-5.2017,-38.7343,0.7779,-0.5297,-0.3379,0.9980,262,9.137321,0.4245,1.0388
BiancaGolden_CircleTurns,-157.0263,103.6149,223.1270,-0.0803,-5.3443,-38.5430,0.7798,-0.5277,-0.3369,0.9980,262,9.150997,0.4297,1.0361
BiancaGolden_CircleTurns,-156.4610,103.3215,223.3244,0.1396,-5.2676,-38.3193,0.7832,-0.5232,-0.3359,0.9980,262,9.165728,0.4354,1.0332
BiancaGolden_CircleTurns,-155.8780,103.0408,223.5161,0.3127,-4.9912,-38.0206,0.7870,-0.5205,-0.3313,0.9980,263,9.178884,0.4412,1.0304
BiancaGolden_CircleTurns,-155.2690,102.7544,223.6823,0.4233,-4.7036,-37.7198,0.7900,-0.5167,-0.3300,0.9980,263,9.192195,0.4473,1.0275
BiancaGolden_CircleTurns,-154.6982,102.4877,223.8000,0.5170,-4.4050,-37.3599,0.7935,-0.5128,-0.3277,0.9980,264,9.207538,0.4530,1.0249
BiancaGolden_CircleTurns,-154.1185,102.2380,223.8814,0.5323,-4.2478,-37.0684,0.7940,-0.5119,-0.3278,0.9980,264,9.221121,0.4588,1.0224
BiancaGolden_CircleTurns,-153.5442,101.9894,223.8779,0.5289,-4.2662,-36.7542,0.7923,-0.5095,-0.3357,0.9980,265,9.235182,0.4646,1.0199
BiancaGolden_CircleTurns,-152.9478,101.7412,223.8595,0.5465,-4.4056,-36.4918,0.7928,-0.5056,-0.3405,0.9980,265,9.248493,0.4705,1.0174
BiancaGolden_CircleTurns,-152.3624,101.4908,223.8165,0.6142,-4.7081,-36.2667,0.7814,-0.5147,-0.3528,0.9980,265,9.262733,0.4764,1.0149
BiancaGolden_CircleTurns,-151.7583,101.2710,223.8244,0.6323,-5.0569,-36.0989,0.7806,-0.5117,-0.3589,0.9980,266,9.276180,0.4824,1.0127
BiancaGolden_CircleTurns,-151.1450,101.0885,223.8380,0.5431,-5.4388,-36.0026,0.7737,-0.5188,-0.3636,0.9980,266,9.289460,0.4886,1.0109
BiancaGolden_CircleTurns,-150.4954,100.8781,223.8307,0.4317,-5.7221,-35.8400,0.7740,-0.5153,-0.3679,0.9980,267,9.304368,0.4950,1.0088
BiancaGolden_CircleTurns,-149.8626,100.6712,223.7545,0.3516,-5.9969,-35.6679,0.7725,-0.5169,-0.3689,0.9980,267,9.318745,0.5014,1.0067
BiancaGolden_CircleTurns,-149.2060,100.4560,223.6536,0.3382,-6.2139,-35.5178,0.7726,-0.5153,-0.3709,0.9980,267,9.332392,0.5079,1.0046
BiancaGolden_CircleTurns,-148.5425,100.2462,223.5757,0.2632,-6.3429,-35.4548,0.7707,-0.5166,-0.3730,0.9980,268,9.345598,0.5146,1.0025
BiancaGolden_CircleTurns,-147.8815,100.0466,223.4323,0.1233,-6.4249,-35.5249,0.7700,-0.5169,-0.3741,0.9980,268,9.358809,0.5212,1.0005
BiancaGolden_CircleTurns,-147.2463,99.8761,223.3107,-0.0368,-6.4983,-35.6120,0.7681,-0.5186,-0.3757,0.9980,269,9.373820,0.5275,0.9988
BiancaGolden_CircleTurns,-146.5605,99.7074,223.1396,-0.1618,-6.5975,-35.7016,0.7670,-0.5251,-0.3688,0.9980,269,9.387423,0.5344,0.9971
BiancaGolden_CircleTurns,-145.8387,99.5517,222.8773,-0.3809,-6.5394,-35.8715,0.7659,-0.5285,-0.3663,0.9980,270,9.403319,0.5416,0.9955
BiancaGolden_CircleTurns,-145.1647,99.4388,222.6133,-0.5247,-6.5933,-36.0110,0.7642,-0.5297,-0.3680,0.9980,270,9.415390,0.5484,0.9944
BiancaGolden_CircleTurns,-144.4954,99.3383,222.2916,-0.6610,-6.7024,-36.1704,0.7642,-0.5293,-0.3687,0.9980,270,9.429439,0.5550,0.9934
BiancaGolden_CircleTurns,-143.8343,99.2408,221.8716,-0.7374,-6.8092,-36.3255,0.7621,-0.5314,-0.3699,0.9980,271,9.443107,0.5617,0.9924
BiancaGolden_CircleTurns,-143.1671,99.1416,221.4179,-0.6338,-6.8780,-36.4799,0.7613,-0.5347,-0.3669,0.9980,271,9.459217,0.5683,0.9914
BiancaGolden_CircleTurns,-142.5357,99.0659,221.1252,-0.4863,-6.9605,-36.6286,0.7578,-0.5363,-0.3717,0.9980,272,9.471678,0.5746,0.9907
BiancaGolden_CircleTurns,-141.8852,99.0919,220.8708,-0.6624,-7.2632,-36.8836,0.7522,-0.5395,-0.3784,0.9980,272,9.484843,0.5811,0.9909
BiancaGolden_CircleTurns,-141.2134,99.0904,220.6135,-1.0335,-7.6265,-37.0516,0.7546,-0.5345,-0.3806,0.9980,272,9.499150,0.5879,0.9909
BiancaGolden_CircleTurns,-140.5395,99.1283,220.3833,-1.5623,-7.9416,-37.3435,0.7489,-0.5349,-0.3911,0.9980,273,9.512340,0.5946,0.9913
BiancaGolden_CircleTurns,-139.8032,99.0995,220.4545,-2.0229,-8.6063,-37.7010,0.7456,-0.5381,-0.3931,0.9980,273,9.525808,0.6020,0.9910
BiancaGolden_CircleTurns,-138.9733,99.0132,220.7403,-2.3986,-8.8317,-38.0797,0.7446,-0.5442,-0.3866,0.9980,274,9.540698,0.6103,0.9901
BiancaGolden_CircleTurns,-138.2642,99.0424,220.7694,-2.5918,-8.5552,-38.5211,0.7469,-0.5459,-0.3796,0.9980,274,9.554322,0.6174,0.9904
BiancaGolden_CircleTurns,-137.6262,99.0811,220.6045,-2.6160,-8.4553,-38.7661,0.7449,-0.5475,-0.3812,0.9980,275,9.568793,0.6237,0.9908
BiancaGolden_CircleTurns,-137.0164,99.1555,220.5594,-2.4543,-8.5766,-38.9066,0.7416,-0.5473,-0.3880,0.9980,275,9.582493,0.6298,0.9916
BiancaGolden_CircleTurns,-136.3696,99.1785,220.6618,-2.1704,-8.7785,-38.9903,0.7436,-0.5466,-0.3851,0.9980,275,9.596438,0.6363,0.9918
BiancaGolden_CircleTurns,-135.7177,99.1729,220.8861,-2.0589,-8.8082,-39.1261,0.7457,-0.5453,-0.3829,0.9980,276,9.610305,0.6428,0.9917
BiancaGolden_CircleTurns,-135.0381,99.1632,221.0911,-2.1276,-8.7006,-39.3858,0.7451,-0.5511,-0.3756,0.9980,276,9.623023,0.6496,0.9916
BiancaGolden_CircleTurns,-134.3460,99.1649,221.3170,-2.4950,-8.3490,-39.7782,0.7457,-0.5540,-0.3702,0.9980,277,9.638201,0.6565,0.9916
BiancaGolden_CircleTurns,-133.6971,99.1744,221.4683,-2.7211,-8.0755,-40.0624,0.7451,-0.5585,-0.3646,0.9980,277,9.651919,0.6630,0.9917
BiancaGolden_CircleTurns,-133.0708,99.1894,221.5464,-2.8256,-7.6956,-40.3438,0.7435,-0.5608,-0.3642,0.9980,277,9.666221,0.6693,0.9919
BiancaGolden_CircleTurns,-132.4672,99.2013,221.6541,-2.9058,-7.4067,-40.5726,0.7428,-0.5625,-0.3629,0.9980,278,9.680095,0.6753,0.9920
BiancaGolden_CircleTurns,-131.8566,99.1974,221.7828,-2.9344,-7.1933,-40.7955,0.7454,-0.5611,-0.3599,0.9980,278,9.692916,0.6814,0.9920
BiancaGolden_CircleTurns,-131.2535,99.1747,221.9207,-2.8996,-6.9933,-41.0712,0.7433,-0.5620,-0.3628,0.9980,279,9.707901,0.6875,0.9917
BiancaGolden_CircleTurns,-130.6603,99.1966,221.9820,-2.9303,-6.8405,-41.3439,0.7410,-0.5635,-0.3653,0.9980,279,9.721372,0.6934,0.9920
BiancaGolden_CircleTurns,-130.1177,99.2512,221.9959,-3.1259,-6.9434,-41.5937,0.7380,-0.5643,-0.3700,0.9980,280,9.735574,0.6988,0.9925
BiancaGolden_CircleTurns,-129.5990,99.2808,221.9972,-3.2036,-7.1850,-41.7987,0.7358,-0.5605,-0.3801,0.9980,280,9.749338,0.7040,0.9928
BiancaGolden_CircleTurns,-129.0957,99.2910,222.0101,-3.2372,-7.5839,-42.0040,0.7307,-0.5616,-0.3882,0.9980,280,9.763420,0.7090,0.9929
BiancaGolden_CircleTurns,-128.6026,99.2860,222.0207,-3.2565,-8.0944,-42.2700,0.7206,-0.5586,-0.4107,0.9980,281,9.777081,0.7140,0.9929
BiancaGolden_CircleTurns,-128.0974,99.2629,222.0606,-3.3134,-8.4472,-42.6181,0.7168,-0.5627,-0.4118,0.9980,281,9.789977,0.7190,0.9926
BiancaGolden_CircleTurns,-127.5870,99.2285,222.1295,-3.3692,-8.5546,-42.9823,0.7141,-0.5673,-0.4101,0.9980,282,9.805226,0.7241,0.9923
BiancaGolden_CircleTurns,-127.0561,99.1615,222.2224,-3.4394,-8.4144,-43.3444,0.7141,-0.5686,-0.4085,0.9980,282,9.818843,0.7294,0.9916
BiancaGolden_CircleTurns,-126.5413,99.0913,222.3548,-3.4640,-8.2346,-43.6681,0.7126,-0.5737,-0.4039,0.9980,282,9.833190,0.7346,0.9909
BiancaGolden_CircleTurns,-126.0256,99.0302,222.4710,-3.4532,-8.0704,-43.9830,0.7154,-0.5729,-0.4000,0.9980,283,9.846669,0.7397,0.9903
BiancaGolden_CircleTurns,-125.5440,98.9554,222.5499,-3.4073,-7.8736,-44.2376,0.7199,-0.5691,-0.3973,0.9980,283,9.860034,0.7446,0.9896
BiancaGolden_CircleTurns,-125.0869,98.8783,222.5921,-3.3246,-7.8085,-44.4297,0.7204,-0.5695,-0.3957,0.9980,284,9.875403,0.7491,0.9888
BiancaGolden_CircleTurns,-124.6210,98.7891,222.6538,-3.2257,-7.8304,-44.6170,0.7183,-0.5712,-0.3973,0.9980,284,9.889519,0.7538,0.9879
BiancaGolden_CircleTurns,-124.1525,98.6814,222.7534,-3.1636,-7.9218,-44.7675,0.7193,-0.5694,-0.3980,0.9980,285,9.903131,0.7585,0.9868
BiancaGolden_CircleTurns,-123.6790,98.5586,222.8392,-3.1490,-7.9853,-44.8986,0.7167,-0.5678,-0.4048,0.9980,285,9.916283,0.7632,0.9856
BiancaGolden_CircleTurns,-123.2330,98.4468,222.8842,-3.1083,-8.0459,-44.9999,0.7176,-0.5611,-0.4127,0.9980,285,9.930551,0.7677,0.9845
BiancaGolden_CircleTurns,-122.7879,98.3235,222.9228,-3.0590,-8.1615,-45.0826,0.7160,-0.5584,-0.4190,0.9980,286,9.943915,0.7721,0.9832
BiancaGolden_CircleTurns,-122.3558,98.1917,222.9600,-2.9788,-8.2767,-45.1616,0.7139,-0.5590,-0.4218,0.9980,286,9.960144,0.7764,0.9819
BiancaGolden_CircleTurns,-121.9357,98.0659,223.0002,-2.8936,-8.4415,-45.2536,0.7139,-0.5544,-0.4278,0.9980,287,9.972477,0.7806,0.9807
BiancaGolden_CircleTurns,-121.5436,97.9067,223.0406,-2.7891,-8.6389,-45.2838,0.7125,-0.5544,-0.4301,0.9980,287,9.985889,0.7846,0.9791
BiancaGolden_CircleTurns,-121.1542,97.7365,223.0746,-2.6657,-8.7684,-45.3056,0.7104,-0.5537,-0.4345,0.9980,287,10.000251,0.7885,0.9774
BiancaGolden_CircleTurns,-120.7628,97.5399,223.1054,-2.5912,-8.8682,-45.3682,0.7099,-0.5535,-0.4355,0.9980,288,10.013222,0.7924,0.9754
BiancaGolden_CircleTurns,-120.3870,97.3297,223.1348,-2.4861,-8.8712,-45.3992,0.7094,-0.5544,-0.4352,0.9980,288,10.026479,0.7961,0.9733
BiancaGolden_CircleTurns,-119.9878,97.1114,223.1592,-2.3674,-8.8442,-45.4450,0.7099,-0.5567,-0.4314,0.9980,289,10.042504,0.8001,0.9711
BiancaGolden_CircleTurns,-119.5899,96.8619,223.1683,-2.2726,-8.7667,-45.4603,0.7028,-0.5777,-0.4150,0.9980,289,10.055073,0.8041,0.9686
BiancaGolden_CircleTurns,-119.2214,96.6181,223.1570,-2.2075,-8.7101,-45.4621,0.7037,-0.5779,-0.4133,0.9980,290,10.069699,0.8078,0.9662
BiancaGolden_CircleTurns,-118.8695,96.3431,223.1499,-2.1384,-8.5955,-45.4107,0.7030,-0.5799,-0.4117,0.9980,290,10.083169,0.8113,0.9634
BiancaGolden_CircleTurns,-118.5087,96.0599,223.1516,-2.0713,-8.4744,-45.3596,0.6794,-0.5659,-0.4671,0.9980,290,10.097236,0.8149,0.9606
BiancaGolden_CircleTurns,-118.1583,95.7641,223.1024,-2.0581,-8.3645,-45.3059,0.6800,-0.5652,-0.4671,0.9980,291,10.110764,0.8184,0.9576
BiancaGolden_CircleTurns,-117.8086,95.4657,223.0325,-2.1061,-8.2786,-45.2774,0.6810,-0.5651,-0.4657,0.9980,291,10.123662,0.8219,0.9547
BiancaGolden_CircleTurns,-117.5076,95.1382,222.9156,-2.1521,-8.1945,-45.2420,0.6878,-0.5658,-0.4548,0.9980,292,10.139180,0.8249,0.9514
BiancaGolden_CircleTurns,-117.2104,94.8126,222.7789,-2.1717,-8.1036,-45.2007,0.6894,-0.5650,-0.4534,0.9980,292,10.152430,0.8279,0.9481
BiancaGolden_CircleTurns,-116.9074,94.4535,222.5973,-2.2569,-8.0170,-45.1198,0.6935,-0.5672,-0.4442,0.9980,292,10.166808,0.8309,0.9445
BiancaGolden_CircleTurns,-116.5970,94.1018,222.4385,-2.2751,-7.9016,-45.0209,0.6950,-0.5656,-0.4438,0.9980,293,10.180034,0.8340,0.9410
BiancaGolden_CircleTurns,-116.3420,93.7468,222.2225,-2.2304,-7.8401,-44.8820,0.7089,-0.5576,-0.4320,0.9980,293,10.193289,0.8366,0.9375
BiancaGolden_CircleTurns,-116.1637,93.4101,221.9845,-2.0568,-8.0086,-44.6628,0.7100,-0.5547,-0.4338,0.9980,294,10.208451,0.8384,0.9341
BiancaGolden_CircleTurns,-116.0046,93.0906,221.6752,-1.7922,-8.2016,-44.4024,0.7128,-0.5489,-0.4365,0.9980,294,10.222136,0.8400,0.9309
BiancaGolden_CircleTurns,-115.8202,92.7737,221.3296,-1.6034,-8.3637,-44.1364,0.7137,-0.5437,-0.4415,0.9980,295,10.236444,0.8418,0.9277
BiancaGolden_CircleTurns,-115.5680,92.4042,221.1958,-1.6789,-8.6965,-43.8827,0.7168,-0.5364,-0.4455,0.9980,295,10.250047,0.8443,0.9240
BiancaGolden_CircleTurns,-115.3385,92.0450,221.2315,-1.7115,-8.9771,-43.7005,0.7217,-0.5358,-0.4383,0.9980,295,10.264318,0.8466,0.9205
BiancaGolden_CircleTurns,-115.1287,91.6468,221.3413,-1.7205,-8.9717,-43.4405,0.7178,-0.5457,-0.4323,0.9980,296,10.277996,0.8487,0.9165
BiancaGolden_CircleTurns,-114.9566,91.3254,221.2164,-1.7330,-8.6483,-43.3274,0.7218,-0.5465,-0.4247,0.9980,296,10.291077,0.8504,0.9133
BiancaGolden_CircleTurns,-114.7815,91.0420,221.0298,-1.6880,-8.4079,-43.1680,0.7218,-0.5463,-0.4250,0.9980,297,10.306248,0.8522,0.9104
BiancaGolden_CircleTurns,-114.5862,90.7674,220.9826,-1.7645,-8.4117,-43.0759,0.7227,-0.5442,-0.4261,0.9980,297,10.320876,0.8541,0.9077
BiancaGolden_CircleTurns,-114.3620,90.4499,221.1940,-1.8300,-8.5223,-42.9626,0.7248,-0.5475,-0.4181,0.9980,297,10.334137,0.8564,0.9045
BiancaGolden_CircleTurns,-114.0940,90.0994,221.4326,-1.8581,-8.4769,-42.8676,0.7222,-0.5529,-0.4155,0.9980,298,10.347575,0.8591,0.9010
BiancaGolden_CircleTurns,-113.8007,89.7958,221.6672,-2.0021,-8.2693,-42.8112,0.7240,-0.5532,-0.4121,0.9980,298,10.360599,0.8620,0.8980
BiancaGolden_CircleTurns,-113.5102,89.5487,221.8592,-2.2106,-8.0836,-42.7673,0.7235,-0.5560,-0.4093,0.9980,299,10.376774,0.8649,0.8955
BiancaGolden_CircleTurns,-113.2478,89.2995,222.0090,-2.3564,-8.0490,-42.6696,0.7220,-0.5579,-0.4092,0.9980,299,10.389492,0.8675,0.8930
BiancaGolden_CircleTurns,-112.9622,89.0311,222.1686,-2.3998,-8.0269,-42.5738,0.7230,-0.5571,-0.4086,0.9980,300,10.403582,0.8704,0.8903
BiancaGolden_CircleTurns,-112.6666,88.7728,222.3595,-2.4099,-7.9923,-42.4980,0.7216,-0.5563,-0.4121,0.9980,300,10.417341,0.8733,0.8877
BiancaGolden_CircleTurns,-112.3271,88.5233,222.5845,-2.3419,-7.8942,-42.3740,0.7208,-0.5563,-0.4134,0.9980,300,10.431306,0.8767,0.8852
BiancaGolden_CircleTurns,-111.9622,88.2539,222.7776,-2.2036,-7.6403,-42.2308,0.7213,-0.5539,-0.4159,0.9980,301,10.444951,0.8804,0.8825
BiancaGolden_CircleTurns,-111.6085,88.0138,222.9110,-2.0644,-7.3847,-42.0672,0.7225,-0.5533,-0.4146,0.9980,301,10.461233,0.8839,0.8801
BiancaGolden_CircleTurns,-111.2555,87.7564,222.9935,-1.9216,-7.2348,-41.8976,0.7171,-0.5594,-0.4157,0.9980,302,10.473537,0.8874,0.8776
BiancaGolden_CircleTurns,-110.9498,87.5274,223.0347,-1.8461,-7.2430,-41.7345,0.7174,-0.5571,-0.4183,0.9980,302,10.486789,0.8905,0.8753
BiancaGolden_CircleTurns,-110.6380,87.3002,223.0535,-1.8538,-7.4096,-41.6123,0.7144,-0.5563,-0.4244,0.9980,302,10.501071,0.8936,0.8730
BiancaGolden_CircleTurns,-110.3010,87.0526,223.0406,-1.9229,-7.7220,-41.5242,0.7093,-0.5500,-0.4410,0.9980,303,10.514109,0.8970,0.8705
BiancaGolden_CircleTurns,-109.9464,86.7989,223.0679,-1.9379,-8.0025,-41.4781,0.7083,-0.5485,-0.4443,0.9980,303,10.527839,0.9005,0.8680
BiancaGolden_CircleTurns,-109.6011,86.5511,223.0959,-1.9976,-8.2467,-41.4471,0.7015,-0.5565,-0.4452,0.9980,304,10.542558,0.9040,0.8655
BiancaGolden_CircleTurns,-109.2344,86.3072,223.1305,-2.0590,-8.4403,-41.4512,0.7000,-0.5562,-0.4480,0.9980,304,10.556438,0.9077,0.8631
BiancaGolden_CircleTurns,-108.8283,86.0732,223.1373,-2.1569,-8.6229,-41.4703,0.6991,-0.5551,-0.4508,0.9980,305,10.570667,0.9117,0.8607
BiancaGolden_CircleTurns,-108.4079,85.8449,223.1228,-2.2307,-8.8017,-41.4821,0.6949,-0.5569,-0.4549,0.9980,305,10.584244,0.9159,0.8584
BiancaGolden_CircleTurns,-107.9986,85.6084,223.0986,-2.2953,-8.9512,-41.4934,0.6911,-0.5581,-0.4593,0.9980,305,10.598533,0.9200,0.8561
BiancaGolden_CircleTurns,-107.5575,85.4011,223.0368,-2.4533,-9.1136,-41.5754,0.6886,-0.5577,-0.4634,0.9980,306,10.612367,0.9244,0.8540
BiancaGolden_CircleTurns,-107.0893,85.1760,222.9937,-2.5774,-9.3858,-41.7077,0.6850,-0.5579,-0.4685,0.9980,306,10.625089,0.9291,0.8518
BiancaGolden_CircleTurns,-106.6062,84.9660,222.9416,-2.7331,-9.7044,-41.8274,0.6800,-0.5601,-0.4731,0.9980,307,10.640782,0.9339,0.8497
BiancaGolden_CircleTurns,-106.0990,84.7535,222.8792,-2.8174,-10.0422,-42.0085,0.6775,-0.5608,-0.4759,0.9980,307,10.654558,0.9390,0.8475
BiancaGolden_CircleTurns,-105.6025,84.4998,222.7779,-2.8914,-10.2288,-42.1770,0.6735,-0.5650,-0.4767,0.9980,308,10.668074,0.9440,0.8450
BiancaGolden_CircleTurns,-105.0582,84.2558,222.6965,-2.9677,-10.2704,-42.4121,0.6746,-0.5675,-0.4720,0.9980,308,10.681398,0.9494,0.8426
BiancaGolden_CircleTurns,-104.4779,83.9925,222.5784,-3.0455,-10.0941,-42.6701,0.6764,-0.5694,-0.4671,0.9980,308,10.695672,0.9552,0.8399
BiancaGolden_CircleTurns,-103.8977,83.7958,222.4591,-3.1514,-9.9440,-42.9348,0.6750,-0.5711,-0.4671,0.9980,309,10.709035,0.9610,0.8380
BiancaGolden_CircleTurns,-103.3452,83.6111,222.2642,-3.2271,-10.0715,-43.1996,0.6720,-0.5730,-0.4691,0.9980,309,10.722126,0.9665,0.8361
BiancaGolden_CircleTurns,-102.7959,83.4141,222.0648,-3.3100,-10.2775,-43.4449,0.6661,-0.5741,-0.4762,0.9980,310,10.737421,0.9720,0.8341
BiancaGolden_CircleTurns,-102.2614,83.2491,221.7509,-3.3269,-10.7396,-43.7737,0.6659,-0.5704,-0.4808,0.9980,310,10.751310,0.9774,0.8325
BiancaGolden_CircleTurns,-101.6834,83.1308,221.5070,-3.4597,-11.0816,-44.0660,0.6658,-0.5676,-0.4843,0.9980,310,10.765585,0.9832,0.8313
BiancaGolden_CircleTurns,-101.0760,83.0095,221.3097,-3.6364,-11.3438,-44.3070,0.6640,-0.5689,-0.4853,0.9980,311,10.779198,0.9892,0.8301
BiancaGolden_CircleTurns,-100.4628,82.9116,221.1257,-3.7804,-11.4559,-44.5118,0.6669,-0.5646,-0.4862,0.9980,311,10.793155,0.9954,0.8291
BiancaGolden_CircleTurns,-99.8697,82.8031,220.9514,-3.9118,-11.5716,-44.7292,0.6679,-0.5681,-0.4808,0.9980,312,10.807364,1.0013,0.8280
BiancaGolden_CircleTurns,-99.2791,82.7011,220.7640,-3.9815,-11.5605,-44.9690,0.6659,-0.5725,-0.4784,0.9980,312,10.821309,1.0072,0.8270
BiancaGolden_CircleTurns,-98.6514,82.6256,220.5847,-3.9929,-11.4036,-45.2741,0.6632,-0.5711,-0.4838,0.9980,313,10.835171,1.0135,0.8263
BiancaGolden_CircleTurns,-97.9950,82.5148,220.5704,-4.0908,-11.4933,-45.5655,0.6634,-0.5723,-0.4821,0.9980,313,10.848539,1.0200,0.8251
BiancaGolden_CircleTurns,-97.2995,82.3645,220.7882,-4.2355,-11.6250,-45.8952,0.6628,-0.5741,-0.4807,0.9980,313,10.862683,1.0270,0.8236
BiancaGolden_CircleTurns,-96.5770,82.2385,220.9679,-4.3117,-11.5487,-46.2980,0.6597,-0.5793,-0.4788,0.9980,314,10.876404,1.0342,0.8224
BiancaGolden_CircleTurns,-95.9486,82.2245,220.8261,-4.3750,-11.4131,-46.5168,0.6588,-0.5749,-0.4852,0.9980,314,10.889521,1.0405,0.8222
BiancaGolden_CircleTurns,-95.3167,82.2123,220.7242,-4.3221,-11.5103,-46.5552,0.6586,-0.5741,-0.4865,0.9980,315,10.904880,1.0468,0.8221
BiancaGolden_CircleTurns,-94.6373,82.1858,220.6735,-4.2564,-11.5888,-46.5070,0.6587,-0.5732,-0.4874,0.9980,315,10.918193,1.0536,0.8219
BiancaGolden_CircleTurns,-93.9898,82.1545,220.7253,-4.2829,-11.6523,-46.5286,0.6620,-0.5685,-0.4884,0.9980,315,10.932272,1.0601,0.8215
BiancaGolden_CircleTurns,-93.3576,82.0885,220.7674,-4.4240,-11.7221,-46.6015,0.6608,-0.5646,-0.4946,0.9980,316,10.945866,1.0664,0.8209
BiancaGolden_CircleTurns,-92.7393,82.0357,220.7854,-4.5391,-11.9241,-46.7652,0.6595,-0.5626,-0.4986,0.9980,316,10.962311,1.0726,0.8204
BiancaGolden_CircleTurns,-92.1005,81.9747,220.8346,-4.6432,-12.2237,-46.9606,0.6541,-0.5642,-0.5039,0.9980,317,10.974165,1.0790,0.8197
BiancaGolden_CircleTurns,-91.4514,81.8893,220.8610,-4.7438,-12.4384,-47.1531,0.6518,-0.5654,-0.5055,0.9980,317,10.987494,1.0855,0.8189
BiancaGolden_CircleTurns,-90.8099,81.8081,220.8835,-4.8981,-12.5667,-47.3744,0.6495,-0.5679,-0.5057,0.9980,318,11.001672,1.0919,0.8181
BiancaGolden_CircleTurns,-90.1747,81.7350,220.8825,-5.0956,-12.5887,-47.5981,0.6457,-0.5704,-0.5076,0.9980,318,11.014819,1.0983,0.8173
BiancaGolden_CircleTurns,-89.5689,81.6718,220.8458,-5.3101,-12.6170,-47.7967,0.6425,-0.5726,-0.5092,0.9980,318,11.029032,1.1043,0.8167
BiancaGolden_CircleTurns,-88.9377,81.6121,220.7876,-5.5505,-12.7288,-48.0060,0.6402,-0.5722,-0.5126,0.9980,319,11.042411,1.1106,0.8161
BiancaGolden_CircleTurns,-88.3464,81.5559,220.7039,-5.7804,-12.9830,-48.1880,0.6374,-0.5711,-0.5173,0.9980,319,11.055535,1.1165,0.8156
BiancaGolden_CircleTurns,-87.7460,81.4834,220.6280,-5.9540,-13.3185,-48.3389,0.6345,-0.5695,-0.5226,0.9980,320,11.070967,1.1225,0.8148
BiancaGolden_CircleTurns,-87.1580,81.4107,220.5867,-6.1939,-13.7031,-48.4981,0.6328,-0.5672,-0.5271,0.9980,320,11.084471,1.1284,0.8141
BiancaGolden_CircleTurns,-86.5648,81.3250,220.5709,-6.5052,-14.0341,-48.6328,0.6287,-0.5687,-0.5304,0.9980,320,11.099048,1.1344,0.8132
BiancaGolden_CircleTurns,-85.9717,81.2485,220.5327,-6.8330,-14.2598,-48.8484,0.6179,-0.5721,-0.5393,0.9980,321,11.112483,1.1403,0.8125
BiancaGolden_CircleTurns,-85.4190,81.1609,220.4739,-7.2090,-14.5483,-48.9686,0.5917,-0.5921,-0.5471,0.9980,321,11.125498,1.1458,0.8116
BiancaGolden_CircleTurns,-84.8687,81.0776,220.4173,-7.5281,-14.8059,-49.1630,0.5895,-0.5913,-0.5504,0.9980,322,11.140544,1.1513,0.8108
BiancaGolden_CircleTurns,-84.3212,80.9967,220.4047,-7.8355,-15.1228,-49.3098,0.5885,-0.5882,-0.5546,0.9980,322,11.154175,1.1568,0.8100
BiancaGolden_CircleTurns,-83.7930,80.8924,220.3971,-8.1804,-15.4413,-49.3531,0.5861,-0.5862,-0.5594,0.9980,323,11.168432,1.1621,0.8089
BiancaGolden_CircleTurns,-83.2845,80.8008,220.3698,-8.5628,-15.7790,-49.4113,0.5851,-0.5850,-0.5617,0.9980,323,11.181819,1.1672,0.8080
BiancaGolden_CircleTurns,-82.8108,80.7032,220.3245,-8.8970,-16.1433,-49.4398,0.5830,-0.5822,-0.5667,0.9980,323,11.196001,1.1719,0.8070
BiancaGolden_CircleTurns,-82.3646,80.6202,220.2819,-9.3173,-16.5976,-49.5257,0.5804,-0.5806,-0.5710,0.9980,324,11.209651,1.1764,0.8062
BiancaGolden_CircleTurns,-81.9349,80.5145,220.2097,-9.7425,-17.0248,-49.6334,0.5758,-0.5839,-0.5722,0.9980,324,11.223023,1.1807,0.8051
BiancaGolden_CircleTurns,-81.5051,80.3802,220.1281,-10.0774,-17.4145,-49.7781,0.5737,-0.5808,-0.5775,0.9980,325,11.237955,1.1849,0.8038
BiancaGolden_CircleTurns,-81.0714,80.2228,220.0788,-10.4168,-17.8096,-49.8743,0.5725,-0.5856,-0.5738,0.9980,325,11.251621,1.1893,0.8022
BiancaGolden_CircleTurns,-80.6333,80.0234,220.0410,-10.7222,-18.0673,-49.9516,0.5699,-0.5885,-0.5735,0.9980,325,11.266170,1.1937,0.8002
BiancaGolden_CircleTurns,-80.1957,79.8218,220.0066,-11.1626,-18.2522,-50.0455,0.5678,-0.5877,-0.5764,0.9980,326,11.279691,1.1980,0.7982
BiancaGolden_CircleTurns,-79.7755,79.5932,219.9612,-11.6232,-18.4316,-50.1298,0.5656,-0.5924,-0.5737,0.9980,326,11.292984,1.2022,0.7959
BiancaGolden_CircleTurns,-79.3763,79.3715,219.8854,-12.0464,-18.7272,-50.1687,0.5664,-0.5933,-0.5721,0.9980,327,11.308134,1.2062,0.7937
BiancaGolden_CircleTurns,-78.9682,79.1425,219.7781,-12.4229,-19.0484,-50.1899,0.5652,-0.5882,-0.5784,0.9980,327,11.321792,1.2103,0.7914
BiancaGolden_CircleTurns,-78.5691,78.9348,219.6640,-12.8173,-19.5522,-50.1417,0.5652,-0.5820,-0.5847,0.9980,328,11.336107,1.2143,0.7893
BiancaGolden_CircleTurns,-78.1873,78.7267,219.5611,-13.2802,-20.1082,-49.9768,0.5589,-0.5795,-0.5931,0.9980,328,11.349344,1.2181,0.7873
BiancaGolden_CircleTurns,-77.8072,78.5108,219.4749,-13.8165,-20.7648,-49.7514,0.5606,-0.5748,-0.5961,0.9980,328,11.363825,1.2219,0.7851
BiancaGolden_CircleTurns,-77.4033,78.2937,219.3885,-14.4014,-21.3087,-49.4856,0.5604,-0.5711,-0.5999,0.9980,329,11.377286,1.2260,0.7829
BiancaGolden_CircleTurns,-77.0246,78.0527,219.3052,-15.0336,-21.7254,-49.2170,0.5631,-0.5685,-0.5998,0.9980,329,11.390454,1.2298,0.7805
BiancaGolden_CircleTurns,-76.6287,77.8030,219.2144,-15.5944,-21.9824,-48.9979,0.5663,-0.5642,-0.6008,0.9980,330,11.405702,1.2337,0.7780
BiancaGolden_CircleTurns,-76.2501,77.5120,219.1580,-16.0359,-22.0868,-48.7670,0.5701,-0.5648,-0.5967,0.9980,330,11.419278,1.2375,0.7751
BiancaGolden_CircleTurns,-75.8623,77.2100,219.0989,-16.3594,-22.1317,-48.5927,0.5750,-0.5708,-0.5861,0.9980,330,11.434029,1.2414,0.7721
BiancaGolden_CircleTurns,-75.4861,76.8977,219.0544,-16.6224,-22.1518,-48.4094,0.5733,-0.5718,-0.5868,0.9980,331,11.447341,1.2451,0.7690
BiancaGolden_CircleTurns,-75.1116,76.6096,218.9814,-16.8923,-22.2181,-48.2603,0.5706,-0.5756,-0.5857,0.9980,331,11.463991,1.2489,0.7661
BiancaGolden_CircleTurns,-74.7303,76.3558,218.8762,-17.1293,-22.3684,-48.0520,0.5726,-0.5708,-0.5884,0.9980,332,11.475769,1.2527,0.7636
BiancaGolden_CircleTurns,-74.3628,76.0961,218.7514,-17.2727,-22.5664,-47.7569,0.5749,-0.5655,-0.5914,0.9980,332,11.488993,1.2564,0.7610
BiancaGolden_CircleTurns,-73.9887,75.8430,218.6306,-17.3297,-22.7777,-47.3961,0.5942,-0.5383,-0.5976,0.9980,333,11.503542,1.2601,0.7584
BiancaGolden_CircleTurns,-73.6027,75.5571,218.5399,-17.4410,-22.9403,-47.0811,0.5947,-0.5278,-0.6065,0.9980,333,11.516367,1.2640,0.7556
BiancaGolden_CircleTurns,-73.2168,75.2591,218.4411,-17.5920,-23.0136,-46.8107,0.5952,-0.5250,-0.6084,0.9980,333,11.530928,1.2678,0.7526
BiancaGolden_CircleTurns,-72.8482,74.9724,218.2849,-17.6752,-23.0003,-46.5844,0.5938,-0.5266,-0.6084,0.9980,334,11.544050,1.2715,0.7497
BiancaGolden_CircleTurns,-72.4974,74.7165,218.0718,-17.7039,-22.9698,-46.3539,0.5943,-0.5251,-0.6092,0.9980,334,11.557018,1.2750,0.7472
BiancaGolden_CircleTurns,-72.1820,74.5087,217.8510,-17.6758,-22.9918,-46.1261,0.5955,-0.5220,-0.6106,0.9980,335,11.572046,1.2782,0.7451
BiancaGolden_CircleTurns,-71.8927,74.3129,217.6204,-17.6102,-23.0915,-45.8928,0.5912,-0.5252,-0.6120,0.9980,335,11.585601,1.2811,0.7431
BiancaGolden_CircleTurns,-71.6134,74.1211,217.3806,-17.4432,-23.1639,-45.7254,0.5903,-0.5278,-0.6108,0.9980,335,11.600188,1.2839,0.7412
BiancaGolden_CircleTurns,-71.3889,73.9132,217.1422,-17.1776,-23.2483,-45.5477,0.5825,-0.5326,-0.6141,0.9980,336,11.613787,1.2861,0.7391
BiancaGolden_CircleTurns,-71.1809,73.7779,216.8851,-16.7636,-23.3026,-45.4508,0.5811,-0.5309,-0.6168,0.9980,336,11.628280,1.2882,0.7378
BiancaGolden_CircleTurns,-70.9895,73.6439,216.6510,-16.3322,-23.4422,-45.3148,0.5794,-0.5281,-0.6208,0.9980,337,11.643008,1.2901,0.7364
BiancaGolden_CircleTurns,-70.7979,73.4494,216.5534,-15.9736,-23.7180,-45.1410,0.5764,-0.5261,-0.6253,0.9980,337,11.656693,1.2920,0.7345
BiancaGolden_CircleTurns,-70.5843,73.1507,216.6227,-15.6204,-24.0354,-45.0825,0.5707,-0.5333,-0.6244,0.9980,338,11.670475,1.2942,0.7315
BiancaGolden_CircleTurns,-70.3790,72.8276,216.7079,-15.3614,-24.0141,-45.1912,0.5680,-0.5385,-0.6223,0.9980,338,11.683664,1.2962,0.7283
BiancaGolden_CircleTurns,-70.1612,72.6599,216.6750,-15.3077,-23.8564,-45.5166,0.5632,-0.5439,-0.6220,0.9980,338,11.699609,1.2984,0.7266
BiancaGolden_CircleTurns,-69.8231,72.3321,216.5170,-14.9923,-23.7423,-45.6572,0.5621,-0.5437,-0.6232,0.9980,339,11.712595,1.3018,0.7233
BiancaGolden_CircleTurns,-69.8421,72.3952,216.5895,-15.0816,-23.8501,-45.7283,0.5580,-0.5426,-0.6279,0.9980,339,11.725429,1.3016,0.7240
BiancaGolden_CircleTurns,-69.6672,72.2229,216.7107,-15.0427,-24.1663,-45.8548,0.5541,-0.5425,-0.6314,0.9980,340,11.740185,1.3033,0.7222
BiancaGolden_CircleTurns,-69.4611,72.0080,216.8536,-15.0339,-24.4257,-46.0588,0.5536,-0.5505,-0.6249,0.9980,340,11.753618,1.3054,0.7201
BiancaGolden_CircleTurns,-69.2517,71.8216,216.9914,-14.9733,-24.5706,-46.4021,0.5483,-0.5472,-0.6324,0.9980,340,11.767728,1.3075,0.7182
BiancaGolden_CircleTurns,-69.0452,71.6911,217.1157,-14.8475,-24.6825,-46.7093,0.5446,-0.5498,-0.6334,0.9980,341,11.780943,1.3095,0.7169
BiancaGolden_CircleTurns,-68.8534,71.5711,217.2418,-14.6509,-24.7746,-47.0019,0.5398,-0.5514,-0.6360,0.9980,341,11.793962,1.3115,0.7157
BiancaGolden_CircleTurns,-68.6464,71.4497,217.4350,-14.5063,-24.9693,-47.2928,0.5370,-0.5526,-0.6374,0.9980,342,11.808933,1.3135,0.7145
BiancaGolden_CircleTurns,-68.4150,71.2533,217.6884,-14.3275,-25.1008,-47.6171,0.5327,-0.5576,-0.6366,0.9980,342,11.822448,1.3159,0.7125
BiancaGolden_CircleTurns,-68.1702,71.0689,217.9152,-14.1156,-25.0370,-48.0361,0.5284,-0.5636,-0.6350,0.9980,343,11.836889,1.3183,0.7107
BiancaGolden_CircleTurns,-67.9151,70.9012,218.0839,-13.8096,-24.8146,-48.5076,0.5236,-0.5681,-0.6349,0.9980,343,11.849951,1.3208,0.7090
BiancaGolden_CircleTurns,-67.6345,70.7299,218.2259,-13.4094,-24.5105,-48.9802,0.5226,-0.5727,-0.6316,0.9980,343,11.864393,1.3237,0.7073
BiancaGolden_CircleTurns,-67.3354,70.5397,218.3854,-13.0665,-24.1922,-49.4343,0.5273,-0.5725,-0.6279,0.9980,344,11.877665,1.3266,0.7054
BiancaGolden_CircleTurns,-67.0474,70.3701,218.5409,-12.8237,-23.9768,-49.8716,0.5303,-0.5733,-0.6247,0.9980,344,11.890704,1.3295,0.7037
BiancaGolden_CircleTurns,-66.7572,70.2200,218.6477,-12.5669,-23.7558,-50.3309,0.5265,-0.5791,-0.6224,0.9980,345,11.906109,1.3324,0.7022
BiancaGolden_CircleTurns,-66.4669,70.0907,218.7049,-12.2053,-23.5824,-50.7023,0.5264,-0.5791,-0.6225,0.9980,345,11.919642,1.3353,0.7009
BiancaGolden_CircleTurns,-66.1677,69.9706,218.7327,-11.9111,-23.4371,-50.9275,0.5266,-0.5788,-0.6226,0.9980,346,11.934533,1.3383,0.6997
BiancaGolden_CircleTurns,-65.8538,69.8478,218.7492,-11.6490,-23.3202,-51.1327,0.5274,-0.5760,-0.6246,0.9980,346,11.947049,1.3415,0.6985
BiancaGolden_CircleTurns,-65.5317,69.7353,218.7254,-11.5310,-23.1985,-51.3107,0.5292,-0.5675,-0.6308,0.9980,346,11.964437,1.3447,0.6974
BiancaGolden_CircleTurns,-65.2089,69.6322,218.6736,-11.5412,-23.1172,-51.5941,0.5266,-0.5708,-0.6300,0.9980,347,11.974668,1.3479,0.6963
BiancaGolden_CircleTurns,-64.8976,69.5282,218.6175,-11.5824,-23.0608,-51.9114,0.5248,-0.5680,-0.6339,0.9980,347,11.987347,1.3510,0.6953
BiancaGolden_CircleTurns,-64.5655,69.4200,218.5382,-11.6686,-22.9935,-52.3386,0.5238,-0.5693,-0.6337,0.9980,348,12.002216,1.3543,0.6942
BiancaGolden_CircleTurns,-64.2287,69.3286,218.4554,-11.6911,-22.9448,-52.7702,0.5183,-0.5701,-0.6375,0.9980,348,12.015232,1.3577,0.6933
BiancaGolden_CircleTurns,-63.8681,69.2605,218.3484,-11.6751,-22.8359,-53.2937,0.5213,-0.5608,-0.6433,0.9980,348,12.030289,1.3613,0.6926
BiancaGolden_CircleTurns,-63.5359,69.2098,218.2171,-11.6877,-22.7736,-53.6999,0.5176,-0.5640,-0.6434,0.9980,349,12.043204,1.3646,0.6921
BiancaGolden_CircleTurns,-63.1857,69.1986,218.0864,-11.8179,-22.8002,-54.1457,0.5181,-0.5580,-0.6482,0.9980,349,12.056509,1.3681,0.6920
BiancaGolden_CircleTurns,-62.8126,69.2159,217.9253,-11.9743,-22.8565,-54.6934,0.5126,-0.5622,-0.6490,0.9980,350,12.071579,1.3719,0.6922
BiancaGolden_CircleTurns,-62.4351,69.2384,217.7533,-12.2245,-22.9516,-55.3193,0.5124,-0.5599,-0.6511,0.9980,350,12.085589,1.3756,0.6924
BiancaGolden_CircleTurns,-62.0364,69.2585,217.5965,-12.4091,-22.9993,-55.9670,0.5085,-0.5647,-0.6500,0.9980,350,12.099928,1.3796,0.6926
BiancaGolden_CircleTurns,-61.6093,69.2892,217.4351,-12.4250,-22.9418,-56.6519,0.5071,-0.5629,-0.6526,0.9980,351,12.113742,1.3839,0.6929
BiancaGolden_CircleTurns,-61.1979,69.2965,217.3126,-12.4245,-22.8478,-57.2543,0.5017,-0.5652,-0.6548,0.9980,351,12.126607,1.3880,0.6930
BiancaGolden_CircleTurns,-60.7650,69.2136,217.3616,-12.4257,-22.9163,-57.7794,0.4959,-0.5633,-0.6610,0.9980,352,12.141681,1.3923,0.6921
BiancaGolden_CircleTurns,-60.2703,68.9970,217.6278,-12.4401,-22.9248,-58.3809,0.4917,-0.5715,-0.6570,0.9980,352,12.155544,1.3973,0.6900
BiancaGolden_CircleTurns,-59.7528,68.8221,217.8134,-12.6271,-22.6930,-59.0574,0.4895,-0.5767,-0.6541,0.9980,353,12.169749,1.4025,0.6882
BiancaGolden_CircleTurns,-59.2726,68.7771,217.8201,-12.7736,-22.4136,-59.7066,0.4892,-0.5753,-0.6555,0.9980,353,12.183126,1.4073,0.6878
BiancaGolden_CircleTurns,-58.8539,68.8124,217.7635,-12.6234,-22.3756,-60.1849,0.4849,-0.5640,-0.6684,0.9980,353,12.197616,1.4115,0.6881
BiancaGolden_CircleTurns,-58.4829,68.8313,217.7226,-12.1008,-22.5964,-60.2577,0.4871,-0.5552,-0.6741,0.9980,354,12.210982,1.4152,0.6883
BiancaGolden_CircleTurns,-58.0852,68.8235,217.6987,-11.4425,-22.8605,-60.3061,0.4846,-0.5504,-0.6798,0.9980,354,12.225133,1.4191,0.6882
BiancaGolden_CircleTurns,-57.6885,68.7900,217.7129,-10.9536,-23.1648,-60.1854,0.4831,-0.5483,-0.6826,0.9980,355,12.239736,1.4231,0.6879
BiancaGolden_CircleTurns,-57.2597,68.7347,217.7650,-10.8949,-23.3964,-60.1449,0.4819,-0.5321,-0.6962,0.9980,355,12.253535,1.4274,0.6873
BiancaGolden_CircleTurns,-56.8355,68.6642,217.8374,-11.1099,-23.6410,-60.0485,0.4834,-0.5283,-0.6980,0.9980,355,12.267665,1.4316,0.6866
BiancaGolden_CircleTurns,-56.4457,68.5981,217.8708,-11.4323,-23.8370,-60.0108,0.4895,-0.5143,-0.7042,0.9980,356,12.280972,1.4355,0.6860
BiancaGolden_CircleTurns,-56.0767,68.5475,217.8538,-11.6595,-23.9893,-60.0681,0.4918,-0.5118,-0.7044,0.9980,356,12.294345,1.4392,0.6855
BiancaGolden_CircleTurns,-55.7433,68.4908,217.8097,-11.8010,-24.1086,-60.1463,0.4916,-0.5137,-0.7032,0.9980,357,12.309546,1.4426,0.6849
BiancaGolden_CircleTurns,-55.3991,68.4146,217.7764,-11.9029,-24.1855,-60.2540,0.4833,-0.5202,-0.7041,0.9980,357,12.323206,1.4460,0.6841
BiancaGolden_CircleTurns,-55.0302,68.3308,217.7794,-12.0545,-24.2410,-60.4323,0.4824,-0.5211,-0.7041,0.9980,358,12.337759,1.4497,0.6833
BiancaGolden_CircleTurns,-54.6592,68.2556,217.7878,-12.3016,-24.2915,-60.6625,0.4788,-0.5287,-0.7009,0.9980,358,12.350962,1.4534,0.6826
BiancaGolden_CircleTurns,-54.2969,68.2040,217.7728,-12.5325,-24.3128,-60.9081,0.4748,-0.5306,-0.7022,0.9980,358,12.365210,1.4570,0.6820
BiancaGolden_CircleTurns,-53.9506,68.1816,217.7231,-12.7417,-24.4118,-61.2093,0.4675,-0.5349,-0.7038,0.9980,359,12.378819,1.4605,0.6818
BiancaGolden_CircleTurns,-53.5846,68.1649,217.6845,-12.8223,-24.5137,-61.5687,0.4638,-0.5390,-0.7031,0.9980,359,12.392045,1.4642,0.6816
BiancaGolden_CircleTurns,-53.2267,68.1085,217.6781,-12.8067,-24.6472,-61.8824,0.4583,-0.5420,-0.7044,0.9980,360,12.407342,1.4677,0.6811
BiancaGolden_CircleTurns,-52.8255,68.0584,217.6953,-12.7233,-24.7084,-62.2308,0.4543,-0.5455,-0.7043,0.9980,360,12.421269,1.4717,0.6806
BiancaGolden_CircleTurns,-52.3984,67.9936,217.6976,-12.6089,-24.6758,-62.6030,0.4504,-0.5481,-0.7048,0.9980,361,12.435284,1.4760,0.6799
BiancaGolden_CircleTurns,-51.9765,67.9502,217.6585,-12.5141,-24.5922,-62.9529,0.4495,-0.5491,-0.7045,0.9980,361,12.449178,1.4802,0.6795
BiancaGolden_CircleTurns,-51.5368,67.9121,217.6004,-12.3628,-24.5175,-63.2799,0.4462,-0.5497,-0.7062,0.9980,361,12.466615,1.4846,0.6791
BiancaGolden_CircleTurns,-51.0880,67.8953,217.5533,-12.3187,-24.5139,-63.5629,0.4431,-0.5508,-0.7073,0.9980,362,12.476919,1.4891,0.6790
BiancaGolden_CircleTurns,-50.6246,67.8823,217.5192,-12.3479,-24.6118,-63.8572,0.4399,-0.5505,-0.7095,0.9980,362,12.489454,1.4938,0.6788
BiancaGolden_CircleTurns,-50.1542,67.8777,217.4839,-12.4284,-24.8099,-64.1314,0.4375,-0.5476,-0.7132,0.9980,363,12.505055,1.4985,0.6788
BiancaGolden_CircleTurns,-49.6749,67.8764,217.4280,-12.4612,-24.9419,-64.3765,0.4360,-0.5448,-0.7163,0.9980,363,12.517859,1.5033,0.6788
BiancaGolden_CircleTurns,-49.1773,67.8820,217.3237,-12.4629,-25.0331,-64.6145,0.4336,-0.5446,-0.7179,0.9980,363,12.532333,1.5082,0.6788
BiancaGolden_CircleTurns,-48.6331,67.8666,217.2447,-12.5213,-25.0663,-64.8720,0.4347,-0.5466,-0.7157,0.9980,364,12.545947,1.5137,0.6787
BiancaGolden_CircleTurns,-48.0887,67.8395,217.2080,-12.6173,-25.0925,-65.1545,0.4371,-0.5497,-0.7119,0.9980,364,12.559260,1.5191,0.6784
BiancaGolden_CircleTurns,-47.5248,67.8306,217.1369,-12.6401,-25.0559,-65.4668,0.4346,-0.5517,-0.7119,0.9980,365,12.574455,1.5248,0.6783
BiancaGolden_CircleTurns,-46.9620,67.8424,217.0343,-12.6463,-25.0610,-65.7472,0.4317,-0.5543,-0.7116,0.9980,365,12.588035,1.5304,0.6784
BiancaGolden_CircleTurns,-46.3732,67.8663,216.9308,-12.7135,-25.1274,-65.9892,0.4292,-0.5535,-0.7137,0.9980,366,12.602332,1.5363,0.6787
BiancaGolden_CircleTurns,-45.7642,67.8655,216.8671,-12.7657,-25.2379,-66.2675,0.4295,-0.5535,-0.7136,0.9980,366,12.615691,1.5424,0.6787
BiancaGolden_CircleTurns,-45.1609,67.8665,216.8014,-12.7420,-25.3533,-66.5385,0.4259,-0.5541,-0.7153,0.9980,366,12.629977,1.5484,0.6787
BiancaGolden_CircleTurns,-44.5480,67.8778,216.7405,-12.6513,-25.4837,-66.8216,0.4229,-0.5522,-0.7185,0.9980,367,12.643817,1.5545,0.6788
BiancaGolden_CircleTurns,-43.9618,67.9170,216.6881,-12.5579,-25.7613,-67.0494,0.4163,-0.5471,-0.7262,0.9980,367,12.657077,1.5604,0.6792
BiancaGolden_CircleTurns,-43.3868,67.9574,216.6585,-12.3880,-26.1179,-67.2828,0.4106,-0.5444,-0.7315,0.9980,368,12.671866,1.5661,0.6796
BiancaGolden_CircleTurns,-42.8447,67.9789,216.6404,-12.0976,-26.5065,-67.4855,0.4045,-0.5424,-0.7363,0.9980,368,12.685607,1.5716,0.6798
BiancaGolden_CircleTurns,-42.3016,67.9828,216.6281,-11.7979,-26.8033,-67.6721,0.3991,-0.5417,-0.7398,0.9980,368,12.700104,1.5770,0.6798
BiancaGolden_CircleTurns,-41.7722,67.9723,216.6480,-11.5172,-27.0609,-67.9569,0.3963,-0.5433,-0.7402,0.9980,369,12.713537,1.5823,0.6797
BiancaGolden_CircleTurns,-41.2654,67.9715,216.6701,-11.2660,-27.3180,-68.2417,0.3913,-0.5441,-0.7422,0.9980,369,12.726822,1.5873,0.6797
BiancaGolden_CircleTurns,-40.7968,67.9764,216.6989,-10.9899,-27.5888,-68.4988,0.3861,-0.5421,-0.7463,0.9980,370,12.741738,1.5920,0.6798
BiancaGolden_CircleTurns,-40.3628,67.9820,216.7354,-10.7374,-27.8962,-68.7237,0.3805,-0.5411,-0.7499,0.9980,370,12.755562,1.5964,0.6798
BiancaGolden_CircleTurns,-39.9267,67.9744,216.7799,-10.5182,-28.1853,-69.0288,0.3798,-0.5418,-0.7498,0.9980,371,12.769808,1.6007,0.6797
BiancaGolden_CircleTurns,-39.5231,67.9587,216.8056,-10.2753,-28.4343,-69.3537,0.3776,-0.5481,-0.7463,0.9980,371,12.783395,1.6048,0.6796
BiancaGolden_CircleTurns,-39.1640,67.9122,216.8535,-10.0449,-28.6551,-69.6781,0.3758,-0.5477,-0.7476,0.9980,371,12.797974,1.6084,0.6791
BiancaGolden_CircleTurns,-38.8229,67.8449,216.9153,-9.7502,-28.9008,-70.0479,0.3725,-0.5466,-0.7500,0.9980,372,12.811113,1.6118,0.6784
BiancaGolden_CircleTurns,-38.4917,67.7466,216.9894,-9.4288,-29.1395,-70.4983,0.3635,-0.5484,-0.7531,0.9980,372,12.824315,1.6151,0.6775
BiancaGolden_CircleTurns,-38.2148,67.6412,217.0416,-8.9748,-29.3230,-71.0941,0.3515,-0.5499,-0.7577,0.9980,373,12.839476,1.6179,0.6764
BiancaGolden_CircleTurns,-37.9684,67.5593,217.0696,-8.3623,-29.5948,-71.8341,0.3368,-0.5513,-0.7633,0.9980,373,12.852909,1.6203,0.6756
BiancaGolden_CircleTurns,-37.7408,67.4854,217.0743,-7.6061,-29.9481,-72.7240,0.3231,-0.5523,-0.7685,0.9980,373,12.867573,1.6226,0.6749
BiancaGolden_CircleTurns,-37.5431,67.4037,217.0737,-6.8293,-30.3314,-73.5148,0.3139,-0.5570,-0.7689,0.9980,374,12.882043,1.6246,0.6740
BiancaGolden_CircleTurns,-37.4021,67.3033,217.0615,-5.8574,-30.8039,-74.6108,0.2940,-0.5637,-0.7719,0.9980,374,12.894235,1.6260,0.6730
BiancaGolden_CircleTurns,-37.2961,67.1892,217.0073,-4.8125,-31.1701,-75.9498,0.2715,-0.5663,-0.7782,0.9980,375,12.909239,1.6270,0.6719
BiancaGolden_CircleTurns,-37.1886,67.0691,216.9607,-3.6252,-31.5218,-77.3869,0.2224,-0.5764,-0.7863,0.9980,375,12.922465,1.6281,0.6707
BiancaGolden_CircleTurns,-37.1023,66.9718,216.8898,-2.0756,-31.8280,-78.9048,0.2047,-0.6235,-0.7546,0.9980,376,12.937080,1.6290,0.6697
BiancaGolden_CircleTurns,-36.9777,66.8614,216.8160,-0.6665,-32.0831,-80.1171,0.0933,-0.7275,-0.6797,0.9980,376,12.951143,1.6302,0.6686
BiancaGolden_CircleTurns,-36.8459,66.7700,216.7094,0.7310,-32.3019,-81.1746,0.0762,-0.7274,-0.6819,0.9980,376,12.967622,1.6315,0.6677
BiancaGolden_CircleTurns,-36.6948,66.6746,216.5816,1.9007,-32.5036,-82.2022,0.2056,-0.6155,-0.7608,0.9980,377,12.978682,1.6331,0.6667
BiancaGolden_CircleTurns,-36.5628,66.5736,216.4322,2.8275,-32.6530,-82.9748,0.2738,-0.5703,-0.7745,0.9980,377,12.990912,1.6344,0.6657
BiancaGolden_CircleTurns,-36.4348,66.4840,216.3019,3.5778,-32.8172,-83.5372,0.2665,-0.5705,-0.7769,0.9980,378,13.006308,1.6357,0.6648
BiancaGolden_CircleTurns,-36.2598,66.4171,216.1515,4.0773,-32.9008,-83.9597,0.2623,-0.5692,-0.7792,0.9980,378,13.019699,1.6374,0.6642
BiancaGolden_CircleTurns,-36.1220,66.3798,216.0150,4.4492,-33.0339,-84.2288,0.2818,-0.6264,-0.7268,0.9980,378,13.033948,1.6388,0.6638
BiancaGolden_CircleTurns,-35.9794,66.3398,215.8876,4.9273,-33.1311,-84.5642,0.2900,-0.6229,-0.7265,0.9980,379,13.047544,1.6402,0.6634
BiancaGolden_CircleTurns,-35.8746,66.2956,215.8155,5.3806,-33.2285,-84.5932,0.3137,-0.6207,-0.7185,0.9980,379,13.060674,1.6413,0.6630
BiancaGolden_CircleTurns,-35.6909,66.2503,215.7437,5.4929,-33.1755,-84.2616,0.3391,-0.6141,-0.7127,0.9980,380,13.075562,1.6431,0.6625
BiancaGolden_CircleTurns,-35.5113,66.2362,215.6691,5.2819,-33.1652,-83.7128,0.3464,-0.6106,-0.7122,0.9980,380,13.089551,1.6449,0.6624
BiancaGolden_CircleTurns,-35.3377,66.2006,215.6037,4.9951,-33.2195,-83.1412,0.3633,-0.6171,-0.6980,0.9980,381,13.103774,1.6466,0.6620
BiancaGolden_CircleTurns,-35.1579,66.2114,215.5383,4.4610,-33.3600,-82.3917,0.3752,-0.6098,-0.6981,0.9980,381,13.117164,1.6484,0.6621
BiancaGolden_CircleTurns,-35.0411,66.2208,215.5011,3.8021,-33.6093,-81.5425,0.3841,-0.6042,-0.6981,0.9980,381,13.131939,1.6496,0.6622
BiancaGolden_CircleTurns,-34.9268,66.2127,215.4937,3.3079,-33.8006,-80.9298,0.3924,-0.6076,-0.6905,0.9980,382,13.145374,1.6507,0.6621
BiancaGolden_CircleTurns,-34.8295,66.2221,215.4609,2.9656,-33.9521,-80.4557,0.3986,-0.6037,-0.6904,0.9980,382,13.159010,1.6517,0.6622
BiancaGolden_CircleTurns,-34.7547,66.2308,215.4347,2.6370,-34.0561,-79.9775,0.4048,-0.6026,-0.6877,0.9980,383,13.173484,1.6525,0.6623
BiancaGolden_CircleTurns,-34.6499,66.2338,215.4605,2.4391,-34.1630,-79.5224,0.3994,-0.6017,-0.6917,0.9980,383,13.187759,1.6535,0.6623
BiancaGolden_CircleTurns,-34.5462,66.2092,215.5009,2.2248,-34.1739,-78.9970,0.3988,-0.5964,-0.6967,0.9980,384,13.201359,1.6545,0.6621
BiancaGolden_CircleTurns,-34.4230,66.2325,215.5547,1.9080,-34.1328,-78.5371,0.3963,-0.5990,-0.6958,0.9980,384,13.214799,1.6558,0.6623
BiancaGolden_CircleTurns,-34.3607,66.2596,215.5528,1.4684,-34.0793,-78.0823,0.3984,-0.6015,-0.6924,0.9980,384,13.229260,1.6564,0.6626
BiancaGolden_CircleTurns,-34.2959,66.3019,215.5846,1.2512,-34.0938,-77.8529,0.3901,-0.6059,-0.6933,0.9980,385,13.242547,1.6570,0.6630
BiancaGolden_CircleTurns,-34.2275,66.3346,215.6239,1.1792,-34.0830,-77.8157,0.3908,-0.6056,-0.6932,0.9980,385,13.256103,1.6577,0.6633
BiancaGolden_CircleTurns,-34.1567,66.3878,215.6832,1.1208,-34.0897,-77.7659,0.3769,-0.6093,-0.6976,0.9980,386,13.271067,1.6584,0.6639
BiancaGolden_CircleTurns,-34.0506,66.4433,215.6950,1.1576,-34.0377,-77.7638,0.3668,-0.6153,-0.6977,0.9980,386,13.284543,1.6595,0.6644
BiancaGolden_CircleTurns,-33.9342,66.5262,215.7104,1.2034,-33.9333,-77.7260,0.3638,-0.6202,-0.6950,0.9980,386,13.299352,1.6607,0.6653
BiancaGolden_CircleTurns,-33.7970,66.6212,215.6840,1.2098,-33.7198,-77.6405,0.3595,-0.6262,-0.6918,0.9980,387,13.312564,1.6620,0.6662
BiancaGolden_CircleTurns,-33.6536,66.7105,215.6868,1.1736,-33.5060,-77.5454,0.3594,-0.6285,-0.6898,0.9980,387,13.325865,1.6635,0.6671
BiancaGolden_CircleTurns,-33.4840,66.7565,215.7422,1.0094,-33.3732,-77.5110,0.3606,-0.6303,-0.6875,0.9980,388,13.341040,1.6652,0.6676
BiancaGolden_CircleTurns,-33.2810,66.7338,215.8641,0.7068,-33.2551,-77.5377,0.3598,-0.6283,-0.6898,0.9980,388,13.354720,1.6672,0.6673
BiancaGolden_CircleTurns,-33.0521,66.7231,215.9538,0.3378,-33.0858,-77.6470,0.3576,-0.6311,-0.6883,0.9980,389,13.368781,1.6695,0.6672
BiancaGolden_CircleTurns,-32.7961,66.6853,215.9913,-0.0499,-32.7785,-77.7698,0.3511,-0.6399,-0.6836,0.9980,389,13.382479,1.6720,0.6669
BiancaGolden_CircleTurns,-32.5407,66.6465,215.9944,-0.4262,-32.3715,-77.8338,0.3492,-0.6441,-0.6806,0.9980,389,13.396741,1.6746,0.6665
BiancaGolden_CircleTurns,-32.2407,66.5864,215.9962,-0.7849,-31.9741,-77.9320,0.3499,-0.6484,-0.6762,0.9980,390,13.410363,1.6776,0.6659
BiancaGolden_CircleTurns,-31.9009,66.5564,215.9281,-1.1755,-31.5353,-78.0740,0.3516,-0.6531,-0.6707,0.9980,390,13.423517,1.6810,0.6656
BiancaGolden_CircleTurns,-31.5605,66.5629,215.8098,-1.5315,-31.1801,-78.1209,0.3470,-0.6504,-0.6757,0.9980,391,13.438895,1.6844,0.6656
BiancaGolden_CircleTurns,-31.2019,66.5743,215.6938,-1.8450,-30.9316,-78.2140,0.3457,-0.6532,-0.6737,0.9980,391,13.452825,1.6880,0.6657
BiancaGolden_CircleTurns,-30.8512,66.6081,215.5339,-2.0875,-30.6466,-78.3052,0.3424,-0.6530,-0.6755,0.9980,392,13.470345,1.6915,0.6661
BiancaGolden_CircleTurns,-30.5142,66.6730,215.3348,-2.2706,-30.4331,-78.4385,0.3417,-0.6479,-0.6808,0.9980,392,13.480097,1.6949,0.6667
BiancaGolden_CircleTurns,-30.2078,66.7560,215.1513,-2.5166,-30.3332,-78.4883,0.3398,-0.6465,-0.6831,0.9980,392,13.493800,1.6979,0.6676
BiancaGolden_CircleTurns,-29.8653,66.8196,215.0033,-2.7893,-30.3254,-78.6013,0.3389,-0.6458,-0.6841,0.9980,393,13.507904,1.7013,0.6682
BiancaGolden_CircleTurns,-29.5187,66.8499,214.9350,-3.2220,-30.4818,-78.8224,0.3382,-0.6302,-0.6989,0.9980,393,13.520518,1.7048,0.6685
BiancaGolden_CircleTurns,-29.1833,66.6958,215.0897,-3.8180,-30.8471,-79.0421,0.3415,-0.6294,-0.6980,0.9980,394,13.535808,1.7082,0.6670
BiancaGolden_CircleTurns,-28.7656,66.3667,215.4179,-4.4533,-30.9928,-79.4177,0.3499,-0.6455,-0.6789,0.9980,394,13.549047,1.7123,0.6637
BiancaGolden_CircleTurns,-28.3008,66.1862,215.4773,-5.0619,-30.5131,-79.9948,0.3553,-0.6642,-0.6578,0.9980,394,13.563544,1.7170,0.6619
BiancaGolden_CircleTurns,-27.9721,66.2064,215.2993,-5.4074,-29.9247,-80.2355,0.3537,-0.6678,-0.6549,0.9980,395,13.577139,1.7203,0.6621
BiancaGolden_CircleTurns,-27.6011,66.3112,215.1477,-5.5370,-29.6348,-80.4347,0.3523,-0.6667,-0.6568,0.9980,395,13.590311,1.7240,0.6631
BiancaGolden_CircleTurns,-27.2418,66.3751,215.0917,-5.2883,-29.8100,-80.4688,0.3520,-0.6565,-0.6671,0.9980,396,13.605633,1.7276,0.6638
BiancaGolden_CircleTurns,-26.9122,66.4220,215.1852,-5.0915,-30.2217,-80.3503,0.3493,-0.6488,-0.6761,0.9980,396,13.618851,1.7309,0.6642
BiancaGolden_CircleTurns,-26.5635,66.4897,215.2403,-5.0613,-30.5514,-80.3239,0.3480,-0.6329,-0.6916,0.9980,396,13.633592,1.7344,0.6649
BiancaGolden_CircleTurns,-26.2327,66.5985,215.2961,-5.3018,-30.8597,-80.3545,0.3472,-0.6304,-0.6943,0.9980,397,13.646573,1.7377,0.6660
BiancaGolden_CircleTurns,-25.9337,66.7176,215.3363,-5.5038,-31.0473,-80.3900,0.3459,-0.6304,-0.6949,0.9980,397,13.660120,1.7407,0.6672
BiancaGolden_CircleTurns,-25.6461,66.8452,215.3805,-5.6489,-31.1433,-80.5518,0.3435,-0.6336,-0.6932,0.9980,398,13.676987,1.7435,0.6685
BiancaGolden_CircleTurns,-25.3530,66.9327,215.4436,-5.7475,-31.0587,-80.8044,0.3393,-0.6403,-0.6891,0.9980,398,13.688211,1.7465,0.6693
BiancaGolden_CircleTurns,-25.0547,66.9655,215.5478,-5.7193,-30.7272,-81.1757,0.3312,-0.6532,-0.6810,0.9980,399,13.702460,1.7495,0.6697
BiancaGolden_CircleTurns,-24.7572,67.0136,215.6338,-5.8276,-30.1650,-81.3986,0.3271,-0.6601,-0.6763,0.9980,399,13.716022,1.7524,0.6701
BiancaGolden_CircleTurns,-24.4201,67.0632,215.7364,-6.1041,-29.6237,-81.6184,0.3231,-0.6673,-0.6710,0.9980,399,13.730475,1.7558,0.6706
BiancaGolden_CircleTurns,-24.1142,67.1750,215.7858,-6.3503,-29.1925,-81.8098,0.3236,-0.6707,-0.6674,0.9980,400,13.743759,1.7589,0.6718
BiancaGolden_CircleTurns,-23.8145,67.3556,215.8318,-6.5293,-28.9537,-81.8750,0.3215,-0.6661,-0.6730,0.9980,400,13.756811,1.7619,0.6736
BiancaGolden_CircleTurns,-23.5009,67.5289,215.8811,-6.8141,-28.9674,-81.8795,0.3235,-0.6637,-0.6744,0.9980,401,13.771959,1.7650,0.6753
BiancaGolden_CircleTurns,-23.1857,67.6710,215.9604,-7.1312,-29.0520,-81.8188,0.3283,-0.6557,-0.6799,0.9980,401,13.785622,1.7681,0.6767
BiancaGolden_CircleTurns,-22.8792,67.7536,216.0446,-7.3786,-29.1291,-81.7469,0.3316,-0.6457,-0.6878,0.9980,401,13.799763,1.7712,0.6775
BiancaGolden_CircleTurns,-22.5955,67.8048,216.1468,-7.6034,-29.0664,-81.7081,0.3328,-0.6429,-0.6898,0.9980,402,13.813287,1.7740,0.6780
BiancaGolden_CircleTurns,-22.3425,67.8253,216.2903,-7.7262,-28.9801,-81.6688,0.3271,-0.6460,-0.6897,0.9980,402,13.826622,1.7766,0.6783
BiancaGolden_CircleTurns,-22.0736,67.8606,216.4250,-7.8057,-28.8599,-81.7068,0.3274,-0.6480,-0.6877,0.9980,403,13.841916,1.7793,0.6786
BiancaGolden_CircleTurns,-21.8157,67.9105,216.5379,-7.8834,-28.7179,-81.7392,0.2956,-0.6647,-0.6862,0.9980,403,13.856421,1.7818,0.6791
BiancaGolden_CircleTurns,-21.5777,67.9594,216.6095,-7.8930,-28.5205,-81.7631,0.2512,-0.7113,-0.6565,0.9980,404,13.869976,1.7842,0.6796
BiancaGolden_CircleTurns,-21.3471,68.0004,216.6940,-7.7775,-28.3186,-81.8556,0.2444,-0.7247,-0.6443,0.9980,404,13.884109,1.7865,0.6800
BiancaGolden_CircleTurns,-21.1312,68.0473,216.7604,-7.7074,-28.1472,-81.9351,0.2379,-0.7342,-0.6359,0.9980,404,13.897923,1.7887,0.6805
BiancaGolden_CircleTurns,-20.9290,68.1081,216.8135,-7.5720,-28.0842,-82.0663,0.2311,-0.7271,-0.6465,0.9980,405,13.911286,1.7907,0.6811
BiancaGolden_CircleTurns,-20.7456,68.1568,216.8705,-7.4679,-28.1541,-82.1774,0.2289,-0.7266,-0.6478,0.9980,405,13.924180,1.7925,0.6816
BiancaGolden_CircleTurns,-20.5819,68.1759,216.9291,-7.2917,-28.2257,-82.2875,0.2219,-0.7258,-0.6511,0.9980,406,13.939338,1.7942,0.6818
BiancaGolden_CircleTurns,-20.4402,68.1815,216.9903,-7.1105,-28.3006,-82.3793,0.2173,-0.7263,-0.6521,0.9980,406,13.952390,1.7956,0.6818
BiancaGolden_CircleTurns,-20.3011,68.1837,217.0671,-7.0218,-28.3415,-82.5239,0.2131,-0.7271,-0.6526,0.9980,407,13.970057,1.7970,0.6818
BiancaGolden_CircleTurns,-20.1897,68.1958,217.1194,-7.0074,-28.3441,-82.6513,0.2105,-0.7235,-0.6575,0.9980,407,13.980780,1.7981,0.6820
BiancaGolden_CircleTurns,-20.0966,68.2188,217.1659,-6.9578,-28.3317,-82.8354,0.2087,-0.7229,-0.6587,0.9980,407,13.994271,1.7990,0.6822
BiancaGolden_CircleTurns,-20.0412,68.2406,217.2005,-6.8307,-28.3084,-82.9409,0.2071,-0.7236,-0.6584,0.9980,408,14.007733,1.7996,0.6824
BiancaGolden_CircleTurns,-20.0017,68.2545,217.2400,-6.6534,-28.2616,-83.0200,0.2055,-0.7241,-0.6584,0.9980,408,14.020464,1.8000,0.6825
BiancaGolden_CircleTurns,-19.9353,68.2647,217.2805,-6.5602,-28.2079,-83.1299,0.2054,-0.7217,-0.6610,0.9980,409,14.035998,1.8006,0.6826
BiancaGolden_CircleTurns,-19.9012,68.2747,217.3028,-6.5620,-28.0924,-83.1730,0.2043,-0.7244,-0.6584,0.9980,409,14.049419,1.8010,0.6827
BiancaGolden_CircleTurns,-19.8733,68.2607,217.3128,-6.5196,-27.8640,-83.2529,0.2043,-0.7272,-0.6553,0.9980,409,14.063881,1.8013,0.6826
BiancaGolden_CircleTurns,-19.8828,68.2535,217.3262,-6.4576,-27.6365,-83.2566,0.2036,-0.7294,-0.6531,0.9980,410,14.077428,1.8012,0.6825
BiancaGolden_CircleTurns,-19.9017,68.2456,217.3434,-6.3529,-27.4339,-83.3019,0.2030,-0.7310,-0.6515,0.9980,410,14.090767,1.8010,0.6825
BiancaGolden_CircleTurns,-19.9396,68.2685,217.3501,-6.2905,-27.3090,-83.3257,0.2031,-0.7317,-0.6507,0.9980,411,14.105990,1.8006,0.6827
BiancaGolden_CircleTurns,-19.9821,68.2993,217.3431,-6.2640,-27.2427,-83.3350,0.2031,-0.7290,-0.6537,0.9980,411,14.119534,1.8002,0.6830
BiancaGolden_CircleTurns,-19.9341,68.3074,217.3789,-6.2470,-27.1512,-83.3691,0.2034,-0.7301,-0.6523,0.9980,411,14.133844,1.8007,0.6831
BiancaGolden_CircleTurns,-19.9987,68.3374,217.3638,-6.2510,-26.9965,-83.3638,0.2001,-0.7316,-0.6517,0.9980,412,14.147243,1.8000,0.6834
BiancaGolden_CircleTurns,-20.0624,68.3637,217.3337,-6.1899,-26.7927,-83.3564,0.2012,-0.7304,-0.6528,0.9980,412,14.160540,1.7994,0.6836
BiancaGolden_CircleTurns,-20.2142,68.4005,217.2120,-6.0684,-26.5882,-83.2617,0.2020,-0.7311,-0.6516,0.9980,413,14.175346,1.7979,0.6840
BiancaGolden_CircleTurns,-20.2927,68.4016,217.1966,-5.9689,-26.4867,-83.1708,0.2034,-0.7287,-0.6539,0.9980,413,14.188931,1.7971,0.6840
BiancaGolden_CircleTurns,-20.3825,68.3512,217.2745,-5.9069,-26.5278,-83.0418,0.2065,-0.7283,-0.6534,0.9980,414,14.203291,1.7962,0.6835
BiancaGolden_CircleTurns,-20.4507,68.3120,217.3499,-5.9071,-26.5108,-82.9517,0.2050,-0.7234,-0.6593,0.9980,414,14.216766,1.7955,0.6831
BiancaGolden_CircleTurns,-20.5204,68.3923,217.2916,-6.1048,-26.4945,-82.8382,0.2066,-0.7216,-0.6608,0.9980,414,14.231416,1.7948,0.6839
BiancaGolden_CircleTurns,-20.5976,68.4685,217.2604,-6.3449,-26.6055,-82.7529,0.2078,-0.7189,-0.6633,0.9980,415,14.244806,1.7940,0.6847
BiancaGolden_CircleTurns,-20.6727,68.5148,217.3080,-6.5492,-26.8332,-82.7030,0.2082,-0.7118,-0.6708,0.9980,415,14.258248,1.7933,0.6851
BiancaGolden_CircleTurns,-20.7429,68.5421,217.3975,-6.6690,-27.0393,-82.6551,0.2052,-0.7079,-0.6758,0.9980,416,14.273055,1.7926,0.6854
BiancaGolden_CircleTurns,-20.8003,68.5734,217.4910,-6.7245,-27.1418,-82.6161,0.2060,-0.7085,-0.6750,0.9980,416,14.286547,1.7920,0.6857
BiancaGolden_CircleTurns,-20.8249,68.6152,217.5618,-6.7414,-27.0769,-82.5721,0.2073,-0.7098,-0.6732,0.9980,417,14.301208,1.7918,0.6862
BiancaGolden_CircleTurns,-20.8511,68.6481,217.6020,-6.7047,-26.9135,-82.4721,0.2071,-0.7141,-0.6687,0.9980,417,14.314445,1.7915,0.6865
BiancaGolden_CircleTurns,-20.8635,68.6862,217.6095,-6.5052,-26.5354,-82.3469,0.2051,-0.7184,-0.6647,0.9980,417,14.328871,1.7914,0.6869
BiancaGolden_CircleTurns,-20.8777,68.7034,217.6130,-6.2981,-26.1801,-82.2874,0.2055,-0.7215,-0.6612,0.9980,418,14.342290,1.7912,0.6870
BiancaGolden_CircleTurns,-20.9032,68.7134,217.6239,-6.0933,-25.8537,-82.2121,0.2054,-0.7206,-0.6622,0.9980,418,14.355454,1.7910,0.6871
BiancaGolden_CircleTurns,-20.8927,68.7190,217.6304,-5.9784,-25.6538,-82.1949,0.2062,-0.7212,-0.6613,0.9980,419,14.370624,1.7911,0.6872
BiancaGolden_CircleTurns,-20.8786,68.7346,217.6154,-5.9556,-25.5857,-82.1507,0.2063,-0.7209,-0.6616,0.9980,419,14.384366,1.7912,0.6873
BiancaGolden_CircleTurns,-20.8446,68.7625,217.6051,-6.0198,-25.6166,-82.1647,0.2067,-0.7193,-0.6632,0.9980,419,14.398752,1.7916,0.6876
BiancaGolden_CircleTurns,-20.8687,68.7885,217.6461,-6.1263,-25.7035,-82.1952,0.2063,-0.7179,-0.6649,0.9980,420,14.412142,1.7913,0.6879
BiancaGolden_CircleTurns,-20.7229,68.8765,217.5435,-6.1958,-25.8384,-82.2392,0.2049,-0.7129,-0.6707,0.9980,420,14.425302,1.7928,0.6888
BiancaGolden_CircleTurns,-20.6394,68.9498,217.5322,-6.2008,-25.9309,-82.2392,0.2041,-0.7086,-0.6754,0.9980,421,14.440591,1.7936,0.6895
BiancaGolden_CircleTurns,-20.5328,68.9879,217.5608,-6.2154,-26.2417,-82.2780,0.2026,-0.7076,-0.6770,0.9980,421,14.454092,1.7947,0.6899
BiancaGolden_CircleTurns,-20.4075,68.9966,217.6363,-6.2048,-26.4196,-82.3199,0.2017,-0.7074,-0.6774,0.9980,422,14.471124,1.7959,0.6900
BiancaGolden_CircleTurns,-20.2566,69.0102,217.6842,-6.2251,-26.4574,-82.3988,0.2003,-0.7087,-0.6764,0.9980,422,14.482066,1.7974,0.6901
BiancaGolden_CircleTurns,-20.0877,69.0265,217.7021,-6.2157,-26.3794,-82.5175,0.1981,-0.7106,-0.6751,0.9980,422,14.495659,1.7991,0.6903
BiancaGolden_CircleTurns,-19.9094,69.0105,217.7348,-6.1627,-26.2663,-82.6857,0.1932,-0.7130,-0.6740,0.9980,423,14.509271,1.8009,0.6901
BiancaGolden_CircleTurns,-19.7026,68.9526,217.7949,-5.9849,-25.9965,-82.9332,0.1907,-0.7174,-0.6700,0.9980,423,14.522330,1.8030,0.6895
BiancaGolden_CircleTurns,-19.4969,68.8950,217.8106,-5.6966,-25.6222,-83.2133,0.1835,-0.7218,-0.6674,0.9980,424,14.537682,1.8050,0.6890
BiancaGolden_CircleTurns,-19.2474,68.8495,217.7912,-5.4392,-25.2789,-83.4607,0.1837,-0.7235,-0.6654,0.9980,424,14.551105,1.8075,0.6885
BiancaGolden_CircleTurns,-18.9821,68.8025,217.7733,-5.2711,-25.0431,-83.6694,0.1794,-0.7268,-0.6630,0.9980,424,14.565619,1.8102,0.6880
BiancaGolden_CircleTurns,-18.6658,68.7625,217.6953,-5.1278,-24.8138,-83.8742,0.1770,-0.7292,-0.6611,0.9980,425,14.579144,1.8133,0.6876
BiancaGolden_CircleTurns,-18.3646,68.7642,217.5669,-5.0393,-24.6545,-84.0428,0.1783,-0.7277,-0.6624,0.9980,425,14.592299,1.8164,0.6876
BiancaGolden_CircleTurns,-18.0620,68.7890,217.3874,-4.9339,-24.5624,-84.1945,0.1783,-0.7263,-0.6639,0.9980,426,14.607531,1.8194,0.6879
BiancaGolden_CircleTurns,-17.7496,68.8146,217.2294,-4.8254,-24.5544,-84.3760,0.1763,-0.7263,-0.6644,0.9980,426,14.621516,1.8225,0.6881
BiancaGolden_CircleTurns,-17.4134,68.8240,217.0502,-4.7488,-24.6003,-84.5971,0.1733,-0.7260,-0.6655,0.9980,427,14.635897,1.8259,0.6882
BiancaGolden_CircleTurns,-17.0528,68.7848,216.9119,-4.7654,-24.5701,-84.8735,0.1711,-0.7264,-0.6657,0.9980,427,14.649127,1.8295,0.6878
BiancaGolden_CircleTurns,-16.6915,68.7555,216.7846,-4.7921,-24.4732,-85.1696,0.1670,-0.7300,-0.6628,0.9980,427,14.663665,1.8331,0.6876
BiancaGolden_CircleTurns,-16.2957,68.7621,216.6098,-4.8009,-24.2666,-85.5315,0.1686,-0.7332,-0.6588,0.9980,428,14.676679,1.8370,0.6876
BiancaGolden_CircleTurns,-15.9105,68.7867,216.3966,-4.8186,-23.9979,-85.8661,0.1742,-0.7393,-0.6504,0.9980,428,14.689832,1.8409,0.6879
BiancaGolden_CircleTurns,-15.5361,68.7850,216.1712,-4.7277,-23.6612,-86.2087,0.1729,-0.7675,-0.6173,0.9980,429,14.705099,1.8446,0.6879
BiancaGolden_CircleTurns,-15.2246,68.5995,216.2514,-4.7213,-23.6755,-86.5448,0.1714,-0.7870,-0.5927,0.9980,429,14.718886,1.8478,0.6860
BiancaGolden_CircleTurns,-14.9009,68.2133,216.6497,-4.5119,-23.7131,-86.9627,0.1643,-0.7930,-0.5866,0.9980,429,14.733507,1.8510,0.6821
BiancaGolden_CircleTurns,-14.4731,67.9802,216.8110,-4.4439,-23.2645,-87.4699,0.1619,-0.7957,-0.5837,0.9980,430,14.746309,1.8553,0.6798
BiancaGolden_CircleTurns,-14.1216,68.0781,216.6319,-4.4376,-23.0570,-87.6510,0.1596,-0.7927,-0.5883,0.9980,430,14.759542,1.8588,0.6808
BiancaGolden_CircleTurns,-13.8018,68.0691,216.4377,-4.1088,-22.9737,-87.7089,0.1604,-0.7893,-0.5927,0.9980,431,14.774549,1.8620,0.6807
BiancaGolden_CircleTurns,-13.5305,67.9977,216.3717,-3.4537,-22.9053,-87.6288,0.1590,-0.7883,-0.5944,0.9980,431,14.788243,1.8647,0.6800
BiancaGolden_CircleTurns,-13.3052,67.8583,216.4867,-2.7658,-22.9307,-87.5230,0.1673,-0.7848,-0.5967,0.9980,432,14.802855,1.8669,0.6786
BiancaGolden_CircleTurns,-13.0818,67.6766,216.5766,-2.3469,-22.8316,-87.5059,0.1663,-0.7852,-0.5965,0.9980,432,14.816230,1.8692,0.6768
BiancaGolden_CircleTurns,-12.8458,67.5569,216.6550,-2.3067,-22.8136,-87.5617,0.1654,-0.7824,-0.6004,0.9980,432,14.830005,1.8715,0.6756
BiancaGolden_CircleTurns,-12.6378,67.4694,216.6634,-2.3000,-22.9116,-87.6034,0.1654,-0.7793,-0.6045,0.9980,0,14.844182,1.8736,0.6747
BiancaGolden_CircleTurns,-12.4672,67.4418,216.6476,-2.3205,-23.1647,-87.6124,0.1681,-0.7719,-0.6131,0.9980,0,14.858156,1.8753,0.6744
BiancaGolden_CircleTurns,-12.2963,67.4188,216.6274,-2.2886,-23.5084,-87.6516,0.1698,-0.7645,-0.6219,0.9980,1,14.872662,1.8770,0.6742
BiancaGolden_CircleTurns,-12.1148,67.3929,216.6030,-2.3263,-23.8081,-87.6940,0.1701,-0.7619,-0.6249,0.9980,1,14.886229,1.8789,0.6739
BiancaGolden_CircleTurns,-11.9444,67.3440,216.6265,-2.3303,-24.0360,-87.6592,0.1712,-0.7602,-0.6268,0.9980,1,14.900453,1.8806,0.6734
BiancaGolden_CircleTurns,-11.7761,67.2749,216.6880,-2.3255,-24.1500,-87.5881,0.1730,-0.7591,-0.6276,0.9980,2,14.913801,1.8822,0.6727
BiancaGolden_CircleTurns,-11.6013,67.2240,216.7546,-2.3236,-24.2190,-87.5182,0.1749,-0.7589,-0.6273,0.9980,2,14.926838,1.8840,0.6722
BiancaGolden_CircleTurns,-11.4406,67.1896,216.8230,-2.3885,-24.2053,-87.4024,0.1797,-0.7613,-0.6229,0.9980,3,14.941532,1.8856,0.6719
BiancaGolden_CircleTurns,-11.2695,67.1841,216.8540,-2.4103,-24.1861,-87.2748,0.1776,-0.7668,-0.6169,0.9980,3,14.954725,1.8873,0.6718
BiancaGolden_CircleTurns,-11.1271,67.1909,216.9076,-2.3816,-24.1446,-87.1136,0.1791,-0.7672,-0.6159,0.9980,4,14.969103,1.8887,0.6719
BiancaGolden_CircleTurns,-10.9656,67.1731,216.9594,-2.3140,-24.0613,-86.9847,0.1787,-0.7697,-0.6129,0.9980,4,14.985312,1.8903,0.6717
BiancaGolden_CircleTurns,-10.8069,67.1197,217.0186,-2.3006,-23.8246,-86.8599,0.1808,-0.7719,-0.6095,0.9980,4,14.996262,1.8919,0.6712
BiancaGolden_CircleTurns,-10.6516,67.0814,217.1021,-2.2599,-23.5816,-86.7153,0.1821,-0.7741,-0.6063,0.9980,5,15.008848,1.8935,0.6708
BiancaGolden_CircleTurns,-10.4852,67.0418,217.1578,-2.2213,-23.3704,-86.6102,0.1810,-0.7752,-0.6052,0.9980,5,15.021841,1.8951,0.6704
BiancaGolden_CircleTurns,-10.3380,67.0255,217.1709,-2.1934,-23.2490,-86.4570,0.1819,-0.7733,-0.6074,0.9980,6,15.036498,1.8966,0.6703
BiancaGolden_CircleTurns,-10.1828,67.0188,217.1854,-2.1672,-23.2616,-86.3304,0.1766,-0.7682,-0.6154,0.9980,6,15.049127,1.8982,0.6702
BiancaGolden_CircleTurns,-10.0353,67.0516,217.1962,-2.1399,-23.4532,-86.2156,0.1756,-0.7648,-0.6199,0.9980,6,15.063120,1.8996,0.6705
BiancaGolden_CircleTurns,-9.8703,67.1002,217.1842,-2.1797,-23.7791,-86.1609,0.1763,-0.7609,-0.6244,0.9980,7,15.075779,1.9013,0.6710
BiancaGolden_CircleTurns,-9.7237,67.1528,217.1738,-2.2699,-24.0962,-86.0977,0.1712,-0.7582,-0.6292,0.9980,7,15.088552,1.9028,0.6715
BiancaGolden_CircleTurns,-9.5435,67.1748,217.1929,-2.4145,-24.4624,-86.1583,0.1709,-0.7529,-0.6356,0.9980,8,15.103084,1.9046,0.6717
BiancaGolden_CircleTurns,-9.3966,67.1784,217.2304,-2.5147,-24.7275,-86.1553,0.1702,-0.7467,-0.6430,0.9980,8,15.116331,1.9060,0.6718
BiancaGolden_CircleTurns,-9.2288,67.1759,217.2489,-2.5174,-24.9198,-86.1863,0.2011,-0.6865,-0.6987,0.9980,8,15.129769,1.9077,0.6718
BiancaGolden_CircleTurns,-9.0780,67.1926,217.2202,-2.4260,-25.0572,-86.1477,0.2170,-0.6546,-0.7242,0.9980,9,15.145053,1.9092,0.6719
BiancaGolden_CircleTurns,-8.9287,67.2102,217.1717,-2.2809,-25.2110,-86.0867,0.2193,-0.6490,-0.7285,0.9980,9,15.157064,1.9107,0.6721
BiancaGolden_CircleTurns,-8.7656,67.2474,217.1377,-2.1685,-25.5723,-86.0146,0.2180,-0.6418,-0.7352,0.9980,10,15.183202,1.9123,0.6725
BiancaGolden_CircleTurns,-8.4678,67.3155,217.0953,-2.1130,-26.1162,-85.8484,0.2213,-0.6344,-0.7407,0.9980,10,15.195669,1.9153,0.6732
BiancaGolden_CircleTurns,-8.3375,67.3294,217.0921,-2.0732,-26.3826,-85.6878,0.2216,-0.5937,-0.7736,0.9980,11,15.210797,1.9166,0.6733
BiancaGolden_CircleTurns,-8.2113,67.2782,217.0946,-2.0884,-26.4453,-85.5410,0.2292,-0.5629,-0.7941,0.9980,11,15.225253,1.9179,0.6728
BiancaGolden_CircleTurns,-8.1029,67.2125,217.0915,-2.0654,-26.3613,-85.3963,0.2296,-0.5626,-0.7942,0.9980,12,15.239758,1.9190,0.6721
BiancaGolden_CircleTurns,-8.0116,67.1749,217.0729,-1.9706,-26.3406,-85.2730,0.2299,-0.5592,-0.7965,0.9980,12,15.253596,1.9199,0.6717
BiancaGolden_CircleTurns,-7.9563,67.1229,216.9981,-1.8671,-26.4027,-85.1343,0.2281,-0.5599,-0.7965,0.9980,13,15.268531,1.9204,0.6712
BiancaGolden_CircleTurns,-7.8800,67.0941,216.9342,-1.7924,-26.4943,-85.1002,0.2249,-0.5627,-0.7955,0.9980,13,15.282202,1.9212,0.6709
BiancaGolden_CircleTurns,-7.8029,67.0547,216.8530,-1.7457,-26.7106,-85.1086,0.2249,-0.5575,-0.7991,0.9980,13,15.296810,1.9220,0.6705
BiancaGolden_CircleTurns,-7.7302,67.0337,216.7457,-1.6782,-27.0502,-85.0195,0.2257,-0.5507,-0.8036,0.9980,14,15.310411,1.9227,0.6703
BiancaGolden_CircleTurns,-7.6441,66.9970,216.6183,-1.6777,-27.4643,-84.9036,0.2269,-0.5432,-0.8084,0.9980,14,15.323870,1.9236,0.6700
BiancaGolden_CircleTurns,-7.5710,66.9664,216.4933,-1.7833,-28.0136,-84.7662,0.2281,-0.5368,-0.8123,0.9980,15,15.339811,1.9243,0.6697
BiancaGolden_CircleTurns,-7.5009,66.9452,216.3572,-1.9003,-28.5632,-84.6539,0.2293,-0.5299,-0.8165,0.9980,15,15.352878,1.9250,0.6695
BiancaGolden_CircleTurns,-7.4215,66.9254,216.1894,-2.0205,-29.2703,-84.5047,0.2275,-0.5211,-0.8226,0.9980,15,15.367446,1.9258,0.6693
BiancaGolden_CircleTurns,-7.3362,66.9088,215.9845,-2.1809,-30.0027,-84.3207,0.2276,-0.5102,-0.8294,0.9980,16,15.381053,1.9266,0.6691
BiancaGolden_CircleTurns,-7.2514,66.8879,215.7692,-2.2901,-30.7611,-84.1409,0.2307,-0.5010,-0.8341,0.9980,16,15.394346,1.9275,0.6689
BiancaGolden_CircleTurns,-7.1672,66.9008,215.5376,-2.3958,-31.7289,-83.8889,0.2327,-0.4866,-0.8421,0.9980,17,15.409769,1.9283,0.6690
BiancaGolden_CircleTurns,-7.0855,66.9195,215.3486,-2.6114,-32.6753,-83.6757,0.2341,-0.4879,-0.8410,0.9980,17,15.423447,1.9291,0.6692
BiancaGolden_CircleTurns,-7.0167,66.9091,215.2026,-2.7764,-33.4810,-83.4696,0.2276,-0.4842,-0.8449,0.9980,18,15.437755,1.9298,0.6691
BiancaGolden_CircleTurns,-6.9613,66.8488,215.0941,-2.9573,-34.0760,-83.2813,0.2285,-0.4814,-0.8462,0.9980,18,15.451367,1.9304,0.6685
BiancaGolden_CircleTurns,-6.9173,66.7954,214.9493,-3.0391,-34.4948,-83.0710,0.2251,-0.4921,-0.8409,0.9980,18,15.466228,1.9308,0.6680
BiancaGolden_CircleTurns,-6.8662,66.7508,214.7719,-3.0954,-34.8272,-82.8516,0.2232,-0.4947,-0.8399,0.9980,19,15.484524,1.9313,0.6675
BiancaGolden_CircleTurns,-6.8093,66.7257,214.5923,-3.2152,-35.2412,-82.6371,0.2256,-0.4872,-0.8437,0.9980,19,15.493024,1.9319,0.6673
BiancaGolden_CircleTurns,-6.7585,66.7166,214.4544,-3.3958,-35.7002,-82.4034,0.2296,-0.4810,-0.8461,0.9980,20,15.506808,1.9324,0.6672
BiancaGolden_CircleTurns,-6.7148,66.6613,214.3705,-3.5639,-36.0493,-82.1645,0.2252,-0.4304,-0.8741,0.9980,20,15.520663,1.9329,0.6666
BiancaGolden_CircleTurns,-6.6668,66.5933,214.3181,-3.7064,-36.3568,-81.9475,0.2157,-0.3998,-0.8909,0.9980,20,15.534492,1.9333,0.6659
BiancaGolden_CircleTurns,-6.6310,66.5488,214.2167,-3.8421,-36.6206,-81.7560,0.2146,-0.3955,-0.8931,0.9980,21,15.548015,1.9337,0.6655
BiancaGolden_CircleTurns,-6.6015,66.5209,214.0767,-3.9534,-36.8634,-81.5513,0.2112,-0.3950,-0.8941,0.9980,21,15.560920,1.9340,0.6652
BiancaGolden_CircleTurns,-6.5791,66.5155,213.9482,-4.0558,-37.2046,-81.4120,0.2114,-0.3892,-0.8966,0.9980,22,15.576155,1.9342,0.6652
BiancaGolden_CircleTurns,-6.5534,66.5014,213.8380,-4.0730,-37.5553,-81.2893,0.2122,-0.3995,-0.8918,0.9980,22,15.589815,1.9345,0.6650
BiancaGolden_CircleTurns,-6.5509,66.4477,213.7862,-4.1124,-37.8129,-81.2138,0.2060,-0.4013,-0.8925,0.9980,23,15.604409,1.9345,0.6645
BiancaGolden_CircleTurns,-6.5587,66.3584,213.7537,-4.1622,-37.9266,-81.1486,0.1984,-0.4086,-0.8909,0.9980,23,15.618126,1.9344,0.6636
BiancaGolden_CircleTurns,-6.5433,66.2670,213.6973,-4.1729,-37.9208,-81.1907,0.1992,-0.4211,-0.8848,0.9980,23,15.632966,1.9346,0.6627
BiancaGolden_CircleTurns,-6.5318,66.2215,213.6046,-4.1782,-37.9265,-81.2248,0.2002,-0.4244,-0.8830,0.9980,24,15.646542,1.9347,0.6622
BiancaGolden_CircleTurns,-6.5250,66.1899,213.5090,-4.2228,-38.0088,-81.1868,0.2004,-0.4223,-0.8840,0.9980,24,15.659969,1.9347,0.6619
BiancaGolden_CircleTurns,-6.5315,66.1491,213.4237,-4.2687,-38.1386,-81.1420,0.1993,-0.4263,-0.8823,0.9980,25,15.675453,1.9347,0.6615
BiancaGolden_CircleTurns,-6.5269,66.1050,213.3715,-4.3738,-38.2711,-81.1026,0.1966,-0.4278,-0.8822,0.9980,25,15.688932,1.9347,0.6611
BiancaGolden_CircleTurns,-6.5163,66.0371,213.3414,-4.4947,-38.3731,-81.1210,0.1949,-0.4305,-0.8813,0.9980,26,15.702982,1.9348,0.6604
BiancaGolden_CircleTurns,-6.5153,65.9662,213.2935,-4.5253,-38.3747,-81.1360,0.1937,-0.4369,-0.8784,0.9980,26,15.716758,1.9348,0.6597
BiancaGolden_CircleTurns,-6.5207,65.8918,213.2467,-4.4622,-38.3109,-81.1651,0.1935,-0.4432,-0.8753,0.9980,26,15.730705,1.9348,0.6589
BiancaGolden_CircleTurns,-6.5241,65.8448,213.2082,-4.3552,-38.2519,-81.2035,0.1932,-0.4434,-0.8752,0.9980,27,15.744212,1.9348,0.6584
BiancaGolden_CircleTurns,-6.5077,65.7890,213.1635,-4.3365,-38.2445,-81.2192,0.1941,-0.4434,-0.8751,0.9980,27,15.757566,1.9349,0.6579
BiancaGolden_CircleTurns,-6.5154,65.7217,213.1127,-4.3458,-38.2419,-81.1905,0.1890,-0.4395,-0.8781,0.9980,28,15.772797,1.9348,0.6572
BiancaGolden_CircleTurns,-6.5236,65.6406,213.0583,-4.2822,-38.1615,-81.1225,0.1879,-0.4417,-0.8773,0.9980,28,15.786407,1.9348,0.6564
BiancaGolden_CircleTurns,-6.5562,65.5464,212.9950,-4.2148,-38.0311,-81.0211,0.1886,-0.4446,-0.8756,0.9980,28,15.800857,1.9344,0.6555
BiancaGolden_CircleTurns,-6.5999,65.4624,212.9078,-4.1235,-37.7931,-80.9200,0.1887,-0.4495,-0.8731,0.9980,29,15.814792,1.9340,0.6546
BiancaGolden_CircleTurns,-6.6543,65.3709,212.8101,-4.0295,-37.5605,-80.8437,0.1892,-0.4528,-0.8713,0.9980,29,15.827619,1.9335,0.6537
BiancaGolden_CircleTurns,-6.7145,65.2839,212.6932,-3.9338,-37.3245,-80.7596,0.1901,-0.4548,-0.8701,0.9980,30,15.843064,1.9329,0.6528
BiancaGolden_CircleTurns,-6.8041,65.2540,212.5600,-3.8324,-37.1303,-80.6477,0.1908,-0.4549,-0.8699,0.9980,30,15.856512,1.9320,0.6525
BiancaGolden_CircleTurns,-6.9245,65.2690,212.4179,-3.7269,-37.0873,-80.4792,0.1925,-0.4510,-0.8715,0.9980,31,15.871035,1.9308,0.6527
BiancaGolden_CircleTurns,-7.0818,65.3002,212.2425,-3.6315,-37.1576,-80.2627,0.1953,-0.4419,-0.8756,0.9980,31,15.884483,1.9292,0.6530
BiancaGolden_CircleTurns,-7.2611,65.3183,212.0769,-3.5351,-37.3025,-80.0639,0.1960,-0.4372,-0.8777,0.9980,31,15.898698,1.9274,0.6532
BiancaGolden_CircleTurns,-7.4377,65.3258,211.9499,-3.4691,-37.5582,-79.8262,0.1979,-0.4319,-0.8799,0.9980,32,15.912399,1.9256,0.6533
BiancaGolden_CircleTurns,-7.6524,65.3464,211.8503,-3.5344,-37.8415,-79.5320,0.2010,-0.4266,-0.8818,0.9980,32,15.925302,1.9235,0.6535
BiancaGolden_CircleTurns,-7.8569,65.3880,211.7056,-3.7205,-37.9940,-79.2131,0.1996,-0.4230,-0.8839,0.9980,33,15.940667,1.9214,0.6539
BiancaGolden_CircleTurns,-8.0919,65.4249,211.6033,-3.8940,-38.0691,-78.8813,0.2040,-0.4232,-0.8827,0.9980,33,15.954161,1.9191,0.6542
BiancaGolden_CircleTurns,-8.3496,65.4571,211.5656,-4.0394,-38.1965,-78.4414,0.2081,-0.4205,-0.8831,0.9980,34,15.968485,1.9165,0.6546
BiancaGolden_CircleTurns,-8.6215,65.4811,211.5337,-4.1495,-38.2692,-77.9935,0.2126,-0.4202,-0.8822,0.9980,34,15.985770,1.9138,0.6548
BiancaGolden_CircleTurns,-8.9472,65.5646,211.5235,-4.2481,-38.3561,-77.5002,0.2156,-0.4181,-0.8825,0.9980,34,15.996666,1.9105,0.6556
BiancaGolden_CircleTurns,-9.2603,65.6459,211.5001,-4.2727,-38.4165,-77.1299,0.2214,-0.4183,-0.8809,0.9980,35,16.009413,1.9074,0.6565
BiancaGolden_CircleTurns,-9.6248,65.7316,211.4923,-4.3919,-38.3943,-76.6589,0.2248,-0.4172,-0.8806,0.9980,35,16.022663,1.9038,0.6573
BiancaGolden_CircleTurns,-9.9559,65.7970,211.4904,-4.4279,-38.3582,-76.2511,0.2174,-0.4269,-0.8778,0.9980,36,16.037497,1.9004,0.6580
BiancaGolden_CircleTurns,-10.2974,65.8376,211.5045,-4.4207,-38.2809,-75.9199,0.2216,-0.4271,-0.8766,0.9980,36,16.050983,1.8970,0.6584
BiancaGolden_CircleTurns,-10.6743,65.8852,211.5055,-4.5128,-38.1574,-75.5033,0.2216,-0.4320,-0.8742,0.9980,36,16.065409,1.8933,0.6589
BiancaGolden_CircleTurns,-11.0626,65.9316,211.5164,-4.4825,-38.0490,-75.1838,0.2230,-0.4311,-0.8743,0.9980,37,16.079144,1.8894,0.6593
BiancaGolden_CircleTurns,-11.4570,65.9769,211.5374,-4.4259,-38.0489,-74.9447,0.2177,-0.4336,-0.8744,0.9980,37,16.092070,1.8854,0.6598
BiancaGolden_CircleTurns,-11.8454,65.9795,211.5999,-4.4369,-38.1395,-74.6758,0.2185,-0.4308,-0.8756,0.9980,38,16.107904,1.8815,0.6598
BiancaGolden_CircleTurns,-12.1992,65.9859,211.6892,-4.4288,-38.3039,-74.5560,0.2147,-0.4346,-0.8747,0.9980,38,16.121170,1.8780,0.6599
BiancaGolden_CircleTurns,-12.5248,65.9986,211.7701,-4.5627,-38.4346,-74.4794,0.2136,-0.4357,-0.8744,0.9980,39,16.135759,1.8748,0.6600
BiancaGolden_CircleTurns,-12.8472,66.0426,211.8620,-4.8343,-38.5756,-74.4366,0.2149,-0.4341,-0.8749,0.9980,39,16.149231,1.8715,0.6604
BiancaGolden_CircleTurns,-13.1341,66.0941,211.9494,-5.1650,-38.6794,-74.4863,0.2156,-0.4336,-0.8749,0.9980,39,16.163631,1.8687,0.6609
BiancaGolden_CircleTurns,-13.4326,66.1448,212.0351,-5.2773,-38.7038,-74.4875,0.2131,-0.4416,-0.8715,0.9980,40,16.177580,1.8657,0.6614
BiancaGolden_CircleTurns,-13.6982,66.2194,212.1086,-5.2410,-38.6088,-74.5057,0.2123,-0.4431,-0.8710,0.9980,40,16.190800,1.8630,0.6622
BiancaGolden_CircleTurns,-13.9370,66.3119,212.1922,-5.2327,-38.5084,-74.5044,0.2116,-0.4466,-0.8694,0.9980,41,16.205824,1.8606,0.6631
BiancaGolden_CircleTurns,-14.1382,66.4418,212.2623,-5.3422,-38.3679,-74.4766,0.2121,-0.4481,-0.8685,0.9980,41,16.219206,1.8586,0.6644
BiancaGolden_CircleTurns,-14.2912,66.5927,212.3328,-5.5090,-38.2666,-74.4766,0.2136,-0.4488,-0.8677,0.9980,41,16.233648,1.8571,0.6659
BiancaGolden_CircleTurns,-14.4376,66.7509,212.4114,-5.6574,-38.1990,-74.4430,0.2095,-0.4503,-0.8679,0.9980,42,16.247246,1.8556,0.6675
BiancaGolden_CircleTurns,-14.5562,66.9282,212.4856,-5.6901,-38.1657,-74.4165,0.2112,-0.4494,-0.8680,0.9980,42,16.260422,1.8544,0.6693
BiancaGolden_CircleTurns,-14.6585,67.1444,212.5424,-5.6265,-38.1527,-74.3326,0.2072,-0.4449,-0.8713,0.9980,43,16.275528,1.8534,0.6714
BiancaGolden_CircleTurns,-14.7192,67.3917,212.5732,-5.5917,-38.1512,-74.2530,0.2078,-0.4439,-0.8717,0.9980,43,16.289167,1.8528,0.6739
BiancaGolden_CircleTurns,-14.7802,67.6348,212.6084,-5.5481,-38.1921,-74.1281,0.2078,-0.4417,-0.8728,0.9980,44,16.303705,1.8522,0.6763
BiancaGolden_CircleTurns,-14.8135,67.8616,212.6895,-5.5007,-38.3208,-74.0279,0.2076,-0.4435,-0.8719,0.9980,44,16.317385,1.8519,0.6786
BiancaGolden_CircleTurns,-14.8246,68.0662,212.7682,-5.4579,-38.4192,-74.0059,0.2066,-0.4489,-0.8693,0.9980,44,16.331758,1.8518,0.6807
BiancaGolden_CircleTurns,-14.8301,68.2949,212.8164,-5.4347,-38.4203,-74.0532,0.1975,-0.4527,-0.8695,0.9980,45,16.344887,1.8517,0.6829
BiancaGolden_CircleTurns,-14.8012,68.5177,212.8359,-5.3482,-38.3370,-74.2142,0.1940,-0.4539,-0.8697,0.9980,45,16.358309,1.8520,0.6852
BiancaGolden_CircleTurns,-14.7654,68.7393,212.8477,-5.2889,-38.2079,-74.3756,0.1893,-0.4547,-0.8703,0.9980,46,16.373472,1.8523,0.6874
BiancaGolden_CircleTurns,-14.7008,68.9556,212.8335,-5.2580,-38.0188,-74.5638,0.1876,-0.4622,-0.8667,0.9980,46,16.386885,1.8530,0.6896
BiancaGolden_CircleTurns,-14.6068,69.1647,212.7876,-5.2054,-37.7956,-74.7941,0.1868,-0.4662,-0.8647,0.9980,47,16.401522,1.8539,0.6916
BiancaGolden_CircleTurns,-14.4963,69.3928,212.7022,-5.2357,-37.5710,-75.0252,0.1841,-0.4656,-0.8657,0.9980,47,16.414736,1.8550,0.6939
BiancaGolden_CircleTurns,-14.3565,69.6278,212.6017,-5.2792,-37.4420,-75.2504,0.1834,-0.4667,-0.8652,0.9980,47,16.428638,1.8564,0.6963
BiancaGolden_CircleTurns,-14.1840,69.8610,212.4690,-5.3765,-37.3968,-75.4420,0.1822,-0.4682,-0.8647,0.9980,48,16.442324,1.8582,0.6986
BiancaGolden_CircleTurns,-13.9960,70.1116,212.2981,-5.4329,-37.3378,-75.6617,0.1840,-0.4679,-0.8644,0.9980,48,16.455654,1.8600,0.7011
BiancaGolden_CircleTurns,-13.7784,70.3676,212.0665,-5.5351,-37.3305,-75.8520,0.1820,-0.4642,-0.8668,0.9980,49,16.470779,1.8622,0.7037
BiancaGolden_CircleTurns,-13.5346,70.6236,211.8486,-5.6280,-37.4019,-76.0995,0.1808,-0.4587,-0.8700,0.9980,49,16.488676,1.8647,0.7062
BiancaGolden_CircleTurns,-13.2802,70.8201,211.6812,-5.7259,-37.5867,-76.3339,0.1786,-0.4573,-0.8712,0.9980,49,16.498917,1.8672,0.7082
BiancaGolden_CircleTurns,-12.9918,70.9956,211.5346,-5.7778,-37.7350,-76.5900,0.1761,-0.4572,-0.8717,0.9980,50,16.512283,1.8701,0.7100
BiancaGolden_CircleTurns,-12.7135,71.2290,211.3372,-5.7416,-37.7945,-76.8456,0.1685,-0.4572,-0.8733,0.9980,50,16.524813,1.8729,0.7123
BiancaGolden_CircleTurns,-12.4287,71.4722,211.1152,-5.6641,-37.8147,-77.0796,0.1663,-0.4600,-0.8722,0.9980,51,16.539633,1.8757,0.7147
BiancaGolden_CircleTurns,-12.1304,71.6979,210.8841,-5.5776,-37.7875,-77.3179,0.1598,-0.4675,-0.8695,0.9980,51,16.552774,1.8787,0.7170
BiancaGolden_CircleTurns,-11.8179,71.8648,210.6983,-5.5515,-37.7263,-77.5800,0.1575,-0.4704,-0.8683,0.9980,51,16.567589,1.8818,0.7186
BiancaGolden_CircleTurns,-11.5128,72.0046,210.5397,-5.4987,-37.5882,-77.8718,0.1570,-0.4768,-0.8649,0.9980,52,16.580698,1.8849,0.7200
BiancaGolden_CircleTurns,-11.2508,72.1833,210.3795,-5.4092,-37.3948,-78.0471,0.1549,-0.4763,-0.8655,0.9980,52,16.594095,1.8875,0.7218
BiancaGolden_CircleTurns,-10.9696,72.3637,210.1900,-5.3727,-37.2582,-78.2741,0.1596,-0.4732,-0.8664,0.9980,53,16.608936,1.8903,0.7236
BiancaGolden_CircleTurns,-10.6732,72.5573,210.0723,-5.5126,-37.3917,-78.4736,0.1588,-0.4717,-0.8673,0.9980,53,16.622982,1.8933,0.7256
BiancaGolden_CircleTurns,-10.3598,72.7682,209.9115,-5.6411,-37.5133,-78.6386,0.1534,-0.4741,-0.8670,0.9980,54,16.637316,1.8964,0.7277
BiancaGolden_CircleTurns,-10.0618,73.0265,209.6528,-5.7170,-37.5254,-78.7586,0.1530,-0.4761,-0.8660,0.9980,54,16.650906,1.8994,0.7303
BiancaGolden_CircleTurns,-9.7979,73.2589,209.3413,-5.5959,-37.3889,-78.7456,0.1523,-0.4821,-0.8628,0.9980,54,16.664993,1.9020,0.7326
BiancaGolden_CircleTurns,-9.5553,73.4038,209.1430,-5.3575,-37.3245,-78.7147,0.1466,-0.4829,-0.8633,0.9980,55,16.678898,1.9044,0.7340
BiancaGolden_CircleTurns,-9.3357,73.5019,208.9813,-5.2013,-37.3237,-78.6854,0.1445,-0.4824,-0.8639,0.9980,55,16.692112,1.9066,0.7350
BiancaGolden_CircleTurns,-9.1187,73.6396,208.7437,-5.0943,-37.3224,-78.8375,0.1430,-0.4807,-0.8651,0.9980,56,16.707186,1.9088,0.7364
BiancaGolden_CircleTurns,-8.9478,73.8063,208.4450,-5.0817,-37.3996,-78.9620,0.1438,-0.4790,-0.8659,0.9980,56,16.720676,1.9105,0.7381
BiancaGolden_CircleTurns,-8.7950,73.9287,208.1639,-5.0598,-37.5093,-79.0418,0.1426,-0.4767,-0.8674,0.9980,57,16.735262,1.9120,0.7393
BiancaGolden_CircleTurns,-8.6475,73.9912,207.9313,-4.9978,-37.6767,-79.0829,0.1425,-0.4795,-0.8659,0.9980,57,16.748550,1.9135,0.7399
BiancaGolden_CircleTurns,-8.5040,74.0012,207.6660,-4.9572,-37.6952,-79.0934,0.1416,-0.4826,-0.8643,0.9980,57,16.763063,1.9150,0.7400
BiancaGolden_CircleTurns,-8.3899,73.9455,207.3474,-4.8952,-37.5170,-79.0409,0.1423,-0.4877,-0.8613,0.9980,58,16.776247,1.9161,0.7395
BiancaGolden_CircleTurns,-8.2695,73.8501,206.9875,-4.8675,-37.1947,-79.0445,0.1433,-0.4952,-0.8569,0.9980,58,16.789423,1.9173,0.7385
BiancaGolden_CircleTurns,-8.1783,73.7057,206.5692,-4.8165,-36.6927,-79.0597,0.1399,-0.5026,-0.8531,0.9980,59,16.804935,1.9182,0.7371
BiancaGolden_CircleTurns,-8.1086,73.5808,206.1033,-4.7604,-36.2113,-79.0524,0.1413,-0.5068,-0.8504,0.9980,59,16.818190,1.9189,0.7358
BiancaGolden_CircleTurns,-8.0666,73.4142,205.6375,-4.6955,-35.9075,-78.9444,0.1384,-0.5097,-0.8492,0.9980,59,16.832502,1.9193,0.7341
BiancaGolden_CircleTurns,-8.0356,73.2225,205.1275,-4.6678,-35.6988,-78.8355,0.1435,-0.5112,-0.8474,0.9980,60,16.846769,1.9196,0.7322
BiancaGolden_CircleTurns,-8.0019,73.0588,204.5347,-4.6400,-35.4780,-78.7703,0.1450,-0.5021,-0.8526,0.9980,60,16.859304,1.9200,0.7306
BiancaGolden_CircleTurns,-8.0109,72.9426,203.8076,-4.6810,-35.2417,-78.5834,0.1485,-0.5013,-0.8525,0.9980,61,16.874239,1.9199,0.7294
BiancaGolden_CircleTurns,-8.0150,72.8195,203.0575,-4.7542,-35.0426,-78.4436,0.1526,-0.5015,-0.8516,0.9980,61,16.887938,1.9199,0.7282
BiancaGolden_CircleTurns,-8.0439,72.7011,202.3029,-4.8157,-34.8689,-78.3319,0.1542,-0.5031,-0.8504,0.9980,62,16.902094,1.9196,0.7270
BiancaGolden_CircleTurns,-8.0903,72.5822,201.5336,-4.9177,-34.7428,-78.2735,0.1549,-0.4987,-0.8528,0.9980,62,16.915989,1.9191,0.7258
BiancaGolden_CircleTurns,-8.1562,72.4083,200.7192,-4.9199,-34.5899,-78.2594,0.1556,-0.4990,-0.8525,0.9980,62,16.929878,1.9184,0.7241
BiancaGolden_CircleTurns,-8.2413,72.1268,200.0171,-4.8142,-34.5281,-78.1094,0.1506,-0.5015,-0.8519,0.9980,63,16.943319,1.9176,0.7213
BiancaGolden_CircleTurns,-8.2782,71.8536,199.2871,-4.5657,-34.1580,-78.0191,0.1509,-0.5080,-0.8480,0.9980,63,16.956278,1.9172,0.7185
BiancaGolden_CircleTurns,-8.3750,71.6878,198.3260,-4.3467,-33.6387,-77.7934,0.1534,-0.5134,-0.8443,0.9980,64,16.971264,1.9163,0.7169
BiancaGolden_CircleTurns,-8.4816,71.5711,197.3429,-4.2823,-33.1720,-77.5702,0.1545,-0.5132,-0.8443,0.9980,64,16.990273,1.9152,0.7157
BiancaGolden_CircleTurns,-8.5516,71.4747,196.5007,-4.3836,-33.1395,-77.5470,0.1536,-0.5066,-0.8484,0.9980,64,17.000254,1.9145,0.7147
BiancaGolden_CircleTurns,-8.6363,71.3740,195.6877,-4.7479,-33.3737,-77.5793,0.1531,-0.5032,-0.8505,0.9980,65,17.011782,1.9136,0.7137
BiancaGolden_CircleTurns,-8.6954,71.2550,194.8633,-5.1151,-33.6038,-77.6819,0.1526,-0.4953,-0.8552,0.9980,65,17.024887,1.9130,0.7125
BiancaGolden_CircleTurns,-8.7427,71.0885,194.0421,-5.3671,-33.8175,-77.8105,0.1532,-0.4946,-0.8555,0.9980,66,17.038784,1.9126,0.7109
BiancaGolden_CircleTurns,-8.8181,70.9566,193.2424,-5.3719,-33.8502,-77.7378,0.1621,-0.4980,-0.8519,0.9980,66,17.051554,1.9118,0.7096
BiancaGolden_CircleTurns,-8.8549,70.8497,192.4640,-5.3361,-33.8456,-77.6394,0.1640,-0.5003,-0.8502,0.9980,66,17.065681,1.9115,0.7085
BiancaGolden_CircleTurns,-8.8864,70.7614,191.6636,-5.4322,-33.6640,-77.5671,0.2121,-0.5153,-0.8303,0.9980,67,17.080860,1.9111,0.7076
BiancaGolden_CircleTurns,-8.9402,70.6462,190.9040,-5.5407,-33.4296,-77.4841,0.2195,-0.5293,-0.8196,0.9980,67,17.094980,1.9106,0.7065
BiancaGolden_CircleTurns,-8.9740,70.4865,190.1612,-5.5765,-33.0320,-77.4738,0.2269,-0.5381,-0.8118,0.9980,68,17.110533,1.9103,0.7049
BiancaGolden_CircleTurns,-9.0598,70.3154,188.6002,-5.6394,-32.3562,-77.4085,0.2259,-0.5421,-0.8094,0.9980,68,17.124159,1.9094,0.7032
BiancaGolden_CircleTurns,-9.0893,70.3853,187.7937,-5.6997,-32.0940,-77.3886,0.2296,-0.5441,-0.8070,0.9980,69,17.140236,1.9091,0.7039
BiancaGolden_CircleTurns,-9.1605,70.5020,187.0270,-5.7447,-32.1782,-77.2972,0.2276,-0.5398,-0.8104,0.9980,69,17.154423,1.9084,0.7050
BiancaGolden_CircleTurns,-9.2312,70.5328,186.3962,-5.6164,-32.4686,-77.0745,0.2290,-0.5380,-0.8112,0.9980,70,17.180983,1.9077,0.7053
BiancaGolden_CircleTurns,-9.3451,70.5014,185.0406,-5.5370,-32.3169,-76.7856,0.2295,-0.5419,-0.8085,0.9980,70,17.194506,1.9065,0.7050
BiancaGolden_CircleTurns,-9.3960,70.4653,184.3972,-5.3824,-32.0125,-76.6194,0.2334,-0.5484,-0.8030,0.9980,71,17.207977,1.9060,0.7047
BiancaGolden_CircleTurns,-9.4607,70.4604,183.6974,-5.3192,-31.5299,-76.4554,0.2346,-0.5562,-0.7973,0.9980,71,17.220783,1.9054,0.7046
BiancaGolden_CircleTurns,-9.5343,70.4851,182.9702,-5.3312,-30.9652,-76.4252,0.2346,-0.5591,-0.7953,0.9980,71,17.234320,1.9047,0.7049
BiancaGolden_CircleTurns,-9.5662,70.4989,182.9633,-5.4020,-30.7834,-76.5344,0.2367,-0.5644,-0.7908,0.9980,72,17.246799,1.9043,0.7050
BiancaGolden_CircleTurns,-9.6633,70.4951,182.2649,-5.3200,-30.3770,-76.6031,0.2341,-0.5720,-0.7861,0.9980,72,17.261963,1.9034,0.7050
BiancaGolden_CircleTurns,-9.8416,70.5418,180.8063,-5.1844,-29.6766,-76.6570,0.2343,-0.5724,-0.7858,0.9980,73,17.278276,1.9016,0.7054
BiancaGolden_CircleTurns,-9.9171,70.7144,179.9710,-5.3678,-29.3748,-76.8671,0.2359,-0.5704,-0.7867,0.9980,74,17.304173,1.9008,0.7071
BiancaGolden_CircleTurns,-10.0595,70.9102,178.4800,-5.4926,-28.9729,-76.9599,0.2373,-0.5699,-0.7867,0.9980,74,17.319681,1.8994,0.7091
BiancaGolden_CircleTurns,-10.1156,71.0909,177.7662,-5.6717,-29.0274,-76.9353,0.2387,-0.5684,-0.7873,0.9980,74,17.331408,1.8988,0.7109
BiancaGolden_CircleTurns,-10.1239,71.2472,177.0423,-5.7548,-28.9557,-76.8934,0.2402,-0.5667,-0.7881,0.9980,75,17.345274,1.8988,0.7125
BiancaGolden_CircleTurns,-10.0900,71.2759,177.0720,-5.8073,-28.9560,-76.7735,0.2428,-0.5682,-0.7863,0.9980,75,17.358290,1.8991,0.7128
BiancaGolden_CircleTurns,-10.0901,71.3901,176.4056,-5.9479,-28.6354,-76.6686,0.2451,-0.5704,-0.7839,0.9980,76,17.374496,1.8991,0.7139
BiancaGolden_CircleTurns,-10.0924,71.5035,175.7593,-6.0199,-28.2757,-76.6349,0.2456,-0.5783,-0.7780,0.9980,76,17.388369,1.8991,0.7150
BiancaGolden_CircleTurns,-10.1028,71.7975,174.4146,-6.0748,-27.5577,-76.7204,0.2465,-0.5856,-0.7722,0.9980,77,17.415710,1.8990,0.7180
BiancaGolden_CircleTurns,-10.0961,72.1297,173.0761,-6.2047,-26.9914,-76.9460,0.2496,-0.5868,-0.7703,0.9980,77,17.429312,1.8990,0.7213
BiancaGolden_CircleTurns,-10.0799,72.3478,172.4703,-6.2336,-26.8751,-77.0644,0.2480,-0.5839,-0.7731,0.9980,78,17.443579,1.8992,0.7235
BiancaGolden_CircleTurns,-10.0603,72.3582,172.5618,-6.1051,-27.1126,-77.0712,0.2441,-0.5829,-0.7751,0.9980,78,17.455072,1.8994,0.7236
BiancaGolden_CircleTurns,-10.0302,72.5563,172.0143,-5.9926,-27.0356,-77.1495,0.2407,-0.5862,-0.7736,0.9980,79,17.471712,1.8997,0.7256
BiancaGolden_CircleTurns,-9.9641,72.9257,170.9456,-5.8158,-26.7903,-77.4190,0.2378,-0.5877,-0.7733,0.9980,79,17.490225,1.9004,0.7293
BiancaGolden_CircleTurns,-9.8945,73.1742,170.5713,-5.4157,-26.7264,-77.5863,0.2365,-0.5908,-0.7713,0.9980,80,17.513134,1.9011,0.7317
BiancaGolden_CircleTurns,-9.7982,73.5955,169.6572,-5.0608,-26.5026,-77.6114,0.2369,-0.5949,-0.7681,0.9980,80,17.526186,1.9020,0.7360
BiancaGolden_CircleTurns,-9.7163,73.8216,169.3124,-4.8672,-26.2934,-77.5084,0.2407,-0.5943,-0.7674,0.9980,81,17.539795,1.9028,0.7382
BiancaGolden_CircleTurns,-9.6797,73.8167,169.4463,-4.9729,-26.1887,-77.4180,0.2489,-0.6021,-0.7586,0.9980,81,17.552906,1.9032,0.7382
BiancaGolden_CircleTurns,-9.6070,74.0249,169.1513,-4.8900,-25.7878,-77.3878,0.2540,-0.6020,-0.7571,0.9980,81,17.566481,1.9039,0.7402
BiancaGolden_CircleTurns,-9.5624,74.2314,168.9149,-4.6821,-25.3187,-77.1288,0.2558,-0.6070,-0.7524,0.9980,82,17.593777,1.9044,0.7423
BiancaGolden_CircleTurns,-9.4236,74.6350,168.3308,-4.5042,-24.6629,-76.9868,0.2603,-0.6111,-0.7475,0.9980,83,17.606808,1.9058,0.7463
BiancaGolden_CircleTurns,-9.3269,74.8334,168.0591,-4.6440,-24.2724,-76.8926,0.2618,-0.6156,-0.7433,0.9980,83,17.621899,1.9067,0.7483
BiancaGolden_CircleTurns,-9.2441,75.0044,167.8276,-4.8323,-23.9930,-76.7686,0.2655,-0.6171,-0.7408,0.9980,84,17.634947,1.9076,0.7500
BiancaGolden_CircleTurns,-9.1779,75.1659,167.6127,-4.9730,-23.7918,-76.5778,0.2690,-0.6179,-0.7388,0.9980,84,17.648487,1.9082,0.7517
BiancaGolden_CircleTurns,-9.1000,75.3209,167.4298,-5.1212,-23.6202,-76.4005,0.2742,-0.6185,-0.7364,0.9980,84,17.662094,1.9090,0.7532
BiancaGolden_CircleTurns,-9.0616,75.4349,167.3466,-5.2128,-23.4669,-76.0104,0.3221,-0.6526,-0.6858,0.9980,85,17.688156,1.9094,0.7543
BiancaGolden_CircleTurns,-8.9913,75.7013,167.0351,-5.3704,-22.8957,-75.5030,0.3457,-0.6907,-0.6352,0.9980,86,17.702486,1.9101,0.7570
BiancaGolden_CircleTurns,-8.9698,75.8220,166.9117,-5.5956,-22.4951,-75.2969,0.3519,-0.7011,-0.6201,0.9980,86,17.717129,1.9103,0.7582
BiancaGolden_CircleTurns,-9.0198,75.9562,166.8523,-5.7343,-22.1989,-75.0209,0.3554,-0.7056,-0.6131,0.9980,86,17.730076,1.9098,0.7596
BiancaGolden_CircleTurns,-9.1015,76.1165,166.8366,-5.8263,-22.1133,-74.6955,0.3591,-0.7032,-0.6137,0.9980,87,17.743841,1.9090,0.7612
BiancaGolden_CircleTurns,-9.2119,76.2840,166.8402,-5.9259,-22.1790,-74.4186,0.3528,-0.7042,-0.6162,0.9980,87,17.758669,1.9079,0.7628
BiancaGolden_CircleTurns,-9.3869,76.4347,166.8551,-6.1691,-22.1445,-74.2240,0.3575,-0.7031,-0.6147,0.9980,88,17.784231,1.9061,0.7643
BiancaGolden_CircleTurns,-9.6639,76.7208,166.8737,-6.5452,-21.7696,-73.7363,0.3593,-0.7056,-0.6108,0.9980,88,17.796139,1.9034,0.7672
BiancaGolden_CircleTurns,-9.8727,76.9166,166.9624,-6.7913,-21.4966,-73.5968,0.3622,-0.7068,-0.6077,0.9980,89,17.810631,1.9013,0.7692
BiancaGolden_CircleTurns,-10.1116,77.1503,167.0429,-7.0185,-21.3200,-73.3924,0.3663,-0.7082,-0.6035,0.9980,89,17.824064,1.8989,0.7715
BiancaGolden_CircleTurns,-10.3139,77.3602,167.1133,-7.3815,-21.0881,-73.2556,0.3626,-0.7134,-0.5997,0.9980,90,17.839357,1.8969,0.7736
BiancaGolden_CircleTurns,-10.5141,77.5883,167.1875,-7.8706,-20.7855,-73.1961,0.3576,-0.7139,-0.6021,0.9980,90,17.853622,1.8949,0.7759
BiancaGolden_CircleTurns,-10.7362,77.8155,167.3524,-8.3096,-20.3641,-73.1477,0.3658,-0.7173,-0.5930,0.9980,91,17.879370,1.8926,0.7782
BiancaGolden_CircleTurns,-11.0859,78.2360,167.5508,-9.0199,-19.8435,-72.9111,0.3628,-0.7214,-0.5899,0.9980,91,17.891157,1.8891,0.7824
BiancaGolden_CircleTurns,-11.1941,78.4445,167.6257,-9.6104,-19.5674,-72.9914,0.3650,-0.7246,-0.5846,0.9980,92,17.904221,1.8881,0.7844
BiancaGolden_CircleTurns,-11.2903,78.6045,167.7244,-10.0615,-19.2563,-73.0657,0.3641,-0.7283,-0.5806,0.9980,92,17.918140,1.8871,0.7860
BiancaGolden_CircleTurns,-11.3622,78.7938,167.8004,-10.4953,-18.9868,-73.1292,0.3524,-0.7250,-0.5918,0.9980,93,17.935476,1.8864,0.7879
BiancaGolden_CircleTurns,-11.3370,78.9668,167.8306,-10.5670,-18.9810,-73.3537,0.3509,-0.7231,-0.5949,0.9980,93,17.961113,1.8866,0.7897
BiancaGolden_CircleTurns,-11.4403,79.3595,167.9365,-11.2824,-18.8028,-73.4872,0.3461,-0.7237,-0.5970,0.9980,94,17.973562,1.8856,0.7936
BiancaGolden_CircleTurns,-11.3759,79.5431,167.9555,-11.5578,-18.8859,-73.7184,0.3452,-0.7235,-0.5978,0.9980,94,17.990089,1.8862,0.7954
BiancaGolden_CircleTurns,-11.3229,79.7241,167.9755,-11.7067,-18.9889,-73.8421,0.3403,-0.7174,-0.6078,0.9980,94,17.999525,1.8868,0.7972
BiancaGolden_CircleTurns,-11.2168,79.6588,167.9746,-11.5035,-19.2439,-73.8151,0.3406,-0.7170,-0.6082,0.9980,95,18.015015,1.8878,0.7966
BiancaGolden_CircleTurns,-11.0922,79.9377,168.0332,-11.9792,-19.2687,-73.9968,0.3380,-0.7143,-0.6128,0.9980,95,18.028963,1.8891,0.7994
BiancaGolden_CircleTurns,-10.8697,80.0588,168.0377,-12.3586,-19.5388,-74.3429,0.3356,-0.7112,-0.6177,0.9980,96,18.056154,1.8913,0.8006
BiancaGolden_CircleTurns,-10.6064,80.4228,168.0538,-12.5446,-19.7934,-74.5010,0.3342,-0.7078,-0.6223,0.9980,97,18.069403,1.8939,0.8042
BiancaGolden_CircleTurns,-10.4238,80.6158,168.0984,-12.3886,-20.0832,-74.4639,0.3342,-0.7066,-0.6238,0.9980,97,18.083599,1.8958,0.8062
BiancaGolden_CircleTurns,-10.3494,80.5900,168.1358,-12.2712,-20.1923,-74.3648,0.3332,-0.7065,-0.6244,0.9980,97,18.095190,1.8965,0.8059
BiancaGolden_CircleTurns,-10.1811,80.6537,168.2196,-12.2002,-20.2252,-74.4003,0.3227,-0.7207,-0.6136,0.9980,98,18.109179,1.8982,0.8065
BiancaGolden_CircleTurns,-9.9098,80.7184,168.2807,-11.8464,-19.6219,-74.8078,0.3133,-0.7262,-0.6120,0.9980,99,18.136658,1.9009,0.8072
BiancaGolden_CircleTurns,-9.5073,80.9768,168.3178,-11.4396,-19.3464,-74.9349,0.3098,-0.7268,-0.6129,0.9980,99,18.151072,1.9049,0.8098
BiancaGolden_CircleTurns,-9.2916,81.1204,168.3569,-11.0013,-19.3443,-74.9848,0.3110,-0.7283,-0.6106,0.9980,99,18.164555,1.9071,0.8112
BiancaGolden_CircleTurns,-9.1273,81.1617,168.3400,-10.9113,-19.1638,-74.8949,0.3072,-0.7307,-0.6097,0.9980,100,18.177752,1.9087,0.8116
BiancaGolden_CircleTurns,-8.7907,81.2271,168.4906,-11.0059,-19.0601,-75.2579,0.3056,-0.7348,-0.6055,0.9980,100,18.190689,1.9121,0.8123
BiancaGolden_CircleTurns,-8.5991,81.2212,168.5937,-10.7817,-18.7085,-75.2715,0.3036,-0.7392,-0.6012,0.9980,101,18.204649,1.9140,0.8122
BiancaGolden_CircleTurns,-8.3230,81.3357,168.6551,-10.2845,-18.3168,-75.1666,0.3023,-0.7388,-0.6023,0.9980,101,18.219080,1.9168,0.8134
BiancaGolden_CircleTurns,-8.0389,81.3955,168.7053,-10.1323,-18.0766,-74.9595,0.3017,-0.7436,-0.5967,0.9980,102,18.243353,1.9196,0.8140
BiancaGolden_CircleTurns,-7.5123,81.5177,168.8679,-10.0167,-17.6607,-75.0468,0.3007,-0.7449,-0.5956,0.9980,102,18.255785,1.9249,0.8152
BiancaGolden_CircleTurns,-7.2857,81.5121,168.9613,-9.9898,-17.5086,-75.0458,0.2930,-0.7411,-0.6042,0.9980,103,18.271837,1.9271,0.8151
BiancaGolden_CircleTurns,-6.9866,81.5189,169.0720,-10.0459,-17.3160,-75.1842,0.2912,-0.7440,-0.6014,0.9980,103,18.283993,1.9301,0.8152
BiancaGolden_CircleTurns,-6.6936,81.4399,169.1797,-10.1058,-17.1016,-75.2923,0.2803,-0.7462,-0.6039,0.9980,103,18.298265,1.9331,0.8144
BiancaGolden_CircleTurns,-6.3871,81.2849,169.3095,-10.1423,-16.7971,-75.7527,0.2741,-0.7522,-0.5992,0.9980,104,18.311768,1.9361,0.8128
BiancaGolden_CircleTurns,-6.1041,81.1177,169.4075,-10.0268,-16.4451,-76.2229,0.2563,-0.7540,-0.6048,0.9980,104,18.324694,1.9390,0.8112
BiancaGolden_CircleTurns,-5.7419,80.8776,169.4782,-9.6216,-16.0987,-76.9525,0.2390,-0.7583,-0.6065,0.9980,105,18.340679,1.9426,0.8088
BiancaGolden_CircleTurns,-5.2755,80.6582,169.4616,-8.8390,-16.0075,-77.7148,0.2156,-0.7585,-0.6149,0.9980,105,18.366123,1.9472,0.8066
BiancaGolden_CircleTurns,-4.4613,80.4073,169.5067,-8.3269,-16.0565,-78.6414,0.2063,-0.7491,-0.6295,0.9980,106,18.379660,1.9554,0.8041
BiancaGolden_CircleTurns,-4.0472,80.3524,169.4782,-7.9799,-16.5225,-79.1055,0.1966,-0.7390,-0.6443,0.9980,106,18.392527,1.9595,0.8035
BiancaGolden_CircleTurns,-3.6633,80.3024,169.3970,-7.4735,-17.1814,-79.4560,0.1948,-0.7335,-0.6511,0.9980,107,18.405510,1.9634,0.8030
BiancaGolden_CircleTurns,-3.6393,80.3506,169.2977,-7.1626,-17.7384,-79.3757,0.1852,-0.7309,-0.6569,0.9980,107,18.418715,1.9636,0.8035
BiancaGolden_CircleTurns,-3.2373,80.2590,169.2388,-6.6154,-18.1566,-79.7781,0.1277,-0.7750,-0.6189,0.9980,107,18.434412,1.9676,0.8026
BiancaGolden_CircleTurns,-2.4972,80.0804,169.2039,-5.6631,-18.6515,-80.7991,0.1089,-0.7724,-0.6258,0.9980,108,18.460367,1.9750,0.8008
BiancaGolden_CircleTurns,-1.8345,79.9766,169.1732,-4.7128,-19.1530,-81.7198,0.0992,-0.7727,-0.6270,0.9980,109,18.473209,1.9817,0.7998
BiancaGolden_CircleTurns,-1.5129,79.9639,169.1280,-4.3856,-19.3417,-82.2966,0.0982,-0.7755,-0.6236,0.9980,109,18.487350,1.9849,0.7996
BiancaGolden_CircleTurns,-1.5461,79.9724,169.1047,-4.4970,-19.1846,-82.4230,0.0888,-0.7777,-0.6224,0.9980,110,18.504023,1.9845,0.7997
BiancaGolden_CircleTurns,-1.2585,79.9172,169.0839,-4.1120,-19.0935,-82.9658,0.0798,-0.7815,-0.6188,0.9980,110,18.513443,1.9874,0.7992
BiancaGolden_CircleTurns,-0.9826,79.8762,169.1041,-3.5534,-19.0294,-83.4019,0.0791,-0.8016,-0.5926,0.9980,110,18.527134,1.9902,0.7988
BiancaGolden_CircleTurns,-0.6499,79.8252,169.0037,-3.2201,-18.7407,-83.8136,0.0631,-0.8055,-0.5892,0.9980,111,18.552410,1.9935,0.7983
BiancaGolden_CircleTurns,-0.0164,79.7184,168.8583,-2.5958,-18.5112,-84.7362,0.0579,-0.8075,-0.5871,0.9980,111,18.564980,1.9998,0.7972
BiancaGolden_CircleTurns,0.2464,79.6755,168.7767,-2.1595,-18.3677,-85.0905,0.0521,-0.8071,-0.5881,0.9980,112,18.579454,2.0025,0.7968
BiancaGolden_CircleTurns,0.4885,79.6514,168.6928,-1.6027,-18.2921,-85.4049,0.0455,-0.8065,-0.5895,0.9980,112,18.592081,2.0049,0.7965
BiancaGolden_CircleTurns,0.6653,79.6676,168.5719,-1.0408,-18.4017,-85.6599,0.0424,-0.8030,-0.5945,0.9980,113,18.606434,2.0067,0.7967
BiancaGolden_CircleTurns,0.8601,79.6216,168.4524,-0.5863,-18.4895,-85.9831,0.0476,-0.7984,-0.6002,0.9980,113,18.619633,2.0086,0.7962
BiancaGolden_CircleTurns,1.0034,79.4662,168.3380,-0.2936,-18.5506,-86.3426,0.0417,-0.7995,-0.5993,0.9980,113,18.634108,2.0100,0.7947
BiancaGolden_CircleTurns,1.1901,79.2190,168.2655,-0.2062,-18.4209,-86.8123,0.0432,-0.8036,-0.5935,0.9980,114,18.648176,2.0119,0.7922
BiancaGolden_CircleTurns,1.3879,78.8402,168.1507,-0.0856,-17.9368,-87.3059,0.0304,-0.8064,-0.5905,0.9980,115,18.672455,2.0139,0.7884
BiancaGolden_CircleTurns,1.7980,78.4317,167.8773,0.4324,-17.6918,-88.0330,0.0338,-0.8065,-0.5903,0.9980,115,18.687197,2.0180,0.7843
BiancaGolden_CircleTurns,2.0012,78.1972,167.6102,0.5892,-17.6950,-88.3673,0.0304,-0.8070,-0.5897,0.9980,115,18.699013,2.0200,0.7820
BiancaGolden_CircleTurns,2.1828,77.9246,167.3675,0.6681,-17.6591,-88.7745,0.0348,-0.8025,-0.5956,0.9980,116,18.711103,2.0218,0.7792
BiancaGolden_CircleTurns,2.2191,77.8659,167.2740,0.3983,-17.7270,-88.9102,0.0362,-0.7995,-0.5996,0.9980,116,18.725821,2.0222,0.7787
BiancaGolden_CircleTurns,2.4041,77.5414,167.0180,0.6465,-17.6656,-89.2633,0.0292,-0.7946,-0.6065,0.9980,117,18.740683,2.0240,0.7754
BiancaGolden_CircleTurns,2.8248,76.9094,166.5407,1.1178,-17.6403,-90.0991,0.0225,-0.7932,-0.6086,0.9980,117,18.754936,2.0282,0.7691
BiancaGolden_CircleTurns,3.1028,76.5167,166.3024,0.9561,-17.7986,-90.6516,0.0255,-0.7905,-0.6119,0.9980,118,18.769304,2.0310,0.7652
BiancaGolden_CircleTurns,3.3083,76.1381,165.9961,0.8042,-17.9875,-91.1392,0.0272,-0.7854,-0.6183,0.9980,118,18.783857,2.0331,0.7614
BiancaGolden_CircleTurns,3.5528,75.7864,165.5876,0.6085,-18.2527,-91.8996,0.0181,-0.7831,-0.6216,0.9980,119,18.809710,2.0355,0.7579
BiancaGolden_CircleTurns,3.9977,75.1209,164.9595,0.3205,-18.5156,-92.9625,0.0172,-0.7584,-0.6516,0.9980,119,18.822754,2.0400,0.7512
BiancaGolden_CircleTurns,4.0923,74.2368,165.9007,0.0579,-20.6287,-93.5551,0.0126,-0.7779,-0.6283,0.9980,120,18.836021,2.0409,0.7424
BiancaGolden_CircleTurns,4.1130,73.5784,166.2245,0.6872,-18.8367,-93.5258,0.0020,-0.7745,-0.6326,0.9980,120,18.848103,2.0411,0.7358
BiancaGolden_CircleTurns,4.6554,73.0791,166.1754,-0.1864,-19.4062,-94.9714,0.0245,-0.7630,-0.6459,0.9980,120,18.860979,2.0466,0.7308
BiancaGolden_CircleTurns,4.8389,73.2383,165.8711,-1.4378,-21.0140,-95.0986,0.0297,-0.7410,-0.6708,0.9980,121,18.875727,2.0484,0.7324
BiancaGolden_CircleTurns,5.2169,72.5839,166.1944,-0.2317,-22.4274,-95.0261,0.0219,-0.7233,-0.6901,0.9980,121,18.900517,2.0522,0.7258
BiancaGolden_CircleTurns,5.9453,71.4654,166.4637,-0.2785,-23.9237,-95.8311,0.0215,-0.7212,-0.6924,0.9980,122,18.917664,2.0595,0.7147
BiancaGolden_CircleTurns,6.3087,71.0166,166.4618,-0.1636,-24.4445,-95.9408,0.0215,-0.7158,-0.6980,0.9980,122,18.929867,2.0631,0.7102
BiancaGolden_CircleTurns,6.6632,70.6735,166.4630,0.2642,-25.0863,-96.0376,0.0168,-0.7175,-0.6964,0.9980,123,18.943918,2.0666,0.7067
BiancaGolden_CircleTurns,7.0208,70.2817,166.4075,0.7648,-25.5708,-96.2511,0.0125,-0.7151,-0.6990,0.9980,123,18.956537,2.0702,0.7028
BiancaGolden_CircleTurns,7.3561,69.8543,166.3587,0.9646,-25.7534,-96.5248,0.0099,-0.7251,-0.6885,0.9980,124,18.969841,2.0736,0.6985
BiancaGolden_CircleTurns,7.6889,69.4258,166.3411,1.5151,-25.9221,-97.1719,0.0019,-0.7407,-0.6718,0.9980,124,18.986330,2.0769,0.6943
BiancaGolden_CircleTurns,7.9428,68.8922,166.1917,2.2537,-25.1703,-97.3693,-0.0109,-0.7407,-0.6717,0.9980,125,19.010168,2.0794,0.6889
BiancaGolden_CircleTurns,8.6143,67.9620,165.9722,3.1948,-25.0520,-97.9747,-0.0128,-0.7472,-0.6645,0.9980,125,19.021898,2.0861,0.6796
BiancaGolden_CircleTurns,8.9611,67.4956,165.7715,3.4987,-24.7546,-98.2446,-0.0154,-0.7478,-0.6637,0.9980,126,19.037500,2.0896,0.6750
BiancaGolden_CircleTurns,9.2322,67.0848,165.5423,3.8772,-24.7664,-98.3708,-0.0172,-0.7469,-0.6647,0.9980,126,19.050627,2.0923,0.6708
BiancaGolden_CircleTurns,9.5787,66.6926,165.3189,4.2397,-25.0646,-98.6259,-0.0191,-0.7421,-0.6700,0.9980,126,19.063921,2.0958,0.6669
BiancaGolden_CircleTurns,9.9133,66.2746,165.0553,4.4381,-25.5096,-98.7411,-0.0171,-0.7368,-0.6759,0.9980,127,19.078217,2.0991,0.6627
BiancaGolden_CircleTurns,10.2268,65.8394,164.7868,4.4866,-25.8792,-98.8733,-0.0237,-0.7273,-0.6860,0.9980,128,19.103743,2.1023,0.6584
BiancaGolden_CircleTurns,10.8457,65.0125,164.4032,5.1041,-26.3664,-99.3020,-0.0239,-0.7227,-0.6908,0.9980,128,19.117243,2.1085,0.6501
BiancaGolden_CircleTurns,11.1597,64.6059,164.2904,5.3646,-26.6930,-99.5891,-0.0283,-0.7196,-0.6939,0.9980,128,19.129044,2.1116,0.6461
BiancaGolden_CircleTurns,11.5100,64.1643,164.2175,5.4874,-26.9454,-99.9246,-0.0323,-0.7201,-0.6931,0.9980,129,19.143562,2.1151,0.6416
BiancaGolden_CircleTurns,11.8324,63.7384,164.1567,5.7358,-26.9966,-100.1925,-0.0346,-0.7196,-0.6936,0.9980,129,19.157558,2.1183,0.6374
BiancaGolden_CircleTurns,12.1125,63.3410,164.0903,6.1597,-27.0617,-100.2652,-0.0377,-0.7170,-0.6961,0.9980,130,19.172155,2.1211,0.6334
BiancaGolden_CircleTurns,12.4176,62.9520,164.0805,6.5842,-27.2134,-100.3714,-0.0379,-0.7175,-0.6956,0.9980,130,19.186991,2.1242,0.6295
BiancaGolden_CircleTurns,12.6731,62.6507,164.0355,7.1506,-27.5300,-100.4748,-0.0460,-0.7115,-0.7012,0.9980,131,19.213484,2.1267,0.6265
BiancaGolden_CircleTurns,13.2515,61.9435,163.8690,7.9283,-27.9043,-100.8909,-0.0508,-0.7099,-0.7025,0.9980,131,19.226484,2.1325,0.6194
BiancaGolden_CircleTurns,13.4982,61.6237,163.7840,8.2554,-27.9797,-101.0786,-0.0522,-0.7115,-0.7007,0.9980,132,19.239189,2.1350,0.6162
BiancaGolden_CircleTurns,13.4738,61.6746,163.7649,8.2087,-27.8414,-101.1811,-0.0592,-0.7110,-0.7007,0.9980,132,19.251234,2.1347,0.6167
BiancaGolden_CircleTurns,13.7255,61.3765,163.6711,8.5588,-27.8947,-101.5657,-0.0630,-0.7123,-0.6990,0.9980,132,19.266087,2.1373,0.6138
BiancaGolden_CircleTurns,13.9608,61.1093,163.5082,8.9961,-27.8078,-102.0827,-0.0770,-0.7135,-0.6964,0.9980,133,19.291679,2.1396,0.6111
BiancaGolden_CircleTurns,14.5071,60.4850,163.2406,9.7897,-27.6706,-102.9196,-0.0838,-0.7155,-0.6935,0.9980,134,19.305468,2.1451,0.6048
BiancaGolden_CircleTurns,14.7919,60.1618,163.0986,10.1227,-27.4583,-103.4298,-0.0932,-0.7168,-0.6910,0.9980,134,19.320032,2.1479,0.6016
BiancaGolden_CircleTurns,15.0741,59.8355,162.9436,10.5235,-27.2120,-103.9726,-0.1029,-0.7174,-0.6891,0.9980,134,19.332754,2.1507,0.5984
BiancaGolden_CircleTurns,15.3616,59.5196,162.7645,11.0898,-27.0025,-104.4867,-0.1127,-0.7170,-0.6880,0.9980,135,19.345911,2.1536,0.5952
BiancaGolden_CircleTurns,15.6807,59.2214,162.5664,11.8293,-26.8457,-104.9169,-0.1020,-0.7172,-0.6894,0.9980,135,19.359741,2.1568,0.5922
BiancaGolden_CircleTurns,16.0764,58.9443,162.2738,12.4569,-26.6328,-105.2768,-0.1186,-0.7163,-0.6877,0.9980,136,19.385233,2.1608,0.5894
BiancaGolden_CircleTurns,16.7481,58.3615,161.8798,13.4801,-26.3856,-106.1452,-0.1272,-0.7099,-0.6927,0.9980,136,19.396862,2.1675,0.5836
BiancaGolden_CircleTurns,17.1485,58.1415,161.7160,14.2992,-26.4408,-106.5626,-0.1353,-0.7074,-0.6937,0.9980,137,19.411322,2.1715,0.5814
BiancaGolden_CircleTurns,17.5786,57.9182,161.4773,14.9661,-26.4562,-106.9605,-0.1349,-0.7075,-0.6937,0.9980,137,19.424774,2.1758,0.5792
BiancaGolden_CircleTurns,18.0287,57.6791,161.2388,15.5172,-26.3420,-107.1905,-0.0638,-0.7665,-0.6391,0.9980,138,19.439501,2.1803,0.5768
BiancaGolden_CircleTurns,18.5484,57.4749,161.0255,15.8221,-26.1436,-107.3489,-0.0692,-0.8030,-0.5920,0.9980,138,19.465075,2.1855,0.5747
BiancaGolden_CircleTurns,19.4510,57.0469,160.6082,16.9270,-25.9141,-107.9550,-0.0618,-0.8028,-0.5930,0.9980,139,19.478386,2.1945,0.5705
BiancaGolden_CircleTurns,19.9389,56.8992,160.3759,17.6193,-25.8831,-108.1543,-0.0633,-0.8004,-0.5961,0.9980,139,19.493513,2.1994,0.5690
BiancaGolden_CircleTurns,20.4732,56.7496,160.1477,18.4688,-25.9495,-108.2581,-0.0610,-0.8012,-0.5952,0.9980,140,19.506603,2.2047,0.5675
BiancaGolden_CircleTurns,21.0604,56.5331,159.9254,18.9354,-25.7264,-108.2522,-0.0669,-0.8023,-0.5932,0.9980,140,19.531433,2.2106,0.5653
BiancaGolden_CircleTurns,22.1175,56.1471,159.4584,19.9254,-25.3097,-108.4160,-0.0685,-0.8026,-0.5926,0.9980,141,19.545465,2.2212,0.5615
BiancaGolden_CircleTurns,22.6948,55.9683,159.1970,20.3914,-25.0111,-108.3805,-0.0671,-0.8021,-0.5934,0.9980,141,19.557535,2.2269,0.5597
BiancaGolden_CircleTurns,22.7364,56.0203,159.1665,20.3441,-25.0573,-108.3004,-0.0680,-0.7983,-0.5984,0.9980,142,19.571026,2.2274,0.5602
BiancaGolden_CircleTurns,23.3581,55.8982,158.9048,21.0337,-25.2121,-108.3465,-0.0717,-0.7956,-0.6015,0.9980,142,19.597792,2.2336,0.5590
BiancaGolden_CircleTurns,24.5511,55.5672,158.3784,22.2748,-25.0884,-108.4701,-0.0715,-0.7956,-0.6017,0.9980,143,19.611519,2.2455,0.5557
BiancaGolden_CircleTurns,25.1979,55.3783,158.0826,22.8891,-24.9582,-108.3888,-0.0729,-0.7965,-0.6002,0.9980,143,19.624510,2.2520,0.5538
BiancaGolden_CircleTurns,25.8506,55.1863,157.7789,23.3813,-24.7789,-108.1933,-0.0751,-0.7967,-0.5996,0.9980,144,19.637770,2.2585,0.5519
BiancaGolden_CircleTurns,26.5546,55.0536,157.4437,23.7307,-24.7120,-108.0809,-0.0848,-0.7907,-0.6063,0.9980,144,19.663525,2.2655,0.5505
BiancaGolden_CircleTurns,27.8636,54.7979,156.8048,24.7524,-24.6645,-108.2195,-0.0974,-0.7891,-0.6065,0.9980,145,19.677937,2.2786,0.5480
BiancaGolden_CircleTurns,28.4998,54.7047,156.4825,25.4675,-24.7551,-108.2517,-0.0981,-0.7900,-0.6052,0.9980,145,19.691875,2.2850,0.5470
BiancaGolden_CircleTurns,29.1693,54.6062,156.1325,26.2150,-24.7852,-108.2278,-0.0741,-0.7878,-0.6115,0.9980,146,19.705502,2.2917,0.5461
BiancaGolden_CircleTurns,29.8899,54.5147,155.8479,26.4135,-24.8358,-108.0109,-0.0459,-0.7918,-0.6090,0.9980,146,19.730873,2.2989,0.5451
BiancaGolden_CircleTurns,31.2618,54.2987,155.2429,26.9339,-24.7963,-107.7983,-0.0419,-0.7936,-0.6069,0.9980,147,19.744087,2.3126,0.5430
BiancaGolden_CircleTurns,31.9443,54.2231,154.9287,26.8070,-24.6722,-107.5110,-0.0464,-0.7957,-0.6039,0.9980,147,19.757204,2.3194,0.5422
BiancaGolden_CircleTurns,32.4637,54.2516,154.6890,27.0260,-24.7828,-107.1502,-0.0485,-0.7952,-0.6044,0.9980,148,19.784639,2.3246,0.5425
BiancaGolden_CircleTurns,33.6955,54.2013,154.1912,27.9159,-24.8712,-106.8829,-0.0590,-0.7990,-0.5985,0.9980,148,19.797035,2.3370,0.5420
BiancaGolden_CircleTurns,34.2396,54.2483,153.9756,28.2385,-24.9087,-106.6946,-0.0742,-0.7953,-0.6017,0.9980,149,19.811481,2.3424,0.5425
BiancaGolden_CircleTurns,34.6861,54.3411,153.8157,28.3544,-24.9401,-106.5872,-0.0844,-0.7933,-0.6029,0.9980,150,19.838650,2.3469,0.5434
BiancaGolden_CircleTurns,35.6883,54.3873,153.4354,29.0940,-25.0517,-106.3237,-0.0838,-0.7909,-0.6062,0.9980,150,19.852104,2.3569,0.5439
BiancaGolden_CircleTurns,36.1217,54.4324,153.2954,29.7074,-25.1936,-106.1694,-0.0983,-0.7926,-0.6018,0.9980,150,19.864077,2.3612,0.5443
BiancaGolden_CircleTurns,36.4248,54.5016,153.1504,30.3233,-25.2896,-105.9458,-0.1012,-0.7909,-0.6035,0.9980,151,19.891743,2.3642,0.5450
BiancaGolden_CircleTurns,37.2535,54.5874,152.8025,31.0964,-25.5096,-105.5039,-0.0929,-0.7888,-0.6076,0.9980,152,19.904537,2.3725,0.5459
BiancaGolden_CircleTurns,37.5176,54.7273,152.6841,31.1607,-25.7966,-104.9572,-0.1131,-0.7893,-0.6034,0.9980,152,19.930717,2.3752,0.5473
BiancaGolden_CircleTurns,37.7861,54.8017,152.5749,31.2357,-25.8821,-104.6849,-0.1139,-0.7888,-0.6040,0.9980,153,19.943865,2.3779,0.5480
BiancaGolden_CircleTurns,38.0213,54.8682,152.5123,31.5482,-26.0267,-104.3128,-0.1198,-0.7856,-0.6070,0.9980,153,19.957268,2.3802,0.5487
BiancaGolden_CircleTurns,38.1801,55.0309,152.4205,31.7236,-26.3930,-103.9790,-0.1296,-0.7853,-0.6053,0.9980,154,19.983883,2.3818,0.5503
BiancaGolden_CircleTurns,38.6206,55.2975,152.2314,31.8348,-26.8179,-103.5327,-0.1252,-0.7849,-0.6068,0.9980,154,19.998461,2.3862,0.5530
BiancaGolden_CircleTurns,38.8851,55.5089,152.1386,31.9645,-26.9152,-103.2003,-0.1265,-0.7896,-0.6005,0.9980,155,20.027679,2.3889,0.5551
BiancaGolden_CircleTurns,38.9881,55.6045,152.0739,32.2441,-26.8298,-102.9600,-0.1353,-0.7924,-0.5948,0.9980,155,20.038843,2.3899,0.5560
BiancaGolden_CircleTurns,39.1114,55.7038,151.9702,32.4093,-26.8172,-102.6520,-0.1369,-0.7869,-0.6017,0.9980,156,20.053381,2.3911,0.5570
BiancaGolden_CircleTurns,39.2282,55.8150,151.8333,32.2446,-26.9426,-102.3505,-0.1285,-0.7852,-0.6058,0.9980,156,20.077822,2.3923,0.5582
BiancaGolden_CircleTurns,39.4484,56.0397,151.6236,32.3123,-27.2338,-101.7675,-0.0541,-0.7255,-0.6861,0.9980,157,20.090897,2.3945,0.5604
BiancaGolden_CircleTurns,39.4912,56.1796,151.4756,32.4023,-27.5859,-101.4905,-0.0466,-0.6968,-0.7157,0.9980,157,20.118242,2.3949,0.5618
BiancaGolden_CircleTurns,39.6700,56.4116,151.2330,32.4837,-28.0188,-101.0104,-0.0489,-0.6871,-0.7249,0.9980,158,20.130518,2.3967,0.5641
BiancaGolden_CircleTurns,39.7298,56.5121,151.1430,32.5185,-28.2256,-100.8437,-0.0650,-0.6849,-0.7257,0.9980,158,20.146088,2.3973,0.5651
BiancaGolden_CircleTurns,39.7556,56.6235,151.0358,32.7698,-28.3517,-100.9228,-0.0673,-0.6804,-0.7298,0.9980,159,20.171787,2.3976,0.5662
BiancaGolden_CircleTurns,39.8305,56.8632,150.8208,32.9958,-28.6786,-100.6764,-0.0743,-0.6812,-0.7283,0.9980,159,20.185232,2.3983,0.5686
BiancaGolden_CircleTurns,39.8672,56.9646,150.7220,33.0859,-28.7910,-100.5098,-0.0763,-0.6799,-0.7293,0.9980,160,20.198694,2.3987,0.5696
BiancaGolden_CircleTurns,39.9054,57.1073,150.6557,33.0625,-29.0017,-100.1912,-0.0743,-0.6820,-0.7276,0.9980,160,20.211231,2.3991,0.5711
BiancaGolden_CircleTurns,39.9039,57.3054,150.6908,32.5972,-29.2877,-99.8479,-0.0679,-0.6817,-0.7284,0.9980,161,20.238022,2.3990,0.5731
BiancaGolden_CircleTurns,39.8637,57.6346,150.6529,32.3990,-29.5968,-99.4734,-0.0664,-0.6803,-0.7299,0.9980,161,20.252354,2.3986,0.5763
BiancaGolden_CircleTurns,39.7827,57.7862,150.7273,32.4296,-29.7165,-99.3559,-0.0740,-0.6838,-0.7259,0.9980,162,20.265146,2.3978,0.5779
BiancaGolden_CircleTurns,39.7554,57.7798,150.8247,32.4728,-29.6292,-99.3458,-0.0866,-0.6847,-0.7236,0.9980,162,20.278656,2.3976,0.5778
BiancaGolden_CircleTurns,39.6861,57.9496,150.9653,32.3221,-29.6419,-99.1692,-0.0925,-0.6900,-0.7179,0.9980,163,20.292261,2.3969,0.5795
BiancaGolden_CircleTurns,39.5353,58.1275,151.1896,31.9680,-29.4714,-99.0664,-0.0906,-0.6860,-0.7219,0.9980,163,20.317633,2.3954,0.5813
BiancaGolden_CircleTurns,39.2844,58.4828,151.4851,31.6841,-29.4601,-98.7659,-0.0889,-0.6865,-0.7217,0.9980,164,20.332115,2.3928,0.5848
BiancaGolden_CircleTurns,39.1165,58.6827,151.6752,31.5402,-29.4493,-98.6764,-0.0974,-0.6494,-0.7542,0.9980,164,20.345613,2.3912,0.5868
BiancaGolden_CircleTurns,38.8941,58.9293,151.9115,31.2833,-29.5757,-98.6248,-0.1042,-0.6041,-0.7900,0.9980,165,20.358515,2.3889,0.5893
BiancaGolden_CircleTurns,38.5708,59.1769,152.2684,30.7702,-29.7434,-98.7589,-0.1019,-0.5925,-0.7991,0.9980,165,20.384512,2.3857,0.5918
BiancaGolden_CircleTurns,38.0783,59.5838,152.8298,30.1451,-29.8104,-98.6405,-0.0992,-0.5940,-0.7983,0.9980,166,20.397993,2.3808,0.5958
BiancaGolden_CircleTurns,37.7266,59.7954,153.1993,29.5911,-29.7258,-98.4939,-0.0932,-0.5964,-0.7972,0.9980,166,20.412043,2.3773,0.5980
BiancaGolden_CircleTurns,37.3448,60.0381,153.6186,28.8644,-29.5807,-98.2921,-0.0845,-0.6050,-0.7918,0.9980,167,20.428001,2.3734,0.6004
BiancaGolden_CircleTurns,36.8064,60.3254,154.1577,27.8700,-29.1154,-97.9625,-0.0752,-0.6114,-0.7877,0.9980,167,20.452679,2.3681,0.6033
BiancaGolden_CircleTurns,35.8977,60.8562,155.0421,26.6702,-28.6222,-97.6308,-0.0712,-0.6156,-0.7848,0.9980,168,20.465153,2.3590,0.6086
BiancaGolden_CircleTurns,35.3118,61.1950,155.5472,26.0244,-28.3326,-97.4518,-0.0736,-0.6164,-0.7840,0.9980,168,20.477573,2.3531,0.6120
BiancaGolden_CircleTurns,34.6395,61.6301,156.1221,25.3068,-28.2300,-97.3820,-0.0696,-0.6169,-0.7840,0.9980,169,20.491640,2.3464,0.6163
BiancaGolden_CircleTurns,33.9014,62.1118,156.7048,24.5125,-28.1367,-97.4058,-0.0704,-0.6160,-0.7846,0.9980,169,20.508883,2.3390,0.6211
BiancaGolden_CircleTurns,33.0070,62.5099,157.3630,23.8279,-27.8040,-97.2839,-0.0580,-0.6271,-0.7768,0.9980,170,20.537642,2.3301,0.6251
BiancaGolden_CircleTurns,31.5207,63.2574,158.4873,22.4974,-27.1230,-96.8481,-0.0672,-0.6432,-0.7628,0.9980,170,20.547920,2.3152,0.6326
BiancaGolden_CircleTurns,30.6718,63.6626,159.0537,21.6355,-26.7407,-96.5997,-0.1175,-0.6754,-0.7281,0.9980,171,20.559732,2.3067,0.6366
BiancaGolden_CircleTurns,29.5214,64.1770,159.5861,20.1741,-26.0639,-96.4133,-0.1401,-0.6998,-0.7005,0.9980,171,20.585497,2.2952,0.6418
BiancaGolden_CircleTurns,28.4385,64.6500,160.1236,18.9784,-25.6033,-96.4660,-0.1576,-0.7099,-0.6864,0.9980,172,20.598461,2.2844,0.6465
BiancaGolden_CircleTurns,27.3411,65.1273,160.6784,18.0125,-25.2375,-96.5670,-0.1552,-0.7123,-0.6845,0.9980,172,20.612267,2.2734,0.6513
BiancaGolden_CircleTurns,26.2163,65.6091,161.1940,17.1749,-25.0100,-96.7170,-0.1534,-0.7044,-0.6930,0.9980,173,20.625490,2.2622,0.6561
BiancaGolden_CircleTurns,25.0010,66.0738,161.6917,16.3480,-24.8878,-96.9179,-0.1509,-0.7002,-0.6979,0.9980,173,20.638962,2.2500,0.6607
BiancaGolden_CircleTurns,23.7656,66.5930,162.1718,15.4359,-24.8404,-97.1071,-0.1467,-0.7005,-0.6985,0.9980,174,20.652370,2.2377,0.6659
BiancaGolden_CircleTurns,22.4880,67.1651,162.5782,14.4801,-24.8157,-97.2148,-0.1397,-0.6918,-0.7085,0.9980,174,20.667442,2.2249,0.6717
BiancaGolden_CircleTurns,21.1255,67.8398,162.8068,13.2049,-25.0466,-97.2009,-0.1275,-0.6861,-0.7162,0.9980,175,20.691542,2.2113,0.6784
BiancaGolden_CircleTurns,18.5806,68.9652,163.6142,10.9900,-25.0664,-97.2832,-0.1176,-0.6818,-0.7220,0.9980,175,20.704285,2.1858,0.6897
BiancaGolden_CircleTurns,17.2750,69.5018,164.0053,9.7514,-25.2876,-97.3842,-0.1015,-0.6764,-0.7295,0.9980,176,20.716408,2.1727,0.6950
BiancaGolden_CircleTurns,15.9167,70.1022,164.2689,8.5876,-25.4451,-97.4918,-0.0955,-0.6694,-0.7367,0.9980,176,20.730919,2.1592,0.7010
BiancaGolden_CircleTurns,14.5326,70.7545,164.5221,7.6898,-25.6520,-97.5056,-0.0892,-0.6702,-0.7368,0.9980,177,20.745277,2.1453,0.7075
BiancaGolden_CircleTurns,13.1560,71.3536,164.6492,6.9244,-25.6541,-97.3895,-0.0755,-0.6687,-0.7397,0.9980,177,20.759947,2.1316,0.7135
BiancaGolden_CircleTurns,11.8381,71.9442,164.8571,5.9108,-25.5923,-97.2401,-0.0682,-0.6673,-0.7417,0.9980,178,20.773357,2.1184,0.7194
BiancaGolden_CircleTurns,10.5241,72.5004,165.0032,4.8777,-25.6011,-97.1970,-0.0859,-0.6510,-0.7542,0.9980,178,20.788019,2.1052,0.7250
BiancaGolden_CircleTurns,9.1893,73.0758,165.1044,3.9039,-25.6484,-97.0328,-0.0784,-0.6298,-0.7728,0.9980,178,20.801779,2.0919,0.7308
BiancaGolden_CircleTurns,7.8053,73.7186,165.1567,3.4041,-25.9594,-96.5808,-0.0779,-0.6133,-0.7860,0.9980,179,20.817402,2.0781,0.7372
BiancaGolden_CircleTurns,6.4616,74.3385,165.1573,2.9593,-26.2108,-95.6729,-0.0534,-0.6148,-0.7869,0.9980,180,20.842762,2.0646,0.7434
BiancaGolden_CircleTurns,3.8151,75.4643,165.3365,1.1816,-26.1545,-94.6404,-0.0358,-0.6204,-0.7835,0.9980,180,20.855349,2.0382,0.7546
BiancaGolden_CircleTurns,2.5441,75.9283,165.3958,0.0030,-25.7639,-94.0095,-0.0346,-0.6241,-0.7806,0.9980,180,20.867701,2.0254,0.7593
BiancaGolden_CircleTurns,2.5407,75.9009,165.3566,-0.0706,-25.4975,-94.0298,-0.0270,-0.6326,-0.7740,0.9980,181,20.880732,2.0254,0.7590
BiancaGolden_CircleTurns,1.1534,76.4489,165.3650,-0.8106,-25.3701,-93.6947,-0.0294,-0.6305,-0.7756,0.9980,181,20.892933,2.0115,0.7645
BiancaGolden_CircleTurns,-0.1921,77.0317,165.3171,-1.2840,-25.4702,-93.5784,-0.0267,-0.6248,-0.7803,0.9980,182,20.907974,1.9981,0.7703
BiancaGolden_CircleTurns,-1.4427,77.5546,165.2094,-1.3437,-25.9411,-93.4980,-0.0143,-0.6171,-0.7868,0.9980,182,20.932364,1.9856,0.7755
BiancaGolden_CircleTurns,-3.8591,78.5230,165.1365,-2.3203,-26.2418,-92.9000,-0.0037,-0.6180,-0.7862,0.9980,183,20.944902,1.9614,0.7852
BiancaGolden_CircleTurns,-4.8269,78.8648,165.0210,-2.9456,-26.2745,-92.5994,0.0039,-0.6225,-0.7826,0.9980,183,20.958033,1.9517,0.7886
BiancaGolden_CircleTurns,-5.7901,79.1620,164.8688,-3.7130,-26.1124,-92.4009,0.0029,-0.6296,-0.7769,0.9980,184,20.972277,1.9421,0.7916
BiancaGolden_CircleTurns,-6.7392,79.3887,164.7203,-4.4277,-25.7877,-92.3610,0.0061,-0.6395,-0.7688,0.9980,184,20.990164,1.9326,0.7939
BiancaGolden_CircleTurns,-7.6321,79.5921,164.5777,-4.9716,-25.4240,-92.3565,0.0091,-0.6439,-0.7650,0.9980,184,21.000666,1.9237,0.7959
BiancaGolden_CircleTurns,-8.4498,79.7488,164.4722,-5.3533,-25.1096,-92.3190,0.0140,-0.6497,-0.7601,0.9980,185,21.013136,1.9155,0.7975
BiancaGolden_CircleTurns,-9.1529,79.9272,164.3596,-5.8280,-24.7006,-92.2216,0.0196,-0.6534,-0.7567,0.9980,185,21.026325,1.9085,0.7993
BiancaGolden_CircleTurns,-9.7747,80.1442,164.2408,-6.4849,-24.3960,-92.0597,0.0269,-0.6530,-0.7569,0.9980,186,21.041330,1.9023,0.8014
BiancaGolden_CircleTurns,-10.3088,80.4246,164.0636,-7.3342,-24.3625,-92.0317,0.0466,-0.6460,-0.7619,0.9980,186,21.054104,1.8969,0.8042
BiancaGolden_CircleTurns,-10.8352,80.7210,163.9223,-8.2324,-24.5656,-92.0559,0.0514,-0.6425,-0.7646,0.9980,186,21.068420,1.8916,0.8072
BiancaGolden_CircleTurns,-11.2975,81.0264,163.7755,-9.0003,-24.9903,-92.1129,0.0525,-0.6430,-0.7640,0.9980,187,21.082556,1.8870,0.8103
BiancaGolden_CircleTurns,-11.7118,81.2620,163.7294,-8.9660,-24.8819,-92.0783,0.0596,-0.6478,-0.7595,0.9980,188,21.107307,1.8829,0.8126
BiancaGolden_CircleTurns,-12.7254,81.7178,163.6112,-9.6228,-24.4175,-92.0106,0.0603,-0.6541,-0.7540,0.9980,188,21.121868,1.8727,0.8172
BiancaGolden_CircleTurns,-13.2266,81.9513,163.5559,-9.8115,-23.9499,-92.0522,0.0557,-0.6572,-0.7516,0.9980,188,21.134731,1.8677,0.8195
BiancaGolden_CircleTurns,-13.7932,82.2814,163.4227,-10.1229,-23.4550,-92.1254,0.0535,-0.6623,-0.7474,0.9980,189,21.146761,1.8621,0.8228
BiancaGolden_CircleTurns,-13.8624,82.3984,163.3316,-10.1803,-23.3193,-92.2926,0.0551,-0.6679,-0.7422,0.9980,189,21.158945,1.8614,0.8240
BiancaGolden_CircleTurns,-14.4656,82.7946,163.0830,-10.7759,-22.9782,-92.4971,0.0577,-0.6732,-0.7372,0.9980,190,21.172270,1.8553,0.8279
BiancaGolden_CircleTurns,-15.0910,83.2248,162.8284,-11.7826,-22.7368,-92.8835,0.0129,-0.6816,-0.7316,0.9980,190,21.187082,1.8491,0.8322
BiancaGolden_CircleTurns,-15.8861,83.3585,162.9993,-13.4588,-22.6556,-93.3138,-0.0066,-0.7015,-0.7126,0.9980,191,21.211578,1.8411,0.8336
BiancaGolden_CircleTurns,-17.2458,83.9587,162.7989,-15.6881,-22.0739,-93.8668,-0.0025,-0.7051,-0.7091,0.9980,191,21.222872,1.8275,0.8396
BiancaGolden_CircleTurns,-18.0789,84.4057,162.3707,-17.6766,-21.8294,-94.2828,0.0058,-0.7064,-0.7078,0.9980,191,21.237440,1.8192,0.8441
BiancaGolden_CircleTurns,-18.9918,84.7022,162.1860,-19.2454,-21.8339,-94.4801,0.0074,-0.7028,-0.7113,0.9980,192,21.250877,1.8101,0.8470
BiancaGolden_CircleTurns,-19.9001,84.8521,162.2656,-20.9137,-21.8876,-94.5336,0.0082,-0.7035,-0.7107,0.9980,192,21.263414,1.8010,0.8485
BiancaGolden_CircleTurns,-20.7400,84.9955,162.2123,-22.7127,-21.7308,-94.6613,0.0225,-0.7107,-0.7031,0.9980,193,21.278481,1.7926,0.8500
BiancaGolden_CircleTurns,-21.4503,85.1812,162.0160,-24.9510,-21.4540,-94.6397,0.0413,-0.7176,-0.6953,0.9980,193,21.291740,1.7855,0.8518
BiancaGolden_CircleTurns,-22.1457,85.3425,161.8342,-26.9773,-21.2281,-94.6576,0.0562,-0.7232,-0.6884,0.9980,194,21.305681,1.7785,0.8534
BiancaGolden_CircleTurns,-22.8131,85.4210,161.6573,-28.4490,-20.8451,-94.5765,0.0634,-0.7257,-0.6851,0.9980,194,21.318876,1.7719,0.8542
BiancaGolden_CircleTurns,-23.4901,85.3928,161.5152,-29.1849,-20.4658,-94.5474,0.0649,-0.7305,-0.6799,0.9980,194,21.332920,1.7651,0.8539
BiancaGolden_CircleTurns,-24.2026,85.3272,161.3384,-29.4615,-20.0915,-94.5482,0.0622,-0.7333,-0.6770,0.9980,195,21.347137,1.7580,0.8533
BiancaGolden_CircleTurns,-24.7824,85.2603,161.1835,-29.7317,-19.9107,-94.8852,0.0505,-0.7217,-0.6904,0.9980,195,21.360622,1.7522,0.8526
BiancaGolden_CircleTurns,-25.2362,85.2090,161.0027,-29.9590,-20.0781,-95.2363,0.0560,-0.7217,-0.6899,0.9980,196,21.387112,1.7476,0.8521
BiancaGolden_CircleTurns,-26.3101,85.2269,160.6665,-31.2311,-19.9882,-95.7182,0.0568,-0.7202,-0.6914,0.9980,196,21.399826,1.7369,0.8523
BiancaGolden_CircleTurns,-26.7633,85.1911,160.5237,-31.6928,-20.1864,-95.9305,0.0552,-0.7195,-0.6923,0.9980,197,21.412563,1.7324,0.8519
BiancaGolden_CircleTurns,-27.2051,85.1545,160.4003,-31.9808,-20.3080,-96.2271,0.0549,-0.7149,-0.6971,0.9980,197,21.424561,1.7279,0.8515
BiancaGolden_CircleTurns,-27.1009,85.1139,160.4165,-31.3358,-20.2646,-96.1958,0.0594,-0.7183,-0.6932,0.9980,197,21.437841,1.7290,0.8511
BiancaGolden_CircleTurns,-27.3202,85.0315,160.2678,-30.8173,-19.8458,-96.2651,0.0595,-0.7234,-0.6879,0.9980,198,21.464819,1.7268,0.8503
BiancaGolden_CircleTurns,-27.9567,84.9729,159.9245,-31.1643,-19.4319,-96.5141,0.0674,-0.7247,-0.6858,0.9980,199,21.478361,1.7204,0.8497
BiancaGolden_CircleTurns,-28.2299,85.0132,159.7048,-31.1955,-19.2956,-96.4967,0.0687,-0.7253,-0.6850,0.9980,199,21.492489,1.7177,0.8501
BiancaGolden_CircleTurns,-28.4949,85.0807,159.4675,-31.0866,-19.2094,-96.3173,0.0758,-0.7227,-0.6870,0.9980,200,21.508154,1.7151,0.8508
BiancaGolden_CircleTurns,-28.7215,85.1854,159.2081,-30.8801,-19.1416,-96.1051,0.0970,-0.7168,-0.6905,0.9980,200,21.519072,1.7128,0.8519
BiancaGolden_CircleTurns,-28.9630,85.3722,158.8827,-30.6177,-18.9753,-95.6979,0.1092,-0.7155,-0.6901,0.9980,201,21.543818,1.7104,0.8537
BiancaGolden_CircleTurns,-29.5633,85.5169,158.5306,-30.7591,-18.7938,-95.2955,0.1160,-0.7163,-0.6880,0.9980,201,21.557220,1.7044,0.8552
BiancaGolden_CircleTurns,-30.0261,85.5010,158.6242,-31.3465,-18.8747,-95.1875,0.1169,-0.7202,-0.6838,0.9980,201,21.570335,1.6997,0.8550
BiancaGolden_CircleTurns,-30.3702,85.5019,158.5073,-31.8115,-18.6466,-95.3687,0.1155,-0.7283,-0.6755,0.9980,202,21.584274,1.6963,0.8550
BiancaGolden_CircleTurns,-30.7180,85.5366,158.2932,-32.0972,-18.2311,-95.7550,0.1099,-0.7347,-0.6694,0.9980,202,21.597328,1.6928,0.8554
BiancaGolden_CircleTurns,-31.1677,85.5140,158.1599,-32.1860,-17.8408,-96.1688,0.1064,-0.7383,-0.6660,0.9980,203,21.611506,1.6883,0.8551
BiancaGolden_CircleTurns,-31.6532,85.4608,158.2235,-32.5657,-17.7253,-96.6947,0.1051,-0.7403,-0.6641,0.9980,203,21.625675,1.6835,0.8546
BiancaGolden_CircleTurns,-32.0423,85.3471,158.3030,-33.0357,-17.8397,-97.3349,0.1020,-0.7426,-0.6619,0.9980,204,21.651800,1.6796,0.8535
BiancaGolden_CircleTurns,-32.7776,85.2401,158.2141,-33.5845,-17.8302,-97.8771,0.1064,-0.7358,-0.6687,0.9980,204,21.664354,1.6722,0.8524
BiancaGolden_CircleTurns,-33.1459,85.1198,158.1673,-33.7712,-17.8772,-98.2117,0.1022,-0.7343,-0.6710,0.9980,205,21.677153,1.6685,0.8512
BiancaGolden_CircleTurns,-33.5857,84.9439,158.1373,-33.7209,-18.0166,-98.5164,0.1074,-0.7314,-0.6734,0.9980,205,21.689417,1.6641,0.8494
BiancaGolden_CircleTurns,-33.5782,84.8379,158.1616,-33.4885,-18.2107,-98.6990,0.1181,-0.7249,-0.6787,0.9980,205,21.704235,1.6642,0.8484
BiancaGolden_CircleTurns,-33.8457,84.6774,158.1158,-32.9233,-18.4860,-98.8920,0.1113,-0.7210,-0.6840,0.9980,206,21.730965,1.6615,0.8468
BiancaGolden_CircleTurns,-34.7479,84.2290,158.0366,-32.6169,-18.8021,-99.3794,0.1162,-0.7176,-0.6867,0.9980,207,21.743837,1.6525,0.8423
BiancaGolden_CircleTurns,-34.9493,84.0339,158.0412,-32.5893,-19.0341,-98.9386,0.1258,-0.7128,-0.6900,0.9980,207,21.758034,1.6505,0.8403
BiancaGolden_CircleTurns,-34.8988,83.9801,158.1301,-32.8886,-19.2119,-98.5592,0.1422,-0.7061,-0.6937,0.9980,207,21.770777,1.6510,0.8398
BiancaGolden_CircleTurns,-35.1184,83.7486,158.2387,-33.2409,-19.5699,-98.2657,0.1571,-0.7048,-0.6917,0.9980,208,21.783634,1.6488,0.8375
BiancaGolden_CircleTurns,-35.2780,83.5057,158.3390,-33.6035,-19.9397,-97.9646,0.1705,-0.7016,-0.6918,0.9980,208,21.796484,1.6472,0.8351
BiancaGolden_CircleTurns,-35.4320,83.2461,158.4637,-33.9364,-20.3362,-97.7535,0.1784,-0.7004,-0.6911,0.9980,209,21.811655,1.6457,0.8325
BiancaGolden_CircleTurns,-35.5865,82.8735,158.8077,-34.2262,-20.7018,-97.7834,0.1860,-0.6974,-0.6921,0.9980,209,21.834873,1.6441,0.8287
BiancaGolden_CircleTurns,-35.9459,82.1918,159.2971,-34.4676,-21.2574,-97.7130,0.1848,-0.6962,-0.6937,0.9980,210,21.847641,1.6405,0.8219
BiancaGolden_CircleTurns,-36.0900,81.7614,159.6829,-34.4227,-21.5183,-97.7161,0.1921,-0.6952,-0.6927,0.9980,210,21.861511,1.6391,0.8176
BiancaGolden_CircleTurns,-36.1463,81.3007,160.1267,-34.1688,-21.7666,-97.7093,0.1914,-0.6979,-0.6902,0.9980,211,21.876451,1.6385,0.8130
BiancaGolden_CircleTurns,-36.1988,80.8535,160.5282,-33.8861,-22.0326,-97.5879,0.1942,-0.6878,-0.6994,0.9980,211,21.888359,1.6380,0.8085
BiancaGolden_CircleTurns,-36.2161,80.3580,160.9232,-33.3980,-22.2600,-97.4927,0.1931,-0.6824,-0.7050,0.9980,211,21.903009,1.6378,0.8036
BiancaGolden_CircleTurns,-36.2705,79.8688,161.3224,-32.9811,-22.5852,-97.3917,0.1926,-0.6750,-0.7122,0.9980,212,21.916716,1.6373,0.7987
BiancaGolden_CircleTurns,-36.2951,79.3333,161.7660,-32.6905,-23.0377,-97.3627,0.1940,-0.6661,-0.7202,0.9980,212,21.929773,1.6370,0.7933
BiancaGolden_CircleTurns,-36.3330,78.7288,162.3218,-32.4172,-23.5317,-97.3216,0.1959,-0.6611,-0.7243,0.9980,213,21.944925,1.6367,0.7873
BiancaGolden_CircleTurns,-36.2899,78.1109,162.8602,-32.0610,-23.8254,-97.2917,0.2028,-0.6621,-0.7214,0.9980,213,21.958822,1.6371,0.7811
BiancaGolden_CircleTurns,-36.2193,77.3340,163.4234,-31.6083,-23.8549,-97.1645,0.2046,-0.6620,-0.7210,0.9980,214,21.972759,1.6378,0.7733
BiancaGolden_CircleTurns,-36.1779,76.5591,163.9779,-31.2583,-23.9939,-97.1144,0.2026,-0.6585,-0.7248,0.9980,214,21.989323,1.6382,0.7656
BiancaGolden_CircleTurns,-36.1018,75.7623,164.4994,-30.9404,-24.2103,-97.1331,0.1958,-0.6612,-0.7242,0.9980,214,22.000298,1.6390,0.7576
BiancaGolden_CircleTurns,-36.0099,74.9983,164.9883,-30.5110,-24.5502,-97.1216,0.1990,-0.6564,-0.7277,0.9980,215,22.014044,1.6399,0.7500
BiancaGolden_CircleTurns,-35.9003,74.2851,165.4817,-30.0397,-24.8934,-96.9674,0.2103,-0.6451,-0.7346,0.9980,215,22.028320,1.6410,0.7429
BiancaGolden_CircleTurns,-35.6972,73.5394,165.9652,-29.7081,-25.3080,-96.9151,0.2124,-0.6340,-0.7436,0.9980,216,22.054588,1.6430,0.7354
BiancaGolden_CircleTurns,-35.3719,72.0564,167.0194,-29.0351,-26.0739,-96.7729,0.2109,-0.6260,-0.7508,0.9980,216,22.067352,1.6463,0.7206
BiancaGolden_CircleTurns,-35.1168,71.3062,167.5361,-28.3629,-26.4775,-96.5500,0.2145,-0.6309,-0.7456,0.9980,217,22.080013,1.6488,0.7131
BiancaGolden_CircleTurns,-34.9823,71.3328,167.5304,-28.1144,-26.2265,-96.3252,0.2102,-0.6179,-0.7576,0.9980,217,22.104692,1.6502,0.7133
BiancaGolden_CircleTurns,-34.2652,69.0885,169.0983,-26.7796,-26.8435,-95.9763,0.2064,-0.6166,-0.7597,0.9980,218,22.119991,1.6573,0.6909
BiancaGolden_CircleTurns,-34.0218,68.4619,169.5260,-26.1550,-26.4971,-95.9708,0.2002,-0.6135,-0.7639,0.9980,219,22.145067,1.6598,0.6846
BiancaGolden_CircleTurns,-33.5454,67.0830,170.5042,-25.1732,-26.4343,-95.8636,0.1979,-0.6140,-0.7641,0.9980,219,22.158524,1.6645,0.6708
BiancaGolden_CircleTurns,-33.3022,66.4211,170.9507,-24.7352,-26.0422,-95.9423,0.1950,-0.6195,-0.7604,0.9980,219,22.171021,1.6670,0.6642
BiancaGolden_CircleTurns,-33.2819,66.5457,170.8738,-24.6070,-25.6368,-96.0732,0.2385,-0.6050,-0.7597,0.9980,220,22.185635,1.6672,0.6655
BiancaGolden_CircleTurns,-33.0423,66.0616,171.1997,-24.1176,-25.5090,-95.8499,0.2435,-0.5860,-0.7729,0.9980,221,22.210440,1.6696,0.6606
BiancaGolden_CircleTurns,-32.5440,64.9639,172.1180,-23.3292,-25.7362,-95.5380,0.2550,-0.5600,-0.7883,0.9980,221,22.223572,1.6746,0.6496
BiancaGolden_CircleTurns,-32.3870,64.6111,172.7000,-23.2522,-26.5188,-94.9178,0.2602,-0.5494,-0.7940,0.9980,221,22.237257,1.6761,0.6461
BiancaGolden_CircleTurns,-32.1808,64.2349,173.1965,-23.1528,-27.0880,-94.3665,0.2686,-0.5342,-0.8015,0.9980,222,22.251705,1.6782,0.6423
BiancaGolden_CircleTurns,-31.9097,63.9405,173.7335,-23.3345,-27.8146,-93.8677,0.2792,-0.5187,-0.8081,0.9980,222,22.265171,1.6809,0.6394
BiancaGolden_CircleTurns,-31.6157,63.6986,174.3013,-23.6073,-28.5896,-93.4013,0.2881,-0.5060,-0.8130,0.9980,223,22.280014,1.6838,0.6370
BiancaGolden_CircleTurns,-31.3500,63.4201,174.9325,-23.9064,-29.4285,-92.9637,0.2893,-0.5010,-0.8157,0.9980,223,22.292906,1.6865,0.6342
BiancaGolden_CircleTurns,-31.1830,63.1311,175.5289,-23.8978,-30.1207,-92.7282,0.2872,-0.4924,-0.8217,0.9980,224,22.307472,1.6882,0.6313
BiancaGolden_CircleTurns,-31.0509,62.9429,176.1356,-23.5303,-30.7476,-92.5691,0.2791,-0.4830,-0.8299,0.9980,224,22.320650,1.6895,0.6294
BiancaGolden_CircleTurns,-30.9404,62.7466,176.7136,-22.9526,-31.2834,-92.5378,0.2745,-0.4759,-0.8356,0.9980,224,22.334805,1.6906,0.6275
BiancaGolden_CircleTurns,-30.8172,62.6031,177.3792,-22.2109,-31.5699,-92.5219,0.2713,-0.4715,-0.8391,0.9980,225,22.348169,1.6918,0.6260
BiancaGolden_CircleTurns,-30.6116,62.4366,178.1341,-21.7528,-31.7305,-92.3976,0.2700,-0.4707,-0.8400,0.9980,225,22.361614,1.6939,0.6244
BiancaGolden_CircleTurns,-30.3725,62.3291,178.8724,-21.6795,-31.8960,-92.0229,0.2721,-0.4792,-0.8345,0.9980,226,22.376217,1.6963,0.6233
BiancaGolden_CircleTurns,-30.1367,62.3192,179.6036,-21.9606,-32.1926,-91.3354,0.2812,-0.4709,-0.8362,0.9980,226,22.389929,1.6986,0.6232
BiancaGolden_CircleTurns,-29.9437,62.3860,180.2972,-22.2679,-32.6060,-90.5006,0.2818,-0.4771,-0.8324,0.9980,226,22.404249,1.7006,0.6239
BiancaGolden_CircleTurns,-29.7759,62.4299,181.0177,-22.3512,-32.9510,-89.9333,0.2848,-0.4721,-0.8342,0.9980,227,22.417871,1.7022,0.6243
BiancaGolden_CircleTurns,-29.7244,62.4732,181.8266,-22.2632,-33.1361,-89.5323,0.2832,-0.4717,-0.8350,0.9980,227,22.431009,1.7028,0.6247
BiancaGolden_CircleTurns,-29.6973,62.4821,182.6498,-21.9139,-32.9651,-89.1698,0.2796,-0.4817,-0.8305,0.9980,228,22.446430,1.7030,0.6248
BiancaGolden_CircleTurns,-29.6165,62.5517,183.4620,-21.6093,-32.7277,-88.8557,0.2755,-0.4825,-0.8314,0.9980,228,22.460234,1.7038,0.6255
BiancaGolden_CircleTurns,-29.5063,62.6761,184.2791,-21.5389,-32.6419,-88.4939,0.2789,-0.4774,-0.8332,0.9980,229,22.473637,1.7049,0.6268
BiancaGolden_CircleTurns,-29.3860,62.8540,185.1186,-21.5069,-32.7144,-88.1509,0.2804,-0.4752,-0.8340,0.9980,229,22.490946,1.7061,0.6285
BiancaGolden_CircleTurns,-29.4119,62.9465,185.1473,-21.6288,-32.8221,-88.0436,0.2843,-0.4690,-0.8362,0.9980,229,22.499531,1.7059,0.6295
BiancaGolden_CircleTurns,-29.3387,63.1600,185.9902,-21.6122,-33.0950,-87.5542,0.2823,-0.4529,-0.8457,0.9980,230,22.512747,1.7066,0.6316
BiancaGolden_CircleTurns,-29.2645,63.3991,186.8432,-21.5602,-33.3060,-87.2434,0.2793,-0.4319,-0.8576,0.9980,230,22.525904,1.7074,0.6340
BiancaGolden_CircleTurns,-29.2266,63.6431,187.7176,-21.5787,-33.3536,-87.0193,0.2817,-0.4267,-0.8594,0.9980,231,22.541725,1.7077,0.6364
BiancaGolden_CircleTurns,-29.2089,63.9158,188.6071,-21.6344,-33.4589,-86.8434,0.2837,-0.4236,-0.8603,0.9980,231,22.553299,1.7079,0.6392
BiancaGolden_CircleTurns,-29.2056,64.2320,189.5146,-21.7120,-33.6096,-86.6478,0.2822,-0.4172,-0.8639,0.9980,231,22.566187,1.7079,0.6423
BiancaGolden_CircleTurns,-29.1965,64.6455,190.4572,-21.7779,-33.9648,-86.4725,0.2774,-0.4102,-0.8688,0.9980,232,22.581728,1.7080,0.6465
BiancaGolden_CircleTurns,-29.2232,65.1715,191.4475,-21.7528,-34.4300,-86.5160,0.2687,-0.4088,-0.8722,0.9980,233,22.606827,1.7078,0.6517
BiancaGolden_CircleTurns,-29.2451,65.9881,193.3497,-21.7746,-34.9200,-86.2347,0.2680,-0.4051,-0.8741,0.9980,233,22.621212,1.7075,0.6599
BiancaGolden_CircleTurns,-29.2323,66.4520,194.2929,-21.7279,-35.1246,-86.1198,0.2673,-0.4032,-0.8752,0.9980,233,22.635252,1.7077,0.6645
BiancaGolden_CircleTurns,-29.2117,66.9824,195.2056,-21.7702,-35.2869,-85.8335,0.2575,-0.4117,-0.8742,0.9980,234,22.647844,1.7079,0.6698
BiancaGolden_CircleTurns,-29.2038,67.5305,196.1385,-21.7137,-35.1054,-85.5949,0.2549,-0.4190,-0.8715,0.9980,234,22.660467,1.7080,0.6753
BiancaGolden_CircleTurns,-29.2734,67.9015,197.1226,-21.5035,-34.6560,-85.7795,0.2470,-0.4332,-0.8668,0.9980,235,22.674362,1.7073,0.6790
BiancaGolden_CircleTurns,-29.4121,68.2295,198.1709,-21.1191,-33.8667,-86.2186,0.2391,-0.4446,-0.8632,0.9980,235,22.687305,1.7059,0.6823
BiancaGolden_CircleTurns,-29.4845,68.6465,199.1510,-20.6773,-33.2815,-86.8143,0.2290,-0.4545,-0.8608,0.9980,235,22.700962,1.7052,0.6865
BiancaGolden_CircleTurns,-29.5076,69.2226,200.0271,-20.3345,-33.0041,-87.0718,0.2265,-0.4472,-0.8653,0.9980,236,22.713564,1.7049,0.6922
BiancaGolden_CircleTurns,-29.4895,69.8973,200.7913,-19.9298,-33.0927,-87.1497,0.2260,-0.4365,-0.8708,0.9980,236,22.725973,1.7051,0.6990
BiancaGolden_CircleTurns,-29.4554,70.5779,201.4519,-19.5380,-33.3232,-86.9690,0.2250,-0.4277,-0.8755,0.9980,237,22.741436,1.7054,0.7058
BiancaGolden_CircleTurns,-29.3934,71.2799,202.0581,-19.1476,-33.7741,-86.6067,0.2265,-0.4168,-0.8803,0.9980,237,22.753809,1.7061,0.7128
BiancaGolden_CircleTurns,-29.3378,71.9867,202.7252,-18.9051,-34.2383,-86.1724,0.2367,-0.4051,-0.8831,0.9980,237,22.767937,1.7066,0.7199
BiancaGolden_CircleTurns,-29.3352,72.7112,203.4941,-18.8138,-35.0050,-85.5041,0.2354,-0.4020,-0.8849,0.9980,238,22.781048,1.7066,0.7271
BiancaGolden_CircleTurns,-29.3843,73.2819,204.2640,-18.5364,-35.2670,-85.2629,0.2620,-0.4630,-0.8468,0.9980,238,22.793791,1.7062,0.7328
BiancaGolden_CircleTurns,-29.5178,73.7559,205.0204,-18.0223,-34.9889,-85.1788,0.2762,-0.5270,-0.8038,0.9980,239,22.808535,1.7048,0.7376
BiancaGolden_CircleTurns,-29.6674,74.0959,205.7535,-17.2281,-34.2600,-85.2778,0.2714,-0.5410,-0.7961,0.9980,239,22.821787,1.7033,0.7410
BiancaGolden_CircleTurns,-29.7911,74.4082,206.4223,-16.4953,-33.3158,-85.3761,0.2880,-0.5937,-0.7514,0.9980,239,22.837173,1.7021,0.7441
BiancaGolden_CircleTurns,-29.8753,74.7956,206.9670,-16.0738,-32.3563,-85.3128,0.2977,-0.6255,-0.7212,0.9980,240,22.849758,1.7012,0.7480
BiancaGolden_CircleTurns,-29.9242,75.2586,207.3391,-15.9096,-31.7309,-85.1030,0.3007,-0.6327,-0.7137,0.9980,240,22.862915,1.7008,0.7526
BiancaGolden_CircleTurns,-30.0144,75.6894,207.6544,-15.8828,-31.3526,-84.7428,0.3014,-0.6320,-0.7139,0.9980,241,22.877317,1.6999,0.7569
BiancaGolden_CircleTurns,-30.1283,76.0654,207.9322,-15.9293,-31.2062,-84.2901,0.3077,-0.6296,-0.7134,0.9980,241,22.889616,1.6987,0.7607
BiancaGolden_CircleTurns,-30.2958,76.3899,208.1739,-15.9868,-31.1895,-83.7416,0.3115,-0.6232,-0.7173,0.9980,241,22.902622,1.6970,0.7639
BiancaGolden_CircleTurns,-30.3875,76.3735,208.0999,-16.1405,-31.5851,-83.4135,0.3181,-0.6130,-0.7232,0.9980,242,22.914778,1.6961,0.7637
BiancaGolden_CircleTurns,-30.6107,76.8131,208.3354,-16.0272,-32.0637,-82.6825,0.3246,-0.6008,-0.7305,0.9980,242,22.926935,1.6939,0.7681
BiancaGolden_CircleTurns,-30.8402,77.3001,208.4838,-15.9928,-32.6642,-81.9975,0.3169,-0.5822,-0.7487,0.9980,243,22.941574,1.6916,0.7730
BiancaGolden_CircleTurns,-31.1172,77.7150,208.5512,-15.8192,-33.1292,-81.3955,0.3181,-0.5782,-0.7513,0.9980,243,22.954903,1.6888,0.7772
BiancaGolden_CircleTurns,-31.4305,78.0131,208.6738,-15.6105,-33.3308,-81.0915,0.3161,-0.5827,-0.7487,0.9980,243,22.969276,1.6857,0.7801
BiancaGolden_CircleTurns,-31.7627,78.1859,208.8427,-15.2434,-33.1445,-81.0181,0.3103,-0.5924,-0.7435,0.9980,244,22.986450,1.6824,0.7819
BiancaGolden_CircleTurns,-32.0671,78.3413,209.0216,-15.0034,-32.7798,-81.0541,0.3097,-0.6005,-0.7373,0.9980,244,22.994999,1.6793,0.7834
BiancaGolden_CircleTurns,-32.3408,78.4737,209.1513,-14.8344,-32.1742,-81.1437,0.3008,-0.6146,-0.7292,0.9980,245,23.008924,1.6766,0.7847
BiancaGolden_CircleTurns,-32.6104,78.5670,209.3732,-14.7968,-31.7713,-81.3400,0.2995,-0.6248,-0.7211,0.9980,245,23.021414,1.6739,0.7857
BiancaGolden_CircleTurns,-32.9429,78.6295,209.6282,-14.6070,-31.4262,-81.3305,0.2929,-0.6296,-0.7196,0.9980,245,23.035858,1.6706,0.7863
BiancaGolden_CircleTurns,-33.2688,78.6527,209.9271,-14.0959,-31.1960,-81.3044,0.2913,-0.6324,-0.7178,0.9980,246,23.049257,1.6673,0.7865
BiancaGolden_CircleTurns,-33.5910,78.5869,210.2934,-13.5574,-31.1900,-81.0723,0.2858,-0.6364,-0.7164,0.9980,246,23.062361,1.6641,0.7859
BiancaGolden_CircleTurns,-33.7992,78.5548,210.4969,-13.1356,-30.8915,-80.9462,0.2875,-0.6349,-0.7171,0.9980,247,23.077490,1.6620,0.7855
BiancaGolden_CircleTurns,-33.9530,78.7851,210.6085,-13.1262,-30.9484,-80.7813,0.2895,-0.6300,-0.7206,0.9980,247,23.090860,1.6605,0.7879
BiancaGolden_CircleTurns,-34.0328,78.9481,210.7420,-13.6402,-31.3696,-80.7509,0.2900,-0.6260,-0.7239,0.9980,248,23.105465,1.6597,0.7895
BiancaGolden_CircleTurns,-34.1306,78.9932,210.9944,-14.2354,-31.7682,-80.9073,0.2896,-0.6163,-0.7323,0.9980,248,23.118822,1.6587,0.7899
BiancaGolden_CircleTurns,-34.2648,79.0295,211.3059,-14.4108,-32.0227,-81.0559,0.2820,-0.6045,-0.7450,0.9980,248,23.134275,1.6574,0.7903
BiancaGolden_CircleTurns,-34.3550,79.0737,211.5930,-14.2006,-32.2187,-81.1915,0.2785,-0.6019,-0.7484,0.9980,249,23.147224,1.6564,0.7907
BiancaGolden_CircleTurns,-34.3828,79.2055,211.8319,-13.7552,-32.3887,-81.2686,0.2762,-0.6000,-0.7508,0.9980,249,23.160522,1.6562,0.7921
BiancaGolden_CircleTurns,-34.3402,79.3641,212.0232,-13.3537,-32.4699,-81.2778,0.2746,-0.5992,-0.7521,0.9980,250,23.175690,1.6566,0.7936
BiancaGolden_CircleTurns,-34.2732,79.4926,212.2269,-13.0648,-32.5138,-81.2759,0.2694,-0.6009,-0.7526,0.9980,250,23.189156,1.6573,0.7949
BiancaGolden_CircleTurns,-34.1684,79.5563,212.4437,-12.8012,-32.4225,-81.3905,0.2661,-0.6088,-0.7474,0.9980,250,23.204432,1.6583,0.7956
BiancaGolden_CircleTurns,-34.0612,79.6537,212.6655,-12.5051,-32.3118,-81.5050,0.2636,-0.6086,-0.7485,0.9980,251,23.217707,1.6594,0.7965
BiancaGolden_CircleTurns,-33.8681,79.8072,212.8578,-12.2740,-32.3719,-81.6502,0.2597,-0.6125,-0.7466,0.9980,251,23.229887,1.6613,0.7981
BiancaGolden_CircleTurns,-33.6530,79.9773,213.0184,-12.0763,-32.4507,-81.8502,0.2565,-0.6134,-0.7469,0.9980,252,23.245590,1.6635,0.7998
BiancaGolden_CircleTurns,-33.3601,80.1857,213.1182,-11.8576,-32.4301,-82.0719,0.2557,-0.6168,-0.7444,0.9980,252,23.258936,1.6664,0.8019
BiancaGolden_CircleTurns,-33.0102,80.3611,213.1857,-11.5506,-32.2324,-82.4098,0.2527,-0.6129,-0.7487,0.9980,253,23.273529,1.6699,0.8036
BiancaGolden_CircleTurns,-32.6525,80.5406,213.2678,-11.2626,-31.9895,-82.7442,0.2494,-0.6160,-0.7472,0.9980,253,23.287224,1.6735,0.8054
BiancaGolden_CircleTurns,-32.2122,80.7100,213.3576,-10.9632,-31.7483,-83.0984,0.2465,-0.6185,-0.7461,0.9980,253,23.301994,1.6779,0.8071
BiancaGolden_CircleTurns,-31.7138,80.9202,213.4319,-10.6802,-31.6353,-83.3725,0.2432,-0.6194,-0.7465,0.9980,254,23.315687,1.6829,0.8092
BiancaGolden_CircleTurns,-31.1661,81.1580,213.4778,-10.4545,-31.6066,-83.5713,0.2428,-0.6196,-0.7464,0.9980,254,23.328089,1.6883,0.8116
BiancaGolden_CircleTurns,-30.5523,81.4081,213.5011,-10.2671,-31.5979,-83.7323,0.2430,-0.6137,-0.7512,0.9980,255,23.343693,1.6945,0.8141
BiancaGolden_CircleTurns,-29.8791,81.6942,213.4890,-10.0104,-31.5809,-83.8487,0.2403,-0.6123,-0.7533,0.9980,255,23.356802,1.7012,0.8169
BiancaGolden_CircleTurns,-29.1757,81.9372,213.5156,-9.6995,-31.6085,-83.9434,0.2387,-0.6113,-0.7546,0.9980,255,23.371080,1.7082,0.8194
BiancaGolden_CircleTurns,-28.4636,82.1848,213.5330,-9.3290,-31.5881,-84.0685,0.2346,-0.6087,-0.7579,0.9980,256,23.385193,1.7154,0.8218
BiancaGolden_CircleTurns,-27.6937,82.4724,213.4784,-8.9189,-31.5106,-84.1390,0.2315,-0.6089,-0.7587,0.9980,256,23.398241,1.7231,0.8247
BiancaGolden_CircleTurns,-26.8946,82.7757,213.3968,-8.5535,-31.3948,-84.2593,0.2292,-0.6099,-0.7586,0.9980,257,23.413456,1.7311,0.8278
BiancaGolden_CircleTurns,-26.0801,83.0873,213.3307,-8.2811,-31.3202,-84.3522,0.2202,-0.6116,-0.7599,0.9980,257,23.427023,1.7392,0.8309
BiancaGolden_CircleTurns,-25.2251,83.3777,213.2627,-8.1042,-31.2809,-84.5265,0.2162,-0.6119,-0.7608,0.9980,258,23.441113,1.7477,0.8338
BiancaGolden_CircleTurns,-24.3839,83.6663,213.2151,-8.0084,-31.2975,-84.6516,0.2137,-0.6121,-0.7614,0.9980,258,23.454987,1.7562,0.8367
BiancaGolden_CircleTurns,-23.4965,83.9642,213.1303,-7.9985,-31.3542,-84.8651,0.2095,-0.6093,-0.7647,0.9980,258,23.469093,1.7650,0.8396
BiancaGolden_CircleTurns,-22.6280,84.3036,213.0310,-7.9698,-31.4591,-85.0546,0.2061,-0.6119,-0.7636,0.9980,259,23.487883,1.7737,0.8430
BiancaGolden_CircleTurns,-21.7137,84.6420,212.9163,-8.0297,-31.6850,-85.2855,0.2044,-0.6097,-0.7659,0.9980,259,23.496378,1.7829,0.8464
BiancaGolden_CircleTurns,-20.8234,84.9388,212.8626,-8.0863,-31.9059,-85.4565,0.2027,-0.6066,-0.7688,0.9980,260,23.511070,1.7918,0.8494
BiancaGolden_CircleTurns,-19.9393,85.2001,212.8534,-8.1446,-32.1686,-85.6063,0.2372,-0.5902,-0.7716,0.9980,260,23.524200,1.8006,0.8520
BiancaGolden_CircleTurns,-19.0552,85.4305,212.8609,-8.2331,-32.4216,-85.8564,0.2395,-0.5812,-0.7777,0.9980,260,23.537868,1.8094,0.8543
BiancaGolden_CircleTurns,-18.2172,85.6397,212.8685,-8.3835,-32.7289,-86.1342,0.2358,-0.5780,-0.7812,0.9980,261,23.550716,1.8178,0.8564
BiancaGolden_CircleTurns,-17.4027,85.8189,212.9055,-8.4989,-33.0982,-86.5314,0.2319,-0.5697,-0.7884,0.9980,261,23.564222,1.8260,0.8582
BiancaGolden_CircleTurns,-16.6570,85.9711,212.9737,-8.5429,-33.5163,-86.9420,0.2265,-0.5659,-0.7927,0.9980,262,23.579315,1.8334,0.8597
BiancaGolden_CircleTurns,-15.9415,86.1096,213.0758,-8.4332,-33.9118,-87.3979,0.2223,-0.5647,-0.7948,0.9980,262,23.593004,1.8406,0.8611
BiancaGolden_CircleTurns,-15.2345,86.2455,213.2043,-8.2950,-34.2952,-87.8148,0.2178,-0.5631,-0.7972,0.9980,263,23.607719,1.8477,0.8625
BiancaGolden_CircleTurns,-14.5804,86.3785,213.3071,-8.0845,-34.6729,-88.1681,0.2097,-0.5664,-0.7970,0.9980,263,23.621214,1.8542,0.8638
BiancaGolden_CircleTurns,-13.9439,86.4824,213.4041,-7.9087,-35.0881,-88.5648,0.2052,-0.5646,-0.7995,0.9980,263,23.635689,1.8606,0.8648
BiancaGolden_CircleTurns,-13.3740,86.5800,213.4925,-7.7344,-35.5523,-88.8638,0.2004,-0.5570,-0.8060,0.9980,264,23.649494,1.8663,0.8658
BiancaGolden_CircleTurns,-12.8806,86.6281,213.6015,-7.4377,-36.1309,-89.1673,0.1984,-0.5495,-0.8116,0.9980,264,23.662657,1.8712,0.8663
BiancaGolden_CircleTurns,-12.4010,86.6801,213.6986,-7.1767,-36.6683,-89.4146,0.1947,-0.5455,-0.8152,0.9980,265,23.678066,1.8760,0.8668
BiancaGolden_CircleTurns,-11.9843,86.7316,213.8067,-6.9040,-37.2481,-89.5876,0.1931,-0.5400,-0.8193,0.9980,265,23.691675,1.8802,0.8673
BiancaGolden_CircleTurns,-11.5630,86.8022,213.9347,-6.7943,-37.8440,-89.7313,0.1889,-0.5421,-0.8188,0.9980,266,23.706173,1.8844,0.8680
BiancaGolden_CircleTurns,-11.2148,86.8394,214.0684,-6.8629,-38.4373,-89.7356,0.1915,-0.5387,-0.8204,0.9980,266,23.719706,1.8879,0.8684
BiancaGolden_CircleTurns,-10.8702,86.8601,214.1939,-6.9243,-38.9294,-89.8362,0.1915,-0.5340,-0.8236,0.9980,266,23.734133,1.8913,0.8686
BiancaGolden_CircleTurns,-10.5683,86.8704,214.2717,-7.0913,-39.3085,-89.9290,0.1856,-0.5362,-0.8234,0.9980,267,23.747734,1.8943,0.8687
BiancaGolden_CircleTurns,-10.2822,86.8947,214.3136,-7.2279,-39.6368,-90.0908,0.1527,-0.5337,-0.8317,0.9980,267,23.760921,1.8972,0.8689
BiancaGolden_CircleTurns,-10.0415,86.9211,214.3474,-7.3513,-39.9386,-90.2523,0.1352,-0.5318,-0.8360,0.9980,268,23.776236,1.8996,0.8692
BiancaGolden_CircleTurns,-9.8314,86.9282,214.4021,-7.4715,-40.1035,-90.3478,0.1318,-0.5347,-0.8347,0.9980,268,23.790037,1.9017,0.8693
BiancaGolden_CircleTurns,-9.6506,86.8693,214.4418,-7.5355,-40.0921,-90.4870,0.1297,-0.5450,-0.8284,0.9980,268,23.804697,1.9035,0.8687
BiancaGolden_CircleTurns,-9.4802,86.8178,214.4641,-7.5967,-39.9929,-90.6049,0.1294,-0.5467,-0.8273,0.9980,269,23.818041,1.9052,0.8682
BiancaGolden_CircleTurns,-9.3329,86.7828,214.4563,-7.6993,-39.8994,-90.6879,0.1312,-0.5503,-0.8246,0.9980,269,23.830738,1.9067,0.8678
BiancaGolden_CircleTurns,-9.2040,86.7518,214.4195,-7.7433,-39.7836,-90.7653,0.1310,-0.5542,-0.8220,0.9980,270,23.846294,1.9080,0.8675
BiancaGolden_CircleTurns,-9.1198,86.7450,214.3639,-7.7386,-39.6672,-90.7831,0.1301,-0.5592,-0.8188,0.9980,270,23.859724,1.9088,0.8675
BiancaGolden_CircleTurns,-9.0410,86.7370,214.3271,-7.7948,-39.6821,-90.7625,0.1312,-0.5617,-0.8169,0.9980,271,23.873837,1.9096,0.8674
BiancaGolden_CircleTurns,-8.9827,86.7160,214.2560,-7.8721,-39.7013,-90.7415,0.1253,-0.5627,-0.8171,0.9980,271,23.887291,1.9102,0.8672
BiancaGolden_CircleTurns,-8.9442,86.7023,214.1733,-8.0030,-39.7613,-90.6872,0.1269,-0.5612,-0.8179,0.9980,271,23.901018,1.9106,0.8670
BiancaGolden_CircleTurns,-8.9182,86.7085,214.0698,-8.1374,-39.8478,-90.6098,0.1286,-0.5590,-0.8191,0.9980,272,23.913597,1.9108,0.8671
BiancaGolden_CircleTurns,-8.9122,86.7317,213.9565,-8.3435,-40.0263,-90.5157,0.1314,-0.5578,-0.8195,0.9980,272,23.926090,1.9109,0.8673
BiancaGolden_CircleTurns,-8.9262,86.7485,213.8441,-8.4601,-40.2139,-90.3536,0.1338,-0.5549,-0.8211,0.9980,273,23.940788,1.9107,0.8675
BiancaGolden_CircleTurns,-8.9680,86.7520,213.7313,-8.4649,-40.3198,-90.1183,0.1344,-0.5525,-0.8226,0.9980,273,23.954016,1.9103,0.8675
BiancaGolden_CircleTurns,-9.0183,86.7536,213.6064,-8.4567,-40.3673,-89.8287,0.1384,-0.5520,-0.8223,0.9980,273,23.968925,1.9098,0.8675
BiancaGolden_CircleTurns,-9.0933,86.7395,213.4853,-8.4962,-40.3360,-89.4365,0.1420,-0.5529,-0.8210,0.9980,274,23.986227,1.9091,0.8674
BiancaGolden_CircleTurns,-9.1927,86.7613,213.3561,-8.6046,-40.2697,-88.9421,0.1473,-0.5528,-0.8202,0.9980,274,23.996058,1.9081,0.8676
BiancaGolden_CircleTurns,-9.2818,86.8089,213.2182,-8.7814,-40.2244,-88.5133,0.1506,-0.5553,-0.8179,0.9980,275,24.010527,1.9072,0.8681
BiancaGolden_CircleTurns,-9.4133,86.8800,213.1055,-9.0205,-40.2271,-88.0518,0.1566,-0.5532,-0.8182,0.9980,275,24.025339,1.9059,0.8688
BiancaGolden_CircleTurns,-9.5790,86.9181,213.0676,-9.2784,-40.3175,-87.5317,0.1591,-0.5497,-0.8200,0.9980,276,24.039646,1.9042,0.8692
BiancaGolden_CircleTurns,-9.7555,86.9880,213.0175,-9.5073,-40.4807,-87.0370,0.1644,-0.5442,-0.8227,0.9980,276,24.052498,1.9024,0.8699
BiancaGolden_CircleTurns,-9.9408,86.9935,213.0653,-9.8139,-40.8049,-86.6031,0.1646,-0.5410,-0.8248,0.9980,276,24.069704,1.9006,0.8699
BiancaGolden_CircleTurns,-10.1494,86.9406,213.1817,-10.2377,-41.0881,-86.1433,0.1697,-0.5382,-0.8255,0.9980,277,24.080767,1.8985,0.8694
BiancaGolden_CircleTurns,-10.3653,87.0042,213.1978,-10.6056,-41.2395,-85.7414,0.1697,-0.5406,-0.8240,0.9980,277,24.093538,1.8963,0.8700
BiancaGolden_CircleTurns,-10.5901,87.1263,213.0770,-11.0175,-41.1334,-85.2449,0.1719,-0.5450,-0.8207,0.9980,278,24.109566,1.8941,0.8713
BiancaGolden_CircleTurns,-10.7829,87.2940,212.9559,-11.4905,-40.9044,-84.9734,0.1712,-0.5582,-0.8118,0.9980,278,24.122311,1.8922,0.8729
BiancaGolden_CircleTurns,-10.9938,87.4837,212.8288,-12.0746,-40.6567,-84.8212,0.1745,-0.5592,-0.8105,0.9980,278,24.137335,1.8901,0.8748
BiancaGolden_CircleTurns,-11.2057,87.6271,212.7851,-12.6552,-40.6149,-84.7511,0.1695,-0.5577,-0.8126,0.9980,279,24.150827,1.8879,0.8763
BiancaGolden_CircleTurns,-11.4539,87.8246,212.7700,-13.2482,-40.7503,-84.5013,0.1740,-0.5543,-0.8139,0.9980,279,24.163326,1.8855,0.8782
BiancaGolden_CircleTurns,-11.6585,88.0293,212.7521,-13.8474,-40.9788,-84.2726,0.1771,-0.5537,-0.8137,0.9980,280,24.178476,1.8834,0.8803
BiancaGolden_CircleTurns,-11.8365,88.2245,212.7382,-14.4139,-41.0466,-84.1915,0.1666,-0.5775,-0.7992,0.9980,280,24.192093,1.8816,0.8822
BiancaGolden_CircleTurns,-12.0216,88.4275,212.7198,-14.9093,-40.9482,-84.1318,0.1645,-0.5977,-0.7847,0.9980,281,24.206923,1.8798,0.8843
BiancaGolden_CircleTurns,-12.1570,88.6360,212.6910,-15.3189,-40.6814,-84.2194,0.1603,-0.6262,-0.7630,0.9980,281,24.220631,1.8784,0.8864
BiancaGolden_CircleTurns,-12.2753,88.8215,212.6727,-15.7335,-40.4064,-84.2746,0.1540,-0.6675,-0.7285,0.9980,281,24.235153,1.8772,0.8882
BiancaGolden_CircleTurns,-12.3734,88.9966,212.7103,-16.1670,-40.1681,-84.3667,0.1538,-0.6701,-0.7262,0.9980,282,24.248795,1.8763,0.8900
BiancaGolden_CircleTurns,-12.4491,89.1806,212.7966,-16.4548,-39.9996,-84.4559,0.1591,-0.6855,-0.7105,0.9980,282,24.261921,1.8755,0.8918
BiancaGolden_CircleTurns,-12.5233,89.3938,212.8911,-16.6330,-39.9337,-84.5367,0.1643,-0.6853,-0.7095,0.9980,283,24.277473,1.8748,0.8939
BiancaGolden_CircleTurns,-12.5626,89.6241,213.0131,-16.8177,-40.0138,-84.6299,0.1653,-0.6844,-0.7101,0.9980,283,24.291004,1.8744,0.8962
BiancaGolden_CircleTurns,-12.5535,89.8289,213.1404,-16.9818,-40.1182,-84.7915,0.1630,-0.6844,-0.7106,0.9980,284,24.305609,1.8745,0.8983
BiancaGolden_CircleTurns,-12.4996,89.9938,213.2929,-17.1421,-40.2256,-85.0935,0.1615,-0.6873,-0.7082,0.9980,284,24.319225,1.8750,0.8999
BiancaGolden_CircleTurns,-12.4529,90.1528,213.4182,-17.2239,-40.1840,-85.4152,0.1569,-0.6897,-0.7069,0.9980,284,24.333462,1.8755,0.9015
BiancaGolden_CircleTurns,-12.3725,90.2991,213.5568,-17.1096,-40.0676,-85.7961,0.1532,-0.6943,-0.7032,0.9980,285,24.347145,1.8763,0.9030
BiancaGolden_CircleTurns,-12.2513,90.4553,213.6952,-16.9006,-39.9331,-86.2496,0.1483,-0.6989,-0.6997,0.9980,285,24.360149,1.8775,0.9046
BiancaGolden_CircleTurns,-12.0815,90.6026,213.8462,-16.5565,-39.7969,-86.8209,0.1421,-0.7007,-0.6992,0.9980,286,24.375568,1.8792,0.9060
BiancaGolden_CircleTurns,-11.9016,90.7325,213.9819,-16.1586,-39.6043,-87.4016,0.1387,-0.7005,-0.7001,0.9980,286,24.388533,1.8810,0.9073
BiancaGolden_CircleTurns,-11.7197,90.8541,214.1169,-15.7344,-39.3603,-87.8949,0.1331,-0.7058,-0.6958,0.9980,286,24.402849,1.8828,0.9085
BiancaGolden_CircleTurns,-11.4787,90.9541,214.2191,-15.2045,-39.0174,-88.4921,0.1260,-0.7111,-0.6917,0.9980,287,24.416494,1.8852,0.9095
BiancaGolden_CircleTurns,-11.2095,91.0492,214.2801,-14.8229,-38.6094,-89.0146,0.1213,-0.7157,-0.6878,0.9980,287,24.429607,1.8879,0.9105
BiancaGolden_CircleTurns,-10.9180,91.1543,214.3274,-14.4862,-38.2879,-89.5054,0.1221,-0.7138,-0.6896,0.9980,288,24.445192,1.8908,0.9115
BiancaGolden_CircleTurns,-10.5845,91.2546,214.3564,-14.1889,-38.0754,-90.0421,0.1193,-0.7079,-0.6961,0.9980,288,24.458595,1.8942,0.9125
BiancaGolden_CircleTurns,-10.2374,91.3568,214.3679,-13.9777,-37.9662,-90.5546,0.1169,-0.7093,-0.6952,0.9980,289,24.473011,1.8976,0.9136
BiancaGolden_CircleTurns,-9.8791,91.4452,214.3502,-13.7766,-37.9434,-91.1004,0.1132,-0.7040,-0.7011,0.9980,289,24.490118,1.9012,0.9145
BiancaGolden_CircleTurns,-9.4758,91.5348,214.3158,-13.5735,-37.8949,-91.6684,0.1058,-0.7051,-0.7012,0.9980,289,24.501368,1.9052,0.9153
BiancaGolden_CircleTurns,-9.0484,91.6141,214.2794,-13.4096,-37.8792,-92.2396,0.1051,-0.7008,-0.7056,0.9980,290,24.514555,1.9095,0.9161
BiancaGolden_CircleTurns,-8.5707,91.6817,214.2289,-13.2400,-37.8962,-92.8008,0.1054,-0.6977,-0.7086,0.9980,290,24.527321,1.9143,0.9168
BiancaGolden_CircleTurns,-8.0855,91.7299,214.2070,-13.1742,-37.8712,-93.3201,0.1002,-0.6935,-0.7135,0.9980,291,24.541628,1.9191,0.9173
BiancaGolden_CircleTurns,-7.5457,91.8104,214.1506,-13.0458,-37.8164,-93.9181,0.1078,-0.6857,-0.7198,0.9980,291,24.555567,1.9245,0.9181
BiancaGolden_CircleTurns,-6.9665,91.9216,214.0495,-12.9786,-37.7304,-94.5231,0.1016,-0.6849,-0.7215,0.9980,291,24.569759,1.9303,0.9192
BiancaGolden_CircleTurns,-6.3671,92.0789,213.9198,-12.8600,-37.7011,-95.0809,0.0942,-0.6859,-0.7216,0.9980,292,24.583427,1.9363,0.9208
BiancaGolden_CircleTurns,-5.7524,92.1239,213.9139,-12.9160,-37.7184,-95.7118,0.0895,-0.6876,-0.7205,0.9980,292,24.596531,1.9425,0.9212
BiancaGolden_CircleTurns,-5.1079,92.1414,213.8903,-12.7689,-37.7034,-96.4280,0.0839,-0.6847,-0.7240,0.9980,293,24.612246,1.9489,0.9214
BiancaGolden_CircleTurns,-4.5321,92.1279,213.9085,-12.6400,-37.7201,-96.9520,0.0839,-0.6879,-0.7210,0.9980,293,24.625507,1.9547,0.9213
BiancaGolden_CircleTurns,-3.9479,91.9857,213.9838,-12.3504,-37.6858,-97.4960,0.0823,-0.6907,-0.7184,0.9980,294,24.640305,1.9605,0.9199
BiancaGolden_CircleTurns,-3.3417,91.8453,214.0252,-12.0428,-37.3882,-98.0391,0.0814,-0.6977,-0.7118,0.9980,294,24.653612,1.9666,0.9185
BiancaGolden_CircleTurns,-2.7356,91.6662,214.0592,-11.8242,-36.9119,-98.4963,0.0746,-0.7042,-0.7061,0.9980,294,24.668261,1.9726,0.9167
BiancaGolden_CircleTurns,-2.1100,91.4704,214.1068,-11.7980,-36.4269,-98.9705,0.0750,-0.7031,-0.7072,0.9980,295,24.681534,1.9789,0.9147
BiancaGolden_CircleTurns,-1.4556,91.2854,214.1875,-12.0965,-36.1342,-99.3621,0.0753,-0.7054,-0.7048,0.9980,295,24.694605,1.9854,0.9129
BiancaGolden_CircleTurns,-0.7556,91.1490,214.2300,-12.3898,-35.9962,-99.7941,0.0777,-0.7048,-0.7051,0.9980,296,24.710064,1.9924,0.9115
BiancaGolden_CircleTurns,-0.0199,91.1094,214.1936,-12.6383,-35.9733,-100.0561,0.0841,-0.7017,-0.7075,0.9980,296,24.723421,1.9998,0.9111
BiancaGolden_CircleTurns,0.7266,91.1191,214.1274,-12.6865,-35.9915,-100.0922,0.0916,-0.6883,-0.7196,0.9980,296,24.737757,2.0073,0.9112
BiancaGolden_CircleTurns,1.4571,91.1153,214.1163,-12.5183,-36.1357,-99.9594,0.0934,-0.6868,-0.7209,0.9980,297,24.751179,2.0146,0.9112
BiancaGolden_CircleTurns,2.1756,91.0594,214.1240,-12.3598,-36.2059,-99.7828,0.0967,-0.6860,-0.7211,0.9980,297,24.764622,2.0218,0.9106
BiancaGolden_CircleTurns,2.8834,90.9500,214.1284,-12.1420,-36.1167,-99.6566,0.1008,-0.6815,-0.7249,0.9980,298,24.780643,2.0288,0.9095
BiancaGolden_CircleTurns,3.5687,90.8207,214.1439,-11.9734,-35.8558,-99.6735,0.0984,-0.6846,-0.7222,0.9980,298,24.793653,2.0357,0.9082
BiancaGolden_CircleTurns,4.2073,90.6720,214.2125,-11.8317,-35.5553,-99.7712,0.0927,-0.6880,-0.7198,0.9980,299,24.808128,2.0421,0.9067
BiancaGolden_CircleTurns,4.8060,90.5177,214.2934,-11.6280,-35.2483,-99.9308,0.0834,-0.6914,-0.7176,0.9980,299,24.821232,2.0481,0.9052
BiancaGolden_CircleTurns,5.4384,90.4005,214.3239,-11.4146,-34.8942,-100.2043,0.0791,-0.6955,-0.7142,0.9980,299,24.836023,2.0544,0.9040
BiancaGolden_CircleTurns,6.0861,90.3258,214.2912,-11.2451,-34.5594,-100.4542,0.0729,-0.6989,-0.7115,0.9980,300,24.849257,2.0609,0.9033
BiancaGolden_CircleTurns,6.7137,90.2327,214.2639,-11.0183,-34.2112,-100.6782,0.0682,-0.7013,-0.7096,0.9980,300,24.862665,2.0671,0.9023
BiancaGolden_CircleTurns,7.3287,90.1274,214.2446,-10.7979,-33.9158,-100.8848,0.0645,-0.6957,-0.7154,0.9980,301,24.877771,2.0733,0.9013
BiancaGolden_CircleTurns,7.9232,90.0165,214.2612,-10.6392,-33.7230,-101.0317,0.0577,-0.6931,-0.7185,0.9980,301,24.891382,2.0792,0.9002
BiancaGolden_CircleTurns,8.4977,89.9463,214.2739,-10.4957,-33.7215,-101.1606,0.0573,-0.6909,-0.7207,0.9980,302,24.905523,2.0850,0.8995
BiancaGolden_CircleTurns,9.0610,89.9532,214.2332,-10.3894,-33.8448,-101.2060,0.0574,-0.6839,-0.7273,0.9980,302,24.918999,2.0906,0.8995
BiancaGolden_CircleTurns,9.6146,89.9863,214.1908,-10.2948,-34.0242,-101.2873,0.0507,-0.6725,-0.7384,0.9980,302,24.933666,2.0961,0.8999
BiancaGolden_CircleTurns,10.1290,89.9834,214.2058,-10.2550,-34.2799,-101.3622,0.0538,-0.6607,-0.7487,0.9980,303,24.946795,2.1013,0.8998
BiancaGolden_CircleTurns,10.6090,89.9392,214.2962,-10.2150,-34.4620,-101.4876,0.0520,-0.6594,-0.7500,0.9980,303,24.959829,2.1061,0.8994
BiancaGolden_CircleTurns,11.0807,89.9036,214.3735,-10.1858,-34.4744,-101.6817,0.0462,-0.6613,-0.7487,0.9980,304,24.975037,2.1108,0.8990
BiancaGolden_CircleTurns,11.5324,89.8610,214.4372,-10.1510,-34.2957,-101.9498,0.0407,-0.6659,-0.7449,0.9980,304,24.991768,2.1153,0.8986
BiancaGolden_CircleTurns,11.9792,89.8336,214.4803,-10.0343,-33.9319,-102.2957,0.0302,-0.6770,-0.7354,0.9980,304,25.003626,2.1198,0.8983
BiancaGolden_CircleTurns,12.4091,89.8229,214.5152,-9.8774,-33.5525,-102.5574,0.0220,-0.6809,-0.7320,0.9980,305,25.016268,2.1241,0.8982
BiancaGolden_CircleTurns,12.8306,89.8236,214.5573,-9.7116,-33.1854,-102.8560,0.0179,-0.6835,-0.7297,0.9980,305,25.029524,2.1283,0.8982
BiancaGolden_CircleTurns,13.2344,89.8421,214.5971,-9.6404,-32.9473,-103.1232,0.0131,-0.6832,-0.7301,0.9980,306,25.044115,2.1323,0.8984
BiancaGolden_CircleTurns,13.6309,89.8541,214.6619,-9.6032,-32.8555,-103.4167,0.0141,-0.6749,-0.7378,0.9980,306,25.057915,2.1363,0.8985
BiancaGolden_CircleTurns,13.9919,89.8891,214.7349,-9.6401,-32.8933,-103.6436,0.0094,-0.6710,-0.7414,0.9980,307,25.072287,2.1399,0.8989
BiancaGolden_CircleTurns,14.3305,89.8845,214.8446,-9.6260,-32.9597,-103.8750,0.0063,-0.6702,-0.7421,0.9980,307,25.085627,2.1433,0.8988
BiancaGolden_CircleTurns,14.6557,89.8499,214.9694,-9.5987,-33.0026,-104.1514,0.0050,-0.6654,-0.7464,0.9980,307,25.100666,2.1466,0.8985
BiancaGolden_CircleTurns,14.9390,89.7980,215.1348,-9.6091,-33.1033,-104.3974,0.0038,-0.6619,-0.7496,0.9980,308,25.114330,2.1494,0.8980
BiancaGolden_CircleTurns,15.2056,89.7225,215.2852,-9.5775,-33.1284,-104.6766,-0.0010,-0.6612,-0.7502,0.9980,308,25.129057,2.1521,0.8972
BiancaGolden_CircleTurns,15.4489,89.6570,215.4169,-9.3980,-33.0779,-104.8930,-0.0016,-0.6634,-0.7483,0.9980,309,25.142706,2.1545,0.8966
BiancaGolden_CircleTurns,15.6765,89.5823,215.5386,-9.1690,-32.9399,-105.0410,-0.0043,-0.6653,-0.7465,0.9980,309,25.155809,2.1568,0.8958
BiancaGolden_CircleTurns,15.8555,89.4927,215.6648,-8.8952,-32.7041,-105.1136,-0.0081,-0.6669,-0.7451,0.9980,309,25.170296,2.1586,0.8949
BiancaGolden_CircleTurns,16.0241,89.3707,215.8310,-8.7537,-32.4981,-105.1876,-0.0048,-0.6619,-0.7496,0.9980,310,25.183779,2.1602,0.8937
BiancaGolden_CircleTurns,16.1579,89.2179,216.0049,-8.7289,-32.3887,-105.2895,-0.0061,-0.6627,-0.7489,0.9980,310,25.197083,2.1616,0.8922
BiancaGolden_CircleTurns,16.2573,89.0638,216.1445,-8.6802,-32.2787,-105.3717,-0.0058,-0.6614,-0.7500,0.9980,311,25.212143,2.1626,0.8906
BiancaGolden_CircleTurns,16.3333,88.9207,216.2577,-8.5473,-32.1869,-105.4397,-0.0042,-0.6563,-0.7545,0.9980,311,25.226225,2.1633,0.8892
BiancaGolden_CircleTurns,16.3741,88.7779,216.3166,-8.4139,-32.1420,-105.4837,0.0014,-0.6544,-0.7561,0.9980,312,25.240925,2.1637,0.8878
BiancaGolden_CircleTurns,16.3987,88.5911,216.4040,-8.3452,-32.1544,-105.6033,0.0005,-0.6536,-0.7569,0.9980,312,25.253784,2.1640,0.8859
BiancaGolden_CircleTurns,16.3845,88.4018,216.4888,-8.3384,-32.2039,-105.6966,0.0011,-0.6490,-0.7608,0.9980,312,25.268240,2.1638,0.8840
BiancaGolden_CircleTurns,16.3500,88.2295,216.5305,-8.2694,-32.2647,-105.7789,0.0018,-0.6463,-0.7631,0.9980,313,25.281666,2.1635,0.8823
BiancaGolden_CircleTurns,16.2856,88.0778,216.5206,-8.1342,-32.3271,-105.7588,0.0073,-0.6423,-0.7664,0.9980,313,25.294733,2.1629,0.8808
BiancaGolden_CircleTurns,16.2240,87.9196,216.4970,-7.9868,-32.3849,-105.7090,0.0100,-0.6377,-0.7703,0.9980,314,25.310133,2.1622,0.8792
BiancaGolden_CircleTurns,16.1353,87.7595,216.4693,-7.9445,-32.4670,-105.6045,0.0130,-0.6342,-0.7731,0.9980,314,25.324404,2.1614,0.8776
BiancaGolden_CircleTurns,16.0321,87.5939,216.4275,-7.9753,-32.5679,-105.4894,0.0149,-0.6342,-0.7731,0.9980,314,25.338318,2.1603,0.8759
BiancaGolden_CircleTurns,15.9078,87.4192,216.3625,-8.0823,-32.5952,-105.3741,0.0152,-0.6345,-0.7727,0.9980,315,25.351418,2.1591,0.8742
BiancaGolden_CircleTurns,15.7542,87.2602,216.2751,-8.1667,-32.5812,-105.2480,0.0172,-0.6355,-0.7719,0.9980,315,25.365662,2.1575,0.8726
BiancaGolden_CircleTurns,15.5879,87.0775,216.1640,-8.2093,-32.5159,-105.1441,0.0179,-0.6363,-0.7712,0.9980,316,25.379900,2.1559,0.8708
BiancaGolden_CircleTurns,15.3846,86.9253,216.0072,-8.1786,-32.3837,-105.0125,0.0191,-0.6377,-0.7701,0.9980,316,25.393318,2.1538,0.8693
BiancaGolden_CircleTurns,15.1825,86.7818,215.8197,-8.0897,-32.2159,-104.8543,0.0200,-0.6394,-0.7686,0.9980,317,25.407568,2.1518,0.8678
BiancaGolden_CircleTurns,14.9738,86.6739,215.6161,-8.0504,-32.0513,-104.6881,0.0222,-0.6397,-0.7683,0.9980,317,25.421165,2.1497,0.8667
BiancaGolden_CircleTurns,14.7696,86.5489,215.4658,-8.1076,-32.0390,-104.5200,0.0204,-0.6365,-0.7710,0.9980,317,25.435362,2.1477,0.8655
BiancaGolden_CircleTurns,14.5593,86.4245,215.3286,-8.1560,-32.1129,-104.3899,0.0213,-0.6353,-0.7720,0.9980,318,25.449049,2.1456,0.8642
BiancaGolden_CircleTurns,14.3195,86.2852,215.3008,-8.2012,-32.4727,-104.1142,0.0275,-0.6247,-0.7804,0.9980,318,25.461813,2.1432,0.8629
BiancaGolden_CircleTurns,14.0679,86.0754,215.3741,-8.2281,-32.9943,-103.7904,0.0311,-0.6193,-0.7846,0.9980,319,25.477146,2.1407,0.8608
BiancaGolden_CircleTurns,13.8603,85.9395,215.3874,-8.2833,-33.3686,-103.4517,0.0334,-0.6155,-0.7874,0.9980,319,25.493916,2.1386,0.8594
BiancaGolden_CircleTurns,13.7475,85.9627,215.2176,-8.3006,-33.5937,-103.0958,0.0393,-0.6118,-0.7900,0.9980,320,25.505335,2.1375,0.8596
BiancaGolden_CircleTurns,13.6281,85.9925,215.0669,-8.4389,-33.8869,-102.6982,0.0412,-0.6102,-0.7912,0.9980,320,25.517878,2.1363,0.8599
BiancaGolden_CircleTurns,13.5057,85.9841,215.0112,-8.6293,-34.1062,-102.4155,0.0427,-0.6081,-0.7927,0.9980,320,25.532244,2.1351,0.8598
BiancaGolden_CircleTurns,13.3896,85.9197,215.0391,-8.8142,-34.2752,-102.3260,0.0437,-0.6103,-0.7910,0.9980,321,25.545321,2.1339,0.8592
BiancaGolden_CircleTurns,13.2628,85.8353,215.0834,-8.9833,-34.3245,-102.2318,0.0394,-0.6127,-0.7893,0.9980,321,25.558466,2.1326,0.8584
BiancaGolden_CircleTurns,13.1572,85.7313,215.1091,-9.0563,-34.2441,-102.1433,0.0319,-0.6168,-0.7865,0.9980,322,25.573652,2.1316,0.8573
BiancaGolden_CircleTurns,13.1012,85.6467,215.1359,-9.1069,-34.1043,-102.0404,0.0337,-0.6177,-0.7857,0.9980,322,25.587183,2.1310,0.8565
BiancaGolden_CircleTurns,13.0772,85.5590,215.1728,-9.2803,-34.0712,-101.9458,0.0266,-0.6206,-0.7837,0.9980,322,25.601658,2.1308,0.8556
BiancaGolden_CircleTurns,13.0507,85.4658,215.2090,-9.4744,-34.0877,-101.9043,-0.0012,-0.6510,-0.7591,0.9980,323,25.615299,2.1305,0.8547
BiancaGolden_CircleTurns,13.0566,85.3945,215.2032,-9.5498,-34.0782,-101.9020,-0.0180,-0.6873,-0.7261,0.9980,323,25.628685,2.1306,0.8539
BiancaGolden_CircleTurns,13.0876,85.3101,215.1920,-9.5096,-34.0884,-101.9457,-0.0237,-0.6847,-0.7284,0.9980,324,25.644146,2.1309,0.8531
BiancaGolden_CircleTurns,13.1335,85.2264,215.2068,-9.4394,-34.1777,-101.9327,-0.0224,-0.6833,-0.7298,0.9980,324,25.657677,2.1313,0.8523
BiancaGolden_CircleTurns,13.2218,85.1245,215.2633,-9.4237,-34.3122,-101.9345,-0.0216,-0.6822,-0.7309,0.9980,325,25.672340,2.1322,0.8512
BiancaGolden_CircleTurns,13.3363,85.0395,215.2970,-9.4903,-34.4157,-101.9119,-0.0214,-0.6842,-0.7290,0.9980,325,25.685612,2.1334,0.8504
BiancaGolden_CircleTurns,13.5054,84.9326,215.3197,-9.6378,-34.4791,-101.8618,-0.0216,-0.6861,-0.7272,0.9980,325,25.700001,2.1351,0.8493
BiancaGolden_CircleTurns,13.6798,84.8327,215.3439,-9.7866,-34.5049,-101.8492,-0.0242,-0.6836,-0.7294,0.9980,326,25.713411,2.1368,0.8483
BiancaGolden_CircleTurns,13.8654,84.7069,215.3812,-9.9067,-34.5006,-101.8477,-0.0258,-0.6853,-0.7278,0.9980,326,25.727196,2.1387,0.8471
BiancaGolden_CircleTurns,14.0660,84.5524,215.4309,-9.8741,-34.4415,-101.9364,-0.0265,-0.6860,-0.7271,0.9980,327,25.742142,2.1407,0.8455
BiancaGolden_CircleTurns,14.2856,84.3985,215.4676,-9.8055,-34.3693,-101.9662,-0.0259,-0.6845,-0.7285,0.9980,327,25.755589,2.1429,0.8440
BiancaGolden_CircleTurns,14.5562,84.2215,215.4912,-9.7687,-34.3031,-102.0334,-0.0276,-0.6868,-0.7264,0.9980,327,25.769917,2.1456,0.8422
BiancaGolden_CircleTurns,14.8380,84.0559,215.4881,-9.7868,-34.2569,-102.1059,-0.0333,-0.6857,-0.7271,0.9980,328,25.783676,2.1484,0.8406
BiancaGolden_CircleTurns,15.1333,83.8664,215.4746,-9.8051,-34.2460,-102.1954,-0.0351,-0.6858,-0.7269,0.9980,328,25.796612,2.1513,0.8387
BiancaGolden_CircleTurns,15.4143,83.6638,215.4367,-9.7796,-34.2245,-102.3282,-0.0362,-0.6862,-0.7265,0.9980,329,25.811819,2.1541,0.8366
BiancaGolden_CircleTurns,15.7309,83.4564,215.3674,-9.7257,-34.1631,-102.4690,-0.0391,-0.6873,-0.7253,0.9980,329,25.825602,2.1573,0.8346
BiancaGolden_CircleTurns,16.0671,83.2127,215.2666,-9.7118,-34.0650,-102.6845,-0.0421,-0.6888,-0.7238,0.9980,330,25.839624,2.1607,0.8321
BiancaGolden_CircleTurns,16.4363,82.9642,215.1475,-9.8360,-33.9503,-102.9451,-0.0456,-0.6884,-0.7239,0.9980,330,25.853027,2.1644,0.8296
BiancaGolden_CircleTurns,16.8190,82.7014,215.0251,-9.9915,-33.9052,-103.2943,-0.0505,-0.6871,-0.7248,0.9980,330,25.867596,2.1682,0.8270
BiancaGolden_CircleTurns,17.2195,82.4689,214.8927,-10.1434,-33.9655,-103.6509,-0.0524,-0.6811,-0.7303,0.9980,331,25.881042,2.1722,0.8247
BiancaGolden_CircleTurns,17.6782,82.2170,214.7685,-10.3102,-34.1581,-104.0593,-0.0577,-0.6764,-0.7343,0.9980,331,25.894329,2.1768,0.8222
BiancaGolden_CircleTurns,18.1702,81.9809,214.6019,-10.4519,-34.3449,-104.4269,-0.0632,-0.6752,-0.7349,0.9980,332,25.909727,2.1817,0.8198
BiancaGolden_CircleTurns,18.6821,81.7366,214.4443,-10.6056,-34.4193,-104.8755,-0.0676,-0.6755,-0.7342,0.9980,332,25.923906,2.1868,0.8174
BiancaGolden_CircleTurns,19.2478,81.4830,214.2749,-10.7360,-34.3879,-105.6692,-0.0735,-0.6724,-0.7365,0.9980,332,25.937555,2.1925,0.8148
BiancaGolden_CircleTurns,19.7886,81.1962,214.1619,-10.7882,-34.3119,-106.4147,-0.0830,-0.6707,-0.7370,0.9980,333,25.950874,2.1979,0.8120
BiancaGolden_CircleTurns,20.3528,80.8594,214.1133,-10.6293,-34.2616,-107.2067,-0.0861,-0.6658,-0.7411,0.9980,333,25.964790,2.2035,0.8086
BiancaGolden_CircleTurns,20.8685,80.4093,214.2709,-10.4858,-34.6564,-107.8329,-0.0911,-0.6609,-0.7449,0.9980,334,25.979326,2.2087,0.8041
BiancaGolden_CircleTurns,21.4105,79.7758,214.5490,-10.4516,-34.8284,-108.5167,-0.0931,-0.6656,-0.7405,0.9980,334,25.995960,2.2141,0.7978
BiancaGolden_CircleTurns,22.0748,79.2832,214.5731,-10.2785,-34.5334,-109.2743,-0.1002,-0.6671,-0.7382,0.9980,335,26.007685,2.2207,0.7928
BiancaGolden_CircleTurns,22.7175,78.9618,214.4721,-10.0163,-34.2934,-109.7205,-0.1067,-0.6691,-0.7355,0.9980,335,26.020052,2.2272,0.7896
BiancaGolden_CircleTurns,23.3806,78.6479,214.3587,-9.6570,-34.0094,-110.1310,-0.1055,-0.6668,-0.7378,0.9980,335,26.034834,2.2338,0.7865
BiancaGolden_CircleTurns,24.0356,78.3373,214.3356,-9.1829,-33.9254,-110.4778,-0.1036,-0.6646,-0.7400,0.9980,336,26.047434,2.2404,0.7834
BiancaGolden_CircleTurns,24.6307,78.0426,214.3558,-8.7539,-34.0870,-110.6558,-0.0953,-0.6637,-0.7419,0.9980,336,26.060419,2.2463,0.7804
BiancaGolden_CircleTurns,25.2387,77.7505,214.3512,-8.4695,-34.3076,-110.7867,-0.0921,-0.6545,-0.7504,0.9980,337,26.075594,2.2524,0.7775
BiancaGolden_CircleTurns,25.8569,77.4602,214.3350,-8.3799,-34.5012,-110.9486,-0.0930,-0.6535,-0.7512,0.9980,337,26.089321,2.2586,0.7746
BiancaGolden_CircleTurns,26.4313,77.1461,214.3396,-8.5864,-34.6107,-111.1407,-0.0964,-0.6544,-0.7499,0.9980,337,26.103788,2.2643,0.7715
BiancaGolden_CircleTurns,26.9746,76.8040,214.3571,-8.8067,-34.5279,-111.4274,-0.1201,-0.6495,-0.7508,0.9980,338,26.118311,2.2697,0.7680
BiancaGolden_CircleTurns,27.4724,76.4981,214.3486,-8.9103,-34.3406,-111.6875,-0.1389,-0.6686,-0.7306,0.9980,338,26.131203,2.2747,0.7650
BiancaGolden_CircleTurns,27.9722,76.2067,214.3151,-8.9165,-34.1062,-111.9585,-0.1465,-0.6693,-0.7284,0.9980,339,26.146360,2.2797,0.7621
BiancaGolden_CircleTurns,28.4525,75.9370,214.2889,-8.9481,-33.9328,-112.2498,-0.1478,-0.6687,-0.7287,0.9980,339,26.159521,2.2845,0.7594
BiancaGolden_CircleTurns,28.9198,75.6734,214.2851,-9.0607,-33.9165,-112.4230,-0.1489,-0.6671,-0.7299,0.9980,340,26.173483,2.2892,0.7567
BiancaGolden_CircleTurns,29.3786,75.4234,214.2958,-9.1562,-34.0318,-112.5905,-0.1475,-0.6624,-0.7345,0.9980,340,26.187059,2.2938,0.7542
BiancaGolden_CircleTurns,29.8145,75.1936,214.3029,-9.3125,-34.2222,-112.7431,-0.1431,-0.6602,-0.7373,0.9980,340,26.201206,2.2981,0.7519
BiancaGolden_CircleTurns,30.1893,74.9843,214.3141,-9.5028,-34.5289,-112.8555,-0.1409,-0.6516,-0.7453,0.9980,341,26.214773,2.3019,0.7498
BiancaGolden_CircleTurns,30.5226,74.7766,214.3307,-9.5758,-34.7498,-113.0387,-0.1440,-0.6525,-0.7440,0.9980,341,26.228611,2.3052,0.7478
BiancaGolden_CircleTurns,30.8267,74.5474,214.3544,-9.6493,-34.8561,-113.3146,-0.1456,-0.6512,-0.7448,0.9980,342,26.242868,2.3083,0.7455
BiancaGolden_CircleTurns,31.0827,74.3214,214.3873,-9.6818,-34.9030,-113.6575,-0.1506,-0.6496,-0.7452,0.9980,342,26.256256,2.3108,0.7432
BiancaGolden_CircleTurns,31.2937,74.1017,214.4202,-9.6101,-34.9178,-114.1052,-0.1556,-0.6486,-0.7451,0.9980,342,26.270824,2.3129,0.7410
BiancaGolden_CircleTurns,31.5002,73.9052,214.4536,-9.5559,-34.9720,-114.5037,-0.1618,-0.6433,-0.7483,0.9980,343,26.284592,2.3150,0.7391
BiancaGolden_CircleTurns,31.7093,73.7516,214.4636,-9.4226,-35.1257,-114.9507,-0.1696,-0.6399,-0.7495,0.9980,343,26.297594,2.3171,0.7375
BiancaGolden_CircleTurns,31.9175,73.6133,214.4754,-9.3374,-35.3718,-115.3785,-0.1672,-0.6322,-0.7566,0.9980,344,26.312843,2.3192,0.7361
BiancaGolden_CircleTurns,32.0925,73.4926,214.5011,-9.2472,-35.7051,-115.7727,-0.1698,-0.6273,-0.7600,0.9980,344,26.326572,2.3209,0.7349
BiancaGolden_CircleTurns,32.2545,73.3635,214.5432,-9.1095,-35.9981,-116.1506,-0.1729,-0.6228,-0.7631,0.9980,345,26.340702,2.3225,0.7336
BiancaGolden_CircleTurns,32.3657,73.2225,214.6152,-8.9875,-36.2515,-116.5352,-0.1744,-0.6186,-0.7661,0.9980,345,26.354017,2.3237,0.7322
BiancaGolden_CircleTurns,32.4456,73.0555,214.7004,-8.8523,-36.4162,-116.9129,-0.1748,-0.6154,-0.7686,0.9980,345,26.368608,2.3245,0.7306
BiancaGolden_CircleTurns,32.4929,72.8855,214.7883,-8.6848,-36.4908,-117.3050,-0.1788,-0.6139,-0.7689,0.9980,346,26.382084,2.3249,0.7289
BiancaGolden_CircleTurns,32.5126,72.7495,214.8422,-8.4893,-36.4994,-117.6771,-0.1806,-0.6149,-0.7677,0.9980,346,26.395508,2.3251,0.7275
BiancaGolden_CircleTurns,32.5475,72.6311,214.8607,-8.2763,-36.5106,-118.0746,-0.1842,-0.6128,-0.7685,0.9980,347,26.410414,2.3255,0.7263
BiancaGolden_CircleTurns,32.5645,72.5578,214.8613,-8.0872,-36.5691,-118.4600,-0.1874,-0.6102,-0.7698,0.9980,347,26.424084,2.3256,0.7256
BiancaGolden_CircleTurns,32.5614,72.4837,214.8704,-7.9501,-36.6633,-118.7743,-0.1888,-0.6082,-0.7710,0.9980,348,26.438683,2.3256,0.7248
BiancaGolden_CircleTurns,32.5263,72.3980,214.8982,-7.7973,-36.7384,-119.1394,-0.1863,-0.6108,-0.7695,0.9980,348,26.452215,2.3253,0.7240
BiancaGolden_CircleTurns,32.4819,72.3104,214.9126,-7.6786,-36.7090,-119.4552,-0.1907,-0.6109,-0.7684,0.9980,348,26.466703,2.3248,0.7231
BiancaGolden_CircleTurns,32.4040,72.2186,214.9247,-7.5433,-36.5663,-119.7574,-0.1937,-0.6096,-0.7687,0.9980,349,26.483582,2.3240,0.7222
BiancaGolden_CircleTurns,32.3133,72.1411,214.9179,-7.4682,-36.3871,-120.0162,-0.1986,-0.6111,-0.7662,0.9980,349,26.494049,2.3231,0.7214
BiancaGolden_CircleTurns,32.2151,72.0700,214.8817,-7.3798,-36.1294,-120.2951,-0.2025,-0.6123,-0.7643,0.9980,350,26.508272,2.3222,0.7207
BiancaGolden_CircleTurns,32.0935,72.0135,214.8444,-7.3081,-35.8959,-120.5395,-0.1998,-0.6175,-0.7608,0.9980,350,26.522459,2.3209,0.7201
BiancaGolden_CircleTurns,31.9760,71.9768,214.7779,-7.1967,-35.6515,-120.6979,-0.2008,-0.6196,-0.7588,0.9980,350,26.537189,2.3198,0.7198
BiancaGolden_CircleTurns,31.8704,71.9615,214.7268,-7.0736,-35.4969,-120.8946,-0.1995,-0.6219,-0.7572,0.9980,351,26.549540,2.3187,0.7196
BiancaGolden_CircleTurns,31.7963,71.9640,214.6467,-7.0127,-35.3481,-121.0832,-0.1945,-0.6145,-0.7645,0.9980,351,26.562708,2.3180,0.7196
BiancaGolden_CircleTurns,31.6857,71.9339,214.6456,-6.8882,-35.4462,-121.1594,-0.1927,-0.6113,-0.7676,0.9980,352,26.577955,2.3169,0.7193
BiancaGolden_CircleTurns,31.4800,71.7913,214.7823,-6.7673,-35.7043,-121.1224,-0.1924,-0.6105,-0.7683,0.9980,352,26.591297,2.3148,0.7179
BiancaGolden_CircleTurns,31.2743,71.6432,214.9422,-6.5260,-35.7206,-121.0382,-0.2393,-0.6089,-0.7563,0.9980,353,26.606129,2.3127,0.7164
BiancaGolden_CircleTurns,31.2265,71.7283,214.8594,-6.2664,-35.6512,-120.8793,-0.2377,-0.6091,-0.7566,0.9980,353,26.619375,2.3123,0.7173
BiancaGolden_CircleTurns,31.2245,71.8100,214.7466,-6.2792,-35.6844,-120.7601,-0.2412,-0.6138,-0.7517,0.9980,353,26.634113,2.3122,0.7181
BiancaGolden_CircleTurns,31.2232,71.8364,214.7634,-6.5103,-35.7792,-120.8167,-0.2430,-0.6162,-0.7492,0.9980,354,26.647600,2.3122,0.7184
BiancaGolden_CircleTurns,31.1603,71.7652,214.8594,-6.8417,-35.8200,-120.9139,-0.2478,-0.6169,-0.7470,0.9980,354,26.660906,2.3116,0.7177
BiancaGolden_CircleTurns,31.0665,71.6425,214.9672,-7.0830,-35.6186,-121.0498,-0.2509,-0.6219,-0.7418,0.9980,355,26.675877,2.3107,0.7164
BiancaGolden_CircleTurns,31.0067,71.5425,215.0037,-7.1961,-35.1817,-121.0954,-0.2532,-0.6253,-0.7382,0.9980,355,26.689713,2.3101,0.7154
BiancaGolden_CircleTurns,31.0047,71.4652,214.9920,-7.1982,-34.7056,-121.1089,-0.2531,-0.6296,-0.7345,0.9980,355,26.704052,2.3100,0.7147
BiancaGolden_CircleTurns,31.0704,71.4315,214.9413,-7.3270,-34.3855,-120.9947,-0.2506,-0.6289,-0.7360,0.9980,356,26.717468,2.3107,0.7143
BiancaGolden_CircleTurns,31.1653,71.3854,214.9183,-7.5314,-34.3195,-120.9544,-0.2492,-0.6284,-0.7369,0.9980,356,26.730804,2.3117,0.7139
BiancaGolden_CircleTurns,31.2207,71.3226,214.9265,-7.7282,-34.4264,-120.9365,-0.2437,-0.6247,-0.7418,0.9980,357,26.745964,2.3122,0.7132
BiancaGolden_CircleTurns,31.2802,71.2419,214.9572,-7.8529,-34.5985,-120.9153,-0.2439,-0.6231,-0.7431,0.9980,357,26.759575,2.3128,0.7124
BiancaGolden_CircleTurns,31.3451,71.1272,214.9699,-7.8184,-34.7051,-120.9891,-0.2419,-0.6194,-0.7469,0.9980,358,26.773930,2.3135,0.7113
BiancaGolden_CircleTurns,31.4269,70.9892,214.9723,-7.8854,-34.6949,-121.0880,-0.2422,-0.6138,-0.7514,0.9980,358,26.787542,2.3143,0.7099
BiancaGolden_CircleTurns,31.5265,70.8051,214.9529,-7.9872,-34.5341,-121.2836,-0.2431,-0.6123,-0.7523,0.9980,358,26.802141,2.3153,0.7081
BiancaGolden_CircleTurns,31.6455,70.6367,214.9290,-8.1244,-34.3624,-121.4385,-0.2462,-0.6134,-0.7504,0.9980,359,26.815386,2.3165,0.7064
BiancaGolden_CircleTurns,31.7755,70.4582,214.8879,-8.1407,-34.1928,-121.6199,-0.2480,-0.6134,-0.7498,0.9980,359,26.828960,2.3178,0.7046
BiancaGolden_CircleTurns,31.9231,70.3152,214.8434,-8.0935,-34.1373,-121.7411,-0.2496,-0.6122,-0.7503,0.9980,360,26.843939,2.3192,0.7032
BiancaGolden_CircleTurns,32.1082,70.1615,214.7947,-8.0382,-34.1714,-121.8899,-0.2497,-0.6093,-0.7526,0.9980,360,26.857212,2.3211,0.7016
BiancaGolden_CircleTurns,32.3089,70.0212,214.7363,-7.9818,-34.2569,-122.0313,-0.2535,-0.6064,-0.7537,0.9980,361,26.871893,2.3231,0.7002
BiancaGolden_CircleTurns,32.5427,69.8889,214.6570,-7.9129,-34.3184,-122.2198,-0.2528,-0.6049,-0.7551,0.9980,361,26.885841,2.3254,0.6989
BiancaGolden_CircleTurns,32.7883,69.7607,214.5640,-7.8756,-34.3581,-122.4094,-0.2548,-0.6027,-0.7562,0.9980,361,26.899479,2.3279,0.6976
BiancaGolden_CircleTurns,33.0489,69.6272,214.4805,-7.8423,-34.4466,-122.6435,-0.2575,-0.6012,-0.7565,0.9980,362,26.912758,2.3305,0.6963
BiancaGolden_CircleTurns,33.3176,69.4756,214.3901,-7.7408,-34.4611,-122.8812,-0.2572,-0.5960,-0.7607,0.9980,362,26.926682,2.3332,0.6948
BiancaGolden_CircleTurns,33.6098,69.3388,214.2851,-7.6726,-34.4278,-123.1107,-0.2587,-0.5944,-0.7614,0.9980,363,26.941103,2.3361,0.6934
BiancaGolden_CircleTurns,33.9460,69.1972,214.1482,-7.6659,-34.2717,-123.3444,-0.2619,-0.5963,-0.7588,0.9980,363,26.954571,2.3395,0.6920
BiancaGolden_CircleTurns,34.3286,69.0834,213.9546,-7.6876,-34.0247,-123.4965,-0.2645,-0.5984,-0.7563,0.9980,363,26.969076,2.3433,0.6908
BiancaGolden_CircleTurns,34.7404,68.9492,213.7707,-7.8371,-33.8258,-123.6487,-0.2639,-0.5990,-0.7560,0.9980,364,26.986111,2.3474,0.6895
BiancaGolden_CircleTurns,35.0594,68.7163,213.7885,-8.2544,-33.9562,-123.7383,-0.2619,-0.5964,-0.7587,0.9980,364,26.996891,2.3506,0.6872
BiancaGolden_CircleTurns,35.3613,68.4116,213.9084,-8.7278,-34.2182,-123.9359,-0.1591,-0.6498,-0.7433,0.9980,365,27.010376,2.3536,0.6841
BiancaGolden_CircleTurns,35.5802,68.0065,214.1596,-9.3963,-34.6709,-124.0034,-0.1589,-0.6507,-0.7425,0.9980,365,27.023945,2.3558,0.6801
BiancaGolden_CircleTurns,35.8535,67.6388,214.2748,-9.7783,-34.7193,-124.0971,-0.1527,-0.6531,-0.7417,0.9980,365,27.038229,2.3585,0.6764
BiancaGolden_CircleTurns,36.2475,67.3996,214.2365,-9.8110,-34.5178,-123.9982,-0.1504,-0.6534,-0.7419,0.9980,366,27.051292,2.3625,0.6740
BiancaGolden_CircleTurns,36.6193,67.1642,214.1952,-9.6455,-34.4845,-123.7448,-0.1484,-0.6517,-0.7438,0.9980,366,27.064581,2.3662,0.6716
BiancaGolden_CircleTurns,36.9334,66.9017,214.1855,-9.1723,-34.3649,-123.3785,-0.1458,-0.6517,-0.7444,0.9980,367,27.080940,2.3693,0.6690
BiancaGolden_CircleTurns,37.2492,66.6489,214.2582,-8.8783,-34.3226,-123.0600,-0.1428,-0.6507,-0.7458,0.9980,367,27.093338,2.3725,0.6665
BiancaGolden_CircleTurns,37.6179,66.4013,214.3069,-8.8393,-34.4387,-122.8637,-0.1370,-0.6470,-0.7501,0.9980,368,27.107780,2.3762,0.6640
BiancaGolden_CircleTurns,37.9964,66.1979,214.3311,-8.9959,-34.6319,-122.7431,-0.1264,-0.6383,-0.7593,0.9980,368,27.121069,2.3800,0.6620
BiancaGolden_CircleTurns,38.3538,66.0283,214.3324,-9.1278,-34.9430,-122.6162,-0.1264,-0.6368,-0.7606,0.9980,368,27.136976,2.3835,0.6603
BiancaGolden_CircleTurns,38.6972,65.8138,214.3691,-9.1706,-35.1803,-122.6794,-0.1288,-0.6331,-0.7633,0.9980,369,27.149349,2.3870,0.6581
BiancaGolden_CircleTurns,39.0031,65.5968,214.4063,-9.1390,-35.3047,-122.7772,-0.1348,-0.6306,-0.7643,0.9980,369,27.162434,2.3900,0.6560
BiancaGolden_CircleTurns,39.3448,65.3679,214.4281,-9.0973,-35.3038,-122.8763,-0.1371,-0.6313,-0.7633,0.9980,370,27.177675,2.3934,0.6537
BiancaGolden_CircleTurns,39.7090,65.1497,214.4252,-9.1026,-35.2107,-123.0182,-0.1519,-0.6292,-0.7622,0.9980,370,27.191360,2.3971,0.6515
BiancaGolden_CircleTurns,40.0920,64.9253,214.4172,-9.2106,-35.1595,-123.0920,-0.1562,-0.6251,-0.7648,0.9980,371,27.205746,2.4009,0.6493
BiancaGolden_CircleTurns,40.4773,64.6733,214.4290,-9.3154,-35.1489,-123.2066,-0.1565,-0.6254,-0.7645,0.9980,371,27.219477,2.4048,0.6467
BiancaGolden_CircleTurns,40.8814,64.4339,214.4225,-9.4680,-35.1545,-123.2651,-0.1575,-0.6220,-0.7670,0.9980,371,27.233847,2.4088,0.6443
BiancaGolden_CircleTurns,41.3053,64.1887,214.3938,-9.5238,-35.1737,-123.3483,-0.1572,-0.6219,-0.7671,0.9980,372,27.246960,2.4131,0.6419
BiancaGolden_CircleTurns,41.7465,63.9503,214.3551,-9.5171,-35.1863,-123.3322,-0.1566,-0.6205,-0.7684,0.9980,372,27.259954,2.4175,0.6395
BiancaGolden_CircleTurns,42.1885,63.6848,214.3296,-9.4381,-35.1417,-123.3050,-0.1573,-0.6216,-0.7674,0.9980,373,27.275169,2.4219,0.6368
BiancaGolden_CircleTurns,42.6259,63.4030,214.3103,-9.3990,-35.0350,-123.3100,-0.1605,-0.6220,-0.7664,0.9980,373,27.288725,2.4263,0.6340
BiancaGolden_CircleTurns,43.0697,63.0988,214.2895,-9.4090,-34.9046,-123.3405,-0.1618,-0.6229,-0.7654,0.9980,373,27.303003,2.4307,0.6310
BiancaGolden_CircleTurns,43.5082,62.8087,214.2631,-9.4016,-34.7983,-123.3809,-0.1715,-0.6208,-0.7650,0.9980,374,27.316755,2.4351,0.6281
BiancaGolden_CircleTurns,43.9677,62.5363,214.2034,-9.3679,-34.7244,-123.4038,-0.1730,-0.6204,-0.7649,0.9980,374,27.330158,2.4397,0.6254
BiancaGolden_CircleTurns,44.4332,62.2693,214.1403,-9.2855,-34.6960,-123.5069,-0.1757,-0.6193,-0.7653,0.9980,375,27.345642,2.4443,0.6227
BiancaGolden_CircleTurns,44.8991,62.0040,214.0747,-9.1847,-34.6791,-123.6621,-0.1781,-0.6146,-0.7685,0.9980,375,27.358648,2.4490,0.6200
BiancaGolden_CircleTurns,45.3772,61.7565,214.0194,-9.0336,-34.6836,-123.8188,-0.1817,-0.6111,-0.7704,0.9980,376,27.373236,2.4538,0.6176
BiancaGolden_CircleTurns,45.8542,61.5310,213.9600,-8.8790,-34.7599,-123.9603,-0.1891,-0.6051,-0.7734,0.9980,376,27.386539,2.4585,0.6153
BiancaGolden_CircleTurns,46.3524,61.3280,213.8861,-8.7541,-34.8551,-124.1470,-0.1910,-0.6029,-0.7746,0.9980,376,27.400934,2.4635,0.6133
BiancaGolden_CircleTurns,46.8478,61.1164,213.8351,-8.6620,-34.9436,-124.3693,-0.1930,-0.5959,-0.7795,0.9980,377,27.414305,2.4685,0.6112
BiancaGolden_CircleTurns,47.3239,60.9267,213.7987,-8.5801,-34.9970,-124.5411,-0.1953,-0.5933,-0.7809,0.9980,377,27.427435,2.4732,0.6093
BiancaGolden_CircleTurns,47.7972,60.7323,213.8171,-8.4613,-35.0845,-124.7427,-0.2004,-0.5885,-0.7832,0.9980,378,27.443556,2.4780,0.6073
BiancaGolden_CircleTurns,48.2364,60.5511,213.8389,-8.2790,-35.1620,-124.8566,-0.2020,-0.5872,-0.7839,0.9980,378,27.456228,2.4824,0.6055
BiancaGolden_CircleTurns,48.6657,60.3736,213.8972,-8.0775,-35.1799,-124.9368,-0.2031,-0.5860,-0.7845,0.9980,378,27.470596,2.4867,0.6037
BiancaGolden_CircleTurns,49.0731,60.2006,213.9634,-7.8870,-35.1944,-124.9992,-0.2060,-0.5856,-0.7840,0.9980,379,27.487520,2.4907,0.6020
BiancaGolden_CircleTurns,49.4612,60.0271,214.0703,-7.7318,-35.1860,-125.0258,-0.2060,-0.5854,-0.7842,0.9980,379,27.497425,2.4946,0.6003
BiancaGolden_CircleTurns,49.8069,59.8592,214.2206,-7.6836,-35.1908,-125.0180,-0.2073,-0.5842,-0.7847,0.9980,380,27.511482,2.4981,0.5986
BiancaGolden_CircleTurns,50.1363,59.6926,214.3738,-7.6073,-35.1687,-125.0265,-0.2098,-0.5840,-0.7841,0.9980,380,27.525343,2.5014,0.5969
BiancaGolden_CircleTurns,50.4012,59.5371,214.5388,-7.5082,-35.0510,-124.9922,-0.2128,-0.5819,-0.7849,0.9980,381,27.539318,2.5040,0.5954
BiancaGolden_CircleTurns,50.6500,59.3951,214.6952,-7.3772,-34.8257,-124.9702,-0.2152,-0.5846,-0.7822,0.9980,381,27.552570,2.5065,0.5940
BiancaGolden_CircleTurns,50.8965,59.2555,214.8455,-7.2621,-34.5860,-124.9456,-0.2168,-0.5859,-0.7808,0.9980,381,27.568850,2.5090,0.5926
BiancaGolden_CircleTurns,51.1392,59.1447,214.9876,-7.1256,-34.4221,-124.9155,-0.2166,-0.5865,-0.7805,0.9980,382,27.580902,2.5114,0.5914
BiancaGolden_CircleTurns,51.3583,59.0388,215.1408,-7.0778,-34.3769,-124.8446,-0.2241,-0.5801,-0.7831,0.9980,382,27.593765,2.5136,0.5904
BiancaGolden_CircleTurns,51.5590,58.9440,215.2868,-7.0465,-34.4310,-124.7956,-0.2248,-0.5744,-0.7871,0.9980,383,27.608955,2.5156,0.5894
BiancaGolden_CircleTurns,51.7438,58.8394,215.4345,-7.0431,-34.5115,-124.7563,-0.2239,-0.5729,-0.7885,0.9980,383,27.622583,2.5174,0.5884
BiancaGolden_CircleTurns,51.9063,58.7367,215.5671,-6.9844,-34.5272,-124.7576,-0.2273,-0.5690,-0.7903,0.9980,383,27.637077,2.5191,0.5874
BiancaGolden_CircleTurns,52.0434,58.6431,215.6564,-6.8955,-34.4486,-124.7366,-0.2289,-0.5700,-0.7891,0.9980,384,27.650732,2.5204,0.5864
BiancaGolden_CircleTurns,52.1803,58.5381,215.7357,-6.7777,-34.3130,-124.7471,-0.2299,-0.5708,-0.7883,0.9980,384,27.663998,2.5218,0.5854
BiancaGolden_CircleTurns,52.2839,58.4534,215.7937,-6.6453,-34.1371,-124.7309,-0.2309,-0.5725,-0.7867,0.9980,385,27.678989,2.5228,0.5845
BiancaGolden_CircleTurns,52.3872,58.3781,215.8304,-6.5436,-33.9786,-124.7021,-0.2317,-0.5735,-0.7857,0.9980,385,27.692987,2.5239,0.5838
BiancaGolden_CircleTurns,52.4764,58.3165,215.8406,-6.4822,-33.8723,-124.6791,-0.2300,-0.5765,-0.7841,0.9980,386,27.707195,2.5248,0.5832
BiancaGolden_CircleTurns,52.5475,58.2789,215.8292,-6.4198,-33.8302,-124.5758,-0.2272,-0.5701,-0.7895,0.9980,386,27.720882,2.5255,0.5828
BiancaGolden_CircleTurns,52.6174,58.2324,215.8110,-6.3586,-33.8467,-124.4768,-0.2252,-0.5696,-0.7904,0.9980,386,27.735346,2.5262,0.5823
BiancaGolden_CircleTurns,52.6724,58.2089,215.7705,-6.3216,-33.9269,-124.3233,-0.2238,-0.5693,-0.7911,0.9980,387,27.748926,2.5267,0.5821
BiancaGolden_CircleTurns,52.7187,58.1829,215.7180,-6.2626,-33.9798,-124.1994,-0.2198,-0.5682,-0.7930,0.9980,387,27.762016,2.5272,0.5818
BiancaGolden_CircleTurns,52.7243,58.1759,215.6705,-6.2698,-34.0851,-123.9573,-0.2210,-0.5652,-0.7948,0.9980,388,27.777237,2.5272,0.5818
BiancaGolden_CircleTurns,52.7283,58.1425,215.6266,-6.2840,-34.0822,-123.8054,-0.2185,-0.5656,-0.7952,0.9980,388,27.790964,2.5273,0.5814
BiancaGolden_CircleTurns,52.6941,58.1197,215.5886,-6.3231,-34.0401,-123.6111,-0.2185,-0.5672,-0.7941,0.9980,388,27.805103,2.5269,0.5812
BiancaGolden_CircleTurns,52.6892,58.1080,215.5264,-6.3083,-33.9190,-123.4729,-0.2157,-0.5706,-0.7924,0.9980,389,27.818674,2.5269,0.5811
BiancaGolden_CircleTurns,52.6119,58.1020,215.4362,-6.3865,-33.7702,-123.1093,-0.2150,-0.5699,-0.7931,0.9980,389,27.831888,2.5261,0.5810
BiancaGolden_CircleTurns,52.6144,58.1015,215.4378,-6.3861,-33.7939,-123.0136,-0.2105,-0.5631,-0.7991,0.9980,390,27.847776,2.5261,0.5810
BiancaGolden_CircleTurns,52.4909,58.0290,215.5154,-6.4295,-34.0738,-122.8500,-0.2082,-0.5610,-0.8012,0.9980,390,27.860800,2.5249,0.5803
BiancaGolden_CircleTurns,52.3283,57.9481,215.6410,-6.3275,-34.2984,-122.6862,-0.2141,-0.5603,-0.8001,0.9980,391,27.875143,2.5233,0.5795
BiancaGolden_CircleTurns,52.2854,57.9714,215.5732,-6.1784,-34.3812,-122.4827,-0.2130,-0.5590,-0.8014,0.9980,391,27.888134,2.5229,0.5797
BiancaGolden_CircleTurns,52.3285,58.0649,215.4002,-6.1575,-34.4727,-122.3602,-0.2096,-0.5582,-0.8028,0.9980,391,27.902710,2.5233,0.5806
BiancaGolden_CircleTurns,52.3359,58.1436,215.2803,-6.1963,-34.6167,-122.1399,-0.2057,-0.5563,-0.8051,0.9980,392,27.916006,2.5234,0.5814
BiancaGolden_CircleTurns,52.3294,58.1734,215.3013,-6.4255,-34.9358,-122.0295,-0.2030,-0.5537,-0.8076,0.9980,392,27.929176,2.5233,0.5817
BiancaGolden_CircleTurns,52.3106,58.1778,215.3238,-6.6267,-35.1685,-121.8700,-0.2019,-0.5557,-0.8065,0.9980,393,27.944281,2.5231,0.5818
BiancaGolden_CircleTurns,52.3163,58.1954,215.3178,-6.8087,-35.2602,-121.7241,-0.2011,-0.5554,-0.8069,0.9980,393,27.957848,2.5232,0.5820
BiancaGolden_CircleTurns,52.3098,58.2474,215.3045,-6.8663,-35.2798,-121.4547,-0.2046,-0.5572,-0.8048,0.9980,394,27.972109,2.5231,0.5825
BiancaGolden_CircleTurns,52.3010,58.2665,215.3058,-6.8212,-35.2176,-121.2376,-0.2038,-0.5591,-0.8037,0.9980,394,27.988859,2.5230,0.5827
BiancaGolden_CircleTurns,52.3103,58.3079,215.2914,-6.7688,-35.0968,-121.0446,-0.2029,-0.5629,-0.8012,0.9980,394,28.000435,2.5231,0.5831
BiancaGolden_CircleTurns,52.3335,58.3334,215.2485,-6.7515,-34.9741,-120.8956,-0.2077,-0.5643,-0.7990,0.9980,395,28.013134,2.5233,0.5833
BiancaGolden_CircleTurns,52.3433,58.3569,215.2003,-6.7507,-34.7663,-120.7728,-0.2106,-0.5735,-0.7916,0.9980,395,28.026678,2.5234,0.5836
BiancaGolden_CircleTurns,52.3494,58.3450,215.1828,-6.6337,-34.4809,-120.6153,-0.2134,-0.5761,-0.7890,0.9980,396,28.041527,2.5235,0.5834
BiancaGolden_CircleTurns,52.3609,58.3306,215.1770,-6.5215,-34.2160,-120.4742,-0.2216,-0.5754,-0.7873,0.9980,396,28.054886,2.5236,0.5833
BiancaGolden_CircleTurns,52.3550,58.3701,215.1672,-6.5306,-34.0419,-120.3377,-0.2205,-0.5761,-0.7871,0.9980,396,28.069565,2.5236,0.5837
BiancaGolden_CircleTurns,52.3995,58.3598,215.1677,-6.7214,-34.0506,-120.3110,-0.2181,-0.5721,-0.7906,0.9980,397,28.083490,2.5240,0.5836
BiancaGolden_CircleTurns,52.5856,58.3719,215.1491,-6.9135,-34.2480,-120.2905,-0.2164,-0.5644,-0.7966,0.9980,397,28.095779,2.5259,0.5837
BiancaGolden_CircleTurns,52.7028,58.3869,215.1298,-6.9820,-34.4454,-120.2753,-0.2154,-0.5618,-0.7987,0.9980,398,28.111422,2.5270,0.5839
BiancaGolden_CircleTurns,52.8132,58.3768,215.1235,-7.0089,-34.6435,-120.2783,-0.2140,-0.5593,-0.8009,0.9980,398,28.124647,2.5281,0.5838
BiancaGolden_CircleTurns,52.9312,58.3270,215.1364,-7.0305,-34.7833,-120.3111,-0.2170,-0.5615,-0.7986,0.9980,399,28.138977,2.5293,0.5833
BiancaGolden_CircleTurns,53.0414,58.2595,215.1480,-7.0015,-34.7873,-120.3889,-0.2191,-0.5612,-0.7981,0.9980,399,28.153847,2.5304,0.5826
BiancaGolden_CircleTurns,53.1792,58.1897,215.1449,-6.9063,-34.7335,-120.5294,-0.2241,-0.5594,-0.7980,0.9980,399,28.167549,2.5318,0.5819
BiancaGolden_CircleTurns,53.3247,58.0960,215.1506,-6.7981,-34.6685,-120.7115,-0.2296,-0.5573,-0.7979,0.9980,400,28.180065,2.5332,0.5810
BiancaGolden_CircleTurns,53.4741,57.9894,215.1480,-6.7348,-34.6089,-120.9089,-0.2346,-0.5575,-0.7963,0.9980,400,28.193068,2.5347,0.5799
BiancaGolden_CircleTurns,53.6438,57.8522,215.1414,-6.7314,-34.5643,-121.1692,-0.2363,-0.5573,-0.7959,0.9980,401,28.208515,2.5364,0.5785
BiancaGolden_CircleTurns,53.8227,57.7126,215.1122,-6.7266,-34.4983,-121.4413,-0.2402,-0.5566,-0.7953,0.9980,401,28.222467,2.5382,0.5771
BiancaGolden_CircleTurns,54.0409,57.5723,215.0583,-6.7053,-34.4571,-121.6882,-0.2432,-0.5557,-0.7950,0.9980,401,28.236902,2.5404,0.5757
BiancaGolden_CircleTurns,54.2719,57.4170,215.0088,-6.6682,-34.4295,-121.9598,-0.2459,-0.5543,-0.7951,0.9980,402,28.250025,2.5427,0.5742
BiancaGolden_CircleTurns,54.5102,57.2533,214.9559,-6.6461,-34.3999,-122.2463,-0.2469,-0.5497,-0.7980,0.9980,402,28.263058,2.5451,0.5725
BiancaGolden_CircleTurns,54.7660,57.0682,214.9134,-6.6533,-34.3799,-122.6176,-0.2470,-0.5502,-0.7976,0.9980,403,28.278397,2.5477,0.5707
BiancaGolden_CircleTurns,55.0537,56.8892,214.8534,-6.6277,-34.3628,-122.9857,-0.2500,-0.5464,-0.7994,0.9980,403,28.292004,2.5505,0.5689
BiancaGolden_CircleTurns,55.3795,56.7114,214.7715,-6.5155,-34.3208,-123.4060,-0.2545,-0.5416,-0.8012,0.9980,404,28.306351,2.5538,0.5671
BiancaGolden_CircleTurns,55.7402,56.5438,214.6859,-6.4097,-34.3373,-123.8234,-0.2578,-0.5376,-0.8028,0.9980,404,28.319885,2.5574,0.5654
BiancaGolden_CircleTurns,56.1110,56.3486,214.6105,-6.2595,-34.3102,-124.2512,-0.2631,-0.5362,-0.8020,0.9980,404,28.334267,2.5611,0.5635
BiancaGolden_CircleTurns,56.4791,56.1353,214.5399,-6.0898,-34.2184,-124.6516,-0.2676,-0.5369,-0.8001,0.9980,405,28.347843,2.5648,0.5614
BiancaGolden_CircleTurns,56.8659,55.8848,214.4810,-5.9284,-34.0366,-125.1086,-0.2758,-0.5383,-0.7964,0.9980,405,28.361361,2.5687,0.5588
BiancaGolden_CircleTurns,57.2317,55.5606,214.5086,-5.9435,-33.9197,-125.6436,-0.2890,-0.5422,-0.7890,0.9980,406,28.376301,2.5723,0.5556
BiancaGolden_CircleTurns,57.5974,55.2226,214.5474,-5.9719,-33.7561,-126.1589,-0.3221,-0.5499,-0.7706,0.9980,406,28.389416,2.5760,0.5522
BiancaGolden_CircleTurns,57.9189,54.8072,214.7268,-6.0409,-33.9230,-126.6463,-0.3259,-0.5472,-0.7709,0.9980,406,28.403786,2.5792,0.5481
BiancaGolden_CircleTurns,58.2632,54.3570,214.8813,-5.9433,-33.9463,-127.0253,-0.3542,-0.5721,-0.7397,0.9980,407,28.417650,2.5826,0.5436
BiancaGolden_CircleTurns,58.6886,54.0022,214.9178,-5.7965,-33.8518,-127.3009,-0.3597,-0.5768,-0.7334,0.9980,407,28.430466,2.5869,0.5400
BiancaGolden_CircleTurns,59.1384,53.7310,214.8390,-5.4675,-33.5916,-127.3735,-0.3560,-0.5760,-0.7358,0.9980,408,28.445597,2.5914,0.5373
BiancaGolden_CircleTurns,59.5466,53.4274,214.8190,-5.1093,-33.4417,-127.3319,-0.3502,-0.5757,-0.7389,0.9980,408,28.459341,2.5955,0.5343
BiancaGolden_CircleTurns,59.9226,53.0942,214.8510,-4.8281,-33.3211,-127.3105,-0.3490,-0.5748,-0.7401,0.9980,409,28.473579,2.5992,0.5309
BiancaGolden_CircleTurns,60.2785,52.7480,214.9010,-4.7175,-33.2786,-127.3381,-0.3492,-0.5723,-0.7420,0.9980,409,28.490332,2.6028,0.5275
BiancaGolden_CircleTurns,60.6280,52.4261,214.9389,-4.7723,-33.2443,-127.4428,-0.3513,-0.5719,-0.7413,0.9980,409,28.501709,2.6063,0.5243
BiancaGolden_CircleTurns,60.9654,52.1403,214.9538,-4.8464,-33.1899,-127.6288,-0.3552,-0.5670,-0.7432,0.9980,410,28.514557,2.6097,0.5214
BiancaGolden_CircleTurns,61.2928,51.8605,214.9588,-4.9131,-33.1272,-127.9478,-0.3594,-0.5646,-0.7430,0.9980,410,28.528111,2.6129,0.5186
BiancaGolden_CircleTurns,61.5996,51.5836,214.9724,-4.9498,-33.1143,-128.3694,-0.3631,-0.5617,-0.7434,0.9980,411,28.542652,2.6160,0.5158
BiancaGolden_CircleTurns,61.9050,51.2901,214.9954,-4.9683,-33.0872,-128.7947,-0.3702,-0.5619,-0.7398,0.9980,411,28.556229,2.6191,0.5129
BiancaGolden_CircleTurns,62.2121,50.9977,215.0071,-5.1007,-33.0026,-129.2599,-0.3756,-0.5614,-0.7374,0.9980,411,28.570454,2.6221,0.5100
BiancaGolden_CircleTurns,62.5539,50.7297,214.9455,-5.2788,-32.7997,-129.7331,-0.3742,-0.5632,-0.7368,0.9980,412,28.583984,2.6255,0.5073
BiancaGolden_CircleTurns,62.8853,50.4696,214.8882,-5.4352,-32.6264,-130.1953,-0.3763,-0.5599,-0.7382,0.9980,412,28.597048,2.6289,0.5047
BiancaGolden_CircleTurns,63.2212,50.2282,214.8584,-5.5165,-32.5398,-130.5949,-0.3773,-0.5560,-0.7406,0.9980,413,28.612156,2.6322,0.5023
BiancaGolden_CircleTurns,63.5778,49.9730,214.8373,-5.5422,-32.5712,-130.9894,-0.3688,-0.5509,-0.7487,0.9980,413,28.625889,2.6358,0.4997
BiancaGolden_CircleTurns,63.9574,49.7416,214.7901,-5.5574,-32.6636,-131.2988,-0.3666,-0.5451,-0.7540,0.9980,414,28.640263,2.6396,0.4974
BiancaGolden_CircleTurns,64.3440,49.5138,214.7378,-5.5719,-32.8125,-131.5716,-0.3668,-0.5412,-0.7567,0.9980,414,28.653692,2.6434,0.4951
BiancaGolden_CircleTurns,64.7114,49.2869,214.7098,-5.5834,-33.0398,-131.7861,-0.3653,-0.5389,-0.7590,0.9980,414,28.668203,2.6471,0.4929
BiancaGolden_CircleTurns,65.0401,49.0160,214.7319,-5.5914,-33.1852,-132.0997,-0.3617,-0.5423,-0.7584,0.9980,415,28.681913,2.6504,0.4902
BiancaGolden_CircleTurns,65.3241,48.7527,214.7683,-5.5743,-33.1939,-132.4299,-0.3637,-0.5393,-0.7595,0.9980,415,28.694857,2.6532,0.4875
BiancaGolden_CircleTurns,65.6029,48.5098,214.7730,-5.4213,-33.0693,-132.7369,-0.3674,-0.5373,-0.7592,0.9980,416,28.709871,2.6560,0.4851
BiancaGolden_CircleTurns,65.8682,48.2904,214.7901,-5.3134,-32.8743,-133.0529,-0.3719,-0.5357,-0.7581,0.9980,416,28.723454,2.6587,0.4829
BiancaGolden_CircleTurns,66.1284,48.1047,214.8096,-5.2445,-32.7148,-133.3809,-0.3758,-0.5344,-0.7571,0.9980,416,28.737852,2.6613,0.4810
BiancaGolden_CircleTurns,66.3858,47.9208,214.8440,-5.2123,-32.6228,-133.7039,-0.3744,-0.5296,-0.7611,0.9980,417,28.751511,2.6639,0.4792
BiancaGolden_CircleTurns,66.6345,47.7526,214.8745,-5.2122,-32.5877,-134.0252,-0.3712,-0.5317,-0.7612,0.9980,417,28.764452,2.6663,0.4775
BiancaGolden_CircleTurns,66.8888,47.6122,214.8863,-5.1682,-32.6027,-134.2426,-0.3725,-0.5300,-0.7619,0.9980,418,28.779799,2.6689,0.4761
BiancaGolden_CircleTurns,67.1429,47.4900,214.9039,-5.1345,-32.6724,-134.4184,-0.3677,-0.5308,-0.7636,0.9980,418,28.793270,2.6714,0.4749
BiancaGolden_CircleTurns,67.3870,47.3722,214.9453,-5.1571,-32.7656,-134.5443,-0.3618,-0.5274,-0.7687,0.9980,419,28.808807,2.6739,0.4737
BiancaGolden_CircleTurns,67.6270,47.2588,215.0125,-5.2410,-32.8732,-134.6714,-0.3614,-0.5264,-0.7696,0.9980,419,28.821117,2.6763,0.4726
BiancaGolden_CircleTurns,67.8524,47.1607,215.0785,-5.3063,-32.9620,-134.7419,-0.3592,-0.5279,-0.7696,0.9980,419,28.835245,2.6785,0.4716
BiancaGolden_CircleTurns,68.0703,47.0732,215.1503,-5.3763,-33.0129,-134.8018,-0.3584,-0.5284,-0.7697,0.9980,420,28.848774,2.6807,0.4707
BiancaGolden_CircleTurns,68.2767,46.9803,215.2167,-5.4384,-33.0468,-134.8631,-0.3579,-0.5332,-0.7666,0.9980,420,28.862223,2.6828,0.4698
BiancaGolden_CircleTurns,68.4491,46.9240,215.2988,-5.4427,-32.9240,-134.7486,-0.3571,-0.5308,-0.7686,0.9980,421,28.877285,2.6845,0.4692
BiancaGolden_CircleTurns,68.6691,46.8259,215.4429,-5.5963,-32.9214,-134.9530,-0.3586,-0.5346,-0.7652,0.9980,421,28.890781,2.6867,0.4683
BiancaGolden_CircleTurns,68.8041,46.7528,215.5348,-5.8737,-32.8725,-134.9505,-0.3592,-0.5361,-0.7639,0.9980,422,28.905275,2.6880,0.4675
BiancaGolden_CircleTurns,68.9690,46.7099,215.6452,-5.8923,-32.7725,-134.9301,-0.3601,-0.5383,-0.7620,0.9980,422,28.918701,2.6897,0.4671
BiancaGolden_CircleTurns,69.1224,46.6672,215.7215,-5.8556,-32.5895,-134.8904,-0.3635,-0.5428,-0.7571,0.9980,422,28.932940,2.6912,0.4667
BiancaGolden_CircleTurns,69.2700,46.6123,215.8209,-5.9616,-32.4389,-134.9707,-0.3895,-0.5754,-0.7191,0.9980,423,28.946497,2.6927,0.4661
BiancaGolden_CircleTurns,69.3771,46.5806,215.9056,-6.0327,-32.2860,-134.9518,-0.4149,-0.6070,-0.6778,0.9980,423,28.961050,2.6938,0.4658
BiancaGolden_CircleTurns,69.5222,46.5738,215.9780,-6.0620,-32.1412,-134.9126,-0.4156,-0.6079,-0.6766,0.9980,424,28.974760,2.6952,0.4657
BiancaGolden_CircleTurns,69.6712,46.5795,216.0353,-6.0971,-32.0485,-134.9092,-0.4178,-0.6111,-0.6723,0.9980,424,28.991858,2.6967,0.4658
BiancaGolden_CircleTurns,69.8136,46.6101,216.0833,-6.1661,-31.9749,-134.8635,-0.4128,-0.6119,-0.6747,0.9980,424,29.003384,2.6981,0.4661
BiancaGolden_CircleTurns,69.9435,46.6672,216.1270,-6.1286,-31.9468,-134.7981,-0.4085,-0.6097,-0.6792,0.9980,425,29.015917,2.6994,0.4667
BiancaGolden_CircleTurns,70.0822,46.7451,216.1595,-6.0341,-31.9141,-134.7076,-0.4082,-0.6084,-0.6806,0.9980,425,29.029512,2.7008,0.4675
BiancaGolden_CircleTurns,70.2211,46.8095,216.1975,-5.9801,-31.9053,-134.6195,-0.4064,-0.6048,-0.6849,0.9980,426,29.044334,2.7022,0.4681
BiancaGolden_CircleTurns,70.3516,46.9011,216.2301,-6.0080,-31.8853,-134.4593,-0.4058,-0.6036,-0.6863,0.9980,426,29.058056,2.7035,0.4690
BiancaGolden_CircleTurns,70.4795,46.9926,216.2658,-6.0428,-31.8270,-134.2936,-0.4104,-0.6004,-0.6864,0.9980,427,29.072233,2.7048,0.4699
BiancaGolden_CircleTurns,70.5878,47.0986,216.3018,-6.0440,-31.7400,-134.1200,-0.4093,-0.6031,-0.6847,0.9980,427,29.085993,2.7059,0.4710
BiancaGolden_CircleTurns,70.6683,47.2110,216.3449,-6.0161,-31.5980,-133.8998,-0.4091,-0.6061,-0.6821,0.9980,427,29.100166,2.7067,0.4721
BiancaGolden_CircleTurns,70.7466,47.3350,216.3730,-5.9494,-31.3712,-133.7242,-0.4025,-0.6136,-0.6794,0.9980,428,29.113787,2.7075,0.4734
BiancaGolden_CircleTurns,70.8339,47.4984,216.3697,-5.9175,-31.1234,-133.4780,-0.4006,-0.6165,-0.6778,0.9980,428,29.127068,2.7083,0.4750
BiancaGolden_CircleTurns,70.9042,47.6532,216.3784,-5.9872,-30.9433,-133.2380,-0.3986,-0.6187,-0.6770,0.9980,429,29.142065,2.7090,0.4765
BiancaGolden_CircleTurns,70.9578,47.8158,216.4179,-6.0732,-30.8377,-133.0334,-0.3961,-0.6209,-0.6765,0.9980,429,29.155895,2.7096,0.4782
BiancaGolden_CircleTurns,71.0075,47.9899,216.4562,-6.1624,-30.8116,-132.8024,-0.3955,-0.6186,-0.6789,0.9980,429,29.170368,2.7101,0.4799
BiancaGolden_CircleTurns,71.0429,48.1717,216.4680,-6.1671,-30.7641,-132.6011,-0.3924,-0.6193,-0.6801,0.9980,430,29.183483,2.7104,0.4817
BiancaGolden_CircleTurns,71.0519,48.3651,216.4825,-6.1742,-30.7590,-132.3991,-0.3946,-0.6168,-0.6811,0.9980,430,29.196779,2.7105,0.4837
BiancaGolden_CircleTurns,70.9958,48.5212,216.5363,-6.1435,-30.7810,-132.2911,-0.3922,-0.6136,-0.6853,0.9980,431,29.211956,2.7100,0.4852
BiancaGolden_CircleTurns,70.9416,48.6909,216.5748,-6.0549,-30.7397,-132.2074,-0.3944,-0.6106,-0.6867,0.9980,431,29.225775,2.7094,0.4869
BiancaGolden_CircleTurns,70.8997,48.8816,216.5744,-5.9956,-30.7236,-132.1575,-0.3962,-0.6081,-0.6879,0.9980,432,29.239992,2.7090,0.4888
BiancaGolden_CircleTurns,70.9111,49.1099,216.5166,-5.9873,-30.7813,-132.1639,-0.3950,-0.6072,-0.6894,0.9980,432,29.253376,2.7091,0.4911
BiancaGolden_CircleTurns,70.9356,49.3506,216.4331,-6.0958,-30.9131,-132.1738,-0.3971,-0.6054,-0.6898,0.9980,432,29.267527,2.7094,0.4935
BiancaGolden_CircleTurns,70.9691,49.5953,216.3485,-6.2091,-31.0752,-132.2032,-0.3969,-0.6044,-0.6907,0.9980,0,29.281040,2.7097,0.4960
BiancaGolden_CircleTurns,70.9810,49.8166,216.2997,-6.3720,-31.2821,-132.2149,-0.3944,-0.6028,-0.6936,0.9980,0,29.294386,2.7098,0.4982
BiancaGolden_CircleTurns,70.9800,50.0371,216.2473,-6.5181,-31.4332,-132.2085,-0.3923,-0.6025,-0.6950,0.9980,1,29.309347,2.7098,0.5004
BiancaGolden_CircleTurns,70.9619,50.2589,216.1818,-6.5597,-31.5575,-132.2063,-0.3918,-0.6021,-0.6957,0.9980,1,29.323086,2.7096,0.5026
BiancaGolden_CircleTurns,70.9316,50.4708,216.1227,-6.6059,-31.6187,-132.2079,-0.3690,-0.5845,-0.7226,0.9980,1,29.337660,2.7093,0.5047
BiancaGolden_CircleTurns,70.9029,50.6616,216.0568,-6.6407,-31.6517,-132.2179,-0.3194,-0.5633,-0.7620,0.9980,2,29.350756,2.7090,0.5066
BiancaGolden_CircleTurns,70.8683,50.8285,215.9755,-6.6263,-31.5886,-132.2107,-0.2951,-0.5453,-0.7846,0.9980,2,29.364120,2.7087,0.5083
BiancaGolden_CircleTurns,70.8433,51.0060,215.8776,-6.5803,-31.5494,-132.1455,-0.2700,-0.5252,-0.8070,0.9980,3,29.379190,2.7084,0.5101
BiancaGolden_CircleTurns,70.8005,51.1720,215.8066,-6.5864,-31.5739,-132.0395,-0.2658,-0.5234,-0.8096,0.9980,3,29.392794,2.7080,0.5117
BiancaGolden_CircleTurns,70.7511,51.3245,215.7525,-6.6128,-31.6402,-131.9817,-0.2625,-0.5216,-0.8118,0.9980,4,29.407057,2.7075,0.5132
BiancaGolden_CircleTurns,70.7120,51.4701,215.6689,-6.6713,-31.6260,-131.9527,-0.2626,-0.5222,-0.8114,0.9980,4,29.420177,2.7071,0.5147
BiancaGolden_CircleTurns,70.6865,51.6353,215.5538,-6.7118,-31.5755,-131.9437,-0.2616,-0.5238,-0.8106,0.9980,4,29.434443,2.7069,0.5164
BiancaGolden_CircleTurns,70.6856,51.8031,215.4257,-6.7010,-31.5381,-131.9099,-0.2599,-0.5231,-0.8117,0.9980,5,29.447943,2.7069,0.5180
BiancaGolden_CircleTurns,70.6915,51.9664,215.3153,-6.7134,-31.6302,-131.8448,-0.2569,-0.5215,-0.8136,0.9980,5,29.461107,2.7069,0.5197
BiancaGolden_CircleTurns,70.7107,52.1126,215.2033,-6.7289,-31.7972,-131.7415,-0.2567,-0.5186,-0.8156,0.9980,6,29.476265,2.7071,0.5211
BiancaGolden_CircleTurns,70.7540,52.2613,215.0936,-6.8022,-31.9200,-131.6126,-0.2541,-0.5187,-0.8163,0.9980,6,29.490406,2.7075,0.5226
BiancaGolden_CircleTurns,70.8014,52.4231,214.9808,-6.9110,-32.0260,-131.4834,-0.2543,-0.5181,-0.8167,0.9980,7,29.507431,2.7080,0.5242
BiancaGolden_CircleTurns,70.8579,52.5775,214.8796,-6.9896,-32.0826,-131.4235,-0.2537,-0.5175,-0.8172,0.9980,7,29.517941,2.7086,0.5258
BiancaGolden_CircleTurns,70.9043,52.7219,214.7939,-7.1177,-32.1584,-131.4345,-0.2524,-0.5175,-0.8176,0.9980,7,29.531761,2.7090,0.5272
BiancaGolden_CircleTurns,70.9712,52.8826,214.7045,-7.2033,-32.2316,-131.4659,-0.2510,-0.5155,-0.8193,0.9980,8,29.545334,2.7097,0.5288
BiancaGolden_CircleTurns,71.0752,53.0491,214.5995,-7.2563,-32.3217,-131.5570,-0.2506,-0.5141,-0.8203,0.9980,8,29.558125,2.7108,0.5305
BiancaGolden_CircleTurns,71.2091,53.2298,214.5082,-7.3111,-32.4408,-131.6605,-0.2502,-0.5114,-0.8221,0.9980,9,29.573721,2.7121,0.5323
BiancaGolden_CircleTurns,71.3510,53.3930,214.4648,-7.3441,-32.6154,-131.8037,-0.2868,-0.4879,-0.8244,0.9980,9,29.587204,2.7135,0.5339
BiancaGolden_CircleTurns,71.4836,53.5433,214.4723,-7.3376,-32.8740,-132.0079,-0.3695,-0.4232,-0.8273,0.9980,9,29.601397,2.7148,0.5354
BiancaGolden_CircleTurns,71.6086,53.7054,214.4925,-7.2302,-33.1205,-132.0842,-0.4005,-0.4056,-0.8217,0.9980,10,29.614832,2.7161,0.5371
BiancaGolden_CircleTurns,71.7584,53.8846,214.5295,-7.0402,-33.3590,-132.1706,-0.4006,-0.4016,-0.8235,0.9980,10,29.628038,2.7176,0.5388
BiancaGolden_CircleTurns,71.9117,54.0585,214.5766,-6.8681,-33.5568,-132.3017,-0.4019,-0.3970,-0.8251,0.9980,11,29.643456,2.7191,0.5406
BiancaGolden_CircleTurns,72.0354,54.2182,214.6623,-6.7148,-33.7198,-132.4721,-0.4038,-0.3937,-0.8258,0.9980,11,29.657358,2.7204,0.5422
BiancaGolden_CircleTurns,72.1182,54.3863,214.7784,-6.5376,-33.7953,-132.7205,-0.4064,-0.3907,-0.8260,0.9980,11,29.671551,2.7212,0.5439
BiancaGolden_CircleTurns,72.1810,54.5478,214.8786,-6.2655,-33.7595,-133.1007,-0.4114,-0.3887,-0.8244,0.9980,12,29.685886,2.7218,0.5455
BiancaGolden_CircleTurns,72.2429,54.7167,214.9665,-5.9687,-33.6494,-133.5442,-0.4223,-0.3903,-0.8181,0.9980,12,29.698072,2.7224,0.5472
BiancaGolden_CircleTurns,72.3345,54.8620,215.0401,-5.5750,-33.4921,-134.0966,-0.4257,-0.3928,-0.8152,0.9980,13,29.713209,2.7233,0.5486
BiancaGolden_CircleTurns,72.4352,55.0201,215.1082,-5.2023,-33.4717,-134.5073,-0.4271,-0.3944,-0.8136,0.9980,13,29.726355,2.7244,0.5502
BiancaGolden_CircleTurns,72.5347,55.1603,215.1592,-4.8786,-33.5186,-134.8445,-0.4299,-0.3937,-0.8125,0.9980,14,29.740797,2.7253,0.5516
BiancaGolden_CircleTurns,72.6132,55.2967,215.1928,-4.6395,-33.6303,-135.1696,-0.4325,-0.3894,-0.8132,0.9980,14,29.754190,2.7261,0.5530
BiancaGolden_CircleTurns,72.6817,55.4286,215.1978,-4.4190,-33.7089,-135.5130,-0.4339,-0.3843,-0.8149,0.9980,14,29.769096,2.7268,0.5543
BiancaGolden_CircleTurns,72.7447,55.5440,215.2072,-4.1528,-33.6785,-135.9089,-0.4308,-0.3889,-0.8143,0.9980,15,29.782198,2.7274,0.5554
BiancaGolden_CircleTurns,72.7730,55.6534,215.2171,-3.8877,-33.5419,-136.3866,-0.4338,-0.3895,-0.8124,0.9980,15,29.795332,2.7277,0.5565
BiancaGolden_CircleTurns,72.7864,55.7608,215.2362,-3.6610,-33.3820,-136.8913,-0.4435,-0.3874,-0.8083,0.9980,16,29.811146,2.7279,0.5576
BiancaGolden_CircleTurns,72.8062,55.8914,215.2391,-3.4060,-33.2779,-137.5376,-0.4870,-0.3489,-0.8007,0.9980,16,29.824259,2.7281,0.5589
BiancaGolden_CircleTurns,72.8312,56.0254,215.2180,-3.0958,-33.2708,-138.2488,-0.4930,-0.3405,-0.8007,0.9980,17,29.839012,2.7283,0.5603
BiancaGolden_CircleTurns,72.8571,56.1784,215.1699,-2.6926,-33.3054,-139.0090,-0.5116,-0.3132,-0.8001,0.9980,17,29.851658,2.7286,0.5618
BiancaGolden_CircleTurns,72.8905,56.3245,215.1181,-2.2929,-33.3644,-139.7621,-0.5168,-0.3012,-0.8014,0.9980,17,29.865965,2.7289,0.5632
BiancaGolden_CircleTurns,72.9133,56.4686,215.0572,-1.9594,-33.4026,-140.7953,-0.5197,-0.2945,-0.8020,0.9980,18,29.879650,2.7291,0.5647
BiancaGolden_CircleTurns,72.9064,56.6361,215.0170,-1.5536,-33.4766,-141.9552,-0.5238,-0.2861,-0.8024,0.9980,18,29.892792,2.7291,0.5664
BiancaGolden_CircleTurns,72.8991,56.8210,214.9785,-0.9866,-33.6071,-143.2018,-0.5307,-0.2697,-0.8035,0.9980,19,29.908104,2.7290,0.5682
BiancaGolden_CircleTurns,72.9169,56.9915,214.9176,-0.3251,-33.8015,-144.5025,-0.5304,-0.2639,-0.8057,0.9980,19,29.921202,2.7292,0.5699
BiancaGolden_CircleTurns,72.9822,57.1569,214.8352,0.2118,-34.0276,-145.6393,-0.5305,-0.2539,-0.8087,0.9980,19,29.935417,2.7298,0.5716
BiancaGolden_CircleTurns,73.0808,57.2943,214.7763,0.6459,-34.2985,-146.6811,-0.5225,-0.2590,-0.8124,0.9980,20,29.948997,2.7308,0.5729
BiancaGolden_CircleTurns,73.2068,57.4096,214.7393,1.0473,-34.5853,-147.5752,-0.5132,-0.2647,-0.8164,0.9980,20,29.962114,2.7321,0.5741
BiancaGolden_CircleTurns,73.3318,57.4734,214.7824,1.3407,-34.9131,-148.2113,-0.5074,-0.2748,-0.8167,0.9980,21,29.977331,2.7333,0.5747
BiancaGolden_CircleTurns,73.4524,57.4668,214.8429,1.4810,-35.0750,-148.6681,-0.5079,-0.2867,-0.8123,0.9980,21,29.991121,2.7345,0.5747
BiancaGolden_CircleTurns,73.5950,57.4425,214.8895,1.4769,-35.0471,-149.0201,-0.5101,-0.2882,-0.8104,0.9980,22,30.009920,2.7359,0.5744
BiancaGolden_CircleTurns,73.7580,57.4034,214.9304,1.2593,-34.8571,-149.1299,-0.4995,-0.3109,-0.8086,0.9980,22,30.019205,2.7376,0.5740
BiancaGolden_CircleTurns,73.9405,57.3469,214.9912,1.0635,-34.6508,-149.2015,-0.4927,-0.3252,-0.8071,0.9980,22,30.032936,2.7394,0.5735
BiancaGolden_CircleTurns,74.1010,57.3146,215.0515,0.8878,-34.4644,-149.2376,-0.4885,-0.3357,-0.8054,0.9980,23,30.046480,2.7410,0.5731
BiancaGolden_CircleTurns,74.2771,57.2701,215.1034,0.8440,-34.3138,-149.2676,-0.4852,-0.3427,-0.8045,0.9980,23,30.059914,2.7428,0.5727
BiancaGolden_CircleTurns,74.4502,57.2216,215.1572,0.8374,-34.2393,-149.2081,-0.4835,-0.3446,-0.8047,0.9980,24,30.074852,2.7445,0.5722
BiancaGolden_CircleTurns,74.6396,57.1716,215.1778,0.7914,-34.1967,-149.1788,-0.4836,-0.3457,-0.8041,0.9980,24,30.088280,2.7464,0.5717
BiancaGolden_CircleTurns,74.8271,57.0924,215.1916,0.6428,-34.1572,-149.1725,-0.4809,-0.3508,-0.8035,0.9980,24,30.102556,2.7483,0.5709
BiancaGolden_CircleTurns,75.0025,57.0228,215.2063,0.5141,-34.1196,-149.2053,-0.4774,-0.3544,-0.8041,0.9980,25,30.116293,2.7500,0.5702
BiancaGolden_CircleTurns,75.1666,56.9442,215.2269,0.4512,-34.0779,-149.2798,-0.4716,-0.3522,-0.8084,0.9980,25,30.129501,2.7517,0.5694
BiancaGolden_CircleTurns,75.3189,56.8650,215.2722,0.5008,-34.1122,-149.3887,-0.4701,-0.3510,-0.8098,0.9980,26,30.144756,2.7532,0.5687
BiancaGolden_CircleTurns,75.4762,56.7937,215.3004,0.5938,-34.1526,-149.4846,-0.4718,-0.3485,-0.8099,0.9980,26,30.158491,2.7548,0.5679
BiancaGolden_CircleTurns,75.6393,56.7138,215.3180,0.6925,-34.2090,-149.6555,-0.4720,-0.3475,-0.8102,0.9980,27,30.172930,2.7564,0.5671
BiancaGolden_CircleTurns,75.8153,56.6539,215.3083,0.6888,-34.2298,-149.7542,-0.4717,-0.3460,-0.8111,0.9980,27,30.186201,2.7582,0.5665
BiancaGolden_CircleTurns,75.9907,56.5922,215.3215,0.6557,-34.3257,-149.8770,-0.4766,-0.3459,-0.8082,0.9980,27,30.200726,2.7599,0.5659
BiancaGolden_CircleTurns,76.1549,56.5429,215.3481,0.6170,-34.4540,-149.9959,-0.4808,-0.3368,-0.8096,0.9980,28,30.214241,2.7615,0.5654
BiancaGolden_CircleTurns,76.3109,56.4880,215.3923,0.5967,-34.5619,-150.1316,-0.4889,-0.3116,-0.8148,0.9980,28,30.227049,2.7631,0.5649
BiancaGolden_CircleTurns,76.4535,56.4311,215.4302,0.5359,-34.5587,-150.2581,-0.4700,-0.2484,-0.8470,0.9980,29,30.242270,2.7645,0.5643
BiancaGolden_CircleTurns,76.5972,56.3702,215.4784,0.4605,-34.4875,-150.4332,-0.4728,-0.2482,-0.8455,0.9980,29,30.255714,2.7660,0.5637
BiancaGolden_CircleTurns,76.7202,56.2919,215.5304,0.3663,-34.3218,-150.6655,-0.4895,-0.2223,-0.8432,0.9980,29,30.270016,2.7672,0.5629
BiancaGolden_CircleTurns,76.8483,56.2163,215.5792,0.2857,-34.1571,-150.8661,-0.5111,-0.2334,-0.8272,0.9980,30,30.283730,2.7685,0.5622
BiancaGolden_CircleTurns,76.9738,56.1343,215.6257,0.2153,-34.0435,-151.0119,-0.5096,-0.2422,-0.8256,0.9980,30,30.297747,2.7697,0.5613
BiancaGolden_CircleTurns,77.0996,56.0543,215.6579,0.1518,-33.9640,-151.1597,-0.5168,-0.2625,-0.8149,0.9980,31,30.311922,2.7710,0.5605
BiancaGolden_CircleTurns,77.2330,55.9663,215.6458,0.0708,-33.8451,-151.2740,-0.5250,-0.2814,-0.8032,0.9980,31,30.325397,2.7723,0.5597
BiancaGolden_CircleTurns,77.3571,55.8970,215.6283,0.0015,-33.7476,-151.4181,-0.5265,-0.2795,-0.8029,0.9980,32,30.339727,2.7736,0.5590
BiancaGolden_CircleTurns,77.4648,55.8179,215.6238,0.0155,-33.7124,-151.6274,-0.5269,-0.2811,-0.8021,0.9980,32,30.353334,2.7746,0.5582
BiancaGolden_CircleTurns,77.5458,55.7352,215.6426,0.1525,-33.7357,-151.8868,-0.5257,-0.2788,-0.8037,0.9980,32,30.367918,2.7755,0.5574
BiancaGolden_CircleTurns,77.6233,55.6413,215.6751,0.3206,-33.7918,-152.1469,-0.5258,-0.2812,-0.8028,0.9980,33,30.381388,2.7762,0.5564
BiancaGolden_CircleTurns,77.6978,55.5366,215.6886,0.4799,-33.7914,-152.3893,-0.5274,-0.2793,-0.8024,0.9980,33,30.394527,2.7770,0.5554
BiancaGolden_CircleTurns,77.7777,55.4355,215.6801,0.5743,-33.7522,-152.5751,-0.5311,-0.2769,-0.8007,0.9980,34,30.409468,2.7778,0.5544
BiancaGolden_CircleTurns,77.8484,55.3242,215.6784,0.5829,-33.7159,-152.7319,-0.5319,-0.2762,-0.8005,0.9980,34,30.422951,2.7785,0.5532
BiancaGolden_CircleTurns,77.9005,55.2134,215.6679,0.5231,-33.7001,-152.8545,-0.5339,-0.2762,-0.7992,0.9980,34,30.437580,2.7790,0.5521
BiancaGolden_CircleTurns,77.9538,55.0976,215.6360,0.4797,-33.6395,-152.9753,-0.5319,-0.2830,-0.7981,0.9980,35,30.450661,2.7795,0.5510
BiancaGolden_CircleTurns,78.0037,54.9973,215.5662,0.4028,-33.5338,-153.0935,-0.5336,-0.2825,-0.7972,0.9980,35,30.464130,2.7800,0.5500
BiancaGolden_CircleTurns,78.0436,54.9185,215.5043,0.3240,-33.4484,-153.2573,-0.5343,-0.2811,-0.7972,0.9980,36,30.479120,2.7804,0.5492
BiancaGolden_CircleTurns,78.0798,54.8341,215.4620,0.2955,-33.4341,-153.4265,-0.5299,-0.2867,-0.7982,0.9980,36,30.492624,2.7808,0.5483
BiancaGolden_CircleTurns,78.1307,54.7597,215.3977,0.3111,-33.5329,-153.5753,-0.5286,-0.2846,-0.7998,0.9980,37,30.510313,2.7813,0.5476
BiancaGolden_CircleTurns,78.1898,54.6818,215.3353,0.3214,-33.6743,-153.6938,-0.5290,-0.2833,-0.8000,0.9980,37,30.521090,2.7819,0.5468
BiancaGolden_CircleTurns,78.2331,54.5997,215.2803,0.2876,-33.8315,-153.8432,-0.5260,-0.2808,-0.8028,0.9980,37,30.534483,2.7823,0.5460
BiancaGolden_CircleTurns,78.2757,54.5146,215.2205,0.2275,-33.9798,-153.9654,-0.5244,-0.2787,-0.8046,0.9980,38,30.548161,2.7828,0.5451
BiancaGolden_CircleTurns,78.3027,54.4323,215.1745,0.1743,-34.1498,-154.0694,-0.5190,-0.2821,-0.8069,0.9980,38,30.562634,2.7830,0.5443
BiancaGolden_CircleTurns,78.3293,54.3466,215.1327,0.0927,-34.3185,-154.1010,-0.5169,-0.2820,-0.8083,0.9980,39,30.578533,2.7833,0.5435
BiancaGolden_CircleTurns,78.3418,54.2526,215.1103,-0.0121,-34.4589,-154.1331,-0.5165,-0.2823,-0.8084,0.9980,39,30.590052,2.7834,0.5425
BiancaGolden_CircleTurns,78.3352,54.1801,215.0923,-0.0942,-34.4775,-154.1384,-0.5153,-0.2914,-0.8060,0.9980,39,30.603966,2.7834,0.5418
BiancaGolden_CircleTurns,78.3191,54.1165,215.0904,-0.0744,-34.4604,-154.1067,-0.5165,-0.2927,-0.8047,0.9980,40,30.618139,2.7832,0.5412
BiancaGolden_CircleTurns,78.2921,54.0692,215.1197,-0.0158,-34.4557,-154.0892,-0.5143,-0.2972,-0.8044,0.9980,40,30.631416,2.7829,0.5407
BiancaGolden_CircleTurns,78.2400,53.9954,215.1544,-0.0244,-34.4475,-154.0796,-0.5151,-0.2994,-0.8032,0.9980,41,30.645826,2.7824,0.5400
BiancaGolden_CircleTurns,78.1439,53.9141,215.2020,-0.0896,-34.3411,-154.1142,-0.5195,-0.3019,-0.7994,0.9980,41,30.660416,2.7814,0.5391
BiancaGolden_CircleTurns,78.0298,53.8506,215.2116,-0.1186,-34.1851,-154.1142,-0.5212,-0.3034,-0.7977,0.9980,42,30.674522,2.7803,0.5385
BiancaGolden_CircleTurns,77.8924,53.7900,215.2190,-0.1188,-34.0233,-154.0580,-0.5250,-0.3081,-0.7934,0.9980,42,30.687637,2.7789,0.5379
BiancaGolden_CircleTurns,77.7271,53.7080,215.2281,-0.1530,-33.8968,-153.9646,-0.5306,-0.3198,-0.7850,0.9980,42,30.702816,2.7773,0.5371
BiancaGolden_CircleTurns,77.5361,53.6128,215.2391,-0.2626,-33.8377,-153.8407,-0.5471,-0.3635,-0.7540,0.9980,43,30.715050,2.7754,0.5361
BiancaGolden_CircleTurns,77.3027,53.5245,215.2297,-0.4076,-33.8410,-153.6668,-0.5805,-0.3947,-0.7123,0.9980,43,30.729099,2.7730,0.5352
BiancaGolden_CircleTurns,77.0581,53.4373,215.2114,-0.5635,-33.8614,-153.4824,-0.5776,-0.3968,-0.7134,0.9980,44,30.743675,2.7706,0.5344
BiancaGolden_CircleTurns,76.7598,53.3570,215.1828,-0.7425,-33.9842,-153.2613,-0.5799,-0.4014,-0.7089,0.9980,44,30.757103,2.7676,0.5336
BiancaGolden_CircleTurns,76.4393,53.2797,215.1374,-0.8726,-34.0710,-153.0333,-0.5785,-0.4070,-0.7069,0.9980,44,30.771385,2.7644,0.5328
BiancaGolden_CircleTurns,76.0780,53.1994,215.1020,-0.9482,-34.1231,-152.8624,-0.5776,-0.4032,-0.7098,0.9980,45,30.784971,2.7608,0.5320
BiancaGolden_CircleTurns,75.6795,53.1319,215.0393,-0.9908,-34.1524,-152.6801,-0.5759,-0.4051,-0.7101,0.9980,45,30.798096,2.7568,0.5313
BiancaGolden_CircleTurns,75.2724,53.0656,214.9576,-1.0529,-34.1862,-152.4938,-0.5734,-0.4064,-0.7114,0.9980,46,30.813335,2.7527,0.5307
BiancaGolden_CircleTurns,74.8346,53.0087,214.8475,-1.1244,-34.2976,-152.3283,-0.5742,-0.4015,-0.7135,0.9980,46,30.827284,2.7483,0.5301
BiancaGolden_CircleTurns,74.3877,52.9559,214.7219,-1.1989,-34.4328,-152.1706,-0.5717,-0.4020,-0.7152,0.9980,47,30.841270,2.7439,0.5296
BiancaGolden_CircleTurns,73.9160,52.9150,214.5955,-1.2447,-34.5796,-152.0556,-0.5730,-0.4010,-0.7148,0.9980,47,30.856106,2.7392,0.5292
BiancaGolden_CircleTurns,73.4319,52.8856,214.4679,-1.2639,-34.6846,-151.9391,-0.5738,-0.4012,-0.7140,0.9980,47,30.869020,2.7343,0.5289
BiancaGolden_CircleTurns,72.9005,52.8588,214.3465,-1.1845,-34.7522,-151.8240,-0.5736,-0.4005,-0.7146,0.9980,48,30.882736,2.7290,0.5286
BiancaGolden_CircleTurns,72.3568,52.8490,214.2265,-1.0611,-34.7758,-151.6621,-0.5720,-0.4015,-0.7153,0.9980,48,30.895824,2.7236,0.5285
BiancaGolden_CircleTurns,71.8016,52.8394,214.1030,-0.9433,-34.7946,-151.4966,-0.5664,-0.4014,-0.7197,0.9980,49,30.910793,2.7180,0.5284
BiancaGolden_CircleTurns,71.2712,52.8784,213.9468,-0.9104,-34.8404,-151.2913,-0.5626,-0.4028,-0.7220,0.9980,49,30.925407,2.7127,0.5288
BiancaGolden_CircleTurns,70.7508,52.9431,213.8223,-0.8313,-35.0181,-151.0176,-0.5560,-0.4027,-0.7271,0.9980,50,30.938808,2.7075,0.5294
BiancaGolden_CircleTurns,70.1513,52.9941,213.8144,-0.7778,-35.4158,-150.7355,-0.5526,-0.4015,-0.7303,0.9980,50,30.951857,2.7015,0.5299
BiancaGolden_CircleTurns,69.5137,53.0096,213.8423,-0.7838,-35.7461,-150.4898,-0.5499,-0.4023,-0.7319,0.9980,50,30.966345,2.6951,0.5301
BiancaGolden_CircleTurns,68.8973,53.0667,213.8349,-0.8477,-35.8794,-150.2058,-0.5475,-0.4050,-0.7323,0.9980,51,30.979719,2.6890,0.5307
BiancaGolden_CircleTurns,68.3134,53.1488,213.7945,-0.8866,-35.9035,-149.9206,-0.5452,-0.4078,-0.7325,0.9980,51,30.996342,2.6831,0.5315
BiancaGolden_CircleTurns,67.7504,53.2498,213.7869,-0.9447,-35.9223,-149.6336,-0.5418,-0.4093,-0.7341,0.9980,52,31.008617,2.6775,0.5325
BiancaGolden_CircleTurns,67.1437,53.3469,213.8683,-0.8944,-36.0479,-149.3702,-0.5382,-0.4117,-0.7354,0.9980,52,31.021368,2.6714,0.5335
BiancaGolden_CircleTurns,66.5249,53.4142,213.9950,-0.8331,-36.1588,-149.1129,-0.5384,-0.4156,-0.7331,0.9980,52,31.036163,2.6652,0.5341
BiancaGolden_CircleTurns,65.9329,53.5025,214.0961,-0.8047,-36.1250,-148.8261,-0.5440,-0.4223,-0.7251,0.9980,53,31.049232,2.6593,0.5350
BiancaGolden_CircleTurns,65.3928,53.6072,214.1507,-0.8371,-35.9786,-148.5113,-0.5438,-0.4260,-0.7231,0.9980,53,31.062265,2.6539,0.5361
BiancaGolden_CircleTurns,64.8829,53.7160,214.2166,-0.9051,-35.8162,-148.2552,-0.5399,-0.4278,-0.7249,0.9980,54,31.077602,2.6488,0.5372
BiancaGolden_CircleTurns,64.3768,53.8356,214.2827,-0.9597,-35.6438,-147.9819,-0.5401,-0.4315,-0.7225,0.9980,54,31.091164,2.6438,0.5384
BiancaGolden_CircleTurns,63.8669,53.9401,214.3422,-1.0438,-35.4527,-147.7538,-0.5394,-0.4328,-0.7223,0.9980,55,31.105434,2.6387,0.5394
BiancaGolden_CircleTurns,63.3900,54.0299,214.4036,-1.2368,-35.2704,-147.5313,-0.5340,-0.4341,-0.7256,0.9980,55,31.118933,2.6339,0.5403
BiancaGolden_CircleTurns,62.9433,54.1297,214.4501,-1.4239,-35.1162,-147.2660,-0.5314,-0.4384,-0.7249,0.9980,55,31.133406,2.6294,0.5413
BiancaGolden_CircleTurns,62.5310,54.2332,214.4779,-1.5910,-35.0432,-146.9334,-0.5285,-0.4423,-0.7246,0.9980,56,31.146622,2.6253,0.5423
BiancaGolden_CircleTurns,62.1659,54.3314,214.4913,-1.7439,-35.0331,-146.5742,-0.5180,-0.4377,-0.7349,0.9980,56,31.159922,2.6217,0.5433
BiancaGolden_CircleTurns,61.8062,54.4227,214.5052,-1.8635,-35.0487,-146.2022,-0.5154,-0.4410,-0.7348,0.9980,57,31.174894,2.6181,0.5442
BiancaGolden_CircleTurns,61.4673,54.4974,214.5029,-1.9166,-35.0528,-145.8365,-0.5119,-0.4431,-0.7360,0.9980,57,31.189411,2.6147,0.5450
BiancaGolden_CircleTurns,61.1328,54.5555,214.4985,-1.9709,-34.9783,-145.5091,-0.5073,-0.4439,-0.7386,0.9980,57,31.202669,2.6113,0.5456
BiancaGolden_CircleTurns,60.8466,54.6097,214.4613,-1.9217,-34.8465,-145.2274,-0.5043,-0.4392,-0.7435,0.9980,58,31.216219,2.6085,0.5461
BiancaGolden_CircleTurns,60.5435,54.6467,214.4506,-1.8895,-34.7711,-144.9120,-0.5011,-0.4397,-0.7454,0.9980,58,31.229185,2.6054,0.5465
BiancaGolden_CircleTurns,60.2468,54.6721,214.4531,-1.8461,-34.7148,-144.5866,-0.4950,-0.4415,-0.7484,0.9980,59,31.244698,2.6025,0.5467
BiancaGolden_CircleTurns,59.9685,54.6611,214.5040,-1.9675,-34.7777,-144.2839,-0.4911,-0.4439,-0.7495,0.9980,59,31.258406,2.5997,0.5466
BiancaGolden_CircleTurns,59.7018,54.6384,214.5654,-2.1521,-34.8841,-144.0187,-0.4894,-0.4430,-0.7511,0.9980,60,31.271961,2.5970,0.5464
BiancaGolden_CircleTurns,59.4763,54.6094,214.6146,-2.4225,-34.9542,-143.7291,-0.4875,-0.4403,-0.7540,0.9980,60,31.285585,2.5948,0.5461
BiancaGolden_CircleTurns,59.2536,54.5750,214.6568,-2.5960,-34.9782,-143.4962,-0.4845,-0.4411,-0.7554,0.9980,60,31.299799,2.5925,0.5458
BiancaGolden_CircleTurns,59.0262,54.5253,214.7350,-2.7220,-34.9625,-143.2822,-0.4796,-0.4404,-0.7590,0.9980,61,31.313173,2.5903,0.5453
BiancaGolden_CircleTurns,58.7942,54.4175,214.8728,-2.8155,-34.9689,-143.1283,-0.4829,-0.4336,-0.7608,0.9980,61,31.326212,2.5879,0.5442
BiancaGolden_CircleTurns,58.5980,54.3152,214.9702,-2.8909,-34.8562,-142.9763,-0.4827,-0.4365,-0.7592,0.9980,62,31.341316,2.5860,0.5432
BiancaGolden_CircleTurns,58.4436,54.2268,215.0393,-2.8842,-34.7097,-142.7839,-0.4832,-0.4392,-0.7574,0.9980,62,31.354937,2.5844,0.5423
BiancaGolden_CircleTurns,58.2924,54.1246,215.1212,-2.8533,-34.5460,-142.6042,-0.4837,-0.4417,-0.7556,0.9980,62,31.369167,2.5829,0.5412
BiancaGolden_CircleTurns,58.1408,54.0169,215.2230,-2.8517,-34.3828,-142.4064,-0.4815,-0.4473,-0.7537,0.9980,63,31.383308,2.5814,0.5402
BiancaGolden_CircleTurns,57.9925,53.8900,215.3219,-2.8708,-34.1816,-142.2987,-0.4681,-0.4697,-0.7485,0.9980,63,31.396177,2.5799,0.5389
BiancaGolden_CircleTurns,57.8780,53.7890,215.3691,-2.9014,-33.9082,-142.2392,-0.4656,-0.4843,-0.7407,0.9980,64,31.411415,2.5788,0.5379
BiancaGolden_CircleTurns,57.7832,53.6903,215.3940,-2.8907,-33.6113,-142.2413,-0.4690,-0.4859,-0.7375,0.9980,64,31.424738,2.5778,0.5369
BiancaGolden_CircleTurns,57.7096,53.5978,215.4083,-2.8493,-33.3430,-142.2744,-0.4712,-0.4887,-0.7342,0.9980,65,31.438498,2.5771,0.5360
BiancaGolden_CircleTurns,57.6837,53.5000,215.3989,-2.7815,-33.0547,-142.3370,-0.4718,-0.4869,-0.7350,0.9980,65,31.452034,2.5768,0.5350
BiancaGolden_CircleTurns,57.6711,53.4147,215.3839,-2.7515,-32.8247,-142.3921,-0.4727,-0.4861,-0.7351,0.9980,65,31.466721,2.5767,0.5341
BiancaGolden_CircleTurns,57.7277,53.3308,215.3485,-2.7368,-32.6566,-142.5002,-0.4681,-0.4785,-0.7429,0.9980,66,31.480074,2.5773,0.5333
BiancaGolden_CircleTurns,57.7795,53.2552,215.3467,-2.7537,-32.6126,-142.5944,-0.4654,-0.4757,-0.7464,0.9980,66,31.495970,2.5778,0.5326
BiancaGolden_CircleTurns,57.8245,53.1589,215.4034,-2.8144,-32.7241,-142.7059,-0.4658,-0.4734,-0.7476,0.9980,67,31.508299,2.5782,0.5316
BiancaGolden_CircleTurns,57.8782,53.0361,215.4861,-2.8911,-32.8367,-142.9160,-0.4642,-0.4691,-0.7513,0.9980,67,31.520611,2.5788,0.5304
BiancaGolden_CircleTurns,57.9390,52.9059,215.5666,-3.0316,-32.8991,-143.2174,-0.4605,-0.4608,-0.7587,0.9980,67,31.534807,2.5794,0.5291
BiancaGolden_CircleTurns,57.9226,52.7085,215.7476,-3.1209,-32.9496,-143.5327,-0.4640,-0.4581,-0.7582,0.9980,68,31.547670,2.5792,0.5271
BiancaGolden_CircleTurns,57.8284,52.4140,216.0221,-3.1415,-32.8267,-143.9324,-0.4712,-0.4585,-0.7535,0.9980,68,31.560503,2.5783,0.5241
BiancaGolden_CircleTurns,57.7484,52.0479,216.2319,-3.1550,-32.3505,-144.3683,-0.4803,-0.4611,-0.7461,0.9980,69,31.575304,2.5775,0.5205
BiancaGolden_CircleTurns,57.7017,51.7346,216.3517,-3.0714,-31.7511,-144.6380,-0.4855,-0.4617,-0.7424,0.9980,69,31.589115,2.5770,0.5173
BiancaGolden_CircleTurns,57.7332,51.4530,216.4052,-2.9006,-31.2135,-144.7645,-0.4908,-0.4572,-0.7417,0.9980,69,31.602419,2.5773,0.5145
BiancaGolden_CircleTurns,57.7677,51.1761,216.4163,-2.6286,-30.9054,-144.8557,-0.4897,-0.4535,-0.7447,0.9980,70,31.615696,2.5777,0.5118
BiancaGolden_CircleTurns,57.8140,50.9006,216.3839,-2.2980,-30.7658,-144.9381,-0.4882,-0.4520,-0.7466,0.9980,70,31.628569,2.5781,0.5090
BiancaGolden_CircleTurns,57.8425,50.6375,216.3564,-2.0060,-30.8143,-144.9567,-0.4718,-0.4406,-0.7637,0.9980,71,31.643219,2.5784,0.5064
BiancaGolden_CircleTurns,57.8424,50.3585,216.3534,-1.7647,-31.0494,-145.0278,-0.4705,-0.4363,-0.7670,0.9980,71,31.656872,2.5784,0.5036
BiancaGolden_CircleTurns,57.7932,50.0132,216.4008,-1.6708,-31.2424,-145.2520,-0.4720,-0.4324,-0.7683,0.9980,71,31.670002,2.5779,0.5001
BiancaGolden_CircleTurns,57.6943,49.6393,216.4563,-1.6187,-31.3557,-145.5911,-0.4262,-0.3573,-0.8311,0.9980,72,31.683817,2.5769,0.4964
BiancaGolden_CircleTurns,57.5692,49.2400,216.4615,-1.5386,-31.3552,-145.9432,-0.4199,-0.3369,-0.8427,0.9980,73,31.709469,2.5757,0.4924
BiancaGolden_CircleTurns,57.4397,48.4995,216.4547,-1.3530,-31.3432,-146.3824,-0.4140,-0.3345,-0.8466,0.9980,73,31.725761,2.5744,0.4850
BiancaGolden_CircleTurns,57.3721,48.0965,216.4282,-1.3111,-31.4428,-146.5271,-0.4129,-0.3326,-0.8479,0.9980,74,31.739790,2.5737,0.4810
BiancaGolden_CircleTurns,57.2983,47.7002,216.3940,-1.2685,-31.5624,-146.6058,-0.4113,-0.3301,-0.8496,0.9980,74,31.754162,2.5730,0.4770
BiancaGolden_CircleTurns,57.2230,47.3034,216.3415,-1.1518,-31.7109,-146.6332,-0.4007,-0.3330,-0.8536,0.9980,74,31.768215,2.5722,0.4730
BiancaGolden_CircleTurns,57.1654,46.9334,216.2850,-1.0790,-31.9254,-146.6537,-0.3899,-0.3269,-0.8609,0.9980,75,31.782221,2.5717,0.4693
BiancaGolden_CircleTurns,57.1254,46.5655,216.2240,-0.9889,-32.2822,-146.7206,-0.3860,-0.3223,-0.8644,0.9980,75,31.795921,2.5713,0.4657
BiancaGolden_CircleTurns,57.0749,46.2139,216.1643,-0.8591,-32.6709,-146.7988,-0.3869,-0.3207,-0.8645,0.9980,76,31.810526,2.5707,0.4621
BiancaGolden_CircleTurns,57.0245,45.8672,216.1242,-0.7258,-33.1079,-146.8362,-0.3843,-0.3165,-0.8673,0.9980,76,31.823303,2.5702,0.4587
BiancaGolden_CircleTurns,56.9526,45.5083,216.1018,-0.5777,-33.4105,-146.9438,-0.3835,-0.3137,-0.8686,0.9980,76,31.837294,2.5695,0.4551
BiancaGolden_CircleTurns,56.8798,45.1559,216.1052,-0.5274,-33.5594,-147.0254,-0.3843,-0.3125,-0.8687,0.9980,77,31.850710,2.5688,0.4516
BiancaGolden_CircleTurns,56.7977,44.8100,216.1089,-0.4583,-33.5354,-147.1245,-0.3862,-0.3125,-0.8679,0.9980,77,31.863035,2.5680,0.4481
BiancaGolden_CircleTurns,56.7437,44.4956,216.0876,-0.3977,-33.4359,-147.1959,-0.3876,-0.3126,-0.8672,0.9980,78,31.878424,2.5674,0.4450
BiancaGolden_CircleTurns,56.7006,44.1948,216.0766,-0.3097,-33.3662,-147.2897,-0.3862,-0.3106,-0.8685,0.9980,78,31.891220,2.5670,0.4419
BiancaGolden_CircleTurns,56.6720,43.9436,216.0800,-0.2766,-33.3723,-147.3532,-0.3883,-0.3053,-0.8695,0.9980,79,31.906313,2.5667,0.4394
BiancaGolden_CircleTurns,56.6755,43.7305,216.0777,-0.2071,-33.4558,-147.4452,-0.3882,-0.3023,-0.8706,0.9980,79,31.931955,2.5668,0.4373
BiancaGolden_CircleTurns,56.6214,43.2190,216.0830,-0.0534,-33.5964,-147.5935,-0.3886,-0.3010,-0.8709,0.9980,80,31.944780,2.5662,0.4322
BiancaGolden_CircleTurns,56.5781,42.9768,216.1216,-0.0050,-33.6275,-147.7058,-0.3951,-0.2981,-0.8689,0.9980,80,31.958729,2.5658,0.4298
BiancaGolden_CircleTurns,56.5314,42.7608,216.1507,0.0503,-33.6080,-147.7976,-0.4013,-0.2844,-0.8707,0.9980,81,31.973568,2.5653,0.4276
BiancaGolden_CircleTurns,56.4847,42.5498,216.1663,0.1244,-33.5391,-147.8835,-0.4172,-0.2628,-0.8700,0.9980,81,31.988043,2.5648,0.4255
BiancaGolden_CircleTurns,56.4471,42.3513,216.1547,0.1642,-33.4216,-147.9948,-0.4196,-0.2628,-0.8689,0.9980,82,32.007439,2.5645,0.4235
BiancaGolden_CircleTurns,56.3878,42.1416,216.1476,0.2067,-33.2894,-148.1023,-0.4310,-0.2135,-0.8767,0.9980,82,32.016159,2.5639,0.4214
BiancaGolden_CircleTurns,56.3052,41.9506,216.1385,0.2680,-33.1462,-148.2288,-0.4097,-0.1992,-0.8902,0.9980,82,32.030315,2.5631,0.4195
BiancaGolden_CircleTurns,56.2284,41.7604,216.1191,0.2977,-33.0652,-148.3100,-0.4279,-0.2219,-0.8761,0.9980,83,32.042675,2.5623,0.4176
BiancaGolden_CircleTurns,56.1344,41.5799,216.0802,0.3142,-33.0329,-148.4170,-0.4370,-0.2370,-0.8677,0.9980,83,32.056957,2.5613,0.4158
BiancaGolden_CircleTurns,56.0462,41.4091,216.0427,0.2561,-33.0792,-148.5144,-0.4306,-0.2670,-0.8621,0.9980,84,32.072037,2.5605,0.4141
BiancaGolden_CircleTurns,55.9479,41.2695,215.9659,0.1809,-33.1797,-148.5958,-0.4304,-0.2649,-0.8629,0.9980,84,32.096546,2.5595,0.4127
BiancaGolden_CircleTurns,55.7655,40.9591,215.8510,0.2107,-33.2681,-148.7576,-0.4310,-0.2713,-0.8606,0.9980,85,32.109928,2.5577,0.4096
BiancaGolden_CircleTurns,55.6601,40.8630,215.7640,0.2898,-33.4434,-148.7535,-0.4313,-0.2714,-0.8604,0.9980,85,32.124775,2.5566,0.4086
BiancaGolden_CircleTurns,55.5626,40.7327,215.7063,0.3380,-33.6090,-148.8149,-0.4239,-0.2821,-0.8607,0.9980,85,32.137741,2.5556,0.4073
BiancaGolden_CircleTurns,55.4201,40.6377,215.6397,0.2793,-33.7618,-148.7045,-0.4187,-0.2864,-0.8618,0.9980,86,32.150902,2.5542,0.4064
BiancaGolden_CircleTurns,55.3256,40.5003,215.6025,0.2718,-33.9447,-148.8136,-0.4173,-0.2857,-0.8627,0.9980,86,32.164516,2.5533,0.4050
BiancaGolden_CircleTurns,55.1403,40.4514,215.5290,0.2644,-34.0612,-148.7328,-0.4156,-0.2854,-0.8636,0.9980,87,32.178799,2.5514,0.4045
BiancaGolden_CircleTurns,54.9906,40.4038,215.4889,0.3107,-34.1635,-148.6240,-0.4134,-0.2920,-0.8625,0.9980,87,32.190971,2.5499,0.4040
BiancaGolden_CircleTurns,54.8067,40.3365,215.4497,0.3884,-34.2684,-148.6197,-0.4082,-0.2982,-0.8628,0.9980,88,32.206074,2.5481,0.4034
BiancaGolden_CircleTurns,54.6310,40.3154,215.4083,0.4246,-34.3167,-148.5310,-0.4090,-0.2919,-0.8646,0.9980,88,32.218945,2.5463,0.4032
BiancaGolden_CircleTurns,54.5841,40.3531,215.4220,0.4289,-34.2819,-148.4387,-0.4076,-0.2912,-0.8655,0.9980,88,32.233704,2.5458,0.4035
BiancaGolden_CircleTurns,54.2011,40.2891,215.3529,0.5343,-34.3794,-148.3318,-0.4067,-0.2917,-0.8657,0.9980,89,32.248356,2.5420,0.4029
BiancaGolden_CircleTurns,53.9743,40.2837,215.3423,0.5770,-34.4055,-148.1918,-0.4091,-0.2945,-0.8636,0.9980,89,32.261906,2.5397,0.4028
BiancaGolden_CircleTurns,53.7371,40.3153,215.3371,0.5726,-34.4616,-148.0749,-0.4070,-0.2950,-0.8645,0.9980,90,32.278488,2.5374,0.4032
BiancaGolden_CircleTurns,53.5056,40.3739,215.3132,0.5420,-34.5602,-147.9216,-0.4055,-0.2995,-0.8636,0.9980,90,32.292759,2.5351,0.4037
BiancaGolden_CircleTurns,53.2533,40.4754,215.2965,0.5579,-34.7043,-147.7763,-0.4004,-0.2989,-0.8662,0.9980,91,32.306976,2.5325,0.4048
BiancaGolden_CircleTurns,52.9838,40.5679,215.2719,0.5943,-34.8171,-147.6512,-0.3990,-0.3001,-0.8665,0.9980,91,32.320480,2.5298,0.4057
BiancaGolden_CircleTurns,52.7127,40.6416,215.2515,0.5714,-34.8670,-147.5122,-0.4004,-0.3012,-0.8654,0.9980,91,32.335251,2.5271,0.4064
BiancaGolden_CircleTurns,52.3815,40.7514,215.2296,0.5076,-34.8190,-147.3310,-0.4004,-0.3041,-0.8644,0.9980,92,32.349331,2.5238,0.4075
BiancaGolden_CircleTurns,52.0448,40.8565,215.2087,0.4585,-34.7009,-147.0910,-0.4022,-0.3053,-0.8632,0.9980,92,32.363026,2.5204,0.4086
BiancaGolden_CircleTurns,51.7088,40.9616,215.1805,0.4531,-34.5864,-146.8771,-0.4040,-0.3077,-0.8615,0.9980,93,32.378906,2.5171,0.4096
BiancaGolden_CircleTurns,51.3761,41.1003,215.1273,0.4172,-34.5070,-146.5874,-0.4023,-0.3104,-0.8613,0.9980,93,32.392452,2.5138,0.4110
BiancaGolden_CircleTurns,51.0406,41.2471,215.0601,0.3493,-34.4927,-146.2916,-0.3978,-0.3134,-0.8623,0.9980,94,32.407913,2.5104,0.4125
BiancaGolden_CircleTurns,50.7066,41.4244,214.9732,0.2774,-34.5535,-145.9786,-0.3938,-0.3148,-0.8636,0.9980,94,32.420563,2.5071,0.4142
BiancaGolden_CircleTurns,50.3625,41.6177,214.8893,0.2197,-34.7133,-145.6214,-0.3830,-0.3126,-0.8693,0.9980,94,32.435513,2.5036,0.4162
BiancaGolden_CircleTurns,49.9999,41.8131,214.7969,0.1839,-34.8655,-145.2867,-0.3792,-0.3139,-0.8705,0.9980,95,32.449535,2.5000,0.4181
BiancaGolden_CircleTurns,49.6457,42.0218,214.6911,0.1247,-35.0052,-144.8275,-0.3769,-0.3190,-0.8696,0.9980,95,32.461502,2.4965,0.4202
BiancaGolden_CircleTurns,49.2811,42.2324,214.5920,0.0614,-35.1358,-144.3790,-0.3735,-0.3205,-0.8705,0.9980,96,32.477306,2.4928,0.4223
BiancaGolden_CircleTurns,48.9241,42.4697,214.4803,-0.0994,-35.2613,-143.8969,-0.3678,-0.3219,-0.8724,0.9980,96,32.490494,2.4892,0.4247
BiancaGolden_CircleTurns,48.5049,42.7110,214.4335,-0.2048,-35.4789,-143.4029,-0.3632,-0.3230,-0.8739,0.9980,97,32.509102,2.4850,0.4271
BiancaGolden_CircleTurns,48.0230,42.9421,214.4316,-0.2110,-35.6539,-142.9743,-0.3613,-0.3228,-0.8748,0.9980,97,32.519558,2.4802,0.4294
BiancaGolden_CircleTurns,47.5536,43.1790,214.4063,-0.1302,-35.7701,-142.5397,-0.3586,-0.3272,-0.8743,0.9980,97,32.532578,2.4755,0.4318
BiancaGolden_CircleTurns,47.0556,43.4248,214.3748,-0.0885,-35.8667,-142.1436,-0.3610,-0.3227,-0.8750,0.9980,98,32.545589,2.4706,0.4342
BiancaGolden_CircleTurns,46.5514,43.6777,214.3443,-0.0322,-35.9289,-141.7099,-0.3589,-0.3279,-0.8739,0.9980,98,32.558716,2.4655,0.4368
BiancaGolden_CircleTurns,46.0905,43.9647,214.2464,-0.0575,-35.9749,-141.3680,-0.3574,-0.3284,-0.8743,0.9980,99,32.572620,2.4609,0.4396
BiancaGolden_CircleTurns,45.6315,44.2835,214.1073,-0.1153,-36.0489,-140.9845,-0.3532,-0.3297,-0.8755,0.9980,99,32.586014,2.4563,0.4428
BiancaGolden_CircleTurns,45.1174,44.5728,214.0193,-0.2032,-36.1960,-140.6218,-0.3545,-0.3338,-0.8734,0.9980,99,32.600334,2.4512,0.4457
BiancaGolden_CircleTurns,44.5963,44.8445,213.9671,-0.2462,-36.3893,-140.3184,-0.3543,-0.3320,-0.8742,0.9980,100,32.613483,2.4460,0.4484
BiancaGolden_CircleTurns,44.0887,45.1149,213.8842,-0.2527,-36.6350,-140.0738,-0.3478,-0.3293,-0.8779,0.9980,100,32.625866,2.4409,0.4511
BiancaGolden_CircleTurns,43.6093,45.4322,213.7594,-0.3580,-36.8962,-139.7711,-0.3402,-0.3276,-0.8815,0.9980,101,32.640701,2.4361,0.4543
BiancaGolden_CircleTurns,43.1391,45.7373,213.6283,-0.4673,-37.1849,-139.4806,-0.3352,-0.3271,-0.8835,0.9980,101,32.654480,2.4314,0.4574
BiancaGolden_CircleTurns,42.6659,46.0443,213.5086,-0.5565,-37.4436,-139.1987,-0.3285,-0.3291,-0.8853,0.9980,101,32.668362,2.4267,0.4604
BiancaGolden_CircleTurns,42.1782,46.3370,213.4084,-0.6302,-37.6896,-138.9408,-0.3249,-0.3288,-0.8868,0.9980,102,32.681347,2.4218,0.4634
BiancaGolden_CircleTurns,41.6898,46.6194,213.3010,-0.6472,-37.8706,-138.7451,-0.3340,-0.3328,-0.8819,0.9980,102,32.695175,2.4169,0.4662
BiancaGolden_CircleTurns,41.2211,46.8764,213.1529,-0.7408,-37.9306,-138.5760,-0.3249,-0.3402,-0.8825,0.9980,103,32.722797,2.4122,0.4688
BiancaGolden_CircleTurns,40.2757,47.4281,212.8810,-0.8578,-38.1835,-138.0591,-0.3222,-0.3407,-0.8832,0.9980,103,32.735382,2.4028,0.4743
BiancaGolden_CircleTurns,39.8170,47.6916,212.7320,-0.8721,-38.2785,-137.8044,-0.3187,-0.3438,-0.8833,0.9980,104,32.749599,2.3982,0.4769
BiancaGolden_CircleTurns,39.3843,47.9627,212.5732,-0.9361,-38.4029,-137.5329,-0.3176,-0.3484,-0.8819,0.9980,104,32.761372,2.3938,0.4796
BiancaGolden_CircleTurns,38.9609,48.2354,212.4133,-0.9652,-38.5016,-137.2757,-0.3185,-0.3527,-0.8799,0.9980,105,32.775379,2.3896,0.4824
BiancaGolden_CircleTurns,38.5630,48.5275,212.2565,-1.0442,-38.6353,-137.0241,-0.3178,-0.3523,-0.8803,0.9980,105,32.787312,2.3856,0.4853
BiancaGolden_CircleTurns,38.6242,48.5281,212.2670,-1.0986,-38.6913,-137.0481,-0.3143,-0.3526,-0.8814,0.9980,105,32.800938,2.3862,0.4853
BiancaGolden_CircleTurns,38.2713,48.8130,212.1317,-1.2696,-38.9564,-136.8681,-0.3038,-0.3598,-0.8822,0.9980,106,32.813969,2.3827,0.4881
BiancaGolden_CircleTurns,37.9390,49.0977,212.0013,-1.4238,-39.2362,-136.6714,-0.2986,-0.3583,-0.8846,0.9980,106,32.826389,2.3794,0.4910
BiancaGolden_CircleTurns,37.6209,49.3813,211.8965,-1.5209,-39.5395,-136.4533,-0.2971,-0.3611,-0.8839,0.9980,107,32.841110,2.3762,0.4938
BiancaGolden_CircleTurns,37.3639,49.6165,211.8463,-1.6961,-39.8080,-136.2871,-0.2895,-0.3633,-0.8856,0.9980,107,32.868851,2.3736,0.4962
BiancaGolden_CircleTurns,36.7535,50.1186,211.7060,-2.0141,-40.2293,-135.8738,-0.2877,-0.3648,-0.8855,0.9980,108,32.883190,2.3675,0.5012
BiancaGolden_CircleTurns,36.4809,50.3187,211.6983,-2.1619,-40.3523,-135.6985,-0.2977,-0.3633,-0.8828,0.9980,108,32.897240,2.3648,0.5032
BiancaGolden_CircleTurns,36.2060,50.5131,211.7127,-2.2694,-40.4087,-135.4930,-0.2967,-0.3648,-0.8825,0.9980,109,32.910782,2.3621,0.5051
BiancaGolden_CircleTurns,35.9483,50.6660,211.7496,-2.3461,-40.3782,-135.3379,-0.2989,-0.3690,-0.8800,0.9980,109,32.923969,2.3595,0.5067
BiancaGolden_CircleTurns,35.6930,50.8083,211.7786,-2.4059,-40.2964,-135.1886,-0.3019,-0.3817,-0.8736,0.9980,110,32.938889,2.3569,0.5081
BiancaGolden_CircleTurns,35.4571,50.9217,211.7975,-2.3596,-40.1312,-135.0137,-0.2999,-0.3865,-0.8722,0.9980,110,32.952724,2.3546,0.5092
BiancaGolden_CircleTurns,35.2090,51.0423,211.8116,-2.3523,-40.0132,-134.8440,-0.3057,-0.3894,-0.8689,0.9980,110,32.965202,2.3521,0.5104
BiancaGolden_CircleTurns,34.9766,51.1343,211.8310,-2.3836,-39.9092,-134.6857,-0.3056,-0.3942,-0.8667,0.9980,111,32.978577,2.3498,0.5113
BiancaGolden_CircleTurns,34.7330,51.1943,211.8669,-2.4028,-39.8454,-134.5965,-0.3046,-0.3953,-0.8666,0.9980,111,32.995903,2.3473,0.5119
BiancaGolden_CircleTurns,34.4849,51.2222,211.9003,-2.4755,-39.8321,-134.4872,-0.3042,-0.3955,-0.8666,0.9980,112,33.007771,2.3448,0.5122
BiancaGolden_CircleTurns,34.2305,51.2065,211.9409,-2.5483,-39.8415,-134.4625,-0.3049,-0.3970,-0.8657,0.9980,112,33.020229,2.3423,0.5121
BiancaGolden_CircleTurns,33.9794,51.1710,211.9624,-2.6294,-39.8778,-134.4795,-0.3023,-0.3946,-0.8677,0.9980,112,33.034187,2.3398,0.5117
BiancaGolden_CircleTurns,33.7350,51.1263,211.9773,-2.6124,-39.9245,-134.4337,-0.3017,-0.3931,-0.8686,0.9980,113,33.047237,2.3373,0.5113
BiancaGolden_CircleTurns,33.4967,51.0664,211.9788,-2.5191,-40.0091,-134.3723,-0.3001,-0.3912,-0.8700,0.9980,113,33.060223,2.3350,0.5107
BiancaGolden_CircleTurns,33.2794,50.9710,211.9672,-2.4496,-40.0726,-134.2741,-0.2997,-0.3906,-0.8704,0.9980,114,33.075459,2.3328,0.5097
BiancaGolden_CircleTurns,33.0642,50.8636,211.9647,-2.4462,-40.1161,-134.2353,-0.2964,-0.3869,-0.8732,0.9980,114,33.088886,2.3306,0.5086
BiancaGolden_CircleTurns,32.8592,50.7412,211.9417,-2.3996,-40.1538,-134.1964,-0.2957,-0.3826,-0.8753,0.9980,114,33.104313,2.3286,0.5074
BiancaGolden_CircleTurns,32.6498,50.6053,211.9322,-2.3107,-40.2344,-134.1745,-0.2955,-0.3772,-0.8778,0.9980,115,33.117966,2.3265,0.5061
BiancaGolden_CircleTurns,32.4640,50.4612,211.9105,-2.2343,-40.3608,-134.1430,-0.2946,-0.3758,-0.8786,0.9980,115,33.130173,2.3246,0.5046
BiancaGolden_CircleTurns,32.3070,50.2689,211.8732,-2.1647,-40.4705,-134.1667,-0.2920,-0.3789,-0.8782,0.9980,116,33.146049,2.3231,0.5027
BiancaGolden_CircleTurns,32.1462,50.0883,211.8338,-2.1531,-40.5179,-134.1593,-0.2923,-0.3793,-0.8779,0.9980,116,33.159691,2.3215,0.5009
BiancaGolden_CircleTurns,32.0120,49.9001,211.7808,-2.1285,-40.4814,-134.1392,-0.2921,-0.3802,-0.8776,0.9980,117,33.173717,2.3201,0.4990
BiancaGolden_CircleTurns,31.8832,49.7071,211.7282,-2.0841,-40.4495,-134.1389,-0.2923,-0.3785,-0.8782,0.9980,117,33.186764,2.3188,0.4971
BiancaGolden_CircleTurns,31.7724,49.5109,211.6690,-2.0509,-40.4264,-134.1133,-0.2897,-0.3778,-0.8794,0.9980,117,33.201607,2.3177,0.4951
BiancaGolden_CircleTurns,31.6562,49.2689,211.6625,-2.0608,-40.4841,-134.1273,-0.2878,-0.3725,-0.8823,0.9980,118,33.215042,2.3166,0.4927
BiancaGolden_CircleTurns,31.5700,49.0351,211.6559,-2.1388,-40.5896,-134.1667,-0.2821,-0.3753,-0.8829,0.9980,118,33.228146,2.3157,0.4904
BiancaGolden_CircleTurns,31.4428,48.7600,211.6608,-2.2473,-40.7293,-134.2622,-0.2814,-0.3738,-0.8838,0.9980,119,33.243874,2.3144,0.4876
BiancaGolden_CircleTurns,31.3225,48.4491,211.7029,-2.4274,-40.8546,-134.4680,-0.2845,-0.3709,-0.8840,0.9980,119,33.257782,2.3132,0.4845
BiancaGolden_CircleTurns,31.1646,48.0806,211.7946,-2.5486,-41.0083,-134.7009,-0.2840,-0.3744,-0.8827,0.9980,120,33.272224,2.3116,0.4808
BiancaGolden_CircleTurns,31.0363,47.7421,211.8370,-2.5062,-41.0004,-134.8872,-0.2852,-0.3736,-0.8826,0.9980,120,33.286030,2.3104,0.4774
BiancaGolden_CircleTurns,30.9576,47.4235,211.8438,-2.4274,-40.9810,-135.0042,-0.2844,-0.3772,-0.8814,0.9980,120,33.299267,2.3096,0.4742
BiancaGolden_CircleTurns,30.9069,47.1246,211.8191,-2.2625,-40.8568,-135.1007,-0.2872,-0.3781,-0.8801,0.9980,121,33.312939,2.3091,0.4712
BiancaGolden_CircleTurns,30.8580,46.8657,211.7896,-2.0664,-40.8089,-135.1142,-0.2882,-0.3777,-0.8799,0.9980,121,33.325932,2.3086,0.4687
BiancaGolden_CircleTurns,30.8054,46.6209,211.7520,-1.7562,-40.7514,-134.9945,-0.2903,-0.3761,-0.8799,0.9980,122,33.342007,2.3081,0.4662
BiancaGolden_CircleTurns,30.7617,46.3839,211.7054,-1.5380,-40.7211,-134.9724,-0.2908,-0.3739,-0.8807,0.9980,122,33.355305,2.3076,0.4638
BiancaGolden_CircleTurns,30.7195,46.1590,211.6663,-1.3915,-40.7586,-134.9825,-0.2867,-0.3701,-0.8837,0.9980,122,33.369808,2.3072,0.4616
BiancaGolden_CircleTurns,30.6738,45.9357,211.6538,-1.3485,-40.8353,-135.0170,-0.2814,-0.3667,-0.8868,0.9980,123,33.382320,2.3067,0.4594
BiancaGolden_CircleTurns,30.6381,45.7082,211.6395,-1.3422,-40.9764,-135.0722,-0.2778,-0.3623,-0.8897,0.9980,123,33.396843,2.3064,0.4571
BiancaGolden_CircleTurns,30.5659,45.4607,211.6284,-1.3507,-41.0724,-135.1927,-0.2783,-0.3611,-0.8900,0.9980,124,33.411453,2.3057,0.4546
BiancaGolden_CircleTurns,30.4800,45.1948,211.6393,-1.3488,-41.1161,-135.3218,-0.2777,-0.3596,-0.8909,0.9980,124,33.424786,2.3048,0.4519
BiancaGolden_CircleTurns,30.3683,44.9077,211.6380,-1.3331,-41.0589,-135.3963,-0.2787,-0.3598,-0.8904,0.9980,125,33.439114,2.3037,0.4491
BiancaGolden_CircleTurns,30.2526,44.6368,211.6300,-1.2967,-40.9826,-135.4352,-0.2796,-0.3622,-0.8892,0.9980,125,33.452446,2.3025,0.4464
BiancaGolden_CircleTurns,30.1459,44.3723,211.5960,-1.2070,-40.8347,-135.4537,-0.2830,-0.3662,-0.8865,0.9980,125,33.468075,2.3015,0.4437
BiancaGolden_CircleTurns,30.0568,44.1610,211.5240,-1.0754,-40.7375,-135.4376,-0.2844,-0.3654,-0.8863,0.9980,126,33.481022,2.3006,0.4416
BiancaGolden_CircleTurns,29.9762,43.9753,211.4298,-0.9594,-40.6896,-135.3785,-0.2808,-0.3587,-0.8902,0.9980,126,33.496822,2.2998,0.4398
BiancaGolden_CircleTurns,29.9055,43.8299,211.3303,-0.8460,-40.7758,-135.3430,-0.2783,-0.3563,-0.8920,0.9980,127,33.509171,2.2991,0.4383
BiancaGolden_CircleTurns,29.8499,43.6812,211.2392,-0.8177,-40.9610,-135.3292,-0.2753,-0.3530,-0.8942,0.9980,127,33.522026,2.2985,0.4368
BiancaGolden_CircleTurns,29.7858,43.5263,211.1826,-0.8464,-41.2839,-135.3715,-0.2720,-0.3511,-0.8960,0.9980,127,33.536247,2.2979,0.4353
BiancaGolden_CircleTurns,29.7220,43.3678,211.1456,-0.9284,-41.6531,-135.4233,-0.2671,-0.3483,-0.8985,0.9980,128,33.549431,2.2972,0.4337
BiancaGolden_CircleTurns,29.6373,43.1705,211.1347,-1.0129,-41.9951,-135.5084,-0.2593,-0.3408,-0.9037,0.9980,128,33.562706,2.2964,0.4317
BiancaGolden_CircleTurns,29.5086,42.9408,211.1627,-1.0346,-42.2739,-135.5076,-0.2577,-0.3406,-0.9042,0.9980,129,33.577919,2.2951,0.4294
BiancaGolden_CircleTurns,29.3825,42.7147,211.1907,-0.9496,-42.3600,-135.3196,-0.2574,-0.3417,-0.9039,0.9980,129,33.591217,2.2938,0.4271
BiancaGolden_CircleTurns,29.2287,42.4831,211.2293,-0.7548,-42.2738,-134.9963,-0.2578,-0.3479,-0.9014,0.9980,130,33.605747,2.2923,0.4248
BiancaGolden_CircleTurns,29.0792,42.2513,211.2644,-0.5877,-42.0418,-134.5344,-0.2556,-0.3545,-0.8994,0.9980,130,33.619476,2.2908,0.4225
BiancaGolden_CircleTurns,28.9338,42.0247,211.2885,-0.4763,-41.7971,-134.1170,-0.2271,-0.3814,-0.8961,0.9980,130,33.633636,2.2893,0.4202
BiancaGolden_CircleTurns,28.8075,41.8586,211.3082,-0.4422,-41.6701,-133.5834,-0.2033,-0.4173,-0.8857,0.9980,131,33.647472,2.2881,0.4186
BiancaGolden_CircleTurns,28.7079,41.7073,211.3048,-0.4208,-41.6857,-133.0993,-0.1829,-0.4404,-0.8790,0.9980,131,33.660709,2.2871,0.4171
BiancaGolden_CircleTurns,28.6203,41.6030,211.2709,-0.3827,-41.8564,-132.5877,-0.1771,-0.4400,-0.8804,0.9980,132,33.675930,2.2862,0.4160
BiancaGolden_CircleTurns,28.5253,41.4936,211.2602,-0.4240,-42.0455,-132.1035,-0.1593,-0.4541,-0.8766,0.9980,132,33.690762,2.2853,0.4149
BiancaGolden_CircleTurns,28.4142,41.3758,211.2706,-0.4622,-42.2465,-131.6950,-0.1539,-0.4554,-0.8769,0.9980,132,33.703655,2.2841,0.4138
BiancaGolden_CircleTurns,28.2711,41.2623,211.2978,-0.5816,-42.3226,-131.1624,-0.1527,-0.4527,-0.8785,0.9980,133,33.716858,2.2827,0.4126
BiancaGolden_CircleTurns,28.1097,41.1450,211.3419,-0.6214,-42.3109,-130.6187,-0.1504,-0.4542,-0.8781,0.9980,133,33.730419,2.2811,0.4115
BiancaGolden_CircleTurns,27.9595,41.0569,211.3694,-0.6357,-42.2262,-130.0091,-0.1468,-0.4580,-0.8767,0.9980,134,33.745609,2.2796,0.4106
BiancaGolden_CircleTurns,27.8119,40.9847,211.3943,-0.6880,-42.0613,-129.3802,-0.1484,-0.4630,-0.8738,0.9980,134,33.759678,2.2781,0.4098
BiancaGolden_CircleTurns,27.6350,40.9324,211.4212,-0.7302,-41.9537,-128.7821,-0.1448,-0.4665,-0.8726,0.9980,135,33.773872,2.2764,0.4093
BiancaGolden_CircleTurns,27.4528,40.8858,211.4497,-0.7329,-41.7896,-128.1554,-0.1442,-0.4660,-0.8729,0.9980,135,33.787174,2.2745,0.4089
BiancaGolden_CircleTurns,27.2448,40.8623,211.4660,-0.7535,-41.6290,-127.4600,-0.1432,-0.4665,-0.8728,0.9980,135,33.801846,2.2724,0.4086
BiancaGolden_CircleTurns,27.0436,40.8425,211.4750,-0.7762,-41.5339,-126.7683,-0.1379,-0.4699,-0.8719,0.9980,136,33.814846,2.2704,0.4084
BiancaGolden_CircleTurns,26.8311,40.8541,211.4858,-0.8365,-41.4331,-126.0348,-0.1316,-0.4728,-0.8713,0.9980,136,33.827568,2.2683,0.4085
BiancaGolden_CircleTurns,26.6280,40.9001,211.4938,-0.9273,-41.3813,-125.2491,-0.1252,-0.4713,-0.8730,0.9980,137,33.842438,2.2663,0.4090
BiancaGolden_CircleTurns,26.4147,40.9580,211.4968,-1.0727,-41.3428,-124.4535,-0.1208,-0.4708,-0.8739,0.9980,137,33.857357,2.2641,0.4096
BiancaGolden_CircleTurns,26.1958,41.0504,211.4977,-1.2366,-41.2799,-123.6096,-0.1189,-0.4707,-0.8742,0.9980,137,33.871304,2.2620,0.4105
BiancaGolden_CircleTurns,25.9688,41.1532,211.4973,-1.3322,-41.1986,-122.7093,-0.1165,-0.4671,-0.8765,0.9980,138,33.883991,2.2597,0.4115
BiancaGolden_CircleTurns,25.7116,41.2784,211.5097,-1.3950,-41.1131,-121.7595,-0.1164,-0.4653,-0.8774,0.9980,138,33.897522,2.2571,0.4128
BiancaGolden_CircleTurns,25.4510,41.3965,211.5318,-1.4303,-41.0596,-120.7555,-0.1079,-0.4693,-0.8764,0.9980,139,33.912998,2.2545,0.4140
BiancaGolden_CircleTurns,25.1637,41.5254,211.5612,-1.5734,-40.9662,-119.7085,-0.1021,-0.4730,-0.8752,0.9980,139,33.926403,2.2516,0.4153
BiancaGolden_CircleTurns,24.8715,41.6498,211.5830,-1.6465,-40.8025,-118.6893,-0.0988,-0.4622,-0.8812,0.9980,140,33.940933,2.2487,0.4165
BiancaGolden_CircleTurns,24.5306,41.7655,211.6246,-1.7584,-40.6201,-117.6351,-0.0978,-0.4610,-0.8820,0.9980,140,33.955719,2.2453,0.4177
BiancaGolden_CircleTurns,24.1278,41.8431,211.7365,-1.8053,-40.5256,-116.6027,-0.0910,-0.4646,-0.8808,0.9980,140,33.969181,2.2413,0.4184
BiancaGolden_CircleTurns,23.6927,41.8908,211.8831,-1.6890,-40.3521,-115.5318,-0.0829,-0.4630,-0.8825,0.9980,141,33.982525,2.2369,0.4189
BiancaGolden_CircleTurns,23.3096,42.0167,211.9494,-1.6759,-40.0780,-114.4470,-0.0759,-0.4645,-0.8823,0.9980,141,33.998177,2.2331,0.4202
BiancaGolden_CircleTurns,22.9660,42.2132,211.9438,-1.7802,-39.8727,-113.3561,-0.0674,-0.4676,-0.8813,0.9980,142,34.012589,2.2297,0.4221
BiancaGolden_CircleTurns,22.5511,42.3518,212.0332,-1.9497,-39.7773,-112.3163,-0.0467,-0.4767,-0.8778,0.9980,142,34.025009,2.2255,0.4235
BiancaGolden_CircleTurns,22.1141,42.4815,212.1650,-2.0133,-39.6930,-111.3511,-0.0392,-0.4808,-0.8759,0.9980,142,34.038044,2.2211,0.4248
BiancaGolden_CircleTurns,21.7137,42.6709,212.2139,-2.1900,-39.4990,-110.4488,-0.0270,-0.4987,-0.8664,0.9980,143,34.051842,2.2171,0.4267
BiancaGolden_CircleTurns,21.3400,42.9670,212.1946,-2.4420,-39.3364,-109.6294,-0.0195,-0.5007,-0.8654,0.9980,143,34.063915,2.2134,0.4297
BiancaGolden_CircleTurns,20.9506,43.2244,212.2291,-2.7110,-39.2841,-108.9146,-0.0161,-0.4978,-0.8671,0.9980,144,34.080105,2.2095,0.4322
BiancaGolden_CircleTurns,20.5221,43.4430,212.3276,-2.8462,-39.3179,-108.2138,-0.0118,-0.4936,-0.8696,0.9980,144,34.092781,2.2052,0.4344
BiancaGolden_CircleTurns,20.1098,43.5982,212.4331,-2.8587,-39.3195,-107.5573,-0.0099,-0.4872,-0.8732,0.9980,145,34.106918,2.2011,0.4360
BiancaGolden_CircleTurns,19.7007,43.7601,212.5094,-2.8496,-39.2020,-106.8769,-0.0049,-0.4899,-0.8717,0.9980,145,34.120876,2.1970,0.4376
BiancaGolden_CircleTurns,19.3264,43.9402,212.5567,-2.8412,-39.0183,-106.1841,-0.0090,-0.4887,-0.8724,0.9980,145,34.135921,2.1933,0.4394
BiancaGolden_CircleTurns,18.9618,44.1207,212.5876,-2.7455,-38.8045,-105.5980,-0.0053,-0.4905,-0.8714,0.9980,146,34.149048,2.1896,0.4412
BiancaGolden_CircleTurns,18.6025,44.3236,212.6275,-2.6511,-38.6668,-104.9919,-0.0137,-0.4902,-0.8715,0.9980,146,34.162182,2.1860,0.4432
BiancaGolden_CircleTurns,18.2601,44.5047,212.6717,-2.5463,-38.6134,-104.5162,-0.0100,-0.4897,-0.8718,0.9980,147,34.177021,2.1826,0.4450
BiancaGolden_CircleTurns,17.9367,44.6857,212.7251,-2.5630,-38.6573,-104.1158,-0.0068,-0.4849,-0.8745,0.9980,147,34.192276,2.1794,0.4469
BiancaGolden_CircleTurns,17.6238,44.8386,212.7947,-2.5864,-38.7252,-103.7276,-0.0033,-0.4831,-0.8756,0.9980,148,34.205410,2.1762,0.4484
BiancaGolden_CircleTurns,17.3008,44.9633,212.8927,-2.6038,-38.8144,-103.3512,-0.0085,-0.4800,-0.8772,0.9980,148,34.218464,2.1730,0.4496
BiancaGolden_CircleTurns,17.0016,45.0555,213.0023,-2.6494,-38.9048,-103.0076,-0.0058,-0.4797,-0.8774,0.9980,148,34.233200,2.1700,0.4506
BiancaGolden_CircleTurns,16.7137,45.1196,213.0961,-2.6850,-38.9327,-102.7248,-0.0039,-0.4796,-0.8775,0.9980,149,34.246105,2.1671,0.4512
BiancaGolden_CircleTurns,16.4347,45.1728,213.1716,-2.6163,-38.9310,-102.4395,-0.0029,-0.4797,-0.8774,0.9980,149,34.259243,2.1643,0.4517
BiancaGolden_CircleTurns,16.1859,45.1929,213.2290,-2.5071,-38.8389,-102.2324,0.0004,-0.4819,-0.8762,0.9980,150,34.274364,2.1619,0.4519
BiancaGolden_CircleTurns,15.9504,45.1893,213.2586,-2.4034,-38.6969,-102.0195,0.0009,-0.4832,-0.8755,0.9980,150,34.288307,2.1595,0.4519
BiancaGolden_CircleTurns,15.7344,45.1789,213.2857,-2.2561,-38.5899,-101.8114,-0.0002,-0.4883,-0.8727,0.9980,150,34.302036,2.1573,0.4518
BiancaGolden_CircleTurns,15.5332,45.1685,213.2804,-2.0299,-38.5209,-101.6012,0.0005,-0.4876,-0.8730,0.9980,151,34.316078,2.1553,0.4517
BiancaGolden_CircleTurns,15.3703,45.1636,213.2531,-1.7675,-38.5229,-101.3228,0.0018,-0.4863,-0.8738,0.9980,151,34.328568,2.1537,0.4516
BiancaGolden_CircleTurns,15.2118,45.1213,213.2411,-1.6160,-38.5887,-101.0794,-0.0057,-0.4827,-0.8758,0.9980,152,34.343452,2.1521,0.4512
BiancaGolden_CircleTurns,15.0829,45.0563,213.2094,-1.5223,-38.7009,-100.8275,-0.0028,-0.4805,-0.8770,0.9980,152,34.357193,2.1508,0.4506
BiancaGolden_CircleTurns,14.9638,44.9764,213.1836,-1.5324,-38.8469,-100.5665,0.0009,-0.4742,-0.8804,0.9980,152,34.371620,2.1496,0.4498
BiancaGolden_CircleTurns,14.8634,44.8914,213.1344,-1.5618,-39.0382,-100.2817,0.0035,-0.4718,-0.8817,0.9980,153,34.384968,2.1486,0.4489
BiancaGolden_CircleTurns,14.7995,44.7722,213.0693,-1.5660,-39.1694,-100.0089,0.0046,-0.4639,-0.8859,0.9980,153,34.398972,2.1480,0.4477
BiancaGolden_CircleTurns,14.7516,44.6437,213.0062,-1.5754,-39.2994,-99.7589,0.0070,-0.4625,-0.8866,0.9980,154,34.414410,2.1475,0.4464
BiancaGolden_CircleTurns,14.7267,44.5050,212.9408,-1.5604,-39.3909,-99.4869,0.0085,-0.4638,-0.8859,0.9980,154,34.427776,2.1473,0.4451
BiancaGolden_CircleTurns,14.7137,44.3582,212.8615,-1.4848,-39.4885,-99.2250,0.0093,-0.4666,-0.8844,0.9980,155,34.441769,2.1471,0.4436
BiancaGolden_CircleTurns,14.7200,44.2211,212.7710,-1.4561,-39.6142,-98.9148,0.0101,-0.4637,-0.8859,0.9980,155,34.456394,2.1472,0.4422
BiancaGolden_CircleTurns,14.7677,44.0823,212.6752,-1.4143,-39.7899,-98.6660,0.0115,-0.4584,-0.8887,0.9980,155,34.470573,2.1477,0.4408
BiancaGolden_CircleTurns,14.8103,43.9389,212.5919,-1.4005,-40.0150,-98.4046,0.0135,-0.4555,-0.8901,0.9980,156,34.484528,2.1481,0.4394
BiancaGolden_CircleTurns,14.8700,43.7662,212.5030,-1.3535,-40.1951,-98.1762,0.0153,-0.4539,-0.8909,0.9980,156,34.500576,2.1487,0.4377
BiancaGolden_CircleTurns,14.9408,43.5913,212.4044,-1.3829,-40.2966,-97.9990,0.0164,-0.4549,-0.8904,0.9980,157,34.512650,2.1494,0.4359
BiancaGolden_CircleTurns,15.0418,43.4135,212.2830,-1.4542,-40.2852,-97.8946,0.0137,-0.4550,-0.8904,0.9980,157,34.525669,2.1504,0.4341
BiancaGolden_CircleTurns,15.1592,43.2452,212.1458,-1.4946,-40.2609,-97.8596,0.0141,-0.4523,-0.8918,0.9980,158,34.540413,2.1516,0.4325
BiancaGolden_CircleTurns,15.3071,43.0990,212.0140,-1.5073,-40.3119,-97.8764,0.0105,-0.4488,-0.8936,0.9980,158,34.552738,2.1531,0.4310
BiancaGolden_CircleTurns,15.4734,42.9283,211.9365,-1.5159,-40.5036,-97.8876,0.0112,-0.4451,-0.8954,0.9980,158,34.567406,2.1547,0.4293
BiancaGolden_CircleTurns,15.6599,42.7815,211.8521,-1.5295,-40.7483,-97.8806,0.0066,-0.4504,-0.8928,0.9980,159,34.580647,2.1566,0.4278
BiancaGolden_CircleTurns,15.8473,42.5239,211.9007,-1.6118,-41.1694,-97.8726,0.0066,-0.4453,-0.8954,0.9980,159,34.593616,2.1585,0.4252
BiancaGolden_CircleTurns,16.0408,42.2408,211.9753,-1.5175,-41.4833,-97.8080,0.0074,-0.4400,-0.8980,0.9980,160,34.608738,2.1604,0.4224
BiancaGolden_CircleTurns,16.2591,42.1080,211.9327,-1.3021,-41.6301,-97.5999,0.0062,-0.4376,-0.8991,0.9980,160,34.622673,2.1626,0.4211
BiancaGolden_CircleTurns,16.4590,41.9981,211.8408,-1.0292,-41.6993,-97.3371,0.0012,-0.4373,-0.8993,0.9980,160,34.637989,2.1646,0.4200
BiancaGolden_CircleTurns,16.6644,41.9005,211.7382,-0.6864,-41.6522,-97.1095,0.0000,-0.4388,-0.8986,0.9980,161,34.651081,2.1666,0.4190
BiancaGolden_CircleTurns,16.8270,41.7746,211.6606,-0.4164,-41.5547,-96.9794,-0.0041,-0.4396,-0.8982,0.9980,161,34.663845,2.1683,0.4177
BiancaGolden_CircleTurns,16.9553,41.6525,211.5966,-0.0911,-41.3971,-96.9395,-0.0285,-0.4434,-0.8959,0.9980,162,34.680126,2.1696,0.4165
BiancaGolden_CircleTurns,17.0796,41.5425,211.5758,0.1464,-41.3122,-96.9830,-0.0481,-0.4450,-0.8942,0.9980,162,34.692875,2.1708,0.4154
BiancaGolden_CircleTurns,17.1690,41.4431,211.5544,0.2762,-41.2650,-97.0122,-0.0829,-0.4684,-0.8796,0.9980,163,34.707611,2.1717,0.4144
BiancaGolden_CircleTurns,17.2630,41.3299,211.5453,0.3839,-41.2293,-97.1576,-0.0926,-0.4720,-0.8767,0.9980,163,34.720703,2.1726,0.4133
BiancaGolden_CircleTurns,17.3112,41.2037,211.5431,0.4699,-41.1983,-97.2413,-0.0934,-0.4729,-0.8762,0.9980,163,34.735142,2.1731,0.4120
BiancaGolden_CircleTurns,17.3604,41.1074,211.4890,0.5426,-41.1368,-97.2928,-0.0952,-0.4787,-0.8728,0.9980,164,34.748623,2.1736,0.4111
BiancaGolden_CircleTurns,17.3978,41.0163,211.4070,0.5413,-41.0315,-97.4060,-0.0933,-0.4993,-0.8614,0.9980,164,34.761993,2.1740,0.4102
BiancaGolden_CircleTurns,17.4065,40.9418,211.3103,0.4599,-40.9381,-97.4775,-0.0797,-0.5077,-0.8578,0.9980,165,34.776649,2.1741,0.4094
BiancaGolden_CircleTurns,17.4291,40.8847,211.2463,0.4676,-40.9421,-97.5483,-0.0800,-0.5085,-0.8573,0.9980,165,34.790905,2.1743,0.4088
BiancaGolden_CircleTurns,17.4003,40.8573,211.1980,0.5174,-41.1417,-97.5412,-0.0795,-0.5042,-0.8599,0.9980,165,34.804810,2.1740,0.4086
BiancaGolden_CircleTurns,17.3667,40.8184,211.1637,0.6588,-41.4308,-97.4721,-0.0748,-0.4943,-0.8661,0.9980,166,34.818310,2.1737,0.4082
BiancaGolden_CircleTurns,17.2877,40.7715,211.1745,0.8138,-41.7937,-97.2891,-0.0732,-0.4908,-0.8682,0.9980,166,34.831387,2.1729,0.4077
BiancaGolden_CircleTurns,17.2081,40.7063,211.1640,0.8999,-42.0363,-97.1070,-0.0659,-0.4904,-0.8690,0.9980,167,34.846817,2.1721,0.4071
BiancaGolden_CircleTurns,17.0932,40.6245,211.1649,0.8734,-42.1147,-96.8582,-0.0631,-0.4911,-0.8688,0.9980,167,34.860676,2.1709,0.4062
BiancaGolden_CircleTurns,16.9501,40.5496,211.1546,0.8036,-42.0847,-96.6015,-0.0665,-0.4916,-0.8683,0.9980,168,34.874615,2.1695,0.4055
BiancaGolden_CircleTurns,16.7724,40.4404,211.1728,0.7363,-42.0170,-96.3456,-0.0648,-0.4976,-0.8650,0.9980,168,34.887657,2.1677,0.4044
BiancaGolden_CircleTurns,16.5656,40.3331,211.1819,0.7467,-41.9599,-96.0773,-0.0625,-0.4993,-0.8642,0.9980,168,34.902218,2.1657,0.4033
BiancaGolden_CircleTurns,16.3680,40.2677,211.1302,0.7117,-41.8689,-95.8139,-0.0589,-0.5006,-0.8637,0.9980,169,34.915451,2.1637,0.4027
BiancaGolden_CircleTurns,16.1334,40.1947,211.0596,0.6338,-41.8096,-95.4809,-0.0517,-0.4976,-0.8659,0.9980,169,34.928749,2.1613,0.4019
BiancaGolden_CircleTurns,15.8718,40.1047,210.9928,0.5502,-41.7352,-95.1330,-0.0516,-0.4930,-0.8685,0.9980,170,34.943405,2.1587,0.4010
BiancaGolden_CircleTurns,15.5816,39.9934,210.9357,0.5358,-41.6576,-94.7930,-0.0494,-0.4935,-0.8684,0.9980,170,34.957275,2.1558,0.3999
BiancaGolden_CircleTurns,15.2624,39.9184,210.8392,0.5437,-41.5513,-94.4899,-0.0477,-0.4920,-0.8693,0.9980,171,34.972046,2.1526,0.3992
BiancaGolden_CircleTurns,14.9125,39.8804,210.6988,0.5691,-41.4292,-94.1487,-0.0449,-0.4926,-0.8691,0.9980,171,34.985249,2.1491,0.3988
BiancaGolden_CircleTurns,14.5387,39.8575,210.5789,0.5952,-41.4048,-93.8093,-0.0422,-0.4900,-0.8707,0.9980,171,35.002979,2.1454,0.3986
BiancaGolden_CircleTurns,14.1215,39.8192,210.4772,0.6745,-41.5499,-93.4055,-0.0468,-0.4828,-0.8745,0.9980,172,35.014217,2.1412,0.3982
BiancaGolden_CircleTurns,13.6997,39.7971,210.3807,0.7281,-41.6853,-92.9989,-0.0447,-0.4752,-0.8788,0.9980,172,35.025978,2.1370,0.3980
BiancaGolden_CircleTurns,13.2370,39.8040,210.2779,0.6807,-41.8383,-92.5372,-0.0412,-0.4730,-0.8801,0.9980,173,35.041058,2.1324,0.3980
BiancaGolden_CircleTurns,12.7510,39.8296,210.1855,0.6391,-41.9288,-92.0941,-0.0383,-0.4675,-0.8832,0.9980,173,35.054058,2.1275,0.3983
BiancaGolden_CircleTurns,12.2400,39.8789,210.0779,0.5921,-42.0028,-91.6345,-0.0343,-0.4664,-0.8839,0.9980,173,35.068081,2.1224,0.3988
BiancaGolden_CircleTurns,11.6870,39.9588,210.0012,0.5235,-42.0776,-91.1702,-0.0322,-0.4659,-0.8843,0.9980,174,35.081200,2.1169,0.3996
BiancaGolden_CircleTurns,11.1042,40.0783,209.9330,0.5433,-42.1260,-90.6886,-0.0283,-0.4633,-0.8857,0.9980,174,35.094109,2.1110,0.4008
BiancaGolden_CircleTurns,10.4965,40.1855,209.9391,0.5671,-42.3115,-90.1885,-0.0238,-0.4643,-0.8854,0.9980,175,35.108810,2.1050,0.4019
BiancaGolden_CircleTurns,9.8243,40.2430,210.0419,0.5938,-42.4897,-89.5966,-0.0141,-0.4630,-0.8862,0.9980,175,35.121532,2.0982,0.4024
BiancaGolden_CircleTurns,9.1773,40.2888,210.1442,0.6541,-42.5812,-89.1317,-0.0115,-0.4617,-0.8870,0.9980,175,35.135342,2.0918,0.4029
BiancaGolden_CircleTurns,8.4712,40.2961,210.2433,0.7952,-42.5756,-88.6970,-0.0076,-0.4633,-0.8861,0.9980,176,35.148754,2.0847,0.4030
BiancaGolden_CircleTurns,7.7313,40.2354,210.4104,0.8782,-42.4774,-88.1585,-0.0030,-0.4638,-0.8859,0.9980,176,35.161613,2.0773,0.4024
BiancaGolden_CircleTurns,6.9960,40.2219,210.5632,0.9337,-42.3255,-87.6965,0.0002,-0.4659,-0.8848,0.9980,177,35.176010,2.0700,0.4022
BiancaGolden_CircleTurns,6.2761,40.3306,210.6226,0.8754,-42.1866,-87.3570,0.0040,-0.4688,-0.8833,0.9980,177,35.189049,2.0628,0.4033
BiancaGolden_CircleTurns,5.5221,40.4862,210.6444,0.5930,-41.9891,-87.1122,0.0100,-0.4684,-0.8835,0.9980,177,35.203671,2.0552,0.4049
BiancaGolden_CircleTurns,4.8023,40.5667,210.7161,0.5251,-41.9235,-86.7660,0.0087,-0.4704,-0.8824,0.9980,178,35.217525,2.0480,0.4057
BiancaGolden_CircleTurns,4.0326,40.7333,210.7661,0.1587,-41.8339,-86.9368,0.0066,-0.4666,-0.8844,0.9980,178,35.230621,2.0403,0.4073
BiancaGolden_CircleTurns,3.3109,40.9863,210.8820,-0.1251,-42.0748,-87.3871,0.0078,-0.4646,-0.8855,0.9980,179,35.256592,2.0331,0.4099
BiancaGolden_CircleTurns,1.8963,41.2974,211.0982,-0.4654,-42.1966,-87.3157,0.0085,-0.4687,-0.8833,0.9980,179,35.269402,2.0190,0.4130
BiancaGolden_CircleTurns,1.2582,41.4326,211.2601,-0.7305,-42.1445,-87.3825,0.0080,-0.4663,-0.8846,0.9980,180,35.285599,2.0126,0.4143
BiancaGolden_CircleTurns,0.6307,41.5735,211.4146,-0.8673,-41.9683,-87.5411,0.0069,-0.4645,-0.8855,0.9980,180,35.297558,2.0063,0.4157
BiancaGolden_CircleTurns,-0.0012,41.7787,211.5224,-0.8357,-41.6340,-87.7896,0.0172,-0.4658,-0.8847,0.9980,181,35.313171,2.0000,0.4178
BiancaGolden_CircleTurns,-0.5881,42.0167,211.6356,-0.6534,-41.4077,-88.1684,0.0124,-0.4665,-0.8845,0.9980,181,35.327312,1.9941,0.4202
BiancaGolden_CircleTurns,-1.1152,42.2483,211.7877,-0.4265,-41.3738,-88.5829,0.0159,-0.4637,-0.8859,0.9980,182,35.342052,1.9888,0.4225
BiancaGolden_CircleTurns,-1.5938,42.4742,211.9754,-0.2320,-41.4431,-88.9647,0.0126,-0.4634,-0.8861,0.9980,182,35.356342,1.9841,0.4247
BiancaGolden_CircleTurns,-2.0714,42.7097,212.1635,-0.0378,-41.4658,-89.3708,0.0066,-0.4657,-0.8849,0.9980,182,35.371048,1.9793,0.4271
BiancaGolden_CircleTurns,-2.5391,42.9272,212.3464,0.2113,-41.3221,-89.9266,0.0082,-0.4684,-0.8835,0.9980,183,35.384571,1.9746,0.4293
BiancaGolden_CircleTurns,-2.9986,43.1081,212.5352,0.5564,-41.0330,-90.5290,0.0164,-0.4656,-0.8848,0.9980,183,35.397724,1.9700,0.4311
BiancaGolden_CircleTurns,-3.4317,43.2849,212.7582,0.9412,-40.7752,-91.1435,0.0105,-0.4690,-0.8831,0.9980,184,35.413273,1.9657,0.4328
BiancaGolden_CircleTurns,-3.8290,43.4818,212.9507,1.1904,-40.5567,-91.6606,0.0050,-0.4714,-0.8819,0.9980,184,35.426773,1.9617,0.4348
BiancaGolden_CircleTurns,-4.1753,43.7250,213.1121,1.3458,-40.4001,-92.1988,0.0119,-0.4653,-0.8851,0.9980,185,35.440960,1.9582,0.4373
BiancaGolden_CircleTurns,-4.4771,43.9719,213.2520,1.4560,-40.3243,-92.6898,0.0072,-0.4664,-0.8845,0.9980,185,35.454624,1.9552,0.4397
BiancaGolden_CircleTurns,-4.7665,44.1979,213.4043,1.6494,-40.2486,-93.1463,0.0026,-0.4681,-0.8837,0.9980,185,35.469028,1.9523,0.4420
BiancaGolden_CircleTurns,-5.0241,44.4117,213.5476,1.8315,-40.1290,-93.5080,-0.0692,-0.4704,-0.8797,0.9980,186,35.483006,1.9498,0.4441
BiancaGolden_CircleTurns,-5.2515,44.5786,213.7097,2.0367,-39.8412,-93.8538,-0.0795,-0.4760,-0.8758,0.9980,186,35.500698,1.9475,0.4458
BiancaGolden_CircleTurns,-5.4626,44.7377,213.8774,2.1424,-39.4141,-94.1579,-0.0836,-0.4818,-0.8723,0.9980,187,35.511967,1.9454,0.4474
BiancaGolden_CircleTurns,-5.6352,44.9213,214.0470,2.2164,-39.0195,-94.5582,-0.0716,-0.4768,-0.8761,0.9980,187,35.525105,1.9436,0.4492
BiancaGolden_CircleTurns,-5.8507,45.0966,214.1717,2.2860,-38.5484,-94.7266,-0.0763,-0.4822,-0.8727,0.9980,188,35.540096,1.9415,0.4510
BiancaGolden_CircleTurns,-6.0092,45.3094,214.2717,2.4577,-38.1279,-95.0961,-0.0673,-0.4877,-0.8704,0.9980,188,35.552544,1.9399,0.4531
BiancaGolden_CircleTurns,-6.1596,45.5680,214.3376,2.5854,-37.7875,-95.5429,-0.0646,-0.4902,-0.8692,0.9980,188,35.566925,1.9384,0.4557
BiancaGolden_CircleTurns,-6.3247,45.8106,214.4105,2.6634,-37.5021,-96.1145,-0.0682,-0.4850,-0.8718,0.9980,189,35.580841,1.9368,0.4581
BiancaGolden_CircleTurns,-6.4539,46.0532,214.4738,2.8473,-37.1736,-96.8132,-0.0639,-0.4875,-0.8708,0.9980,189,35.593544,1.9355,0.4605
BiancaGolden_CircleTurns,-6.5725,46.3214,214.5117,2.9049,-36.8230,-97.4747,-0.0545,-0.4802,-0.8755,0.9980,190,35.608986,1.9343,0.4632
BiancaGolden_CircleTurns,-6.6421,46.6242,214.4969,2.9415,-36.4872,-98.1623,-0.0524,-0.4796,-0.8759,0.9980,190,35.622105,1.9336,0.4662
BiancaGolden_CircleTurns,-6.7266,46.9231,214.5201,2.9373,-36.2841,-98.8088,-0.0501,-0.4781,-0.8769,0.9980,190,35.636761,1.9327,0.4692
BiancaGolden_CircleTurns,-6.7744,47.1894,214.5855,2.8052,-36.2475,-99.3982,-0.0545,-0.4771,-0.8771,0.9980,191,35.651150,1.9323,0.4719
BiancaGolden_CircleTurns,-6.7848,47.4527,214.6759,2.6769,-36.3053,-100.0588,-0.0507,-0.4720,-0.8802,0.9980,191,35.664185,1.9322,0.4745
BiancaGolden_CircleTurns,-6.8017,47.7181,214.7476,2.4613,-36.4285,-100.6105,-0.0363,-0.4676,-0.8832,0.9980,192,35.679790,1.9320,0.4772
BiancaGolden_CircleTurns,-6.8018,47.9737,214.8115,2.3182,-36.4697,-101.1868,-0.0314,-0.4669,-0.8838,0.9980,192,35.693043,1.9320,0.4797
BiancaGolden_CircleTurns,-6.7955,48.1697,214.9388,2.2644,-36.5486,-101.7468,-0.0281,-0.4685,-0.8830,0.9980,193,35.707783,1.9320,0.4817
BiancaGolden_CircleTurns,-6.7970,48.3461,215.0496,2.2036,-36.4329,-102.1850,-0.0331,-0.4726,-0.8807,0.9980,193,35.721355,1.9320,0.4835
BiancaGolden_CircleTurns,-6.8251,48.5666,215.1020,2.2813,-36.1774,-102.5902,-0.0293,-0.4707,-0.8818,0.9980,193,35.735786,1.9317,0.4857
BiancaGolden_CircleTurns,-6.8502,48.8329,215.0434,2.4658,-35.7445,-102.8745,-0.0338,-0.4754,-0.8791,0.9980,194,35.749599,1.9315,0.4883
BiancaGolden_CircleTurns,-6.8957,49.1147,214.9726,2.6343,-35.3924,-103.1249,-0.0375,-0.4767,-0.8783,0.9980,194,35.762737,1.9310,0.4911
BiancaGolden_CircleTurns,-6.9485,49.3658,214.9657,2.7578,-35.2472,-103.4647,-0.0378,-0.4756,-0.8789,0.9980,195,35.778236,1.9305,0.4937
BiancaGolden_CircleTurns,-7.0132,49.5791,215.0253,2.7756,-35.3402,-103.8997,-0.0328,-0.4725,-0.8807,0.9980,195,35.791431,1.9299,0.4958
BiancaGolden_CircleTurns,-7.1085,49.7994,215.0627,2.7467,-35.5480,-104.4459,-0.0361,-0.4688,-0.8825,0.9980,196,35.805424,1.9289,0.4980
BiancaGolden_CircleTurns,-7.2066,50.0486,215.0774,2.7086,-35.7033,-105.0666,-0.0313,-0.4669,-0.8837,0.9980,196,35.819595,1.9279,0.5005
BiancaGolden_CircleTurns,-7.3266,50.2877,215.0958,2.7520,-35.8018,-105.7549,-0.0377,-0.4656,-0.8842,0.9980,196,35.833553,1.9267,0.5029
BiancaGolden_CircleTurns,-7.4548,50.5120,215.1474,2.7494,-35.8437,-106.4612,-0.0440,-0.4655,-0.8840,0.9980,197,35.847431,1.9255,0.5051
BiancaGolden_CircleTurns,-7.5974,50.7212,215.2048,2.8100,-35.8196,-107.2671,-0.0718,-0.4635,-0.8832,0.9980,197,35.860458,1.9240,0.5072
BiancaGolden_CircleTurns,-7.7960,50.9773,215.2551,2.9026,-35.7799,-107.9883,-0.1538,-0.4609,-0.8740,0.9980,198,35.876163,1.9220,0.5098
BiancaGolden_CircleTurns,-7.9762,51.2175,215.3151,3.0146,-35.7154,-108.7593,-0.2354,-0.4383,-0.8675,0.9980,198,35.890244,1.9202,0.5122
BiancaGolden_CircleTurns,-8.1724,51.4865,215.3923,3.0928,-35.6429,-109.5717,-0.2993,-0.4401,-0.8466,0.9980,198,35.904213,1.9183,0.5149
BiancaGolden_CircleTurns,-8.3658,51.7569,215.4720,3.1342,-35.5973,-110.3945,-0.3090,-0.4358,-0.8453,0.9980,199,35.917507,1.9163,0.5176
BiancaGolden_CircleTurns,-8.6291,52.0656,215.6222,3.2417,-35.4814,-111.4859,-0.3394,-0.4261,-0.8386,0.9980,199,35.930309,1.9137,0.5207
BiancaGolden_CircleTurns,-8.9077,52.3410,215.7977,3.4936,-35.3041,-112.5377,-0.3953,-0.4292,-0.8121,0.9980,200,35.945286,1.9109,0.5234
BiancaGolden_CircleTurns,-9.1943,52.6052,216.0261,3.7269,-34.9787,-113.5779,-0.4082,-0.4306,-0.8049,0.9980,200,35.958500,1.9081,0.5261
BiancaGolden_CircleTurns,-9.5030,52.8337,216.2959,3.8688,-34.4021,-114.6464,-0.4179,-0.4414,-0.7940,0.9980,201,35.973446,1.9050,0.5283
BiancaGolden_CircleTurns,-9.8687,53.0320,216.6052,4.0524,-33.4847,-116.0223,-0.4436,-0.4521,-0.7738,0.9980,201,35.987385,1.9013,0.5303
BiancaGolden_CircleTurns,-10.3317,53.2966,216.9149,4.4947,-32.4548,-117.5389,-0.4728,-0.4505,-0.7574,0.9980,202,36.005932,1.8967,0.5330
BiancaGolden_CircleTurns,-10.8861,53.6031,217.2356,5.4172,-31.1597,-119.5062,-0.5471,-0.4242,-0.7217,0.9980,202,36.014332,1.8911,0.5360
BiancaGolden_CircleTurns,-11.4638,53.9426,217.5479,6.6112,-29.8429,-121.5511,-0.6458,-0.4077,-0.6455,0.9980,202,36.027660,1.8854,0.5394
BiancaGolden_CircleTurns,-12.0133,54.3130,217.8237,7.9694,-28.4452,-123.5850,-0.7328,-0.3899,-0.5577,0.9980,203,36.042065,1.8799,0.5431
BiancaGolden_CircleTurns,-12.4521,54.6381,218.1021,8.7955,-27.0541,-125.3973,-0.8112,-0.3541,-0.4654,0.9980,203,36.068306,1.8755,0.5464
BiancaGolden_CircleTurns,-13.3800,55.2744,218.6712,9.4065,-24.8560,-128.2495,-0.8230,-0.3440,-0.4521,0.9980,204,36.085102,1.8662,0.5527
BiancaGolden_CircleTurns,-13.8589,55.6108,218.9238,9.2808,-23.8255,-129.3928,-0.8339,-0.3342,-0.4392,0.9980,204,36.098171,1.8614,0.5561
BiancaGolden_CircleTurns,-14.3573,55.9464,219.2051,9.0963,-22.8044,-130.4786,-0.8214,-0.3602,-0.4422,0.9980,205,36.111820,1.8564,0.5595
BiancaGolden_CircleTurns,-14.8867,56.2503,219.4830,8.9032,-21.6742,-131.5056,-0.8162,-0.3685,-0.4450,0.9980,205,36.125340,1.8511,0.5625
BiancaGolden_CircleTurns,-15.4456,56.5396,219.7255,8.7561,-20.5316,-132.3142,-0.8030,-0.3927,-0.4484,0.9980,206,36.139046,1.8455,0.5654
BiancaGolden_CircleTurns,-15.9986,56.8245,219.9548,8.5453,-19.4767,-133.1197,-0.7949,-0.4001,-0.4562,0.9980,206,36.153030,1.8400,0.5682
BiancaGolden_CircleTurns,-16.5480,57.1206,220.1471,8.3281,-18.5475,-133.8379,-0.8031,-0.3957,-0.4455,0.9980,206,36.168354,1.8345,0.5712
BiancaGolden_CircleTurns,-17.1076,57.4064,220.2917,8.1160,-17.7875,-134.4357,-0.7896,-0.4015,-0.4640,0.9980,207,36.180569,1.8289,0.5741
BiancaGolden_CircleTurns,-17.6937,57.6834,220.3989,7.9009,-17.2420,-134.9583,-0.7773,-0.4103,-0.4769,0.9980,207,36.193726,1.8231,0.5768
BiancaGolden_CircleTurns,-18.2799,57.9334,220.4689,7.7298,-16.8054,-135.4155,-0.7814,-0.4073,-0.4728,0.9980,208,36.209225,1.8172,0.5793
BiancaGolden_CircleTurns,-18.8852,58.1588,220.5280,7.5176,-16.4826,-135.8357,-0.7950,-0.4066,-0.4502,0.9980,208,36.223206,1.8111,0.5816
BiancaGolden_CircleTurns,-19.5191,58.3723,220.5597,7.3275,-16.2874,-136.1854,-0.7973,-0.4037,-0.4487,0.9980,208,36.238354,1.8048,0.5837
BiancaGolden_CircleTurns,-20.1761,58.5821,220.5499,7.1845,-16.1767,-136.5210,-0.7999,-0.3994,-0.4479,0.9980,209,36.251526,1.7982,0.5858
BiancaGolden_CircleTurns,-20.8586,58.7913,220.5093,7.1121,-16.1067,-136.8676,-0.7925,-0.4083,-0.4531,0.9980,209,36.265015,1.7914,0.5879
BiancaGolden_CircleTurns,-21.5771,58.9804,220.4590,7.0216,-16.1571,-137.1088,-0.7792,-0.4166,-0.4682,0.9980,210,36.280430,1.7842,0.5898
BiancaGolden_CircleTurns,-22.3141,59.1410,220.4229,6.9863,-16.2540,-137.2977,-0.7704,-0.4224,-0.4776,0.9980,210,36.294167,1.7769,0.5914
BiancaGolden_CircleTurns,-23.0506,59.2852,220.4021,6.8475,-16.3129,-137.3988,-0.7586,-0.4324,-0.4874,0.9980,211,36.308731,1.7695,0.5929
BiancaGolden_CircleTurns,-23.8171,59.4013,220.4022,6.6098,-16.2614,-137.5467,-0.7537,-0.4387,-0.4893,0.9980,211,36.322441,1.7618,0.5940
BiancaGolden_CircleTurns,-24.6650,59.4911,220.4455,6.2500,-16.1242,-137.5923,-0.7543,-0.4383,-0.4887,0.9980,211,36.338165,1.7533,0.5949
BiancaGolden_CircleTurns,-25.5209,59.5419,220.5441,5.9965,-16.0309,-137.7066,-0.7498,-0.4412,-0.4930,0.9980,212,36.351654,1.7448,0.5954
BiancaGolden_CircleTurns,-26.4345,59.5656,220.6316,5.9325,-15.8511,-137.6886,-0.7450,-0.4474,-0.4948,0.9980,212,36.363972,1.7357,0.5957
BiancaGolden_CircleTurns,-27.3089,59.6133,220.6540,5.9099,-15.7021,-137.5383,-0.7397,-0.4512,-0.4992,0.9980,213,36.378777,1.7269,0.5961
BiancaGolden_CircleTurns,-28.1288,59.6454,220.6300,5.8016,-15.6740,-137.3072,-0.7321,-0.4581,-0.5041,0.9980,213,36.393581,1.7187,0.5965
BiancaGolden_CircleTurns,-28.9555,59.6900,220.6080,5.4538,-15.6367,-137.0666,-0.7231,-0.4651,-0.5106,0.9980,214,36.407726,1.7104,0.5969
BiancaGolden_CircleTurns,-29.8096,59.7261,220.6283,5.0923,-15.5603,-137.0462,-0.7232,-0.4661,-0.5096,0.9980,214,36.420860,1.7019,0.5973
BiancaGolden_CircleTurns,-30.6854,59.7397,220.6375,4.8563,-15.4508,-137.0715,-0.7212,-0.4700,-0.5090,0.9980,214,36.436123,1.6931,0.5974
BiancaGolden_CircleTurns,-31.5225,59.7133,220.6444,4.7723,-15.3526,-137.0683,-0.7164,-0.4774,-0.5088,0.9980,215,36.448959,1.6848,0.5971
BiancaGolden_CircleTurns,-32.3185,59.6780,220.6002,4.9308,-15.3148,-136.7901,-0.7075,-0.4842,-0.5148,0.9980,215,36.462212,1.6768,0.5968
BiancaGolden_CircleTurns,-33.0631,59.6149,220.5425,5.0686,-15.3711,-136.2146,-0.6969,-0.4921,-0.5217,0.9980,216,36.477596,1.6694,0.5961
BiancaGolden_CircleTurns,-33.7442,59.4999,220.5075,5.0221,-15.5385,-135.4081,-0.6872,-0.5016,-0.5256,0.9980,216,36.491199,1.6626,0.5950
BiancaGolden_CircleTurns,-34.4049,59.3353,220.5055,4.7661,-15.7122,-134.5799,-0.6771,-0.5117,-0.5288,0.9980,217,36.508415,1.6560,0.5934
BiancaGolden_CircleTurns,-35.0438,59.1476,220.5513,4.6988,-15.9242,-133.6277,-0.6648,-0.5225,-0.5339,0.9980,217,36.519669,1.6496,0.5915
BiancaGolden_CircleTurns,-35.6193,58.9433,220.5736,4.7275,-16.2107,-132.4719,-0.6464,-0.5355,-0.5436,0.9980,217,36.533028,1.6438,0.5894
BiancaGolden_CircleTurns,-36.1467,58.6714,220.5813,4.8183,-16.6140,-131.1753,-0.5950,-0.5835,-0.5526,0.9980,218,36.546589,1.6385,0.5867
BiancaGolden_CircleTurns,-36.6098,58.3500,220.5637,4.7285,-17.0774,-129.5154,-0.4976,-0.6587,-0.5644,0.9980,218,36.560024,1.6339,0.5835
BiancaGolden_CircleTurns,-36.9739,58.0288,220.4940,4.4330,-17.4531,-127.7388,-0.4066,-0.7147,-0.5691,0.9980,219,36.574921,1.6303,0.5803
BiancaGolden_CircleTurns,-37.2716,57.6981,220.4123,3.9469,-17.8073,-125.8032,-0.3770,-0.7267,-0.5742,0.9980,219,36.588634,1.6273,0.5770
BiancaGolden_CircleTurns,-37.5072,57.3413,220.3756,3.4822,-18.2142,-123.7791,-0.2692,-0.7767,-0.5695,0.9980,219,36.603077,1.6249,0.5734
BiancaGolden_CircleTurns,-37.7155,56.9515,220.3998,3.1949,-18.6606,-121.5711,-0.1793,-0.8089,-0.5600,0.9980,220,36.616566,1.6228,0.5695
BiancaGolden_CircleTurns,-37.7895,56.5189,220.4423,2.8893,-19.2043,-119.0229,-0.0790,-0.8277,-0.5556,0.9980,220,36.629761,1.6221,0.5652
BiancaGolden_CircleTurns,-37.7754,56.0516,220.4434,2.3074,-19.7228,-116.2182,0.0276,-0.8330,-0.5525,0.9980,221,36.644794,1.6222,0.5605
BiancaGolden_CircleTurns,-37.7167,55.6003,220.4096,1.5488,-20.1928,-113.3508,0.1276,-0.8241,-0.5519,0.9980,221,36.658554,1.6228,0.5560
BiancaGolden_CircleTurns,-37.6332,55.1639,220.3647,0.5840,-20.6523,-110.4236,0.1725,-0.8163,-0.5513,0.9980,222,36.672863,1.6237,0.5516
BiancaGolden_CircleTurns,-37.5361,54.7483,220.3294,-0.2850,-21.0649,-107.5817,0.2504,-0.7977,-0.5486,0.9980,222,36.685425,1.6246,0.5475
BiancaGolden_CircleTurns,-37.4353,54.3476,220.3050,-0.9681,-21.4519,-104.9909,0.3135,-0.7758,-0.5477,0.9980,222,36.699268,1.6256,0.5435
BiancaGolden_CircleTurns,-37.3368,53.9509,220.2843,-1.3234,-21.8015,-102.5809,0.3526,-0.7375,-0.5761,0.9980,223,36.712517,1.6266,0.5395
BiancaGolden_CircleTurns,-37.2302,53.5532,220.2574,-1.4346,-22.1416,-100.3278,0.3916,-0.7124,-0.5823,0.9980,223,36.725559,1.6277,0.5355
BiancaGolden_CircleTurns,-37.1157,53.1388,220.2159,-1.3810,-22.4211,-98.1227,0.4228,-0.6717,-0.6083,0.9980,224,36.739483,1.6288,0.5314
BiancaGolden_CircleTurns,-36.9379,52.7358,220.1322,-1.5261,-22.6872,-95.9864,0.4487,-0.6546,-0.6084,0.9980,224,36.752644,1.6306,0.5274
BiancaGolden_CircleTurns,-36.6883,52.3685,220.0301,-1.8755,-22.9461,-93.9271,0.4710,-0.6278,-0.6196,0.9980,224,36.767216,1.6331,0.5237
BiancaGolden_CircleTurns,-36.4678,52.0331,219.9151,-2.3016,-23.2114,-92.0019,0.4578,-0.6275,-0.6298,0.9980,225,36.779907,1.6353,0.5203
BiancaGolden_CircleTurns,-36.2596,51.7177,219.7839,-2.6217,-23.4324,-90.3289,0.4356,-0.6347,-0.6383,0.9980,225,36.792419,1.6374,0.5172
BiancaGolden_CircleTurns,-36.0825,51.4222,219.6438,-2.9307,-23.5577,-88.8799,0.4499,-0.6252,-0.6377,0.9980,226,36.807976,1.6392,0.5142
BiancaGolden_CircleTurns,-35.8786,51.1292,219.4920,-3.2173,-23.6721,-87.4997,0.4015,-0.6615,-0.6334,0.9980,226,36.819672,1.6412,0.5113
BiancaGolden_CircleTurns,-35.6654,50.8611,219.3004,-3.3640,-23.6720,-86.6661,0.4155,-0.6535,-0.6327,0.9980,226,36.833534,1.6433,0.5086
BiancaGolden_CircleTurns,-35.4203,50.5941,219.1004,-3.5730,-23.7172,-85.5469,0.4273,-0.6473,-0.6311,0.9980,227,36.846241,1.6458,0.5059
BiancaGolden_CircleTurns,-35.1465,50.3416,218.9374,-3.9663,-23.7763,-84.6845,0.3867,-0.6565,-0.6477,0.9980,227,36.858746,1.6485,0.5034
BiancaGolden_CircleTurns,-34.8772,50.1326,218.8201,-4.5584,-23.8764,-84.0453,0.3659,-0.6620,-0.6541,0.9980,228,36.873848,1.6512,0.5013
BiancaGolden_CircleTurns,-34.6462,49.9119,218.7604,-5.1551,-24.0976,-83.5045,0.3452,-0.6674,-0.6599,0.9980,228,36.887238,1.6535,0.4991
BiancaGolden_CircleTurns,-34.4735,49.5897,218.8897,-5.4461,-24.2670,-83.6237,0.3364,-0.6683,-0.6635,0.9980,229,36.913219,1.6553,0.4959
BiancaGolden_CircleTurns,-34.0461,48.9837,218.9796,-6.0067,-24.4756,-82.5046,0.3398,-0.6685,-0.6616,0.9980,229,36.925533,1.6595,0.4898
BiancaGolden_CircleTurns,-33.8436,48.6663,219.0566,-6.1012,-24.3477,-82.2766,0.3197,-0.6833,-0.6564,0.9980,230,36.938969,1.6616,0.4867
BiancaGolden_CircleTurns,-33.6362,48.4244,219.0033,-6.2322,-24.0488,-82.3223,0.3077,-0.6909,-0.6542,0.9980,230,36.951050,1.6636,0.4842
BiancaGolden_CircleTurns,-33.4480,48.2188,218.8797,-6.2695,-23.6738,-82.2155,0.3012,-0.6936,-0.6543,0.9980,230,36.965801,1.6655,0.4822
BiancaGolden_CircleTurns,-33.2815,48.0783,218.7280,-6.1145,-23.2615,-82.0457,0.2900,-0.6986,-0.6541,0.9980,231,36.979774,1.6672,0.4808
BiancaGolden_CircleTurns,-33.1820,47.9411,218.5715,-5.7883,-22.9630,-81.6886,0.2849,-0.6987,-0.6562,0.9980,231,36.996128,1.6682,0.4794
BiancaGolden_CircleTurns,-33.1187,47.7707,218.4921,-5.3968,-22.8398,-81.2312,0.2894,-0.6952,-0.6580,0.9980,232,37.009090,1.6688,0.4777
BiancaGolden_CircleTurns,-33.0766,47.6397,218.4850,-5.1915,-22.9570,-80.7845,0.2849,-0.6889,-0.6665,0.9980,232,37.021923,1.6692,0.4764
BiancaGolden_CircleTurns,-33.0314,47.5549,218.4979,-5.2655,-23.3316,-80.2647,0.2872,-0.6795,-0.6751,0.9980,232,37.036331,1.6697,0.4755
BiancaGolden_CircleTurns,-33.0114,47.5053,218.4717,-5.5202,-23.7546,-79.7190,0.2891,-0.6688,-0.6849,0.9980,233,37.051174,1.6699,0.4751
BiancaGolden_CircleTurns,-33.0269,47.4639,218.4471,-5.6344,-24.1222,-79.1465,0.3621,-0.6088,-0.7059,0.9980,233,37.064442,1.6697,0.4746
BiancaGolden_CircleTurns,-33.1942,47.4458,218.5150,-5.4638,-24.4751,-78.2683,0.3741,-0.5977,-0.7091,0.9980,234,37.090500,1.6681,0.4745
BiancaGolden_CircleTurns,-33.3298,47.3155,218.5922,-5.3697,-24.7223,-77.0018,0.4387,-0.5559,-0.7061,0.9980,234,37.103455,1.6667,0.4732
BiancaGolden_CircleTurns,-33.4840,47.2701,218.6711,-5.3493,-24.7119,-76.3207,0.4451,-0.5468,-0.7092,0.9980,235,37.117085,1.6652,0.4727
BiancaGolden_CircleTurns,-33.6210,47.2353,218.7017,-5.2614,-24.7003,-75.6783,0.4463,-0.5477,-0.7077,0.9980,235,37.129181,1.6638,0.4724
BiancaGolden_CircleTurns,-33.8295,47.3393,218.6744,-5.2467,-24.5422,-75.5651,0.4450,-0.5447,-0.7109,0.9980,236,37.143276,1.6617,0.4734
BiancaGolden_CircleTurns,-34.0899,47.3830,218.6657,-5.2168,-24.5631,-74.9245,0.4503,-0.5393,-0.7117,0.9980,236,37.154781,1.6591,0.4738
BiancaGolden_CircleTurns,-34.4033,47.4571,218.6744,-5.2494,-24.6468,-74.3599,0.4555,-0.5339,-0.7124,0.9980,236,37.168808,1.6560,0.4746
BiancaGolden_CircleTurns,-34.7126,47.5303,218.6926,-5.2950,-24.7432,-73.7977,0.4444,-0.5380,-0.7163,0.9980,237,37.183136,1.6529,0.4753
BiancaGolden_CircleTurns,-35.1325,47.6680,218.7084,-5.6134,-24.7688,-73.3766,0.4516,-0.5322,-0.7161,0.9980,238,37.206062,1.6487,0.4767
BiancaGolden_CircleTurns,-35.8175,47.8558,218.7239,-5.8949,-24.7549,-72.3416,0.4454,-0.5355,-0.7175,0.9980,238,37.220589,1.6418,0.4786
BiancaGolden_CircleTurns,-36.2662,47.9768,218.6991,-6.0619,-24.5039,-71.8815,0.4473,-0.5384,-0.7141,0.9980,238,37.232319,1.6373,0.4798
BiancaGolden_CircleTurns,-36.7511,48.1167,218.6549,-6.0799,-24.1700,-71.4601,0.4523,-0.5373,-0.7119,0.9980,239,37.247742,1.6325,0.4812
BiancaGolden_CircleTurns,-37.2504,48.2840,218.5936,-6.0277,-23.9532,-70.9837,0.4563,-0.5359,-0.7103,0.9980,239,37.260582,1.6275,0.4828
BiancaGolden_CircleTurns,-37.8007,48.4891,218.5114,-6.0055,-23.7779,-70.4707,0.4480,-0.5398,-0.7127,0.9980,240,37.274876,1.6220,0.4849
BiancaGolden_CircleTurns,-38.3846,48.7545,218.3888,-5.9778,-23.7429,-69.9777,0.4481,-0.5373,-0.7145,0.9980,240,37.288517,1.6162,0.4875
BiancaGolden_CircleTurns,-39.0029,49.0396,218.2441,-6.0445,-23.7515,-69.3509,0.4470,-0.5365,-0.7158,0.9980,240,37.302681,1.6100,0.4904
BiancaGolden_CircleTurns,-39.6009,49.3106,218.1059,-5.9594,-23.7424,-68.8448,0.4475,-0.5343,-0.7171,0.9980,241,37.316418,1.6040,0.4931
BiancaGolden_CircleTurns,-40.2941,49.5869,217.9988,-5.9679,-23.7730,-68.1913,0.4528,-0.5298,-0.7171,0.9980,241,37.329132,1.5971,0.4959
BiancaGolden_CircleTurns,-40.9642,49.8545,217.9083,-5.9045,-23.7540,-67.5813,0.4589,-0.5235,-0.7178,0.9980,242,37.344711,1.5904,0.4985
BiancaGolden_CircleTurns,-41.6968,50.1116,217.8739,-5.8867,-23.8101,-66.8761,0.4591,-0.5258,-0.7161,0.9980,242,37.358532,1.5830,0.5011
BiancaGolden_CircleTurns,-42.4433,50.3332,217.8706,-5.8141,-23.8307,-66.1273,0.4608,-0.5242,-0.7161,0.9980,243,37.372726,1.5756,0.5033
BiancaGolden_CircleTurns,-43.2923,50.5027,217.9032,-5.4682,-23.7996,-65.3841,0.4660,-0.5166,-0.7183,0.9980,243,37.397568,1.5671,0.5050
BiancaGolden_CircleTurns,-44.8813,50.8470,217.9087,-5.0191,-23.7149,-64.0555,0.4646,-0.5143,-0.7209,0.9980,244,37.411335,1.5512,0.5085
BiancaGolden_CircleTurns,-45.6986,50.8442,218.0872,-4.6272,-23.7049,-63.4739,0.4681,-0.5134,-0.7193,0.9980,244,37.423126,1.5430,0.5084
BiancaGolden_CircleTurns,-46.5076,50.8783,218.2437,-4.2872,-23.4801,-62.9702,0.4629,-0.5200,-0.7178,0.9980,244,37.436207,1.5349,0.5088
BiancaGolden_CircleTurns,-46.4847,50.9401,218.1866,-4.5984,-23.3461,-63.2791,0.4685,-0.5295,-0.7072,0.9980,245,37.448406,1.5352,0.5094
BiancaGolden_CircleTurns,-47.3139,51.1620,218.0619,-4.5947,-23.1314,-62.9074,0.4721,-0.5336,-0.7017,0.9980,245,37.461273,1.5269,0.5116
BiancaGolden_CircleTurns,-48.1247,51.3800,217.9674,-4.4603,-23.0111,-62.6517,0.4673,-0.5411,-0.6992,0.9980,246,37.475437,1.5188,0.5138
BiancaGolden_CircleTurns,-48.8984,51.5399,218.0034,-4.2852,-22.9906,-62.3946,0.4672,-0.5403,-0.6999,0.9980,246,37.489250,1.5110,0.5154
BiancaGolden_CircleTurns,-49.5497,51.6842,218.0860,-4.0644,-22.9931,-62.2062,0.4727,-0.5384,-0.6976,0.9980,247,37.518505,1.5045,0.5168
BiancaGolden_CircleTurns,-50.9386,51.9457,218.1377,-3.7765,-22.7439,-61.5763,0.4752,-0.5393,-0.6952,0.9980,247,37.526737,1.4906,0.5195
BiancaGolden_CircleTurns,-51.5510,52.0160,218.2003,-3.6973,-22.5319,-61.3888,0.4801,-0.5409,-0.6906,0.9980,248,37.540730,1.4845,0.5202
BiancaGolden_CircleTurns,-52.1398,52.0966,218.2706,-3.6004,-22.3423,-61.3240,0.4810,-0.5417,-0.6893,0.9980,248,37.552933,1.4786,0.5210
BiancaGolden_CircleTurns,-52.6993,52.1736,218.3302,-3.4831,-22.2123,-61.2249,0.4804,-0.5403,-0.6909,0.9980,248,37.567638,1.4730,0.5217
BiancaGolden_CircleTurns,-53.1970,52.2862,218.4099,-3.4345,-22.2678,-61.1879,0.4810,-0.5368,-0.6932,0.9980,249,37.581043,1.4680,0.5229
BiancaGolden_CircleTurns,-53.6176,52.3546,218.5459,-3.6885,-22.5104,-61.3038,0.4803,-0.5335,-0.6962,0.9980,250,37.606609,1.4638,0.5235
BiancaGolden_CircleTurns,-54.6079,52.4945,218.7682,-3.6855,-22.6570,-61.2227,0.4775,-0.5329,-0.6986,0.9980,250,37.620419,1.4539,0.5249
BiancaGolden_CircleTurns,-55.0563,52.5547,218.9135,-3.5564,-22.8219,-61.3313,0.4743,-0.5340,-0.6999,0.9980,250,37.632523,1.4494,0.5255
BiancaGolden_CircleTurns,-55.5397,52.6028,219.0541,-3.3988,-23.0428,-61.5228,0.4653,-0.5382,-0.7027,0.9980,251,37.644936,1.4446,0.5260
BiancaGolden_CircleTurns,-56.0117,52.5808,219.2395,-3.1611,-23.2064,-62.0540,0.4517,-0.5455,-0.7060,0.9980,251,37.657089,1.4399,0.5258
BiancaGolden_CircleTurns,-56.0115,52.5181,219.2668,-3.0229,-23.1992,-62.4442,0.4395,-0.5552,-0.7061,0.9980,251,37.670654,1.4399,0.5252
BiancaGolden_CircleTurns,-56.4871,52.4463,219.4060,-2.4208,-23.0731,-63.7187,0.2561,-0.6250,-0.7374,0.9980,252,37.684082,1.4351,0.5245
BiancaGolden_CircleTurns,-56.9628,52.4238,219.4725,-1.6565,-22.8311,-65.3909,0.2287,-0.6388,-0.7346,0.9980,253,37.709541,1.4304,0.5242
BiancaGolden_CircleTurns,-57.8915,52.4314,219.6641,-0.7121,-22.6342,-67.3997,0.1473,-0.6614,-0.7354,0.9980,253,37.722603,1.4211,0.5243
BiancaGolden_CircleTurns,-58.3125,52.4458,219.7535,-0.1355,-22.4934,-68.6086,0.0808,-0.6716,-0.7365,0.9980,253,37.736385,1.4169,0.5245
BiancaGolden_CircleTurns,-58.7200,52.4895,219.8464,0.6808,-22.2834,-69.9944,-0.0057,-0.6805,-0.7327,0.9980,254,37.750065,1.4128,0.5249
BiancaGolden_CircleTurns,-59.0917,52.5262,219.9268,1.4944,-22.0726,-70.9828,-0.0192,-0.6860,-0.7273,0.9980,254,37.763908,1.4091,0.5253
BiancaGolden_CircleTurns,-59.3672,52.5942,220.0078,2.1944,-21.8254,-71.8077,-0.0753,-0.6942,-0.7158,0.9980,255,37.777931,1.4063,0.5259
BiancaGolden_CircleTurns,-59.6312,52.6606,220.0737,2.7214,-21.5973,-72.6164,-0.1211,-0.7001,-0.7037,0.9980,255,37.791260,1.4037,0.5266
BiancaGolden_CircleTurns,-59.7863,52.7786,220.0637,2.9300,-21.2973,-73.0648,-0.1263,-0.7021,-0.7008,0.9980,256,37.805782,1.4021,0.5278
BiancaGolden_CircleTurns,-59.9689,52.8817,220.0617,3.0676,-21.1025,-73.4718,-0.1101,-0.6969,-0.7086,0.9980,256,37.818443,1.4003,0.5288
BiancaGolden_CircleTurns,-60.0544,53.0209,220.0146,2.9052,-20.9664,-73.6804,-0.0959,-0.6943,-0.7133,0.9980,256,37.832577,1.3995,0.5302
BiancaGolden_CircleTurns,-60.1232,53.1520,219.9827,2.5153,-20.9403,-73.8979,-0.0679,-0.6876,-0.7229,0.9980,257,37.846851,1.3988,0.5315
BiancaGolden_CircleTurns,-60.1281,53.2993,219.8471,1.7472,-21.0986,-73.6294,-0.0534,-0.6794,-0.7318,0.9980,257,37.870918,1.3987,0.5330
BiancaGolden_CircleTurns,-60.2879,53.5796,219.6881,1.5990,-21.1096,-73.9349,-0.0413,-0.6746,-0.7370,0.9980,258,37.885410,1.3971,0.5358
BiancaGolden_CircleTurns,-60.2400,53.7281,219.5972,1.3077,-21.4164,-73.6741,-0.0230,-0.6685,-0.7433,0.9980,258,37.897293,1.3976,0.5373
BiancaGolden_CircleTurns,-60.1461,53.8104,219.5918,0.8514,-21.6987,-73.4066,-0.0174,-0.6662,-0.7456,0.9980,259,37.910034,1.3985,0.5381
BiancaGolden_CircleTurns,-60.0526,53.7850,219.5998,0.4040,-21.7661,-73.1767,-0.0117,-0.6613,-0.7500,0.9980,259,37.922562,1.3995,0.5378
BiancaGolden_CircleTurns,-60.0271,53.9120,219.5183,-0.2780,-21.9109,-73.1835,-0.0095,-0.6576,-0.7533,0.9980,259,37.937210,1.3997,0.5391
BiancaGolden_CircleTurns,-60.0313,54.0234,219.4564,-0.6444,-22.1352,-73.2609,0.0044,-0.6526,-0.7577,0.9980,260,37.952042,1.3997,0.5402
BiancaGolden_CircleTurns,-60.0186,54.0973,219.4869,-0.4768,-22.4409,-73.3643,0.0069,-0.6502,-0.7597,0.9980,261,37.979366,1.3998,0.5410
BiancaGolden_CircleTurns,-59.9449,54.4375,219.2593,-0.7103,-22.7478,-73.4671,0.0098,-0.6547,-0.7558,0.9980,261,37.995449,1.4006,0.5444
BiancaGolden_CircleTurns,-59.9602,54.6199,219.0213,-0.6285,-22.6069,-73.2855,0.0135,-0.6555,-0.7551,0.9980,262,38.007130,1.4004,0.5462
BiancaGolden_CircleTurns,-60.0171,54.6528,218.9879,-0.7003,-22.5232,-73.0348,0.0477,-0.6550,-0.7541,0.9980,262,38.024563,1.3998,0.5465
BiancaGolden_CircleTurns,-60.0834,54.7183,219.0440,-0.7829,-22.5923,-72.7894,0.1742,-0.6277,-0.7587,0.9980,262,38.033722,1.3992,0.5472
BiancaGolden_CircleTurns,-60.1608,54.7068,219.2008,-0.6427,-22.6955,-72.5610,0.2750,-0.5985,-0.7524,0.9980,263,38.046036,1.3984,0.5471
BiancaGolden_CircleTurns,-60.3110,54.7522,219.2723,-0.3642,-22.5610,-72.1989,0.3396,-0.5741,-0.7450,0.9980,263,38.060200,1.3969,0.5475
BiancaGolden_CircleTurns,-60.5157,54.9674,219.2036,-0.4265,-22.7099,-71.9000,0.3433,-0.5669,-0.7488,0.9980,264,38.086628,1.3948,0.5497
BiancaGolden_CircleTurns,-60.8479,55.1863,219.2928,-0.2965,-23.0418,-71.2822,0.3462,-0.5652,-0.7488,0.9980,264,38.100876,1.3915,0.5519
BiancaGolden_CircleTurns,-61.0335,55.2924,219.3726,-0.2248,-23.1979,-70.9382,0.3497,-0.5615,-0.7499,0.9980,265,38.114155,1.3897,0.5529
BiancaGolden_CircleTurns,-61.2835,55.3916,219.4716,-0.1849,-23.2877,-70.5145,0.3511,-0.5615,-0.7493,0.9980,265,38.127499,1.3872,0.5539
BiancaGolden_CircleTurns,-61.5713,55.5068,219.5609,-0.1720,-23.3449,-70.0711,0.3549,-0.5578,-0.7503,0.9980,266,38.141392,1.3843,0.5551
BiancaGolden_CircleTurns,-61.8651,55.6233,219.6320,-0.1712,-23.4352,-69.6466,0.3587,-0.5534,-0.7517,0.9980,266,38.154018,1.3813,0.5562
BiancaGolden_CircleTurns,-62.2194,55.7504,219.7092,-0.2040,-23.5849,-69.2188,0.3625,-0.5495,-0.7527,0.9980,266,38.167797,1.3778,0.5575
BiancaGolden_CircleTurns,-62.5738,55.8560,219.7735,-0.2534,-23.6850,-68.8163,0.3658,-0.5489,-0.7516,0.9980,267,38.180923,1.3743,0.5586
BiancaGolden_CircleTurns,-62.9315,55.9540,219.8261,-0.2878,-23.7221,-68.4199,0.3712,-0.5485,-0.7493,0.9980,267,38.193676,1.3707,0.5595
BiancaGolden_CircleTurns,-63.3066,56.0300,219.8356,-0.2583,-23.5570,-67.9520,0.3776,-0.5563,-0.7403,0.9980,268,38.209156,1.3669,0.5603
BiancaGolden_CircleTurns,-63.6907,56.0749,219.8199,-0.2304,-23.2124,-67.2745,0.3914,-0.5599,-0.7303,0.9980,268,38.222168,1.3631,0.5607
BiancaGolden_CircleTurns,-64.0651,56.0944,219.7652,-0.4609,-22.6072,-66.4442,0.4071,-0.5558,-0.7248,0.9980,269,38.247448,1.3593,0.5609
BiancaGolden_CircleTurns,-64.8324,56.2108,219.7215,-0.7363,-22.1874,-65.2525,0.4099,-0.5564,-0.7228,0.9980,269,38.260612,1.3517,0.5621
BiancaGolden_CircleTurns,-65.2902,56.2596,219.6389,-0.9069,-22.0370,-64.5928,0.4152,-0.5546,-0.7211,0.9980,270,38.273834,1.3471,0.5626
BiancaGolden_CircleTurns,-65.7888,56.3262,219.5051,-0.9332,-21.9841,-63.9290,0.4101,-0.5529,-0.7253,0.9980,270,38.285110,1.3421,0.5633
BiancaGolden_CircleTurns,-65.9183,56.3284,219.3878,-0.8806,-22.1737,-63.7916,0.4163,-0.5460,-0.7270,0.9980,270,38.297729,1.3408,0.5633
BiancaGolden_CircleTurns,-66.4755,56.3922,219.2031,-0.8738,-22.3137,-63.0579,0.4132,-0.5411,-0.7325,0.9980,271,38.310677,1.3352,0.5639
BiancaGolden_CircleTurns,-67.0435,56.4416,219.0072,-0.8143,-22.4971,-62.3052,0.4124,-0.5282,-0.7422,0.9980,271,38.325565,1.3296,0.5644
BiancaGolden_CircleTurns,-67.6193,56.4039,218.9554,-0.7662,-22.7518,-61.5246,0.4180,-0.5210,-0.7442,0.9980,272,38.352905,1.3238,0.5640
BiancaGolden_CircleTurns,-68.7469,56.4177,218.7620,-0.7088,-22.8745,-60.1576,0.4205,-0.5177,-0.7451,0.9980,272,38.367001,1.3125,0.5642
BiancaGolden_CircleTurns,-69.3492,56.4036,218.6454,-0.4951,-22.8887,-59.3748,0.4185,-0.5216,-0.7435,0.9980,273,38.379959,1.3065,0.5640
BiancaGolden_CircleTurns,-69.9777,56.3773,218.5748,-0.1022,-22.9698,-58.5519,0.4243,-0.5204,-0.7410,0.9980,273,38.393139,1.3002,0.5638
BiancaGolden_CircleTurns,-70.5570,56.2928,218.6183,0.3824,-23.1515,-57.6170,0.4281,-0.5145,-0.7429,0.9980,274,38.406490,1.2944,0.5629
BiancaGolden_CircleTurns,-71.0457,56.1570,218.7694,0.9648,-23.2896,-56.6126,0.4363,-0.5094,-0.7417,0.9980,274,38.419731,1.2895,0.5616
BiancaGolden_CircleTurns,-71.4945,55.9633,218.9441,1.6673,-23.1153,-55.3414,0.4458,-0.5177,-0.7302,0.9980,274,38.433537,1.2851,0.5596
BiancaGolden_CircleTurns,-71.9373,55.8285,218.9260,2.2125,-22.3788,-53.9318,0.4581,-0.5258,-0.7166,0.9980,275,38.445293,1.2806,0.5583
BiancaGolden_CircleTurns,-72.4310,55.8036,218.7997,2.4152,-21.8650,-52.7031,0.4733,-0.5235,-0.7085,0.9980,275,38.458626,1.2757,0.5580
BiancaGolden_CircleTurns,-72.9708,55.7526,218.6177,2.4341,-21.3204,-51.5393,0.4736,-0.5299,-0.7035,0.9980,276,38.473106,1.2703,0.5575
BiancaGolden_CircleTurns,-73.6407,55.5905,218.5380,2.6205,-20.9075,-50.5104,0.4769,-0.5283,-0.7025,0.9980,276,38.486385,1.2636,0.5559
BiancaGolden_CircleTurns,-74.2310,55.4594,218.4551,2.8441,-20.5331,-49.8960,0.4826,-0.5254,-0.7007,0.9980,276,38.503429,1.2577,0.5546
BiancaGolden_CircleTurns,-74.8496,55.3669,218.3810,2.7619,-20.4107,-49.4702,0.4831,-0.5244,-0.7012,0.9980,277,38.513779,1.2515,0.5537
BiancaGolden_CircleTurns,-75.4487,55.3202,218.2284,2.6138,-20.4533,-49.2185,0.4845,-0.5191,-0.7042,0.9980,277,38.526371,1.2455,0.5532
BiancaGolden_CircleTurns,-76.0029,55.3205,218.0987,2.3473,-20.7009,-49.0049,0.4820,-0.5182,-0.7066,0.9980,278,38.541519,1.2400,0.5532
BiancaGolden_CircleTurns,-76.5757,55.2856,217.9492,2.1022,-20.8764,-48.6892,0.4620,-0.5259,-0.7141,0.9980,278,38.554565,1.2342,0.5529
BiancaGolden_CircleTurns,-77.1413,55.2372,217.8246,1.9669,-21.0891,-48.4554,0.4549,-0.5269,-0.7179,0.9980,278,38.568272,1.2286,0.5524
BiancaGolden_CircleTurns,-77.7021,55.1903,217.7183,2.0266,-21.1929,-48.2865,0.4536,-0.5246,-0.7204,0.9980,279,38.581760,1.2230,0.5519
BiancaGolden_CircleTurns,-78.2524,55.1418,217.6884,2.1001,-21.4029,-48.1928,0.4485,-0.5254,-0.7231,0.9980,279,38.595249,1.2175,0.5514
BiancaGolden_CircleTurns,-78.7941,55.1028,217.7112,2.1287,-21.6295,-48.1286,0.4458,-0.5228,-0.7266,0.9980,280,38.609051,1.2121,0.5510
BiancaGolden_CircleTurns,-79.2909,55.1096,217.7928,2.0586,-21.9202,-48.1945,0.4383,-0.5246,-0.7299,0.9980,280,38.621742,1.2071,0.5511
BiancaGolden_CircleTurns,-79.7523,55.1421,217.9165,1.8513,-22.2103,-48.2811,0.4337,-0.5297,-0.7289,0.9980,280,38.636356,1.2025,0.5514
BiancaGolden_CircleTurns,-80.2237,55.1556,218.0463,1.6029,-22.4970,-48.3160,0.4321,-0.5267,-0.7320,0.9980,281,38.648769,1.1978,0.5516
BiancaGolden_CircleTurns,-80.6521,55.1971,218.2454,1.2939,-22.7471,-48.4320,0.4322,-0.5244,-0.7336,0.9980,281,38.661762,1.1935,0.5520
BiancaGolden_CircleTurns,-81.0899,55.2670,218.3830,0.9964,-22.8693,-48.4786,0.4302,-0.5241,-0.7350,0.9980,282,38.677162,1.1891,0.5527
BiancaGolden_CircleTurns,-81.5187,55.3850,218.4727,0.6555,-22.8806,-48.4647,0.4317,-0.5225,-0.7352,0.9980,282,38.691067,1.1848,0.5539
BiancaGolden_CircleTurns,-81.9299,55.5054,218.5714,0.3908,-22.8915,-48.4461,0.4326,-0.5217,-0.7353,0.9980,283,38.705200,1.1807,0.5551
BiancaGolden_CircleTurns,-82.3465,55.6339,218.6925,0.2513,-22.8949,-48.4242,0.4365,-0.5247,-0.7309,0.9980,283,38.717529,1.1765,0.5563
BiancaGolden_CircleTurns,-82.7610,55.7346,218.8287,0.1400,-22.9127,-48.4883,0.4367,-0.5286,-0.7279,0.9980,283,38.730751,1.1724,0.5573
BiancaGolden_CircleTurns,-82.7572,55.7571,218.8220,0.2478,-22.8328,-48.7088,0.4338,-0.5313,-0.7277,0.9980,284,38.742905,1.1724,0.5576
BiancaGolden_CircleTurns,-83.1938,55.8980,218.8860,0.3608,-22.8205,-48.9707,0.4286,-0.5350,-0.7281,0.9980,284,38.754898,1.1681,0.5590
BiancaGolden_CircleTurns,-83.6530,56.0476,218.9412,0.5917,-22.8629,-49.0949,0.4275,-0.5415,-0.7239,0.9980,284,38.769840,1.1635,0.5605
BiancaGolden_CircleTurns,-84.1153,56.2518,218.9351,1.1989,-22.8958,-49.1722,0.4279,-0.5450,-0.7210,0.9980,285,38.782356,1.1588,0.5625
BiancaGolden_CircleTurns,-84.5280,56.4179,218.9877,1.3126,-22.9558,-49.2774,0.4243,-0.5473,-0.7214,0.9980,285,38.795135,1.1547,0.5642
BiancaGolden_CircleTurns,-84.9197,56.5909,218.9907,1.2095,-22.9752,-49.7327,0.4193,-0.5516,-0.7211,0.9980,286,38.810806,1.1508,0.5659
BiancaGolden_CircleTurns,-85.3473,56.7369,218.9481,1.1999,-22.9492,-50.2810,0.3500,-0.5824,-0.7336,0.9980,286,38.824070,1.1465,0.5674
BiancaGolden_CircleTurns,-85.7934,56.8856,218.8542,1.4600,-22.9905,-51.0112,0.3412,-0.5873,-0.7339,0.9980,287,38.838730,1.1421,0.5689
BiancaGolden_CircleTurns,-86.2200,57.0886,218.7757,1.6730,-23.0421,-51.7301,0.2499,-0.6235,-0.7408,0.9980,287,38.851631,1.1378,0.5709
BiancaGolden_CircleTurns,-86.6320,57.3230,218.6644,1.9400,-23.0873,-52.5106,0.1766,-0.6491,-0.7399,0.9980,287,38.865448,1.1337,0.5732
BiancaGolden_CircleTurns,-86.9883,57.5469,218.5933,2.1362,-22.9856,-53.0558,0.1350,-0.6647,-0.7348,0.9980,288,38.879093,1.1301,0.5755
BiancaGolden_CircleTurns,-87.3136,57.7776,218.5743,2.2688,-22.8739,-53.5151,0.1338,-0.6690,-0.7311,0.9980,288,38.892151,1.1269,0.5778
BiancaGolden_CircleTurns,-87.5973,58.0286,218.5585,2.3521,-22.5640,-53.7864,0.1379,-0.6733,-0.7264,0.9980,289,38.907337,1.1240,0.5803
BiancaGolden_CircleTurns,-87.8380,58.3535,218.5178,2.0669,-22.0062,-53.9135,0.1402,-0.6765,-0.7230,0.9980,289,38.920937,1.1216,0.5835
BiancaGolden_CircleTurns,-88.1382,58.5982,218.5259,1.7203,-21.7241,-54.2460,0.1423,-0.6794,-0.7198,0.9980,289,38.935753,1.1186,0.5860
BiancaGolden_CircleTurns,-88.4272,58.8285,218.5427,1.3889,-21.3793,-54.7404,0.1510,-0.6776,-0.7198,0.9980,290,38.949455,1.1157,0.5883
BiancaGolden_CircleTurns,-88.7367,59.0811,218.4571,1.2093,-21.0504,-55.2759,0.1597,-0.6733,-0.7219,0.9980,290,38.962414,1.1126,0.5908
BiancaGolden_CircleTurns,-89.0376,59.3089,218.3281,1.1954,-20.8493,-55.6906,0.1580,-0.6733,-0.7223,0.9980,291,38.978184,1.1096,0.5931
BiancaGolden_CircleTurns,-89.2568,59.5098,218.3302,1.1061,-20.6593,-56.1162,0.1551,-0.6758,-0.7205,0.9980,291,38.990898,1.1074,0.5951
BiancaGolden_CircleTurns,-89.3042,59.5882,218.4940,1.0285,-20.4797,-56.5051,0.1636,-0.6765,-0.7180,0.9980,292,39.007999,1.1070,0.5959
BiancaGolden_CircleTurns,-89.3930,59.7109,218.4911,1.0038,-19.9073,-56.7117,0.1727,-0.6740,-0.7182,0.9980,292,39.018734,1.1061,0.5971
BiancaGolden_CircleTurns,-89.6421,59.9753,218.3002,1.1195,-19.5976,-56.7553,0.1835,-0.6697,-0.7196,0.9980,292,39.032421,1.1036,0.5998
BiancaGolden_CircleTurns,-89.9159,60.2293,218.0876,1.3188,-19.3997,-56.7285,0.1854,-0.6684,-0.7203,0.9980,293,39.045959,1.1008,0.6023
BiancaGolden_CircleTurns,-90.1831,60.5022,217.8491,1.7386,-19.4853,-56.4100,0.1892,-0.6630,-0.7243,0.9980,293,39.058735,1.0982,0.6050
BiancaGolden_CircleTurns,-90.4456,60.7201,217.8113,1.9739,-19.7663,-56.1708,0.1870,-0.6544,-0.7327,0.9980,294,39.073799,1.0955,0.6072
BiancaGolden_CircleTurns,-90.6649,60.9087,217.8932,1.8974,-20.4747,-55.9591,0.1927,-0.6449,-0.7396,0.9980,294,39.087120,1.0934,0.6091
BiancaGolden_CircleTurns,-90.9104,61.0954,217.8917,1.8261,-20.8025,-55.8351,0.1919,-0.6335,-0.7495,0.9980,294,39.101936,1.0909,0.6110
BiancaGolden_CircleTurns,-91.1769,61.2625,217.9263,1.4810,-21.4628,-55.5686,0.1948,-0.6252,-0.7557,0.9980,295,39.115139,1.0882,0.6126
BiancaGolden_CircleTurns,-91.4693,61.4470,217.9163,1.2966,-21.8495,-55.3572,0.1999,-0.6190,-0.7595,0.9980,295,39.128262,1.0853,0.6145
BiancaGolden_CircleTurns,-91.7955,61.6408,217.9203,1.0702,-22.1589,-55.0823,0.2056,-0.6159,-0.7606,0.9980,296,39.143543,1.0820,0.6164
BiancaGolden_CircleTurns,-92.0797,61.8179,217.9344,0.9326,-22.3529,-54.8815,0.2098,-0.6161,-0.7592,0.9980,296,39.157726,1.0792,0.6182
BiancaGolden_CircleTurns,-92.3793,61.9104,218.1151,0.7017,-22.4266,-54.6690,0.2105,-0.6144,-0.7604,0.9980,297,39.171959,1.0762,0.6191
BiancaGolden_CircleTurns,-92.6824,61.9980,218.3181,0.6162,-22.5103,-54.5929,0.2105,-0.6220,-0.7542,0.9980,297,39.185669,1.0732,0.6200
BiancaGolden_CircleTurns,-93.0395,62.1078,218.4756,0.6187,-22.6028,-54.5203,0.2099,-0.6229,-0.7536,0.9980,297,39.200932,1.0696,0.6211
BiancaGolden_CircleTurns,-93.4407,62.2365,218.5572,0.6729,-22.7599,-54.4433,0.2108,-0.6234,-0.7530,0.9980,298,39.214413,1.0656,0.6224
BiancaGolden_CircleTurns,-93.8820,62.3565,218.6414,0.8137,-22.9128,-54.3029,0.2114,-0.6254,-0.7511,0.9980,298,39.227608,1.0612,0.6236
BiancaGolden_CircleTurns,-94.2654,62.3713,218.7440,1.2420,-22.9042,-53.9556,0.2117,-0.6251,-0.7513,0.9980,299,39.242935,1.0573,0.6237
BiancaGolden_CircleTurns,-94.6061,62.5761,218.8678,1.1590,-22.8912,-53.9999,0.2226,-0.6257,-0.7476,0.9980,299,39.256519,1.0539,0.6258
BiancaGolden_CircleTurns,-95.0734,62.5732,218.9450,1.1113,-22.7236,-53.3608,0.2290,-0.6281,-0.7437,0.9980,299,39.271343,1.0493,0.6257
BiancaGolden_CircleTurns,-95.4345,62.7364,218.9931,0.9871,-22.6160,-53.1261,0.3060,-0.5873,-0.7493,0.9980,300,39.284550,1.0457,0.6274
BiancaGolden_CircleTurns,-95.8467,62.7990,219.0589,0.9065,-22.5781,-52.4810,0.3920,-0.5218,-0.7577,0.9980,300,39.298080,1.0415,0.6280
BiancaGolden_CircleTurns,-96.2683,62.7951,219.1508,1.1412,-22.3748,-51.6889,0.4743,-0.4557,-0.7532,0.9980,301,39.313236,1.0373,0.6280
BiancaGolden_CircleTurns,-96.6448,62.8556,219.1553,1.2710,-22.0218,-50.9445,0.4843,-0.4516,-0.7493,0.9980,301,39.326077,1.0336,0.6286
BiancaGolden_CircleTurns,-97.0822,62.9235,219.1143,1.0357,-21.7091,-50.2084,0.5493,-0.4084,-0.7290,0.9980,302,39.340317,1.0292,0.6292
BiancaGolden_CircleTurns,-97.5454,62.9826,219.0509,0.7350,-21.4652,-49.5702,0.5811,-0.3753,-0.7222,0.9980,302,39.354767,1.0245,0.6298
BiancaGolden_CircleTurns,-98.0295,62.9977,218.9708,0.6251,-21.3098,-48.8644,0.5870,-0.3656,-0.7224,0.9980,302,39.369247,1.0197,0.6300
BiancaGolden_CircleTurns,-98.5558,62.9926,218.8653,0.7163,-21.2829,-48.1135,0.5855,-0.3549,-0.7289,0.9980,303,39.382019,1.0144,0.6299
BiancaGolden_CircleTurns,-99.0600,62.9962,218.7395,0.9239,-21.2764,-47.3673,0.5822,-0.3533,-0.7322,0.9980,303,39.395332,1.0094,0.6300
BiancaGolden_CircleTurns,-99.5879,63.0174,218.6059,1.0612,-21.3377,-46.6763,0.5818,-0.3501,-0.7342,0.9980,304,39.410259,1.0041,0.6302
BiancaGolden_CircleTurns,-100.1656,62.9961,218.4865,1.1114,-21.4228,-45.9017,0.5842,-0.3420,-0.7361,0.9980,304,39.424557,0.9983,0.6300
BiancaGolden_CircleTurns,-100.7511,62.9602,218.3785,1.2079,-21.5371,-45.1739,0.5768,-0.3396,-0.7430,0.9980,305,39.438560,0.9925,0.6296
BiancaGolden_CircleTurns,-101.3907,62.8867,218.2434,1.3729,-21.6951,-44.4585,0.5756,-0.3380,-0.7446,0.9980,305,39.452335,0.9861,0.6289
BiancaGolden_CircleTurns,-102.0479,62.7991,218.0808,1.5755,-21.7747,-43.7130,0.5756,-0.3387,-0.7443,0.9980,305,39.467216,0.9795,0.6280
BiancaGolden_CircleTurns,-102.6925,62.6784,217.9426,1.7425,-21.8348,-42.9928,0.5787,-0.3347,-0.7437,0.9980,306,39.480747,0.9731,0.6268
BiancaGolden_CircleTurns,-103.3381,62.5052,217.8451,1.9558,-21.8326,-42.2947,0.5828,-0.3316,-0.7418,0.9980,306,39.496372,0.9666,0.6251
BiancaGolden_CircleTurns,-103.9257,62.2939,217.8437,2.0898,-21.9499,-41.6681,0.5847,-0.3245,-0.7435,0.9980,307,39.509197,0.9607,0.6229
BiancaGolden_CircleTurns,-104.4609,62.0138,217.9307,2.1923,-22.0798,-41.0284,0.5887,-0.3245,-0.7404,0.9980,307,39.521397,0.9554,0.6201
BiancaGolden_CircleTurns,-104.9655,61.7694,217.9347,2.2394,-21.8626,-40.4617,0.5880,-0.3321,-0.7376,0.9980,307,39.535618,0.9503,0.6177
BiancaGolden_CircleTurns,-105.6192,61.5905,217.7555,2.1064,-21.7792,-39.8300,0.5913,-0.3340,-0.7341,0.9980,308,39.549076,0.9438,0.6159
BiancaGolden_CircleTurns,-106.3175,61.4176,217.4542,2.0501,-21.6769,-39.2039,0.5943,-0.3289,-0.7340,0.9980,308,39.563271,0.9368,0.6142
BiancaGolden_CircleTurns,-107.0051,61.2476,217.2266,2.0413,-21.6793,-38.6423,0.5956,-0.3232,-0.7354,0.9980,309,39.577660,0.9299,0.6125
BiancaGolden_CircleTurns,-107.6489,61.0572,217.0594,1.9295,-21.8283,-38.2199,0.5983,-0.3178,-0.7355,0.9980,309,39.592400,0.9235,0.6106
BiancaGolden_CircleTurns,-108.2661,60.8423,216.9952,1.8239,-21.9515,-37.7781,0.5977,-0.3135,-0.7378,0.9980,310,39.605915,0.9173,0.6084
BiancaGolden_CircleTurns,-108.8752,60.6621,216.9557,1.6652,-22.1661,-37.5055,0.5913,-0.3185,-0.7409,0.9980,310,39.620087,0.9112,0.6066
BiancaGolden_CircleTurns,-109.5064,60.4945,216.9473,1.5658,-22.3655,-37.3121,0.5886,-0.3182,-0.7431,0.9980,310,39.633369,0.9049,0.6049
BiancaGolden_CircleTurns,-110.1347,60.3363,216.9614,1.5859,-22.5333,-37.0990,0.5921,-0.3175,-0.7406,0.9980,311,39.646961,0.8987,0.6034
BiancaGolden_CircleTurns,-110.7598,60.1917,217.0229,1.6040,-22.5768,-36.8212,0.5957,-0.3223,-0.7357,0.9980,311,39.660965,0.8924,0.6019
BiancaGolden_CircleTurns,-111.3377,60.0670,217.1402,1.6022,-22.4196,-36.6198,0.6011,-0.3242,-0.7305,0.9980,312,39.675846,0.8866,0.6007
BiancaGolden_CircleTurns,-111.9025,59.9771,217.3662,1.7213,-21.9603,-36.4059,0.6076,-0.3366,-0.7193,0.9980,312,39.689312,0.8810,0.5998
BiancaGolden_CircleTurns,-112.4052,59.8955,217.6477,2.1916,-21.2638,-36.0666,0.6196,-0.3449,-0.7051,0.9980,312,39.704159,0.8759,0.5990
BiancaGolden_CircleTurns,-112.8579,59.8772,218.0158,3.0304,-20.0028,-35.5363,0.6337,-0.3638,-0.6826,0.9980,313,39.717937,0.8714,0.5988
BiancaGolden_CircleTurns,-113.2644,59.9300,218.4919,4.2093,-18.1101,-34.8999,0.6539,-0.3782,-0.6553,0.9980,313,39.731106,0.8674,0.5993
BiancaGolden_CircleTurns,-113.6615,59.9836,218.9802,5.0521,-15.9297,-34.4483,0.6721,-0.3890,-0.6300,0.9980,314,39.745945,0.8634,0.5998
BiancaGolden_CircleTurns,-114.1248,60.0942,219.4291,5.1584,-14.0239,-34.2864,0.7097,-0.4171,-0.5677,0.9980,314,39.760006,0.8588,0.6009
BiancaGolden_CircleTurns,-114.6381,60.2165,219.7789,5.1000,-12.6784,-34.2130,0.7317,-0.4301,-0.5288,0.9980,315,39.774643,0.8536,0.6022
BiancaGolden_CircleTurns,-115.2173,60.3100,220.0262,5.2551,-11.8696,-34.0399,0.7340,-0.4400,-0.5173,0.9980,315,39.787670,0.8478,0.6031
BiancaGolden_CircleTurns,-115.7808,60.3993,220.2058,5.6003,-11.3861,-33.7238,0.7371,-0.4382,-0.5144,0.9980,315,39.801998,0.8422,0.6040
BiancaGolden_CircleTurns,-116.3072,60.5172,220.3038,5.7807,-11.1803,-33.4367,0.7271,-0.4245,-0.5395,0.9980,316,39.814396,0.8369,0.6052
BiancaGolden_CircleTurns,-116.8291,60.5922,220.3369,5.7012,-11.0261,-33.1894,0.7256,-0.4224,-0.5433,0.9980,316,39.828495,0.8317,0.6059
BiancaGolden_CircleTurns,-117.2723,60.6436,220.4611,5.5646,-11.2914,-33.1868,0.7122,-0.4026,-0.5751,0.9980,317,39.843849,0.8273,0.6064
BiancaGolden_CircleTurns,-117.7710,60.6897,220.5331,5.5408,-11.5837,-33.1257,0.6828,-0.3865,-0.6201,0.9980,317,39.856907,0.8223,0.6069
BiancaGolden_CircleTurns,-118.2648,60.7291,220.5557,5.6275,-12.0187,-33.0675,0.6791,-0.3842,-0.6255,0.9980,317,39.871078,0.8174,0.6073
BiancaGolden_CircleTurns,-118.7191,60.7945,220.5472,5.5321,-12.4202,-33.1257,0.6593,-0.3750,-0.6517,0.9980,318,39.884869,0.8128,0.6079
BiancaGolden_CircleTurns,-119.1734,60.8918,220.5479,5.4954,-12.8078,-33.2072,0.6561,-0.3752,-0.6548,0.9980,318,39.897896,0.8083,0.6089
BiancaGolden_CircleTurns,-119.5885,60.9913,220.5676,5.6413,-13.0311,-33.2560,0.6551,-0.3727,-0.6572,0.9980,319,39.912304,0.8041,0.6099
BiancaGolden_CircleTurns,-119.9829,61.1118,220.5812,5.9171,-13.0768,-33.2191,0.6540,-0.3776,-0.6556,0.9980,319,39.926773,0.8002,0.6111
BiancaGolden_CircleTurns,-120.3560,61.2607,220.5834,6.0884,-12.9499,-33.2098,0.6560,-0.3798,-0.6523,0.9980,320,39.940311,0.7964,0.6126
BiancaGolden_CircleTurns,-120.7205,61.4304,220.5837,6.2211,-12.6935,-33.1866,0.6620,-0.3764,-0.6481,0.9980,320,39.953991,0.7928,0.6143
BiancaGolden_CircleTurns,-121.0810,61.6140,220.5871,6.3348,-12.4926,-33.1394,0.6637,-0.3841,-0.6419,0.9980,320,39.969307,0.7892,0.6161
BiancaGolden_CircleTurns,-121.4281,61.8328,220.5484,6.3386,-12.3221,-33.1140,0.6656,-0.3805,-0.6420,0.9980,321,39.982849,0.7857,0.6183
BiancaGolden_CircleTurns,-121.7937,62.0916,220.4792,6.2860,-12.3261,-33.0597,0.6652,-0.3785,-0.6437,0.9980,321,39.998280,0.7821,0.6209
BiancaGolden_CircleTurns,-122.1502,62.3551,220.4173,6.2486,-12.4502,-32.9724,0.6724,-0.3730,-0.6393,0.9980,322,40.010448,0.7785,0.6236
BiancaGolden_CircleTurns,-122.5121,62.6104,220.3554,6.1474,-12.6641,-32.8928,0.6709,-0.3706,-0.6423,0.9980,322,40.023159,0.7749,0.6261
BiancaGolden_CircleTurns,-122.8425,62.8729,220.2593,5.9010,-12.9017,-32.9511,0.6696,-0.3696,-0.6442,0.9980,322,40.037781,0.7716,0.6287
BiancaGolden_CircleTurns,-123.1636,63.1341,220.1630,5.7184,-13.0619,-33.0508,0.6634,-0.3663,-0.6525,0.9980,323,40.051136,0.7684,0.6313
BiancaGolden_CircleTurns,-123.4903,63.4009,220.0479,5.6474,-13.2201,-33.1302,0.6611,-0.3613,-0.6576,0.9980,323,40.066185,0.7651,0.6340
BiancaGolden_CircleTurns,-123.7930,63.7077,219.9221,5.5896,-13.3373,-33.2050,0.6601,-0.3603,-0.6591,0.9980,324,40.080791,0.7621,0.6371
BiancaGolden_CircleTurns,-124.0849,64.0226,219.8057,5.4716,-13.4679,-33.2574,0.6632,-0.3598,-0.6563,0.9980,324,40.093258,0.7592,0.6402
BiancaGolden_CircleTurns,-124.3447,64.3665,219.6695,5.1917,-13.5435,-33.3013,0.6641,-0.3591,-0.6558,0.9980,325,40.108051,0.7566,0.6437
BiancaGolden_CircleTurns,-124.5944,64.7145,219.5535,4.8759,-13.6305,-33.3938,0.6630,-0.3600,-0.6563,0.9980,325,40.122208,0.7541,0.6471
BiancaGolden_CircleTurns,-124.8291,65.0675,219.4614,4.6447,-13.7356,-33.4572,0.6623,-0.3592,-0.6575,0.9980,325,40.137478,0.7517,0.6507
BiancaGolden_CircleTurns,-125.0503,65.4471,219.3245,4.5395,-13.7985,-33.4970,0.6597,-0.3651,-0.6569,0.9980,326,40.149857,0.7495,0.6545
BiancaGolden_CircleTurns,-125.2452,65.8333,219.1671,4.3780,-13.8378,-33.5507,0.6597,-0.3638,-0.6576,0.9980,326,40.163544,0.7475,0.6583
BiancaGolden_CircleTurns,-125.4300,66.2123,219.0303,4.1929,-13.9056,-33.5785,0.6596,-0.3663,-0.6563,0.9980,327,40.177315,0.7457,0.6621
BiancaGolden_CircleTurns,-125.5970,66.5841,218.9215,4.1652,-14.0130,-33.6775,0.6575,-0.3725,-0.6549,0.9980,327,40.191002,0.7440,0.6658
BiancaGolden_CircleTurns,-125.8231,66.9773,218.7418,4.2986,-14.2379,-33.7379,0.6511,-0.3747,-0.6600,0.9980,328,40.205441,0.7418,0.6698
BiancaGolden_CircleTurns,-126.0652,67.4149,218.4426,4.5406,-14.6997,-33.7941,0.6461,-0.3731,-0.6659,0.9980,328,40.220684,0.7393,0.6741
BiancaGolden_CircleTurns,-126.3161,67.8052,218.2268,4.6652,-15.1040,-33.8175,0.6419,-0.3733,-0.6698,0.9980,328,40.233768,0.7368,0.6781
BiancaGolden_CircleTurns,-126.5589,68.1632,218.1103,4.6178,-15.5743,-34.0524,0.6353,-0.3754,-0.6748,0.9980,329,40.246983,0.7344,0.6816
BiancaGolden_CircleTurns,-126.8161,68.4927,218.0174,4.5367,-15.9724,-34.5280,0.6285,-0.3890,-0.6736,0.9980,329,40.260628,0.7318,0.6849
BiancaGolden_CircleTurns,-127.1373,68.7753,217.9056,4.6804,-16.4178,-35.3562,0.6154,-0.4017,-0.6782,0.9980,330,40.275482,0.7286,0.6878
BiancaGolden_CircleTurns,-127.4820,69.0182,217.8164,5.1463,-16.8189,-36.4436,0.6009,-0.4254,-0.6767,0.9980,330,40.289761,0.7252,0.6902
BiancaGolden_CircleTurns,-127.8713,69.2182,217.7815,6.0776,-17.1241,-38.0306,0.5813,-0.4501,-0.6779,0.9980,330,40.303879,0.7213,0.6922
BiancaGolden_CircleTurns,-128.2243,69.4413,217.7531,7.0462,-17.3347,-39.4877,0.5634,-0.4716,-0.6784,0.9980,331,40.317497,0.7178,0.6944
BiancaGolden_CircleTurns,-128.5744,69.6711,217.7985,8.3755,-17.2961,-41.1344,0.5351,-0.5213,-0.6648,0.9980,331,40.330456,0.7143,0.6967
BiancaGolden_CircleTurns,-128.8984,69.9786,217.8439,9.5263,-17.2162,-42.4398,0.4912,-0.5869,-0.6436,0.9980,332,40.345398,0.7110,0.6998
BiancaGolden_CircleTurns,-129.2206,70.3204,217.9061,10.5085,-17.1307,-43.3147,0.4876,-0.5960,-0.6379,0.9980,332,40.359585,0.7078,0.7032
BiancaGolden_CircleTurns,-129.5063,70.6635,218.0246,11.1809,-16.9898,-43.7052,0.4994,-0.5845,-0.6395,0.9980,333,40.373985,0.7049,0.7066
BiancaGolden_CircleTurns,-129.7505,71.0364,218.1832,11.4497,-16.8805,-43.8208,0.5259,-0.5581,-0.6418,0.9980,333,40.387108,0.7025,0.7104
BiancaGolden_CircleTurns,-130.0010,71.4263,218.3627,11.2251,-16.7835,-43.6074,0.5352,-0.5467,-0.6439,0.9980,333,40.403137,0.7000,0.7143
BiancaGolden_CircleTurns,-130.3071,71.7945,218.5028,10.9666,-16.8288,-43.3638,0.5385,-0.5414,-0.6457,0.9980,334,40.414646,0.6969,0.7179
BiancaGolden_CircleTurns,-130.6421,72.1367,218.5941,10.4682,-16.9697,-42.9690,0.5562,-0.5178,-0.6500,0.9980,334,40.427727,0.6936,0.7214
BiancaGolden_CircleTurns,-130.9865,72.4593,218.6613,10.0071,-17.1151,-42.6468,0.5727,-0.4930,-0.6549,0.9980,335,40.442883,0.6901,0.7246
BiancaGolden_CircleTurns,-131.3024,72.7624,218.7450,9.5208,-17.2938,-42.3858,0.5797,-0.4806,-0.6579,0.9980,335,40.457825,0.6870,0.7276
BiancaGolden_CircleTurns,-131.5926,73.0452,218.8494,8.9559,-17.5459,-42.1750,0.5831,-0.4746,-0.6594,0.9980,335,40.471260,0.6841,0.7305
BiancaGolden_CircleTurns,-131.8936,73.3101,218.9424,8.4538,-17.8538,-42.0778,0.5833,-0.4717,-0.6612,0.9980,336,40.485268,0.6811,0.7331
BiancaGolden_CircleTurns,-132.2022,73.5333,219.0178,7.9844,-18.2913,-42.2010,0.5788,-0.4695,-0.6667,0.9980,336,40.502384,0.6780,0.7353
BiancaGolden_CircleTurns,-132.5436,73.7152,219.0704,7.7000,-18.7300,-42.4549,0.5708,-0.4734,-0.6709,0.9980,337,40.513657,0.6746,0.7372
BiancaGolden_CircleTurns,-132.8956,73.8729,219.0903,7.5720,-19.2122,-42.9181,0.5626,-0.4782,-0.6744,0.9980,337,40.526054,0.6710,0.7387
BiancaGolden_CircleTurns,-133.2859,73.9810,219.0685,7.6170,-19.8155,-43.5765,0.5545,-0.4851,-0.6762,0.9980,338,40.540401,0.6671,0.7398
BiancaGolden_CircleTurns,-133.6664,74.0797,219.0139,7.8622,-20.4027,-44.3522,0.5468,-0.4934,-0.6764,0.9980,338,40.553734,0.6633,0.7408
BiancaGolden_CircleTurns,-134.0345,74.2142,218.9919,8.2697,-20.9184,-44.9609,0.5392,-0.4938,-0.6822,0.9980,338,40.568260,0.6597,0.7421
BiancaGolden_CircleTurns,-134.3488,74.3428,219.0439,8.8272,-21.3496,-45.1234,0.5474,-0.4963,-0.6739,0.9980,339,40.582554,0.6565,0.7434
BiancaGolden_CircleTurns,-134.4850,74.4742,219.2125,9.0932,-21.2624,-44.8551,0.5556,-0.4944,-0.6686,0.9980,339,40.595085,0.6551,0.7447
BiancaGolden_CircleTurns,-134.6022,74.6028,219.3703,8.7359,-20.9168,-44.4887,0.5772,-0.4928,-0.6512,0.9980,340,40.610432,0.6540,0.7460
BiancaGolden_CircleTurns,-134.7380,74.6907,219.4814,8.0471,-20.3351,-43.9632,0.6019,-0.4871,-0.6329,0.9980,340,40.623970,0.6526,0.7469
BiancaGolden_CircleTurns,-134.9809,74.7479,219.4954,7.5220,-19.7209,-43.3825,0.6115,-0.4834,-0.6264,0.9980,340,40.638298,0.6502,0.7475
BiancaGolden_CircleTurns,-135.2590,74.7733,219.5038,7.3975,-19.4267,-42.8314,0.6168,-0.4795,-0.6242,0.9980,341,40.651920,0.6474,0.7477
BiancaGolden_CircleTurns,-135.4786,74.7873,219.5498,7.4055,-19.2863,-42.3537,0.6215,-0.4741,-0.6237,0.9980,341,40.665306,0.6452,0.7479
BiancaGolden_CircleTurns,-135.6741,74.7898,219.5768,7.2295,-19.2498,-41.9220,0.6258,-0.4681,-0.6239,0.9980,342,40.680531,0.6433,0.7479
BiancaGolden_CircleTurns,-135.9019,74.7805,219.5304,6.9154,-19.3098,-41.4834,0.6255,-0.4651,-0.6264,0.9980,342,40.694324,0.6410,0.7478
BiancaGolden_CircleTurns,-136.1629,74.7454,219.4339,6.6023,-19.3898,-41.0416,0.6289,-0.4581,-0.6282,0.9980,343,40.708321,0.6384,0.7475
BiancaGolden_CircleTurns,-136.4537,74.6752,219.2668,6.3769,-19.5767,-40.5648,0.6596,-0.4045,-0.6335,0.9980,343,40.721825,0.6355,0.7468
BiancaGolden_CircleTurns,-136.7361,74.5839,219.1246,6.1540,-19.7515,-40.1444,0.6843,-0.3737,-0.6262,0.9980,343,40.736382,0.6326,0.7458
BiancaGolden_CircleTurns,-137.0376,74.4424,218.9733,5.9908,-19.9363,-39.7469,0.6868,-0.3695,-0.6260,0.9980,344,40.750244,0.6296,0.7444
BiancaGolden_CircleTurns,-137.3379,74.2883,218.8590,5.8688,-19.9440,-39.4378,0.6925,-0.3654,-0.6220,0.9980,344,40.762695,0.6266,0.7429
BiancaGolden_CircleTurns,-137.6739,74.0540,218.7914,5.9324,-19.6193,-39.2562,0.6946,-0.3707,-0.6166,0.9980,345,40.778084,0.6233,0.7405
BiancaGolden_CircleTurns,-138.0215,73.8059,218.7318,6.2001,-19.1834,-39.0003,0.6938,-0.3791,-0.6123,0.9980,345,40.791714,0.6198,0.7381
BiancaGolden_CircleTurns,-138.3801,73.6143,218.6407,6.3842,-18.7523,-38.6858,0.6935,-0.3808,-0.6116,0.9980,346,40.806213,0.6162,0.7361
BiancaGolden_CircleTurns,-138.7874,73.4163,218.5703,6.4858,-18.4710,-38.2237,0.6991,-0.3752,-0.6087,0.9980,346,40.819332,0.6121,0.7342
BiancaGolden_CircleTurns,-139.2067,73.1826,218.4510,6.4870,-18.2244,-37.6445,0.7044,-0.3704,-0.6055,0.9980,346,40.833805,0.6079,0.7318
BiancaGolden_CircleTurns,-139.6130,72.9987,218.2534,6.1472,-18.0496,-37.2783,0.7060,-0.3627,-0.6083,0.9980,347,40.847404,0.6039,0.7300
BiancaGolden_CircleTurns,-140.0809,72.7358,218.0305,5.8169,-17.8388,-36.8412,0.7103,-0.3592,-0.6053,0.9980,347,40.862312,0.5992,0.7274
BiancaGolden_CircleTurns,-140.5228,72.4843,217.8470,5.5321,-17.6551,-36.4849,0.7107,-0.3559,-0.6068,0.9980,348,40.875736,0.5948,0.7248
BiancaGolden_CircleTurns,-140.9974,72.2447,217.6621,5.1630,-17.6586,-36.0981,0.7088,-0.3505,-0.6121,0.9980,348,40.889446,0.5900,0.7224
BiancaGolden_CircleTurns,-141.4221,72.0154,217.5084,4.8951,-17.6386,-35.7063,0.7108,-0.3462,-0.6123,0.9980,348,40.904770,0.5858,0.7202
BiancaGolden_CircleTurns,-141.8209,71.8010,217.3753,4.6031,-17.6891,-35.3025,0.7143,-0.3378,-0.6129,0.9980,349,40.917580,0.5818,0.7180
BiancaGolden_CircleTurns,-142.2251,71.5878,217.3381,4.4192,-17.7690,-34.7323,0.7176,-0.3303,-0.6132,0.9980,349,40.930378,0.5777,0.7159
BiancaGolden_CircleTurns,-142.5857,71.4719,217.3294,4.0700,-17.8029,-34.2155,0.7143,-0.3311,-0.6166,0.9980,350,40.945503,0.5741,0.7147
BiancaGolden_CircleTurns,-142.9667,71.3514,217.3129,3.6280,-17.8640,-33.6780,0.7170,-0.3239,-0.6173,0.9980,350,40.959343,0.5703,0.7135
BiancaGolden_CircleTurns,-143.3471,71.2304,217.3112,3.1229,-17.8653,-33.2123,0.7202,-0.3186,-0.6162,0.9980,351,40.973427,0.5665,0.7123
BiancaGolden_CircleTurns,-143.7183,71.1038,217.3533,2.7855,-17.8547,-32.9141,0.7151,-0.3259,-0.6184,0.9980,351,40.987293,0.5628,0.7110
BiancaGolden_CircleTurns,-144.0953,70.9983,217.4214,2.4655,-17.8605,-32.7619,0.7170,-0.3236,-0.6174,0.9980,352,41.005215,0.5590,0.7100
BiancaGolden_CircleTurns,-144.4896,70.9234,217.4374,2.2442,-17.8145,-32.6466,0.7172,-0.3223,-0.6178,0.9980,352,41.015415,0.5551,0.7092
BiancaGolden_CircleTurns,-144.8939,70.9096,217.4459,2.0848,-17.8540,-32.5649,0.7156,-0.3244,-0.6186,0.9980,352,41.029228,0.5511,0.7091
BiancaGolden_CircleTurns,-145.2577,70.9518,217.5071,1.8701,-17.9495,-32.4152,0.7151,-0.3248,-0.6190,0.9980,353,41.043644,0.5474,0.7095
BiancaGolden_CircleTurns,-145.6187,70.9923,217.5945,1.6158,-18.0122,-32.1778,0.7124,-0.3279,-0.6205,0.9980,353,41.055523,0.5438,0.7099
BiancaGolden_CircleTurns,-145.9688,71.0885,217.6790,1.3073,-18.0575,-32.0354,0.7088,-0.3273,-0.6249,0.9980,353,41.070641,0.5403,0.7109
BiancaGolden_CircleTurns,-146.3167,71.1717,217.7556,0.9982,-18.0674,-31.9204,0.7101,-0.3251,-0.6246,0.9980,354,41.084198,0.5368,0.7117
BiancaGolden_CircleTurns,-146.6391,71.2687,217.8403,0.7270,-18.0753,-31.8593,0.7100,-0.3240,-0.6252,0.9980,354,41.097702,0.5336,0.7127
BiancaGolden_CircleTurns,-146.9368,71.3887,217.9112,0.6161,-18.0337,-31.7811,0.7107,-0.3233,-0.6248,0.9980,355,41.112679,0.5306,0.7139
BiancaGolden_CircleTurns,-147.2383,71.5372,217.9657,0.4692,-17.9815,-31.7128,0.7085,-0.3299,-0.6239,0.9980,355,41.126358,0.5276,0.7154
BiancaGolden_CircleTurns,-147.5138,71.7008,217.9992,0.4498,-17.9331,-31.5618,0.7129,-0.3305,-0.6186,0.9980,356,41.140678,0.5249,0.7170
BiancaGolden_CircleTurns,-147.7675,71.8931,218.0245,0.4019,-17.8796,-31.4408,0.7145,-0.3285,-0.6178,0.9980,356,41.154228,0.5223,0.7189
BiancaGolden_CircleTurns,-148.0303,72.0889,218.0060,0.2948,-17.8427,-31.2947,0.7157,-0.3276,-0.6168,0.9980,356,41.168774,0.5197,0.7209
BiancaGolden_CircleTurns,-148.2708,72.3091,217.9293,0.1677,-17.7764,-31.2215,0.7143,-0.3290,-0.6177,0.9980,357,41.182201,0.5173,0.7231
BiancaGolden_CircleTurns,-148.5036,72.5483,217.8032,0.0930,-17.7492,-31.2318,0.7127,-0.3320,-0.6179,0.9980,357,41.195412,0.5150,0.7255
BiancaGolden_CircleTurns,-148.7275,72.7958,217.6289,0.0311,-17.7015,-31.2539,0.7117,-0.3352,-0.6173,0.9980,358,41.210499,0.5127,0.7280
BiancaGolden_CircleTurns,-148.9275,73.0687,217.3907,0.0668,-17.6680,-31.2599,0.7122,-0.3350,-0.6169,0.9980,358,41.224354,0.5107,0.7307
BiancaGolden_CircleTurns,-149.0877,73.3367,217.0905,0.1123,-17.6024,-31.2081,0.7135,-0.3349,-0.6154,0.9980,359,41.238842,0.5091,0.7334
BiancaGolden_CircleTurns,-149.1875,73.6001,216.7763,0.0465,-17.5040,-31.1800,0.7083,-0.3430,-0.6169,0.9980,359,41.252327,0.5081,0.7360
BiancaGolden_CircleTurns,-149.2490,73.8694,216.4873,-0.1211,-17.3782,-31.2174,0.7094,-0.3435,-0.6154,0.9980,359,41.266613,0.5075,0.7387
BiancaGolden_CircleTurns,-149.2617,74.1560,216.1659,-0.3422,-17.2378,-31.3076,0.7127,-0.3425,-0.6122,0.9980,360,41.279980,0.5074,0.7416
BiancaGolden_CircleTurns,-149.2942,74.4678,215.6927,-0.4555,-17.0210,-31.3841,0.7144,-0.3432,-0.6098,0.9980,360,41.293228,0.5071,0.7447
BiancaGolden_CircleTurns,-149.3419,74.7894,215.1058,-0.5070,-16.8623,-31.3888,0.7165,-0.3444,-0.6067,0.9980,361,41.308788,0.5066,0.7479
BiancaGolden_CircleTurns,-149.3179,75.1149,214.4223,-0.5321,-16.6320,-31.4347,0.7138,-0.3473,-0.6082,0.9980,361,41.322605,0.5068,0.7511
BiancaGolden_CircleTurns,-149.2628,75.4485,213.7586,-0.5811,-16.4231,-31.5141,0.7165,-0.3493,-0.6038,0.9980,361,41.336346,0.5074,0.7545
BiancaGolden_CircleTurns,-149.1798,75.7987,213.0680,-0.7097,-16.1174,-31.5925,0.7164,-0.3550,-0.6007,0.9980,362,41.351288,0.5082,0.7580
BiancaGolden_CircleTurns,-149.0728,76.1591,212.3224,-0.9145,-15.8903,-31.6905,0.7181,-0.3549,-0.5987,0.9980,362,41.363483,0.5093,0.7616
BiancaGolden_CircleTurns,-148.9406,76.5061,211.4777,-1.0554,-15.6324,-31.6489,0.7207,-0.3548,-0.5956,0.9980,363,41.377872,0.5106,0.7651
BiancaGolden_CircleTurns,-148.7929,76.8847,210.5948,-1.2996,-15.4270,-31.6687,0.7180,-0.3538,-0.5994,0.9980,363,41.391895,0.5121,0.7688
BiancaGolden_CircleTurns,-148.6046,77.2107,209.7786,-1.6481,-15.2861,-31.6830,0.7181,-0.3532,-0.5996,0.9980,364,41.406574,0.5140,0.7721
BiancaGolden_CircleTurns,-148.3290,77.4979,209.0639,-2.0190,-15.1788,-31.7298,0.7193,-0.3517,-0.5991,0.9980,364,41.419598,0.5167,0.7750
BiancaGolden_CircleTurns,-148.0528,77.7527,208.3900,-2.3522,-15.1717,-31.7514,0.7192,-0.3521,-0.5990,0.9980,364,41.433571,0.5195,0.7775
BiancaGolden_CircleTurns,-147.7750,77.9541,207.7487,-2.5148,-15.1636,-31.6705,0.7186,-0.3452,-0.6038,0.9980,365,41.447113,0.5222,0.7795
BiancaGolden_CircleTurns,-147.5391,78.1201,207.1099,-2.5947,-15.2197,-31.5206,0.7223,-0.3465,-0.5985,0.9980,365,41.460388,0.5246,0.7812
BiancaGolden_CircleTurns,-147.2605,78.2774,206.4970,-2.8134,-15.1031,-31.3509,0.7264,-0.3471,-0.5931,0.9980,366,41.475632,0.5274,0.7828
BiancaGolden_CircleTurns,-147.0203,78.5462,205.7929,-3.4718,-14.7457,-31.3876,0.7312,-0.3456,-0.5882,0.9980,366,41.489742,0.5298,0.7855
BiancaGolden_CircleTurns,-146.8045,78.7530,205.0082,-3.8698,-14.4292,-31.2939,0.7341,-0.3439,-0.5854,0.9980,367,41.507107,0.5320,0.7875
BiancaGolden_CircleTurns,-146.6531,78.8794,204.3319,-3.7718,-14.2272,-31.0455,0.7337,-0.3436,-0.5862,0.9980,367,41.518345,0.5335,0.7888
BiancaGolden_CircleTurns,-146.4844,78.9926,203.8206,-3.5025,-14.1717,-30.9206,0.7266,-0.3513,-0.5905,0.9980,367,41.531750,0.5352,0.7899
BiancaGolden_CircleTurns,-146.2993,79.0852,203.4397,-3.3600,-14.3550,-30.9590,0.7189,-0.3569,-0.5965,0.9980,368,41.546471,0.5370,0.7909
BiancaGolden_CircleTurns,-146.0845,79.1765,203.0390,-3.3317,-14.5486,-31.0365,0.7155,-0.3611,-0.5980,0.9980,368,41.557465,0.5392,0.7918
BiancaGolden_CircleTurns,-145.8647,79.2517,202.6194,-3.3827,-14.6311,-31.1133,0.7133,-0.3652,-0.5982,0.9980,369,41.572411,0.5414,0.7925
BiancaGolden_CircleTurns,-145.6499,79.2871,202.1941,-3.3797,-14.5352,-31.0805,0.7165,-0.3657,-0.5940,0.9980,369,41.586296,0.5435,0.7929
BiancaGolden_CircleTurns,-145.4555,79.3067,201.7223,-3.4068,-14.2416,-31.0095,0.7186,-0.3669,-0.5907,0.9980,369,41.601295,0.5454,0.7931
BiancaGolden_CircleTurns,-145.2493,79.2856,201.2674,-3.4699,-14.0001,-30.9266,0.7220,-0.3682,-0.5858,0.9980,370,41.614426,0.5475,0.7929
BiancaGolden_CircleTurns,-145.0170,79.1657,200.9134,-3.5539,-13.7871,-30.8268,0.7249,-0.3753,-0.5776,0.9980,370,41.627724,0.5498,0.7917
BiancaGolden_CircleTurns,-144.7911,79.0634,200.6305,-3.6447,-13.6597,-30.8567,0.7251,-0.3910,-0.5668,0.9980,371,41.643044,0.5521,0.7906
BiancaGolden_CircleTurns,-144.6274,78.9530,200.3221,-3.7203,-13.7205,-30.8679,0.7403,-0.4175,-0.5270,0.9980,371,41.656986,0.5537,0.7895
BiancaGolden_CircleTurns,-144.4953,78.8116,199.9348,-3.7310,-13.7877,-30.8415,0.7409,-0.4170,-0.5265,0.9980,371,41.671024,0.5550,0.7881
BiancaGolden_CircleTurns,-144.3506,78.5954,199.5896,-3.5100,-13.7507,-30.7126,0.7680,-0.4466,-0.4590,0.9980,372,41.684185,0.5565,0.7860
BiancaGolden_CircleTurns,-144.1301,78.3282,199.3465,-3.2177,-13.5616,-30.6221,0.7747,-0.4508,-0.4434,0.9980,372,41.697502,0.5587,0.7833
BiancaGolden_CircleTurns,-143.9288,78.0827,199.1638,-3.2362,-13.4364,-30.5838,0.7730,-0.4532,-0.4439,0.9980,373,41.713108,0.5607,0.7808
BiancaGolden_CircleTurns,-143.7531,77.8291,198.9861,-3.5275,-13.4563,-30.6144,0.7688,-0.4529,-0.4516,0.9980,373,41.726444,0.5625,0.7783
BiancaGolden_CircleTurns,-143.6087,77.5469,198.8077,-3.6804,-13.5125,-30.5710,0.7692,-0.4514,-0.4523,0.9980,374,41.740585,0.5639,0.7755
BiancaGolden_CircleTurns,-143.4855,77.1875,198.6403,-3.6358,-13.5733,-30.4555,0.7693,-0.4518,-0.4518,0.9980,374,41.754265,0.5651,0.7719
BiancaGolden_CircleTurns,-143.3119,76.8212,198.5047,-3.5663,-13.5551,-30.4343,0.7700,-0.4506,-0.4517,0.9980,374,41.768311,0.5669,0.7682
BiancaGolden_CircleTurns,-143.1260,76.4141,198.4012,-3.5695,-13.4774,-30.4936,0.7701,-0.4512,-0.4510,0.9980,375,41.781822,0.5687,0.7641
BiancaGolden_CircleTurns,-142.9447,76.0085,198.2952,-3.6308,-13.4329,-30.5427,0.7700,-0.4511,-0.4514,0.9980,375,41.795128,0.5706,0.7601
BiancaGolden_CircleTurns,-142.8130,75.5822,198.1838,-3.6434,-13.4564,-30.5394,0.7714,-0.4482,-0.4518,0.9980,376,41.810585,0.5719,0.7558
BiancaGolden_CircleTurns,-142.6640,75.1369,198.1029,-3.6380,-13.5346,-30.4669,0.7713,-0.4466,-0.4535,0.9980,376,41.824055,0.5734,0.7514
BiancaGolden_CircleTurns,-142.4990,74.6454,198.1117,-3.5877,-13.7102,-30.3603,0.7710,-0.4445,-0.4561,0.9980,377,41.838573,0.5750,0.7465
BiancaGolden_CircleTurns,-142.3678,74.1775,198.0684,-3.5745,-13.8781,-30.2501,0.7702,-0.4427,-0.4591,0.9980,377,41.851944,0.5763,0.7418
BiancaGolden_CircleTurns,-142.2452,73.7055,197.9928,-3.6116,-14.0035,-30.1327,0.7718,-0.4427,-0.4565,0.9980,377,41.866150,0.5775,0.7371
BiancaGolden_CircleTurns,-142.1507,73.2342,197.8626,-3.6613,-14.0243,-29.9885,0.7728,-0.4412,-0.4562,0.9980,378,41.879799,0.5785,0.7323
BiancaGolden_CircleTurns,-142.0043,72.7327,197.7213,-3.9683,-13.9394,-29.9579,0.7780,-0.4383,-0.4501,0.9980,378,41.892899,0.5800,0.7273
BiancaGolden_CircleTurns,-141.8398,72.1896,197.5837,-4.1725,-13.6870,-29.9976,0.7818,-0.4374,-0.4444,0.9980,379,41.909157,0.5816,0.7219
BiancaGolden_CircleTurns,-141.8055,71.6679,197.3311,-4.0869,-13.3410,-29.9998,0.7842,-0.4371,-0.4404,0.9980,379,41.921936,0.5819,0.7167
BiancaGolden_CircleTurns,-141.9319,71.1839,196.9211,-3.6395,-13.0762,-29.7934,0.7848,-0.4345,-0.4419,0.9980,379,41.935970,0.5807,0.7118
BiancaGolden_CircleTurns,-142.1513,70.7215,196.5354,-3.0047,-13.1741,-29.4662,0.7837,-0.4305,-0.4477,0.9980,380,41.949741,0.5785,0.7072
BiancaGolden_CircleTurns,-142.3844,70.3101,196.3583,-2.6009,-13.5324,-29.0934,0.7808,-0.4311,-0.4522,0.9980,380,41.962639,0.5762,0.7031
BiancaGolden_CircleTurns,-142.7293,70.1499,196.2207,-3.3070,-13.8115,-29.1195,0.7724,-0.4276,-0.4697,0.9980,381,41.977734,0.5727,0.7015
BiancaGolden_CircleTurns,-143.2011,70.0029,195.8148,-4.0407,-14.1907,-29.0844,0.7698,-0.4217,-0.4792,0.9980,381,41.991375,0.5680,0.7000
BiancaGolden_CircleTurns,-143.9283,69.9609,195.2269,-4.5634,-14.6923,-28.9839,0.7645,-0.4146,-0.4935,0.9980,382,42.008629,0.5607,0.6996
BiancaGolden_CircleTurns,-144.7579,69.9586,194.6322,-4.7854,-15.6358,-28.8025,0.7633,-0.4109,-0.4984,0.9980,382,42.019459,0.5524,0.6996
BiancaGolden_CircleTurns,-145.3891,69.8612,194.2235,-5.1104,-16.0774,-28.7078,0.7668,-0.4122,-0.4920,0.9980,382,42.033188,0.5461,0.6986
BiancaGolden_CircleTurns,-145.9098,69.8228,194.0838,-5.6213,-15.9645,-28.9181,0.7703,-0.4147,-0.4844,0.9980,383,42.046902,0.5409,0.6982
BiancaGolden_CircleTurns,-146.4200,69.7620,193.8913,-5.9983,-15.5073,-28.8920,0.7841,-0.4190,-0.4580,0.9980,383,42.059818,0.5358,0.6976
BiancaGolden_CircleTurns,-146.9118,69.8302,193.4573,-6.2894,-14.5784,-28.8442,0.7956,-0.4218,-0.4349,0.9980,384,42.075092,0.5309,0.6983
BiancaGolden_CircleTurns,-147.6043,70.0672,192.7690,-6.3815,-13.8669,-28.5772,0.8009,-0.4193,-0.4274,0.9980,384,42.088177,0.5240,0.7007
BiancaGolden_CircleTurns,-148.2085,70.3040,191.9835,-6.4113,-13.3917,-28.2872,0.8103,-0.4136,-0.4151,0.9980,384,42.102154,0.5179,0.7030
BiancaGolden_CircleTurns,-148.7516,70.5405,191.2354,-6.4676,-12.9703,-28.1228,0.8163,-0.4116,-0.4052,0.9980,385,42.115864,0.5125,0.7054
BiancaGolden_CircleTurns,-149.3097,70.8593,190.4476,-7.0887,-12.3791,-27.9650,0.8135,-0.4127,-0.4097,0.9980,385,42.128765,0.5069,0.7086
BiancaGolden_CircleTurns,-149.8207,71.1806,189.6848,-7.3661,-12.6541,-28.0458,0.8115,-0.4120,-0.4145,0.9980,386,42.144119,0.5018,0.7118
BiancaGolden_CircleTurns,-150.3694,71.3316,188.8209,-6.8361,-12.1881,-27.7690,0.8098,-0.4152,-0.4146,0.9980,386,42.158390,0.4963,0.7133
BiancaGolden_CircleTurns,-150.8537,72.0079,187.8057,-7.0291,-11.9935,-28.3480,0.8088,-0.4176,-0.4141,0.9980,387,42.172306,0.4915,0.7201
BiancaGolden_CircleTurns,-151.3470,72.5906,186.7757,-7.6023,-11.9792,-28.6506,0.8038,-0.4246,-0.4167,0.9980,387,42.185959,0.4865,0.7259
BiancaGolden_CircleTurns,-151.6785,73.0406,185.9666,-8.1255,-12.0623,-28.9222,0.8024,-0.4306,-0.4132,0.9980,387,42.200233,0.4832,0.7304
BiancaGolden_CircleTurns,-151.8481,73.3631,185.5260,-8.1363,-11.8370,-29.3027,0.8052,-0.4374,-0.4004,0.9980,388,42.215076,0.4815,0.7336
BiancaGolden_CircleTurns,-151.9053,73.5879,185.0438,-7.4250,-10.7108,-29.4594,0.8075,-0.4459,-0.3861,0.9980,388,42.227165,0.4809,0.7359
BiancaGolden_CircleTurns,-152.0500,74.2204,184.3081,-7.3963,-9.6743,-29.8800,0.8121,-0.4474,-0.3745,0.9980,389,42.241886,0.4795,0.7422
BiancaGolden_CircleTurns,-152.2890,74.7640,183.2787,-7.1992,-8.9557,-29.7728,0.8137,-0.4532,-0.3640,0.9980,389,42.255951,0.4771,0.7476
BiancaGolden_CircleTurns,-152.3632,75.3041,182.3648,-6.7966,-8.3066,-30.0027,0.8173,-0.4489,-0.3612,0.9980,389,42.270077,0.4764,0.7530
BiancaGolden_CircleTurns,-152.4511,75.7502,181.7164,-6.2026,-7.7427,-30.0185,0.8158,-0.4544,-0.3578,0.9980,390,42.283405,0.4755,0.7575
BiancaGolden_CircleTurns,-152.4369,76.1772,181.1141,-5.9434,-7.2141,-30.1193,0.8142,-0.4499,-0.3670,0.9980,390,42.296597,0.4756,0.7618
BiancaGolden_CircleTurns,-152.4687,76.7025,180.3596,-5.8155,-6.8416,-30.1947,0.8150,-0.4479,-0.3676,0.9980,391,42.311279,0.4753,0.7670
BiancaGolden_CircleTurns,-152.5167,77.1855,179.4995,-5.6762,-6.7913,-30.0870,0.8126,-0.4440,-0.3775,0.9980,391,42.324741,0.4748,0.7719
BiancaGolden_CircleTurns,-152.5535,77.6366,178.7205,-5.3636,-6.9459,-29.9094,0.8113,-0.4430,-0.3815,0.9980,392,42.339344,0.4745,0.7764
BiancaGolden_CircleTurns,-152.5620,78.1085,178.0245,-5.1976,-7.1924,-29.8496,0.8043,-0.4373,-0.4023,0.9980,392,42.352917,0.4744,0.7811
BiancaGolden_CircleTurns,-152.5752,78.6216,177.3543,-5.1959,-7.5575,-29.8385,0.7993,-0.4388,-0.4106,0.9980,392,42.367939,0.4742,0.7862
BiancaGolden_CircleTurns,-152.5808,79.1759,176.6646,-5.4133,-7.7896,-29.9268,0.7972,-0.4401,-0.4133,0.9980,393,42.382202,0.4742,0.7918
BiancaGolden_CircleTurns,-152.5770,79.6825,175.9957,-5.5158,-7.9424,-30.0892,0.7948,-0.4451,-0.4125,0.9980,393,42.394787,0.4742,0.7968
BiancaGolden_CircleTurns,-152.5223,80.1413,175.4430,-5.1683,-7.8946,-30.3811,0.7940,-0.4511,-0.4076,0.9980,394,42.410175,0.4748,0.8014
BiancaGolden_CircleTurns,-152.4273,80.6241,174.9259,-4.6271,-7.5933,-30.7821,0.7921,-0.4600,-0.4011,0.9980,394,42.424255,0.4757,0.8062
BiancaGolden_CircleTurns,-152.3033,81.1648,174.3659,-4.2642,-7.1794,-31.2126,0.7888,-0.4711,-0.3948,0.9980,394,42.437260,0.4770,0.8116
BiancaGolden_CircleTurns,-152.1252,81.7109,173.8543,-4.0700,-6.7724,-31.6322,0.7901,-0.4784,-0.3832,0.9980,395,42.451263,0.4787,0.8171
BiancaGolden_CircleTurns,-151.9239,82.2500,173.3588,-3.9796,-6.3749,-32.0011,0.7892,-0.4855,-0.3761,0.9980,395,42.463623,0.4808,0.8225
BiancaGolden_CircleTurns,-151.6608,82.8229,172.8279,-4.0084,-6.0289,-32.4059,0.7895,-0.4889,-0.3710,0.9980,396,42.479759,0.4834,0.8282
BiancaGolden_CircleTurns,-151.3166,83.3957,172.2383,-4.2008,-5.7180,-32.8464,0.7904,-0.4900,-0.3676,0.9980,396,42.492542,0.4868,0.8340
BiancaGolden_CircleTurns,-150.9585,83.9628,171.6549,-4.2497,-5.4786,-33.2376,0.7877,-0.4957,-0.3657,0.9980,397,42.510056,0.4904,0.8396
BiancaGolden_CircleTurns,-150.5883,84.5458,171.0815,-4.2757,-5.3630,-33.6304,0.7795,-0.4930,-0.3864,0.9980,397,42.521683,0.4941,0.8455
BiancaGolden_CircleTurns,-150.1862,84.9384,170.9232,-4.0544,-6.2513,-33.7932,0.7775,-0.4872,-0.3977,0.9980,397,42.534904,0.4981,0.8494
BiancaGolden_CircleTurns,-149.2685,84.5816,172.3555,-3.1340,-6.7747,-33.6239,0.7793,-0.5091,-0.3653,0.9980,398,42.548161,0.5073,0.8458
BiancaGolden_CircleTurns,-148.1575,85.1484,172.1162,-3.3440,-4.1571,-35.0857,0.7749,-0.5060,-0.3789,0.9980,398,42.561180,0.5184,0.8515
BiancaGolden_CircleTurns,-147.9539,85.9180,171.6158,-4.9489,-4.8367,-35.8039,0.7839,-0.4918,-0.3789,0.9980,399,42.577152,0.5205,0.8592
BiancaGolden_CircleTurns,-147.4746,85.8730,171.1480,-3.5170,-4.9306,-34.8558,0.7770,-0.4977,-0.3854,0.9980,399,42.589493,0.5253,0.8587
BiancaGolden_CircleTurns,-146.8612,86.2056,171.3375,-2.5344,-5.2867,-35.0779,0.7688,-0.4971,-0.4023,0.9980,399,42.603302,0.5314,0.8621
BiancaGolden_CircleTurns,-146.3631,86.5938,171.6237,-2.1293,-5.9779,-35.2275,0.7622,-0.5060,-0.4037,0.9980,400,42.616982,0.5364,0.8659
BiancaGolden_CircleTurns,-145.8189,86.9616,171.4364,-2.8000,-6.3682,-35.7726,0.7346,-0.5482,-0.3998,0.9980,400,42.630383,0.5418,0.8696
BiancaGolden_CircleTurns,-145.5175,87.3737,171.0048,-2.4374,-6.6625,-35.6617,0.7285,-0.5552,-0.4012,0.9980,401,42.645340,0.5448,0.8737
BiancaGolden_CircleTurns,-145.1235,87.8880,170.5827,-2.2789,-7.1289,-36.0518,0.7211,-0.5592,-0.4091,0.9980,401,42.659149,0.5488,0.8789
BiancaGolden_CircleTurns,-144.7984,88.2963,170.2343,-2.1823,-7.6704,-36.1234,0.7171,-0.5613,-0.4131,0.9980,402,42.673347,0.5520,0.8830
BiancaGolden_CircleTurns,-144.3631,88.7164,170.0348,-2.3391,-7.9643,-36.4229,0.7140,-0.5654,-0.4130,0.9980,402,42.687176,0.5564,0.8872
BiancaGolden_CircleTurns,-143.8989,89.0833,169.8904,-2.1992,-7.9151,-36.7026,0.7150,-0.5691,-0.4061,0.9980,402,42.702934,0.5610,0.8908
BiancaGolden_CircleTurns,-143.4432,89.4560,169.6777,-2.0233,-7.7271,-36.9083,0.7194,-0.5745,-0.3904,0.9980,403,42.714790,0.5656,0.8946
BiancaGolden_CircleTurns,-143.0117,89.8597,169.3615,-1.7221,-7.3913,-37.0542,0.7201,-0.5762,-0.3866,0.9980,403,42.729401,0.5699,0.8986
BiancaGolden_CircleTurns,-142.5707,90.2442,169.0124,-1.5652,-7.1606,-37.2160,0.7247,-0.5724,-0.3836,0.9980,404,42.744259,0.5743,0.9024
BiancaGolden_CircleTurns,-142.1105,90.6171,168.7156,-1.4098,-6.9898,-37.3730,0.7237,-0.5754,-0.3810,0.9980,404,42.757534,0.5789,0.9062
BiancaGolden_CircleTurns,-141.6302,90.9403,168.4313,-1.2699,-6.8326,-37.5206,0.7248,-0.5793,-0.3730,0.9980,404,42.771622,0.5837,0.9094
BiancaGolden_CircleTurns,-141.1793,91.2743,168.0587,-1.1226,-6.6837,-37.6164,0.7245,-0.5823,-0.3688,0.9980,405,42.784992,0.5882,0.9127
BiancaGolden_CircleTurns,-140.7309,91.5727,167.6381,-0.9925,-6.5938,-37.7322,0.7233,-0.5835,-0.3691,0.9980,405,42.797932,0.5927,0.9157
BiancaGolden_CircleTurns,-140.2768,91.8488,167.2497,-0.7670,-6.6185,-37.8504,0.7218,-0.5855,-0.3692,0.9980,406,42.813267,0.5972,0.9185
BiancaGolden_CircleTurns,-139.8136,92.0806,166.9557,-0.4738,-6.6274,-37.9257,0.7185,-0.5871,-0.3729,0.9980,406,42.826920,0.6019,0.9208
BiancaGolden_CircleTurns,-139.3539,92.3049,166.6779,-0.2790,-6.7622,-38.0731,0.7163,-0.5890,-0.3742,0.9980,407,42.840942,0.6065,0.9230
BiancaGolden_CircleTurns,-138.9043,92.4616,166.3513,0.0359,-6.8524,-38.1622,0.7121,-0.5907,-0.3794,0.9980,407,42.854317,0.6110,0.9246
BiancaGolden_CircleTurns,-138.5034,92.5883,165.9930,0.5628,-7.0656,-38.2978,0.7085,-0.5929,-0.3828,0.9980,407,42.868362,0.6150,0.9259
BiancaGolden_CircleTurns,-138.0552,92.7062,165.7292,1.0530,-7.2896,-38.4076,0.7036,-0.5951,-0.3883,0.9980,408,42.881725,0.6194,0.9271
BiancaGolden_CircleTurns,-137.5848,92.8563,165.5318,1.2971,-7.6368,-38.6451,0.7006,-0.5944,-0.3947,0.9980,408,42.894974,0.6242,0.9286
BiancaGolden_CircleTurns,-137.2541,92.8335,165.3636,2.1043,-7.7882,-38.4879,0.6929,-0.6011,-0.3982,0.9980,409,42.909863,0.6275,0.9283
BiancaGolden_CircleTurns,-136.8044,93.0217,165.0467,2.2426,-8.0099,-39.0998,0.6880,-0.6019,-0.4055,0.9980,409,42.924343,0.6320,0.9302
BiancaGolden_CircleTurns,-136.5337,93.1148,164.6945,2.3938,-8.4682,-39.2851,0.6839,-0.6058,-0.4066,0.9980,409,42.937923,0.6347,0.9311
BiancaGolden_CircleTurns,-136.2282,93.1679,164.4283,3.0612,-8.8626,-39.5542,0.6795,-0.6100,-0.4076,0.9980,410,42.951694,0.6377,0.9317
BiancaGolden_CircleTurns,-135.9010,93.2632,164.2186,3.9166,-9.2696,-39.7075,0.6759,-0.6105,-0.4128,0.9980,410,42.964466,0.6410,0.9326
BiancaGolden_CircleTurns,-135.5857,93.3753,163.9930,4.3495,-9.6135,-39.7627,0.6801,-0.6061,-0.4126,0.9980,411,42.979534,0.6441,0.9338
BiancaGolden_CircleTurns,-135.3176,93.4720,163.8011,4.6339,-10.0602,-39.9646,0.6754,-0.6103,-0.4141,0.9980,411,42.993103,0.6468,0.9347
BiancaGolden_CircleTurns,-135.0628,93.6055,163.5192,4.6393,-10.4292,-40.4250,0.6694,-0.6129,-0.4199,0.9980,412,43.010857,0.6494,0.9361
BiancaGolden_CircleTurns,-134.8975,93.6129,163.2882,4.9674,-10.8074,-40.7092,0.6693,-0.6148,-0.4172,0.9980,412,43.021202,0.6510,0.9361
BiancaGolden_CircleTurns,-134.6518,93.6256,163.1526,5.5136,-11.0916,-41.0410,0.6699,-0.6173,-0.4126,0.9980,412,43.034729,0.6535,0.9363
BiancaGolden_CircleTurns,-134.4065,93.6815,162.9936,5.9801,-11.3591,-41.3181,0.6686,-0.6197,-0.4111,0.9980,413,43.048603,0.6559,0.9368
BiancaGolden_CircleTurns,-134.1800,93.7352,162.9263,6.1349,-11.5418,-41.5405,0.6673,-0.6242,-0.4063,0.9980,413,43.061554,0.6582,0.9374
BiancaGolden_CircleTurns,-133.9906,93.7692,162.8128,6.4966,-11.6732,-41.7107,0.6656,-0.6406,-0.3830,0.9980,414,43.076870,0.6601,0.9377
BiancaGolden_CircleTurns,-133.8369,93.7837,162.7250,6.8721,-11.7572,-41.8356,0.6625,-0.6437,-0.3831,0.9980,414,43.090530,0.6616,0.9378
BiancaGolden_CircleTurns,-133.6920,93.7807,162.6314,7.1837,-11.7747,-42.0404,0.6680,-0.6515,-0.3597,0.9980,415,43.105125,0.6631,0.9378
BiancaGolden_CircleTurns,-133.5402,93.7749,162.5671,7.3563,-11.7995,-42.2596,0.6688,-0.6578,-0.3464,0.9980,415,43.117840,0.6646,0.9377
BiancaGolden_CircleTurns,-133.4288,93.7696,162.5300,7.4871,-11.9460,-42.4790,0.6664,-0.6586,-0.3495,0.9980,415,43.132439,0.6657,0.9377
BiancaGolden_CircleTurns,-133.3467,93.7616,162.4862,7.6814,-12.1541,-42.5908,0.6672,-0.6607,-0.3438,0.9980,416,43.145844,0.6665,0.9376
BiancaGolden_CircleTurns,-133.2480,93.7513,162.4247,7.8722,-12.3114,-42.6919,0.6700,-0.6585,-0.3427,0.9980,416,43.160275,0.6675,0.9375
BiancaGolden_CircleTurns,-133.1482,93.7409,162.3492,7.8578,-12.3935,-42.7210,0.6694,-0.6587,-0.3437,0.9980,417,43.174252,0.6685,0.9374
BiancaGolden_CircleTurns,-133.0520,93.7220,162.2852,7.8004,-12.4482,-42.7645,0.6746,-0.6524,-0.3454,0.9980,417,43.187984,0.6695,0.9372
BiancaGolden_CircleTurns,-132.9704,93.6678,162.2344,7.7656,-12.5000,-42.8155,0.6764,-0.6490,-0.3483,0.9980,417,43.202564,0.6703,0.9367
BiancaGolden_CircleTurns,-132.8822,93.6317,162.1816,7.6771,-12.5245,-42.9003,0.6751,-0.6488,-0.3511,0.9980,418,43.215919,0.6712,0.9363
BiancaGolden_CircleTurns,-132.7965,93.5705,162.1243,7.6180,-12.5423,-42.9925,0.6775,-0.6480,-0.3480,0.9980,418,43.229263,0.6720,0.9357
BiancaGolden_CircleTurns,-132.7014,93.5094,162.0387,7.6223,-12.4720,-43.0796,0.6785,-0.6468,-0.3482,0.9980,419,43.244366,0.6730,0.9351
BiancaGolden_CircleTurns,-132.6142,93.4525,161.9467,7.5577,-12.4334,-43.1684,0.6777,-0.6472,-0.3490,0.9980,419,43.258091,0.6739,0.9345
BiancaGolden_CircleTurns,-132.5450,93.3923,161.8206,7.4106,-12.4805,-43.2414,0.6795,-0.6455,-0.3488,0.9980,420,43.272438,0.6746,0.9339
BiancaGolden_CircleTurns,-132.4886,93.2761,161.7295,7.3492,-12.5918,-43.2797,0.6780,-0.6462,-0.3503,0.9980,420,43.286362,0.6751,0.9328
BiancaGolden_CircleTurns,-132.4240,93.1579,161.6508,7.3476,-12.6840,-43.3739,0.6768,-0.6477,-0.3499,0.9980,420,43.300335,0.6758,0.9316
BiancaGolden_CircleTurns,-132.3631,93.0444,161.5514,7.3474,-12.7804,-43.5351,0.6795,-0.6434,-0.3527,0.9980,421,43.313766,0.6764,0.9304
BiancaGolden_CircleTurns,-132.3323,92.9209,161.4433,7.3995,-12.9027,-43.6227,0.6783,-0.6430,-0.3555,0.9980,421,43.327068,0.6767,0.9292
BiancaGolden_CircleTurns,-132.2929,92.7898,161.3644,7.3622,-13.0775,-43.6596,0.6778,-0.6430,-0.3566,0.9980,422,43.341896,0.6771,0.9279
BiancaGolden_CircleTurns,-132.2279,92.6513,161.3015,7.1885,-13.1463,-43.7071,0.6758,-0.6437,-0.3591,0.9980,422,43.355797,0.6777,0.9265
BiancaGolden_CircleTurns,-132.1724,92.4929,161.2312,6.9896,-13.1545,-43.7446,0.6779,-0.6436,-0.3552,0.9980,422,43.370152,0.6783,0.9249
BiancaGolden_CircleTurns,-132.1465,92.3130,161.1311,6.8845,-13.1459,-43.6935,0.6798,-0.6411,-0.3563,0.9980,423,43.383633,0.6785,0.9231
BiancaGolden_CircleTurns,-132.1161,92.1361,161.0376,6.8461,-13.2001,-43.6129,0.6834,-0.6401,-0.3510,0.9980,423,43.397221,0.6788,0.9214
BiancaGolden_CircleTurns,-132.0945,91.9463,160.9409,6.8072,-13.2441,-43.4709,0.6861,-0.6368,-0.3518,0.9980,424,43.412048,0.6791,0.9195
BiancaGolden_CircleTurns,-132.0631,91.7630,160.8146,6.5584,-13.2848,-43.3356,0.6878,-0.6346,-0.3525,0.9980,424,43.425976,0.6794,0.9176
BiancaGolden_CircleTurns,-132.0308,91.5456,160.7365,6.3035,-13.3356,-43.1980,0.6915,-0.6305,-0.3525,0.9980,425,43.439922,0.6797,0.9155
BiancaGolden_CircleTurns,-131.9912,91.3242,160.6184,5.9263,-13.3148,-43.1217,0.6950,-0.6295,-0.3473,0.9980,425,43.453991,0.6801,0.9132
BiancaGolden_CircleTurns,-131.9669,91.0620,160.4933,5.6610,-13.2815,-42.9904,0.6961,-0.6294,-0.3455,0.9980,425,43.467800,0.6803,0.9106
BiancaGolden_CircleTurns,-131.9225,90.8217,160.3348,5.3867,-13.1865,-42.9641,0.6960,-0.6297,-0.3449,0.9980,426,43.481445,0.6808,0.9082
BiancaGolden_CircleTurns,-131.8658,90.5678,160.1773,5.0670,-13.1512,-42.9476,0.6967,-0.6288,-0.3453,0.9980,426,43.497612,0.6813,0.9057
BiancaGolden_CircleTurns,-131.8113,90.3089,160.0209,4.7079,-13.1795,-42.9298,0.6974,-0.6275,-0.3462,0.9980,427,43.509789,0.6819,0.9031
BiancaGolden_CircleTurns,-131.7447,90.0497,159.8509,4.4656,-13.2795,-42.8713,0.6982,-0.6259,-0.3475,0.9980,427,43.523201,0.6826,0.9005
BiancaGolden_CircleTurns,-131.6542,89.7858,159.6507,4.2329,-13.3603,-42.7942,0.6985,-0.6247,-0.3492,0.9980,427,43.537312,0.6835,0.8979
BiancaGolden_CircleTurns,-131.5643,89.5241,159.4442,4.0433,-13.4691,-42.6979,0.6973,-0.6250,-0.3510,0.9980,428,43.550613,0.6844,0.8952
BiancaGolden_CircleTurns,-131.4617,89.2408,159.2618,3.8645,-13.5740,-42.6195,0.6966,-0.6240,-0.3541,0.9980,428,43.564083,0.6854,0.8924
BiancaGolden_CircleTurns,-131.3541,88.9545,159.0833,3.7804,-13.7108,-42.5649,0.6963,-0.6234,-0.3559,0.9980,429,43.579487,0.6865,0.8895
BiancaGolden_CircleTurns,-131.2165,88.6918,158.9043,3.6873,-13.8844,-42.5614,0.6958,-0.6217,-0.3596,0.9980,429,43.592598,0.6878,0.8869
BiancaGolden_CircleTurns,-131.0873,88.4383,158.6971,3.6206,-14.0675,-42.5134,0.6954,-0.6203,-0.3628,0.9980,430,43.606926,0.6891,0.8844
BiancaGolden_CircleTurns,-130.9480,88.1918,158.4736,3.5578,-14.2609,-42.4727,0.6954,-0.6190,-0.3651,0.9980,430,43.622017,0.6905,0.8819
BiancaGolden_CircleTurns,-130.8104,87.9468,158.2503,3.4967,-14.4580,-42.4292,0.6971,-0.6178,-0.3639,0.9980,430,43.635204,0.6919,0.8795
BiancaGolden_CircleTurns,-130.6426,87.7079,158.0430,3.4825,-14.6850,-42.4366,0.6963,-0.6183,-0.3646,0.9980,431,43.648949,0.6936,0.8771
BiancaGolden_CircleTurns,-130.4610,87.4823,157.8503,3.4601,-14.8920,-42.4980,0.6944,-0.6187,-0.3675,0.9980,431,43.661987,0.6954,0.8748
BiancaGolden_CircleTurns,-130.2537,87.2510,157.6343,3.5694,-15.0781,-42.5430,0.6929,-0.6188,-0.3701,0.9980,432,43.676788,0.6975,0.8725
BiancaGolden_CircleTurns,-130.0713,87.0443,157.4031,3.6873,-15.2375,-42.5945,0.6901,-0.6223,-0.3695,0.9980,432,43.690456,0.6993,0.8704
BiancaGolden_CircleTurns,-129.8755,86.8406,157.1660,3.8587,-15.4126,-42.6495,0.6878,-0.6231,-0.3723,0.9980,432,43.704746,0.7012,0.8684
BiancaGolden_CircleTurns,-129.6673,86.6577,156.9277,4.1357,-15.5783,-42.7489,0.6851,-0.6250,-0.3742,0.9980,0,43.718243,0.7033,0.8666
BiancaGolden_CircleTurns,-129.4197,86.4844,156.6947,4.4476,-15.7243,-42.8938,0.6822,-0.6270,-0.3763,0.9980,0,43.732361,0.7058,0.8648
BiancaGolden_CircleTurns,-129.1461,86.3508,156.4502,4.6838,-15.8288,-43.0450,0.6787,-0.6297,-0.3780,0.9980,1,43.747349,0.7085,0.8635
BiancaGolden_CircleTurns,-128.8418,86.2562,156.1919,4.8804,-15.9262,-43.3141,0.6756,-0.6331,-0.3778,0.9980,1,43.760269,0.7116,0.8626
BiancaGolden_CircleTurns,-128.5019,86.2172,155.8762,5.1863,-16.0093,-43.7614,0.6742,-0.6364,-0.3748,0.9980,2,43.774208,0.7150,0.8622
BiancaGolden_CircleTurns,-128.1553,86.1906,155.5674,5.5348,-16.1491,-44.2056,0.6673,-0.6433,-0.3754,0.9980,2,43.789032,0.7184,0.8619
BiancaGolden_CircleTurns,-127.7423,86.2179,155.2589,6.2156,-16.1762,-44.7339,0.6681,-0.6465,-0.3684,0.9980,2,43.802090,0.7226,0.8622
BiancaGolden_CircleTurns,-127.2966,86.2764,154.9078,6.9456,-16.0080,-44.8281,0.6727,-0.6439,-0.3644,0.9980,3,43.816841,0.7270,0.8628
BiancaGolden_CircleTurns,-126.7834,86.4481,154.5151,7.3156,-15.8285,-44.6444,0.6815,-0.6354,-0.3630,0.9980,3,43.829197,0.7322,0.8645
BiancaGolden_CircleTurns,-126.2171,86.7139,154.0789,7.2766,-15.7670,-44.1848,0.6860,-0.6286,-0.3665,0.9980,4,43.843960,0.7378,0.8671
BiancaGolden_CircleTurns,-125.6775,86.9912,153.6692,7.0879,-15.9829,-43.7151,0.7027,-0.6135,-0.3604,0.9980,4,43.857639,0.7432,0.8699
BiancaGolden_CircleTurns,-125.1868,87.2476,153.2391,7.4544,-16.3910,-43.1939,0.7069,-0.6041,-0.3679,0.9980,5,43.871895,0.7481,0.8725
BiancaGolden_CircleTurns,-124.7066,87.5124,152.7801,8.3071,-16.8347,-42.7697,0.7076,-0.5993,-0.3743,0.9980,5,43.886951,0.7529,0.8751
BiancaGolden_CircleTurns,-124.1947,87.8231,152.2896,9.2885,-17.1960,-42.4338,0.7075,-0.5971,-0.3780,0.9980,5,43.899910,0.7581,0.8782
BiancaGolden_CircleTurns,-123.7170,88.1695,151.7867,10.3436,-17.5180,-42.2077,0.7028,-0.6015,-0.3798,0.9980,6,43.913208,0.7628,0.8817
BiancaGolden_CircleTurns,-123.2511,88.5194,151.2916,11.5613,-17.7183,-42.1565,0.6987,-0.6105,-0.3731,0.9980,6,43.926495,0.7675,0.8852
BiancaGolden_CircleTurns,-122.7861,88.8542,150.8272,12.8831,-17.9011,-42.2243,0.6961,-0.6128,-0.3740,0.9980,7,43.942001,0.7721,0.8885
BiancaGolden_CircleTurns,-122.3201,89.1593,150.4317,14.8136,-17.9254,-42.2938,0.6939,-0.6188,-0.3682,0.9980,7,43.955204,0.7768,0.8916
BiancaGolden_CircleTurns,-121.8561,89.5174,150.0671,17.0146,-17.8503,-42.1308,0.6941,-0.6175,-0.3700,0.9980,7,43.971233,0.7814,0.8952
BiancaGolden_CircleTurns,-121.4310,90.0306,149.6472,18.6025,-17.9529,-41.9462,0.7465,-0.5420,-0.3860,0.9980,8,43.983505,0.7857,0.9003
BiancaGolden_CircleTurns,-121.0286,90.5504,149.1611,19.6546,-18.0139,-41.8742,0.7455,-0.5410,-0.3893,0.9980,8,43.999340,0.7897,0.9055
BiancaGolden_CircleTurns,-120.6746,91.0365,148.7094,20.5769,-18.1310,-41.7889,0.7455,-0.5392,-0.3917,0.9980,9,44.011566,0.7933,0.9104
BiancaGolden_CircleTurns,-120.3496,91.5342,148.2678,21.6341,-18.1809,-41.6075,0.7586,-0.5151,-0.3989,0.9980,9,44.024876,0.7965,0.9153
BiancaGolden_CircleTurns,-119.9785,92.0078,147.8745,22.8006,-18.1908,-41.2898,0.7671,-0.5078,-0.3920,0.9980,10,44.039074,0.8002,0.9201
BiancaGolden_CircleTurns,-119.6776,92.5158,147.5175,24.1690,-18.2848,-40.7806,0.7705,-0.5019,-0.3930,0.9980,10,44.052761,0.8032,0.9252
BiancaGolden_CircleTurns,-119.3841,93.0422,147.0999,25.2794,-18.3389,-40.2552,0.7673,-0.5079,-0.3915,0.9980,10,44.067078,0.8062,0.9304
BiancaGolden_CircleTurns,-119.1522,93.5487,146.6821,26.3025,-18.4551,-39.7928,0.7669,-0.5069,-0.3936,0.9980,11,44.080593,0.8085,0.9355
BiancaGolden_CircleTurns,-118.9181,94.0218,146.2641,27.4973,-18.5426,-39.4632,0.7669,-0.5045,-0.3966,0.9980,11,44.093731,0.8108,0.9402
BiancaGolden_CircleTurns,-118.6995,94.4785,145.8747,28.9972,-18.5828,-39.2106,0.7701,-0.5086,-0.3850,0.9980,12,44.108673,0.8130,0.9448
BiancaGolden_CircleTurns,-118.5195,94.9523,145.4729,30.6011,-18.5365,-38.9511,0.7795,-0.4832,-0.3986,0.9980,12,44.122349,0.8148,0.9495
BiancaGolden_CircleTurns,-118.3500,95.4514,145.0151,32.1080,-18.4001,-38.7671,0.7856,-0.4718,-0.4002,0.9980,12,44.137409,0.8165,0.9545
BiancaGolden_CircleTurns,-118.1844,95.9216,144.5841,33.5658,-18.2484,-38.5536,0.7901,-0.4686,-0.3953,0.9980,13,44.150429,0.8182,0.9592
BiancaGolden_CircleTurns,-118.0120,96.3783,144.1845,35.2816,-18.0932,-38.3573,0.7888,-0.4684,-0.3980,0.9980,13,44.163410,0.8199,0.9638
BiancaGolden_CircleTurns,-117.8582,96.8400,143.8111,37.1743,-18.0245,-38.2033,0.7882,-0.4690,-0.3984,0.9980,14,44.178654,0.8214,0.9684
BiancaGolden_CircleTurns,-117.7556,97.2834,143.4654,39.0068,-17.8244,-38.0518,0.7961,-0.4608,-0.3922,0.9980,14,44.192188,0.8224,0.9728
BiancaGolden_CircleTurns,-117.6388,97.7498,143.0903,40.2812,-17.5104,-37.7675,0.8053,-0.4523,-0.3832,0.9980,15,44.206841,0.8236,0.9775
BiancaGolden_CircleTurns,-117.5176,98.1980,142.7058,41.0557,-17.1053,-37.1414,0.8097,-0.4454,-0.3820,0.9980,15,44.219952,0.8248,0.9820
BiancaGolden_CircleTurns,-117.4323,98.6703,142.3503,41.8639,-16.9209,-36.5460,0.8107,-0.4476,-0.3774,0.9980,15,44.234409,0.8257,0.9867
BiancaGolden_CircleTurns,-117.3597,99.1395,142.0071,42.6590,-16.9262,-36.0827,0.8122,-0.4430,-0.3796,0.9980,16,44.247784,0.8264,0.9914
BiancaGolden_CircleTurns,-117.3148,99.5780,141.6874,43.5198,-16.9595,-35.7073,0.8101,-0.4510,-0.3747,0.9980,16,44.261036,0.8269,0.9958
BiancaGolden_CircleTurns,-117.2796,100.0172,141.3506,44.1964,-17.0511,-35.3568,0.8136,-0.4432,-0.3763,0.9980,17,44.276978,0.8272,1.0002
BiancaGolden_CircleTurns,-117.2353,100.4770,140.9700,44.4952,-17.1171,-34.8050,0.8104,-0.4527,-0.3718,0.9980,17,44.289822,0.8276,1.0048
BiancaGolden_CircleTurns,-117.1951,100.9477,140.5885,44.6809,-17.2007,-34.2013,0.8114,-0.4476,-0.3758,0.9980,18,44.305496,0.8280,1.0095
BiancaGolden_CircleTurns,-117.1661,101.4440,140.2205,44.6281,-17.3860,-33.6109,0.8104,-0.4545,-0.3697,0.9980,18,44.319420,0.8283,1.0144
BiancaGolden_CircleTurns,-117.1350,101.9080,139.9132,44.9583,-17.5351,-33.1266,0.8122,-0.4513,-0.3696,0.9980,18,44.331696,0.8287,1.0191
BiancaGolden_CircleTurns,-117.1276,102.3352,139.6518,45.5454,-17.6308,-32.7018,0.8142,-0.4473,-0.3701,0.9980,19,44.345268,0.8287,1.0234
BiancaGolden_CircleTurns,-117.1433,102.7463,139.3836,46.1825,-17.6213,-32.3763,0.8144,-0.4368,-0.3821,0.9980,19,44.360310,0.8286,1.0275
BiancaGolden_CircleTurns,-117.1470,103.1551,139.0879,46.6062,-17.5301,-31.9865,0.8201,-0.4287,-0.3789,0.9980,20,44.373497,0.8285,1.0316
BiancaGolden_CircleTurns,-117.1698,103.5809,138.8154,47.0145,-17.5109,-31.5651,0.8222,-0.4224,-0.3815,0.9980,20,44.387264,0.8283,1.0358
BiancaGolden_CircleTurns,-117.2204,104.0159,138.5871,47.2539,-17.6571,-31.1402,0.8226,-0.4330,-0.3687,0.9980,20,44.401215,0.8278,1.0402
BiancaGolden_CircleTurns,-117.2495,104.4420,138.3843,47.4776,-17.8131,-30.7018,0.8168,-0.4402,-0.3730,0.9980,21,44.414608,0.8275,1.0444
BiancaGolden_CircleTurns,-117.2970,104.8381,138.2153,47.8457,-17.9376,-30.2843,0.8169,-0.4474,-0.3640,0.9980,21,44.427711,0.8270,1.0484
BiancaGolden_CircleTurns,-117.3426,105.2355,138.0616,48.2446,-18.0228,-29.9123,0.8178,-0.4484,-0.3608,0.9980,22,44.444202,0.8266,1.0524
BiancaGolden_CircleTurns,-117.3921,105.6363,137.9304,48.5068,-18.0272,-29.4349,0.8165,-0.4480,-0.3642,0.9980,22,44.456207,0.8261,1.0564
BiancaGolden_CircleTurns,-117.4721,106.0351,137.8142,48.5886,-18.1780,-28.7673,0.8162,-0.4530,-0.3585,0.9980,22,44.470406,0.8253,1.0604
BiancaGolden_CircleTurns,-117.5684,106.4160,137.6906,48.5650,-18.2877,-28.1152,0.8201,-0.4439,-0.3611,0.9980,23,44.484043,0.8243,1.0642
BiancaGolden_CircleTurns,-117.6678,106.7765,137.6167,48.5507,-18.4455,-27.5147,0.8215,-0.4430,-0.3590,0.9980,23,44.501186,0.8233,1.0678
BiancaGolden_CircleTurns,-117.7483,107.0957,137.5921,48.5782,-18.5268,-26.8922,0.8178,-0.4422,-0.3682,0.9980,24,44.512516,0.8225,1.0710
BiancaGolden_CircleTurns,-117.8356,107.4131,137.5775,48.7044,-18.6271,-26.3106,0.8196,-0.4453,-0.3604,0.9980,24,44.525867,0.8216,1.0741
BiancaGolden_CircleTurns,-117.9601,107.6857,137.5550,48.7599,-18.6896,-25.7100,0.8220,-0.4455,-0.3547,0.9980,25,44.540375,0.8204,1.0769
BiancaGolden_CircleTurns,-118.1088,107.9378,137.5421,48.6745,-18.6804,-25.2073,0.8257,-0.4390,-0.3544,0.9980,25,44.553307,0.8189,1.0794
BiancaGolden_CircleTurns,-118.2462,108.1542,137.5797,48.6139,-18.6692,-24.7578,0.8226,-0.4528,-0.3439,0.9980,25,44.569107,0.8175,1.0815
BiancaGolden_CircleTurns,-118.3765,108.3482,137.6478,48.6787,-18.5959,-24.3355,0.8260,-0.4476,-0.3426,0.9980,26,44.583229,0.8162,1.0835
BiancaGolden_CircleTurns,-118.5182,108.5211,137.7279,48.7777,-18.5210,-23.9627,0.8143,-0.4625,-0.3506,0.9980,26,44.594597,0.8148,1.0852
BiancaGolden_CircleTurns,-118.6605,108.6805,137.7900,48.7971,-18.4076,-23.6183,0.8134,-0.4696,-0.3434,0.9980,27,44.609745,0.8134,1.0868
BiancaGolden_CircleTurns,-118.8122,108.8182,137.8685,48.6697,-18.2565,-23.2696,0.8089,-0.4798,-0.3397,0.9980,27,44.623371,0.8119,1.0882
BiancaGolden_CircleTurns,-118.9558,108.9405,137.9607,48.5634,-18.1535,-22.9380,0.8118,-0.4786,-0.3345,0.9980,27,44.638031,0.8104,1.0894
BiancaGolden_CircleTurns,-119.0654,109.0559,138.0782,48.5170,-17.9941,-22.6328,0.8152,-0.4741,-0.3326,0.9980,28,44.651226,0.8093,1.0906
BiancaGolden_CircleTurns,-119.2021,109.1512,138.2273,48.3761,-17.8586,-22.3052,0.8077,-0.4842,-0.3365,0.9980,28,44.664589,0.8080,1.0915
BiancaGolden_CircleTurns,-119.3490,109.2358,138.3509,48.0858,-17.6942,-21.9758,0.8047,-0.4928,-0.3311,0.9980,29,44.680367,0.8065,1.0924
BiancaGolden_CircleTurns,-119.5122,109.2932,138.4779,47.7623,-17.5609,-21.7529,0.8023,-0.4939,-0.3353,0.9980,29,44.693302,0.8049,1.0929
BiancaGolden_CircleTurns,-119.6631,109.3295,138.6105,47.5415,-17.4573,-21.4732,0.8014,-0.4955,-0.3350,0.9980,30,44.707752,0.8034,1.0933
BiancaGolden_CircleTurns,-119.7890,109.3612,138.7784,47.3437,-17.3083,-21.2854,0.8037,-0.4929,-0.3334,0.9980,30,44.721184,0.8021,1.0936
BiancaGolden_CircleTurns,-119.9262,109.3970,138.9508,47.1630,-17.1751,-21.0843,0.8060,-0.4898,-0.3324,0.9980,30,44.735710,0.8007,1.0940
BiancaGolden_CircleTurns,-120.0283,109.4311,139.1377,46.9216,-17.0737,-20.8618,0.8212,-0.4992,-0.2764,0.9980,31,44.749409,0.7997,1.0943
BiancaGolden_CircleTurns,-120.1101,109.4591,139.3518,46.6705,-16.9156,-20.6135,0.8314,-0.5066,-0.2282,0.9980,31,44.762383,0.7989,1.0946
BiancaGolden_CircleTurns,-120.2014,109.4971,139.5816,46.3193,-16.6737,-20.3686,0.8337,-0.5043,-0.2250,0.9980,32,44.777565,0.7980,1.0950
BiancaGolden_CircleTurns,-120.3240,109.4912,139.8025,45.9783,-16.4224,-20.1709,0.8192,-0.5564,-0.1389,0.9980,32,44.790863,0.7968,1.0949
BiancaGolden_CircleTurns,-120.4529,109.4429,140.0060,45.6700,-16.2733,-19.9740,0.8193,-0.5558,-0.1404,0.9980,33,44.805260,0.7955,1.0944
BiancaGolden_CircleTurns,-120.5364,109.4249,140.2352,45.4097,-16.1612,-19.7521,0.8216,-0.5524,-0.1407,0.9980,33,44.818790,0.7946,1.0942
BiancaGolden_CircleTurns,-120.6076,109.4111,140.4900,45.0921,-16.0966,-19.4703,0.8234,-0.5496,-0.1414,0.9980,33,44.833424,0.7939,1.0941
BiancaGolden_CircleTurns,-120.6899,109.3983,140.7444,44.7019,-16.0432,-19.2235,0.8218,-0.5501,-0.1486,0.9980,34,44.846729,0.7931,1.0940
BiancaGolden_CircleTurns,-120.7638,109.3524,141.0278,44.3297,-16.0672,-19.0419,0.8158,-0.5563,-0.1580,0.9980,34,44.860027,0.7924,1.0935
BiancaGolden_CircleTurns,-120.8285,109.2813,141.3396,43.9351,-16.1302,-18.8898,0.8139,-0.5580,-0.1618,0.9980,35,44.874641,0.7917,1.0928
BiancaGolden_CircleTurns,-120.8637,109.2119,141.6889,43.5180,-16.1227,-18.8156,0.8108,-0.5616,-0.1649,0.9980,35,44.888374,0.7914,1.0921
BiancaGolden_CircleTurns,-120.9128,109.1353,142.0372,43.0023,-16.0527,-18.7671,0.8106,-0.5617,-0.1656,0.9980,35,44.902695,0.7909,1.0914
BiancaGolden_CircleTurns,-120.9729,109.0541,142.3771,42.3854,-15.9234,-18.7080,0.8101,-0.5623,-0.1661,0.9980,36,44.916405,0.7903,1.0905
BiancaGolden_CircleTurns,-121.0329,108.9466,142.7154,41.7607,-15.7780,-18.6861,0.8050,-0.5694,-0.1668,0.9980,36,44.929607,0.7897,1.0895
BiancaGolden_CircleTurns,-121.0831,108.8328,143.0553,41.0629,-15.5605,-18.7140,0.8038,-0.5694,-0.1725,0.9980,37,44.944649,0.7892,1.0883
BiancaGolden_CircleTurns,-121.1285,108.7184,143.4049,40.4294,-15.3629,-18.7571,0.8012,-0.5728,-0.1733,0.9980,37,44.958271,0.7887,1.0872
BiancaGolden_CircleTurns,-121.1792,108.5901,143.7669,39.9105,-15.1993,-18.7476,0.8018,-0.5719,-0.1732,0.9980,38,44.972294,0.7882,1.0859
BiancaGolden_CircleTurns,-121.2270,108.4320,144.1492,39.4709,-15.0674,-18.6454,0.8023,-0.5703,-0.1760,0.9980,38,44.986183,0.7877,1.0843
BiancaGolden_CircleTurns,-121.2824,108.2363,144.5089,38.7883,-14.9359,-18.4833,0.8039,-0.5674,-0.1786,0.9980,38,45.003765,0.7872,1.0824
BiancaGolden_CircleTurns,-121.3204,108.0092,144.8600,37.8180,-14.8086,-18.2096,0.8049,-0.5638,-0.1851,0.9980,39,45.013737,0.7868,1.0801
BiancaGolden_CircleTurns,-121.3643,107.7514,145.2333,36.6693,-14.7931,-17.8502,0.8075,-0.5535,-0.2037,0.9980,39,45.026573,0.7864,1.0775
BiancaGolden_CircleTurns,-121.4107,107.4685,145.5929,34.9024,-14.9572,-17.1807,0.8109,-0.5380,-0.2303,0.9980,40,45.041790,0.7859,1.0747
BiancaGolden_CircleTurns,-121.4234,107.1367,145.9769,32.1113,-15.4543,-16.0265,0.8117,-0.5215,-0.2632,0.9980,40,45.055641,0.7858,1.0714
BiancaGolden_CircleTurns,-121.4873,106.8188,146.3987,29.3204,-16.1508,-14.6836,0.8126,-0.4970,-0.3043,0.9980,40,45.070362,0.7851,1.0682
BiancaGolden_CircleTurns,-121.6505,106.4342,146.9370,25.8704,-17.4116,-12.9872,0.8134,-0.4757,-0.3349,0.9980,41,45.083298,0.7835,1.0643
BiancaGolden_CircleTurns,-121.7850,105.9632,147.4693,22.3635,-18.2439,-11.7621,0.8099,-0.4666,-0.3555,0.9980,41,45.096001,0.7821,1.0596
BiancaGolden_CircleTurns,-121.8994,105.4020,148.0444,18.7821,-18.7383,-10.7085,0.8130,-0.4590,-0.3583,0.9980,42,45.111023,0.7810,1.0540
BiancaGolden_CircleTurns,-122.0243,104.7561,148.6981,15.3073,-18.9473,-9.9195,0.8096,-0.4658,-0.3571,0.9980,42,45.125282,0.7798,1.0476
BiancaGolden_CircleTurns,-122.1472,104.0262,149.3576,12.1457,-18.8466,-9.3834,0.8021,-0.4890,-0.3427,0.9980,43,45.139046,0.7785,1.0403
BiancaGolden_CircleTurns,-122.2794,103.1892,149.9944,9.3677,-18.4255,-9.2405,0.8002,-0.4879,-0.3487,0.9980,43,45.152760,0.7772,1.0319
BiancaGolden_CircleTurns,-122.4923,102.2901,150.5975,7.0658,-17.9345,-9.3413,0.7928,-0.5027,-0.3446,0.9980,43,45.166759,0.7751,1.0229
BiancaGolden_CircleTurns,-122.7186,101.3965,151.1999,4.7524,-17.5781,-9.4375,0.7823,-0.5273,-0.3317,0.9980,44,45.180271,0.7728,1.0140
BiancaGolden_CircleTurns,-122.9622,100.4434,151.7733,2.7330,-17.0177,-10.0118,0.7791,-0.5381,-0.3218,0.9980,44,45.193794,0.7704,1.0044
BiancaGolden_CircleTurns,-123.2114,99.4750,152.3666,0.6917,-16.3871,-10.5809,0.7711,-0.5567,-0.3090,0.9980,45,45.208725,0.7679,0.9948
BiancaGolden_CircleTurns,-123.4759,98.4313,152.8910,-1.0796,-15.4828,-11.4075,0.7671,-0.5740,-0.2863,0.9980,45,45.222137,0.7652,0.9843
BiancaGolden_CircleTurns,-123.7824,97.4161,153.3843,-2.8043,-14.7932,-12.0850,0.7608,-0.5815,-0.2881,0.9980,45,45.236656,0.7622,0.9742
BiancaGolden_CircleTurns,-124.0940,96.4139,153.8503,-4.4351,-14.1839,-12.7676,0.7542,-0.5888,-0.2906,0.9980,46,45.250568,0.7591,0.9641
BiancaGolden_CircleTurns,-124.4365,95.4136,154.2493,-5.9754,-13.6665,-13.4605,0.7559,-0.5835,-0.2968,0.9980,46,45.263100,0.7556,0.9541
BiancaGolden_CircleTurns,-124.7802,94.4413,154.6039,-7.4594,-13.2319,-14.1802,0.7514,-0.5875,-0.3004,0.9980,47,45.278374,0.7522,0.9444
BiancaGolden_CircleTurns,-125.1345,93.4548,154.9447,-8.9217,-12.8503,-14.6863,0.7576,-0.5814,-0.2966,0.9980,47,45.292046,0.7487,0.9345
BiancaGolden_CircleTurns,-125.4958,92.5531,155.2373,-10.2766,-12.4772,-15.0595,0.7614,-0.5769,-0.2957,0.9980,48,45.306293,0.7450,0.9255
BiancaGolden_CircleTurns,-125.8648,91.6702,155.5315,-12.0600,-12.0906,-15.4524,0.7676,-0.5753,-0.2826,0.9980,48,45.319763,0.7414,0.9167
BiancaGolden_CircleTurns,-126.2377,90.7693,155.7801,-13.7633,-11.6204,-15.8439,0.7671,-0.5769,-0.2808,0.9980,48,45.333904,0.7376,0.9077
BiancaGolden_CircleTurns,-126.6483,89.8138,156.0505,-15.1571,-11.0317,-16.1560,0.7791,-0.5703,-0.2604,0.9980,49,45.347424,0.7335,0.8981
BiancaGolden_CircleTurns,-127.0426,88.8092,156.3050,-16.3605,-10.3589,-16.1459,0.7900,-0.5613,-0.2467,0.9980,49,45.360508,0.7296,0.8881
BiancaGolden_CircleTurns,-127.4087,87.8923,156.5283,-17.8835,-9.7804,-16.2452,0.8012,-0.5500,-0.2357,0.9980,50,45.375519,0.7259,0.8789
BiancaGolden_CircleTurns,-127.8393,86.9753,156.6479,-19.6325,-9.3051,-16.2055,0.8092,-0.5375,-0.2372,0.9980,50,45.389282,0.7216,0.8698
BiancaGolden_CircleTurns,-128.3415,86.0310,156.6789,-21.4805,-9.0358,-16.0125,0.8221,-0.5190,-0.2340,0.9980,50,45.403549,0.7166,0.8603
BiancaGolden_CircleTurns,-128.8646,85.0782,156.6577,-23.4852,-8.7990,-15.8529,0.8233,-0.5145,-0.2396,0.9980,51,45.417763,0.7114,0.8508
BiancaGolden_CircleTurns,-129.3615,84.0715,156.6617,-25.6257,-8.4932,-15.7803,0.8260,-0.5099,-0.2402,0.9980,51,45.430431,0.7064,0.8407
BiancaGolden_CircleTurns,-129.8441,83.0352,156.6698,-28.0459,-8.0585,-16.0049,0.8266,-0.5088,-0.2406,0.9980,52,45.445343,0.7016,0.8304
BiancaGolden_CircleTurns,-130.4111,81.9871,156.6184,-30.3957,-7.6083,-16.2923,0.8311,-0.5048,-0.2333,0.9980,52,45.459251,0.6959,0.8199
BiancaGolden_CircleTurns,-130.9985,80.9784,156.4985,-32.5622,-7.2290,-16.6637,0.8406,-0.4942,-0.2216,0.9980,53,45.473457,0.6900,0.8098
BiancaGolden_CircleTurns,-131.6325,79.9906,156.3673,-34.7156,-6.9072,-17.0213,0.8375,-0.4982,-0.2247,0.9980,53,45.486687,0.6837,0.7999
BiancaGolden_CircleTurns,-132.2411,79.0546,156.2517,-36.8899,-6.6288,-17.6209,0.8338,-0.5038,-0.2259,0.9980,53,45.504742,0.6776,0.7905
BiancaGolden_CircleTurns,-132.8569,78.1024,156.1115,-39.0739,-6.2017,-18.2793,0.8322,-0.5057,-0.2273,0.9980,54,45.515129,0.6714,0.7810
BiancaGolden_CircleTurns,-133.4769,77.1754,155.9269,-41.0560,-5.8219,-18.9488,0.8349,-0.5037,-0.2220,0.9980,54,45.527603,0.6652,0.7718
BiancaGolden_CircleTurns,-134.1289,76.3417,155.6901,-42.8866,-5.4654,-19.5562,0.8366,-0.5016,-0.2203,0.9980,55,45.542789,0.6587,0.7634
BiancaGolden_CircleTurns,-134.7760,75.6012,155.4481,-44.7225,-5.2872,-20.0684,0.8386,-0.5000,-0.2163,0.9980,55,45.556255,0.6522,0.7560
BiancaGolden_CircleTurns,-135.3888,74.8829,155.2215,-46.3913,-5.1087,-20.4407,0.8369,-0.5022,-0.2176,0.9980,55,45.570305,0.6461,0.7488
BiancaGolden_CircleTurns,-135.9423,74.1502,155.0183,-47.9258,-4.9096,-20.8129,0.8422,-0.4980,-0.2068,0.9980,56,45.584408,0.6406,0.7415
BiancaGolden_CircleTurns,-136.5299,73.4055,154.7711,-49.4287,-4.6773,-21.1859,0.8469,-0.4936,-0.1979,0.9980,56,45.597004,0.6347,0.7341
BiancaGolden_CircleTurns,-137.1376,72.7528,154.5029,-50.7754,-4.5671,-21.5584,0.8493,-0.4865,-0.2050,0.9980,57,45.612095,0.6286,0.7275
BiancaGolden_CircleTurns,-137.6993,72.1798,154.2593,-52.0949,-4.6437,-21.8483,0.8570,-0.4732,-0.2039,0.9980,57,45.625473,0.6230,0.7218
BiancaGolden_CircleTurns,-138.2254,71.6614,154.0428,-53.0995,-4.8053,-22.0947,0.8651,-0.4635,-0.1920,0.9980,58,45.640797,0.6177,0.7166
BiancaGolden_CircleTurns,-138.7741,71.0794,153.8020,-53.9596,-4.9483,-22.1978,0.8634,-0.4650,-0.1959,0.9980,58,45.654152,0.6123,0.7108
BiancaGolden_CircleTurns,-139.2964,70.5198,153.5534,-54.7324,-5.0957,-22.4018,0.8670,-0.4614,-0.1882,0.9980,58,45.668465,0.6070,0.7052
BiancaGolden_CircleTurns,-139.8047,70.0204,153.3145,-55.2891,-5.1823,-22.6087,0.8722,-0.4537,-0.1827,0.9980,59,45.681580,0.6020,0.7002
BiancaGolden_CircleTurns,-140.3102,69.6010,153.1015,-55.7791,-5.2789,-22.6195,0.8772,-0.4434,-0.1841,0.9980,59,45.694344,0.5969,0.6960
BiancaGolden_CircleTurns,-140.7236,69.2143,152.9264,-56.2879,-5.3023,-22.5750,0.8876,-0.4271,-0.1728,0.9980,60,45.709732,0.5928,0.6921
BiancaGolden_CircleTurns,-141.1359,68.7781,152.7361,-57.0363,-5.2147,-22.6113,0.8943,-0.4165,-0.1633,0.9980,60,45.723167,0.5886,0.6878
BiancaGolden_CircleTurns,-141.5358,68.3535,152.5339,-57.8484,-5.1068,-22.7046,0.8938,-0.4179,-0.1628,0.9980,60,45.737423,0.5846,0.6835
BiancaGolden_CircleTurns,-141.9528,67.9710,152.2866,-58.4757,-5.0549,-22.8356,0.8941,-0.4170,-0.1633,0.9980,61,45.751125,0.5805,0.6797
BiancaGolden_CircleTurns,-142.3585,67.6319,152.0466,-58.7762,-5.0737,-22.8033,0.9006,-0.4075,-0.1514,0.9980,61,45.763943,0.5764,0.6763
BiancaGolden_CircleTurns,-142.7457,67.2697,151.8353,-59.0449,-5.0362,-22.7942,0.9043,-0.3995,-0.1503,0.9980,62,45.779255,0.5725,0.6727
BiancaGolden_CircleTurns,-143.1628,66.9018,151.6455,-59.5034,-5.0559,-22.7231,0.9092,-0.3898,-0.1464,0.9980,62,45.793186,0.5684,0.6690
BiancaGolden_CircleTurns,-143.5652,66.5327,151.4185,-60.1526,-5.0844,-22.7222,0.9097,-0.3878,-0.1488,0.9980,63,45.806995,0.5643,0.6653
BiancaGolden_CircleTurns,-143.9775,66.1867,151.1843,-60.9757,-5.1934,-22.7267,0.9094,-0.3881,-0.1497,0.9980,63,45.820435,0.5602,0.6619
BiancaGolden_CircleTurns,-144.3776,65.8691,150.9765,-61.6396,-5.2441,-22.7849,0.9095,-0.3882,-0.1488,0.9980,63,45.834862,0.5562,0.6587
BiancaGolden_CircleTurns,-144.7623,65.5368,150.7935,-62.2469,-5.1869,-22.8290,0.9126,-0.3545,-0.2037,0.9980,64,45.848404,0.5524,0.6554
BiancaGolden_CircleTurns,-145.1281,65.1885,150.6180,-62.8810,-5.0472,-22.9721,0.9147,-0.3483,-0.2051,0.9980,64,45.861519,0.5487,0.6519
BiancaGolden_CircleTurns,-145.4855,64.8219,150.4809,-63.7349,-4.8392,-23.3457,0.9179,-0.3403,-0.2039,0.9980,65,45.876755,0.5451,0.6482
BiancaGolden_CircleTurns,-145.8272,64.4682,150.3073,-64.4476,-4.6492,-23.7553,0.9201,-0.3415,-0.1916,0.9980,65,45.890102,0.5417,0.6447
BiancaGolden_CircleTurns,-146.1624,64.1236,150.0999,-64.8221,-4.2975,-24.1249,0.9195,-0.3460,-0.1868,0.9980,65,45.904537,0.5384,0.6412
BiancaGolden_CircleTurns,-146.4688,63.7822,149.8918,-65.3058,-4.0451,-24.4358,0.9228,-0.3404,-0.1806,0.9980,66,45.918037,0.5353,0.6378
BiancaGolden_CircleTurns,-146.7549,63.4536,149.6696,-65.9942,-3.8188,-24.7643,0.9223,-0.3427,-0.1783,0.9980,66,45.930923,0.5325,0.6345
BiancaGolden_CircleTurns,-147.0373,63.1317,149.4343,-66.9643,-3.7658,-25.0115,0.9267,-0.3305,-0.1791,0.9980,67,45.946194,0.5296,0.6313
BiancaGolden_CircleTurns,-147.3028,62.8535,149.1327,-67.9541,-3.8080,-25.1571,0.9281,-0.3234,-0.1843,0.9980,67,45.960270,0.5270,0.6285
BiancaGolden_CircleTurns,-147.5801,62.6005,148.8318,-68.7032,-3.9318,-25.0937,0.9311,-0.3115,-0.1900,0.9980,68,45.974525,0.5242,0.6260
BiancaGolden_CircleTurns,-147.8388,62.3700,148.5571,-69.1805,-4.1298,-24.8156,0.9333,-0.3032,-0.1922,0.9980,68,45.987362,0.5216,0.6237
BiancaGolden_CircleTurns,-148.0826,62.1545,148.3084,-69.5056,-4.2970,-24.3564,0.9368,-0.2883,-0.1983,0.9980,69,46.005890,0.5192,0.6215
BiancaGolden_CircleTurns,-148.2993,61.9144,148.0974,-69.6982,-4.5920,-23.7762,0.9389,-0.2755,-0.2061,0.9980,69,46.015724,0.5170,0.6191
BiancaGolden_CircleTurns,-148.5376,61.6718,147.8791,-69.6229,-5.0425,-23.0267,0.9408,-0.2588,-0.2187,0.9980,69,46.029152,0.5146,0.6167
BiancaGolden_CircleTurns,-148.8065,61.4477,147.6566,-69.3519,-5.7039,-22.2252,0.9412,-0.2472,-0.2301,0.9980,70,46.042847,0.5119,0.6145
BiancaGolden_CircleTurns,-149.0292,61.2309,147.4708,-69.0663,-6.3791,-21.5204,0.9423,-0.2420,-0.2314,0.9980,70,46.055717,0.5097,0.6123
BiancaGolden_CircleTurns,-149.2118,61.0221,147.3776,-69.0303,-6.9582,-21.0465,0.9445,-0.2373,-0.2271,0.9980,70,46.071163,0.5079,0.6102
BiancaGolden_CircleTurns,-149.4075,60.8042,147.4081,-69.3642,-7.4815,-20.7032,0.9436,-0.2330,-0.2353,0.9980,71,46.084988,0.5059,0.6080
BiancaGolden_CircleTurns,-149.5961,60.6807,147.4545,-69.6322,-7.9967,-20.5058,0.9452,-0.2279,-0.2339,0.9980,71,46.097679,0.5040,0.6068
BiancaGolden_CircleTurns,-149.8217,60.5115,147.4907,-69.9563,-8.2417,-20.1314,0.9473,-0.2304,-0.2225,0.9980,72,46.112518,0.5018,0.6051
BiancaGolden_CircleTurns,-150.0224,60.4182,147.5745,-69.5632,-8.2230,-19.7603,0.9491,-0.2327,-0.2122,0.9980,72,46.126278,0.4998,0.6042
BiancaGolden_CircleTurns,-150.2096,60.2810,147.7299,-69.1594,-8.1121,-19.3634,0.9534,-0.2266,-0.1991,0.9980,73,46.140686,0.4979,0.6028
BiancaGolden_CircleTurns,-150.3932,60.1190,147.9067,-68.8192,-7.7771,-19.0480,0.9534,-0.2347,-0.1894,0.9980,73,46.154221,0.4961,0.6012
BiancaGolden_CircleTurns,-150.5648,59.9784,148.0763,-68.7251,-7.4389,-18.8716,0.9543,-0.2340,-0.1861,0.9980,73,46.168522,0.4944,0.5998
BiancaGolden_CircleTurns,-150.7228,59.8685,148.1767,-68.7426,-7.2677,-18.7705,0.9541,-0.2392,-0.1801,0.9980,74,46.182095,0.4928,0.5987
BiancaGolden_CircleTurns,-150.8624,59.7908,148.2279,-68.5582,-7.1475,-18.7390,0.9537,-0.2427,-0.1779,0.9980,74,46.195263,0.4914,0.5979
BiancaGolden_CircleTurns,-150.9811,59.7077,148.3151,-68.0924,-7.0960,-18.7451,0.9519,-0.2522,-0.1738,0.9980,75,46.210537,0.4902,0.5971
BiancaGolden_CircleTurns,-151.0807,59.6095,148.4248,-67.6683,-7.0235,-18.7833,0.9517,-0.2531,-0.1739,0.9980,75,46.224133,0.4892,0.5961
BiancaGolden_CircleTurns,-151.1852,59.5094,148.5441,-67.4382,-7.0120,-18.8273,0.9493,-0.2601,-0.1765,0.9980,76,46.238605,0.4881,0.5951
BiancaGolden_CircleTurns,-151.2635,59.4144,148.6291,-67.2752,-7.0554,-18.9337,0.9480,-0.2628,-0.1795,0.9980,76,46.252090,0.4874,0.5941
BiancaGolden_CircleTurns,-151.3345,59.3639,148.7099,-66.8989,-7.2010,-19.0329,0.9467,-0.2649,-0.1831,0.9980,76,46.266205,0.4867,0.5936
BiancaGolden_CircleTurns,-151.3826,59.3429,148.7643,-66.2018,-7.3683,-19.1313,0.9466,-0.2612,-0.1893,0.9980,77,46.279606,0.4862,0.5934
BiancaGolden_CircleTurns,-151.3962,59.3187,148.7849,-65.3271,-7.4919,-19.1593,0.9460,-0.2613,-0.1916,0.9980,77,46.292778,0.4860,0.5932
BiancaGolden_CircleTurns,-151.3918,59.2684,148.8650,-64.7658,-7.6336,-19.2356,0.9447,-0.2640,-0.1944,0.9980,78,46.308445,0.4861,0.5927
BiancaGolden_CircleTurns,-151.3717,59.2076,148.9580,-64.3614,-7.7871,-19.3682,0.9450,-0.2629,-0.1947,0.9980,78,46.321815,0.4863,0.5921
BiancaGolden_CircleTurns,-151.3451,59.1846,149.0376,-63.8502,-7.9235,-19.5345,0.9434,-0.2667,-0.1972,0.9980,78,46.336140,0.4865,0.5918
BiancaGolden_CircleTurns,-151.2711,59.2353,149.0762,-63.2110,-8.0267,-19.7391,0.9428,-0.2660,-0.2011,0.9980,79,46.349312,0.4873,0.5924
BiancaGolden_CircleTurns,-151.1723,59.3410,149.1030,-62.5399,-8.0993,-19.9334,0.9410,-0.2706,-0.2033,0.9980,79,46.362797,0.4883,0.5934
BiancaGolden_CircleTurns,-151.0208,59.5060,149.1330,-61.7989,-8.1657,-20.1827,0.9391,-0.2767,-0.2037,0.9980,80,46.377670,0.4898,0.5951
BiancaGolden_CircleTurns,-150.8426,59.6794,149.1762,-61.1711,-8.2052,-20.3965,0.9390,-0.2804,-0.1991,0.9980,80,46.391106,0.4916,0.5968
BiancaGolden_CircleTurns,-150.6519,59.8633,149.2828,-60.7837,-8.2875,-20.6447,0.9385,-0.2824,-0.1988,0.9980,81,46.405590,0.4935,0.5986
BiancaGolden_CircleTurns,-150.4364,60.0919,149.4344,-60.6306,-8.4400,-20.8720,0.9367,-0.2854,-0.2030,0.9980,81,46.419403,0.4956,0.6009
BiancaGolden_CircleTurns,-150.2197,60.3710,149.6097,-60.4184,-8.6905,-21.0613,0.9365,-0.2784,-0.2131,0.9980,81,46.433678,0.4978,0.6037
BiancaGolden_CircleTurns,-150.0008,60.6735,149.8146,-60.0406,-8.9925,-21.1304,0.9339,-0.2708,-0.2333,0.9980,82,46.447155,0.5000,0.6067
BiancaGolden_CircleTurns,-149.7520,61.0272,150.0830,-59.5283,-9.3228,-21.1362,0.9289,-0.2651,-0.2586,0.9980,82,46.460533,0.5025,0.6103
BiancaGolden_CircleTurns,-149.5385,61.4466,150.4057,-58.9482,-9.6748,-20.9772,0.9278,-0.2548,-0.2725,0.9980,83,46.475315,0.5046,0.6145
BiancaGolden_CircleTurns,-149.3391,61.9063,150.7183,-58.0983,-10.0536,-20.6741,0.9273,-0.2339,-0.2922,0.9980,83,46.489075,0.5066,0.6191
BiancaGolden_CircleTurns,-149.1474,62.3989,151.0441,-56.9170,-10.2921,-20.2140,0.9266,-0.2286,-0.2984,0.9980,84,46.506760,0.5085,0.6240
BiancaGolden_CircleTurns,-148.9671,62.8911,151.4111,-55.5137,-10.5243,-19.7532,0.9257,-0.2222,-0.3062,0.9980,84,46.517853,0.5103,0.6289
BiancaGolden_CircleTurns,-148.7841,63.3724,151.7906,-54.3258,-10.6722,-19.4392,0.9207,-0.2279,-0.3168,0.9980,84,46.531593,0.5122,0.6337
BiancaGolden_CircleTurns,-148.6075,63.8491,152.2078,-53.1828,-10.7463,-19.2268,0.9185,-0.2312,-0.3208,0.9980,85,46.544544,0.5139,0.6385
BiancaGolden_CircleTurns,-148.4458,64.3367,152.5776,-52.1108,-10.7286,-19.1738,0.9163,-0.2409,-0.3200,0.9980,85,46.557594,0.5155,0.6434
BiancaGolden_CircleTurns,-148.2916,64.8478,152.8844,-50.9380,-10.6465,-19.2176,0.9151,-0.2450,-0.3202,0.9980,86,46.573032,0.5171,0.6485
BiancaGolden_CircleTurns,-148.1542,65.3826,153.1523,-49.5586,-10.5563,-19.2814,0.9143,-0.2481,-0.3200,0.9980,86,46.586437,0.5185,0.6538
BiancaGolden_CircleTurns,-148.0099,65.9057,153.4417,-48.3699,-10.4603,-19.2962,0.9135,-0.2524,-0.3190,0.9980,86,46.600452,0.5199,0.6591
BiancaGolden_CircleTurns,-147.8723,66.4287,153.7153,-47.4007,-10.3316,-19.4078,0.9106,-0.2598,-0.3214,0.9980,87,46.614758,0.5213,0.6643
BiancaGolden_CircleTurns,-147.7442,66.9396,153.9724,-46.6060,-10.2926,-19.4763,0.9095,-0.2673,-0.3184,0.9980,87,46.627724,0.5226,0.6694
BiancaGolden_CircleTurns,-147.6060,67.4409,154.1770,-45.9074,-10.2319,-19.6148,0.9084,-0.2738,-0.3160,0.9980,88,46.642319,0.5239,0.6744
BiancaGolden_CircleTurns,-147.4761,67.9350,154.3448,-45.1871,-10.1426,-19.7394,0.9069,-0.2787,-0.3159,0.9980,88,46.656696,0.5252,0.6793
BiancaGolden_CircleTurns,-147.3323,68.4362,154.5528,-44.3158,-10.0917,-19.9146,0.9043,-0.2864,-0.3165,0.9980,88,46.671177,0.5267,0.6844
BiancaGolden_CircleTurns,-147.1664,68.9058,154.7386,-43.5278,-9.9702,-20.1224,0.9016,-0.2937,-0.3176,0.9980,89,46.683895,0.5283,0.6891
BiancaGolden_CircleTurns,-146.9983,69.3838,154.9084,-42.8166,-9.8561,-20.3407,0.8989,-0.2886,-0.3296,0.9980,89,46.697002,0.5300,0.6938
BiancaGolden_CircleTurns,-146.8568,69.8638,155.0561,-42.0583,-9.8292,-20.6189,0.8916,-0.3031,-0.3364,0.9980,90,46.712254,0.5314,0.6986
BiancaGolden_CircleTurns,-146.7747,70.3422,155.1644,-40.8609,-9.8587,-20.9888,0.8882,-0.3253,-0.3244,0.9980,90,46.726097,0.5323,0.7034
BiancaGolden_CircleTurns,-146.6764,70.7679,155.2644,-39.3873,-9.8982,-21.3441,0.8850,-0.3335,-0.3248,0.9980,91,46.739941,0.5332,0.7077
BiancaGolden_CircleTurns,-146.5669,71.1327,155.3991,-37.7946,-9.8954,-21.6115,0.9013,-0.3150,-0.2973,0.9980,91,46.754025,0.5343,0.7113
BiancaGolden_CircleTurns,-146.4235,71.5539,155.5887,-36.6519,-9.9192,-22.0337,0.9146,-0.3005,-0.2706,0.9980,91,46.767879,0.5358,0.7155
BiancaGolden_CircleTurns,-146.3309,72.0069,155.7644,-35.9745,-10.1506,-22.5993,0.9103,-0.3096,-0.2747,0.9980,92,46.781239,0.5367,0.7201
BiancaGolden_CircleTurns,-146.2343,72.4936,155.9288,-35.2312,-10.4533,-23.2769,0.9046,-0.3289,-0.2712,0.9980,92,46.794422,0.5377,0.7249
BiancaGolden_CircleTurns,-146.1764,72.9706,156.0830,-34.2404,-10.7149,-23.9794,0.8898,-0.3742,-0.2611,0.9980,93,46.809528,0.5382,0.7297
BiancaGolden_CircleTurns,-146.0882,73.4389,156.2771,-32.7218,-11.0009,-24.6924,0.8759,-0.4027,-0.2659,0.9980,93,46.823254,0.5391,0.7344
BiancaGolden_CircleTurns,-145.9902,73.9235,156.5223,-31.3310,-11.1356,-25.3502,0.8706,-0.4123,-0.2685,0.9980,93,46.837749,0.5401,0.7392
BiancaGolden_CircleTurns,-145.9017,74.4082,156.7755,-30.0085,-11.2473,-25.9303,0.8653,-0.4245,-0.2665,0.9980,94,46.851063,0.5410,0.7441
BiancaGolden_CircleTurns,-145.7888,74.9471,157.0132,-28.7233,-11.2537,-26.5489,0.8639,-0.4260,-0.2689,0.9980,94,46.864494,0.5421,0.7495
BiancaGolden_CircleTurns,-145.7065,75.5555,157.2428,-27.4120,-11.3901,-26.9200,0.8789,-0.3905,-0.2738,0.9980,95,46.879990,0.5429,0.7556
BiancaGolden_CircleTurns,-145.5982,76.2036,157.4228,-26.1329,-11.4782,-26.8966,0.9018,-0.3480,-0.2562,0.9980,95,46.893101,0.5440,0.7620
BiancaGolden_CircleTurns,-145.4669,76.8339,157.6208,-25.0574,-11.6277,-26.8889,0.9010,-0.3382,-0.2717,0.9980,96,46.907578,0.5453,0.7683
BiancaGolden_CircleTurns,-145.3546,77.4569,157.8011,-24.3101,-11.9193,-26.6105,0.8995,-0.3372,-0.2779,0.9980,96,46.921474,0.5465,0.7746
BiancaGolden_CircleTurns,-145.2474,78.0528,157.9954,-23.4245,-12.1970,-26.5333,0.9023,-0.3257,-0.2826,0.9980,96,46.935436,0.5475,0.7805
BiancaGolden_CircleTurns,-145.1558,78.6466,158.1816,-22.5007,-12.4595,-26.2821,0.9007,-0.3249,-0.2884,0.9980,97,46.949398,0.5484,0.7865
BiancaGolden_CircleTurns,-145.0352,79.2103,158.4414,-21.7220,-12.6634,-26.0754,0.9006,-0.3230,-0.2908,0.9980,97,46.962517,0.5496,0.7921
BiancaGolden_CircleTurns,-144.8820,79.7494,158.7086,-21.0459,-12.6494,-26.0813,0.8993,-0.3272,-0.2903,0.9980,98,46.977909,0.5512,0.7975
BiancaGolden_CircleTurns,-144.7529,80.2937,158.9836,-20.4078,-12.5443,-26.2926,0.8969,-0.3349,-0.2887,0.9980,98,46.991386,0.5525,0.8029
BiancaGolden_CircleTurns,-144.6339,80.8153,159.2075,-19.6844,-12.3751,-26.7136,0.8950,-0.3438,-0.2841,0.9980,99,47.008579,0.5537,0.8082
BiancaGolden_CircleTurns,-144.5677,81.3532,159.3981,-18.5372,-12.1502,-27.1812,0.8939,-0.3511,-0.2786,0.9980,99,47.019169,0.5543,0.8135
BiancaGolden_CircleTurns,-144.4724,81.9172,159.6273,-17.3317,-11.9902,-27.4039,0.8938,-0.3589,-0.2689,0.9980,99,47.032784,0.5553,0.8192
BiancaGolden_CircleTurns,-144.3249,82.4998,159.9023,-16.3442,-11.7757,-27.7486,0.8904,-0.3764,-0.2561,0.9980,100,47.046394,0.5568,0.8250
BiancaGolden_CircleTurns,-144.1947,83.0617,160.2201,-15.4266,-11.5377,-28.3726,0.8884,-0.3925,-0.2381,0.9980,100,47.059483,0.5581,0.8306
BiancaGolden_CircleTurns,-144.0854,83.6202,160.4491,-14.3437,-11.2960,-29.2225,0.8793,-0.4133,-0.2366,0.9980,101,47.074703,0.5591,0.8362
BiancaGolden_CircleTurns,-144.0194,84.1729,160.6651,-12.9007,-11.1351,-30.0709,0.8713,-0.4284,-0.2393,0.9980,101,47.088177,0.5598,0.8417
BiancaGolden_CircleTurns,-143.9504,84.7538,160.9105,-11.0929,-11.1462,-30.9922,0.8652,-0.4476,-0.2259,0.9980,101,47.102612,0.5605,0.8475
BiancaGolden_CircleTurns,-143.8696,85.3620,161.1876,-9.3408,-11.2030,-31.7403,0.8584,-0.4646,-0.2177,0.9980,102,47.116302,0.5613,0.8536
BiancaGolden_CircleTurns,-143.7349,86.0203,161.4666,-7.7891,-11.2126,-32.5837,0.8515,-0.4776,-0.2164,0.9980,102,47.129299,0.5627,0.8602
BiancaGolden_CircleTurns,-143.6478,86.6645,161.6839,-6.4063,-11.1824,-33.4543,0.8446,-0.4922,-0.2107,0.9980,103,47.144188,0.5635,0.8666
BiancaGolden_CircleTurns,-143.5263,87.2346,161.8738,-4.9269,-11.0291,-34.5230,0.8346,-0.5096,-0.2094,0.9980,103,47.158024,0.5647,0.8723
BiancaGolden_CircleTurns,-143.4379,87.7590,162.0292,-3.1770,-10.8269,-35.6859,0.8246,-0.5259,-0.2083,0.9980,104,47.172245,0.5656,0.8776
BiancaGolden_CircleTurns,-143.3343,88.3081,162.1807,-1.4261,-10.6376,-36.7608,0.8155,-0.5404,-0.2074,0.9980,104,47.185757,0.5667,0.8831
BiancaGolden_CircleTurns,-143.2016,88.8392,162.2982,0.1443,-10.4089,-38.0773,0.8030,-0.5578,-0.2098,0.9980,104,47.199921,0.5680,0.8884
BiancaGolden_CircleTurns,-143.1212,89.3136,162.4136,1.6831,-10.3154,-39.4545,0.7956,-0.5678,-0.2113,0.9980,105,47.213505,0.5688,0.8931
BiancaGolden_CircleTurns,-143.0632,89.7605,162.5206,3.3679,-10.2386,-40.9265,0.7995,-0.5600,-0.2173,0.9980,105,47.226574,0.5694,0.8976
BiancaGolden_CircleTurns,-143.0174,90.2685,162.6019,5.2986,-10.1938,-42.2706,0.8126,-0.5282,-0.2465,0.9980,106,47.241718,0.5698,0.9027
BiancaGolden_CircleTurns,-142.9490,90.8293,162.6275,7.5282,-10.3992,-43.1978,0.8021,-0.5410,-0.2529,0.9980,106,47.255680,0.5705,0.9083
BiancaGolden_CircleTurns,-142.8079,91.3891,162.6748,9.3590,-10.4611,-44.0505,0.7713,-0.5430,-0.3321,0.9980,106,47.269741,0.5719,0.9139
BiancaGolden_CircleTurns,-142.6220,91.9733,162.7668,10.5957,-10.5710,-44.4508,0.7673,-0.5475,-0.3340,0.9980,107,47.283157,0.5738,0.9197
BiancaGolden_CircleTurns,-142.4315,92.5149,162.8873,11.5243,-10.5372,-44.6696,0.8115,-0.5051,-0.2940,0.9980,107,47.296337,0.5757,0.9251
BiancaGolden_CircleTurns,-142.2588,93.0313,163.0038,12.1397,-10.4272,-44.7135,0.8254,-0.5065,-0.2495,0.9980,108,47.311417,0.5774,0.9303
BiancaGolden_CircleTurns,-142.1290,93.5018,163.0840,12.3720,-10.3866,-44.8019,0.8306,-0.5017,-0.2415,0.9980,108,47.325176,0.5787,0.9350
BiancaGolden_CircleTurns,-142.0457,93.9525,163.1132,11.9024,-10.5281,-45.0600,0.8286,-0.5026,-0.2466,0.9980,109,47.339775,0.5795,0.9395
BiancaGolden_CircleTurns,-142.0279,94.3287,163.1523,11.0193,-11.0227,-45.2250,0.8201,-0.5129,-0.2537,0.9980,109,47.352802,0.5797,0.9433
BiancaGolden_CircleTurns,-142.0133,94.7284,163.1365,10.1206,-11.7805,-45.5488,0.8242,-0.5119,-0.2424,0.9980,109,47.367168,0.5799,0.9473
BiancaGolden_CircleTurns,-142.0286,95.1201,163.0772,9.8572,-12.6369,-45.6775,0.8237,-0.5090,-0.2500,0.9980,110,47.380806,0.5797,0.9512
BiancaGolden_CircleTurns,-142.0081,95.4751,163.0233,9.8630,-13.4860,-45.5910,0.8276,-0.4992,-0.2567,0.9980,110,47.393864,0.5799,0.9548
BiancaGolden_CircleTurns,-141.9201,95.8180,163.0050,9.9957,-14.0600,-45.2335,0.8331,-0.4937,-0.2492,0.9980,111,47.409153,0.5808,0.9582
BiancaGolden_CircleTurns,-141.7869,96.1877,163.0615,9.9442,-14.3621,-44.8907,0.8381,-0.4853,-0.2493,0.9980,111,47.423077,0.5821,0.9619
BiancaGolden_CircleTurns,-141.6066,96.5253,163.1599,9.7253,-14.4215,-44.3116,0.8422,-0.4788,-0.2479,0.9980,111,47.437077,0.5839,0.9653
BiancaGolden_CircleTurns,-141.4218,96.8922,163.2294,9.5169,-14.4121,-43.7339,0.8490,-0.4698,-0.2419,0.9980,112,47.450592,0.5858,0.9689
BiancaGolden_CircleTurns,-141.2739,97.2494,163.2653,9.3356,-14.4079,-43.0404,0.8525,-0.4683,-0.2321,0.9980,112,47.463997,0.5873,0.9725
BiancaGolden_CircleTurns,-141.1288,97.6113,163.2333,9.1616,-14.3962,-42.2956,0.8572,-0.4626,-0.2265,0.9980,113,47.479195,0.5887,0.9761
BiancaGolden_CircleTurns,-141.0169,97.9818,163.2342,8.7938,-14.4915,-41.5750,0.8609,-0.4576,-0.2223,0.9980,113,47.493095,0.5898,0.9798
BiancaGolden_CircleTurns,-140.8891,98.3362,163.2419,8.3575,-14.5423,-40.9986,0.8647,-0.4505,-0.2219,0.9980,114,47.510040,0.5911,0.9834
BiancaGolden_CircleTurns,-140.7517,98.6574,163.3073,7.9746,-14.6066,-40.5136,0.8658,-0.4537,-0.2109,0.9980,114,47.522732,0.5925,0.9866
BiancaGolden_CircleTurns,-140.6245,98.9514,163.3598,7.7650,-14.6584,-40.0474,0.8664,-0.4561,-0.2031,0.9980,114,47.535538,0.5938,0.9895
BiancaGolden_CircleTurns,-140.4860,99.2296,163.3980,7.6415,-14.6353,-39.5824,0.8652,-0.4596,-0.2006,0.9980,115,47.548134,0.5951,0.9923
BiancaGolden_CircleTurns,-140.3423,99.5136,163.4270,7.5413,-14.5649,-39.1078,0.8610,-0.4663,-0.2032,0.9980,115,47.561531,0.5966,0.9951
BiancaGolden_CircleTurns,-140.1967,99.7743,163.4335,7.5642,-14.4042,-38.5741,0.8516,-0.4810,-0.2084,0.9980,116,47.576191,0.5980,0.9977
BiancaGolden_CircleTurns,-140.0259,100.0211,163.4665,7.5832,-14.2556,-38.1146,0.8558,-0.4753,-0.2044,0.9980,116,47.589485,0.5997,1.0002
BiancaGolden_CircleTurns,-139.8648,100.2458,163.5058,7.5156,-14.0438,-37.6806,0.8520,-0.4841,-0.1995,0.9980,116,47.603699,0.6014,1.0025
BiancaGolden_CircleTurns,-139.6933,100.4364,163.5588,7.4796,-13.8055,-37.3540,0.8454,-0.4935,-0.2045,0.9980,117,47.617432,0.6031,1.0044
BiancaGolden_CircleTurns,-139.5377,100.6077,163.5937,7.4791,-13.5604,-37.0858,0.8423,-0.5000,-0.2014,0.9980,117,47.630444,0.6046,1.0061
BiancaGolden_CircleTurns,-139.3798,100.7791,163.6279,7.5201,-13.3776,-36.8153,0.8389,-0.5061,-0.2000,0.9980,118,47.645580,0.6062,1.0078
BiancaGolden_CircleTurns,-139.2169,100.9146,163.6321,7.5364,-13.2017,-36.5953,0.8332,-0.5125,-0.2075,0.9980,118,47.659401,0.6078,1.0091
BiancaGolden_CircleTurns,-139.0692,101.0458,163.6307,7.5399,-13.1185,-36.3718,0.8343,-0.5107,-0.2079,0.9980,119,47.673569,0.6093,1.0105
BiancaGolden_CircleTurns,-138.9071,101.1509,163.6412,7.5985,-13.1123,-36.2249,0.8291,-0.5187,-0.2087,0.9980,119,47.687054,0.6109,1.0115
BiancaGolden_CircleTurns,-138.7360,101.2657,163.6513,7.6526,-13.1203,-36.0620,0.8250,-0.5222,-0.2161,0.9980,119,47.701313,0.6126,1.0127
BiancaGolden_CircleTurns,-138.5489,101.3884,163.6493,7.6736,-13.2340,-35.9059,0.8219,-0.5258,-0.2190,0.9980,120,47.715069,0.6145,1.0139
BiancaGolden_CircleTurns,-138.3625,101.4995,163.6384,7.6727,-13.3295,-35.7094,0.8193,-0.5239,-0.2330,0.9980,120,47.727905,0.6164,1.0150
BiancaGolden_CircleTurns,-138.1784,101.6180,163.6134,7.6597,-13.4373,-35.4911,0.8144,-0.5303,-0.2355,0.9980,121,47.743080,0.6182,1.0162
BiancaGolden_CircleTurns,-137.9978,101.7212,163.5800,7.6445,-13.5893,-35.3010,0.8157,-0.5271,-0.2384,0.9980,121,47.756958,0.6200,1.0172
BiancaGolden_CircleTurns,-137.8156,101.8242,163.5379,7.6659,-13.7577,-35.1003,0.8141,-0.5283,-0.2411,0.9980,121,47.770966,0.6218,1.0182
BiancaGolden_CircleTurns,-137.6117,101.9423,163.4868,7.7686,-13.9413,-34.9688,0.8106,-0.5295,-0.2500,0.9980,122,47.784752,0.6239,1.0194
BiancaGolden_CircleTurns,-137.4146,102.0663,163.4301,7.8389,-14.1263,-34.8252,0.8061,-0.5352,-0.2525,0.9980,122,47.797459,0.6259,1.0207
BiancaGolden_CircleTurns,-137.1948,102.2028,163.3652,7.9548,-14.2973,-34.7122,0.8038,-0.5374,-0.2552,0.9980,123,47.812389,0.6281,1.0220
BiancaGolden_CircleTurns,-136.9826,102.3343,163.3075,8.1726,-14.4945,-34.5495,0.8028,-0.5373,-0.2583,0.9980,123,47.826054,0.6302,1.0233
BiancaGolden_CircleTurns,-136.7479,102.4611,163.2534,8.4286,-14.6580,-34.3617,0.8037,-0.5351,-0.2602,0.9980,124,47.841011,0.6325,1.0246
BiancaGolden_CircleTurns,-136.5031,102.5923,163.2176,8.6432,-14.7704,-34.2224,0.7967,-0.5439,-0.2635,0.9980,124,47.853752,0.6350,1.0259
BiancaGolden_CircleTurns,-136.2678,102.7103,163.1719,8.8790,-14.8629,-34.0476,0.7960,-0.5464,-0.2605,0.9980,124,47.868423,0.6373,1.0271
BiancaGolden_CircleTurns,-136.0281,102.8293,163.1210,9.2766,-14.9529,-33.9287,0.8000,-0.5436,-0.2541,0.9980,125,47.881699,0.6397,1.0283
BiancaGolden_CircleTurns,-135.7961,102.9439,163.0263,9.7767,-15.0617,-33.7428,0.7943,-0.5523,-0.2530,0.9980,125,47.894775,0.6420,1.0294
BiancaGolden_CircleTurns,-135.5436,103.0836,162.9234,10.2303,-15.1651,-33.5875,0.7946,-0.5509,-0.2553,0.9980,126,47.910149,0.6446,1.0308
BiancaGolden_CircleTurns,-135.2987,103.2209,162.8480,10.6451,-15.3102,-33.5164,0.7949,-0.5494,-0.2575,0.9980,126,47.923645,0.6470,1.0322
BiancaGolden_CircleTurns,-135.0556,103.3345,162.7869,11.0528,-15.4465,-33.4282,0.8007,-0.5276,-0.2839,0.9980,126,47.938004,0.6494,1.0333
BiancaGolden_CircleTurns,-134.8142,103.4364,162.7226,11.5314,-15.5677,-33.3833,0.8072,-0.4989,-0.3155,0.9980,127,47.951385,0.6519,1.0344
BiancaGolden_CircleTurns,-134.5873,103.5335,162.6411,12.0193,-15.7176,-33.3003,0.7974,-0.4984,-0.3403,0.9980,127,47.964649,0.6541,1.0353
BiancaGolden_CircleTurns,-134.3655,103.6151,162.5501,12.3795,-15.8260,-33.2601,0.7920,-0.5065,-0.3409,0.9980,128,47.979794,0.6563,1.0362
BiancaGolden_CircleTurns,-134.1645,103.6697,162.4759,12.6227,-15.9227,-33.2307,0.7910,-0.5079,-0.3412,0.9980,128,47.993507,0.6584,1.0367
BiancaGolden_CircleTurns,-133.9814,103.6919,162.4453,12.5536,-15.9847,-33.1436,0.7920,-0.5057,-0.3421,0.9980,129,48.010719,0.6602,1.0369
BiancaGolden_CircleTurns,-133.8567,103.6957,162.4305,11.7990,-16.0432,-33.0520,0.7887,-0.5098,-0.3436,0.9980,129,48.021511,0.6614,1.0370
BiancaGolden_CircleTurns,-133.7380,103.6891,162.4235,10.4472,-16.1634,-33.1244,0.7871,-0.5109,-0.3457,0.9980,129,48.035492,0.6626,1.0369
BiancaGolden_CircleTurns,-133.6304,103.6245,162.4167,9.3113,-16.3081,-33.2552,0.7864,-0.5119,-0.3457,0.9980,130,48.048786,0.6637,1.0362
BiancaGolden_CircleTurns,-133.5636,103.4976,162.3840,8.9071,-16.4761,-33.2943,0.7827,-0.5167,-0.3470,0.9980,130,48.062550,0.6644,1.0350
BiancaGolden_CircleTurns,-133.4668,103.4042,162.3438,8.6787,-16.5895,-33.2912,0.7833,-0.5193,-0.3417,0.9980,131,48.076714,0.6653,1.0340
BiancaGolden_CircleTurns,-133.3409,103.3603,162.3198,8.3686,-16.6725,-33.3649,0.7829,-0.5196,-0.3421,0.9980,131,48.090416,0.6666,1.0336
BiancaGolden_CircleTurns,-133.2048,103.3198,162.3028,8.0293,-16.6939,-33.4161,0.7819,-0.5202,-0.3435,0.9980,131,48.104633,0.6680,1.0332
BiancaGolden_CircleTurns,-133.0854,103.2722,162.2819,7.8291,-16.6808,-33.4769,0.7807,-0.5224,-0.3430,0.9980,132,48.118015,0.6691,1.0327
BiancaGolden_CircleTurns,-133.0003,103.2183,162.2607,7.8125,-16.7165,-33.5396,0.7793,-0.5236,-0.3442,0.9980,132,48.131294,0.6700,1.0322
BiancaGolden_CircleTurns,-132.9188,103.1645,162.2376,7.9334,-16.7898,-33.6387,0.7777,-0.5249,-0.3460,0.9980,133,48.147011,0.6708,1.0316
BiancaGolden_CircleTurns,-132.8395,103.1251,162.2268,8.0817,-16.9083,-33.7527,0.7775,-0.5264,-0.3441,0.9980,133,48.159962,0.6716,1.0313
BiancaGolden_CircleTurns,-132.7539,103.0874,162.2166,8.1026,-17.0170,-33.8499,0.7756,-0.5282,-0.3457,0.9980,134,48.174129,0.6725,1.0309
BiancaGolden_CircleTurns,-132.6846,103.0520,162.1999,8.3059,-17.1144,-33.9974,0.7741,-0.5288,-0.3481,0.9980,134,48.187862,0.6732,1.0305
BiancaGolden_CircleTurns,-132.6229,102.9916,162.1772,8.4904,-17.1663,-34.0504,0.7744,-0.5299,-0.3458,0.9980,134,48.202503,0.6738,1.0299
BiancaGolden_CircleTurns,-132.5471,102.9224,162.1725,8.7913,-17.1231,-34.0912,0.7831,-0.5261,-0.3316,0.9980,135,48.215580,0.6745,1.0292
BiancaGolden_CircleTurns,-132.4683,102.8490,162.1730,9.0485,-17.0192,-34.0983,0.7853,-0.5273,-0.3245,0.9980,135,48.228695,0.6753,1.0285
BiancaGolden_CircleTurns,-132.3879,102.7746,162.1663,9.2273,-16.8789,-34.1259,0.7667,-0.5557,-0.3215,0.9980,136,48.244022,0.6761,1.0277
BiancaGolden_CircleTurns,-132.3295,102.6960,162.1475,9.3846,-16.7348,-34.0876,0.7682,-0.5552,-0.3189,0.9980,136,48.257744,0.6767,1.0270
BiancaGolden_CircleTurns,-132.2694,102.6112,162.1259,9.4778,-16.5943,-34.0088,0.7362,-0.5528,-0.3905,0.9980,136,48.271698,0.6773,1.0261
BiancaGolden_CircleTurns,-132.2252,102.5161,162.0949,9.5066,-16.4769,-33.9239,0.7331,-0.5587,-0.3878,0.9980,137,48.285435,0.6777,1.0252
BiancaGolden_CircleTurns,-132.1875,102.4147,162.0583,9.4488,-16.3903,-33.8602,0.7377,-0.5564,-0.3823,0.9980,137,48.298573,0.6781,1.0241
BiancaGolden_CircleTurns,-132.1461,102.3067,162.0303,9.3403,-16.3056,-33.8863,0.7515,-0.5633,-0.3433,0.9980,138,48.313614,0.6785,1.0231
BiancaGolden_CircleTurns,-132.1116,102.1904,162.0007,9.2588,-16.2600,-33.9368,0.7531,-0.5612,-0.3433,0.9980,138,48.327675,0.6789,1.0219
BiancaGolden_CircleTurns,-132.0771,102.0724,161.9507,9.1857,-16.2205,-34.0229,0.7526,-0.5622,-0.3428,0.9980,139,48.341400,0.6792,1.0207
BiancaGolden_CircleTurns,-132.0494,101.9491,161.8880,9.1685,-16.1858,-34.0901,0.7540,-0.5606,-0.3423,0.9980,139,48.354881,0.6795,1.0195
BiancaGolden_CircleTurns,-132.0251,101.8301,161.8244,9.2084,-16.1283,-34.1220,0.7543,-0.5600,-0.3428,0.9980,139,48.369289,0.6797,1.0183
BiancaGolden_CircleTurns,-132.0011,101.7114,161.7884,9.2558,-16.0920,-34.1270,0.7548,-0.5519,-0.3545,0.9980,140,48.382931,0.6800,1.0171
BiancaGolden_CircleTurns,-131.9615,101.5876,161.7778,9.3024,-16.0739,-34.1205,0.7534,-0.5524,-0.3567,0.9980,140,48.395962,0.6804,1.0159
BiancaGolden_CircleTurns,-131.9161,101.4710,161.7714,9.3357,-16.0346,-34.1577,0.7504,-0.5555,-0.3581,0.9980,141,48.411057,0.6808,1.0147
BiancaGolden_CircleTurns,-131.8994,101.3514,161.7330,9.3958,-16.0246,-34.1750,0.7499,-0.5558,-0.3590,0.9980,141,48.424965,0.6810,1.0135
BiancaGolden_CircleTurns,-131.8970,101.2364,161.6848,9.3996,-16.0746,-34.2080,0.7492,-0.5563,-0.3596,0.9980,142,48.439045,0.6810,1.0124
BiancaGolden_CircleTurns,-131.8868,101.1241,161.6408,9.4045,-16.1008,-34.2642,0.7493,-0.5552,-0.3609,0.9980,142,48.452236,0.6811,1.0112
BiancaGolden_CircleTurns,-131.8735,101.0243,161.6158,9.3599,-16.1782,-34.3003,0.7507,-0.5499,-0.3661,0.9980,142,48.466652,0.6813,1.0102
BiancaGolden_CircleTurns,-131.8595,100.9218,161.5943,9.3374,-16.2411,-34.3201,0.7479,-0.5524,-0.3681,0.9980,143,48.480339,0.6814,1.0092
BiancaGolden_CircleTurns,-131.8515,100.8185,161.5676,9.2989,-16.3034,-34.2721,0.7513,-0.5469,-0.3694,0.9980,143,48.496334,0.6815,1.0082
BiancaGolden_CircleTurns,-131.8285,100.7165,161.5387,9.2645,-16.3201,-34.2412,0.7526,-0.5455,-0.3687,0.9980,144,48.508598,0.6817,1.0072
BiancaGolden_CircleTurns,-131.8160,100.6143,161.5007,9.2030,-16.2734,-34.1339,0.7526,-0.5443,-0.3705,0.9980,144,48.522045,0.6818,1.0061
BiancaGolden_CircleTurns,-131.7825,100.5161,161.4698,9.0857,-16.2223,-34.0349,0.7544,-0.5414,-0.3712,0.9980,144,48.536549,0.6822,1.0052
BiancaGolden_CircleTurns,-131.7453,100.4158,161.4408,8.9685,-16.1549,-33.9188,0.7568,-0.5395,-0.3691,0.9980,145,48.549927,0.6825,1.0042
BiancaGolden_CircleTurns,-131.7112,100.3070,161.4042,8.8653,-16.0365,-33.7608,0.7584,-0.5380,-0.3678,0.9980,145,48.562618,0.6829,1.0031
BiancaGolden_CircleTurns,-131.6934,100.2001,161.3613,8.6899,-15.9432,-33.6313,0.7584,-0.5388,-0.3669,0.9980,146,48.578300,0.6831,1.0020
BiancaGolden_CircleTurns,-131.6850,100.1026,161.3074,8.5120,-15.8991,-33.5646,0.7592,-0.5378,-0.3668,0.9980,146,48.591396,0.6831,1.0010
BiancaGolden_CircleTurns,-131.6901,99.9903,161.2305,8.3702,-15.8854,-33.4995,0.7599,-0.5364,-0.3673,0.9980,147,48.605927,0.6831,0.9999
BiancaGolden_CircleTurns,-131.7157,99.8744,161.1257,8.3494,-15.9203,-33.4056,0.7639,-0.5308,-0.3671,0.9980,147,48.619190,0.6828,0.9987
BiancaGolden_CircleTurns,-131.7199,99.7679,161.0396,8.2509,-15.9264,-33.3238,0.7646,-0.5300,-0.3666,0.9980,147,48.633457,0.6828,0.9977
BiancaGolden_CircleTurns,-131.7095,99.6511,160.9857,8.1212,-15.8923,-33.2737,0.7635,-0.5308,-0.3679,0.9980,148,48.647152,0.6829,0.9965
BiancaGolden_CircleTurns,-131.6928,99.5386,160.9559,7.9451,-15.8383,-33.2227,0.7639,-0.5302,-0.3678,0.9980,148,48.660580,0.6831,0.9954
BiancaGolden_CircleTurns,-131.6706,99.4258,160.9337,7.7677,-15.8322,-33.1955,0.7643,-0.5294,-0.3683,0.9980,149,48.675423,0.6833,0.9943
BiancaGolden_CircleTurns,-131.6739,99.3171,160.8910,7.6042,-15.8549,-33.1633,0.7644,-0.5286,-0.3691,0.9980,149,48.689938,0.6833,0.9932
BiancaGolden_CircleTurns,-131.6853,99.2214,160.8364,7.4560,-15.9244,-33.1649,0.7652,-0.5264,-0.3708,0.9980,149,48.703583,0.6831,0.9922
BiancaGolden_CircleTurns,-131.7114,99.1173,160.7826,7.3379,-16.0041,-33.1063,0.7639,-0.5242,-0.3764,0.9980,150,48.718006,0.6829,0.9912
BiancaGolden_CircleTurns,-131.7245,99.0214,160.7544,7.2113,-16.1158,-33.0523,0.7636,-0.5239,-0.3773,0.9980,150,48.730049,0.6828,0.9902
BiancaGolden_CircleTurns,-131.7170,98.9365,160.7374,7.0523,-16.1781,-33.0406,0.7640,-0.5229,-0.3780,0.9980,151,48.745319,0.6828,0.9894
BiancaGolden_CircleTurns,-131.7087,98.8443,160.7317,6.8649,-16.2114,-32.9922,0.7657,-0.5204,-0.3780,0.9980,151,48.758865,0.6829,0.9884
BiancaGolden_CircleTurns,-131.6895,98.7636,160.7403,6.6647,-16.2056,-32.9486,0.7655,-0.5211,-0.3774,0.9980,152,48.773388,0.6831,0.9876
BiancaGolden_CircleTurns,-131.6720,98.6896,160.7695,6.4554,-16.1992,-32.8692,0.7669,-0.5186,-0.3779,0.9980,152,48.786781,0.6833,0.9869
BiancaGolden_CircleTurns,-131.6494,98.6346,160.7816,6.2260,-16.1935,-32.8046,0.7679,-0.5168,-0.3784,0.9980,152,48.800838,0.6835,0.9863
BiancaGolden_CircleTurns,-131.6249,98.5812,160.7871,6.0166,-16.2095,-32.6988,0.7692,-0.5136,-0.3802,0.9980,153,48.814407,0.6838,0.9858
BiancaGolden_CircleTurns,-131.5962,98.5459,160.7902,5.7782,-16.2191,-32.5873,0.7707,-0.5117,-0.3798,0.9980,153,48.827679,0.6840,0.9855
BiancaGolden_CircleTurns,-131.5565,98.5184,160.7927,5.5732,-16.2053,-32.4559,0.7724,-0.5093,-0.3795,0.9980,154,48.843102,0.6844,0.9852
BiancaGolden_CircleTurns,-131.5221,98.4883,160.7991,5.3842,-16.1832,-32.2909,0.7708,-0.5124,-0.3786,0.9980,154,48.857246,0.6848,0.9849
BiancaGolden_CircleTurns,-131.4561,98.4662,160.8014,5.2480,-16.1427,-32.1616,0.7722,-0.5103,-0.3786,0.9980,154,48.870972,0.6854,0.9847
BiancaGolden_CircleTurns,-131.4097,98.4484,160.8012,5.1627,-16.1173,-32.0125,0.7731,-0.5088,-0.3788,0.9980,155,48.884579,0.6859,0.9845
BiancaGolden_CircleTurns,-131.3582,98.4487,160.7951,5.0599,-16.1128,-31.9124,0.7736,-0.5077,-0.3791,0.9980,155,48.897598,0.6864,0.9845
BiancaGolden_CircleTurns,-131.3228,98.4540,160.7841,4.9845,-16.1443,-31.7996,0.7746,-0.5065,-0.3788,0.9980,156,48.912487,0.6868,0.9845
BiancaGolden_CircleTurns,-131.2552,98.4414,160.7878,4.9627,-16.1354,-31.7080,0.7772,-0.5092,-0.3697,0.9980,156,48.926331,0.6874,0.9844
BiancaGolden_CircleTurns,-131.1679,98.4293,160.8005,5.0199,-16.0238,-31.6083,0.7840,-0.5100,-0.3539,0.9980,157,48.940449,0.6883,0.9843
BiancaGolden_CircleTurns,-131.0780,98.4171,160.8131,5.1402,-15.8391,-31.4934,0.8013,-0.5093,-0.3140,0.9980,157,48.954098,0.6892,0.9842
BiancaGolden_CircleTurns,-130.9935,98.4198,160.8109,5.2202,-15.6497,-31.3762,0.8186,-0.5116,-0.2612,0.9980,157,48.968311,0.6901,0.9842
BiancaGolden_CircleTurns,-130.9099,98.4258,160.7928,5.3020,-15.4739,-31.2454,0.8250,-0.5151,-0.2325,0.9980,158,48.982300,0.6909,0.9843
BiancaGolden_CircleTurns,-130.8267,98.4367,160.7690,5.3788,-15.3576,-31.1130,0.8266,-0.5131,-0.2313,0.9980,158,48.998459,0.6917,0.9844
BiancaGolden_CircleTurns,-130.7392,98.4353,160.7296,5.5300,-15.3032,-30.9621,0.8279,-0.5110,-0.2313,0.9980,159,49.010647,0.6926,0.9844
BiancaGolden_CircleTurns,-130.6475,98.4353,160.7020,5.6277,-15.3044,-30.8150,0.8291,-0.5087,-0.2321,0.9980,159,49.024151,0.6935,0.9844
BiancaGolden_CircleTurns,-130.5489,98.4391,160.6813,5.6786,-15.3315,-30.7225,0.8278,-0.5069,-0.2404,0.9980,160,49.038609,0.6945,0.9844
BiancaGolden_CircleTurns,-130.4543,98.4325,160.6372,5.7333,-15.3752,-30.6204,0.8256,-0.5102,-0.2411,0.9980,160,49.051662,0.6955,0.9843
BiancaGolden_CircleTurns,-130.3314,98.4171,160.5817,5.8130,-15.3611,-30.5477,0.8265,-0.5089,-0.2408,0.9980,160,49.066109,0.6967,0.9842
BiancaGolden_CircleTurns,-130.2083,98.3964,160.5211,5.8849,-15.3489,-30.4578,0.8247,-0.5101,-0.2441,0.9980,161,49.080242,0.6979,0.9840
BiancaGolden_CircleTurns,-130.0856,98.3880,160.4763,5.9580,-15.3150,-30.3786,0.8257,-0.5087,-0.2439,0.9980,161,49.093018,0.6991,0.9839
BiancaGolden_CircleTurns,-129.9488,98.3776,160.4480,6.0032,-15.3047,-30.2803,0.8248,-0.5070,-0.2504,0.9980,162,49.108051,0.7005,0.9838
BiancaGolden_CircleTurns,-129.8239,98.3637,160.4188,6.0267,-15.2960,-30.1593,0.8247,-0.5072,-0.2502,0.9980,162,49.121933,0.7018,0.9836
BiancaGolden_CircleTurns,-129.7066,98.3126,160.3751,6.1683,-15.2969,-30.0558,0.8236,-0.5139,-0.2399,0.9980,162,49.137234,0.7029,0.9831
BiancaGolden_CircleTurns,-129.5984,98.2624,160.3331,6.3566,-15.3407,-29.9796,0.8219,-0.5170,-0.2391,0.9980,163,49.149433,0.7040,0.9826
BiancaGolden_CircleTurns,-129.4641,98.2240,160.2874,6.4847,-15.3866,-29.9874,0.8209,-0.5174,-0.2415,0.9980,163,49.162586,0.7054,0.9822
BiancaGolden_CircleTurns,-129.3762,98.1876,160.2509,6.5500,-15.5315,-30.0421,0.8199,-0.5176,-0.2446,0.9980,164,49.177696,0.7062,0.9819
BiancaGolden_CircleTurns,-129.3040,98.1650,160.2092,6.6095,-15.7179,-30.0789,0.8145,-0.5233,-0.2505,0.9980,164,49.191250,0.7070,0.9816
BiancaGolden_CircleTurns,-129.2714,98.1496,160.1802,6.7269,-16.1166,-30.1772,0.8127,-0.5205,-0.2620,0.9980,165,49.205688,0.7073,0.9815
BiancaGolden_CircleTurns,-129.2226,98.1241,160.1834,6.8538,-16.5638,-30.2658,0.8092,-0.5238,-0.2662,0.9980,165,49.219227,0.7078,0.9812
BiancaGolden_CircleTurns,-129.1469,98.0946,160.2294,7.0135,-16.8577,-30.3451,0.8095,-0.5222,-0.2685,0.9980,165,49.233910,0.7085,0.9809
BiancaGolden_CircleTurns,-129.0637,98.0538,160.2689,7.1675,-16.9833,-30.3775,0.8106,-0.5222,-0.2650,0.9980,166,49.247040,0.7094,0.9805
BiancaGolden_CircleTurns,-128.9703,98.0112,160.3260,7.3339,-16.7935,-30.3511,0.8124,-0.5216,-0.2605,0.9980,166,49.260151,0.7103,0.9801
BiancaGolden_CircleTurns,-128.8898,97.9778,160.3760,7.4773,-16.5720,-30.2902,0.8167,-0.5191,-0.2522,0.9980,167,49.275585,0.7111,0.9798
BiancaGolden_CircleTurns,-128.8197,97.9565,160.4344,7.5634,-16.2708,-30.1839,0.8203,-0.5181,-0.2422,0.9980,167,49.288906,0.7118,0.9796
BiancaGolden_CircleTurns,-128.7533,97.9227,160.4697,7.6669,-15.9848,-30.0750,0.8216,-0.5156,-0.2430,0.9980,167,49.303104,0.7125,0.9792
BiancaGolden_CircleTurns,-128.6966,97.8913,160.5051,7.7204,-15.8354,-29.9896,0.8219,-0.5174,-0.2382,0.9980,168,49.316677,0.7130,0.9789
BiancaGolden_CircleTurns,-128.6371,97.8741,160.5275,7.7079,-15.7537,-29.9841,0.8222,-0.5174,-0.2373,0.9980,168,49.330257,0.7136,0.9787
BiancaGolden_CircleTurns,-128.5822,97.8433,160.5297,7.7135,-15.7015,-29.9757,0.8205,-0.5192,-0.2393,0.9980,169,49.344913,0.7142,0.9784
BiancaGolden_CircleTurns,-128.5029,97.7996,160.5334,7.6861,-15.6727,-29.9694,0.8206,-0.5209,-0.2352,0.9980,169,49.358372,0.7150,0.9780
BiancaGolden_CircleTurns,-128.4185,97.7337,160.5295,7.7362,-15.6057,-29.9962,0.8204,-0.5220,-0.2332,0.9980,170,49.372700,0.7158,0.9773
BiancaGolden_CircleTurns,-128.3359,97.6888,160.4976,7.7774,-15.4898,-30.0627,0.8196,-0.5237,-0.2322,0.9980,170,49.386650,0.7166,0.9769
BiancaGolden_CircleTurns,-128.2637,97.6304,160.4450,7.8464,-15.4395,-30.1362,0.8166,-0.5271,-0.2350,0.9980,170,49.400654,0.7174,0.9763
BiancaGolden_CircleTurns,-128.1919,97.5736,160.3792,7.9258,-15.4535,-30.2918,0.8138,-0.5298,-0.2389,0.9980,171,49.414062,0.7181,0.9757
BiancaGolden_CircleTurns,-128.0923,97.5282,160.3154,7.9280,-15.4285,-30.4742,0.8120,-0.5325,-0.2392,0.9980,171,49.427471,0.7191,0.9753
BiancaGolden_CircleTurns,-127.9885,97.4700,160.2635,7.9698,-15.4472,-30.6686,0.8147,-0.5277,-0.2404,0.9980,172,49.442333,0.7201,0.9747
BiancaGolden_CircleTurns,-127.8736,97.4112,160.1831,8.1224,-15.4460,-30.8584,0.8126,-0.5307,-0.2408,0.9980,172,49.456211,0.7213,0.9741
BiancaGolden_CircleTurns,-127.7780,97.3449,160.1058,8.3232,-15.4807,-31.0752,0.8087,-0.5352,-0.2440,0.9980,172,49.470291,0.7222,0.9734
BiancaGolden_CircleTurns,-127.6733,97.2889,160.0152,8.6235,-15.5372,-31.3668,0.8051,-0.5374,-0.2511,0.9980,173,49.483788,0.7233,0.9729
BiancaGolden_CircleTurns,-127.5645,97.2345,159.9253,8.9690,-15.6032,-31.6392,0.8028,-0.5403,-0.2521,0.9980,173,49.500435,0.7244,0.9723
BiancaGolden_CircleTurns,-127.4501,97.2032,159.8239,9.2950,-15.6714,-31.8615,0.8006,-0.5435,-0.2522,0.9980,174,49.512829,0.7255,0.9720
BiancaGolden_CircleTurns,-127.3127,97.1788,159.7132,9.5701,-15.6897,-32.1004,0.8012,-0.5410,-0.2559,0.9980,174,49.525669,0.7269,0.9718
BiancaGolden_CircleTurns,-127.1795,97.1524,159.6054,9.8184,-15.7635,-32.3285,0.7998,-0.5424,-0.2570,0.9980,175,49.540314,0.7282,0.9715
BiancaGolden_CircleTurns,-127.0361,97.1438,159.4892,10.0757,-15.8132,-32.5608,0.7986,-0.5408,-0.2643,0.9980,175,49.553455,0.7296,0.9714
BiancaGolden_CircleTurns,-126.8930,97.1693,159.3801,10.3402,-15.9739,-32.7508,0.7931,-0.5430,-0.2760,0.9980,175,49.567600,0.7311,0.9717
BiancaGolden_CircleTurns,-126.7392,97.2127,159.2270,10.5064,-16.0421,-32.9205,0.7916,-0.5447,-0.2768,0.9980,176,49.581097,0.7326,0.9721
BiancaGolden_CircleTurns,-126.5512,97.2781,159.0560,10.6046,-16.1010,-33.0661,0.7941,-0.5401,-0.2787,0.9980,176,49.594284,0.7345,0.9728
BiancaGolden_CircleTurns,-126.3563,97.3601,158.8565,10.5914,-16.1355,-33.1263,0.7972,-0.5399,-0.2701,0.9980,177,49.609673,0.7364,0.9736
BiancaGolden_CircleTurns,-126.1304,97.4535,158.6600,10.5111,-16.1388,-33.1812,0.7990,-0.5379,-0.2690,0.9980,177,49.622963,0.7387,0.9745
BiancaGolden_CircleTurns,-125.8921,97.5440,158.4604,10.5026,-16.0349,-33.2317,0.7980,-0.5390,-0.2694,0.9980,177,49.637268,0.7411,0.9754
BiancaGolden_CircleTurns,-125.6665,97.6389,158.2609,10.6367,-16.0622,-33.3194,0.7964,-0.5378,-0.2766,0.9980,178,49.650723,0.7433,0.9764
BiancaGolden_CircleTurns,-125.4537,97.7418,158.0419,10.9820,-16.2046,-33.4347,0.7947,-0.5386,-0.2800,0.9980,178,49.664062,0.7455,0.9774
BiancaGolden_CircleTurns,-125.2241,97.8787,157.8241,11.4424,-16.3943,-33.5517,0.7929,-0.5405,-0.2814,0.9980,179,49.678909,0.7478,0.9788
BiancaGolden_CircleTurns,-124.9850,98.0166,157.6059,11.8924,-16.5159,-33.5807,0.7928,-0.5398,-0.2832,0.9980,179,49.692295,0.7501,0.9802
BiancaGolden_CircleTurns,-124.7320,98.1170,157.3791,12.4153,-16.6389,-33.5271,0.7904,-0.5459,-0.2781,0.9980,180,49.706722,0.7527,0.9812
BiancaGolden_CircleTurns,-124.4721,98.2288,157.1488,13.0177,-16.6434,-33.5762,0.7903,-0.5476,-0.2749,0.9980,180,49.720181,0.7553,0.9823
BiancaGolden_CircleTurns,-124.2291,98.3411,156.9497,13.5655,-16.7224,-33.6552,0.7892,-0.5484,-0.2764,0.9980,180,49.734375,0.7577,0.9834
BiancaGolden_CircleTurns,-123.9728,98.4785,156.7275,14.2014,-16.8073,-33.7511,0.7854,-0.5515,-0.2811,0.9980,181,49.747993,0.7603,0.9848
BiancaGolden_CircleTurns,-123.7689,98.6405,156.5511,14.7865,-17.1790,-33.7693,0.7829,-0.5547,-0.2816,0.9980,181,49.760815,0.7623,0.9864
BiancaGolden_CircleTurns,-123.5328,98.7993,156.3664,15.3046,-17.4912,-33.7347,0.7834,-0.5536,-0.2824,0.9980,182,49.776009,0.7647,0.9880
BiancaGolden_CircleTurns,-123.2797,98.9371,156.1829,15.7354,-17.5949,-33.6705,0.7836,-0.5523,-0.2845,0.9980,182,49.789921,0.7672,0.9894
BiancaGolden_CircleTurns,-123.0662,99.0626,156.0036,16.2113,-17.7297,-33.6105,0.7850,-0.5510,-0.2830,0.9980,182,49.803852,0.7693,0.9906
BiancaGolden_CircleTurns,-122.8822,99.1820,155.8333,16.7327,-17.9088,-33.5414,0.7826,-0.5521,-0.2877,0.9980,183,49.817310,0.7712,0.9918
BiancaGolden_CircleTurns,-122.7386,99.2895,155.6950,17.2012,-18.3116,-33.5057,0.7822,-0.5540,-0.2850,0.9980,183,49.830448,0.7726,0.9929
BiancaGolden_CircleTurns,-122.6036,99.4031,155.6018,17.6524,-18.6495,-33.4795,0.7824,-0.5528,-0.2866,0.9980,184,49.845436,0.7740,0.9940
BiancaGolden_CircleTurns,-122.4400,99.4709,155.5293,18.0022,-18.7571,-33.4245,0.7830,-0.5518,-0.2871,0.9980,184,49.858990,0.7756,0.9947
BiancaGolden_CircleTurns,-122.2645,99.5404,155.4749,18.2169,-18.7910,-33.3632,0.7831,-0.5553,-0.2800,0.9980,185,49.873318,0.7774,0.9954
BiancaGolden_CircleTurns,-122.1058,99.6059,155.4377,18.2820,-18.6523,-33.2772,0.7844,-0.5537,-0.2797,0.9980,185,49.886753,0.7789,0.9961
BiancaGolden_CircleTurns,-121.9789,99.6743,155.3804,18.4408,-18.6392,-33.1650,0.7831,-0.5571,-0.2764,0.9980,185,49.901173,0.7802,0.9967
BiancaGolden_CircleTurns,-121.8678,99.7344,155.3379,18.5969,-18.6392,-33.0376,0.7848,-0.5543,-0.2773,0.9980,186,49.914444,0.7813,0.9973
BiancaGolden_CircleTurns,-121.7569,99.7508,155.3943,18.8422,-18.7055,-32.8511,0.7880,-0.5523,-0.2723,0.9980,186,49.927429,0.7824,0.9975
BiancaGolden_CircleTurns,-121.6555,99.7536,155.4436,19.0817,-18.6410,-32.6629,0.7847,-0.5577,-0.2707,0.9980,187,49.942726,0.7834,0.9975
BiancaGolden_CircleTurns,-121.5875,99.7479,155.5154,19.2019,-18.6694,-32.5770,0.7852,-0.5571,-0.2704,0.9980,187,49.956470,0.7841,0.9975
BiancaGolden_CircleTurns,-121.5040,99.7082,155.5898,19.2289,-18.6552,-32.5303,0.7839,-0.5588,-0.2705,0.9980,187,49.970707,0.7850,0.9971
BiancaGolden_CircleTurns,-121.4304,99.6563,155.6593,19.2323,-18.4846,-32.5126,0.7807,-0.5659,-0.2649,0.9980,188,49.984158,0.7857,0.9966
BiancaGolden_CircleTurns,-121.3542,99.5933,155.7344,19.1077,-18.2994,-32.5166,0.7811,-0.5667,-0.2621,0.9980,188,50.001476,0.7865,0.9959
BiancaGolden_CircleTurns,-121.2722,99.5387,155.8118,18.9741,-18.1286,-32.5335,0.7791,-0.5706,-0.2594,0.9980,189,50.012550,0.7873,0.9954
BiancaGolden_CircleTurns,-121.2028,99.4694,155.8977,18.8001,-18.0619,-32.5701,0.7788,-0.5712,-0.2593,0.9980,189,50.025829,0.7880,0.9947
BiancaGolden_CircleTurns,-121.1357,99.4071,155.9499,18.6352,-18.0436,-32.6007,0.7775,-0.5713,-0.2627,0.9980,190,50.040222,0.7886,0.9941
BiancaGolden_CircleTurns,-121.0756,99.3438,156.0060,18.4420,-18.1025,-32.6095,0.7740,-0.5719,-0.2719,0.9980,190,50.053307,0.7892,0.9934
BiancaGolden_CircleTurns,-120.9944,99.2637,156.0432,18.1675,-18.1789,-32.5808,0.7763,-0.5680,-0.2734,0.9980,190,50.067680,0.7901,0.9926
BiancaGolden_CircleTurns,-120.9374,99.1602,156.0942,17.9622,-18.2354,-32.5928,0.7739,-0.5694,-0.2773,0.9980,191,50.081608,0.7906,0.9916
BiancaGolden_CircleTurns,-120.8775,99.0667,156.1345,17.7509,-18.3872,-32.7114,0.7718,-0.5712,-0.2794,0.9980,191,50.094349,0.7912,0.9907
BiancaGolden_CircleTurns,-120.8016,98.9820,156.1593,17.5184,-18.4982,-32.8585,0.7660,-0.5739,-0.2896,0.9980,192,50.109734,0.7920,0.9898
BiancaGolden_CircleTurns,-120.7285,98.8884,156.1734,17.2573,-18.6562,-32.9639,0.7638,-0.5766,-0.2900,0.9980,192,50.123024,0.7927,0.9889
BiancaGolden_CircleTurns,-120.6193,98.8073,156.1816,16.9697,-18.7157,-33.0139,0.7651,-0.5766,-0.2867,0.9980,192,50.137428,0.7938,0.9881
BiancaGolden_CircleTurns,-120.5160,98.7074,156.1991,16.6879,-18.7369,-33.0603,0.7641,-0.5773,-0.2878,0.9980,193,50.150856,0.7948,0.9871
BiancaGolden_CircleTurns,-120.4214,98.6215,156.1925,16.4779,-18.7898,-33.1175,0.7626,-0.5782,-0.2900,0.9980,193,50.164238,0.7958,0.9862
BiancaGolden_CircleTurns,-120.3201,98.5337,156.1842,16.3360,-18.8739,-33.1976,0.7608,-0.5792,-0.2928,0.9980,194,50.179272,0.7968,0.9853
BiancaGolden_CircleTurns,-120.2071,98.4465,156.1568,16.2094,-18.9910,-33.2847,0.7600,-0.5802,-0.2929,0.9980,194,50.192963,0.7979,0.9845
BiancaGolden_CircleTurns,-120.0864,98.3510,156.1270,16.1123,-19.0526,-33.3730,0.7628,-0.5775,-0.2908,0.9980,195,50.207600,0.7991,0.9835
BiancaGolden_CircleTurns,-120.0053,98.2172,156.0957,16.3325,-19.1062,-33.5528,0.7613,-0.5784,-0.2931,0.9980,195,50.220562,0.7999,0.9822
BiancaGolden_CircleTurns,-119.9066,98.1404,156.0294,16.5299,-19.1980,-33.8308,0.7580,-0.5812,-0.2962,0.9980,195,50.234909,0.8009,0.9814
BiancaGolden_CircleTurns,-119.8053,98.1136,155.9778,16.6570,-19.3931,-34.0869,0.7532,-0.5823,-0.3060,0.9980,196,50.248428,0.8019,0.9811
BiancaGolden_CircleTurns,-119.6670,98.1077,155.8996,16.6430,-19.6818,-34.2060,0.7520,-0.5823,-0.3088,0.9980,196,50.261669,0.8033,0.9811
BiancaGolden_CircleTurns,-119.5227,98.0772,155.8229,16.6140,-19.8466,-34.2461,0.7576,-0.5745,-0.3098,0.9980,197,50.276787,0.8048,0.9808
BiancaGolden_CircleTurns,-119.4194,98.0155,155.7567,16.7733,-20.0540,-34.2842,0.7561,-0.5753,-0.3118,0.9980,197,50.290436,0.8058,0.9802
BiancaGolden_CircleTurns,-119.3104,97.9487,155.6843,17.0775,-20.1919,-34.3865,0.7605,-0.5710,-0.3091,0.9980,197,50.304653,0.8069,0.9795
BiancaGolden_CircleTurns,-119.1900,97.8897,155.6009,17.5475,-20.2744,-34.5062,0.7595,-0.5720,-0.3098,0.9980,198,50.318165,0.8081,0.9789
BiancaGolden_CircleTurns,-119.0583,97.8487,155.5186,17.8173,-20.3251,-34.6006,0.7587,-0.5731,-0.3098,0.9980,198,50.331379,0.8094,0.9785
BiancaGolden_CircleTurns,-118.9309,97.8157,155.4451,18.0274,-20.3330,-34.6872,0.7595,-0.5714,-0.3108,0.9980,199,50.346615,0.8107,0.9782
BiancaGolden_CircleTurns,-118.8244,97.7706,155.3268,18.2345,-20.3717,-34.7180,0.7603,-0.5715,-0.3088,0.9980,199,50.360802,0.8118,0.9777
BiancaGolden_CircleTurns,-118.7356,97.7174,155.1952,18.4909,-20.4337,-34.7439,0.7596,-0.5715,-0.3105,0.9980,200,50.374229,0.8126,0.9772
BiancaGolden_CircleTurns,-118.6430,97.6692,155.0914,18.7038,-20.5431,-34.7785,0.7622,-0.5714,-0.3042,0.9980,200,50.387543,0.8136,0.9767
BiancaGolden_CircleTurns,-118.5240,97.6376,155.0001,18.8593,-20.5923,-34.7940,0.7621,-0.5715,-0.3043,0.9980,200,50.401802,0.8148,0.9764
BiancaGolden_CircleTurns,-118.3989,97.6116,154.9098,18.8769,-20.6123,-34.7982,0.7633,-0.5699,-0.3043,0.9980,201,50.415398,0.8160,0.9761
BiancaGolden_CircleTurns,-118.2874,97.5535,154.8235,18.8307,-20.5963,-34.6764,0.7657,-0.5695,-0.2990,0.9980,201,50.428455,0.8171,0.9755
BiancaGolden_CircleTurns,-118.1626,97.4793,154.7505,18.8367,-20.5660,-34.5788,0.7666,-0.5683,-0.2990,0.9980,202,50.443661,0.8184,0.9748
BiancaGolden_CircleTurns,-118.0573,97.4255,154.6557,18.8251,-20.5683,-34.4881,0.7709,-0.5645,-0.2950,0.9980,202,50.457245,0.8194,0.9743
BiancaGolden_CircleTurns,-117.9440,97.3686,154.5438,18.7417,-20.6181,-34.3867,0.7713,-0.5625,-0.2976,0.9980,202,50.471500,0.8206,0.9737
BiancaGolden_CircleTurns,-117.8600,97.3047,154.4266,18.5949,-20.7718,-34.2594,0.7712,-0.5613,-0.3002,0.9980,203,50.484867,0.8214,0.9730
BiancaGolden_CircleTurns,-117.7554,97.2292,154.3329,18.5433,-20.9232,-34.1995,0.7709,-0.5608,-0.3020,0.9980,203,50.501446,0.8224,0.9723
BiancaGolden_CircleTurns,-117.6283,97.1205,154.2727,18.4820,-21.0321,-34.1784,0.7704,-0.5642,-0.2967,0.9980,204,50.514740,0.8237,0.9712
BiancaGolden_CircleTurns,-117.5039,97.0204,154.2107,18.3899,-21.0325,-34.2908,0.7666,-0.5688,-0.2980,0.9980,204,50.527985,0.8250,0.9702
BiancaGolden_CircleTurns,-117.4156,96.9520,154.1544,18.3521,-21.1052,-34.4893,0.7632,-0.5711,-0.3023,0.9980,205,50.542274,0.8258,0.9695
BiancaGolden_CircleTurns,-117.3340,96.9297,154.0594,18.3442,-21.3595,-34.7236,0.7568,-0.5747,-0.3113,0.9980,205,50.554153,0.8267,0.9693
BiancaGolden_CircleTurns,-117.3015,96.8974,153.9669,18.3064,-21.9481,-34.8262,0.7538,-0.5738,-0.3201,0.9980,205,50.568382,0.8270,0.9690
BiancaGolden_CircleTurns,-117.2341,96.8281,153.9389,18.3593,-22.4696,-34.8837,0.7549,-0.5692,-0.3257,0.9980,206,50.581783,0.8277,0.9683
BiancaGolden_CircleTurns,-117.1300,96.7415,153.9266,18.4443,-22.7269,-34.9315,0.7551,-0.5686,-0.3264,0.9980,206,50.594742,0.8287,0.9674
BiancaGolden_CircleTurns,-117.0457,96.6387,153.9240,18.5227,-22.8850,-35.0245,0.7540,-0.5696,-0.3272,0.9980,207,50.610474,0.8295,0.9664
BiancaGolden_CircleTurns,-116.9759,96.5402,153.9379,18.5792,-22.9389,-35.1263,0.7527,-0.5716,-0.3268,0.9980,207,50.623783,0.8302,0.9654
BiancaGolden_CircleTurns,-116.9117,96.4439,153.9474,18.6140,-22.9161,-35.2722,0.7486,-0.5785,-0.3238,0.9980,207,50.638172,0.8309,0.9644
BiancaGolden_CircleTurns,-116.8632,96.3450,153.9518,18.5710,-22.8517,-35.3968,0.7484,-0.5804,-0.3210,0.9980,208,50.651409,0.8314,0.9635
BiancaGolden_CircleTurns,-116.8139,96.2590,153.9635,18.5254,-22.8062,-35.5251,0.7478,-0.5820,-0.3195,0.9980,208,50.664825,0.8319,0.9626
BiancaGolden_CircleTurns,-116.7758,96.1534,153.9981,18.4808,-22.7135,-35.6204,0.7486,-0.5835,-0.3150,0.9980,209,50.680038,0.8322,0.9615
BiancaGolden_CircleTurns,-116.7157,96.0595,154.0250,18.4404,-22.5509,-35.7020,0.7505,-0.5838,-0.3097,0.9980,209,50.693680,0.8328,0.9606
BiancaGolden_CircleTurns,-116.6553,95.9577,154.0272,18.3078,-22.3287,-35.7452,0.7530,-0.5835,-0.3040,0.9980,210,50.708344,0.8334,0.9596
BiancaGolden_CircleTurns,-116.5841,95.8485,153.9977,18.1343,-22.0959,-35.7803,0.7540,-0.5815,-0.3055,0.9980,210,50.721916,0.8342,0.9585
BiancaGolden_CircleTurns,-116.5376,95.7526,153.9761,17.9966,-21.9628,-35.8313,0.7536,-0.5819,-0.3058,0.9980,210,50.735882,0.8346,0.9575
BiancaGolden_CircleTurns,-116.4993,95.6373,153.9304,17.9458,-21.9711,-35.8555,0.7530,-0.5776,-0.3153,0.9980,211,50.749664,0.8350,0.9564
BiancaGolden_CircleTurns,-116.4532,95.5215,153.8614,17.9419,-22.0724,-35.9711,0.7511,-0.5788,-0.3175,0.9980,211,50.762650,0.8355,0.9552
BiancaGolden_CircleTurns,-116.4277,95.4124,153.7547,17.9029,-22.2323,-36.0992,0.6979,-0.5825,-0.4166,0.9980,212,50.777794,0.8357,0.9541
BiancaGolden_CircleTurns,-116.3632,95.3071,153.6529,17.8557,-22.3927,-36.2197,0.6782,-0.5722,-0.4610,0.9980,212,50.791386,0.8364,0.9531
BiancaGolden_CircleTurns,-116.3062,95.2040,153.5641,17.7521,-22.5681,-36.3343,0.6607,-0.5664,-0.4925,0.9980,213,50.805626,0.8369,0.9520
BiancaGolden_CircleTurns,-116.2381,95.1119,153.4808,17.6139,-22.8455,-36.5258,0.6567,-0.5673,-0.4969,0.9980,213,50.819393,0.8376,0.9511
BiancaGolden_CircleTurns,-116.1804,95.0082,153.3940,17.5700,-23.1330,-36.7352,0.6503,-0.5659,-0.5068,0.9980,213,50.833740,0.8382,0.9501
BiancaGolden_CircleTurns,-116.1375,94.9003,153.2581,17.6361,-23.4998,-36.9838,0.6472,-0.5623,-0.5147,0.9980,214,50.848759,0.8386,0.9490
BiancaGolden_CircleTurns,-116.0826,94.7746,153.1315,17.7979,-23.9311,-37.2462,0.6437,-0.5624,-0.5190,0.9980,214,50.860191,0.8392,0.9477
BiancaGolden_CircleTurns,-116.0122,94.6431,153.0793,18.0544,-24.1906,-37.5008,0.6403,-0.5650,-0.5204,0.9980,215,50.875481,0.8399,0.9464
BiancaGolden_CircleTurns,-115.9034,94.5338,153.0788,18.2467,-24.2953,-37.7495,0.6457,-0.5655,-0.5131,0.9980,215,50.889133,0.8410,0.9453
BiancaGolden_CircleTurns,-115.7211,94.4791,153.0916,18.3019,-23.9835,-37.8023,0.6485,-0.5653,-0.5097,0.9980,215,50.903557,0.8428,0.9448
BiancaGolden_CircleTurns,-115.6241,94.4384,153.0114,18.1017,-23.7492,-37.7042,0.6581,-0.5622,-0.5009,0.9980,216,50.917217,0.8438,0.9444
BiancaGolden_CircleTurns,-115.6076,94.4080,153.0231,17.8439,-23.7152,-37.5384,0.6665,-0.5541,-0.4987,0.9980,216,50.930080,0.8439,0.9441
BiancaGolden_CircleTurns,-115.5664,94.3495,153.0461,17.8124,-23.6879,-37.4928,0.6675,-0.5548,-0.4966,0.9980,217,50.945778,0.8443,0.9435
BiancaGolden_CircleTurns,-115.4937,94.3084,153.0792,17.8245,-23.5055,-37.4766,0.6720,-0.5505,-0.4954,0.9980,217,50.958923,0.8451,0.9431
BiancaGolden_CircleTurns,-115.4234,94.2803,153.0820,17.7545,-23.2871,-37.4516,0.6756,-0.5487,-0.4924,0.9980,218,50.973137,0.8458,0.9428
BiancaGolden_CircleTurns,-115.3109,94.2735,153.1191,17.5992,-23.0343,-37.4025,0.6781,-0.5492,-0.4885,0.9980,218,50.986523,0.8469,0.9427
BiancaGolden_CircleTurns,-115.2217,94.2908,153.0935,17.2996,-22.7674,-37.3661,0.6809,-0.5464,-0.4876,0.9980,218,51.004566,0.8478,0.9429
BiancaGolden_CircleTurns,-115.1468,94.3220,153.0753,17.0340,-22.7147,-37.3611,0.6800,-0.5459,-0.4895,0.9980,219,51.014942,0.8485,0.9432
BiancaGolden_CircleTurns,-115.0435,94.3460,153.0845,16.8971,-22.8375,-37.3857,0.6824,-0.5341,-0.4992,0.9980,219,51.027664,0.8496,0.9435
BiancaGolden_CircleTurns,-114.9862,94.3987,153.0974,17.0659,-23.0501,-37.3079,0.6817,-0.5295,-0.5048,0.9980,220,51.042782,0.8501,0.9440
BiancaGolden_CircleTurns,-114.8860,94.4569,153.0794,17.2944,-23.2734,-37.0809,0.6824,-0.5258,-0.5077,0.9980,220,51.056412,0.8511,0.9446
BiancaGolden_CircleTurns,-114.7804,94.5287,153.0824,17.3607,-23.3770,-36.8147,0.6818,-0.5264,-0.5080,0.9980,220,51.071342,0.8522,0.9453
BiancaGolden_CircleTurns,-114.6494,94.5961,153.1057,17.3380,-23.3903,-36.5595,0.6838,-0.5242,-0.5075,0.9980,221,51.084095,0.8535,0.9460
BiancaGolden_CircleTurns,-114.5183,94.6522,153.1491,17.2990,-23.3702,-36.3621,0.6833,-0.5221,-0.5104,0.9980,221,51.097198,0.8548,0.9465
BiancaGolden_CircleTurns,-114.4009,94.7030,153.1656,17.4479,-23.2733,-36.1508,0.6861,-0.5187,-0.5101,0.9980,222,51.112442,0.8560,0.9470
BiancaGolden_CircleTurns,-114.3109,94.7538,153.1765,17.6621,-23.2223,-35.9577,0.6893,-0.5173,-0.5072,0.9980,222,51.126125,0.8569,0.9475
BiancaGolden_CircleTurns,-114.2233,94.8036,153.1673,17.9729,-23.1365,-35.7484,0.7020,-0.5211,-0.4854,0.9980,223,51.140091,0.8578,0.9480
BiancaGolden_CircleTurns,-114.1088,94.8510,153.1779,18.1691,-23.0070,-35.5322,0.7302,-0.5213,-0.4416,0.9980,223,51.153507,0.8589,0.9485
BiancaGolden_CircleTurns,-114.0197,94.8777,153.1336,18.4242,-22.7696,-35.3590,0.7309,-0.5210,-0.4408,0.9980,223,51.167759,0.8598,0.9488
BiancaGolden_CircleTurns,-113.9735,94.9142,153.0730,18.6891,-22.7008,-35.3182,0.7374,-0.5237,-0.4267,0.9980,224,51.181351,0.8603,0.9491
BiancaGolden_CircleTurns,-113.9883,94.9393,152.9820,19.0810,-22.9470,-35.5029,0.7324,-0.5274,-0.4307,0.9980,224,51.195000,0.8601,0.9494
BiancaGolden_CircleTurns,-113.9576,94.9575,152.8629,19.4146,-23.2523,-35.6912,0.7186,-0.5327,-0.4470,0.9980,225,51.209942,0.8604,0.9496
BiancaGolden_CircleTurns,-113.9255,94.9263,152.6828,19.8593,-24.0115,-36.2502,0.7072,-0.5420,-0.4540,0.9980,225,51.223431,0.8607,0.9493
BiancaGolden_CircleTurns,-113.8817,94.9080,152.5171,20.2107,-24.6069,-36.7146,0.7001,-0.5496,-0.4559,0.9980,225,51.237652,0.8612,0.9491
BiancaGolden_CircleTurns,-113.8007,94.8762,152.3284,20.5689,-25.0076,-37.1172,0.6968,-0.5515,-0.4586,0.9980,226,51.251270,0.8620,0.9488
BiancaGolden_CircleTurns,-113.7157,94.8328,152.1670,20.7884,-25.2210,-37.3423,0.7002,-0.5521,-0.4526,0.9980,226,51.264484,0.8628,0.9483
BiancaGolden_CircleTurns,-113.5666,94.7751,152.0405,20.8914,-25.1613,-37.3823,0.7009,-0.5531,-0.4503,0.9980,227,51.279411,0.8643,0.9478
BiancaGolden_CircleTurns,-113.3871,94.7440,151.9127,20.9561,-25.0135,-37.4020,0.7057,-0.5495,-0.4473,0.9980,227,51.293045,0.8661,0.9474
BiancaGolden_CircleTurns,-113.2465,94.7191,151.7833,21.0724,-24.9805,-37.3236,0.7133,-0.5449,-0.4409,0.9980,228,51.307449,0.8675,0.9472
BiancaGolden_CircleTurns,-113.1472,94.6974,151.6225,21.3293,-25.0567,-37.1712,0.7185,-0.5391,-0.4395,0.9980,228,51.321045,0.8685,0.9470
BiancaGolden_CircleTurns,-113.0972,94.6851,151.4293,21.5889,-25.2850,-36.9918,0.7179,-0.5372,-0.4427,0.9980,228,51.335262,0.8690,0.9469
BiancaGolden_CircleTurns,-113.0300,94.6753,151.2240,21.7814,-25.4913,-36.9094,0.7174,-0.5350,-0.4462,0.9980,229,51.348602,0.8697,0.9468
BiancaGolden_CircleTurns,-112.9676,94.6513,151.0205,21.8593,-25.7515,-36.8396,0.7218,-0.5330,-0.4416,0.9980,229,51.361935,0.8703,0.9465
BiancaGolden_CircleTurns,-112.8875,94.6087,150.8250,22.1031,-25.9467,-36.7935,0.7151,-0.5313,-0.4544,0.9980,230,51.376812,0.8711,0.9461
BiancaGolden_CircleTurns,-112.8160,94.5659,150.6105,22.4057,-26.2212,-36.8797,0.7158,-0.5317,-0.4526,0.9980,230,51.390621,0.8718,0.9457
BiancaGolden_CircleTurns,-112.7764,94.5039,150.3619,22.7344,-26.6042,-37.1023,0.7089,-0.5342,-0.4605,0.9980,230,51.404663,0.8722,0.9450
BiancaGolden_CircleTurns,-112.7454,94.4148,150.0911,23.1121,-27.1098,-37.4967,0.6983,-0.5444,-0.4648,0.9980,231,51.418339,0.8725,0.9441
BiancaGolden_CircleTurns,-112.7207,94.3189,149.7836,23.6364,-27.6292,-38.0286,0.6867,-0.5521,-0.4729,0.9980,231,51.431499,0.8728,0.9432
BiancaGolden_CircleTurns,-112.6993,94.2072,149.4320,24.3613,-28.2738,-38.7199,0.6710,-0.5647,-0.4805,0.9980,232,51.447189,0.8730,0.9421
BiancaGolden_CircleTurns,-112.6711,94.0999,149.0531,25.2090,-28.9999,-39.5492,0.6611,-0.5697,-0.4883,0.9980,232,51.460068,0.8733,0.9410
BiancaGolden_CircleTurns,-112.6837,93.9755,148.6643,26.0595,-29.7377,-40.3468,0.6515,-0.5719,-0.4985,0.9980,233,51.474060,0.8732,0.9398
BiancaGolden_CircleTurns,-112.6982,93.8486,148.2911,26.9247,-30.2583,-41.2303,0.6338,-0.5500,-0.5438,0.9980,233,51.487648,0.8730,0.9385
BiancaGolden_CircleTurns,-112.6463,93.7033,147.9717,27.8257,-30.5960,-41.8420,0.6300,-0.5539,-0.5443,0.9980,234,51.505150,0.8735,0.9370
BiancaGolden_CircleTurns,-112.4978,93.5993,147.6727,28.5787,-30.6198,-42.1770,0.6200,-0.5413,-0.5680,0.9980,234,51.516491,0.8750,0.9360
BiancaGolden_CircleTurns,-112.3442,93.5053,147.4337,28.9832,-30.6260,-42.2620,0.6166,-0.5178,-0.5930,0.9980,234,51.529392,0.8766,0.9351
BiancaGolden_CircleTurns,-112.2027,93.4261,147.1881,29.3514,-30.6668,-42.3230,0.6081,-0.5021,-0.6149,0.9980,235,51.543118,0.8780,0.9343
BiancaGolden_CircleTurns,-112.1775,93.3865,146.9703,29.3021,-30.7847,-42.1472,0.6079,-0.4956,-0.6204,0.9980,235,51.555977,0.8782,0.9339
BiancaGolden_CircleTurns,-112.1727,93.3313,146.7150,29.3743,-31.0062,-42.1940,0.6125,-0.4905,-0.6199,0.9980,235,51.571289,0.8783,0.9333
BiancaGolden_CircleTurns,-112.1826,93.2707,146.4822,29.4182,-31.2429,-42.2448,0.6102,-0.4895,-0.6229,0.9980,236,51.584965,0.8782,0.9327
BiancaGolden_CircleTurns,-112.1861,93.2240,146.2804,29.4196,-31.4613,-42.3078,0.6081,-0.4884,-0.6258,0.9980,236,51.597382,0.8781,0.9322
BiancaGolden_CircleTurns,-112.1588,93.1810,146.1046,29.4734,-31.6936,-42.3503,0.6082,-0.4879,-0.6261,0.9980,237,51.612442,0.8784,0.9318
BiancaGolden_CircleTurns,-112.0962,93.1577,145.9944,29.3261,-31.9036,-42.2801,0.6152,-0.4849,-0.6217,0.9980,237,51.626934,0.8790,0.9316
BiancaGolden_CircleTurns,-112.0345,93.1401,145.8965,29.1418,-32.0493,-42.1224,0.6190,-0.4875,-0.6157,0.9980,238,51.640331,0.8797,0.9314
BiancaGolden_CircleTurns,-111.9909,93.1256,145.8218,28.9643,-32.1681,-41.9363,0.6258,-0.4795,-0.6152,0.9980,238,51.653725,0.8801,0.9313
BiancaGolden_CircleTurns,-111.9831,93.1121,145.7521,28.8521,-32.3271,-41.7521,0.6263,-0.4767,-0.6168,0.9980,238,51.668022,0.8802,0.9311
BiancaGolden_CircleTurns,-111.9873,93.1000,145.7209,28.6381,-32.4634,-41.6085,0.6265,-0.4757,-0.6175,0.9980,239,51.681496,0.8801,0.9310
BiancaGolden_CircleTurns,-111.9909,93.0971,145.7350,28.4499,-32.5810,-41.4788,0.6295,-0.4740,-0.6156,0.9980,239,51.694447,0.8801,0.9310
BiancaGolden_CircleTurns,-111.9774,93.0945,145.7502,28.3231,-32.6782,-41.4019,0.6312,-0.4738,-0.6142,0.9980,240,51.709698,0.8802,0.9309
BiancaGolden_CircleTurns,-112.0002,93.1068,145.8349,28.1793,-32.6674,-41.2561,0.6323,-0.4811,-0.6072,0.9980,240,51.723309,0.8800,0.9311
BiancaGolden_CircleTurns,-112.0256,93.1232,145.9025,28.0067,-32.6786,-41.1154,0.6345,-0.4794,-0.6063,0.9980,240,51.737839,0.8797,0.9312
BiancaGolden_CircleTurns,-112.0043,93.0986,145.8104,27.8337,-32.6232,-40.9366,0.6337,-0.4803,-0.6064,0.9980,241,51.751671,0.8800,0.9310
BiancaGolden_CircleTurns,-112.0421,93.1129,145.9211,27.6365,-32.5145,-40.6974,0.6380,-0.4846,-0.5984,0.9980,241,51.764454,0.8796,0.9311
BiancaGolden_CircleTurns,-112.1180,93.1224,146.2168,27.4478,-32.2960,-40.4888,0.6383,-0.4882,-0.5952,0.9980,242,51.779587,0.8788,0.9312
BiancaGolden_CircleTurns,-112.1377,93.0896,146.3486,27.3201,-31.9854,-40.2693,0.6420,-0.4886,-0.5909,0.9980,242,51.793232,0.8786,0.9309
BiancaGolden_CircleTurns,-112.1492,93.0658,146.4840,27.2107,-31.6656,-40.1216,0.6414,-0.4910,-0.5896,0.9980,243,51.807987,0.8785,0.9307
BiancaGolden_CircleTurns,-112.1794,93.0414,146.6042,27.0666,-31.3227,-40.0533,0.6439,-0.4923,-0.5857,0.9980,243,51.820988,0.8782,0.9304
BiancaGolden_CircleTurns,-112.2226,93.0258,146.7266,26.9498,-31.0539,-40.0266,0.6446,-0.4959,-0.5819,0.9980,243,51.835369,0.8778,0.9303
BiancaGolden_CircleTurns,-112.2711,93.0085,146.8479,26.8435,-30.8534,-40.0423,0.6454,-0.4976,-0.5795,0.9980,244,51.848797,0.8773,0.9301
BiancaGolden_CircleTurns,-112.3340,92.9710,146.9471,26.8055,-30.6893,-40.0795,0.6395,-0.4987,-0.5851,0.9980,244,51.861889,0.8767,0.9297
BiancaGolden_CircleTurns,-112.3869,92.9393,147.0575,26.8001,-30.5410,-40.0766,0.6411,-0.4990,-0.5830,0.9980,245,51.876968,0.8761,0.9294
BiancaGolden_CircleTurns,-112.4382,92.8972,147.1729,26.7959,-30.3995,-40.0218,0.6388,-0.4978,-0.5866,0.9980,245,51.890568,0.8756,0.9290
BiancaGolden_CircleTurns,-112.4680,92.8424,147.2778,26.7838,-30.1993,-40.0067,0.6406,-0.4984,-0.5841,0.9980,245,51.904869,0.8753,0.9284
BiancaGolden_CircleTurns,-112.5148,92.7954,147.3977,26.6675,-30.0266,-39.9734,0.6374,-0.4992,-0.5869,0.9980,246,51.918476,0.8749,0.9280
BiancaGolden_CircleTurns,-112.5785,92.7426,147.5056,26.5290,-29.8542,-39.9535,0.6383,-0.4990,-0.5861,0.9980,246,51.931637,0.8742,0.9274
BiancaGolden_CircleTurns,-112.6673,92.6847,147.6265,26.4222,-29.7517,-39.9100,0.6353,-0.4991,-0.5894,0.9980,247,51.946655,0.8733,0.9268
BiancaGolden_CircleTurns,-112.7439,92.6301,147.7514,26.2349,-29.6608,-39.8780,0.6329,-0.4988,-0.5922,0.9980,247,51.960400,0.8726,0.9263
BiancaGolden_CircleTurns,-112.7945,92.5641,147.8892,26.0151,-29.5227,-39.7982,0.6342,-0.4975,-0.5918,0.9980,248,51.974632,0.8721,0.9256
BiancaGolden_CircleTurns,-112.8667,92.4947,148.0397,25.7537,-29.4072,-39.6651,0.6313,-0.4962,-0.5960,0.9980,248,51.988159,0.8713,0.9249
BiancaGolden_CircleTurns,-112.9455,92.4258,148.1744,25.4231,-29.2833,-39.5544,0.6337,-0.4957,-0.5939,0.9980,249,52.005566,0.8705,0.9243
BiancaGolden_CircleTurns,-113.0559,92.3465,148.3175,25.0776,-29.1425,-39.4729,0.6370,-0.4895,-0.5955,0.9980,249,52.017014,0.8694,0.9235
BiancaGolden_CircleTurns,-113.1558,92.2648,148.4614,24.7631,-28.9926,-39.3743,0.6379,-0.4892,-0.5948,0.9980,249,52.030464,0.8684,0.9226
BiancaGolden_CircleTurns,-113.2481,92.1823,148.6341,24.4501,-28.8023,-39.2828,0.6373,-0.4880,-0.5964,0.9980,250,52.043556,0.8675,0.9218
BiancaGolden_CircleTurns,-113.3388,92.0911,148.8228,24.1500,-28.6144,-39.1459,0.6385,-0.4872,-0.5958,0.9980,250,52.056717,0.8666,0.9209
BiancaGolden_CircleTurns,-113.4371,92.0127,149.0299,23.8316,-28.3662,-38.9733,0.6380,-0.4837,-0.5992,0.9980,250,52.071545,0.8656,0.9201
BiancaGolden_CircleTurns,-113.5430,91.9195,149.2211,23.4549,-28.1266,-38.8143,0.6419,-0.4835,-0.5952,0.9980,251,52.085304,0.8646,0.9192
BiancaGolden_CircleTurns,-113.6641,91.8325,149.4269,23.0010,-27.8513,-38.7113,0.6437,-0.4839,-0.5928,0.9980,251,52.098366,0.8634,0.9183
BiancaGolden_CircleTurns,-113.7942,91.7348,149.6573,22.6072,-27.5878,-38.6730,0.6453,-0.4862,-0.5892,0.9980,252,52.113373,0.8621,0.9173
BiancaGolden_CircleTurns,-113.9427,91.6165,149.9429,22.3548,-27.3945,-38.5954,0.6706,-0.5237,-0.5255,0.9980,252,52.126995,0.8606,0.9162
BiancaGolden_CircleTurns,-114.0910,91.5121,150.2955,22.1310,-27.2390,-38.5710,0.6992,-0.5431,-0.4650,0.9980,253,52.141323,0.8591,0.9151
BiancaGolden_CircleTurns,-114.2775,91.4190,150.6926,21.8528,-27.1050,-38.5234,0.7482,-0.5467,-0.3758,0.9980,253,52.154976,0.8572,0.9142
BiancaGolden_CircleTurns,-114.4892,91.3195,151.0926,21.4310,-26.9202,-38.4828,0.7502,-0.5475,-0.3708,0.9980,253,52.169254,0.8551,0.9132
BiancaGolden_CircleTurns,-114.7428,91.1893,151.5037,20.9255,-26.6284,-38.3985,0.7526,-0.5488,-0.3640,0.9980,254,52.182861,0.8526,0.9119
BiancaGolden_CircleTurns,-115.0020,91.0616,151.9360,20.3393,-26.2263,-38.3198,0.7000,-0.5549,-0.4495,0.9980,254,52.195869,0.8500,0.9106
BiancaGolden_CircleTurns,-115.2239,90.9196,152.4149,19.6413,-25.6261,-38.2635,0.7382,-0.4934,-0.4600,0.9980,255,52.211010,0.8478,0.9092
BiancaGolden_CircleTurns,-115.4504,90.7717,152.9167,18.8762,-24.9261,-38.0980,0.7613,-0.4640,-0.4529,0.9980,255,52.224613,0.8455,0.9077
BiancaGolden_CircleTurns,-115.6601,90.6305,153.4219,18.0036,-24.0436,-37.9595,0.7687,-0.4657,-0.4385,0.9980,256,52.239029,0.8434,0.9063
BiancaGolden_CircleTurns,-115.9038,90.4719,153.9123,17.2273,-23.1948,-37.7954,0.7915,-0.4671,-0.3941,0.9980,256,52.252125,0.8410,0.9047
BiancaGolden_CircleTurns,-116.1760,90.3287,154.3842,16.3890,-22.4229,-37.6580,0.7561,-0.6158,-0.2215,0.9980,256,52.266441,0.8382,0.9033
BiancaGolden_CircleTurns,-116.4713,90.1836,154.8231,15.6083,-21.7079,-37.5645,0.7770,-0.6136,-0.1407,0.9980,257,52.280495,0.8353,0.9018
BiancaGolden_CircleTurns,-116.7610,90.0324,155.2648,14.7835,-21.0565,-37.4747,0.7712,-0.6238,-0.1267,0.9980,257,52.293243,0.8324,0.9003
BiancaGolden_CircleTurns,-117.0204,89.8861,155.7120,13.9346,-20.4853,-37.4435,0.7716,-0.6258,-0.1135,0.9980,258,52.308434,0.8298,0.8989
BiancaGolden_CircleTurns,-117.2874,89.7397,156.1340,13.1057,-19.9850,-37.3848,0.7723,-0.6261,-0.1074,0.9980,258,52.321884,0.8271,0.8974
BiancaGolden_CircleTurns,-117.5560,89.6048,156.5385,12.2610,-19.5576,-37.3651,0.7708,-0.6292,-0.1004,0.9980,258,52.336300,0.8244,0.8960
BiancaGolden_CircleTurns,-117.8396,89.4686,156.9325,11.4889,-19.1327,-37.3821,0.7651,-0.6284,-0.1403,0.9980,259,52.349846,0.8216,0.8947
BiancaGolden_CircleTurns,-118.1427,89.3147,157.3331,10.7080,-18.8924,-37.4322,0.7621,-0.6269,-0.1618,0.9980,259,52.363754,0.8186,0.8931
BiancaGolden_CircleTurns,-118.4508,89.1539,157.7180,10.0745,-18.6895,-37.5010,0.7634,-0.6199,-0.1818,0.9980,260,52.378151,0.8155,0.8915
BiancaGolden_CircleTurns,-118.7483,88.9939,158.1176,9.4807,-18.5007,-37.5504,0.7649,-0.6158,-0.1890,0.9980,260,52.391624,0.8125,0.8899
BiancaGolden_CircleTurns,-119.0549,88.8688,158.4918,8.8625,-18.3311,-37.6193,0.7616,-0.6181,-0.1947,0.9980,261,52.405888,0.8095,0.8887
BiancaGolden_CircleTurns,-119.3834,88.7382,158.8348,8.1479,-18.1838,-37.6844,0.7605,-0.6203,-0.1921,0.9980,261,52.419376,0.8062,0.8874
BiancaGolden_CircleTurns,-119.7198,88.6222,159.1707,7.4506,-18.0129,-37.7398,0.7574,-0.6196,-0.2060,0.9980,261,52.434032,0.8028,0.8862
BiancaGolden_CircleTurns,-120.0673,88.4881,159.5345,6.9119,-17.8523,-37.7615,0.7600,-0.6133,-0.2151,0.9980,262,52.447090,0.7993,0.8849
BiancaGolden_CircleTurns,-120.4285,88.3518,159.9164,6.4540,-17.6769,-37.6896,0.7674,-0.6035,-0.2165,0.9980,262,52.460236,0.7957,0.8835
BiancaGolden_CircleTurns,-120.7753,88.2325,160.2907,6.0498,-17.4067,-37.6127,0.7744,-0.5954,-0.2142,0.9980,263,52.475555,0.7922,0.8823
BiancaGolden_CircleTurns,-121.1246,88.1137,160.6708,5.5185,-17.0412,-37.4662,0.7780,-0.5904,-0.2146,0.9980,263,52.489277,0.7888,0.8811
BiancaGolden_CircleTurns,-121.4514,87.9927,161.0453,4.9272,-16.5774,-37.3869,0.7798,-0.5910,-0.2063,0.9980,264,52.506809,0.7855,0.8799
BiancaGolden_CircleTurns,-121.8135,87.8705,161.4050,4.2752,-16.0776,-37.2911,0.7797,-0.5914,-0.2056,0.9980,264,52.517372,0.7819,0.8787
BiancaGolden_CircleTurns,-122.1880,87.7542,161.7353,3.6056,-15.6015,-37.2623,0.7823,-0.5851,-0.2136,0.9980,264,52.531170,0.7781,0.8775
BiancaGolden_CircleTurns,-122.5827,87.6510,162.0215,2.9073,-15.1768,-37.2765,0.7819,-0.5861,-0.2124,0.9980,265,52.544476,0.7742,0.8765
BiancaGolden_CircleTurns,-122.9467,87.5580,162.2998,2.2328,-14.8364,-37.3068,0.7849,-0.5822,-0.2121,0.9980,265,52.557335,0.7705,0.8756
BiancaGolden_CircleTurns,-123.2847,87.4718,162.5816,1.5414,-14.4968,-37.3395,0.7875,-0.5764,-0.2180,0.9980,266,52.572594,0.7672,0.8747
BiancaGolden_CircleTurns,-123.6224,87.3939,162.8444,0.9093,-14.1930,-37.3131,0.7884,-0.5771,-0.2131,0.9980,266,52.586136,0.7638,0.8739
BiancaGolden_CircleTurns,-123.9435,87.3349,163.0804,0.2974,-13.9141,-37.2928,0.7909,-0.5697,-0.2234,0.9980,266,52.600578,0.7606,0.8733
BiancaGolden_CircleTurns,-124.2670,87.2740,163.2903,-0.2428,-13.6169,-37.2440,0.7938,-0.5636,-0.2286,0.9980,267,52.613968,0.7573,0.8727
BiancaGolden_CircleTurns,-124.5685,87.2216,163.4710,-0.7798,-13.2893,-37.1444,0.7977,-0.5574,-0.2302,0.9980,267,52.627586,0.7543,0.8722
BiancaGolden_CircleTurns,-124.8405,87.1628,163.6582,-1.2844,-12.9814,-37.0561,0.8046,-0.5492,-0.2261,0.9980,268,52.642494,0.7516,0.8716
BiancaGolden_CircleTurns,-125.1129,87.1102,163.8394,-1.7829,-12.6661,-36.9920,0.8064,-0.5483,-0.2215,0.9980,268,52.655910,0.7489,0.8711
BiancaGolden_CircleTurns,-125.3818,87.0775,163.9842,-2.1856,-12.4191,-36.8918,0.8106,-0.5405,-0.2252,0.9980,268,52.670361,0.7462,0.8708
BiancaGolden_CircleTurns,-125.6655,87.0289,164.1044,-2.4250,-12.2136,-36.7519,0.8150,-0.5340,-0.2250,0.9980,269,52.683990,0.7433,0.8703
BiancaGolden_CircleTurns,-125.9293,86.9885,164.2278,-2.6978,-12.0348,-36.5952,0.8157,-0.5308,-0.2302,0.9980,269,52.696983,0.7407,0.8699
BiancaGolden_CircleTurns,-126.1761,86.9474,164.3352,-2.9930,-11.8575,-36.4480,0.8140,-0.5277,-0.2429,0.9980,270,52.712044,0.7382,0.8695
BiancaGolden_CircleTurns,-126.3931,86.9298,164.4437,-3.3785,-11.6799,-36.3412,0.8151,-0.5256,-0.2435,0.9980,270,52.725685,0.7361,0.8693
BiancaGolden_CircleTurns,-126.6207,86.9015,164.5248,-3.8032,-11.5007,-36.2384,0.8170,-0.5235,-0.2419,0.9980,271,52.741524,0.7338,0.8690
BiancaGolden_CircleTurns,-126.8748,86.8695,164.5957,-4.1568,-11.4088,-36.0768,0.8200,-0.5180,-0.2437,0.9980,271,52.755684,0.7313,0.8687
BiancaGolden_CircleTurns,-127.3754,86.8243,164.7090,-4.6795,-11.1693,-35.7720,0.8228,-0.5107,-0.2492,0.9980,271,52.769760,0.7262,0.8682
BiancaGolden_CircleTurns,-127.6146,86.8070,164.7522,-4.8905,-11.1166,-35.5862,0.8205,-0.5132,-0.2519,0.9980,272,52.782890,0.7239,0.8681
BiancaGolden_CircleTurns,-127.5765,86.8244,164.7375,-4.9199,-11.1045,-35.5824,0.8188,-0.5157,-0.2523,0.9980,272,52.795803,0.7242,0.8682
BiancaGolden_CircleTurns,-127.7977,86.8142,164.7917,-5.3137,-10.9408,-35.4495,0.8169,-0.5158,-0.2580,0.9980,273,52.810699,0.7220,0.8681
BiancaGolden_CircleTurns,-128.0177,86.8198,164.8239,-5.8000,-10.7665,-35.3370,0.8177,-0.5144,-0.2584,0.9980,273,52.823627,0.7198,0.8682
BiancaGolden_CircleTurns,-128.2468,86.8251,164.8329,-6.2457,-10.6353,-35.2589,0.8194,-0.5128,-0.2564,0.9980,273,52.838097,0.7175,0.8683
BiancaGolden_CircleTurns,-128.4688,86.8307,164.8329,-6.6541,-10.5367,-35.1635,0.8170,-0.5140,-0.2614,0.9980,274,52.850922,0.7153,0.8683
BiancaGolden_CircleTurns,-128.6800,86.8339,164.8271,-6.9825,-10.4080,-35.0879,0.8179,-0.5122,-0.2622,0.9980,274,52.863983,0.7132,0.8683
BiancaGolden_CircleTurns,-128.8771,86.8304,164.8217,-7.2783,-10.2950,-34.9906,0.8169,-0.5138,-0.2622,0.9980,275,52.878841,0.7112,0.8683
BiancaGolden_CircleTurns,-129.0498,86.8355,164.8202,-7.6039,-10.1339,-34.8964,0.8175,-0.5113,-0.2651,0.9980,275,52.892982,0.7095,0.8684
BiancaGolden_CircleTurns,-129.2436,86.8394,164.8072,-7.9039,-9.9985,-34.7517,0.8189,-0.5101,-0.2630,0.9980,276,52.907211,0.7076,0.8684
BiancaGolden_CircleTurns,-129.4293,86.8808,164.7632,-8.2051,-9.8864,-34.6712,0.8202,-0.5055,-0.2680,0.9980,276,52.919960,0.7057,0.8688
BiancaGolden_CircleTurns,-129.6376,86.9161,164.7036,-8.4185,-9.8357,-34.5607,0.8189,-0.5070,-0.2691,0.9980,276,52.934219,0.7036,0.8692
BiancaGolden_CircleTurns,-129.8273,86.9597,164.6568,-8.5929,-9.8709,-34.4679,0.8175,-0.5074,-0.2725,0.9980,277,52.948063,0.7017,0.8696
BiancaGolden_CircleTurns,-129.9920,87.0018,164.6388,-8.7496,-9.8661,-34.4162,0.8179,-0.5068,-0.2722,0.9980,277,52.960762,0.7001,0.8700
BiancaGolden_CircleTurns,-130.1730,87.0412,164.6182,-8.9843,-9.8507,-34.3210,0.8174,-0.5073,-0.2730,0.9980,278,52.975800,0.6983,0.8704
BiancaGolden_CircleTurns,-130.3382,87.1210,164.5727,-9.1535,-9.8722,-34.3112,0.8126,-0.5102,-0.2817,0.9980,278,52.989403,0.6966,0.8712
BiancaGolden_CircleTurns,-130.5303,87.1917,164.5053,-9.2910,-9.9071,-34.3146,0.8128,-0.5096,-0.2823,0.9980,279,53.006878,0.6947,0.8719
BiancaGolden_CircleTurns,-130.7215,87.2629,164.4398,-9.3629,-9.9378,-34.2704,0.8110,-0.5122,-0.2829,0.9980,279,53.017715,0.6928,0.8726
BiancaGolden_CircleTurns,-130.8995,87.3250,164.3682,-9.2908,-9.9506,-34.2674,0.8101,-0.5125,-0.2847,0.9980,279,53.031197,0.6910,0.8733
BiancaGolden_CircleTurns,-131.0832,87.3864,164.3224,-9.2406,-9.9969,-34.2650,0.8081,-0.5138,-0.2881,0.9980,280,53.044807,0.6892,0.8739
BiancaGolden_CircleTurns,-131.2535,87.4527,164.3228,-9.2283,-10.0770,-34.3251,0.8068,-0.5137,-0.2917,0.9980,280,53.057560,0.6875,0.8745
BiancaGolden_CircleTurns,-131.4351,87.5421,164.3112,-9.2532,-10.1816,-34.3842,0.8034,-0.5180,-0.2938,0.9980,281,53.072777,0.6856,0.8754
BiancaGolden_CircleTurns,-131.6136,87.6549,164.2919,-9.3056,-10.2705,-34.4984,0.8025,-0.5186,-0.2952,0.9980,281,53.087055,0.6839,0.8765
BiancaGolden_CircleTurns,-131.8043,87.7616,164.2581,-9.3196,-10.3541,-34.5600,0.8031,-0.5171,-0.2961,0.9980,281,53.100990,0.6820,0.8776
BiancaGolden_CircleTurns,-131.9985,87.8757,164.2683,-9.3115,-10.4371,-34.6274,0.8025,-0.5203,-0.2920,0.9980,282,53.114388,0.6800,0.8788
BiancaGolden_CircleTurns,-132.1974,87.9865,164.3312,-9.3107,-10.5509,-34.7477,0.8001,-0.5200,-0.2990,0.9980,282,53.127819,0.6780,0.8799
BiancaGolden_CircleTurns,-132.4169,88.1247,164.4059,-9.3279,-10.6941,-34.8619,0.8006,-0.5212,-0.2957,0.9980,283,53.142723,0.6758,0.8812
BiancaGolden_CircleTurns,-132.6536,88.2916,164.4669,-9.3291,-10.7921,-34.9753,0.7965,-0.5237,-0.3021,0.9980,283,53.156288,0.6735,0.8829
BiancaGolden_CircleTurns,-132.9131,88.4601,164.5180,-9.2712,-10.8611,-35.0641,0.7953,-0.5258,-0.3017,0.9980,283,53.170631,0.6709,0.8846
BiancaGolden_CircleTurns,-133.1530,88.6325,164.6057,-9.1037,-10.8307,-35.1892,0.7975,-0.5269,-0.2939,0.9980,284,53.184742,0.6685,0.8863
BiancaGolden_CircleTurns,-133.3991,88.7838,164.7296,-8.9574,-10.6875,-35.3158,0.7955,-0.5315,-0.2910,0.9980,284,53.197231,0.6660,0.8878
BiancaGolden_CircleTurns,-133.6450,88.9554,164.8687,-8.8362,-10.4897,-35.4834,0.7964,-0.5336,-0.2847,0.9980,285,53.212326,0.6636,0.8896
BiancaGolden_CircleTurns,-133.9136,89.1480,164.9936,-8.6952,-10.2720,-35.6722,0.7945,-0.5382,-0.2812,0.9980,285,53.226051,0.6609,0.8915
BiancaGolden_CircleTurns,-134.2011,89.3423,165.0890,-8.5291,-10.0337,-35.7814,0.7471,-0.5938,-0.2986,0.9980,286,53.240253,0.6580,0.8934
BiancaGolden_CircleTurns,-134.4821,89.5377,165.1876,-8.3132,-9.7253,-35.9325,0.7466,-0.5970,-0.2934,0.9980,286,53.253693,0.6552,0.8954
BiancaGolden_CircleTurns,-134.7505,89.7084,165.3021,-8.1392,-9.4209,-36.0806,0.6998,-0.6371,-0.3230,0.9980,286,53.268112,0.6525,0.8971
BiancaGolden_CircleTurns,-135.0172,89.8809,165.4274,-8.0110,-9.1125,-36.2158,0.6970,-0.6361,-0.3309,0.9980,287,53.281559,0.6498,0.8988
BiancaGolden_CircleTurns,-135.3000,90.0653,165.5494,-7.8387,-8.8811,-36.3576,0.7587,-0.5689,-0.3174,0.9980,287,53.294971,0.6470,0.9007
BiancaGolden_CircleTurns,-135.5794,90.2686,165.6208,-7.6499,-8.7207,-36.4546,0.7923,-0.5473,-0.2697,0.9980,288,53.309910,0.6442,0.9027
BiancaGolden_CircleTurns,-135.8678,90.4687,165.6933,-7.4457,-8.6158,-36.5138,0.7932,-0.5500,-0.2615,0.9980,288,53.323540,0.6413,0.9047
BiancaGolden_CircleTurns,-136.1526,90.6641,165.7430,-7.2727,-8.5011,-36.5391,0.7934,-0.5507,-0.2593,0.9980,288,53.338005,0.6385,0.9066
BiancaGolden_CircleTurns,-136.4200,90.8469,165.8098,-7.1532,-8.3671,-36.5519,0.7939,-0.5536,-0.2515,0.9980,289,53.351521,0.6358,0.9085
BiancaGolden_CircleTurns,-136.6954,91.0056,165.8895,-7.0468,-8.1732,-36.5914,0.7945,-0.5566,-0.2430,0.9980,289,53.364792,0.6330,0.9101
BiancaGolden_CircleTurns,-136.9696,91.1757,165.9657,-6.9805,-7.9880,-36.6642,0.7941,-0.5581,-0.2405,0.9980,290,53.379673,0.6303,0.9118
BiancaGolden_CircleTurns,-137.2544,91.3468,166.0140,-6.9464,-7.8412,-36.7452,0.7955,-0.5533,-0.2470,0.9980,290,53.393360,0.6275,0.9135
BiancaGolden_CircleTurns,-137.5465,91.5285,166.0360,-6.9297,-7.7537,-36.7926,0.7906,-0.5598,-0.2483,0.9980,291,53.407692,0.6245,0.9153
BiancaGolden_CircleTurns,-137.8321,91.7119,166.0701,-6.9674,-7.6965,-36.8214,0.7908,-0.5598,-0.2475,0.9980,291,53.421280,0.6217,0.9171
BiancaGolden_CircleTurns,-138.1302,91.8837,166.1330,-7.0146,-7.6552,-36.8232,0.7952,-0.5528,-0.2489,0.9980,291,53.435585,0.6187,0.9188
BiancaGolden_CircleTurns,-138.4243,92.0609,166.2096,-7.1016,-7.5992,-36.8336,0.7986,-0.5443,-0.2568,0.9980,292,53.449429,0.6158,0.9206
BiancaGolden_CircleTurns,-138.7433,92.2313,166.2740,-7.1461,-7.5511,-36.8281,0.7990,-0.5427,-0.2592,0.9980,292,53.462135,0.6126,0.9223
BiancaGolden_CircleTurns,-139.0733,92.4034,166.3305,-7.1561,-7.4923,-36.7676,0.7997,-0.5406,-0.2613,0.9980,293,53.477570,0.6093,0.9240
BiancaGolden_CircleTurns,-139.3990,92.5668,166.4205,-7.1367,-7.4088,-36.7180,0.8016,-0.5385,-0.2597,0.9980,293,53.491558,0.6060,0.9257
BiancaGolden_CircleTurns,-139.7326,92.7286,166.5240,-7.1635,-7.2383,-36.6434,0.8026,-0.5388,-0.2561,0.9980,294,53.509182,0.6027,0.9273
BiancaGolden_CircleTurns,-140.0679,92.9087,166.6477,-7.3091,-7.0296,-36.6440,0.8041,-0.5373,-0.2545,0.9980,294,53.518990,0.5993,0.9291
BiancaGolden_CircleTurns,-140.4154,93.0758,166.7387,-7.4143,-6.7999,-36.6370,0.8041,-0.5376,-0.2537,0.9980,294,53.532776,0.5958,0.9308
BiancaGolden_CircleTurns,-140.7731,93.2329,166.8266,-7.3925,-6.5267,-36.5928,0.8028,-0.5371,-0.2588,0.9980,295,53.546585,0.5923,0.9323
BiancaGolden_CircleTurns,-141.1503,93.3899,166.9074,-7.3092,-6.2788,-36.5160,0.8043,-0.5367,-0.2548,0.9980,295,53.559372,0.5885,0.9339
BiancaGolden_CircleTurns,-141.5094,93.5532,166.9857,-7.2729,-6.0396,-36.4399,0.8058,-0.5364,-0.2510,0.9980,296,53.574352,0.5849,0.9355
BiancaGolden_CircleTurns,-141.8851,93.7078,167.0568,-7.2535,-5.8127,-36.3682,0.8075,-0.5356,-0.2471,0.9980,296,53.588135,0.5811,0.9371
BiancaGolden_CircleTurns,-142.2661,93.8446,167.0814,-7.2136,-5.5825,-36.2667,0.8105,-0.5302,-0.2488,0.9980,296,53.602200,0.5773,0.9384
BiancaGolden_CircleTurns,-142.6463,93.9653,167.1047,-7.1486,-5.3969,-36.2143,0.8066,-0.5368,-0.2475,0.9980,297,53.615948,0.5735,0.9397
BiancaGolden_CircleTurns,-143.0273,94.0763,167.1010,-7.1348,-5.2238,-36.1843,0.8107,-0.5284,-0.2522,0.9980,297,53.630573,0.5697,0.9408
BiancaGolden_CircleTurns,-143.4104,94.1742,167.1039,-7.0937,-5.1365,-36.1726,0.8082,-0.5287,-0.2592,0.9980,298,53.644688,0.5659,0.9417
BiancaGolden_CircleTurns,-143.7954,94.2855,167.1098,-7.1141,-5.0978,-36.1900,0.8093,-0.5248,-0.2637,0.9980,298,53.657852,0.5620,0.9429
BiancaGolden_CircleTurns,-144.1763,94.3576,167.1504,-7.1347,-5.0636,-36.1659,0.8094,-0.5256,-0.2620,0.9980,299,53.672226,0.5582,0.9436
BiancaGolden_CircleTurns,-144.5156,94.4224,167.1950,-7.2195,-4.9666,-36.2203,0.8077,-0.5280,-0.2625,0.9980,299,53.685501,0.5548,0.9442
BiancaGolden_CircleTurns,-144.8887,94.4958,167.2241,-7.4158,-4.8167,-36.2909,0.8042,-0.5326,-0.2640,0.9980,299,53.699799,0.5511,0.9450
BiancaGolden_CircleTurns,-145.2709,94.5624,167.2527,-7.5422,-4.6737,-36.3508,0.8043,-0.5331,-0.2627,0.9980,300,53.713398,0.5473,0.9456
BiancaGolden_CircleTurns,-145.6792,94.6193,167.2494,-7.5764,-4.5722,-36.3810,0.8055,-0.5314,-0.2622,0.9980,300,53.726772,0.5432,0.9462
BiancaGolden_CircleTurns,-146.0719,94.6694,167.2576,-7.6237,-4.4921,-36.4071,0.8046,-0.5295,-0.2688,0.9980,301,53.741798,0.5393,0.9467
BiancaGolden_CircleTurns,-146.4735,94.7015,167.2759,-7.7421,-4.4064,-36.4738,0.8044,-0.5309,-0.2665,0.9980,301,53.755650,0.5353,0.9470
BiancaGolden_CircleTurns,-146.8684,94.7328,167.2887,-7.9412,-4.2818,-36.5838,0.8037,-0.5321,-0.2664,0.9980,301,53.769882,0.5313,0.9473
BiancaGolden_CircleTurns,-147.2748,94.7549,167.3041,-8.0635,-4.1850,-36.6915,0.8029,-0.5329,-0.2671,0.9980,302,53.783463,0.5273,0.9475
BiancaGolden_CircleTurns,-147.6964,94.7596,167.3333,-8.1049,-4.1225,-36.7994,0.8019,-0.5325,-0.2710,0.9980,302,53.796383,0.5230,0.9476
BiancaGolden_CircleTurns,-148.1044,94.7590,167.4038,-8.1848,-4.0905,-36.9031,0.8018,-0.5335,-0.2693,0.9980,303,53.811474,0.5190,0.9476
BiancaGolden_CircleTurns,-148.5195,94.7505,167.4493,-8.3681,-4.0014,-37.0192,0.8012,-0.5348,-0.2684,0.9980,303,53.825092,0.5148,0.9475
BiancaGolden_CircleTurns,-148.9505,94.7372,167.4835,-8.5221,-3.8684,-37.1479,0.8011,-0.5363,-0.2658,0.9980,304,53.839546,0.5105,0.9474
BiancaGolden_CircleTurns,-149.3911,94.6948,167.5110,-8.6510,-3.7253,-37.2493,0.8027,-0.5342,-0.2652,0.9980,304,53.853062,0.5061,0.9469
BiancaGolden_CircleTurns,-149.8477,94.6267,167.5319,-8.7400,-3.6194,-37.2916,0.8074,-0.5274,-0.2645,0.9980,304,53.867184,0.5015,0.9463
BiancaGolden_CircleTurns,-150.3118,94.5225,167.5600,-8.8918,-3.5586,-37.3203,0.8070,-0.5235,-0.2731,0.9980,305,53.880592,0.4969,0.9452
BiancaGolden_CircleTurns,-150.8097,94.4170,167.5750,-9.0051,-3.5168,-37.3043,0.8077,-0.5184,-0.2810,0.9980,305,53.894066,0.4919,0.9442
BiancaGolden_CircleTurns,-151.3342,94.2984,167.5617,-9.1130,-3.5860,-37.2034,0.8106,-0.5124,-0.2833,0.9980,306,53.909039,0.4867,0.9430
BiancaGolden_CircleTurns,-151.8506,94.1620,167.5709,-9.2723,-3.6716,-37.1101,0.8121,-0.5097,-0.2840,0.9980,306,53.922554,0.4815,0.9416
BiancaGolden_CircleTurns,-152.3747,94.0045,167.5840,-9.6212,-3.7428,-37.0045,0.8143,-0.5058,-0.2847,0.9980,306,53.936905,0.4763,0.9400
BiancaGolden_CircleTurns,-152.8837,93.8310,167.5845,-10.1054,-3.7600,-36.9811,0.8168,-0.5008,-0.2865,0.9980,307,53.950359,0.4712,0.9383
BiancaGolden_CircleTurns,-153.3990,93.6126,167.5604,-10.5887,-3.7240,-36.9141,0.8183,-0.4986,-0.2858,0.9980,307,53.963600,0.4660,0.9361
BiancaGolden_CircleTurns,-153.9217,93.3637,167.5194,-10.9378,-3.6088,-36.8544,0.8213,-0.4947,-0.2841,0.9980,308,53.978767,0.4608,0.9336
BiancaGolden_CircleTurns,-154.4565,93.0895,167.4919,-11.1599,-3.5538,-36.7313,0.8230,-0.4926,-0.2828,0.9980,308,53.992260,0.4554,0.9309
BiancaGolden_CircleTurns,-154.9829,92.7907,167.4616,-11.3903,-3.4949,-36.6192,0.8253,-0.4890,-0.2825,0.9980,309,54.009781,0.4502,0.9279
BiancaGolden_CircleTurns,-155.5192,92.4941,167.3735,-11.7936,-3.5195,-36.4608,0.8272,-0.4860,-0.2821,0.9980,309,54.020481,0.4448,0.9249
BiancaGolden_CircleTurns,-156.0611,92.1971,167.2424,-12.2719,-3.6025,-36.2934,0.8292,-0.4824,-0.2823,0.9980,309,54.034927,0.4394,0.9220
BiancaGolden_CircleTurns,-156.5948,91.8804,167.1042,-12.7976,-3.7002,-36.0710,0.8313,-0.4782,-0.2832,0.9980,310,54.048122,0.4341,0.9188
BiancaGolden_CircleTurns,-157.1235,91.5529,166.9881,-13.2010,-3.7819,-35.8218,0.8313,-0.4741,-0.2901,0.9980,310,54.061279,0.4288,0.9155
BiancaGolden_CircleTurns,-157.6634,91.1976,166.8770,-13.4563,-3.8352,-35.4754,0.8347,-0.4673,-0.2912,0.9980,311,54.075989,0.4234,0.9120
BiancaGolden_CircleTurns,-158.2034,90.8305,166.7274,-13.7179,-3.9141,-35.0236,0.8388,-0.4600,-0.2913,0.9980,311,54.090561,0.4180,0.9083
BiancaGolden_CircleTurns,-158.7302,90.4708,166.5602,-14.2708,-3.9771,-34.6540,0.8281,-0.4721,-0.3022,0.9980,311,54.103996,0.4127,0.9047
BiancaGolden_CircleTurns,-159.2413,90.1080,166.4257,-14.7849,-3.9922,-34.3541,0.8132,-0.4893,-0.3151,0.9980,312,54.117874,0.4076,0.9011
BiancaGolden_CircleTurns,-159.7547,89.7139,166.3350,-15.2179,-3.9220,-33.9331,0.8150,-0.4861,-0.3155,0.9980,312,54.130653,0.4025,0.8971
BiancaGolden_CircleTurns,-160.2711,89.2912,166.2722,-15.5163,-3.8726,-33.4650,0.8195,-0.4854,-0.3047,0.9980,313,54.145748,0.3973,0.8929
BiancaGolden_CircleTurns,-160.7963,88.8278,166.2103,-15.6829,-3.7825,-32.9389,0.8194,-0.4849,-0.3059,0.9980,313,54.159374,0.3920,0.8883
BiancaGolden_CircleTurns,-161.3087,88.3571,166.2025,-15.9050,-3.7323,-32.4492,0.8245,-0.4765,-0.3053,0.9980,314,54.173737,0.3869,0.8836
BiancaGolden_CircleTurns,-161.7903,87.8751,166.2913,-16.3012,-3.7106,-31.9631,0.8292,-0.4704,-0.3020,0.9980,314,54.187439,0.3821,0.8788
BiancaGolden_CircleTurns,-162.2368,87.3861,166.5252,-16.9321,-3.6917,-31.4748,0.8334,-0.4627,-0.3021,0.9980,314,54.201565,0.3776,0.8739
BiancaGolden_CircleTurns,-162.7786,86.7866,166.9563,-17.5143,-3.8562,-30.7713,0.8388,-0.4488,-0.3081,0.9980,315,54.215279,0.3722,0.8679
BiancaGolden_CircleTurns,-163.4357,86.1647,167.5021,-18.3772,-4.2337,-30.0352,0.8388,-0.4356,-0.3265,0.9980,315,54.228645,0.3656,0.8616
BiancaGolden_CircleTurns,-164.3072,85.6931,167.8818,-19.8021,-5.2679,-29.3246,0.8432,-0.4164,-0.3400,0.9980,316,54.243469,0.3569,0.8569
BiancaGolden_CircleTurns,-165.0171,85.2834,167.9670,-21.6420,-6.1596,-28.6380,0.8466,-0.4020,-0.3487,0.9980,316,54.257164,0.3498,0.8528
BiancaGolden_CircleTurns,-165.5919,84.8966,168.2424,-23.6601,-6.8235,-28.1002,0.8427,-0.4093,-0.3497,0.9980,316,54.271255,0.3441,0.8490
BiancaGolden_CircleTurns,-165.9883,84.2915,168.7877,-25.3750,-6.7253,-27.7800,0.8451,-0.4204,-0.3302,0.9980,317,54.284645,0.3401,0.8429
BiancaGolden_CircleTurns,-166.2018,83.4205,169.6947,-26.6138,-5.4533,-28.0496,0.8443,-0.4507,-0.2900,0.9980,317,54.298241,0.3380,0.8342
BiancaGolden_CircleTurns,-166.2701,82.7201,170.4232,-27.7636,-4.0240,-29.0504,0.8378,-0.4704,-0.2771,0.9980,318,54.313389,0.3373,0.8272
BiancaGolden_CircleTurns,-166.4442,82.1239,171.0154,-28.3674,-2.8393,-29.9712,0.8325,-0.4886,-0.2612,0.9980,318,54.326618,0.3356,0.8212
BiancaGolden_CircleTurns,-166.4825,81.6338,171.5666,-28.8572,-2.1407,-30.8590,0.8287,-0.4988,-0.2540,0.9980,319,54.341129,0.3352,0.8163
BiancaGolden_CircleTurns,-166.4112,81.1223,172.2113,-29.2598,-1.7187,-31.5845,0.8203,-0.5188,-0.2405,0.9980,319,54.354504,0.3359,0.8112
BiancaGolden_CircleTurns,-166.2990,80.6285,172.8794,-29.5990,-1.4981,-32.2049,0.8105,-0.5304,-0.2486,0.9980,319,54.368828,0.3370,0.8063
BiancaGolden_CircleTurns,-166.1849,80.1315,173.4486,-29.7494,-1.5761,-32.5509,0.8018,-0.5382,-0.2597,0.9980,320,54.382172,0.3382,0.8013
BiancaGolden_CircleTurns,-166.0521,79.7655,173.8904,-29.4757,-2.0452,-32.6419,0.7978,-0.5374,-0.2734,0.9980,320,54.395439,0.3395,0.7977
BiancaGolden_CircleTurns,-165.9277,79.4632,174.3497,-28.9509,-2.6592,-32.4587,0.7970,-0.5238,-0.3007,0.9980,321,54.410503,0.3407,0.7946
BiancaGolden_CircleTurns,-165.7491,79.1897,174.8548,-28.3979,-3.5149,-32.1065,0.7953,-0.5183,-0.3145,0.9980,321,54.423985,0.3425,0.7919
BiancaGolden_CircleTurns,-165.5119,78.8558,175.4874,-28.2482,-4.3315,-31.8406,0.7946,-0.5108,-0.3283,0.9980,322,54.438534,0.3449,0.7886
BiancaGolden_CircleTurns,-165.2494,78.5137,176.1294,-28.2988,-4.8505,-31.9461,0.7922,-0.5076,-0.3387,0.9980,322,54.452122,0.3475,0.7851
BiancaGolden_CircleTurns,-165.0086,78.2427,176.7362,-28.1645,-5.3488,-32.0309,0.7862,-0.5048,-0.3565,0.9980,322,54.466454,0.3499,0.7824
BiancaGolden_CircleTurns,-164.7455,78.0824,177.3519,-27.7272,-6.0508,-32.2256,0.7817,-0.5015,-0.3707,0.9980,323,54.480217,0.3525,0.7808
BiancaGolden_CircleTurns,-164.5073,77.9294,178.0000,-27.4294,-6.9275,-32.5601,0.7723,-0.5053,-0.3849,0.9980,323,54.497208,0.3549,0.7793
BiancaGolden_CircleTurns,-164.2421,77.8158,178.6773,-27.0687,-7.8653,-33.1017,0.7615,-0.5117,-0.3979,0.9980,324,54.508801,0.3576,0.7782
BiancaGolden_CircleTurns,-163.9264,77.8294,179.3812,-26.3541,-8.6748,-33.6077,0.7600,-0.5141,-0.3977,0.9980,324,54.521564,0.3607,0.7783
BiancaGolden_CircleTurns,-163.5925,77.8799,180.1040,-25.4732,-9.3001,-33.8320,0.7567,-0.5180,-0.3989,0.9980,324,54.536007,0.3641,0.7788
BiancaGolden_CircleTurns,-163.2547,78.0087,180.8736,-24.5993,-9.7571,-33.8957,0.7580,-0.5174,-0.3971,0.9980,325,54.549061,0.3675,0.7801
BiancaGolden_CircleTurns,-162.8911,78.2852,181.6588,-23.8479,-10.1668,-33.8646,0.7617,-0.5141,-0.3942,0.9980,325,54.562153,0.3711,0.7829
BiancaGolden_CircleTurns,-162.4899,78.5123,182.4454,-23.3221,-10.6051,-34.0357,0.7555,-0.5187,-0.4002,0.9980,326,54.577057,0.3751,0.7851
BiancaGolden_CircleTurns,-162.0655,78.7323,183.2951,-22.6925,-10.9791,-34.3397,0.7578,-0.5185,-0.3961,0.9980,326,54.591084,0.3793,0.7873
BiancaGolden_CircleTurns,-161.6919,78.9905,184.2151,-21.9753,-11.4386,-34.7014,0.7563,-0.5260,-0.3891,0.9980,327,54.605453,0.3831,0.7899
BiancaGolden_CircleTurns,-161.3069,79.3445,185.1202,-20.9353,-11.8276,-35.1135,0.7534,-0.5335,-0.3845,0.9980,327,54.618858,0.3869,0.7934
BiancaGolden_CircleTurns,-160.9272,79.7808,186.0171,-19.6148,-12.2957,-35.2970,0.7760,-0.5225,-0.3533,0.9980,327,54.633240,0.3907,0.7978
BiancaGolden_CircleTurns,-160.6242,80.2624,186.8969,-18.0006,-12.7115,-35.3591,0.7790,-0.5155,-0.3569,0.9980,328,54.646675,0.3938,0.8026
BiancaGolden_CircleTurns,-160.3326,80.7473,187.6991,-16.4810,-13.1003,-35.3846,0.7728,-0.5152,-0.3706,0.9980,328,54.660000,0.3967,0.8075
BiancaGolden_CircleTurns,-160.0117,81.2254,188.5067,-15.1567,-13.3763,-35.5545,0.7669,-0.5201,-0.3760,0.9980,329,54.675060,0.3999,0.8123
BiancaGolden_CircleTurns,-159.7685,81.6884,189.3703,-14.0722,-13.7009,-35.8384,0.7604,-0.5231,-0.3849,0.9980,329,54.688854,0.4023,0.8169
BiancaGolden_CircleTurns,-159.5501,82.1682,190.2558,-12.8509,-13.8834,-36.0622,0.7517,-0.5325,-0.3891,0.9980,329,54.703339,0.4045,0.8217
BiancaGolden_CircleTurns,-159.3828,82.6959,191.1508,-11.5952,-14.0332,-36.2206,0.7126,-0.5611,-0.4210,0.9980,330,54.716961,0.4062,0.8270
BiancaGolden_CircleTurns,-159.2282,83.2616,192.0234,-10.5812,-14.2119,-36.2024,0.7108,-0.5598,-0.4260,0.9980,330,54.730190,0.4077,0.8326
BiancaGolden_CircleTurns,-159.1684,83.8355,192.9067,-9.9685,-14.5455,-36.0765,0.7569,-0.5153,-0.4020,0.9980,331,54.745144,0.4083,0.8384
BiancaGolden_CircleTurns,-159.1620,84.3779,193.8177,-9.4084,-15.0168,-35.9702,0.7536,-0.5132,-0.4107,0.9980,331,54.758888,0.4084,0.8438
BiancaGolden_CircleTurns,-159.2286,84.9041,194.7744,-9.0055,-15.5511,-35.9124,0.7599,-0.5243,-0.3843,0.9980,332,54.773087,0.4077,0.8490
BiancaGolden_CircleTurns,-159.3265,85.4698,195.6983,-8.4821,-16.0316,-35.9182,0.7690,-0.5086,-0.3872,0.9980,332,54.786797,0.4067,0.8547
BiancaGolden_CircleTurns,-159.4959,86.0554,196.5482,-8.2163,-16.3755,-35.8931,0.7880,-0.4701,-0.3976,0.9980,332,54.801220,0.4050,0.8606
BiancaGolden_CircleTurns,-159.6381,86.6181,197.4658,-8.0270,-16.5473,-35.9749,0.7871,-0.4729,-0.3961,0.9980,333,54.814415,0.4036,0.8662
BiancaGolden_CircleTurns,-159.8470,87.1426,198.4639,-7.9842,-16.4593,-36.1275,0.7791,-0.4665,-0.4189,0.9980,333,54.827583,0.4015,0.8714
BiancaGolden_CircleTurns,-160.1085,87.6984,199.5117,-7.9795,-16.3693,-36.3978,0.7771,-0.4718,-0.4165,0.9980,334,54.842686,0.3989,0.8770
BiancaGolden_CircleTurns,-160.4206,88.3065,200.5424,-7.9128,-16.2146,-36.7331,0.6393,-0.6028,-0.4774,0.9980,334,54.856457,0.3958,0.8831
BiancaGolden_CircleTurns,-160.7513,88.9483,201.5955,-7.5076,-15.9969,-36.8845,0.6375,-0.6015,-0.4815,0.9980,334,54.870621,0.3925,0.8895
BiancaGolden_CircleTurns,-161.0743,89.6294,202.6484,-7.0231,-15.7285,-36.8662,0.7117,-0.5253,-0.4664,0.9980,335,54.884151,0.3893,0.8963
BiancaGolden_CircleTurns,-161.3782,90.3966,203.7085,-6.9425,-15.3862,-36.7679,0.7391,-0.5581,-0.3772,0.9980,335,54.897659,0.3862,0.9040
BiancaGolden_CircleTurns,-161.7069,91.1636,204.7051,-7.0600,-15.1079,-36.7009,0.7363,-0.5690,-0.3662,0.9980,336,54.912506,0.3829,0.9116
BiancaGolden_CircleTurns,-162.0916,91.9218,205.6393,-7.1318,-14.8885,-36.5947,0.7380,-0.5686,-0.3634,0.9980,336,54.926102,0.3791,0.9192
BiancaGolden_CircleTurns,-162.4979,92.6504,206.5525,-7.0395,-14.7182,-36.5069,0.7220,-0.5852,-0.3692,0.9980,337,54.940220,0.3750,0.9265
BiancaGolden_CircleTurns,-162.9046,93.3660,207.4331,-6.9060,-14.5456,-36.5137,0.7217,-0.5878,-0.3657,0.9980,337,54.953907,0.3710,0.9337
BiancaGolden_CircleTurns,-163.2886,94.0719,208.3384,-6.8539,-14.3286,-36.6651,0.7125,-0.5890,-0.3813,0.9980,337,54.968105,0.3671,0.9407
BiancaGolden_CircleTurns,-163.6779,94.7666,209.2134,-6.7614,-14.0803,-36.8224,0.7064,-0.5851,-0.3984,0.9980,338,54.981838,0.3632,0.9477
BiancaGolden_CircleTurns,-164.0908,95.4895,209.9855,-6.5764,-13.7952,-36.9653,0.7056,-0.5880,-0.3955,0.9980,338,54.998260,0.3591,0.9549
BiancaGolden_CircleTurns,-164.5006,96.1916,210.6926,-6.4451,-13.6235,-37.1168,0.7040,-0.5913,-0.3935,0.9980,339,55.010555,0.3550,0.9619
BiancaGolden_CircleTurns,-164.8810,96.8806,211.3460,-6.3633,-13.5015,-37.3272,0.7019,-0.5922,-0.3957,0.9980,339,55.023335,0.3512,0.9688
BiancaGolden_CircleTurns,-165.2725,97.5447,211.9460,-6.2197,-13.4730,-37.6148,0.6939,-0.5982,-0.4008,0.9980,339,55.037910,0.3473,0.9754
BiancaGolden_CircleTurns,-165.6800,98.1924,212.4968,-6.0667,-13.5324,-37.8921,0.6902,-0.5932,-0.4143,0.9980,340,55.052498,0.3432,0.9819
BiancaGolden_CircleTurns,-166.0639,98.7985,213.0138,-5.9167,-13.7336,-38.2503,0.6811,-0.5992,-0.4207,0.9980,340,55.064690,0.3394,0.9880
BiancaGolden_CircleTurns,-166.4354,99.3246,213.4569,-5.8581,-13.9817,-38.7071,0.6730,-0.6052,-0.4251,0.9980,341,55.079117,0.3356,0.9932
BiancaGolden_CircleTurns,-166.7757,99.8225,213.8788,-5.8397,-14.2002,-39.3067,0.6655,-0.6122,-0.4270,0.9980,341,55.093075,0.3322,0.9982
BiancaGolden_CircleTurns,-167.1031,100.2850,214.2839,-5.7928,-14.3273,-39.9605,0.6534,-0.6178,-0.4375,0.9980,342,55.107246,0.3290,1.0029
BiancaGolden_CircleTurns,-167.4109,100.6808,214.6301,-5.6285,-14.4001,-40.7316,0.6414,-0.6232,-0.4475,0.9980,342,55.121075,0.3259,1.0068
BiancaGolden_CircleTurns,-167.7444,101.0596,214.9620,-5.5104,-14.5389,-41.5291,0.6297,-0.6322,-0.4514,0.9980,342,55.135273,0.3226,1.0106
BiancaGolden_CircleTurns,-168.0799,101.4123,215.2785,-5.4757,-14.7680,-42.3222,0.6120,-0.6461,-0.4561,0.9980,343,55.148659,0.3192,1.0141
BiancaGolden_CircleTurns,-168.4441,101.6873,215.5545,-5.6548,-15.0357,-43.4320,0.5271,-0.6920,-0.4933,0.9980,343,55.162163,0.3156,1.0169
BiancaGolden_CircleTurns,-168.9271,101.9093,215.8077,-6.1008,-15.4737,-44.8515,0.5000,-0.7028,-0.5061,0.9980,344,55.177284,0.3107,1.0191
BiancaGolden_CircleTurns,-169.5889,102.0000,215.9954,-7.1248,-16.1942,-46.9480,0.3755,-0.7375,-0.5613,0.9980,344,55.190681,0.3041,1.0200
BiancaGolden_CircleTurns,-170.3212,101.9740,216.1972,-8.0101,-17.2158,-50.1495,0.2441,-0.7568,-0.6064,0.9980,344,55.204838,0.2968,1.0197
BiancaGolden_CircleTurns,-171.2777,101.6654,216.3359,-8.7867,-18.0551,-53.9265,0.0818,-0.7749,-0.6268,0.9980,345,55.218475,0.2872,1.0167
BiancaGolden_CircleTurns,-172.0757,101.4298,216.4347,-7.7958,-18.4538,-58.3810,-0.0577,-0.7862,-0.6153,0.9980,345,55.231567,0.2792,1.0143
BiancaGolden_CircleTurns,-172.8684,101.2455,216.5382,-6.4400,-18.4075,-62.1533,-0.1190,-0.7711,-0.6255,0.9980,346,55.246586,0.2713,1.0125
BiancaGolden_CircleTurns,-173.4544,101.1581,216.7462,-5.5066,-18.0874,-65.6211,-0.1586,-0.7696,-0.6185,0.9980,346,55.260303,0.2655,1.0116
BiancaGolden_CircleTurns,-173.9179,101.0891,217.1037,-4.8716,-17.7550,-68.4643,-0.2119,-0.7648,-0.6083,0.9980,347,55.274456,0.2608,1.0109
BiancaGolden_CircleTurns,-174.2148,100.9924,217.3957,-4.8203,-17.0947,-70.6165,-0.2439,-0.7529,-0.6113,0.9980,347,55.288513,0.2579,1.0099
BiancaGolden_CircleTurns,-174.4968,100.8891,217.6827,-4.9338,-16.7105,-71.8020,-0.2586,-0.7370,-0.6244,0.9980,347,55.302753,0.2550,1.0089
BiancaGolden_CircleTurns,-174.7451,100.7815,217.7815,-5.0681,-16.4303,-72.6088,-0.2728,-0.7058,-0.6538,0.9980,348,55.315979,0.2525,1.0078
BiancaGolden_CircleTurns,-175.0154,100.6550,217.8221,-5.1295,-16.2184,-73.3290,-0.2795,-0.7037,-0.6532,0.9980,348,55.329082,0.2498,1.0066
BiancaGolden_CircleTurns,-175.2846,100.4498,217.8695,-5.0603,-16.2134,-73.8352,-0.2981,-0.6708,-0.6790,0.9980,349,55.344265,0.2472,1.0045
BiancaGolden_CircleTurns,-175.5145,100.2139,218.0041,-4.9295,-16.3563,-74.5560,-0.3084,-0.6503,-0.6943,0.9980,349,55.357822,0.2449,1.0021
BiancaGolden_CircleTurns,-175.7281,99.9682,218.1471,-4.6295,-16.6323,-75.1479,-0.2642,-0.6432,-0.7187,0.9980,350,55.372238,0.2427,0.9997
BiancaGolden_CircleTurns,-175.8710,99.7144,218.2138,-4.0785,-16.9396,-75.2422,-0.2702,-0.6414,-0.7181,0.9980,350,55.385349,0.2413,0.9971
BiancaGolden_CircleTurns,-175.9820,99.4425,218.3135,-3.6779,-17.1648,-75.4205,-0.2604,-0.6427,-0.7205,0.9980,350,55.399651,0.2402,0.9944
BiancaGolden_CircleTurns,-175.9912,99.1134,218.3552,-3.6239,-17.2697,-75.0155,-0.2410,-0.6313,-0.7371,0.9980,351,55.413052,0.2401,0.9911
BiancaGolden_CircleTurns,-176.0543,98.7660,218.4313,-3.6985,-17.3830,-74.7933,-0.2357,-0.6308,-0.7393,0.9980,351,55.427502,0.2395,0.9877
BiancaGolden_CircleTurns,-176.1025,98.3377,218.4993,-4.0137,-17.3937,-74.5522,-0.1988,-0.6341,-0.7472,0.9980,352,55.441517,0.2390,0.9834
BiancaGolden_CircleTurns,-176.2125,97.8789,218.5465,-4.3347,-17.2731,-74.4760,-0.1859,-0.6403,-0.7453,0.9980,352,55.455112,0.2379,0.9788
BiancaGolden_CircleTurns,-176.3707,97.4287,218.5267,-4.2851,-17.1954,-74.5727,-0.1819,-0.6444,-0.7428,0.9980,352,55.469872,0.2363,0.9743
BiancaGolden_CircleTurns,-176.5440,97.0297,218.3538,-4.1297,-17.0386,-74.4412,-0.1847,-0.6391,-0.7466,0.9980,353,55.484196,0.2346,0.9703
BiancaGolden_CircleTurns,-176.5615,96.6420,218.2401,-4.1970,-17.3881,-74.6352,-0.1875,-0.6313,-0.7525,0.9980,353,55.499180,0.2344,0.9664
BiancaGolden_CircleTurns,-176.7116,96.1909,218.2125,-4.0856,-17.9142,-74.5868,-0.1885,-0.6186,-0.7628,0.9980,354,55.513340,0.2329,0.9619
BiancaGolden_CircleTurns,-176.7692,95.7144,218.2792,-4.4793,-18.6976,-74.7439,-0.1888,-0.6088,-0.7705,0.9980,354,55.524578,0.2323,0.9571
BiancaGolden_CircleTurns,-176.8815,95.2074,218.2688,-4.8982,-19.2487,-74.9196,-0.1880,-0.6019,-0.7761,0.9980,355,55.539078,0.2312,0.9521
BiancaGolden_CircleTurns,-177.0453,94.6661,218.2247,-4.8957,-19.6788,-75.1002,-0.1931,-0.5976,-0.7782,0.9980,355,55.551876,0.2295,0.9467
BiancaGolden_CircleTurns,-177.1952,94.1100,218.1910,-4.6667,-20.0421,-75.2721,-0.1968,-0.5933,-0.7806,0.9980,355,55.567650,0.2280,0.9411
BiancaGolden_CircleTurns,-177.3306,93.5570,218.1923,-4.5019,-20.3700,-75.4962,-0.2022,-0.5980,-0.7756,0.9980,356,55.580353,0.2267,0.9356
BiancaGolden_CircleTurns,-177.4539,93.0250,218.2232,-4.4227,-20.6119,-75.6636,-0.2034,-0.5967,-0.7762,0.9980,356,55.592880,0.2255,0.9302
BiancaGolden_CircleTurns,-177.5748,92.5305,218.2476,-4.3374,-20.7350,-75.6705,-0.1978,-0.6010,-0.7744,0.9980,357,55.608513,0.2243,0.9253
BiancaGolden_CircleTurns,-177.7036,92.0597,218.3102,-4.5724,-20.8844,-75.6810,-0.1947,-0.5971,-0.7782,0.9980,357,55.621784,0.2230,0.9206
BiancaGolden_CircleTurns,-177.8797,91.5731,218.4000,-4.9171,-21.0445,-75.7750,-0.1950,-0.5943,-0.7803,0.9980,357,55.636154,0.2212,0.9157
BiancaGolden_CircleTurns,-178.0776,91.0754,218.4828,-5.0734,-21.1785,-75.8898,-0.1838,-0.5869,-0.7885,0.9980,358,55.649639,0.2192,0.9108
BiancaGolden_CircleTurns,-178.2920,90.5851,218.5695,-5.0564,-21.3206,-75.9251,-0.1846,-0.5871,-0.7882,0.9980,358,55.662918,0.2171,0.9059
BiancaGolden_CircleTurns,-178.4702,90.0892,218.6437,-4.9211,-21.3624,-75.8682,-0.1796,-0.5872,-0.7893,0.9980,359,55.678200,0.2153,0.9009
BiancaGolden_CircleTurns,-178.6077,89.5760,218.7577,-4.9459,-21.3658,-75.7888,-0.1768,-0.5874,-0.7897,0.9980,359,55.691933,0.2139,0.8958
BiancaGolden_CircleTurns,-178.7437,89.0494,218.8793,-5.0821,-21.3324,-75.6679,-0.1709,-0.5865,-0.7917,0.9980,360,55.706501,0.2126,0.8905
BiancaGolden_CircleTurns,-178.8986,88.5155,218.9877,-5.2024,-21.1930,-75.4833,-0.1690,-0.5876,-0.7913,0.9980,360,55.719791,0.2110,0.8852
BiancaGolden_CircleTurns,-179.0724,87.9963,219.0700,-5.2361,-21.1259,-75.3530,-0.1639,-0.5910,-0.7898,0.9980,360,55.733894,0.2093,0.8800
BiancaGolden_CircleTurns,-179.2394,87.5130,219.1400,-5.2696,-21.0890,-75.1904,-0.1603,-0.5879,-0.7929,0.9980,361,55.747387,0.2076,0.8751
BiancaGolden_CircleTurns,-179.3796,87.0469,219.2112,-5.3284,-21.1273,-75.0696,-0.1568,-0.5889,-0.7928,0.9980,361,55.760674,0.2062,0.8705
BiancaGolden_CircleTurns,-179.4984,86.6050,219.2707,-5.4957,-21.1736,-74.8394,-0.1515,-0.5870,-0.7953,0.9980,362,55.775688,0.2050,0.8660
BiancaGolden_CircleTurns,-179.5793,86.2041,219.3263,-5.7114,-21.1701,-74.5067,-0.1447,-0.5887,-0.7953,0.9980,362,55.789368,0.2042,0.8620
BiancaGolden_CircleTurns,-179.6573,85.8066,219.3722,-5.8651,-21.0879,-74.0030,-0.1373,-0.5906,-0.7952,0.9980,362,55.804283,0.2034,0.8581
BiancaGolden_CircleTurns,-179.6613,85.4456,219.3906,-6.0702,-20.7800,-73.3458,-0.1262,-0.5958,-0.7931,0.9980,363,55.817207,0.2034,0.8545
BiancaGolden_CircleTurns,-179.6728,85.1053,219.4056,-6.2523,-20.4571,-72.5535,-0.1130,-0.6025,-0.7901,0.9980,363,55.830441,0.2033,0.8511
BiancaGolden_CircleTurns,-179.6275,84.8095,219.4508,-6.3096,-20.1005,-71.4864,-0.0650,-0.6176,-0.7838,0.9980,364,55.845554,0.2037,0.8481
BiancaGolden_CircleTurns,-179.4855,84.5077,219.5535,-6.2226,-19.6138,-69.9513,0.1099,-0.6619,-0.7415,0.9980,364,55.859180,0.2051,0.8451
BiancaGolden_CircleTurns,-179.2605,84.2497,219.7339,-6.5319,-19.0945,-68.1396,0.2524,-0.6620,-0.7057,0.9980,365,55.873421,0.2074,0.8425
BiancaGolden_CircleTurns,-179.0132,84.0665,219.8361,-7.2095,-18.5871,-66.3584,0.2766,-0.6572,-0.7011,0.9980,365,55.886902,0.2099,0.8407
BiancaGolden_CircleTurns,-178.8164,83.9020,219.8863,-7.7088,-18.1901,-64.7350,0.4445,-0.6183,-0.6481,0.9980,365,55.901154,0.2118,0.8390
BiancaGolden_CircleTurns,-178.5945,83.7937,219.9509,-8.1924,-17.8896,-62.9866,0.5104,-0.6623,-0.5485,0.9980,366,55.914757,0.2141,0.8379
BiancaGolden_CircleTurns,-178.3516,83.6836,220.0930,-8.6052,-17.6717,-61.2860,0.6274,-0.5918,-0.5062,0.9980,366,55.927887,0.2165,0.8368
BiancaGolden_CircleTurns,-178.1009,83.5642,220.2514,-8.9455,-17.4657,-59.7534,0.7392,-0.4859,-0.4663,0.9980,367,55.942883,0.2190,0.8356
BiancaGolden_CircleTurns,-177.8400,83.4921,220.3704,-9.3138,-17.2685,-58.3457,0.7517,-0.4702,-0.4625,0.9980,367,55.956558,0.2216,0.8349
BiancaGolden_CircleTurns,-177.5959,83.4462,220.4426,-9.5203,-17.0907,-57.0479,0.7801,-0.4332,-0.4514,0.9980,367,55.970814,0.2240,0.8345
BiancaGolden_CircleTurns,-177.3464,83.3894,220.5270,-9.6245,-16.8772,-55.8597,0.8144,-0.3881,-0.4314,0.9980,368,55.984627,0.2265,0.8339
BiancaGolden_CircleTurns,-177.1096,83.3650,220.6122,-9.5462,-16.6883,-54.8057,0.8207,-0.3764,-0.4299,0.9980,368,56.000763,0.2289,0.8336
BiancaGolden_CircleTurns,-176.8903,83.3506,220.6665,-9.3946,-16.4946,-53.9012,0.8260,-0.3659,-0.4287,0.9980,369,56.013088,0.2311,0.8335
BiancaGolden_CircleTurns,-176.6685,83.3554,220.7069,-9.2258,-16.3195,-53.0955,0.8512,-0.3308,-0.4074,0.9980,369,56.026260,0.2333,0.8336
BiancaGolden_CircleTurns,-176.4283,83.3326,220.7300,-9.0078,-16.1253,-52.4067,0.8405,-0.3492,-0.4142,0.9980,370,56.040791,0.2357,0.8333
BiancaGolden_CircleTurns,-176.1959,83.3133,220.7341,-8.8113,-15.9514,-51.8946,0.8429,-0.3440,-0.4138,0.9980,370,56.054031,0.2380,0.8331
BiancaGolden_CircleTurns,-175.9633,83.3071,220.6787,-8.6408,-15.8017,-51.4294,0.8255,-0.3697,-0.4264,0.9980,370,56.068501,0.2404,0.8331
BiancaGolden_CircleTurns,-175.7198,83.3305,220.5954,-8.4884,-15.7127,-50.8984,0.8288,-0.3606,-0.4278,0.9980,371,56.082134,0.2428,0.8333
BiancaGolden_CircleTurns,-175.4609,83.4088,220.4939,-8.3425,-15.7088,-50.2605,0.8275,-0.3618,-0.4293,0.9980,371,56.095226,0.2454,0.8341
BiancaGolden_CircleTurns,-175.1715,83.5257,220.3609,-8.2960,-15.7341,-49.5384,0.8283,-0.3596,-0.4297,0.9980,372,56.110561,0.2483,0.8353
BiancaGolden_CircleTurns,-174.8838,83.6329,220.2227,-8.3944,-15.7792,-48.9048,0.8222,-0.3677,-0.4345,0.9980,372,56.124096,0.2512,0.8363
BiancaGolden_CircleTurns,-174.6072,83.7014,220.0960,-8.4077,-15.7951,-48.3164,0.8157,-0.3703,-0.4444,0.9980,372,56.138397,0.2539,0.8370
BiancaGolden_CircleTurns,-174.3105,83.7734,219.9372,-8.3030,-15.7819,-47.9033,0.8184,-0.3636,-0.4449,0.9980,373,56.152130,0.2569,0.8377
BiancaGolden_CircleTurns,-174.0132,83.8428,219.7274,-8.0972,-15.7372,-47.4029,0.8103,-0.3715,-0.4532,0.9980,373,56.165211,0.2599,0.8384
BiancaGolden_CircleTurns,-173.6802,83.9281,219.6519,-8.0714,-15.9445,-46.9056,0.8095,-0.3655,-0.4595,0.9980,374,56.180599,0.2632,0.8393
BiancaGolden_CircleTurns,-173.3021,83.9985,219.6622,-8.1783,-16.1689,-46.4705,0.8122,-0.3548,-0.4631,0.9980,374,56.194324,0.2670,0.8400
BiancaGolden_CircleTurns,-172.9780,84.0606,219.7260,-8.3391,-16.4910,-45.8633,0.7997,-0.3718,-0.4714,0.9980,375,56.208435,0.2702,0.8406
BiancaGolden_CircleTurns,-172.5745,84.0407,219.8425,-8.3579,-16.6683,-45.3040,0.8030,-0.3677,-0.4691,0.9980,375,56.221951,0.2743,0.8404
BiancaGolden_CircleTurns,-172.1704,84.0367,219.8917,-8.2450,-16.4363,-44.7907,0.8066,-0.3612,-0.4680,0.9980,375,56.236477,0.2783,0.8404
BiancaGolden_CircleTurns,-171.8071,84.0987,219.8592,-8.2070,-16.3457,-44.2857,0.8069,-0.3680,-0.4620,0.9980,376,56.250679,0.2819,0.8410
BiancaGolden_CircleTurns,-171.4903,84.1136,219.7505,-8.0015,-16.1662,-43.7241,0.8094,-0.3636,-0.4612,0.9980,376,56.263062,0.2851,0.8411
BiancaGolden_CircleTurns,-171.1908,84.1205,219.7200,-7.6907,-16.0582,-43.2162,0.8383,-0.3792,-0.3917,0.9980,377,56.277950,0.2881,0.8412
BiancaGolden_CircleTurns,-170.8985,84.1089,219.6948,-7.4429,-15.9368,-42.7995,0.8411,-0.3722,-0.3926,0.9980,377,56.292297,0.2910,0.8411
BiancaGolden_CircleTurns,-170.6389,84.1401,219.6595,-7.3436,-15.9616,-42.3206,0.8548,-0.3845,-0.3485,0.9980,378,56.306431,0.2936,0.8414
BiancaGolden_CircleTurns,-170.3808,84.1874,219.6153,-7.3003,-16.0672,-41.8988,0.8601,-0.3882,-0.3310,0.9980,378,56.319321,0.2962,0.8419
BiancaGolden_CircleTurns,-170.1975,84.2485,219.5136,-7.3693,-16.2913,-41.4993,0.8574,-0.3942,-0.3310,0.9980,378,56.333645,0.2980,0.8425
BiancaGolden_CircleTurns,-170.0049,84.2771,219.4012,-7.3955,-16.4640,-41.1534,0.8500,-0.4059,-0.3358,0.9980,379,56.347275,0.3000,0.8428
BiancaGolden_CircleTurns,-169.8275,84.2971,219.2732,-7.3685,-16.5503,-40.9286,0.8501,-0.4068,-0.3344,0.9980,379,56.360714,0.3017,0.8430
BiancaGolden_CircleTurns,-169.6579,84.3078,219.1677,-7.2722,-16.6074,-40.6698,0.8425,-0.4170,-0.3410,0.9980,380,56.375492,0.3034,0.8431
BiancaGolden_CircleTurns,-169.4833,84.2990,219.0760,-7.1542,-16.5731,-40.4347,0.8424,-0.4175,-0.3406,0.9980,380,56.389297,0.3052,0.8430
BiancaGolden_CircleTurns,-169.3152,84.2950,219.0502,-7.1879,-16.5118,-40.2123,0.8397,-0.4194,-0.3449,0.9980,380,56.403744,0.3068,0.8429
BiancaGolden_CircleTurns,-169.1543,84.2865,219.0187,-7.2922,-16.4580,-39.9740,0.8419,-0.4155,-0.3443,0.9980,381,56.417267,0.3085,0.8429
BiancaGolden_CircleTurns,-169.0236,84.2991,218.9655,-7.3504,-16.4343,-39.7014,0.8396,-0.4188,-0.3460,0.9980,381,56.430450,0.3098,0.8430
BiancaGolden_CircleTurns,-168.9012,84.3349,218.8890,-7.4608,-16.4635,-39.4032,0.8413,-0.4152,-0.3462,0.9980,382,56.445492,0.3110,0.8433
BiancaGolden_CircleTurns,-168.7891,84.3808,218.8309,-7.7698,-16.5976,-39.1632,0.8392,-0.4173,-0.3488,0.9980,382,56.459648,0.3121,0.8438
BiancaGolden_CircleTurns,-168.6861,84.4232,218.8078,-8.1427,-16.7625,-38.9635,0.8393,-0.4171,-0.3488,0.9980,383,56.473663,0.3131,0.8442
BiancaGolden_CircleTurns,-168.5795,84.4689,218.7851,-8.4273,-16.8974,-38.7806,0.8336,-0.4251,-0.3526,0.9980,383,56.487625,0.3142,0.8447
BiancaGolden_CircleTurns,-168.5131,84.5242,218.7793,-8.6722,-17.0719,-38.6575,0.8341,-0.4228,-0.3543,0.9980,383,56.504692,0.3149,0.8452
BiancaGolden_CircleTurns,-168.4500,84.6021,218.7646,-8.7699,-17.2123,-38.5414,0.8344,-0.4200,-0.3569,0.9980,384,56.516312,0.3155,0.8460
BiancaGolden_CircleTurns,-168.4093,84.7075,218.7581,-8.8161,-17.3890,-38.4090,0.8332,-0.4293,-0.3486,0.9980,384,56.527649,0.3159,0.8471
BiancaGolden_CircleTurns,-168.3488,84.8137,218.7508,-8.9011,-17.5132,-38.2922,0.8320,-0.4321,-0.3479,0.9980,385,56.542820,0.3165,0.8481
BiancaGolden_CircleTurns,-168.3233,84.9502,218.7333,-8.8893,-17.5452,-38.1715,0.8331,-0.4309,-0.3468,0.9980,385,56.556244,0.3168,0.8495
BiancaGolden_CircleTurns,-168.2828,85.0888,218.7521,-8.8910,-17.4819,-38.0707,0.8309,-0.4379,-0.3433,0.9980,385,56.570625,0.3172,0.8509
BiancaGolden_CircleTurns,-168.2445,85.2192,218.7914,-8.8723,-17.4302,-38.0005,0.8318,-0.4368,-0.3424,0.9980,386,56.584015,0.3176,0.8522
BiancaGolden_CircleTurns,-168.2099,85.3628,218.8683,-8.8489,-17.3222,-37.9321,0.8322,-0.4393,-0.3384,0.9980,386,56.597046,0.3179,0.8536
BiancaGolden_CircleTurns,-168.1683,85.5196,218.9347,-8.8275,-17.2374,-37.8687,0.8321,-0.4398,-0.3378,0.9980,387,56.612381,0.3183,0.8552
BiancaGolden_CircleTurns,-168.1485,85.7078,218.9921,-8.8235,-17.1724,-37.7521,0.8310,-0.4416,-0.3383,0.9980,387,56.626003,0.3185,0.8571
BiancaGolden_CircleTurns,-168.1201,85.9371,219.0599,-8.8257,-17.1605,-37.6772,0.8317,-0.4404,-0.3381,0.9980,388,56.640408,0.3188,0.8594
BiancaGolden_CircleTurns,-168.1013,86.1485,219.1387,-8.7553,-17.1361,-37.5860,0.8299,-0.4414,-0.3411,0.9980,388,56.653675,0.3190,0.8615
BiancaGolden_CircleTurns,-168.0701,86.3856,219.2277,-8.5809,-17.0870,-37.5403,0.8265,-0.4467,-0.3427,0.9980,388,56.667896,0.3193,0.8639
BiancaGolden_CircleTurns,-168.0312,86.6316,219.3237,-8.2297,-17.0198,-37.5501,0.8248,-0.4478,-0.3453,0.9980,389,56.681564,0.3197,0.8663
BiancaGolden_CircleTurns,-167.9940,86.8953,219.4157,-7.7524,-16.9630,-37.5104,0.8241,-0.4491,-0.3453,0.9980,389,56.694950,0.3201,0.8690
BiancaGolden_CircleTurns,-167.9381,87.1666,219.5080,-7.3975,-16.8982,-37.4935,0.8238,-0.4487,-0.3463,0.9980,390,56.709934,0.3206,0.8717
BiancaGolden_CircleTurns,-167.8902,87.4474,219.5931,-7.0200,-16.7907,-37.4716,0.8213,-0.4498,-0.3508,0.9980,390,56.723682,0.3211,0.8745
BiancaGolden_CircleTurns,-167.8472,87.7371,219.6581,-6.5465,-16.6864,-37.3964,0.8221,-0.4481,-0.3513,0.9980,390,56.737625,0.3215,0.8774
BiancaGolden_CircleTurns,-167.8133,88.0262,219.7231,-6.0647,-16.6349,-37.2731,0.8208,-0.4473,-0.3551,0.9980,391,56.751186,0.3219,0.8803
BiancaGolden_CircleTurns,-167.7742,88.3396,219.7957,-5.6225,-16.6245,-37.0528,0.8197,-0.4477,-0.3574,0.9980,391,56.764477,0.3223,0.8834
BiancaGolden_CircleTurns,-167.7382,88.6930,219.8549,-5.2198,-16.6286,-36.8951,0.8184,-0.4472,-0.3609,0.9980,392,56.779633,0.3226,0.8869
BiancaGolden_CircleTurns,-167.7146,89.0221,219.9146,-4.9349,-16.6633,-36.6600,0.8171,-0.4426,-0.3695,0.9980,392,56.793289,0.3229,0.8902
BiancaGolden_CircleTurns,-167.6786,89.3562,219.9562,-4.6187,-16.7466,-36.4535,0.8164,-0.4414,-0.3724,0.9980,393,56.807560,0.3232,0.8936
BiancaGolden_CircleTurns,-167.6524,89.6742,220.0097,-4.3591,-16.8711,-36.2057,0.8168,-0.4438,-0.3686,0.9980,393,56.821033,0.3235,0.8967
BiancaGolden_CircleTurns,-167.6317,90.0030,220.0780,-4.1433,-16.9561,-35.9971,0.8178,-0.4406,-0.3702,0.9980,393,56.835304,0.3237,0.9000
BiancaGolden_CircleTurns,-167.5996,90.3172,220.1604,-4.0410,-17.0423,-35.7893,0.8191,-0.4372,-0.3714,0.9980,394,56.848969,0.3240,0.9032
BiancaGolden_CircleTurns,-167.5881,90.6547,220.2261,-4.0093,-17.1262,-35.5981,0.8197,-0.4396,-0.3671,0.9980,394,56.862320,0.3241,0.9065
BiancaGolden_CircleTurns,-167.5816,90.9879,220.3081,-3.9793,-17.1656,-35.3919,0.8226,-0.4497,-0.3481,0.9980,395,56.877716,0.3242,0.9099
BiancaGolden_CircleTurns,-167.5690,91.2972,220.4209,-3.8540,-17.1152,-35.1107,0.8248,-0.4484,-0.3444,0.9980,395,56.890915,0.3243,0.9130
BiancaGolden_CircleTurns,-167.4982,91.5872,220.5332,-3.6395,-16.8503,-34.8515,0.7970,-0.4267,-0.4274,0.9980,396,56.905388,0.3250,0.9159
BiancaGolden_CircleTurns,-167.4368,91.8755,220.6333,-3.5061,-16.5226,-34.6061,0.8013,-0.4270,-0.4189,0.9980,396,56.918705,0.3256,0.9188
BiancaGolden_CircleTurns,-167.3910,92.2026,220.7134,-3.4275,-15.9760,-34.4546,0.7732,-0.4762,-0.4188,0.9980,396,56.934105,0.3261,0.9220
BiancaGolden_CircleTurns,-167.3894,92.4948,220.7750,-3.2591,-15.6411,-34.2028,0.7846,-0.4892,-0.3809,0.9980,397,56.946663,0.3261,0.9249
BiancaGolden_CircleTurns,-167.3723,92.8001,220.8356,-2.9935,-15.3718,-34.0064,0.7912,-0.4936,-0.3611,0.9980,397,56.959698,0.3263,0.9280
BiancaGolden_CircleTurns,-167.3815,93.1107,220.8585,-2.7992,-15.2254,-33.9257,0.8055,-0.5055,-0.3092,0.9980,398,56.974949,0.3262,0.9311
BiancaGolden_CircleTurns,-167.3762,93.3912,220.8948,-2.6493,-15.0816,-33.8283,0.8035,-0.5105,-0.3062,0.9980,398,56.988575,0.3262,0.9339
BiancaGolden_CircleTurns,-167.3618,93.6404,220.9077,-2.3650,-14.8761,-33.8691,0.8046,-0.5111,-0.3023,0.9980,399,57.006245,0.3264,0.9364
BiancaGolden_CircleTurns,-167.3746,93.8751,220.9239,-1.9997,-14.6381,-33.8446,0.8017,-0.5156,-0.3024,0.9980,399,57.017773,0.3263,0.9388
BiancaGolden_CircleTurns,-167.3869,94.1106,220.9406,-1.5683,-14.3536,-33.7788,0.7910,-0.5292,-0.3071,0.9980,399,57.030586,0.3261,0.9411
BiancaGolden_CircleTurns,-167.3919,94.3331,220.9971,-1.2207,-14.1020,-33.7036,0.7895,-0.5269,-0.3146,0.9980,400,57.043869,0.3261,0.9433
BiancaGolden_CircleTurns,-167.4085,94.5158,221.1023,-0.9206,-13.8801,-33.6154,0.7883,-0.5323,-0.3087,0.9980,400,57.056862,0.3259,0.9452
BiancaGolden_CircleTurns,-167.4319,94.6648,221.1445,-0.4659,-13.4754,-33.5409,0.7868,-0.5286,-0.3186,0.9980,400,57.071720,0.3257,0.9466
BiancaGolden_CircleTurns,-167.5080,94.8292,221.1599,-0.0721,-13.1991,-33.3759,0.7897,-0.5267,-0.3146,0.9980,401,57.085461,0.3249,0.9483
BiancaGolden_CircleTurns,-167.6231,94.9485,221.1836,0.2861,-12.9962,-33.1421,0.7876,-0.5229,-0.3259,0.9980,401,57.098564,0.3238,0.9495
BiancaGolden_CircleTurns,-167.7804,95.0704,221.1937,0.5664,-12.8195,-32.9178,0.7864,-0.5222,-0.3299,0.9980,402,57.113716,0.3222,0.9507
BiancaGolden_CircleTurns,-167.9765,95.1925,221.1928,0.7184,-12.8160,-32.7544,0.7823,-0.5202,-0.3427,0.9980,402,57.127129,0.3202,0.9519
BiancaGolden_CircleTurns,-168.2184,95.3041,221.1760,0.6689,-12.9783,-32.6586,0.7760,-0.5155,-0.3635,0.9980,403,57.141552,0.3178,0.9530
BiancaGolden_CircleTurns,-168.4969,95.4275,221.1632,0.4820,-13.3588,-32.6413,0.7737,-0.5141,-0.3701,0.9980,403,57.154900,0.3150,0.9543
BiancaGolden_CircleTurns,-168.7238,95.5439,221.1955,0.1658,-13.7300,-32.6809,0.7736,-0.5131,-0.3719,0.9980,403,57.169037,0.3128,0.9554
BiancaGolden_CircleTurns,-168.9230,95.6345,221.2339,-0.4171,-13.8623,-32.7330,0.7756,-0.5110,-0.3705,0.9980,404,57.182629,0.3108,0.9563
BiancaGolden_CircleTurns,-169.1330,95.7095,221.2810,-0.9398,-13.7836,-32.7131,0.7759,-0.5131,-0.3671,0.9980,404,57.195839,0.3087,0.9571
BiancaGolden_CircleTurns,-169.3576,95.7768,221.3218,-1.4158,-13.6329,-32.6924,0.7768,-0.5124,-0.3660,0.9980,405,57.210754,0.3064,0.9578
BiancaGolden_CircleTurns,-169.6334,95.8626,221.3453,-1.7958,-13.5605,-32.6076,0.7784,-0.5117,-0.3637,0.9980,405,57.224518,0.3037,0.9586
BiancaGolden_CircleTurns,-169.8995,95.9502,221.3854,-2.1522,-13.6332,-32.4828,0.7804,-0.5079,-0.3646,0.9980,406,57.238701,0.3010,0.9595
BiancaGolden_CircleTurns,-170.1568,96.0325,221.4058,-2.4580,-13.6863,-32.2613,0.7841,-0.5039,-0.3622,0.9980,406,57.252102,0.2984,0.9603
BiancaGolden_CircleTurns,-170.4017,96.0820,221.4141,-2.7246,-13.6772,-31.9633,0.7779,-0.5292,-0.3388,0.9980,406,57.266323,0.2960,0.9608
BiancaGolden_CircleTurns,-170.6461,96.1288,221.4027,-3.0565,-13.6881,-31.5881,0.7781,-0.5412,-0.3188,0.9980,407,57.280052,0.2935,0.9613
BiancaGolden_CircleTurns,-170.8915,96.2104,221.4141,-3.4870,-13.8351,-31.2505,0.7776,-0.5432,-0.3166,0.9980,407,57.293304,0.2911,0.9621
BiancaGolden_CircleTurns,-171.1361,96.2823,221.4015,-3.9135,-14.0353,-30.8979,0.7770,-0.5425,-0.3194,0.9980,408,57.308163,0.2886,0.9628
BiancaGolden_CircleTurns,-171.3666,96.3571,221.3916,-4.2585,-14.2435,-30.5349,0.7788,-0.5381,-0.3224,0.9980,408,57.321636,0.2863,0.9636
BiancaGolden_CircleTurns,-171.5749,96.3997,221.3900,-4.5026,-14.4048,-30.2175,0.7805,-0.5359,-0.3219,0.9980,408,57.336346,0.2843,0.9640
BiancaGolden_CircleTurns,-171.7579,96.4027,221.4350,-4.7091,-14.3942,-30.0467,0.7772,-0.5421,-0.3196,0.9980,409,57.349510,0.2824,0.9640
BiancaGolden_CircleTurns,-171.9175,96.3546,221.5229,-4.7023,-14.1376,-30.1568,0.7734,-0.5516,-0.3122,0.9980,409,57.362675,0.2808,0.9635
BiancaGolden_CircleTurns,-172.0935,96.2134,221.6344,-4.5164,-13.7070,-30.7202,0.7651,-0.5693,-0.3008,0.9980,410,57.377506,0.2791,0.9621
BiancaGolden_CircleTurns,-172.2699,96.0456,221.6986,-4.0593,-13.1673,-31.6325,0.7571,-0.5896,-0.2814,0.9980,410,57.391262,0.2773,0.9605
BiancaGolden_CircleTurns,-172.4898,95.8553,221.7385,-3.4182,-12.6526,-32.8026,0.7345,-0.6216,-0.2723,0.9980,411,57.405746,0.2751,0.9586
BiancaGolden_CircleTurns,-172.7450,95.6426,221.7936,-2.8509,-12.1936,-34.6506,0.6991,-0.6515,-0.2948,0.9980,411,57.419472,0.2725,0.9564
BiancaGolden_CircleTurns,-172.9977,95.8067,222.5071,-1.3036,-13.6943,-37.2497,0.6835,-0.6559,-0.3203,0.9980,411,57.433525,0.2700,0.9581
BiancaGolden_CircleTurns,-173.2733,94.6626,223.0850,-3.1127,-15.0642,-38.1584,0.6552,-0.6980,-0.2890,0.9980,412,57.446877,0.2673,0.9466
BiancaGolden_CircleTurns,-173.6191,94.7651,222.3030,-3.4884,-12.8361,-41.6188,0.6372,-0.7193,-0.2767,0.9980,412,57.459858,0.2638,0.9477
BiancaGolden_CircleTurns,-173.5305,94.7399,222.4331,-1.0265,-12.3150,-43.9573,0.6571,-0.7267,-0.2001,0.9980,413,57.475147,0.2647,0.9474
BiancaGolden_CircleTurns,-172.5011,95.4414,222.7508,-1.2042,-8.0337,-43.9641,0.6635,-0.7215,-0.1980,0.9980,413,57.488586,0.2750,0.9544
BiancaGolden_CircleTurns,-173.3123,95.0883,222.9764,-2.3158,-7.8388,-43.5526,0.6774,-0.7114,-0.1871,0.9980,414,57.506435,0.2669,0.9509
BiancaGolden_CircleTurns,-173.1970,95.2782,223.0074,-4.8077,-7.0368,-42.7301,0.6646,-0.6983,-0.2658,0.9980,414,57.516758,0.2680,0.9528
BiancaGolden_CircleTurns,-173.2537,95.4927,222.7811,-5.2223,-7.4377,-42.1805,0.6728,-0.6678,-0.3183,0.9980,414,57.530617,0.2675,0.9549
BiancaGolden_CircleTurns,-173.3934,95.4710,222.7831,-4.6057,-7.3759,-40.6752,0.6814,-0.6568,-0.3228,0.9980,415,57.544495,0.2661,0.9547
BiancaGolden_CircleTurns,-173.5353,95.4344,222.8135,-4.3417,-7.6901,-40.1894,0.6913,-0.6013,-0.4008,0.9980,415,57.557308,0.2646,0.9543
BiancaGolden_CircleTurns,-173.6657,95.3765,222.6812,-3.7030,-7.6216,-39.9558,0.7603,-0.5161,-0.3944,0.9980,416,57.571877,0.2633,0.9538
BiancaGolden_CircleTurns,-173.8344,95.3928,222.7907,-4.0250,-7.8129,-40.4852,0.7582,-0.5167,-0.3978,0.9980,416,57.585880,0.2617,0.9539
BiancaGolden_CircleTurns,-173.9064,95.3658,222.8888,-4.3065,-8.0207,-40.7425,0.7600,-0.5199,-0.3900,0.9980,416,57.599892,0.2609,0.9537
BiancaGolden_CircleTurns,-173.9547,95.3195,222.9651,-4.7887,-8.0064,-41.0147,0.7744,-0.5371,-0.3344,0.9980,417,57.613777,0.2605,0.9532
BiancaGolden_CircleTurns,-174.0630,95.3281,222.9731,-5.4463,-8.1176,-41.3583,0.7728,-0.5388,-0.3353,0.9980,417,57.626781,0.2594,0.9533
BiancaGolden_CircleTurns,-174.1931,95.2150,222.8892,-5.6466,-8.2097,-41.6242,0.7700,-0.5384,-0.3424,0.9980,418,57.641827,0.2581,0.9522
BiancaGolden_CircleTurns,-174.3530,95.1613,222.5521,-5.9598,-8.0450,-41.8475,0.7554,-0.5476,-0.3599,0.9980,418,57.655666,0.2565,0.9516
BiancaGolden_CircleTurns,-174.4400,95.0653,222.5835,-5.4359,-8.6305,-41.9372,0.7507,-0.5473,-0.3700,0.9980,418,57.669701,0.2556,0.9507
BiancaGolden_CircleTurns,-174.4753,95.0223,222.6293,-4.6981,-9.1790,-41.9431,0.7465,-0.5510,-0.3732,0.9980,419,57.683388,0.2552,0.9502
BiancaGolden_CircleTurns,-174.5050,95.0215,222.5456,-4.8321,-9.5170,-41.9203,0.7270,-0.5672,-0.3870,0.9980,419,57.696297,0.2550,0.9502
BiancaGolden_CircleTurns,-174.6300,94.9838,222.4552,-4.8039,-9.9134,-41.7700,0.7239,-0.5693,-0.3895,0.9980,420,57.711285,0.2537,0.9498
BiancaGolden_CircleTurns,-174.6754,94.9665,222.3928,-4.6494,-10.3562,-41.8864,0.7237,-0.5722,-0.3859,0.9980,420,57.725906,0.2532,0.9497
BiancaGolden_CircleTurns,-174.6962,94.8847,222.4169,-4.6783,-10.5770,-42.0460,0.7239,-0.5743,-0.3823,0.9980,421,57.739231,0.2530,0.9488
BiancaGolden_CircleTurns,-174.6808,94.7602,222.4984,-4.8996,-10.4709,-42.1945,0.7241,-0.5782,-0.3761,0.9980,421,57.752533,0.2532,0.9476
BiancaGolden_CircleTurns,-174.4482,94.8644,222.6924,-5.5503,-10.3270,-42.3656,0.7400,-0.5817,-0.3378,0.9980,421,57.766945,0.2555,0.9486
BiancaGolden_CircleTurns,-174.4397,94.7953,222.6343,-5.9969,-9.6630,-41.7377,0.7471,-0.5833,-0.3187,0.9980,422,57.780579,0.2556,0.9480
BiancaGolden_CircleTurns,-174.3836,94.8099,222.5866,-6.2664,-9.3304,-41.4818,0.7529,-0.5771,-0.3165,0.9980,422,57.793819,0.2562,0.9481
BiancaGolden_CircleTurns,-174.3739,94.8286,222.5478,-6.3470,-9.2278,-41.1964,0.7553,-0.5739,-0.3164,0.9980,423,57.809410,0.2563,0.9483
BiancaGolden_CircleTurns,-174.4060,94.8135,222.6054,-5.9313,-9.3147,-40.8736,0.7578,-0.5701,-0.3173,0.9980,423,57.822815,0.2559,0.9481
BiancaGolden_CircleTurns,-174.3998,94.7652,222.5852,-5.2889,-9.3262,-40.4925,0.7617,-0.5650,-0.3172,0.9980,423,57.836872,0.2560,0.9477
BiancaGolden_CircleTurns,-174.3927,94.7715,222.5795,-5.1662,-9.3437,-40.3685,0.7599,-0.5667,-0.3184,0.9980,424,57.850742,0.2561,0.9477
BiancaGolden_CircleTurns,-174.3871,94.8664,222.5081,-5.7675,-9.6788,-40.3442,0.7631,-0.5614,-0.3202,0.9980,424,57.864628,0.2561,0.9487
BiancaGolden_CircleTurns,-174.4301,94.9427,222.4560,-5.9276,-9.7971,-40.0011,0.7606,-0.5624,-0.3242,0.9980,425,57.878819,0.2557,0.9494
BiancaGolden_CircleTurns,-174.4215,94.9405,222.5094,-6.0265,-9.8217,-39.8820,0.7613,-0.5612,-0.3247,0.9980,425,57.892361,0.2558,0.9494
BiancaGolden_CircleTurns,-174.4129,94.9463,222.4778,-5.9463,-9.7603,-39.7528,0.7615,-0.5619,-0.3231,0.9980,426,57.907204,0.2559,0.9495
BiancaGolden_CircleTurns,-174.4363,94.9117,222.5148,-5.7969,-9.6548,-39.7562,0.7578,-0.5637,-0.3286,0.9980,426,57.920502,0.2556,0.9491
BiancaGolden_CircleTurns,-174.4524,94.8787,222.5455,-5.6966,-9.5657,-39.8072,0.7573,-0.5649,-0.3278,0.9980,426,57.936008,0.2555,0.9488
BiancaGolden_CircleTurns,-174.4676,94.8545,222.5499,-5.6667,-9.5094,-39.8284,0.7516,-0.5714,-0.3295,0.9980,427,57.948387,0.2553,0.9485
BiancaGolden_CircleTurns,-174.5114,94.8367,222.5310,-5.6388,-9.6113,-39.9642,0.7513,-0.5721,-0.3289,0.9980,427,57.961491,0.2549,0.9484
BiancaGolden_CircleTurns,-174.5516,94.8225,222.5225,-5.5263,-9.6251,-39.9594,0.7516,-0.5736,-0.3257,0.9980,428,57.976730,0.2545,0.9482
BiancaGolden_CircleTurns,-174.5790,94.7556,222.5439,-5.3155,-9.4985,-39.9577,0.7511,-0.5757,-0.3232,0.9980,428,57.990349,0.2542,0.9476
BiancaGolden_CircleTurns,-174.6105,94.7349,222.5557,-5.2545,-9.3417,-39.9667,0.7511,-0.5763,-0.3222,0.9980,429,58.007591,0.2539,0.9473
BiancaGolden_CircleTurns,-174.6482,94.7416,222.5594,-5.2536,-9.2680,-39.9877,0.7499,-0.5769,-0.3237,0.9980,429,58.018467,0.2535,0.9474
BiancaGolden_CircleTurns,-174.7172,94.7547,222.5329,-5.2303,-9.3517,-39.9614,0.7501,-0.5772,-0.3229,0.9980,429,58.032883,0.2528,0.9475
BiancaGolden_CircleTurns,-174.7889,94.7758,222.5068,-5.1858,-9.5325,-39.9385,0.7495,-0.5735,-0.3307,0.9980,430,58.046558,0.2521,0.9478
BiancaGolden_CircleTurns,-174.8465,94.7908,222.4905,-5.1874,-9.7575,-39.8981,0.7499,-0.5723,-0.3319,0.9980,430,58.058624,0.2515,0.9479
BiancaGolden_CircleTurns,-174.8653,94.7890,222.5110,-5.2127,-9.8948,-39.8620,0.7505,-0.5709,-0.3328,0.9980,431,58.073860,0.2513,0.9479
BiancaGolden_CircleTurns,-174.8865,94.7745,222.5408,-5.2457,-9.8962,-39.8178,0.7511,-0.5707,-0.3319,0.9980,431,58.087559,0.2511,0.9477
BiancaGolden_CircleTurns,-174.9135,94.7542,222.5494,-5.2680,-9.8394,-39.7930,0.7516,-0.5709,-0.3303,0.9980,431,58.101822,0.2509,0.9475
BiancaGolden_CircleTurns,-174.9552,94.7464,222.5649,-5.2992,-9.8188,-39.7835,0.7502,-0.5738,-0.3286,0.9980,432,58.115669,0.2504,0.9475
BiancaGolden_CircleTurns,-175.0124,94.7312,222.5660,-5.2912,-9.7661,-39.7858,0.7503,-0.5742,-0.3277,0.9980,432,58.128998,0.2499,0.9473
BiancaGolden_CircleTurns,-175.0606,94.7254,222.5589,-5.2473,-9.7115,-39.7907,0.7505,-0.5744,-0.3269,0.9980,432,58.143932,0.2494,0.9473
BiancaGolden_CircleTurns,-175.1095,94.7110,222.5414,-5.1883,-9.6621,-39.8291,0.7500,-0.5749,-0.3270,0.9980,0,58.156506,0.2489,0.9471
BiancaGolden_CircleTurns,-175.1692,94.7069,222.5221,-5.0959,-9.6647,-39.8526,0.7491,-0.5752,-0.3286,0.9980,0,58.171482,0.2483,0.9471
BiancaGolden_CircleTurns,-175.2381,94.7139,222.5054,-4.9210,-9.7565,-39.8692,0.7477,-0.5747,-0.3327,0.9980,1,58.185875,0.2476,0.9471
BiancaGolden_CircleTurns,-175.2944,94.7322,222.4800,-4.7136,-9.9518,-39.8716,0.7467,-0.5746,-0.3351,0.9980,1,58.199268,0.2471,0.9473
BiancaGolden_CircleTurns,-175.3194,94.7768,222.4718,-4.6239,-10.1009,-39.9465,0.7450,-0.5758,-0.3367,0.9980,2,58.213711,0.2468,0.9478
BiancaGolden_CircleTurns,-175.3447,94.8389,222.4559,-4.6350,-10.1968,-40.0723,0.7416,-0.5795,-0.3381,0.9980,2,58.227467,0.2466,0.9484
BiancaGolden_CircleTurns,-175.3527,94.9288,222.4468,-4.6802,-10.2981,-40.2410,0.7394,-0.5811,-0.3400,0.9980,3,58.241798,0.2465,0.9493
BiancaGolden_CircleTurns,-175.3633,95.0114,222.4340,-4.5436,-10.4075,-40.3802,0.7374,-0.5833,-0.3405,0.9980,3,58.254951,0.2464,0.9501
BiancaGolden_CircleTurns,-175.3624,95.1093,222.3979,-4.2691,-10.4622,-40.5086,0.7383,-0.5835,-0.3384,0.9980,3,58.269611,0.2464,0.9511
BiancaGolden_CircleTurns,-175.3255,95.2311,222.3388,-3.9040,-10.4614,-40.5989,0.7371,-0.5855,-0.3374,0.9980,4,58.282936,0.2467,0.9523
BiancaGolden_CircleTurns,-175.2587,95.3641,222.3145,-3.6349,-10.4789,-40.6916,0.7363,-0.5865,-0.3375,0.9980,4,58.296810,0.2474,0.9536
BiancaGolden_CircleTurns,-175.1393,95.5045,222.3069,-3.4013,-10.4714,-40.7432,0.7401,-0.5818,-0.3374,0.9980,5,58.311302,0.2486,0.9550
BiancaGolden_CircleTurns,-175.0143,95.6614,222.2941,-3.1668,-10.4821,-40.7372,0.7421,-0.5807,-0.3348,0.9980,5,58.324883,0.2499,0.9566
BiancaGolden_CircleTurns,-174.8854,95.8212,222.2712,-2.9550,-10.5504,-40.7156,0.7417,-0.5803,-0.3363,0.9980,6,58.339287,0.2511,0.9582
BiancaGolden_CircleTurns,-174.7390,95.9509,222.2597,-2.7850,-10.6362,-40.6814,0.7404,-0.5791,-0.3413,0.9980,6,58.352539,0.2526,0.9595
BiancaGolden_CircleTurns,-174.5960,96.0543,222.2448,-2.6279,-10.6839,-40.7018,0.7402,-0.5797,-0.3407,0.9980,6,58.366779,0.2540,0.9605
BiancaGolden_CircleTurns,-174.4630,96.1332,222.2210,-2.4126,-10.6915,-40.7350,0.7415,-0.5778,-0.3410,0.9980,7,58.380241,0.2554,0.9613
BiancaGolden_CircleTurns,-174.3344,96.1682,222.1943,-2.2337,-10.7108,-40.8215,0.7415,-0.5810,-0.3356,0.9980,7,58.394089,0.2567,0.9617
BiancaGolden_CircleTurns,-174.1912,96.1884,222.1902,-2.0594,-10.6545,-40.9274,0.7416,-0.5818,-0.3341,0.9980,8,58.408421,0.2581,0.9619
BiancaGolden_CircleTurns,-174.0668,96.1852,222.1844,-1.6533,-10.5397,-40.8970,0.7426,-0.5808,-0.3336,0.9980,8,58.421902,0.2593,0.9619
BiancaGolden_CircleTurns,-173.9808,96.1974,222.1813,-1.1360,-10.4897,-40.7255,0.7950,-0.4969,-0.3480,0.9980,8,58.436314,0.2602,0.9620
BiancaGolden_CircleTurns,-173.9116,96.1841,222.1974,-0.8068,-10.5707,-40.5230,0.8311,-0.4322,-0.3500,0.9980,9,58.449848,0.2609,0.9618
