FileName,LocationX,LocationY,LocationZ,RotationRoll,RotationPitch,RotationYaw,GazeHitX,GazeHitY,GazeHitZ,GazeConfidence,Frame,Timestamp,RoomX_m,RoomY_m
BiancaGolden_CircleTurns,-200.0000,0.0000,30.0000,0.0000,0.0000,0.0000,0.0000,0.0000,0.0000,0.0000,0,0.016667,0.0000,0.0000
BiancaGolden_CircleTurns,-200.0000,0.0000,30.0000,0.0000,0.0000,0.0000,0.0000,0.0000,0.0000,0.0000,0,0.416667,0.0000,0.0000
BiancaGolden_CircleTurns,-200.0000,0.0000,30.0000,0.0000,0.0000,0.0000,0.0000,0.0000,0.0000,0.0000,1,0.464082,0.0000,0.0000
BiancaGolden_CircleTurns,-200.0000,0.0000,30.0000,0.0000,0.0000,0.0000,0.0000,0.0000,0.0000,0.0000,2,0.470037,0.0000,0.0000
BiancaGolden_CircleTurns,-200.0000,0.0000,30.0000,0.0000,0.0000,0.0000,0.0000,0.0000,0.0000,0.0000,2,0.482163,0.0000,0.0000
BiancaGolden_CircleTurns,-200.0000,0.0000,30.0000,0.0000,0.0000,0.0000,0.0000,0.0000,0.0000,0.0000,2,0.497205,0.0000,0.0000
BiancaGolden_CircleTurns,-200.0000,0.0000,30.0000,0.0000,0.0000,0.0000,0.0000,0.0000,0.0000,0.0000,3,0.512282,0.0000,0.0000
BiancaGolden_CircleTurns,-200.0000,0.0000,30.0000,0.0000,0.0000,0.0000,0.0000,0.0000,0.0000,0.0000,3,0.524942,0.0000,0.0000
BiancaGolden_CircleTurns,-200.0000,0.0000,30.0000,0.0000,0.0000,0.0000,0.0000,0.0000,0.0000,0.0000,4,0.540078,0.0000,0.0000
BiancaGolden_CircleTurns,-200.0000,0.0000,30.0000,0.0000,0.0000,0.0000,0.0000,0.0000,0.0000,0.0000,4,0.552920,0.0000,0.0000
BiancaGolden_CircleTurns,-200.0000,0.0000,30.0000,0.0000,0.0000,0.0000,0.0000,0.0000,0.0000,0.0000,5,0.581283,0.0000,0.0000
BiancaGolden_CircleTurns,-200.0000,0.0000,30.0000,0.0000,0.0000,0.0000,0.0000,0.0000,0.0000,0.0000,5,0.594683,0.0000,0.0000
BiancaGolden_CircleTurns,-200.0000,0.0000,30.0000,0.0000,0.0000,0.0000,0.0000,0.0000,0.0000,0.0000,6,0.607371,0.0000,0.0000
BiancaGolden_CircleTurns,-200.0000,0.0000,30.0000,0.0000,0.0000,0.0000,0.0000,0.0000,0.0000,0.0000,6,0.622599,0.0000,0.0000
BiancaGolden_CircleTurns,-200.0000,0.0000,30.0000,0.0000,0.0000,0.0000,0.0000,0.0000,0.0000,0.0000,7,0.636451,0.0000,0.0000
BiancaGolden_CircleTurns,-200.0000,0.0000,30.0000,0.0000,0.0000,0.0000,0.0000,0.0000,0.0000,0.0000,7,0.650092,0.0000,0.0000
BiancaGolden_CircleTurns,-200.0000,0.0000,30.0000,0.0000,0.0000,0.0000,0.0000,0.0000,0.0000,0.0000,8,0.664951,0.0000,0.0000
BiancaGolden_CircleTurns,-200.0000,0.0000,30.0000,0.0000,0.0000,0.0000,0.0000,0.0000,0.0000,0.0000,8,0.680916,0.0000,0.0000
BiancaGolden_CircleTurns,-200.0000,0.0000,30.0000,0.0000,0.0000,0.0000,0.0000,0.0000,0.0000,0.0000,8,0.692731,0.0000,0.0000
BiancaGolden_CircleTurns,-200.0000,0.0000,30.0000,0.0000,0.0000,0.0000,0.0000,0.0000,0.0000,0.0000,9,0.706004,0.0000,0.0000
BiancaGolden_CircleTurns,-200.0000,0.0000,30.0000,0.0000,0.0000,0.0000,0.0000,0.0000,0.0000,0.0000,9,0.719152,0.0000,0.0000
BiancaGolden_CircleTurns,-200.0000,0.0000,30.0000,0.0000,0.0000,0.0000,0.0000,0.0000,0.0000,0.0000,10,0.733860,0.0000,0.0000
BiancaGolden_CircleTurns,-200.0000,0.0000,30.0000,0.0000,0.0000,0.0000,0.0000,0.0000,0.0000,0.0000,10,0.747178,0.0000,0.0000
BiancaGolden_CircleTurns,-200.0000,0.0000,30.0000,0.0000,0.0000,0.0000,0.0000,0.0000,0.0000,0.0000,10,0.762046,0.0000,0.0000
BiancaGolden_CircleTurns,-200.0000,0.0000,30.0000,0.0000,0.0000,0.0000,0.0000,0.0000,0.0000,0.0000,11,0.775064,0.0000,0.0000
BiancaGolden_CircleTurns,-200.0000,0.0000,30.0000,0.0000,0.0000,0.0000,0.0000,0.0000,0.0000,0.0000,11,0.788509,0.0000,0.0000
BiancaGolden_CircleTurns,-200.0000,0.0000,30.0000,0.0000,0.0000,0.0000,0.0000,0.0000,0.0000,0.0000,12,0.803772,0.0000,0.0000
BiancaGolden_CircleTurns,-200.0000,0.0000,30.0000,0.0000,0.0000,0.0000,0.0000,0.0000,0.0000,0.0000,12,0.817360,0.0000,0.0000
BiancaGolden_CircleTurns,-200.0000,0.0000,30.0000,0.0000,0.0000,0.0000,0.0000,0.0000,0.0000,0.0000,13,0.831277,0.0000,0.0000
BiancaGolden_CircleTurns,-200.0000,0.0000,30.0000,0.0000,0.0000,0.0000,0.0000,0.0000,0.0000,0.0000,13,0.845100,0.0000,0.0000
BiancaGolden_CircleTurns,-200.0000,0.0000,30.0000,0.0000,0.0000,0.0000,0.0000,0.0000,0.0000,0.0000,13,0.859487,0.0000,0.0000
BiancaGolden_CircleTurns,-200.0000,0.0000,30.0000,0.0000,0.0000,0.0000,0.0000,0.0000,0.0000,0.0000,14,0.873034,0.0000,0.0000
BiancaGolden_CircleTurns,-200.0000,0.0000,30.0000,0.0000,0.0000,0.0000,0.0000,0.0000,0.0000,0.0000,14,0.886983,0.0000,0.0000
BiancaGolden_CircleTurns,-200.0000,0.0000,30.0000,0.0000,0.0000,0.0000,0.0000,0.0000,0.0000,0.0000,15,0.901224,0.0000,0.0000
BiancaGolden_CircleTurns,-200.0000,0.0000,30.0000,0.0000,0.0000,0.0000,0.0000,0.0000,0.0000,0.0000,15,0.914637,0.0000,0.0000
BiancaGolden_CircleTurns,-200.0000,0.0000,30.0000,0.0000,0.0000,0.0000,0.0000,0.0000,0.0000,0.0000,15,0.929157,0.0000,0.0000
BiancaGolden_CircleTurns,-200.0000,0.0000,30.0000,0.0000,0.0000,0.0000,0.0000,0.0000,0.0000,0.0000,16,0.942260,0.0000,0.0000
BiancaGolden_CircleTurns,-200.0000,0.0000,30.0000,0.0000,0.0000,0.0000,0.0000,0.0000,0.0000,0.0000,16,0.955321,0.0000,0.0000
BiancaGolden_CircleTurns,-200.0000,0.0000,30.0000,0.0000,0.0000,0.0000,0.0000,0.0000,0.0000,0.0000,17,0.968790,0.0000,0.0000
BiancaGolden_CircleTurns,-200.0000,0.0000,30.0000,0.0000,0.0000,0.0000,0.0000,0.0000,0.0000,0.0000,17,0.984025,0.0000,0.0000
BiancaGolden_CircleTurns,-200.0000,0.0000,30.0000,0.0000,0.0000,0.0000,0.0000,0.0000,0.0000,0.0000,17,0.996953,0.0000,0.0000
BiancaGolden_CircleTurns,-200.0000,0.0000,30.0000,0.0000,0.0000,0.0000,0.0000,0.0000,0.0000,0.0000,18,1.011481,0.0000,0.0000
BiancaGolden_CircleTurns,-200.0000,0.0000,30.0000,0.0000,0.0000,0.0000,0.0000,0.0000,0.0000,0.0000,18,1.024092,0.0000,0.0000
BiancaGolden_CircleTurns,-200.0000,0.0000,30.0000,0.0000,0.0000,0.0000,0.0000,0.0000,0.0000,0.0000,19,1.040413,0.0000,0.0000
BiancaGolden_CircleTurns,-200.0000,0.0000,30.0000,0.0000,0.0000,0.0000,0.0000,0.0000,0.0000,0.0000,19,1.052116,0.0000,0.0000
BiancaGolden_CircleTurns,-200.0000,0.0000,30.0000,0.0000,0.0000,0.0000,0.0000,0.0000,0.0000,0.0000,20,1.068618,0.0000,0.0000
BiancaGolden_CircleTurns,-200.0000,0.0000,30.0000,0.0000,0.0000,0.0000,0.0000,0.0000,0.0000,0.0000,20,1.081761,0.0000,0.0000
BiancaGolden_CircleTurns,-200.0000,0.0000,30.0000,0.0000,0.0000,0.0000,0.0000,0.0000,0.0000,0.0000,20,1.093939,0.0000,0.0000
BiancaGolden_CircleTurns,-200.0000,0.0000,30.0000,0.0000,0.0000,0.0000,0.0000,0.0000,0.0000,0.0000,21,1.108956,0.0000,0.0000
BiancaGolden_CircleTurns,-200.0000,0.0000,30.0000,0.0000,0.0000,0.0000,0.0000,0.0000,0.0000,0.0000,21,1.122254,0.0000,0.0000
BiancaGolden_CircleTurns,-200.0000,0.0000,30.0000,0.0000,0.0000,0.0000,0.0000,0.0000,0.0000,0.0000,22,1.138957,0.0000,0.0000
BiancaGolden_CircleTurns,-200.0000,0.0000,30.0000,0.0000,0.0000,0.0000,0.9252,0.0508,-0.3760,0.9980,22,1.151499,0.0000,0.0000
BiancaGolden_CircleTurns,-222.4088,0.6058,203.8370,1.1620,-8.5566,-2.0143,0.9247,0.0500,-0.3773,0.9980,23,1.170878,-0.2241,0.0061
BiancaGolden_CircleTurns,-222.3949,0.5879,203.8216,1.1402,-8.6451,-2.0957,0.9243,0.0487,-0.3787,0.9980,23,1.179478,-0.2239,0.0059
BiancaGolden_CircleTurns,-222.3837,0.5645,203.8119,1.1130,-8.7314,-2.1832,0.9241,0.0471,-0.3792,0.9980,23,1.195629,-0.2238,0.0056
BiancaGolden_CircleTurns,-222.3770,0.5489,203.8050,1.1143,-8.7650,-2.2817,0.9241,0.0458,-0.3795,0.9980,24,1.208342,-0.2238,0.0055
BiancaGolden_CircleTurns,-222.3634,0.5237,203.8052,1.1547,-8.7803,-2.3536,0.9241,0.0444,-0.3796,0.9980,24,1.222206,-0.2236,0.0052
BiancaGolden_CircleTurns,-222.3484,0.5024,203.7892,1.1617,-8.7835,-2.4342,0.9243,0.0432,-0.3793,0.9980,25,1.237867,-0.2235,0.0050
BiancaGolden_CircleTurns,-222.3445,0.4873,203.7911,1.1964,-8.7604,-2.4994,0.9242,0.0409,-0.3796,0.9980,25,1.252576,-0.2234,0.0049
BiancaGolden_CircleTurns,-222.3317,0.4588,203.7860,1.2475,-8.7786,-2.6299,0.9245,0.0404,-0.3790,0.9980,26,1.267717,-0.2233,0.0046
BiancaGolden_CircleTurns,-222.3313,0.4512,203.7891,1.2485,-8.7378,-2.6637,0.9507,0.0144,-0.3099,0.9980,26,1.281724,-0.2233,0.0045
BiancaGolden_CircleTurns,-222.3324,0.4495,203.7961,1.2361,-8.7332,-2.6607,0.9508,0.0146,-0.3095,0.9980,26,1.296251,-0.2233,0.0045
BiancaGolden_CircleTurns,-222.3299,0.4533,203.8061,1.2272,-8.7118,-2.6501,0.9518,0.0153,-0.3063,0.9980,27,1.309998,-0.2233,0.0045
BiancaGolden_CircleTurns,-222.3271,0.4544,203.8123,1.2419,-8.6962,-2.6160,0.9523,0.0166,-0.3048,0.9980,27,1.323247,-0.2233,0.0045
BiancaGolden_CircleTurns,-222.3231,0.4589,203.8189,1.2514,-8.6868,-2.6025,0.9568,0.0188,-0.2903,0.9980,28,1.339815,-0.2232,0.0046
BiancaGolden_CircleTurns,-222.3190,0.4602,203.8227,1.2574,-8.6763,-2.5397,0.9574,0.0192,-0.2880,0.9980,28,1.352187,-0.2232,0.0046
BiancaGolden_CircleTurns,-222.3156,0.4651,203.8242,1.2511,-8.6760,-2.4906,0.9587,0.0260,-0.2833,0.9980,29,1.366936,-0.2232,0.0047
BiancaGolden_CircleTurns,-222.3132,0.4686,203.8222,1.2362,-8.6784,-2.4497,0.9586,0.0263,-0.2837,0.9980,29,1.379387,-0.2231,0.0047
BiancaGolden_CircleTurns,-222.3108,0.4716,203.8194,1.2226,-8.7033,-2.4321,0.9586,0.0253,-0.2836,0.9980,29,1.393648,-0.2231,0.0047
BiancaGolden_CircleTurns,-222.3090,0.4692,203.8169,1.2248,-8.7014,-2.4226,0.9573,0.0251,-0.2880,0.9980,30,1.407320,-0.2231,0.0047
BiancaGolden_CircleTurns,-222.3078,0.4651,203.8140,1.2343,-8.7029,-2.4291,0.9557,0.0245,-0.2932,0.9980,30,1.420426,-0.2231,0.0047
BiancaGolden_CircleTurns,-222.3048,0.4581,203.8119,1.2394,-8.6917,-2.4593,0.9536,0.0267,-0.2998,0.9980,31,1.435894,-0.2230,0.0046
BiancaGolden_CircleTurns,-222.2994,0.4500,203.8115,1.2516,-8.6901,-2.5046,0.9541,0.0252,-0.2985,0.9980,31,1.448973,-0.2230,0.0045
BiancaGolden_CircleTurns,-222.2944,0.4442,203.8094,1.2786,-8.6867,-2.5896,0.9539,0.0244,-0.2990,0.9980,32,1.467648,-0.2229,0.0044
BiancaGolden_CircleTurns,-222.2887,0.4329,203.8078,1.2944,-8.7168,-2.6375,0.9539,0.0235,-0.2993,0.9980,32,1.478175,-0.2229,0.0043
BiancaGolden_CircleTurns,-222.2832,0.4248,203.8045,1.3109,-8.7317,-2.6888,0.9539,0.0231,-0.2993,0.9980,32,1.490975,-0.2228,0.0042
BiancaGolden_CircleTurns,-222.2785,0.4185,203.8024,1.3325,-8.7674,-2.7374,0.9539,0.0225,-0.2991,0.9980,33,1.504413,-0.2228,0.0042
BiancaGolden_CircleTurns,-222.2757,0.4164,203.7992,1.3464,-8.7765,-2.7727,0.9539,0.0231,-0.2993,0.9980,33,1.516905,-0.2228,0.0042
BiancaGolden_CircleTurns,-222.2732,0.4185,203.7965,1.3624,-8.7873,-2.7911,0.9539,0.0204,-0.2993,0.9980,34,1.531873,-0.2227,0.0042
BiancaGolden_CircleTurns,-222.2716,0.4230,203.7946,1.3551,-8.7915,-2.7799,0.9540,0.0207,-0.2992,0.9980,34,1.545624,-0.2227,0.0042
BiancaGolden_CircleTurns,-222.2686,0.4322,203.7928,1.3812,-8.7783,-2.7627,0.9546,0.0267,-0.2967,0.9980,34,1.559952,-0.2227,0.0043
BiancaGolden_CircleTurns,-222.2638,0.4447,203.7911,1.3982,-8.7709,-2.7295,0.9555,0.0254,-0.2939,0.9980,35,1.574294,-0.2226,0.0044
BiancaGolden_CircleTurns,-222.2594,0.4593,203.7915,1.3923,-8.7633,-2.6711,0.9555,0.0282,-0.2936,0.9980,35,1.587477,-0.2226,0.0046
BiancaGolden_CircleTurns,-222.2525,0.4770,203.7947,1.3699,-8.7444,-2.5765,0.9550,0.0278,-0.2954,0.9980,36,1.602852,-0.2225,0.0048
BiancaGolden_CircleTurns,-222.2386,0.4913,203.7994,1.3942,-8.7391,-2.5180,0.9549,0.0301,-0.2953,0.9980,36,1.615640,-0.2224,0.0049
BiancaGolden_CircleTurns,-222.2242,0.5053,203.8016,1.3939,-8.7327,-2.4582,0.9549,0.0312,-0.2953,0.9980,36,1.630149,-0.2222,0.0051
BiancaGolden_CircleTurns,-222.2082,0.5205,203.8006,1.4135,-8.7309,-2.3886,0.9544,0.0313,-0.2970,0.9980,37,1.643482,-0.2221,0.0052
BiancaGolden_CircleTurns,-222.1914,0.5340,203.7949,1.4398,-8.7343,-2.3117,0.9533,0.0377,-0.2996,0.9980,37,1.656894,-0.2219,0.0053
BiancaGolden_CircleTurns,-222.1679,0.5483,203.7846,1.4192,-8.7645,-2.2384,0.9367,0.0488,-0.3469,0.9980,38,1.672370,-0.2217,0.0055
BiancaGolden_CircleTurns,-222.1456,0.5620,203.7659,1.4135,-8.8436,-2.1809,0.9267,0.0508,-0.3725,0.9980,38,1.685876,-0.2215,0.0056
BiancaGolden_CircleTurns,-222.1205,0.5744,203.7361,1.3894,-8.9706,-2.1254,0.9229,0.0516,-0.3815,0.9980,39,1.700517,-0.2212,0.0057
BiancaGolden_CircleTurns,-222.0928,0.5823,203.7021,1.3738,-9.1383,-2.0801,0.9216,0.0525,-0.3847,0.9980,39,1.713772,-0.2209,0.0058
BiancaGolden_CircleTurns,-222.0413,0.5801,203.6296,1.3532,-9.3481,-2.0297,0.9192,0.0456,-0.3912,0.9980,39,1.727743,-0.2204,0.0058
BiancaGolden_CircleTurns,-221.9892,0.5851,203.5848,1.3516,-9.5758,-1.9874,0.9165,0.0463,-0.3973,0.9980,40,1.741284,-0.2199,0.0059
BiancaGolden_CircleTurns,-221.9386,0.5814,203.5275,1.3660,-9.8190,-1.9494,0.9147,0.0471,-0.4013,0.9980,40,1.754528,-0.2194,0.0058
BiancaGolden_CircleTurns,-221.8889,0.5885,203.4573,1.3600,-10.0872,-1.8934,0.9139,0.0515,-0.4026,0.9980,41,1.770761,-0.2189,0.0059
BiancaGolden_CircleTurns,-221.8511,0.5928,203.3966,1.3137,-10.4161,-1.8463,0.9162,0.0451,-0.3981,0.9980,41,1.783101,-0.2185,0.0059
BiancaGolden_CircleTurns,-221.7900,0.5943,203.3707,1.3302,-10.6277,-1.7682,0.9161,0.0462,-0.3982,0.9980,42,1.797640,-0.2179,0.0059
BiancaGolden_CircleTurns,-221.7503,0.5886,203.4020,1.2188,-10.6375,-1.7237,0.9205,0.0182,-0.3903,0.9980,42,1.811093,-0.2175,0.0059
BiancaGolden_CircleTurns,-221.6927,0.5896,203.5112,1.0516,-10.2931,-1.6988,0.9282,0.0212,-0.3714,0.9980,42,1.825228,-0.2169,0.0059
BiancaGolden_CircleTurns,-221.6142,0.5663,203.7884,0.7344,-9.1321,-1.5706,0.9118,0.0139,-0.4104,0.9980,43,1.838987,-0.2161,0.0057
BiancaGolden_CircleTurns,-221.5462,0.5548,204.1283,0.2606,-7.4551,-1.4917,0.9253,0.0191,-0.3788,0.9980,43,1.852429,-0.2155,0.0055
BiancaGolden_CircleTurns,-221.5175,0.4757,204.5368,-0.2543,-4.9369,-1.3065,0.9408,0.0229,-0.3381,0.9980,44,1.867718,-0.2152,0.0048
BiancaGolden_CircleTurns,-221.5591,0.3751,204.9142,-0.5448,-2.5975,-1.0862,0.9522,0.0282,-0.3040,0.9980,44,1.881783,-0.2156,0.0038
BiancaGolden_CircleTurns,-221.6680,0.2610,205.2031,-0.7037,-0.4028,-0.7836,0.9676,0.0289,-0.2510,0.9980,44,1.896701,-0.2167,0.0026
BiancaGolden_CircleTurns,-221.8591,0.1344,205.4066,-0.8331,1.1602,-0.4669,0.9724,0.0367,-0.2305,0.9980,45,1.909380,-0.2186,0.0013
BiancaGolden_CircleTurns,-221.9958,0.0229,205.5670,-1.0075,2.4064,-0.2141,0.9688,0.0381,-0.2450,0.9980,45,1.922301,-0.2200,0.0002
BiancaGolden_CircleTurns,-222.1544,-0.0979,205.6764,-1.3106,3.1760,-0.0005,0.9703,0.0256,-0.2407,0.9980,46,1.937450,-0.2215,-0.0010
BiancaGolden_CircleTurns,-222.2971,-0.2237,205.7207,-1.7702,3.5966,0.1476,0.9620,0.0151,-0.2725,0.9980,46,1.950839,-0.2230,-0.0022
BiancaGolden_CircleTurns,-222.4414,-0.3595,205.7505,-2.2137,3.7847,0.2319,0.9615,0.0186,-0.2742,0.9980,47,1.968650,-0.2244,-0.0036
BiancaGolden_CircleTurns,-222.5737,-0.4864,205.7002,-2.5783,3.5258,0.3118,0.9489,0.0176,-0.3151,0.9980,47,1.979048,-0.2257,-0.0049
BiancaGolden_CircleTurns,-222.6872,-0.6082,205.5790,-2.8804,2.6926,0.3629,0.9327,0.0275,-0.3597,0.9980,47,1.993640,-0.2269,-0.0061
BiancaGolden_CircleTurns,-222.8110,-0.7241,205.4178,-3.2159,1.6485,0.4546,0.9123,0.0346,-0.4081,0.9980,48,2.006621,-0.2281,-0.0072
BiancaGolden_CircleTurns,-222.9220,-0.8418,205.2375,-3.5219,0.6425,0.5315,0.8955,0.0382,-0.4434,0.9980,48,2.019239,-0.2292,-0.0084
BiancaGolden_CircleTurns,-223.0317,-0.9636,205.0251,-3.7640,-0.9377,0.6140,0.8799,0.0206,-0.4746,0.9980,49,2.034794,-0.2303,-0.0096
BiancaGolden_CircleTurns,-223.1116,-1.0790,204.8449,-3.8843,-2.6485,0.6372,0.8668,0.0214,-0.4981,0.9980,49,2.047881,-0.2311,-0.0108
BiancaGolden_CircleTurns,-223.1297,-1.1909,204.6625,-4.0025,-4.1897,0.6468,0.8482,0.0172,-0.5294,0.9980,49,2.062767,-0.2313,-0.0119
BiancaGolden_CircleTurns,-223.0575,-1.2893,204.5191,-4.2151,-5.6532,0.5429,0.8380,0.0131,-0.5455,0.9980,50,2.077116,-0.2306,-0.0129
BiancaGolden_CircleTurns,-222.9410,-1.3855,204.4162,-4.4482,-6.7362,0.3757,0.8439,0.0086,-0.5365,0.9980,50,2.089124,-0.2294,-0.0139
BiancaGolden_CircleTurns,-222.8180,-1.4664,204.2654,-4.6969,-7.5138,0.2004,0.8479,0.0003,-0.5301,0.9980,51,2.104377,-0.2282,-0.0147
BiancaGolden_CircleTurns,-222.7216,-1.5305,204.1090,-4.8631,-7.9995,-0.0391,0.8581,-0.0295,-0.5127,0.9980,51,2.118520,-0.2272,-0.0153
BiancaGolden_CircleTurns,-222.7410,-1.5862,204.0074,-4.9505,-7.8233,-0.3159,0.8717,-0.0381,-0.4886,0.9980,52,2.132158,-0.2274,-0.0159
BiancaGolden_CircleTurns,-222.8800,-1.7112,204.2362,-4.7130,-6.5141,-0.6880,0.8998,-0.0470,-0.4337,0.9980,52,2.145934,-0.2288,-0.0171
BiancaGolden_CircleTurns,-222.7942,-1.8737,205.0795,-4.3492,-3.4357,-1.0928,0.9383,-0.0439,-0.3429,0.9980,52,2.159710,-0.2279,-0.0187
BiancaGolden_CircleTurns,-222.8033,-1.9492,205.7472,-4.3889,-0.1088,-1.4742,0.9639,0.0146,-0.2660,0.9980,53,2.174194,-0.2280,-0.0195
BiancaGolden_CircleTurns,-223.0498,-2.0457,206.0401,-4.3760,2.6575,-1.4955,0.9984,0.0026,-0.0560,0.9980,53,2.186972,-0.2305,-0.0205
BiancaGolden_CircleTurns,-223.3361,-2.1468,206.0980,-3.9027,4.3067,-1.2769,0.9992,-0.0137,-0.0386,0.9980,54,2.201861,-0.2334,-0.0215
BiancaGolden_CircleTurns,-223.4885,-2.1654,206.0682,-3.5832,5.3658,-1.3283,0.9995,-0.0111,-0.0301,0.9980,54,2.215789,-0.2349,-0.0217
BiancaGolden_CircleTurns,-223.6580,-2.2525,206.1000,-3.1810,5.9789,-1.0693,0.9975,-0.0069,-0.0699,0.9980,54,2.230640,-0.2366,-0.0225
BiancaGolden_CircleTurns,-223.7574,-2.2576,206.0502,-3.1864,5.8363,-1.0092,0.9934,0.0477,-0.1047,0.9980,55,2.243275,-0.2376,-0.0226
BiancaGolden_CircleTurns,-223.8692,-2.2606,205.9669,-3.4834,5.3216,-0.9404,0.9903,0.0515,-0.1287,0.9980,55,2.256568,-0.2387,-0.0226
BiancaGolden_CircleTurns,-223.9158,-2.3413,205.7541,-3.8786,3.9911,-0.8088,0.9817,0.0452,-0.1852,0.9980,56,2.271541,-0.2392,-0.0234
BiancaGolden_CircleTurns,-223.9640,-2.4509,205.6131,-4.1080,2.8488,-0.7376,0.9725,0.0463,-0.2281,0.9980,56,2.285622,-0.2396,-0.0245
BiancaGolden_CircleTurns,-223.9541,-2.5943,205.5431,-3.9366,1.7394,-0.7345,0.9699,0.0436,-0.2397,0.9980,57,2.299654,-0.2395,-0.0259
BiancaGolden_CircleTurns,-223.9472,-2.6640,205.4929,-3.8802,1.0952,-0.8490,0.9622,0.0580,-0.2661,0.9980,57,2.313016,-0.2395,-0.0266
BiancaGolden_CircleTurns,-223.8991,-2.7556,205.4653,-3.9523,0.5148,-0.9214,0.9586,0.0589,-0.2786,0.9980,57,2.327235,-0.2390,-0.0276
BiancaGolden_CircleTurns,-223.7937,-2.8138,205.3951,-4.2288,0.0564,-0.9714,0.8955,0.0188,-0.4446,0.9980,58,2.340626,-0.2379,-0.0281
BiancaGolden_CircleTurns,-223.6891,-2.8810,205.2666,-4.5708,-0.4322,-0.9543,0.8915,0.0218,-0.4524,0.9980,58,2.353722,-0.2369,-0.0288
BiancaGolden_CircleTurns,-223.5364,-2.9802,205.1430,-4.7014,-0.9591,-0.8146,0.8917,0.0570,-0.4491,0.9980,59,2.369080,-0.2354,-0.0298
BiancaGolden_CircleTurns,-223.3777,-3.1043,205.0579,-4.5252,-1.4291,-0.6696,0.8874,0.0559,-0.4576,0.9980,59,2.383570,-0.2338,-0.0310
BiancaGolden_CircleTurns,-223.2014,-3.2248,204.9653,-4.3459,-1.9603,-0.6521,0.8830,0.0547,-0.4662,0.9980,59,2.396787,-0.2320,-0.0322
BiancaGolden_CircleTurns,-222.9980,-3.3337,204.8356,-4.2386,-2.5160,-0.6886,0.8600,0.0200,-0.5098,0.9980,60,2.410842,-0.2300,-0.0333
BiancaGolden_CircleTurns,-222.8036,-3.4034,204.6715,-4.2799,-3.2707,-0.7294,0.8518,0.0204,-0.5235,0.9980,60,2.424023,-0.2280,-0.0340
BiancaGolden_CircleTurns,-222.5910,-3.4672,204.4461,-4.3925,-4.1836,-0.6813,0.8543,0.0198,-0.5194,0.9980,61,2.438687,-0.2259,-0.0347
BiancaGolden_CircleTurns,-222.4237,-3.5299,204.1820,-4.4788,-5.3599,-0.5373,0.8588,0.0005,-0.5123,0.9980,61,2.453033,-0.2242,-0.0353
BiancaGolden_CircleTurns,-222.2596,-3.5936,203.8777,-4.4062,-6.7957,-0.3167,0.8444,0.0036,-0.5357,0.9980,62,2.470426,-0.2226,-0.0359
BiancaGolden_CircleTurns,-222.0871,-3.6816,203.5916,-4.2696,-8.3026,-0.0686,0.8344,0.0060,-0.5511,0.9980,62,2.480589,-0.2209,-0.0368
BiancaGolden_CircleTurns,-221.9153,-3.7670,203.3456,-4.1209,-9.8785,0.2305,0.8208,0.0107,-0.5712,0.9980,62,2.494777,-0.2192,-0.0377
BiancaGolden_CircleTurns,-221.7071,-3.8345,203.1468,-4.1404,-11.2441,0.5162,0.8067,0.0199,-0.5906,0.9980,63,2.507701,-0.2171,-0.0383
BiancaGolden_CircleTurns,-221.4945,-3.8980,202.9821,-4.3403,-12.4833,0.8747,0.7932,0.0274,-0.6083,0.9980,63,2.520331,-0.2149,-0.0390
BiancaGolden_CircleTurns,-221.2874,-3.9609,202.7984,-4.5694,-13.4377,1.2853,0.7776,0.0462,-0.6271,0.9980,64,2.537265,-0.2129,-0.0396
BiancaGolden_CircleTurns,-221.1018,-4.0611,202.6626,-4.6787,-14.1083,1.7834,0.7731,0.0522,-0.6322,0.9980,64,2.548888,-0.2110,-0.0406
BiancaGolden_CircleTurns,-220.8925,-4.1556,202.5415,-4.7106,-14.5795,2.1937,0.7719,0.0565,-0.6332,0.9980,64,2.562951,-0.2089,-0.0416
BiancaGolden_CircleTurns,-220.6735,-4.2628,202.4804,-4.6893,-14.5622,2.5485,0.8018,0.0743,-0.5930,0.9980,65,2.576691,-0.2067,-0.0426
BiancaGolden_CircleTurns,-220.4573,-4.3575,202.4373,-4.7692,-14.4892,2.8023,0.8141,0.0502,-0.5785,0.9980,65,2.590883,-0.2046,-0.0436
BiancaGolden_CircleTurns,-220.3283,-4.4330,202.3325,-4.9655,-14.4897,3.0022,0.8275,0.0463,-0.5595,0.9980,66,2.605329,-0.2033,-0.0443
BiancaGolden_CircleTurns,-220.2521,-4.5292,202.1968,-5.0502,-14.7963,3.3000,0.8266,0.0478,-0.5607,0.9980,66,2.618869,-0.2025,-0.0453
BiancaGolden_CircleTurns,-220.1799,-4.6376,202.0748,-4.8791,-15.2298,3.5691,0.8234,0.0502,-0.5652,0.9980,67,2.633255,-0.2018,-0.0464
BiancaGolden_CircleTurns,-220.0740,-4.7387,202.0025,-4.7572,-15.5519,3.7981,0.8226,0.0492,-0.5665,0.9980,67,2.646721,-0.2007,-0.0474
BiancaGolden_CircleTurns,-219.9297,-4.8412,201.9710,-4.6309,-15.7294,3.9236,0.8341,0.0452,-0.5497,0.9980,67,2.661967,-0.1993,-0.0484
BiancaGolden_CircleTurns,-219.8011,-4.9485,201.9305,-4.5623,-15.8233,3.9903,0.8410,0.0401,-0.5396,0.9980,68,2.675450,-0.1980,-0.0495
BiancaGolden_CircleTurns,-219.6973,-5.0495,201.8717,-4.3782,-15.8700,3.9696,0.8420,0.0424,-0.5378,0.9980,68,2.688642,-0.1970,-0.0505
BiancaGolden_CircleTurns,-219.5977,-5.1506,201.8035,-4.1758,-15.9166,3.9781,0.8398,0.0432,-0.5412,0.9980,69,2.703884,-0.1960,-0.0515
BiancaGolden_CircleTurns,-219.5213,-5.2583,201.7622,-3.8794,-16.0053,4.0304,0.8387,0.0422,-0.5430,0.9980,69,2.716552,-0.1952,-0.0526
BiancaGolden_CircleTurns,-219.4423,-5.3606,201.7173,-3.5612,-16.1296,4.0734,0.8410,0.0488,-0.5389,0.9980,70,2.730811,-0.1944,-0.0536
BiancaGolden_CircleTurns,-219.3713,-5.4391,201.6574,-3.3640,-16.2553,4.1146,0.8379,0.0488,-0.5437,0.9980,70,2.744142,-0.1937,-0.0544
BiancaGolden_CircleTurns,-219.2977,-5.5448,201.5889,-3.2296,-16.3893,4.1607,0.8372,0.0411,-0.5453,0.9980,70,2.758512,-0.1930,-0.0554
BiancaGolden_CircleTurns,-219.1999,-5.6476,201.5087,-3.0815,-16.4821,4.2012,0.8367,0.0405,-0.5462,0.9980,71,2.772259,-0.1920,-0.0565
BiancaGolden_CircleTurns,-219.0863,-5.7373,201.4458,-3.0198,-16.5479,4.1845,0.8360,0.0409,-0.5473,0.9980,71,2.785894,-0.1909,-0.0574
BiancaGolden_CircleTurns,-218.9747,-5.8431,201.3992,-2.9435,-16.6222,4.2413,0.8427,0.0404,-0.5369,0.9980,72,2.801452,-0.1897,-0.0584
BiancaGolden_CircleTurns,-218.8462,-5.9503,201.3556,-2.6851,-16.6686,4.3018,0.8408,0.0463,-0.5394,0.9980,72,2.814416,-0.1885,-0.0595
BiancaGolden_CircleTurns,-218.7969,-5.9884,201.1775,-2.8427,-16.8474,4.2518,0.8373,0.0436,-0.5451,0.9980,72,2.828500,-0.1880,-0.0599
BiancaGolden_CircleTurns,-218.6835,-6.0844,201.0931,-2.8741,-17.1984,4.3830,0.8382,0.0494,-0.5431,0.9980,73,2.842735,-0.1868,-0.0608
BiancaGolden_CircleTurns,-218.5058,-6.2128,201.1150,-2.3015,-17.2880,4.6595,0.8392,0.0479,-0.5417,0.9980,73,2.855286,-0.1851,-0.0621
BiancaGolden_CircleTurns,-218.3515,-6.2337,201.0485,-2.1751,-17.2297,4.6320,0.8383,0.0487,-0.5430,0.9980,74,2.871136,-0.1835,-0.0623
BiancaGolden_CircleTurns,-218.2178,-6.2552,200.9343,-2.4815,-17.2765,4.5924,0.8374,0.0505,-0.5442,0.9980,74,2.884006,-0.1822,-0.0626
BiancaGolden_CircleTurns,-218.0464,-6.2943,200.8455,-2.6063,-17.3551,4.6736,0.8376,0.0518,-0.5438,0.9980,75,2.897809,-0.1805,-0.0629
BiancaGolden_CircleTurns,-217.8362,-6.3572,200.8049,-2.4083,-17.3885,4.8367,0.8387,0.0569,-0.5416,0.9980,75,2.911417,-0.1784,-0.0636
BiancaGolden_CircleTurns,-217.5654,-6.3879,200.7949,-2.0773,-17.2440,4.9752,0.8396,0.0574,-0.5401,0.9980,75,2.926199,-0.1757,-0.0639
BiancaGolden_CircleTurns,-217.3363,-6.3383,200.6731,-2.2459,-17.1365,4.9504,0.8386,0.0614,-0.5412,0.9980,76,2.940935,-0.1734,-0.0634
BiancaGolden_CircleTurns,-217.0593,-6.3521,200.6246,-2.4520,-17.2251,5.1307,0.8399,0.0585,-0.5395,0.9980,76,2.956851,-0.1706,-0.0635
BiancaGolden_CircleTurns,-216.7002,-6.3885,200.7093,-2.1603,-17.2520,5.3324,0.8415,0.0575,-0.5372,0.9980,77,2.969371,-0.1670,-0.0639
BiancaGolden_CircleTurns,-216.3363,-6.3219,200.7326,-1.9144,-17.0823,5.3324,0.8411,0.0569,-0.5379,0.9980,77,2.981153,-0.1634,-0.0632
BiancaGolden_CircleTurns,-216.0344,-6.2285,200.6547,-2.1611,-17.1478,5.1994,0.8372,0.0570,-0.5440,0.9980,77,2.996505,-0.1603,-0.0623
BiancaGolden_CircleTurns,-215.6704,-6.1297,200.5976,-2.5328,-17.5284,5.2155,0.8343,0.0527,-0.5487,0.9980,78,3.008678,-0.1567,-0.0613
BiancaGolden_CircleTurns,-215.2260,-6.0749,200.6448,-2.2728,-17.8398,5.3589,0.8315,0.0521,-0.5531,0.9980,78,3.021888,-0.1523,-0.0607
BiancaGolden_CircleTurns,-214.7332,-5.9631,200.6788,-1.9822,-17.9501,5.4246,0.8325,0.0554,-0.5513,0.9980,79,3.037339,-0.1473,-0.0596
BiancaGolden_CircleTurns,-214.2354,-5.8131,200.6789,-1.9688,-18.0309,5.3742,0.8320,0.0546,-0.5520,0.9980,79,3.050980,-0.1424,-0.0581
BiancaGolden_CircleTurns,-213.7049,-5.6801,200.6553,-1.8775,-18.0931,5.3669,0.8336,0.0534,-0.5498,0.9980,80,3.065821,-0.1370,-0.0568
BiancaGolden_CircleTurns,-213.1549,-5.5025,200.5920,-1.6862,-18.1074,5.3305,0.8343,0.0477,-0.5493,0.9980,80,3.078640,-0.1315,-0.0550
BiancaGolden_CircleTurns,-212.5659,-5.3151,200.5617,-1.4444,-18.1714,5.2736,0.8346,0.0427,-0.5493,0.9980,80,3.092919,-0.1257,-0.0532
BiancaGolden_CircleTurns,-211.9930,-5.0710,200.4622,-1.2887,-18.1731,5.1851,0.8328,0.0400,-0.5522,0.9980,81,3.106186,-0.1199,-0.0507
BiancaGolden_CircleTurns,-211.4330,-4.8068,200.3263,-1.3624,-18.3716,5.1179,0.8298,0.0393,-0.5567,0.9980,81,3.119688,-0.1143,-0.0481
BiancaGolden_CircleTurns,-210.8398,-4.5345,200.1674,-1.3927,-18.7186,5.1009,0.8268,0.0373,-0.5613,0.9980,82,3.134835,-0.1084,-0.0453
BiancaGolden_CircleTurns,-210.2297,-4.2469,200.0086,-1.2574,-19.0416,5.0258,0.8246,0.0354,-0.5647,0.9980,82,3.148673,-0.1023,-0.0425
BiancaGolden_CircleTurns,-209.5980,-3.9589,199.8559,-1.0286,-19.2916,4.9531,0.8241,0.0333,-0.5654,0.9980,82,3.162798,-0.0960,-0.0396
BiancaGolden_CircleTurns,-208.9324,-3.6179,199.6991,-0.7507,-19.3496,4.8307,0.8259,0.0315,-0.5630,0.9980,83,3.177272,-0.0893,-0.0362
BiancaGolden_CircleTurns,-208.2760,-3.2515,199.5305,-0.5987,-19.3368,4.7053,0.8258,0.0291,-0.5632,0.9980,83,3.189706,-0.0828,-0.0325
BiancaGolden_CircleTurns,-207.6224,-2.8701,199.3684,-0.4817,-19.2695,4.6180,0.8285,0.0260,-0.5594,0.9980,84,3.204521,-0.0762,-0.0287
BiancaGolden_CircleTurns,-206.9864,-2.4441,199.2121,-0.4654,-19.0869,4.4556,0.8309,0.0235,-0.5559,0.9980,84,3.218293,-0.0699,-0.0244
BiancaGolden_CircleTurns,-206.3579,-2.0016,199.0451,-0.4763,-18.8733,4.2725,0.8321,0.0206,-0.5543,0.9980,85,3.233037,-0.0636,-0.0200
BiancaGolden_CircleTurns,-205.7496,-1.5279,198.8828,-0.4947,-18.6541,4.0533,0.8337,0.0241,-0.5517,0.9980,85,3.245933,-0.0575,-0.0153
BiancaGolden_CircleTurns,-205.1592,-1.0142,198.7386,-0.5490,-18.5417,3.8353,0.8322,0.0213,-0.5540,0.9980,85,3.260655,-0.0516,-0.0101
BiancaGolden_CircleTurns,-204.5884,-0.4699,198.6304,-0.6121,-18.5413,3.6203,0.8312,0.0186,-0.5557,0.9980,86,3.275049,-0.0459,-0.0047
BiancaGolden_CircleTurns,-204.0480,0.1066,198.5441,-0.6601,-18.6570,3.4289,0.8278,0.0219,-0.5605,0.9980,86,3.287858,-0.0405,0.0011
BiancaGolden_CircleTurns,-203.4865,0.7143,198.5238,-0.5850,-18.8258,3.2290,0.8257,0.0186,-0.5638,0.9980,87,3.302116,-0.0349,0.0071
BiancaGolden_CircleTurns,-202.7977,1.3343,198.7397,-0.3761,-19.0863,3.0801,0.8285,0.0157,-0.5598,0.9980,87,3.316032,-0.0280,0.0133
BiancaGolden_CircleTurns,-202.0512,2.0030,199.0958,-0.1413,-18.9536,2.9042,0.8323,0.0143,-0.5541,0.9980,87,3.330191,-0.0205,0.0200
BiancaGolden_CircleTurns,-201.4424,2.7348,199.1782,-0.2003,-18.5268,2.6007,0.8349,0.0151,-0.5502,0.9980,88,3.344007,-0.0144,0.0273
BiancaGolden_CircleTurns,-200.9110,3.3859,199.0930,-0.0689,-18.2610,2.4006,0.8388,0.0064,-0.5444,0.9980,88,3.357031,-0.0091,0.0339
BiancaGolden_CircleTurns,-200.3255,4.0390,199.0832,0.3559,-17.8737,2.2118,0.8406,0.0054,-0.5416,0.9980,89,3.372277,-0.0033,0.0404
BiancaGolden_CircleTurns,-199.7776,4.7171,199.1474,0.7832,-17.4411,1.9704,0.8432,0.0010,-0.5376,0.9980,89,3.385962,0.0022,0.0472
BiancaGolden_CircleTurns,-199.2280,5.3744,199.2317,1.1841,-17.1755,1.7924,0.8448,-0.0091,-0.5350,0.9980,90,3.399937,0.0077,0.0537
BiancaGolden_CircleTurns,-198.7189,6.0261,199.3647,1.5655,-17.0249,1.6597,0.8421,-0.0057,-0.5393,0.9980,90,3.413611,0.0128,0.0603
BiancaGolden_CircleTurns,-198.2163,6.6809,199.5469,1.8221,-16.9004,1.4994,0.8407,-0.0095,-0.5414,0.9980,90,3.428253,0.0178,0.0668
BiancaGolden_CircleTurns,-197.7371,7.3309,199.7792,2.0260,-16.7929,1.3250,0.8415,-0.0123,-0.5401,0.9980,91,3.441627,0.0226,0.0733
BiancaGolden_CircleTurns,-197.2355,7.9716,200.0289,2.2242,-16.5526,1.1708,0.8385,-0.0045,-0.5450,0.9980,91,3.459399,0.0276,0.0797
BiancaGolden_CircleTurns,-196.7699,8.5887,200.2722,2.3898,-16.1850,1.0014,0.8428,-0.0080,-0.5382,0.9980,92,3.470414,0.0323,0.0859
BiancaGolden_CircleTurns,-196.3333,9.1842,200.5063,2.5463,-15.7097,0.8265,0.8449,-0.0114,-0.5348,0.9980,92,3.483217,0.0367,0.0918
BiancaGolden_CircleTurns,-195.8967,9.7564,200.7628,2.7191,-15.1558,0.6557,0.8483,-0.0124,-0.5294,0.9980,93,3.497611,0.0410,0.0976
BiancaGolden_CircleTurns,-195.4817,10.3286,201.0239,2.9329,-14.4957,0.5511,0.8526,-0.0141,-0.5224,0.9980,93,3.511015,0.0452,0.1033
BiancaGolden_CircleTurns,-195.0892,10.8770,201.2574,3.1661,-13.8530,0.5262,0.8506,-0.0126,-0.5256,0.9980,93,3.525068,0.0491,0.1088
BiancaGolden_CircleTurns,-194.7324,11.4125,201.4591,3.4142,-13.2694,0.5353,0.8527,-0.0117,-0.5222,0.9980,94,3.538682,0.0527,0.1141
BiancaGolden_CircleTurns,-194.3942,11.9108,201.6379,3.6356,-12.7570,0.5534,0.8567,-0.0121,-0.5156,0.9980,94,3.552199,0.0561,0.1191
BiancaGolden_CircleTurns,-194.0659,12.3758,201.7788,3.8469,-12.3216,0.5978,0.8497,-0.0143,-0.5271,0.9980,95,3.567052,0.0593,0.1238
BiancaGolden_CircleTurns,-193.7292,12.8315,201.9247,4.0011,-11.9392,0.6050,0.8474,-0.0132,-0.5308,0.9980,95,3.580701,0.0627,0.1283
BiancaGolden_CircleTurns,-193.3853,13.2679,202.0917,4.0412,-11.6325,0.5797,0.8475,-0.0169,-0.5305,0.9980,95,3.595437,0.0661,0.1327
BiancaGolden_CircleTurns,-193.0407,13.6727,202.2361,4.0270,-11.4084,0.5311,0.8441,-0.0158,-0.5360,0.9980,96,3.608647,0.0696,0.1367
BiancaGolden_CircleTurns,-192.7001,14.0561,202.3482,4.1187,-11.2406,0.5030,0.8378,-0.0203,-0.5456,0.9980,96,3.621680,0.0730,0.1406
BiancaGolden_CircleTurns,-192.3646,14.4157,202.4176,4.2206,-11.1857,0.4902,0.8371,-0.0205,-0.5467,0.9980,97,3.637013,0.0764,0.1442
BiancaGolden_CircleTurns,-192.0309,14.7396,202.4571,4.3281,-11.2625,0.5184,0.8312,-0.0206,-0.5556,0.9980,97,3.650428,0.0797,0.1474
BiancaGolden_CircleTurns,-191.6906,15.0612,202.4801,4.4140,-11.4026,0.5356,0.8263,-0.0222,-0.5628,0.9980,98,3.664584,0.0831,0.1506
BiancaGolden_CircleTurns,-191.3368,15.3556,202.5146,4.5187,-11.6370,0.5891,0.8187,-0.0261,-0.5736,0.9980,98,3.678237,0.0866,0.1536
BiancaGolden_CircleTurns,-191.0013,15.6403,202.5106,4.5776,-11.9195,0.6554,0.8077,-0.0270,-0.5889,0.9980,98,3.693918,0.0900,0.1564
BiancaGolden_CircleTurns,-190.6740,15.8973,202.4770,4.5495,-12.3402,0.7061,0.8034,-0.0291,-0.5947,0.9980,99,3.706164,0.0933,0.1590
BiancaGolden_CircleTurns,-190.3418,16.1355,202.4296,4.4787,-12.7370,0.7309,0.7995,-0.0284,-0.6000,0.9980,99,3.720343,0.0966,0.1614
BiancaGolden_CircleTurns,-189.9958,16.3599,202.3864,4.4178,-13.1395,0.7631,0.7959,-0.0336,-0.6045,0.9980,100,3.734782,0.1000,0.1636
BiancaGolden_CircleTurns,-189.6313,16.5532,202.3519,4.3493,-13.5109,0.8080,0.7929,-0.0317,-0.6086,0.9980,100,3.748302,0.1037,0.1655
BiancaGolden_CircleTurns,-189.2651,16.7509,202.3021,4.2389,-13.8026,0.8715,0.7902,-0.0309,-0.6120,0.9980,100,3.762501,0.1073,0.1675
BiancaGolden_CircleTurns,-188.9122,16.9032,202.2286,4.1815,-14.0504,0.9624,0.7917,-0.0293,-0.6102,0.9980,101,3.775811,0.1109,0.1690
BiancaGolden_CircleTurns,-188.5599,17.0472,202.1559,4.1406,-14.2887,1.0811,0.7899,-0.0278,-0.6126,0.9980,101,3.789251,0.1144,0.1705
BiancaGolden_CircleTurns,-188.1986,17.1764,202.1100,4.1588,-14.4695,1.1843,0.7886,-0.0265,-0.6143,0.9980,102,3.804777,0.1180,0.1718
BiancaGolden_CircleTurns,-187.8282,17.2785,202.0829,4.1515,-14.5880,1.2948,0.7876,-0.0256,-0.6157,0.9980,102,3.817912,0.1217,0.1728
BiancaGolden_CircleTurns,-187.4545,17.3783,202.0532,4.1491,-14.7035,1.3603,0.7848,-0.0243,-0.6193,0.9980,103,3.832113,0.1255,0.1738
BiancaGolden_CircleTurns,-187.0727,17.4404,202.0170,4.1722,-14.8318,1.4267,0.7863,-0.0240,-0.6174,0.9980,103,3.846203,0.1293,0.1744
BiancaGolden_CircleTurns,-186.6952,17.4762,201.9596,4.2625,-14.9931,1.4666,0.7839,-0.0263,-0.6204,0.9980,103,3.860127,0.1330,0.1748
BiancaGolden_CircleTurns,-186.3233,17.4905,201.8811,4.3421,-15.2275,1.4795,0.7810,-0.0271,-0.6240,0.9980,104,3.873406,0.1368,0.1749
BiancaGolden_CircleTurns,-185.9286,17.4929,201.8092,4.3121,-15.4900,1.4152,0.8019,-0.0387,-0.5962,0.9980,104,3.886970,0.1407,0.1749
BiancaGolden_CircleTurns,-185.5139,17.4512,201.7750,4.2612,-15.7262,1.3322,0.8008,-0.0396,-0.5976,0.9980,105,3.901730,0.1449,0.1745
BiancaGolden_CircleTurns,-185.0875,17.4059,201.7622,4.2219,-15.8216,1.2498,0.8024,0.0057,-0.5968,0.9980,105,3.915344,0.1491,0.1741
BiancaGolden_CircleTurns,-184.6496,17.3368,201.7695,4.1739,-15.8199,1.1938,0.7997,0.0636,-0.5971,0.9980,106,3.931003,0.1535,0.1734
BiancaGolden_CircleTurns,-184.1836,17.2588,201.7753,4.0686,-15.6637,1.1767,0.8257,0.0902,-0.5569,0.9980,106,3.944495,0.1582,0.1726
BiancaGolden_CircleTurns,-183.7087,17.1567,201.7708,3.9170,-15.4916,1.1901,0.8391,0.0712,-0.5393,0.9980,106,3.960984,0.1629,0.1716
BiancaGolden_CircleTurns,-183.2295,17.0328,201.7441,3.7363,-15.2891,1.2428,0.8407,0.0736,-0.5365,0.9980,107,3.972145,0.1677,0.1703
BiancaGolden_CircleTurns,-182.7320,16.8820,201.6924,3.4859,-15.1181,1.3142,0.8986,-0.0163,-0.4385,0.9980,107,3.984681,0.1727,0.1688
BiancaGolden_CircleTurns,-182.2134,16.7150,201.6172,3.2591,-15.0373,1.3796,0.9130,-0.0334,-0.4067,0.9980,108,3.999962,0.1779,0.1671
BiancaGolden_CircleTurns,-181.6887,16.5461,201.4959,2.8446,-15.0554,1.3787,0.9163,-0.0332,-0.3991,0.9980,108,4.013030,0.1831,0.1655
BiancaGolden_CircleTurns,-181.1199,16.3075,201.4120,2.4047,-15.2428,1.3935,0.9154,-0.0326,-0.4012,0.9980,108,4.027330,0.1888,0.1631
BiancaGolden_CircleTurns,-180.5014,16.0381,201.3428,2.1847,-15.3649,1.3962,0.9165,-0.0328,-0.3988,0.9980,109,4.040984,0.1950,0.1604
BiancaGolden_CircleTurns,-179.8190,15.7211,201.3123,2.2446,-15.4006,1.3836,0.9180,-0.0328,-0.3951,0.9980,109,4.054470,0.2018,0.1572
BiancaGolden_CircleTurns,-179.0773,15.3996,201.3029,2.5046,-15.1882,1.4248,0.9273,-0.0310,-0.3729,0.9980,110,4.069166,0.2092,0.1540
BiancaGolden_CircleTurns,-178.3758,15.1356,201.2099,2.4134,-14.9076,1.3718,0.9295,-0.0290,-0.3677,0.9980,110,4.082112,0.2162,0.1514
BiancaGolden_CircleTurns,-177.6609,14.8278,201.0682,2.0639,-14.7011,1.3893,0.9304,-0.0252,-0.3656,0.9980,110,4.096413,0.2234,0.1483
BiancaGolden_CircleTurns,-176.9656,14.4975,200.8800,1.6565,-14.6441,1.4003,0.9291,-0.0248,-0.3689,0.9980,111,4.110186,0.2303,0.1450
BiancaGolden_CircleTurns,-176.2416,14.1298,200.7323,1.3830,-14.8017,1.3876,0.9223,-0.0230,-0.3859,0.9980,111,4.123567,0.2376,0.1413
BiancaGolden_CircleTurns,-175.4810,13.7207,200.5897,1.3628,-14.9477,1.4203,0.9203,-0.0239,-0.3904,0.9980,112,4.138597,0.2452,0.1372
BiancaGolden_CircleTurns,-174.7555,13.3271,200.4052,1.2233,-15.2260,1.3486,0.9176,-0.0233,-0.3968,0.9980,112,4.152454,0.2524,0.1333
BiancaGolden_CircleTurns,-174.0008,12.8982,200.2600,1.1182,-15.5557,1.3619,0.9156,-0.0186,-0.4016,0.9980,113,4.166346,0.2600,0.1290
BiancaGolden_CircleTurns,-173.2646,12.4753,200.1089,1.1336,-15.8435,1.4138,0.9148,-0.0174,-0.4036,0.9980,113,4.179844,0.2674,0.1248
BiancaGolden_CircleTurns,-172.5040,12.0416,199.9926,1.0672,-16.1199,1.4585,0.9132,-0.0172,-0.4071,0.9980,113,4.194024,0.2750,0.1204
BiancaGolden_CircleTurns,-171.7711,11.6170,199.8445,0.8666,-16.3118,1.5088,0.9116,-0.0149,-0.4108,0.9980,114,4.207810,0.2823,0.1162
BiancaGolden_CircleTurns,-170.9702,11.1649,199.7953,0.5477,-16.5519,1.6009,0.9131,-0.0123,-0.4075,0.9980,114,4.221354,0.2903,0.1116
BiancaGolden_CircleTurns,-170.1709,10.7129,199.8149,0.2910,-16.6518,1.7242,0.9132,-0.0099,-0.4073,0.9980,115,4.236112,0.2983,0.1071
BiancaGolden_CircleTurns,-169.4239,10.2534,199.6854,0.1840,-16.6333,1.8599,0.9132,-0.0044,-0.4075,0.9980,115,4.249829,0.3058,0.1025
BiancaGolden_CircleTurns,-168.7086,9.7580,199.4908,0.2102,-16.7253,2.0352,0.9150,0.0022,-0.4036,0.9980,116,4.264276,0.3129,0.0976
BiancaGolden_CircleTurns,-167.9469,9.2779,199.4212,0.2845,-16.8092,2.2283,0.9153,0.0089,-0.4027,0.9980,116,4.277843,0.3205,0.0928
BiancaGolden_CircleTurns,-167.1581,8.8157,199.4892,0.1818,-16.8348,2.4003,0.9158,0.0126,-0.4015,0.9980,116,4.292099,0.3284,0.0882
BiancaGolden_CircleTurns,-166.3647,8.3313,199.5435,0.0032,-16.7748,2.5965,0.9156,0.0163,-0.4018,0.9980,117,4.305429,0.3364,0.0833
BiancaGolden_CircleTurns,-165.5930,7.8286,199.5737,-0.1282,-16.6663,2.8235,0.9166,0.0118,-0.3996,0.9980,117,4.318954,0.3441,0.0783
BiancaGolden_CircleTurns,-164.8133,7.3214,199.6420,-0.2365,-16.5572,3.0190,0.9164,0.0096,-0.4001,0.9980,118,4.334434,0.3519,0.0732
BiancaGolden_CircleTurns,-164.0522,6.8346,199.7118,-0.3537,-16.3934,3.1387,0.9172,0.0111,-0.3984,0.9980,118,4.347888,0.3595,0.0683
BiancaGolden_CircleTurns,-163.3270,6.3359,199.7402,-0.5775,-16.2549,3.2011,0.9168,0.0119,-0.3992,0.9980,118,4.361625,0.3667,0.0634
BiancaGolden_CircleTurns,-162.6424,5.8399,199.7657,-0.7975,-16.2248,3.2261,0.9162,0.0121,-0.4006,0.9980,119,4.375463,0.3736,0.0584
BiancaGolden_CircleTurns,-161.9511,5.3527,199.8305,-1.0246,-16.3066,3.2059,0.9130,0.0167,-0.4077,0.9980,119,4.389344,0.3805,0.0535
BiancaGolden_CircleTurns,-161.2794,4.8837,199.9522,-1.3066,-16.4574,3.1855,0.9118,0.0164,-0.4104,0.9980,120,4.403232,0.3872,0.0488
BiancaGolden_CircleTurns,-160.6343,4.4294,200.1372,-1.5309,-16.6195,3.1408,0.9079,0.0145,-0.4189,0.9980,120,4.416838,0.3937,0.0443
BiancaGolden_CircleTurns,-160.0302,4.0040,200.3035,-1.7463,-16.7479,3.0921,0.9073,0.0129,-0.4203,0.9980,121,4.431262,0.3997,0.0400
BiancaGolden_CircleTurns,-159.4292,3.5880,200.4784,-1.8837,-16.8294,3.0368,0.9081,0.0125,-0.4187,0.9980,121,4.445276,0.4057,0.0359
BiancaGolden_CircleTurns,-158.8631,3.2097,200.6282,-1.8845,-16.7243,3.0108,0.9098,0.0114,-0.4149,0.9980,121,4.461623,0.4114,0.0321
BiancaGolden_CircleTurns,-158.2962,2.8764,200.7264,-1.8492,-16.4596,2.9901,0.9123,0.0121,-0.4094,0.9980,122,4.472940,0.4170,0.0288
BiancaGolden_CircleTurns,-157.7396,2.5533,200.8030,-1.8229,-16.1164,3.0305,0.9151,0.0133,-0.4029,0.9980,122,4.485600,0.4226,0.0255
BiancaGolden_CircleTurns,-157.1936,2.2802,200.8699,-1.7899,-15.7107,3.0995,0.9171,0.0180,-0.3983,0.9980,123,4.500809,0.4281,0.0228
BiancaGolden_CircleTurns,-156.6630,2.0076,200.9524,-1.8831,-15.4239,3.2418,0.9169,0.0256,-0.3982,0.9980,123,4.515611,0.4334,0.0201
BiancaGolden_CircleTurns,-156.1443,1.7634,201.0359,-2.0251,-15.2447,3.3879,0.9167,0.0287,-0.3986,0.9980,123,4.528397,0.4386,0.0176
BiancaGolden_CircleTurns,-155.6709,1.5469,201.1151,-2.2026,-15.2651,3.5543,0.9132,0.0336,-0.4061,0.9980,124,4.541662,0.4433,0.0155
BiancaGolden_CircleTurns,-155.2126,1.3666,201.1732,-2.4100,-15.4178,3.7923,0.9116,0.0380,-0.4094,0.9980,124,4.554636,0.4479,0.0137
BiancaGolden_CircleTurns,-154.7556,1.2181,201.2285,-2.6880,-15.6201,4.0314,0.9028,0.0437,-0.4279,0.9980,125,4.569473,0.4524,0.0122
BiancaGolden_CircleTurns,-154.2760,1.0891,201.2910,-3.0532,-15.8432,4.3081,0.8982,0.0484,-0.4368,0.9980,125,4.584030,0.4572,0.0109
BiancaGolden_CircleTurns,-153.7796,0.9873,201.3618,-3.3831,-15.9788,4.5850,0.8970,0.0525,-0.4388,0.9980,126,4.598330,0.4622,0.0099
BiancaGolden_CircleTurns,-153.2835,0.8935,201.4202,-3.7483,-16.0579,4.8053,0.8965,0.0558,-0.4394,0.9980,126,4.611293,0.4672,0.0089
BiancaGolden_CircleTurns,-152.7794,0.8208,201.4782,-4.0365,-16.0895,4.9599,0.8930,0.0577,-0.4464,0.9980,126,4.625250,0.4722,0.0082
BiancaGolden_CircleTurns,-152.2996,0.7589,201.5301,-4.2418,-16.0995,5.0549,0.8922,0.0587,-0.4477,0.9980,127,4.639054,0.4770,0.0076
BiancaGolden_CircleTurns,-151.8149,0.7272,201.5647,-4.3334,-15.9962,5.0946,0.8938,0.0431,-0.4463,0.9980,127,4.652389,0.4819,0.0073
BiancaGolden_CircleTurns,-151.3371,0.7134,201.5897,-4.3921,-15.8403,5.0859,0.8947,0.0423,-0.4446,0.9980,128,4.667060,0.4866,0.0071
BiancaGolden_CircleTurns,-150.8498,0.7252,201.6041,-4.4357,-15.6470,5.0362,0.8961,0.0354,-0.4424,0.9980,128,4.681113,0.4915,0.0073
BiancaGolden_CircleTurns,-150.3723,0.7395,201.6219,-4.4043,-15.4857,4.9272,0.8931,0.0322,-0.4488,0.9980,128,4.695333,0.4963,0.0074
BiancaGolden_CircleTurns,-149.8858,0.7649,201.6322,-4.3628,-15.3888,4.7859,0.8938,0.0290,-0.4475,0.9980,129,4.708782,0.5011,0.0076
BiancaGolden_CircleTurns,-149.3888,0.8138,201.6526,-4.2469,-15.3129,4.6056,0.8913,0.0214,-0.4529,0.9980,129,4.721671,0.5061,0.0081
BiancaGolden_CircleTurns,-148.9069,0.9075,201.6632,-4.0822,-15.2691,4.3971,0.8912,0.0181,-0.4532,0.9980,130,4.736853,0.5109,0.0091
BiancaGolden_CircleTurns,-148.4173,1.0234,201.6527,-3.9694,-15.2765,4.2111,0.8892,0.0091,-0.4575,0.9980,130,4.751689,0.5158,0.0102
BiancaGolden_CircleTurns,-147.9403,1.1713,201.6026,-3.8664,-15.3301,4.0078,0.8885,0.0059,-0.4588,0.9980,131,4.764559,0.5206,0.0117
BiancaGolden_CircleTurns,-147.4570,1.3368,201.5558,-3.7825,-15.3969,3.8326,0.8820,0.0028,-0.4712,0.9980,131,4.778233,0.5254,0.0134
BiancaGolden_CircleTurns,-146.9733,1.5214,201.4730,-3.6266,-15.4198,3.6336,0.8821,-0.0012,-0.4710,0.9980,131,4.792311,0.5303,0.0152
BiancaGolden_CircleTurns,-146.5037,1.7248,201.3642,-3.4717,-15.4145,3.4107,0.8817,0.0002,-0.4717,0.9980,132,4.807080,0.5350,0.0172
BiancaGolden_CircleTurns,-146.0438,1.9370,201.2114,-3.1931,-15.3451,3.1660,0.8820,-0.0006,-0.4713,0.9980,132,4.819576,0.5396,0.0194
BiancaGolden_CircleTurns,-145.6376,2.1976,201.0390,-2.8757,-15.3412,2.8888,0.8820,0.0012,-0.4712,0.9980,133,4.833909,0.5436,0.0220
BiancaGolden_CircleTurns,-145.2325,2.4962,200.8793,-2.7835,-15.5071,2.5715,0.8792,-0.0036,-0.4765,0.9980,133,4.848012,0.5477,0.0250
BiancaGolden_CircleTurns,-144.8292,2.8093,200.7767,-2.8327,-15.8947,2.2542,0.8731,-0.0106,-0.4875,0.9980,133,4.861828,0.5517,0.0281
BiancaGolden_CircleTurns,-144.4331,3.1328,200.6658,-2.7600,-16.2897,1.9065,0.8695,-0.0167,-0.4936,0.9980,134,4.875179,0.5557,0.0313
BiancaGolden_CircleTurns,-144.0103,3.4404,200.5364,-2.4437,-16.7065,1.5886,0.8681,-0.0240,-0.4959,0.9980,134,4.888511,0.5599,0.0344
BiancaGolden_CircleTurns,-143.5299,3.7696,200.4579,-1.9428,-16.8829,1.2399,0.8646,-0.0317,-0.5014,0.9980,135,4.903543,0.5647,0.0377
BiancaGolden_CircleTurns,-142.9936,4.1145,200.4805,-1.5144,-16.9408,0.8339,0.8665,-0.0295,-0.4983,0.9980,135,4.917109,0.5701,0.0411
BiancaGolden_CircleTurns,-142.3642,4.4732,200.6256,-1.2287,-16.7704,0.4065,0.8713,-0.0355,-0.4895,0.9980,136,4.933124,0.5764,0.0447
BiancaGolden_CircleTurns,-141.7503,4.8594,200.7108,-1.0792,-16.3135,-0.0995,0.8747,-0.0357,-0.4834,0.9980,136,4.944807,0.5825,0.0486
BiancaGolden_CircleTurns,-141.2404,5.2174,200.6374,-0.8172,-16.1418,-0.4878,0.8739,-0.0428,-0.4842,0.9980,136,4.961885,0.5876,0.0522
BiancaGolden_CircleTurns,-140.7719,5.5810,200.5408,-0.4472,-16.2107,-0.8630,0.8720,-0.0459,-0.4874,0.9980,137,4.972980,0.5923,0.0558
BiancaGolden_CircleTurns,-140.3303,5.9639,200.4822,-0.1105,-16.4237,-1.2598,0.8614,-0.0518,-0.5053,0.9980,137,4.986822,0.5967,0.0596
BiancaGolden_CircleTurns,-139.9007,6.3185,200.4542,0.2126,-16.8610,-1.5865,0.8417,-0.0713,-0.5353,0.9980,138,5.001408,0.6010,0.0632
BiancaGolden_CircleTurns,-139.4939,6.6807,200.4382,0.5043,-17.2847,-1.8906,0.8269,-0.0859,-0.5558,0.9980,138,5.014597,0.6051,0.0668
BiancaGolden_CircleTurns,-139.1153,7.0393,200.4170,0.8954,-17.6759,-2.1771,0.8156,-0.0909,-0.5714,0.9980,138,5.028723,0.6088,0.0704
BiancaGolden_CircleTurns,-138.7261,7.3839,200.4163,1.2808,-17.9656,-2.4076,0.8143,-0.0952,-0.5726,0.9980,139,5.042124,0.6127,0.0738
BiancaGolden_CircleTurns,-138.3122,7.7405,200.4785,1.6146,-18.1002,-2.6360,0.8158,-0.0994,-0.5697,0.9980,139,5.055811,0.6169,0.0774
BiancaGolden_CircleTurns,-137.8822,8.0947,200.5968,1.7585,-17.8797,-2.8330,0.8208,-0.0941,-0.5634,0.9980,140,5.070270,0.6212,0.0809
BiancaGolden_CircleTurns,-137.4238,8.4595,200.7132,1.7992,-17.4100,-3.0564,0.8272,-0.0919,-0.5543,0.9980,140,5.084009,0.6258,0.0846
BiancaGolden_CircleTurns,-137.0421,8.8038,200.7824,1.8457,-16.8314,-3.2933,0.8320,-0.0919,-0.5471,0.9980,141,5.098920,0.6296,0.0880
BiancaGolden_CircleTurns,-136.6857,9.1443,200.8395,1.9010,-16.3053,-3.4411,0.8351,-0.0939,-0.5420,0.9980,141,5.112084,0.6331,0.0914
BiancaGolden_CircleTurns,-136.3588,9.4685,200.8999,2.0158,-15.9729,-3.5412,0.8390,-0.0944,-0.5360,0.9980,141,5.126208,0.6364,0.0947
BiancaGolden_CircleTurns,-136.0401,9.8107,200.9555,2.2016,-15.6443,-3.5779,0.8413,-0.0941,-0.5323,0.9980,142,5.140535,0.6396,0.0981
BiancaGolden_CircleTurns,-135.7209,10.1284,201.0053,2.3548,-15.4058,-3.5000,0.8364,-0.0847,-0.5416,0.9980,142,5.154145,0.6428,0.1013
BiancaGolden_CircleTurns,-135.4462,10.4525,201.0524,2.4883,-15.2754,-3.4537,0.8320,-0.0779,-0.5492,0.9980,143,5.169022,0.6455,0.1045
BiancaGolden_CircleTurns,-135.1799,10.7576,201.0757,2.5297,-15.3459,-3.4024,0.8265,-0.0773,-0.5576,0.9980,143,5.181619,0.6482,0.1076
BiancaGolden_CircleTurns,-134.9390,11.0507,201.0896,2.5324,-15.4382,-3.3868,0.8250,-0.0775,-0.5598,0.9980,143,5.195827,0.6506,0.1105
BiancaGolden_CircleTurns,-134.6693,11.3371,201.1258,2.4881,-15.5888,-3.4191,0.8253,-0.0782,-0.5593,0.9980,144,5.209771,0.6533,0.1134
BiancaGolden_CircleTurns,-134.3955,11.6257,201.1657,2.4537,-15.5556,-3.4843,0.8209,-0.0768,-0.5659,0.9980,144,5.223088,0.6560,0.1163
BiancaGolden_CircleTurns,-134.0877,11.9204,201.1962,2.4601,-15.3899,-3.5076,0.8210,-0.0768,-0.5658,0.9980,145,5.237998,0.6591,0.1192
BiancaGolden_CircleTurns,-133.7726,12.2075,201.1997,2.4324,-15.0850,-3.5024,0.8226,-0.0793,-0.5631,0.9980,145,5.251500,0.6623,0.1221
BiancaGolden_CircleTurns,-133.4858,12.5011,201.1792,2.4129,-14.9059,-3.4960,0.8222,-0.0793,-0.5637,0.9980,146,5.266774,0.6651,0.1250
BiancaGolden_CircleTurns,-133.2299,12.7641,201.1140,2.4186,-14.9475,-3.4936,0.8148,-0.0834,-0.5738,0.9980,146,5.279004,0.6677,0.1276
BiancaGolden_CircleTurns,-132.9642,13.0216,201.0240,2.4942,-15.2510,-3.4924,0.8114,-0.0844,-0.5784,0.9980,146,5.293557,0.6704,0.1302
BiancaGolden_CircleTurns,-132.6908,13.2565,200.9172,2.5979,-15.5784,-3.5330,0.8076,-0.0856,-0.5834,0.9980,147,5.306742,0.6731,0.1326
BiancaGolden_CircleTurns,-132.4519,13.5149,200.8714,2.6557,-15.9369,-3.6119,0.7980,-0.0831,-0.5970,0.9980,147,5.320298,0.6755,0.1351
BiancaGolden_CircleTurns,-132.1852,13.7711,200.7994,2.6500,-16.3015,-3.7807,0.7930,-0.0846,-0.6034,0.9980,148,5.335027,0.6781,0.1377
BiancaGolden_CircleTurns,-131.9688,14.0181,200.7345,2.6348,-16.7610,-3.8772,0.7886,-0.0921,-0.6079,0.9980,148,5.348744,0.6803,0.1402
BiancaGolden_CircleTurns,-131.7286,14.2679,200.6664,2.6211,-17.1270,-3.9871,0.7855,-0.0934,-0.6117,0.9980,148,5.363865,0.6827,0.1427
BiancaGolden_CircleTurns,-131.5062,14.4891,200.6153,2.6337,-17.4036,-4.0864,0.7899,-0.0965,-0.6056,0.9980,149,5.376773,0.6849,0.1449
BiancaGolden_CircleTurns,-131.2569,14.7197,200.5659,2.6225,-17.5587,-4.1966,0.7911,-0.0979,-0.6038,0.9980,149,5.389551,0.6874,0.1472
BiancaGolden_CircleTurns,-131.0214,14.9345,200.5069,2.5673,-17.6946,-4.3288,0.7904,-0.0992,-0.6045,0.9980,150,5.405013,0.6898,0.1493
BiancaGolden_CircleTurns,-130.7824,15.1422,200.4298,2.4806,-17.9052,-4.4673,0.7906,-0.1032,-0.6036,0.9980,150,5.419678,0.6922,0.1514
BiancaGolden_CircleTurns,-130.5892,15.3294,200.3656,2.4158,-18.2827,-4.6080,0.7858,-0.1046,-0.6095,0.9980,151,5.432983,0.6941,0.1533
BiancaGolden_CircleTurns,-130.3849,15.5189,200.3114,2.3778,-18.7153,-4.7466,0.7827,-0.1062,-0.6132,0.9980,151,5.447105,0.6962,0.1552
BiancaGolden_CircleTurns,-130.1757,15.6993,200.2212,2.3470,-19.0667,-4.9037,0.7773,-0.1076,-0.6199,0.9980,151,5.463223,0.6982,0.1570
BiancaGolden_CircleTurns,-130.0106,15.8560,200.1347,2.2276,-19.5445,-5.0861,0.7711,-0.1171,-0.6258,0.9980,152,5.474213,0.6999,0.1586
BiancaGolden_CircleTurns,-129.8501,15.9891,200.0316,2.0665,-20.0008,-5.3397,0.7656,-0.1251,-0.6311,0.9980,152,5.486925,0.7015,0.1599
BiancaGolden_CircleTurns,-129.6945,16.0951,199.9542,1.9572,-20.4047,-5.6163,0.7584,-0.1362,-0.6374,0.9980,153,5.502390,0.7031,0.1610
BiancaGolden_CircleTurns,-129.5190,16.1797,199.9110,1.8431,-20.6428,-5.9183,0.7486,-0.1594,-0.6436,0.9980,153,5.515870,0.7048,0.1618
BiancaGolden_CircleTurns,-129.3666,16.2311,199.9000,1.7101,-20.8594,-6.2005,0.7405,-0.1836,-0.6465,0.9980,153,5.530347,0.7063,0.1623
BiancaGolden_CircleTurns,-129.2292,16.2531,199.8946,1.4559,-21.0176,-6.5704,0.7373,-0.1864,-0.6493,0.9980,154,5.543783,0.7077,0.1625
BiancaGolden_CircleTurns,-129.1181,16.2174,199.8891,1.0361,-21.1807,-7.0002,0.7340,-0.1895,-0.6522,0.9980,154,5.557891,0.7088,0.1622
BiancaGolden_CircleTurns,-128.9834,16.1725,199.8850,0.5011,-21.3392,-7.5003,0.7124,-0.1906,-0.6754,0.9980,155,5.572210,0.7102,0.1617
BiancaGolden_CircleTurns,-128.8546,16.0655,199.8837,-0.2718,-21.5675,-8.0914,0.6815,-0.2017,-0.7035,0.9980,155,5.586360,0.7115,0.1607
BiancaGolden_CircleTurns,-128.7135,15.9246,199.8769,-0.9605,-21.7675,-8.6824,0.6641,-0.2106,-0.7174,0.9980,156,5.600237,0.7129,0.1592
BiancaGolden_CircleTurns,-128.6064,15.7937,199.8996,-1.4635,-22.0035,-9.2173,0.6566,-0.2307,-0.7181,0.9980,156,5.613446,0.7139,0.1579
BiancaGolden_CircleTurns,-128.4777,15.6532,199.9011,-1.8741,-22.1011,-9.5553,0.6556,-0.2302,-0.7192,0.9980,156,5.628027,0.7152,0.1565
BiancaGolden_CircleTurns,-128.3247,15.5494,199.9693,-2.2705,-22.1313,-9.7615,0.6588,-0.2291,-0.7166,0.9980,157,5.642279,0.7168,0.1555
BiancaGolden_CircleTurns,-128.1299,15.4188,200.0621,-2.6979,-21.9921,-9.8567,0.6708,-0.2256,-0.7065,0.9980,157,5.654654,0.7187,0.1542
BiancaGolden_CircleTurns,-127.9142,15.2775,200.1989,-3.1155,-21.6221,-9.9047,0.6796,-0.2247,-0.6983,0.9980,158,5.669637,0.7209,0.1528
BiancaGolden_CircleTurns,-127.7278,15.1161,200.2953,-3.4764,-21.0944,-9.9749,0.6903,-0.2127,-0.6915,0.9980,158,5.683626,0.7227,0.1512
BiancaGolden_CircleTurns,-127.5535,14.9455,200.3696,-3.7148,-20.5147,-9.9933,0.6980,-0.2131,-0.6836,0.9980,159,5.697846,0.7245,0.1495
BiancaGolden_CircleTurns,-127.3930,14.7730,200.4482,-3.8597,-19.8571,-9.9892,0.7086,-0.2123,-0.6729,0.9980,159,5.712010,0.7261,0.1477
BiancaGolden_CircleTurns,-127.2270,14.5845,200.5735,-4.0229,-18.9986,-9.8800,0.7173,-0.2056,-0.6658,0.9980,159,5.726644,0.7277,0.1458
BiancaGolden_CircleTurns,-127.0123,14.4021,200.7108,-4.2647,-18.0061,-9.7598,0.7312,-0.1975,-0.6530,0.9980,160,5.739425,0.7299,0.1440
BiancaGolden_CircleTurns,-126.8136,14.2044,200.8564,-4.5112,-16.8472,-9.4997,0.7410,-0.1921,-0.6435,0.9980,160,5.752446,0.7319,0.1420
BiancaGolden_CircleTurns,-126.6577,14.0174,200.9563,-4.7042,-15.6898,-9.2533,0.7496,-0.1820,-0.6364,0.9980,161,5.767558,0.7334,0.1402
BiancaGolden_CircleTurns,-126.5510,13.8161,201.0106,-4.8580,-14.5505,-8.8464,0.7606,-0.1776,-0.6244,0.9980,161,5.781217,0.7345,0.1382
BiancaGolden_CircleTurns,-126.4297,13.6337,201.0585,-5.0131,-13.6521,-8.4815,0.7584,-0.1733,-0.6283,0.9980,161,5.795727,0.7357,0.1363
BiancaGolden_CircleTurns,-126.3412,13.4423,201.0863,-5.1646,-12.9637,-8.0613,0.7467,-0.1632,-0.6448,0.9980,162,5.809066,0.7366,0.1344
BiancaGolden_CircleTurns,-126.2657,13.2470,201.0700,-5.2435,-12.4741,-7.6010,0.7435,-0.1607,-0.6492,0.9980,162,5.822618,0.7373,0.1325
BiancaGolden_CircleTurns,-126.2069,13.0576,201.0020,-5.2393,-12.0835,-7.1116,0.7476,-0.1546,-0.6459,0.9980,163,5.837438,0.7379,0.1306
BiancaGolden_CircleTurns,-126.1585,12.8953,200.9159,-5.1401,-11.9216,-6.5446,0.7571,-0.1033,-0.6451,0.9980,163,5.851398,0.7384,0.1290
BiancaGolden_CircleTurns,-126.0901,12.7402,200.8595,-4.9853,-12.0348,-5.8655,0.7826,-0.0641,-0.6192,0.9980,164,5.865336,0.7391,0.1274
BiancaGolden_CircleTurns,-125.9863,12.5928,200.8565,-4.8475,-12.1333,-5.1328,0.7811,-0.0536,-0.6221,0.9980,164,5.878892,0.7401,0.1259
BiancaGolden_CircleTurns,-125.8763,12.4429,200.8532,-4.7303,-12.3462,-4.3136,0.8180,0.0012,-0.5751,0.9980,164,5.892945,0.7412,0.1244
BiancaGolden_CircleTurns,-125.7551,12.2938,200.8376,-4.6163,-12.4705,-3.5412,0.8228,0.0288,-0.5675,0.9980,165,5.907190,0.7424,0.1229
BiancaGolden_CircleTurns,-125.6162,12.1229,200.8471,-4.4514,-12.6602,-2.7699,0.8198,0.0375,-0.5714,0.9980,165,5.919672,0.7438,0.1212
BiancaGolden_CircleTurns,-125.4112,11.9464,200.9194,-4.2288,-12.9124,-2.0635,0.8228,0.0270,-0.5677,0.9980,166,5.935552,0.7459,0.1195
BiancaGolden_CircleTurns,-125.1753,11.7556,201.0313,-4.0514,-13.0548,-1.4232,0.8213,0.0295,-0.5697,0.9980,166,5.948206,0.7482,0.1176
BiancaGolden_CircleTurns,-124.9747,11.5781,201.0706,-3.8837,-13.1541,-0.8407,0.8196,0.0361,-0.5718,0.9980,167,5.965178,0.7503,0.1158
BiancaGolden_CircleTurns,-124.8083,11.3824,201.0107,-3.6712,-13.2921,-0.2832,0.8270,0.0352,-0.5611,0.9980,167,5.976155,0.7519,0.1138
BiancaGolden_CircleTurns,-124.6064,11.1759,200.9864,-3.5236,-13.4648,0.2324,0.8308,0.0245,-0.5560,0.9980,167,5.990064,0.7539,0.1118
BiancaGolden_CircleTurns,-124.3681,10.9572,201.0428,-3.3814,-13.5433,0.6197,0.8302,0.0222,-0.5570,0.9980,168,6.003640,0.7563,0.1096
BiancaGolden_CircleTurns,-124.0961,10.7201,201.1193,-3.2870,-13.5910,0.9606,0.8256,0.0223,-0.5639,0.9980,168,6.017633,0.7590,0.1072
BiancaGolden_CircleTurns,-123.7980,10.4664,201.2092,-3.1529,-13.5213,1.2350,0.8262,0.0240,-0.5628,0.9980,169,6.031833,0.7620,0.1047
BiancaGolden_CircleTurns,-123.4973,10.1765,201.3032,-3.0330,-13.4427,1.5175,0.8277,0.0256,-0.5606,0.9980,169,6.045955,0.7650,0.1018
BiancaGolden_CircleTurns,-123.1986,9.9125,201.3409,-2.8645,-13.2916,1.6949,0.8285,0.0271,-0.5593,0.9980,169,6.060115,0.7680,0.0991
BiancaGolden_CircleTurns,-122.9097,9.6062,201.3553,-2.7554,-13.2037,1.8511,0.8368,0.0088,-0.5474,0.9980,170,6.073122,0.7709,0.0961
BiancaGolden_CircleTurns,-122.6249,9.3018,201.3588,-2.6490,-13.1975,1.9872,0.8367,0.0089,-0.5476,0.9980,170,6.087423,0.7738,0.0930
BiancaGolden_CircleTurns,-122.3113,8.9728,201.3547,-2.5777,-13.2115,2.0237,0.8334,-0.0009,-0.5527,0.9980,171,6.101288,0.7769,0.0897
BiancaGolden_CircleTurns,-121.9922,8.6108,201.3578,-2.5376,-13.2255,2.0249,0.8335,-0.0028,-0.5526,0.9980,171,6.115742,0.7801,0.0861
BiancaGolden_CircleTurns,-121.6608,8.2414,201.3684,-2.5032,-13.2223,1.9590,0.8318,-0.0047,-0.5551,0.9980,171,6.129156,0.7834,0.0824
BiancaGolden_CircleTurns,-121.3517,7.8361,201.3462,-2.4326,-13.2669,1.8068,0.8286,-0.0020,-0.5599,0.9980,172,6.143725,0.7865,0.0784
BiancaGolden_CircleTurns,-121.0197,7.4547,201.3301,-2.3262,-13.2521,1.7180,0.8267,-0.0030,-0.5627,0.9980,172,6.155838,0.7898,0.0745
BiancaGolden_CircleTurns,-120.7190,7.0578,201.3072,-2.2775,-13.3062,1.6749,0.8264,-0.0031,-0.5631,0.9980,173,6.170761,0.7928,0.0706
BiancaGolden_CircleTurns,-120.3870,6.6623,201.2933,-2.2789,-13.3590,1.6248,0.8234,-0.0022,-0.5674,0.9980,173,6.184571,0.7961,0.0666
BiancaGolden_CircleTurns,-120.0634,6.2503,201.2402,-2.3222,-13.4462,1.6219,0.8216,-0.0020,-0.5701,0.9980,174,6.199039,0.7994,0.0625
BiancaGolden_CircleTurns,-119.7313,5.8298,201.2215,-2.3731,-13.6511,1.6093,0.8199,-0.0004,-0.5725,0.9980,174,6.212426,0.8027,0.0583
BiancaGolden_CircleTurns,-119.3828,5.4123,201.2079,-2.3957,-13.8493,1.5747,0.8174,0.0001,-0.5761,0.9980,174,6.227566,0.8062,0.0541
BiancaGolden_CircleTurns,-119.0359,4.9921,201.1841,-2.5037,-14.0696,1.5671,0.8144,0.0014,-0.5804,0.9980,175,6.240317,0.8096,0.0499
BiancaGolden_CircleTurns,-118.7048,4.5536,201.1501,-2.6709,-14.3651,1.5955,0.8083,-0.0022,-0.5887,0.9980,175,6.253690,0.8130,0.0455
BiancaGolden_CircleTurns,-118.3500,4.0987,201.0794,-2.8757,-14.7339,1.6214,0.8075,-0.0008,-0.5899,0.9980,176,6.269401,0.8165,0.0410
BiancaGolden_CircleTurns,-117.9746,3.5791,201.0181,-3.0135,-15.1340,1.6823,0.8035,0.0127,-0.5951,0.9980,176,6.281888,0.8203,0.0358
BiancaGolden_CircleTurns,-117.5918,3.0364,200.9996,-2.8618,-15.4371,1.7673,0.8031,0.0112,-0.5957,0.9980,176,6.296215,0.8241,0.0304
BiancaGolden_CircleTurns,-117.1150,2.4303,201.0954,-2.1813,-15.4884,1.9614,0.8093,0.0090,-0.5874,0.9980,177,6.310649,0.8289,0.0243
BiancaGolden_CircleTurns,-116.6584,1.9114,201.1606,-1.5484,-15.1017,2.0838,0.8165,0.0112,-0.5772,0.9980,177,6.323072,0.8334,0.0191
BiancaGolden_CircleTurns,-116.2431,1.4415,201.1212,-1.3722,-14.4881,2.2188,0.8198,0.0087,-0.5725,0.9980,178,6.338001,0.8376,0.0144
BiancaGolden_CircleTurns,-115.8916,0.9923,201.0156,-1.6345,-14.0645,2.3094,0.8176,0.0059,-0.5758,0.9980,178,6.350822,0.8411,0.0099
BiancaGolden_CircleTurns,-115.5611,0.5185,200.9317,-1.8979,-14.0081,2.5140,0.8151,0.0100,-0.5793,0.9980,179,6.365180,0.8444,0.0052
BiancaGolden_CircleTurns,-115.2493,0.0150,200.8747,-2.0115,-14.1264,2.7523,0.8111,0.0136,-0.5847,0.9980,179,6.379735,0.8475,0.0002
BiancaGolden_CircleTurns,-114.9689,-0.4806,200.8193,-2.1729,-14.5059,2.9515,0.8060,0.0153,-0.5917,0.9980,179,6.394031,0.8503,-0.0048
BiancaGolden_CircleTurns,-114.6875,-0.9764,200.7933,-2.2128,-15.0020,3.0741,0.7989,0.0206,-0.6011,0.9980,180,6.406040,0.8531,-0.0098
BiancaGolden_CircleTurns,-114.4051,-1.4530,200.8178,-2.1145,-15.3785,3.1667,0.7962,0.0221,-0.6046,0.9980,180,6.420212,0.8559,-0.0145
BiancaGolden_CircleTurns,-114.1630,-1.8574,200.8479,-2.1064,-15.5769,3.2839,0.7946,0.0226,-0.6067,0.9980,181,6.434727,0.8584,-0.0186
BiancaGolden_CircleTurns,-113.9493,-2.2211,200.8206,-2.4800,-15.7188,3.4683,0.7932,0.0220,-0.6086,0.9980,181,6.448147,0.8605,-0.0222
BiancaGolden_CircleTurns,-113.7258,-2.6464,200.7973,-2.7171,-15.8406,3.7689,0.7932,0.0258,-0.6084,0.9980,182,6.465242,0.8627,-0.0265
BiancaGolden_CircleTurns,-113.5011,-3.0623,200.7853,-2.6687,-15.8279,4.0679,0.7948,0.0336,-0.6059,0.9980,182,6.476988,0.8650,-0.0306
BiancaGolden_CircleTurns,-113.3096,-3.4459,200.7537,-2.6486,-15.7873,4.1859,0.7971,0.0368,-0.6027,0.9980,182,6.489139,0.8669,-0.0345
BiancaGolden_CircleTurns,-113.1258,-3.8420,200.7489,-2.6702,-15.8400,4.3088,0.7988,0.0376,-0.6004,0.9980,183,6.503114,0.8687,-0.0384
BiancaGolden_CircleTurns,-112.9364,-4.1958,200.7867,-2.6257,-15.8196,4.3735,0.7970,0.0365,-0.6029,0.9980,183,6.515285,0.8706,-0.0420
BiancaGolden_CircleTurns,-112.7697,-4.5145,200.7857,-2.7983,-15.8375,4.4891,0.7936,0.0402,-0.6071,0.9980,183,6.530400,0.8723,-0.0451
BiancaGolden_CircleTurns,-112.6185,-4.8444,200.8033,-3.0495,-15.9599,4.6088,0.7929,0.0429,-0.6079,0.9980,184,6.543526,0.8738,-0.0484
BiancaGolden_CircleTurns,-112.4406,-5.1959,200.8739,-3.0520,-16.0245,4.8476,0.7941,0.0420,-0.6063,0.9980,184,6.557315,0.8756,-0.0520
BiancaGolden_CircleTurns,-112.2929,-5.4875,200.8729,-3.0809,-15.9065,4.9424,0.7933,0.0448,-0.6072,0.9980,185,6.573012,0.8771,-0.0549
BiancaGolden_CircleTurns,-112.1792,-5.7742,200.9070,-3.3555,-16.0220,5.0254,0.7921,0.0483,-0.6085,0.9980,185,6.584866,0.8782,-0.0577
BiancaGolden_CircleTurns,-112.0311,-6.0428,200.9266,-3.5292,-16.1043,5.1895,0.7902,0.0522,-0.6106,0.9980,186,6.599213,0.8797,-0.0604
BiancaGolden_CircleTurns,-111.8983,-6.3227,200.9591,-3.7391,-16.2523,5.3807,0.7878,0.0552,-0.6134,0.9980,186,6.613350,0.8810,-0.0632
BiancaGolden_CircleTurns,-111.7163,-6.6163,200.9805,-3.7637,-16.3230,5.5920,0.7873,0.0567,-0.6139,0.9980,186,6.627391,0.8828,-0.0662
BiancaGolden_CircleTurns,-111.5359,-6.9021,201.0002,-3.6878,-16.3613,5.7363,0.7848,0.0548,-0.6174,0.9980,187,6.640896,0.8846,-0.0690
BiancaGolden_CircleTurns,-111.3385,-7.1865,201.0547,-3.5233,-16.3448,5.8619,0.7864,0.0553,-0.6153,0.9980,187,6.654334,0.8866,-0.0719
BiancaGolden_CircleTurns,-111.1239,-7.4340,201.0928,-3.4303,-16.1846,5.9176,0.7883,0.0499,-0.6133,0.9980,188,6.669931,0.8888,-0.0743
BiancaGolden_CircleTurns,-110.9097,-7.6627,201.1425,-3.4516,-15.9216,5.9540,0.7916,0.0489,-0.6090,0.9980,188,6.683088,0.8909,-0.0766
BiancaGolden_CircleTurns,-110.6833,-7.8794,201.1895,-3.4551,-15.6401,6.0016,0.7946,0.0500,-0.6051,0.9980,189,6.698876,0.8932,-0.0788
BiancaGolden_CircleTurns,-110.4640,-8.0766,201.2282,-3.4856,-15.3230,6.0429,0.7966,0.0512,-0.6024,0.9980,189,6.711154,0.8954,-0.0808
BiancaGolden_CircleTurns,-110.2430,-8.2647,201.2358,-3.5137,-15.0409,6.1016,0.7968,0.0486,-0.6023,0.9980,189,6.726003,0.8976,-0.0826
BiancaGolden_CircleTurns,-110.0161,-8.4605,201.2286,-3.5386,-14.8616,6.1632,0.7976,0.0491,-0.6012,0.9980,190,6.739223,0.8998,-0.0846
BiancaGolden_CircleTurns,-109.7870,-8.6242,201.2098,-3.5901,-14.7684,6.1654,0.7968,0.0555,-0.6017,0.9980,190,6.752401,0.9021,-0.0862
BiancaGolden_CircleTurns,-109.5480,-8.7794,201.1913,-3.6985,-14.7646,6.1521,0.7952,0.0577,-0.6036,0.9980,191,6.769040,0.9045,-0.0878
BiancaGolden_CircleTurns,-109.3344,-8.9158,201.1594,-3.8919,-14.8906,6.1532,0.7924,0.0585,-0.6071,0.9980,191,6.780865,0.9067,-0.0892
BiancaGolden_CircleTurns,-109.1149,-9.0490,201.1213,-4.0802,-15.1426,6.1444,0.7779,0.0583,-0.6257,0.9980,191,6.795636,0.9089,-0.0905
BiancaGolden_CircleTurns,-108.8846,-9.1601,201.0853,-4.2897,-15.4960,6.1301,0.7688,0.0581,-0.6369,0.9980,192,6.808598,0.9112,-0.0916
BiancaGolden_CircleTurns,-108.6348,-9.2719,201.0636,-4.4211,-15.7094,6.1122,0.7685,0.0574,-0.6373,0.9980,192,6.821624,0.9137,-0.0927
BiancaGolden_CircleTurns,-108.3401,-9.3806,201.0796,-4.4865,-15.7071,6.0195,0.7704,0.0562,-0.6351,0.9980,193,6.838359,0.9166,-0.0938
BiancaGolden_CircleTurns,-108.0745,-9.4299,201.0552,-4.6204,-15.5913,5.8513,0.7747,0.0545,-0.6299,0.9980,193,6.850599,0.9193,-0.0943
BiancaGolden_CircleTurns,-107.8200,-9.4971,201.0179,-4.7130,-15.6065,5.7141,0.7743,0.0525,-0.6306,0.9980,194,6.864091,0.9218,-0.0950
BiancaGolden_CircleTurns,-107.5713,-9.5396,200.9406,-4.6886,-15.6953,5.5619,0.7727,0.0496,-0.6328,0.9980,194,6.877131,0.9243,-0.0954
BiancaGolden_CircleTurns,-107.3240,-9.5782,200.8515,-4.6436,-15.8544,5.3796,0.7702,0.0489,-0.6359,0.9980,194,6.891350,0.9268,-0.0958
BiancaGolden_CircleTurns,-107.0715,-9.5867,200.7591,-4.5861,-16.0977,5.1303,0.7655,0.0449,-0.6419,0.9980,195,6.904674,0.9293,-0.0959
BiancaGolden_CircleTurns,-106.8092,-9.5835,200.6740,-4.5115,-16.3291,4.8813,0.7592,0.0409,-0.6496,0.9980,195,6.918368,0.9319,-0.0958
BiancaGolden_CircleTurns,-106.5447,-9.5701,200.5673,-4.3894,-16.5554,4.5879,0.7560,0.0415,-0.6533,0.9980,196,6.934455,0.9346,-0.0957
BiancaGolden_CircleTurns,-106.2711,-9.5437,200.4671,-4.2531,-16.7483,4.2677,0.7540,0.0357,-0.6560,0.9980,196,6.947254,0.9373,-0.0954
BiancaGolden_CircleTurns,-105.9797,-9.4885,200.3702,-4.1230,-16.9540,3.9074,0.7502,0.0432,-0.6598,0.9980,196,6.963706,0.9402,-0.0949
BiancaGolden_CircleTurns,-105.6829,-9.4288,200.2870,-3.9829,-17.0675,3.5785,0.7491,0.0380,-0.6614,0.9980,197,6.974400,0.9432,-0.0943
BiancaGolden_CircleTurns,-105.3826,-9.3466,200.1899,-3.8886,-17.1854,3.2322,0.7551,0.0322,-0.6549,0.9980,197,6.988133,0.9462,-0.0935
BiancaGolden_CircleTurns,-105.0572,-9.2553,200.0830,-3.7397,-17.2381,2.8939,0.7591,0.0261,-0.6505,0.9980,198,7.002099,0.9494,-0.0926
BiancaGolden_CircleTurns,-104.7139,-9.1623,199.9879,-3.5469,-17.2595,2.5541,0.7596,0.0303,-0.6497,0.9980,198,7.015882,0.9529,-0.0916
BiancaGolden_CircleTurns,-104.3442,-9.0501,199.8833,-3.3687,-17.2037,2.1805,0.7594,0.0303,-0.6500,0.9980,198,7.030005,0.9566,-0.0905
BiancaGolden_CircleTurns,-103.9686,-8.9375,199.8088,-3.1535,-17.1728,1.8396,0.7599,0.0246,-0.6496,0.9980,199,7.044225,0.9603,-0.0894
BiancaGolden_CircleTurns,-103.5669,-8.7941,199.7474,-2.9341,-17.1319,1.5159,0.7600,0.0191,-0.6497,0.9980,199,7.057507,0.9643,-0.0879
BiancaGolden_CircleTurns,-103.1501,-8.6503,199.6681,-2.6806,-17.1352,1.2306,0.7627,0.0224,-0.6463,0.9980,200,7.072976,0.9685,-0.0865
BiancaGolden_CircleTurns,-102.7323,-8.4884,199.6019,-2.5016,-17.1716,0.9864,0.7644,0.0142,-0.6446,0.9980,200,7.085953,0.9727,-0.0849
BiancaGolden_CircleTurns,-102.3205,-8.3167,199.5189,-2.3362,-17.2159,0.7489,0.7639,0.0103,-0.6452,0.9980,201,7.100751,0.9768,-0.0832
BiancaGolden_CircleTurns,-101.9542,-8.1300,199.3368,-2.1759,-17.2638,0.5351,0.7587,0.0093,-0.6514,0.9980,201,7.113925,0.9805,-0.0813
BiancaGolden_CircleTurns,-101.5871,-7.9410,199.1422,-2.0490,-17.4052,0.3449,0.7568,0.0060,-0.6536,0.9980,201,7.128063,0.9841,-0.0794
BiancaGolden_CircleTurns,-101.2011,-7.7480,199.0177,-1.9320,-17.5738,0.1672,0.7527,0.0095,-0.6583,0.9980,202,7.141951,0.9880,-0.0775
BiancaGolden_CircleTurns,-100.7908,-7.5548,198.9710,-1.8211,-17.7521,0.0530,0.7508,0.0086,-0.6604,0.9980,202,7.154814,0.9921,-0.0755
BiancaGolden_CircleTurns,-100.4151,-7.3465,198.8883,-1.6884,-17.9184,-0.0050,0.7480,0.0115,-0.6636,0.9980,203,7.170315,0.9958,-0.0735
BiancaGolden_CircleTurns,-100.0382,-7.1132,198.7805,-1.5791,-18.1658,-0.0634,0.7448,0.0124,-0.6672,0.9980,203,7.183703,0.9996,-0.0711
BiancaGolden_CircleTurns,-99.6461,-6.8931,198.7234,-1.4879,-18.4454,-0.0930,0.7417,0.0112,-0.6706,0.9980,204,7.199296,1.0035,-0.0689
BiancaGolden_CircleTurns,-99.2307,-6.6622,198.7325,-1.3770,-18.7086,-0.1307,0.7794,0.0095,-0.6264,0.9980,204,7.211734,1.0077,-0.0666
BiancaGolden_CircleTurns,-98.8102,-6.4180,198.7548,-1.2893,-18.8881,-0.1917,0.8099,0.0072,-0.5865,0.9980,204,7.226787,1.0119,-0.0642
BiancaGolden_CircleTurns,-98.3846,-6.1774,198.7765,-1.2164,-19.0454,-0.2749,0.8089,0.0053,-0.5879,0.9980,205,7.239573,1.0162,-0.0618
BiancaGolden_CircleTurns,-97.9344,-5.9388,198.8005,-1.1360,-19.1407,-0.3757,0.8082,0.0173,-0.5887,0.9980,205,7.252450,1.0207,-0.0594
BiancaGolden_CircleTurns,-97.4850,-5.6827,198.8141,-1.0598,-19.2270,-0.4682,0.8115,0.0256,-0.5838,0.9980,206,7.268403,1.0251,-0.0568
BiancaGolden_CircleTurns,-97.0179,-5.4270,198.8214,-0.9652,-19.2892,-0.5685,0.8094,0.0127,-0.5871,0.9980,206,7.282214,1.0298,-0.0543
BiancaGolden_CircleTurns,-96.5468,-5.1660,198.8253,-0.8507,-19.3489,-0.6483,0.8091,0.0111,-0.5876,0.9980,206,7.295601,1.0345,-0.0517
BiancaGolden_CircleTurns,-96.0418,-4.8988,198.8681,-0.7765,-19.3863,-0.7307,0.8106,0.0059,-0.5856,0.9980,207,7.310490,1.0396,-0.0490
BiancaGolden_CircleTurns,-95.5123,-4.6229,198.9059,-0.7115,-19.3250,-0.8021,0.8117,0.0047,-0.5841,0.9980,207,7.322217,1.0449,-0.0462
BiancaGolden_CircleTurns,-94.9614,-4.3426,198.9388,-0.6576,-19.2191,-0.8683,0.8138,0.0050,-0.5811,0.9980,208,7.338480,1.0504,-0.0434
BiancaGolden_CircleTurns,-94.3912,-4.0681,198.9621,-0.6043,-19.0685,-0.9106,0.8153,0.0095,-0.5790,0.9980,208,7.351745,1.0561,-0.0407
BiancaGolden_CircleTurns,-93.8106,-3.7751,198.9966,-0.5605,-18.9182,-0.9410,0.8115,0.0069,-0.5843,0.9980,209,7.366076,1.0619,-0.0378
BiancaGolden_CircleTurns,-93.2366,-3.4826,199.0138,-0.5719,-18.8360,-0.9820,0.8119,0.0066,-0.5838,0.9980,209,7.380101,1.0676,-0.0348
BiancaGolden_CircleTurns,-92.6399,-3.1684,199.0215,-0.6373,-18.7867,-1.0162,0.8107,0.0105,-0.5854,0.9980,209,7.393298,1.0736,-0.0317
BiancaGolden_CircleTurns,-92.0295,-2.8683,199.0405,-0.7425,-18.8160,-1.0546,0.8076,0.0066,-0.5897,0.9980,210,7.407690,1.0797,-0.0287
BiancaGolden_CircleTurns,-91.4035,-2.5502,199.0768,-0.8702,-18.8747,-1.1122,0.8045,0.0034,-0.5939,0.9980,210,7.419823,1.0860,-0.0255
BiancaGolden_CircleTurns,-90.7700,-2.2346,199.1008,-0.9695,-18.9652,-1.1739,0.7993,-0.0004,-0.6010,0.9980,211,7.435156,1.0923,-0.0223
BiancaGolden_CircleTurns,-90.1313,-1.9101,199.1104,-1.0769,-19.0362,-1.2658,0.7954,-0.0053,-0.6061,0.9980,211,7.448638,1.0987,-0.0191
BiancaGolden_CircleTurns,-89.4904,-1.5763,199.1084,-1.1713,-19.0629,-1.3878,0.7950,-0.0066,-0.6066,0.9980,212,7.466341,1.1051,-0.0158
BiancaGolden_CircleTurns,-88.8435,-1.2546,199.0793,-1.2546,-19.0973,-1.5153,0.7940,-0.0093,-0.6078,0.9980,212,7.476999,1.1116,-0.0125
BiancaGolden_CircleTurns,-88.1870,-0.9281,199.0541,-1.3135,-19.0824,-1.6767,0.7938,-0.0173,-0.6080,0.9980,212,7.490903,1.1181,-0.0093
BiancaGolden_CircleTurns,-87.5239,-0.5830,199.0348,-1.4092,-19.0680,-1.8624,0.7910,-0.0174,-0.6116,0.9980,213,7.503891,1.1248,-0.0058
BiancaGolden_CircleTurns,-86.8745,-0.2208,199.0396,-1.4968,-19.0833,-2.0740,0.7898,-0.0222,-0.6129,0.9980,213,7.517108,1.1313,-0.0022
BiancaGolden_CircleTurns,-86.2521,0.1389,199.0213,-1.5221,-19.1541,-2.2976,0.7783,-0.0214,-0.6276,0.9980,214,7.531497,1.1375,0.0014
BiancaGolden_CircleTurns,-85.6843,0.5311,198.9733,-1.5923,-19.3473,-2.4738,0.7749,-0.0234,-0.6317,0.9980,214,7.545974,1.1432,0.0053
BiancaGolden_CircleTurns,-85.1191,0.9113,198.9275,-1.6390,-19.6533,-2.6468,0.7700,-0.0283,-0.6374,0.9980,214,7.560103,1.1488,0.0091
BiancaGolden_CircleTurns,-84.5624,1.2865,198.9285,-1.6116,-20.0662,-2.7908,0.7638,-0.0317,-0.6447,0.9980,215,7.573133,1.1544,0.0129
BiancaGolden_CircleTurns,-83.9732,1.6412,199.0096,-1.5625,-20.4215,-2.9528,0.7611,-0.0356,-0.6477,0.9980,215,7.586912,1.1603,0.0164
BiancaGolden_CircleTurns,-83.4042,2.0018,199.0885,-1.5332,-20.6738,-3.1305,0.7583,-0.0422,-0.6505,0.9980,216,7.601903,1.1660,0.0200
BiancaGolden_CircleTurns,-82.8562,2.3464,199.1466,-1.5441,-20.8789,-3.3199,0.7604,-0.0452,-0.6479,0.9980,216,7.616982,1.1714,0.0235
BiancaGolden_CircleTurns,-82.3522,2.6890,199.1534,-1.5366,-21.0016,-3.5185,0.7592,-0.0479,-0.6490,0.9980,216,7.629998,1.1765,0.0269
BiancaGolden_CircleTurns,-81.8692,3.0399,199.1514,-1.5067,-21.0932,-3.7155,0.7599,-0.0552,-0.6477,0.9980,217,7.643986,1.1813,0.0304
BiancaGolden_CircleTurns,-81.4038,3.3700,199.1427,-1.4313,-21.1540,-3.9010,0.7591,-0.0582,-0.6483,0.9980,217,7.657934,1.1860,0.0337
BiancaGolden_CircleTurns,-80.9420,3.7098,199.1509,-1.3621,-21.1819,-4.1020,0.7592,-0.0612,-0.6479,0.9980,218,7.672027,1.1906,0.0371
BiancaGolden_CircleTurns,-80.4993,4.0329,199.1693,-1.2840,-21.1934,-4.2926,0.7583,-0.0632,-0.6488,0.9980,218,7.685858,1.1950,0.0403
BiancaGolden_CircleTurns,-80.0824,4.3527,199.1644,-1.2310,-21.2023,-4.4866,0.7580,-0.0622,-0.6492,0.9980,219,7.701120,1.1992,0.0435
BiancaGolden_CircleTurns,-79.6662,4.6400,199.1463,-1.1619,-21.2443,-4.6304,0.7571,-0.0641,-0.6502,0.9980,219,7.713464,1.2033,0.0464
BiancaGolden_CircleTurns,-79.2488,4.9310,199.1486,-1.1663,-21.3134,-4.7809,0.7560,-0.0623,-0.6516,0.9980,219,7.727588,1.2075,0.0493
BiancaGolden_CircleTurns,-78.8280,5.1914,199.1954,-1.1874,-21.4196,-4.9154,0.7547,-0.0656,-0.6528,0.9980,220,7.740881,1.2117,0.0519
BiancaGolden_CircleTurns,-78.3972,5.4239,199.2646,-1.1594,-21.5611,-5.0210,0.7532,-0.0668,-0.6544,0.9980,220,7.754215,1.2160,0.0542
BiancaGolden_CircleTurns,-77.9742,5.6333,199.3115,-1.0736,-21.6848,-5.0816,0.7507,-0.0682,-0.6571,0.9980,221,7.770544,1.2203,0.0563
BiancaGolden_CircleTurns,-77.5850,5.8479,199.3211,-0.9589,-21.7602,-5.1525,0.7498,-0.0692,-0.6580,0.9980,221,7.783584,1.2241,0.0585
BiancaGolden_CircleTurns,-77.1731,6.0408,199.3645,-0.8919,-21.8324,-5.2075,0.7497,-0.0736,-0.6577,0.9980,222,7.798077,1.2283,0.0604
BiancaGolden_CircleTurns,-76.7451,6.2151,199.4388,-0.8246,-21.8017,-5.2666,0.7511,-0.0746,-0.6559,0.9980,222,7.811033,1.2325,0.0622
BiancaGolden_CircleTurns,-76.3322,6.3834,199.5181,-0.7954,-21.7919,-5.3267,0.7512,-0.0754,-0.6558,0.9980,222,7.826404,1.2367,0.0638
BiancaGolden_CircleTurns,-75.9366,6.5232,199.5492,-0.7834,-21.7611,-5.3742,0.7484,-0.0693,-0.6596,0.9980,223,7.838346,1.2406,0.0652
BiancaGolden_CircleTurns,-75.5699,6.6635,199.5478,-0.7726,-21.7970,-5.4444,0.7438,-0.0699,-0.6647,0.9980,223,7.852117,1.2443,0.0666
BiancaGolden_CircleTurns,-75.2033,6.7820,199.5391,-0.7313,-21.8859,-5.5087,0.7373,-0.0776,-0.6711,0.9980,224,7.866298,1.2480,0.0678
BiancaGolden_CircleTurns,-74.8356,6.8859,199.5359,-0.7273,-22.0224,-5.5727,0.7352,-0.0783,-0.6733,0.9980,224,7.879639,1.2516,0.0689
BiancaGolden_CircleTurns,-74.4600,6.9752,199.5549,-0.7554,-22.1938,-5.6534,0.7334,-0.0833,-0.6746,0.9980,224,7.895507,1.2554,0.0698
BiancaGolden_CircleTurns,-74.0613,7.0511,199.5703,-0.7612,-22.2960,-5.7426,0.7277,-0.0797,-0.6812,0.9980,225,7.907355,1.2594,0.0705
BiancaGolden_CircleTurns,-73.6573,7.1021,199.5878,-0.7273,-22.3385,-5.8146,0.7279,-0.0792,-0.6811,0.9980,225,7.920887,1.2634,0.0710
BiancaGolden_CircleTurns,-73.2395,7.1409,199.5808,-0.6727,-22.2771,-5.8994,0.7275,-0.0805,-0.6814,0.9980,226,7.936299,1.2676,0.0714
BiancaGolden_CircleTurns,-72.8097,7.1531,199.5579,-0.6088,-22.1934,-5.9672,0.7300,-0.0817,-0.6786,0.9980,226,7.949708,1.2719,0.0715
BiancaGolden_CircleTurns,-72.3836,7.1637,199.5265,-0.5438,-22.0844,-6.0269,0.7309,-0.0832,-0.6774,0.9980,227,7.966958,1.2762,0.0716
BiancaGolden_CircleTurns,-71.9605,7.1312,199.4751,-0.4520,-21.9907,-6.0785,0.7333,-0.0806,-0.6751,0.9980,227,7.978566,1.2804,0.0713
BiancaGolden_CircleTurns,-71.5601,7.1097,199.4048,-0.3697,-21.9427,-6.1246,0.7341,-0.0807,-0.6742,0.9980,227,7.991884,1.2844,0.0711
BiancaGolden_CircleTurns,-71.1562,7.0665,199.3344,-0.3407,-21.9533,-6.1448,0.7334,-0.0808,-0.6750,0.9980,228,8.005619,1.2884,0.0707
BiancaGolden_CircleTurns,-70.7494,7.0042,199.2579,-0.3294,-22.0212,-6.1222,0.7239,-0.0746,-0.6859,0.9980,228,8.017748,1.2925,0.0700
BiancaGolden_CircleTurns,-70.3327,6.9323,199.1847,-0.3301,-22.1109,-6.0515,0.7222,-0.0795,-0.6871,0.9980,229,8.033192,1.2967,0.0693
BiancaGolden_CircleTurns,-69.9230,6.8452,199.0847,-0.3290,-22.1658,-5.9639,0.7223,-0.0781,-0.6872,0.9980,229,8.047637,1.3008,0.0685
BiancaGolden_CircleTurns,-69.5293,6.7528,198.9607,-0.2916,-22.1721,-5.8291,0.7233,-0.0617,-0.6878,0.9980,229,8.061911,1.3047,0.0675
BiancaGolden_CircleTurns,-69.1585,6.6407,198.8048,-0.2224,-22.1627,-5.6723,0.7229,-0.0624,-0.6881,0.9980,230,8.075805,1.3084,0.0664
BiancaGolden_CircleTurns,-68.8026,6.5266,198.6362,-0.1947,-22.1418,-5.5001,0.7200,-0.0601,-0.6914,0.9980,230,8.087922,1.3120,0.0653
BiancaGolden_CircleTurns,-68.4478,6.3892,198.4625,-0.1741,-22.1335,-5.3255,0.7193,-0.0574,-0.6923,0.9980,231,8.103478,1.3155,0.0639
BiancaGolden_CircleTurns,-68.1047,6.2519,198.2816,-0.2253,-22.0971,-5.1481,0.7193,-0.0547,-0.6926,0.9980,231,8.117139,1.3190,0.0625
BiancaGolden_CircleTurns,-67.7823,6.0944,198.0898,-0.2995,-22.1151,-4.9701,0.7125,-0.0541,-0.6995,0.9980,231,8.130737,1.3222,0.0609
BiancaGolden_CircleTurns,-67.4937,5.9323,197.8868,-0.4043,-22.2062,-4.8046,0.7084,-0.0517,-0.7039,0.9980,232,8.144313,1.3251,0.0593
BiancaGolden_CircleTurns,-67.2126,5.7444,197.7216,-0.4744,-22.4216,-4.6692,0.7024,-0.0498,-0.7100,0.9980,232,8.158049,1.3279,0.0574
BiancaGolden_CircleTurns,-66.9233,5.5409,197.5847,-0.4667,-22.6981,-4.5207,0.6944,-0.0477,-0.7180,0.9980,233,8.172379,1.3308,0.0554
BiancaGolden_CircleTurns,-66.5670,5.3240,197.5458,-0.4423,-22.9514,-4.3470,0.6923,-0.0450,-0.7202,0.9980,233,8.185920,1.3343,0.0532
BiancaGolden_CircleTurns,-66.1077,5.0909,197.6837,-0.5096,-23.1344,-4.1806,0.6965,-0.0440,-0.7162,0.9980,234,8.201329,1.3389,0.0509
BiancaGolden_CircleTurns,-65.6664,4.8747,197.8355,-0.7188,-23.0021,-4.0520,0.6988,-0.0412,-0.7141,0.9980,234,8.214688,1.3433,0.0487
BiancaGolden_CircleTurns,-65.3405,4.6595,197.7670,-0.9472,-22.8325,-3.9323,0.7062,-0.0507,-0.7062,0.9980,234,8.227880,1.3466,0.0466
BiancaGolden_CircleTurns,-65.0435,4.4237,197.6572,-1.0058,-22.7486,-3.7274,0.7061,-0.0499,-0.7064,0.9980,235,8.242603,1.3496,0.0442
BiancaGolden_CircleTurns,-64.7106,4.1885,197.6698,-1.0163,-22.7648,-3.5254,0.7008,-0.0484,-0.7117,0.9980,235,8.254786,1.3529,0.0419
BiancaGolden_CircleTurns,-64.3364,3.9592,197.7867,-1.1343,-22.8231,-3.3823,0.6953,-0.0435,-0.7174,0.9980,236,8.270011,1.3566,0.0396
BiancaGolden_CircleTurns,-63.9431,3.7361,197.9069,-1.3934,-22.8631,-3.2833,0.6943,-0.0383,-0.7187,0.9980,236,8.283438,1.3606,0.0374
BiancaGolden_CircleTurns,-63.5487,3.5078,198.0259,-1.6226,-22.9337,-3.1830,0.6938,-0.0354,-0.7193,0.9980,237,8.297572,1.3645,0.0351
BiancaGolden_CircleTurns,-63.1418,3.2713,198.1404,-1.7862,-22.9813,-3.0431,0.6932,-0.0333,-0.7200,0.9980,237,8.311586,1.3686,0.0327
BiancaGolden_CircleTurns,-62.7404,3.0558,198.2364,-1.9053,-23.0035,-2.9425,0.6910,-0.0378,-0.7219,0.9980,237,8.325464,1.3726,0.0306
BiancaGolden_CircleTurns,-62.3259,2.8218,198.3063,-1.9410,-22.9821,-2.8453,0.6916,-0.0366,-0.7214,0.9980,238,8.339136,1.3767,0.0282
BiancaGolden_CircleTurns,-61.9166,2.5860,198.3608,-1.9124,-22.9417,-2.7284,0.6881,-0.0360,-0.7247,0.9980,238,8.351580,1.3808,0.0259
BiancaGolden_CircleTurns,-61.4831,2.3384,198.3947,-1.7667,-22.8453,-2.6236,0.6894,-0.0351,-0.7235,0.9980,239,8.366145,1.3852,0.0234
BiancaGolden_CircleTurns,-61.0656,2.0863,198.4162,-1.6202,-22.7473,-2.5060,0.6900,-0.0348,-0.7230,0.9980,239,8.379319,1.3893,0.0209
BiancaGolden_CircleTurns,-60.6615,1.8309,198.4319,-1.5359,-22.7023,-2.4322,0.6766,-0.0321,-0.7357,0.9980,239,8.393421,1.3934,0.0183
BiancaGolden_CircleTurns,-60.2679,1.5757,198.4401,-1.5245,-22.7323,-2.3484,0.6740,-0.0309,-0.7381,0.9980,240,8.406509,1.3973,0.0158
BiancaGolden_CircleTurns,-59.8872,1.3102,198.4141,-1.5590,-22.8183,-2.2872,0.6683,-0.0331,-0.7432,0.9980,240,8.420493,1.4011,0.0131
BiancaGolden_CircleTurns,-59.5037,1.0339,198.3989,-1.5581,-22.9457,-2.1883,0.6652,-0.0417,-0.7455,0.9980,241,8.437430,1.4050,0.0103
BiancaGolden_CircleTurns,-58.7332,0.5001,198.3975,-1.4986,-23.1330,-2.0015,0.6547,-0.0396,-0.7549,0.9980,241,8.451246,1.4127,0.0050
BiancaGolden_CircleTurns,-58.4020,0.1925,198.3666,-1.4564,-23.3549,-1.8433,0.6526,-0.0334,-0.7570,0.9980,242,8.481415,1.4160,0.0019
BiancaGolden_CircleTurns,-57.6866,-0.3876,198.3367,-1.3627,-23.4887,-1.5804,0.6497,-0.0286,-0.7596,0.9980,242,8.493068,1.4231,-0.0039
BiancaGolden_CircleTurns,-57.3589,-0.6710,198.3217,-1.3742,-23.4669,-1.4476,0.6501,-0.0264,-0.7594,0.9980,243,8.508245,1.4264,-0.0067
BiancaGolden_CircleTurns,-57.0351,-0.9687,198.3231,-1.4511,-23.4449,-1.3000,0.6540,-0.0205,-0.7562,0.9980,243,8.522639,1.4296,-0.0097
BiancaGolden_CircleTurns,-56.7218,-1.2684,198.3234,-1.5294,-23.4336,-1.1497,0.6963,-0.0208,-0.7174,0.9980,244,8.537356,1.4328,-0.0127
BiancaGolden_CircleTurns,-56.4321,-1.5624,198.3422,-1.5899,-23.4354,-1.0289,0.6950,-0.0187,-0.7188,0.9980,244,8.551407,1.4357,-0.0156
BiancaGolden_CircleTurns,-56.1872,-1.8530,198.3463,-1.6458,-23.5459,-0.8876,0.7370,-0.0095,-0.6759,0.9980,245,8.567737,1.4381,-0.0185
BiancaGolden_CircleTurns,-55.9362,-2.1370,198.3810,-1.7171,-23.7013,-0.6855,0.7361,-0.0029,-0.6768,0.9980,245,8.593014,1.4406,-0.0214
BiancaGolden_CircleTurns,-55.3644,-2.7111,198.4434,-1.8143,-23.7813,-0.3813,0.7342,-0.0028,-0.6789,0.9980,246,8.605970,1.4464,-0.0271
BiancaGolden_CircleTurns,-55.1190,-2.9884,198.4877,-1.8465,-23.7214,-0.2311,0.7347,-0.0059,-0.6784,0.9980,246,8.621382,1.4488,-0.0299
BiancaGolden_CircleTurns,-54.9048,-3.2449,198.5089,-1.9197,-23.6671,-0.1027,0.7350,-0.0040,-0.6781,0.9980,247,8.635370,1.4510,-0.0324
BiancaGolden_CircleTurns,-54.6829,-3.4901,198.5412,-2.0659,-23.6444,-0.0119,0.7295,-0.0019,-0.6840,0.9980,247,8.649483,1.4532,-0.0349
BiancaGolden_CircleTurns,-54.4677,-3.7148,198.5831,-2.2622,-23.6263,0.0370,0.7293,0.0006,-0.6842,0.9980,247,8.663589,1.4553,-0.0371
BiancaGolden_CircleTurns,-54.2439,-3.9266,198.6226,-2.4108,-23.5778,0.1190,0.7300,0.0023,-0.6835,0.9980,248,8.678413,1.4576,-0.0393
BiancaGolden_CircleTurns,-53.9990,-4.1080,198.6570,-2.4215,-23.5240,0.1460,0.7294,0.0038,-0.6841,0.9980,249,8.703826,1.4600,-0.0411
BiancaGolden_CircleTurns,-53.5298,-4.5219,198.7067,-2.5379,-23.4272,0.3036,0.7306,0.0037,-0.6828,0.9980,249,8.718649,1.4647,-0.0452
BiancaGolden_CircleTurns,-53.2870,-4.6720,198.7025,-2.5236,-23.3215,0.3017,0.7289,0.0054,-0.6846,0.9980,250,8.732755,1.4671,-0.0467
BiancaGolden_CircleTurns,-53.0360,-4.8160,198.7109,-2.5010,-23.3182,0.3401,0.7214,0.0064,-0.6925,0.9980,250,8.747584,1.4696,-0.0482
BiancaGolden_CircleTurns,-52.7659,-4.9337,198.7614,-2.5483,-23.3470,0.3445,0.7138,0.0074,-0.7003,0.9980,250,8.761772,1.4723,-0.0493
BiancaGolden_CircleTurns,-52.4646,-5.0424,198.8411,-2.6098,-23.3949,0.3435,0.7129,0.0081,-0.7013,0.9980,251,8.776038,1.4754,-0.0504
BiancaGolden_CircleTurns,-52.1664,-5.1224,198.9033,-2.6820,-23.4388,0.3679,0.7087,0.0085,-0.7055,0.9980,251,8.789786,1.4783,-0.0512
BiancaGolden_CircleTurns,-51.8538,-5.1849,198.9482,-2.7053,-23.4202,0.4086,0.7060,0.0085,-0.7081,0.9980,252,8.804426,1.4815,-0.0518
BiancaGolden_CircleTurns,-51.5548,-5.1805,198.9933,-2.7783,-23.3373,0.4478,0.7071,0.0092,-0.7070,0.9980,253,8.830978,1.4845,-0.0518
BiancaGolden_CircleTurns,-51.0122,-5.2742,199.0558,-2.8185,-23.2131,0.5053,0.7069,0.0085,-0.7073,0.9980,253,8.844510,1.4899,-0.0527
BiancaGolden_CircleTurns,-50.7484,-5.2832,199.0889,-2.6746,-23.0716,0.5133,0.7007,0.0106,-0.7134,0.9980,253,8.858662,1.4925,-0.0528
BiancaGolden_CircleTurns,-50.4645,-5.2840,199.1308,-2.4811,-22.9580,0.5417,0.6949,0.0102,-0.7190,0.9980,254,8.873205,1.4954,-0.0528
BiancaGolden_CircleTurns,-50.1602,-5.2397,199.1592,-2.3313,-22.8220,0.5688,0.6960,0.0103,-0.7179,0.9980,254,8.887144,1.4984,-0.0524
BiancaGolden_CircleTurns,-49.8812,-5.1944,199.1362,-2.2186,-22.7297,0.6392,0.6919,0.0088,-0.7220,0.9980,255,8.901286,1.5012,-0.0519
BiancaGolden_CircleTurns,-49.5613,-5.1278,199.1043,-2.2000,-22.7332,0.7332,0.6807,0.0087,-0.7325,0.9980,255,8.914671,1.5044,-0.0513
BiancaGolden_CircleTurns,-49.2116,-5.0327,199.0962,-2.3433,-23.0094,0.8018,0.6770,0.0098,-0.7360,0.9980,256,8.942498,1.5079,-0.0503
BiancaGolden_CircleTurns,-48.5510,-4.9131,199.0262,-2.3593,-23.1560,0.8820,0.6759,0.0068,-0.7370,0.9980,256,8.954783,1.5145,-0.0491
BiancaGolden_CircleTurns,-48.1823,-4.8253,198.9348,-2.3050,-23.2396,0.8350,0.6750,0.0055,-0.7378,0.9980,257,8.973249,1.5182,-0.0483
BiancaGolden_CircleTurns,-47.8359,-4.7294,198.8427,-2.2318,-23.3093,0.7664,0.6724,0.0021,-0.7402,0.9980,257,8.984360,1.5216,-0.0473
BiancaGolden_CircleTurns,-47.4834,-4.5966,198.7355,-2.2356,-23.3624,0.6906,0.6697,0.0014,-0.7426,0.9980,258,8.998240,1.5252,-0.0460
BiancaGolden_CircleTurns,-47.1025,-4.4602,198.5972,-2.2945,-23.3855,0.5853,0.6708,0.0075,-0.7416,0.9980,258,9.012275,1.5290,-0.0446
BiancaGolden_CircleTurns,-46.7069,-4.2857,198.4311,-2.3795,-23.2596,0.3449,0.6672,-0.0038,-0.7448,0.9980,259,9.039983,1.5329,-0.0429
BiancaGolden_CircleTurns,-46.0320,-3.9840,198.1743,-2.4343,-23.4729,0.0784,0.6617,-0.0061,-0.7498,0.9980,259,9.051888,1.5397,-0.0398
BiancaGolden_CircleTurns,-45.7006,-3.8033,198.0659,-2.4520,-23.8985,-0.1338,0.6542,-0.0113,-0.7562,0.9980,260,9.067120,1.5430,-0.0380
BiancaGolden_CircleTurns,-45.3724,-3.5959,197.9644,-2.4698,-24.2920,-0.3613,0.6478,-0.0174,-0.7616,0.9980,260,9.080439,1.5463,-0.0360
BiancaGolden_CircleTurns,-44.9788,-3.3973,197.8589,-2.4406,-24.5778,-0.6095,0.6512,-0.0233,-0.7585,0.9980,260,9.095227,1.5502,-0.0340
BiancaGolden_CircleTurns,-44.5708,-3.1916,197.8094,-2.1356,-24.2376,-0.8879,0.6591,-0.0278,-0.7515,0.9980,261,9.121190,1.5543,-0.0319
BiancaGolden_CircleTurns,-43.7652,-2.8025,197.6792,-2.0729,-23.9260,-1.2253,0.6646,-0.0273,-0.7467,0.9980,262,9.133595,1.5623,-0.0280
BiancaGolden_CircleTurns,-43.2192,-2.5822,197.7877,-2.2648,-23.4707,-1.2755,0.6698,-0.0257,-0.7421,0.9980,262,9.149160,1.5678,-0.0258
BiancaGolden_CircleTurns,-42.6134,-2.3908,198.0335,-2.5194,-23.0738,-1.2905,0.6730,-0.0247,-0.7392,0.9980,262,9.162808,1.5739,-0.0239
BiancaGolden_CircleTurns,-42.1596,-2.1586,198.0913,-2.8374,-22.7401,-1.4057,0.6601,-0.0157,-0.7510,0.9980,263,9.178061,1.5784,-0.0216
BiancaGolden_CircleTurns,-41.8541,-1.9449,197.8476,-3.0013,-23.1072,-1.5295,0.6536,-0.0186,-0.7566,0.9980,264,9.205164,1.5815,-0.0194
BiancaGolden_CircleTurns,-40.9366,-1.5363,197.8714,-2.9520,-23.2998,-1.7819,0.6503,-0.0220,-0.7593,0.9980,264,9.217715,1.5906,-0.0154
BiancaGolden_CircleTurns,-40.4738,-1.2993,197.9270,-2.7884,-23.5358,-1.9854,0.6248,-0.0279,-0.7803,0.9980,264,9.230296,1.5953,-0.0130
BiancaGolden_CircleTurns,-39.9566,-1.0690,197.9303,-2.6375,-23.8097,-2.1712,0.6214,-0.0309,-0.7829,0.9980,265,9.244522,1.6004,-0.0107
BiancaGolden_CircleTurns,-39.3897,-0.8372,197.9712,-2.4176,-24.0602,-2.2718,0.6193,-0.0421,-0.7840,0.9980,265,9.259690,1.6061,-0.0084
BiancaGolden_CircleTurns,-38.7220,-0.6122,198.1804,-2.2424,-24.1236,-2.4754,0.6188,-0.0424,-0.7844,0.9980,266,9.286574,1.6128,-0.0061
BiancaGolden_CircleTurns,-37.6092,-0.1652,198.2398,-2.0332,-24.0752,-2.9007,0.6194,-0.0459,-0.7837,0.9980,267,9.299147,1.6239,-0.0017
BiancaGolden_CircleTurns,-37.0914,0.0596,198.2216,-1.8951,-24.0100,-3.1197,0.6189,-0.0491,-0.7839,0.9980,267,9.311897,1.6291,0.0006
BiancaGolden_CircleTurns,-36.5519,0.2941,198.2069,-1.7066,-24.0028,-3.3723,0.6178,-0.0482,-0.7848,0.9980,267,9.326447,1.6345,0.0029
BiancaGolden_CircleTurns,-36.0041,0.5077,198.2083,-1.5447,-24.0463,-3.5683,0.6072,-0.0434,-0.7934,0.9980,268,9.341963,1.6400,0.0051
BiancaGolden_CircleTurns,-35.4774,0.7191,198.1992,-1.4337,-24.0653,-3.7783,0.6037,-0.0475,-0.7958,0.9980,269,9.369346,1.6452,0.0072
BiancaGolden_CircleTurns,-34.4368,1.1855,198.1841,-1.4365,-24.1904,-4.1942,0.6014,-0.0482,-0.7975,0.9980,269,9.382351,1.6556,0.0119
BiancaGolden_CircleTurns,-33.9375,1.4202,198.1446,-1.5730,-24.3525,-4.3851,0.5963,-0.0505,-0.8012,0.9980,269,9.395185,1.6606,0.0142
BiancaGolden_CircleTurns,-33.4068,1.6464,198.1506,-1.6936,-24.5701,-4.5658,0.6071,-0.0685,-0.7917,0.9980,270,9.409228,1.6659,0.0165
BiancaGolden_CircleTurns,-32.8220,1.8769,198.1401,-1.8921,-24.4916,-4.9055,0.6380,-0.0884,-0.7649,0.9980,271,9.436675,1.6718,0.0188
BiancaGolden_CircleTurns,-31.7775,2.3584,198.0613,-1.8997,-24.3621,-5.4640,0.6532,-0.1110,-0.7490,0.9980,271,9.449683,1.6822,0.0236
BiancaGolden_CircleTurns,-31.2755,2.6143,198.0023,-1.9036,-24.2212,-5.7252,0.6537,-0.1114,-0.7485,0.9980,271,9.462908,1.6872,0.0261
BiancaGolden_CircleTurns,-31.3211,2.6199,197.9921,-1.8169,-24.1762,-5.7100,0.6530,-0.1123,-0.7490,0.9980,272,9.479613,1.6868,0.0262
BiancaGolden_CircleTurns,-30.8984,2.8822,197.9525,-1.7449,-24.4322,-5.9307,0.6452,-0.1170,-0.7550,0.9980,273,9.503065,1.6910,0.0288
BiancaGolden_CircleTurns,-29.9883,3.3878,197.9019,-1.6828,-24.7236,-6.3850,0.6348,-0.1186,-0.7635,0.9980,273,9.517178,1.7001,0.0339
BiancaGolden_CircleTurns,-29.5523,3.6425,197.9176,-1.6090,-24.9117,-6.6121,0.6332,-0.1126,-0.7658,0.9980,273,9.530344,1.7045,0.0364
BiancaGolden_CircleTurns,-29.1124,3.8870,197.9541,-1.5261,-25.0024,-6.8040,0.6337,-0.1155,-0.7649,0.9980,274,9.543189,1.7089,0.0389
BiancaGolden_CircleTurns,-28.6586,4.1276,198.0127,-1.4438,-24.9328,-7.0090,0.6334,-0.1169,-0.7650,0.9980,274,9.558137,1.7134,0.0413
BiancaGolden_CircleTurns,-28.2543,4.3495,198.0981,-1.4180,-24.8640,-7.1362,0.6296,-0.1215,-0.7674,0.9980,275,9.582934,1.7175,0.0435
BiancaGolden_CircleTurns,-27.4661,4.8062,198.1685,-1.2242,-24.9957,-7.4456,0.6280,-0.1250,-0.7681,0.9980,275,9.596622,1.7253,0.0481
BiancaGolden_CircleTurns,-27.1235,5.0019,198.1765,-1.0690,-25.1678,-7.5524,0.6249,-0.1267,-0.7704,0.9980,276,9.610497,1.7288,0.0500
BiancaGolden_CircleTurns,-26.7956,5.1849,198.1622,-0.9393,-25.3112,-7.6555,0.6247,-0.1280,-0.7703,0.9980,276,9.626051,1.7320,0.0518
BiancaGolden_CircleTurns,-26.4585,5.3669,198.1847,-0.9696,-25.3043,-7.8022,0.6198,-0.1269,-0.7745,0.9980,277,9.651011,1.7354,0.0537
BiancaGolden_CircleTurns,-25.7165,5.7178,198.2741,-0.9211,-25.2348,-8.0352,0.6211,-0.1275,-0.7733,0.9980,278,9.665539,1.7428,0.0572
BiancaGolden_CircleTurns,-25.3348,5.8499,198.3443,-0.8958,-25.0143,-8.1180,0.6220,-0.1290,-0.7723,0.9980,278,9.679208,1.7467,0.0585
BiancaGolden_CircleTurns,-24.9454,5.9730,198.3984,-0.8256,-24.7801,-8.2528,0.6298,-0.1450,-0.7631,0.9980,278,9.692814,1.7505,0.0597
BiancaGolden_CircleTurns,-24.5969,6.0444,198.3676,-0.6829,-24.4270,-8.4684,0.6317,-0.1491,-0.7607,0.9980,279,9.719921,1.7540,0.0604
BiancaGolden_CircleTurns,-23.9029,6.2436,198.3540,-0.5466,-24.2222,-8.7110,0.6696,-0.1705,-0.7229,0.9980,280,9.732814,1.7610,0.0624
BiancaGolden_CircleTurns,-23.5561,6.3211,198.3574,-0.5195,-24.1970,-8.8365,0.6845,-0.1779,-0.7070,0.9980,280,9.748180,1.7644,0.0632
BiancaGolden_CircleTurns,-23.2004,6.3834,198.4165,-0.5885,-24.2486,-8.9899,0.6810,-0.1874,-0.7079,0.9980,280,9.761534,1.7680,0.0638
BiancaGolden_CircleTurns,-22.8506,6.4643,198.4482,-0.7505,-24.3167,-9.1459,0.6742,-0.1869,-0.7146,0.9980,281,9.776082,1.7715,0.0646
BiancaGolden_CircleTurns,-22.5109,6.4968,198.4457,-0.8680,-24.4619,-9.2595,0.6638,-0.1714,-0.7280,0.9980,281,9.789277,1.7749,0.0650
BiancaGolden_CircleTurns,-22.1925,6.5213,198.4222,-0.7880,-24.5427,-9.3789,0.6620,-0.1691,-0.7302,0.9980,282,9.805006,1.7781,0.0652
BiancaGolden_CircleTurns,-21.8237,6.5201,198.4842,-0.6315,-24.5934,-9.4082,0.6576,-0.1700,-0.7339,0.9980,283,9.830974,1.7818,0.0652
BiancaGolden_CircleTurns,-21.1023,6.5724,198.5631,-0.5749,-24.5332,-9.5311,0.6512,-0.1685,-0.7399,0.9980,283,9.844044,1.7890,0.0657
BiancaGolden_CircleTurns,-20.7436,6.5763,198.5859,-0.6156,-24.4570,-9.5314,0.6492,-0.1698,-0.7414,0.9980,283,9.855926,1.7926,0.0658
BiancaGolden_CircleTurns,-20.3819,6.5371,198.5988,-0.6043,-24.3465,-9.4971,0.6491,-0.1703,-0.7414,0.9980,284,9.870588,1.7962,0.0654
BiancaGolden_CircleTurns,-20.0169,6.4965,198.5994,-0.5532,-24.2026,-9.5140,0.6520,-0.1645,-0.7401,0.9980,284,9.885342,1.7998,0.0650
BiancaGolden_CircleTurns,-19.5842,6.4340,198.5725,-0.3861,-23.8518,-9.4144,0.6497,-0.1564,-0.7440,0.9980,285,9.912411,1.8042,0.0643
BiancaGolden_CircleTurns,-18.8253,6.3364,198.4962,-0.2387,-23.5715,-9.2833,0.6428,-0.1498,-0.7513,0.9980,285,9.925354,1.8117,0.0634
BiancaGolden_CircleTurns,-18.4279,6.2526,198.4098,-0.1464,-23.5076,-9.1396,0.6385,-0.1464,-0.7556,0.9980,286,9.938601,1.8157,0.0625
BiancaGolden_CircleTurns,-18.0482,6.1442,198.2681,-0.0704,-23.5336,-8.9205,0.6344,-0.1444,-0.7594,0.9980,286,9.952207,1.8195,0.0614
BiancaGolden_CircleTurns,-17.6860,6.0183,198.0700,-0.0073,-23.6319,-8.7516,0.6171,-0.1409,-0.7741,0.9980,287,9.972219,1.8231,0.0602
BiancaGolden_CircleTurns,-17.3547,5.7963,197.7578,0.0190,-23.8823,-8.6226,0.6065,-0.1380,-0.7830,0.9980,287,9.994061,1.8265,0.0580
BiancaGolden_CircleTurns,-16.5954,5.4762,197.4526,0.1317,-24.0812,-8.4191,0.6057,-0.1260,-0.7857,0.9980,288,10.007877,1.8340,0.0548
BiancaGolden_CircleTurns,-16.2289,5.2790,197.2768,0.1408,-24.2316,-8.3226,0.6022,-0.1244,-0.7886,0.9980,288,10.019886,1.8377,0.0528
BiancaGolden_CircleTurns,-16.2604,5.2299,197.2672,0.0762,-24.4769,-8.2666,0.5891,-0.1194,-0.7992,0.9980,289,10.035936,1.8374,0.0523
BiancaGolden_CircleTurns,-15.5289,4.7117,197.0346,-0.1013,-25.2375,-7.9909,0.5749,-0.1200,-0.8094,0.9980,289,10.062248,1.8447,0.0471
BiancaGolden_CircleTurns,-14.7590,4.1563,196.8619,-0.4169,-25.9555,-7.8881,0.5297,-0.1723,-0.8305,0.9980,290,10.076328,1.8524,0.0416
BiancaGolden_CircleTurns,-14.2332,3.7691,196.9809,-0.7032,-26.6162,-8.0463,0.5204,-0.1782,-0.8351,0.9980,290,10.088339,1.8577,0.0377
BiancaGolden_CircleTurns,-14.0638,3.6141,197.1132,-0.8612,-26.7176,-8.4747,0.5042,-0.1765,-0.8454,0.9980,291,10.116911,1.8594,0.0361
BiancaGolden_CircleTurns,-13.2122,2.8964,196.7826,-1.1498,-27.5816,-8.7816,0.4888,-0.1743,-0.8548,0.9980,292,10.130775,1.8679,0.0290
BiancaGolden_CircleTurns,-12.2969,2.1528,196.3370,-1.5038,-28.6083,-9.1731,0.4937,-0.2015,-0.8459,0.9980,292,10.143000,1.8770,0.0215
BiancaGolden_CircleTurns,-12.2232,2.1045,196.3029,-1.5674,-29.2936,-9.4662,0.4674,-0.1999,-0.8611,0.9980,293,10.169732,1.8778,0.0210
BiancaGolden_CircleTurns,-11.2864,1.3046,195.9524,-1.7431,-30.9739,-9.9826,0.4464,-0.1870,-0.8751,0.9980,293,10.182669,1.8871,0.0130
BiancaGolden_CircleTurns,-10.8098,0.8998,195.8158,-1.7594,-32.4093,-10.3199,0.4217,-0.1786,-0.8890,0.9980,293,10.197120,1.8919,0.0090
BiancaGolden_CircleTurns,-10.2816,0.5130,195.6495,-1.7369,-34.1122,-10.7588,0.3957,-0.1776,-0.9010,0.9980,294,10.223700,1.8972,0.0051
BiancaGolden_CircleTurns,-9.2906,-0.3168,195.2956,-1.6642,-36.1692,-11.4981,0.3861,-0.1854,-0.9036,0.9980,295,10.236669,1.9071,-0.0032
BiancaGolden_CircleTurns,-8.7920,-0.7777,195.2002,-1.0636,-36.7938,-12.1234,0.3766,-0.1935,-0.9059,0.9980,295,10.263485,1.9121,-0.0078
BiancaGolden_CircleTurns,-7.7880,-1.6446,195.0180,-0.6055,-38.1435,-12.9995,0.3873,-0.1923,-0.9017,0.9980,296,10.276718,1.9221,-0.0164
BiancaGolden_CircleTurns,-7.1794,-2.0464,195.0904,-0.5985,-37.5738,-13.4465,0.3782,-0.1957,-0.9048,0.9980,296,10.304145,1.9282,-0.0205
BiancaGolden_CircleTurns,-6.1582,-2.8398,194.9239,-0.6501,-37.9958,-14.2524,0.3796,-0.2261,-0.8971,0.9980,297,10.317373,1.9384,-0.0284
BiancaGolden_CircleTurns,-5.7415,-3.2349,194.7795,-0.8006,-38.0096,-14.5229,0.3925,-0.2291,-0.8908,0.9980,297,10.333699,1.9426,-0.0323
BiancaGolden_CircleTurns,-5.4409,-3.5914,194.7000,-1.0009,-38.3810,-14.6677,0.3812,-0.2187,-0.8983,0.9980,298,10.357255,1.9456,-0.0359
BiancaGolden_CircleTurns,-4.6109,-4.3582,194.5753,-1.0618,-39.2135,-15.2773,0.3800,-0.2114,-0.9005,0.9980,298,10.373305,1.9539,-0.0436
BiancaGolden_CircleTurns,-4.1859,-4.7506,194.5262,-0.9951,-39.2606,-15.6109,0.3766,-0.2094,-0.9024,0.9980,299,10.397758,1.9581,-0.0475
BiancaGolden_CircleTurns,-3.2902,-5.5490,194.4060,-0.8112,-39.4758,-16.1953,0.3837,-0.2132,-0.8985,0.9980,299,10.412265,1.9671,-0.0555
BiancaGolden_CircleTurns,-2.8631,-5.9534,194.3256,-0.5053,-39.1321,-16.2973,0.3886,-0.2143,-0.8962,0.9980,300,10.439151,1.9714,-0.0595
BiancaGolden_CircleTurns,-2.0695,-6.7262,194.1379,-0.2968,-39.3500,-16.7312,0.3857,-0.2119,-0.8980,0.9980,300,10.451798,1.9793,-0.0673
BiancaGolden_CircleTurns,-1.7442,-7.0799,193.9916,-0.2869,-39.8171,-16.7286,0.3786,-0.2052,-0.9025,0.9980,301,10.479294,1.9826,-0.0708
BiancaGolden_CircleTurns,-0.9821,-7.8432,193.8216,-0.1133,-40.4546,-17.0255,0.3822,-0.1734,-0.9077,0.9980,301,10.491445,1.9902,-0.0784
BiancaGolden_CircleTurns,-0.6242,-8.2035,193.8605,0.1225,-41.0227,-17.0190,0.3764,-0.1748,-0.9098,0.9980,302,10.519087,1.9938,-0.0820
BiancaGolden_CircleTurns,0.1847,-8.9487,193.8375,0.3624,-41.4341,-17.2044,0.3827,-0.1695,-0.9082,0.9980,302,10.537381,2.0018,-0.0895
BiancaGolden_CircleTurns,0.6009,-9.2269,193.9652,0.1458,-41.3822,-16.9773,0.3813,-0.1605,-0.9104,0.9980,303,10.560434,2.0060,-0.0923
BiancaGolden_CircleTurns,1.3319,-9.8462,193.9450,-0.0173,-41.6347,-16.9515,0.3806,-0.1453,-0.9132,0.9980,303,10.573362,2.0133,-0.0985
BiancaGolden_CircleTurns,1.8744,-10.2945,193.8626,-0.3831,-41.8176,-16.6105,0.3699,-0.1467,-0.9174,0.9980,304,10.613496,2.0187,-0.1029
BiancaGolden_CircleTurns,2.8535,-11.0029,193.8753,-0.4474,-42.4081,-16.5388,0.3654,-0.1341,-0.9211,0.9980,304,10.640921,2.0285,-0.1100
BiancaGolden_CircleTurns,3.5717,-11.3164,193.9732,-0.7385,-42.6195,-16.4877,0.3505,-0.1209,-0.9287,0.9980,305,10.667965,2.0357,-0.1132
BiancaGolden_CircleTurns,4.1759,-11.5383,193.9973,-1.1163,-43.0803,-16.3647,0.3394,-0.1201,-0.9329,0.9980,305,10.695079,2.0418,-0.1154
BiancaGolden_CircleTurns,4.9422,-11.7756,194.1562,-0.9082,-43.5855,-16.6665,0.3359,-0.1348,-0.9322,0.9980,306,10.722364,2.0494,-0.1178
BiancaGolden_CircleTurns,5.6483,-11.9594,194.0943,-0.2003,-43.2373,-17.1926,0.3382,-0.1412,-0.9304,0.9980,306,10.751507,2.0565,-0.1196
BiancaGolden_CircleTurns,6.3449,-12.0604,194.0536,0.2878,-43.0454,-17.4716,0.3407,-0.1261,-0.9317,0.9980,307,10.778698,2.0634,-0.1206
BiancaGolden_CircleTurns,7.0163,-12.0544,194.0129,0.0983,-43.1198,-17.6143,0.3350,-0.1280,-0.9335,0.9980,307,10.805564,2.0702,-0.1205
BiancaGolden_CircleTurns,7.7451,-12.1317,193.9459,0.2039,-43.2208,-18.0615,0.3250,-0.1239,-0.9376,0.9980,308,10.833138,2.0775,-0.1213
BiancaGolden_CircleTurns,8.6015,-12.1588,193.9260,0.3877,-42.9862,-18.8305,0.3166,-0.1219,-0.9407,0.9980,308,10.861358,2.0860,-0.1216
BiancaGolden_CircleTurns,9.4478,-12.0538,193.7850,0.2915,-42.6969,-19.0859,0.3164,-0.1185,-0.9412,0.9980,309,10.889239,2.0945,-0.1205
BiancaGolden_CircleTurns,10.2470,-11.9608,193.6451,-0.0667,-42.6678,-19.6085,0.3071,-0.1222,-0.9438,0.9980,309,10.917603,2.1025,-0.1196
BiancaGolden_CircleTurns,10.8705,-11.8131,193.3791,0.4239,-42.8783,-20.8421,0.2894,-0.1271,-0.9487,0.9980,310,10.945355,2.1087,-0.1181
BiancaGolden_CircleTurns,11.4765,-11.5711,193.0661,1.0127,-42.7548,-22.2988,0.2814,-0.1219,-0.9518,0.9980,310,10.973927,2.1148,-0.1157
BiancaGolden_CircleTurns,11.9569,-11.2264,192.8358,1.3520,-42.8059,-23.4941,0.2576,-0.1097,-0.9600,0.9980,311,11.001611,2.1196,-0.1123
BiancaGolden_CircleTurns,12.3487,-10.8259,192.6392,1.3684,-43.4167,-24.7094,0.2586,-0.1221,-0.9582,0.9980,311,11.030136,2.1235,-0.1083
BiancaGolden_CircleTurns,13.0798,-10.5707,192.6163,1.5797,-43.0499,-26.4786,0.2473,-0.1544,-0.9566,0.9980,312,11.057703,2.1308,-0.1057
BiancaGolden_CircleTurns,13.8943,-10.2628,192.8501,1.5721,-42.8458,-28.2751,0.2403,-0.1561,-0.9581,0.9980,312,11.086038,2.1389,-0.1026
BiancaGolden_CircleTurns,14.7583,-9.8093,193.1876,0.9996,-43.4290,-29.9556,0.2318,-0.1602,-0.9595,0.9980,313,11.114022,2.1476,-0.0981
BiancaGolden_CircleTurns,15.3564,-9.3340,192.9436,1.1202,-43.6099,-31.3913,0.2155,-0.1642,-0.9626,0.9980,313,11.142278,2.1536,-0.0933
BiancaGolden_CircleTurns,16.4456,-9.0387,193.2035,1.8037,-43.4420,-32.5771,0.2107,-0.1704,-0.9626,0.9980,314,11.169402,2.1645,-0.0904
BiancaGolden_CircleTurns,17.2940,-8.5424,193.0835,1.9356,-43.4255,-33.8331,0.2055,-0.1610,-0.9653,0.9980,314,11.196258,2.1729,-0.0854
BiancaGolden_CircleTurns,18.1802,-8.0682,192.8671,2.1677,-43.6529,-35.3914,0.1845,-0.1569,-0.9702,0.9980,315,11.224179,2.1818,-0.0807
BiancaGolden_CircleTurns,19.1815,-7.7111,192.6938,2.4239,-44.2329,-36.9290,0.1667,-0.1436,-0.9755,0.9980,315,11.252769,2.1918,-0.0771
BiancaGolden_CircleTurns,20.0126,-7.3182,192.5234,2.8886,-45.2172,-38.5768,0.1373,-0.1438,-0.9800,0.9980,316,11.282037,2.2001,-0.0732
BiancaGolden_CircleTurns,20.8323,-6.9412,192.3554,3.1776,-46.3339,-40.6438,0.0931,-0.1729,-0.9805,0.9980,316,11.311944,2.2083,-0.0694
BiancaGolden_CircleTurns,21.7553,-6.7583,192.3115,3.6199,-46.6486,-43.2274,0.0861,-0.1843,-0.9791,0.9980,317,11.340909,2.2176,-0.0676
BiancaGolden_CircleTurns,22.5183,-6.5527,192.3603,4.0855,-46.8249,-45.6346,0.0760,-0.1819,-0.9804,0.9980,317,11.372787,2.2252,-0.0655
BiancaGolden_CircleTurns,23.2265,-6.2936,192.4269,4.2880,-47.1648,-47.8075,0.0794,-0.1800,-0.9805,0.9980,318,11.398933,2.2323,-0.0629
BiancaGolden_CircleTurns,23.9509,-6.1932,192.5253,4.4043,-47.1095,-50.0525,0.0748,-0.1928,-0.9784,0.9980,318,11.426549,2.2395,-0.0619
BiancaGolden_CircleTurns,24.4982,-6.1968,192.6705,5.0427,-46.9942,-52.7521,0.0628,-0.1878,-0.9802,0.9980,319,11.454762,2.2450,-0.0620
BiancaGolden_CircleTurns,24.9207,-6.1827,192.7777,5.7256,-47.4957,-55.2686,0.0548,-0.1743,-0.9832,0.9980,319,11.482744,2.2492,-0.0618
BiancaGolden_CircleTurns,25.2159,-6.2073,192.8323,5.9780,-48.0055,-57.9977,0.0387,-0.1882,-0.9814,0.9980,320,11.510445,2.2522,-0.0621
BiancaGolden_CircleTurns,25.3918,-6.3553,192.9158,6.3966,-48.1241,-61.4561,-0.0185,-0.2263,-0.9739,0.9980,320,11.539437,2.2539,-0.0636
BiancaGolden_CircleTurns,25.5091,-6.5666,193.0391,7.2859,-48.0448,-65.0577,-0.0508,-0.2493,-0.9671,0.9980,321,11.566924,2.2551,-0.0657
BiancaGolden_CircleTurns,25.6086,-6.7291,193.1504,7.9676,-48.1986,-67.9075,-0.0473,-0.2466,-0.9680,0.9980,321,11.595010,2.2561,-0.0673
BiancaGolden_CircleTurns,25.6507,-6.9013,193.2480,7.8648,-48.3864,-70.5020,-0.0434,-0.2408,-0.9696,0.9980,322,11.621912,2.2565,-0.0690
BiancaGolden_CircleTurns,25.5925,-7.1670,193.3077,7.9285,-48.2505,-73.0677,-0.0359,-0.2357,-0.9712,0.9980,322,11.650431,2.2559,-0.0717
BiancaGolden_CircleTurns,25.5232,-7.4423,193.3618,7.7699,-48.0287,-75.4502,-0.0197,-0.2292,-0.9732,0.9980,323,11.679172,2.2552,-0.0744
BiancaGolden_CircleTurns,25.4142,-7.6786,193.3522,7.4745,-47.8875,-77.5163,-0.0197,-0.2234,-0.9745,0.9980,323,11.703029,2.2541,-0.0768
BiancaGolden_CircleTurns,25.2048,-7.8841,193.2817,6.9666,-47.8294,-79.4970,-0.0580,-0.2332,-0.9707,0.9980,324,11.729081,2.2520,-0.0788
BiancaGolden_CircleTurns,24.8980,-8.2138,193.3209,6.8414,-47.6352,-81.8264,-0.1117,-0.2617,-0.9587,0.9980,324,11.758410,2.2490,-0.0821
BiancaGolden_CircleTurns,24.5740,-8.4848,193.2802,7.1471,-47.2523,-83.9216,-0.1266,-0.2644,-0.9561,0.9980,325,11.785859,2.2457,-0.0848
BiancaGolden_CircleTurns,24.2937,-8.7666,193.2593,6.6585,-46.9318,-85.5256,-0.1162,-0.2731,-0.9549,0.9980,325,11.814530,2.2429,-0.0877
BiancaGolden_CircleTurns,23.9141,-9.0585,193.2259,5.9504,-46.5056,-86.7713,-0.1094,-0.2808,-0.9535,0.9980,326,11.842427,2.2391,-0.0906
BiancaGolden_CircleTurns,23.4510,-9.5086,193.2715,5.6054,-45.7179,-88.6835,-0.1151,-0.2878,-0.9508,0.9980,326,11.870934,2.2345,-0.0951
BiancaGolden_CircleTurns,22.9475,-10.0420,193.4646,5.9811,-45.1214,-91.0750,-0.1660,-0.2993,-0.9396,0.9980,327,11.899232,2.2295,-0.1004
BiancaGolden_CircleTurns,22.3181,-10.3626,193.5369,6.4483,-44.9300,-93.5737,-0.2950,-0.2875,-0.9112,0.9980,327,11.927137,2.2232,-0.1036
BiancaGolden_CircleTurns,21.7023,-10.5414,193.5259,6.6744,-44.8974,-96.1647,-0.3286,-0.2709,-0.9048,0.9980,328,11.955049,2.2170,-0.1054
BiancaGolden_CircleTurns,21.1686,-10.9343,193.6879,6.2571,-44.5726,-98.7927,-0.3443,-0.2748,-0.8977,0.9980,328,11.983737,2.2117,-0.1093
BiancaGolden_CircleTurns,20.6053,-11.2224,193.7780,5.9087,-44.0788,-100.9679,-0.3208,-0.2709,-0.9076,0.9980,329,12.011281,2.2061,-0.1122
BiancaGolden_CircleTurns,20.0736,-11.4421,193.7907,5.5300,-43.5132,-103.1716,-0.3221,-0.2785,-0.9048,0.9980,329,12.039056,2.2007,-0.1144
BiancaGolden_CircleTurns,19.6195,-11.5599,193.7715,5.1667,-43.0376,-105.2871,-0.3100,-0.2822,-0.9079,0.9980,330,12.067568,2.1962,-0.1156
BiancaGolden_CircleTurns,19.1794,-11.7234,193.7630,4.6303,-42.5006,-107.1449,-0.2930,-0.2920,-0.9104,0.9980,330,12.095278,2.1918,-0.1172
BiancaGolden_CircleTurns,18.7872,-11.8644,193.8769,4.1032,-42.1156,-109.0978,-0.2926,-0.2824,-0.9136,0.9980,331,12.122866,2.1879,-0.1186
BiancaGolden_CircleTurns,18.4499,-11.7986,193.9849,3.8160,-42.3435,-111.4879,-0.3322,-0.2490,-0.9097,0.9980,331,12.151022,2.1845,-0.1180
BiancaGolden_CircleTurns,18.2062,-11.7657,194.1163,3.8804,-42.5148,-113.7234,-0.3678,-0.2105,-0.9058,0.9980,332,12.179037,2.1821,-0.1177
BiancaGolden_CircleTurns,18.0415,-11.9066,194.3933,3.5125,-42.1733,-115.6928,-0.3755,-0.1876,-0.9076,0.9980,332,12.210079,2.1804,-0.1191
BiancaGolden_CircleTurns,17.9651,-11.8781,194.6214,2.8886,-42.0066,-117.4786,-0.3761,-0.1684,-0.9111,0.9980,333,12.235728,2.1797,-0.1188
BiancaGolden_CircleTurns,17.9700,-11.7375,194.8523,2.5055,-42.3844,-119.4755,-0.3486,-0.1877,-0.9183,0.9980,333,12.262408,2.1797,-0.1174
BiancaGolden_CircleTurns,18.0612,-11.6301,194.9814,2.5346,-42.3138,-121.5699,-0.3546,-0.1908,-0.9154,0.9980,334,12.290257,2.1806,-0.1163
BiancaGolden_CircleTurns,18.1947,-11.4888,195.0029,2.3252,-41.5615,-123.6271,-0.3442,-0.2116,-0.9148,0.9980,334,12.318847,2.1819,-0.1149
BiancaGolden_CircleTurns,18.4687,-11.1561,194.9167,2.0712,-41.1318,-125.5869,-0.3219,-0.2231,-0.9201,0.9980,335,12.347053,2.1847,-0.1116
BiancaGolden_CircleTurns,18.8874,-10.7238,194.7324,1.7253,-41.1096,-127.4312,-0.3143,-0.2236,-0.9226,0.9980,335,12.375401,2.1889,-0.1072
BiancaGolden_CircleTurns,19.3648,-10.2973,194.5511,1.2092,-41.1088,-129.4282,-0.3092,-0.2193,-0.9253,0.9980,336,12.403725,2.1936,-0.1030
BiancaGolden_CircleTurns,19.8994,-9.7692,194.3802,1.1106,-41.0474,-131.8461,-0.3260,-0.1557,-0.9325,0.9980,336,12.432247,2.1990,-0.0977
BiancaGolden_CircleTurns,20.4868,-9.1681,194.2508,1.4309,-41.3768,-134.8197,-0.3285,-0.1311,-0.9353,0.9980,337,12.459957,2.2049,-0.0917
BiancaGolden_CircleTurns,21.1599,-8.6976,194.2785,1.4517,-41.8731,-138.1346,-0.3449,-0.1128,-0.9318,0.9980,337,12.488304,2.2116,-0.0870
BiancaGolden_CircleTurns,21.9332,-8.2454,194.2009,1.7628,-41.9677,-140.7205,-0.3290,-0.1333,-0.9349,0.9980,338,12.516270,2.2193,-0.0825
BiancaGolden_CircleTurns,22.6755,-7.8298,194.2615,1.9307,-41.8204,-142.6428,-0.3300,-0.1333,-0.9345,0.9980,338,12.544979,2.2268,-0.0783
BiancaGolden_CircleTurns,23.4388,-7.3245,194.2507,1.7356,-41.5866,-144.4956,-0.3268,-0.1281,-0.9364,0.9980,339,12.572589,2.2344,-0.0732
BiancaGolden_CircleTurns,24.1557,-6.8713,194.2334,1.5843,-41.4197,-146.6571,-0.3164,-0.1270,-0.9401,0.9980,339,12.601164,2.2416,-0.0687
BiancaGolden_CircleTurns,24.9324,-6.4665,194.1454,1.2872,-41.2850,-148.6972,-0.3259,-0.1270,-0.9368,0.9980,340,12.628750,2.2493,-0.0647
BiancaGolden_CircleTurns,25.7809,-6.0175,194.0133,1.1538,-41.2748,-150.2948,-0.3248,-0.1372,-0.9358,0.9980,340,12.657019,2.2578,-0.0602
BiancaGolden_CircleTurns,26.7252,-5.5387,193.8847,0.9641,-41.3879,-151.8016,-0.3331,-0.1310,-0.9337,0.9980,341,12.685037,2.2673,-0.0554
BiancaGolden_CircleTurns,27.6218,-5.1578,193.8669,0.6895,-41.5858,-153.2489,-0.3361,-0.1293,-0.9329,0.9980,341,12.712551,2.2762,-0.0516
BiancaGolden_CircleTurns,28.4686,-4.8924,193.9020,0.1564,-41.4164,-154.3811,-0.3503,-0.1337,-0.9271,0.9980,342,12.740212,2.2847,-0.0489
BiancaGolden_CircleTurns,29.3356,-4.6328,193.8460,-0.2653,-40.8526,-155.5137,-0.3594,-0.1468,-0.9216,0.9980,342,12.768413,2.2934,-0.0463
BiancaGolden_CircleTurns,30.1944,-4.2895,193.8688,-0.3589,-40.6927,-156.3624,-0.3578,-0.1400,-0.9232,0.9980,343,12.796150,2.3019,-0.0429
BiancaGolden_CircleTurns,31.0972,-3.9980,193.8926,-0.4079,-40.9395,-157.2492,-0.3472,-0.1224,-0.9298,0.9980,343,12.824568,2.3110,-0.0400
BiancaGolden_CircleTurns,31.9279,-3.7530,193.9402,-0.7484,-41.1597,-158.1963,-0.3370,-0.1175,-0.9342,0.9980,344,12.851968,2.3193,-0.0375
BiancaGolden_CircleTurns,32.6242,-3.5418,194.0034,-1.1239,-41.0165,-158.9000,-0.3491,-0.1314,-0.9278,0.9980,344,12.880064,2.3262,-0.0354
BiancaGolden_CircleTurns,33.2198,-3.4087,194.1323,-1.5220,-40.3400,-159.1354,-0.3763,-0.1303,-0.9173,0.9980,345,12.906719,2.3322,-0.0341
BiancaGolden_CircleTurns,33.9502,-3.1985,194.2509,-2.1990,-39.8038,-159.3640,-0.3722,-0.1266,-0.9195,0.9980,345,12.935108,2.3395,-0.0320
BiancaGolden_CircleTurns,34.7470,-2.8484,194.3277,-2.1931,-39.9429,-159.6763,-0.3602,-0.1260,-0.9243,0.9980,346,12.963753,2.3475,-0.0285
BiancaGolden_CircleTurns,35.4312,-2.5861,194.4735,-1.9675,-40.1106,-160.0705,-0.3672,-0.1245,-0.9218,0.9980,346,12.992253,2.3543,-0.0259
BiancaGolden_CircleTurns,36.0091,-2.3378,194.6771,-2.0004,-39.7435,-160.4938,-0.3817,-0.1229,-0.9161,0.9980,347,13.020545,2.3601,-0.0234
BiancaGolden_CircleTurns,36.5327,-2.0358,194.8952,-1.8025,-38.8461,-161.0084,-0.3963,-0.1108,-0.9114,0.9980,347,13.051592,2.3653,-0.0204
BiancaGolden_CircleTurns,37.1858,-1.6723,195.0393,-1.5895,-38.4182,-161.4999,-0.3920,-0.1164,-0.9126,0.9980,348,13.076789,2.3719,-0.0167
BiancaGolden_CircleTurns,37.8125,-1.3258,195.2328,-1.5606,-38.2060,-161.9620,-0.3956,-0.1228,-0.9102,0.9980,348,13.104622,2.3781,-0.0133
BiancaGolden_CircleTurns,38.4051,-0.9617,195.3873,-1.6006,-37.6826,-162.3325,-0.4024,-0.1144,-0.9083,0.9980,349,13.132785,2.3841,-0.0096
BiancaGolden_CircleTurns,38.9819,-0.5942,195.5325,-1.4626,-37.2083,-162.6707,-0.4109,-0.1184,-0.9040,0.9980,349,13.160965,2.3898,-0.0059
BiancaGolden_CircleTurns,39.4936,-0.2275,195.7073,-1.3551,-36.6275,-162.9848,-0.4234,-0.1135,-0.8988,0.9980,350,13.189364,2.3949,-0.0023
BiancaGolden_CircleTurns,40.0991,0.1632,195.8413,-1.5219,-35.9268,-163.2169,-0.4724,-0.1091,-0.8746,0.9980,350,13.217981,2.4010,0.0016
BiancaGolden_CircleTurns,40.6843,0.6335,196.0117,-1.5068,-35.2762,-163.4290,-0.5744,-0.1516,-0.8044,0.9980,351,13.246520,2.4068,0.0063
BiancaGolden_CircleTurns,41.3182,1.0767,196.1948,-1.5223,-34.5100,-163.5808,-0.5939,-0.2467,-0.7658,0.9980,351,13.274087,2.4132,0.0108
BiancaGolden_CircleTurns,42.0490,1.5448,196.3266,-1.7767,-33.9774,-163.5091,-0.6078,-0.2157,-0.7643,0.9980,352,13.301623,2.4205,0.0154
BiancaGolden_CircleTurns,42.6863,2.0525,196.4988,-2.0334,-33.3337,-163.4190,-0.6073,-0.2183,-0.7639,0.9980,352,13.329229,2.4269,0.0205
BiancaGolden_CircleTurns,43.4020,2.5766,196.5834,-2.3415,-32.5293,-163.2250,-0.5114,-0.1986,-0.8361,0.9980,353,13.357092,2.4340,0.0258
BiancaGolden_CircleTurns,44.0954,3.1357,196.6365,-2.6457,-31.8708,-163.0707,-0.4848,-0.1821,-0.8554,0.9980,353,13.385424,2.4410,0.0314
BiancaGolden_CircleTurns,44.6792,3.7038,196.7627,-2.8799,-31.2624,-163.0005,-0.5143,-0.1928,-0.8357,0.9980,354,13.412828,2.4468,0.0370
BiancaGolden_CircleTurns,45.3710,4.3385,196.6824,-3.0689,-30.7050,-162.8624,-0.5276,-0.2091,-0.8234,0.9980,354,13.441135,2.4537,0.0434
BiancaGolden_CircleTurns,46.0536,5.0006,196.5607,-3.4059,-30.4423,-162.8158,-0.5226,-0.2178,-0.8243,0.9980,355,13.468768,2.4605,0.0500
BiancaGolden_CircleTurns,46.7521,5.7503,196.3085,-3.3785,-30.6247,-163.0613,-0.5476,-0.1844,-0.8162,0.9980,355,13.496775,2.4675,0.0575
BiancaGolden_CircleTurns,47.3367,6.4592,196.0295,-2.9400,-30.8100,-163.0386,-0.5439,-0.1945,-0.8163,0.9980,356,13.524693,2.4734,0.0646
BiancaGolden_CircleTurns,47.8026,7.0856,195.8466,-3.1629,-30.4307,-162.6194,-0.5338,-0.2012,-0.8213,0.9980,356,13.552615,2.4780,0.0709
BiancaGolden_CircleTurns,48.6184,7.8753,195.7663,-3.6975,-30.9494,-162.0635,-0.5192,-0.2116,-0.8281,0.9980,357,13.580608,2.4862,0.0788
BiancaGolden_CircleTurns,49.5022,8.6381,195.5964,-4.5083,-32.0088,-161.8808,-0.5245,-0.2230,-0.8217,0.9980,357,13.608903,2.4950,0.0864
BiancaGolden_CircleTurns,50.1490,9.2730,195.6449,-4.9769,-32.1500,-161.6858,-0.5336,-0.2270,-0.8147,0.9980,358,13.636560,2.5015,0.0927
BiancaGolden_CircleTurns,50.7587,9.8267,195.8241,-5.0491,-31.5449,-161.5059,-0.5543,-0.2462,-0.7951,0.9980,358,13.664990,2.5076,0.0983
BiancaGolden_CircleTurns,51.5206,10.3596,195.8904,-5.3337,-31.1025,-161.5263,-0.5639,-0.2516,-0.7866,0.9980,359,13.693106,2.5152,0.1036
BiancaGolden_CircleTurns,52.4054,10.8337,195.9114,-5.4395,-31.2136,-161.4828,-0.5601,-0.2543,-0.7884,0.9980,359,13.720803,2.5241,0.1083
BiancaGolden_CircleTurns,53.2342,11.1734,196.0609,-5.6845,-31.4329,-161.3078,-0.5605,-0.2538,-0.7883,0.9980,360,13.748918,2.5323,0.1117
BiancaGolden_CircleTurns,53.9655,11.4379,196.3205,-5.8684,-31.1479,-161.3661,-0.5737,-0.2684,-0.7739,0.9980,360,13.777488,2.5397,0.1144
BiancaGolden_CircleTurns,54.8251,11.5813,196.5045,-5.8549,-30.6720,-161.4684,-0.5813,-0.2728,-0.7666,0.9980,361,13.804666,2.5483,0.1158
BiancaGolden_CircleTurns,55.7760,11.6634,196.6424,-5.7063,-30.3993,-161.2069,-0.5772,-0.2828,-0.7661,0.9980,361,13.832058,2.5578,0.1166
BiancaGolden_CircleTurns,56.6792,11.6709,196.9304,-5.6203,-30.2301,-160.8912,-0.5737,-0.2787,-0.7702,0.9980,362,13.859970,2.5668,0.1167
BiancaGolden_CircleTurns,57.6045,11.6340,197.1252,-5.5892,-29.8577,-160.7809,-0.5818,-0.2742,-0.7657,0.9980,362,13.890942,2.5760,0.1163
BiancaGolden_CircleTurns,58.4962,11.5905,197.2543,-5.2052,-29.4010,-161.0165,-0.5862,-0.2686,-0.7644,0.9980,363,13.916242,2.5850,0.1159
BiancaGolden_CircleTurns,59.4194,11.4538,197.3041,-4.8679,-29.2110,-161.4380,-0.5856,-0.2640,-0.7664,0.9980,363,13.943349,2.5942,0.1145
BiancaGolden_CircleTurns,60.2183,11.2362,197.4241,-4.5407,-29.1307,-161.8828,-0.5705,-0.2729,-0.7746,0.9980,364,13.971360,2.6022,0.1124
BiancaGolden_CircleTurns,60.9710,10.9630,197.4227,-4.1860,-28.4801,-162.5001,-0.5666,-0.2947,-0.7695,0.9980,364,13.999447,2.6097,0.1096
BiancaGolden_CircleTurns,61.7818,10.5870,197.3209,-4.1561,-27.9385,-163.0828,-0.5720,-0.2915,-0.7667,0.9980,365,14.027350,2.6178,0.1059
BiancaGolden_CircleTurns,62.5854,10.1491,197.2929,-4.2838,-27.6566,-163.5844,-0.5751,-0.2889,-0.7654,0.9980,365,14.056186,2.6259,0.1015
BiancaGolden_CircleTurns,63.4115,9.7116,197.2015,-4.0215,-27.5522,-163.9012,-0.5815,-0.2826,-0.7629,0.9980,366,14.083255,2.6341,0.0971
BiancaGolden_CircleTurns,64.1422,9.1958,197.1646,-3.8120,-27.1716,-164.4805,-0.5846,-0.2717,-0.7645,0.9980,366,14.111467,2.6414,0.0920
BiancaGolden_CircleTurns,64.9684,8.7053,197.1039,-3.5682,-27.0478,-164.9579,-0.5842,-0.2674,-0.7663,0.9980,367,14.139558,2.6497,0.0871
BiancaGolden_CircleTurns,65.7394,8.1197,197.1654,-3.7480,-27.2355,-165.4356,-0.5743,-0.2565,-0.7774,0.9980,367,14.168276,2.6574,0.0812
BiancaGolden_CircleTurns,66.6559,7.5962,197.1389,-3.8494,-27.6438,-165.7148,-0.5663,-0.2524,-0.7846,0.9980,368,14.195027,2.6666,0.0760
BiancaGolden_CircleTurns,67.7377,7.0966,196.9153,-3.5383,-28.2463,-165.7016,-0.5631,-0.2398,-0.7908,0.9980,368,14.222924,2.6774,0.0710
BiancaGolden_CircleTurns,68.6946,6.6146,196.8165,-3.3409,-28.3679,-165.7760,-0.5786,-0.2359,-0.7808,0.9980,369,14.251432,2.6869,0.0661
BiancaGolden_CircleTurns,69.6723,6.1537,196.6801,-3.2355,-28.0128,-165.8922,-0.5878,-0.2369,-0.7736,0.9980,369,14.279213,2.6967,0.0615
BiancaGolden_CircleTurns,70.6267,5.7293,196.5768,-3.1968,-27.6269,-165.9565,-0.5957,-0.2380,-0.7671,0.9980,370,14.307933,2.7063,0.0573
BiancaGolden_CircleTurns,71.5225,5.3202,196.5402,-3.4951,-27.0788,-166.2379,-0.5959,-0.2499,-0.7632,0.9980,370,14.335858,2.7152,0.0532
BiancaGolden_CircleTurns,72.5066,4.8776,196.3904,-3.9802,-26.9333,-166.6852,-0.5822,-0.3067,-0.7530,0.9980,371,14.363218,2.7251,0.0488
BiancaGolden_CircleTurns,73.4152,4.5058,196.3410,-3.9904,-26.9696,-167.0975,-0.5825,-0.3031,-0.7543,0.9980,371,14.389266,2.7342,0.0451
BiancaGolden_CircleTurns,74.3716,4.1375,196.3029,-3.8438,-27.0239,-167.3408,-0.5834,-0.3018,-0.7540,0.9980,372,14.416713,2.7437,0.0414
BiancaGolden_CircleTurns,75.4407,3.8266,196.2052,-3.7508,-27.2617,-167.1175,-0.5686,-0.3096,-0.7621,0.9980,372,14.444616,2.7544,0.0383
BiancaGolden_CircleTurns,76.5379,3.4610,196.2491,-4.8394,-28.2334,-166.7794,-0.5569,-0.3053,-0.7724,0.9980,373,14.472133,2.7654,0.0346
BiancaGolden_CircleTurns,77.4010,3.0059,196.3700,-6.3224,-28.7384,-166.8104,-0.5776,-0.3094,-0.7554,0.9980,373,14.500685,2.7740,0.0301
BiancaGolden_CircleTurns,78.2028,2.5942,196.4230,-6.6087,-28.1821,-166.6435,-0.5738,-0.3016,-0.7614,0.9980,374,14.529241,2.7820,0.0259
BiancaGolden_CircleTurns,79.2516,2.2054,196.7578,-6.7391,-28.9350,-166.0633,-0.5834,-0.2918,-0.7580,0.9980,374,14.557706,2.7925,0.0221
BiancaGolden_CircleTurns,80.0090,1.9136,197.1046,-6.4009,-29.4833,-165.7964,-0.6023,-0.2701,-0.7512,0.9980,375,14.585676,2.8001,0.0191
BiancaGolden_CircleTurns,80.6359,1.6341,197.2890,-5.6087,-28.8969,-165.8363,-0.6170,-0.2682,-0.7398,0.9980,375,14.614876,2.8064,0.0163
BiancaGolden_CircleTurns,81.1758,1.4389,197.3247,-4.8724,-28.3098,-165.8305,-0.6357,-0.2568,-0.7280,0.9980,376,14.642115,2.8118,0.0144
BiancaGolden_CircleTurns,81.5373,1.2736,197.4298,-3.9680,-27.5973,-165.5899,-0.6279,-0.2652,-0.7317,0.9980,376,14.670570,2.8154,0.0127
BiancaGolden_CircleTurns,81.9025,1.1784,197.4428,-3.1505,-26.8377,-165.2234,-0.6290,-0.2649,-0.7309,0.9980,377,14.698080,2.8190,0.0118
BiancaGolden_CircleTurns,82.2493,1.1889,197.4288,-2.3501,-26.6665,-164.8635,-0.6203,-0.2539,-0.7422,0.9980,377,14.729073,2.8225,0.0119
BiancaGolden_CircleTurns,82.3815,1.2328,197.4622,-1.4260,-26.4564,-164.3764,-0.6216,-0.2574,-0.7399,0.9980,378,14.754345,2.8238,0.0123
BiancaGolden_CircleTurns,82.4588,1.3070,197.4373,-0.6261,-26.1110,-163.5525,-0.6153,-0.2650,-0.7424,0.9980,378,14.781610,2.8246,0.0131
BiancaGolden_CircleTurns,82.6134,1.5062,197.2484,-0.4359,-26.2395,-162.6547,-0.5938,-0.2757,-0.7559,0.9980,379,14.809858,2.8261,0.0151
BiancaGolden_CircleTurns,82.7769,1.8676,197.0758,-0.3102,-26.7361,-161.9458,-0.5966,-0.2636,-0.7580,0.9980,379,14.837299,2.8278,0.0187
BiancaGolden_CircleTurns,82.8721,2.3252,196.9804,0.2850,-27.0233,-161.1844,-0.5910,-0.2653,-0.7618,0.9980,380,14.865026,2.8287,0.0233
BiancaGolden_CircleTurns,83.0119,2.8480,196.9817,0.6738,-27.3456,-160.2130,-0.5776,-0.3164,-0.7525,0.9980,380,14.893281,2.8301,0.0285
BiancaGolden_CircleTurns,83.1335,3.4728,196.9618,0.7144,-27.7286,-159.2708,-0.5740,-0.3400,-0.7449,0.9980,381,14.921026,2.8313,0.0347
BiancaGolden_CircleTurns,83.0509,4.1052,197.1648,0.9486,-27.8386,-158.4912,-0.5881,-0.3516,-0.7284,0.9980,381,14.949328,2.8305,0.0411
BiancaGolden_CircleTurns,82.9508,4.7582,197.3394,0.9338,-27.5896,-157.9439,-0.6103,-0.3513,-0.7100,0.9980,382,14.977254,2.8295,0.0476
BiancaGolden_CircleTurns,82.9435,5.4766,197.3210,0.6547,-27.3466,-157.4339,-0.6035,-0.3523,-0.7153,0.9980,382,15.005306,2.8294,0.0548
BiancaGolden_CircleTurns,82.9253,6.1408,197.4068,0.0410,-27.3768,-157.0945,-0.6023,-0.3514,-0.7167,0.9980,383,15.033518,2.8293,0.0614
BiancaGolden_CircleTurns,82.8643,6.7620,197.5619,-0.4175,-27.4545,-156.7015,-0.6054,-0.3560,-0.7119,0.9980,383,15.061802,2.8286,0.0676
BiancaGolden_CircleTurns,82.8106,7.3594,197.6399,-0.5647,-27.0895,-156.2290,-0.6069,-0.3606,-0.7082,0.9980,384,15.088911,2.8281,0.0736
BiancaGolden_CircleTurns,82.7382,7.9454,197.6695,-0.6579,-26.6854,-155.6875,-0.6100,-0.3622,-0.7048,0.9980,384,15.117874,2.8274,0.0795
BiancaGolden_CircleTurns,82.5748,8.5061,197.7508,-0.6941,-26.1299,-155.3228,-0.6097,-0.3656,-0.7033,0.9980,385,15.144908,2.8257,0.0851
BiancaGolden_CircleTurns,82.3701,9.0243,197.7681,-0.6063,-25.5652,-155.1246,-0.6104,-0.3651,-0.7029,0.9980,385,15.173048,2.8237,0.0902
BiancaGolden_CircleTurns,82.2134,9.5221,197.7205,-0.6284,-25.0503,-155.1977,-0.6071,-0.3700,-0.7032,0.9980,386,15.201232,2.8221,0.0952
BiancaGolden_CircleTurns,82.1652,9.9573,197.6594,-0.9468,-25.1586,-155.3693,-0.5978,-0.3648,-0.7138,0.9980,386,15.229208,2.8217,0.0996
BiancaGolden_CircleTurns,82.0721,10.3160,197.6636,-1.0549,-25.4639,-155.6184,-0.5913,-0.3635,-0.7199,0.9980,387,15.256639,2.8207,0.1032
BiancaGolden_CircleTurns,81.9890,10.4926,197.6995,-1.3170,-25.3820,-156.0102,-0.5985,-0.3619,-0.7148,0.9980,387,15.284599,2.8199,0.1049
BiancaGolden_CircleTurns,81.9248,10.5826,197.7866,-1.3815,-25.0347,-156.3307,-0.6214,-0.3812,-0.6845,0.9980,388,15.312406,2.8192,0.1058
BiancaGolden_CircleTurns,81.9389,10.4701,197.9690,-1.8512,-24.9036,-156.7769,-0.6383,-0.3963,-0.6599,0.9980,388,15.341086,2.8194,0.1047
BiancaGolden_CircleTurns,81.9470,10.1489,198.2315,-2.5720,-24.5559,-157.3382,-0.6487,-0.3923,-0.6522,0.9980,389,15.368318,2.8195,0.1015
BiancaGolden_CircleTurns,81.9324,9.6625,198.4660,-2.6288,-23.9797,-158.0461,-0.6471,-0.3909,-0.6546,0.9980,389,15.396147,2.8193,0.0966
BiancaGolden_CircleTurns,82.0182,9.0282,198.6638,-2.0548,-23.4532,-158.5910,-0.6544,-0.3782,-0.6548,0.9980,390,15.424335,2.8202,0.0903
BiancaGolden_CircleTurns,82.1024,8.2266,198.7806,-1.4490,-22.8638,-159.1286,-0.6667,-0.3742,-0.6446,0.9980,390,15.452172,2.8210,0.0823
BiancaGolden_CircleTurns,82.1766,7.2645,198.8424,-0.9364,-21.9408,-159.6230,-0.6690,-0.3739,-0.6424,0.9980,391,15.479663,2.8218,0.0726
BiancaGolden_CircleTurns,82.3195,6.2420,198.7771,-0.6819,-21.4681,-160.3018,-0.6471,-0.3530,-0.6758,0.9980,391,15.507720,2.8232,0.0624
BiancaGolden_CircleTurns,82.5029,5.1292,198.5199,-0.3635,-21.4411,-161.0178,-0.7213,-0.3129,-0.6179,0.9980,392,15.535197,2.8250,0.0513
BiancaGolden_CircleTurns,82.5081,3.9004,198.3551,0.0537,-21.0796,-161.7563,-0.7057,-0.3320,-0.6259,0.9980,392,15.565956,2.8251,0.0390
BiancaGolden_CircleTurns,82.1631,2.4619,198.8012,0.1047,-20.7108,-162.7348,-0.6950,-0.3615,-0.6215,0.9980,393,15.591146,2.8216,0.0246
BiancaGolden_CircleTurns,82.1712,0.9716,198.8323,-0.6097,-20.1396,-163.8580,-0.6764,-0.3449,-0.6508,0.9980,393,15.618484,2.8217,0.0097
BiancaGolden_CircleTurns,82.2475,-0.4009,198.3871,-0.0906,-19.9510,-164.5346,-0.7111,-0.3320,-0.6197,0.9980,394,15.645992,2.8225,-0.0040
BiancaGolden_CircleTurns,82.2149,-1.8943,198.3608,0.5415,-19.9132,-165.3591,-0.7455,-0.3201,-0.5847,0.9980,394,15.673915,2.8221,-0.0189
BiancaGolden_CircleTurns,82.2270,-3.3477,198.3709,0.8990,-20.1866,-166.3527,-0.7557,-0.2982,-0.5831,0.9980,395,15.701939,2.8223,-0.0335
BiancaGolden_CircleTurns,82.2118,-4.7728,198.2572,1.9030,-20.1364,-167.4155,-0.7613,-0.2825,-0.5836,0.9980,395,15.729959,2.8221,-0.0477
BiancaGolden_CircleTurns,82.1979,-6.1995,198.2990,3.0298,-20.0182,-168.4385,-0.7698,-0.2831,-0.5721,0.9980,396,15.757792,2.8220,-0.0620
BiancaGolden_CircleTurns,82.0636,-7.5280,198.3353,4.3621,-19.2555,-169.3100,-0.7815,-0.2715,-0.5617,0.9980,396,15.786110,2.8206,-0.0753
BiancaGolden_CircleTurns,81.9099,-8.7756,198.4229,5.1291,-18.2662,-170.1796,-0.7924,-0.2605,-0.5517,0.9980,397,15.813634,2.8191,-0.0878
BiancaGolden_CircleTurns,81.6989,-9.9268,198.5326,5.8311,-17.4444,-171.2269,-0.7856,-0.2531,-0.5646,0.9980,397,15.841922,2.8170,-0.0993
BiancaGolden_CircleTurns,81.5281,-10.9865,198.6035,6.6013,-16.9689,-172.0866,-0.7913,-0.2422,-0.5615,0.9980,398,15.869271,2.8153,-0.1099
BiancaGolden_CircleTurns,81.2131,-12.0816,198.8070,7.0369,-16.5705,-172.8964,-0.7870,-0.2367,-0.5698,0.9980,398,15.897589,2.8121,-0.1208
BiancaGolden_CircleTurns,80.8458,-13.0110,198.9822,7.2622,-15.8553,-173.6717,-0.7804,-0.2228,-0.5842,0.9980,399,15.925527,2.8085,-0.1301
BiancaGolden_CircleTurns,80.5575,-13.8331,199.0173,7.4722,-15.8671,-174.5830,-0.7748,-0.2193,-0.5930,0.9980,399,15.953029,2.8056,-0.1383
BiancaGolden_CircleTurns,80.2658,-14.6157,199.0424,7.6959,-16.3921,-175.4767,-0.7534,-0.2105,-0.6229,0.9980,400,15.980631,2.8027,-0.1462
BiancaGolden_CircleTurns,79.9837,-15.3039,199.1027,7.9054,-17.1543,-176.2452,-0.7435,-0.2098,-0.6350,0.9980,400,16.008684,2.7998,-0.1530
BiancaGolden_CircleTurns,79.5963,-15.9646,199.2623,7.9758,-17.3783,-176.7754,-0.7476,-0.2058,-0.6314,0.9980,401,16.036951,2.7960,-0.1596
BiancaGolden_CircleTurns,79.2175,-16.5136,199.3525,7.8964,-17.0764,-177.1602,-0.7476,-0.2069,-0.6311,0.9980,401,16.064753,2.7922,-0.1651
BiancaGolden_CircleTurns,78.9260,-16.9380,199.3785,7.7294,-17.0507,-177.3724,-0.7416,-0.2092,-0.6374,0.9980,402,16.092463,2.7893,-0.1694
BiancaGolden_CircleTurns,78.6528,-17.2458,199.3920,7.4160,-17.2931,-177.6055,-0.7304,-0.2089,-0.6503,0.9980,402,16.120728,2.7865,-0.1725
BiancaGolden_CircleTurns,78.3729,-17.4362,199.4661,7.4487,-17.5910,-177.6688,-0.7156,-0.2333,-0.6584,0.9980,403,16.148172,2.7837,-0.1744
BiancaGolden_CircleTurns,77.9870,-17.6260,199.6545,7.0897,-17.5524,-177.5887,-0.7242,-0.2413,-0.6461,0.9980,403,16.176241,2.7799,-0.1763
BiancaGolden_CircleTurns,77.6326,-17.6575,199.6939,6.7816,-17.3340,-177.4082,-0.7239,-0.2418,-0.6462,0.9980,404,16.204082,2.7763,-0.1766
BiancaGolden_CircleTurns,77.3027,-17.6737,199.6612,6.4292,-17.5060,-177.5071,-0.7100,-0.2343,-0.6640,0.9980,404,16.232449,2.7730,-0.1767
BiancaGolden_CircleTurns,76.9777,-17.6659,199.5560,6.0665,-17.9026,-177.5248,-0.6946,-0.2364,-0.6794,0.9980,405,16.259943,2.7698,-0.1767
BiancaGolden_CircleTurns,76.6699,-17.6262,199.4261,5.7396,-18.1405,-177.2447,-0.6847,-0.2311,-0.6912,0.9980,405,16.288034,2.7667,-0.1763
BiancaGolden_CircleTurns,76.4923,-17.5162,199.2209,5.6322,-18.6658,-176.9001,-0.6828,-0.2427,-0.6891,0.9980,406,16.315973,2.7649,-0.1752
BiancaGolden_CircleTurns,76.3337,-17.3548,199.0652,5.4652,-19.2596,-176.4719,-0.6779,-0.2570,-0.6887,0.9980,406,16.344133,2.7633,-0.1735
BiancaGolden_CircleTurns,76.2094,-17.1164,198.9499,5.3918,-19.5272,-175.9748,-0.6654,-0.2711,-0.6955,0.9980,407,16.372002,2.7621,-0.1712
BiancaGolden_CircleTurns,76.1752,-16.7679,198.8734,5.2975,-19.9526,-175.5501,-0.6630,-0.2679,-0.6991,0.9980,407,16.402439,2.7618,-0.1677
BiancaGolden_CircleTurns,76.1150,-16.3519,198.8967,5.0758,-20.3353,-175.1615,-0.6693,-0.2721,-0.6914,0.9980,408,16.427197,2.7611,-0.1635
BiancaGolden_CircleTurns,76.0046,-15.8633,199.0359,4.9434,-20.0617,-174.7775,-0.6812,-0.2632,-0.6831,0.9980,408,16.453852,2.7600,-0.1586
BiancaGolden_CircleTurns,75.8711,-15.3341,199.1489,4.7514,-19.3137,-174.3773,-0.6683,-0.2672,-0.6942,0.9980,409,16.481667,2.7587,-0.1533
BiancaGolden_CircleTurns,75.7240,-14.8204,199.3416,4.5074,-18.8012,-173.9018,-0.6908,-0.2987,-0.6585,0.9980,409,16.509527,2.7572,-0.1482
BiancaGolden_CircleTurns,75.7031,-14.2946,199.2650,4.2605,-18.9088,-173.4327,-0.6734,-0.3324,-0.6603,0.9980,410,16.537428,2.7570,-0.1429
BiancaGolden_CircleTurns,75.5780,-13.8102,199.2372,4.0054,-19.3835,-172.9548,-0.6440,-0.3520,-0.6792,0.9980,410,16.565605,2.7558,-0.1381
BiancaGolden_CircleTurns,75.3802,-13.3863,199.3389,3.7535,-19.6655,-172.5364,-0.6379,-0.3468,-0.6877,0.9980,411,16.593622,2.7538,-0.1339
BiancaGolden_CircleTurns,75.2121,-12.9857,199.3017,3.3582,-19.8896,-172.3193,-0.6410,-0.3372,-0.6896,0.9980,411,16.621883,2.7521,-0.1299
BiancaGolden_CircleTurns,75.0611,-12.7229,199.0931,3.1806,-19.9063,-172.2270,-0.6436,-0.3252,-0.6928,0.9980,412,16.650478,2.7506,-0.1272
BiancaGolden_CircleTurns,74.7341,-12.5431,199.1699,2.8160,-20.2079,-172.1613,-0.6452,-0.3265,-0.6908,0.9980,412,16.677883,2.7473,-0.1254
BiancaGolden_CircleTurns,74.3490,-12.5082,199.1693,2.1502,-20.2343,-172.4691,-0.6451,-0.3331,-0.6876,0.9980,413,16.705194,2.7435,-0.1251
BiancaGolden_CircleTurns,73.9525,-12.6067,199.0643,1.8698,-20.1864,-172.8673,-0.6347,-0.3425,-0.6927,0.9980,413,16.733135,2.7395,-0.1261
BiancaGolden_CircleTurns,73.5102,-12.8258,198.8893,1.6314,-20.2055,-173.2555,-0.6449,-0.3322,-0.6883,0.9980,414,16.760851,2.7351,-0.1283
BiancaGolden_CircleTurns,73.1796,-13.2233,198.6060,1.6874,-20.5549,-173.4597,-0.6377,-0.3240,-0.6988,0.9980,414,16.788965,2.7318,-0.1322
BiancaGolden_CircleTurns,72.9622,-13.7831,198.3007,1.4910,-21.7494,-173.6464,-0.6424,-0.3050,-0.7031,0.9980,415,16.816526,2.7296,-0.1378
BiancaGolden_CircleTurns,72.7314,-14.4980,197.9973,1.6307,-23.3917,-173.8780,-0.6385,-0.2931,-0.7116,0.9980,415,16.844633,2.7273,-0.1450
BiancaGolden_CircleTurns,72.3557,-15.3337,197.8023,1.9991,-24.3006,-174.1297,-0.6380,-0.2844,-0.7156,0.9980,416,16.872797,2.7236,-0.1533
BiancaGolden_CircleTurns,71.8442,-16.3308,197.6612,2.2322,-24.5444,-174.5215,-0.6202,-0.2876,-0.7298,0.9980,416,16.901060,2.7184,-0.1633
BiancaGolden_CircleTurns,71.4249,-17.4510,197.5176,2.2786,-24.8202,-174.8330,-0.6116,-0.2889,-0.7365,0.9980,417,16.928162,2.7142,-0.1745
BiancaGolden_CircleTurns,70.9412,-18.6264,197.3780,2.0772,-25.5653,-175.2666,-0.6100,-0.2792,-0.7416,0.9980,417,16.956100,2.7094,-0.1863
BiancaGolden_CircleTurns,70.2316,-19.8613,197.3972,2.1412,-26.0047,-175.7746,-0.6009,-0.2713,-0.7519,0.9980,418,16.983795,2.7023,-0.1986
BiancaGolden_CircleTurns,69.8533,-21.0243,197.1514,2.6122,-26.8550,-176.0845,-0.6083,-0.2378,-0.7573,0.9980,418,17.011656,2.6985,-0.2102
BiancaGolden_CircleTurns,69.3645,-22.2273,197.1134,2.9960,-27.6855,-176.3619,-0.6058,-0.2336,-0.7605,0.9980,419,17.039532,2.6936,-0.2223
BiancaGolden_CircleTurns,68.8574,-23.4172,196.9707,3.1966,-27.9311,-176.6102,-0.6015,-0.2419,-0.7613,0.9980,419,17.067976,2.6886,-0.2342
BiancaGolden_CircleTurns,68.4392,-24.5666,196.7469,3.1713,-28.1708,-176.7977,-0.6118,-0.2257,-0.7581,0.9980,420,17.095875,2.6844,-0.2457
BiancaGolden_CircleTurns,67.9461,-25.6756,196.6971,2.8790,-28.4147,-176.9526,-0.6062,-0.2251,-0.7628,0.9980,420,17.123302,2.6795,-0.2568
BiancaGolden_CircleTurns,67.5113,-26.6813,196.5305,2.5096,-28.5519,-177.1152,-0.6078,-0.2111,-0.7655,0.9980,421,17.150923,2.6751,-0.2668
BiancaGolden_CircleTurns,67.0625,-27.5934,196.4453,2.1716,-28.7339,-177.2698,-0.5976,-0.2016,-0.7760,0.9980,421,17.179407,2.6706,-0.2759
BiancaGolden_CircleTurns,66.6732,-28.4083,196.3828,1.9087,-29.2603,-177.4042,-0.5941,-0.1910,-0.7814,0.9980,422,17.207493,2.6667,-0.2841
BiancaGolden_CircleTurns,66.2524,-29.1296,196.4550,1.6989,-29.6484,-177.3553,-0.5821,-0.1935,-0.7898,0.9980,422,17.238091,2.6625,-0.2913
BiancaGolden_CircleTurns,65.8477,-29.7360,196.5601,1.2961,-29.7095,-177.1545,-0.5935,-0.1874,-0.7827,0.9980,423,17.263514,2.6585,-0.2974
BiancaGolden_CircleTurns,65.5144,-30.2087,196.6029,0.9731,-29.6169,-177.0639,-0.5893,-0.1812,-0.7873,0.9980,423,17.290432,2.6551,-0.3021
BiancaGolden_CircleTurns,65.2227,-30.5535,196.6672,0.8410,-29.8134,-177.1277,-0.5929,-0.1685,-0.7874,0.9980,424,17.319311,2.6522,-0.3055
BiancaGolden_CircleTurns,64.8213,-30.8445,196.7964,0.7557,-29.7459,-177.1524,-0.6000,-0.1707,-0.7816,0.9980,424,17.346140,2.6482,-0.3084
BiancaGolden_CircleTurns,64.4989,-31.0585,196.8631,0.4458,-29.5065,-177.0728,-0.5978,-0.1682,-0.7838,0.9980,425,17.373688,2.6450,-0.3106
BiancaGolden_CircleTurns,64.2433,-31.1359,196.8756,0.0030,-29.8699,-177.1066,-0.5879,-0.1607,-0.7928,0.9980,425,17.401913,2.6424,-0.3114
BiancaGolden_CircleTurns,63.9745,-31.0622,196.8969,-0.2327,-30.2246,-177.2695,-0.5827,-0.1603,-0.7967,0.9980,426,17.429794,2.6397,-0.3106
BiancaGolden_CircleTurns,63.7820,-30.9377,196.8601,-0.5704,-30.5540,-177.4397,-0.5774,-0.1479,-0.8030,0.9980,426,17.457996,2.6378,-0.3094
BiancaGolden_CircleTurns,63.6208,-30.7314,196.7971,-1.0061,-30.8427,-177.4498,-0.5456,-0.1416,-0.8260,0.9980,427,17.485939,2.6362,-0.3073
BiancaGolden_CircleTurns,63.4859,-30.4264,196.6795,-1.3427,-30.8262,-177.4593,-0.5503,-0.1497,-0.8214,0.9980,427,17.513853,2.6349,-0.3043
BiancaGolden_CircleTurns,63.3599,-30.0512,196.5730,-1.6119,-30.6971,-177.4885,-0.5470,-0.1516,-0.8233,0.9980,428,17.541796,2.6336,-0.3005
BiancaGolden_CircleTurns,63.3564,-29.6233,196.4041,-1.8207,-30.8945,-177.4659,-0.5368,-0.1550,-0.8294,0.9980,428,17.570137,2.6336,-0.2962
BiancaGolden_CircleTurns,63.2660,-29.1735,196.5473,-2.2231,-31.6876,-177.3396,-0.5204,-0.1805,-0.8347,0.9980,429,17.597469,2.6327,-0.2917
BiancaGolden_CircleTurns,63.3583,-28.7960,196.6192,-2.9279,-32.4941,-177.1244,-0.5184,-0.1836,-0.8352,0.9980,429,17.625557,2.6336,-0.2880
BiancaGolden_CircleTurns,63.3736,-28.5167,196.6462,-3.9450,-32.6566,-177.2033,-0.5315,-0.1856,-0.8265,0.9980,430,17.652996,2.6337,-0.2852
BiancaGolden_CircleTurns,63.3087,-28.3090,196.6575,-4.5109,-31.8875,-177.2940,-0.5485,-0.1798,-0.8166,0.9980,430,17.681067,2.6331,-0.2831
BiancaGolden_CircleTurns,63.3505,-28.2229,196.5161,-4.8078,-31.2560,-177.3396,-0.5436,-0.1825,-0.8193,0.9980,431,17.708857,2.6335,-0.2822
BiancaGolden_CircleTurns,63.4669,-28.2717,196.3933,-5.3253,-31.4736,-177.4415,-0.5236,-0.1936,-0.8297,0.9980,431,17.737593,2.6347,-0.2827
BiancaGolden_CircleTurns,63.5999,-28.4506,196.2093,-5.9336,-32.1936,-177.6151,-0.5193,-0.1935,-0.8324,0.9980,432,17.764662,2.6360,-0.2845
BiancaGolden_CircleTurns,63.6650,-28.7416,196.0916,-6.2998,-32.5863,-177.8930,-0.5242,-0.1899,-0.8302,0.9980,432,17.792521,2.6367,-0.2874
BiancaGolden_CircleTurns,63.6935,-29.1376,196.1067,-6.2002,-32.4123,-178.3693,-0.5290,-0.1763,-0.8301,0.9980,0,17.820452,2.6369,-0.2914
BiancaGolden_CircleTurns,63.9159,-29.6597,195.9365,-5.9276,-32.2399,-178.8639,-0.5288,-0.1699,-0.8316,0.9980,0,17.848656,2.6392,-0.2966
BiancaGolden_CircleTurns,64.0996,-30.2778,195.7994,-5.5691,-32.2966,-179.2282,-0.5286,-0.1668,-0.8323,0.9980,0,17.875368,2.6410,-0.3028
BiancaGolden_CircleTurns,64.2265,-30.9690,195.6950,-5.3976,-32.2368,-179.5903,-0.5316,-0.1625,-0.8312,0.9980,1,17.903868,2.6423,-0.3097
BiancaGolden_CircleTurns,64.3632,-31.7277,195.5870,-5.3881,-32.1677,179.9470,-0.5340,-0.1568,-0.8308,0.9980,1,17.932240,2.6436,-0.3173
BiancaGolden_CircleTurns,64.4437,-32.5539,195.5231,-5.4313,-32.1322,179.3608,-0.5396,-0.1515,-0.8282,0.9980,2,17.959908,2.6444,-0.3255
BiancaGolden_CircleTurns,64.4565,-33.4140,195.5229,-5.6379,-31.9006,178.6412,-0.5442,-0.1459,-0.8261,0.9980,2,17.988621,2.6446,-0.3341
BiancaGolden_CircleTurns,64.4513,-34.3008,195.6420,-5.7648,-31.8764,177.9725,-0.5343,-0.1462,-0.8325,0.9980,3,18.015554,2.6445,-0.3430
BiancaGolden_CircleTurns,64.4527,-35.2555,195.7777,-5.9841,-32.0742,177.3577,-0.5373,-0.1353,-0.8325,0.9980,3,18.043961,2.6445,-0.3526
BiancaGolden_CircleTurns,64.4067,-36.2104,195.8605,-6.0558,-31.9837,176.7121,-0.5931,-0.0608,-0.8028,0.9980,4,18.071407,2.6441,-0.3621
BiancaGolden_CircleTurns,64.2615,-37.1419,195.9567,-5.9165,-31.1770,175.9511,-0.7062,-0.0043,-0.7080,0.9980,4,18.102930,2.6426,-0.3714
BiancaGolden_CircleTurns,64.2338,-38.0723,195.9556,-5.8926,-30.6865,175.2763,-0.6937,0.0209,-0.7199,0.9980,5,18.127382,2.6423,-0.3807
BiancaGolden_CircleTurns,64.2291,-38.9796,195.9970,-6.0213,-30.9910,174.7853,-0.6171,0.0356,-0.7861,0.9980,5,18.154278,2.6423,-0.3898
BiancaGolden_CircleTurns,64.2190,-39.8514,195.9617,-6.2411,-31.3708,174.2500,-0.5275,0.0209,-0.8493,0.9980,6,18.182186,2.6422,-0.3985
BiancaGolden_CircleTurns,64.1541,-40.6012,195.9662,-6.3276,-31.0605,173.4761,-0.5302,0.0218,-0.8476,0.9980,6,18.210365,2.6415,-0.4060
BiancaGolden_CircleTurns,64.2474,-41.2102,195.9691,-6.3053,-30.9524,172.5638,-0.5344,0.0211,-0.8450,0.9980,7,18.238243,2.6425,-0.4121
BiancaGolden_CircleTurns,64.3478,-41.7861,196.0023,-6.3050,-31.2545,171.6439,-0.5223,0.0457,-0.8515,0.9980,7,18.266396,2.6435,-0.4179
BiancaGolden_CircleTurns,64.4330,-42.3100,196.0826,-6.1032,-31.4040,170.9260,-0.5165,0.0677,-0.8536,0.9980,8,18.294003,2.6443,-0.4231
BiancaGolden_CircleTurns,64.5754,-42.7044,196.1494,-6.0131,-31.5410,169.8977,-0.5195,0.2066,-0.8291,0.9980,8,18.322313,2.6458,-0.4270
BiancaGolden_CircleTurns,64.7858,-42.9199,196.2270,-5.8146,-31.7664,168.0331,-0.4792,0.3534,-0.8034,0.9980,9,18.349913,2.6479,-0.4292
BiancaGolden_CircleTurns,65.0760,-43.0459,196.2770,-5.0930,-31.9340,165.6330,-0.4225,0.4322,-0.7966,0.9980,9,18.378038,2.6508,-0.4305
BiancaGolden_CircleTurns,65.4176,-43.1651,196.3602,-4.1412,-31.8320,163.3339,-0.4568,0.4288,-0.7794,0.9980,10,18.406013,2.6542,-0.4317
BiancaGolden_CircleTurns,65.8212,-43.2425,196.4159,-3.4349,-31.5904,161.3633,-0.4793,0.4004,-0.7810,0.9980,10,18.433527,2.6582,-0.4324
BiancaGolden_CircleTurns,66.2571,-43.2506,196.4608,-2.7309,-31.3675,159.5403,-0.4809,0.4236,-0.7677,0.9980,11,18.461348,2.6626,-0.4325
BiancaGolden_CircleTurns,66.6950,-43.1858,196.4687,-1.9210,-30.9252,157.9093,-0.4905,0.4200,-0.7635,0.9980,11,18.489902,2.6670,-0.4319
BiancaGolden_CircleTurns,67.1750,-43.0350,196.4041,-1.0882,-30.2381,156.3478,-0.5020,0.4096,-0.7617,0.9980,12,18.517361,2.6717,-0.4303
BiancaGolden_CircleTurns,67.7241,-42.8402,196.2930,-0.2849,-29.8476,154.6867,-0.4915,0.4104,-0.7681,0.9980,12,18.545738,2.6772,-0.4284
BiancaGolden_CircleTurns,68.1562,-42.6517,196.5735,0.3280,-30.0196,153.0323,-0.4619,0.4740,-0.7497,0.9980,13,18.573488,2.6816,-0.4265
BiancaGolden_CircleTurns,68.7418,-42.3930,196.6590,0.9792,-30.1126,150.9683,-0.4194,0.5679,-0.7083,0.9980,13,18.601488,2.6874,-0.4239
BiancaGolden_CircleTurns,69.2652,-42.1386,196.7975,1.3065,-29.8592,148.5186,-0.4048,0.5953,-0.6941,0.9980,14,18.629259,2.6927,-0.4214
BiancaGolden_CircleTurns,69.7580,-41.9661,197.0015,1.1020,-29.3906,145.8198,-0.4159,0.5969,-0.6861,0.9980,14,18.657288,2.6976,-0.4197
BiancaGolden_CircleTurns,70.2693,-41.8493,197.1570,1.1591,-28.8634,143.3199,-0.4262,0.5939,-0.6824,0.9980,15,18.685003,2.7027,-0.4185
BiancaGolden_CircleTurns,70.6308,-41.7524,197.3465,1.1415,-27.8787,140.8014,-0.4267,0.5986,-0.6779,0.9980,15,18.713190,2.7063,-0.4175
BiancaGolden_CircleTurns,70.9923,-41.7379,197.4228,1.0133,-26.8206,138.3714,-0.4340,0.5974,-0.6744,0.9980,16,18.741121,2.7099,-0.4174
BiancaGolden_CircleTurns,71.4267,-41.7511,197.3457,1.1180,-26.0280,135.6631,-0.4410,0.5865,-0.6794,0.9980,16,18.768986,2.7143,-0.4175
BiancaGolden_CircleTurns,71.8583,-41.7696,197.2464,1.6621,-25.5997,132.8307,-0.4235,0.5883,-0.6889,0.9980,17,18.796591,2.7186,-0.4177
BiancaGolden_CircleTurns,72.2604,-41.8730,197.1031,2.4443,-25.6635,130.1499,-0.4061,0.5820,-0.7045,0.9980,17,18.824156,2.7226,-0.4187
BiancaGolden_CircleTurns,72.6569,-42.0457,196.9208,3.1998,-25.9465,127.8221,-0.4213,0.5571,-0.7156,0.9980,18,18.851658,2.7266,-0.4205
BiancaGolden_CircleTurns,73.0027,-42.2743,196.7918,3.6479,-26.3074,125.6476,-0.4101,0.5641,-0.7167,0.9980,18,18.880280,2.7300,-0.4227
BiancaGolden_CircleTurns,73.3051,-42.5514,196.6640,3.9580,-26.5980,123.9165,-0.4228,0.5597,-0.7127,0.9980,19,18.907574,2.7331,-0.4255
BiancaGolden_CircleTurns,73.5460,-42.8403,196.6103,3.9676,-26.6352,122.5289,-0.4556,0.5354,-0.7112,0.9980,19,18.938465,2.7355,-0.4284
BiancaGolden_CircleTurns,73.7270,-43.1674,196.5683,3.4885,-26.5008,121.6718,-0.4563,0.5383,-0.7086,0.9980,20,18.963480,2.7373,-0.4317
BiancaGolden_CircleTurns,73.8907,-43.4735,196.5162,2.9108,-26.3754,120.8007,-0.4732,0.5270,-0.7060,0.9980,20,18.990641,2.7389,-0.4347
BiancaGolden_CircleTurns,73.9911,-43.7471,196.5318,2.3035,-26.1549,120.0291,-0.4803,0.5200,-0.7063,0.9980,21,19.018339,2.7399,-0.4375
BiancaGolden_CircleTurns,74.0851,-44.0275,196.5248,1.9128,-26.0525,119.4195,-0.4815,0.5096,-0.7131,0.9980,21,19.046171,2.7409,-0.4403
BiancaGolden_CircleTurns,74.1690,-44.3369,196.4318,1.5468,-26.0683,118.9072,-0.4846,0.5086,-0.7117,0.9980,22,19.074175,2.7417,-0.4434
BiancaGolden_CircleTurns,74.2263,-44.5986,196.4254,1.3769,-26.2336,118.3724,-0.4984,0.5425,-0.6762,0.9980,22,19.101976,2.7423,-0.4460
BiancaGolden_CircleTurns,74.2634,-44.8329,196.4065,1.3480,-26.3337,117.9455,-0.5065,0.5573,-0.6579,0.9980,23,19.129814,2.7426,-0.4483
BiancaGolden_CircleTurns,74.2348,-45.0436,196.4479,1.2316,-26.0968,117.6664,-0.5062,0.5699,-0.6472,0.9980,23,19.158297,2.7423,-0.4504
BiancaGolden_CircleTurns,74.2086,-45.2806,196.4402,1.0829,-25.8368,117.5574,-0.5219,0.5583,-0.6450,0.9980,24,19.185734,2.7421,-0.4528
BiancaGolden_CircleTurns,74.1829,-45.5131,196.4149,0.8505,-25.7650,117.6764,-0.5261,0.5597,-0.6402,0.9980,24,19.213844,2.7418,-0.4551
BiancaGolden_CircleTurns,74.1168,-45.6907,196.4552,0.7224,-25.4303,117.8688,-0.5336,0.5655,-0.6289,0.9980,25,19.241409,2.7412,-0.4569
BiancaGolden_CircleTurns,74.0408,-45.8643,196.4570,0.4681,-25.0836,118.2011,-0.5413,0.5652,-0.6225,0.9980,25,19.269672,2.7404,-0.4586
BiancaGolden_CircleTurns,73.9581,-46.0125,196.4576,0.1959,-24.7364,118.6491,-0.5495,0.5632,-0.6171,0.9980,26,19.297087,2.7396,-0.4601
BiancaGolden_CircleTurns,73.8468,-46.1371,196.4926,-0.1647,-24.2468,119.1327,-0.5570,0.5568,-0.6161,0.9980,26,19.325251,2.7385,-0.4614
BiancaGolden_CircleTurns,73.7380,-46.2533,196.5360,-0.5226,-23.8434,119.7355,-0.5502,0.5526,-0.6260,0.9980,27,19.353083,2.7374,-0.4625
BiancaGolden_CircleTurns,73.6355,-46.3918,196.5424,-0.8223,-23.7529,120.4548,-0.5457,0.5536,-0.6291,0.9980,27,19.381067,2.7364,-0.4639
BiancaGolden_CircleTurns,73.5441,-46.5025,196.5502,-1.0113,-23.8674,121.2689,-0.5535,0.5644,-0.6124,0.9980,28,19.408482,2.7354,-0.4650
BiancaGolden_CircleTurns,73.4399,-46.5928,196.5839,-1.2259,-23.9333,122.0563,-0.5994,0.5061,-0.6201,0.9980,28,19.436497,2.7344,-0.4659
BiancaGolden_CircleTurns,73.3276,-46.6515,196.6116,-1.3709,-23.8886,122.8635,-0.6176,0.4843,-0.6197,0.9980,29,19.464354,2.7333,-0.4665
BiancaGolden_CircleTurns,73.2077,-46.7021,196.6970,-1.5403,-23.8451,123.7110,-0.6212,0.5075,-0.5971,0.9980,29,19.492002,2.7321,-0.4670
BiancaGolden_CircleTurns,73.0862,-46.7291,196.8036,-1.7123,-23.6993,124.6203,-0.6309,0.5332,-0.5637,0.9980,30,19.519878,2.7309,-0.4673
BiancaGolden_CircleTurns,72.9585,-46.7142,196.9172,-1.7545,-23.2817,125.4814,-0.6298,0.5317,-0.5663,0.9980,30,19.548306,2.7296,-0.4671
BiancaGolden_CircleTurns,72.8032,-46.7568,196.9941,-2.0133,-23.0251,126.3200,-0.6294,0.5342,-0.5643,0.9980,31,19.575788,2.7280,-0.4676
BiancaGolden_CircleTurns,72.6446,-46.7457,197.0951,-2.0597,-22.7892,127.3251,-0.6300,0.5375,-0.5605,0.9980,31,19.603506,2.7264,-0.4675
BiancaGolden_CircleTurns,72.4546,-46.7140,197.2604,-2.1614,-22.3439,128.3688,-0.6368,0.5302,-0.5598,0.9980,32,19.631329,2.7245,-0.4671
BiancaGolden_CircleTurns,72.2826,-46.7374,197.2808,-2.4024,-22.1067,129.4709,-0.6389,0.5224,-0.5647,0.9980,32,19.659569,2.7228,-0.4674
BiancaGolden_CircleTurns,72.0845,-46.7219,197.3043,-2.6330,-22.0225,130.5910,-0.6332,0.5185,-0.5746,0.9980,33,19.686901,2.7208,-0.4672
BiancaGolden_CircleTurns,71.9097,-46.6685,197.3089,-2.7482,-21.8847,131.5655,-0.6356,0.5114,-0.5784,0.9980,33,19.715008,2.7191,-0.4667
BiancaGolden_CircleTurns,71.7740,-46.6408,197.3114,-2.8598,-22.0402,132.4480,-0.6292,0.5124,-0.5844,0.9980,34,19.742584,2.7177,-0.4664
BiancaGolden_CircleTurns,71.5933,-46.5528,197.3560,-2.9534,-21.8532,133.3176,-0.6293,0.5100,-0.5863,0.9980,34,19.773464,2.7159,-0.4655
BiancaGolden_CircleTurns,71.4657,-46.5265,197.2787,-3.1123,-21.8323,134.3491,-0.6327,0.4969,-0.5940,0.9980,35,19.798920,2.7147,-0.4653
BiancaGolden_CircleTurns,71.3759,-46.5506,197.2005,-3.3252,-22.3812,135.4541,-0.6309,0.4946,-0.5977,0.9980,35,19.825430,2.7138,-0.4655
BiancaGolden_CircleTurns,71.2968,-46.5609,197.0866,-3.5882,-22.9439,136.6205,-0.6238,0.4964,-0.6037,0.9980,36,19.853237,2.7130,-0.4656
BiancaGolden_CircleTurns,71.2285,-46.5307,197.0573,-3.9059,-23.2697,137.5669,-0.6325,0.4892,-0.6005,0.9980,36,19.881216,2.7123,-0.4653
BiancaGolden_CircleTurns,71.1705,-46.5031,197.1167,-4.3016,-23.1650,138.3055,-0.6246,0.4982,-0.6013,0.9980,37,19.909092,2.7117,-0.4650
BiancaGolden_CircleTurns,71.1532,-46.5101,197.1089,-4.5264,-23.0948,138.8889,-0.6275,0.4932,-0.6025,0.9980,37,19.937662,2.7115,-0.4651
BiancaGolden_CircleTurns,71.1278,-46.5192,197.1168,-4.6099,-23.0148,139.2523,-0.6314,0.4452,-0.6349,0.9980,38,19.965187,2.7113,-0.4652
BiancaGolden_CircleTurns,71.0998,-46.5177,197.1016,-4.8505,-23.3076,139.5153,-0.6216,0.4289,-0.6555,0.9980,38,19.992788,2.7110,-0.4652
BiancaGolden_CircleTurns,71.1014,-46.5155,197.1097,-5.1194,-23.5387,139.7321,-0.6130,0.4445,-0.6532,0.9980,39,20.020504,2.7110,-0.4652
BiancaGolden_CircleTurns,71.1135,-46.4778,197.1795,-5.1273,-23.2947,139.6576,-0.6136,0.4506,-0.6484,0.9980,39,20.049105,2.7111,-0.4648
BiancaGolden_CircleTurns,71.1124,-46.4622,197.2491,-5.1684,-23.0651,139.4529,-0.6004,0.4647,-0.6509,0.9980,40,20.076756,2.7111,-0.4646
BiancaGolden_CircleTurns,71.1478,-46.5031,197.2939,-5.0581,-23.1330,139.1623,-0.5965,0.4694,-0.6510,0.9980,40,20.104771,2.7115,-0.4650
BiancaGolden_CircleTurns,71.1507,-46.5309,197.3143,-4.8859,-23.1445,138.7725,-0.5972,0.4681,-0.6514,0.9980,41,20.132498,2.7115,-0.4653
BiancaGolden_CircleTurns,71.1345,-46.5461,197.3126,-4.7203,-23.0640,138.2199,-0.5964,0.4795,-0.6438,0.9980,41,20.160503,2.7113,-0.4655
BiancaGolden_CircleTurns,71.0666,-46.5511,197.3280,-4.4989,-22.9169,137.6605,-0.5721,0.4542,-0.6830,0.9980,42,20.188383,2.7107,-0.4655
BiancaGolden_CircleTurns,70.9781,-46.5781,197.3084,-4.3397,-22.9088,137.1928,-0.5890,0.3756,-0.7155,0.9980,42,20.216471,2.7098,-0.4658
BiancaGolden_CircleTurns,70.8699,-46.7110,197.2020,-4.2309,-23.3224,136.9536,-0.5654,0.3586,-0.7428,0.9980,43,20.244230,2.7087,-0.4671
BiancaGolden_CircleTurns,70.7701,-46.8077,197.1789,-3.9497,-23.7045,136.9130,-0.5260,0.4572,-0.7171,0.9980,43,20.271633,2.7077,-0.4681
BiancaGolden_CircleTurns,70.6578,-46.9027,197.1390,-3.8280,-23.6655,136.8839,-0.5470,0.4992,-0.6720,0.9980,44,20.299639,2.7066,-0.4690
BiancaGolden_CircleTurns,70.5566,-47.0129,197.1138,-3.7602,-23.7329,136.9171,-0.5674,0.5232,-0.6358,0.9980,44,20.327700,2.7056,-0.4701
BiancaGolden_CircleTurns,70.4851,-47.0799,197.1135,-3.5588,-23.8936,136.9012,-0.5759,0.5202,-0.6307,0.9980,45,20.355625,2.7049,-0.4708
BiancaGolden_CircleTurns,70.4059,-47.1098,197.0886,-3.2800,-23.8699,136.6834,-0.5721,0.5246,-0.6304,0.9980,45,20.383553,2.7041,-0.4711
BiancaGolden_CircleTurns,70.3267,-47.0744,197.0979,-2.9961,-23.7734,136.3108,-0.5700,0.5158,-0.6395,0.9980,46,20.411003,2.7033,-0.4707
BiancaGolden_CircleTurns,70.2647,-46.9959,197.1309,-2.6369,-23.7126,135.8355,-0.5697,0.5169,-0.6390,0.9980,46,20.439070,2.7026,-0.4700
BiancaGolden_CircleTurns,70.2070,-46.8948,197.1413,-2.1928,-23.6897,135.3160,-0.5682,0.5201,-0.6377,0.9980,47,20.466747,2.7021,-0.4689
BiancaGolden_CircleTurns,70.1366,-46.7577,197.1682,-1.8024,-23.5687,134.8972,-0.5655,0.5213,-0.6391,0.9980,47,20.494835,2.7014,-0.4676
BiancaGolden_CircleTurns,70.0642,-46.5791,197.2069,-1.6205,-23.4149,134.4897,-0.5694,0.5144,-0.6412,0.9980,48,20.522589,2.7006,-0.4658
BiancaGolden_CircleTurns,69.9933,-46.3608,197.2414,-1.4236,-23.2203,134.0336,-0.5710,0.5142,-0.6399,0.9980,48,20.550508,2.6999,-0.4636
BiancaGolden_CircleTurns,69.8851,-46.0800,197.2877,-1.1722,-22.8577,133.5742,-0.5663,0.5087,-0.6484,0.9980,49,20.578300,2.6989,-0.4608
BiancaGolden_CircleTurns,69.8273,-45.8536,197.2646,-0.9880,-23.4007,133.2516,-0.5711,0.5074,-0.6453,0.9980,49,20.609644,2.6983,-0.4585
BiancaGolden_CircleTurns,69.6897,-45.5442,197.2439,-0.7020,-23.4948,133.0672,-0.5698,0.5017,-0.6508,0.9980,50,20.634251,2.6969,-0.4554
BiancaGolden_CircleTurns,69.5010,-45.2178,197.2430,-0.5231,-23.5495,132.9848,-0.5748,0.4925,-0.6535,0.9980,50,20.661161,2.6950,-0.4522
BiancaGolden_CircleTurns,69.3129,-44.9137,197.2477,-0.5014,-23.7468,133.0865,-0.5738,0.4890,-0.6570,0.9980,51,20.688978,2.6931,-0.4491
BiancaGolden_CircleTurns,69.0791,-44.6168,197.2246,-0.4682,-23.8567,133.4830,-0.5808,0.4788,-0.6584,0.9980,51,20.717270,2.6908,-0.4462
BiancaGolden_CircleTurns,68.8702,-44.3150,197.1868,-0.5814,-24.2927,134.2327,-0.5910,0.4788,-0.6492,0.9980,52,20.744242,2.6887,-0.4431
BiancaGolden_CircleTurns,68.7083,-44.0078,197.1479,-0.8122,-24.7469,134.9261,-0.5999,0.4435,-0.6659,0.9980,52,20.772985,2.6871,-0.4401
BiancaGolden_CircleTurns,68.5438,-43.6964,197.1245,-0.8924,-25.3132,135.8258,-0.6108,0.4171,-0.6730,0.9980,53,20.800484,2.6854,-0.4370
BiancaGolden_CircleTurns,68.3887,-43.4000,197.1389,-0.9741,-25.9616,136.9703,-0.5520,0.3808,-0.7418,0.9980,53,20.828798,2.6839,-0.4340
BiancaGolden_CircleTurns,68.2369,-43.0247,197.1787,-1.2244,-26.3181,138.1077,-0.5468,0.3866,-0.7426,0.9980,54,20.856331,2.6824,-0.4302
BiancaGolden_CircleTurns,68.0923,-42.5644,197.2685,-1.5924,-26.4239,139.2514,-0.5850,0.4038,-0.7034,0.9980,54,20.884726,2.6809,-0.4256
BiancaGolden_CircleTurns,67.9536,-42.0359,197.3496,-1.9193,-26.3467,140.4489,-0.6014,0.4234,-0.6775,0.9980,55,20.912176,2.6795,-0.4204
BiancaGolden_CircleTurns,67.8123,-41.4588,197.4190,-2.3417,-26.3045,141.7650,-0.6169,0.4190,-0.6663,0.9980,55,20.940174,2.6781,-0.4146
BiancaGolden_CircleTurns,67.6749,-40.8091,197.5013,-2.5261,-26.1818,143.0582,-0.6229,0.4052,-0.6692,0.9980,56,20.967850,2.6767,-0.4081
BiancaGolden_CircleTurns,67.5633,-40.0695,197.5298,-3.0994,-26.2064,144.1863,-0.6265,0.3980,-0.6701,0.9980,56,20.996033,2.6756,-0.4007
BiancaGolden_CircleTurns,67.3943,-39.2653,197.5475,-3.3328,-25.8714,145.4568,-0.6198,0.3892,-0.6814,0.9980,57,21.023489,2.6739,-0.3927
BiancaGolden_CircleTurns,67.2956,-38.3876,197.5285,-3.5414,-25.8114,146.8077,-0.6135,0.3840,-0.6900,0.9980,57,21.051132,2.6730,-0.3839
BiancaGolden_CircleTurns,67.2354,-37.4465,197.5002,-3.6664,-25.8769,148.0993,-0.6048,0.3760,-0.7020,0.9980,58,21.079256,2.6724,-0.3745
BiancaGolden_CircleTurns,67.1448,-36.4387,197.5229,-3.8465,-25.9112,149.2676,-0.5983,0.3896,-0.7002,0.9980,58,21.106798,2.6714,-0.3644
BiancaGolden_CircleTurns,67.0668,-35.3319,197.5564,-4.1914,-25.6692,150.3767,-0.6055,0.3783,-0.7002,0.9980,59,21.134178,2.6707,-0.3533
BiancaGolden_CircleTurns,67.0290,-34.1663,197.5945,-4.6304,-25.4798,151.4497,-0.6017,0.3722,-0.7067,0.9980,59,21.162191,2.6703,-0.3417
BiancaGolden_CircleTurns,66.9717,-32.9019,197.6372,-4.8401,-25.3762,152.3479,-0.6019,0.3626,-0.7115,0.9980,60,21.190136,2.6697,-0.3290
BiancaGolden_CircleTurns,66.8249,-31.5906,197.6861,-5.0544,-25.0678,153.0015,-0.5897,0.3640,-0.7209,0.9980,60,21.218140,2.6682,-0.3159
BiancaGolden_CircleTurns,66.7006,-30.3235,197.7373,-5.3682,-24.9234,153.7020,-0.5990,0.3471,-0.7216,0.9980,61,21.245493,2.6670,-0.3032
BiancaGolden_CircleTurns,66.5299,-29.1381,197.7007,-5.8345,-24.5385,154.3934,-0.6060,0.3373,-0.7204,0.9980,61,21.273113,2.6653,-0.2914
BiancaGolden_CircleTurns,66.3179,-28.0245,197.6916,-6.3936,-24.3838,155.2998,-0.6037,0.3277,-0.7268,0.9980,62,21.300909,2.6632,-0.2802
BiancaGolden_CircleTurns,66.1700,-27.0040,197.5169,-6.5372,-24.5835,156.3143,-0.5905,0.3102,-0.7450,0.9980,62,21.328960,2.6617,-0.2700
BiancaGolden_CircleTurns,66.0105,-26.0883,197.4429,-6.7454,-25.2568,157.1093,-0.5832,0.3092,-0.7512,0.9980,63,21.356731,2.6601,-0.2609
BiancaGolden_CircleTurns,65.7839,-25.2233,197.4419,-6.6379,-25.4883,157.5003,-0.5849,0.3126,-0.7485,0.9980,63,21.384539,2.6578,-0.2522
BiancaGolden_CircleTurns,65.5432,-24.5315,197.3553,-6.3079,-25.2822,157.5260,-0.5750,0.3215,-0.7524,0.9980,64,21.411789,2.6554,-0.2453
BiancaGolden_CircleTurns,65.2402,-23.9049,197.4176,-5.9602,-25.4568,157.4494,-0.5690,0.3093,-0.7620,0.9980,64,21.442936,2.6524,-0.2390
BiancaGolden_CircleTurns,64.8366,-23.4283,197.5948,-6.1620,-25.9363,157.2604,-0.5707,0.3082,-0.7611,0.9980,65,21.467834,2.6484,-0.2343
BiancaGolden_CircleTurns,64.3266,-22.9731,197.7583,-5.6120,-26.0816,157.2258,-0.5648,0.3161,-0.7623,0.9980,65,21.494425,2.6433,-0.2297
BiancaGolden_CircleTurns,63.7214,-22.6578,197.8958,-5.0016,-25.9112,157.1608,-0.5542,0.3134,-0.7712,0.9980,66,21.522007,2.6372,-0.2266
BiancaGolden_CircleTurns,63.0459,-22.3441,197.9837,-4.0770,-25.8519,157.4064,-0.5581,0.3089,-0.7701,0.9980,66,21.550034,2.6305,-0.2234
BiancaGolden_CircleTurns,62.2852,-22.0433,198.0316,-3.5526,-25.8054,157.7619,-0.5690,0.3075,-0.7627,0.9980,67,21.577595,2.6229,-0.2204
BiancaGolden_CircleTurns,61.5638,-21.7744,197.9254,-2.7629,-25.5927,157.6628,-0.5470,0.3054,-0.7795,0.9980,67,21.605867,2.6156,-0.2177
BiancaGolden_CircleTurns,60.8519,-21.5651,197.7449,-2.2955,-25.4195,157.4525,-0.5385,0.3034,-0.7861,0.9980,68,21.633579,2.6085,-0.2157
BiancaGolden_CircleTurns,60.1642,-21.5066,197.4322,-2.4917,-25.4216,157.1336,-0.5281,0.2830,-0.8006,0.9980,68,21.662359,2.6016,-0.2151
BiancaGolden_CircleTurns,59.4752,-21.3770,197.2159,-2.1550,-25.9990,156.8237,-0.5153,0.2805,-0.8098,0.9980,69,21.689440,2.5948,-0.2138
BiancaGolden_CircleTurns,58.6974,-21.2240,197.2398,-1.7076,-26.6662,156.3166,-0.5106,0.2879,-0.8102,0.9980,69,21.717710,2.5870,-0.2122
BiancaGolden_CircleTurns,58.0193,-21.1266,197.1860,-1.3440,-26.8388,155.7595,-0.4959,0.2986,-0.8154,0.9980,70,21.745008,2.5802,-0.2113
BiancaGolden_CircleTurns,57.5218,-21.0757,197.0801,-0.8342,-27.1572,155.2686,-0.4945,0.3016,-0.8151,0.9980,70,21.772896,2.5752,-0.2108
BiancaGolden_CircleTurns,57.0977,-20.9794,197.0617,-0.1916,-27.6983,155.0159,-0.4927,0.3061,-0.8146,0.9980,71,21.800869,2.5710,-0.2098
BiancaGolden_CircleTurns,56.6296,-20.8366,197.1446,0.2500,-27.8382,154.9043,-0.4968,0.3030,-0.8133,0.9980,71,21.828924,2.5663,-0.2084
BiancaGolden_CircleTurns,56.2356,-20.6295,197.1774,0.3278,-27.8381,154.7868,-0.4873,0.2863,-0.8250,0.9980,72,21.856737,2.5624,-0.2063
BiancaGolden_CircleTurns,55.9474,-20.3010,197.2254,0.3505,-28.2237,154.8607,-0.4898,0.2856,-0.8237,0.9980,72,21.885109,2.5595,-0.2030
BiancaGolden_CircleTurns,55.6898,-19.9168,197.3023,0.3656,-28.6247,155.0885,-0.4782,0.2754,-0.8340,0.9980,73,21.912886,2.5569,-0.1992
BiancaGolden_CircleTurns,55.5222,-19.5189,197.4028,0.1048,-29.1749,155.6112,-0.4868,0.2556,-0.8353,0.9980,73,21.940624,2.5552,-0.1952
BiancaGolden_CircleTurns,55.4075,-19.0591,197.5581,-0.0994,-29.5612,156.2885,-0.5090,0.2501,-0.8236,0.9980,74,21.968014,2.5541,-0.1906
BiancaGolden_CircleTurns,55.3709,-18.5399,197.6235,-0.4960,-29.6244,156.9695,-0.5121,0.2378,-0.8253,0.9980,74,21.996378,2.5537,-0.1854
BiancaGolden_CircleTurns,55.3769,-17.8940,197.7107,-0.7247,-29.2712,157.5842,-0.5290,0.2472,-0.8118,0.9980,75,22.023739,2.5538,-0.1789
BiancaGolden_CircleTurns,55.3711,-17.1887,197.7986,-0.6205,-28.5870,158.0143,-0.5345,0.2555,-0.8056,0.9980,75,22.051619,2.5537,-0.1719
BiancaGolden_CircleTurns,55.4482,-16.4143,197.8299,-0.4102,-28.0195,158.4847,-0.5344,0.2559,-0.8055,0.9980,76,22.079342,2.5545,-0.1641
BiancaGolden_CircleTurns,55.5759,-15.5428,197.7889,0.0390,-27.6677,158.9742,-0.5328,0.2399,-0.8115,0.9980,76,22.107349,2.5558,-0.1554
BiancaGolden_CircleTurns,55.7952,-14.5816,197.6556,0.2457,-27.4281,159.4792,-0.5294,0.2352,-0.8151,0.9980,77,22.135122,2.5580,-0.1458
BiancaGolden_CircleTurns,56.1415,-13.5374,197.4591,0.6996,-27.3331,160.1649,-0.5293,0.2353,-0.8152,0.9980,77,22.163044,2.5614,-0.1354
BiancaGolden_CircleTurns,56.5138,-12.4173,197.3020,1.1111,-27.3927,161.0086,-0.5221,0.2202,-0.8240,0.9980,78,22.190485,2.5651,-0.1242
BiancaGolden_CircleTurns,56.8833,-11.1895,197.2752,1.4707,-27.4364,162.1249,-0.5263,0.2096,-0.8241,0.9980,78,22.218765,2.5688,-0.1119
BiancaGolden_CircleTurns,57.3108,-9.9834,197.1683,1.1084,-27.4234,163.3525,-0.5377,0.1958,-0.8201,0.9980,79,22.246164,2.5731,-0.0998
BiancaGolden_CircleTurns,57.7023,-8.6150,197.1545,0.9346,-27.4335,164.8877,-0.5391,0.1556,-0.8277,0.9980,79,22.276985,2.5770,-0.0861
BiancaGolden_CircleTurns,58.0071,-7.2473,197.2179,0.7059,-27.6130,166.4539,-0.5306,0.1340,-0.8370,0.9980,80,22.302290,2.5801,-0.0725
BiancaGolden_CircleTurns,58.3411,-5.8941,197.3124,0.6066,-27.9920,167.9678,-0.5412,0.1224,-0.8319,0.9980,80,22.329163,2.5834,-0.0589
BiancaGolden_CircleTurns,58.6800,-4.5875,197.1934,0.4360,-27.9285,169.4751,-0.5491,0.1225,-0.8267,0.9980,81,22.356758,2.5868,-0.0459
BiancaGolden_CircleTurns,59.0123,-3.2365,197.1895,0.5858,-27.4953,170.6890,-0.5513,0.1165,-0.8262,0.9980,81,22.384411,2.5901,-0.0324
BiancaGolden_CircleTurns,59.3888,-1.9941,197.1530,0.6371,-27.1572,171.1848,-0.5518,0.1141,-0.8261,0.9980,82,22.412271,2.5939,-0.0199
BiancaGolden_CircleTurns,59.8090,-0.7987,197.0539,0.7189,-27.0752,171.5112,-0.5626,0.1102,-0.8193,0.9980,82,22.440779,2.5981,-0.0080
BiancaGolden_CircleTurns,60.1989,0.2929,197.0185,1.0811,-27.2585,171.5669,-0.5573,0.1018,-0.8240,0.9980,83,22.469110,2.6020,0.0029
BiancaGolden_CircleTurns,60.5690,1.2923,196.9889,1.3172,-27.6860,171.6226,-0.5394,0.0877,-0.8375,0.9980,83,22.496979,2.6057,0.0129
BiancaGolden_CircleTurns,60.9473,2.2069,197.0147,1.5579,-28.1742,171.6541,-0.5351,0.0872,-0.8403,0.9980,84,22.524498,2.6095,0.0221
BiancaGolden_CircleTurns,61.3063,3.0535,197.0728,1.7704,-28.4924,171.7802,-0.5477,0.0836,-0.8325,0.9980,84,22.552513,2.6131,0.0305
BiancaGolden_CircleTurns,61.5440,3.8085,197.2940,1.7676,-28.6775,171.8893,-0.5557,0.0694,-0.8285,0.9980,85,22.580286,2.6154,0.0381
BiancaGolden_CircleTurns,61.7653,4.4969,197.4166,1.7432,-28.6163,171.9590,-0.5651,0.0532,-0.8233,0.9980,85,22.608358,2.6177,0.0450
BiancaGolden_CircleTurns,61.9711,5.0694,197.4594,1.7947,-28.4512,172.0629,-0.5594,0.0483,-0.8275,0.9980,86,22.636387,2.6197,0.0507
BiancaGolden_CircleTurns,62.1958,5.5548,197.4578,1.6112,-28.5576,172.1605,-0.5593,0.0329,-0.8283,0.9980,86,22.664415,2.6220,0.0555
BiancaGolden_CircleTurns,62.4332,5.9812,197.4107,1.1371,-28.9038,172.3437,-0.5593,0.0183,-0.8287,0.9980,87,22.691906,2.6243,0.0598
BiancaGolden_CircleTurns,62.7065,6.3321,197.3274,0.7508,-29.3777,172.3811,-0.5564,0.0163,-0.8307,0.9980,87,22.720760,2.6271,0.0633
BiancaGolden_CircleTurns,62.9520,6.5979,197.1870,0.5192,-29.7346,172.1741,-0.5153,0.0860,-0.8527,0.9980,88,22.747652,2.6295,0.0660
BiancaGolden_CircleTurns,63.1608,6.7617,197.0665,0.2910,-29.7952,171.8199,-0.5047,0.1035,-0.8570,0.9980,88,22.775799,2.6316,0.0676
BiancaGolden_CircleTurns,63.4203,6.8438,196.9551,-0.0092,-30.0282,171.4936,-0.5005,0.1105,-0.8586,0.9980,89,22.803461,2.6342,0.0684
BiancaGolden_CircleTurns,63.6490,6.8557,196.8440,-0.2727,-30.3309,171.1361,-0.5043,0.1126,-0.8562,0.9980,89,22.831543,2.6365,0.0686
BiancaGolden_CircleTurns,63.7737,6.8043,196.8629,-0.4772,-30.5985,170.7898,-0.5028,0.1025,-0.8583,0.9980,90,22.859035,2.6377,0.0680
BiancaGolden_CircleTurns,63.8720,6.6696,196.8516,-0.7171,-30.8470,170.4500,-0.5049,0.0887,-0.8586,0.9980,90,22.887886,2.6387,0.0667
BiancaGolden_CircleTurns,63.9629,6.4627,196.7968,-0.8083,-31.2586,169.9810,-0.4990,0.0997,-0.8609,0.9980,91,22.915531,2.6396,0.0646
BiancaGolden_CircleTurns,64.0871,6.2535,196.6626,-0.6348,-31.6727,169.5480,-0.5002,0.1177,-0.8579,0.9980,91,22.943409,2.6409,0.0625
BiancaGolden_CircleTurns,64.2550,6.0111,196.4798,-0.4221,-32.0794,169.0748,-0.4979,0.1202,-0.8589,0.9980,92,22.970654,2.6426,0.0601
BiancaGolden_CircleTurns,64.4194,5.7591,196.3568,-0.1295,-32.4436,168.6261,-0.4997,0.1216,-0.8576,0.9980,92,22.999308,2.6442,0.0576
BiancaGolden_CircleTurns,64.6219,5.4905,196.2549,0.0991,-32.8403,168.0153,-0.4987,0.1204,-0.8584,0.9980,93,23.026987,2.6462,0.0549
BiancaGolden_CircleTurns,64.8949,5.2440,196.0652,0.3989,-33.1968,167.3122,-0.5009,0.1215,-0.8569,0.9980,93,23.055178,2.6489,0.0524
BiancaGolden_CircleTurns,65.1725,5.0256,195.9277,0.8789,-33.3461,166.5936,-0.5093,0.1319,-0.8504,0.9980,94,23.083149,2.6517,0.0503
BiancaGolden_CircleTurns,65.4353,4.8215,195.8820,1.3868,-33.3642,165.9442,-0.5079,0.1392,-0.8501,0.9980,94,23.113901,2.6544,0.0482
BiancaGolden_CircleTurns,65.7638,4.6272,195.8675,1.7593,-33.3773,165.4265,-0.5258,0.1239,-0.8415,0.9980,95,23.139477,2.6576,0.0463
BiancaGolden_CircleTurns,66.1084,4.4665,195.9813,2.1324,-33.3545,165.0099,-0.5305,0.1249,-0.8384,0.9980,95,23.165836,2.6611,0.0447
BiancaGolden_CircleTurns,66.4560,4.3641,196.1598,2.5045,-33.1325,164.7309,-0.5409,0.1305,-0.8309,0.9980,96,23.193716,2.6646,0.0436
BiancaGolden_CircleTurns,66.7902,4.3330,196.3679,2.7903,-32.4515,164.6215,-0.5583,0.1183,-0.8212,0.9980,96,23.221952,2.6679,0.0433
BiancaGolden_CircleTurns,67.1551,4.3487,196.5574,2.9774,-31.7178,164.5830,-0.5649,0.1095,-0.8179,0.9980,97,23.249657,2.6716,0.0435
BiancaGolden_CircleTurns,67.4479,4.4242,196.7661,3.2132,-31.0341,164.6367,-0.5735,0.1109,-0.8117,0.9980,97,23.277905,2.6745,0.0442
BiancaGolden_CircleTurns,67.7788,4.5314,196.9653,3.2245,-30.4203,164.7398,-0.5822,0.1394,-0.8010,0.9980,98,23.305815,2.6778,0.0453
BiancaGolden_CircleTurns,68.0575,4.7237,197.2079,3.4472,-29.6474,165.0380,-0.6897,0.1652,-0.7050,0.9980,98,23.334286,2.6806,0.0472
BiancaGolden_CircleTurns,68.3846,4.9669,197.3800,3.4334,-29.0023,165.5840,-0.6879,0.1365,-0.7129,0.9980,99,23.361513,2.6838,0.0497
BiancaGolden_CircleTurns,68.7021,5.2745,197.5966,3.4070,-28.6921,166.1949,-0.7124,0.0814,-0.6970,0.9980,99,23.389732,2.6870,0.0527
BiancaGolden_CircleTurns,68.9637,5.6697,197.7930,3.6463,-28.2494,166.8841,-0.6106,0.0423,-0.7908,0.9980,100,23.417263,2.6896,0.0567
BiancaGolden_CircleTurns,69.2225,6.1260,197.9750,3.8333,-27.7195,167.6540,-0.6145,0.0196,-0.7887,0.9980,100,23.445343,2.6922,0.0613
BiancaGolden_CircleTurns,69.5114,6.6629,198.1740,3.9901,-27.1068,168.5307,-0.6219,0.0092,-0.7830,0.9980,101,23.472956,2.6951,0.0666
BiancaGolden_CircleTurns,69.9703,7.2446,198.3959,4.4110,-26.9448,169.8251,-0.6540,0.0005,-0.7565,0.9980,101,23.501390,2.6997,0.0724
BiancaGolden_CircleTurns,70.2050,7.9093,198.6614,3.9742,-26.2568,171.5849,-0.6740,-0.0055,-0.7387,0.9980,102,23.529163,2.7020,0.0791
BiancaGolden_CircleTurns,70.2807,8.6865,199.0535,2.7902,-24.6878,173.4465,-0.6941,-0.0269,-0.7194,0.9980,102,23.557421,2.7028,0.0869
BiancaGolden_CircleTurns,70.4068,9.5598,199.3682,1.9462,-23.0059,175.3539,-0.6784,-0.0248,-0.7342,0.9980,103,23.584528,2.7041,0.0956
BiancaGolden_CircleTurns,70.6332,10.6119,199.5478,1.6948,-22.0051,176.9285,-0.6887,-0.0363,-0.7242,0.9980,103,23.612564,2.7063,0.1061
BiancaGolden_CircleTurns,70.7479,11.7159,199.7997,1.6077,-21.5841,178.0213,-0.6854,-0.0434,-0.7269,0.9980,104,23.640226,2.7075,0.1172
BiancaGolden_CircleTurns,70.8658,12.8666,199.9574,1.3823,-21.3461,178.8699,-0.6723,-0.0383,-0.7393,0.9980,104,23.668516,2.7087,0.1287
BiancaGolden_CircleTurns,70.9496,14.0962,200.0086,1.3753,-21.2180,179.5120,-0.6735,-0.0320,-0.7384,0.9980,105,23.696171,2.7095,0.1410
BiancaGolden_CircleTurns,71.0353,15.3811,200.0050,1.7280,-21.0283,179.8062,-0.6738,-0.0305,-0.7383,0.9980,105,23.724108,2.7104,0.1538
BiancaGolden_CircleTurns,71.1184,16.6849,199.9169,2.0686,-20.7769,179.9136,-0.6695,-0.0328,-0.7421,0.9980,106,23.751801,2.7112,0.1668
BiancaGolden_CircleTurns,71.1754,17.9519,199.8291,2.3154,-20.5847,179.9760,-0.6711,-0.0338,-0.7406,0.9980,106,23.780462,2.7118,0.1795
BiancaGolden_CircleTurns,71.2273,19.2002,199.7173,2.4758,-20.4404,-179.8767,-0.6698,-0.0521,-0.7407,0.9980,107,23.807610,2.7123,0.1920
BiancaGolden_CircleTurns,71.3886,20.4036,199.4269,2.4997,-20.7364,-179.7134,-0.6624,-0.0614,-0.7466,0.9980,107,23.835539,2.7139,0.2040
BiancaGolden_CircleTurns,71.5194,21.5689,199.2113,2.6209,-21.2994,-179.3803,-0.6686,-0.0604,-0.7412,0.9980,108,23.863203,2.7152,0.2157
BiancaGolden_CircleTurns,71.5937,22.6798,199.0778,2.4193,-21.7158,-179.1264,-0.7071,-0.0058,-0.7071,0.9980,108,23.891506,2.7159,0.2268
BiancaGolden_CircleTurns,71.6347,23.7063,198.9574,2.0454,-21.8977,-178.9905,-0.7265,0.0394,-0.6860,0.9980,109,23.919329,2.7163,0.2371
BiancaGolden_CircleTurns,71.5868,24.6128,198.9663,1.6421,-21.9136,-178.9310,-0.7356,0.0195,-0.6771,0.9980,109,23.950861,2.7159,0.2461
BiancaGolden_CircleTurns,71.4984,25.4243,199.0160,1.3356,-21.9663,-178.8236,-0.7037,-0.0711,-0.7069,0.9980,110,23.974783,2.7150,0.2542
BiancaGolden_CircleTurns,71.3194,26.1254,199.1354,1.1541,-21.9281,-178.6663,-0.6743,-0.1063,-0.7308,0.9980,110,24.001633,2.7132,0.2613
BiancaGolden_CircleTurns,71.0193,26.7455,199.3286,1.0684,-21.7509,-178.4274,-0.6761,-0.1340,-0.7245,0.9980,111,24.029379,2.7102,0.2675
BiancaGolden_CircleTurns,70.6702,27.2170,199.4937,0.8790,-21.4981,-178.2048,-0.6811,-0.1389,-0.7188,0.9980,111,24.057264,2.7067,0.2722
BiancaGolden_CircleTurns,70.3072,27.5957,199.5406,0.9493,-21.6223,-177.9108,-0.6906,-0.1519,-0.7071,0.9980,112,24.085352,2.7031,0.2760
BiancaGolden_CircleTurns,69.9320,27.8928,199.5190,1.2171,-21.8795,-177.4907,-0.6700,-0.1550,-0.7260,0.9980,112,24.113556,2.6993,0.2789
BiancaGolden_CircleTurns,69.5297,28.1153,199.4679,1.3828,-22.1668,-177.0158,-0.6762,-0.1487,-0.7215,0.9980,113,24.141211,2.6953,0.2812
BiancaGolden_CircleTurns,69.0456,28.2716,199.4369,1.3571,-22.2583,-176.6488,-0.6749,-0.1644,-0.7194,0.9980,113,24.169390,2.6905,0.2827
BiancaGolden_CircleTurns,68.5746,28.3388,199.3043,1.3281,-22.2521,-176.3326,-0.6811,-0.1679,-0.7127,0.9980,114,24.196917,2.6857,0.2834
BiancaGolden_CircleTurns,68.1055,28.3149,199.1264,1.2638,-22.3198,-176.0886,-0.6898,-0.1606,-0.7060,0.9980,114,24.225170,2.6811,0.2831
BiancaGolden_CircleTurns,67.6358,28.2245,198.9472,1.3472,-22.6182,-175.7743,-0.6853,-0.1647,-0.7094,0.9980,115,24.252462,2.6764,0.2822
BiancaGolden_CircleTurns,67.0640,28.0338,198.9936,1.2437,-23.0219,-175.4709,-0.6824,-0.1738,-0.7100,0.9980,115,24.280287,2.6706,0.2803
BiancaGolden_CircleTurns,66.3594,27.7662,199.2062,1.0055,-23.1390,-175.3381,-0.6920,-0.1666,-0.7025,0.9980,116,24.308245,2.6636,0.2777
BiancaGolden_CircleTurns,65.6498,27.4068,199.3540,0.8953,-22.8408,-175.1690,-0.6989,-0.1705,-0.6946,0.9980,116,24.336855,2.6565,0.2741
BiancaGolden_CircleTurns,65.0430,26.9916,199.2871,1.2244,-22.4542,-174.7528,-0.6991,-0.1777,-0.6926,0.9980,117,24.364155,2.6504,0.2699
BiancaGolden_CircleTurns,64.4654,26.5608,199.2399,1.6924,-22.2391,-174.1518,-0.6911,-0.1860,-0.6984,0.9980,117,24.391748,2.6447,0.2656
BiancaGolden_CircleTurns,63.9489,26.1116,199.1550,1.7632,-22.3773,-173.4718,-0.6731,-0.1854,-0.7159,0.9980,118,24.419470,2.6395,0.2611
BiancaGolden_CircleTurns,63.4511,25.6545,198.9995,1.4856,-22.5998,-172.9092,-0.6704,-0.1930,-0.7164,0.9980,118,24.447727,2.6345,0.2565
BiancaGolden_CircleTurns,62.9229,25.2091,198.8614,1.2701,-22.5484,-172.3655,-0.6660,-0.1903,-0.7212,0.9980,119,24.475218,2.6292,0.2521
BiancaGolden_CircleTurns,62.4434,24.7601,198.7645,0.9915,-22.6596,-171.7946,-0.6557,-0.1922,-0.7302,0.9980,119,24.503710,2.6244,0.2476
BiancaGolden_CircleTurns,62.0740,24.3515,198.5714,0.7027,-23.1228,-171.0699,-0.6410,-0.1932,-0.7429,0.9980,120,24.530769,2.6207,0.2435
BiancaGolden_CircleTurns,61.7513,24.0284,198.3445,0.7802,-23.8002,-170.1735,-0.6357,-0.1842,-0.7496,0.9980,120,24.558826,2.6175,0.2403
BiancaGolden_CircleTurns,61.3566,23.7633,198.2968,0.7625,-24.2243,-169.3085,-0.6335,-0.1953,-0.7487,0.9980,121,24.586163,2.6136,0.2376
BiancaGolden_CircleTurns,60.9451,23.5396,198.3054,0.4804,-24.3154,-168.5003,-0.6338,-0.2068,-0.7453,0.9980,121,24.614435,2.6095,0.2354
BiancaGolden_CircleTurns,60.5204,23.4073,198.3604,0.3343,-24.3838,-167.5403,-0.6046,-0.2668,-0.7506,0.9980,122,24.642252,2.6052,0.2341
BiancaGolden_CircleTurns,60.0559,23.3481,198.4224,0.4702,-24.4609,-166.4659,-0.5857,-0.3077,-0.7499,0.9980,122,24.670582,2.6006,0.2335
BiancaGolden_CircleTurns,59.5703,23.3371,198.4813,0.3938,-24.3810,-165.4888,-0.5829,-0.3156,-0.7487,0.9980,123,24.697741,2.5957,0.2334
BiancaGolden_CircleTurns,59.1250,23.4604,198.4419,0.3527,-24.3205,-164.5283,-0.5827,-0.3239,-0.7453,0.9980,123,24.725830,2.5912,0.2346
BiancaGolden_CircleTurns,58.6424,23.6520,198.4691,0.3024,-24.2869,-163.7346,-0.5843,-0.3185,-0.7464,0.9980,124,24.753370,2.5864,0.2365
BiancaGolden_CircleTurns,58.1245,23.9567,198.4718,0.3172,-24.2541,-163.0236,-0.5819,-0.3216,-0.7470,0.9980,124,24.792049,2.5812,0.2396
BiancaGolden_CircleTurns,57.5796,24.3569,198.3817,0.5211,-24.1753,-162.4383,-0.5816,-0.3223,-0.7469,0.9980,125,24.809690,2.5758,0.2436
BiancaGolden_CircleTurns,56.9472,24.8426,198.3015,0.6974,-23.9434,-161.7848,-0.5802,-0.3268,-0.7460,0.9980,125,24.842978,2.5695,0.2484
BiancaGolden_CircleTurns,55.6842,25.9105,198.0061,0.9288,-23.6176,-160.1701,-0.5727,-0.3371,-0.7473,0.9980,126,24.870218,2.5568,0.2591
BiancaGolden_CircleTurns,55.0488,26.6589,197.6631,1.1907,-23.6600,-158.9444,-0.5552,-0.3362,-0.7608,0.9980,126,24.895973,2.5505,0.2666
BiancaGolden_CircleTurns,55.1080,26.8493,197.5345,1.0751,-24.1773,-158.3958,-0.5355,-0.3437,-0.7715,0.9980,127,24.929920,2.5511,0.2685
BiancaGolden_CircleTurns,53.9202,28.5650,196.9138,0.9072,-25.0873,-155.5077,-0.5293,-0.3603,-0.7681,0.9980,127,24.955851,2.5392,0.2857
BiancaGolden_CircleTurns,53.1952,29.6478,196.6809,0.5490,-25.4909,-153.5699,-0.5167,-0.3903,-0.7620,0.9980,128,24.988750,2.5320,0.2965
BiancaGolden_CircleTurns,52.4024,30.7912,196.4700,0.1336,-25.4535,-151.5688,-0.4583,-0.4199,-0.7834,0.9980,128,25.021597,2.5240,0.3079
BiancaGolden_CircleTurns,51.7424,31.9973,196.3979,-0.4585,-26.7375,-149.5003,-0.4223,-0.4606,-0.7807,0.9980,129,25.053608,2.5174,0.3200
BiancaGolden_CircleTurns,50.9739,33.1588,196.4038,-0.7740,-27.7916,-147.2861,-0.4105,-0.4877,-0.7705,0.9980,129,25.084185,2.5097,0.3316
BiancaGolden_CircleTurns,50.0942,34.2277,196.6239,-1.4329,-28.2727,-144.9800,-0.4021,-0.5047,-0.7639,0.9980,130,25.113068,2.5009,0.3423
BiancaGolden_CircleTurns,49.2791,35.3326,196.6081,-2.1028,-28.3429,-142.7847,-0.4029,-0.5247,-0.7499,0.9980,130,25.142021,2.4928,0.3533
BiancaGolden_CircleTurns,48.3747,36.3838,196.6499,-2.4898,-27.9839,-140.8583,-0.3997,-0.5292,-0.7485,0.9980,131,25.169785,2.4837,0.3638
BiancaGolden_CircleTurns,47.5634,37.3725,196.6397,-2.8309,-27.7333,-139.3014,-0.3801,-0.5379,-0.7525,0.9980,131,25.198036,2.4756,0.3737
BiancaGolden_CircleTurns,46.9043,38.3341,196.5793,-3.4604,-27.8764,-137.8322,-0.3739,-0.5335,-0.7587,0.9980,132,25.226013,2.4690,0.3833
BiancaGolden_CircleTurns,46.2950,39.2098,196.4794,-4.0507,-28.1225,-136.5308,-0.3840,-0.5331,-0.7538,0.9980,132,25.253864,2.4629,0.3921
BiancaGolden_CircleTurns,45.7553,40.0164,196.4115,-4.2396,-28.3308,-135.3269,-0.3773,-0.5415,-0.7513,0.9980,133,25.280968,2.4576,0.4002
BiancaGolden_CircleTurns,45.3199,40.7145,196.3949,-4.2630,-28.4279,-134.3574,-0.3773,-0.5363,-0.7550,0.9980,133,25.309008,2.4532,0.4071
BiancaGolden_CircleTurns,44.9370,41.3215,196.4830,-4.4915,-28.5727,-133.4919,-0.3758,-0.5433,-0.7507,0.9980,134,25.336887,2.4494,0.4132
BiancaGolden_CircleTurns,44.6894,41.8746,196.5939,-4.7489,-28.6117,-132.7545,-0.3682,-0.5476,-0.7514,0.9980,134,25.365011,2.4469,0.4187
BiancaGolden_CircleTurns,44.5773,42.3692,196.6936,-4.7975,-28.6765,-132.0381,-0.3566,-0.5478,-0.7568,0.9980,135,25.392780,2.4458,0.4237
BiancaGolden_CircleTurns,44.4744,42.8033,196.8492,-4.4569,-28.5562,-131.3978,-0.3520,-0.5469,-0.7596,0.9980,135,25.421322,2.4447,0.4280
BiancaGolden_CircleTurns,44.4953,43.1812,196.9653,-4.0376,-28.1697,-131.0712,-0.3564,-0.5538,-0.7525,0.9980,136,25.448341,2.4450,0.4318
BiancaGolden_CircleTurns,44.5819,43.5326,197.0665,-3.7706,-27.8319,-130.7871,-0.3768,-0.5424,-0.7509,0.9980,136,25.476412,2.4458,0.4353
BiancaGolden_CircleTurns,44.7031,43.8238,197.1280,-3.4590,-27.4854,-130.7687,-0.3861,-0.5447,-0.7444,0.9980,137,25.503950,2.4470,0.4382
BiancaGolden_CircleTurns,44.8470,44.0530,197.1229,-2.9156,-27.1053,-130.8493,-0.3911,-0.5449,-0.7417,0.9980,137,25.532486,2.4485,0.4405
BiancaGolden_CircleTurns,45.0008,44.2019,197.1287,-2.4467,-26.7793,-131.0037,-0.3963,-0.5524,-0.7333,0.9980,138,25.560305,2.4500,0.4420
BiancaGolden_CircleTurns,45.1474,44.2325,197.2517,-1.9143,-26.4459,-131.2365,-0.3908,-0.5551,-0.7343,0.9980,138,25.588215,2.4515,0.4423
BiancaGolden_CircleTurns,45.3175,44.2031,197.3272,-1.7898,-26.1030,-131.3512,-0.4029,-0.5500,-0.7316,0.9980,139,25.615870,2.4532,0.4420
BiancaGolden_CircleTurns,45.4116,44.0371,197.5538,-1.4421,-25.5069,-131.6302,-0.3977,-0.5436,-0.7391,0.9980,139,25.646696,2.4541,0.4404
BiancaGolden_CircleTurns,45.6806,44.0320,197.5231,-0.8992,-25.3784,-131.7442,-0.3877,-0.5283,-0.7554,0.9980,140,25.671967,2.4568,0.4403
BiancaGolden_CircleTurns,46.0162,44.1827,197.2834,-0.2484,-25.6474,-131.6250,-0.3829,-0.5154,-0.7667,0.9980,140,25.698374,2.4602,0.4418
BiancaGolden_CircleTurns,46.2736,44.3693,197.0988,0.2988,-26.1552,-131.4998,-0.3855,-0.5133,-0.7668,0.9980,141,25.726269,2.4627,0.4437
BiancaGolden_CircleTurns,46.3822,44.4043,197.2879,0.4465,-26.4721,-131.4683,-0.3767,-0.5162,-0.7691,0.9980,141,25.754187,2.4638,0.4440
BiancaGolden_CircleTurns,46.5620,44.5349,197.2711,0.2737,-26.5125,-131.3566,-0.3699,-0.5179,-0.7713,0.9980,142,25.782248,2.4656,0.4453
BiancaGolden_CircleTurns,46.6861,44.7492,197.2365,0.5311,-26.5995,-130.9591,-0.3681,-0.5257,-0.7669,0.9980,142,25.810350,2.4669,0.4475
BiancaGolden_CircleTurns,46.5940,44.8344,197.4942,0.7723,-26.4722,-130.4760,-0.3682,-0.5367,-0.7592,0.9980,143,25.838554,2.4659,0.4483
BiancaGolden_CircleTurns,46.4549,44.9378,197.6636,0.8692,-26.1892,-129.9254,-0.3584,-0.5449,-0.7580,0.9980,143,25.866776,2.4645,0.4494
BiancaGolden_CircleTurns,46.1984,45.1014,197.7728,0.7713,-26.1160,-129.2943,-0.3392,-0.5453,-0.7666,0.9980,144,25.894493,2.4620,0.4510
BiancaGolden_CircleTurns,45.8874,45.2666,197.7602,0.8156,-26.1829,-128.7061,-0.3329,-0.5244,-0.7837,0.9980,144,25.922588,2.4589,0.4527
BiancaGolden_CircleTurns,45.4440,45.3625,197.7674,0.7501,-26.1984,-128.0611,-0.3293,-0.5328,-0.7796,0.9980,145,25.950005,2.4544,0.4536
BiancaGolden_CircleTurns,44.8803,45.4076,197.7369,0.7227,-25.7899,-127.3490,-0.3209,-0.5447,-0.7748,0.9980,145,25.978312,2.4488,0.4541
BiancaGolden_CircleTurns,44.1801,45.4214,197.7092,0.6990,-25.1765,-126.4396,-0.3326,-0.5495,-0.7664,0.9980,146,26.005836,2.4418,0.4542
BiancaGolden_CircleTurns,43.3517,45.4146,197.5909,0.7617,-24.4156,-125.5054,-0.3308,-0.5685,-0.7532,0.9980,146,26.033993,2.4335,0.4541
BiancaGolden_CircleTurns,42.4471,45.4349,197.4186,0.8657,-24.0071,-124.3597,-0.3086,-0.5915,-0.7449,0.9980,147,26.061909,2.4245,0.4543
BiancaGolden_CircleTurns,41.4085,45.4304,197.2871,0.9939,-24.1744,-123.0417,-0.3024,-0.5906,-0.7482,0.9980,147,26.089724,2.4141,0.4543
BiancaGolden_CircleTurns,40.3162,45.4504,197.1159,0.6348,-24.4452,-121.6546,-0.2876,-0.5926,-0.7524,0.9980,148,26.117037,2.4032,0.4545
BiancaGolden_CircleTurns,39.0866,45.4466,197.0314,0.1844,-24.7016,-119.9491,-0.2769,-0.5967,-0.7532,0.9980,148,26.144537,2.3909,0.4545
BiancaGolden_CircleTurns,37.6804,45.3133,197.1783,-0.1854,-24.9352,-118.2488,-0.2729,-0.6115,-0.7427,0.9980,149,26.172285,2.3768,0.4531
BiancaGolden_CircleTurns,36.2394,45.2648,197.0755,-0.6878,-24.8687,-116.6144,-0.2703,-0.6139,-0.7416,0.9980,149,26.200174,2.3624,0.4526
BiancaGolden_CircleTurns,34.7867,45.1162,197.1097,-1.2357,-24.7552,-115.1607,-0.2554,-0.6106,-0.7496,0.9980,150,26.228319,2.3479,0.4512
BiancaGolden_CircleTurns,33.3283,45.0295,197.0363,-1.6148,-24.7194,-113.5371,-0.2486,-0.6089,-0.7533,0.9980,150,26.256330,2.3333,0.4503
BiancaGolden_CircleTurns,31.8816,44.9686,196.9145,-1.6687,-24.8046,-111.9733,-0.2304,-0.6084,-0.7595,0.9980,151,26.283926,2.3188,0.4497
BiancaGolden_CircleTurns,30.4920,44.9810,196.7787,-1.7646,-25.2634,-110.4990,-0.2291,-0.5925,-0.7723,0.9980,151,26.311800,2.3049,0.4498
BiancaGolden_CircleTurns,29.1590,44.9808,196.7635,-1.8966,-25.7182,-109.3178,-0.2199,-0.5897,-0.7771,0.9980,152,26.339861,2.2916,0.4498
BiancaGolden_CircleTurns,27.8711,44.8817,196.8630,-2.0839,-25.5673,-108.2785,-0.2189,-0.5949,-0.7735,0.9980,152,26.367739,2.2787,0.4488
BiancaGolden_CircleTurns,26.6844,44.8166,196.9646,-2.2234,-25.4320,-107.3820,-0.2057,-0.5962,-0.7760,0.9980,153,26.395468,2.2668,0.4482
BiancaGolden_CircleTurns,25.6333,44.7481,197.1333,-2.6314,-25.7746,-106.6382,-0.1809,-0.5851,-0.7905,0.9980,153,26.423355,2.2563,0.4475
BiancaGolden_CircleTurns,24.6925,44.7102,197.2817,-2.8963,-26.2615,-105.9519,-0.1715,-0.5789,-0.7971,0.9980,154,26.451239,2.2469,0.4471
BiancaGolden_CircleTurns,23.8841,44.6508,197.3862,-2.8521,-26.7967,-105.2428,-0.1670,-0.5728,-0.8025,0.9980,154,26.482468,2.2388,0.4465
BiancaGolden_CircleTurns,23.1353,44.5485,197.4304,-2.6971,-26.9304,-104.4739,-0.1755,-0.5755,-0.7988,0.9980,155,26.507179,2.2314,0.4455
BiancaGolden_CircleTurns,22.4905,44.4941,197.4689,-2.4752,-26.7330,-103.7132,-0.1610,-0.5812,-0.7977,0.9980,155,26.534466,2.2249,0.4449
BiancaGolden_CircleTurns,21.9535,44.4598,197.5091,-2.4988,-26.8334,-103.0296,-0.1438,-0.5645,-0.8128,0.9980,156,26.561205,2.2195,0.4446
BiancaGolden_CircleTurns,21.5103,44.5065,197.4978,-2.7775,-27.1204,-102.4811,-0.1389,-0.5614,-0.8158,0.9980,156,26.590244,2.2151,0.4451
BiancaGolden_CircleTurns,21.1612,44.5271,197.4957,-3.1444,-27.4048,-102.1355,-0.1385,-0.5590,-0.8176,0.9980,157,26.617027,2.2116,0.4453
BiancaGolden_CircleTurns,20.9060,44.5758,197.5036,-3.4167,-27.5765,-102.0484,-0.1329,-0.5522,-0.8231,0.9980,157,26.645613,2.2091,0.4458
BiancaGolden_CircleTurns,20.7863,44.7163,197.5098,-3.5826,-27.6894,-102.2247,-0.1330,-0.5497,-0.8247,0.9980,158,26.673294,2.2079,0.4472
BiancaGolden_CircleTurns,20.8079,44.9659,197.4596,-3.5971,-27.8613,-102.5461,-0.1381,-0.5504,-0.8234,0.9980,158,26.701454,2.2081,0.4497
BiancaGolden_CircleTurns,20.9149,45.1742,197.4095,-3.4697,-27.7029,-102.9669,-0.1456,-0.5598,-0.8157,0.9980,159,26.729239,2.2091,0.4517
BiancaGolden_CircleTurns,21.0955,45.3614,197.3863,-3.3743,-27.2848,-103.6151,-0.1561,-0.5646,-0.8105,0.9980,159,26.757715,2.2110,0.4536
BiancaGolden_CircleTurns,21.4312,45.6573,197.3649,-3.3434,-27.3725,-104.4412,-0.1622,-0.5584,-0.8136,0.9980,160,26.785095,2.2143,0.4566
BiancaGolden_CircleTurns,21.8273,45.8978,197.3921,-2.9986,-27.6887,-105.2895,-0.1512,-0.6687,-0.7280,0.9980,160,26.813036,2.2183,0.4590
BiancaGolden_CircleTurns,22.2403,46.0058,197.4782,-2.6680,-27.4114,-106.1961,-0.1691,-0.6989,-0.6950,0.9980,161,26.840672,2.2224,0.4601
BiancaGolden_CircleTurns,22.6482,46.2195,197.4904,-2.2198,-27.0180,-107.1754,-0.1639,-0.6580,-0.7350,0.9980,161,26.868708,2.2265,0.4622
BiancaGolden_CircleTurns,23.0524,46.4578,197.5060,-1.6669,-26.9576,-108.1800,-0.1715,-0.6322,-0.7556,0.9980,162,26.896379,2.2305,0.4646
BiancaGolden_CircleTurns,23.4799,46.7638,197.4053,-1.0551,-26.9118,-109.0621,-0.1759,-0.5457,-0.8193,0.9980,162,26.924551,2.2348,0.4676
BiancaGolden_CircleTurns,23.8517,47.1160,197.2255,-0.5069,-26.6719,-110.0295,-0.1893,-0.5405,-0.8197,0.9980,163,26.952183,2.2385,0.4712
BiancaGolden_CircleTurns,24.1782,47.4721,197.1350,0.0424,-26.6981,-111.0102,-0.2095,-0.5368,-0.8173,0.9980,163,26.980125,2.2418,0.4747
BiancaGolden_CircleTurns,24.4972,47.8483,197.1886,0.5739,-27.1794,-111.8564,-0.2074,-0.5131,-0.8329,0.9980,164,27.007528,2.2450,0.4785
BiancaGolden_CircleTurns,24.8050,48.3813,197.2885,1.3540,-28.1075,-112.2494,-0.1912,-0.5126,-0.8371,0.9980,164,27.035904,2.2480,0.4838
BiancaGolden_CircleTurns,24.9837,48.7577,197.6965,1.9126,-28.5648,-112.2711,-0.2131,-0.5453,-0.8107,0.9980,165,27.063534,2.2498,0.4876
BiancaGolden_CircleTurns,25.1014,49.0288,198.1291,1.9605,-27.8398,-112.2860,-0.2184,-0.5701,-0.7920,0.9980,165,27.091612,2.2510,0.4903
BiancaGolden_CircleTurns,25.1832,49.3829,198.4325,1.9283,-26.6594,-112.1301,-0.2202,-0.5940,-0.7737,0.9980,166,27.119352,2.2518,0.4938
BiancaGolden_CircleTurns,25.2680,49.7042,198.6228,1.6692,-25.8507,-112.0114,-0.1982,-0.6018,-0.7737,0.9980,166,27.147844,2.2527,0.4970
BiancaGolden_CircleTurns,25.3030,49.9697,198.7592,1.4475,-25.2523,-111.7773,-0.2004,-0.6038,-0.7715,0.9980,167,27.175285,2.2530,0.4997
BiancaGolden_CircleTurns,25.2661,50.2192,198.7791,1.4977,-24.7648,-111.4963,-0.1998,-0.6043,-0.7713,0.9980,167,27.203260,2.2527,0.5022
BiancaGolden_CircleTurns,25.1839,50.4422,198.7247,1.5077,-24.4457,-111.2707,-0.1955,-0.5923,-0.7817,0.9980,168,27.230898,2.2518,0.5044
BiancaGolden_CircleTurns,25.0032,50.6430,198.6416,1.5589,-24.3602,-111.0091,-0.1873,-0.5911,-0.7845,0.9980,168,27.258896,2.2500,0.5064
BiancaGolden_CircleTurns,24.7290,50.8188,198.5418,1.7414,-24.3245,-110.5996,-0.1811,-0.5922,-0.7852,0.9980,169,27.286644,2.2473,0.5082
BiancaGolden_CircleTurns,24.3547,51.0026,198.4422,1.9841,-24.3182,-110.0230,-0.1732,-0.5926,-0.7866,0.9980,169,27.317442,2.2435,0.5100
BiancaGolden_CircleTurns,23.9160,51.1944,198.3900,2.0507,-24.4510,-109.2641,-0.1746,-0.5937,-0.7855,0.9980,170,27.343056,2.2392,0.5119
BiancaGolden_CircleTurns,23.3734,51.4615,198.3159,2.1639,-24.7179,-108.3365,-0.1625,-0.5928,-0.7888,0.9980,170,27.370136,2.2337,0.5146
BiancaGolden_CircleTurns,22.7560,51.7839,198.2485,2.1436,-25.0189,-107.3058,-0.1494,-0.5859,-0.7965,0.9980,171,27.397591,2.2276,0.5178
BiancaGolden_CircleTurns,22.0017,52.0690,198.2354,2.0462,-24.9540,-106.2041,-0.1422,-0.5972,-0.7894,0.9980,171,27.425276,2.2200,0.5207
BiancaGolden_CircleTurns,21.1030,52.3596,198.2050,1.9052,-24.4410,-105.1244,-0.1381,-0.6140,-0.7771,0.9980,172,27.453053,2.2110,0.5236
BiancaGolden_CircleTurns,20.0800,52.7014,198.1299,1.8540,-24.0219,-104.0432,-0.1361,-0.6009,-0.7876,0.9980,172,27.481369,2.2008,0.5270
BiancaGolden_CircleTurns,18.9180,53.0285,198.0570,1.9189,-23.9789,-103.0085,-0.1320,-0.5988,-0.7900,0.9980,173,27.509468,2.1892,0.5303
BiancaGolden_CircleTurns,17.6390,53.3991,197.9018,1.8774,-24.0723,-102.0188,-0.1343,-0.5928,-0.7940,0.9980,173,27.537769,2.1764,0.5340
BiancaGolden_CircleTurns,16.2707,53.7685,197.6637,1.8702,-24.2341,-101.0961,-0.1260,-0.5862,-0.8003,0.9980,174,27.565292,2.1627,0.5377
BiancaGolden_CircleTurns,14.8330,54.1190,197.4931,1.8640,-24.5002,-100.0545,-0.1075,-0.5834,-0.8050,0.9980,174,27.593378,2.1483,0.5412
BiancaGolden_CircleTurns,13.3029,54.2451,197.6437,1.8776,-24.9191,-98.9001,-0.0924,-0.5830,-0.8072,0.9980,175,27.620939,2.1330,0.5425
BiancaGolden_CircleTurns,11.7206,54.4101,197.5802,1.8525,-25.1333,-97.7416,-0.0858,-0.5877,-0.8045,0.9980,175,27.649479,2.1172,0.5441
BiancaGolden_CircleTurns,10.0879,54.4929,197.5322,1.8764,-25.0319,-96.6410,-0.0735,-0.5913,-0.8031,0.9980,176,27.676937,2.1009,0.5449
BiancaGolden_CircleTurns,8.4284,54.6241,197.4096,1.7465,-24.9597,-95.5398,-0.0646,-0.5823,-0.8104,0.9980,176,27.704828,2.0843,0.5462
BiancaGolden_CircleTurns,6.7892,54.7884,197.3038,1.2243,-25.2817,-94.6888,-0.0521,-0.5853,-0.8092,0.9980,177,27.732052,2.0679,0.5479
BiancaGolden_CircleTurns,5.1109,54.9200,197.2218,0.8623,-25.7466,-94.0867,-0.0446,-0.5794,-0.8138,0.9980,177,27.760511,2.0511,0.5492
BiancaGolden_CircleTurns,3.4709,54.9558,197.1846,0.6487,-25.8245,-93.7561,-0.0442,-0.5812,-0.8126,0.9980,178,27.787914,2.0347,0.5496
BiancaGolden_CircleTurns,1.8518,54.9605,197.0715,0.3816,-25.6839,-93.6029,-0.0507,-0.5726,-0.8182,0.9980,178,27.816055,2.0185,0.5496
BiancaGolden_CircleTurns,0.2890,55.0414,197.1205,-0.3095,-26.1026,-94.1429,-0.1298,-0.5736,-0.8088,0.9980,179,27.843498,2.0029,0.5504
BiancaGolden_CircleTurns,-1.2358,55.1211,197.2890,-1.3253,-27.0928,-95.3759,-0.1774,-0.5671,-0.8043,0.9980,179,27.871651,1.9876,0.5512
BiancaGolden_CircleTurns,-2.7083,55.1800,197.5612,-2.7934,-26.9510,-96.9702,-0.2712,-0.5923,-0.7587,0.9980,180,27.899033,1.9729,0.5518
BiancaGolden_CircleTurns,-4.0840,55.1744,197.9642,-4.3958,-25.8323,-98.5593,-0.3331,-0.6275,-0.7038,0.9980,180,27.927269,1.9592,0.5517
BiancaGolden_CircleTurns,-5.2934,55.2293,198.3414,-5.4532,-24.2979,-99.8051,-0.3264,-0.6627,-0.6740,0.9980,181,27.955078,1.9471,0.5523
BiancaGolden_CircleTurns,-6.2011,55.3548,198.6656,-5.8559,-23.2550,-100.4503,-0.2885,-0.6878,-0.6661,0.9980,181,27.982649,1.9380,0.5535
BiancaGolden_CircleTurns,-6.8412,55.5268,198.8630,-6.1574,-22.9626,-100.4843,-0.2719,-0.6944,-0.6662,0.9980,182,28.010147,1.9316,0.5553
BiancaGolden_CircleTurns,-7.2672,55.6179,199.0193,-6.1647,-23.1086,-99.9464,-0.2585,-0.7014,-0.6642,0.9980,182,28.038706,1.9273,0.5562
BiancaGolden_CircleTurns,-7.5708,55.6329,199.2080,-6.2120,-22.9403,-99.2577,-0.2221,-0.7008,-0.6779,0.9980,183,28.066265,1.9243,0.5563
BiancaGolden_CircleTurns,-7.6918,55.7241,199.2671,-6.0740,-22.6521,-98.1737,-0.0938,-0.7369,-0.6695,0.9980,183,28.094255,1.9231,0.5572
BiancaGolden_CircleTurns,-7.6565,55.8741,199.2639,-6.1399,-22.4134,-96.7671,0.0156,-0.7565,-0.6538,0.9980,184,28.121721,1.9234,0.5587
BiancaGolden_CircleTurns,-7.5750,55.9788,199.3008,-6.3930,-21.9936,-95.6606,0.1164,-0.7570,-0.6429,0.9980,184,28.152361,1.9243,0.5598
BiancaGolden_CircleTurns,-7.4750,56.1012,199.3503,-6.1915,-21.3738,-95.3265,0.1096,-0.7548,-0.6467,0.9980,185,28.178339,1.9253,0.5610
BiancaGolden_CircleTurns,-7.2340,56.2917,199.3835,-6.1818,-21.0777,-95.5394,0.0938,-0.7517,-0.6528,0.9980,185,28.204784,1.9277,0.5629
BiancaGolden_CircleTurns,-7.0284,56.2040,199.7949,-6.1176,-20.9406,-95.7224,0.0821,-0.7403,-0.6673,0.9980,186,28.232437,1.9297,0.5620
BiancaGolden_CircleTurns,-6.8230,56.2570,199.9349,-5.8267,-20.5377,-96.0403,0.0727,-0.7403,-0.6684,0.9980,186,28.260347,1.9318,0.5626
BiancaGolden_CircleTurns,-6.6375,56.5037,199.7923,-4.9995,-20.4239,-96.1664,0.0615,-0.7359,-0.6743,0.9980,187,28.288048,1.9336,0.5650
BiancaGolden_CircleTurns,-6.5199,56.6166,199.8586,-4.4458,-20.3427,-96.2276,0.0538,-0.7354,-0.6755,0.9980,187,28.316269,1.9348,0.5662
BiancaGolden_CircleTurns,-6.5048,56.7394,199.8938,-4.2892,-20.0293,-96.3858,0.0432,-0.7323,-0.6796,0.9980,188,28.344084,1.9350,0.5674
BiancaGolden_CircleTurns,-6.6292,56.9764,199.8326,-3.9606,-20.0474,-96.5244,0.0365,-0.7277,-0.6849,0.9980,188,28.372322,1.9337,0.5698
BiancaGolden_CircleTurns,-6.9529,57.1571,199.9651,-3.6787,-20.4101,-96.8517,-0.0142,-0.7285,-0.6849,0.9980,189,28.400249,1.9305,0.5716
BiancaGolden_CircleTurns,-7.3759,57.2420,200.1049,-3.3237,-20.3648,-97.2598,-0.0851,-0.8028,-0.5901,0.9980,189,28.428467,1.9262,0.5724
BiancaGolden_CircleTurns,-7.8803,57.2550,200.2920,-3.0334,-19.8068,-97.3819,0.0110,-0.7908,-0.6119,0.9980,190,28.456234,1.9212,0.5725
BiancaGolden_CircleTurns,-8.3679,57.3307,200.2919,-3.2429,-19.2810,-97.1459,0.0605,-0.7639,-0.6425,0.9980,190,28.483829,1.9163,0.5733
BiancaGolden_CircleTurns,-8.9035,57.3326,200.3436,-3.6983,-19.0312,-96.4321,0.1260,-0.7060,-0.6969,0.9980,191,28.511440,1.9110,0.5733
BiancaGolden_CircleTurns,-9.5042,57.2818,200.2997,-4.0517,-18.8503,-95.4089,0.1534,-0.7012,-0.6963,0.9980,191,28.539917,1.9050,0.5728
BiancaGolden_CircleTurns,-10.1724,57.1621,200.1526,-3.9792,-18.8323,-94.1514,0.1755,-0.6972,-0.6951,0.9980,192,28.567533,1.8983,0.5716
BiancaGolden_CircleTurns,-10.9322,56.9527,199.9986,-4.0256,-18.9655,-92.8575,0.1684,-0.6990,-0.6950,0.9980,192,28.595711,1.8907,0.5695
BiancaGolden_CircleTurns,-11.8697,56.6251,199.7607,-4.1862,-19.0700,-91.7945,0.1811,-0.6961,-0.6947,0.9980,193,28.623224,1.8813,0.5663
BiancaGolden_CircleTurns,-12.9336,56.1469,199.5867,-4.1351,-19.1813,-90.9847,0.1930,-0.7052,-0.6822,0.9980,193,28.651237,1.8707,0.5615
BiancaGolden_CircleTurns,-14.0575,55.5609,199.3730,-3.7938,-19.2218,-90.0697,0.2027,-0.6967,-0.6881,0.9980,194,28.679600,1.8594,0.5556
BiancaGolden_CircleTurns,-15.2395,54.9873,199.0450,-3.3064,-19.5569,-88.8008,0.2122,-0.6857,-0.6963,0.9980,194,28.707190,1.8476,0.5499
BiancaGolden_CircleTurns,-16.4603,54.4019,198.7771,-2.8242,-20.0560,-87.4092,0.2186,-0.6683,-0.7110,0.9980,195,28.734671,1.8354,0.5440
BiancaGolden_CircleTurns,-17.7184,53.7321,198.6368,-2.4384,-20.8568,-85.8490,0.2218,-0.6650,-0.7132,0.9980,195,28.763102,1.8228,0.5373
BiancaGolden_CircleTurns,-19.0358,53.0228,198.6306,-1.9705,-21.7525,-84.0269,0.2372,-0.6547,-0.7177,0.9980,196,28.790169,1.8096,0.5302
BiancaGolden_CircleTurns,-20.3237,52.2974,198.6374,-1.6858,-22.4890,-82.1013,0.2549,-0.6499,-0.7160,0.9980,196,28.818396,1.7968,0.5230
BiancaGolden_CircleTurns,-21.5880,51.7163,198.4690,-1.5885,-23.1713,-80.2801,0.2717,-0.6339,-0.7241,0.9980,197,28.846087,1.7841,0.5172
BiancaGolden_CircleTurns,-22.8396,51.1371,198.3616,-1.2793,-23.9368,-78.6183,0.2834,-0.6182,-0.7332,0.9980,197,28.873943,1.7716,0.5114
BiancaGolden_CircleTurns,-24.0703,50.6068,198.1800,-0.7547,-24.3184,-77.0781,0.2674,-0.5810,-0.7688,0.9980,198,28.901262,1.7593,0.5061
BiancaGolden_CircleTurns,-25.2275,50.1054,197.9899,-0.5082,-24.6875,-75.7303,0.2661,-0.5764,-0.7727,0.9980,198,28.929607,1.7477,0.5011
BiancaGolden_CircleTurns,-26.2447,49.6296,197.9038,-0.9252,-24.9832,-74.6232,0.2727,-0.5825,-0.7657,0.9980,199,28.957260,1.7376,0.4963
BiancaGolden_CircleTurns,-27.2030,49.2740,197.8334,-1.3499,-25.4106,-73.6235,0.2718,-0.5737,-0.7727,0.9980,199,28.987823,1.7280,0.4927
BiancaGolden_CircleTurns,-28.0771,48.9359,197.8778,-1.2631,-25.9710,-72.7485,0.2796,-0.5673,-0.7746,0.9980,200,29.013474,1.7192,0.4894
BiancaGolden_CircleTurns,-28.8331,48.6391,197.9561,-1.3690,-26.4889,-71.9551,0.2765,-0.5680,-0.7752,0.9980,200,29.040359,1.7117,0.4864
BiancaGolden_CircleTurns,-29.4403,48.4395,198.0394,-1.4092,-26.9661,-71.2681,0.2798,-0.5647,-0.7764,0.9980,201,29.068531,1.7056,0.4844
BiancaGolden_CircleTurns,-29.9396,48.2918,198.1510,-1.2951,-27.2757,-70.4699,0.2914,-0.5577,-0.7772,0.9980,201,29.096395,1.7006,0.4829
BiancaGolden_CircleTurns,-30.3677,48.2510,198.1507,-0.9079,-27.4412,-69.5435,0.2958,-0.5525,-0.7793,0.9980,202,29.124266,1.6963,0.4825
BiancaGolden_CircleTurns,-30.7274,48.2813,198.1328,-0.4890,-27.7187,-68.5581,0.3033,-0.5560,-0.7739,0.9980,202,29.152487,1.6927,0.4828
BiancaGolden_CircleTurns,-31.0252,48.3289,198.1166,-0.4186,-27.9493,-67.5673,0.3073,-0.5610,-0.7686,0.9980,203,29.180597,1.6897,0.4833
BiancaGolden_CircleTurns,-31.2780,48.4318,198.0609,-0.3547,-28.0521,-66.7310,0.3126,-0.5510,-0.7737,0.9980,203,29.208897,1.6872,0.4843
BiancaGolden_CircleTurns,-31.4854,48.5598,198.0174,-0.4049,-28.0087,-65.9645,0.3154,-0.5570,-0.7683,0.9980,204,29.236101,1.6851,0.4856
BiancaGolden_CircleTurns,-31.6342,48.7372,197.8813,-0.4949,-27.8891,-65.3632,0.3136,-0.5634,-0.7644,0.9980,204,29.264084,1.6837,0.4874
BiancaGolden_CircleTurns,-31.7335,48.9209,197.7827,-0.5621,-27.8693,-65.0477,0.3154,-0.5616,-0.7649,0.9980,205,29.291901,1.6827,0.4892
BiancaGolden_CircleTurns,-31.7477,49.1042,197.6819,-0.6793,-27.9250,-64.9053,0.3031,-0.5652,-0.7673,0.9980,205,29.320230,1.6825,0.4910
BiancaGolden_CircleTurns,-31.6980,49.2269,197.6833,-0.8879,-28.0805,-64.8916,0.3029,-0.5631,-0.7689,0.9980,206,29.347992,1.6830,0.4923
BiancaGolden_CircleTurns,-31.5494,49.1272,197.9233,-1.0846,-28.3866,-64.8596,0.3059,-0.5665,-0.7652,0.9980,206,29.376041,1.6845,0.4913
BiancaGolden_CircleTurns,-31.5215,49.2798,197.4945,-1.1214,-28.1253,-64.9443,0.2881,-0.5432,-0.7886,0.9980,207,29.403809,1.6848,0.4928
BiancaGolden_CircleTurns,-31.5442,49.4083,197.1811,-0.7840,-28.2220,-64.9634,0.2802,-0.5285,-0.8014,0.9980,207,29.432310,1.6846,0.4941
BiancaGolden_CircleTurns,-31.5683,49.3574,197.2847,-0.4712,-28.7476,-64.8850,0.2796,-0.5196,-0.8074,0.9980,208,29.459433,1.6843,0.4936
BiancaGolden_CircleTurns,-31.6550,49.3931,197.3204,-0.5834,-29.3315,-64.6466,0.2915,-0.5173,-0.8046,0.9980,208,29.487423,1.6835,0.4939
BiancaGolden_CircleTurns,-31.8218,49.3329,197.3827,-0.4395,-29.4427,-64.2489,0.2950,-0.5232,-0.7995,0.9980,209,29.515516,1.6818,0.4933
BiancaGolden_CircleTurns,-31.9958,49.1626,197.5225,-0.0495,-28.9272,-63.9307,0.3048,-0.5357,-0.7875,0.9980,209,29.543486,1.6800,0.4916
BiancaGolden_CircleTurns,-32.2568,49.0641,197.5814,0.0187,-28.6824,-63.4264,0.3084,-0.5287,-0.7908,0.9980,210,29.570988,1.6774,0.4906
BiancaGolden_CircleTurns,-32.5302,48.9258,197.6234,-0.0449,-28.9156,-62.8679,0.3192,-0.5181,-0.7935,0.9980,210,29.599142,1.6747,0.4893
BiancaGolden_CircleTurns,-32.8392,48.7228,197.5850,-0.1127,-29.0969,-62.1776,0.3261,-0.5118,-0.7948,0.9980,211,29.626986,1.6716,0.4872
BiancaGolden_CircleTurns,-33.2169,48.4696,197.4929,-0.0610,-29.2182,-61.2795,0.3333,-0.5122,-0.7916,0.9980,211,29.655170,1.6678,0.4847
BiancaGolden_CircleTurns,-33.6887,48.1966,197.3078,0.1753,-29.1919,-60.2482,0.3358,-0.5123,-0.7904,0.9980,212,29.683060,1.6631,0.4820
BiancaGolden_CircleTurns,-34.2590,47.8944,197.1771,0.5118,-29.2350,-58.8924,0.3459,-0.5035,-0.7917,0.9980,212,29.710751,1.6574,0.4789
BiancaGolden_CircleTurns,-34.9780,47.6729,196.9342,0.5073,-29.3551,-57.3087,0.3599,-0.4919,-0.7928,0.9980,213,29.738491,1.6502,0.4767
BiancaGolden_CircleTurns,-35.8173,47.4310,196.7010,0.5003,-29.4036,-55.6071,0.3615,-0.4750,-0.8023,0.9980,213,29.766705,1.6418,0.4743
BiancaGolden_CircleTurns,-36.7548,47.1506,196.5283,0.4465,-29.3340,-53.7409,0.3780,-0.4641,-0.8011,0.9980,214,29.794298,1.6325,0.4715
BiancaGolden_CircleTurns,-37.8290,46.7812,196.4212,0.6359,-29.2116,-51.7107,0.3890,-0.4561,-0.8004,0.9980,214,29.824947,1.6217,0.4678
BiancaGolden_CircleTurns,-38.9796,46.3087,196.3953,0.9156,-29.1510,-49.5987,0.4020,-0.3652,-0.8397,0.9980,215,29.850920,1.6102,0.4631
BiancaGolden_CircleTurns,-40.0535,45.5673,196.7714,1.1160,-29.5645,-47.4081,0.4198,-0.3423,-0.8406,0.9980,215,29.877583,1.5995,0.4557
BiancaGolden_CircleTurns,-41.1691,44.8410,196.8987,0.8125,-29.5850,-45.4242,0.4376,-0.3231,-0.8391,0.9980,216,29.905018,1.5883,0.4484
BiancaGolden_CircleTurns,-42.3657,44.2211,196.6864,0.1945,-29.5037,-43.7550,0.4456,-0.3274,-0.8332,0.9980,216,29.933094,1.5763,0.4422
BiancaGolden_CircleTurns,-43.4416,43.5389,196.7895,-0.1309,-29.5346,-42.2724,0.4572,-0.3184,-0.8304,0.9980,217,29.960781,1.5656,0.4354
BiancaGolden_CircleTurns,-44.5589,42.9488,196.6178,-0.0071,-29.5860,-40.6739,0.4640,-0.3177,-0.8269,0.9980,217,29.988762,1.5544,0.4295
BiancaGolden_CircleTurns,-45.5265,42.3142,196.5732,0.3306,-29.3580,-39.1309,0.4699,-0.3220,-0.8219,0.9980,218,30.016626,1.5447,0.4231
BiancaGolden_CircleTurns,-46.4156,41.6855,196.5269,0.6402,-28.9786,-37.7678,0.4754,-0.3145,-0.8216,0.9980,218,30.044739,1.5358,0.4169
BiancaGolden_CircleTurns,-47.2328,41.1200,196.5443,0.9199,-28.9965,-36.4721,0.4714,-0.2981,-0.8300,0.9980,219,30.072563,1.5277,0.4112
BiancaGolden_CircleTurns,-47.9854,40.6065,196.5619,1.1003,-29.2320,-35.2038,0.4561,-0.2972,-0.8388,0.9980,219,30.100586,1.5201,0.4061
BiancaGolden_CircleTurns,-48.6530,40.1453,196.7542,1.0255,-29.5663,-33.9927,0.4714,-0.2799,-0.8363,0.9980,220,30.128313,1.5135,0.4015
BiancaGolden_CircleTurns,-49.2341,39.7620,196.9720,0.6359,-29.9588,-33.0055,0.4697,-0.2687,-0.8409,0.9980,220,30.156374,1.5077,0.3976
BiancaGolden_CircleTurns,-49.8058,39.4843,197.0802,0.3480,-30.0967,-32.1883,0.4690,-0.2737,-0.8397,0.9980,221,30.183960,1.5019,0.3948
BiancaGolden_CircleTurns,-50.2949,39.2725,197.2271,0.1030,-29.9573,-31.4642,0.4794,-0.2787,-0.8322,0.9980,221,30.211823,1.4971,0.3927
BiancaGolden_CircleTurns,-50.7698,39.1927,197.2694,-0.1114,-29.7988,-30.7916,0.4838,-0.2733,-0.8314,0.9980,222,30.239573,1.4923,0.3919
BiancaGolden_CircleTurns,-51.1708,39.1646,197.3370,-0.2034,-29.7224,-30.0191,0.4886,-0.2692,-0.8299,0.9980,222,30.267672,1.4883,0.3916
BiancaGolden_CircleTurns,-51.5648,39.2087,197.3663,-0.2539,-29.6274,-29.2974,0.4926,-0.2647,-0.8290,0.9980,223,30.295301,1.4844,0.3921
BiancaGolden_CircleTurns,-51.9234,39.3265,197.3303,-0.2890,-29.5319,-28.7184,0.4861,-0.2662,-0.8324,0.9980,223,30.323666,1.4808,0.3933
BiancaGolden_CircleTurns,-52.2035,39.4653,197.3178,-0.4312,-29.4018,-28.3880,0.4857,-0.2704,-0.8313,0.9980,224,30.351053,1.4780,0.3947
BiancaGolden_CircleTurns,-52.4446,39.6521,197.2601,-0.5707,-29.2525,-28.2924,0.4819,-0.2693,-0.8338,0.9980,224,30.379250,1.4756,0.3965
BiancaGolden_CircleTurns,-52.6220,39.8853,197.2475,-0.5681,-29.2356,-28.2712,0.4684,-0.2705,-0.8411,0.9980,225,30.407209,1.4738,0.3989
BiancaGolden_CircleTurns,-52.6933,40.1638,197.2520,-0.5960,-29.3753,-28.3282,0.4666,-0.2684,-0.8428,0.9980,225,30.435671,1.4731,0.4016
BiancaGolden_CircleTurns,-52.6863,40.4251,197.2858,-0.7306,-29.3933,-28.4796,0.4709,-0.2695,-0.8400,0.9980,226,30.463329,1.4731,0.4043
BiancaGolden_CircleTurns,-52.4441,40.5759,197.6107,-1.0789,-29.4895,-28.7075,0.4736,-0.2699,-0.8384,0.9980,226,30.490879,1.4756,0.4058
BiancaGolden_CircleTurns,-52.3360,40.7962,197.7496,-1.4745,-29.5254,-28.9359,0.5056,-0.2144,-0.8357,0.9980,227,30.518761,1.4766,0.4080
BiancaGolden_CircleTurns,-52.4699,41.1264,197.5709,-1.3901,-29.7522,-28.9488,0.5032,-0.2125,-0.8376,0.9980,227,30.546976,1.4753,0.4113
BiancaGolden_CircleTurns,-52.6111,41.4234,197.3697,-1.2212,-29.9374,-28.7510,0.4963,-0.2212,-0.8395,0.9980,228,30.574852,1.4739,0.4142
BiancaGolden_CircleTurns,-52.6677,41.5762,197.4059,-1.2735,-29.8108,-28.6628,0.4983,-0.2211,-0.8383,0.9980,228,30.602600,1.4733,0.4158
BiancaGolden_CircleTurns,-52.8699,41.7083,197.4037,-1.3831,-29.7001,-28.8131,0.5012,-0.2231,-0.8361,0.9980,229,30.630896,1.4713,0.4171
BiancaGolden_CircleTurns,-53.1787,41.8537,197.2886,-1.1225,-29.9161,-28.9007,0.4852,-0.2173,-0.8470,0.9980,229,30.661375,1.4682,0.4185
BiancaGolden_CircleTurns,-53.4763,41.9186,197.3429,-0.8898,-30.1869,-28.8300,0.4869,-0.2202,-0.8453,0.9980,230,30.686625,1.4652,0.4192
BiancaGolden_CircleTurns,-53.8329,41.9145,197.4285,-0.6416,-30.3086,-28.6470,0.4895,-0.2169,-0.8446,0.9980,230,30.713423,1.4617,0.4191
BiancaGolden_CircleTurns,-54.3601,41.9393,197.4479,-0.5546,-30.3578,-28.4110,0.4910,-0.2080,-0.8460,0.9980,231,30.741016,1.4564,0.4194
BiancaGolden_CircleTurns,-54.9593,41.9491,197.4739,-0.6702,-30.5488,-28.1600,0.4920,-0.2140,-0.8439,0.9980,231,30.769199,1.4504,0.4195
BiancaGolden_CircleTurns,-55.5790,41.8918,197.5230,-0.8097,-30.4129,-27.8043,0.4983,-0.2122,-0.8406,0.9980,232,30.797735,1.4442,0.4189
BiancaGolden_CircleTurns,-56.2430,41.8005,197.5383,-0.7554,-29.9932,-27.2831,0.5053,-0.2086,-0.8374,0.9980,232,30.825430,1.4376,0.4180
BiancaGolden_CircleTurns,-56.9669,41.6509,197.5251,-0.7039,-29.6428,-26.5864,0.5056,-0.2190,-0.8345,0.9980,233,30.852989,1.4303,0.4165
BiancaGolden_CircleTurns,-57.7663,41.4290,197.4606,-0.5600,-29.4288,-25.8079,0.5067,-0.2110,-0.8359,0.9980,233,30.880838,1.4223,0.4143
BiancaGolden_CircleTurns,-58.6644,41.1503,197.3510,-0.4272,-29.2676,-24.8904,0.5027,-0.2034,-0.8402,0.9980,234,30.908468,1.4134,0.4115
BiancaGolden_CircleTurns,-59.6127,40.8119,197.2492,-0.3605,-29.0078,-23.8848,0.5057,-0.2035,-0.8384,0.9980,234,30.936678,1.4039,0.4081
BiancaGolden_CircleTurns,-60.6388,40.3490,197.1494,-0.1922,-28.7156,-22.7291,0.5143,-0.1970,-0.8347,0.9980,235,30.964426,1.3936,0.4035
BiancaGolden_CircleTurns,-61.6910,39.8033,197.0789,0.0243,-28.3276,-21.5354,0.5112,-0.1923,-0.8377,0.9980,235,30.992399,1.3831,0.3980
BiancaGolden_CircleTurns,-62.8042,39.2000,196.9585,0.1633,-27.8692,-20.3897,0.5145,-0.1908,-0.8360,0.9980,236,31.019812,1.3720,0.3920
BiancaGolden_CircleTurns,-64.0067,38.5134,196.8152,0.1839,-27.4888,-19.3035,0.5149,-0.1940,-0.8350,0.9980,236,31.048136,1.3599,0.3851
BiancaGolden_CircleTurns,-65.2225,37.7471,196.7369,0.3715,-27.4031,-18.2798,0.5142,-0.1872,-0.8370,0.9980,237,31.075703,1.3478,0.3775
BiancaGolden_CircleTurns,-66.4260,36.9308,196.7019,0.5923,-27.6222,-17.4197,0.5116,-0.1780,-0.8406,0.9980,237,31.103878,1.3357,0.3693
BiancaGolden_CircleTurns,-67.6320,36.0782,196.6704,0.7455,-27.7531,-16.6262,0.5117,-0.1751,-0.8411,0.9980,238,31.131386,1.3237,0.3608
BiancaGolden_CircleTurns,-68.8692,35.2226,196.5377,0.8205,-27.7850,-15.9368,0.5150,-0.1798,-0.8381,0.9980,238,31.159454,1.3113,0.3522
BiancaGolden_CircleTurns,-70.0611,34.3693,196.4500,0.8620,-27.6162,-15.3384,0.5205,-0.1778,-0.8352,0.9980,239,31.187056,1.2994,0.3437
BiancaGolden_CircleTurns,-71.1988,33.5043,196.4298,0.9961,-27.3340,-14.7935,0.5345,-0.1739,-0.8271,0.9980,239,31.214684,1.2880,0.3350
BiancaGolden_CircleTurns,-72.2382,32.6635,196.3426,1.0738,-26.8532,-14.3206,0.5412,-0.1715,-0.8232,0.9980,240,31.242373,1.2776,0.3266
BiancaGolden_CircleTurns,-73.1445,31.8428,196.3502,1.0666,-26.1712,-13.9201,0.5426,-0.1759,-0.8214,0.9980,240,31.270489,1.2686,0.3184
BiancaGolden_CircleTurns,-74.0198,31.0662,196.3514,1.1455,-25.7303,-13.5530,0.5807,-0.1799,-0.7940,0.9980,241,31.298164,1.2598,0.3107
BiancaGolden_CircleTurns,-74.8335,30.3282,196.5227,1.0384,-25.6901,-13.2321,0.6513,-0.2438,-0.7186,0.9980,241,31.326252,1.2517,0.3033
BiancaGolden_CircleTurns,-75.5986,29.6414,196.7739,0.6959,-26.0080,-12.9554,0.6945,-0.2680,-0.6677,0.9980,242,31.354235,1.2440,0.2964
BiancaGolden_CircleTurns,-76.2946,28.9773,197.0906,0.5331,-26.2734,-12.5695,0.7043,-0.2561,-0.6621,0.9980,242,31.381748,1.2371,0.2898
BiancaGolden_CircleTurns,-76.9399,28.3420,197.3828,0.4375,-26.2540,-12.1235,0.7392,-0.2448,-0.6274,0.9980,243,31.409523,1.2306,0.2834
BiancaGolden_CircleTurns,-77.4640,27.6859,197.6849,0.4848,-25.8704,-11.6448,0.7511,-0.2477,-0.6120,0.9980,243,31.438002,1.2254,0.2769
BiancaGolden_CircleTurns,-77.9869,27.0548,197.9208,0.2772,-25.3245,-11.2832,0.7662,-0.2424,-0.5952,0.9980,244,31.465092,1.2201,0.2705
BiancaGolden_CircleTurns,-78.4968,26.4619,198.0623,-0.1230,-24.8812,-11.0925,0.7811,-0.2244,-0.5827,0.9980,244,31.495800,1.2150,0.2646
BiancaGolden_CircleTurns,-78.9812,25.9004,198.1676,-0.6470,-24.5753,-11.1353,0.7809,-0.2130,-0.5873,0.9980,245,31.520929,1.2102,0.2590
BiancaGolden_CircleTurns,-79.4731,25.4086,198.2520,-1.0921,-24.3374,-11.3256,0.7823,-0.2140,-0.5850,0.9980,245,31.547579,1.2053,0.2541
BiancaGolden_CircleTurns,-79.9948,24.9913,198.2962,-1.4318,-24.1565,-11.5761,0.7786,-0.2051,-0.5931,0.9980,246,31.575167,1.2001,0.2499
BiancaGolden_CircleTurns,-80.5393,24.6864,198.2708,-1.9261,-24.2227,-11.9516,0.7702,-0.2069,-0.6033,0.9980,246,31.603174,1.1946,0.2469
BiancaGolden_CircleTurns,-81.0521,24.4614,198.2644,-2.4489,-24.2812,-12.4438,0.7694,-0.2056,-0.6048,0.9980,247,31.630898,1.1895,0.2446
BiancaGolden_CircleTurns,-81.5872,24.3476,198.2517,-2.9461,-24.2606,-13.1313,0.7626,-0.2076,-0.6126,0.9980,247,31.659189,1.1841,0.2435
BiancaGolden_CircleTurns,-82.1792,24.3695,198.2181,-3.4381,-24.3635,-13.9501,0.7425,-0.2887,-0.6045,0.9980,248,31.687441,1.1782,0.2437
BiancaGolden_CircleTurns,-82.7499,24.5485,198.2238,-3.7925,-24.4348,-14.6842,0.7405,-0.2964,-0.6031,0.9980,248,31.715593,1.1725,0.2455
BiancaGolden_CircleTurns,-83.2321,24.8190,198.3196,-3.9957,-24.3094,-15.3161,0.7396,-0.2895,-0.6076,0.9980,249,31.743282,1.1677,0.2482
BiancaGolden_CircleTurns,-83.5358,25.1465,198.5838,-4.0224,-24.0504,-15.9879,0.7461,-0.2839,-0.6023,0.9980,249,31.771200,1.1646,0.2515
BiancaGolden_CircleTurns,-83.8601,25.5654,198.5945,-3.7120,-23.5844,-16.6306,0.7481,-0.2920,-0.5960,0.9980,250,31.799509,1.1614,0.2557
BiancaGolden_CircleTurns,-84.1840,26.0089,198.5317,-3.0983,-23.1618,-17.1985,0.7442,-0.2995,-0.5970,0.9980,250,31.827374,1.1582,0.2601
BiancaGolden_CircleTurns,-84.5946,26.4821,198.2753,-2.2322,-23.0545,-17.5570,0.7419,-0.2999,-0.5997,0.9980,251,31.855011,1.1541,0.2648
BiancaGolden_CircleTurns,-84.9782,26.9029,198.0159,-1.6107,-23.2308,-17.9390,0.7396,-0.3057,-0.5996,0.9980,251,31.883121,1.1502,0.2690
BiancaGolden_CircleTurns,-85.3016,27.2922,197.7908,-1.4104,-23.2035,-18.4629,0.7368,-0.3043,-0.6037,0.9980,252,31.910633,1.1470,0.2729
BiancaGolden_CircleTurns,-85.6121,27.6899,197.6730,-1.0457,-23.3202,-18.8109,0.7279,-0.2920,-0.6204,0.9980,252,31.938932,1.1439,0.2769
BiancaGolden_CircleTurns,-86.1104,28.1509,197.4406,-0.7216,-23.8157,-18.8997,0.7197,-0.2860,-0.6326,0.9980,253,31.966707,1.1389,0.2815
BiancaGolden_CircleTurns,-86.6958,28.5999,197.3636,-0.4251,-24.7218,-18.8132,0.7170,-0.2781,-0.6392,0.9980,253,31.994532,1.1330,0.2860
BiancaGolden_CircleTurns,-87.2938,28.9946,197.4393,-0.0339,-25.6463,-18.5948,0.7239,-0.2737,-0.6333,0.9980,254,32.022419,1.1271,0.2899
BiancaGolden_CircleTurns,-87.9152,29.3475,197.4826,0.2352,-25.7971,-18.3258,0.7325,-0.2748,-0.6228,0.9980,254,32.050316,1.1208,0.2935
BiancaGolden_CircleTurns,-88.5180,29.6285,197.4723,0.4543,-25.1797,-18.1377,0.7402,-0.2766,-0.6129,0.9980,255,32.077728,1.1148,0.2963
BiancaGolden_CircleTurns,-89.2601,29.8776,197.3546,0.6132,-24.7540,-17.9354,0.7392,-0.2748,-0.6148,0.9980,255,32.105721,1.1074,0.2988
BiancaGolden_CircleTurns,-90.1122,30.0745,197.1733,0.8897,-24.8122,-17.6853,0.7345,-0.2757,-0.6201,0.9980,256,32.133602,1.0989,0.3007
BiancaGolden_CircleTurns,-91.0987,30.2446,197.0241,1.2136,-25.2300,-17.1917,0.7366,-0.2721,-0.6192,0.9980,256,32.161736,1.0890,0.3024
BiancaGolden_CircleTurns,-92.1354,30.3219,196.8734,1.5369,-25.3483,-16.4642,0.7458,-0.2614,-0.6127,0.9980,257,32.189388,1.0786,0.3032
BiancaGolden_CircleTurns,-93.1792,30.2460,196.7730,1.8738,-24.8928,-15.5974,0.7598,-0.2529,-0.5990,0.9980,257,32.217525,1.0682,0.3025
BiancaGolden_CircleTurns,-94.2563,30.0378,196.7222,2.2590,-24.1753,-14.6426,0.7685,-0.2500,-0.5890,0.9980,258,32.245209,1.0574,0.3004
BiancaGolden_CircleTurns,-95.4130,29.7300,196.5776,2.6981,-23.5318,-13.5918,0.7734,-0.2419,-0.5859,0.9980,258,32.273392,1.0459,0.2973
BiancaGolden_CircleTurns,-96.5644,29.2755,196.4665,3.2687,-23.0117,-12.3571,0.7763,-0.2322,-0.5860,0.9980,259,32.300972,1.0344,0.2928
BiancaGolden_CircleTurns,-97.7759,28.7277,196.2886,3.6757,-22.7017,-11.1372,0.7776,-0.2179,-0.5898,0.9980,259,32.331768,1.0222,0.2873
BiancaGolden_CircleTurns,-98.9718,28.0323,196.1674,3.9353,-22.7185,-9.9593,0.7603,-0.1601,-0.6296,0.9980,260,32.356972,1.0103,0.2803
BiancaGolden_CircleTurns,-100.2254,27.2826,196.0722,4.0521,-22.8080,-8.9547,0.7495,-0.1383,-0.6474,0.9980,260,32.384354,0.9977,0.2728
BiancaGolden_CircleTurns,-101.4805,26.4538,196.0571,3.8872,-22.9899,-8.0791,0.7483,-0.1223,-0.6520,0.9980,261,32.411419,0.9852,0.2645
BiancaGolden_CircleTurns,-102.5423,25.5892,196.3873,3.9567,-23.1884,-7.2470,0.7460,-0.1123,-0.6564,0.9980,261,32.439728,0.9746,0.2559
BiancaGolden_CircleTurns,-103.7753,24.7312,196.4731,3.7813,-23.1532,-6.5545,0.7505,-0.1039,-0.6527,0.9980,262,32.467300,0.9622,0.2473
BiancaGolden_CircleTurns,-104.9897,23.8982,196.4804,3.6361,-23.0146,-5.9335,0.7531,-0.1068,-0.6492,0.9980,262,32.495808,0.9501,0.2390
BiancaGolden_CircleTurns,-106.0767,23.0903,196.7038,3.6150,-22.8130,-5.2357,0.7537,-0.0985,-0.6498,0.9980,263,32.523529,0.9392,0.2309
BiancaGolden_CircleTurns,-107.0361,22.3383,196.9158,3.5592,-22.4897,-4.5276,0.7604,-0.0949,-0.6425,0.9980,263,32.551079,0.9296,0.2234
BiancaGolden_CircleTurns,-107.9451,21.6125,197.0641,3.7001,-21.9739,-3.8399,0.7683,-0.0885,-0.6339,0.9980,264,32.578690,0.9205,0.2161
BiancaGolden_CircleTurns,-108.7750,20.9155,197.1803,3.9727,-21.3524,-3.2059,0.7733,-0.0898,-0.6277,0.9980,264,32.607121,0.9122,0.2092
BiancaGolden_CircleTurns,-109.5205,20.2732,197.2608,4.1045,-20.8209,-2.7246,0.7735,-0.0879,-0.6277,0.9980,265,32.634686,0.9048,0.2027
BiancaGolden_CircleTurns,-110.1826,19.6939,197.5067,4.0670,-20.6660,-2.4331,0.7650,-0.0820,-0.6388,0.9980,265,32.662842,0.8982,0.1969
BiancaGolden_CircleTurns,-110.8158,19.1941,197.6959,4.0075,-20.5646,-2.1467,0.7637,-0.0769,-0.6410,0.9980,266,32.690277,0.8918,0.1919
BiancaGolden_CircleTurns,-111.4115,18.7739,197.9194,3.8737,-20.4841,-1.8169,0.7624,-0.0734,-0.6429,0.9980,266,32.718502,0.8859,0.1877
BiancaGolden_CircleTurns,-112.0117,18.4399,198.1923,3.5868,-20.6216,-1.6003,0.7621,-0.0792,-0.6426,0.9980,267,32.746227,0.8799,0.1844
BiancaGolden_CircleTurns,-112.5808,18.1413,198.4999,3.4775,-20.7767,-1.4764,0.7633,-0.0796,-0.6412,0.9980,267,32.773304,0.8742,0.1814
BiancaGolden_CircleTurns,-113.1651,17.9185,198.7775,3.5060,-20.6794,-1.4526,0.7668,-0.0784,-0.6371,0.9980,268,32.800961,0.8683,0.1792
BiancaGolden_CircleTurns,-113.7484,17.7601,199.0533,3.4264,-20.4179,-1.3979,0.7710,-0.0769,-0.6322,0.9980,268,32.829609,0.8625,0.1776
BiancaGolden_CircleTurns,-114.2464,17.6679,199.3671,3.3419,-19.7305,-1.4625,0.7872,-0.1211,-0.6047,0.9980,269,32.857536,0.8575,0.1767
BiancaGolden_CircleTurns,-114.7586,17.6414,199.5844,3.2913,-18.8130,-1.6578,0.8053,-0.1564,-0.5719,0.9980,269,32.885979,0.8524,0.1764
BiancaGolden_CircleTurns,-115.2737,17.7115,199.7459,3.2946,-18.1354,-1.8811,0.8182,-0.1607,-0.5520,0.9980,270,32.910934,0.8473,0.1771
BiancaGolden_CircleTurns,-115.7755,17.8612,199.8103,3.2726,-17.7052,-2.0608,0.8232,-0.1561,-0.5459,0.9980,270,32.939064,0.8422,0.1786
BiancaGolden_CircleTurns,-116.2209,18.0867,199.8315,3.1313,-17.3777,-2.3351,0.8248,-0.1653,-0.5407,0.9980,271,32.966927,0.8378,0.1809
BiancaGolden_CircleTurns,-116.6411,18.4038,199.7370,3.2093,-17.0846,-2.6246,0.8109,-0.1719,-0.5594,0.9980,271,32.995403,0.8336,0.1840
BiancaGolden_CircleTurns,-116.9698,18.8049,199.6505,3.2795,-16.9896,-3.0193,0.8018,-0.1707,-0.5727,0.9980,272,33.023338,0.8303,0.1880
BiancaGolden_CircleTurns,-117.2078,19.2688,199.6466,3.2985,-17.2065,-3.4869,0.7954,-0.1757,-0.5800,0.9980,272,33.051682,0.8279,0.1927
BiancaGolden_CircleTurns,-117.3025,19.8096,199.8493,3.2687,-17.5140,-4.0327,0.7976,-0.1823,-0.5750,0.9980,273,33.079601,0.8270,0.1981
BiancaGolden_CircleTurns,-117.6601,20.3454,199.5609,3.4802,-17.9735,-4.5124,0.7913,-0.1805,-0.5842,0.9980,273,33.107872,0.8234,0.2035
BiancaGolden_CircleTurns,-118.0295,20.8437,199.2820,4.4448,-18.6972,-4.6002,0.7884,-0.1832,-0.5873,0.9980,274,33.135468,0.8197,0.2084
BiancaGolden_CircleTurns,-118.2996,21.3464,199.2114,4.9580,-19.1830,-4.6406,0.7927,-0.1832,-0.5814,0.9980,274,33.165897,0.8170,0.2135
BiancaGolden_CircleTurns,-118.5368,21.7858,199.1316,5.1013,-19.2759,-4.8265,0.7998,-0.1803,-0.5726,0.9980,275,33.191158,0.8146,0.2179
BiancaGolden_CircleTurns,-118.8734,22.1452,198.8338,5.3175,-19.1219,-5.1315,0.8001,-0.1791,-0.5725,0.9980,275,33.218403,0.8113,0.2215
BiancaGolden_CircleTurns,-119.2315,22.4669,198.5494,5.5000,-19.0808,-5.4351,0.7945,-0.1895,-0.5770,0.9980,276,33.245983,0.8077,0.2247
BiancaGolden_CircleTurns,-119.6262,22.7631,198.5238,5.4635,-19.3290,-5.7783,0.7876,-0.1936,-0.5850,0.9980,276,33.273956,0.8037,0.2276
BiancaGolden_CircleTurns,-120.2312,22.9869,198.3810,5.5511,-19.9758,-6.2337,0.7812,-0.1942,-0.5933,0.9980,277,33.301643,0.7977,0.2299
BiancaGolden_CircleTurns,-120.9628,23.1716,198.1840,5.9526,-20.5996,-6.5676,0.7865,-0.1950,-0.5860,0.9980,277,33.329990,0.7904,0.2317
BiancaGolden_CircleTurns,-121.7006,23.3178,198.1711,6.0874,-20.7027,-6.8645,0.7967,-0.1948,-0.5721,0.9980,278,33.358040,0.7830,0.2332
BiancaGolden_CircleTurns,-122.4943,23.4396,198.3358,6.1669,-20.3877,-7.1414,0.8003,-0.1980,-0.5660,0.9980,278,33.386944,0.7751,0.2344
BiancaGolden_CircleTurns,-123.3763,23.5056,198.5217,6.3517,-19.9904,-7.1847,0.8043,-0.1909,-0.5627,0.9980,279,33.414429,0.7662,0.2351
BiancaGolden_CircleTurns,-124.3056,23.4977,198.6780,6.4738,-19.5899,-7.0973,0.8097,-0.1871,-0.5562,0.9980,279,33.441395,0.7569,0.2350
BiancaGolden_CircleTurns,-125.2878,23.3933,198.8120,6.7939,-19.1614,-6.6234,0.8148,-0.1814,-0.5506,0.9980,280,33.469086,0.7471,0.2339
BiancaGolden_CircleTurns,-126.3050,23.2122,198.9766,7.0208,-18.7946,-5.9011,0.8208,-0.1690,-0.5457,0.9980,280,33.497341,0.7369,0.2321
BiancaGolden_CircleTurns,-127.4132,22.8854,199.1007,7.2749,-18.4835,-4.9278,0.8209,-0.1545,-0.5498,0.9980,281,33.525146,0.7259,0.2289
BiancaGolden_CircleTurns,-128.5518,22.4585,199.2544,7.2290,-18.0665,-3.9270,0.8286,-0.1398,-0.5422,0.9980,281,33.553272,0.7145,0.2246
BiancaGolden_CircleTurns,-129.7113,21.8956,199.4898,7.2463,-17.5266,-2.8963,0.8396,-0.1317,-0.5270,0.9980,282,33.580921,0.7029,0.2190
BiancaGolden_CircleTurns,-130.9137,21.1724,199.6472,7.3494,-16.7948,-1.8623,0.8409,-0.1284,-0.5258,0.9980,282,33.609043,0.6909,0.2117
BiancaGolden_CircleTurns,-132.0449,20.2981,199.8057,7.6172,-15.9719,-0.8879,0.8493,-0.1179,-0.5146,0.9980,283,33.636646,0.6796,0.2030
BiancaGolden_CircleTurns,-133.1668,19.2562,199.9149,7.7880,-15.2391,-0.1013,0.8608,-0.1107,-0.4967,0.9980,283,33.664825,0.6683,0.1926
BiancaGolden_CircleTurns,-134.2412,18.0513,199.9819,7.9403,-14.7905,0.5625,0.8638,-0.1074,-0.4922,0.9980,284,33.692646,0.6576,0.1805
BiancaGolden_CircleTurns,-135.2658,16.7392,199.9873,7.9149,-14.5015,1.0712,0.8619,-0.1065,-0.4958,0.9980,284,33.720688,0.6473,0.1674
BiancaGolden_CircleTurns,-136.1079,15.3472,200.1467,7.8337,-14.5577,1.3873,0.8551,-0.1095,-0.5067,0.9980,285,33.748302,0.6389,0.1535
BiancaGolden_CircleTurns,-136.8503,13.9468,200.3385,7.5714,-14.3165,1.6091,0.8537,-0.1120,-0.5086,0.9980,285,33.776413,0.6315,0.1395
BiancaGolden_CircleTurns,-137.6924,12.4858,200.1333,7.1984,-14.2018,1.6486,0.8522,-0.1095,-0.5116,0.9980,286,33.804367,0.6231,0.1249
BiancaGolden_CircleTurns,-138.4579,11.1113,200.0996,6.6911,-14.3085,1.6529,0.8470,-0.1000,-0.5222,0.9980,286,33.831989,0.6154,0.1111
BiancaGolden_CircleTurns,-139.1795,9.7894,200.0310,6.1534,-14.3367,1.6494,0.8439,-0.0989,-0.5273,0.9980,287,33.859821,0.6082,0.0979
BiancaGolden_CircleTurns,-139.9041,8.5308,199.9568,5.8905,-14.4879,1.4769,0.8438,-0.1010,-0.5271,0.9980,287,33.888477,0.6010,0.0853
BiancaGolden_CircleTurns,-140.6203,7.3864,199.9564,5.7134,-14.9843,1.1886,0.8389,-0.1026,-0.5345,0.9980,288,33.915558,0.5938,0.0739
BiancaGolden_CircleTurns,-141.3341,6.3671,200.0055,5.3592,-15.4686,0.9594,0.8406,-0.0881,-0.5344,0.9980,288,33.943401,0.5867,0.0637
BiancaGolden_CircleTurns,-141.9935,5.4660,200.1447,4.8021,-15.6933,0.7696,0.8420,-0.0799,-0.5336,0.9980,289,33.971355,0.5801,0.0547
BiancaGolden_CircleTurns,-142.5605,4.6894,200.3544,4.2238,-15.6431,0.6545,0.8493,-0.0602,-0.5245,0.9980,289,34.002361,0.5744,0.0469
BiancaGolden_CircleTurns,-143.1682,4.0634,200.5610,3.6048,-15.5767,0.6431,0.8485,-0.0583,-0.5259,0.9980,290,34.027050,0.5683,0.0406
BiancaGolden_CircleTurns,-143.7804,3.5006,200.6417,3.1977,-15.6377,0.6374,0.8504,-0.0560,-0.5232,0.9980,290,34.053940,0.5622,0.0350
BiancaGolden_CircleTurns,-144.2623,3.0459,200.7940,2.9943,-15.5514,0.6411,0.8567,-0.0570,-0.5127,0.9980,291,34.081959,0.5574,0.0305
BiancaGolden_CircleTurns,-144.7127,2.6359,200.8651,2.8428,-15.2911,0.3799,0.8583,-0.0557,-0.5100,0.9980,291,34.109962,0.5529,0.0264
BiancaGolden_CircleTurns,-145.1833,2.3004,200.8357,2.8060,-15.3530,-0.0724,0.8552,-0.0645,-0.5143,0.9980,292,34.137585,0.5482,0.0230
BiancaGolden_CircleTurns,-145.5720,2.0401,200.8269,2.7852,-15.5862,-0.6644,0.8511,-0.0796,-0.5189,0.9980,292,34.166145,0.5443,0.0204
BiancaGolden_CircleTurns,-145.8540,1.8192,200.7656,2.6686,-15.6033,-1.5460,0.8241,-0.2118,-0.5253,0.9980,293,34.194065,0.5415,0.0182
BiancaGolden_CircleTurns,-146.1401,1.6235,200.6615,2.5401,-15.6893,-2.7521,0.7665,-0.3823,-0.5161,0.9980,293,34.222099,0.5386,0.0162
BiancaGolden_CircleTurns,-146.3019,1.4771,200.7956,2.4465,-15.6552,-4.4180,0.7375,-0.4472,-0.5061,0.9980,294,34.249485,0.5370,0.0148
BiancaGolden_CircleTurns,-146.4889,1.3826,200.8471,2.1918,-15.5203,-6.2663,0.7059,-0.5234,-0.4772,0.9980,294,34.277512,0.5351,0.0138
BiancaGolden_CircleTurns,-146.6754,1.2857,201.1034,2.2001,-15.5152,-8.2242,0.6993,-0.5304,-0.4792,0.9980,295,34.305210,0.5332,0.0129
BiancaGolden_CircleTurns,-146.9674,1.2660,201.1174,2.6031,-15.7371,-10.0325,0.7033,-0.5202,-0.4845,0.9980,295,34.333412,0.5303,0.0127
BiancaGolden_CircleTurns,-147.2895,1.3567,201.1131,3.4070,-16.0588,-11.3115,0.7054,-0.5243,-0.4771,0.9980,296,34.361195,0.5271,0.0136
BiancaGolden_CircleTurns,-147.5198,1.5549,201.1752,3.9557,-16.1790,-12.1263,0.7270,-0.4923,-0.4786,0.9980,296,34.389080,0.5248,0.0155
BiancaGolden_CircleTurns,-147.7380,1.7671,201.1406,4.2004,-16.0878,-12.7043,0.7331,-0.4882,-0.4736,0.9980,297,34.417023,0.5226,0.0177
BiancaGolden_CircleTurns,-147.9458,1.9958,201.0075,4.3921,-15.9504,-13.0838,0.7389,-0.4814,-0.4715,0.9980,297,34.445049,0.5205,0.0200
BiancaGolden_CircleTurns,-148.1168,2.2384,200.9193,4.4964,-15.9534,-13.1762,0.7478,-0.4665,-0.4724,0.9980,298,34.472576,0.5188,0.0224
BiancaGolden_CircleTurns,-148.3956,2.4122,200.7179,4.7017,-16.0725,-13.0882,0.7875,-0.4011,-0.4680,0.9980,298,34.501144,0.5160,0.0241
BiancaGolden_CircleTurns,-148.6830,2.5346,200.4911,4.9514,-16.1835,-12.9720,0.8600,-0.2183,-0.4611,0.9980,299,34.529045,0.5132,0.0253
BiancaGolden_CircleTurns,-148.9835,2.6161,200.3481,5.0057,-16.2030,-12.8430,0.8816,-0.1530,-0.4466,0.9980,299,34.556164,0.5102,0.0262
BiancaGolden_CircleTurns,-149.2127,2.6481,200.3866,4.8158,-16.2473,-12.7533,0.8884,-0.1378,-0.4378,0.9980,300,34.583652,0.5079,0.0265
BiancaGolden_CircleTurns,-149.3560,2.6412,200.3243,4.5561,-15.6948,-12.6919,0.8933,-0.1332,-0.4292,0.9980,300,34.611847,0.5064,0.0264
BiancaGolden_CircleTurns,-149.5434,2.6034,200.4482,4.6734,-15.4481,-12.4817,0.8920,-0.1280,-0.4336,0.9980,301,34.639507,0.5046,0.0260
BiancaGolden_CircleTurns,-149.8280,2.5070,200.5289,5.0217,-15.7097,-12.0707,0.8834,-0.1258,-0.4514,0.9980,301,34.667866,0.5017,0.0251
BiancaGolden_CircleTurns,-150.2274,2.3196,200.5249,5.3678,-16.1281,-11.5857,0.8838,-0.1161,-0.4533,0.9980,302,34.695320,0.4977,0.0232
BiancaGolden_CircleTurns,-150.6870,2.0698,200.5637,5.6085,-16.4618,-11.0747,0.8859,-0.1066,-0.4515,0.9980,302,34.722935,0.4931,0.0207
BiancaGolden_CircleTurns,-151.1634,1.7418,200.6459,5.5973,-16.4588,-10.4403,0.8904,-0.1038,-0.4433,0.9980,303,34.751205,0.4884,0.0174
BiancaGolden_CircleTurns,-151.6685,1.3141,200.7078,5.4934,-16.0746,-9.6891,0.8949,-0.0952,-0.4359,0.9980,303,34.779072,0.4833,0.0131
BiancaGolden_CircleTurns,-152.2024,0.7583,200.7319,5.3700,-15.6007,-8.7685,0.8985,-0.0848,-0.4307,0.9980,304,34.806847,0.4780,0.0076
BiancaGolden_CircleTurns,-152.7441,0.1142,200.7423,5.2917,-15.2996,-7.7309,0.9003,-0.0758,-0.4286,0.9980,304,34.838634,0.4726,0.0011
BiancaGolden_CircleTurns,-153.2649,-0.6481,200.6944,5.1143,-15.0998,-6.5071,0.9030,-0.0585,-0.4257,0.9980,305,34.862885,0.4674,-0.0065
BiancaGolden_CircleTurns,-153.7501,-1.4784,200.5570,4.8139,-14.9418,-5.2374,0.9001,-0.0469,-0.4332,0.9980,305,34.889679,0.4625,-0.0148
BiancaGolden_CircleTurns,-154.1888,-2.4078,200.3237,4.5057,-14.9035,-3.9745,0.8962,-0.0328,-0.4424,0.9980,306,34.917675,0.4581,-0.0241
BiancaGolden_CircleTurns,-154.5857,-3.4424,200.0687,4.3956,-15.0289,-2.6987,0.8899,-0.0296,-0.4553,0.9980,306,34.945663,0.4541,-0.0344
BiancaGolden_CircleTurns,-154.9376,-4.5420,200.0085,4.4602,-15.4762,-1.3641,0.8820,-0.0177,-0.4710,0.9980,307,34.973568,0.4506,-0.0454
BiancaGolden_CircleTurns,-155.4057,-5.7461,199.8258,4.4699,-16.5129,-0.0574,0.8737,-0.0106,-0.4864,0.9980,307,35.001308,0.4459,-0.0575
BiancaGolden_CircleTurns,-155.6552,-6.9530,200.0555,4.2570,-17.4285,1.1276,0.8752,-0.0072,-0.4836,0.9980,308,35.029163,0.4434,-0.0695
BiancaGolden_CircleTurns,-155.9816,-8.2596,199.9976,4.0893,-17.4711,2.1634,0.8823,-0.0004,-0.4707,0.9980,308,35.057682,0.4402,-0.0826
BiancaGolden_CircleTurns,-156.3065,-9.5504,199.7968,4.3183,-17.0803,3.1800,0.8863,0.0108,-0.4630,0.9980,309,35.085094,0.4369,-0.0955
BiancaGolden_CircleTurns,-156.6088,-10.7827,199.7454,4.4116,-16.9153,4.1313,0.8545,0.0552,-0.5166,0.9980,309,35.113247,0.4339,-0.1078
BiancaGolden_CircleTurns,-156.9842,-12.0053,199.4830,4.3426,-17.1180,4.9982,0.8506,0.0685,-0.5213,0.9980,310,35.141171,0.4302,-0.1201
BiancaGolden_CircleTurns,-157.3382,-13.1464,199.2413,4.3969,-17.4375,5.9248,0.8485,0.0753,-0.5238,0.9980,310,35.169144,0.4266,-0.1315
BiancaGolden_CircleTurns,-157.5892,-14.2028,199.1866,4.5645,-17.6720,7.0292,0.8425,0.0864,-0.5317,0.9980,311,35.197174,0.4241,-0.1420
BiancaGolden_CircleTurns,-157.8841,-15.1962,199.1172,4.8003,-18.0896,8.3172,0.8362,0.0910,-0.5409,0.9980,311,35.225170,0.4212,-0.1520
BiancaGolden_CircleTurns,-158.2427,-16.1960,199.1266,4.5069,-18.7860,9.3211,0.8342,0.0876,-0.5444,0.9980,312,35.252716,0.4176,-0.1620
BiancaGolden_CircleTurns,-158.5975,-17.1755,199.2651,3.7789,-19.3754,9.8818,0.8353,0.0849,-0.5433,0.9980,312,35.280518,0.4140,-0.1718
BiancaGolden_CircleTurns,-158.9398,-18.0955,199.4666,3.0219,-19.6079,10.1943,0.8383,0.0735,-0.5403,0.9980,313,35.308353,0.4106,-0.1810
BiancaGolden_CircleTurns,-159.2726,-18.9432,199.7274,2.1579,-19.3848,10.2158,0.8487,0.0720,-0.5240,0.9980,313,35.336540,0.4073,-0.1894
BiancaGolden_CircleTurns,-159.6889,-19.7309,199.8670,1.6204,-19.1064,10.0271,0.8511,0.0642,-0.5210,0.9980,314,35.363869,0.4031,-0.1973
BiancaGolden_CircleTurns,-160.1623,-20.4517,199.9922,1.5024,-18.9996,9.7476,0.8494,0.0644,-0.5239,0.9980,314,35.391945,0.3984,-0.2045
BiancaGolden_CircleTurns,-160.6504,-21.0238,200.1573,1.3913,-18.8784,9.4078,0.8495,0.0614,-0.5241,0.9980,315,35.419731,0.3935,-0.2102
BiancaGolden_CircleTurns,-161.1956,-21.4982,200.2748,1.2543,-18.7394,9.0803,0.8508,0.0582,-0.5223,0.9980,315,35.448177,0.3880,-0.2150
BiancaGolden_CircleTurns,-161.7931,-21.8848,200.3220,1.2693,-18.6196,8.7933,0.8495,0.0581,-0.5243,0.9980,316,35.475021,0.3821,-0.2188
BiancaGolden_CircleTurns,-162.4622,-22.1649,200.3512,1.3174,-18.5848,8.4756,0.8566,0.0429,-0.5142,0.9980,316,35.503136,0.3754,-0.2216
BiancaGolden_CircleTurns,-163.0730,-22.3738,200.4390,1.2935,-18.3627,8.0753,0.8748,0.0039,-0.4846,0.9980,317,35.531132,0.3693,-0.2237
BiancaGolden_CircleTurns,-163.7711,-22.4735,200.4338,1.0273,-17.9568,7.4521,0.8866,-0.0341,-0.4612,0.9980,317,35.559498,0.3623,-0.2247
BiancaGolden_CircleTurns,-164.4491,-22.5292,200.4080,0.8425,-17.9428,6.9091,0.8152,0.1115,-0.5684,0.9980,318,35.586636,0.3555,-0.2253
BiancaGolden_CircleTurns,-164.9742,-22.4686,200.5425,0.4316,-17.5570,6.1571,0.8295,0.1006,-0.5494,0.9980,318,35.614376,0.3503,-0.2247
BiancaGolden_CircleTurns,-165.5445,-22.4210,200.4376,0.1909,-16.8652,5.2229,0.8346,0.0504,-0.5486,0.9980,319,35.642262,0.3446,-0.2242
BiancaGolden_CircleTurns,-166.0888,-22.3988,200.3622,0.4481,-16.1961,3.9445,0.9112,-0.0595,-0.4077,0.9980,319,35.673203,0.3391,-0.2240
BiancaGolden_CircleTurns,-166.7185,-22.4979,200.0699,1.2481,-15.5319,2.5840,0.9294,-0.0835,-0.3595,0.9980,320,35.698948,0.3328,-0.2250
BiancaGolden_CircleTurns,-167.2164,-22.6231,199.8878,1.6499,-14.4282,1.0515,0.9455,-0.0705,-0.3179,0.9980,320,35.725967,0.3278,-0.2262
BiancaGolden_CircleTurns,-167.6044,-22.7877,199.8750,1.6284,-12.9178,-0.2101,0.9508,-0.0525,-0.3052,0.9980,321,35.753063,0.3240,-0.2279
BiancaGolden_CircleTurns,-168.0634,-22.9104,199.9288,1.6120,-12.0891,-0.4964,0.9423,-0.0281,-0.3335,0.9980,321,35.781013,0.3194,-0.2291
BiancaGolden_CircleTurns,-168.5857,-23.0375,200.0495,1.2128,-12.5504,-0.2390,0.9308,0.0080,-0.3654,0.9980,322,35.808887,0.3141,-0.2304
BiancaGolden_CircleTurns,-169.0851,-23.2694,200.1483,1.2104,-13.4270,0.0430,0.9200,0.0300,-0.3907,0.9980,322,35.837379,0.3091,-0.2327
BiancaGolden_CircleTurns,-169.4597,-23.5534,200.3705,1.6860,-14.0511,0.5043,0.9188,0.0436,-0.3923,0.9980,323,35.865681,0.3054,-0.2355
BiancaGolden_CircleTurns,-169.7808,-23.8915,200.6033,1.9186,-14.0650,1.0668,0.9173,0.0523,-0.3948,0.9980,323,35.893242,0.3022,-0.2389
BiancaGolden_CircleTurns,-170.1460,-24.3196,200.7873,1.8531,-13.9842,1.5903,0.9190,0.0627,-0.3891,0.9980,324,35.920628,0.2985,-0.2432
BiancaGolden_CircleTurns,-170.4997,-24.8447,200.9460,1.7627,-13.9943,2.0814,0.9184,0.0630,-0.3906,0.9980,324,35.948730,0.2950,-0.2484
BiancaGolden_CircleTurns,-170.7799,-25.4798,201.1123,1.7472,-13.9286,2.6538,0.9181,0.0665,-0.3908,0.9980,325,35.976398,0.2922,-0.2548
BiancaGolden_CircleTurns,-171.0201,-26.2786,201.3049,1.9173,-13.9113,3.3741,0.9155,0.0804,-0.3943,0.9980,325,36.004219,0.2898,-0.2628
BiancaGolden_CircleTurns,-171.3095,-27.2683,201.3149,2.2950,-14.1601,4.3483,0.9126,0.0902,-0.3988,0.9980,326,36.031849,0.2869,-0.2727
BiancaGolden_CircleTurns,-171.5893,-28.3925,201.3229,2.4101,-14.4602,5.4555,0.9105,0.1059,-0.3996,0.9980,326,36.060280,0.2841,-0.2839
BiancaGolden_CircleTurns,-171.8288,-29.6546,201.3431,2.1262,-14.5884,6.6497,0.9102,0.1172,-0.3972,0.9980,327,36.088070,0.2817,-0.2965
BiancaGolden_CircleTurns,-172.0098,-30.9817,201.3854,1.8268,-14.8296,7.8565,0.9070,0.1289,-0.4009,0.9980,327,36.116127,0.2799,-0.3098
BiancaGolden_CircleTurns,-172.0912,-32.3712,201.4042,1.4170,-15.0721,9.0704,0.9058,0.1352,-0.4016,0.9980,328,36.143837,0.2791,-0.3237
BiancaGolden_CircleTurns,-172.0658,-33.7920,201.3864,0.9483,-15.0808,10.1911,0.9058,0.1402,-0.3998,0.9980,328,36.172050,0.2793,-0.3379
BiancaGolden_CircleTurns,-171.9949,-35.2311,201.3867,0.5399,-14.9838,11.2311,0.9057,0.1483,-0.3972,0.9980,329,36.199627,0.2801,-0.3523
BiancaGolden_CircleTurns,-171.8186,-36.5739,201.5066,0.2553,-14.9761,12.2986,0.8970,0.1661,-0.4096,0.9980,329,36.228069,0.2818,-0.3657
BiancaGolden_CircleTurns,-171.6922,-37.8627,201.4528,0.1935,-15.2667,13.5372,0.8977,0.1670,-0.4077,0.9980,330,36.255482,0.2831,-0.3786
BiancaGolden_CircleTurns,-171.4621,-39.0453,201.3632,0.4161,-15.5404,14.9708,0.8966,0.1805,-0.4045,0.9980,330,36.283081,0.2854,-0.3905
BiancaGolden_CircleTurns,-171.1932,-40.2016,201.2307,0.2824,-15.3388,16.2517,0.9004,0.1747,-0.3985,0.9980,331,36.310501,0.2881,-0.4020
BiancaGolden_CircleTurns,-171.0509,-41.4047,200.9035,0.1030,-15.0554,17.2061,0.9045,0.1752,-0.3888,0.9980,331,36.338627,0.2895,-0.4140
BiancaGolden_CircleTurns,-170.9717,-42.6500,200.5098,-0.1850,-14.8207,17.8756,0.9077,0.1732,-0.3822,0.9980,332,36.366497,0.2903,-0.4265
BiancaGolden_CircleTurns,-171.0146,-43.9833,200.2595,-1.3360,-14.2593,17.8227,0.9134,0.1507,-0.3780,0.9980,332,36.394478,0.2899,-0.4398
BiancaGolden_CircleTurns,-171.2471,-45.4125,200.0508,-2.6387,-13.6096,16.8770,0.9222,0.0914,-0.3757,0.9980,333,36.422298,0.2875,-0.4541
BiancaGolden_CircleTurns,-171.6555,-46.6740,200.1484,-3.3583,-13.3976,15.7876,0.8894,0.0761,-0.4508,0.9980,333,36.450222,0.2834,-0.4667
BiancaGolden_CircleTurns,-172.2522,-47.6626,200.4190,-3.9830,-13.6441,14.9486,0.8384,0.2572,-0.4805,0.9980,334,36.477619,0.2775,-0.4766
BiancaGolden_CircleTurns,-172.9172,-48.3330,200.8432,-4.3216,-13.6775,14.6386,0.8247,0.2586,-0.5029,0.9980,334,36.509651,0.2708,-0.4833
BiancaGolden_CircleTurns,-173.6056,-48.8434,201.2622,-4.5007,-13.2140,14.6064,0.8332,0.2484,-0.4940,0.9980,335,36.533756,0.2639,-0.4884
BiancaGolden_CircleTurns,-174.2528,-49.2871,201.7150,-4.3572,-12.5530,14.6809,0.9287,0.1603,-0.3344,0.9980,335,36.560848,0.2575,-0.4929
BiancaGolden_CircleTurns,-174.9561,-49.6770,201.9076,-3.7757,-11.9844,14.5314,0.9327,0.1531,-0.3265,0.9980,336,36.588409,0.2504,-0.4968
BiancaGolden_CircleTurns,-175.6520,-50.0150,201.8697,-3.1439,-11.6631,14.1097,0.9326,0.1447,-0.3306,0.9980,336,36.616692,0.2435,-0.5001
BiancaGolden_CircleTurns,-176.3240,-50.2296,201.6738,-3.0537,-11.6169,13.3519,0.9250,0.1441,-0.3517,0.9980,337,36.644394,0.2368,-0.5023
BiancaGolden_CircleTurns,-176.9603,-50.3134,201.4926,-3.4291,-11.9316,12.6185,0.9200,0.1524,-0.3612,0.9980,337,36.672527,0.2304,-0.5031
BiancaGolden_CircleTurns,-177.4971,-50.2268,201.4787,-3.8874,-12.3572,12.1923,0.9184,0.1548,-0.3641,0.9980,338,36.700413,0.2250,-0.5023
BiancaGolden_CircleTurns,-177.9608,-50.0560,201.5214,-4.1186,-12.5521,11.8756,0.9176,0.1647,-0.3618,0.9980,338,36.728256,0.2204,-0.5006
BiancaGolden_CircleTurns,-178.3374,-49.7850,201.5856,-4.2059,-12.5819,11.7206,0.9210,0.1660,-0.3523,0.9980,339,36.755989,0.2166,-0.4978
BiancaGolden_CircleTurns,-178.7133,-49.4485,201.5637,-4.2861,-12.4879,11.5730,0.9182,0.1696,-0.3580,0.9980,339,36.783943,0.2129,-0.4945
BiancaGolden_CircleTurns,-179.2501,-49.1326,201.2160,-4.1279,-12.6414,11.5602,0.9174,0.1747,-0.3576,0.9980,340,36.811558,0.2075,-0.4913
BiancaGolden_CircleTurns,-179.8387,-48.9015,200.7486,-3.4650,-13.0086,11.7715,0.9183,0.1719,-0.3567,0.9980,340,36.839634,0.2016,-0.4890
BiancaGolden_CircleTurns,-180.2873,-48.6642,200.6656,-3.5122,-13.3403,11.6104,0.9192,0.1718,-0.3545,0.9980,341,36.867451,0.1971,-0.4866
BiancaGolden_CircleTurns,-180.7411,-48.5121,200.7445,-3.2548,-13.2613,11.4869,0.9193,0.1745,-0.3527,0.9980,341,36.895245,0.1926,-0.4851
BiancaGolden_CircleTurns,-181.3262,-48.4371,200.5301,-2.6337,-13.3028,11.6098,0.9180,0.1791,-0.3537,0.9980,342,36.923077,0.1867,-0.4844
BiancaGolden_CircleTurns,-181.8245,-48.4321,200.6435,-1.9309,-13.4964,11.9886,0.9154,0.1838,-0.3581,0.9980,342,36.950886,0.1818,-0.4843
BiancaGolden_CircleTurns,-182.3316,-48.4916,200.7991,-1.6582,-13.7560,12.3231,0.9132,0.1868,-0.3622,0.9980,343,36.978745,0.1767,-0.4849
BiancaGolden_CircleTurns,-182.8060,-48.6471,200.9465,-1.3233,-14.0131,12.6027,0.9161,0.1863,-0.3550,0.9980,343,37.006783,0.1719,-0.4865
BiancaGolden_CircleTurns,-183.2657,-48.8274,201.1180,-0.9831,-14.0353,12.9751,0.9164,0.1937,-0.3502,0.9980,344,37.034592,0.1673,-0.4883
BiancaGolden_CircleTurns,-183.6600,-49.1004,201.2746,-0.7653,-13.8800,13.5070,0.9179,0.2021,-0.3414,0.9980,344,37.062931,0.1634,-0.4910
BiancaGolden_CircleTurns,-183.9522,-49.4311,201.4654,-0.7007,-13.3088,14.0033,0.9220,0.1980,-0.3327,0.9980,345,37.090351,0.1605,-0.4943
BiancaGolden_CircleTurns,-184.2033,-49.8637,201.5267,-0.6638,-12.7050,14.3598,0.9218,0.2047,-0.3293,0.9980,345,37.118435,0.1580,-0.4986
BiancaGolden_CircleTurns,-184.4094,-50.3829,201.5194,-0.5195,-12.3938,14.7726,0.9202,0.2030,-0.3346,0.9980,346,37.145733,0.1559,-0.5038
BiancaGolden_CircleTurns,-184.5743,-50.9903,201.4738,-0.4898,-12.3902,15.1490,0.9133,0.2080,-0.3501,0.9980,346,37.173927,0.1543,-0.5099
BiancaGolden_CircleTurns,-184.6275,-51.6791,201.4129,-0.3876,-12.4206,15.5465,0.9102,0.2146,-0.3541,0.9980,347,37.201824,0.1537,-0.5168
BiancaGolden_CircleTurns,-184.5418,-52.4173,201.5447,-0.2093,-12.4783,16.0049,0.8959,0.2705,-0.3525,0.9980,347,37.230488,0.1546,-0.5242
BiancaGolden_CircleTurns,-184.4397,-53.3180,201.4949,0.4651,-12.3611,16.5840,0.8944,0.2862,-0.3436,0.9980,348,37.257687,0.1556,-0.5332
BiancaGolden_CircleTurns,-184.2046,-54.2574,201.4405,1.2733,-11.9617,17.2060,0.8922,0.2952,-0.3417,0.9980,348,37.285694,0.1580,-0.5426
BiancaGolden_CircleTurns,-183.7972,-55.2660,201.5717,1.7643,-11.8540,17.8523,0.8911,0.2919,-0.3475,0.9980,349,37.312878,0.1620,-0.5527
BiancaGolden_CircleTurns,-183.2718,-56.3796,201.8707,2.0928,-11.9548,18.3311,0.8883,0.2864,-0.3590,0.9980,349,37.344025,0.1673,-0.5638
BiancaGolden_CircleTurns,-182.9162,-57.6010,201.6200,1.9848,-12.6283,18.6680,0.8825,0.2930,-0.3679,0.9980,350,37.369560,0.1708,-0.5760
BiancaGolden_CircleTurns,-182.4670,-58.8112,201.6269,1.7294,-13.1619,18.8929,0.8771,0.2978,-0.3767,0.9980,350,37.396206,0.1753,-0.5881
BiancaGolden_CircleTurns,-181.9058,-60.0382,201.6710,1.7870,-13.0895,19.0921,0.8822,0.2895,-0.3713,0.9980,351,37.423946,0.1809,-0.6004
BiancaGolden_CircleTurns,-181.3849,-61.3205,201.4761,1.7390,-13.1506,19.0122,0.8868,0.2478,-0.3901,0.9980,351,37.452553,0.1862,-0.6132
BiancaGolden_CircleTurns,-180.9117,-62.5956,201.3281,1.8419,-13.4310,18.6461,0.8910,0.1464,-0.4296,0.9980,352,37.479996,0.1909,-0.6260
BiancaGolden_CircleTurns,-180.4451,-63.7596,201.2502,2.1896,-13.6483,18.5614,0.8769,0.1122,-0.4675,0.9980,352,37.508728,0.1955,-0.6376
BiancaGolden_CircleTurns,-180.0873,-64.9164,201.0770,2.4622,-14.1508,18.9529,0.8675,0.1145,-0.4840,0.9980,353,37.535667,0.1991,-0.6492
BiancaGolden_CircleTurns,-179.7217,-66.0416,201.0225,2.7957,-14.6778,19.4203,0.8642,0.1239,-0.4876,0.9980,353,37.563694,0.2028,-0.6604
BiancaGolden_CircleTurns,-179.4655,-67.1731,200.8995,2.7910,-15.0294,19.7868,0.8660,0.1120,-0.4873,0.9980,354,37.591469,0.2053,-0.6717
BiancaGolden_CircleTurns,-179.2628,-68.2737,200.8519,2.4390,-15.2221,19.8900,0.8509,0.0329,-0.5243,0.9980,354,37.619129,0.2074,-0.6827
BiancaGolden_CircleTurns,-179.1211,-69.2559,200.8579,2.0876,-15.0777,19.8722,0.8376,-0.0416,-0.5447,0.9980,355,37.647232,0.2088,-0.6926
BiancaGolden_CircleTurns,-179.0483,-70.1139,200.9508,1.6334,-14.8227,19.9502,0.8332,-0.0489,-0.5507,0.9980,355,37.675385,0.2095,-0.7011
BiancaGolden_CircleTurns,-179.0628,-70.8633,201.0824,0.9873,-14.7828,20.1022,0.8312,-0.0422,-0.5544,0.9980,356,37.704144,0.2094,-0.7086
BiancaGolden_CircleTurns,-179.1097,-71.5373,201.2590,0.5584,-14.8614,20.2412,0.8268,-0.0316,-0.5616,0.9980,356,37.731091,0.2089,-0.7154
BiancaGolden_CircleTurns,-179.1928,-72.1680,201.3021,0.3545,-15.0367,20.2148,0.8242,-0.0409,-0.5648,0.9980,357,37.758156,0.2081,-0.7217
BiancaGolden_CircleTurns,-179.3618,-72.7107,201.4132,0.5726,-15.3748,20.1548,0.8251,-0.0412,-0.5635,0.9980,357,37.786579,0.2064,-0.7271
BiancaGolden_CircleTurns,-179.5252,-73.1124,201.5786,0.7081,-15.2748,20.1637,0.8391,-0.0336,-0.5430,0.9980,358,37.814030,0.2047,-0.7311
BiancaGolden_CircleTurns,-179.7119,-73.4771,201.7065,0.7283,-14.6798,20.1537,0.8439,-0.0303,-0.5356,0.9980,358,37.842171,0.2029,-0.7348
BiancaGolden_CircleTurns,-180.0068,-73.7721,201.7866,0.6977,-14.1284,20.1710,0.8420,-0.0244,-0.5389,0.9980,359,37.870316,0.1999,-0.7377
BiancaGolden_CircleTurns,-180.3343,-74.0223,201.7523,0.5934,-13.9316,20.1758,0.8379,-0.0233,-0.5453,0.9980,359,37.898495,0.1967,-0.7402
BiancaGolden_CircleTurns,-180.6773,-74.1757,201.7536,0.4343,-13.9792,19.9949,0.8317,-0.0256,-0.5547,0.9980,360,37.926704,0.1932,-0.7418
BiancaGolden_CircleTurns,-180.9909,-74.2032,201.6772,0.2485,-13.7727,19.7531,0.8353,-0.0180,-0.5495,0.9980,360,37.954361,0.1901,-0.7420
BiancaGolden_CircleTurns,-181.2114,-74.1030,201.7082,0.0490,-12.9885,19.5276,0.8414,-0.0183,-0.5401,0.9980,361,37.981770,0.1879,-0.7410
BiancaGolden_CircleTurns,-181.4742,-73.9327,201.7945,-0.1165,-12.6655,19.2954,0.8834,0.1261,-0.4514,0.9980,361,38.009586,0.1853,-0.7393
BiancaGolden_CircleTurns,-181.6685,-73.6968,201.8935,0.0941,-12.8074,19.1996,0.8956,0.1939,-0.4005,0.9980,362,38.037388,0.1833,-0.7370
BiancaGolden_CircleTurns,-181.8724,-73.4419,202.0091,0.4131,-12.8985,19.1995,0.8987,0.2758,-0.3410,0.9980,362,38.065216,0.1813,-0.7344
BiancaGolden_CircleTurns,-182.1231,-73.2298,201.9247,0.5939,-13.1969,19.2950,0.8921,0.2882,-0.3479,0.9980,363,38.093124,0.1788,-0.7323
BiancaGolden_CircleTurns,-182.4635,-73.1198,201.7061,1.0200,-13.6033,19.3924,0.8920,0.2801,-0.3547,0.9980,363,38.120773,0.1754,-0.7312
BiancaGolden_CircleTurns,-182.7430,-73.0398,201.5710,1.3614,-13.8802,19.2872,0.8826,0.2712,-0.3841,0.9980,364,38.148594,0.1726,-0.7304
BiancaGolden_CircleTurns,-183.0736,-73.0002,201.4828,1.5282,-14.0435,19.1306,0.8871,0.2672,-0.3764,0.9980,364,38.179878,0.1693,-0.7300
BiancaGolden_CircleTurns,-183.3797,-73.0066,201.4331,1.6234,-14.0952,18.8973,0.8876,0.2704,-0.3728,0.9980,365,38.205250,0.1662,-0.7301
BiancaGolden_CircleTurns,-183.6640,-73.0689,201.4318,1.7012,-13.9342,18.8719,0.8885,0.2725,-0.3692,0.9980,365,38.232403,0.1634,-0.7307
BiancaGolden_CircleTurns,-183.9708,-73.2276,201.4811,2.0340,-14.0208,19.0115,0.8888,0.2779,-0.3643,0.9980,366,38.259666,0.1603,-0.7323
BiancaGolden_CircleTurns,-184.2453,-73.4431,201.5409,2.3987,-13.8255,19.1567,0.8893,0.2881,-0.3552,0.9980,366,38.287266,0.1575,-0.7344
BiancaGolden_CircleTurns,-184.4776,-73.7499,201.6686,2.4770,-13.6597,19.3723,0.8891,0.2906,-0.3536,0.9980,367,38.315273,0.1552,-0.7375
BiancaGolden_CircleTurns,-184.7185,-74.1377,201.7882,2.4288,-13.5807,19.6134,0.8884,0.2940,-0.3525,0.9980,367,38.343307,0.1528,-0.7414
BiancaGolden_CircleTurns,-184.9244,-74.6101,201.8710,2.4300,-13.5795,19.9385,0.8871,0.2974,-0.3531,0.9980,368,38.370972,0.1508,-0.7461
BiancaGolden_CircleTurns,-185.0333,-75.1107,202.0166,2.4570,-13.2988,20.2658,0.8901,0.3031,-0.3403,0.9980,368,38.399372,0.1497,-0.7511
BiancaGolden_CircleTurns,-185.0426,-75.7413,202.0591,2.5563,-12.7917,20.6132,0.8907,0.3056,-0.3364,0.9980,369,38.427261,0.1496,-0.7574
BiancaGolden_CircleTurns,-184.9706,-76.3733,202.1648,2.7111,-12.5732,21.0470,0.8861,0.3186,-0.3367,0.9980,369,38.455395,0.1503,-0.7637
BiancaGolden_CircleTurns,-184.7913,-77.1582,202.1580,3.2565,-12.2771,21.9930,0.8819,0.3293,-0.3374,0.9980,370,38.483055,0.1521,-0.7716
BiancaGolden_CircleTurns,-184.4307,-78.0756,202.0517,3.8142,-11.9041,23.0299,0.8763,0.3454,-0.3359,0.9980,370,38.510910,0.1557,-0.7808
BiancaGolden_CircleTurns,-183.9611,-79.0865,201.9850,4.2453,-11.3934,24.0889,0.8705,0.3596,-0.3360,0.9980,371,38.538795,0.1604,-0.7909
BiancaGolden_CircleTurns,-183.4138,-80.3345,201.8050,4.1636,-11.2338,25.0188,0.8656,0.3540,-0.3541,0.9980,371,38.566708,0.1659,-0.8033
BiancaGolden_CircleTurns,-182.8382,-81.6449,201.6195,3.7720,-11.4561,25.7411,0.8625,0.3504,-0.3652,0.9980,372,38.594406,0.1716,-0.8164
BiancaGolden_CircleTurns,-182.1742,-83.0244,201.5100,3.1790,-11.6648,26.4569,0.8561,0.3592,-0.3716,0.9980,372,38.622498,0.1783,-0.8302
BiancaGolden_CircleTurns,-181.4586,-84.4653,201.4648,2.7901,-12.0503,27.1163,0.8529,0.3595,-0.3785,0.9980,373,38.649849,0.1854,-0.8447
BiancaGolden_CircleTurns,-180.7467,-85.9634,201.4285,2.7008,-12.3323,27.7550,0.8529,0.3532,-0.3846,0.9980,373,38.678406,0.1925,-0.8596
BiancaGolden_CircleTurns,-179.9905,-87.4812,201.4618,2.6072,-12.8623,28.3166,0.8505,0.3583,-0.3850,0.9980,374,38.705811,0.2001,-0.8748
BiancaGolden_CircleTurns,-179.2425,-88.9551,201.5959,2.1323,-13.1127,28.7877,0.8489,0.3653,-0.3820,0.9980,374,38.733906,0.2076,-0.8896
BiancaGolden_CircleTurns,-178.5014,-90.4805,201.5724,1.5632,-13.2667,29.0937,0.8519,0.3656,-0.3750,0.9980,375,38.761456,0.2150,-0.9048
BiancaGolden_CircleTurns,-177.6620,-91.9183,201.6464,1.3193,-12.9533,29.3720,0.8542,0.3698,-0.3654,0.9980,375,38.789547,0.2234,-0.9192
BiancaGolden_CircleTurns,-176.9180,-93.2756,201.7057,1.1919,-12.3122,29.4878,0.8590,0.3640,-0.3601,0.9980,376,38.817043,0.2308,-0.9328
BiancaGolden_CircleTurns,-176.2482,-94.5915,201.6419,0.8223,-12.3040,29.5103,0.8557,0.3656,-0.3663,0.9980,376,38.845577,0.2375,-0.9459
BiancaGolden_CircleTurns,-175.6095,-95.7213,201.6116,0.4723,-12.2626,29.5350,0.8507,0.3714,-0.3719,0.9980,377,38.873096,0.2439,-0.9572
BiancaGolden_CircleTurns,-175.0981,-96.7419,201.5460,0.0243,-12.3530,29.4458,0.8481,0.3703,-0.3789,0.9980,377,38.901081,0.2490,-0.9674
BiancaGolden_CircleTurns,-174.6759,-97.6641,201.6168,0.0288,-12.6936,29.4665,0.8473,0.3720,-0.3790,0.9980,378,38.929314,0.2532,-0.9766
BiancaGolden_CircleTurns,-174.2832,-98.4309,201.7463,0.0767,-12.6757,29.3597,0.8463,0.3739,-0.3794,0.9980,378,38.956825,0.2572,-0.9843
BiancaGolden_CircleTurns,-174.0547,-99.0679,201.8457,-0.1952,-12.6379,29.3499,0.8438,0.3764,-0.3825,0.9980,379,38.984127,0.2595,-0.9907
BiancaGolden_CircleTurns,-173.9479,-99.6341,201.9201,-0.3531,-12.9073,29.4655,0.8398,0.3856,-0.3821,0.9980,379,39.015690,0.2605,-0.9963
BiancaGolden_CircleTurns,-173.7957,-100.1203,202.0623,-0.0362,-12.8971,29.5262,0.8452,0.3819,-0.3738,0.9980,380,39.040451,0.2620,-1.0012
BiancaGolden_CircleTurns,-173.7282,-100.5434,202.1465,0.5554,-12.4411,29.4715,0.8491,0.3831,-0.3636,0.9980,380,39.067574,0.2627,-1.0054
BiancaGolden_CircleTurns,-173.7106,-100.8755,202.1455,0.8689,-11.8335,29.3855,0.8458,0.3857,-0.3687,0.9980,381,39.095097,0.2629,-1.0088
BiancaGolden_CircleTurns,-173.8730,-101.2178,202.0664,0.9737,-11.7662,29.2727,0.8444,0.3803,-0.3774,0.9980,381,39.122940,0.2613,-1.0122
BiancaGolden_CircleTurns,-174.0953,-101.4654,201.9407,0.8325,-12.0821,29.0783,0.8393,0.3840,-0.3849,0.9980,382,39.150963,0.2590,-1.0147
BiancaGolden_CircleTurns,-174.3181,-101.6325,201.8661,0.7780,-12.3847,28.9856,0.8363,0.3792,-0.3960,0.9980,382,39.179150,0.2568,-1.0163
BiancaGolden_CircleTurns,-174.6653,-101.7698,201.7139,0.5359,-12.7190,28.7589,0.8404,0.3730,-0.3931,0.9980,383,39.207047,0.2533,-1.0177
BiancaGolden_CircleTurns,-174.9480,-101.8024,201.8464,0.3229,-12.7191,28.2379,0.8483,0.3659,-0.3828,0.9980,383,39.234955,0.2505,-1.0180
BiancaGolden_CircleTurns,-175.3217,-101.7438,201.8470,0.3964,-12.2860,27.6150,0.8504,0.3627,-0.3812,0.9980,384,39.262611,0.2468,-1.0174
BiancaGolden_CircleTurns,-175.6501,-101.6460,201.9733,0.8767,-12.1511,27.2705,0.8525,0.3578,-0.3811,0.9980,384,39.290771,0.2435,-1.0165
BiancaGolden_CircleTurns,-176.0165,-101.6501,201.8184,1.5940,-12.3359,26.8214,0.8506,0.3599,-0.3833,0.9980,385,39.318405,0.2398,-1.0165
BiancaGolden_CircleTurns,-176.3693,-101.7631,201.4981,2.7384,-12.6057,26.3197,0.8515,0.3515,-0.3890,0.9980,385,39.346546,0.2363,-1.0176
BiancaGolden_CircleTurns,-176.6326,-101.8823,201.3710,3.3411,-12.6089,25.8048,0.8567,0.3431,-0.3851,0.9980,386,39.373844,0.2337,-1.0188
BiancaGolden_CircleTurns,-176.8639,-102.0324,201.3754,3.3873,-12.4834,25.2278,0.8797,0.3197,-0.3521,0.9980,386,39.402054,0.2314,-1.0203
BiancaGolden_CircleTurns,-177.1156,-102.2580,201.2042,3.4640,-12.2988,24.8076,0.8798,0.3224,-0.3493,0.9980,387,39.429943,0.2288,-1.0226
BiancaGolden_CircleTurns,-177.2467,-102.5222,201.1983,3.8826,-12.1385,24.7809,0.8799,0.3260,-0.3456,0.9980,387,39.457817,0.2275,-1.0252
BiancaGolden_CircleTurns,-177.2948,-102.8883,201.1986,4.2611,-12.0646,24.8132,0.8727,0.3347,-0.3554,0.9980,388,39.485279,0.2271,-1.0289
BiancaGolden_CircleTurns,-177.3517,-103.3033,201.1576,4.3460,-12.3988,25.0505,0.8665,0.3404,-0.3650,0.9980,388,39.513035,0.2265,-1.0330
BiancaGolden_CircleTurns,-177.3637,-103.8080,201.1547,4.2334,-12.9132,25.3185,0.8622,0.3449,-0.3711,0.9980,389,39.540886,0.2264,-1.0381
BiancaGolden_CircleTurns,-177.2685,-104.3877,201.1694,4.0196,-13.0625,25.5166,0.8577,0.3548,-0.3721,0.9980,389,39.569427,0.2273,-1.0439
BiancaGolden_CircleTurns,-177.1037,-104.9715,201.2671,3.8884,-12.7734,25.7715,0.8638,0.3613,-0.3511,0.9980,390,39.597340,0.2290,-1.0497
BiancaGolden_CircleTurns,-176.8835,-105.6272,201.2967,3.7844,-12.2851,26.1655,0.8650,0.3688,-0.3401,0.9980,390,39.624821,0.2312,-1.0563
BiancaGolden_CircleTurns,-176.5543,-106.3496,201.3318,3.8114,-11.8595,26.5925,0.8619,0.3762,-0.3399,0.9980,391,39.652309,0.2345,-1.0635
BiancaGolden_CircleTurns,-176.1400,-107.0958,201.2740,3.8539,-11.5381,27.0040,0.8592,0.3761,-0.3469,0.9980,391,39.680412,0.2386,-1.0710
BiancaGolden_CircleTurns,-175.6844,-107.9349,201.1005,4.0937,-11.5269,27.4957,0.8517,0.3816,-0.3593,0.9980,392,39.708256,0.2432,-1.0793
BiancaGolden_CircleTurns,-175.1827,-108.8399,200.9353,4.4421,-11.9122,28.1190,0.8452,0.3870,-0.3687,0.9980,392,39.736450,0.2482,-1.0884
BiancaGolden_CircleTurns,-174.6220,-109.7708,200.8084,4.5961,-12.2115,28.7452,0.8409,0.3935,-0.3717,0.9980,393,39.764069,0.2538,-1.0977
BiancaGolden_CircleTurns,-173.8643,-110.6884,200.9522,4.7695,-12.4291,29.4570,0.8405,0.4011,-0.3643,0.9980,393,39.792080,0.2614,-1.1069
BiancaGolden_CircleTurns,-173.0509,-111.6149,201.2108,5.0310,-12.1326,30.1307,0.8414,0.4011,-0.3622,0.9980,394,39.819324,0.2695,-1.1161
BiancaGolden_CircleTurns,-172.3895,-112.6492,201.0571,5.2274,-12.1308,30.6780,0.8372,0.3989,-0.3741,0.9980,394,39.850449,0.2761,-1.1265
BiancaGolden_CircleTurns,-171.8010,-113.6679,201.0472,5.0832,-12.7082,31.0300,0.8322,0.3966,-0.3874,0.9980,395,39.875225,0.2820,-1.1367
BiancaGolden_CircleTurns,-171.2175,-114.6824,201.0491,4.9954,-13.2930,31.3154,0.8272,0.3989,-0.3958,0.9980,395,39.902637,0.2878,-1.1468
BiancaGolden_CircleTurns,-170.6870,-115.6030,201.0353,4.9649,-13.5217,31.6146,0.8283,0.4107,-0.3812,0.9980,396,39.930450,0.2931,-1.1560
BiancaGolden_CircleTurns,-170.1068,-116.4243,201.1468,4.9578,-13.2023,32.0057,0.8114,0.4612,-0.3591,0.9980,396,39.958511,0.2989,-1.1642
BiancaGolden_CircleTurns,-169.6247,-117.1592,201.1843,4.9329,-12.7188,32.2751,0.8092,0.4651,-0.3590,0.9980,397,39.985958,0.3038,-1.1716
BiancaGolden_CircleTurns,-169.2163,-117.8461,201.1544,5.2178,-12.6809,32.6573,0.8045,0.4710,-0.3618,0.9980,397,40.013973,0.3078,-1.1785
BiancaGolden_CircleTurns,-168.8783,-118.4239,201.1316,5.3758,-12.8269,33.1548,0.7994,0.4733,-0.3702,0.9980,398,40.042038,0.3112,-1.1842
BiancaGolden_CircleTurns,-168.6190,-118.9253,201.0632,5.3960,-13.0091,33.5919,0.7928,0.4743,-0.3829,0.9980,398,40.070091,0.3138,-1.1893
BiancaGolden_CircleTurns,-168.3592,-119.3112,201.1718,5.2614,-13.1295,33.9127,0.7934,0.4737,-0.3822,0.9980,399,40.097500,0.3164,-1.1931
BiancaGolden_CircleTurns,-168.1453,-119.5515,201.3402,4.7970,-13.0751,34.0815,0.7951,0.4736,-0.3787,0.9980,399,40.125973,0.3185,-1.1955
BiancaGolden_CircleTurns,-167.9837,-119.6832,201.4349,4.4340,-12.9103,34.2605,0.7932,0.4762,-0.3796,0.9980,400,40.153606,0.3202,-1.1968
BiancaGolden_CircleTurns,-167.8783,-119.7338,201.4961,4.3946,-12.7750,34.4702,0.7893,0.4836,-0.3784,0.9980,400,40.181564,0.3212,-1.1973
BiancaGolden_CircleTurns,-167.8677,-119.6825,201.5619,4.2952,-12.8086,34.6120,0.7884,0.4833,-0.3806,0.9980,401,40.209362,0.3213,-1.1968
BiancaGolden_CircleTurns,-167.9234,-119.6045,201.6054,4.0897,-12.9385,34.5924,0.7897,0.4759,-0.3872,0.9980,401,40.237228,0.3208,-1.1960
BiancaGolden_CircleTurns,-168.0091,-119.4077,201.5918,3.8566,-13.0646,34.2890,0.7914,0.4708,-0.3901,0.9980,402,40.265064,0.3199,-1.1941
BiancaGolden_CircleTurns,-168.1185,-119.1865,201.5353,3.7455,-13.1268,33.9538,0.8017,0.4330,-0.4121,0.9980,402,40.292969,0.3188,-1.1919
BiancaGolden_CircleTurns,-168.2091,-118.8999,201.5877,3.6777,-13.3732,33.4548,0.8276,0.3590,-0.4315,0.9980,403,40.320221,0.3179,-1.1890
BiancaGolden_CircleTurns,-168.3024,-118.5515,201.7501,3.4729,-13.3652,32.6380,0.8556,0.2411,-0.4580,0.9980,403,40.348522,0.3170,-1.1855
BiancaGolden_CircleTurns,-168.4512,-118.2394,201.6702,3.6718,-13.5269,31.8858,0.8588,0.2339,-0.4559,0.9980,404,40.376514,0.3155,-1.1824
BiancaGolden_CircleTurns,-168.6291,-117.8578,201.7148,4.2327,-13.5266,31.5561,0.8590,0.2393,-0.4526,0.9980,404,40.404240,0.3137,-1.1786
BiancaGolden_CircleTurns,-168.8161,-117.5259,201.6295,4.5301,-13.4064,31.4557,0.8546,0.2450,-0.4579,0.9980,405,40.432434,0.3118,-1.1753
BiancaGolden_CircleTurns,-169.0009,-117.1923,201.5567,4.7641,-13.4893,31.3850,0.8480,0.2555,-0.4644,0.9980,405,40.460018,0.3100,-1.1719
BiancaGolden_CircleTurns,-169.2086,-116.9007,201.4588,4.9946,-13.8451,31.4412,0.8412,0.2541,-0.4773,0.9980,406,40.487164,0.3079,-1.1690
BiancaGolden_CircleTurns,-169.4515,-116.6407,201.4026,5.2064,-14.3834,31.6277,0.8387,0.2610,-0.4779,0.9980,406,40.515137,0.3055,-1.1664
BiancaGolden_CircleTurns,-169.7011,-116.4148,201.3844,5.2936,-14.8250,31.8766,0.8363,0.2631,-0.4810,0.9980,407,40.542488,0.3030,-1.1641
BiancaGolden_CircleTurns,-170.0343,-116.2300,201.3154,5.2958,-15.0358,32.0485,0.8166,0.3503,-0.4587,0.9980,407,40.570515,0.2997,-1.1623
BiancaGolden_CircleTurns,-170.4036,-116.0476,201.3249,5.2181,-14.8312,32.1446,0.8044,0.4137,-0.4263,0.9980,408,40.598434,0.2960,-1.1605
BiancaGolden_CircleTurns,-170.7978,-115.8322,201.3873,5.0233,-14.3842,32.1717,0.8084,0.4228,-0.4094,0.9980,408,40.626396,0.2920,-1.1583
BiancaGolden_CircleTurns,-171.2380,-115.5576,201.3699,4.7254,-13.8499,32.1255,0.8140,0.4198,-0.4015,0.9980,409,40.654034,0.2876,-1.1556
BiancaGolden_CircleTurns,-171.6961,-115.1992,201.3579,4.4761,-13.4329,32.0738,0.8101,0.4277,-0.4010,0.9980,409,40.684937,0.2830,-1.1520
BiancaGolden_CircleTurns,-172.1910,-114.8197,201.3489,4.1748,-13.3138,31.9274,0.8074,0.4212,-0.4132,0.9980,410,40.710426,0.2781,-1.1482
BiancaGolden_CircleTurns,-172.7196,-114.4057,201.2668,4.0922,-13.4670,31.7028,0.8058,0.4135,-0.4239,0.9980,410,40.737522,0.2728,-1.1441
BiancaGolden_CircleTurns,-173.2362,-113.9572,201.2043,4.0884,-13.6757,31.5751,0.8012,0.4111,-0.4348,0.9980,411,40.765141,0.2676,-1.1396
BiancaGolden_CircleTurns,-173.7698,-113.5299,201.0139,4.2590,-13.7604,31.5578,0.8010,0.4111,-0.4351,0.9980,411,40.793037,0.2623,-1.1353
BiancaGolden_CircleTurns,-174.1768,-113.0199,200.9983,4.5470,-13.8043,31.6172,0.8033,0.4150,-0.4272,0.9980,412,40.820599,0.2582,-1.1302
BiancaGolden_CircleTurns,-174.4282,-112.3999,201.2314,4.4155,-13.6094,31.6802,0.8061,0.4126,-0.4243,0.9980,412,40.849030,0.2557,-1.1240
BiancaGolden_CircleTurns,-174.6877,-111.8842,201.1562,4.3096,-13.4521,31.7805,0.8003,0.4100,-0.4375,0.9980,413,40.876686,0.2531,-1.1188
BiancaGolden_CircleTurns,-174.8026,-111.3349,201.2356,4.4150,-13.7821,31.9005,0.7985,0.3957,-0.4537,0.9980,413,40.905045,0.2520,-1.1133
BiancaGolden_CircleTurns,-174.8275,-110.7523,201.3266,4.4445,-14.0239,31.8336,0.8027,0.3751,-0.4637,0.9980,414,40.932823,0.2517,-1.1075
BiancaGolden_CircleTurns,-174.7572,-110.1770,201.2980,4.3989,-14.2524,31.7145,0.8033,0.3707,-0.4661,0.9980,414,40.960697,0.2524,-1.1018
BiancaGolden_CircleTurns,-174.6195,-109.5587,201.2246,4.2784,-14.3875,31.4267,0.8053,0.3697,-0.4635,0.9980,415,40.988087,0.2538,-1.0956
BiancaGolden_CircleTurns,-174.4022,-108.8806,201.1058,4.2401,-14.5478,31.1231,0.7995,0.3801,-0.4651,0.9980,415,41.016521,0.2560,-1.0888
BiancaGolden_CircleTurns,-174.1091,-108.1575,200.9095,4.3763,-14.5670,30.9007,0.8013,0.3782,-0.4636,0.9980,416,41.043880,0.2589,-1.0816
BiancaGolden_CircleTurns,-173.7402,-107.3909,200.6567,4.5695,-14.6425,30.6876,0.8042,0.3780,-0.4586,0.9980,416,41.071857,0.2626,-1.0739
BiancaGolden_CircleTurns,-173.2913,-106.5725,200.3421,4.7095,-14.7843,30.4857,0.8022,0.3736,-0.4657,0.9980,417,41.099449,0.2671,-1.0657
BiancaGolden_CircleTurns,-172.7613,-105.7106,200.0570,4.6867,-14.9799,30.3225,0.7973,0.3709,-0.4762,0.9980,417,41.127861,0.2724,-1.0571
BiancaGolden_CircleTurns,-172.1677,-104.8203,199.7822,4.5183,-15.1309,30.0691,0.8010,0.3685,-0.4719,0.9980,418,41.155437,0.2783,-1.0482
BiancaGolden_CircleTurns,-171.5196,-103.8801,199.5630,4.3483,-15.4861,29.7800,0.8014,0.3627,-0.4756,0.9980,418,41.183517,0.2848,-1.0388
BiancaGolden_CircleTurns,-170.9145,-102.9084,199.3715,4.1448,-15.7095,29.3887,0.8002,0.3624,-0.4778,0.9980,419,41.211037,0.2909,-1.0291
BiancaGolden_CircleTurns,-170.3670,-101.9586,199.1399,4.1693,-15.8885,29.1616,0.8060,0.3549,-0.4736,0.9980,419,41.239262,0.2963,-1.0196
BiancaGolden_CircleTurns,-169.8246,-100.9341,199.2990,3.9108,-16.0484,28.8968,0.8475,0.3148,-0.4273,0.9980,420,41.266880,0.3018,-1.0093
BiancaGolden_CircleTurns,-169.4072,-100.0058,199.5276,4.1063,-16.2626,28.3826,0.8767,0.2920,-0.3823,0.9980,420,41.294842,0.3059,-1.0001
BiancaGolden_CircleTurns,-169.2783,-99.0534,199.8001,4.6187,-16.7774,28.0123,0.8731,0.2885,-0.3931,0.9980,421,41.322437,0.3072,-0.9905
BiancaGolden_CircleTurns,-169.4388,-98.1496,200.3241,5.0649,-17.6949,27.9051,0.8697,0.3015,-0.3907,0.9980,421,41.350342,0.3056,-0.9815
BiancaGolden_CircleTurns,-169.8761,-97.3526,200.4807,5.3872,-17.9313,28.0441,0.8725,0.3023,-0.3839,0.9980,422,41.377827,0.3012,-0.9735
BiancaGolden_CircleTurns,-170.3139,-96.4599,200.6767,5.1837,-17.4751,27.9853,0.8789,0.3106,-0.3620,0.9980,422,41.406002,0.2969,-0.9646
BiancaGolden_CircleTurns,-170.7944,-95.4831,201.0204,4.7477,-16.5585,27.7427,0.8839,0.3098,-0.3503,0.9980,423,41.434067,0.2921,-0.9548
BiancaGolden_CircleTurns,-171.5374,-94.5726,200.8528,4.8239,-15.9115,27.5544,0.8853,0.3012,-0.3544,0.9980,423,41.461758,0.2846,-0.9457
BiancaGolden_CircleTurns,-172.3992,-93.6478,200.2460,5.1595,-15.1859,27.3234,0.8852,0.2970,-0.3581,0.9980,424,41.489414,0.2760,-0.9365
BiancaGolden_CircleTurns,-172.9582,-92.4536,199.7280,5.7442,-14.8548,27.0630,0.8939,0.2908,-0.3411,0.9980,424,41.520218,0.2704,-0.9245
BiancaGolden_CircleTurns,-173.0866,-90.7388,200.7372,6.0472,-13.4731,26.5502,0.8990,0.2811,-0.3358,0.9980,425,41.545803,0.2691,-0.9074
BiancaGolden_CircleTurns,-173.8961,-89.5326,199.9466,6.5985,-13.2315,25.9442,0.8918,0.2669,-0.3653,0.9980,425,41.572529,0.2610,-0.8953
BiancaGolden_CircleTurns,-174.6521,-88.2061,199.4496,7.3944,-13.9304,25.3755,0.8912,0.2559,-0.3745,0.9980,426,41.600513,0.2535,-0.8821
BiancaGolden_CircleTurns,-175.3788,-86.6838,199.2493,7.1141,-14.1326,24.6312,0.8947,0.2427,-0.3751,0.9980,426,41.628258,0.2462,-0.8668
BiancaGolden_CircleTurns,-176.2109,-85.2524,198.5233,6.5294,-13.6716,23.7872,0.9144,0.2140,-0.3435,0.9980,427,41.656212,0.2379,-0.8525
BiancaGolden_CircleTurns,-177.0883,-83.7365,197.7468,5.8732,-12.6117,23.0144,0.9331,0.2061,-0.2946,0.9980,427,41.684589,0.2291,-0.8374
BiancaGolden_CircleTurns,-178.1239,-82.1889,196.9707,4.9834,-11.9151,22.1671,0.9269,0.1986,-0.3183,0.9980,428,41.712307,0.2188,-0.8219
BiancaGolden_CircleTurns,-178.6884,-80.4127,197.1868,4.2918,-12.9558,21.1295,0.9326,0.1848,-0.3101,0.9980,428,41.740311,0.2131,-0.8041
BiancaGolden_CircleTurns,-179.5567,-78.5430,197.7477,3.0409,-11.8609,19.7763,0.9271,0.1761,-0.3310,0.9980,429,41.768135,0.2044,-0.7854
BiancaGolden_CircleTurns,-180.7012,-77.3509,196.6754,4.1682,-13.3027,19.5177,0.9198,0.1693,-0.3541,0.9980,429,41.796204,0.1930,-0.7735
BiancaGolden_CircleTurns,-181.6823,-75.9729,197.5496,5.3836,-14.7126,19.1695,0.9172,0.1696,-0.3607,0.9980,430,41.824017,0.1832,-0.7597
BiancaGolden_CircleTurns,-182.5713,-74.6747,198.3774,4.6211,-15.1496,18.3423,0.9289,0.1619,-0.3332,0.9980,430,41.851974,0.1743,-0.7467
BiancaGolden_CircleTurns,-183.3917,-73.6375,198.7718,4.5251,-14.6636,17.5804,0.9380,0.1512,-0.3120,0.9980,431,41.879551,0.1661,-0.7364
BiancaGolden_CircleTurns,-183.9860,-72.4541,199.6775,4.0448,-13.5820,16.8501,0.9407,0.1465,-0.3058,0.9980,431,41.907936,0.1601,-0.7245
BiancaGolden_CircleTurns,-184.6571,-71.4267,200.1318,3.4070,-13.1371,16.3156,0.9418,0.1438,-0.3040,0.9980,432,41.935055,0.1534,-0.7143
BiancaGolden_CircleTurns,-185.2287,-70.4349,200.4736,3.0724,-13.2140,15.7159,0.9371,0.1356,-0.3217,0.9980,432,41.962742,0.1477,-0.7043
BiancaGolden_CircleTurns,-185.6598,-69.4614,200.8153,2.8304,-13.5417,14.8993,0.9374,0.1235,-0.3256,0.9980,0,41.990562,0.1434,-0.6946
BiancaGolden_CircleTurns,-185.9093,-68.5075,201.1371,2.8614,-13.7285,14.0933,0.9378,0.1191,-0.3262,0.9980,0,42.018597,0.1409,-0.6851
BiancaGolden_CircleTurns,-185.9803,-67.5533,201.4826,2.9170,-13.6792,13.3068,0.9388,0.1110,-0.3261,0.9980,0,42.046005,0.1402,-0.6755
BiancaGolden_CircleTurns,-186.0171,-66.6800,201.5701,2.9583,-13.6125,12.6296,0.9372,0.1096,-0.3311,0.9980,1,42.074017,0.1398,-0.6668
BiancaGolden_CircleTurns,-185.9488,-65.8255,201.5938,2.8765,-13.8437,11.9690,0.9333,0.1090,-0.3420,0.9980,1,42.102665,0.1405,-0.6583
BiancaGolden_CircleTurns,-185.7647,-64.9934,201.6027,2.7373,-14.1598,11.3278,0.9320,0.1037,-0.3472,0.9980,2,42.130222,0.1424,-0.6499
BiancaGolden_CircleTurns,-185.4701,-64.2256,201.5113,2.7458,-14.3861,10.7538,0.9324,0.1019,-0.3467,0.9980,2,42.158783,0.1453,-0.6423
BiancaGolden_CircleTurns,-185.0395,-63.5128,201.3140,2.8048,-14.4836,10.1983,0.9322,0.0976,-0.3484,0.9980,3,42.186020,0.1496,-0.6351
BiancaGolden_CircleTurns,-184.5952,-62.8173,200.9907,2.7704,-14.5682,9.7235,0.9317,0.0966,-0.3501,0.9980,3,42.214508,0.1540,-0.6282
BiancaGolden_CircleTurns,-184.0817,-62.1720,200.4884,2.7142,-14.6178,9.3980,0.9341,0.0996,-0.3428,0.9980,4,42.241913,0.1592,-0.6217
BiancaGolden_CircleTurns,-183.5715,-61.5706,199.9721,2.6566,-14.6331,9.1801,0.9325,0.1061,-0.3452,0.9980,4,42.269798,0.1643,-0.6157
BiancaGolden_CircleTurns,-183.0695,-61.0377,199.3725,2.5133,-14.5519,9.1162,0.9328,0.1072,-0.3441,0.9980,5,42.297523,0.1693,-0.6104
BiancaGolden_CircleTurns,-182.5489,-60.5232,198.9163,2.3072,-14.4766,9.1602,0.9280,0.1221,-0.3520,0.9980,5,42.325340,0.1745,-0.6052
BiancaGolden_CircleTurns,-181.7596,-59.9782,199.1143,2.1191,-14.9950,9.4268,0.8901,0.2564,-0.3768,0.9980,6,42.353172,0.1824,-0.5998
BiancaGolden_CircleTurns,-180.9808,-59.4440,199.4091,1.7357,-14.4516,9.7801,0.8718,0.2981,-0.3887,0.9980,6,42.384167,0.1902,-0.5944
BiancaGolden_CircleTurns,-180.6062,-59.0474,198.9230,1.7239,-14.8990,10.2300,0.8630,0.3010,-0.4057,0.9980,7,42.409367,0.1939,-0.5905
BiancaGolden_CircleTurns,-180.2066,-58.5963,199.4559,1.3064,-16.0369,10.4417,0.8614,0.2983,-0.4110,0.9980,7,42.437229,0.1979,-0.5860
BiancaGolden_CircleTurns,-179.7726,-58.1262,199.9622,0.7719,-16.5778,10.6665,0.8672,0.3008,-0.3968,0.9980,8,42.464481,0.2023,-0.5813
BiancaGolden_CircleTurns,-179.2928,-57.6363,200.4309,0.5292,-15.9280,11.0470,0.8752,0.3094,-0.3720,0.9980,8,42.491856,0.2071,-0.5764
BiancaGolden_CircleTurns,-178.8657,-57.0902,200.8598,0.3011,-14.5774,11.5134,0.8774,0.3149,-0.3619,0.9980,9,42.520439,0.2113,-0.5709
BiancaGolden_CircleTurns,-178.6239,-56.5839,200.9749,0.3333,-13.9193,12.0725,0.8729,0.3188,-0.3694,0.9980,9,42.547836,0.2138,-0.5658
BiancaGolden_CircleTurns,-178.4615,-56.0753,201.0636,0.6418,-14.0757,12.6480,0.8781,0.3508,-0.3254,0.9980,10,42.575390,0.2154,-0.5608
BiancaGolden_CircleTurns,-178.2235,-55.5157,201.3410,0.7469,-14.2973,13.2199,0.8917,0.3635,-0.2698,0.9980,10,42.603600,0.2178,-0.5552
BiancaGolden_CircleTurns,-177.9558,-54.9460,201.4710,0.6585,-13.9490,13.7792,0.8936,0.3641,-0.2624,0.9980,11,42.631519,0.2204,-0.5495
BiancaGolden_CircleTurns,-177.6560,-54.3286,201.6937,0.4871,-13.5171,14.2868,0.8926,0.3575,-0.2746,0.9980,11,42.659603,0.2234,-0.5433
BiancaGolden_CircleTurns,-177.4493,-53.7242,201.8209,0.3367,-13.4357,14.6159,0.8960,0.3419,-0.2833,0.9980,12,42.687336,0.2255,-0.5372
BiancaGolden_CircleTurns,-177.2999,-53.1387,201.8314,0.4846,-13.8070,14.7112,0.8949,0.3402,-0.2886,0.9980,12,42.715538,0.2270,-0.5314
BiancaGolden_CircleTurns,-177.0941,-52.5021,201.9535,0.7899,-13.9996,14.7123,0.9010,0.3228,-0.2899,0.9980,13,42.743134,0.2291,-0.5250
BiancaGolden_CircleTurns,-176.8737,-51.8268,202.0450,0.8421,-13.8370,14.6060,0.9040,0.3174,-0.2864,0.9980,13,42.770752,0.2313,-0.5183
BiancaGolden_CircleTurns,-176.6343,-51.1230,202.0832,0.8207,-13.5167,14.4773,0.9073,0.3154,-0.2783,0.9980,14,42.798603,0.2337,-0.5112
BiancaGolden_CircleTurns,-176.4048,-50.3846,202.0081,0.6679,-13.0443,14.2994,0.9105,0.3054,-0.2788,0.9980,14,42.826561,0.2360,-0.5038
BiancaGolden_CircleTurns,-176.2298,-49.6017,201.7805,0.4555,-12.6688,14.0780,0.9138,0.2942,-0.2801,0.9980,15,42.854488,0.2377,-0.4960
BiancaGolden_CircleTurns,-176.1235,-48.7967,201.3902,0.2942,-12.6217,13.9402,0.9114,0.2922,-0.2898,0.9980,15,42.882843,0.2388,-0.4880
BiancaGolden_CircleTurns,-176.0749,-47.9258,200.9944,-0.0366,-12.8648,13.8318,0.9074,0.2942,-0.3002,0.9980,16,42.909939,0.2393,-0.4793
BiancaGolden_CircleTurns,-176.1075,-47.0124,200.4918,-0.4262,-13.1315,13.7446,0.9098,0.2847,-0.3021,0.9980,16,42.938057,0.2389,-0.4701
BiancaGolden_CircleTurns,-176.0902,-46.0264,200.1627,-0.6173,-13.1629,13.6214,0.9128,0.2800,-0.2974,0.9980,17,42.966114,0.2391,-0.4603
BiancaGolden_CircleTurns,-176.0615,-44.9788,199.9157,-0.9594,-12.8992,13.3547,0.9145,0.2724,-0.2991,0.9980,17,42.994495,0.2394,-0.4498
BiancaGolden_CircleTurns,-175.8365,-43.8938,200.1331,-1.1409,-12.8788,13.1789,0.9185,0.2651,-0.2935,0.9980,18,43.021282,0.2416,-0.4389
BiancaGolden_CircleTurns,-175.7464,-42.7448,200.3428,-1.7338,-12.5115,12.9458,0.9168,0.2671,-0.2969,0.9980,18,43.049358,0.2425,-0.4274
BiancaGolden_CircleTurns,-175.8160,-41.7539,200.2025,-1.4889,-12.8061,13.1097,0.9126,0.2664,-0.3101,0.9980,19,43.076488,0.2418,-0.4175
BiancaGolden_CircleTurns,-175.8202,-40.8384,200.4829,-1.1503,-13.2456,13.3099,0.9119,0.2624,-0.3156,0.9980,19,43.104778,0.2418,-0.4084
BiancaGolden_CircleTurns,-175.8522,-39.9757,200.7241,-1.3044,-13.4301,13.2872,0.9144,0.2566,-0.3130,0.9980,20,43.132626,0.2415,-0.3998
BiancaGolden_CircleTurns,-175.8664,-39.1950,200.9446,-1.2680,-13.1889,13.0610,0.9202,0.2374,-0.3113,0.9980,20,43.161465,0.2413,-0.3920
BiancaGolden_CircleTurns,-175.8656,-38.4549,201.1377,-1.0376,-12.5713,12.7909,0.9249,0.2343,-0.2996,0.9980,21,43.188164,0.2413,-0.3845
BiancaGolden_CircleTurns,-175.8593,-37.7742,201.3224,-0.9487,-12.0422,12.5585,0.9264,0.2301,-0.2980,0.9980,21,43.218845,0.2414,-0.3777
BiancaGolden_CircleTurns,-175.9058,-37.1677,201.4078,-0.9345,-11.9439,12.3585,0.9249,0.2169,-0.3122,0.9980,22,43.245052,0.2409,-0.3717
BiancaGolden_CircleTurns,-175.9639,-36.6092,201.4006,-0.9477,-12.1408,12.1513,0.9212,0.2189,-0.3218,0.9980,22,43.271568,0.2404,-0.3661
BiancaGolden_CircleTurns,-175.9347,-36.0670,201.5047,-1.0194,-12.2019,11.8873,0.9229,0.2147,-0.3196,0.9980,23,43.299339,0.2407,-0.3607
BiancaGolden_CircleTurns,-175.9274,-35.5348,201.5293,-1.0521,-12.0719,11.6567,0.9218,0.2183,-0.3205,0.9980,23,43.327164,0.2407,-0.3553
BiancaGolden_CircleTurns,-175.9293,-35.0170,201.5096,-1.2000,-12.1051,11.4572,0.9246,0.2073,-0.3196,0.9980,24,43.355240,0.2407,-0.3502
BiancaGolden_CircleTurns,-175.9204,-34.5349,201.5154,-1.2890,-12.1826,11.2531,0.9254,0.2042,-0.3193,0.9980,24,43.383595,0.2408,-0.3453
BiancaGolden_CircleTurns,-175.8946,-34.0537,201.5507,-1.3736,-12.1659,11.0518,0.9230,0.2040,-0.3264,0.9980,25,43.411095,0.2411,-0.3405
BiancaGolden_CircleTurns,-175.8409,-33.5822,201.5811,-1.5326,-12.1058,10.8533,0.9216,0.2096,-0.3268,0.9980,25,43.438835,0.2416,-0.3358
BiancaGolden_CircleTurns,-175.7882,-33.1376,201.6175,-1.5010,-12.1468,10.6958,0.9220,0.2054,-0.3282,0.9980,26,43.466667,0.2421,-0.3314
BiancaGolden_CircleTurns,-175.7031,-32.7228,201.6569,-1.2616,-12.2400,10.5886,0.9231,0.2032,-0.3265,0.9980,26,43.494801,0.2430,-0.3272
BiancaGolden_CircleTurns,-175.6021,-32.3089,201.7138,-0.9373,-12.1707,10.4714,0.9243,0.2008,-0.3246,0.9980,27,43.522491,0.2440,-0.3231
BiancaGolden_CircleTurns,-175.4587,-31.9130,201.7801,-0.6813,-11.9919,10.3036,0.9251,0.1985,-0.3236,0.9980,27,43.550667,0.2454,-0.3191
BiancaGolden_CircleTurns,-175.3076,-31.5453,201.8082,-0.4200,-11.8857,10.1920,0.9229,0.1998,-0.3290,0.9980,28,43.578037,0.2469,-0.3155
BiancaGolden_CircleTurns,-175.1445,-31.2118,201.8175,-0.2007,-11.9221,10.1453,0.9247,0.1989,-0.3248,0.9980,28,43.606247,0.2486,-0.3121
BiancaGolden_CircleTurns,-174.9596,-30.9047,201.8381,-0.0905,-11.9744,10.0741,0.9231,0.1986,-0.3292,0.9980,29,43.633945,0.2504,-0.3090
BiancaGolden_CircleTurns,-174.7673,-30.6121,201.8125,0.0267,-11.9987,10.0795,0.9234,0.1947,-0.3309,0.9980,29,43.662403,0.2523,-0.3061
BiancaGolden_CircleTurns,-174.5788,-30.3374,201.7830,0.1494,-12.0624,10.0578,0.9228,0.1907,-0.3347,0.9980,30,43.689812,0.2542,-0.3034
BiancaGolden_CircleTurns,-174.3826,-30.0919,201.7598,0.2736,-12.0982,10.0149,0.9219,0.1909,-0.3372,0.9980,30,43.717712,0.2562,-0.3009
BiancaGolden_CircleTurns,-174.1746,-29.8792,201.7533,0.4172,-12.1209,9.8925,0.9214,0.1902,-0.3388,0.9980,31,43.745399,0.2583,-0.2988
BiancaGolden_CircleTurns,-173.9797,-29.7084,201.7090,0.4985,-12.1165,9.6962,0.9249,0.1841,-0.3328,0.9980,31,43.773373,0.2602,-0.2971
BiancaGolden_CircleTurns,-173.7589,-29.5619,201.7644,0.6494,-11.9349,9.3757,0.9297,0.1776,-0.3228,0.9980,32,43.800957,0.2624,-0.2956
BiancaGolden_CircleTurns,-173.5405,-29.4326,201.8676,0.8408,-11.5193,9.0518,0.9339,0.1591,-0.3203,0.9980,32,43.829006,0.2646,-0.2943
BiancaGolden_CircleTurns,-173.4155,-29.3432,201.9188,1.1841,-11.4199,8.7733,0.8623,0.2372,-0.4474,0.9980,33,43.856369,0.2658,-0.2934
BiancaGolden_CircleTurns,-173.3078,-29.3419,201.8469,1.7119,-11.8073,8.5320,0.8608,0.2297,-0.4541,0.9980,33,43.884651,0.2669,-0.2934
BiancaGolden_CircleTurns,-173.1207,-29.3808,201.9143,2.1890,-11.9751,8.2228,0.8743,0.2115,-0.4369,0.9980,34,43.912079,0.2688,-0.2938
BiancaGolden_CircleTurns,-172.9494,-29.4672,201.9087,2.5703,-12.1051,7.8643,0.8586,0.2510,-0.4470,0.9980,34,43.940178,0.2705,-0.2947
BiancaGolden_CircleTurns,-172.8184,-29.6467,201.8088,2.8857,-12.6924,7.5143,0.8453,0.2683,-0.4620,0.9980,35,43.968178,0.2718,-0.2965
BiancaGolden_CircleTurns,-172.6925,-29.8704,201.6824,2.7879,-13.3864,7.0919,0.8560,0.2478,-0.4538,0.9980,35,43.996075,0.2731,-0.2987
BiancaGolden_CircleTurns,-172.6478,-30.1288,201.5378,2.2802,-14.3469,6.5401,0.8868,0.1888,-0.4218,0.9980,36,44.023636,0.2735,-0.3013
BiancaGolden_CircleTurns,-172.6622,-30.3823,201.4100,1.5833,-15.3123,5.8477,0.8865,0.1707,-0.4302,0.9980,36,44.054333,0.2734,-0.3038
BiancaGolden_CircleTurns,-172.6229,-30.6065,201.3445,1.0343,-15.8864,5.1762,0.8635,0.1742,-0.4733,0.9980,37,44.079865,0.2738,-0.3061
BiancaGolden_CircleTurns,-172.5547,-30.7449,201.3539,0.6502,-15.9615,4.6530,0.8940,0.1207,-0.4314,0.9980,37,44.107048,0.2745,-0.3074
BiancaGolden_CircleTurns,-172.5055,-30.8732,201.2895,0.5458,-16.0103,4.1448,0.9130,0.1141,-0.3917,0.9980,38,44.135078,0.2749,-0.3087
BiancaGolden_CircleTurns,-172.4606,-30.9929,201.2844,0.9020,-16.1066,3.6639,0.9229,0.1345,-0.3607,0.9980,38,44.162769,0.2754,-0.3099
BiancaGolden_CircleTurns,-172.3082,-30.9828,201.4377,0.9541,-15.4946,3.3930,0.9313,0.1524,-0.3308,0.9980,39,44.190121,0.2769,-0.3098
BiancaGolden_CircleTurns,-172.2086,-31.0006,201.6263,1.1845,-14.4389,3.3504,0.9350,0.1520,-0.3204,0.9980,39,44.218266,0.2779,-0.3100
BiancaGolden_CircleTurns,-172.1704,-30.9946,201.6776,1.6107,-13.7634,3.3009,0.9306,0.1563,-0.3309,0.9980,40,44.246422,0.2783,-0.3099
BiancaGolden_CircleTurns,-172.1887,-30.9631,201.6311,1.8673,-13.9204,3.3187,0.9228,0.1640,-0.3486,0.9980,40,44.274197,0.2781,-0.3096
BiancaGolden_CircleTurns,-172.1504,-30.9170,201.6631,1.9494,-14.1388,3.4109,0.9163,0.1603,-0.3669,0.9980,41,44.301956,0.2785,-0.3092
BiancaGolden_CircleTurns,-172.1387,-30.8044,201.6173,1.8931,-14.6143,3.4974,0.9093,0.1623,-0.3831,0.9980,41,44.330338,0.2786,-0.3080
BiancaGolden_CircleTurns,-172.0835,-30.7290,201.5155,2.1222,-15.2404,3.6968,0.9073,0.1593,-0.3892,0.9980,42,44.357761,0.2792,-0.3073
BiancaGolden_CircleTurns,-171.9510,-30.6019,201.5200,2.3214,-15.4443,3.8280,0.9102,0.1621,-0.3812,0.9980,42,44.385490,0.2805,-0.3060
BiancaGolden_CircleTurns,-171.8048,-30.4991,201.5735,2.5975,-15.1320,4.0160,0.9147,0.1573,-0.3723,0.9980,43,44.414249,0.2820,-0.3050
BiancaGolden_CircleTurns,-171.6514,-30.3515,201.6007,2.9921,-14.7076,4.2194,0.9171,0.1590,-0.3656,0.9980,43,44.441570,0.2835,-0.3035
